statistics_code;statistics_label;time_code;time_label;time;1_variable_code;1_variable_label;1_variable_attribute_code;1_variable_attribute_label;2_variable_code;2_variable_label;2_variable_attribute_code;2_variable_attribute_label;3_variable_code;3_variable_label;3_variable_attribute_code;3_variable_attribute_label;4_variable_code;4_variable_label;4_variable_attribute_code;4_variable_attribute_label;value;value_unit;value_variable_code;value_variable_label
41141;Landwirtschaftszählung: Haupterhebung;JAHR;Jahr;2010;DLAND;Bundesländer;03;Niedersachsen;BNZAT4;Bodennutzungsarten;BNZAT-2;Landwirtschaftlich genutzte Fläche;RECF01;Rechtsformen;RECHTSF121;Personengemeinschaften, -gesellschaften;FLCG05;Größenklassen der LF;FLCHD010UM;1000 und mehr ha;5476;ha;FLC044;Gepachtete Fläche
41141;Landwirtschaftszählung: Haupterhebung;JAHR;Jahr;2010;DLAND;Bundesländer;03;Niedersachsen;BNZAT4;Bodennutzungsarten;BNZAT-2;Landwirtschaftlich genutzte Fläche;RECF01;Rechtsformen;RECHTSF121;Personengemeinschaften, -gesellschaften;FLCG05;Größenklassen der LF;FLCHD010UM;1000 und mehr ha;-;ha;FLC059;LF in Betrieben mit gepachteten Flächen
41141;Landwirtschaftszählung: Haupterhebung;JAHR;Jahr;2010;DLAND;Bundesländer;03;Niedersachsen;BNZAT4;Bodennutzungsarten;BNZAT-2;Landwirtschaftlich genutzte Fläche;RECF01;Rechtsformen;RECHTSF121;Personengemeinschaften, -gesellschaften;FLCG05;Größenklassen der LF;FLCHD010UM;1000 und mehr ha;-;Anzahl;BTR024;Landwirtschaftl. Betriebe mit gepachteten Flächen
41141;Landwirtschaftszählung: Haupterhebung;JAHR;Jahr;2010;DLAND;Bundesländer;03;Niedersachsen;BNZAT4;Bodennutzungsarten;BNZAT-2;Landwirtschaftlich genutzte Fläche;RECF01;Rechtsformen;RECHTSF121;Personengemeinschaften, -gesellschaften;FLCG05;Größenklassen der LF;FLCHD010UM;1000 und mehr ha;500;EUR;ETG009;Pachtentgelt je ha
41141;Landwirtschaftszählung: Haupterhebung;JAHR;Jahr;2013;DLAND;Bundesländer;03;Niedersachsen;BNZAT4;Bodennutzungsarten;BNZAT-2;Landwirtschaftlich genutzte Fläche;RECF01;Rechtsformen;RECHTSF11;Einzelunternehmen;FLCG05;Größenklassen der LF;FLCHB010B020;10 bis unter 20 ha;24200;ha;FLC044;Gepachtete Fläche
41141;Landwirtschaftszählung: Haupterhebung;JAHR;Jahr;2013;DLAND;Bundesländer;03;Niedersachsen;BNZAT4;Bodennutzungsarten;BNZAT-2;Landwirtschaftlich genutzte Fläche;RECF01;Rechtsformen;RECHTSF11;Einzelunternehmen;FLCG05;Größenklassen der LF;FLCHB010B020;10 bis unter 20 ha;-;ha;FLC059;LF in Betrieben mit gepachteten Flächen
41141;Landwirtschaftszählung: Haupterhebung;JAHR;Jahr;2013;DLAND;Bundesländer;03;Niedersachsen;BNZAT4;Bodennutzungsarten;BNZAT-2;Landwirtschaftlich genutzte Fläche;RECF01;Rechtsformen;RECHTSF11;Einzelunternehmen;FLCG05;Größenklassen der LF;FLCHB010B020;10 bis unter 20 ha;-;Anzahl;BTR024;Landwirtschaftl. Betriebe mit gepachteten Flächen
41141;Landwirtschaftszählung: Haupterhebung;JAHR;Jahr;2013;DLAND;Bundesländer;03;Niedersachsen;BNZAT4;Bodennutzungsarten;BNZAT-2;Landwirtschaftlich genutzte Fläche;RECF01;Rechtsformen;RECHTSF11;Einzelunternehmen;FLCG05;Größenklassen der LF;FLCHB010B020;10 bis unter 20 ha;309;EUR;ETG009;Pachtentgelt je ha
41141;Landwirtschaftszählung: Haupterhebung;JAHR;Jahr;2010;DLAND;Bundesländer;03;Niedersachsen;BNZAT4;Bodennutzungsarten;BNZAT-2;Landwirtschaftlich genutzte Fläche;RECF01;Rechtsformen;RECHTSF15;Juristische Personen;FLCG05;Größenklassen der LF;FLCHB010B020;10 bis unter 20 ha;225;ha;FLC044;Gepachtete Fläche
41141;Landwirtschaftszählung: Haupterhebung;JAHR;Jahr;2010;DLAND;Bundesländer;03;Niedersachsen;BNZAT4;Bodennutzungsarten;BNZAT-2;Landwirtschaftlich genutzte Fläche;RECF01;Rechtsformen;RECHTSF15;Juristische Personen;FLCG05;Größenklassen der LF;FLCHB010B020;10 bis unter 20 ha;-;ha;FLC059;LF in Betrieben mit gepachteten Flächen
41141;Landwirtschaftszählung: Haupterhebung;JAHR;Jahr;2010;DLAND;Bundesländer;03;Niedersachsen;BNZAT4;Bodennutzungsarten;BNZAT-2;Landwirtschaftlich genutzte Fläche;RECF01;Rechtsformen;RECHTSF15;Juristische Personen;FLCG05;Größenklassen der LF;FLCHB010B020;10 bis unter 20 ha;-;Anzahl;BTR024;Landwirtschaftl. Betriebe mit gepachteten Flächen
41141;Landwirtschaftszählung: Haupterhebung;JAHR;Jahr;2010;DLAND;Bundesländer;03;Niedersachsen;BNZAT4;Bodennutzungsarten;BNZAT-2;Landwirtschaftlich genutzte Fläche;RECF01;Rechtsformen;RECHTSF15;Juristische Personen;FLCG05;Größenklassen der LF;FLCHB010B020;10 bis unter 20 ha;306;EUR;ETG009;Pachtentgelt je ha
41141;Landwirtschaftszählung: Haupterhebung;JAHR;Jahr;2013;DLAND;Bundesländer;03;Niedersachsen;BNZAT4;Bodennutzungsarten;BNZAT-2;Landwirtschaftlich genutzte Fläche;RECF01;Rechtsformen;RECHTSF111;Einzelunternehmen, Haupterwerb;FLCG05;Größenklassen der LF;FLCHD010UM;1000 und mehr ha;5300;ha;FLC044;Gepachtete Fläche
41141;Landwirtschaftszählung: Haupterhebung;JAHR;Jahr;2013;DLAND;Bundesländer;03;Niedersachsen;BNZAT4;Bodennutzungsarten;BNZAT-2;Landwirtschaftlich genutzte Fläche;RECF01;Rechtsformen;RECHTSF111;Einzelunternehmen, Haupterwerb;FLCG05;Größenklassen der LF;FLCHD010UM;1000 und mehr ha;-;ha;FLC059;LF in Betrieben mit gepachteten Flächen
41141;Landwirtschaftszählung: Haupterhebung;JAHR;Jahr;2013;DLAND;Bundesländer;03;Niedersachsen;BNZAT4;Bodennutzungsarten;BNZAT-2;Landwirtschaftlich genutzte Fläche;RECF01;Rechtsformen;RECHTSF111;Einzelunternehmen, Haupterwerb;FLCG05;Größenklassen der LF;FLCHD010UM;1000 und mehr ha;-;Anzahl;BTR024;Landwirtschaftl. Betriebe mit gepachteten Flächen
41141;Landwirtschaftszählung: Haupterhebung;JAHR;Jahr;2013;DLAND;Bundesländer;03;Niedersachsen;BNZAT4;Bodennutzungsarten;BNZAT-2;Landwirtschaftlich genutzte Fläche;RECF01;Rechtsformen;RECHTSF111;Einzelunternehmen, Haupterwerb;FLCG05;Größenklassen der LF;FLCHD010UM;1000 und mehr ha;418;EUR;ETG009;Pachtentgelt je ha
41141;Landwirtschaftszählung: Haupterhebung;JAHR;Jahr;2023;DLAND;Bundesländer;03;Niedersachsen;BNZAT4;Bodennutzungsarten;BNZAT-2;Landwirtschaftlich genutzte Fläche;RECF01;Rechtsformen;RECHTSF15;Juristische Personen;FLCG05;Größenklassen der LF;FLCHB050B100;50 bis unter 100 ha;.;ha;FLC044;Gepachtete Fläche
41141;Landwirtschaftszählung: Haupterhebung;JAHR;Jahr;2023;DLAND;Bundesländer;03;Niedersachsen;BNZAT4;Bodennutzungsarten;BNZAT-2;Landwirtschaftlich genutzte Fläche;RECF01;Rechtsformen;RECHTSF15;Juristische Personen;FLCG05;Größenklassen der LF;FLCHB050B100;50 bis unter 100 ha;.;ha;FLC059;LF in Betrieben mit gepachteten Flächen
41141;Landwirtschaftszählung: Haupterhebung;JAHR;Jahr;2023;DLAND;Bundesländer;03;Niedersachsen;BNZAT4;Bodennutzungsarten;BNZAT-2;Landwirtschaftlich genutzte Fläche;RECF01;Rechtsformen;RECHTSF15;Juristische Personen;FLCG05;Größenklassen der LF;FLCHB050B100;50 bis unter 100 ha;.;Anzahl;BTR024;Landwirtschaftl. Betriebe mit gepachteten Flächen
41141;Landwirtschaftszählung: Haupterhebung;JAHR;Jahr;2023;DLAND;Bundesländer;03;Niedersachsen;BNZAT4;Bodennutzungsarten;BNZAT-2;Landwirtschaftlich genutzte Fläche;RECF01;Rechtsformen;RECHTSF15;Juristische Personen;FLCG05;Größenklassen der LF;FLCHB050B100;50 bis unter 100 ha;.;EUR;ETG009;Pachtentgelt je ha
41141;Landwirtschaftszählung: Haupterhebung;JAHR;Jahr;2016;DLAND;Bundesländer;03;Niedersachsen;BNZAT4;Bodennutzungsarten;BNZAT-2;Landwirtschaftlich genutzte Fläche;RECF01;Rechtsformen;RECHTSF112;Einzelunternehmen, Nebenerwerb;FLCG05;Größenklassen der LF;FLCHB050B100;50 bis unter 100 ha;38900;ha;FLC044;Gepachtete Fläche
41141;Landwirtschaftszählung: Haupterhebung;JAHR;Jahr;2016;DLAND;Bundesländer;03;Niedersachsen;BNZAT4;Bodennutzungsarten;BNZAT-2;Landwirtschaftlich genutzte Fläche;RECF01;Rechtsformen;RECHTSF112;Einzelunternehmen, Nebenerwerb;FLCG05;Größenklassen der LF;FLCHB050B100;50 bis unter 100 ha;-;ha;FLC059;LF in Betrieben mit gepachteten Flächen
41141;Landwirtschaftszählung: Haupterhebung;JAHR;Jahr;2016;DLAND;Bundesländer;03;Niedersachsen;BNZAT4;Bodennutzungsarten;BNZAT-2;Landwirtschaftlich genutzte Fläche;RECF01;Rechtsformen;RECHTSF112;Einzelunternehmen, Nebenerwerb;FLCG05;Größenklassen der LF;FLCHB050B100;50 bis unter 100 ha;-;Anzahl;BTR024;Landwirtschaftl. Betriebe mit gepachteten Flächen
41141;Landwirtschaftszählung: Haupterhebung;JAHR;Jahr;2016;DLAND;Bundesländer;03;Niedersachsen;BNZAT4;Bodennutzungsarten;BNZAT-2;Landwirtschaftlich genutzte Fläche;RECF01;Rechtsformen;RECHTSF112;Einzelunternehmen, Nebenerwerb;FLCG05;Größenklassen der LF;FLCHB050B100;50 bis unter 100 ha;385;EUR;ETG009;Pachtentgelt je ha
41141;Landwirtschaftszählung: Haupterhebung;JAHR;Jahr;2010;DLAND;Bundesländer;03;Niedersachsen;BNZAT4;Bodennutzungsarten;BNZAT-2;Landwirtschaftlich genutzte Fläche;RECF01;Rechtsformen;RECHTSF111;Einzelunternehmen, Haupterwerb;FLCG05;Größenklassen der LF;FLCHA000B050;unter 5 ha;188;ha;FLC044;Gepachtete Fläche
41141;Landwirtschaftszählung: Haupterhebung;JAHR;Jahr;2010;DLAND;Bundesländer;03;Niedersachsen;BNZAT4;Bodennutzungsarten;BNZAT-2;Landwirtschaftlich genutzte Fläche;RECF01;Rechtsformen;RECHTSF111;Einzelunternehmen, Haupterwerb;FLCG05;Größenklassen der LF;FLCHA000B050;unter 5 ha;-;ha;FLC059;LF in Betrieben mit gepachteten Flächen
41141;Landwirtschaftszählung: Haupterhebung;JAHR;Jahr;2010;DLAND;Bundesländer;03;Niedersachsen;BNZAT4;Bodennutzungsarten;BNZAT-2;Landwirtschaftlich genutzte Fläche;RECF01;Rechtsformen;RECHTSF111;Einzelunternehmen, Haupterwerb;FLCG05;Größenklassen der LF;FLCHA000B050;unter 5 ha;-;Anzahl;BTR024;Landwirtschaftl. Betriebe mit gepachteten Flächen
41141;Landwirtschaftszählung: Haupterhebung;JAHR;Jahr;2010;DLAND;Bundesländer;03;Niedersachsen;BNZAT4;Bodennutzungsarten;BNZAT-2;Landwirtschaftlich genutzte Fläche;RECF01;Rechtsformen;RECHTSF111;Einzelunternehmen, Haupterwerb;FLCG05;Größenklassen der LF;FLCHA000B050;unter 5 ha;434;EUR;ETG009;Pachtentgelt je ha
41141;Landwirtschaftszählung: Haupterhebung;JAHR;Jahr;2016;DLAND;Bundesländer;03;Niedersachsen;BNZAT4;Bodennutzungsarten;BNZAT-2;Landwirtschaftlich genutzte Fläche;RECF01;Rechtsformen;RECHTSF111;Einzelunternehmen, Haupterwerb;FLCG05;Größenklassen der LF;FLCHB020B050;20 bis unter 50 ha;47200;ha;FLC044;Gepachtete Fläche
41141;Landwirtschaftszählung: Haupterhebung;JAHR;Jahr;2016;DLAND;Bundesländer;03;Niedersachsen;BNZAT4;Bodennutzungsarten;BNZAT-2;Landwirtschaftlich genutzte Fläche;RECF01;Rechtsformen;RECHTSF111;Einzelunternehmen, Haupterwerb;FLCG05;Größenklassen der LF;FLCHB020B050;20 bis unter 50 ha;-;ha;FLC059;LF in Betrieben mit gepachteten Flächen
41141;Landwirtschaftszählung: Haupterhebung;JAHR;Jahr;2016;DLAND;Bundesländer;03;Niedersachsen;BNZAT4;Bodennutzungsarten;BNZAT-2;Landwirtschaftlich genutzte Fläche;RECF01;Rechtsformen;RECHTSF111;Einzelunternehmen, Haupterwerb;FLCG05;Größenklassen der LF;FLCHB020B050;20 bis unter 50 ha;-;Anzahl;BTR024;Landwirtschaftl. Betriebe mit gepachteten Flächen
41141;Landwirtschaftszählung: Haupterhebung;JAHR;Jahr;2016;DLAND;Bundesländer;03;Niedersachsen;BNZAT4;Bodennutzungsarten;BNZAT-2;Landwirtschaftlich genutzte Fläche;RECF01;Rechtsformen;RECHTSF111;Einzelunternehmen, Haupterwerb;FLCG05;Größenklassen der LF;FLCHB020B050;20 bis unter 50 ha;461;EUR;ETG009;Pachtentgelt je ha
41141;Landwirtschaftszählung: Haupterhebung;JAHR;Jahr;2023;DLAND;Bundesländer;03;Niedersachsen;BNZAT4;Bodennutzungsarten;BNZAT-2;Landwirtschaftlich genutzte Fläche;RECF01;Rechtsformen;RECHTSF111;Einzelunternehmen, Haupterwerb;FLCG05;Größenklassen der LF;FLCHA000B050;unter 5 ha;.;ha;FLC044;Gepachtete Fläche
41141;Landwirtschaftszählung: Haupterhebung;JAHR;Jahr;2023;DLAND;Bundesländer;03;Niedersachsen;BNZAT4;Bodennutzungsarten;BNZAT-2;Landwirtschaftlich genutzte Fläche;RECF01;Rechtsformen;RECHTSF111;Einzelunternehmen, Haupterwerb;FLCG05;Größenklassen der LF;FLCHA000B050;unter 5 ha;.;ha;FLC059;LF in Betrieben mit gepachteten Flächen
41141;Landwirtschaftszählung: Haupterhebung;JAHR;Jahr;2023;DLAND;Bundesländer;03;Niedersachsen;BNZAT4;Bodennutzungsarten;BNZAT-2;Landwirtschaftlich genutzte Fläche;RECF01;Rechtsformen;RECHTSF111;Einzelunternehmen, Haupterwerb;FLCG05;Größenklassen der LF;FLCHA000B050;unter 5 ha;.;Anzahl;BTR024;Landwirtschaftl. Betriebe mit gepachteten Flächen
41141;Landwirtschaftszählung: Haupterhebung;JAHR;Jahr;2023;DLAND;Bundesländer;03;Niedersachsen;BNZAT4;Bodennutzungsarten;BNZAT-2;Landwirtschaftlich genutzte Fläche;RECF01;Rechtsformen;RECHTSF111;Einzelunternehmen, Haupterwerb;FLCG05;Größenklassen der LF;FLCHA000B050;unter 5 ha;.;EUR;ETG009;Pachtentgelt je ha
41141;Landwirtschaftszählung: Haupterhebung;JAHR;Jahr;2013;DLAND;Bundesländer;03;Niedersachsen;BNZAT4;Bodennutzungsarten;BNZAT-2;Landwirtschaftlich genutzte Fläche;RECF01;Rechtsformen;RECHTSF112;Einzelunternehmen, Nebenerwerb;FLCG05;Größenklassen der LF;FLCHA000B050;unter 5 ha;700;ha;FLC044;Gepachtete Fläche
41141;Landwirtschaftszählung: Haupterhebung;JAHR;Jahr;2013;DLAND;Bundesländer;03;Niedersachsen;BNZAT4;Bodennutzungsarten;BNZAT-2;Landwirtschaftlich genutzte Fläche;RECF01;Rechtsformen;RECHTSF112;Einzelunternehmen, Nebenerwerb;FLCG05;Größenklassen der LF;FLCHA000B050;unter 5 ha;-;ha;FLC059;LF in Betrieben mit gepachteten Flächen
41141;Landwirtschaftszählung: Haupterhebung;JAHR;Jahr;2013;DLAND;Bundesländer;03;Niedersachsen;BNZAT4;Bodennutzungsarten;BNZAT-2;Landwirtschaftlich genutzte Fläche;RECF01;Rechtsformen;RECHTSF112;Einzelunternehmen, Nebenerwerb;FLCG05;Größenklassen der LF;FLCHA000B050;unter 5 ha;-;Anzahl;BTR024;Landwirtschaftl. Betriebe mit gepachteten Flächen
41141;Landwirtschaftszählung: Haupterhebung;JAHR;Jahr;2013;DLAND;Bundesländer;03;Niedersachsen;BNZAT4;Bodennutzungsarten;BNZAT-2;Landwirtschaftlich genutzte Fläche;RECF01;Rechtsformen;RECHTSF112;Einzelunternehmen, Nebenerwerb;FLCG05;Größenklassen der LF;FLCHA000B050;unter 5 ha;340;EUR;ETG009;Pachtentgelt je ha
41141;Landwirtschaftszählung: Haupterhebung;JAHR;Jahr;2023;DLAND;Bundesländer;03;Niedersachsen;BNZAT4;Bodennutzungsarten;BNZAT-2;Landwirtschaftlich genutzte Fläche;RECF01;Rechtsformen;RECHTSF112;Einzelunternehmen, Nebenerwerb;FLCG05;Größenklassen der LF;FLCHA050B100;5 bis unter 10 ha;.;ha;FLC044;Gepachtete Fläche
41141;Landwirtschaftszählung: Haupterhebung;JAHR;Jahr;2023;DLAND;Bundesländer;03;Niedersachsen;BNZAT4;Bodennutzungsarten;BNZAT-2;Landwirtschaftlich genutzte Fläche;RECF01;Rechtsformen;RECHTSF112;Einzelunternehmen, Nebenerwerb;FLCG05;Größenklassen der LF;FLCHA050B100;5 bis unter 10 ha;.;ha;FLC059;LF in Betrieben mit gepachteten Flächen
41141;Landwirtschaftszählung: Haupterhebung;JAHR;Jahr;2023;DLAND;Bundesländer;03;Niedersachsen;BNZAT4;Bodennutzungsarten;BNZAT-2;Landwirtschaftlich genutzte Fläche;RECF01;Rechtsformen;RECHTSF112;Einzelunternehmen, Nebenerwerb;FLCG05;Größenklassen der LF;FLCHA050B100;5 bis unter 10 ha;.;Anzahl;BTR024;Landwirtschaftl. Betriebe mit gepachteten Flächen
41141;Landwirtschaftszählung: Haupterhebung;JAHR;Jahr;2023;DLAND;Bundesländer;03;Niedersachsen;BNZAT4;Bodennutzungsarten;BNZAT-2;Landwirtschaftlich genutzte Fläche;RECF01;Rechtsformen;RECHTSF112;Einzelunternehmen, Nebenerwerb;FLCG05;Größenklassen der LF;FLCHA050B100;5 bis unter 10 ha;.;EUR;ETG009;Pachtentgelt je ha
41141;Landwirtschaftszählung: Haupterhebung;JAHR;Jahr;2010;DLAND;Bundesländer;03;Niedersachsen;BNZAT4;Bodennutzungsarten;BNZAT-2;Landwirtschaftlich genutzte Fläche;RECF01;Rechtsformen;RECHTSF112;Einzelunternehmen, Nebenerwerb;FLCG05;Größenklassen der LF;FLCHA050B100;5 bis unter 10 ha;6923;ha;FLC044;Gepachtete Fläche
41141;Landwirtschaftszählung: Haupterhebung;JAHR;Jahr;2010;DLAND;Bundesländer;03;Niedersachsen;BNZAT4;Bodennutzungsarten;BNZAT-2;Landwirtschaftlich genutzte Fläche;RECF01;Rechtsformen;RECHTSF112;Einzelunternehmen, Nebenerwerb;FLCG05;Größenklassen der LF;FLCHA050B100;5 bis unter 10 ha;-;ha;FLC059;LF in Betrieben mit gepachteten Flächen
41141;Landwirtschaftszählung: Haupterhebung;JAHR;Jahr;2010;DLAND;Bundesländer;03;Niedersachsen;BNZAT4;Bodennutzungsarten;BNZAT-2;Landwirtschaftlich genutzte Fläche;RECF01;Rechtsformen;RECHTSF112;Einzelunternehmen, Nebenerwerb;FLCG05;Größenklassen der LF;FLCHA050B100;5 bis unter 10 ha;-;Anzahl;BTR024;Landwirtschaftl. Betriebe mit gepachteten Flächen
41141;Landwirtschaftszählung: Haupterhebung;JAHR;Jahr;2010;DLAND;Bundesländer;03;Niedersachsen;BNZAT4;Bodennutzungsarten;BNZAT-2;Landwirtschaftlich genutzte Fläche;RECF01;Rechtsformen;RECHTSF112;Einzelunternehmen, Nebenerwerb;FLCG05;Größenklassen der LF;FLCHA050B100;5 bis unter 10 ha;225;EUR;ETG009;Pachtentgelt je ha
41141;Landwirtschaftszählung: Haupterhebung;JAHR;Jahr;2020;DLAND;Bundesländer;03;Niedersachsen;BNZAT4;Bodennutzungsarten;BNZAT-2;Landwirtschaftlich genutzte Fläche;RECF01;Rechtsformen;RECHTSF111;Einzelunternehmen, Haupterwerb;FLCG05;Größenklassen der LF;FLCHA050B100;5 bis unter 10 ha;1811;ha;FLC044;Gepachtete Fläche
41141;Landwirtschaftszählung: Haupterhebung;JAHR;Jahr;2020;DLAND;Bundesländer;03;Niedersachsen;BNZAT4;Bodennutzungsarten;BNZAT-2;Landwirtschaftlich genutzte Fläche;RECF01;Rechtsformen;RECHTSF111;Einzelunternehmen, Haupterwerb;FLCG05;Größenklassen der LF;FLCHA050B100;5 bis unter 10 ha;3057;ha;FLC059;LF in Betrieben mit gepachteten Flächen
41141;Landwirtschaftszählung: Haupterhebung;JAHR;Jahr;2020;DLAND;Bundesländer;03;Niedersachsen;BNZAT4;Bodennutzungsarten;BNZAT-2;Landwirtschaftlich genutzte Fläche;RECF01;Rechtsformen;RECHTSF111;Einzelunternehmen, Haupterwerb;FLCG05;Größenklassen der LF;FLCHA050B100;5 bis unter 10 ha;409;Anzahl;BTR024;Landwirtschaftl. Betriebe mit gepachteten Flächen
41141;Landwirtschaftszählung: Haupterhebung;JAHR;Jahr;2020;DLAND;Bundesländer;03;Niedersachsen;BNZAT4;Bodennutzungsarten;BNZAT-2;Landwirtschaftlich genutzte Fläche;RECF01;Rechtsformen;RECHTSF111;Einzelunternehmen, Haupterwerb;FLCG05;Größenklassen der LF;FLCHA050B100;5 bis unter 10 ha;432;EUR;ETG009;Pachtentgelt je ha
41141;Landwirtschaftszählung: Haupterhebung;JAHR;Jahr;2020;DLAND;Bundesländer;03;Niedersachsen;BNZAT4;Bodennutzungsarten;BNZAT-2;Landwirtschaftlich genutzte Fläche;RECF01;Rechtsformen;RECHTSF121;Personengemeinschaften, -gesellschaften;FLCG05;Größenklassen der LF;FLCHA000B050;unter 5 ha;.;ha;FLC044;Gepachtete Fläche
41141;Landwirtschaftszählung: Haupterhebung;JAHR;Jahr;2020;DLAND;Bundesländer;03;Niedersachsen;BNZAT4;Bodennutzungsarten;BNZAT-2;Landwirtschaftlich genutzte Fläche;RECF01;Rechtsformen;RECHTSF121;Personengemeinschaften, -gesellschaften;FLCG05;Größenklassen der LF;FLCHA000B050;unter 5 ha;.;ha;FLC059;LF in Betrieben mit gepachteten Flächen
41141;Landwirtschaftszählung: Haupterhebung;JAHR;Jahr;2020;DLAND;Bundesländer;03;Niedersachsen;BNZAT4;Bodennutzungsarten;BNZAT-2;Landwirtschaftlich genutzte Fläche;RECF01;Rechtsformen;RECHTSF121;Personengemeinschaften, -gesellschaften;FLCG05;Größenklassen der LF;FLCHA000B050;unter 5 ha;32;Anzahl;BTR024;Landwirtschaftl. Betriebe mit gepachteten Flächen
41141;Landwirtschaftszählung: Haupterhebung;JAHR;Jahr;2020;DLAND;Bundesländer;03;Niedersachsen;BNZAT4;Bodennutzungsarten;BNZAT-2;Landwirtschaftlich genutzte Fläche;RECF01;Rechtsformen;RECHTSF121;Personengemeinschaften, -gesellschaften;FLCG05;Größenklassen der LF;FLCHA000B050;unter 5 ha;.;EUR;ETG009;Pachtentgelt je ha
41141;Landwirtschaftszählung: Haupterhebung;JAHR;Jahr;2013;DLAND;Bundesländer;03;Niedersachsen;BNZAT4;Bodennutzungsarten;BNZAT-2;Landwirtschaftlich genutzte Fläche;RECF01;Rechtsformen;RECHTSF11;Einzelunternehmen;FLCG05;Größenklassen der LF;FLCHB020B050;20 bis unter 50 ha;91200;ha;FLC044;Gepachtete Fläche
41141;Landwirtschaftszählung: Haupterhebung;JAHR;Jahr;2013;DLAND;Bundesländer;03;Niedersachsen;BNZAT4;Bodennutzungsarten;BNZAT-2;Landwirtschaftlich genutzte Fläche;RECF01;Rechtsformen;RECHTSF11;Einzelunternehmen;FLCG05;Größenklassen der LF;FLCHB020B050;20 bis unter 50 ha;-;ha;FLC059;LF in Betrieben mit gepachteten Flächen
41141;Landwirtschaftszählung: Haupterhebung;JAHR;Jahr;2013;DLAND;Bundesländer;03;Niedersachsen;BNZAT4;Bodennutzungsarten;BNZAT-2;Landwirtschaftlich genutzte Fläche;RECF01;Rechtsformen;RECHTSF11;Einzelunternehmen;FLCG05;Größenklassen der LF;FLCHB020B050;20 bis unter 50 ha;-;Anzahl;BTR024;Landwirtschaftl. Betriebe mit gepachteten Flächen
41141;Landwirtschaftszählung: Haupterhebung;JAHR;Jahr;2013;DLAND;Bundesländer;03;Niedersachsen;BNZAT4;Bodennutzungsarten;BNZAT-2;Landwirtschaftlich genutzte Fläche;RECF01;Rechtsformen;RECHTSF11;Einzelunternehmen;FLCG05;Größenklassen der LF;FLCHB020B050;20 bis unter 50 ha;356;EUR;ETG009;Pachtentgelt je ha
41141;Landwirtschaftszählung: Haupterhebung;JAHR;Jahr;2010;DLAND;Bundesländer;03;Niedersachsen;BNZAT4;Bodennutzungsarten;BNZAT-2;Landwirtschaftlich genutzte Fläche;RECF01;Rechtsformen;RECHTSF121;Personengemeinschaften, -gesellschaften;FLCG05;Größenklassen der LF;;Insgesamt;192194;ha;FLC044;Gepachtete Fläche
41141;Landwirtschaftszählung: Haupterhebung;JAHR;Jahr;2010;DLAND;Bundesländer;03;Niedersachsen;BNZAT4;Bodennutzungsarten;BNZAT-2;Landwirtschaftlich genutzte Fläche;RECF01;Rechtsformen;RECHTSF121;Personengemeinschaften, -gesellschaften;FLCG05;Größenklassen der LF;;Insgesamt;-;ha;FLC059;LF in Betrieben mit gepachteten Flächen
41141;Landwirtschaftszählung: Haupterhebung;JAHR;Jahr;2010;DLAND;Bundesländer;03;Niedersachsen;BNZAT4;Bodennutzungsarten;BNZAT-2;Landwirtschaftlich genutzte Fläche;RECF01;Rechtsformen;RECHTSF121;Personengemeinschaften, -gesellschaften;FLCG05;Größenklassen der LF;;Insgesamt;-;Anzahl;BTR024;Landwirtschaftl. Betriebe mit gepachteten Flächen
41141;Landwirtschaftszählung: Haupterhebung;JAHR;Jahr;2010;DLAND;Bundesländer;03;Niedersachsen;BNZAT4;Bodennutzungsarten;BNZAT-2;Landwirtschaftlich genutzte Fläche;RECF01;Rechtsformen;RECHTSF121;Personengemeinschaften, -gesellschaften;FLCG05;Größenklassen der LF;;Insgesamt;312;EUR;ETG009;Pachtentgelt je ha
41141;Landwirtschaftszählung: Haupterhebung;JAHR;Jahr;2023;DLAND;Bundesländer;03;Niedersachsen;BNZAT4;Bodennutzungsarten;BNZAT-2;Landwirtschaftlich genutzte Fläche;RECF01;Rechtsformen;RECHTSF15;Juristische Personen;FLCG05;Größenklassen der LF;FLCHC010B020;100 bis unter 200 ha;.;ha;FLC044;Gepachtete Fläche
41141;Landwirtschaftszählung: Haupterhebung;JAHR;Jahr;2023;DLAND;Bundesländer;03;Niedersachsen;BNZAT4;Bodennutzungsarten;BNZAT-2;Landwirtschaftlich genutzte Fläche;RECF01;Rechtsformen;RECHTSF15;Juristische Personen;FLCG05;Größenklassen der LF;FLCHC010B020;100 bis unter 200 ha;.;ha;FLC059;LF in Betrieben mit gepachteten Flächen
41141;Landwirtschaftszählung: Haupterhebung;JAHR;Jahr;2023;DLAND;Bundesländer;03;Niedersachsen;BNZAT4;Bodennutzungsarten;BNZAT-2;Landwirtschaftlich genutzte Fläche;RECF01;Rechtsformen;RECHTSF15;Juristische Personen;FLCG05;Größenklassen der LF;FLCHC010B020;100 bis unter 200 ha;.;Anzahl;BTR024;Landwirtschaftl. Betriebe mit gepachteten Flächen
41141;Landwirtschaftszählung: Haupterhebung;JAHR;Jahr;2023;DLAND;Bundesländer;03;Niedersachsen;BNZAT4;Bodennutzungsarten;BNZAT-2;Landwirtschaftlich genutzte Fläche;RECF01;Rechtsformen;RECHTSF15;Juristische Personen;FLCG05;Größenklassen der LF;FLCHC010B020;100 bis unter 200 ha;.;EUR;ETG009;Pachtentgelt je ha
41141;Landwirtschaftszählung: Haupterhebung;JAHR;Jahr;2020;DLAND;Bundesländer;03;Niedersachsen;BNZAT4;Bodennutzungsarten;BNZAT-2;Landwirtschaftlich genutzte Fläche;RECF01;Rechtsformen;RECHTSF121;Personengemeinschaften, -gesellschaften;FLCG05;Größenklassen der LF;FLCHC050B100;500 bis unter 1000 ha;37440;ha;FLC044;Gepachtete Fläche
41141;Landwirtschaftszählung: Haupterhebung;JAHR;Jahr;2020;DLAND;Bundesländer;03;Niedersachsen;BNZAT4;Bodennutzungsarten;BNZAT-2;Landwirtschaftlich genutzte Fläche;RECF01;Rechtsformen;RECHTSF121;Personengemeinschaften, -gesellschaften;FLCG05;Größenklassen der LF;FLCHC050B100;500 bis unter 1000 ha;63391;ha;FLC059;LF in Betrieben mit gepachteten Flächen
41141;Landwirtschaftszählung: Haupterhebung;JAHR;Jahr;2020;DLAND;Bundesländer;03;Niedersachsen;BNZAT4;Bodennutzungsarten;BNZAT-2;Landwirtschaftlich genutzte Fläche;RECF01;Rechtsformen;RECHTSF121;Personengemeinschaften, -gesellschaften;FLCG05;Größenklassen der LF;FLCHC050B100;500 bis unter 1000 ha;96;Anzahl;BTR024;Landwirtschaftl. Betriebe mit gepachteten Flächen
41141;Landwirtschaftszählung: Haupterhebung;JAHR;Jahr;2020;DLAND;Bundesländer;03;Niedersachsen;BNZAT4;Bodennutzungsarten;BNZAT-2;Landwirtschaftlich genutzte Fläche;RECF01;Rechtsformen;RECHTSF121;Personengemeinschaften, -gesellschaften;FLCG05;Größenklassen der LF;FLCHC050B100;500 bis unter 1000 ha;500;EUR;ETG009;Pachtentgelt je ha
41141;Landwirtschaftszählung: Haupterhebung;JAHR;Jahr;2013;DLAND;Bundesländer;03;Niedersachsen;BNZAT4;Bodennutzungsarten;BNZAT-2;Landwirtschaftlich genutzte Fläche;RECF01;Rechtsformen;RECHTSF15;Juristische Personen;FLCG05;Größenklassen der LF;FLCHB020B050;20 bis unter 50 ha;300;ha;FLC044;Gepachtete Fläche
41141;Landwirtschaftszählung: Haupterhebung;JAHR;Jahr;2013;DLAND;Bundesländer;03;Niedersachsen;BNZAT4;Bodennutzungsarten;BNZAT-2;Landwirtschaftlich genutzte Fläche;RECF01;Rechtsformen;RECHTSF15;Juristische Personen;FLCG05;Größenklassen der LF;FLCHB020B050;20 bis unter 50 ha;-;ha;FLC059;LF in Betrieben mit gepachteten Flächen
41141;Landwirtschaftszählung: Haupterhebung;JAHR;Jahr;2013;DLAND;Bundesländer;03;Niedersachsen;BNZAT4;Bodennutzungsarten;BNZAT-2;Landwirtschaftlich genutzte Fläche;RECF01;Rechtsformen;RECHTSF15;Juristische Personen;FLCG05;Größenklassen der LF;FLCHB020B050;20 bis unter 50 ha;-;Anzahl;BTR024;Landwirtschaftl. Betriebe mit gepachteten Flächen
41141;Landwirtschaftszählung: Haupterhebung;JAHR;Jahr;2013;DLAND;Bundesländer;03;Niedersachsen;BNZAT4;Bodennutzungsarten;BNZAT-2;Landwirtschaftlich genutzte Fläche;RECF01;Rechtsformen;RECHTSF15;Juristische Personen;FLCG05;Größenklassen der LF;FLCHB020B050;20 bis unter 50 ha;423;EUR;ETG009;Pachtentgelt je ha
41141;Landwirtschaftszählung: Haupterhebung;JAHR;Jahr;2016;DLAND;Bundesländer;03;Niedersachsen;BNZAT4;Bodennutzungsarten;BNZAT-2;Landwirtschaftlich genutzte Fläche;RECF01;Rechtsformen;RECHTSF121;Personengemeinschaften, -gesellschaften;FLCG05;Größenklassen der LF;FLCHC050B100;500 bis unter 1000 ha;28400;ha;FLC044;Gepachtete Fläche
41141;Landwirtschaftszählung: Haupterhebung;JAHR;Jahr;2016;DLAND;Bundesländer;03;Niedersachsen;BNZAT4;Bodennutzungsarten;BNZAT-2;Landwirtschaftlich genutzte Fläche;RECF01;Rechtsformen;RECHTSF121;Personengemeinschaften, -gesellschaften;FLCG05;Größenklassen der LF;FLCHC050B100;500 bis unter 1000 ha;-;ha;FLC059;LF in Betrieben mit gepachteten Flächen
41141;Landwirtschaftszählung: Haupterhebung;JAHR;Jahr;2016;DLAND;Bundesländer;03;Niedersachsen;BNZAT4;Bodennutzungsarten;BNZAT-2;Landwirtschaftlich genutzte Fläche;RECF01;Rechtsformen;RECHTSF121;Personengemeinschaften, -gesellschaften;FLCG05;Größenklassen der LF;FLCHC050B100;500 bis unter 1000 ha;-;Anzahl;BTR024;Landwirtschaftl. Betriebe mit gepachteten Flächen
41141;Landwirtschaftszählung: Haupterhebung;JAHR;Jahr;2016;DLAND;Bundesländer;03;Niedersachsen;BNZAT4;Bodennutzungsarten;BNZAT-2;Landwirtschaftlich genutzte Fläche;RECF01;Rechtsformen;RECHTSF121;Personengemeinschaften, -gesellschaften;FLCG05;Größenklassen der LF;FLCHC050B100;500 bis unter 1000 ha;456;EUR;ETG009;Pachtentgelt je ha
41141;Landwirtschaftszählung: Haupterhebung;JAHR;Jahr;2016;DLAND;Bundesländer;03;Niedersachsen;BNZAT4;Bodennutzungsarten;BNZAT-2;Landwirtschaftlich genutzte Fläche;RECF01;Rechtsformen;RECHTSF112;Einzelunternehmen, Nebenerwerb;FLCG05;Größenklassen der LF;FLCHC010B020;100 bis unter 200 ha;38200;ha;FLC044;Gepachtete Fläche
41141;Landwirtschaftszählung: Haupterhebung;JAHR;Jahr;2016;DLAND;Bundesländer;03;Niedersachsen;BNZAT4;Bodennutzungsarten;BNZAT-2;Landwirtschaftlich genutzte Fläche;RECF01;Rechtsformen;RECHTSF112;Einzelunternehmen, Nebenerwerb;FLCG05;Größenklassen der LF;FLCHC010B020;100 bis unter 200 ha;-;ha;FLC059;LF in Betrieben mit gepachteten Flächen
41141;Landwirtschaftszählung: Haupterhebung;JAHR;Jahr;2016;DLAND;Bundesländer;03;Niedersachsen;BNZAT4;Bodennutzungsarten;BNZAT-2;Landwirtschaftlich genutzte Fläche;RECF01;Rechtsformen;RECHTSF112;Einzelunternehmen, Nebenerwerb;FLCG05;Größenklassen der LF;FLCHC010B020;100 bis unter 200 ha;-;Anzahl;BTR024;Landwirtschaftl. Betriebe mit gepachteten Flächen
41141;Landwirtschaftszählung: Haupterhebung;JAHR;Jahr;2016;DLAND;Bundesländer;03;Niedersachsen;BNZAT4;Bodennutzungsarten;BNZAT-2;Landwirtschaftlich genutzte Fläche;RECF01;Rechtsformen;RECHTSF112;Einzelunternehmen, Nebenerwerb;FLCG05;Größenklassen der LF;FLCHC010B020;100 bis unter 200 ha;438;EUR;ETG009;Pachtentgelt je ha
41141;Landwirtschaftszählung: Haupterhebung;JAHR;Jahr;2016;DLAND;Bundesländer;03;Niedersachsen;BNZAT4;Bodennutzungsarten;BNZAT-2;Landwirtschaftlich genutzte Fläche;RECF01;Rechtsformen;RECHTSF11;Einzelunternehmen;FLCG05;Größenklassen der LF;FLCHB020B050;20 bis unter 50 ha;79200;ha;FLC044;Gepachtete Fläche
41141;Landwirtschaftszählung: Haupterhebung;JAHR;Jahr;2016;DLAND;Bundesländer;03;Niedersachsen;BNZAT4;Bodennutzungsarten;BNZAT-2;Landwirtschaftlich genutzte Fläche;RECF01;Rechtsformen;RECHTSF11;Einzelunternehmen;FLCG05;Größenklassen der LF;FLCHB020B050;20 bis unter 50 ha;-;ha;FLC059;LF in Betrieben mit gepachteten Flächen
41141;Landwirtschaftszählung: Haupterhebung;JAHR;Jahr;2016;DLAND;Bundesländer;03;Niedersachsen;BNZAT4;Bodennutzungsarten;BNZAT-2;Landwirtschaftlich genutzte Fläche;RECF01;Rechtsformen;RECHTSF11;Einzelunternehmen;FLCG05;Größenklassen der LF;FLCHB020B050;20 bis unter 50 ha;-;Anzahl;BTR024;Landwirtschaftl. Betriebe mit gepachteten Flächen
41141;Landwirtschaftszählung: Haupterhebung;JAHR;Jahr;2016;DLAND;Bundesländer;03;Niedersachsen;BNZAT4;Bodennutzungsarten;BNZAT-2;Landwirtschaftlich genutzte Fläche;RECF01;Rechtsformen;RECHTSF11;Einzelunternehmen;FLCG05;Größenklassen der LF;FLCHB020B050;20 bis unter 50 ha;422;EUR;ETG009;Pachtentgelt je ha
41141;Landwirtschaftszählung: Haupterhebung;JAHR;Jahr;2016;DLAND;Bundesländer;03;Niedersachsen;BNZAT4;Bodennutzungsarten;BNZAT-2;Landwirtschaftlich genutzte Fläche;RECF01;Rechtsformen;RECHTSF112;Einzelunternehmen, Nebenerwerb;FLCG05;Größenklassen der LF;FLCHD010UM;1000 und mehr ha;100;ha;FLC044;Gepachtete Fläche
41141;Landwirtschaftszählung: Haupterhebung;JAHR;Jahr;2016;DLAND;Bundesländer;03;Niedersachsen;BNZAT4;Bodennutzungsarten;BNZAT-2;Landwirtschaftlich genutzte Fläche;RECF01;Rechtsformen;RECHTSF112;Einzelunternehmen, Nebenerwerb;FLCG05;Größenklassen der LF;FLCHD010UM;1000 und mehr ha;-;ha;FLC059;LF in Betrieben mit gepachteten Flächen
41141;Landwirtschaftszählung: Haupterhebung;JAHR;Jahr;2016;DLAND;Bundesländer;03;Niedersachsen;BNZAT4;Bodennutzungsarten;BNZAT-2;Landwirtschaftlich genutzte Fläche;RECF01;Rechtsformen;RECHTSF112;Einzelunternehmen, Nebenerwerb;FLCG05;Größenklassen der LF;FLCHD010UM;1000 und mehr ha;-;Anzahl;BTR024;Landwirtschaftl. Betriebe mit gepachteten Flächen
41141;Landwirtschaftszählung: Haupterhebung;JAHR;Jahr;2016;DLAND;Bundesländer;03;Niedersachsen;BNZAT4;Bodennutzungsarten;BNZAT-2;Landwirtschaftlich genutzte Fläche;RECF01;Rechtsformen;RECHTSF112;Einzelunternehmen, Nebenerwerb;FLCG05;Größenklassen der LF;FLCHD010UM;1000 und mehr ha;325;EUR;ETG009;Pachtentgelt je ha
41141;Landwirtschaftszählung: Haupterhebung;JAHR;Jahr;2010;DLAND;Bundesländer;03;Niedersachsen;BNZAT4;Bodennutzungsarten;BNZAT-2;Landwirtschaftlich genutzte Fläche;RECF01;Rechtsformen;;Insgesamt;FLCG05;Größenklassen der LF;FLCHC050B100;500 bis unter 1000 ha;29643;ha;FLC044;Gepachtete Fläche
41141;Landwirtschaftszählung: Haupterhebung;JAHR;Jahr;2010;DLAND;Bundesländer;03;Niedersachsen;BNZAT4;Bodennutzungsarten;BNZAT-2;Landwirtschaftlich genutzte Fläche;RECF01;Rechtsformen;;Insgesamt;FLCG05;Größenklassen der LF;FLCHC050B100;500 bis unter 1000 ha;-;ha;FLC059;LF in Betrieben mit gepachteten Flächen
41141;Landwirtschaftszählung: Haupterhebung;JAHR;Jahr;2010;DLAND;Bundesländer;03;Niedersachsen;BNZAT4;Bodennutzungsarten;BNZAT-2;Landwirtschaftlich genutzte Fläche;RECF01;Rechtsformen;;Insgesamt;FLCG05;Größenklassen der LF;FLCHC050B100;500 bis unter 1000 ha;-;Anzahl;BTR024;Landwirtschaftl. Betriebe mit gepachteten Flächen
41141;Landwirtschaftszählung: Haupterhebung;JAHR;Jahr;2010;DLAND;Bundesländer;03;Niedersachsen;BNZAT4;Bodennutzungsarten;BNZAT-2;Landwirtschaftlich genutzte Fläche;RECF01;Rechtsformen;;Insgesamt;FLCG05;Größenklassen der LF;FLCHC050B100;500 bis unter 1000 ha;330;EUR;ETG009;Pachtentgelt je ha
41141;Landwirtschaftszählung: Haupterhebung;JAHR;Jahr;2016;DLAND;Bundesländer;03;Niedersachsen;BNZAT4;Bodennutzungsarten;BNZAT-2;Landwirtschaftlich genutzte Fläche;RECF01;Rechtsformen;;Insgesamt;FLCG05;Größenklassen der LF;FLCHA050B100;5 bis unter 10 ha;8400;ha;FLC044;Gepachtete Fläche
41141;Landwirtschaftszählung: Haupterhebung;JAHR;Jahr;2016;DLAND;Bundesländer;03;Niedersachsen;BNZAT4;Bodennutzungsarten;BNZAT-2;Landwirtschaftlich genutzte Fläche;RECF01;Rechtsformen;;Insgesamt;FLCG05;Größenklassen der LF;FLCHA050B100;5 bis unter 10 ha;-;ha;FLC059;LF in Betrieben mit gepachteten Flächen
41141;Landwirtschaftszählung: Haupterhebung;JAHR;Jahr;2016;DLAND;Bundesländer;03;Niedersachsen;BNZAT4;Bodennutzungsarten;BNZAT-2;Landwirtschaftlich genutzte Fläche;RECF01;Rechtsformen;;Insgesamt;FLCG05;Größenklassen der LF;FLCHA050B100;5 bis unter 10 ha;-;Anzahl;BTR024;Landwirtschaftl. Betriebe mit gepachteten Flächen
41141;Landwirtschaftszählung: Haupterhebung;JAHR;Jahr;2016;DLAND;Bundesländer;03;Niedersachsen;BNZAT4;Bodennutzungsarten;BNZAT-2;Landwirtschaftlich genutzte Fläche;RECF01;Rechtsformen;;Insgesamt;FLCG05;Größenklassen der LF;FLCHA050B100;5 bis unter 10 ha;306;EUR;ETG009;Pachtentgelt je ha
41141;Landwirtschaftszählung: Haupterhebung;JAHR;Jahr;2010;DLAND;Bundesländer;03;Niedersachsen;BNZAT4;Bodennutzungsarten;BNZAT-2;Landwirtschaftlich genutzte Fläche;RECF01;Rechtsformen;RECHTSF15;Juristische Personen;FLCG05;Größenklassen der LF;FLCHB020B050;20 bis unter 50 ha;462;ha;FLC044;Gepachtete Fläche
41141;Landwirtschaftszählung: Haupterhebung;JAHR;Jahr;2010;DLAND;Bundesländer;03;Niedersachsen;BNZAT4;Bodennutzungsarten;BNZAT-2;Landwirtschaftlich genutzte Fläche;RECF01;Rechtsformen;RECHTSF15;Juristische Personen;FLCG05;Größenklassen der LF;FLCHB020B050;20 bis unter 50 ha;-;ha;FLC059;LF in Betrieben mit gepachteten Flächen
41141;Landwirtschaftszählung: Haupterhebung;JAHR;Jahr;2010;DLAND;Bundesländer;03;Niedersachsen;BNZAT4;Bodennutzungsarten;BNZAT-2;Landwirtschaftlich genutzte Fläche;RECF01;Rechtsformen;RECHTSF15;Juristische Personen;FLCG05;Größenklassen der LF;FLCHB020B050;20 bis unter 50 ha;-;Anzahl;BTR024;Landwirtschaftl. Betriebe mit gepachteten Flächen
41141;Landwirtschaftszählung: Haupterhebung;JAHR;Jahr;2010;DLAND;Bundesländer;03;Niedersachsen;BNZAT4;Bodennutzungsarten;BNZAT-2;Landwirtschaftlich genutzte Fläche;RECF01;Rechtsformen;RECHTSF15;Juristische Personen;FLCG05;Größenklassen der LF;FLCHB020B050;20 bis unter 50 ha;377;EUR;ETG009;Pachtentgelt je ha
41141;Landwirtschaftszählung: Haupterhebung;JAHR;Jahr;2016;DLAND;Bundesländer;03;Niedersachsen;BNZAT4;Bodennutzungsarten;BNZAT-2;Landwirtschaftlich genutzte Fläche;RECF01;Rechtsformen;RECHTSF111;Einzelunternehmen, Haupterwerb;FLCG05;Größenklassen der LF;FLCHB010B020;10 bis unter 20 ha;4700;ha;FLC044;Gepachtete Fläche
41141;Landwirtschaftszählung: Haupterhebung;JAHR;Jahr;2016;DLAND;Bundesländer;03;Niedersachsen;BNZAT4;Bodennutzungsarten;BNZAT-2;Landwirtschaftlich genutzte Fläche;RECF01;Rechtsformen;RECHTSF111;Einzelunternehmen, Haupterwerb;FLCG05;Größenklassen der LF;FLCHB010B020;10 bis unter 20 ha;-;ha;FLC059;LF in Betrieben mit gepachteten Flächen
41141;Landwirtschaftszählung: Haupterhebung;JAHR;Jahr;2016;DLAND;Bundesländer;03;Niedersachsen;BNZAT4;Bodennutzungsarten;BNZAT-2;Landwirtschaftlich genutzte Fläche;RECF01;Rechtsformen;RECHTSF111;Einzelunternehmen, Haupterwerb;FLCG05;Größenklassen der LF;FLCHB010B020;10 bis unter 20 ha;-;Anzahl;BTR024;Landwirtschaftl. Betriebe mit gepachteten Flächen
41141;Landwirtschaftszählung: Haupterhebung;JAHR;Jahr;2016;DLAND;Bundesländer;03;Niedersachsen;BNZAT4;Bodennutzungsarten;BNZAT-2;Landwirtschaftlich genutzte Fläche;RECF01;Rechtsformen;RECHTSF111;Einzelunternehmen, Haupterwerb;FLCG05;Größenklassen der LF;FLCHB010B020;10 bis unter 20 ha;360;EUR;ETG009;Pachtentgelt je ha
41141;Landwirtschaftszählung: Haupterhebung;JAHR;Jahr;2013;DLAND;Bundesländer;03;Niedersachsen;BNZAT4;Bodennutzungsarten;BNZAT-2;Landwirtschaftlich genutzte Fläche;RECF01;Rechtsformen;RECHTSF111;Einzelunternehmen, Haupterwerb;FLCG05;Größenklassen der LF;FLCHB050B100;50 bis unter 100 ha;230500;ha;FLC044;Gepachtete Fläche
41141;Landwirtschaftszählung: Haupterhebung;JAHR;Jahr;2013;DLAND;Bundesländer;03;Niedersachsen;BNZAT4;Bodennutzungsarten;BNZAT-2;Landwirtschaftlich genutzte Fläche;RECF01;Rechtsformen;RECHTSF111;Einzelunternehmen, Haupterwerb;FLCG05;Größenklassen der LF;FLCHB050B100;50 bis unter 100 ha;-;ha;FLC059;LF in Betrieben mit gepachteten Flächen
41141;Landwirtschaftszählung: Haupterhebung;JAHR;Jahr;2013;DLAND;Bundesländer;03;Niedersachsen;BNZAT4;Bodennutzungsarten;BNZAT-2;Landwirtschaftlich genutzte Fläche;RECF01;Rechtsformen;RECHTSF111;Einzelunternehmen, Haupterwerb;FLCG05;Größenklassen der LF;FLCHB050B100;50 bis unter 100 ha;-;Anzahl;BTR024;Landwirtschaftl. Betriebe mit gepachteten Flächen
41141;Landwirtschaftszählung: Haupterhebung;JAHR;Jahr;2013;DLAND;Bundesländer;03;Niedersachsen;BNZAT4;Bodennutzungsarten;BNZAT-2;Landwirtschaftlich genutzte Fläche;RECF01;Rechtsformen;RECHTSF111;Einzelunternehmen, Haupterwerb;FLCG05;Größenklassen der LF;FLCHB050B100;50 bis unter 100 ha;380;EUR;ETG009;Pachtentgelt je ha
41141;Landwirtschaftszählung: Haupterhebung;JAHR;Jahr;2023;DLAND;Bundesländer;03;Niedersachsen;BNZAT4;Bodennutzungsarten;BNZAT-2;Landwirtschaftlich genutzte Fläche;RECF01;Rechtsformen;RECHTSF121;Personengemeinschaften, -gesellschaften;FLCG05;Größenklassen der LF;FLCHB050B100;50 bis unter 100 ha;.;ha;FLC044;Gepachtete Fläche
41141;Landwirtschaftszählung: Haupterhebung;JAHR;Jahr;2023;DLAND;Bundesländer;03;Niedersachsen;BNZAT4;Bodennutzungsarten;BNZAT-2;Landwirtschaftlich genutzte Fläche;RECF01;Rechtsformen;RECHTSF121;Personengemeinschaften, -gesellschaften;FLCG05;Größenklassen der LF;FLCHB050B100;50 bis unter 100 ha;.;ha;FLC059;LF in Betrieben mit gepachteten Flächen
41141;Landwirtschaftszählung: Haupterhebung;JAHR;Jahr;2023;DLAND;Bundesländer;03;Niedersachsen;BNZAT4;Bodennutzungsarten;BNZAT-2;Landwirtschaftlich genutzte Fläche;RECF01;Rechtsformen;RECHTSF121;Personengemeinschaften, -gesellschaften;FLCG05;Größenklassen der LF;FLCHB050B100;50 bis unter 100 ha;.;Anzahl;BTR024;Landwirtschaftl. Betriebe mit gepachteten Flächen
41141;Landwirtschaftszählung: Haupterhebung;JAHR;Jahr;2023;DLAND;Bundesländer;03;Niedersachsen;BNZAT4;Bodennutzungsarten;BNZAT-2;Landwirtschaftlich genutzte Fläche;RECF01;Rechtsformen;RECHTSF121;Personengemeinschaften, -gesellschaften;FLCG05;Größenklassen der LF;FLCHB050B100;50 bis unter 100 ha;.;EUR;ETG009;Pachtentgelt je ha
41141;Landwirtschaftszählung: Haupterhebung;JAHR;Jahr;2023;DLAND;Bundesländer;03;Niedersachsen;BNZAT4;Bodennutzungsarten;BNZAT-2;Landwirtschaftlich genutzte Fläche;RECF01;Rechtsformen;RECHTSF111;Einzelunternehmen, Haupterwerb;FLCG05;Größenklassen der LF;FLCHD010UM;1000 und mehr ha;.;ha;FLC044;Gepachtete Fläche
41141;Landwirtschaftszählung: Haupterhebung;JAHR;Jahr;2023;DLAND;Bundesländer;03;Niedersachsen;BNZAT4;Bodennutzungsarten;BNZAT-2;Landwirtschaftlich genutzte Fläche;RECF01;Rechtsformen;RECHTSF111;Einzelunternehmen, Haupterwerb;FLCG05;Größenklassen der LF;FLCHD010UM;1000 und mehr ha;.;ha;FLC059;LF in Betrieben mit gepachteten Flächen
41141;Landwirtschaftszählung: Haupterhebung;JAHR;Jahr;2023;DLAND;Bundesländer;03;Niedersachsen;BNZAT4;Bodennutzungsarten;BNZAT-2;Landwirtschaftlich genutzte Fläche;RECF01;Rechtsformen;RECHTSF111;Einzelunternehmen, Haupterwerb;FLCG05;Größenklassen der LF;FLCHD010UM;1000 und mehr ha;.;Anzahl;BTR024;Landwirtschaftl. Betriebe mit gepachteten Flächen
41141;Landwirtschaftszählung: Haupterhebung;JAHR;Jahr;2023;DLAND;Bundesländer;03;Niedersachsen;BNZAT4;Bodennutzungsarten;BNZAT-2;Landwirtschaftlich genutzte Fläche;RECF01;Rechtsformen;RECHTSF111;Einzelunternehmen, Haupterwerb;FLCG05;Größenklassen der LF;FLCHD010UM;1000 und mehr ha;.;EUR;ETG009;Pachtentgelt je ha
41141;Landwirtschaftszählung: Haupterhebung;JAHR;Jahr;2013;DLAND;Bundesländer;03;Niedersachsen;BNZAT4;Bodennutzungsarten;BNZAT-2;Landwirtschaftlich genutzte Fläche;RECF01;Rechtsformen;RECHTSF111;Einzelunternehmen, Haupterwerb;FLCG05;Größenklassen der LF;FLCHC010B020;100 bis unter 200 ha;301900;ha;FLC044;Gepachtete Fläche
41141;Landwirtschaftszählung: Haupterhebung;JAHR;Jahr;2013;DLAND;Bundesländer;03;Niedersachsen;BNZAT4;Bodennutzungsarten;BNZAT-2;Landwirtschaftlich genutzte Fläche;RECF01;Rechtsformen;RECHTSF111;Einzelunternehmen, Haupterwerb;FLCG05;Größenklassen der LF;FLCHC010B020;100 bis unter 200 ha;-;ha;FLC059;LF in Betrieben mit gepachteten Flächen
41141;Landwirtschaftszählung: Haupterhebung;JAHR;Jahr;2013;DLAND;Bundesländer;03;Niedersachsen;BNZAT4;Bodennutzungsarten;BNZAT-2;Landwirtschaftlich genutzte Fläche;RECF01;Rechtsformen;RECHTSF111;Einzelunternehmen, Haupterwerb;FLCG05;Größenklassen der LF;FLCHC010B020;100 bis unter 200 ha;-;Anzahl;BTR024;Landwirtschaftl. Betriebe mit gepachteten Flächen
41141;Landwirtschaftszählung: Haupterhebung;JAHR;Jahr;2013;DLAND;Bundesländer;03;Niedersachsen;BNZAT4;Bodennutzungsarten;BNZAT-2;Landwirtschaftlich genutzte Fläche;RECF01;Rechtsformen;RECHTSF111;Einzelunternehmen, Haupterwerb;FLCG05;Größenklassen der LF;FLCHC010B020;100 bis unter 200 ha;366;EUR;ETG009;Pachtentgelt je ha
41141;Landwirtschaftszählung: Haupterhebung;JAHR;Jahr;2023;DLAND;Bundesländer;03;Niedersachsen;BNZAT4;Bodennutzungsarten;BNZAT-2;Landwirtschaftlich genutzte Fläche;RECF01;Rechtsformen;RECHTSF121;Personengemeinschaften, -gesellschaften;FLCG05;Größenklassen der LF;FLCHC010B020;100 bis unter 200 ha;.;ha;FLC044;Gepachtete Fläche
41141;Landwirtschaftszählung: Haupterhebung;JAHR;Jahr;2023;DLAND;Bundesländer;03;Niedersachsen;BNZAT4;Bodennutzungsarten;BNZAT-2;Landwirtschaftlich genutzte Fläche;RECF01;Rechtsformen;RECHTSF121;Personengemeinschaften, -gesellschaften;FLCG05;Größenklassen der LF;FLCHC010B020;100 bis unter 200 ha;.;ha;FLC059;LF in Betrieben mit gepachteten Flächen
41141;Landwirtschaftszählung: Haupterhebung;JAHR;Jahr;2023;DLAND;Bundesländer;03;Niedersachsen;BNZAT4;Bodennutzungsarten;BNZAT-2;Landwirtschaftlich genutzte Fläche;RECF01;Rechtsformen;RECHTSF121;Personengemeinschaften, -gesellschaften;FLCG05;Größenklassen der LF;FLCHC010B020;100 bis unter 200 ha;.;Anzahl;BTR024;Landwirtschaftl. Betriebe mit gepachteten Flächen
41141;Landwirtschaftszählung: Haupterhebung;JAHR;Jahr;2023;DLAND;Bundesländer;03;Niedersachsen;BNZAT4;Bodennutzungsarten;BNZAT-2;Landwirtschaftlich genutzte Fläche;RECF01;Rechtsformen;RECHTSF121;Personengemeinschaften, -gesellschaften;FLCG05;Größenklassen der LF;FLCHC010B020;100 bis unter 200 ha;.;EUR;ETG009;Pachtentgelt je ha
41141;Landwirtschaftszählung: Haupterhebung;JAHR;Jahr;2010;DLAND;Bundesländer;03;Niedersachsen;BNZAT4;Bodennutzungsarten;BNZAT-2;Landwirtschaftlich genutzte Fläche;RECF01;Rechtsformen;;Insgesamt;FLCG05;Größenklassen der LF;FLCHD010UM;1000 und mehr ha;14584;ha;FLC044;Gepachtete Fläche
41141;Landwirtschaftszählung: Haupterhebung;JAHR;Jahr;2010;DLAND;Bundesländer;03;Niedersachsen;BNZAT4;Bodennutzungsarten;BNZAT-2;Landwirtschaftlich genutzte Fläche;RECF01;Rechtsformen;;Insgesamt;FLCG05;Größenklassen der LF;FLCHD010UM;1000 und mehr ha;-;ha;FLC059;LF in Betrieben mit gepachteten Flächen
41141;Landwirtschaftszählung: Haupterhebung;JAHR;Jahr;2010;DLAND;Bundesländer;03;Niedersachsen;BNZAT4;Bodennutzungsarten;BNZAT-2;Landwirtschaftlich genutzte Fläche;RECF01;Rechtsformen;;Insgesamt;FLCG05;Größenklassen der LF;FLCHD010UM;1000 und mehr ha;-;Anzahl;BTR024;Landwirtschaftl. Betriebe mit gepachteten Flächen
41141;Landwirtschaftszählung: Haupterhebung;JAHR;Jahr;2010;DLAND;Bundesländer;03;Niedersachsen;BNZAT4;Bodennutzungsarten;BNZAT-2;Landwirtschaftlich genutzte Fläche;RECF01;Rechtsformen;;Insgesamt;FLCG05;Größenklassen der LF;FLCHD010UM;1000 und mehr ha;330;EUR;ETG009;Pachtentgelt je ha
41141;Landwirtschaftszählung: Haupterhebung;JAHR;Jahr;2013;DLAND;Bundesländer;03;Niedersachsen;BNZAT4;Bodennutzungsarten;BNZAT-2;Landwirtschaftlich genutzte Fläche;RECF01;Rechtsformen;;Insgesamt;FLCG05;Größenklassen der LF;FLCHC050B100;500 bis unter 1000 ha;41900;ha;FLC044;Gepachtete Fläche
41141;Landwirtschaftszählung: Haupterhebung;JAHR;Jahr;2013;DLAND;Bundesländer;03;Niedersachsen;BNZAT4;Bodennutzungsarten;BNZAT-2;Landwirtschaftlich genutzte Fläche;RECF01;Rechtsformen;;Insgesamt;FLCG05;Größenklassen der LF;FLCHC050B100;500 bis unter 1000 ha;-;ha;FLC059;LF in Betrieben mit gepachteten Flächen
41141;Landwirtschaftszählung: Haupterhebung;JAHR;Jahr;2013;DLAND;Bundesländer;03;Niedersachsen;BNZAT4;Bodennutzungsarten;BNZAT-2;Landwirtschaftlich genutzte Fläche;RECF01;Rechtsformen;;Insgesamt;FLCG05;Größenklassen der LF;FLCHC050B100;500 bis unter 1000 ha;-;Anzahl;BTR024;Landwirtschaftl. Betriebe mit gepachteten Flächen
41141;Landwirtschaftszählung: Haupterhebung;JAHR;Jahr;2013;DLAND;Bundesländer;03;Niedersachsen;BNZAT4;Bodennutzungsarten;BNZAT-2;Landwirtschaftlich genutzte Fläche;RECF01;Rechtsformen;;Insgesamt;FLCG05;Größenklassen der LF;FLCHC050B100;500 bis unter 1000 ha;396;EUR;ETG009;Pachtentgelt je ha
41141;Landwirtschaftszählung: Haupterhebung;JAHR;Jahr;2010;DLAND;Bundesländer;03;Niedersachsen;BNZAT4;Bodennutzungsarten;BNZAT-2;Landwirtschaftlich genutzte Fläche;RECF01;Rechtsformen;RECHTSF15;Juristische Personen;FLCG05;Größenklassen der LF;FLCHA050B100;5 bis unter 10 ha;77;ha;FLC044;Gepachtete Fläche
41141;Landwirtschaftszählung: Haupterhebung;JAHR;Jahr;2010;DLAND;Bundesländer;03;Niedersachsen;BNZAT4;Bodennutzungsarten;BNZAT-2;Landwirtschaftlich genutzte Fläche;RECF01;Rechtsformen;RECHTSF15;Juristische Personen;FLCG05;Größenklassen der LF;FLCHA050B100;5 bis unter 10 ha;-;ha;FLC059;LF in Betrieben mit gepachteten Flächen
41141;Landwirtschaftszählung: Haupterhebung;JAHR;Jahr;2010;DLAND;Bundesländer;03;Niedersachsen;BNZAT4;Bodennutzungsarten;BNZAT-2;Landwirtschaftlich genutzte Fläche;RECF01;Rechtsformen;RECHTSF15;Juristische Personen;FLCG05;Größenklassen der LF;FLCHA050B100;5 bis unter 10 ha;-;Anzahl;BTR024;Landwirtschaftl. Betriebe mit gepachteten Flächen
41141;Landwirtschaftszählung: Haupterhebung;JAHR;Jahr;2010;DLAND;Bundesländer;03;Niedersachsen;BNZAT4;Bodennutzungsarten;BNZAT-2;Landwirtschaftlich genutzte Fläche;RECF01;Rechtsformen;RECHTSF15;Juristische Personen;FLCG05;Größenklassen der LF;FLCHA050B100;5 bis unter 10 ha;244;EUR;ETG009;Pachtentgelt je ha
41141;Landwirtschaftszählung: Haupterhebung;JAHR;Jahr;2020;DLAND;Bundesländer;03;Niedersachsen;BNZAT4;Bodennutzungsarten;BNZAT-2;Landwirtschaftlich genutzte Fläche;RECF01;Rechtsformen;RECHTSF111;Einzelunternehmen, Haupterwerb;FLCG05;Größenklassen der LF;FLCHB010B020;10 bis unter 20 ha;4815;ha;FLC044;Gepachtete Fläche
41141;Landwirtschaftszählung: Haupterhebung;JAHR;Jahr;2020;DLAND;Bundesländer;03;Niedersachsen;BNZAT4;Bodennutzungsarten;BNZAT-2;Landwirtschaftlich genutzte Fläche;RECF01;Rechtsformen;RECHTSF111;Einzelunternehmen, Haupterwerb;FLCG05;Größenklassen der LF;FLCHB010B020;10 bis unter 20 ha;9186;ha;FLC059;LF in Betrieben mit gepachteten Flächen
41141;Landwirtschaftszählung: Haupterhebung;JAHR;Jahr;2020;DLAND;Bundesländer;03;Niedersachsen;BNZAT4;Bodennutzungsarten;BNZAT-2;Landwirtschaftlich genutzte Fläche;RECF01;Rechtsformen;RECHTSF111;Einzelunternehmen, Haupterwerb;FLCG05;Größenklassen der LF;FLCHB010B020;10 bis unter 20 ha;623;Anzahl;BTR024;Landwirtschaftl. Betriebe mit gepachteten Flächen
41141;Landwirtschaftszählung: Haupterhebung;JAHR;Jahr;2020;DLAND;Bundesländer;03;Niedersachsen;BNZAT4;Bodennutzungsarten;BNZAT-2;Landwirtschaftlich genutzte Fläche;RECF01;Rechtsformen;RECHTSF111;Einzelunternehmen, Haupterwerb;FLCG05;Größenklassen der LF;FLCHB010B020;10 bis unter 20 ha;441;EUR;ETG009;Pachtentgelt je ha
41141;Landwirtschaftszählung: Haupterhebung;JAHR;Jahr;2023;DLAND;Bundesländer;03;Niedersachsen;BNZAT4;Bodennutzungsarten;BNZAT-2;Landwirtschaftlich genutzte Fläche;RECF01;Rechtsformen;RECHTSF112;Einzelunternehmen, Nebenerwerb;FLCG05;Größenklassen der LF;FLCHB010B020;10 bis unter 20 ha;.;ha;FLC044;Gepachtete Fläche
41141;Landwirtschaftszählung: Haupterhebung;JAHR;Jahr;2023;DLAND;Bundesländer;03;Niedersachsen;BNZAT4;Bodennutzungsarten;BNZAT-2;Landwirtschaftlich genutzte Fläche;RECF01;Rechtsformen;RECHTSF112;Einzelunternehmen, Nebenerwerb;FLCG05;Größenklassen der LF;FLCHB010B020;10 bis unter 20 ha;.;ha;FLC059;LF in Betrieben mit gepachteten Flächen
41141;Landwirtschaftszählung: Haupterhebung;JAHR;Jahr;2023;DLAND;Bundesländer;03;Niedersachsen;BNZAT4;Bodennutzungsarten;BNZAT-2;Landwirtschaftlich genutzte Fläche;RECF01;Rechtsformen;RECHTSF112;Einzelunternehmen, Nebenerwerb;FLCG05;Größenklassen der LF;FLCHB010B020;10 bis unter 20 ha;.;Anzahl;BTR024;Landwirtschaftl. Betriebe mit gepachteten Flächen
41141;Landwirtschaftszählung: Haupterhebung;JAHR;Jahr;2023;DLAND;Bundesländer;03;Niedersachsen;BNZAT4;Bodennutzungsarten;BNZAT-2;Landwirtschaftlich genutzte Fläche;RECF01;Rechtsformen;RECHTSF112;Einzelunternehmen, Nebenerwerb;FLCG05;Größenklassen der LF;FLCHB010B020;10 bis unter 20 ha;.;EUR;ETG009;Pachtentgelt je ha
41141;Landwirtschaftszählung: Haupterhebung;JAHR;Jahr;2013;DLAND;Bundesländer;03;Niedersachsen;BNZAT4;Bodennutzungsarten;BNZAT-2;Landwirtschaftlich genutzte Fläche;RECF01;Rechtsformen;RECHTSF15;Juristische Personen;FLCG05;Größenklassen der LF;FLCHB010B020;10 bis unter 20 ha;/;ha;FLC044;Gepachtete Fläche
41141;Landwirtschaftszählung: Haupterhebung;JAHR;Jahr;2013;DLAND;Bundesländer;03;Niedersachsen;BNZAT4;Bodennutzungsarten;BNZAT-2;Landwirtschaftlich genutzte Fläche;RECF01;Rechtsformen;RECHTSF15;Juristische Personen;FLCG05;Größenklassen der LF;FLCHB010B020;10 bis unter 20 ha;-;ha;FLC059;LF in Betrieben mit gepachteten Flächen
41141;Landwirtschaftszählung: Haupterhebung;JAHR;Jahr;2013;DLAND;Bundesländer;03;Niedersachsen;BNZAT4;Bodennutzungsarten;BNZAT-2;Landwirtschaftlich genutzte Fläche;RECF01;Rechtsformen;RECHTSF15;Juristische Personen;FLCG05;Größenklassen der LF;FLCHB010B020;10 bis unter 20 ha;-;Anzahl;BTR024;Landwirtschaftl. Betriebe mit gepachteten Flächen
41141;Landwirtschaftszählung: Haupterhebung;JAHR;Jahr;2013;DLAND;Bundesländer;03;Niedersachsen;BNZAT4;Bodennutzungsarten;BNZAT-2;Landwirtschaftlich genutzte Fläche;RECF01;Rechtsformen;RECHTSF15;Juristische Personen;FLCG05;Größenklassen der LF;FLCHB010B020;10 bis unter 20 ha;348;EUR;ETG009;Pachtentgelt je ha
41141;Landwirtschaftszählung: Haupterhebung;JAHR;Jahr;2010;DLAND;Bundesländer;03;Niedersachsen;BNZAT4;Bodennutzungsarten;BNZAT-2;Landwirtschaftlich genutzte Fläche;RECF01;Rechtsformen;RECHTSF11;Einzelunternehmen;FLCG05;Größenklassen der LF;FLCHB010B020;10 bis unter 20 ha;24117;ha;FLC044;Gepachtete Fläche
41141;Landwirtschaftszählung: Haupterhebung;JAHR;Jahr;2010;DLAND;Bundesländer;03;Niedersachsen;BNZAT4;Bodennutzungsarten;BNZAT-2;Landwirtschaftlich genutzte Fläche;RECF01;Rechtsformen;RECHTSF11;Einzelunternehmen;FLCG05;Größenklassen der LF;FLCHB010B020;10 bis unter 20 ha;-;ha;FLC059;LF in Betrieben mit gepachteten Flächen
41141;Landwirtschaftszählung: Haupterhebung;JAHR;Jahr;2010;DLAND;Bundesländer;03;Niedersachsen;BNZAT4;Bodennutzungsarten;BNZAT-2;Landwirtschaftlich genutzte Fläche;RECF01;Rechtsformen;RECHTSF11;Einzelunternehmen;FLCG05;Größenklassen der LF;FLCHB010B020;10 bis unter 20 ha;-;Anzahl;BTR024;Landwirtschaftl. Betriebe mit gepachteten Flächen
41141;Landwirtschaftszählung: Haupterhebung;JAHR;Jahr;2010;DLAND;Bundesländer;03;Niedersachsen;BNZAT4;Bodennutzungsarten;BNZAT-2;Landwirtschaftlich genutzte Fläche;RECF01;Rechtsformen;RECHTSF11;Einzelunternehmen;FLCG05;Größenklassen der LF;FLCHB010B020;10 bis unter 20 ha;254;EUR;ETG009;Pachtentgelt je ha
41141;Landwirtschaftszählung: Haupterhebung;JAHR;Jahr;2013;DLAND;Bundesländer;03;Niedersachsen;BNZAT4;Bodennutzungsarten;BNZAT-2;Landwirtschaftlich genutzte Fläche;RECF01;Rechtsformen;;Insgesamt;FLCG05;Größenklassen der LF;FLCHA000B050;unter 5 ha;1000;ha;FLC044;Gepachtete Fläche
41141;Landwirtschaftszählung: Haupterhebung;JAHR;Jahr;2013;DLAND;Bundesländer;03;Niedersachsen;BNZAT4;Bodennutzungsarten;BNZAT-2;Landwirtschaftlich genutzte Fläche;RECF01;Rechtsformen;;Insgesamt;FLCG05;Größenklassen der LF;FLCHA000B050;unter 5 ha;-;ha;FLC059;LF in Betrieben mit gepachteten Flächen
41141;Landwirtschaftszählung: Haupterhebung;JAHR;Jahr;2013;DLAND;Bundesländer;03;Niedersachsen;BNZAT4;Bodennutzungsarten;BNZAT-2;Landwirtschaftlich genutzte Fläche;RECF01;Rechtsformen;;Insgesamt;FLCG05;Größenklassen der LF;FLCHA000B050;unter 5 ha;-;Anzahl;BTR024;Landwirtschaftl. Betriebe mit gepachteten Flächen
41141;Landwirtschaftszählung: Haupterhebung;JAHR;Jahr;2013;DLAND;Bundesländer;03;Niedersachsen;BNZAT4;Bodennutzungsarten;BNZAT-2;Landwirtschaftlich genutzte Fläche;RECF01;Rechtsformen;;Insgesamt;FLCG05;Größenklassen der LF;FLCHA000B050;unter 5 ha;479;EUR;ETG009;Pachtentgelt je ha
41141;Landwirtschaftszählung: Haupterhebung;JAHR;Jahr;2016;DLAND;Bundesländer;03;Niedersachsen;BNZAT4;Bodennutzungsarten;BNZAT-2;Landwirtschaftlich genutzte Fläche;RECF01;Rechtsformen;RECHTSF121;Personengemeinschaften, -gesellschaften;FLCG05;Größenklassen der LF;;Insgesamt;274700;ha;FLC044;Gepachtete Fläche
41141;Landwirtschaftszählung: Haupterhebung;JAHR;Jahr;2016;DLAND;Bundesländer;03;Niedersachsen;BNZAT4;Bodennutzungsarten;BNZAT-2;Landwirtschaftlich genutzte Fläche;RECF01;Rechtsformen;RECHTSF121;Personengemeinschaften, -gesellschaften;FLCG05;Größenklassen der LF;;Insgesamt;-;ha;FLC059;LF in Betrieben mit gepachteten Flächen
41141;Landwirtschaftszählung: Haupterhebung;JAHR;Jahr;2016;DLAND;Bundesländer;03;Niedersachsen;BNZAT4;Bodennutzungsarten;BNZAT-2;Landwirtschaftlich genutzte Fläche;RECF01;Rechtsformen;RECHTSF121;Personengemeinschaften, -gesellschaften;FLCG05;Größenklassen der LF;;Insgesamt;-;Anzahl;BTR024;Landwirtschaftl. Betriebe mit gepachteten Flächen
41141;Landwirtschaftszählung: Haupterhebung;JAHR;Jahr;2016;DLAND;Bundesländer;03;Niedersachsen;BNZAT4;Bodennutzungsarten;BNZAT-2;Landwirtschaftlich genutzte Fläche;RECF01;Rechtsformen;RECHTSF121;Personengemeinschaften, -gesellschaften;FLCG05;Größenklassen der LF;;Insgesamt;476;EUR;ETG009;Pachtentgelt je ha
41141;Landwirtschaftszählung: Haupterhebung;JAHR;Jahr;2016;DLAND;Bundesländer;03;Niedersachsen;BNZAT4;Bodennutzungsarten;BNZAT-2;Landwirtschaftlich genutzte Fläche;RECF01;Rechtsformen;RECHTSF11;Einzelunternehmen;FLCG05;Größenklassen der LF;FLCHB010B020;10 bis unter 20 ha;20900;ha;FLC044;Gepachtete Fläche
41141;Landwirtschaftszählung: Haupterhebung;JAHR;Jahr;2016;DLAND;Bundesländer;03;Niedersachsen;BNZAT4;Bodennutzungsarten;BNZAT-2;Landwirtschaftlich genutzte Fläche;RECF01;Rechtsformen;RECHTSF11;Einzelunternehmen;FLCG05;Größenklassen der LF;FLCHB010B020;10 bis unter 20 ha;-;ha;FLC059;LF in Betrieben mit gepachteten Flächen
41141;Landwirtschaftszählung: Haupterhebung;JAHR;Jahr;2016;DLAND;Bundesländer;03;Niedersachsen;BNZAT4;Bodennutzungsarten;BNZAT-2;Landwirtschaftlich genutzte Fläche;RECF01;Rechtsformen;RECHTSF11;Einzelunternehmen;FLCG05;Größenklassen der LF;FLCHB010B020;10 bis unter 20 ha;-;Anzahl;BTR024;Landwirtschaftl. Betriebe mit gepachteten Flächen
41141;Landwirtschaftszählung: Haupterhebung;JAHR;Jahr;2016;DLAND;Bundesländer;03;Niedersachsen;BNZAT4;Bodennutzungsarten;BNZAT-2;Landwirtschaftlich genutzte Fläche;RECF01;Rechtsformen;RECHTSF11;Einzelunternehmen;FLCG05;Größenklassen der LF;FLCHB010B020;10 bis unter 20 ha;334;EUR;ETG009;Pachtentgelt je ha
41141;Landwirtschaftszählung: Haupterhebung;JAHR;Jahr;2023;DLAND;Bundesländer;03;Niedersachsen;BNZAT4;Bodennutzungsarten;BNZAT-2;Landwirtschaftlich genutzte Fläche;RECF01;Rechtsformen;;Insgesamt;FLCG05;Größenklassen der LF;FLCHB050B100;50 bis unter 100 ha;253400;ha;FLC044;Gepachtete Fläche
41141;Landwirtschaftszählung: Haupterhebung;JAHR;Jahr;2023;DLAND;Bundesländer;03;Niedersachsen;BNZAT4;Bodennutzungsarten;BNZAT-2;Landwirtschaftlich genutzte Fläche;RECF01;Rechtsformen;;Insgesamt;FLCG05;Größenklassen der LF;FLCHB050B100;50 bis unter 100 ha;479600;ha;FLC059;LF in Betrieben mit gepachteten Flächen
41141;Landwirtschaftszählung: Haupterhebung;JAHR;Jahr;2023;DLAND;Bundesländer;03;Niedersachsen;BNZAT4;Bodennutzungsarten;BNZAT-2;Landwirtschaftlich genutzte Fläche;RECF01;Rechtsformen;;Insgesamt;FLCG05;Größenklassen der LF;FLCHB050B100;50 bis unter 100 ha;6510;Anzahl;BTR024;Landwirtschaftl. Betriebe mit gepachteten Flächen
41141;Landwirtschaftszählung: Haupterhebung;JAHR;Jahr;2023;DLAND;Bundesländer;03;Niedersachsen;BNZAT4;Bodennutzungsarten;BNZAT-2;Landwirtschaftlich genutzte Fläche;RECF01;Rechtsformen;;Insgesamt;FLCG05;Größenklassen der LF;FLCHB050B100;50 bis unter 100 ha;592;EUR;ETG009;Pachtentgelt je ha
41141;Landwirtschaftszählung: Haupterhebung;JAHR;Jahr;2023;DLAND;Bundesländer;03;Niedersachsen;BNZAT4;Bodennutzungsarten;BNZAT-2;Landwirtschaftlich genutzte Fläche;RECF01;Rechtsformen;RECHTSF11;Einzelunternehmen;FLCG05;Größenklassen der LF;FLCHB050B100;50 bis unter 100 ha;.;ha;FLC044;Gepachtete Fläche
41141;Landwirtschaftszählung: Haupterhebung;JAHR;Jahr;2023;DLAND;Bundesländer;03;Niedersachsen;BNZAT4;Bodennutzungsarten;BNZAT-2;Landwirtschaftlich genutzte Fläche;RECF01;Rechtsformen;RECHTSF11;Einzelunternehmen;FLCG05;Größenklassen der LF;FLCHB050B100;50 bis unter 100 ha;.;ha;FLC059;LF in Betrieben mit gepachteten Flächen
41141;Landwirtschaftszählung: Haupterhebung;JAHR;Jahr;2023;DLAND;Bundesländer;03;Niedersachsen;BNZAT4;Bodennutzungsarten;BNZAT-2;Landwirtschaftlich genutzte Fläche;RECF01;Rechtsformen;RECHTSF11;Einzelunternehmen;FLCG05;Größenklassen der LF;FLCHB050B100;50 bis unter 100 ha;.;Anzahl;BTR024;Landwirtschaftl. Betriebe mit gepachteten Flächen
41141;Landwirtschaftszählung: Haupterhebung;JAHR;Jahr;2023;DLAND;Bundesländer;03;Niedersachsen;BNZAT4;Bodennutzungsarten;BNZAT-2;Landwirtschaftlich genutzte Fläche;RECF01;Rechtsformen;RECHTSF11;Einzelunternehmen;FLCG05;Größenklassen der LF;FLCHB050B100;50 bis unter 100 ha;.;EUR;ETG009;Pachtentgelt je ha
41141;Landwirtschaftszählung: Haupterhebung;JAHR;Jahr;2013;DLAND;Bundesländer;03;Niedersachsen;BNZAT4;Bodennutzungsarten;BNZAT-2;Landwirtschaftlich genutzte Fläche;RECF01;Rechtsformen;RECHTSF121;Personengemeinschaften, -gesellschaften;FLCG05;Größenklassen der LF;FLCHB010B020;10 bis unter 20 ha;/;ha;FLC044;Gepachtete Fläche
41141;Landwirtschaftszählung: Haupterhebung;JAHR;Jahr;2013;DLAND;Bundesländer;03;Niedersachsen;BNZAT4;Bodennutzungsarten;BNZAT-2;Landwirtschaftlich genutzte Fläche;RECF01;Rechtsformen;RECHTSF121;Personengemeinschaften, -gesellschaften;FLCG05;Größenklassen der LF;FLCHB010B020;10 bis unter 20 ha;-;ha;FLC059;LF in Betrieben mit gepachteten Flächen
41141;Landwirtschaftszählung: Haupterhebung;JAHR;Jahr;2013;DLAND;Bundesländer;03;Niedersachsen;BNZAT4;Bodennutzungsarten;BNZAT-2;Landwirtschaftlich genutzte Fläche;RECF01;Rechtsformen;RECHTSF121;Personengemeinschaften, -gesellschaften;FLCG05;Größenklassen der LF;FLCHB010B020;10 bis unter 20 ha;-;Anzahl;BTR024;Landwirtschaftl. Betriebe mit gepachteten Flächen
41141;Landwirtschaftszählung: Haupterhebung;JAHR;Jahr;2013;DLAND;Bundesländer;03;Niedersachsen;BNZAT4;Bodennutzungsarten;BNZAT-2;Landwirtschaftlich genutzte Fläche;RECF01;Rechtsformen;RECHTSF121;Personengemeinschaften, -gesellschaften;FLCG05;Größenklassen der LF;FLCHB010B020;10 bis unter 20 ha;365;EUR;ETG009;Pachtentgelt je ha
41141;Landwirtschaftszählung: Haupterhebung;JAHR;Jahr;2013;DLAND;Bundesländer;03;Niedersachsen;BNZAT4;Bodennutzungsarten;BNZAT-2;Landwirtschaftlich genutzte Fläche;RECF01;Rechtsformen;RECHTSF112;Einzelunternehmen, Nebenerwerb;FLCG05;Größenklassen der LF;FLCHC050B100;500 bis unter 1000 ha;-;ha;FLC044;Gepachtete Fläche
41141;Landwirtschaftszählung: Haupterhebung;JAHR;Jahr;2013;DLAND;Bundesländer;03;Niedersachsen;BNZAT4;Bodennutzungsarten;BNZAT-2;Landwirtschaftlich genutzte Fläche;RECF01;Rechtsformen;RECHTSF112;Einzelunternehmen, Nebenerwerb;FLCG05;Größenklassen der LF;FLCHC050B100;500 bis unter 1000 ha;-;ha;FLC059;LF in Betrieben mit gepachteten Flächen
41141;Landwirtschaftszählung: Haupterhebung;JAHR;Jahr;2013;DLAND;Bundesländer;03;Niedersachsen;BNZAT4;Bodennutzungsarten;BNZAT-2;Landwirtschaftlich genutzte Fläche;RECF01;Rechtsformen;RECHTSF112;Einzelunternehmen, Nebenerwerb;FLCG05;Größenklassen der LF;FLCHC050B100;500 bis unter 1000 ha;-;Anzahl;BTR024;Landwirtschaftl. Betriebe mit gepachteten Flächen
41141;Landwirtschaftszählung: Haupterhebung;JAHR;Jahr;2013;DLAND;Bundesländer;03;Niedersachsen;BNZAT4;Bodennutzungsarten;BNZAT-2;Landwirtschaftlich genutzte Fläche;RECF01;Rechtsformen;RECHTSF112;Einzelunternehmen, Nebenerwerb;FLCG05;Größenklassen der LF;FLCHC050B100;500 bis unter 1000 ha;-;EUR;ETG009;Pachtentgelt je ha
41141;Landwirtschaftszählung: Haupterhebung;JAHR;Jahr;2016;DLAND;Bundesländer;03;Niedersachsen;BNZAT4;Bodennutzungsarten;BNZAT-2;Landwirtschaftlich genutzte Fläche;RECF01;Rechtsformen;;Insgesamt;FLCG05;Größenklassen der LF;FLCHC050B100;500 bis unter 1000 ha;51900;ha;FLC044;Gepachtete Fläche
41141;Landwirtschaftszählung: Haupterhebung;JAHR;Jahr;2016;DLAND;Bundesländer;03;Niedersachsen;BNZAT4;Bodennutzungsarten;BNZAT-2;Landwirtschaftlich genutzte Fläche;RECF01;Rechtsformen;;Insgesamt;FLCG05;Größenklassen der LF;FLCHC050B100;500 bis unter 1000 ha;-;ha;FLC059;LF in Betrieben mit gepachteten Flächen
41141;Landwirtschaftszählung: Haupterhebung;JAHR;Jahr;2016;DLAND;Bundesländer;03;Niedersachsen;BNZAT4;Bodennutzungsarten;BNZAT-2;Landwirtschaftlich genutzte Fläche;RECF01;Rechtsformen;;Insgesamt;FLCG05;Größenklassen der LF;FLCHC050B100;500 bis unter 1000 ha;-;Anzahl;BTR024;Landwirtschaftl. Betriebe mit gepachteten Flächen
41141;Landwirtschaftszählung: Haupterhebung;JAHR;Jahr;2016;DLAND;Bundesländer;03;Niedersachsen;BNZAT4;Bodennutzungsarten;BNZAT-2;Landwirtschaftlich genutzte Fläche;RECF01;Rechtsformen;;Insgesamt;FLCG05;Größenklassen der LF;FLCHC050B100;500 bis unter 1000 ha;476;EUR;ETG009;Pachtentgelt je ha
41141;Landwirtschaftszählung: Haupterhebung;JAHR;Jahr;2020;DLAND;Bundesländer;03;Niedersachsen;BNZAT4;Bodennutzungsarten;BNZAT-2;Landwirtschaftlich genutzte Fläche;RECF01;Rechtsformen;RECHTSF112;Einzelunternehmen, Nebenerwerb;FLCG05;Größenklassen der LF;FLCHB050B100;50 bis unter 100 ha;56311;ha;FLC044;Gepachtete Fläche
41141;Landwirtschaftszählung: Haupterhebung;JAHR;Jahr;2020;DLAND;Bundesländer;03;Niedersachsen;BNZAT4;Bodennutzungsarten;BNZAT-2;Landwirtschaftlich genutzte Fläche;RECF01;Rechtsformen;RECHTSF112;Einzelunternehmen, Nebenerwerb;FLCG05;Größenklassen der LF;FLCHB050B100;50 bis unter 100 ha;102044;ha;FLC059;LF in Betrieben mit gepachteten Flächen
41141;Landwirtschaftszählung: Haupterhebung;JAHR;Jahr;2020;DLAND;Bundesländer;03;Niedersachsen;BNZAT4;Bodennutzungsarten;BNZAT-2;Landwirtschaftlich genutzte Fläche;RECF01;Rechtsformen;RECHTSF112;Einzelunternehmen, Nebenerwerb;FLCG05;Größenklassen der LF;FLCHB050B100;50 bis unter 100 ha;1458;Anzahl;BTR024;Landwirtschaftl. Betriebe mit gepachteten Flächen
41141;Landwirtschaftszählung: Haupterhebung;JAHR;Jahr;2020;DLAND;Bundesländer;03;Niedersachsen;BNZAT4;Bodennutzungsarten;BNZAT-2;Landwirtschaftlich genutzte Fläche;RECF01;Rechtsformen;RECHTSF112;Einzelunternehmen, Nebenerwerb;FLCG05;Größenklassen der LF;FLCHB050B100;50 bis unter 100 ha;435;EUR;ETG009;Pachtentgelt je ha
41141;Landwirtschaftszählung: Haupterhebung;JAHR;Jahr;2016;DLAND;Bundesländer;03;Niedersachsen;BNZAT4;Bodennutzungsarten;BNZAT-2;Landwirtschaftlich genutzte Fläche;RECF01;Rechtsformen;RECHTSF15;Juristische Personen;FLCG05;Größenklassen der LF;FLCHB050B100;50 bis unter 100 ha;/;ha;FLC044;Gepachtete Fläche
41141;Landwirtschaftszählung: Haupterhebung;JAHR;Jahr;2016;DLAND;Bundesländer;03;Niedersachsen;BNZAT4;Bodennutzungsarten;BNZAT-2;Landwirtschaftlich genutzte Fläche;RECF01;Rechtsformen;RECHTSF15;Juristische Personen;FLCG05;Größenklassen der LF;FLCHB050B100;50 bis unter 100 ha;-;ha;FLC059;LF in Betrieben mit gepachteten Flächen
41141;Landwirtschaftszählung: Haupterhebung;JAHR;Jahr;2016;DLAND;Bundesländer;03;Niedersachsen;BNZAT4;Bodennutzungsarten;BNZAT-2;Landwirtschaftlich genutzte Fläche;RECF01;Rechtsformen;RECHTSF15;Juristische Personen;FLCG05;Größenklassen der LF;FLCHB050B100;50 bis unter 100 ha;-;Anzahl;BTR024;Landwirtschaftl. Betriebe mit gepachteten Flächen
41141;Landwirtschaftszählung: Haupterhebung;JAHR;Jahr;2016;DLAND;Bundesländer;03;Niedersachsen;BNZAT4;Bodennutzungsarten;BNZAT-2;Landwirtschaftlich genutzte Fläche;RECF01;Rechtsformen;RECHTSF15;Juristische Personen;FLCG05;Größenklassen der LF;FLCHB050B100;50 bis unter 100 ha;373;EUR;ETG009;Pachtentgelt je ha
41141;Landwirtschaftszählung: Haupterhebung;JAHR;Jahr;2013;DLAND;Bundesländer;03;Niedersachsen;BNZAT4;Bodennutzungsarten;BNZAT-2;Landwirtschaftlich genutzte Fläche;RECF01;Rechtsformen;RECHTSF111;Einzelunternehmen, Haupterwerb;FLCG05;Größenklassen der LF;FLCHC020B050;200 bis unter 500 ha;162300;ha;FLC044;Gepachtete Fläche
41141;Landwirtschaftszählung: Haupterhebung;JAHR;Jahr;2013;DLAND;Bundesländer;03;Niedersachsen;BNZAT4;Bodennutzungsarten;BNZAT-2;Landwirtschaftlich genutzte Fläche;RECF01;Rechtsformen;RECHTSF111;Einzelunternehmen, Haupterwerb;FLCG05;Größenklassen der LF;FLCHC020B050;200 bis unter 500 ha;-;ha;FLC059;LF in Betrieben mit gepachteten Flächen
41141;Landwirtschaftszählung: Haupterhebung;JAHR;Jahr;2013;DLAND;Bundesländer;03;Niedersachsen;BNZAT4;Bodennutzungsarten;BNZAT-2;Landwirtschaftlich genutzte Fläche;RECF01;Rechtsformen;RECHTSF111;Einzelunternehmen, Haupterwerb;FLCG05;Größenklassen der LF;FLCHC020B050;200 bis unter 500 ha;-;Anzahl;BTR024;Landwirtschaftl. Betriebe mit gepachteten Flächen
41141;Landwirtschaftszählung: Haupterhebung;JAHR;Jahr;2013;DLAND;Bundesländer;03;Niedersachsen;BNZAT4;Bodennutzungsarten;BNZAT-2;Landwirtschaftlich genutzte Fläche;RECF01;Rechtsformen;RECHTSF111;Einzelunternehmen, Haupterwerb;FLCG05;Größenklassen der LF;FLCHC020B050;200 bis unter 500 ha;416;EUR;ETG009;Pachtentgelt je ha
41141;Landwirtschaftszählung: Haupterhebung;JAHR;Jahr;2013;DLAND;Bundesländer;03;Niedersachsen;BNZAT4;Bodennutzungsarten;BNZAT-2;Landwirtschaftlich genutzte Fläche;RECF01;Rechtsformen;;Insgesamt;FLCG05;Größenklassen der LF;FLCHD010UM;1000 und mehr ha;17200;ha;FLC044;Gepachtete Fläche
41141;Landwirtschaftszählung: Haupterhebung;JAHR;Jahr;2013;DLAND;Bundesländer;03;Niedersachsen;BNZAT4;Bodennutzungsarten;BNZAT-2;Landwirtschaftlich genutzte Fläche;RECF01;Rechtsformen;;Insgesamt;FLCG05;Größenklassen der LF;FLCHD010UM;1000 und mehr ha;-;ha;FLC059;LF in Betrieben mit gepachteten Flächen
41141;Landwirtschaftszählung: Haupterhebung;JAHR;Jahr;2013;DLAND;Bundesländer;03;Niedersachsen;BNZAT4;Bodennutzungsarten;BNZAT-2;Landwirtschaftlich genutzte Fläche;RECF01;Rechtsformen;;Insgesamt;FLCG05;Größenklassen der LF;FLCHD010UM;1000 und mehr ha;-;Anzahl;BTR024;Landwirtschaftl. Betriebe mit gepachteten Flächen
41141;Landwirtschaftszählung: Haupterhebung;JAHR;Jahr;2013;DLAND;Bundesländer;03;Niedersachsen;BNZAT4;Bodennutzungsarten;BNZAT-2;Landwirtschaftlich genutzte Fläche;RECF01;Rechtsformen;;Insgesamt;FLCG05;Größenklassen der LF;FLCHD010UM;1000 und mehr ha;509;EUR;ETG009;Pachtentgelt je ha
41141;Landwirtschaftszählung: Haupterhebung;JAHR;Jahr;2023;DLAND;Bundesländer;03;Niedersachsen;BNZAT4;Bodennutzungsarten;BNZAT-2;Landwirtschaftlich genutzte Fläche;RECF01;Rechtsformen;RECHTSF111;Einzelunternehmen, Haupterwerb;FLCG05;Größenklassen der LF;FLCHC050B100;500 bis unter 1000 ha;.;ha;FLC044;Gepachtete Fläche
41141;Landwirtschaftszählung: Haupterhebung;JAHR;Jahr;2023;DLAND;Bundesländer;03;Niedersachsen;BNZAT4;Bodennutzungsarten;BNZAT-2;Landwirtschaftlich genutzte Fläche;RECF01;Rechtsformen;RECHTSF111;Einzelunternehmen, Haupterwerb;FLCG05;Größenklassen der LF;FLCHC050B100;500 bis unter 1000 ha;.;ha;FLC059;LF in Betrieben mit gepachteten Flächen
41141;Landwirtschaftszählung: Haupterhebung;JAHR;Jahr;2023;DLAND;Bundesländer;03;Niedersachsen;BNZAT4;Bodennutzungsarten;BNZAT-2;Landwirtschaftlich genutzte Fläche;RECF01;Rechtsformen;RECHTSF111;Einzelunternehmen, Haupterwerb;FLCG05;Größenklassen der LF;FLCHC050B100;500 bis unter 1000 ha;.;Anzahl;BTR024;Landwirtschaftl. Betriebe mit gepachteten Flächen
41141;Landwirtschaftszählung: Haupterhebung;JAHR;Jahr;2023;DLAND;Bundesländer;03;Niedersachsen;BNZAT4;Bodennutzungsarten;BNZAT-2;Landwirtschaftlich genutzte Fläche;RECF01;Rechtsformen;RECHTSF111;Einzelunternehmen, Haupterwerb;FLCG05;Größenklassen der LF;FLCHC050B100;500 bis unter 1000 ha;.;EUR;ETG009;Pachtentgelt je ha
41141;Landwirtschaftszählung: Haupterhebung;JAHR;Jahr;2020;DLAND;Bundesländer;03;Niedersachsen;BNZAT4;Bodennutzungsarten;BNZAT-2;Landwirtschaftlich genutzte Fläche;RECF01;Rechtsformen;RECHTSF15;Juristische Personen;FLCG05;Größenklassen der LF;;Insgesamt;16086;ha;FLC044;Gepachtete Fläche
41141;Landwirtschaftszählung: Haupterhebung;JAHR;Jahr;2020;DLAND;Bundesländer;03;Niedersachsen;BNZAT4;Bodennutzungsarten;BNZAT-2;Landwirtschaftlich genutzte Fläche;RECF01;Rechtsformen;RECHTSF15;Juristische Personen;FLCG05;Größenklassen der LF;;Insgesamt;29753;ha;FLC059;LF in Betrieben mit gepachteten Flächen
41141;Landwirtschaftszählung: Haupterhebung;JAHR;Jahr;2020;DLAND;Bundesländer;03;Niedersachsen;BNZAT4;Bodennutzungsarten;BNZAT-2;Landwirtschaftlich genutzte Fläche;RECF01;Rechtsformen;RECHTSF15;Juristische Personen;FLCG05;Größenklassen der LF;;Insgesamt;178;Anzahl;BTR024;Landwirtschaftl. Betriebe mit gepachteten Flächen
41141;Landwirtschaftszählung: Haupterhebung;JAHR;Jahr;2020;DLAND;Bundesländer;03;Niedersachsen;BNZAT4;Bodennutzungsarten;BNZAT-2;Landwirtschaftlich genutzte Fläche;RECF01;Rechtsformen;RECHTSF15;Juristische Personen;FLCG05;Größenklassen der LF;;Insgesamt;489;EUR;ETG009;Pachtentgelt je ha
41141;Landwirtschaftszählung: Haupterhebung;JAHR;Jahr;2023;DLAND;Bundesländer;03;Niedersachsen;BNZAT4;Bodennutzungsarten;BNZAT-2;Landwirtschaftlich genutzte Fläche;RECF01;Rechtsformen;RECHTSF121;Personengemeinschaften, -gesellschaften;FLCG05;Größenklassen der LF;FLCHC020B050;200 bis unter 500 ha;.;ha;FLC044;Gepachtete Fläche
41141;Landwirtschaftszählung: Haupterhebung;JAHR;Jahr;2023;DLAND;Bundesländer;03;Niedersachsen;BNZAT4;Bodennutzungsarten;BNZAT-2;Landwirtschaftlich genutzte Fläche;RECF01;Rechtsformen;RECHTSF121;Personengemeinschaften, -gesellschaften;FLCG05;Größenklassen der LF;FLCHC020B050;200 bis unter 500 ha;.;ha;FLC059;LF in Betrieben mit gepachteten Flächen
41141;Landwirtschaftszählung: Haupterhebung;JAHR;Jahr;2023;DLAND;Bundesländer;03;Niedersachsen;BNZAT4;Bodennutzungsarten;BNZAT-2;Landwirtschaftlich genutzte Fläche;RECF01;Rechtsformen;RECHTSF121;Personengemeinschaften, -gesellschaften;FLCG05;Größenklassen der LF;FLCHC020B050;200 bis unter 500 ha;.;Anzahl;BTR024;Landwirtschaftl. Betriebe mit gepachteten Flächen
41141;Landwirtschaftszählung: Haupterhebung;JAHR;Jahr;2023;DLAND;Bundesländer;03;Niedersachsen;BNZAT4;Bodennutzungsarten;BNZAT-2;Landwirtschaftlich genutzte Fläche;RECF01;Rechtsformen;RECHTSF121;Personengemeinschaften, -gesellschaften;FLCG05;Größenklassen der LF;FLCHC020B050;200 bis unter 500 ha;.;EUR;ETG009;Pachtentgelt je ha
41141;Landwirtschaftszählung: Haupterhebung;JAHR;Jahr;2016;DLAND;Bundesländer;03;Niedersachsen;BNZAT4;Bodennutzungsarten;BNZAT-2;Landwirtschaftlich genutzte Fläche;RECF01;Rechtsformen;RECHTSF15;Juristische Personen;FLCG05;Größenklassen der LF;FLCHD010UM;1000 und mehr ha;5000;ha;FLC044;Gepachtete Fläche
41141;Landwirtschaftszählung: Haupterhebung;JAHR;Jahr;2016;DLAND;Bundesländer;03;Niedersachsen;BNZAT4;Bodennutzungsarten;BNZAT-2;Landwirtschaftlich genutzte Fläche;RECF01;Rechtsformen;RECHTSF15;Juristische Personen;FLCG05;Größenklassen der LF;FLCHD010UM;1000 und mehr ha;-;ha;FLC059;LF in Betrieben mit gepachteten Flächen
41141;Landwirtschaftszählung: Haupterhebung;JAHR;Jahr;2016;DLAND;Bundesländer;03;Niedersachsen;BNZAT4;Bodennutzungsarten;BNZAT-2;Landwirtschaftlich genutzte Fläche;RECF01;Rechtsformen;RECHTSF15;Juristische Personen;FLCG05;Größenklassen der LF;FLCHD010UM;1000 und mehr ha;-;Anzahl;BTR024;Landwirtschaftl. Betriebe mit gepachteten Flächen
41141;Landwirtschaftszählung: Haupterhebung;JAHR;Jahr;2016;DLAND;Bundesländer;03;Niedersachsen;BNZAT4;Bodennutzungsarten;BNZAT-2;Landwirtschaftlich genutzte Fläche;RECF01;Rechtsformen;RECHTSF15;Juristische Personen;FLCG05;Größenklassen der LF;FLCHD010UM;1000 und mehr ha;178;EUR;ETG009;Pachtentgelt je ha
41141;Landwirtschaftszählung: Haupterhebung;JAHR;Jahr;2016;DLAND;Bundesländer;03;Niedersachsen;BNZAT4;Bodennutzungsarten;BNZAT-2;Landwirtschaftlich genutzte Fläche;RECF01;Rechtsformen;RECHTSF121;Personengemeinschaften, -gesellschaften;FLCG05;Größenklassen der LF;FLCHA050B100;5 bis unter 10 ha;/;ha;FLC044;Gepachtete Fläche
41141;Landwirtschaftszählung: Haupterhebung;JAHR;Jahr;2016;DLAND;Bundesländer;03;Niedersachsen;BNZAT4;Bodennutzungsarten;BNZAT-2;Landwirtschaftlich genutzte Fläche;RECF01;Rechtsformen;RECHTSF121;Personengemeinschaften, -gesellschaften;FLCG05;Größenklassen der LF;FLCHA050B100;5 bis unter 10 ha;-;ha;FLC059;LF in Betrieben mit gepachteten Flächen
41141;Landwirtschaftszählung: Haupterhebung;JAHR;Jahr;2016;DLAND;Bundesländer;03;Niedersachsen;BNZAT4;Bodennutzungsarten;BNZAT-2;Landwirtschaftlich genutzte Fläche;RECF01;Rechtsformen;RECHTSF121;Personengemeinschaften, -gesellschaften;FLCG05;Größenklassen der LF;FLCHA050B100;5 bis unter 10 ha;-;Anzahl;BTR024;Landwirtschaftl. Betriebe mit gepachteten Flächen
41141;Landwirtschaftszählung: Haupterhebung;JAHR;Jahr;2016;DLAND;Bundesländer;03;Niedersachsen;BNZAT4;Bodennutzungsarten;BNZAT-2;Landwirtschaftlich genutzte Fläche;RECF01;Rechtsformen;RECHTSF121;Personengemeinschaften, -gesellschaften;FLCG05;Größenklassen der LF;FLCHA050B100;5 bis unter 10 ha;412;EUR;ETG009;Pachtentgelt je ha
41141;Landwirtschaftszählung: Haupterhebung;JAHR;Jahr;2020;DLAND;Bundesländer;03;Niedersachsen;BNZAT4;Bodennutzungsarten;BNZAT-2;Landwirtschaftlich genutzte Fläche;RECF01;Rechtsformen;RECHTSF111;Einzelunternehmen, Haupterwerb;FLCG05;Größenklassen der LF;FLCHB020B050;20 bis unter 50 ha;38543;ha;FLC044;Gepachtete Fläche
41141;Landwirtschaftszählung: Haupterhebung;JAHR;Jahr;2020;DLAND;Bundesländer;03;Niedersachsen;BNZAT4;Bodennutzungsarten;BNZAT-2;Landwirtschaftlich genutzte Fläche;RECF01;Rechtsformen;RECHTSF111;Einzelunternehmen, Haupterwerb;FLCG05;Größenklassen der LF;FLCHB020B050;20 bis unter 50 ha;87078;ha;FLC059;LF in Betrieben mit gepachteten Flächen
41141;Landwirtschaftszählung: Haupterhebung;JAHR;Jahr;2020;DLAND;Bundesländer;03;Niedersachsen;BNZAT4;Bodennutzungsarten;BNZAT-2;Landwirtschaftlich genutzte Fläche;RECF01;Rechtsformen;RECHTSF111;Einzelunternehmen, Haupterwerb;FLCG05;Größenklassen der LF;FLCHB020B050;20 bis unter 50 ha;2374;Anzahl;BTR024;Landwirtschaftl. Betriebe mit gepachteten Flächen
41141;Landwirtschaftszählung: Haupterhebung;JAHR;Jahr;2020;DLAND;Bundesländer;03;Niedersachsen;BNZAT4;Bodennutzungsarten;BNZAT-2;Landwirtschaftlich genutzte Fläche;RECF01;Rechtsformen;RECHTSF111;Einzelunternehmen, Haupterwerb;FLCG05;Größenklassen der LF;FLCHB020B050;20 bis unter 50 ha;496;EUR;ETG009;Pachtentgelt je ha
41141;Landwirtschaftszählung: Haupterhebung;JAHR;Jahr;2016;DLAND;Bundesländer;03;Niedersachsen;BNZAT4;Bodennutzungsarten;BNZAT-2;Landwirtschaftlich genutzte Fläche;RECF01;Rechtsformen;;Insgesamt;FLCG05;Größenklassen der LF;FLCHB010B020;10 bis unter 20 ha;22100;ha;FLC044;Gepachtete Fläche
41141;Landwirtschaftszählung: Haupterhebung;JAHR;Jahr;2016;DLAND;Bundesländer;03;Niedersachsen;BNZAT4;Bodennutzungsarten;BNZAT-2;Landwirtschaftlich genutzte Fläche;RECF01;Rechtsformen;;Insgesamt;FLCG05;Größenklassen der LF;FLCHB010B020;10 bis unter 20 ha;-;ha;FLC059;LF in Betrieben mit gepachteten Flächen
41141;Landwirtschaftszählung: Haupterhebung;JAHR;Jahr;2016;DLAND;Bundesländer;03;Niedersachsen;BNZAT4;Bodennutzungsarten;BNZAT-2;Landwirtschaftlich genutzte Fläche;RECF01;Rechtsformen;;Insgesamt;FLCG05;Größenklassen der LF;FLCHB010B020;10 bis unter 20 ha;-;Anzahl;BTR024;Landwirtschaftl. Betriebe mit gepachteten Flächen
41141;Landwirtschaftszählung: Haupterhebung;JAHR;Jahr;2016;DLAND;Bundesländer;03;Niedersachsen;BNZAT4;Bodennutzungsarten;BNZAT-2;Landwirtschaftlich genutzte Fläche;RECF01;Rechtsformen;;Insgesamt;FLCG05;Größenklassen der LF;FLCHB010B020;10 bis unter 20 ha;344;EUR;ETG009;Pachtentgelt je ha
41141;Landwirtschaftszählung: Haupterhebung;JAHR;Jahr;2013;DLAND;Bundesländer;03;Niedersachsen;BNZAT4;Bodennutzungsarten;BNZAT-2;Landwirtschaftlich genutzte Fläche;RECF01;Rechtsformen;RECHTSF15;Juristische Personen;FLCG05;Größenklassen der LF;FLCHD010UM;1000 und mehr ha;3300;ha;FLC044;Gepachtete Fläche
41141;Landwirtschaftszählung: Haupterhebung;JAHR;Jahr;2013;DLAND;Bundesländer;03;Niedersachsen;BNZAT4;Bodennutzungsarten;BNZAT-2;Landwirtschaftlich genutzte Fläche;RECF01;Rechtsformen;RECHTSF15;Juristische Personen;FLCG05;Größenklassen der LF;FLCHD010UM;1000 und mehr ha;-;ha;FLC059;LF in Betrieben mit gepachteten Flächen
41141;Landwirtschaftszählung: Haupterhebung;JAHR;Jahr;2013;DLAND;Bundesländer;03;Niedersachsen;BNZAT4;Bodennutzungsarten;BNZAT-2;Landwirtschaftlich genutzte Fläche;RECF01;Rechtsformen;RECHTSF15;Juristische Personen;FLCG05;Größenklassen der LF;FLCHD010UM;1000 und mehr ha;-;Anzahl;BTR024;Landwirtschaftl. Betriebe mit gepachteten Flächen
41141;Landwirtschaftszählung: Haupterhebung;JAHR;Jahr;2013;DLAND;Bundesländer;03;Niedersachsen;BNZAT4;Bodennutzungsarten;BNZAT-2;Landwirtschaftlich genutzte Fläche;RECF01;Rechtsformen;RECHTSF15;Juristische Personen;FLCG05;Größenklassen der LF;FLCHD010UM;1000 und mehr ha;168;EUR;ETG009;Pachtentgelt je ha
41141;Landwirtschaftszählung: Haupterhebung;JAHR;Jahr;2020;DLAND;Bundesländer;03;Niedersachsen;BNZAT4;Bodennutzungsarten;BNZAT-2;Landwirtschaftlich genutzte Fläche;RECF01;Rechtsformen;RECHTSF11;Einzelunternehmen;FLCG05;Größenklassen der LF;FLCHA050B100;5 bis unter 10 ha;10476;ha;FLC044;Gepachtete Fläche
41141;Landwirtschaftszählung: Haupterhebung;JAHR;Jahr;2020;DLAND;Bundesländer;03;Niedersachsen;BNZAT4;Bodennutzungsarten;BNZAT-2;Landwirtschaftlich genutzte Fläche;RECF01;Rechtsformen;RECHTSF11;Einzelunternehmen;FLCG05;Größenklassen der LF;FLCHA050B100;5 bis unter 10 ha;17529;ha;FLC059;LF in Betrieben mit gepachteten Flächen
41141;Landwirtschaftszählung: Haupterhebung;JAHR;Jahr;2020;DLAND;Bundesländer;03;Niedersachsen;BNZAT4;Bodennutzungsarten;BNZAT-2;Landwirtschaftlich genutzte Fläche;RECF01;Rechtsformen;RECHTSF11;Einzelunternehmen;FLCG05;Größenklassen der LF;FLCHA050B100;5 bis unter 10 ha;2382;Anzahl;BTR024;Landwirtschaftl. Betriebe mit gepachteten Flächen
41141;Landwirtschaftszählung: Haupterhebung;JAHR;Jahr;2020;DLAND;Bundesländer;03;Niedersachsen;BNZAT4;Bodennutzungsarten;BNZAT-2;Landwirtschaftlich genutzte Fläche;RECF01;Rechtsformen;RECHTSF11;Einzelunternehmen;FLCG05;Größenklassen der LF;FLCHA050B100;5 bis unter 10 ha;319;EUR;ETG009;Pachtentgelt je ha
41141;Landwirtschaftszählung: Haupterhebung;JAHR;Jahr;2010;DLAND;Bundesländer;03;Niedersachsen;BNZAT4;Bodennutzungsarten;BNZAT-2;Landwirtschaftlich genutzte Fläche;RECF01;Rechtsformen;RECHTSF121;Personengemeinschaften, -gesellschaften;FLCG05;Größenklassen der LF;FLCHC020B050;200 bis unter 500 ha;60014;ha;FLC044;Gepachtete Fläche
41141;Landwirtschaftszählung: Haupterhebung;JAHR;Jahr;2010;DLAND;Bundesländer;03;Niedersachsen;BNZAT4;Bodennutzungsarten;BNZAT-2;Landwirtschaftlich genutzte Fläche;RECF01;Rechtsformen;RECHTSF121;Personengemeinschaften, -gesellschaften;FLCG05;Größenklassen der LF;FLCHC020B050;200 bis unter 500 ha;-;ha;FLC059;LF in Betrieben mit gepachteten Flächen
41141;Landwirtschaftszählung: Haupterhebung;JAHR;Jahr;2010;DLAND;Bundesländer;03;Niedersachsen;BNZAT4;Bodennutzungsarten;BNZAT-2;Landwirtschaftlich genutzte Fläche;RECF01;Rechtsformen;RECHTSF121;Personengemeinschaften, -gesellschaften;FLCG05;Größenklassen der LF;FLCHC020B050;200 bis unter 500 ha;-;Anzahl;BTR024;Landwirtschaftl. Betriebe mit gepachteten Flächen
41141;Landwirtschaftszählung: Haupterhebung;JAHR;Jahr;2010;DLAND;Bundesländer;03;Niedersachsen;BNZAT4;Bodennutzungsarten;BNZAT-2;Landwirtschaftlich genutzte Fläche;RECF01;Rechtsformen;RECHTSF121;Personengemeinschaften, -gesellschaften;FLCG05;Größenklassen der LF;FLCHC020B050;200 bis unter 500 ha;302;EUR;ETG009;Pachtentgelt je ha
41141;Landwirtschaftszählung: Haupterhebung;JAHR;Jahr;2023;DLAND;Bundesländer;03;Niedersachsen;BNZAT4;Bodennutzungsarten;BNZAT-2;Landwirtschaftlich genutzte Fläche;RECF01;Rechtsformen;RECHTSF112;Einzelunternehmen, Nebenerwerb;FLCG05;Größenklassen der LF;FLCHC050B100;500 bis unter 1000 ha;.;ha;FLC044;Gepachtete Fläche
41141;Landwirtschaftszählung: Haupterhebung;JAHR;Jahr;2023;DLAND;Bundesländer;03;Niedersachsen;BNZAT4;Bodennutzungsarten;BNZAT-2;Landwirtschaftlich genutzte Fläche;RECF01;Rechtsformen;RECHTSF112;Einzelunternehmen, Nebenerwerb;FLCG05;Größenklassen der LF;FLCHC050B100;500 bis unter 1000 ha;.;ha;FLC059;LF in Betrieben mit gepachteten Flächen
41141;Landwirtschaftszählung: Haupterhebung;JAHR;Jahr;2023;DLAND;Bundesländer;03;Niedersachsen;BNZAT4;Bodennutzungsarten;BNZAT-2;Landwirtschaftlich genutzte Fläche;RECF01;Rechtsformen;RECHTSF112;Einzelunternehmen, Nebenerwerb;FLCG05;Größenklassen der LF;FLCHC050B100;500 bis unter 1000 ha;.;Anzahl;BTR024;Landwirtschaftl. Betriebe mit gepachteten Flächen
41141;Landwirtschaftszählung: Haupterhebung;JAHR;Jahr;2023;DLAND;Bundesländer;03;Niedersachsen;BNZAT4;Bodennutzungsarten;BNZAT-2;Landwirtschaftlich genutzte Fläche;RECF01;Rechtsformen;RECHTSF112;Einzelunternehmen, Nebenerwerb;FLCG05;Größenklassen der LF;FLCHC050B100;500 bis unter 1000 ha;.;EUR;ETG009;Pachtentgelt je ha
41141;Landwirtschaftszählung: Haupterhebung;JAHR;Jahr;2010;DLAND;Bundesländer;03;Niedersachsen;BNZAT4;Bodennutzungsarten;BNZAT-2;Landwirtschaftlich genutzte Fläche;RECF01;Rechtsformen;RECHTSF11;Einzelunternehmen;FLCG05;Größenklassen der LF;FLCHB020B050;20 bis unter 50 ha;99236;ha;FLC044;Gepachtete Fläche
41141;Landwirtschaftszählung: Haupterhebung;JAHR;Jahr;2010;DLAND;Bundesländer;03;Niedersachsen;BNZAT4;Bodennutzungsarten;BNZAT-2;Landwirtschaftlich genutzte Fläche;RECF01;Rechtsformen;RECHTSF11;Einzelunternehmen;FLCG05;Größenklassen der LF;FLCHB020B050;20 bis unter 50 ha;-;ha;FLC059;LF in Betrieben mit gepachteten Flächen
41141;Landwirtschaftszählung: Haupterhebung;JAHR;Jahr;2010;DLAND;Bundesländer;03;Niedersachsen;BNZAT4;Bodennutzungsarten;BNZAT-2;Landwirtschaftlich genutzte Fläche;RECF01;Rechtsformen;RECHTSF11;Einzelunternehmen;FLCG05;Größenklassen der LF;FLCHB020B050;20 bis unter 50 ha;-;Anzahl;BTR024;Landwirtschaftl. Betriebe mit gepachteten Flächen
41141;Landwirtschaftszählung: Haupterhebung;JAHR;Jahr;2010;DLAND;Bundesländer;03;Niedersachsen;BNZAT4;Bodennutzungsarten;BNZAT-2;Landwirtschaftlich genutzte Fläche;RECF01;Rechtsformen;RECHTSF11;Einzelunternehmen;FLCG05;Größenklassen der LF;FLCHB020B050;20 bis unter 50 ha;303;EUR;ETG009;Pachtentgelt je ha
41141;Landwirtschaftszählung: Haupterhebung;JAHR;Jahr;2023;DLAND;Bundesländer;03;Niedersachsen;BNZAT4;Bodennutzungsarten;BNZAT-2;Landwirtschaftlich genutzte Fläche;RECF01;Rechtsformen;RECHTSF111;Einzelunternehmen, Haupterwerb;FLCG05;Größenklassen der LF;FLCHC020B050;200 bis unter 500 ha;.;ha;FLC044;Gepachtete Fläche
41141;Landwirtschaftszählung: Haupterhebung;JAHR;Jahr;2023;DLAND;Bundesländer;03;Niedersachsen;BNZAT4;Bodennutzungsarten;BNZAT-2;Landwirtschaftlich genutzte Fläche;RECF01;Rechtsformen;RECHTSF111;Einzelunternehmen, Haupterwerb;FLCG05;Größenklassen der LF;FLCHC020B050;200 bis unter 500 ha;.;ha;FLC059;LF in Betrieben mit gepachteten Flächen
41141;Landwirtschaftszählung: Haupterhebung;JAHR;Jahr;2023;DLAND;Bundesländer;03;Niedersachsen;BNZAT4;Bodennutzungsarten;BNZAT-2;Landwirtschaftlich genutzte Fläche;RECF01;Rechtsformen;RECHTSF111;Einzelunternehmen, Haupterwerb;FLCG05;Größenklassen der LF;FLCHC020B050;200 bis unter 500 ha;.;Anzahl;BTR024;Landwirtschaftl. Betriebe mit gepachteten Flächen
41141;Landwirtschaftszählung: Haupterhebung;JAHR;Jahr;2023;DLAND;Bundesländer;03;Niedersachsen;BNZAT4;Bodennutzungsarten;BNZAT-2;Landwirtschaftlich genutzte Fläche;RECF01;Rechtsformen;RECHTSF111;Einzelunternehmen, Haupterwerb;FLCG05;Größenklassen der LF;FLCHC020B050;200 bis unter 500 ha;.;EUR;ETG009;Pachtentgelt je ha
41141;Landwirtschaftszählung: Haupterhebung;JAHR;Jahr;2013;DLAND;Bundesländer;03;Niedersachsen;BNZAT4;Bodennutzungsarten;BNZAT-2;Landwirtschaftlich genutzte Fläche;RECF01;Rechtsformen;RECHTSF11;Einzelunternehmen;FLCG05;Größenklassen der LF;FLCHA050B100;5 bis unter 10 ha;9200;ha;FLC044;Gepachtete Fläche
41141;Landwirtschaftszählung: Haupterhebung;JAHR;Jahr;2013;DLAND;Bundesländer;03;Niedersachsen;BNZAT4;Bodennutzungsarten;BNZAT-2;Landwirtschaftlich genutzte Fläche;RECF01;Rechtsformen;RECHTSF11;Einzelunternehmen;FLCG05;Größenklassen der LF;FLCHA050B100;5 bis unter 10 ha;-;ha;FLC059;LF in Betrieben mit gepachteten Flächen
41141;Landwirtschaftszählung: Haupterhebung;JAHR;Jahr;2013;DLAND;Bundesländer;03;Niedersachsen;BNZAT4;Bodennutzungsarten;BNZAT-2;Landwirtschaftlich genutzte Fläche;RECF01;Rechtsformen;RECHTSF11;Einzelunternehmen;FLCG05;Größenklassen der LF;FLCHA050B100;5 bis unter 10 ha;-;Anzahl;BTR024;Landwirtschaftl. Betriebe mit gepachteten Flächen
41141;Landwirtschaftszählung: Haupterhebung;JAHR;Jahr;2013;DLAND;Bundesländer;03;Niedersachsen;BNZAT4;Bodennutzungsarten;BNZAT-2;Landwirtschaftlich genutzte Fläche;RECF01;Rechtsformen;RECHTSF11;Einzelunternehmen;FLCG05;Größenklassen der LF;FLCHA050B100;5 bis unter 10 ha;258;EUR;ETG009;Pachtentgelt je ha
41141;Landwirtschaftszählung: Haupterhebung;JAHR;Jahr;2013;DLAND;Bundesländer;03;Niedersachsen;BNZAT4;Bodennutzungsarten;BNZAT-2;Landwirtschaftlich genutzte Fläche;RECF01;Rechtsformen;RECHTSF121;Personengemeinschaften, -gesellschaften;FLCG05;Größenklassen der LF;FLCHB020B050;20 bis unter 50 ha;/;ha;FLC044;Gepachtete Fläche
41141;Landwirtschaftszählung: Haupterhebung;JAHR;Jahr;2013;DLAND;Bundesländer;03;Niedersachsen;BNZAT4;Bodennutzungsarten;BNZAT-2;Landwirtschaftlich genutzte Fläche;RECF01;Rechtsformen;RECHTSF121;Personengemeinschaften, -gesellschaften;FLCG05;Größenklassen der LF;FLCHB020B050;20 bis unter 50 ha;-;ha;FLC059;LF in Betrieben mit gepachteten Flächen
41141;Landwirtschaftszählung: Haupterhebung;JAHR;Jahr;2013;DLAND;Bundesländer;03;Niedersachsen;BNZAT4;Bodennutzungsarten;BNZAT-2;Landwirtschaftlich genutzte Fläche;RECF01;Rechtsformen;RECHTSF121;Personengemeinschaften, -gesellschaften;FLCG05;Größenklassen der LF;FLCHB020B050;20 bis unter 50 ha;-;Anzahl;BTR024;Landwirtschaftl. Betriebe mit gepachteten Flächen
41141;Landwirtschaftszählung: Haupterhebung;JAHR;Jahr;2013;DLAND;Bundesländer;03;Niedersachsen;BNZAT4;Bodennutzungsarten;BNZAT-2;Landwirtschaftlich genutzte Fläche;RECF01;Rechtsformen;RECHTSF121;Personengemeinschaften, -gesellschaften;FLCG05;Größenklassen der LF;FLCHB020B050;20 bis unter 50 ha;461;EUR;ETG009;Pachtentgelt je ha
41141;Landwirtschaftszählung: Haupterhebung;JAHR;Jahr;2010;DLAND;Bundesländer;03;Niedersachsen;BNZAT4;Bodennutzungsarten;BNZAT-2;Landwirtschaftlich genutzte Fläche;RECF01;Rechtsformen;;Insgesamt;FLCG05;Größenklassen der LF;FLCHA000B050;unter 5 ha;976;ha;FLC044;Gepachtete Fläche
41141;Landwirtschaftszählung: Haupterhebung;JAHR;Jahr;2010;DLAND;Bundesländer;03;Niedersachsen;BNZAT4;Bodennutzungsarten;BNZAT-2;Landwirtschaftlich genutzte Fläche;RECF01;Rechtsformen;;Insgesamt;FLCG05;Größenklassen der LF;FLCHA000B050;unter 5 ha;-;ha;FLC059;LF in Betrieben mit gepachteten Flächen
41141;Landwirtschaftszählung: Haupterhebung;JAHR;Jahr;2010;DLAND;Bundesländer;03;Niedersachsen;BNZAT4;Bodennutzungsarten;BNZAT-2;Landwirtschaftlich genutzte Fläche;RECF01;Rechtsformen;;Insgesamt;FLCG05;Größenklassen der LF;FLCHA000B050;unter 5 ha;-;Anzahl;BTR024;Landwirtschaftl. Betriebe mit gepachteten Flächen
41141;Landwirtschaftszählung: Haupterhebung;JAHR;Jahr;2010;DLAND;Bundesländer;03;Niedersachsen;BNZAT4;Bodennutzungsarten;BNZAT-2;Landwirtschaftlich genutzte Fläche;RECF01;Rechtsformen;;Insgesamt;FLCG05;Größenklassen der LF;FLCHA000B050;unter 5 ha;329;EUR;ETG009;Pachtentgelt je ha
41141;Landwirtschaftszählung: Haupterhebung;JAHR;Jahr;2020;DLAND;Bundesländer;03;Niedersachsen;BNZAT4;Bodennutzungsarten;BNZAT-2;Landwirtschaftlich genutzte Fläche;RECF01;Rechtsformen;RECHTSF121;Personengemeinschaften, -gesellschaften;FLCG05;Größenklassen der LF;FLCHD010UM;1000 und mehr ha;.;ha;FLC044;Gepachtete Fläche
41141;Landwirtschaftszählung: Haupterhebung;JAHR;Jahr;2020;DLAND;Bundesländer;03;Niedersachsen;BNZAT4;Bodennutzungsarten;BNZAT-2;Landwirtschaftlich genutzte Fläche;RECF01;Rechtsformen;RECHTSF121;Personengemeinschaften, -gesellschaften;FLCG05;Größenklassen der LF;FLCHD010UM;1000 und mehr ha;.;ha;FLC059;LF in Betrieben mit gepachteten Flächen
41141;Landwirtschaftszählung: Haupterhebung;JAHR;Jahr;2020;DLAND;Bundesländer;03;Niedersachsen;BNZAT4;Bodennutzungsarten;BNZAT-2;Landwirtschaftlich genutzte Fläche;RECF01;Rechtsformen;RECHTSF121;Personengemeinschaften, -gesellschaften;FLCG05;Größenklassen der LF;FLCHD010UM;1000 und mehr ha;12;Anzahl;BTR024;Landwirtschaftl. Betriebe mit gepachteten Flächen
41141;Landwirtschaftszählung: Haupterhebung;JAHR;Jahr;2020;DLAND;Bundesländer;03;Niedersachsen;BNZAT4;Bodennutzungsarten;BNZAT-2;Landwirtschaftlich genutzte Fläche;RECF01;Rechtsformen;RECHTSF121;Personengemeinschaften, -gesellschaften;FLCG05;Größenklassen der LF;FLCHD010UM;1000 und mehr ha;.;EUR;ETG009;Pachtentgelt je ha
41141;Landwirtschaftszählung: Haupterhebung;JAHR;Jahr;2010;DLAND;Bundesländer;03;Niedersachsen;BNZAT4;Bodennutzungsarten;BNZAT-2;Landwirtschaftlich genutzte Fläche;RECF01;Rechtsformen;RECHTSF121;Personengemeinschaften, -gesellschaften;FLCG05;Größenklassen der LF;FLCHC010B020;100 bis unter 200 ha;67068;ha;FLC044;Gepachtete Fläche
41141;Landwirtschaftszählung: Haupterhebung;JAHR;Jahr;2010;DLAND;Bundesländer;03;Niedersachsen;BNZAT4;Bodennutzungsarten;BNZAT-2;Landwirtschaftlich genutzte Fläche;RECF01;Rechtsformen;RECHTSF121;Personengemeinschaften, -gesellschaften;FLCG05;Größenklassen der LF;FLCHC010B020;100 bis unter 200 ha;-;ha;FLC059;LF in Betrieben mit gepachteten Flächen
41141;Landwirtschaftszählung: Haupterhebung;JAHR;Jahr;2010;DLAND;Bundesländer;03;Niedersachsen;BNZAT4;Bodennutzungsarten;BNZAT-2;Landwirtschaftlich genutzte Fläche;RECF01;Rechtsformen;RECHTSF121;Personengemeinschaften, -gesellschaften;FLCG05;Größenklassen der LF;FLCHC010B020;100 bis unter 200 ha;-;Anzahl;BTR024;Landwirtschaftl. Betriebe mit gepachteten Flächen
41141;Landwirtschaftszählung: Haupterhebung;JAHR;Jahr;2010;DLAND;Bundesländer;03;Niedersachsen;BNZAT4;Bodennutzungsarten;BNZAT-2;Landwirtschaftlich genutzte Fläche;RECF01;Rechtsformen;RECHTSF121;Personengemeinschaften, -gesellschaften;FLCG05;Größenklassen der LF;FLCHC010B020;100 bis unter 200 ha;297;EUR;ETG009;Pachtentgelt je ha
41141;Landwirtschaftszählung: Haupterhebung;JAHR;Jahr;2010;DLAND;Bundesländer;03;Niedersachsen;BNZAT4;Bodennutzungsarten;BNZAT-2;Landwirtschaftlich genutzte Fläche;RECF01;Rechtsformen;RECHTSF11;Einzelunternehmen;FLCG05;Größenklassen der LF;FLCHA000B050;unter 5 ha;922;ha;FLC044;Gepachtete Fläche
41141;Landwirtschaftszählung: Haupterhebung;JAHR;Jahr;2010;DLAND;Bundesländer;03;Niedersachsen;BNZAT4;Bodennutzungsarten;BNZAT-2;Landwirtschaftlich genutzte Fläche;RECF01;Rechtsformen;RECHTSF11;Einzelunternehmen;FLCG05;Größenklassen der LF;FLCHA000B050;unter 5 ha;-;ha;FLC059;LF in Betrieben mit gepachteten Flächen
41141;Landwirtschaftszählung: Haupterhebung;JAHR;Jahr;2010;DLAND;Bundesländer;03;Niedersachsen;BNZAT4;Bodennutzungsarten;BNZAT-2;Landwirtschaftlich genutzte Fläche;RECF01;Rechtsformen;RECHTSF11;Einzelunternehmen;FLCG05;Größenklassen der LF;FLCHA000B050;unter 5 ha;-;Anzahl;BTR024;Landwirtschaftl. Betriebe mit gepachteten Flächen
41141;Landwirtschaftszählung: Haupterhebung;JAHR;Jahr;2010;DLAND;Bundesländer;03;Niedersachsen;BNZAT4;Bodennutzungsarten;BNZAT-2;Landwirtschaftlich genutzte Fläche;RECF01;Rechtsformen;RECHTSF11;Einzelunternehmen;FLCG05;Größenklassen der LF;FLCHA000B050;unter 5 ha;305;EUR;ETG009;Pachtentgelt je ha
41141;Landwirtschaftszählung: Haupterhebung;JAHR;Jahr;2020;DLAND;Bundesländer;03;Niedersachsen;BNZAT4;Bodennutzungsarten;BNZAT-2;Landwirtschaftlich genutzte Fläche;RECF01;Rechtsformen;;Insgesamt;FLCG05;Größenklassen der LF;FLCHD010UM;1000 und mehr ha;25637;ha;FLC044;Gepachtete Fläche
41141;Landwirtschaftszählung: Haupterhebung;JAHR;Jahr;2020;DLAND;Bundesländer;03;Niedersachsen;BNZAT4;Bodennutzungsarten;BNZAT-2;Landwirtschaftlich genutzte Fläche;RECF01;Rechtsformen;;Insgesamt;FLCG05;Größenklassen der LF;FLCHD010UM;1000 und mehr ha;39966;ha;FLC059;LF in Betrieben mit gepachteten Flächen
41141;Landwirtschaftszählung: Haupterhebung;JAHR;Jahr;2020;DLAND;Bundesländer;03;Niedersachsen;BNZAT4;Bodennutzungsarten;BNZAT-2;Landwirtschaftlich genutzte Fläche;RECF01;Rechtsformen;;Insgesamt;FLCG05;Größenklassen der LF;FLCHD010UM;1000 und mehr ha;25;Anzahl;BTR024;Landwirtschaftl. Betriebe mit gepachteten Flächen
41141;Landwirtschaftszählung: Haupterhebung;JAHR;Jahr;2020;DLAND;Bundesländer;03;Niedersachsen;BNZAT4;Bodennutzungsarten;BNZAT-2;Landwirtschaftlich genutzte Fläche;RECF01;Rechtsformen;;Insgesamt;FLCG05;Größenklassen der LF;FLCHD010UM;1000 und mehr ha;587;EUR;ETG009;Pachtentgelt je ha
41141;Landwirtschaftszählung: Haupterhebung;JAHR;Jahr;2023;DLAND;Bundesländer;03;Niedersachsen;BNZAT4;Bodennutzungsarten;BNZAT-2;Landwirtschaftlich genutzte Fläche;RECF01;Rechtsformen;RECHTSF11;Einzelunternehmen;FLCG05;Größenklassen der LF;FLCHB010B020;10 bis unter 20 ha;.;ha;FLC044;Gepachtete Fläche
41141;Landwirtschaftszählung: Haupterhebung;JAHR;Jahr;2023;DLAND;Bundesländer;03;Niedersachsen;BNZAT4;Bodennutzungsarten;BNZAT-2;Landwirtschaftlich genutzte Fläche;RECF01;Rechtsformen;RECHTSF11;Einzelunternehmen;FLCG05;Größenklassen der LF;FLCHB010B020;10 bis unter 20 ha;.;ha;FLC059;LF in Betrieben mit gepachteten Flächen
41141;Landwirtschaftszählung: Haupterhebung;JAHR;Jahr;2023;DLAND;Bundesländer;03;Niedersachsen;BNZAT4;Bodennutzungsarten;BNZAT-2;Landwirtschaftlich genutzte Fläche;RECF01;Rechtsformen;RECHTSF11;Einzelunternehmen;FLCG05;Größenklassen der LF;FLCHB010B020;10 bis unter 20 ha;.;Anzahl;BTR024;Landwirtschaftl. Betriebe mit gepachteten Flächen
41141;Landwirtschaftszählung: Haupterhebung;JAHR;Jahr;2023;DLAND;Bundesländer;03;Niedersachsen;BNZAT4;Bodennutzungsarten;BNZAT-2;Landwirtschaftlich genutzte Fläche;RECF01;Rechtsformen;RECHTSF11;Einzelunternehmen;FLCG05;Größenklassen der LF;FLCHB010B020;10 bis unter 20 ha;.;EUR;ETG009;Pachtentgelt je ha
41141;Landwirtschaftszählung: Haupterhebung;JAHR;Jahr;2013;DLAND;Bundesländer;03;Niedersachsen;BNZAT4;Bodennutzungsarten;BNZAT-2;Landwirtschaftlich genutzte Fläche;RECF01;Rechtsformen;;Insgesamt;FLCG05;Größenklassen der LF;FLCHB010B020;10 bis unter 20 ha;25600;ha;FLC044;Gepachtete Fläche
41141;Landwirtschaftszählung: Haupterhebung;JAHR;Jahr;2013;DLAND;Bundesländer;03;Niedersachsen;BNZAT4;Bodennutzungsarten;BNZAT-2;Landwirtschaftlich genutzte Fläche;RECF01;Rechtsformen;;Insgesamt;FLCG05;Größenklassen der LF;FLCHB010B020;10 bis unter 20 ha;-;ha;FLC059;LF in Betrieben mit gepachteten Flächen
41141;Landwirtschaftszählung: Haupterhebung;JAHR;Jahr;2013;DLAND;Bundesländer;03;Niedersachsen;BNZAT4;Bodennutzungsarten;BNZAT-2;Landwirtschaftlich genutzte Fläche;RECF01;Rechtsformen;;Insgesamt;FLCG05;Größenklassen der LF;FLCHB010B020;10 bis unter 20 ha;-;Anzahl;BTR024;Landwirtschaftl. Betriebe mit gepachteten Flächen
41141;Landwirtschaftszählung: Haupterhebung;JAHR;Jahr;2013;DLAND;Bundesländer;03;Niedersachsen;BNZAT4;Bodennutzungsarten;BNZAT-2;Landwirtschaftlich genutzte Fläche;RECF01;Rechtsformen;;Insgesamt;FLCG05;Größenklassen der LF;FLCHB010B020;10 bis unter 20 ha;312;EUR;ETG009;Pachtentgelt je ha
41141;Landwirtschaftszählung: Haupterhebung;JAHR;Jahr;2013;DLAND;Bundesländer;03;Niedersachsen;BNZAT4;Bodennutzungsarten;BNZAT-2;Landwirtschaftlich genutzte Fläche;RECF01;Rechtsformen;RECHTSF15;Juristische Personen;FLCG05;Größenklassen der LF;;Insgesamt;10000;ha;FLC044;Gepachtete Fläche
41141;Landwirtschaftszählung: Haupterhebung;JAHR;Jahr;2013;DLAND;Bundesländer;03;Niedersachsen;BNZAT4;Bodennutzungsarten;BNZAT-2;Landwirtschaftlich genutzte Fläche;RECF01;Rechtsformen;RECHTSF15;Juristische Personen;FLCG05;Größenklassen der LF;;Insgesamt;-;ha;FLC059;LF in Betrieben mit gepachteten Flächen
41141;Landwirtschaftszählung: Haupterhebung;JAHR;Jahr;2013;DLAND;Bundesländer;03;Niedersachsen;BNZAT4;Bodennutzungsarten;BNZAT-2;Landwirtschaftlich genutzte Fläche;RECF01;Rechtsformen;RECHTSF15;Juristische Personen;FLCG05;Größenklassen der LF;;Insgesamt;-;Anzahl;BTR024;Landwirtschaftl. Betriebe mit gepachteten Flächen
41141;Landwirtschaftszählung: Haupterhebung;JAHR;Jahr;2013;DLAND;Bundesländer;03;Niedersachsen;BNZAT4;Bodennutzungsarten;BNZAT-2;Landwirtschaftlich genutzte Fläche;RECF01;Rechtsformen;RECHTSF15;Juristische Personen;FLCG05;Größenklassen der LF;;Insgesamt;246;EUR;ETG009;Pachtentgelt je ha
41141;Landwirtschaftszählung: Haupterhebung;JAHR;Jahr;2016;DLAND;Bundesländer;03;Niedersachsen;BNZAT4;Bodennutzungsarten;BNZAT-2;Landwirtschaftlich genutzte Fläche;RECF01;Rechtsformen;RECHTSF111;Einzelunternehmen, Haupterwerb;FLCG05;Größenklassen der LF;FLCHB050B100;50 bis unter 100 ha;194400;ha;FLC044;Gepachtete Fläche
41141;Landwirtschaftszählung: Haupterhebung;JAHR;Jahr;2016;DLAND;Bundesländer;03;Niedersachsen;BNZAT4;Bodennutzungsarten;BNZAT-2;Landwirtschaftlich genutzte Fläche;RECF01;Rechtsformen;RECHTSF111;Einzelunternehmen, Haupterwerb;FLCG05;Größenklassen der LF;FLCHB050B100;50 bis unter 100 ha;-;ha;FLC059;LF in Betrieben mit gepachteten Flächen
41141;Landwirtschaftszählung: Haupterhebung;JAHR;Jahr;2016;DLAND;Bundesländer;03;Niedersachsen;BNZAT4;Bodennutzungsarten;BNZAT-2;Landwirtschaftlich genutzte Fläche;RECF01;Rechtsformen;RECHTSF111;Einzelunternehmen, Haupterwerb;FLCG05;Größenklassen der LF;FLCHB050B100;50 bis unter 100 ha;-;Anzahl;BTR024;Landwirtschaftl. Betriebe mit gepachteten Flächen
41141;Landwirtschaftszählung: Haupterhebung;JAHR;Jahr;2016;DLAND;Bundesländer;03;Niedersachsen;BNZAT4;Bodennutzungsarten;BNZAT-2;Landwirtschaftlich genutzte Fläche;RECF01;Rechtsformen;RECHTSF111;Einzelunternehmen, Haupterwerb;FLCG05;Größenklassen der LF;FLCHB050B100;50 bis unter 100 ha;470;EUR;ETG009;Pachtentgelt je ha
41141;Landwirtschaftszählung: Haupterhebung;JAHR;Jahr;2023;DLAND;Bundesländer;03;Niedersachsen;BNZAT4;Bodennutzungsarten;BNZAT-2;Landwirtschaftlich genutzte Fläche;RECF01;Rechtsformen;RECHTSF15;Juristische Personen;FLCG05;Größenklassen der LF;;Insgesamt;17700;ha;FLC044;Gepachtete Fläche
41141;Landwirtschaftszählung: Haupterhebung;JAHR;Jahr;2023;DLAND;Bundesländer;03;Niedersachsen;BNZAT4;Bodennutzungsarten;BNZAT-2;Landwirtschaftlich genutzte Fläche;RECF01;Rechtsformen;RECHTSF15;Juristische Personen;FLCG05;Größenklassen der LF;;Insgesamt;28300;ha;FLC059;LF in Betrieben mit gepachteten Flächen
41141;Landwirtschaftszählung: Haupterhebung;JAHR;Jahr;2023;DLAND;Bundesländer;03;Niedersachsen;BNZAT4;Bodennutzungsarten;BNZAT-2;Landwirtschaftlich genutzte Fläche;RECF01;Rechtsformen;RECHTSF15;Juristische Personen;FLCG05;Größenklassen der LF;;Insgesamt;/;Anzahl;BTR024;Landwirtschaftl. Betriebe mit gepachteten Flächen
41141;Landwirtschaftszählung: Haupterhebung;JAHR;Jahr;2023;DLAND;Bundesländer;03;Niedersachsen;BNZAT4;Bodennutzungsarten;BNZAT-2;Landwirtschaftlich genutzte Fläche;RECF01;Rechtsformen;RECHTSF15;Juristische Personen;FLCG05;Größenklassen der LF;;Insgesamt;517;EUR;ETG009;Pachtentgelt je ha
41141;Landwirtschaftszählung: Haupterhebung;JAHR;Jahr;2010;DLAND;Bundesländer;03;Niedersachsen;BNZAT4;Bodennutzungsarten;BNZAT-2;Landwirtschaftlich genutzte Fläche;RECF01;Rechtsformen;RECHTSF15;Juristische Personen;FLCG05;Größenklassen der LF;FLCHC050B100;500 bis unter 1000 ha;2061;ha;FLC044;Gepachtete Fläche
41141;Landwirtschaftszählung: Haupterhebung;JAHR;Jahr;2010;DLAND;Bundesländer;03;Niedersachsen;BNZAT4;Bodennutzungsarten;BNZAT-2;Landwirtschaftlich genutzte Fläche;RECF01;Rechtsformen;RECHTSF15;Juristische Personen;FLCG05;Größenklassen der LF;FLCHC050B100;500 bis unter 1000 ha;-;ha;FLC059;LF in Betrieben mit gepachteten Flächen
41141;Landwirtschaftszählung: Haupterhebung;JAHR;Jahr;2010;DLAND;Bundesländer;03;Niedersachsen;BNZAT4;Bodennutzungsarten;BNZAT-2;Landwirtschaftlich genutzte Fläche;RECF01;Rechtsformen;RECHTSF15;Juristische Personen;FLCG05;Größenklassen der LF;FLCHC050B100;500 bis unter 1000 ha;-;Anzahl;BTR024;Landwirtschaftl. Betriebe mit gepachteten Flächen
41141;Landwirtschaftszählung: Haupterhebung;JAHR;Jahr;2010;DLAND;Bundesländer;03;Niedersachsen;BNZAT4;Bodennutzungsarten;BNZAT-2;Landwirtschaftlich genutzte Fläche;RECF01;Rechtsformen;RECHTSF15;Juristische Personen;FLCG05;Größenklassen der LF;FLCHC050B100;500 bis unter 1000 ha;365;EUR;ETG009;Pachtentgelt je ha
41141;Landwirtschaftszählung: Haupterhebung;JAHR;Jahr;2023;DLAND;Bundesländer;03;Niedersachsen;BNZAT4;Bodennutzungsarten;BNZAT-2;Landwirtschaftlich genutzte Fläche;RECF01;Rechtsformen;RECHTSF121;Personengemeinschaften, -gesellschaften;FLCG05;Größenklassen der LF;FLCHA000B050;unter 5 ha;.;ha;FLC044;Gepachtete Fläche
41141;Landwirtschaftszählung: Haupterhebung;JAHR;Jahr;2023;DLAND;Bundesländer;03;Niedersachsen;BNZAT4;Bodennutzungsarten;BNZAT-2;Landwirtschaftlich genutzte Fläche;RECF01;Rechtsformen;RECHTSF121;Personengemeinschaften, -gesellschaften;FLCG05;Größenklassen der LF;FLCHA000B050;unter 5 ha;.;ha;FLC059;LF in Betrieben mit gepachteten Flächen
41141;Landwirtschaftszählung: Haupterhebung;JAHR;Jahr;2023;DLAND;Bundesländer;03;Niedersachsen;BNZAT4;Bodennutzungsarten;BNZAT-2;Landwirtschaftlich genutzte Fläche;RECF01;Rechtsformen;RECHTSF121;Personengemeinschaften, -gesellschaften;FLCG05;Größenklassen der LF;FLCHA000B050;unter 5 ha;.;Anzahl;BTR024;Landwirtschaftl. Betriebe mit gepachteten Flächen
41141;Landwirtschaftszählung: Haupterhebung;JAHR;Jahr;2023;DLAND;Bundesländer;03;Niedersachsen;BNZAT4;Bodennutzungsarten;BNZAT-2;Landwirtschaftlich genutzte Fläche;RECF01;Rechtsformen;RECHTSF121;Personengemeinschaften, -gesellschaften;FLCG05;Größenklassen der LF;FLCHA000B050;unter 5 ha;.;EUR;ETG009;Pachtentgelt je ha
41141;Landwirtschaftszählung: Haupterhebung;JAHR;Jahr;2010;DLAND;Bundesländer;03;Niedersachsen;BNZAT4;Bodennutzungsarten;BNZAT-2;Landwirtschaftlich genutzte Fläche;RECF01;Rechtsformen;RECHTSF121;Personengemeinschaften, -gesellschaften;FLCG05;Größenklassen der LF;FLCHA000B050;unter 5 ha;40;ha;FLC044;Gepachtete Fläche
41141;Landwirtschaftszählung: Haupterhebung;JAHR;Jahr;2010;DLAND;Bundesländer;03;Niedersachsen;BNZAT4;Bodennutzungsarten;BNZAT-2;Landwirtschaftlich genutzte Fläche;RECF01;Rechtsformen;RECHTSF121;Personengemeinschaften, -gesellschaften;FLCG05;Größenklassen der LF;FLCHA000B050;unter 5 ha;-;ha;FLC059;LF in Betrieben mit gepachteten Flächen
41141;Landwirtschaftszählung: Haupterhebung;JAHR;Jahr;2010;DLAND;Bundesländer;03;Niedersachsen;BNZAT4;Bodennutzungsarten;BNZAT-2;Landwirtschaftlich genutzte Fläche;RECF01;Rechtsformen;RECHTSF121;Personengemeinschaften, -gesellschaften;FLCG05;Größenklassen der LF;FLCHA000B050;unter 5 ha;-;Anzahl;BTR024;Landwirtschaftl. Betriebe mit gepachteten Flächen
41141;Landwirtschaftszählung: Haupterhebung;JAHR;Jahr;2010;DLAND;Bundesländer;03;Niedersachsen;BNZAT4;Bodennutzungsarten;BNZAT-2;Landwirtschaftlich genutzte Fläche;RECF01;Rechtsformen;RECHTSF121;Personengemeinschaften, -gesellschaften;FLCG05;Größenklassen der LF;FLCHA000B050;unter 5 ha;705;EUR;ETG009;Pachtentgelt je ha
41141;Landwirtschaftszählung: Haupterhebung;JAHR;Jahr;2010;DLAND;Bundesländer;03;Niedersachsen;BNZAT4;Bodennutzungsarten;BNZAT-2;Landwirtschaftlich genutzte Fläche;RECF01;Rechtsformen;RECHTSF111;Einzelunternehmen, Haupterwerb;FLCG05;Größenklassen der LF;FLCHC010B020;100 bis unter 200 ha;291153;ha;FLC044;Gepachtete Fläche
41141;Landwirtschaftszählung: Haupterhebung;JAHR;Jahr;2010;DLAND;Bundesländer;03;Niedersachsen;BNZAT4;Bodennutzungsarten;BNZAT-2;Landwirtschaftlich genutzte Fläche;RECF01;Rechtsformen;RECHTSF111;Einzelunternehmen, Haupterwerb;FLCG05;Größenklassen der LF;FLCHC010B020;100 bis unter 200 ha;-;ha;FLC059;LF in Betrieben mit gepachteten Flächen
41141;Landwirtschaftszählung: Haupterhebung;JAHR;Jahr;2010;DLAND;Bundesländer;03;Niedersachsen;BNZAT4;Bodennutzungsarten;BNZAT-2;Landwirtschaftlich genutzte Fläche;RECF01;Rechtsformen;RECHTSF111;Einzelunternehmen, Haupterwerb;FLCG05;Größenklassen der LF;FLCHC010B020;100 bis unter 200 ha;-;Anzahl;BTR024;Landwirtschaftl. Betriebe mit gepachteten Flächen
41141;Landwirtschaftszählung: Haupterhebung;JAHR;Jahr;2010;DLAND;Bundesländer;03;Niedersachsen;BNZAT4;Bodennutzungsarten;BNZAT-2;Landwirtschaftlich genutzte Fläche;RECF01;Rechtsformen;RECHTSF111;Einzelunternehmen, Haupterwerb;FLCG05;Größenklassen der LF;FLCHC010B020;100 bis unter 200 ha;306;EUR;ETG009;Pachtentgelt je ha
41141;Landwirtschaftszählung: Haupterhebung;JAHR;Jahr;2023;DLAND;Bundesländer;03;Niedersachsen;BNZAT4;Bodennutzungsarten;BNZAT-2;Landwirtschaftlich genutzte Fläche;RECF01;Rechtsformen;RECHTSF111;Einzelunternehmen, Haupterwerb;FLCG05;Größenklassen der LF;FLCHA050B100;5 bis unter 10 ha;.;ha;FLC044;Gepachtete Fläche
41141;Landwirtschaftszählung: Haupterhebung;JAHR;Jahr;2023;DLAND;Bundesländer;03;Niedersachsen;BNZAT4;Bodennutzungsarten;BNZAT-2;Landwirtschaftlich genutzte Fläche;RECF01;Rechtsformen;RECHTSF111;Einzelunternehmen, Haupterwerb;FLCG05;Größenklassen der LF;FLCHA050B100;5 bis unter 10 ha;.;ha;FLC059;LF in Betrieben mit gepachteten Flächen
41141;Landwirtschaftszählung: Haupterhebung;JAHR;Jahr;2023;DLAND;Bundesländer;03;Niedersachsen;BNZAT4;Bodennutzungsarten;BNZAT-2;Landwirtschaftlich genutzte Fläche;RECF01;Rechtsformen;RECHTSF111;Einzelunternehmen, Haupterwerb;FLCG05;Größenklassen der LF;FLCHA050B100;5 bis unter 10 ha;.;Anzahl;BTR024;Landwirtschaftl. Betriebe mit gepachteten Flächen
41141;Landwirtschaftszählung: Haupterhebung;JAHR;Jahr;2023;DLAND;Bundesländer;03;Niedersachsen;BNZAT4;Bodennutzungsarten;BNZAT-2;Landwirtschaftlich genutzte Fläche;RECF01;Rechtsformen;RECHTSF111;Einzelunternehmen, Haupterwerb;FLCG05;Größenklassen der LF;FLCHA050B100;5 bis unter 10 ha;.;EUR;ETG009;Pachtentgelt je ha
41141;Landwirtschaftszählung: Haupterhebung;JAHR;Jahr;2013;DLAND;Bundesländer;03;Niedersachsen;BNZAT4;Bodennutzungsarten;BNZAT-2;Landwirtschaftlich genutzte Fläche;RECF01;Rechtsformen;RECHTSF112;Einzelunternehmen, Nebenerwerb;FLCG05;Größenklassen der LF;FLCHC010B020;100 bis unter 200 ha;/;ha;FLC044;Gepachtete Fläche
41141;Landwirtschaftszählung: Haupterhebung;JAHR;Jahr;2013;DLAND;Bundesländer;03;Niedersachsen;BNZAT4;Bodennutzungsarten;BNZAT-2;Landwirtschaftlich genutzte Fläche;RECF01;Rechtsformen;RECHTSF112;Einzelunternehmen, Nebenerwerb;FLCG05;Größenklassen der LF;FLCHC010B020;100 bis unter 200 ha;-;ha;FLC059;LF in Betrieben mit gepachteten Flächen
41141;Landwirtschaftszählung: Haupterhebung;JAHR;Jahr;2013;DLAND;Bundesländer;03;Niedersachsen;BNZAT4;Bodennutzungsarten;BNZAT-2;Landwirtschaftlich genutzte Fläche;RECF01;Rechtsformen;RECHTSF112;Einzelunternehmen, Nebenerwerb;FLCG05;Größenklassen der LF;FLCHC010B020;100 bis unter 200 ha;-;Anzahl;BTR024;Landwirtschaftl. Betriebe mit gepachteten Flächen
41141;Landwirtschaftszählung: Haupterhebung;JAHR;Jahr;2013;DLAND;Bundesländer;03;Niedersachsen;BNZAT4;Bodennutzungsarten;BNZAT-2;Landwirtschaftlich genutzte Fläche;RECF01;Rechtsformen;RECHTSF112;Einzelunternehmen, Nebenerwerb;FLCG05;Größenklassen der LF;FLCHC010B020;100 bis unter 200 ha;524;EUR;ETG009;Pachtentgelt je ha
41141;Landwirtschaftszählung: Haupterhebung;JAHR;Jahr;2020;DLAND;Bundesländer;03;Niedersachsen;BNZAT4;Bodennutzungsarten;BNZAT-2;Landwirtschaftlich genutzte Fläche;RECF01;Rechtsformen;RECHTSF121;Personengemeinschaften, -gesellschaften;FLCG05;Größenklassen der LF;FLCHA050B100;5 bis unter 10 ha;.;ha;FLC044;Gepachtete Fläche
41141;Landwirtschaftszählung: Haupterhebung;JAHR;Jahr;2020;DLAND;Bundesländer;03;Niedersachsen;BNZAT4;Bodennutzungsarten;BNZAT-2;Landwirtschaftlich genutzte Fläche;RECF01;Rechtsformen;RECHTSF121;Personengemeinschaften, -gesellschaften;FLCG05;Größenklassen der LF;FLCHA050B100;5 bis unter 10 ha;.;ha;FLC059;LF in Betrieben mit gepachteten Flächen
41141;Landwirtschaftszählung: Haupterhebung;JAHR;Jahr;2020;DLAND;Bundesländer;03;Niedersachsen;BNZAT4;Bodennutzungsarten;BNZAT-2;Landwirtschaftlich genutzte Fläche;RECF01;Rechtsformen;RECHTSF121;Personengemeinschaften, -gesellschaften;FLCG05;Größenklassen der LF;FLCHA050B100;5 bis unter 10 ha;95;Anzahl;BTR024;Landwirtschaftl. Betriebe mit gepachteten Flächen
41141;Landwirtschaftszählung: Haupterhebung;JAHR;Jahr;2020;DLAND;Bundesländer;03;Niedersachsen;BNZAT4;Bodennutzungsarten;BNZAT-2;Landwirtschaftlich genutzte Fläche;RECF01;Rechtsformen;RECHTSF121;Personengemeinschaften, -gesellschaften;FLCG05;Größenklassen der LF;FLCHA050B100;5 bis unter 10 ha;.;EUR;ETG009;Pachtentgelt je ha
41141;Landwirtschaftszählung: Haupterhebung;JAHR;Jahr;2020;DLAND;Bundesländer;03;Niedersachsen;BNZAT4;Bodennutzungsarten;BNZAT-2;Landwirtschaftlich genutzte Fläche;RECF01;Rechtsformen;RECHTSF112;Einzelunternehmen, Nebenerwerb;FLCG05;Größenklassen der LF;FLCHB010B020;10 bis unter 20 ha;17974;ha;FLC044;Gepachtete Fläche
41141;Landwirtschaftszählung: Haupterhebung;JAHR;Jahr;2020;DLAND;Bundesländer;03;Niedersachsen;BNZAT4;Bodennutzungsarten;BNZAT-2;Landwirtschaftlich genutzte Fläche;RECF01;Rechtsformen;RECHTSF112;Einzelunternehmen, Nebenerwerb;FLCG05;Größenklassen der LF;FLCHB010B020;10 bis unter 20 ha;33602;ha;FLC059;LF in Betrieben mit gepachteten Flächen
41141;Landwirtschaftszählung: Haupterhebung;JAHR;Jahr;2020;DLAND;Bundesländer;03;Niedersachsen;BNZAT4;Bodennutzungsarten;BNZAT-2;Landwirtschaftlich genutzte Fläche;RECF01;Rechtsformen;RECHTSF112;Einzelunternehmen, Nebenerwerb;FLCG05;Größenklassen der LF;FLCHB010B020;10 bis unter 20 ha;2260;Anzahl;BTR024;Landwirtschaftl. Betriebe mit gepachteten Flächen
41141;Landwirtschaftszählung: Haupterhebung;JAHR;Jahr;2020;DLAND;Bundesländer;03;Niedersachsen;BNZAT4;Bodennutzungsarten;BNZAT-2;Landwirtschaftlich genutzte Fläche;RECF01;Rechtsformen;RECHTSF112;Einzelunternehmen, Nebenerwerb;FLCG05;Größenklassen der LF;FLCHB010B020;10 bis unter 20 ha;333;EUR;ETG009;Pachtentgelt je ha
41141;Landwirtschaftszählung: Haupterhebung;JAHR;Jahr;2023;DLAND;Bundesländer;03;Niedersachsen;BNZAT4;Bodennutzungsarten;BNZAT-2;Landwirtschaftlich genutzte Fläche;RECF01;Rechtsformen;;Insgesamt;FLCG05;Größenklassen der LF;FLCHC020B050;200 bis unter 500 ha;416100;ha;FLC044;Gepachtete Fläche
41141;Landwirtschaftszählung: Haupterhebung;JAHR;Jahr;2023;DLAND;Bundesländer;03;Niedersachsen;BNZAT4;Bodennutzungsarten;BNZAT-2;Landwirtschaftlich genutzte Fläche;RECF01;Rechtsformen;;Insgesamt;FLCG05;Größenklassen der LF;FLCHC020B050;200 bis unter 500 ha;634200;ha;FLC059;LF in Betrieben mit gepachteten Flächen
41141;Landwirtschaftszählung: Haupterhebung;JAHR;Jahr;2023;DLAND;Bundesländer;03;Niedersachsen;BNZAT4;Bodennutzungsarten;BNZAT-2;Landwirtschaftlich genutzte Fläche;RECF01;Rechtsformen;;Insgesamt;FLCG05;Größenklassen der LF;FLCHC020B050;200 bis unter 500 ha;2240;Anzahl;BTR024;Landwirtschaftl. Betriebe mit gepachteten Flächen
41141;Landwirtschaftszählung: Haupterhebung;JAHR;Jahr;2023;DLAND;Bundesländer;03;Niedersachsen;BNZAT4;Bodennutzungsarten;BNZAT-2;Landwirtschaftlich genutzte Fläche;RECF01;Rechtsformen;;Insgesamt;FLCG05;Größenklassen der LF;FLCHC020B050;200 bis unter 500 ha;559;EUR;ETG009;Pachtentgelt je ha
41141;Landwirtschaftszählung: Haupterhebung;JAHR;Jahr;2020;DLAND;Bundesländer;03;Niedersachsen;BNZAT4;Bodennutzungsarten;BNZAT-2;Landwirtschaftlich genutzte Fläche;RECF01;Rechtsformen;RECHTSF112;Einzelunternehmen, Nebenerwerb;FLCG05;Größenklassen der LF;FLCHD010UM;1000 und mehr ha;-;ha;FLC044;Gepachtete Fläche
41141;Landwirtschaftszählung: Haupterhebung;JAHR;Jahr;2020;DLAND;Bundesländer;03;Niedersachsen;BNZAT4;Bodennutzungsarten;BNZAT-2;Landwirtschaftlich genutzte Fläche;RECF01;Rechtsformen;RECHTSF112;Einzelunternehmen, Nebenerwerb;FLCG05;Größenklassen der LF;FLCHD010UM;1000 und mehr ha;-;ha;FLC059;LF in Betrieben mit gepachteten Flächen
41141;Landwirtschaftszählung: Haupterhebung;JAHR;Jahr;2020;DLAND;Bundesländer;03;Niedersachsen;BNZAT4;Bodennutzungsarten;BNZAT-2;Landwirtschaftlich genutzte Fläche;RECF01;Rechtsformen;RECHTSF112;Einzelunternehmen, Nebenerwerb;FLCG05;Größenklassen der LF;FLCHD010UM;1000 und mehr ha;-;Anzahl;BTR024;Landwirtschaftl. Betriebe mit gepachteten Flächen
41141;Landwirtschaftszählung: Haupterhebung;JAHR;Jahr;2020;DLAND;Bundesländer;03;Niedersachsen;BNZAT4;Bodennutzungsarten;BNZAT-2;Landwirtschaftlich genutzte Fläche;RECF01;Rechtsformen;RECHTSF112;Einzelunternehmen, Nebenerwerb;FLCG05;Größenklassen der LF;FLCHD010UM;1000 und mehr ha;-;EUR;ETG009;Pachtentgelt je ha
41141;Landwirtschaftszählung: Haupterhebung;JAHR;Jahr;2020;DLAND;Bundesländer;03;Niedersachsen;BNZAT4;Bodennutzungsarten;BNZAT-2;Landwirtschaftlich genutzte Fläche;RECF01;Rechtsformen;;Insgesamt;FLCG05;Größenklassen der LF;FLCHC010B020;100 bis unter 200 ha;471570;ha;FLC044;Gepachtete Fläche
41141;Landwirtschaftszählung: Haupterhebung;JAHR;Jahr;2020;DLAND;Bundesländer;03;Niedersachsen;BNZAT4;Bodennutzungsarten;BNZAT-2;Landwirtschaftlich genutzte Fläche;RECF01;Rechtsformen;;Insgesamt;FLCG05;Größenklassen der LF;FLCHC010B020;100 bis unter 200 ha;792695;ha;FLC059;LF in Betrieben mit gepachteten Flächen
41141;Landwirtschaftszählung: Haupterhebung;JAHR;Jahr;2020;DLAND;Bundesländer;03;Niedersachsen;BNZAT4;Bodennutzungsarten;BNZAT-2;Landwirtschaftlich genutzte Fläche;RECF01;Rechtsformen;;Insgesamt;FLCG05;Größenklassen der LF;FLCHC010B020;100 bis unter 200 ha;5777;Anzahl;BTR024;Landwirtschaftl. Betriebe mit gepachteten Flächen
41141;Landwirtschaftszählung: Haupterhebung;JAHR;Jahr;2020;DLAND;Bundesländer;03;Niedersachsen;BNZAT4;Bodennutzungsarten;BNZAT-2;Landwirtschaftlich genutzte Fläche;RECF01;Rechtsformen;;Insgesamt;FLCG05;Größenklassen der LF;FLCHC010B020;100 bis unter 200 ha;513;EUR;ETG009;Pachtentgelt je ha
41141;Landwirtschaftszählung: Haupterhebung;JAHR;Jahr;2013;DLAND;Bundesländer;03;Niedersachsen;BNZAT4;Bodennutzungsarten;BNZAT-2;Landwirtschaftlich genutzte Fläche;RECF01;Rechtsformen;RECHTSF15;Juristische Personen;FLCG05;Größenklassen der LF;FLCHB050B100;50 bis unter 100 ha;200;ha;FLC044;Gepachtete Fläche
41141;Landwirtschaftszählung: Haupterhebung;JAHR;Jahr;2013;DLAND;Bundesländer;03;Niedersachsen;BNZAT4;Bodennutzungsarten;BNZAT-2;Landwirtschaftlich genutzte Fläche;RECF01;Rechtsformen;RECHTSF15;Juristische Personen;FLCG05;Größenklassen der LF;FLCHB050B100;50 bis unter 100 ha;-;ha;FLC059;LF in Betrieben mit gepachteten Flächen
41141;Landwirtschaftszählung: Haupterhebung;JAHR;Jahr;2013;DLAND;Bundesländer;03;Niedersachsen;BNZAT4;Bodennutzungsarten;BNZAT-2;Landwirtschaftlich genutzte Fläche;RECF01;Rechtsformen;RECHTSF15;Juristische Personen;FLCG05;Größenklassen der LF;FLCHB050B100;50 bis unter 100 ha;-;Anzahl;BTR024;Landwirtschaftl. Betriebe mit gepachteten Flächen
41141;Landwirtschaftszählung: Haupterhebung;JAHR;Jahr;2013;DLAND;Bundesländer;03;Niedersachsen;BNZAT4;Bodennutzungsarten;BNZAT-2;Landwirtschaftlich genutzte Fläche;RECF01;Rechtsformen;RECHTSF15;Juristische Personen;FLCG05;Größenklassen der LF;FLCHB050B100;50 bis unter 100 ha;446;EUR;ETG009;Pachtentgelt je ha
41141;Landwirtschaftszählung: Haupterhebung;JAHR;Jahr;2013;DLAND;Bundesländer;03;Niedersachsen;BNZAT4;Bodennutzungsarten;BNZAT-2;Landwirtschaftlich genutzte Fläche;RECF01;Rechtsformen;RECHTSF121;Personengemeinschaften, -gesellschaften;FLCG05;Größenklassen der LF;FLCHB050B100;50 bis unter 100 ha;40200;ha;FLC044;Gepachtete Fläche
41141;Landwirtschaftszählung: Haupterhebung;JAHR;Jahr;2013;DLAND;Bundesländer;03;Niedersachsen;BNZAT4;Bodennutzungsarten;BNZAT-2;Landwirtschaftlich genutzte Fläche;RECF01;Rechtsformen;RECHTSF121;Personengemeinschaften, -gesellschaften;FLCG05;Größenklassen der LF;FLCHB050B100;50 bis unter 100 ha;-;ha;FLC059;LF in Betrieben mit gepachteten Flächen
41141;Landwirtschaftszählung: Haupterhebung;JAHR;Jahr;2013;DLAND;Bundesländer;03;Niedersachsen;BNZAT4;Bodennutzungsarten;BNZAT-2;Landwirtschaftlich genutzte Fläche;RECF01;Rechtsformen;RECHTSF121;Personengemeinschaften, -gesellschaften;FLCG05;Größenklassen der LF;FLCHB050B100;50 bis unter 100 ha;-;Anzahl;BTR024;Landwirtschaftl. Betriebe mit gepachteten Flächen
41141;Landwirtschaftszählung: Haupterhebung;JAHR;Jahr;2013;DLAND;Bundesländer;03;Niedersachsen;BNZAT4;Bodennutzungsarten;BNZAT-2;Landwirtschaftlich genutzte Fläche;RECF01;Rechtsformen;RECHTSF121;Personengemeinschaften, -gesellschaften;FLCG05;Größenklassen der LF;FLCHB050B100;50 bis unter 100 ha;414;EUR;ETG009;Pachtentgelt je ha
41141;Landwirtschaftszählung: Haupterhebung;JAHR;Jahr;2016;DLAND;Bundesländer;03;Niedersachsen;BNZAT4;Bodennutzungsarten;BNZAT-2;Landwirtschaftlich genutzte Fläche;RECF01;Rechtsformen;RECHTSF121;Personengemeinschaften, -gesellschaften;FLCG05;Größenklassen der LF;FLCHB020B050;20 bis unter 50 ha;6700;ha;FLC044;Gepachtete Fläche
41141;Landwirtschaftszählung: Haupterhebung;JAHR;Jahr;2016;DLAND;Bundesländer;03;Niedersachsen;BNZAT4;Bodennutzungsarten;BNZAT-2;Landwirtschaftlich genutzte Fläche;RECF01;Rechtsformen;RECHTSF121;Personengemeinschaften, -gesellschaften;FLCG05;Größenklassen der LF;FLCHB020B050;20 bis unter 50 ha;-;ha;FLC059;LF in Betrieben mit gepachteten Flächen
41141;Landwirtschaftszählung: Haupterhebung;JAHR;Jahr;2016;DLAND;Bundesländer;03;Niedersachsen;BNZAT4;Bodennutzungsarten;BNZAT-2;Landwirtschaftlich genutzte Fläche;RECF01;Rechtsformen;RECHTSF121;Personengemeinschaften, -gesellschaften;FLCG05;Größenklassen der LF;FLCHB020B050;20 bis unter 50 ha;-;Anzahl;BTR024;Landwirtschaftl. Betriebe mit gepachteten Flächen
41141;Landwirtschaftszählung: Haupterhebung;JAHR;Jahr;2016;DLAND;Bundesländer;03;Niedersachsen;BNZAT4;Bodennutzungsarten;BNZAT-2;Landwirtschaftlich genutzte Fläche;RECF01;Rechtsformen;RECHTSF121;Personengemeinschaften, -gesellschaften;FLCG05;Größenklassen der LF;FLCHB020B050;20 bis unter 50 ha;557;EUR;ETG009;Pachtentgelt je ha
41141;Landwirtschaftszählung: Haupterhebung;JAHR;Jahr;2010;DLAND;Bundesländer;03;Niedersachsen;BNZAT4;Bodennutzungsarten;BNZAT-2;Landwirtschaftlich genutzte Fläche;RECF01;Rechtsformen;;Insgesamt;FLCG05;Größenklassen der LF;FLCHB010B020;10 bis unter 20 ha;25227;ha;FLC044;Gepachtete Fläche
41141;Landwirtschaftszählung: Haupterhebung;JAHR;Jahr;2010;DLAND;Bundesländer;03;Niedersachsen;BNZAT4;Bodennutzungsarten;BNZAT-2;Landwirtschaftlich genutzte Fläche;RECF01;Rechtsformen;;Insgesamt;FLCG05;Größenklassen der LF;FLCHB010B020;10 bis unter 20 ha;-;ha;FLC059;LF in Betrieben mit gepachteten Flächen
41141;Landwirtschaftszählung: Haupterhebung;JAHR;Jahr;2010;DLAND;Bundesländer;03;Niedersachsen;BNZAT4;Bodennutzungsarten;BNZAT-2;Landwirtschaftlich genutzte Fläche;RECF01;Rechtsformen;;Insgesamt;FLCG05;Größenklassen der LF;FLCHB010B020;10 bis unter 20 ha;-;Anzahl;BTR024;Landwirtschaftl. Betriebe mit gepachteten Flächen
41141;Landwirtschaftszählung: Haupterhebung;JAHR;Jahr;2010;DLAND;Bundesländer;03;Niedersachsen;BNZAT4;Bodennutzungsarten;BNZAT-2;Landwirtschaftlich genutzte Fläche;RECF01;Rechtsformen;;Insgesamt;FLCG05;Größenklassen der LF;FLCHB010B020;10 bis unter 20 ha;258;EUR;ETG009;Pachtentgelt je ha
41141;Landwirtschaftszählung: Haupterhebung;JAHR;Jahr;2010;DLAND;Bundesländer;03;Niedersachsen;BNZAT4;Bodennutzungsarten;BNZAT-2;Landwirtschaftlich genutzte Fläche;RECF01;Rechtsformen;RECHTSF112;Einzelunternehmen, Nebenerwerb;FLCG05;Größenklassen der LF;FLCHD010UM;1000 und mehr ha;-;ha;FLC044;Gepachtete Fläche
41141;Landwirtschaftszählung: Haupterhebung;JAHR;Jahr;2010;DLAND;Bundesländer;03;Niedersachsen;BNZAT4;Bodennutzungsarten;BNZAT-2;Landwirtschaftlich genutzte Fläche;RECF01;Rechtsformen;RECHTSF112;Einzelunternehmen, Nebenerwerb;FLCG05;Größenklassen der LF;FLCHD010UM;1000 und mehr ha;-;ha;FLC059;LF in Betrieben mit gepachteten Flächen
41141;Landwirtschaftszählung: Haupterhebung;JAHR;Jahr;2010;DLAND;Bundesländer;03;Niedersachsen;BNZAT4;Bodennutzungsarten;BNZAT-2;Landwirtschaftlich genutzte Fläche;RECF01;Rechtsformen;RECHTSF112;Einzelunternehmen, Nebenerwerb;FLCG05;Größenklassen der LF;FLCHD010UM;1000 und mehr ha;-;Anzahl;BTR024;Landwirtschaftl. Betriebe mit gepachteten Flächen
41141;Landwirtschaftszählung: Haupterhebung;JAHR;Jahr;2010;DLAND;Bundesländer;03;Niedersachsen;BNZAT4;Bodennutzungsarten;BNZAT-2;Landwirtschaftlich genutzte Fläche;RECF01;Rechtsformen;RECHTSF112;Einzelunternehmen, Nebenerwerb;FLCG05;Größenklassen der LF;FLCHD010UM;1000 und mehr ha;-;EUR;ETG009;Pachtentgelt je ha
41141;Landwirtschaftszählung: Haupterhebung;JAHR;Jahr;2016;DLAND;Bundesländer;03;Niedersachsen;BNZAT4;Bodennutzungsarten;BNZAT-2;Landwirtschaftlich genutzte Fläche;RECF01;Rechtsformen;RECHTSF11;Einzelunternehmen;FLCG05;Größenklassen der LF;FLCHA050B100;5 bis unter 10 ha;7700;ha;FLC044;Gepachtete Fläche
41141;Landwirtschaftszählung: Haupterhebung;JAHR;Jahr;2016;DLAND;Bundesländer;03;Niedersachsen;BNZAT4;Bodennutzungsarten;BNZAT-2;Landwirtschaftlich genutzte Fläche;RECF01;Rechtsformen;RECHTSF11;Einzelunternehmen;FLCG05;Größenklassen der LF;FLCHA050B100;5 bis unter 10 ha;-;ha;FLC059;LF in Betrieben mit gepachteten Flächen
41141;Landwirtschaftszählung: Haupterhebung;JAHR;Jahr;2016;DLAND;Bundesländer;03;Niedersachsen;BNZAT4;Bodennutzungsarten;BNZAT-2;Landwirtschaftlich genutzte Fläche;RECF01;Rechtsformen;RECHTSF11;Einzelunternehmen;FLCG05;Größenklassen der LF;FLCHA050B100;5 bis unter 10 ha;-;Anzahl;BTR024;Landwirtschaftl. Betriebe mit gepachteten Flächen
41141;Landwirtschaftszählung: Haupterhebung;JAHR;Jahr;2016;DLAND;Bundesländer;03;Niedersachsen;BNZAT4;Bodennutzungsarten;BNZAT-2;Landwirtschaftlich genutzte Fläche;RECF01;Rechtsformen;RECHTSF11;Einzelunternehmen;FLCG05;Größenklassen der LF;FLCHA050B100;5 bis unter 10 ha;297;EUR;ETG009;Pachtentgelt je ha
41141;Landwirtschaftszählung: Haupterhebung;JAHR;Jahr;2010;DLAND;Bundesländer;03;Niedersachsen;BNZAT4;Bodennutzungsarten;BNZAT-2;Landwirtschaftlich genutzte Fläche;RECF01;Rechtsformen;RECHTSF15;Juristische Personen;FLCG05;Größenklassen der LF;FLCHD010UM;1000 und mehr ha;4038;ha;FLC044;Gepachtete Fläche
41141;Landwirtschaftszählung: Haupterhebung;JAHR;Jahr;2010;DLAND;Bundesländer;03;Niedersachsen;BNZAT4;Bodennutzungsarten;BNZAT-2;Landwirtschaftlich genutzte Fläche;RECF01;Rechtsformen;RECHTSF15;Juristische Personen;FLCG05;Größenklassen der LF;FLCHD010UM;1000 und mehr ha;-;ha;FLC059;LF in Betrieben mit gepachteten Flächen
41141;Landwirtschaftszählung: Haupterhebung;JAHR;Jahr;2010;DLAND;Bundesländer;03;Niedersachsen;BNZAT4;Bodennutzungsarten;BNZAT-2;Landwirtschaftlich genutzte Fläche;RECF01;Rechtsformen;RECHTSF15;Juristische Personen;FLCG05;Größenklassen der LF;FLCHD010UM;1000 und mehr ha;-;Anzahl;BTR024;Landwirtschaftl. Betriebe mit gepachteten Flächen
41141;Landwirtschaftszählung: Haupterhebung;JAHR;Jahr;2010;DLAND;Bundesländer;03;Niedersachsen;BNZAT4;Bodennutzungsarten;BNZAT-2;Landwirtschaftlich genutzte Fläche;RECF01;Rechtsformen;RECHTSF15;Juristische Personen;FLCG05;Größenklassen der LF;FLCHD010UM;1000 und mehr ha;152;EUR;ETG009;Pachtentgelt je ha
41141;Landwirtschaftszählung: Haupterhebung;JAHR;Jahr;2016;DLAND;Bundesländer;03;Niedersachsen;BNZAT4;Bodennutzungsarten;BNZAT-2;Landwirtschaftlich genutzte Fläche;RECF01;Rechtsformen;RECHTSF15;Juristische Personen;FLCG05;Größenklassen der LF;FLCHB020B050;20 bis unter 50 ha;200;ha;FLC044;Gepachtete Fläche
41141;Landwirtschaftszählung: Haupterhebung;JAHR;Jahr;2016;DLAND;Bundesländer;03;Niedersachsen;BNZAT4;Bodennutzungsarten;BNZAT-2;Landwirtschaftlich genutzte Fläche;RECF01;Rechtsformen;RECHTSF15;Juristische Personen;FLCG05;Größenklassen der LF;FLCHB020B050;20 bis unter 50 ha;-;ha;FLC059;LF in Betrieben mit gepachteten Flächen
41141;Landwirtschaftszählung: Haupterhebung;JAHR;Jahr;2016;DLAND;Bundesländer;03;Niedersachsen;BNZAT4;Bodennutzungsarten;BNZAT-2;Landwirtschaftlich genutzte Fläche;RECF01;Rechtsformen;RECHTSF15;Juristische Personen;FLCG05;Größenklassen der LF;FLCHB020B050;20 bis unter 50 ha;-;Anzahl;BTR024;Landwirtschaftl. Betriebe mit gepachteten Flächen
41141;Landwirtschaftszählung: Haupterhebung;JAHR;Jahr;2016;DLAND;Bundesländer;03;Niedersachsen;BNZAT4;Bodennutzungsarten;BNZAT-2;Landwirtschaftlich genutzte Fläche;RECF01;Rechtsformen;RECHTSF15;Juristische Personen;FLCG05;Größenklassen der LF;FLCHB020B050;20 bis unter 50 ha;432;EUR;ETG009;Pachtentgelt je ha
41141;Landwirtschaftszählung: Haupterhebung;JAHR;Jahr;2016;DLAND;Bundesländer;03;Niedersachsen;BNZAT4;Bodennutzungsarten;BNZAT-2;Landwirtschaftlich genutzte Fläche;RECF01;Rechtsformen;RECHTSF121;Personengemeinschaften, -gesellschaften;FLCG05;Größenklassen der LF;FLCHD010UM;1000 und mehr ha;9400;ha;FLC044;Gepachtete Fläche
41141;Landwirtschaftszählung: Haupterhebung;JAHR;Jahr;2016;DLAND;Bundesländer;03;Niedersachsen;BNZAT4;Bodennutzungsarten;BNZAT-2;Landwirtschaftlich genutzte Fläche;RECF01;Rechtsformen;RECHTSF121;Personengemeinschaften, -gesellschaften;FLCG05;Größenklassen der LF;FLCHD010UM;1000 und mehr ha;-;ha;FLC059;LF in Betrieben mit gepachteten Flächen
41141;Landwirtschaftszählung: Haupterhebung;JAHR;Jahr;2016;DLAND;Bundesländer;03;Niedersachsen;BNZAT4;Bodennutzungsarten;BNZAT-2;Landwirtschaftlich genutzte Fläche;RECF01;Rechtsformen;RECHTSF121;Personengemeinschaften, -gesellschaften;FLCG05;Größenklassen der LF;FLCHD010UM;1000 und mehr ha;-;Anzahl;BTR024;Landwirtschaftl. Betriebe mit gepachteten Flächen
41141;Landwirtschaftszählung: Haupterhebung;JAHR;Jahr;2016;DLAND;Bundesländer;03;Niedersachsen;BNZAT4;Bodennutzungsarten;BNZAT-2;Landwirtschaftlich genutzte Fläche;RECF01;Rechtsformen;RECHTSF121;Personengemeinschaften, -gesellschaften;FLCG05;Größenklassen der LF;FLCHD010UM;1000 und mehr ha;771;EUR;ETG009;Pachtentgelt je ha
41141;Landwirtschaftszählung: Haupterhebung;JAHR;Jahr;2023;DLAND;Bundesländer;03;Niedersachsen;BNZAT4;Bodennutzungsarten;BNZAT-2;Landwirtschaftlich genutzte Fläche;RECF01;Rechtsformen;RECHTSF11;Einzelunternehmen;FLCG05;Größenklassen der LF;FLCHB020B050;20 bis unter 50 ha;.;ha;FLC044;Gepachtete Fläche
41141;Landwirtschaftszählung: Haupterhebung;JAHR;Jahr;2023;DLAND;Bundesländer;03;Niedersachsen;BNZAT4;Bodennutzungsarten;BNZAT-2;Landwirtschaftlich genutzte Fläche;RECF01;Rechtsformen;RECHTSF11;Einzelunternehmen;FLCG05;Größenklassen der LF;FLCHB020B050;20 bis unter 50 ha;.;ha;FLC059;LF in Betrieben mit gepachteten Flächen
41141;Landwirtschaftszählung: Haupterhebung;JAHR;Jahr;2023;DLAND;Bundesländer;03;Niedersachsen;BNZAT4;Bodennutzungsarten;BNZAT-2;Landwirtschaftlich genutzte Fläche;RECF01;Rechtsformen;RECHTSF11;Einzelunternehmen;FLCG05;Größenklassen der LF;FLCHB020B050;20 bis unter 50 ha;.;Anzahl;BTR024;Landwirtschaftl. Betriebe mit gepachteten Flächen
41141;Landwirtschaftszählung: Haupterhebung;JAHR;Jahr;2023;DLAND;Bundesländer;03;Niedersachsen;BNZAT4;Bodennutzungsarten;BNZAT-2;Landwirtschaftlich genutzte Fläche;RECF01;Rechtsformen;RECHTSF11;Einzelunternehmen;FLCG05;Größenklassen der LF;FLCHB020B050;20 bis unter 50 ha;.;EUR;ETG009;Pachtentgelt je ha
41141;Landwirtschaftszählung: Haupterhebung;JAHR;Jahr;2013;DLAND;Bundesländer;03;Niedersachsen;BNZAT4;Bodennutzungsarten;BNZAT-2;Landwirtschaftlich genutzte Fläche;RECF01;Rechtsformen;RECHTSF112;Einzelunternehmen, Nebenerwerb;FLCG05;Größenklassen der LF;FLCHC020B050;200 bis unter 500 ha;-;ha;FLC044;Gepachtete Fläche
41141;Landwirtschaftszählung: Haupterhebung;JAHR;Jahr;2013;DLAND;Bundesländer;03;Niedersachsen;BNZAT4;Bodennutzungsarten;BNZAT-2;Landwirtschaftlich genutzte Fläche;RECF01;Rechtsformen;RECHTSF112;Einzelunternehmen, Nebenerwerb;FLCG05;Größenklassen der LF;FLCHC020B050;200 bis unter 500 ha;-;ha;FLC059;LF in Betrieben mit gepachteten Flächen
41141;Landwirtschaftszählung: Haupterhebung;JAHR;Jahr;2013;DLAND;Bundesländer;03;Niedersachsen;BNZAT4;Bodennutzungsarten;BNZAT-2;Landwirtschaftlich genutzte Fläche;RECF01;Rechtsformen;RECHTSF112;Einzelunternehmen, Nebenerwerb;FLCG05;Größenklassen der LF;FLCHC020B050;200 bis unter 500 ha;-;Anzahl;BTR024;Landwirtschaftl. Betriebe mit gepachteten Flächen
41141;Landwirtschaftszählung: Haupterhebung;JAHR;Jahr;2013;DLAND;Bundesländer;03;Niedersachsen;BNZAT4;Bodennutzungsarten;BNZAT-2;Landwirtschaftlich genutzte Fläche;RECF01;Rechtsformen;RECHTSF112;Einzelunternehmen, Nebenerwerb;FLCG05;Größenklassen der LF;FLCHC020B050;200 bis unter 500 ha;-;EUR;ETG009;Pachtentgelt je ha
41141;Landwirtschaftszählung: Haupterhebung;JAHR;Jahr;2016;DLAND;Bundesländer;03;Niedersachsen;BNZAT4;Bodennutzungsarten;BNZAT-2;Landwirtschaftlich genutzte Fläche;RECF01;Rechtsformen;RECHTSF15;Juristische Personen;FLCG05;Größenklassen der LF;FLCHA050B100;5 bis unter 10 ha;/;ha;FLC044;Gepachtete Fläche
41141;Landwirtschaftszählung: Haupterhebung;JAHR;Jahr;2016;DLAND;Bundesländer;03;Niedersachsen;BNZAT4;Bodennutzungsarten;BNZAT-2;Landwirtschaftlich genutzte Fläche;RECF01;Rechtsformen;RECHTSF15;Juristische Personen;FLCG05;Größenklassen der LF;FLCHA050B100;5 bis unter 10 ha;-;ha;FLC059;LF in Betrieben mit gepachteten Flächen
41141;Landwirtschaftszählung: Haupterhebung;JAHR;Jahr;2016;DLAND;Bundesländer;03;Niedersachsen;BNZAT4;Bodennutzungsarten;BNZAT-2;Landwirtschaftlich genutzte Fläche;RECF01;Rechtsformen;RECHTSF15;Juristische Personen;FLCG05;Größenklassen der LF;FLCHA050B100;5 bis unter 10 ha;-;Anzahl;BTR024;Landwirtschaftl. Betriebe mit gepachteten Flächen
41141;Landwirtschaftszählung: Haupterhebung;JAHR;Jahr;2016;DLAND;Bundesländer;03;Niedersachsen;BNZAT4;Bodennutzungsarten;BNZAT-2;Landwirtschaftlich genutzte Fläche;RECF01;Rechtsformen;RECHTSF15;Juristische Personen;FLCG05;Größenklassen der LF;FLCHA050B100;5 bis unter 10 ha;359;EUR;ETG009;Pachtentgelt je ha
41141;Landwirtschaftszählung: Haupterhebung;JAHR;Jahr;2023;DLAND;Bundesländer;03;Niedersachsen;BNZAT4;Bodennutzungsarten;BNZAT-2;Landwirtschaftlich genutzte Fläche;RECF01;Rechtsformen;RECHTSF112;Einzelunternehmen, Nebenerwerb;FLCG05;Größenklassen der LF;FLCHA000B050;unter 5 ha;.;ha;FLC044;Gepachtete Fläche
41141;Landwirtschaftszählung: Haupterhebung;JAHR;Jahr;2023;DLAND;Bundesländer;03;Niedersachsen;BNZAT4;Bodennutzungsarten;BNZAT-2;Landwirtschaftlich genutzte Fläche;RECF01;Rechtsformen;RECHTSF112;Einzelunternehmen, Nebenerwerb;FLCG05;Größenklassen der LF;FLCHA000B050;unter 5 ha;.;ha;FLC059;LF in Betrieben mit gepachteten Flächen
41141;Landwirtschaftszählung: Haupterhebung;JAHR;Jahr;2023;DLAND;Bundesländer;03;Niedersachsen;BNZAT4;Bodennutzungsarten;BNZAT-2;Landwirtschaftlich genutzte Fläche;RECF01;Rechtsformen;RECHTSF112;Einzelunternehmen, Nebenerwerb;FLCG05;Größenklassen der LF;FLCHA000B050;unter 5 ha;.;Anzahl;BTR024;Landwirtschaftl. Betriebe mit gepachteten Flächen
41141;Landwirtschaftszählung: Haupterhebung;JAHR;Jahr;2023;DLAND;Bundesländer;03;Niedersachsen;BNZAT4;Bodennutzungsarten;BNZAT-2;Landwirtschaftlich genutzte Fläche;RECF01;Rechtsformen;RECHTSF112;Einzelunternehmen, Nebenerwerb;FLCG05;Größenklassen der LF;FLCHA000B050;unter 5 ha;.;EUR;ETG009;Pachtentgelt je ha
41141;Landwirtschaftszählung: Haupterhebung;JAHR;Jahr;2020;DLAND;Bundesländer;03;Niedersachsen;BNZAT4;Bodennutzungsarten;BNZAT-2;Landwirtschaftlich genutzte Fläche;RECF01;Rechtsformen;RECHTSF11;Einzelunternehmen;FLCG05;Größenklassen der LF;FLCHD010UM;1000 und mehr ha;.;ha;FLC044;Gepachtete Fläche
41141;Landwirtschaftszählung: Haupterhebung;JAHR;Jahr;2020;DLAND;Bundesländer;03;Niedersachsen;BNZAT4;Bodennutzungsarten;BNZAT-2;Landwirtschaftlich genutzte Fläche;RECF01;Rechtsformen;RECHTSF11;Einzelunternehmen;FLCG05;Größenklassen der LF;FLCHD010UM;1000 und mehr ha;.;ha;FLC059;LF in Betrieben mit gepachteten Flächen
41141;Landwirtschaftszählung: Haupterhebung;JAHR;Jahr;2020;DLAND;Bundesländer;03;Niedersachsen;BNZAT4;Bodennutzungsarten;BNZAT-2;Landwirtschaftlich genutzte Fläche;RECF01;Rechtsformen;RECHTSF11;Einzelunternehmen;FLCG05;Größenklassen der LF;FLCHD010UM;1000 und mehr ha;5;Anzahl;BTR024;Landwirtschaftl. Betriebe mit gepachteten Flächen
41141;Landwirtschaftszählung: Haupterhebung;JAHR;Jahr;2020;DLAND;Bundesländer;03;Niedersachsen;BNZAT4;Bodennutzungsarten;BNZAT-2;Landwirtschaftlich genutzte Fläche;RECF01;Rechtsformen;RECHTSF11;Einzelunternehmen;FLCG05;Größenklassen der LF;FLCHD010UM;1000 und mehr ha;.;EUR;ETG009;Pachtentgelt je ha
41141;Landwirtschaftszählung: Haupterhebung;JAHR;Jahr;2020;DLAND;Bundesländer;03;Niedersachsen;BNZAT4;Bodennutzungsarten;BNZAT-2;Landwirtschaftlich genutzte Fläche;RECF01;Rechtsformen;RECHTSF112;Einzelunternehmen, Nebenerwerb;FLCG05;Größenklassen der LF;FLCHA050B100;5 bis unter 10 ha;8665;ha;FLC044;Gepachtete Fläche
41141;Landwirtschaftszählung: Haupterhebung;JAHR;Jahr;2020;DLAND;Bundesländer;03;Niedersachsen;BNZAT4;Bodennutzungsarten;BNZAT-2;Landwirtschaftlich genutzte Fläche;RECF01;Rechtsformen;RECHTSF112;Einzelunternehmen, Nebenerwerb;FLCG05;Größenklassen der LF;FLCHA050B100;5 bis unter 10 ha;14473;ha;FLC059;LF in Betrieben mit gepachteten Flächen
41141;Landwirtschaftszählung: Haupterhebung;JAHR;Jahr;2020;DLAND;Bundesländer;03;Niedersachsen;BNZAT4;Bodennutzungsarten;BNZAT-2;Landwirtschaftlich genutzte Fläche;RECF01;Rechtsformen;RECHTSF112;Einzelunternehmen, Nebenerwerb;FLCG05;Größenklassen der LF;FLCHA050B100;5 bis unter 10 ha;1973;Anzahl;BTR024;Landwirtschaftl. Betriebe mit gepachteten Flächen
41141;Landwirtschaftszählung: Haupterhebung;JAHR;Jahr;2020;DLAND;Bundesländer;03;Niedersachsen;BNZAT4;Bodennutzungsarten;BNZAT-2;Landwirtschaftlich genutzte Fläche;RECF01;Rechtsformen;RECHTSF112;Einzelunternehmen, Nebenerwerb;FLCG05;Größenklassen der LF;FLCHA050B100;5 bis unter 10 ha;296;EUR;ETG009;Pachtentgelt je ha
41141;Landwirtschaftszählung: Haupterhebung;JAHR;Jahr;2020;DLAND;Bundesländer;03;Niedersachsen;BNZAT4;Bodennutzungsarten;BNZAT-2;Landwirtschaftlich genutzte Fläche;RECF01;Rechtsformen;RECHTSF15;Juristische Personen;FLCG05;Größenklassen der LF;FLCHA050B100;5 bis unter 10 ha;.;ha;FLC044;Gepachtete Fläche
41141;Landwirtschaftszählung: Haupterhebung;JAHR;Jahr;2020;DLAND;Bundesländer;03;Niedersachsen;BNZAT4;Bodennutzungsarten;BNZAT-2;Landwirtschaftlich genutzte Fläche;RECF01;Rechtsformen;RECHTSF15;Juristische Personen;FLCG05;Größenklassen der LF;FLCHA050B100;5 bis unter 10 ha;.;ha;FLC059;LF in Betrieben mit gepachteten Flächen
41141;Landwirtschaftszählung: Haupterhebung;JAHR;Jahr;2020;DLAND;Bundesländer;03;Niedersachsen;BNZAT4;Bodennutzungsarten;BNZAT-2;Landwirtschaftlich genutzte Fläche;RECF01;Rechtsformen;RECHTSF15;Juristische Personen;FLCG05;Größenklassen der LF;FLCHA050B100;5 bis unter 10 ha;30;Anzahl;BTR024;Landwirtschaftl. Betriebe mit gepachteten Flächen
41141;Landwirtschaftszählung: Haupterhebung;JAHR;Jahr;2020;DLAND;Bundesländer;03;Niedersachsen;BNZAT4;Bodennutzungsarten;BNZAT-2;Landwirtschaftlich genutzte Fläche;RECF01;Rechtsformen;RECHTSF15;Juristische Personen;FLCG05;Größenklassen der LF;FLCHA050B100;5 bis unter 10 ha;.;EUR;ETG009;Pachtentgelt je ha
41141;Landwirtschaftszählung: Haupterhebung;JAHR;Jahr;2013;DLAND;Bundesländer;03;Niedersachsen;BNZAT4;Bodennutzungsarten;BNZAT-2;Landwirtschaftlich genutzte Fläche;RECF01;Rechtsformen;RECHTSF15;Juristische Personen;FLCG05;Größenklassen der LF;FLCHC010B020;100 bis unter 200 ha;/;ha;FLC044;Gepachtete Fläche
41141;Landwirtschaftszählung: Haupterhebung;JAHR;Jahr;2013;DLAND;Bundesländer;03;Niedersachsen;BNZAT4;Bodennutzungsarten;BNZAT-2;Landwirtschaftlich genutzte Fläche;RECF01;Rechtsformen;RECHTSF15;Juristische Personen;FLCG05;Größenklassen der LF;FLCHC010B020;100 bis unter 200 ha;-;ha;FLC059;LF in Betrieben mit gepachteten Flächen
41141;Landwirtschaftszählung: Haupterhebung;JAHR;Jahr;2013;DLAND;Bundesländer;03;Niedersachsen;BNZAT4;Bodennutzungsarten;BNZAT-2;Landwirtschaftlich genutzte Fläche;RECF01;Rechtsformen;RECHTSF15;Juristische Personen;FLCG05;Größenklassen der LF;FLCHC010B020;100 bis unter 200 ha;-;Anzahl;BTR024;Landwirtschaftl. Betriebe mit gepachteten Flächen
41141;Landwirtschaftszählung: Haupterhebung;JAHR;Jahr;2013;DLAND;Bundesländer;03;Niedersachsen;BNZAT4;Bodennutzungsarten;BNZAT-2;Landwirtschaftlich genutzte Fläche;RECF01;Rechtsformen;RECHTSF15;Juristische Personen;FLCG05;Größenklassen der LF;FLCHC010B020;100 bis unter 200 ha;290;EUR;ETG009;Pachtentgelt je ha
41141;Landwirtschaftszählung: Haupterhebung;JAHR;Jahr;2016;DLAND;Bundesländer;03;Niedersachsen;BNZAT4;Bodennutzungsarten;BNZAT-2;Landwirtschaftlich genutzte Fläche;RECF01;Rechtsformen;;Insgesamt;FLCG05;Größenklassen der LF;FLCHA000B050;unter 5 ha;800;ha;FLC044;Gepachtete Fläche
41141;Landwirtschaftszählung: Haupterhebung;JAHR;Jahr;2016;DLAND;Bundesländer;03;Niedersachsen;BNZAT4;Bodennutzungsarten;BNZAT-2;Landwirtschaftlich genutzte Fläche;RECF01;Rechtsformen;;Insgesamt;FLCG05;Größenklassen der LF;FLCHA000B050;unter 5 ha;-;ha;FLC059;LF in Betrieben mit gepachteten Flächen
41141;Landwirtschaftszählung: Haupterhebung;JAHR;Jahr;2016;DLAND;Bundesländer;03;Niedersachsen;BNZAT4;Bodennutzungsarten;BNZAT-2;Landwirtschaftlich genutzte Fläche;RECF01;Rechtsformen;;Insgesamt;FLCG05;Größenklassen der LF;FLCHA000B050;unter 5 ha;-;Anzahl;BTR024;Landwirtschaftl. Betriebe mit gepachteten Flächen
41141;Landwirtschaftszählung: Haupterhebung;JAHR;Jahr;2016;DLAND;Bundesländer;03;Niedersachsen;BNZAT4;Bodennutzungsarten;BNZAT-2;Landwirtschaftlich genutzte Fläche;RECF01;Rechtsformen;;Insgesamt;FLCG05;Größenklassen der LF;FLCHA000B050;unter 5 ha;370;EUR;ETG009;Pachtentgelt je ha
41141;Landwirtschaftszählung: Haupterhebung;JAHR;Jahr;2020;DLAND;Bundesländer;03;Niedersachsen;BNZAT4;Bodennutzungsarten;BNZAT-2;Landwirtschaftlich genutzte Fläche;RECF01;Rechtsformen;;Insgesamt;FLCG05;Größenklassen der LF;FLCHC020B050;200 bis unter 500 ha;380907;ha;FLC044;Gepachtete Fläche
41141;Landwirtschaftszählung: Haupterhebung;JAHR;Jahr;2020;DLAND;Bundesländer;03;Niedersachsen;BNZAT4;Bodennutzungsarten;BNZAT-2;Landwirtschaftlich genutzte Fläche;RECF01;Rechtsformen;;Insgesamt;FLCG05;Größenklassen der LF;FLCHC020B050;200 bis unter 500 ha;576510;ha;FLC059;LF in Betrieben mit gepachteten Flächen
41141;Landwirtschaftszählung: Haupterhebung;JAHR;Jahr;2020;DLAND;Bundesländer;03;Niedersachsen;BNZAT4;Bodennutzungsarten;BNZAT-2;Landwirtschaftlich genutzte Fläche;RECF01;Rechtsformen;;Insgesamt;FLCG05;Größenklassen der LF;FLCHC020B050;200 bis unter 500 ha;2039;Anzahl;BTR024;Landwirtschaftl. Betriebe mit gepachteten Flächen
41141;Landwirtschaftszählung: Haupterhebung;JAHR;Jahr;2020;DLAND;Bundesländer;03;Niedersachsen;BNZAT4;Bodennutzungsarten;BNZAT-2;Landwirtschaftlich genutzte Fläche;RECF01;Rechtsformen;;Insgesamt;FLCG05;Größenklassen der LF;FLCHC020B050;200 bis unter 500 ha;534;EUR;ETG009;Pachtentgelt je ha
41141;Landwirtschaftszählung: Haupterhebung;JAHR;Jahr;2023;DLAND;Bundesländer;03;Niedersachsen;BNZAT4;Bodennutzungsarten;BNZAT-2;Landwirtschaftlich genutzte Fläche;RECF01;Rechtsformen;;Insgesamt;FLCG05;Größenklassen der LF;FLCHC010B020;100 bis unter 200 ha;445700;ha;FLC044;Gepachtete Fläche
41141;Landwirtschaftszählung: Haupterhebung;JAHR;Jahr;2023;DLAND;Bundesländer;03;Niedersachsen;BNZAT4;Bodennutzungsarten;BNZAT-2;Landwirtschaftlich genutzte Fläche;RECF01;Rechtsformen;;Insgesamt;FLCG05;Größenklassen der LF;FLCHC010B020;100 bis unter 200 ha;771400;ha;FLC059;LF in Betrieben mit gepachteten Flächen
41141;Landwirtschaftszählung: Haupterhebung;JAHR;Jahr;2023;DLAND;Bundesländer;03;Niedersachsen;BNZAT4;Bodennutzungsarten;BNZAT-2;Landwirtschaftlich genutzte Fläche;RECF01;Rechtsformen;;Insgesamt;FLCG05;Größenklassen der LF;FLCHC010B020;100 bis unter 200 ha;5590;Anzahl;BTR024;Landwirtschaftl. Betriebe mit gepachteten Flächen
41141;Landwirtschaftszählung: Haupterhebung;JAHR;Jahr;2023;DLAND;Bundesländer;03;Niedersachsen;BNZAT4;Bodennutzungsarten;BNZAT-2;Landwirtschaftlich genutzte Fläche;RECF01;Rechtsformen;;Insgesamt;FLCG05;Größenklassen der LF;FLCHC010B020;100 bis unter 200 ha;529;EUR;ETG009;Pachtentgelt je ha
41141;Landwirtschaftszählung: Haupterhebung;JAHR;Jahr;2023;DLAND;Bundesländer;03;Niedersachsen;BNZAT4;Bodennutzungsarten;BNZAT-2;Landwirtschaftlich genutzte Fläche;RECF01;Rechtsformen;RECHTSF121;Personengemeinschaften, -gesellschaften;FLCG05;Größenklassen der LF;;Insgesamt;396000;ha;FLC044;Gepachtete Fläche
41141;Landwirtschaftszählung: Haupterhebung;JAHR;Jahr;2023;DLAND;Bundesländer;03;Niedersachsen;BNZAT4;Bodennutzungsarten;BNZAT-2;Landwirtschaftlich genutzte Fläche;RECF01;Rechtsformen;RECHTSF121;Personengemeinschaften, -gesellschaften;FLCG05;Größenklassen der LF;;Insgesamt;638300;ha;FLC059;LF in Betrieben mit gepachteten Flächen
41141;Landwirtschaftszählung: Haupterhebung;JAHR;Jahr;2023;DLAND;Bundesländer;03;Niedersachsen;BNZAT4;Bodennutzungsarten;BNZAT-2;Landwirtschaftlich genutzte Fläche;RECF01;Rechtsformen;RECHTSF121;Personengemeinschaften, -gesellschaften;FLCG05;Größenklassen der LF;;Insgesamt;4260;Anzahl;BTR024;Landwirtschaftl. Betriebe mit gepachteten Flächen
41141;Landwirtschaftszählung: Haupterhebung;JAHR;Jahr;2023;DLAND;Bundesländer;03;Niedersachsen;BNZAT4;Bodennutzungsarten;BNZAT-2;Landwirtschaftlich genutzte Fläche;RECF01;Rechtsformen;RECHTSF121;Personengemeinschaften, -gesellschaften;FLCG05;Größenklassen der LF;;Insgesamt;559;EUR;ETG009;Pachtentgelt je ha
41141;Landwirtschaftszählung: Haupterhebung;JAHR;Jahr;2020;DLAND;Bundesländer;03;Niedersachsen;BNZAT4;Bodennutzungsarten;BNZAT-2;Landwirtschaftlich genutzte Fläche;RECF01;Rechtsformen;RECHTSF112;Einzelunternehmen, Nebenerwerb;FLCG05;Größenklassen der LF;FLCHB020B050;20 bis unter 50 ha;43704;ha;FLC044;Gepachtete Fläche
41141;Landwirtschaftszählung: Haupterhebung;JAHR;Jahr;2020;DLAND;Bundesländer;03;Niedersachsen;BNZAT4;Bodennutzungsarten;BNZAT-2;Landwirtschaftlich genutzte Fläche;RECF01;Rechtsformen;RECHTSF112;Einzelunternehmen, Nebenerwerb;FLCG05;Größenklassen der LF;FLCHB020B050;20 bis unter 50 ha;85832;ha;FLC059;LF in Betrieben mit gepachteten Flächen
41141;Landwirtschaftszählung: Haupterhebung;JAHR;Jahr;2020;DLAND;Bundesländer;03;Niedersachsen;BNZAT4;Bodennutzungsarten;BNZAT-2;Landwirtschaftlich genutzte Fläche;RECF01;Rechtsformen;RECHTSF112;Einzelunternehmen, Nebenerwerb;FLCG05;Größenklassen der LF;FLCHB020B050;20 bis unter 50 ha;2618;Anzahl;BTR024;Landwirtschaftl. Betriebe mit gepachteten Flächen
41141;Landwirtschaftszählung: Haupterhebung;JAHR;Jahr;2020;DLAND;Bundesländer;03;Niedersachsen;BNZAT4;Bodennutzungsarten;BNZAT-2;Landwirtschaftlich genutzte Fläche;RECF01;Rechtsformen;RECHTSF112;Einzelunternehmen, Nebenerwerb;FLCG05;Größenklassen der LF;FLCHB020B050;20 bis unter 50 ha;384;EUR;ETG009;Pachtentgelt je ha
41141;Landwirtschaftszählung: Haupterhebung;JAHR;Jahr;2023;DLAND;Bundesländer;03;Niedersachsen;BNZAT4;Bodennutzungsarten;BNZAT-2;Landwirtschaftlich genutzte Fläche;RECF01;Rechtsformen;RECHTSF15;Juristische Personen;FLCG05;Größenklassen der LF;FLCHA000B050;unter 5 ha;.;ha;FLC044;Gepachtete Fläche
41141;Landwirtschaftszählung: Haupterhebung;JAHR;Jahr;2023;DLAND;Bundesländer;03;Niedersachsen;BNZAT4;Bodennutzungsarten;BNZAT-2;Landwirtschaftlich genutzte Fläche;RECF01;Rechtsformen;RECHTSF15;Juristische Personen;FLCG05;Größenklassen der LF;FLCHA000B050;unter 5 ha;.;ha;FLC059;LF in Betrieben mit gepachteten Flächen
41141;Landwirtschaftszählung: Haupterhebung;JAHR;Jahr;2023;DLAND;Bundesländer;03;Niedersachsen;BNZAT4;Bodennutzungsarten;BNZAT-2;Landwirtschaftlich genutzte Fläche;RECF01;Rechtsformen;RECHTSF15;Juristische Personen;FLCG05;Größenklassen der LF;FLCHA000B050;unter 5 ha;.;Anzahl;BTR024;Landwirtschaftl. Betriebe mit gepachteten Flächen
41141;Landwirtschaftszählung: Haupterhebung;JAHR;Jahr;2023;DLAND;Bundesländer;03;Niedersachsen;BNZAT4;Bodennutzungsarten;BNZAT-2;Landwirtschaftlich genutzte Fläche;RECF01;Rechtsformen;RECHTSF15;Juristische Personen;FLCG05;Größenklassen der LF;FLCHA000B050;unter 5 ha;.;EUR;ETG009;Pachtentgelt je ha
41141;Landwirtschaftszählung: Haupterhebung;JAHR;Jahr;2016;DLAND;Bundesländer;03;Niedersachsen;BNZAT4;Bodennutzungsarten;BNZAT-2;Landwirtschaftlich genutzte Fläche;RECF01;Rechtsformen;RECHTSF15;Juristische Personen;FLCG05;Größenklassen der LF;;Insgesamt;9600;ha;FLC044;Gepachtete Fläche
41141;Landwirtschaftszählung: Haupterhebung;JAHR;Jahr;2016;DLAND;Bundesländer;03;Niedersachsen;BNZAT4;Bodennutzungsarten;BNZAT-2;Landwirtschaftlich genutzte Fläche;RECF01;Rechtsformen;RECHTSF15;Juristische Personen;FLCG05;Größenklassen der LF;;Insgesamt;-;ha;FLC059;LF in Betrieben mit gepachteten Flächen
41141;Landwirtschaftszählung: Haupterhebung;JAHR;Jahr;2016;DLAND;Bundesländer;03;Niedersachsen;BNZAT4;Bodennutzungsarten;BNZAT-2;Landwirtschaftlich genutzte Fläche;RECF01;Rechtsformen;RECHTSF15;Juristische Personen;FLCG05;Größenklassen der LF;;Insgesamt;-;Anzahl;BTR024;Landwirtschaftl. Betriebe mit gepachteten Flächen
41141;Landwirtschaftszählung: Haupterhebung;JAHR;Jahr;2016;DLAND;Bundesländer;03;Niedersachsen;BNZAT4;Bodennutzungsarten;BNZAT-2;Landwirtschaftlich genutzte Fläche;RECF01;Rechtsformen;RECHTSF15;Juristische Personen;FLCG05;Größenklassen der LF;;Insgesamt;277;EUR;ETG009;Pachtentgelt je ha
41141;Landwirtschaftszählung: Haupterhebung;JAHR;Jahr;2016;DLAND;Bundesländer;03;Niedersachsen;BNZAT4;Bodennutzungsarten;BNZAT-2;Landwirtschaftlich genutzte Fläche;RECF01;Rechtsformen;RECHTSF111;Einzelunternehmen, Haupterwerb;FLCG05;Größenklassen der LF;FLCHA050B100;5 bis unter 10 ha;/;ha;FLC044;Gepachtete Fläche
41141;Landwirtschaftszählung: Haupterhebung;JAHR;Jahr;2016;DLAND;Bundesländer;03;Niedersachsen;BNZAT4;Bodennutzungsarten;BNZAT-2;Landwirtschaftlich genutzte Fläche;RECF01;Rechtsformen;RECHTSF111;Einzelunternehmen, Haupterwerb;FLCG05;Größenklassen der LF;FLCHA050B100;5 bis unter 10 ha;-;ha;FLC059;LF in Betrieben mit gepachteten Flächen
41141;Landwirtschaftszählung: Haupterhebung;JAHR;Jahr;2016;DLAND;Bundesländer;03;Niedersachsen;BNZAT4;Bodennutzungsarten;BNZAT-2;Landwirtschaftlich genutzte Fläche;RECF01;Rechtsformen;RECHTSF111;Einzelunternehmen, Haupterwerb;FLCG05;Größenklassen der LF;FLCHA050B100;5 bis unter 10 ha;-;Anzahl;BTR024;Landwirtschaftl. Betriebe mit gepachteten Flächen
41141;Landwirtschaftszählung: Haupterhebung;JAHR;Jahr;2016;DLAND;Bundesländer;03;Niedersachsen;BNZAT4;Bodennutzungsarten;BNZAT-2;Landwirtschaftlich genutzte Fläche;RECF01;Rechtsformen;RECHTSF111;Einzelunternehmen, Haupterwerb;FLCG05;Größenklassen der LF;FLCHA050B100;5 bis unter 10 ha;427;EUR;ETG009;Pachtentgelt je ha
41141;Landwirtschaftszählung: Haupterhebung;JAHR;Jahr;2010;DLAND;Bundesländer;03;Niedersachsen;BNZAT4;Bodennutzungsarten;BNZAT-2;Landwirtschaftlich genutzte Fläche;RECF01;Rechtsformen;RECHTSF111;Einzelunternehmen, Haupterwerb;FLCG05;Größenklassen der LF;FLCHC020B050;200 bis unter 500 ha;138032;ha;FLC044;Gepachtete Fläche
41141;Landwirtschaftszählung: Haupterhebung;JAHR;Jahr;2010;DLAND;Bundesländer;03;Niedersachsen;BNZAT4;Bodennutzungsarten;BNZAT-2;Landwirtschaftlich genutzte Fläche;RECF01;Rechtsformen;RECHTSF111;Einzelunternehmen, Haupterwerb;FLCG05;Größenklassen der LF;FLCHC020B050;200 bis unter 500 ha;-;ha;FLC059;LF in Betrieben mit gepachteten Flächen
41141;Landwirtschaftszählung: Haupterhebung;JAHR;Jahr;2010;DLAND;Bundesländer;03;Niedersachsen;BNZAT4;Bodennutzungsarten;BNZAT-2;Landwirtschaftlich genutzte Fläche;RECF01;Rechtsformen;RECHTSF111;Einzelunternehmen, Haupterwerb;FLCG05;Größenklassen der LF;FLCHC020B050;200 bis unter 500 ha;-;Anzahl;BTR024;Landwirtschaftl. Betriebe mit gepachteten Flächen
41141;Landwirtschaftszählung: Haupterhebung;JAHR;Jahr;2010;DLAND;Bundesländer;03;Niedersachsen;BNZAT4;Bodennutzungsarten;BNZAT-2;Landwirtschaftlich genutzte Fläche;RECF01;Rechtsformen;RECHTSF111;Einzelunternehmen, Haupterwerb;FLCG05;Größenklassen der LF;FLCHC020B050;200 bis unter 500 ha;326;EUR;ETG009;Pachtentgelt je ha
41141;Landwirtschaftszählung: Haupterhebung;JAHR;Jahr;2013;DLAND;Bundesländer;03;Niedersachsen;BNZAT4;Bodennutzungsarten;BNZAT-2;Landwirtschaftlich genutzte Fläche;RECF01;Rechtsformen;RECHTSF121;Personengemeinschaften, -gesellschaften;FLCG05;Größenklassen der LF;FLCHC050B100;500 bis unter 1000 ha;23500;ha;FLC044;Gepachtete Fläche
41141;Landwirtschaftszählung: Haupterhebung;JAHR;Jahr;2013;DLAND;Bundesländer;03;Niedersachsen;BNZAT4;Bodennutzungsarten;BNZAT-2;Landwirtschaftlich genutzte Fläche;RECF01;Rechtsformen;RECHTSF121;Personengemeinschaften, -gesellschaften;FLCG05;Größenklassen der LF;FLCHC050B100;500 bis unter 1000 ha;-;ha;FLC059;LF in Betrieben mit gepachteten Flächen
41141;Landwirtschaftszählung: Haupterhebung;JAHR;Jahr;2013;DLAND;Bundesländer;03;Niedersachsen;BNZAT4;Bodennutzungsarten;BNZAT-2;Landwirtschaftlich genutzte Fläche;RECF01;Rechtsformen;RECHTSF121;Personengemeinschaften, -gesellschaften;FLCG05;Größenklassen der LF;FLCHC050B100;500 bis unter 1000 ha;-;Anzahl;BTR024;Landwirtschaftl. Betriebe mit gepachteten Flächen
41141;Landwirtschaftszählung: Haupterhebung;JAHR;Jahr;2013;DLAND;Bundesländer;03;Niedersachsen;BNZAT4;Bodennutzungsarten;BNZAT-2;Landwirtschaftlich genutzte Fläche;RECF01;Rechtsformen;RECHTSF121;Personengemeinschaften, -gesellschaften;FLCG05;Größenklassen der LF;FLCHC050B100;500 bis unter 1000 ha;360;EUR;ETG009;Pachtentgelt je ha
41141;Landwirtschaftszählung: Haupterhebung;JAHR;Jahr;2010;DLAND;Bundesländer;03;Niedersachsen;BNZAT4;Bodennutzungsarten;BNZAT-2;Landwirtschaftlich genutzte Fläche;RECF01;Rechtsformen;RECHTSF112;Einzelunternehmen, Nebenerwerb;FLCG05;Größenklassen der LF;FLCHC050B100;500 bis unter 1000 ha;-;ha;FLC044;Gepachtete Fläche
41141;Landwirtschaftszählung: Haupterhebung;JAHR;Jahr;2010;DLAND;Bundesländer;03;Niedersachsen;BNZAT4;Bodennutzungsarten;BNZAT-2;Landwirtschaftlich genutzte Fläche;RECF01;Rechtsformen;RECHTSF112;Einzelunternehmen, Nebenerwerb;FLCG05;Größenklassen der LF;FLCHC050B100;500 bis unter 1000 ha;-;ha;FLC059;LF in Betrieben mit gepachteten Flächen
41141;Landwirtschaftszählung: Haupterhebung;JAHR;Jahr;2010;DLAND;Bundesländer;03;Niedersachsen;BNZAT4;Bodennutzungsarten;BNZAT-2;Landwirtschaftlich genutzte Fläche;RECF01;Rechtsformen;RECHTSF112;Einzelunternehmen, Nebenerwerb;FLCG05;Größenklassen der LF;FLCHC050B100;500 bis unter 1000 ha;-;Anzahl;BTR024;Landwirtschaftl. Betriebe mit gepachteten Flächen
41141;Landwirtschaftszählung: Haupterhebung;JAHR;Jahr;2010;DLAND;Bundesländer;03;Niedersachsen;BNZAT4;Bodennutzungsarten;BNZAT-2;Landwirtschaftlich genutzte Fläche;RECF01;Rechtsformen;RECHTSF112;Einzelunternehmen, Nebenerwerb;FLCG05;Größenklassen der LF;FLCHC050B100;500 bis unter 1000 ha;-;EUR;ETG009;Pachtentgelt je ha
41141;Landwirtschaftszählung: Haupterhebung;JAHR;Jahr;2013;DLAND;Bundesländer;03;Niedersachsen;BNZAT4;Bodennutzungsarten;BNZAT-2;Landwirtschaftlich genutzte Fläche;RECF01;Rechtsformen;RECHTSF111;Einzelunternehmen, Haupterwerb;FLCG05;Größenklassen der LF;FLCHB020B050;20 bis unter 50 ha;53400;ha;FLC044;Gepachtete Fläche
41141;Landwirtschaftszählung: Haupterhebung;JAHR;Jahr;2013;DLAND;Bundesländer;03;Niedersachsen;BNZAT4;Bodennutzungsarten;BNZAT-2;Landwirtschaftlich genutzte Fläche;RECF01;Rechtsformen;RECHTSF111;Einzelunternehmen, Haupterwerb;FLCG05;Größenklassen der LF;FLCHB020B050;20 bis unter 50 ha;-;ha;FLC059;LF in Betrieben mit gepachteten Flächen
41141;Landwirtschaftszählung: Haupterhebung;JAHR;Jahr;2013;DLAND;Bundesländer;03;Niedersachsen;BNZAT4;Bodennutzungsarten;BNZAT-2;Landwirtschaftlich genutzte Fläche;RECF01;Rechtsformen;RECHTSF111;Einzelunternehmen, Haupterwerb;FLCG05;Größenklassen der LF;FLCHB020B050;20 bis unter 50 ha;-;Anzahl;BTR024;Landwirtschaftl. Betriebe mit gepachteten Flächen
41141;Landwirtschaftszählung: Haupterhebung;JAHR;Jahr;2013;DLAND;Bundesländer;03;Niedersachsen;BNZAT4;Bodennutzungsarten;BNZAT-2;Landwirtschaftlich genutzte Fläche;RECF01;Rechtsformen;RECHTSF111;Einzelunternehmen, Haupterwerb;FLCG05;Größenklassen der LF;FLCHB020B050;20 bis unter 50 ha;400;EUR;ETG009;Pachtentgelt je ha
41141;Landwirtschaftszählung: Haupterhebung;JAHR;Jahr;2023;DLAND;Bundesländer;03;Niedersachsen;BNZAT4;Bodennutzungsarten;BNZAT-2;Landwirtschaftlich genutzte Fläche;RECF01;Rechtsformen;RECHTSF11;Einzelunternehmen;FLCG05;Größenklassen der LF;FLCHC020B050;200 bis unter 500 ha;.;ha;FLC044;Gepachtete Fläche
41141;Landwirtschaftszählung: Haupterhebung;JAHR;Jahr;2023;DLAND;Bundesländer;03;Niedersachsen;BNZAT4;Bodennutzungsarten;BNZAT-2;Landwirtschaftlich genutzte Fläche;RECF01;Rechtsformen;RECHTSF11;Einzelunternehmen;FLCG05;Größenklassen der LF;FLCHC020B050;200 bis unter 500 ha;.;ha;FLC059;LF in Betrieben mit gepachteten Flächen
41141;Landwirtschaftszählung: Haupterhebung;JAHR;Jahr;2023;DLAND;Bundesländer;03;Niedersachsen;BNZAT4;Bodennutzungsarten;BNZAT-2;Landwirtschaftlich genutzte Fläche;RECF01;Rechtsformen;RECHTSF11;Einzelunternehmen;FLCG05;Größenklassen der LF;FLCHC020B050;200 bis unter 500 ha;.;Anzahl;BTR024;Landwirtschaftl. Betriebe mit gepachteten Flächen
41141;Landwirtschaftszählung: Haupterhebung;JAHR;Jahr;2023;DLAND;Bundesländer;03;Niedersachsen;BNZAT4;Bodennutzungsarten;BNZAT-2;Landwirtschaftlich genutzte Fläche;RECF01;Rechtsformen;RECHTSF11;Einzelunternehmen;FLCG05;Größenklassen der LF;FLCHC020B050;200 bis unter 500 ha;.;EUR;ETG009;Pachtentgelt je ha
41141;Landwirtschaftszählung: Haupterhebung;JAHR;Jahr;2016;DLAND;Bundesländer;03;Niedersachsen;BNZAT4;Bodennutzungsarten;BNZAT-2;Landwirtschaftlich genutzte Fläche;RECF01;Rechtsformen;RECHTSF112;Einzelunternehmen, Nebenerwerb;FLCG05;Größenklassen der LF;FLCHB020B050;20 bis unter 50 ha;32000;ha;FLC044;Gepachtete Fläche
41141;Landwirtschaftszählung: Haupterhebung;JAHR;Jahr;2016;DLAND;Bundesländer;03;Niedersachsen;BNZAT4;Bodennutzungsarten;BNZAT-2;Landwirtschaftlich genutzte Fläche;RECF01;Rechtsformen;RECHTSF112;Einzelunternehmen, Nebenerwerb;FLCG05;Größenklassen der LF;FLCHB020B050;20 bis unter 50 ha;-;ha;FLC059;LF in Betrieben mit gepachteten Flächen
41141;Landwirtschaftszählung: Haupterhebung;JAHR;Jahr;2016;DLAND;Bundesländer;03;Niedersachsen;BNZAT4;Bodennutzungsarten;BNZAT-2;Landwirtschaftlich genutzte Fläche;RECF01;Rechtsformen;RECHTSF112;Einzelunternehmen, Nebenerwerb;FLCG05;Größenklassen der LF;FLCHB020B050;20 bis unter 50 ha;-;Anzahl;BTR024;Landwirtschaftl. Betriebe mit gepachteten Flächen
41141;Landwirtschaftszählung: Haupterhebung;JAHR;Jahr;2016;DLAND;Bundesländer;03;Niedersachsen;BNZAT4;Bodennutzungsarten;BNZAT-2;Landwirtschaftlich genutzte Fläche;RECF01;Rechtsformen;RECHTSF112;Einzelunternehmen, Nebenerwerb;FLCG05;Größenklassen der LF;FLCHB020B050;20 bis unter 50 ha;364;EUR;ETG009;Pachtentgelt je ha
41141;Landwirtschaftszählung: Haupterhebung;JAHR;Jahr;2016;DLAND;Bundesländer;03;Niedersachsen;BNZAT4;Bodennutzungsarten;BNZAT-2;Landwirtschaftlich genutzte Fläche;RECF01;Rechtsformen;RECHTSF15;Juristische Personen;FLCG05;Größenklassen der LF;FLCHB010B020;10 bis unter 20 ha;100;ha;FLC044;Gepachtete Fläche
41141;Landwirtschaftszählung: Haupterhebung;JAHR;Jahr;2016;DLAND;Bundesländer;03;Niedersachsen;BNZAT4;Bodennutzungsarten;BNZAT-2;Landwirtschaftlich genutzte Fläche;RECF01;Rechtsformen;RECHTSF15;Juristische Personen;FLCG05;Größenklassen der LF;FLCHB010B020;10 bis unter 20 ha;-;ha;FLC059;LF in Betrieben mit gepachteten Flächen
41141;Landwirtschaftszählung: Haupterhebung;JAHR;Jahr;2016;DLAND;Bundesländer;03;Niedersachsen;BNZAT4;Bodennutzungsarten;BNZAT-2;Landwirtschaftlich genutzte Fläche;RECF01;Rechtsformen;RECHTSF15;Juristische Personen;FLCG05;Größenklassen der LF;FLCHB010B020;10 bis unter 20 ha;-;Anzahl;BTR024;Landwirtschaftl. Betriebe mit gepachteten Flächen
41141;Landwirtschaftszählung: Haupterhebung;JAHR;Jahr;2016;DLAND;Bundesländer;03;Niedersachsen;BNZAT4;Bodennutzungsarten;BNZAT-2;Landwirtschaftlich genutzte Fläche;RECF01;Rechtsformen;RECHTSF15;Juristische Personen;FLCG05;Größenklassen der LF;FLCHB010B020;10 bis unter 20 ha;392;EUR;ETG009;Pachtentgelt je ha
41141;Landwirtschaftszählung: Haupterhebung;JAHR;Jahr;2013;DLAND;Bundesländer;03;Niedersachsen;BNZAT4;Bodennutzungsarten;BNZAT-2;Landwirtschaftlich genutzte Fläche;RECF01;Rechtsformen;RECHTSF112;Einzelunternehmen, Nebenerwerb;FLCG05;Größenklassen der LF;FLCHB050B100;50 bis unter 100 ha;45000;ha;FLC044;Gepachtete Fläche
41141;Landwirtschaftszählung: Haupterhebung;JAHR;Jahr;2013;DLAND;Bundesländer;03;Niedersachsen;BNZAT4;Bodennutzungsarten;BNZAT-2;Landwirtschaftlich genutzte Fläche;RECF01;Rechtsformen;RECHTSF112;Einzelunternehmen, Nebenerwerb;FLCG05;Größenklassen der LF;FLCHB050B100;50 bis unter 100 ha;-;ha;FLC059;LF in Betrieben mit gepachteten Flächen
41141;Landwirtschaftszählung: Haupterhebung;JAHR;Jahr;2013;DLAND;Bundesländer;03;Niedersachsen;BNZAT4;Bodennutzungsarten;BNZAT-2;Landwirtschaftlich genutzte Fläche;RECF01;Rechtsformen;RECHTSF112;Einzelunternehmen, Nebenerwerb;FLCG05;Größenklassen der LF;FLCHB050B100;50 bis unter 100 ha;-;Anzahl;BTR024;Landwirtschaftl. Betriebe mit gepachteten Flächen
41141;Landwirtschaftszählung: Haupterhebung;JAHR;Jahr;2013;DLAND;Bundesländer;03;Niedersachsen;BNZAT4;Bodennutzungsarten;BNZAT-2;Landwirtschaftlich genutzte Fläche;RECF01;Rechtsformen;RECHTSF112;Einzelunternehmen, Nebenerwerb;FLCG05;Größenklassen der LF;FLCHB050B100;50 bis unter 100 ha;286;EUR;ETG009;Pachtentgelt je ha
41141;Landwirtschaftszählung: Haupterhebung;JAHR;Jahr;2020;DLAND;Bundesländer;03;Niedersachsen;BNZAT4;Bodennutzungsarten;BNZAT-2;Landwirtschaftlich genutzte Fläche;RECF01;Rechtsformen;RECHTSF11;Einzelunternehmen;FLCG05;Größenklassen der LF;FLCHC050B100;500 bis unter 1000 ha;42250;ha;FLC044;Gepachtete Fläche
41141;Landwirtschaftszählung: Haupterhebung;JAHR;Jahr;2020;DLAND;Bundesländer;03;Niedersachsen;BNZAT4;Bodennutzungsarten;BNZAT-2;Landwirtschaftlich genutzte Fläche;RECF01;Rechtsformen;RECHTSF11;Einzelunternehmen;FLCG05;Größenklassen der LF;FLCHC050B100;500 bis unter 1000 ha;63484;ha;FLC059;LF in Betrieben mit gepachteten Flächen
41141;Landwirtschaftszählung: Haupterhebung;JAHR;Jahr;2020;DLAND;Bundesländer;03;Niedersachsen;BNZAT4;Bodennutzungsarten;BNZAT-2;Landwirtschaftlich genutzte Fläche;RECF01;Rechtsformen;RECHTSF11;Einzelunternehmen;FLCG05;Größenklassen der LF;FLCHC050B100;500 bis unter 1000 ha;101;Anzahl;BTR024;Landwirtschaftl. Betriebe mit gepachteten Flächen
41141;Landwirtschaftszählung: Haupterhebung;JAHR;Jahr;2020;DLAND;Bundesländer;03;Niedersachsen;BNZAT4;Bodennutzungsarten;BNZAT-2;Landwirtschaftlich genutzte Fläche;RECF01;Rechtsformen;RECHTSF11;Einzelunternehmen;FLCG05;Größenklassen der LF;FLCHC050B100;500 bis unter 1000 ha;585;EUR;ETG009;Pachtentgelt je ha
41141;Landwirtschaftszählung: Haupterhebung;JAHR;Jahr;2020;DLAND;Bundesländer;03;Niedersachsen;BNZAT4;Bodennutzungsarten;BNZAT-2;Landwirtschaftlich genutzte Fläche;RECF01;Rechtsformen;RECHTSF121;Personengemeinschaften, -gesellschaften;FLCG05;Größenklassen der LF;FLCHB050B100;50 bis unter 100 ha;43232;ha;FLC044;Gepachtete Fläche
41141;Landwirtschaftszählung: Haupterhebung;JAHR;Jahr;2020;DLAND;Bundesländer;03;Niedersachsen;BNZAT4;Bodennutzungsarten;BNZAT-2;Landwirtschaftlich genutzte Fläche;RECF01;Rechtsformen;RECHTSF121;Personengemeinschaften, -gesellschaften;FLCG05;Größenklassen der LF;FLCHB050B100;50 bis unter 100 ha;79287;ha;FLC059;LF in Betrieben mit gepachteten Flächen
41141;Landwirtschaftszählung: Haupterhebung;JAHR;Jahr;2020;DLAND;Bundesländer;03;Niedersachsen;BNZAT4;Bodennutzungsarten;BNZAT-2;Landwirtschaftlich genutzte Fläche;RECF01;Rechtsformen;RECHTSF121;Personengemeinschaften, -gesellschaften;FLCG05;Größenklassen der LF;FLCHB050B100;50 bis unter 100 ha;1055;Anzahl;BTR024;Landwirtschaftl. Betriebe mit gepachteten Flächen
41141;Landwirtschaftszählung: Haupterhebung;JAHR;Jahr;2020;DLAND;Bundesländer;03;Niedersachsen;BNZAT4;Bodennutzungsarten;BNZAT-2;Landwirtschaftlich genutzte Fläche;RECF01;Rechtsformen;RECHTSF121;Personengemeinschaften, -gesellschaften;FLCG05;Größenklassen der LF;FLCHB050B100;50 bis unter 100 ha;596;EUR;ETG009;Pachtentgelt je ha
41141;Landwirtschaftszählung: Haupterhebung;JAHR;Jahr;2023;DLAND;Bundesländer;03;Niedersachsen;BNZAT4;Bodennutzungsarten;BNZAT-2;Landwirtschaftlich genutzte Fläche;RECF01;Rechtsformen;RECHTSF112;Einzelunternehmen, Nebenerwerb;FLCG05;Größenklassen der LF;FLCHD010UM;1000 und mehr ha;.;ha;FLC044;Gepachtete Fläche
41141;Landwirtschaftszählung: Haupterhebung;JAHR;Jahr;2023;DLAND;Bundesländer;03;Niedersachsen;BNZAT4;Bodennutzungsarten;BNZAT-2;Landwirtschaftlich genutzte Fläche;RECF01;Rechtsformen;RECHTSF112;Einzelunternehmen, Nebenerwerb;FLCG05;Größenklassen der LF;FLCHD010UM;1000 und mehr ha;.;ha;FLC059;LF in Betrieben mit gepachteten Flächen
41141;Landwirtschaftszählung: Haupterhebung;JAHR;Jahr;2023;DLAND;Bundesländer;03;Niedersachsen;BNZAT4;Bodennutzungsarten;BNZAT-2;Landwirtschaftlich genutzte Fläche;RECF01;Rechtsformen;RECHTSF112;Einzelunternehmen, Nebenerwerb;FLCG05;Größenklassen der LF;FLCHD010UM;1000 und mehr ha;.;Anzahl;BTR024;Landwirtschaftl. Betriebe mit gepachteten Flächen
41141;Landwirtschaftszählung: Haupterhebung;JAHR;Jahr;2023;DLAND;Bundesländer;03;Niedersachsen;BNZAT4;Bodennutzungsarten;BNZAT-2;Landwirtschaftlich genutzte Fläche;RECF01;Rechtsformen;RECHTSF112;Einzelunternehmen, Nebenerwerb;FLCG05;Größenklassen der LF;FLCHD010UM;1000 und mehr ha;.;EUR;ETG009;Pachtentgelt je ha
41141;Landwirtschaftszählung: Haupterhebung;JAHR;Jahr;2010;DLAND;Bundesländer;03;Niedersachsen;BNZAT4;Bodennutzungsarten;BNZAT-2;Landwirtschaftlich genutzte Fläche;RECF01;Rechtsformen;RECHTSF11;Einzelunternehmen;FLCG05;Größenklassen der LF;FLCHC050B100;500 bis unter 1000 ha;11477;ha;FLC044;Gepachtete Fläche
41141;Landwirtschaftszählung: Haupterhebung;JAHR;Jahr;2010;DLAND;Bundesländer;03;Niedersachsen;BNZAT4;Bodennutzungsarten;BNZAT-2;Landwirtschaftlich genutzte Fläche;RECF01;Rechtsformen;RECHTSF11;Einzelunternehmen;FLCG05;Größenklassen der LF;FLCHC050B100;500 bis unter 1000 ha;-;ha;FLC059;LF in Betrieben mit gepachteten Flächen
41141;Landwirtschaftszählung: Haupterhebung;JAHR;Jahr;2010;DLAND;Bundesländer;03;Niedersachsen;BNZAT4;Bodennutzungsarten;BNZAT-2;Landwirtschaftlich genutzte Fläche;RECF01;Rechtsformen;RECHTSF11;Einzelunternehmen;FLCG05;Größenklassen der LF;FLCHC050B100;500 bis unter 1000 ha;-;Anzahl;BTR024;Landwirtschaftl. Betriebe mit gepachteten Flächen
41141;Landwirtschaftszählung: Haupterhebung;JAHR;Jahr;2010;DLAND;Bundesländer;03;Niedersachsen;BNZAT4;Bodennutzungsarten;BNZAT-2;Landwirtschaftlich genutzte Fläche;RECF01;Rechtsformen;RECHTSF11;Einzelunternehmen;FLCG05;Größenklassen der LF;FLCHC050B100;500 bis unter 1000 ha;349;EUR;ETG009;Pachtentgelt je ha
41141;Landwirtschaftszählung: Haupterhebung;JAHR;Jahr;2010;DLAND;Bundesländer;03;Niedersachsen;BNZAT4;Bodennutzungsarten;BNZAT-2;Landwirtschaftlich genutzte Fläche;RECF01;Rechtsformen;RECHTSF15;Juristische Personen;FLCG05;Größenklassen der LF;FLCHA000B050;unter 5 ha;14;ha;FLC044;Gepachtete Fläche
41141;Landwirtschaftszählung: Haupterhebung;JAHR;Jahr;2010;DLAND;Bundesländer;03;Niedersachsen;BNZAT4;Bodennutzungsarten;BNZAT-2;Landwirtschaftlich genutzte Fläche;RECF01;Rechtsformen;RECHTSF15;Juristische Personen;FLCG05;Größenklassen der LF;FLCHA000B050;unter 5 ha;-;ha;FLC059;LF in Betrieben mit gepachteten Flächen
41141;Landwirtschaftszählung: Haupterhebung;JAHR;Jahr;2010;DLAND;Bundesländer;03;Niedersachsen;BNZAT4;Bodennutzungsarten;BNZAT-2;Landwirtschaftlich genutzte Fläche;RECF01;Rechtsformen;RECHTSF15;Juristische Personen;FLCG05;Größenklassen der LF;FLCHA000B050;unter 5 ha;-;Anzahl;BTR024;Landwirtschaftl. Betriebe mit gepachteten Flächen
41141;Landwirtschaftszählung: Haupterhebung;JAHR;Jahr;2010;DLAND;Bundesländer;03;Niedersachsen;BNZAT4;Bodennutzungsarten;BNZAT-2;Landwirtschaftlich genutzte Fläche;RECF01;Rechtsformen;RECHTSF15;Juristische Personen;FLCG05;Größenklassen der LF;FLCHA000B050;unter 5 ha;835;EUR;ETG009;Pachtentgelt je ha
41141;Landwirtschaftszählung: Haupterhebung;JAHR;Jahr;2020;DLAND;Bundesländer;03;Niedersachsen;BNZAT4;Bodennutzungsarten;BNZAT-2;Landwirtschaftlich genutzte Fläche;RECF01;Rechtsformen;RECHTSF121;Personengemeinschaften, -gesellschaften;FLCG05;Größenklassen der LF;;Insgesamt;352849;ha;FLC044;Gepachtete Fläche
41141;Landwirtschaftszählung: Haupterhebung;JAHR;Jahr;2020;DLAND;Bundesländer;03;Niedersachsen;BNZAT4;Bodennutzungsarten;BNZAT-2;Landwirtschaftlich genutzte Fläche;RECF01;Rechtsformen;RECHTSF121;Personengemeinschaften, -gesellschaften;FLCG05;Größenklassen der LF;;Insgesamt;571428;ha;FLC059;LF in Betrieben mit gepachteten Flächen
41141;Landwirtschaftszählung: Haupterhebung;JAHR;Jahr;2020;DLAND;Bundesländer;03;Niedersachsen;BNZAT4;Bodennutzungsarten;BNZAT-2;Landwirtschaftlich genutzte Fläche;RECF01;Rechtsformen;RECHTSF121;Personengemeinschaften, -gesellschaften;FLCG05;Größenklassen der LF;;Insgesamt;3928;Anzahl;BTR024;Landwirtschaftl. Betriebe mit gepachteten Flächen
41141;Landwirtschaftszählung: Haupterhebung;JAHR;Jahr;2020;DLAND;Bundesländer;03;Niedersachsen;BNZAT4;Bodennutzungsarten;BNZAT-2;Landwirtschaftlich genutzte Fläche;RECF01;Rechtsformen;RECHTSF121;Personengemeinschaften, -gesellschaften;FLCG05;Größenklassen der LF;;Insgesamt;539;EUR;ETG009;Pachtentgelt je ha
41141;Landwirtschaftszählung: Haupterhebung;JAHR;Jahr;2013;DLAND;Bundesländer;03;Niedersachsen;BNZAT4;Bodennutzungsarten;BNZAT-2;Landwirtschaftlich genutzte Fläche;RECF01;Rechtsformen;RECHTSF121;Personengemeinschaften, -gesellschaften;FLCG05;Größenklassen der LF;FLCHC020B050;200 bis unter 500 ha;70900;ha;FLC044;Gepachtete Fläche
41141;Landwirtschaftszählung: Haupterhebung;JAHR;Jahr;2013;DLAND;Bundesländer;03;Niedersachsen;BNZAT4;Bodennutzungsarten;BNZAT-2;Landwirtschaftlich genutzte Fläche;RECF01;Rechtsformen;RECHTSF121;Personengemeinschaften, -gesellschaften;FLCG05;Größenklassen der LF;FLCHC020B050;200 bis unter 500 ha;-;ha;FLC059;LF in Betrieben mit gepachteten Flächen
41141;Landwirtschaftszählung: Haupterhebung;JAHR;Jahr;2013;DLAND;Bundesländer;03;Niedersachsen;BNZAT4;Bodennutzungsarten;BNZAT-2;Landwirtschaftlich genutzte Fläche;RECF01;Rechtsformen;RECHTSF121;Personengemeinschaften, -gesellschaften;FLCG05;Größenklassen der LF;FLCHC020B050;200 bis unter 500 ha;-;Anzahl;BTR024;Landwirtschaftl. Betriebe mit gepachteten Flächen
41141;Landwirtschaftszählung: Haupterhebung;JAHR;Jahr;2013;DLAND;Bundesländer;03;Niedersachsen;BNZAT4;Bodennutzungsarten;BNZAT-2;Landwirtschaftlich genutzte Fläche;RECF01;Rechtsformen;RECHTSF121;Personengemeinschaften, -gesellschaften;FLCG05;Größenklassen der LF;FLCHC020B050;200 bis unter 500 ha;373;EUR;ETG009;Pachtentgelt je ha
41141;Landwirtschaftszählung: Haupterhebung;JAHR;Jahr;2023;DLAND;Bundesländer;03;Niedersachsen;BNZAT4;Bodennutzungsarten;BNZAT-2;Landwirtschaftlich genutzte Fläche;RECF01;Rechtsformen;RECHTSF15;Juristische Personen;FLCG05;Größenklassen der LF;FLCHC020B050;200 bis unter 500 ha;.;ha;FLC044;Gepachtete Fläche
41141;Landwirtschaftszählung: Haupterhebung;JAHR;Jahr;2023;DLAND;Bundesländer;03;Niedersachsen;BNZAT4;Bodennutzungsarten;BNZAT-2;Landwirtschaftlich genutzte Fläche;RECF01;Rechtsformen;RECHTSF15;Juristische Personen;FLCG05;Größenklassen der LF;FLCHC020B050;200 bis unter 500 ha;.;ha;FLC059;LF in Betrieben mit gepachteten Flächen
41141;Landwirtschaftszählung: Haupterhebung;JAHR;Jahr;2023;DLAND;Bundesländer;03;Niedersachsen;BNZAT4;Bodennutzungsarten;BNZAT-2;Landwirtschaftlich genutzte Fläche;RECF01;Rechtsformen;RECHTSF15;Juristische Personen;FLCG05;Größenklassen der LF;FLCHC020B050;200 bis unter 500 ha;.;Anzahl;BTR024;Landwirtschaftl. Betriebe mit gepachteten Flächen
41141;Landwirtschaftszählung: Haupterhebung;JAHR;Jahr;2023;DLAND;Bundesländer;03;Niedersachsen;BNZAT4;Bodennutzungsarten;BNZAT-2;Landwirtschaftlich genutzte Fläche;RECF01;Rechtsformen;RECHTSF15;Juristische Personen;FLCG05;Größenklassen der LF;FLCHC020B050;200 bis unter 500 ha;.;EUR;ETG009;Pachtentgelt je ha
41141;Landwirtschaftszählung: Haupterhebung;JAHR;Jahr;2016;DLAND;Bundesländer;03;Niedersachsen;BNZAT4;Bodennutzungsarten;BNZAT-2;Landwirtschaftlich genutzte Fläche;RECF01;Rechtsformen;RECHTSF111;Einzelunternehmen, Haupterwerb;FLCG05;Größenklassen der LF;;Insgesamt;715500;ha;FLC044;Gepachtete Fläche
41141;Landwirtschaftszählung: Haupterhebung;JAHR;Jahr;2016;DLAND;Bundesländer;03;Niedersachsen;BNZAT4;Bodennutzungsarten;BNZAT-2;Landwirtschaftlich genutzte Fläche;RECF01;Rechtsformen;RECHTSF111;Einzelunternehmen, Haupterwerb;FLCG05;Größenklassen der LF;;Insgesamt;-;ha;FLC059;LF in Betrieben mit gepachteten Flächen
41141;Landwirtschaftszählung: Haupterhebung;JAHR;Jahr;2016;DLAND;Bundesländer;03;Niedersachsen;BNZAT4;Bodennutzungsarten;BNZAT-2;Landwirtschaftlich genutzte Fläche;RECF01;Rechtsformen;RECHTSF111;Einzelunternehmen, Haupterwerb;FLCG05;Größenklassen der LF;;Insgesamt;-;Anzahl;BTR024;Landwirtschaftl. Betriebe mit gepachteten Flächen
41141;Landwirtschaftszählung: Haupterhebung;JAHR;Jahr;2016;DLAND;Bundesländer;03;Niedersachsen;BNZAT4;Bodennutzungsarten;BNZAT-2;Landwirtschaftlich genutzte Fläche;RECF01;Rechtsformen;RECHTSF111;Einzelunternehmen, Haupterwerb;FLCG05;Größenklassen der LF;;Insgesamt;468;EUR;ETG009;Pachtentgelt je ha
41141;Landwirtschaftszählung: Haupterhebung;JAHR;Jahr;2020;DLAND;Bundesländer;03;Niedersachsen;BNZAT4;Bodennutzungsarten;BNZAT-2;Landwirtschaftlich genutzte Fläche;RECF01;Rechtsformen;RECHTSF121;Personengemeinschaften, -gesellschaften;FLCG05;Größenklassen der LF;FLCHB020B050;20 bis unter 50 ha;9171;ha;FLC044;Gepachtete Fläche
41141;Landwirtschaftszählung: Haupterhebung;JAHR;Jahr;2020;DLAND;Bundesländer;03;Niedersachsen;BNZAT4;Bodennutzungsarten;BNZAT-2;Landwirtschaftlich genutzte Fläche;RECF01;Rechtsformen;RECHTSF121;Personengemeinschaften, -gesellschaften;FLCG05;Größenklassen der LF;FLCHB020B050;20 bis unter 50 ha;15421;ha;FLC059;LF in Betrieben mit gepachteten Flächen
41141;Landwirtschaftszählung: Haupterhebung;JAHR;Jahr;2020;DLAND;Bundesländer;03;Niedersachsen;BNZAT4;Bodennutzungsarten;BNZAT-2;Landwirtschaftlich genutzte Fläche;RECF01;Rechtsformen;RECHTSF121;Personengemeinschaften, -gesellschaften;FLCG05;Größenklassen der LF;FLCHB020B050;20 bis unter 50 ha;430;Anzahl;BTR024;Landwirtschaftl. Betriebe mit gepachteten Flächen
41141;Landwirtschaftszählung: Haupterhebung;JAHR;Jahr;2020;DLAND;Bundesländer;03;Niedersachsen;BNZAT4;Bodennutzungsarten;BNZAT-2;Landwirtschaftlich genutzte Fläche;RECF01;Rechtsformen;RECHTSF121;Personengemeinschaften, -gesellschaften;FLCG05;Größenklassen der LF;FLCHB020B050;20 bis unter 50 ha;629;EUR;ETG009;Pachtentgelt je ha
41141;Landwirtschaftszählung: Haupterhebung;JAHR;Jahr;2010;DLAND;Bundesländer;03;Niedersachsen;BNZAT4;Bodennutzungsarten;BNZAT-2;Landwirtschaftlich genutzte Fläche;RECF01;Rechtsformen;RECHTSF11;Einzelunternehmen;FLCG05;Größenklassen der LF;FLCHC020B050;200 bis unter 500 ha;138428;ha;FLC044;Gepachtete Fläche
41141;Landwirtschaftszählung: Haupterhebung;JAHR;Jahr;2010;DLAND;Bundesländer;03;Niedersachsen;BNZAT4;Bodennutzungsarten;BNZAT-2;Landwirtschaftlich genutzte Fläche;RECF01;Rechtsformen;RECHTSF11;Einzelunternehmen;FLCG05;Größenklassen der LF;FLCHC020B050;200 bis unter 500 ha;-;ha;FLC059;LF in Betrieben mit gepachteten Flächen
41141;Landwirtschaftszählung: Haupterhebung;JAHR;Jahr;2010;DLAND;Bundesländer;03;Niedersachsen;BNZAT4;Bodennutzungsarten;BNZAT-2;Landwirtschaftlich genutzte Fläche;RECF01;Rechtsformen;RECHTSF11;Einzelunternehmen;FLCG05;Größenklassen der LF;FLCHC020B050;200 bis unter 500 ha;-;Anzahl;BTR024;Landwirtschaftl. Betriebe mit gepachteten Flächen
41141;Landwirtschaftszählung: Haupterhebung;JAHR;Jahr;2010;DLAND;Bundesländer;03;Niedersachsen;BNZAT4;Bodennutzungsarten;BNZAT-2;Landwirtschaftlich genutzte Fläche;RECF01;Rechtsformen;RECHTSF11;Einzelunternehmen;FLCG05;Größenklassen der LF;FLCHC020B050;200 bis unter 500 ha;326;EUR;ETG009;Pachtentgelt je ha
41141;Landwirtschaftszählung: Haupterhebung;JAHR;Jahr;2013;DLAND;Bundesländer;03;Niedersachsen;BNZAT4;Bodennutzungsarten;BNZAT-2;Landwirtschaftlich genutzte Fläche;RECF01;Rechtsformen;RECHTSF11;Einzelunternehmen;FLCG05;Größenklassen der LF;FLCHB050B100;50 bis unter 100 ha;275500;ha;FLC044;Gepachtete Fläche
41141;Landwirtschaftszählung: Haupterhebung;JAHR;Jahr;2013;DLAND;Bundesländer;03;Niedersachsen;BNZAT4;Bodennutzungsarten;BNZAT-2;Landwirtschaftlich genutzte Fläche;RECF01;Rechtsformen;RECHTSF11;Einzelunternehmen;FLCG05;Größenklassen der LF;FLCHB050B100;50 bis unter 100 ha;-;ha;FLC059;LF in Betrieben mit gepachteten Flächen
41141;Landwirtschaftszählung: Haupterhebung;JAHR;Jahr;2013;DLAND;Bundesländer;03;Niedersachsen;BNZAT4;Bodennutzungsarten;BNZAT-2;Landwirtschaftlich genutzte Fläche;RECF01;Rechtsformen;RECHTSF11;Einzelunternehmen;FLCG05;Größenklassen der LF;FLCHB050B100;50 bis unter 100 ha;-;Anzahl;BTR024;Landwirtschaftl. Betriebe mit gepachteten Flächen
41141;Landwirtschaftszählung: Haupterhebung;JAHR;Jahr;2013;DLAND;Bundesländer;03;Niedersachsen;BNZAT4;Bodennutzungsarten;BNZAT-2;Landwirtschaftlich genutzte Fläche;RECF01;Rechtsformen;RECHTSF11;Einzelunternehmen;FLCG05;Größenklassen der LF;FLCHB050B100;50 bis unter 100 ha;365;EUR;ETG009;Pachtentgelt je ha
41141;Landwirtschaftszählung: Haupterhebung;JAHR;Jahr;2023;DLAND;Bundesländer;03;Niedersachsen;BNZAT4;Bodennutzungsarten;BNZAT-2;Landwirtschaftlich genutzte Fläche;RECF01;Rechtsformen;RECHTSF11;Einzelunternehmen;FLCG05;Größenklassen der LF;FLCHD010UM;1000 und mehr ha;.;ha;FLC044;Gepachtete Fläche
41141;Landwirtschaftszählung: Haupterhebung;JAHR;Jahr;2023;DLAND;Bundesländer;03;Niedersachsen;BNZAT4;Bodennutzungsarten;BNZAT-2;Landwirtschaftlich genutzte Fläche;RECF01;Rechtsformen;RECHTSF11;Einzelunternehmen;FLCG05;Größenklassen der LF;FLCHD010UM;1000 und mehr ha;.;ha;FLC059;LF in Betrieben mit gepachteten Flächen
41141;Landwirtschaftszählung: Haupterhebung;JAHR;Jahr;2023;DLAND;Bundesländer;03;Niedersachsen;BNZAT4;Bodennutzungsarten;BNZAT-2;Landwirtschaftlich genutzte Fläche;RECF01;Rechtsformen;RECHTSF11;Einzelunternehmen;FLCG05;Größenklassen der LF;FLCHD010UM;1000 und mehr ha;.;Anzahl;BTR024;Landwirtschaftl. Betriebe mit gepachteten Flächen
41141;Landwirtschaftszählung: Haupterhebung;JAHR;Jahr;2023;DLAND;Bundesländer;03;Niedersachsen;BNZAT4;Bodennutzungsarten;BNZAT-2;Landwirtschaftlich genutzte Fläche;RECF01;Rechtsformen;RECHTSF11;Einzelunternehmen;FLCG05;Größenklassen der LF;FLCHD010UM;1000 und mehr ha;.;EUR;ETG009;Pachtentgelt je ha
41141;Landwirtschaftszählung: Haupterhebung;JAHR;Jahr;2013;DLAND;Bundesländer;03;Niedersachsen;BNZAT4;Bodennutzungsarten;BNZAT-2;Landwirtschaftlich genutzte Fläche;RECF01;Rechtsformen;;Insgesamt;FLCG05;Größenklassen der LF;FLCHA050B100;5 bis unter 10 ha;9600;ha;FLC044;Gepachtete Fläche
41141;Landwirtschaftszählung: Haupterhebung;JAHR;Jahr;2013;DLAND;Bundesländer;03;Niedersachsen;BNZAT4;Bodennutzungsarten;BNZAT-2;Landwirtschaftlich genutzte Fläche;RECF01;Rechtsformen;;Insgesamt;FLCG05;Größenklassen der LF;FLCHA050B100;5 bis unter 10 ha;-;ha;FLC059;LF in Betrieben mit gepachteten Flächen
41141;Landwirtschaftszählung: Haupterhebung;JAHR;Jahr;2013;DLAND;Bundesländer;03;Niedersachsen;BNZAT4;Bodennutzungsarten;BNZAT-2;Landwirtschaftlich genutzte Fläche;RECF01;Rechtsformen;;Insgesamt;FLCG05;Größenklassen der LF;FLCHA050B100;5 bis unter 10 ha;-;Anzahl;BTR024;Landwirtschaftl. Betriebe mit gepachteten Flächen
41141;Landwirtschaftszählung: Haupterhebung;JAHR;Jahr;2013;DLAND;Bundesländer;03;Niedersachsen;BNZAT4;Bodennutzungsarten;BNZAT-2;Landwirtschaftlich genutzte Fläche;RECF01;Rechtsformen;;Insgesamt;FLCG05;Größenklassen der LF;FLCHA050B100;5 bis unter 10 ha;261;EUR;ETG009;Pachtentgelt je ha
41141;Landwirtschaftszählung: Haupterhebung;JAHR;Jahr;2010;DLAND;Bundesländer;03;Niedersachsen;BNZAT4;Bodennutzungsarten;BNZAT-2;Landwirtschaftlich genutzte Fläche;RECF01;Rechtsformen;RECHTSF111;Einzelunternehmen, Haupterwerb;FLCG05;Größenklassen der LF;FLCHC050B100;500 bis unter 1000 ha;11477;ha;FLC044;Gepachtete Fläche
41141;Landwirtschaftszählung: Haupterhebung;JAHR;Jahr;2010;DLAND;Bundesländer;03;Niedersachsen;BNZAT4;Bodennutzungsarten;BNZAT-2;Landwirtschaftlich genutzte Fläche;RECF01;Rechtsformen;RECHTSF111;Einzelunternehmen, Haupterwerb;FLCG05;Größenklassen der LF;FLCHC050B100;500 bis unter 1000 ha;-;ha;FLC059;LF in Betrieben mit gepachteten Flächen
41141;Landwirtschaftszählung: Haupterhebung;JAHR;Jahr;2010;DLAND;Bundesländer;03;Niedersachsen;BNZAT4;Bodennutzungsarten;BNZAT-2;Landwirtschaftlich genutzte Fläche;RECF01;Rechtsformen;RECHTSF111;Einzelunternehmen, Haupterwerb;FLCG05;Größenklassen der LF;FLCHC050B100;500 bis unter 1000 ha;-;Anzahl;BTR024;Landwirtschaftl. Betriebe mit gepachteten Flächen
41141;Landwirtschaftszählung: Haupterhebung;JAHR;Jahr;2010;DLAND;Bundesländer;03;Niedersachsen;BNZAT4;Bodennutzungsarten;BNZAT-2;Landwirtschaftlich genutzte Fläche;RECF01;Rechtsformen;RECHTSF111;Einzelunternehmen, Haupterwerb;FLCG05;Größenklassen der LF;FLCHC050B100;500 bis unter 1000 ha;349;EUR;ETG009;Pachtentgelt je ha
41141;Landwirtschaftszählung: Haupterhebung;JAHR;Jahr;2013;DLAND;Bundesländer;03;Niedersachsen;BNZAT4;Bodennutzungsarten;BNZAT-2;Landwirtschaftlich genutzte Fläche;RECF01;Rechtsformen;RECHTSF112;Einzelunternehmen, Nebenerwerb;FLCG05;Größenklassen der LF;FLCHD010UM;1000 und mehr ha;-;ha;FLC044;Gepachtete Fläche
41141;Landwirtschaftszählung: Haupterhebung;JAHR;Jahr;2013;DLAND;Bundesländer;03;Niedersachsen;BNZAT4;Bodennutzungsarten;BNZAT-2;Landwirtschaftlich genutzte Fläche;RECF01;Rechtsformen;RECHTSF112;Einzelunternehmen, Nebenerwerb;FLCG05;Größenklassen der LF;FLCHD010UM;1000 und mehr ha;-;ha;FLC059;LF in Betrieben mit gepachteten Flächen
41141;Landwirtschaftszählung: Haupterhebung;JAHR;Jahr;2013;DLAND;Bundesländer;03;Niedersachsen;BNZAT4;Bodennutzungsarten;BNZAT-2;Landwirtschaftlich genutzte Fläche;RECF01;Rechtsformen;RECHTSF112;Einzelunternehmen, Nebenerwerb;FLCG05;Größenklassen der LF;FLCHD010UM;1000 und mehr ha;-;Anzahl;BTR024;Landwirtschaftl. Betriebe mit gepachteten Flächen
41141;Landwirtschaftszählung: Haupterhebung;JAHR;Jahr;2013;DLAND;Bundesländer;03;Niedersachsen;BNZAT4;Bodennutzungsarten;BNZAT-2;Landwirtschaftlich genutzte Fläche;RECF01;Rechtsformen;RECHTSF112;Einzelunternehmen, Nebenerwerb;FLCG05;Größenklassen der LF;FLCHD010UM;1000 und mehr ha;-;EUR;ETG009;Pachtentgelt je ha
41141;Landwirtschaftszählung: Haupterhebung;JAHR;Jahr;2016;DLAND;Bundesländer;03;Niedersachsen;BNZAT4;Bodennutzungsarten;BNZAT-2;Landwirtschaftlich genutzte Fläche;RECF01;Rechtsformen;RECHTSF112;Einzelunternehmen, Nebenerwerb;FLCG05;Größenklassen der LF;FLCHB010B020;10 bis unter 20 ha;16200;ha;FLC044;Gepachtete Fläche
41141;Landwirtschaftszählung: Haupterhebung;JAHR;Jahr;2016;DLAND;Bundesländer;03;Niedersachsen;BNZAT4;Bodennutzungsarten;BNZAT-2;Landwirtschaftlich genutzte Fläche;RECF01;Rechtsformen;RECHTSF112;Einzelunternehmen, Nebenerwerb;FLCG05;Größenklassen der LF;FLCHB010B020;10 bis unter 20 ha;-;ha;FLC059;LF in Betrieben mit gepachteten Flächen
41141;Landwirtschaftszählung: Haupterhebung;JAHR;Jahr;2016;DLAND;Bundesländer;03;Niedersachsen;BNZAT4;Bodennutzungsarten;BNZAT-2;Landwirtschaftlich genutzte Fläche;RECF01;Rechtsformen;RECHTSF112;Einzelunternehmen, Nebenerwerb;FLCG05;Größenklassen der LF;FLCHB010B020;10 bis unter 20 ha;-;Anzahl;BTR024;Landwirtschaftl. Betriebe mit gepachteten Flächen
41141;Landwirtschaftszählung: Haupterhebung;JAHR;Jahr;2016;DLAND;Bundesländer;03;Niedersachsen;BNZAT4;Bodennutzungsarten;BNZAT-2;Landwirtschaftlich genutzte Fläche;RECF01;Rechtsformen;RECHTSF112;Einzelunternehmen, Nebenerwerb;FLCG05;Größenklassen der LF;FLCHB010B020;10 bis unter 20 ha;327;EUR;ETG009;Pachtentgelt je ha
41141;Landwirtschaftszählung: Haupterhebung;JAHR;Jahr;2013;DLAND;Bundesländer;03;Niedersachsen;BNZAT4;Bodennutzungsarten;BNZAT-2;Landwirtschaftlich genutzte Fläche;RECF01;Rechtsformen;RECHTSF121;Personengemeinschaften, -gesellschaften;FLCG05;Größenklassen der LF;FLCHD010UM;1000 und mehr ha;8500;ha;FLC044;Gepachtete Fläche
41141;Landwirtschaftszählung: Haupterhebung;JAHR;Jahr;2013;DLAND;Bundesländer;03;Niedersachsen;BNZAT4;Bodennutzungsarten;BNZAT-2;Landwirtschaftlich genutzte Fläche;RECF01;Rechtsformen;RECHTSF121;Personengemeinschaften, -gesellschaften;FLCG05;Größenklassen der LF;FLCHD010UM;1000 und mehr ha;-;ha;FLC059;LF in Betrieben mit gepachteten Flächen
41141;Landwirtschaftszählung: Haupterhebung;JAHR;Jahr;2013;DLAND;Bundesländer;03;Niedersachsen;BNZAT4;Bodennutzungsarten;BNZAT-2;Landwirtschaftlich genutzte Fläche;RECF01;Rechtsformen;RECHTSF121;Personengemeinschaften, -gesellschaften;FLCG05;Größenklassen der LF;FLCHD010UM;1000 und mehr ha;-;Anzahl;BTR024;Landwirtschaftl. Betriebe mit gepachteten Flächen
41141;Landwirtschaftszählung: Haupterhebung;JAHR;Jahr;2013;DLAND;Bundesländer;03;Niedersachsen;BNZAT4;Bodennutzungsarten;BNZAT-2;Landwirtschaftlich genutzte Fläche;RECF01;Rechtsformen;RECHTSF121;Personengemeinschaften, -gesellschaften;FLCG05;Größenklassen der LF;FLCHD010UM;1000 und mehr ha;697;EUR;ETG009;Pachtentgelt je ha
41141;Landwirtschaftszählung: Haupterhebung;JAHR;Jahr;2023;DLAND;Bundesländer;03;Niedersachsen;BNZAT4;Bodennutzungsarten;BNZAT-2;Landwirtschaftlich genutzte Fläche;RECF01;Rechtsformen;;Insgesamt;FLCG05;Größenklassen der LF;FLCHA000B050;unter 5 ha;900;ha;FLC044;Gepachtete Fläche
41141;Landwirtschaftszählung: Haupterhebung;JAHR;Jahr;2023;DLAND;Bundesländer;03;Niedersachsen;BNZAT4;Bodennutzungsarten;BNZAT-2;Landwirtschaftlich genutzte Fläche;RECF01;Rechtsformen;;Insgesamt;FLCG05;Größenklassen der LF;FLCHA000B050;unter 5 ha;1200;ha;FLC059;LF in Betrieben mit gepachteten Flächen
41141;Landwirtschaftszählung: Haupterhebung;JAHR;Jahr;2023;DLAND;Bundesländer;03;Niedersachsen;BNZAT4;Bodennutzungsarten;BNZAT-2;Landwirtschaftlich genutzte Fläche;RECF01;Rechtsformen;;Insgesamt;FLCG05;Größenklassen der LF;FLCHA000B050;unter 5 ha;410;Anzahl;BTR024;Landwirtschaftl. Betriebe mit gepachteten Flächen
41141;Landwirtschaftszählung: Haupterhebung;JAHR;Jahr;2023;DLAND;Bundesländer;03;Niedersachsen;BNZAT4;Bodennutzungsarten;BNZAT-2;Landwirtschaftlich genutzte Fläche;RECF01;Rechtsformen;;Insgesamt;FLCG05;Größenklassen der LF;FLCHA000B050;unter 5 ha;633;EUR;ETG009;Pachtentgelt je ha
41141;Landwirtschaftszählung: Haupterhebung;JAHR;Jahr;2023;DLAND;Bundesländer;03;Niedersachsen;BNZAT4;Bodennutzungsarten;BNZAT-2;Landwirtschaftlich genutzte Fläche;RECF01;Rechtsformen;RECHTSF11;Einzelunternehmen;FLCG05;Größenklassen der LF;FLCHC010B020;100 bis unter 200 ha;.;ha;FLC044;Gepachtete Fläche
41141;Landwirtschaftszählung: Haupterhebung;JAHR;Jahr;2023;DLAND;Bundesländer;03;Niedersachsen;BNZAT4;Bodennutzungsarten;BNZAT-2;Landwirtschaftlich genutzte Fläche;RECF01;Rechtsformen;RECHTSF11;Einzelunternehmen;FLCG05;Größenklassen der LF;FLCHC010B020;100 bis unter 200 ha;.;ha;FLC059;LF in Betrieben mit gepachteten Flächen
41141;Landwirtschaftszählung: Haupterhebung;JAHR;Jahr;2023;DLAND;Bundesländer;03;Niedersachsen;BNZAT4;Bodennutzungsarten;BNZAT-2;Landwirtschaftlich genutzte Fläche;RECF01;Rechtsformen;RECHTSF11;Einzelunternehmen;FLCG05;Größenklassen der LF;FLCHC010B020;100 bis unter 200 ha;.;Anzahl;BTR024;Landwirtschaftl. Betriebe mit gepachteten Flächen
41141;Landwirtschaftszählung: Haupterhebung;JAHR;Jahr;2023;DLAND;Bundesländer;03;Niedersachsen;BNZAT4;Bodennutzungsarten;BNZAT-2;Landwirtschaftlich genutzte Fläche;RECF01;Rechtsformen;RECHTSF11;Einzelunternehmen;FLCG05;Größenklassen der LF;FLCHC010B020;100 bis unter 200 ha;.;EUR;ETG009;Pachtentgelt je ha
41141;Landwirtschaftszählung: Haupterhebung;JAHR;Jahr;2013;DLAND;Bundesländer;03;Niedersachsen;BNZAT4;Bodennutzungsarten;BNZAT-2;Landwirtschaftlich genutzte Fläche;RECF01;Rechtsformen;RECHTSF121;Personengemeinschaften, -gesellschaften;FLCG05;Größenklassen der LF;FLCHC010B020;100 bis unter 200 ha;87800;ha;FLC044;Gepachtete Fläche
41141;Landwirtschaftszählung: Haupterhebung;JAHR;Jahr;2013;DLAND;Bundesländer;03;Niedersachsen;BNZAT4;Bodennutzungsarten;BNZAT-2;Landwirtschaftlich genutzte Fläche;RECF01;Rechtsformen;RECHTSF121;Personengemeinschaften, -gesellschaften;FLCG05;Größenklassen der LF;FLCHC010B020;100 bis unter 200 ha;-;ha;FLC059;LF in Betrieben mit gepachteten Flächen
41141;Landwirtschaftszählung: Haupterhebung;JAHR;Jahr;2013;DLAND;Bundesländer;03;Niedersachsen;BNZAT4;Bodennutzungsarten;BNZAT-2;Landwirtschaftlich genutzte Fläche;RECF01;Rechtsformen;RECHTSF121;Personengemeinschaften, -gesellschaften;FLCG05;Größenklassen der LF;FLCHC010B020;100 bis unter 200 ha;-;Anzahl;BTR024;Landwirtschaftl. Betriebe mit gepachteten Flächen
41141;Landwirtschaftszählung: Haupterhebung;JAHR;Jahr;2013;DLAND;Bundesländer;03;Niedersachsen;BNZAT4;Bodennutzungsarten;BNZAT-2;Landwirtschaftlich genutzte Fläche;RECF01;Rechtsformen;RECHTSF121;Personengemeinschaften, -gesellschaften;FLCG05;Größenklassen der LF;FLCHC010B020;100 bis unter 200 ha;364;EUR;ETG009;Pachtentgelt je ha
41141;Landwirtschaftszählung: Haupterhebung;JAHR;Jahr;2016;DLAND;Bundesländer;03;Niedersachsen;BNZAT4;Bodennutzungsarten;BNZAT-2;Landwirtschaftlich genutzte Fläche;RECF01;Rechtsformen;RECHTSF121;Personengemeinschaften, -gesellschaften;FLCG05;Größenklassen der LF;FLCHB010B020;10 bis unter 20 ha;/;ha;FLC044;Gepachtete Fläche
41141;Landwirtschaftszählung: Haupterhebung;JAHR;Jahr;2016;DLAND;Bundesländer;03;Niedersachsen;BNZAT4;Bodennutzungsarten;BNZAT-2;Landwirtschaftlich genutzte Fläche;RECF01;Rechtsformen;RECHTSF121;Personengemeinschaften, -gesellschaften;FLCG05;Größenklassen der LF;FLCHB010B020;10 bis unter 20 ha;-;ha;FLC059;LF in Betrieben mit gepachteten Flächen
41141;Landwirtschaftszählung: Haupterhebung;JAHR;Jahr;2016;DLAND;Bundesländer;03;Niedersachsen;BNZAT4;Bodennutzungsarten;BNZAT-2;Landwirtschaftlich genutzte Fläche;RECF01;Rechtsformen;RECHTSF121;Personengemeinschaften, -gesellschaften;FLCG05;Größenklassen der LF;FLCHB010B020;10 bis unter 20 ha;-;Anzahl;BTR024;Landwirtschaftl. Betriebe mit gepachteten Flächen
41141;Landwirtschaftszählung: Haupterhebung;JAHR;Jahr;2016;DLAND;Bundesländer;03;Niedersachsen;BNZAT4;Bodennutzungsarten;BNZAT-2;Landwirtschaftlich genutzte Fläche;RECF01;Rechtsformen;RECHTSF121;Personengemeinschaften, -gesellschaften;FLCG05;Größenklassen der LF;FLCHB010B020;10 bis unter 20 ha;511;EUR;ETG009;Pachtentgelt je ha
41141;Landwirtschaftszählung: Haupterhebung;JAHR;Jahr;2020;DLAND;Bundesländer;03;Niedersachsen;BNZAT4;Bodennutzungsarten;BNZAT-2;Landwirtschaftlich genutzte Fläche;RECF01;Rechtsformen;RECHTSF11;Einzelunternehmen;FLCG05;Größenklassen der LF;;Insgesamt;996239;ha;FLC044;Gepachtete Fläche
41141;Landwirtschaftszählung: Haupterhebung;JAHR;Jahr;2020;DLAND;Bundesländer;03;Niedersachsen;BNZAT4;Bodennutzungsarten;BNZAT-2;Landwirtschaftlich genutzte Fläche;RECF01;Rechtsformen;RECHTSF11;Einzelunternehmen;FLCG05;Größenklassen der LF;;Insgesamt;1717507;ha;FLC059;LF in Betrieben mit gepachteten Flächen
41141;Landwirtschaftszählung: Haupterhebung;JAHR;Jahr;2020;DLAND;Bundesländer;03;Niedersachsen;BNZAT4;Bodennutzungsarten;BNZAT-2;Landwirtschaftlich genutzte Fläche;RECF01;Rechtsformen;RECHTSF11;Einzelunternehmen;FLCG05;Größenklassen der LF;;Insgesamt;22554;Anzahl;BTR024;Landwirtschaftl. Betriebe mit gepachteten Flächen
41141;Landwirtschaftszählung: Haupterhebung;JAHR;Jahr;2020;DLAND;Bundesländer;03;Niedersachsen;BNZAT4;Bodennutzungsarten;BNZAT-2;Landwirtschaftlich genutzte Fläche;RECF01;Rechtsformen;RECHTSF11;Einzelunternehmen;FLCG05;Größenklassen der LF;;Insgesamt;505;EUR;ETG009;Pachtentgelt je ha
41141;Landwirtschaftszählung: Haupterhebung;JAHR;Jahr;2010;DLAND;Bundesländer;03;Niedersachsen;BNZAT4;Bodennutzungsarten;BNZAT-2;Landwirtschaftlich genutzte Fläche;RECF01;Rechtsformen;RECHTSF112;Einzelunternehmen, Nebenerwerb;FLCG05;Größenklassen der LF;FLCHA000B050;unter 5 ha;735;ha;FLC044;Gepachtete Fläche
41141;Landwirtschaftszählung: Haupterhebung;JAHR;Jahr;2010;DLAND;Bundesländer;03;Niedersachsen;BNZAT4;Bodennutzungsarten;BNZAT-2;Landwirtschaftlich genutzte Fläche;RECF01;Rechtsformen;RECHTSF112;Einzelunternehmen, Nebenerwerb;FLCG05;Größenklassen der LF;FLCHA000B050;unter 5 ha;-;ha;FLC059;LF in Betrieben mit gepachteten Flächen
41141;Landwirtschaftszählung: Haupterhebung;JAHR;Jahr;2010;DLAND;Bundesländer;03;Niedersachsen;BNZAT4;Bodennutzungsarten;BNZAT-2;Landwirtschaftlich genutzte Fläche;RECF01;Rechtsformen;RECHTSF112;Einzelunternehmen, Nebenerwerb;FLCG05;Größenklassen der LF;FLCHA000B050;unter 5 ha;-;Anzahl;BTR024;Landwirtschaftl. Betriebe mit gepachteten Flächen
41141;Landwirtschaftszählung: Haupterhebung;JAHR;Jahr;2010;DLAND;Bundesländer;03;Niedersachsen;BNZAT4;Bodennutzungsarten;BNZAT-2;Landwirtschaftlich genutzte Fläche;RECF01;Rechtsformen;RECHTSF112;Einzelunternehmen, Nebenerwerb;FLCG05;Größenklassen der LF;FLCHA000B050;unter 5 ha;272;EUR;ETG009;Pachtentgelt je ha
41141;Landwirtschaftszählung: Haupterhebung;JAHR;Jahr;2010;DLAND;Bundesländer;03;Niedersachsen;BNZAT4;Bodennutzungsarten;BNZAT-2;Landwirtschaftlich genutzte Fläche;RECF01;Rechtsformen;RECHTSF11;Einzelunternehmen;FLCG05;Größenklassen der LF;FLCHC010B020;100 bis unter 200 ha;293779;ha;FLC044;Gepachtete Fläche
41141;Landwirtschaftszählung: Haupterhebung;JAHR;Jahr;2010;DLAND;Bundesländer;03;Niedersachsen;BNZAT4;Bodennutzungsarten;BNZAT-2;Landwirtschaftlich genutzte Fläche;RECF01;Rechtsformen;RECHTSF11;Einzelunternehmen;FLCG05;Größenklassen der LF;FLCHC010B020;100 bis unter 200 ha;-;ha;FLC059;LF in Betrieben mit gepachteten Flächen
41141;Landwirtschaftszählung: Haupterhebung;JAHR;Jahr;2010;DLAND;Bundesländer;03;Niedersachsen;BNZAT4;Bodennutzungsarten;BNZAT-2;Landwirtschaftlich genutzte Fläche;RECF01;Rechtsformen;RECHTSF11;Einzelunternehmen;FLCG05;Größenklassen der LF;FLCHC010B020;100 bis unter 200 ha;-;Anzahl;BTR024;Landwirtschaftl. Betriebe mit gepachteten Flächen
41141;Landwirtschaftszählung: Haupterhebung;JAHR;Jahr;2010;DLAND;Bundesländer;03;Niedersachsen;BNZAT4;Bodennutzungsarten;BNZAT-2;Landwirtschaftlich genutzte Fläche;RECF01;Rechtsformen;RECHTSF11;Einzelunternehmen;FLCG05;Größenklassen der LF;FLCHC010B020;100 bis unter 200 ha;304;EUR;ETG009;Pachtentgelt je ha
41141;Landwirtschaftszählung: Haupterhebung;JAHR;Jahr;2013;DLAND;Bundesländer;03;Niedersachsen;BNZAT4;Bodennutzungsarten;BNZAT-2;Landwirtschaftlich genutzte Fläche;RECF01;Rechtsformen;RECHTSF11;Einzelunternehmen;FLCG05;Größenklassen der LF;;Insgesamt;893500;ha;FLC044;Gepachtete Fläche
41141;Landwirtschaftszählung: Haupterhebung;JAHR;Jahr;2013;DLAND;Bundesländer;03;Niedersachsen;BNZAT4;Bodennutzungsarten;BNZAT-2;Landwirtschaftlich genutzte Fläche;RECF01;Rechtsformen;RECHTSF11;Einzelunternehmen;FLCG05;Größenklassen der LF;;Insgesamt;-;ha;FLC059;LF in Betrieben mit gepachteten Flächen
41141;Landwirtschaftszählung: Haupterhebung;JAHR;Jahr;2013;DLAND;Bundesländer;03;Niedersachsen;BNZAT4;Bodennutzungsarten;BNZAT-2;Landwirtschaftlich genutzte Fläche;RECF01;Rechtsformen;RECHTSF11;Einzelunternehmen;FLCG05;Größenklassen der LF;;Insgesamt;-;Anzahl;BTR024;Landwirtschaftl. Betriebe mit gepachteten Flächen
41141;Landwirtschaftszählung: Haupterhebung;JAHR;Jahr;2013;DLAND;Bundesländer;03;Niedersachsen;BNZAT4;Bodennutzungsarten;BNZAT-2;Landwirtschaftlich genutzte Fläche;RECF01;Rechtsformen;RECHTSF11;Einzelunternehmen;FLCG05;Größenklassen der LF;;Insgesamt;374;EUR;ETG009;Pachtentgelt je ha
41141;Landwirtschaftszählung: Haupterhebung;JAHR;Jahr;2020;DLAND;Bundesländer;03;Niedersachsen;BNZAT4;Bodennutzungsarten;BNZAT-2;Landwirtschaftlich genutzte Fläche;RECF01;Rechtsformen;RECHTSF121;Personengemeinschaften, -gesellschaften;FLCG05;Größenklassen der LF;FLCHB010B020;10 bis unter 20 ha;1472;ha;FLC044;Gepachtete Fläche
41141;Landwirtschaftszählung: Haupterhebung;JAHR;Jahr;2020;DLAND;Bundesländer;03;Niedersachsen;BNZAT4;Bodennutzungsarten;BNZAT-2;Landwirtschaftlich genutzte Fläche;RECF01;Rechtsformen;RECHTSF121;Personengemeinschaften, -gesellschaften;FLCG05;Größenklassen der LF;FLCHB010B020;10 bis unter 20 ha;2365;ha;FLC059;LF in Betrieben mit gepachteten Flächen
41141;Landwirtschaftszählung: Haupterhebung;JAHR;Jahr;2020;DLAND;Bundesländer;03;Niedersachsen;BNZAT4;Bodennutzungsarten;BNZAT-2;Landwirtschaftlich genutzte Fläche;RECF01;Rechtsformen;RECHTSF121;Personengemeinschaften, -gesellschaften;FLCG05;Größenklassen der LF;FLCHB010B020;10 bis unter 20 ha;158;Anzahl;BTR024;Landwirtschaftl. Betriebe mit gepachteten Flächen
41141;Landwirtschaftszählung: Haupterhebung;JAHR;Jahr;2020;DLAND;Bundesländer;03;Niedersachsen;BNZAT4;Bodennutzungsarten;BNZAT-2;Landwirtschaftlich genutzte Fläche;RECF01;Rechtsformen;RECHTSF121;Personengemeinschaften, -gesellschaften;FLCG05;Größenklassen der LF;FLCHB010B020;10 bis unter 20 ha;451;EUR;ETG009;Pachtentgelt je ha
41141;Landwirtschaftszählung: Haupterhebung;JAHR;Jahr;2020;DLAND;Bundesländer;03;Niedersachsen;BNZAT4;Bodennutzungsarten;BNZAT-2;Landwirtschaftlich genutzte Fläche;RECF01;Rechtsformen;RECHTSF11;Einzelunternehmen;FLCG05;Größenklassen der LF;FLCHA000B050;unter 5 ha;728;ha;FLC044;Gepachtete Fläche
41141;Landwirtschaftszählung: Haupterhebung;JAHR;Jahr;2020;DLAND;Bundesländer;03;Niedersachsen;BNZAT4;Bodennutzungsarten;BNZAT-2;Landwirtschaftlich genutzte Fläche;RECF01;Rechtsformen;RECHTSF11;Einzelunternehmen;FLCG05;Größenklassen der LF;FLCHA000B050;unter 5 ha;1076;ha;FLC059;LF in Betrieben mit gepachteten Flächen
41141;Landwirtschaftszählung: Haupterhebung;JAHR;Jahr;2020;DLAND;Bundesländer;03;Niedersachsen;BNZAT4;Bodennutzungsarten;BNZAT-2;Landwirtschaftlich genutzte Fläche;RECF01;Rechtsformen;RECHTSF11;Einzelunternehmen;FLCG05;Größenklassen der LF;FLCHA000B050;unter 5 ha;375;Anzahl;BTR024;Landwirtschaftl. Betriebe mit gepachteten Flächen
41141;Landwirtschaftszählung: Haupterhebung;JAHR;Jahr;2020;DLAND;Bundesländer;03;Niedersachsen;BNZAT4;Bodennutzungsarten;BNZAT-2;Landwirtschaftlich genutzte Fläche;RECF01;Rechtsformen;RECHTSF11;Einzelunternehmen;FLCG05;Größenklassen der LF;FLCHA000B050;unter 5 ha;524;EUR;ETG009;Pachtentgelt je ha
41141;Landwirtschaftszählung: Haupterhebung;JAHR;Jahr;2010;DLAND;Bundesländer;03;Niedersachsen;BNZAT4;Bodennutzungsarten;BNZAT-2;Landwirtschaftlich genutzte Fläche;RECF01;Rechtsformen;;Insgesamt;FLCG05;Größenklassen der LF;FLCHA050B100;5 bis unter 10 ha;8305;ha;FLC044;Gepachtete Fläche
41141;Landwirtschaftszählung: Haupterhebung;JAHR;Jahr;2010;DLAND;Bundesländer;03;Niedersachsen;BNZAT4;Bodennutzungsarten;BNZAT-2;Landwirtschaftlich genutzte Fläche;RECF01;Rechtsformen;;Insgesamt;FLCG05;Größenklassen der LF;FLCHA050B100;5 bis unter 10 ha;-;ha;FLC059;LF in Betrieben mit gepachteten Flächen
41141;Landwirtschaftszählung: Haupterhebung;JAHR;Jahr;2010;DLAND;Bundesländer;03;Niedersachsen;BNZAT4;Bodennutzungsarten;BNZAT-2;Landwirtschaftlich genutzte Fläche;RECF01;Rechtsformen;;Insgesamt;FLCG05;Größenklassen der LF;FLCHA050B100;5 bis unter 10 ha;-;Anzahl;BTR024;Landwirtschaftl. Betriebe mit gepachteten Flächen
41141;Landwirtschaftszählung: Haupterhebung;JAHR;Jahr;2010;DLAND;Bundesländer;03;Niedersachsen;BNZAT4;Bodennutzungsarten;BNZAT-2;Landwirtschaftlich genutzte Fläche;RECF01;Rechtsformen;;Insgesamt;FLCG05;Größenklassen der LF;FLCHA050B100;5 bis unter 10 ha;234;EUR;ETG009;Pachtentgelt je ha
41141;Landwirtschaftszählung: Haupterhebung;JAHR;Jahr;2023;DLAND;Bundesländer;03;Niedersachsen;BNZAT4;Bodennutzungsarten;BNZAT-2;Landwirtschaftlich genutzte Fläche;RECF01;Rechtsformen;RECHTSF112;Einzelunternehmen, Nebenerwerb;FLCG05;Größenklassen der LF;;Insgesamt;210400;ha;FLC044;Gepachtete Fläche
41141;Landwirtschaftszählung: Haupterhebung;JAHR;Jahr;2023;DLAND;Bundesländer;03;Niedersachsen;BNZAT4;Bodennutzungsarten;BNZAT-2;Landwirtschaftlich genutzte Fläche;RECF01;Rechtsformen;RECHTSF112;Einzelunternehmen, Nebenerwerb;FLCG05;Größenklassen der LF;;Insgesamt;352700;ha;FLC059;LF in Betrieben mit gepachteten Flächen
41141;Landwirtschaftszählung: Haupterhebung;JAHR;Jahr;2023;DLAND;Bundesländer;03;Niedersachsen;BNZAT4;Bodennutzungsarten;BNZAT-2;Landwirtschaftlich genutzte Fläche;RECF01;Rechtsformen;RECHTSF112;Einzelunternehmen, Nebenerwerb;FLCG05;Größenklassen der LF;;Insgesamt;8470;Anzahl;BTR024;Landwirtschaftl. Betriebe mit gepachteten Flächen
41141;Landwirtschaftszählung: Haupterhebung;JAHR;Jahr;2023;DLAND;Bundesländer;03;Niedersachsen;BNZAT4;Bodennutzungsarten;BNZAT-2;Landwirtschaftlich genutzte Fläche;RECF01;Rechtsformen;RECHTSF112;Einzelunternehmen, Nebenerwerb;FLCG05;Größenklassen der LF;;Insgesamt;573;EUR;ETG009;Pachtentgelt je ha
41141;Landwirtschaftszählung: Haupterhebung;JAHR;Jahr;2016;DLAND;Bundesländer;03;Niedersachsen;BNZAT4;Bodennutzungsarten;BNZAT-2;Landwirtschaftlich genutzte Fläche;RECF01;Rechtsformen;;Insgesamt;FLCG05;Größenklassen der LF;FLCHD010UM;1000 und mehr ha;22100;ha;FLC044;Gepachtete Fläche
41141;Landwirtschaftszählung: Haupterhebung;JAHR;Jahr;2016;DLAND;Bundesländer;03;Niedersachsen;BNZAT4;Bodennutzungsarten;BNZAT-2;Landwirtschaftlich genutzte Fläche;RECF01;Rechtsformen;;Insgesamt;FLCG05;Größenklassen der LF;FLCHD010UM;1000 und mehr ha;-;ha;FLC059;LF in Betrieben mit gepachteten Flächen
41141;Landwirtschaftszählung: Haupterhebung;JAHR;Jahr;2016;DLAND;Bundesländer;03;Niedersachsen;BNZAT4;Bodennutzungsarten;BNZAT-2;Landwirtschaftlich genutzte Fläche;RECF01;Rechtsformen;;Insgesamt;FLCG05;Größenklassen der LF;FLCHD010UM;1000 und mehr ha;-;Anzahl;BTR024;Landwirtschaftl. Betriebe mit gepachteten Flächen
41141;Landwirtschaftszählung: Haupterhebung;JAHR;Jahr;2016;DLAND;Bundesländer;03;Niedersachsen;BNZAT4;Bodennutzungsarten;BNZAT-2;Landwirtschaftlich genutzte Fläche;RECF01;Rechtsformen;;Insgesamt;FLCG05;Größenklassen der LF;FLCHD010UM;1000 und mehr ha;606;EUR;ETG009;Pachtentgelt je ha
41141;Landwirtschaftszählung: Haupterhebung;JAHR;Jahr;2023;DLAND;Bundesländer;03;Niedersachsen;BNZAT4;Bodennutzungsarten;BNZAT-2;Landwirtschaftlich genutzte Fläche;RECF01;Rechtsformen;RECHTSF15;Juristische Personen;FLCG05;Größenklassen der LF;FLCHC050B100;500 bis unter 1000 ha;.;ha;FLC044;Gepachtete Fläche
41141;Landwirtschaftszählung: Haupterhebung;JAHR;Jahr;2023;DLAND;Bundesländer;03;Niedersachsen;BNZAT4;Bodennutzungsarten;BNZAT-2;Landwirtschaftlich genutzte Fläche;RECF01;Rechtsformen;RECHTSF15;Juristische Personen;FLCG05;Größenklassen der LF;FLCHC050B100;500 bis unter 1000 ha;.;ha;FLC059;LF in Betrieben mit gepachteten Flächen
41141;Landwirtschaftszählung: Haupterhebung;JAHR;Jahr;2023;DLAND;Bundesländer;03;Niedersachsen;BNZAT4;Bodennutzungsarten;BNZAT-2;Landwirtschaftlich genutzte Fläche;RECF01;Rechtsformen;RECHTSF15;Juristische Personen;FLCG05;Größenklassen der LF;FLCHC050B100;500 bis unter 1000 ha;.;Anzahl;BTR024;Landwirtschaftl. Betriebe mit gepachteten Flächen
41141;Landwirtschaftszählung: Haupterhebung;JAHR;Jahr;2023;DLAND;Bundesländer;03;Niedersachsen;BNZAT4;Bodennutzungsarten;BNZAT-2;Landwirtschaftlich genutzte Fläche;RECF01;Rechtsformen;RECHTSF15;Juristische Personen;FLCG05;Größenklassen der LF;FLCHC050B100;500 bis unter 1000 ha;.;EUR;ETG009;Pachtentgelt je ha
41141;Landwirtschaftszählung: Haupterhebung;JAHR;Jahr;2020;DLAND;Bundesländer;03;Niedersachsen;BNZAT4;Bodennutzungsarten;BNZAT-2;Landwirtschaftlich genutzte Fläche;RECF01;Rechtsformen;;Insgesamt;FLCG05;Größenklassen der LF;FLCHA000B050;unter 5 ha;836;ha;FLC044;Gepachtete Fläche
41141;Landwirtschaftszählung: Haupterhebung;JAHR;Jahr;2020;DLAND;Bundesländer;03;Niedersachsen;BNZAT4;Bodennutzungsarten;BNZAT-2;Landwirtschaftlich genutzte Fläche;RECF01;Rechtsformen;;Insgesamt;FLCG05;Größenklassen der LF;FLCHA000B050;unter 5 ha;1206;ha;FLC059;LF in Betrieben mit gepachteten Flächen
41141;Landwirtschaftszählung: Haupterhebung;JAHR;Jahr;2020;DLAND;Bundesländer;03;Niedersachsen;BNZAT4;Bodennutzungsarten;BNZAT-2;Landwirtschaftlich genutzte Fläche;RECF01;Rechtsformen;;Insgesamt;FLCG05;Größenklassen der LF;FLCHA000B050;unter 5 ha;419;Anzahl;BTR024;Landwirtschaftl. Betriebe mit gepachteten Flächen
41141;Landwirtschaftszählung: Haupterhebung;JAHR;Jahr;2020;DLAND;Bundesländer;03;Niedersachsen;BNZAT4;Bodennutzungsarten;BNZAT-2;Landwirtschaftlich genutzte Fläche;RECF01;Rechtsformen;;Insgesamt;FLCG05;Größenklassen der LF;FLCHA000B050;unter 5 ha;537;EUR;ETG009;Pachtentgelt je ha
41141;Landwirtschaftszählung: Haupterhebung;JAHR;Jahr;2010;DLAND;Bundesländer;03;Niedersachsen;BNZAT4;Bodennutzungsarten;BNZAT-2;Landwirtschaftlich genutzte Fläche;RECF01;Rechtsformen;RECHTSF15;Juristische Personen;FLCG05;Größenklassen der LF;;Insgesamt;9761;ha;FLC044;Gepachtete Fläche
41141;Landwirtschaftszählung: Haupterhebung;JAHR;Jahr;2010;DLAND;Bundesländer;03;Niedersachsen;BNZAT4;Bodennutzungsarten;BNZAT-2;Landwirtschaftlich genutzte Fläche;RECF01;Rechtsformen;RECHTSF15;Juristische Personen;FLCG05;Größenklassen der LF;;Insgesamt;-;ha;FLC059;LF in Betrieben mit gepachteten Flächen
41141;Landwirtschaftszählung: Haupterhebung;JAHR;Jahr;2010;DLAND;Bundesländer;03;Niedersachsen;BNZAT4;Bodennutzungsarten;BNZAT-2;Landwirtschaftlich genutzte Fläche;RECF01;Rechtsformen;RECHTSF15;Juristische Personen;FLCG05;Größenklassen der LF;;Insgesamt;-;Anzahl;BTR024;Landwirtschaftl. Betriebe mit gepachteten Flächen
41141;Landwirtschaftszählung: Haupterhebung;JAHR;Jahr;2010;DLAND;Bundesländer;03;Niedersachsen;BNZAT4;Bodennutzungsarten;BNZAT-2;Landwirtschaftlich genutzte Fläche;RECF01;Rechtsformen;RECHTSF15;Juristische Personen;FLCG05;Größenklassen der LF;;Insgesamt;238;EUR;ETG009;Pachtentgelt je ha
41141;Landwirtschaftszählung: Haupterhebung;JAHR;Jahr;2020;DLAND;Bundesländer;03;Niedersachsen;BNZAT4;Bodennutzungsarten;BNZAT-2;Landwirtschaftlich genutzte Fläche;RECF01;Rechtsformen;;Insgesamt;FLCG05;Größenklassen der LF;;Insgesamt;1365174;ha;FLC044;Gepachtete Fläche
41141;Landwirtschaftszählung: Haupterhebung;JAHR;Jahr;2020;DLAND;Bundesländer;03;Niedersachsen;BNZAT4;Bodennutzungsarten;BNZAT-2;Landwirtschaftlich genutzte Fläche;RECF01;Rechtsformen;;Insgesamt;FLCG05;Größenklassen der LF;;Insgesamt;2318688;ha;FLC059;LF in Betrieben mit gepachteten Flächen
41141;Landwirtschaftszählung: Haupterhebung;JAHR;Jahr;2020;DLAND;Bundesländer;03;Niedersachsen;BNZAT4;Bodennutzungsarten;BNZAT-2;Landwirtschaftlich genutzte Fläche;RECF01;Rechtsformen;;Insgesamt;FLCG05;Größenklassen der LF;;Insgesamt;26660;Anzahl;BTR024;Landwirtschaftl. Betriebe mit gepachteten Flächen
41141;Landwirtschaftszählung: Haupterhebung;JAHR;Jahr;2020;DLAND;Bundesländer;03;Niedersachsen;BNZAT4;Bodennutzungsarten;BNZAT-2;Landwirtschaftlich genutzte Fläche;RECF01;Rechtsformen;;Insgesamt;FLCG05;Größenklassen der LF;;Insgesamt;514;EUR;ETG009;Pachtentgelt je ha
41141;Landwirtschaftszählung: Haupterhebung;JAHR;Jahr;2020;DLAND;Bundesländer;03;Niedersachsen;BNZAT4;Bodennutzungsarten;BNZAT-2;Landwirtschaftlich genutzte Fläche;RECF01;Rechtsformen;RECHTSF111;Einzelunternehmen, Haupterwerb;FLCG05;Größenklassen der LF;FLCHC020B050;200 bis unter 500 ha;204680;ha;FLC044;Gepachtete Fläche
41141;Landwirtschaftszählung: Haupterhebung;JAHR;Jahr;2020;DLAND;Bundesländer;03;Niedersachsen;BNZAT4;Bodennutzungsarten;BNZAT-2;Landwirtschaftlich genutzte Fläche;RECF01;Rechtsformen;RECHTSF111;Einzelunternehmen, Haupterwerb;FLCG05;Größenklassen der LF;FLCHC020B050;200 bis unter 500 ha;309079;ha;FLC059;LF in Betrieben mit gepachteten Flächen
41141;Landwirtschaftszählung: Haupterhebung;JAHR;Jahr;2020;DLAND;Bundesländer;03;Niedersachsen;BNZAT4;Bodennutzungsarten;BNZAT-2;Landwirtschaftlich genutzte Fläche;RECF01;Rechtsformen;RECHTSF111;Einzelunternehmen, Haupterwerb;FLCG05;Größenklassen der LF;FLCHC020B050;200 bis unter 500 ha;1118;Anzahl;BTR024;Landwirtschaftl. Betriebe mit gepachteten Flächen
41141;Landwirtschaftszählung: Haupterhebung;JAHR;Jahr;2020;DLAND;Bundesländer;03;Niedersachsen;BNZAT4;Bodennutzungsarten;BNZAT-2;Landwirtschaftlich genutzte Fläche;RECF01;Rechtsformen;RECHTSF111;Einzelunternehmen, Haupterwerb;FLCG05;Größenklassen der LF;FLCHC020B050;200 bis unter 500 ha;521;EUR;ETG009;Pachtentgelt je ha
41141;Landwirtschaftszählung: Haupterhebung;JAHR;Jahr;2010;DLAND;Bundesländer;03;Niedersachsen;BNZAT4;Bodennutzungsarten;BNZAT-2;Landwirtschaftlich genutzte Fläche;RECF01;Rechtsformen;RECHTSF112;Einzelunternehmen, Nebenerwerb;FLCG05;Größenklassen der LF;FLCHC020B050;200 bis unter 500 ha;396;ha;FLC044;Gepachtete Fläche
41141;Landwirtschaftszählung: Haupterhebung;JAHR;Jahr;2010;DLAND;Bundesländer;03;Niedersachsen;BNZAT4;Bodennutzungsarten;BNZAT-2;Landwirtschaftlich genutzte Fläche;RECF01;Rechtsformen;RECHTSF112;Einzelunternehmen, Nebenerwerb;FLCG05;Größenklassen der LF;FLCHC020B050;200 bis unter 500 ha;-;ha;FLC059;LF in Betrieben mit gepachteten Flächen
41141;Landwirtschaftszählung: Haupterhebung;JAHR;Jahr;2010;DLAND;Bundesländer;03;Niedersachsen;BNZAT4;Bodennutzungsarten;BNZAT-2;Landwirtschaftlich genutzte Fläche;RECF01;Rechtsformen;RECHTSF112;Einzelunternehmen, Nebenerwerb;FLCG05;Größenklassen der LF;FLCHC020B050;200 bis unter 500 ha;-;Anzahl;BTR024;Landwirtschaftl. Betriebe mit gepachteten Flächen
41141;Landwirtschaftszählung: Haupterhebung;JAHR;Jahr;2010;DLAND;Bundesländer;03;Niedersachsen;BNZAT4;Bodennutzungsarten;BNZAT-2;Landwirtschaftlich genutzte Fläche;RECF01;Rechtsformen;RECHTSF112;Einzelunternehmen, Nebenerwerb;FLCG05;Größenklassen der LF;FLCHC020B050;200 bis unter 500 ha;324;EUR;ETG009;Pachtentgelt je ha
41141;Landwirtschaftszählung: Haupterhebung;JAHR;Jahr;2020;DLAND;Bundesländer;03;Niedersachsen;BNZAT4;Bodennutzungsarten;BNZAT-2;Landwirtschaftlich genutzte Fläche;RECF01;Rechtsformen;RECHTSF112;Einzelunternehmen, Nebenerwerb;FLCG05;Größenklassen der LF;FLCHC050B100;500 bis unter 1000 ha;7475;ha;FLC044;Gepachtete Fläche
41141;Landwirtschaftszählung: Haupterhebung;JAHR;Jahr;2020;DLAND;Bundesländer;03;Niedersachsen;BNZAT4;Bodennutzungsarten;BNZAT-2;Landwirtschaftlich genutzte Fläche;RECF01;Rechtsformen;RECHTSF112;Einzelunternehmen, Nebenerwerb;FLCG05;Größenklassen der LF;FLCHC050B100;500 bis unter 1000 ha;11926;ha;FLC059;LF in Betrieben mit gepachteten Flächen
41141;Landwirtschaftszählung: Haupterhebung;JAHR;Jahr;2020;DLAND;Bundesländer;03;Niedersachsen;BNZAT4;Bodennutzungsarten;BNZAT-2;Landwirtschaftlich genutzte Fläche;RECF01;Rechtsformen;RECHTSF112;Einzelunternehmen, Nebenerwerb;FLCG05;Größenklassen der LF;FLCHC050B100;500 bis unter 1000 ha;20;Anzahl;BTR024;Landwirtschaftl. Betriebe mit gepachteten Flächen
41141;Landwirtschaftszählung: Haupterhebung;JAHR;Jahr;2020;DLAND;Bundesländer;03;Niedersachsen;BNZAT4;Bodennutzungsarten;BNZAT-2;Landwirtschaftlich genutzte Fläche;RECF01;Rechtsformen;RECHTSF112;Einzelunternehmen, Nebenerwerb;FLCG05;Größenklassen der LF;FLCHC050B100;500 bis unter 1000 ha;614;EUR;ETG009;Pachtentgelt je ha
41141;Landwirtschaftszählung: Haupterhebung;JAHR;Jahr;2013;DLAND;Bundesländer;03;Niedersachsen;BNZAT4;Bodennutzungsarten;BNZAT-2;Landwirtschaftlich genutzte Fläche;RECF01;Rechtsformen;RECHTSF112;Einzelunternehmen, Nebenerwerb;FLCG05;Größenklassen der LF;;Insgesamt;116000;ha;FLC044;Gepachtete Fläche
41141;Landwirtschaftszählung: Haupterhebung;JAHR;Jahr;2013;DLAND;Bundesländer;03;Niedersachsen;BNZAT4;Bodennutzungsarten;BNZAT-2;Landwirtschaftlich genutzte Fläche;RECF01;Rechtsformen;RECHTSF112;Einzelunternehmen, Nebenerwerb;FLCG05;Größenklassen der LF;;Insgesamt;-;ha;FLC059;LF in Betrieben mit gepachteten Flächen
41141;Landwirtschaftszählung: Haupterhebung;JAHR;Jahr;2013;DLAND;Bundesländer;03;Niedersachsen;BNZAT4;Bodennutzungsarten;BNZAT-2;Landwirtschaftlich genutzte Fläche;RECF01;Rechtsformen;RECHTSF112;Einzelunternehmen, Nebenerwerb;FLCG05;Größenklassen der LF;;Insgesamt;-;Anzahl;BTR024;Landwirtschaftl. Betriebe mit gepachteten Flächen
41141;Landwirtschaftszählung: Haupterhebung;JAHR;Jahr;2013;DLAND;Bundesländer;03;Niedersachsen;BNZAT4;Bodennutzungsarten;BNZAT-2;Landwirtschaftlich genutzte Fläche;RECF01;Rechtsformen;RECHTSF112;Einzelunternehmen, Nebenerwerb;FLCG05;Größenklassen der LF;;Insgesamt;300;EUR;ETG009;Pachtentgelt je ha
41141;Landwirtschaftszählung: Haupterhebung;JAHR;Jahr;2010;DLAND;Bundesländer;03;Niedersachsen;BNZAT4;Bodennutzungsarten;BNZAT-2;Landwirtschaftlich genutzte Fläche;RECF01;Rechtsformen;RECHTSF111;Einzelunternehmen, Haupterwerb;FLCG05;Größenklassen der LF;;Insgesamt;770895;ha;FLC044;Gepachtete Fläche
41141;Landwirtschaftszählung: Haupterhebung;JAHR;Jahr;2010;DLAND;Bundesländer;03;Niedersachsen;BNZAT4;Bodennutzungsarten;BNZAT-2;Landwirtschaftlich genutzte Fläche;RECF01;Rechtsformen;RECHTSF111;Einzelunternehmen, Haupterwerb;FLCG05;Größenklassen der LF;;Insgesamt;-;ha;FLC059;LF in Betrieben mit gepachteten Flächen
41141;Landwirtschaftszählung: Haupterhebung;JAHR;Jahr;2010;DLAND;Bundesländer;03;Niedersachsen;BNZAT4;Bodennutzungsarten;BNZAT-2;Landwirtschaftlich genutzte Fläche;RECF01;Rechtsformen;RECHTSF111;Einzelunternehmen, Haupterwerb;FLCG05;Größenklassen der LF;;Insgesamt;-;Anzahl;BTR024;Landwirtschaftl. Betriebe mit gepachteten Flächen
41141;Landwirtschaftszählung: Haupterhebung;JAHR;Jahr;2010;DLAND;Bundesländer;03;Niedersachsen;BNZAT4;Bodennutzungsarten;BNZAT-2;Landwirtschaftlich genutzte Fläche;RECF01;Rechtsformen;RECHTSF111;Einzelunternehmen, Haupterwerb;FLCG05;Größenklassen der LF;;Insgesamt;315;EUR;ETG009;Pachtentgelt je ha
41141;Landwirtschaftszählung: Haupterhebung;JAHR;Jahr;2016;DLAND;Bundesländer;03;Niedersachsen;BNZAT4;Bodennutzungsarten;BNZAT-2;Landwirtschaftlich genutzte Fläche;RECF01;Rechtsformen;RECHTSF11;Einzelunternehmen;FLCG05;Größenklassen der LF;FLCHA000B050;unter 5 ha;/;ha;FLC044;Gepachtete Fläche
41141;Landwirtschaftszählung: Haupterhebung;JAHR;Jahr;2016;DLAND;Bundesländer;03;Niedersachsen;BNZAT4;Bodennutzungsarten;BNZAT-2;Landwirtschaftlich genutzte Fläche;RECF01;Rechtsformen;RECHTSF11;Einzelunternehmen;FLCG05;Größenklassen der LF;FLCHA000B050;unter 5 ha;-;ha;FLC059;LF in Betrieben mit gepachteten Flächen
41141;Landwirtschaftszählung: Haupterhebung;JAHR;Jahr;2016;DLAND;Bundesländer;03;Niedersachsen;BNZAT4;Bodennutzungsarten;BNZAT-2;Landwirtschaftlich genutzte Fläche;RECF01;Rechtsformen;RECHTSF11;Einzelunternehmen;FLCG05;Größenklassen der LF;FLCHA000B050;unter 5 ha;-;Anzahl;BTR024;Landwirtschaftl. Betriebe mit gepachteten Flächen
41141;Landwirtschaftszählung: Haupterhebung;JAHR;Jahr;2016;DLAND;Bundesländer;03;Niedersachsen;BNZAT4;Bodennutzungsarten;BNZAT-2;Landwirtschaftlich genutzte Fläche;RECF01;Rechtsformen;RECHTSF11;Einzelunternehmen;FLCG05;Größenklassen der LF;FLCHA000B050;unter 5 ha;358;EUR;ETG009;Pachtentgelt je ha
41141;Landwirtschaftszählung: Haupterhebung;JAHR;Jahr;2016;DLAND;Bundesländer;03;Niedersachsen;BNZAT4;Bodennutzungsarten;BNZAT-2;Landwirtschaftlich genutzte Fläche;RECF01;Rechtsformen;;Insgesamt;FLCG05;Größenklassen der LF;FLCHB050B100;50 bis unter 100 ha;276000;ha;FLC044;Gepachtete Fläche
41141;Landwirtschaftszählung: Haupterhebung;JAHR;Jahr;2016;DLAND;Bundesländer;03;Niedersachsen;BNZAT4;Bodennutzungsarten;BNZAT-2;Landwirtschaftlich genutzte Fläche;RECF01;Rechtsformen;;Insgesamt;FLCG05;Größenklassen der LF;FLCHB050B100;50 bis unter 100 ha;-;ha;FLC059;LF in Betrieben mit gepachteten Flächen
41141;Landwirtschaftszählung: Haupterhebung;JAHR;Jahr;2016;DLAND;Bundesländer;03;Niedersachsen;BNZAT4;Bodennutzungsarten;BNZAT-2;Landwirtschaftlich genutzte Fläche;RECF01;Rechtsformen;;Insgesamt;FLCG05;Größenklassen der LF;FLCHB050B100;50 bis unter 100 ha;-;Anzahl;BTR024;Landwirtschaftl. Betriebe mit gepachteten Flächen
41141;Landwirtschaftszählung: Haupterhebung;JAHR;Jahr;2016;DLAND;Bundesländer;03;Niedersachsen;BNZAT4;Bodennutzungsarten;BNZAT-2;Landwirtschaftlich genutzte Fläche;RECF01;Rechtsformen;;Insgesamt;FLCG05;Größenklassen der LF;FLCHB050B100;50 bis unter 100 ha;465;EUR;ETG009;Pachtentgelt je ha
41141;Landwirtschaftszählung: Haupterhebung;JAHR;Jahr;2023;DLAND;Bundesländer;03;Niedersachsen;BNZAT4;Bodennutzungsarten;BNZAT-2;Landwirtschaftlich genutzte Fläche;RECF01;Rechtsformen;RECHTSF112;Einzelunternehmen, Nebenerwerb;FLCG05;Größenklassen der LF;FLCHC010B020;100 bis unter 200 ha;.;ha;FLC044;Gepachtete Fläche
41141;Landwirtschaftszählung: Haupterhebung;JAHR;Jahr;2023;DLAND;Bundesländer;03;Niedersachsen;BNZAT4;Bodennutzungsarten;BNZAT-2;Landwirtschaftlich genutzte Fläche;RECF01;Rechtsformen;RECHTSF112;Einzelunternehmen, Nebenerwerb;FLCG05;Größenklassen der LF;FLCHC010B020;100 bis unter 200 ha;.;ha;FLC059;LF in Betrieben mit gepachteten Flächen
41141;Landwirtschaftszählung: Haupterhebung;JAHR;Jahr;2023;DLAND;Bundesländer;03;Niedersachsen;BNZAT4;Bodennutzungsarten;BNZAT-2;Landwirtschaftlich genutzte Fläche;RECF01;Rechtsformen;RECHTSF112;Einzelunternehmen, Nebenerwerb;FLCG05;Größenklassen der LF;FLCHC010B020;100 bis unter 200 ha;.;Anzahl;BTR024;Landwirtschaftl. Betriebe mit gepachteten Flächen
41141;Landwirtschaftszählung: Haupterhebung;JAHR;Jahr;2023;DLAND;Bundesländer;03;Niedersachsen;BNZAT4;Bodennutzungsarten;BNZAT-2;Landwirtschaftlich genutzte Fläche;RECF01;Rechtsformen;RECHTSF112;Einzelunternehmen, Nebenerwerb;FLCG05;Größenklassen der LF;FLCHC010B020;100 bis unter 200 ha;.;EUR;ETG009;Pachtentgelt je ha
41141;Landwirtschaftszählung: Haupterhebung;JAHR;Jahr;2023;DLAND;Bundesländer;03;Niedersachsen;BNZAT4;Bodennutzungsarten;BNZAT-2;Landwirtschaftlich genutzte Fläche;RECF01;Rechtsformen;;Insgesamt;FLCG05;Größenklassen der LF;FLCHC050B100;500 bis unter 1000 ha;108200;ha;FLC044;Gepachtete Fläche
41141;Landwirtschaftszählung: Haupterhebung;JAHR;Jahr;2023;DLAND;Bundesländer;03;Niedersachsen;BNZAT4;Bodennutzungsarten;BNZAT-2;Landwirtschaftlich genutzte Fläche;RECF01;Rechtsformen;;Insgesamt;FLCG05;Größenklassen der LF;FLCHC050B100;500 bis unter 1000 ha;153300;ha;FLC059;LF in Betrieben mit gepachteten Flächen
41141;Landwirtschaftszählung: Haupterhebung;JAHR;Jahr;2023;DLAND;Bundesländer;03;Niedersachsen;BNZAT4;Bodennutzungsarten;BNZAT-2;Landwirtschaftlich genutzte Fläche;RECF01;Rechtsformen;;Insgesamt;FLCG05;Größenklassen der LF;FLCHC050B100;500 bis unter 1000 ha;240;Anzahl;BTR024;Landwirtschaftl. Betriebe mit gepachteten Flächen
41141;Landwirtschaftszählung: Haupterhebung;JAHR;Jahr;2023;DLAND;Bundesländer;03;Niedersachsen;BNZAT4;Bodennutzungsarten;BNZAT-2;Landwirtschaftlich genutzte Fläche;RECF01;Rechtsformen;;Insgesamt;FLCG05;Größenklassen der LF;FLCHC050B100;500 bis unter 1000 ha;597;EUR;ETG009;Pachtentgelt je ha
41141;Landwirtschaftszählung: Haupterhebung;JAHR;Jahr;2010;DLAND;Bundesländer;03;Niedersachsen;BNZAT4;Bodennutzungsarten;BNZAT-2;Landwirtschaftlich genutzte Fläche;RECF01;Rechtsformen;RECHTSF15;Juristische Personen;FLCG05;Größenklassen der LF;FLCHC020B050;200 bis unter 500 ha;1064;ha;FLC044;Gepachtete Fläche
41141;Landwirtschaftszählung: Haupterhebung;JAHR;Jahr;2010;DLAND;Bundesländer;03;Niedersachsen;BNZAT4;Bodennutzungsarten;BNZAT-2;Landwirtschaftlich genutzte Fläche;RECF01;Rechtsformen;RECHTSF15;Juristische Personen;FLCG05;Größenklassen der LF;FLCHC020B050;200 bis unter 500 ha;-;ha;FLC059;LF in Betrieben mit gepachteten Flächen
41141;Landwirtschaftszählung: Haupterhebung;JAHR;Jahr;2010;DLAND;Bundesländer;03;Niedersachsen;BNZAT4;Bodennutzungsarten;BNZAT-2;Landwirtschaftlich genutzte Fläche;RECF01;Rechtsformen;RECHTSF15;Juristische Personen;FLCG05;Größenklassen der LF;FLCHC020B050;200 bis unter 500 ha;-;Anzahl;BTR024;Landwirtschaftl. Betriebe mit gepachteten Flächen
41141;Landwirtschaftszählung: Haupterhebung;JAHR;Jahr;2010;DLAND;Bundesländer;03;Niedersachsen;BNZAT4;Bodennutzungsarten;BNZAT-2;Landwirtschaftlich genutzte Fläche;RECF01;Rechtsformen;RECHTSF15;Juristische Personen;FLCG05;Größenklassen der LF;FLCHC020B050;200 bis unter 500 ha;239;EUR;ETG009;Pachtentgelt je ha
41141;Landwirtschaftszählung: Haupterhebung;JAHR;Jahr;2010;DLAND;Bundesländer;03;Niedersachsen;BNZAT4;Bodennutzungsarten;BNZAT-2;Landwirtschaftlich genutzte Fläche;RECF01;Rechtsformen;RECHTSF11;Einzelunternehmen;FLCG05;Größenklassen der LF;FLCHB050B100;50 bis unter 100 ha;277624;ha;FLC044;Gepachtete Fläche
41141;Landwirtschaftszählung: Haupterhebung;JAHR;Jahr;2010;DLAND;Bundesländer;03;Niedersachsen;BNZAT4;Bodennutzungsarten;BNZAT-2;Landwirtschaftlich genutzte Fläche;RECF01;Rechtsformen;RECHTSF11;Einzelunternehmen;FLCG05;Größenklassen der LF;FLCHB050B100;50 bis unter 100 ha;-;ha;FLC059;LF in Betrieben mit gepachteten Flächen
41141;Landwirtschaftszählung: Haupterhebung;JAHR;Jahr;2010;DLAND;Bundesländer;03;Niedersachsen;BNZAT4;Bodennutzungsarten;BNZAT-2;Landwirtschaftlich genutzte Fläche;RECF01;Rechtsformen;RECHTSF11;Einzelunternehmen;FLCG05;Größenklassen der LF;FLCHB050B100;50 bis unter 100 ha;-;Anzahl;BTR024;Landwirtschaftl. Betriebe mit gepachteten Flächen
41141;Landwirtschaftszählung: Haupterhebung;JAHR;Jahr;2010;DLAND;Bundesländer;03;Niedersachsen;BNZAT4;Bodennutzungsarten;BNZAT-2;Landwirtschaftlich genutzte Fläche;RECF01;Rechtsformen;RECHTSF11;Einzelunternehmen;FLCG05;Größenklassen der LF;FLCHB050B100;50 bis unter 100 ha;308;EUR;ETG009;Pachtentgelt je ha
41141;Landwirtschaftszählung: Haupterhebung;JAHR;Jahr;2010;DLAND;Bundesländer;03;Niedersachsen;BNZAT4;Bodennutzungsarten;BNZAT-2;Landwirtschaftlich genutzte Fläche;RECF01;Rechtsformen;RECHTSF112;Einzelunternehmen, Nebenerwerb;FLCG05;Größenklassen der LF;FLCHC010B020;100 bis unter 200 ha;2626;ha;FLC044;Gepachtete Fläche
41141;Landwirtschaftszählung: Haupterhebung;JAHR;Jahr;2010;DLAND;Bundesländer;03;Niedersachsen;BNZAT4;Bodennutzungsarten;BNZAT-2;Landwirtschaftlich genutzte Fläche;RECF01;Rechtsformen;RECHTSF112;Einzelunternehmen, Nebenerwerb;FLCG05;Größenklassen der LF;FLCHC010B020;100 bis unter 200 ha;-;ha;FLC059;LF in Betrieben mit gepachteten Flächen
41141;Landwirtschaftszählung: Haupterhebung;JAHR;Jahr;2010;DLAND;Bundesländer;03;Niedersachsen;BNZAT4;Bodennutzungsarten;BNZAT-2;Landwirtschaftlich genutzte Fläche;RECF01;Rechtsformen;RECHTSF112;Einzelunternehmen, Nebenerwerb;FLCG05;Größenklassen der LF;FLCHC010B020;100 bis unter 200 ha;-;Anzahl;BTR024;Landwirtschaftl. Betriebe mit gepachteten Flächen
41141;Landwirtschaftszählung: Haupterhebung;JAHR;Jahr;2010;DLAND;Bundesländer;03;Niedersachsen;BNZAT4;Bodennutzungsarten;BNZAT-2;Landwirtschaftlich genutzte Fläche;RECF01;Rechtsformen;RECHTSF112;Einzelunternehmen, Nebenerwerb;FLCG05;Größenklassen der LF;FLCHC010B020;100 bis unter 200 ha;137;EUR;ETG009;Pachtentgelt je ha
41141;Landwirtschaftszählung: Haupterhebung;JAHR;Jahr;2020;DLAND;Bundesländer;03;Niedersachsen;BNZAT4;Bodennutzungsarten;BNZAT-2;Landwirtschaftlich genutzte Fläche;RECF01;Rechtsformen;RECHTSF111;Einzelunternehmen, Haupterwerb;FLCG05;Größenklassen der LF;FLCHC010B020;100 bis unter 200 ha;295657;ha;FLC044;Gepachtete Fläche
41141;Landwirtschaftszählung: Haupterhebung;JAHR;Jahr;2020;DLAND;Bundesländer;03;Niedersachsen;BNZAT4;Bodennutzungsarten;BNZAT-2;Landwirtschaftlich genutzte Fläche;RECF01;Rechtsformen;RECHTSF111;Einzelunternehmen, Haupterwerb;FLCG05;Größenklassen der LF;FLCHC010B020;100 bis unter 200 ha;507819;ha;FLC059;LF in Betrieben mit gepachteten Flächen
41141;Landwirtschaftszählung: Haupterhebung;JAHR;Jahr;2020;DLAND;Bundesländer;03;Niedersachsen;BNZAT4;Bodennutzungsarten;BNZAT-2;Landwirtschaftlich genutzte Fläche;RECF01;Rechtsformen;RECHTSF111;Einzelunternehmen, Haupterwerb;FLCG05;Größenklassen der LF;FLCHC010B020;100 bis unter 200 ha;3730;Anzahl;BTR024;Landwirtschaftl. Betriebe mit gepachteten Flächen
41141;Landwirtschaftszählung: Haupterhebung;JAHR;Jahr;2020;DLAND;Bundesländer;03;Niedersachsen;BNZAT4;Bodennutzungsarten;BNZAT-2;Landwirtschaftlich genutzte Fläche;RECF01;Rechtsformen;RECHTSF111;Einzelunternehmen, Haupterwerb;FLCG05;Größenklassen der LF;FLCHC010B020;100 bis unter 200 ha;508;EUR;ETG009;Pachtentgelt je ha
41141;Landwirtschaftszählung: Haupterhebung;JAHR;Jahr;2023;DLAND;Bundesländer;03;Niedersachsen;BNZAT4;Bodennutzungsarten;BNZAT-2;Landwirtschaftlich genutzte Fläche;RECF01;Rechtsformen;RECHTSF11;Einzelunternehmen;FLCG05;Größenklassen der LF;;Insgesamt;971100;ha;FLC044;Gepachtete Fläche
41141;Landwirtschaftszählung: Haupterhebung;JAHR;Jahr;2023;DLAND;Bundesländer;03;Niedersachsen;BNZAT4;Bodennutzungsarten;BNZAT-2;Landwirtschaftlich genutzte Fläche;RECF01;Rechtsformen;RECHTSF11;Einzelunternehmen;FLCG05;Größenklassen der LF;;Insgesamt;1663600;ha;FLC059;LF in Betrieben mit gepachteten Flächen
41141;Landwirtschaftszählung: Haupterhebung;JAHR;Jahr;2023;DLAND;Bundesländer;03;Niedersachsen;BNZAT4;Bodennutzungsarten;BNZAT-2;Landwirtschaftlich genutzte Fläche;RECF01;Rechtsformen;RECHTSF11;Einzelunternehmen;FLCG05;Größenklassen der LF;;Insgesamt;21330;Anzahl;BTR024;Landwirtschaftl. Betriebe mit gepachteten Flächen
41141;Landwirtschaftszählung: Haupterhebung;JAHR;Jahr;2023;DLAND;Bundesländer;03;Niedersachsen;BNZAT4;Bodennutzungsarten;BNZAT-2;Landwirtschaftlich genutzte Fläche;RECF01;Rechtsformen;RECHTSF11;Einzelunternehmen;FLCG05;Größenklassen der LF;;Insgesamt;545;EUR;ETG009;Pachtentgelt je ha
41141;Landwirtschaftszählung: Haupterhebung;JAHR;Jahr;2016;DLAND;Bundesländer;03;Niedersachsen;BNZAT4;Bodennutzungsarten;BNZAT-2;Landwirtschaftlich genutzte Fläche;RECF01;Rechtsformen;RECHTSF11;Einzelunternehmen;FLCG05;Größenklassen der LF;FLCHD010UM;1000 und mehr ha;7700;ha;FLC044;Gepachtete Fläche
41141;Landwirtschaftszählung: Haupterhebung;JAHR;Jahr;2016;DLAND;Bundesländer;03;Niedersachsen;BNZAT4;Bodennutzungsarten;BNZAT-2;Landwirtschaftlich genutzte Fläche;RECF01;Rechtsformen;RECHTSF11;Einzelunternehmen;FLCG05;Größenklassen der LF;FLCHD010UM;1000 und mehr ha;-;ha;FLC059;LF in Betrieben mit gepachteten Flächen
41141;Landwirtschaftszählung: Haupterhebung;JAHR;Jahr;2016;DLAND;Bundesländer;03;Niedersachsen;BNZAT4;Bodennutzungsarten;BNZAT-2;Landwirtschaftlich genutzte Fläche;RECF01;Rechtsformen;RECHTSF11;Einzelunternehmen;FLCG05;Größenklassen der LF;FLCHD010UM;1000 und mehr ha;-;Anzahl;BTR024;Landwirtschaftl. Betriebe mit gepachteten Flächen
41141;Landwirtschaftszählung: Haupterhebung;JAHR;Jahr;2016;DLAND;Bundesländer;03;Niedersachsen;BNZAT4;Bodennutzungsarten;BNZAT-2;Landwirtschaftlich genutzte Fläche;RECF01;Rechtsformen;RECHTSF11;Einzelunternehmen;FLCG05;Größenklassen der LF;FLCHD010UM;1000 und mehr ha;684;EUR;ETG009;Pachtentgelt je ha
41141;Landwirtschaftszählung: Haupterhebung;JAHR;Jahr;2023;DLAND;Bundesländer;03;Niedersachsen;BNZAT4;Bodennutzungsarten;BNZAT-2;Landwirtschaftlich genutzte Fläche;RECF01;Rechtsformen;RECHTSF15;Juristische Personen;FLCG05;Größenklassen der LF;FLCHA050B100;5 bis unter 10 ha;.;ha;FLC044;Gepachtete Fläche
41141;Landwirtschaftszählung: Haupterhebung;JAHR;Jahr;2023;DLAND;Bundesländer;03;Niedersachsen;BNZAT4;Bodennutzungsarten;BNZAT-2;Landwirtschaftlich genutzte Fläche;RECF01;Rechtsformen;RECHTSF15;Juristische Personen;FLCG05;Größenklassen der LF;FLCHA050B100;5 bis unter 10 ha;.;ha;FLC059;LF in Betrieben mit gepachteten Flächen
41141;Landwirtschaftszählung: Haupterhebung;JAHR;Jahr;2023;DLAND;Bundesländer;03;Niedersachsen;BNZAT4;Bodennutzungsarten;BNZAT-2;Landwirtschaftlich genutzte Fläche;RECF01;Rechtsformen;RECHTSF15;Juristische Personen;FLCG05;Größenklassen der LF;FLCHA050B100;5 bis unter 10 ha;.;Anzahl;BTR024;Landwirtschaftl. Betriebe mit gepachteten Flächen
41141;Landwirtschaftszählung: Haupterhebung;JAHR;Jahr;2023;DLAND;Bundesländer;03;Niedersachsen;BNZAT4;Bodennutzungsarten;BNZAT-2;Landwirtschaftlich genutzte Fläche;RECF01;Rechtsformen;RECHTSF15;Juristische Personen;FLCG05;Größenklassen der LF;FLCHA050B100;5 bis unter 10 ha;.;EUR;ETG009;Pachtentgelt je ha
41141;Landwirtschaftszählung: Haupterhebung;JAHR;Jahr;2016;DLAND;Bundesländer;03;Niedersachsen;BNZAT4;Bodennutzungsarten;BNZAT-2;Landwirtschaftlich genutzte Fläche;RECF01;Rechtsformen;RECHTSF112;Einzelunternehmen, Nebenerwerb;FLCG05;Größenklassen der LF;FLCHA050B100;5 bis unter 10 ha;6300;ha;FLC044;Gepachtete Fläche
41141;Landwirtschaftszählung: Haupterhebung;JAHR;Jahr;2016;DLAND;Bundesländer;03;Niedersachsen;BNZAT4;Bodennutzungsarten;BNZAT-2;Landwirtschaftlich genutzte Fläche;RECF01;Rechtsformen;RECHTSF112;Einzelunternehmen, Nebenerwerb;FLCG05;Größenklassen der LF;FLCHA050B100;5 bis unter 10 ha;-;ha;FLC059;LF in Betrieben mit gepachteten Flächen
41141;Landwirtschaftszählung: Haupterhebung;JAHR;Jahr;2016;DLAND;Bundesländer;03;Niedersachsen;BNZAT4;Bodennutzungsarten;BNZAT-2;Landwirtschaftlich genutzte Fläche;RECF01;Rechtsformen;RECHTSF112;Einzelunternehmen, Nebenerwerb;FLCG05;Größenklassen der LF;FLCHA050B100;5 bis unter 10 ha;-;Anzahl;BTR024;Landwirtschaftl. Betriebe mit gepachteten Flächen
41141;Landwirtschaftszählung: Haupterhebung;JAHR;Jahr;2016;DLAND;Bundesländer;03;Niedersachsen;BNZAT4;Bodennutzungsarten;BNZAT-2;Landwirtschaftlich genutzte Fläche;RECF01;Rechtsformen;RECHTSF112;Einzelunternehmen, Nebenerwerb;FLCG05;Größenklassen der LF;FLCHA050B100;5 bis unter 10 ha;266;EUR;ETG009;Pachtentgelt je ha
41141;Landwirtschaftszählung: Haupterhebung;JAHR;Jahr;2016;DLAND;Bundesländer;03;Niedersachsen;BNZAT4;Bodennutzungsarten;BNZAT-2;Landwirtschaftlich genutzte Fläche;RECF01;Rechtsformen;;Insgesamt;FLCG05;Größenklassen der LF;FLCHC010B020;100 bis unter 200 ha;391000;ha;FLC044;Gepachtete Fläche
41141;Landwirtschaftszählung: Haupterhebung;JAHR;Jahr;2016;DLAND;Bundesländer;03;Niedersachsen;BNZAT4;Bodennutzungsarten;BNZAT-2;Landwirtschaftlich genutzte Fläche;RECF01;Rechtsformen;;Insgesamt;FLCG05;Größenklassen der LF;FLCHC010B020;100 bis unter 200 ha;-;ha;FLC059;LF in Betrieben mit gepachteten Flächen
41141;Landwirtschaftszählung: Haupterhebung;JAHR;Jahr;2016;DLAND;Bundesländer;03;Niedersachsen;BNZAT4;Bodennutzungsarten;BNZAT-2;Landwirtschaftlich genutzte Fläche;RECF01;Rechtsformen;;Insgesamt;FLCG05;Größenklassen der LF;FLCHC010B020;100 bis unter 200 ha;-;Anzahl;BTR024;Landwirtschaftl. Betriebe mit gepachteten Flächen
41141;Landwirtschaftszählung: Haupterhebung;JAHR;Jahr;2016;DLAND;Bundesländer;03;Niedersachsen;BNZAT4;Bodennutzungsarten;BNZAT-2;Landwirtschaftlich genutzte Fläche;RECF01;Rechtsformen;;Insgesamt;FLCG05;Größenklassen der LF;FLCHC010B020;100 bis unter 200 ha;448;EUR;ETG009;Pachtentgelt je ha
41141;Landwirtschaftszählung: Haupterhebung;JAHR;Jahr;2013;DLAND;Bundesländer;03;Niedersachsen;BNZAT4;Bodennutzungsarten;BNZAT-2;Landwirtschaftlich genutzte Fläche;RECF01;Rechtsformen;;Insgesamt;FLCG05;Größenklassen der LF;FLCHB050B100;50 bis unter 100 ha;315900;ha;FLC044;Gepachtete Fläche
41141;Landwirtschaftszählung: Haupterhebung;JAHR;Jahr;2013;DLAND;Bundesländer;03;Niedersachsen;BNZAT4;Bodennutzungsarten;BNZAT-2;Landwirtschaftlich genutzte Fläche;RECF01;Rechtsformen;;Insgesamt;FLCG05;Größenklassen der LF;FLCHB050B100;50 bis unter 100 ha;-;ha;FLC059;LF in Betrieben mit gepachteten Flächen
41141;Landwirtschaftszählung: Haupterhebung;JAHR;Jahr;2013;DLAND;Bundesländer;03;Niedersachsen;BNZAT4;Bodennutzungsarten;BNZAT-2;Landwirtschaftlich genutzte Fläche;RECF01;Rechtsformen;;Insgesamt;FLCG05;Größenklassen der LF;FLCHB050B100;50 bis unter 100 ha;-;Anzahl;BTR024;Landwirtschaftl. Betriebe mit gepachteten Flächen
41141;Landwirtschaftszählung: Haupterhebung;JAHR;Jahr;2013;DLAND;Bundesländer;03;Niedersachsen;BNZAT4;Bodennutzungsarten;BNZAT-2;Landwirtschaftlich genutzte Fläche;RECF01;Rechtsformen;;Insgesamt;FLCG05;Größenklassen der LF;FLCHB050B100;50 bis unter 100 ha;371;EUR;ETG009;Pachtentgelt je ha
41141;Landwirtschaftszählung: Haupterhebung;JAHR;Jahr;2010;DLAND;Bundesländer;03;Niedersachsen;BNZAT4;Bodennutzungsarten;BNZAT-2;Landwirtschaftlich genutzte Fläche;RECF01;Rechtsformen;RECHTSF112;Einzelunternehmen, Nebenerwerb;FLCG05;Größenklassen der LF;;Insgesamt;87629;ha;FLC044;Gepachtete Fläche
41141;Landwirtschaftszählung: Haupterhebung;JAHR;Jahr;2010;DLAND;Bundesländer;03;Niedersachsen;BNZAT4;Bodennutzungsarten;BNZAT-2;Landwirtschaftlich genutzte Fläche;RECF01;Rechtsformen;RECHTSF112;Einzelunternehmen, Nebenerwerb;FLCG05;Größenklassen der LF;;Insgesamt;-;ha;FLC059;LF in Betrieben mit gepachteten Flächen
41141;Landwirtschaftszählung: Haupterhebung;JAHR;Jahr;2010;DLAND;Bundesländer;03;Niedersachsen;BNZAT4;Bodennutzungsarten;BNZAT-2;Landwirtschaftlich genutzte Fläche;RECF01;Rechtsformen;RECHTSF112;Einzelunternehmen, Nebenerwerb;FLCG05;Größenklassen der LF;;Insgesamt;-;Anzahl;BTR024;Landwirtschaftl. Betriebe mit gepachteten Flächen
41141;Landwirtschaftszählung: Haupterhebung;JAHR;Jahr;2010;DLAND;Bundesländer;03;Niedersachsen;BNZAT4;Bodennutzungsarten;BNZAT-2;Landwirtschaftlich genutzte Fläche;RECF01;Rechtsformen;RECHTSF112;Einzelunternehmen, Nebenerwerb;FLCG05;Größenklassen der LF;;Insgesamt;239;EUR;ETG009;Pachtentgelt je ha
41141;Landwirtschaftszählung: Haupterhebung;JAHR;Jahr;2023;DLAND;Bundesländer;03;Niedersachsen;BNZAT4;Bodennutzungsarten;BNZAT-2;Landwirtschaftlich genutzte Fläche;RECF01;Rechtsformen;RECHTSF121;Personengemeinschaften, -gesellschaften;FLCG05;Größenklassen der LF;FLCHA050B100;5 bis unter 10 ha;.;ha;FLC044;Gepachtete Fläche
41141;Landwirtschaftszählung: Haupterhebung;JAHR;Jahr;2023;DLAND;Bundesländer;03;Niedersachsen;BNZAT4;Bodennutzungsarten;BNZAT-2;Landwirtschaftlich genutzte Fläche;RECF01;Rechtsformen;RECHTSF121;Personengemeinschaften, -gesellschaften;FLCG05;Größenklassen der LF;FLCHA050B100;5 bis unter 10 ha;.;ha;FLC059;LF in Betrieben mit gepachteten Flächen
41141;Landwirtschaftszählung: Haupterhebung;JAHR;Jahr;2023;DLAND;Bundesländer;03;Niedersachsen;BNZAT4;Bodennutzungsarten;BNZAT-2;Landwirtschaftlich genutzte Fläche;RECF01;Rechtsformen;RECHTSF121;Personengemeinschaften, -gesellschaften;FLCG05;Größenklassen der LF;FLCHA050B100;5 bis unter 10 ha;.;Anzahl;BTR024;Landwirtschaftl. Betriebe mit gepachteten Flächen
41141;Landwirtschaftszählung: Haupterhebung;JAHR;Jahr;2023;DLAND;Bundesländer;03;Niedersachsen;BNZAT4;Bodennutzungsarten;BNZAT-2;Landwirtschaftlich genutzte Fläche;RECF01;Rechtsformen;RECHTSF121;Personengemeinschaften, -gesellschaften;FLCG05;Größenklassen der LF;FLCHA050B100;5 bis unter 10 ha;.;EUR;ETG009;Pachtentgelt je ha
41141;Landwirtschaftszählung: Haupterhebung;JAHR;Jahr;2016;DLAND;Bundesländer;03;Niedersachsen;BNZAT4;Bodennutzungsarten;BNZAT-2;Landwirtschaftlich genutzte Fläche;RECF01;Rechtsformen;RECHTSF121;Personengemeinschaften, -gesellschaften;FLCG05;Größenklassen der LF;FLCHB050B100;50 bis unter 100 ha;42100;ha;FLC044;Gepachtete Fläche
41141;Landwirtschaftszählung: Haupterhebung;JAHR;Jahr;2016;DLAND;Bundesländer;03;Niedersachsen;BNZAT4;Bodennutzungsarten;BNZAT-2;Landwirtschaftlich genutzte Fläche;RECF01;Rechtsformen;RECHTSF121;Personengemeinschaften, -gesellschaften;FLCG05;Größenklassen der LF;FLCHB050B100;50 bis unter 100 ha;-;ha;FLC059;LF in Betrieben mit gepachteten Flächen
41141;Landwirtschaftszählung: Haupterhebung;JAHR;Jahr;2016;DLAND;Bundesländer;03;Niedersachsen;BNZAT4;Bodennutzungsarten;BNZAT-2;Landwirtschaftlich genutzte Fläche;RECF01;Rechtsformen;RECHTSF121;Personengemeinschaften, -gesellschaften;FLCG05;Größenklassen der LF;FLCHB050B100;50 bis unter 100 ha;-;Anzahl;BTR024;Landwirtschaftl. Betriebe mit gepachteten Flächen
41141;Landwirtschaftszählung: Haupterhebung;JAHR;Jahr;2016;DLAND;Bundesländer;03;Niedersachsen;BNZAT4;Bodennutzungsarten;BNZAT-2;Landwirtschaftlich genutzte Fläche;RECF01;Rechtsformen;RECHTSF121;Personengemeinschaften, -gesellschaften;FLCG05;Größenklassen der LF;FLCHB050B100;50 bis unter 100 ha;513;EUR;ETG009;Pachtentgelt je ha
41141;Landwirtschaftszählung: Haupterhebung;JAHR;Jahr;2013;DLAND;Bundesländer;03;Niedersachsen;BNZAT4;Bodennutzungsarten;BNZAT-2;Landwirtschaftlich genutzte Fläche;RECF01;Rechtsformen;RECHTSF11;Einzelunternehmen;FLCG05;Größenklassen der LF;FLCHC020B050;200 bis unter 500 ha;162300;ha;FLC044;Gepachtete Fläche
41141;Landwirtschaftszählung: Haupterhebung;JAHR;Jahr;2013;DLAND;Bundesländer;03;Niedersachsen;BNZAT4;Bodennutzungsarten;BNZAT-2;Landwirtschaftlich genutzte Fläche;RECF01;Rechtsformen;RECHTSF11;Einzelunternehmen;FLCG05;Größenklassen der LF;FLCHC020B050;200 bis unter 500 ha;-;ha;FLC059;LF in Betrieben mit gepachteten Flächen
41141;Landwirtschaftszählung: Haupterhebung;JAHR;Jahr;2013;DLAND;Bundesländer;03;Niedersachsen;BNZAT4;Bodennutzungsarten;BNZAT-2;Landwirtschaftlich genutzte Fläche;RECF01;Rechtsformen;RECHTSF11;Einzelunternehmen;FLCG05;Größenklassen der LF;FLCHC020B050;200 bis unter 500 ha;-;Anzahl;BTR024;Landwirtschaftl. Betriebe mit gepachteten Flächen
41141;Landwirtschaftszählung: Haupterhebung;JAHR;Jahr;2013;DLAND;Bundesländer;03;Niedersachsen;BNZAT4;Bodennutzungsarten;BNZAT-2;Landwirtschaftlich genutzte Fläche;RECF01;Rechtsformen;RECHTSF11;Einzelunternehmen;FLCG05;Größenklassen der LF;FLCHC020B050;200 bis unter 500 ha;416;EUR;ETG009;Pachtentgelt je ha
41141;Landwirtschaftszählung: Haupterhebung;JAHR;Jahr;2020;DLAND;Bundesländer;03;Niedersachsen;BNZAT4;Bodennutzungsarten;BNZAT-2;Landwirtschaftlich genutzte Fläche;RECF01;Rechtsformen;RECHTSF15;Juristische Personen;FLCG05;Größenklassen der LF;FLCHA000B050;unter 5 ha;.;ha;FLC044;Gepachtete Fläche
41141;Landwirtschaftszählung: Haupterhebung;JAHR;Jahr;2020;DLAND;Bundesländer;03;Niedersachsen;BNZAT4;Bodennutzungsarten;BNZAT-2;Landwirtschaftlich genutzte Fläche;RECF01;Rechtsformen;RECHTSF15;Juristische Personen;FLCG05;Größenklassen der LF;FLCHA000B050;unter 5 ha;.;ha;FLC059;LF in Betrieben mit gepachteten Flächen
41141;Landwirtschaftszählung: Haupterhebung;JAHR;Jahr;2020;DLAND;Bundesländer;03;Niedersachsen;BNZAT4;Bodennutzungsarten;BNZAT-2;Landwirtschaftlich genutzte Fläche;RECF01;Rechtsformen;RECHTSF15;Juristische Personen;FLCG05;Größenklassen der LF;FLCHA000B050;unter 5 ha;12;Anzahl;BTR024;Landwirtschaftl. Betriebe mit gepachteten Flächen
41141;Landwirtschaftszählung: Haupterhebung;JAHR;Jahr;2020;DLAND;Bundesländer;03;Niedersachsen;BNZAT4;Bodennutzungsarten;BNZAT-2;Landwirtschaftlich genutzte Fläche;RECF01;Rechtsformen;RECHTSF15;Juristische Personen;FLCG05;Größenklassen der LF;FLCHA000B050;unter 5 ha;.;EUR;ETG009;Pachtentgelt je ha
41141;Landwirtschaftszählung: Haupterhebung;JAHR;Jahr;2020;DLAND;Bundesländer;03;Niedersachsen;BNZAT4;Bodennutzungsarten;BNZAT-2;Landwirtschaftlich genutzte Fläche;RECF01;Rechtsformen;RECHTSF112;Einzelunternehmen, Nebenerwerb;FLCG05;Größenklassen der LF;FLCHA000B050;unter 5 ha;.;ha;FLC044;Gepachtete Fläche
41141;Landwirtschaftszählung: Haupterhebung;JAHR;Jahr;2020;DLAND;Bundesländer;03;Niedersachsen;BNZAT4;Bodennutzungsarten;BNZAT-2;Landwirtschaftlich genutzte Fläche;RECF01;Rechtsformen;RECHTSF112;Einzelunternehmen, Nebenerwerb;FLCG05;Größenklassen der LF;FLCHA000B050;unter 5 ha;.;ha;FLC059;LF in Betrieben mit gepachteten Flächen
41141;Landwirtschaftszählung: Haupterhebung;JAHR;Jahr;2020;DLAND;Bundesländer;03;Niedersachsen;BNZAT4;Bodennutzungsarten;BNZAT-2;Landwirtschaftlich genutzte Fläche;RECF01;Rechtsformen;RECHTSF112;Einzelunternehmen, Nebenerwerb;FLCG05;Größenklassen der LF;FLCHA000B050;unter 5 ha;230;Anzahl;BTR024;Landwirtschaftl. Betriebe mit gepachteten Flächen
41141;Landwirtschaftszählung: Haupterhebung;JAHR;Jahr;2020;DLAND;Bundesländer;03;Niedersachsen;BNZAT4;Bodennutzungsarten;BNZAT-2;Landwirtschaftlich genutzte Fläche;RECF01;Rechtsformen;RECHTSF112;Einzelunternehmen, Nebenerwerb;FLCG05;Größenklassen der LF;FLCHA000B050;unter 5 ha;.;EUR;ETG009;Pachtentgelt je ha
41141;Landwirtschaftszählung: Haupterhebung;JAHR;Jahr;2023;DLAND;Bundesländer;03;Niedersachsen;BNZAT4;Bodennutzungsarten;BNZAT-2;Landwirtschaftlich genutzte Fläche;RECF01;Rechtsformen;RECHTSF11;Einzelunternehmen;FLCG05;Größenklassen der LF;FLCHC050B100;500 bis unter 1000 ha;.;ha;FLC044;Gepachtete Fläche
41141;Landwirtschaftszählung: Haupterhebung;JAHR;Jahr;2023;DLAND;Bundesländer;03;Niedersachsen;BNZAT4;Bodennutzungsarten;BNZAT-2;Landwirtschaftlich genutzte Fläche;RECF01;Rechtsformen;RECHTSF11;Einzelunternehmen;FLCG05;Größenklassen der LF;FLCHC050B100;500 bis unter 1000 ha;.;ha;FLC059;LF in Betrieben mit gepachteten Flächen
41141;Landwirtschaftszählung: Haupterhebung;JAHR;Jahr;2023;DLAND;Bundesländer;03;Niedersachsen;BNZAT4;Bodennutzungsarten;BNZAT-2;Landwirtschaftlich genutzte Fläche;RECF01;Rechtsformen;RECHTSF11;Einzelunternehmen;FLCG05;Größenklassen der LF;FLCHC050B100;500 bis unter 1000 ha;.;Anzahl;BTR024;Landwirtschaftl. Betriebe mit gepachteten Flächen
41141;Landwirtschaftszählung: Haupterhebung;JAHR;Jahr;2023;DLAND;Bundesländer;03;Niedersachsen;BNZAT4;Bodennutzungsarten;BNZAT-2;Landwirtschaftlich genutzte Fläche;RECF01;Rechtsformen;RECHTSF11;Einzelunternehmen;FLCG05;Größenklassen der LF;FLCHC050B100;500 bis unter 1000 ha;.;EUR;ETG009;Pachtentgelt je ha
41141;Landwirtschaftszählung: Haupterhebung;JAHR;Jahr;2013;DLAND;Bundesländer;03;Niedersachsen;BNZAT4;Bodennutzungsarten;BNZAT-2;Landwirtschaftlich genutzte Fläche;RECF01;Rechtsformen;RECHTSF111;Einzelunternehmen, Haupterwerb;FLCG05;Größenklassen der LF;FLCHA050B100;5 bis unter 10 ha;/;ha;FLC044;Gepachtete Fläche
41141;Landwirtschaftszählung: Haupterhebung;JAHR;Jahr;2013;DLAND;Bundesländer;03;Niedersachsen;BNZAT4;Bodennutzungsarten;BNZAT-2;Landwirtschaftlich genutzte Fläche;RECF01;Rechtsformen;RECHTSF111;Einzelunternehmen, Haupterwerb;FLCG05;Größenklassen der LF;FLCHA050B100;5 bis unter 10 ha;-;ha;FLC059;LF in Betrieben mit gepachteten Flächen
41141;Landwirtschaftszählung: Haupterhebung;JAHR;Jahr;2013;DLAND;Bundesländer;03;Niedersachsen;BNZAT4;Bodennutzungsarten;BNZAT-2;Landwirtschaftlich genutzte Fläche;RECF01;Rechtsformen;RECHTSF111;Einzelunternehmen, Haupterwerb;FLCG05;Größenklassen der LF;FLCHA050B100;5 bis unter 10 ha;-;Anzahl;BTR024;Landwirtschaftl. Betriebe mit gepachteten Flächen
41141;Landwirtschaftszählung: Haupterhebung;JAHR;Jahr;2013;DLAND;Bundesländer;03;Niedersachsen;BNZAT4;Bodennutzungsarten;BNZAT-2;Landwirtschaftlich genutzte Fläche;RECF01;Rechtsformen;RECHTSF111;Einzelunternehmen, Haupterwerb;FLCG05;Größenklassen der LF;FLCHA050B100;5 bis unter 10 ha;310;EUR;ETG009;Pachtentgelt je ha
41141;Landwirtschaftszählung: Haupterhebung;JAHR;Jahr;2016;DLAND;Bundesländer;03;Niedersachsen;BNZAT4;Bodennutzungsarten;BNZAT-2;Landwirtschaftlich genutzte Fläche;RECF01;Rechtsformen;RECHTSF11;Einzelunternehmen;FLCG05;Größenklassen der LF;;Insgesamt;874900;ha;FLC044;Gepachtete Fläche
41141;Landwirtschaftszählung: Haupterhebung;JAHR;Jahr;2016;DLAND;Bundesländer;03;Niedersachsen;BNZAT4;Bodennutzungsarten;BNZAT-2;Landwirtschaftlich genutzte Fläche;RECF01;Rechtsformen;RECHTSF11;Einzelunternehmen;FLCG05;Größenklassen der LF;;Insgesamt;-;ha;FLC059;LF in Betrieben mit gepachteten Flächen
41141;Landwirtschaftszählung: Haupterhebung;JAHR;Jahr;2016;DLAND;Bundesländer;03;Niedersachsen;BNZAT4;Bodennutzungsarten;BNZAT-2;Landwirtschaftlich genutzte Fläche;RECF01;Rechtsformen;RECHTSF11;Einzelunternehmen;FLCG05;Größenklassen der LF;;Insgesamt;-;Anzahl;BTR024;Landwirtschaftl. Betriebe mit gepachteten Flächen
41141;Landwirtschaftszählung: Haupterhebung;JAHR;Jahr;2016;DLAND;Bundesländer;03;Niedersachsen;BNZAT4;Bodennutzungsarten;BNZAT-2;Landwirtschaftlich genutzte Fläche;RECF01;Rechtsformen;RECHTSF11;Einzelunternehmen;FLCG05;Größenklassen der LF;;Insgesamt;456;EUR;ETG009;Pachtentgelt je ha
41141;Landwirtschaftszählung: Haupterhebung;JAHR;Jahr;2016;DLAND;Bundesländer;03;Niedersachsen;BNZAT4;Bodennutzungsarten;BNZAT-2;Landwirtschaftlich genutzte Fläche;RECF01;Rechtsformen;RECHTSF15;Juristische Personen;FLCG05;Größenklassen der LF;FLCHA000B050;unter 5 ha;0;ha;FLC044;Gepachtete Fläche
41141;Landwirtschaftszählung: Haupterhebung;JAHR;Jahr;2016;DLAND;Bundesländer;03;Niedersachsen;BNZAT4;Bodennutzungsarten;BNZAT-2;Landwirtschaftlich genutzte Fläche;RECF01;Rechtsformen;RECHTSF15;Juristische Personen;FLCG05;Größenklassen der LF;FLCHA000B050;unter 5 ha;-;ha;FLC059;LF in Betrieben mit gepachteten Flächen
41141;Landwirtschaftszählung: Haupterhebung;JAHR;Jahr;2016;DLAND;Bundesländer;03;Niedersachsen;BNZAT4;Bodennutzungsarten;BNZAT-2;Landwirtschaftlich genutzte Fläche;RECF01;Rechtsformen;RECHTSF15;Juristische Personen;FLCG05;Größenklassen der LF;FLCHA000B050;unter 5 ha;-;Anzahl;BTR024;Landwirtschaftl. Betriebe mit gepachteten Flächen
41141;Landwirtschaftszählung: Haupterhebung;JAHR;Jahr;2016;DLAND;Bundesländer;03;Niedersachsen;BNZAT4;Bodennutzungsarten;BNZAT-2;Landwirtschaftlich genutzte Fläche;RECF01;Rechtsformen;RECHTSF15;Juristische Personen;FLCG05;Größenklassen der LF;FLCHA000B050;unter 5 ha;375;EUR;ETG009;Pachtentgelt je ha
41141;Landwirtschaftszählung: Haupterhebung;JAHR;Jahr;2010;DLAND;Bundesländer;03;Niedersachsen;BNZAT4;Bodennutzungsarten;BNZAT-2;Landwirtschaftlich genutzte Fläche;RECF01;Rechtsformen;RECHTSF15;Juristische Personen;FLCG05;Größenklassen der LF;FLCHC010B020;100 bis unter 200 ha;1353;ha;FLC044;Gepachtete Fläche
41141;Landwirtschaftszählung: Haupterhebung;JAHR;Jahr;2010;DLAND;Bundesländer;03;Niedersachsen;BNZAT4;Bodennutzungsarten;BNZAT-2;Landwirtschaftlich genutzte Fläche;RECF01;Rechtsformen;RECHTSF15;Juristische Personen;FLCG05;Größenklassen der LF;FLCHC010B020;100 bis unter 200 ha;-;ha;FLC059;LF in Betrieben mit gepachteten Flächen
41141;Landwirtschaftszählung: Haupterhebung;JAHR;Jahr;2010;DLAND;Bundesländer;03;Niedersachsen;BNZAT4;Bodennutzungsarten;BNZAT-2;Landwirtschaftlich genutzte Fläche;RECF01;Rechtsformen;RECHTSF15;Juristische Personen;FLCG05;Größenklassen der LF;FLCHC010B020;100 bis unter 200 ha;-;Anzahl;BTR024;Landwirtschaftl. Betriebe mit gepachteten Flächen
41141;Landwirtschaftszählung: Haupterhebung;JAHR;Jahr;2010;DLAND;Bundesländer;03;Niedersachsen;BNZAT4;Bodennutzungsarten;BNZAT-2;Landwirtschaftlich genutzte Fläche;RECF01;Rechtsformen;RECHTSF15;Juristische Personen;FLCG05;Größenklassen der LF;FLCHC010B020;100 bis unter 200 ha;200;EUR;ETG009;Pachtentgelt je ha
41141;Landwirtschaftszählung: Haupterhebung;JAHR;Jahr;2013;DLAND;Bundesländer;03;Niedersachsen;BNZAT4;Bodennutzungsarten;BNZAT-2;Landwirtschaftlich genutzte Fläche;RECF01;Rechtsformen;RECHTSF11;Einzelunternehmen;FLCG05;Größenklassen der LF;FLCHD010UM;1000 und mehr ha;5300;ha;FLC044;Gepachtete Fläche
41141;Landwirtschaftszählung: Haupterhebung;JAHR;Jahr;2013;DLAND;Bundesländer;03;Niedersachsen;BNZAT4;Bodennutzungsarten;BNZAT-2;Landwirtschaftlich genutzte Fläche;RECF01;Rechtsformen;RECHTSF11;Einzelunternehmen;FLCG05;Größenklassen der LF;FLCHD010UM;1000 und mehr ha;-;ha;FLC059;LF in Betrieben mit gepachteten Flächen
41141;Landwirtschaftszählung: Haupterhebung;JAHR;Jahr;2013;DLAND;Bundesländer;03;Niedersachsen;BNZAT4;Bodennutzungsarten;BNZAT-2;Landwirtschaftlich genutzte Fläche;RECF01;Rechtsformen;RECHTSF11;Einzelunternehmen;FLCG05;Größenklassen der LF;FLCHD010UM;1000 und mehr ha;-;Anzahl;BTR024;Landwirtschaftl. Betriebe mit gepachteten Flächen
41141;Landwirtschaftszählung: Haupterhebung;JAHR;Jahr;2013;DLAND;Bundesländer;03;Niedersachsen;BNZAT4;Bodennutzungsarten;BNZAT-2;Landwirtschaftlich genutzte Fläche;RECF01;Rechtsformen;RECHTSF11;Einzelunternehmen;FLCG05;Größenklassen der LF;FLCHD010UM;1000 und mehr ha;418;EUR;ETG009;Pachtentgelt je ha
41141;Landwirtschaftszählung: Haupterhebung;JAHR;Jahr;2016;DLAND;Bundesländer;03;Niedersachsen;BNZAT4;Bodennutzungsarten;BNZAT-2;Landwirtschaftlich genutzte Fläche;RECF01;Rechtsformen;RECHTSF111;Einzelunternehmen, Haupterwerb;FLCG05;Größenklassen der LF;FLCHA000B050;unter 5 ha;/;ha;FLC044;Gepachtete Fläche
41141;Landwirtschaftszählung: Haupterhebung;JAHR;Jahr;2016;DLAND;Bundesländer;03;Niedersachsen;BNZAT4;Bodennutzungsarten;BNZAT-2;Landwirtschaftlich genutzte Fläche;RECF01;Rechtsformen;RECHTSF111;Einzelunternehmen, Haupterwerb;FLCG05;Größenklassen der LF;FLCHA000B050;unter 5 ha;-;ha;FLC059;LF in Betrieben mit gepachteten Flächen
41141;Landwirtschaftszählung: Haupterhebung;JAHR;Jahr;2016;DLAND;Bundesländer;03;Niedersachsen;BNZAT4;Bodennutzungsarten;BNZAT-2;Landwirtschaftlich genutzte Fläche;RECF01;Rechtsformen;RECHTSF111;Einzelunternehmen, Haupterwerb;FLCG05;Größenklassen der LF;FLCHA000B050;unter 5 ha;-;Anzahl;BTR024;Landwirtschaftl. Betriebe mit gepachteten Flächen
41141;Landwirtschaftszählung: Haupterhebung;JAHR;Jahr;2016;DLAND;Bundesländer;03;Niedersachsen;BNZAT4;Bodennutzungsarten;BNZAT-2;Landwirtschaftlich genutzte Fläche;RECF01;Rechtsformen;RECHTSF111;Einzelunternehmen, Haupterwerb;FLCG05;Größenklassen der LF;FLCHA000B050;unter 5 ha;479;EUR;ETG009;Pachtentgelt je ha
41141;Landwirtschaftszählung: Haupterhebung;JAHR;Jahr;2013;DLAND;Bundesländer;03;Niedersachsen;BNZAT4;Bodennutzungsarten;BNZAT-2;Landwirtschaftlich genutzte Fläche;RECF01;Rechtsformen;RECHTSF15;Juristische Personen;FLCG05;Größenklassen der LF;FLCHA000B050;unter 5 ha;/;ha;FLC044;Gepachtete Fläche
41141;Landwirtschaftszählung: Haupterhebung;JAHR;Jahr;2013;DLAND;Bundesländer;03;Niedersachsen;BNZAT4;Bodennutzungsarten;BNZAT-2;Landwirtschaftlich genutzte Fläche;RECF01;Rechtsformen;RECHTSF15;Juristische Personen;FLCG05;Größenklassen der LF;FLCHA000B050;unter 5 ha;-;ha;FLC059;LF in Betrieben mit gepachteten Flächen
41141;Landwirtschaftszählung: Haupterhebung;JAHR;Jahr;2013;DLAND;Bundesländer;03;Niedersachsen;BNZAT4;Bodennutzungsarten;BNZAT-2;Landwirtschaftlich genutzte Fläche;RECF01;Rechtsformen;RECHTSF15;Juristische Personen;FLCG05;Größenklassen der LF;FLCHA000B050;unter 5 ha;-;Anzahl;BTR024;Landwirtschaftl. Betriebe mit gepachteten Flächen
41141;Landwirtschaftszählung: Haupterhebung;JAHR;Jahr;2013;DLAND;Bundesländer;03;Niedersachsen;BNZAT4;Bodennutzungsarten;BNZAT-2;Landwirtschaftlich genutzte Fläche;RECF01;Rechtsformen;RECHTSF15;Juristische Personen;FLCG05;Größenklassen der LF;FLCHA000B050;unter 5 ha;1551;EUR;ETG009;Pachtentgelt je ha
41141;Landwirtschaftszählung: Haupterhebung;JAHR;Jahr;2020;DLAND;Bundesländer;03;Niedersachsen;BNZAT4;Bodennutzungsarten;BNZAT-2;Landwirtschaftlich genutzte Fläche;RECF01;Rechtsformen;;Insgesamt;FLCG05;Größenklassen der LF;FLCHC050B100;500 bis unter 1000 ha;82243;ha;FLC044;Gepachtete Fläche
41141;Landwirtschaftszählung: Haupterhebung;JAHR;Jahr;2020;DLAND;Bundesländer;03;Niedersachsen;BNZAT4;Bodennutzungsarten;BNZAT-2;Landwirtschaftlich genutzte Fläche;RECF01;Rechtsformen;;Insgesamt;FLCG05;Größenklassen der LF;FLCHC050B100;500 bis unter 1000 ha;130427;ha;FLC059;LF in Betrieben mit gepachteten Flächen
41141;Landwirtschaftszählung: Haupterhebung;JAHR;Jahr;2020;DLAND;Bundesländer;03;Niedersachsen;BNZAT4;Bodennutzungsarten;BNZAT-2;Landwirtschaftlich genutzte Fläche;RECF01;Rechtsformen;;Insgesamt;FLCG05;Größenklassen der LF;FLCHC050B100;500 bis unter 1000 ha;202;Anzahl;BTR024;Landwirtschaftl. Betriebe mit gepachteten Flächen
41141;Landwirtschaftszählung: Haupterhebung;JAHR;Jahr;2020;DLAND;Bundesländer;03;Niedersachsen;BNZAT4;Bodennutzungsarten;BNZAT-2;Landwirtschaftlich genutzte Fläche;RECF01;Rechtsformen;;Insgesamt;FLCG05;Größenklassen der LF;FLCHC050B100;500 bis unter 1000 ha;547;EUR;ETG009;Pachtentgelt je ha
41141;Landwirtschaftszählung: Haupterhebung;JAHR;Jahr;2013;DLAND;Bundesländer;03;Niedersachsen;BNZAT4;Bodennutzungsarten;BNZAT-2;Landwirtschaftlich genutzte Fläche;RECF01;Rechtsformen;RECHTSF111;Einzelunternehmen, Haupterwerb;FLCG05;Größenklassen der LF;FLCHC050B100;500 bis unter 1000 ha;16200;ha;FLC044;Gepachtete Fläche
41141;Landwirtschaftszählung: Haupterhebung;JAHR;Jahr;2013;DLAND;Bundesländer;03;Niedersachsen;BNZAT4;Bodennutzungsarten;BNZAT-2;Landwirtschaftlich genutzte Fläche;RECF01;Rechtsformen;RECHTSF111;Einzelunternehmen, Haupterwerb;FLCG05;Größenklassen der LF;FLCHC050B100;500 bis unter 1000 ha;-;ha;FLC059;LF in Betrieben mit gepachteten Flächen
41141;Landwirtschaftszählung: Haupterhebung;JAHR;Jahr;2013;DLAND;Bundesländer;03;Niedersachsen;BNZAT4;Bodennutzungsarten;BNZAT-2;Landwirtschaftlich genutzte Fläche;RECF01;Rechtsformen;RECHTSF111;Einzelunternehmen, Haupterwerb;FLCG05;Größenklassen der LF;FLCHC050B100;500 bis unter 1000 ha;-;Anzahl;BTR024;Landwirtschaftl. Betriebe mit gepachteten Flächen
41141;Landwirtschaftszählung: Haupterhebung;JAHR;Jahr;2013;DLAND;Bundesländer;03;Niedersachsen;BNZAT4;Bodennutzungsarten;BNZAT-2;Landwirtschaftlich genutzte Fläche;RECF01;Rechtsformen;RECHTSF111;Einzelunternehmen, Haupterwerb;FLCG05;Größenklassen der LF;FLCHC050B100;500 bis unter 1000 ha;467;EUR;ETG009;Pachtentgelt je ha
41141;Landwirtschaftszählung: Haupterhebung;JAHR;Jahr;2010;DLAND;Bundesländer;03;Niedersachsen;BNZAT4;Bodennutzungsarten;BNZAT-2;Landwirtschaftlich genutzte Fläche;RECF01;Rechtsformen;RECHTSF111;Einzelunternehmen, Haupterwerb;FLCG05;Größenklassen der LF;FLCHD010UM;1000 und mehr ha;5070;ha;FLC044;Gepachtete Fläche
41141;Landwirtschaftszählung: Haupterhebung;JAHR;Jahr;2010;DLAND;Bundesländer;03;Niedersachsen;BNZAT4;Bodennutzungsarten;BNZAT-2;Landwirtschaftlich genutzte Fläche;RECF01;Rechtsformen;RECHTSF111;Einzelunternehmen, Haupterwerb;FLCG05;Größenklassen der LF;FLCHD010UM;1000 und mehr ha;-;ha;FLC059;LF in Betrieben mit gepachteten Flächen
41141;Landwirtschaftszählung: Haupterhebung;JAHR;Jahr;2010;DLAND;Bundesländer;03;Niedersachsen;BNZAT4;Bodennutzungsarten;BNZAT-2;Landwirtschaftlich genutzte Fläche;RECF01;Rechtsformen;RECHTSF111;Einzelunternehmen, Haupterwerb;FLCG05;Größenklassen der LF;FLCHD010UM;1000 und mehr ha;-;Anzahl;BTR024;Landwirtschaftl. Betriebe mit gepachteten Flächen
41141;Landwirtschaftszählung: Haupterhebung;JAHR;Jahr;2010;DLAND;Bundesländer;03;Niedersachsen;BNZAT4;Bodennutzungsarten;BNZAT-2;Landwirtschaftlich genutzte Fläche;RECF01;Rechtsformen;RECHTSF111;Einzelunternehmen, Haupterwerb;FLCG05;Größenklassen der LF;FLCHD010UM;1000 und mehr ha;286;EUR;ETG009;Pachtentgelt je ha
41141;Landwirtschaftszählung: Haupterhebung;JAHR;Jahr;2016;DLAND;Bundesländer;03;Niedersachsen;BNZAT4;Bodennutzungsarten;BNZAT-2;Landwirtschaftlich genutzte Fläche;RECF01;Rechtsformen;;Insgesamt;FLCG05;Größenklassen der LF;FLCHC020B050;200 bis unter 500 ha;301000;ha;FLC044;Gepachtete Fläche
41141;Landwirtschaftszählung: Haupterhebung;JAHR;Jahr;2016;DLAND;Bundesländer;03;Niedersachsen;BNZAT4;Bodennutzungsarten;BNZAT-2;Landwirtschaftlich genutzte Fläche;RECF01;Rechtsformen;;Insgesamt;FLCG05;Größenklassen der LF;FLCHC020B050;200 bis unter 500 ha;-;ha;FLC059;LF in Betrieben mit gepachteten Flächen
41141;Landwirtschaftszählung: Haupterhebung;JAHR;Jahr;2016;DLAND;Bundesländer;03;Niedersachsen;BNZAT4;Bodennutzungsarten;BNZAT-2;Landwirtschaftlich genutzte Fläche;RECF01;Rechtsformen;;Insgesamt;FLCG05;Größenklassen der LF;FLCHC020B050;200 bis unter 500 ha;-;Anzahl;BTR024;Landwirtschaftl. Betriebe mit gepachteten Flächen
41141;Landwirtschaftszählung: Haupterhebung;JAHR;Jahr;2016;DLAND;Bundesländer;03;Niedersachsen;BNZAT4;Bodennutzungsarten;BNZAT-2;Landwirtschaftlich genutzte Fläche;RECF01;Rechtsformen;;Insgesamt;FLCG05;Größenklassen der LF;FLCHC020B050;200 bis unter 500 ha;478;EUR;ETG009;Pachtentgelt je ha
41141;Landwirtschaftszählung: Haupterhebung;JAHR;Jahr;2023;DLAND;Bundesländer;03;Niedersachsen;BNZAT4;Bodennutzungsarten;BNZAT-2;Landwirtschaftlich genutzte Fläche;RECF01;Rechtsformen;RECHTSF121;Personengemeinschaften, -gesellschaften;FLCG05;Größenklassen der LF;FLCHC050B100;500 bis unter 1000 ha;.;ha;FLC044;Gepachtete Fläche
41141;Landwirtschaftszählung: Haupterhebung;JAHR;Jahr;2023;DLAND;Bundesländer;03;Niedersachsen;BNZAT4;Bodennutzungsarten;BNZAT-2;Landwirtschaftlich genutzte Fläche;RECF01;Rechtsformen;RECHTSF121;Personengemeinschaften, -gesellschaften;FLCG05;Größenklassen der LF;FLCHC050B100;500 bis unter 1000 ha;.;ha;FLC059;LF in Betrieben mit gepachteten Flächen
41141;Landwirtschaftszählung: Haupterhebung;JAHR;Jahr;2023;DLAND;Bundesländer;03;Niedersachsen;BNZAT4;Bodennutzungsarten;BNZAT-2;Landwirtschaftlich genutzte Fläche;RECF01;Rechtsformen;RECHTSF121;Personengemeinschaften, -gesellschaften;FLCG05;Größenklassen der LF;FLCHC050B100;500 bis unter 1000 ha;.;Anzahl;BTR024;Landwirtschaftl. Betriebe mit gepachteten Flächen
41141;Landwirtschaftszählung: Haupterhebung;JAHR;Jahr;2023;DLAND;Bundesländer;03;Niedersachsen;BNZAT4;Bodennutzungsarten;BNZAT-2;Landwirtschaftlich genutzte Fläche;RECF01;Rechtsformen;RECHTSF121;Personengemeinschaften, -gesellschaften;FLCG05;Größenklassen der LF;FLCHC050B100;500 bis unter 1000 ha;.;EUR;ETG009;Pachtentgelt je ha
41141;Landwirtschaftszählung: Haupterhebung;JAHR;Jahr;2016;DLAND;Bundesländer;03;Niedersachsen;BNZAT4;Bodennutzungsarten;BNZAT-2;Landwirtschaftlich genutzte Fläche;RECF01;Rechtsformen;RECHTSF11;Einzelunternehmen;FLCG05;Größenklassen der LF;FLCHC050B100;500 bis unter 1000 ha;22200;ha;FLC044;Gepachtete Fläche
41141;Landwirtschaftszählung: Haupterhebung;JAHR;Jahr;2016;DLAND;Bundesländer;03;Niedersachsen;BNZAT4;Bodennutzungsarten;BNZAT-2;Landwirtschaftlich genutzte Fläche;RECF01;Rechtsformen;RECHTSF11;Einzelunternehmen;FLCG05;Größenklassen der LF;FLCHC050B100;500 bis unter 1000 ha;-;ha;FLC059;LF in Betrieben mit gepachteten Flächen
41141;Landwirtschaftszählung: Haupterhebung;JAHR;Jahr;2016;DLAND;Bundesländer;03;Niedersachsen;BNZAT4;Bodennutzungsarten;BNZAT-2;Landwirtschaftlich genutzte Fläche;RECF01;Rechtsformen;RECHTSF11;Einzelunternehmen;FLCG05;Größenklassen der LF;FLCHC050B100;500 bis unter 1000 ha;-;Anzahl;BTR024;Landwirtschaftl. Betriebe mit gepachteten Flächen
41141;Landwirtschaftszählung: Haupterhebung;JAHR;Jahr;2016;DLAND;Bundesländer;03;Niedersachsen;BNZAT4;Bodennutzungsarten;BNZAT-2;Landwirtschaftlich genutzte Fläche;RECF01;Rechtsformen;RECHTSF11;Einzelunternehmen;FLCG05;Größenklassen der LF;FLCHC050B100;500 bis unter 1000 ha;510;EUR;ETG009;Pachtentgelt je ha
41141;Landwirtschaftszählung: Haupterhebung;JAHR;Jahr;2010;DLAND;Bundesländer;03;Niedersachsen;BNZAT4;Bodennutzungsarten;BNZAT-2;Landwirtschaftlich genutzte Fläche;RECF01;Rechtsformen;;Insgesamt;FLCG05;Größenklassen der LF;FLCHB050B100;50 bis unter 100 ha;313701;ha;FLC044;Gepachtete Fläche
41141;Landwirtschaftszählung: Haupterhebung;JAHR;Jahr;2010;DLAND;Bundesländer;03;Niedersachsen;BNZAT4;Bodennutzungsarten;BNZAT-2;Landwirtschaftlich genutzte Fläche;RECF01;Rechtsformen;;Insgesamt;FLCG05;Größenklassen der LF;FLCHB050B100;50 bis unter 100 ha;-;ha;FLC059;LF in Betrieben mit gepachteten Flächen
41141;Landwirtschaftszählung: Haupterhebung;JAHR;Jahr;2010;DLAND;Bundesländer;03;Niedersachsen;BNZAT4;Bodennutzungsarten;BNZAT-2;Landwirtschaftlich genutzte Fläche;RECF01;Rechtsformen;;Insgesamt;FLCG05;Größenklassen der LF;FLCHB050B100;50 bis unter 100 ha;-;Anzahl;BTR024;Landwirtschaftl. Betriebe mit gepachteten Flächen
41141;Landwirtschaftszählung: Haupterhebung;JAHR;Jahr;2010;DLAND;Bundesländer;03;Niedersachsen;BNZAT4;Bodennutzungsarten;BNZAT-2;Landwirtschaftlich genutzte Fläche;RECF01;Rechtsformen;;Insgesamt;FLCG05;Größenklassen der LF;FLCHB050B100;50 bis unter 100 ha;309;EUR;ETG009;Pachtentgelt je ha
41141;Landwirtschaftszählung: Haupterhebung;JAHR;Jahr;2020;DLAND;Bundesländer;03;Niedersachsen;BNZAT4;Bodennutzungsarten;BNZAT-2;Landwirtschaftlich genutzte Fläche;RECF01;Rechtsformen;RECHTSF11;Einzelunternehmen;FLCG05;Größenklassen der LF;FLCHC020B050;200 bis unter 500 ha;.;ha;FLC044;Gepachtete Fläche
41141;Landwirtschaftszählung: Haupterhebung;JAHR;Jahr;2020;DLAND;Bundesländer;03;Niedersachsen;BNZAT4;Bodennutzungsarten;BNZAT-2;Landwirtschaftlich genutzte Fläche;RECF01;Rechtsformen;RECHTSF11;Einzelunternehmen;FLCG05;Größenklassen der LF;FLCHC020B050;200 bis unter 500 ha;.;ha;FLC059;LF in Betrieben mit gepachteten Flächen
41141;Landwirtschaftszählung: Haupterhebung;JAHR;Jahr;2020;DLAND;Bundesländer;03;Niedersachsen;BNZAT4;Bodennutzungsarten;BNZAT-2;Landwirtschaftlich genutzte Fläche;RECF01;Rechtsformen;RECHTSF11;Einzelunternehmen;FLCG05;Größenklassen der LF;FLCHC020B050;200 bis unter 500 ha;1340;Anzahl;BTR024;Landwirtschaftl. Betriebe mit gepachteten Flächen
41141;Landwirtschaftszählung: Haupterhebung;JAHR;Jahr;2020;DLAND;Bundesländer;03;Niedersachsen;BNZAT4;Bodennutzungsarten;BNZAT-2;Landwirtschaftlich genutzte Fläche;RECF01;Rechtsformen;RECHTSF11;Einzelunternehmen;FLCG05;Größenklassen der LF;FLCHC020B050;200 bis unter 500 ha;.;EUR;ETG009;Pachtentgelt je ha
41141;Landwirtschaftszählung: Haupterhebung;JAHR;Jahr;2023;DLAND;Bundesländer;03;Niedersachsen;BNZAT4;Bodennutzungsarten;BNZAT-2;Landwirtschaftlich genutzte Fläche;RECF01;Rechtsformen;RECHTSF121;Personengemeinschaften, -gesellschaften;FLCG05;Größenklassen der LF;FLCHD010UM;1000 und mehr ha;.;ha;FLC044;Gepachtete Fläche
41141;Landwirtschaftszählung: Haupterhebung;JAHR;Jahr;2023;DLAND;Bundesländer;03;Niedersachsen;BNZAT4;Bodennutzungsarten;BNZAT-2;Landwirtschaftlich genutzte Fläche;RECF01;Rechtsformen;RECHTSF121;Personengemeinschaften, -gesellschaften;FLCG05;Größenklassen der LF;FLCHD010UM;1000 und mehr ha;.;ha;FLC059;LF in Betrieben mit gepachteten Flächen
41141;Landwirtschaftszählung: Haupterhebung;JAHR;Jahr;2023;DLAND;Bundesländer;03;Niedersachsen;BNZAT4;Bodennutzungsarten;BNZAT-2;Landwirtschaftlich genutzte Fläche;RECF01;Rechtsformen;RECHTSF121;Personengemeinschaften, -gesellschaften;FLCG05;Größenklassen der LF;FLCHD010UM;1000 und mehr ha;.;Anzahl;BTR024;Landwirtschaftl. Betriebe mit gepachteten Flächen
41141;Landwirtschaftszählung: Haupterhebung;JAHR;Jahr;2023;DLAND;Bundesländer;03;Niedersachsen;BNZAT4;Bodennutzungsarten;BNZAT-2;Landwirtschaftlich genutzte Fläche;RECF01;Rechtsformen;RECHTSF121;Personengemeinschaften, -gesellschaften;FLCG05;Größenklassen der LF;FLCHD010UM;1000 und mehr ha;.;EUR;ETG009;Pachtentgelt je ha
41141;Landwirtschaftszählung: Haupterhebung;JAHR;Jahr;2013;DLAND;Bundesländer;03;Niedersachsen;BNZAT4;Bodennutzungsarten;BNZAT-2;Landwirtschaftlich genutzte Fläche;RECF01;Rechtsformen;RECHTSF112;Einzelunternehmen, Nebenerwerb;FLCG05;Größenklassen der LF;FLCHB020B050;20 bis unter 50 ha;37700;ha;FLC044;Gepachtete Fläche
41141;Landwirtschaftszählung: Haupterhebung;JAHR;Jahr;2013;DLAND;Bundesländer;03;Niedersachsen;BNZAT4;Bodennutzungsarten;BNZAT-2;Landwirtschaftlich genutzte Fläche;RECF01;Rechtsformen;RECHTSF112;Einzelunternehmen, Nebenerwerb;FLCG05;Größenklassen der LF;FLCHB020B050;20 bis unter 50 ha;-;ha;FLC059;LF in Betrieben mit gepachteten Flächen
41141;Landwirtschaftszählung: Haupterhebung;JAHR;Jahr;2013;DLAND;Bundesländer;03;Niedersachsen;BNZAT4;Bodennutzungsarten;BNZAT-2;Landwirtschaftlich genutzte Fläche;RECF01;Rechtsformen;RECHTSF112;Einzelunternehmen, Nebenerwerb;FLCG05;Größenklassen der LF;FLCHB020B050;20 bis unter 50 ha;-;Anzahl;BTR024;Landwirtschaftl. Betriebe mit gepachteten Flächen
41141;Landwirtschaftszählung: Haupterhebung;JAHR;Jahr;2013;DLAND;Bundesländer;03;Niedersachsen;BNZAT4;Bodennutzungsarten;BNZAT-2;Landwirtschaftlich genutzte Fläche;RECF01;Rechtsformen;RECHTSF112;Einzelunternehmen, Nebenerwerb;FLCG05;Größenklassen der LF;FLCHB020B050;20 bis unter 50 ha;293;EUR;ETG009;Pachtentgelt je ha
41141;Landwirtschaftszählung: Haupterhebung;JAHR;Jahr;2020;DLAND;Bundesländer;03;Niedersachsen;BNZAT4;Bodennutzungsarten;BNZAT-2;Landwirtschaftlich genutzte Fläche;RECF01;Rechtsformen;RECHTSF111;Einzelunternehmen, Haupterwerb;FLCG05;Größenklassen der LF;FLCHB050B100;50 bis unter 100 ha;175419;ha;FLC044;Gepachtete Fläche
41141;Landwirtschaftszählung: Haupterhebung;JAHR;Jahr;2020;DLAND;Bundesländer;03;Niedersachsen;BNZAT4;Bodennutzungsarten;BNZAT-2;Landwirtschaftlich genutzte Fläche;RECF01;Rechtsformen;RECHTSF111;Einzelunternehmen, Haupterwerb;FLCG05;Größenklassen der LF;FLCHB050B100;50 bis unter 100 ha;341281;ha;FLC059;LF in Betrieben mit gepachteten Flächen
41141;Landwirtschaftszählung: Haupterhebung;JAHR;Jahr;2020;DLAND;Bundesländer;03;Niedersachsen;BNZAT4;Bodennutzungsarten;BNZAT-2;Landwirtschaftlich genutzte Fläche;RECF01;Rechtsformen;RECHTSF111;Einzelunternehmen, Haupterwerb;FLCG05;Größenklassen der LF;FLCHB050B100;50 bis unter 100 ha;4628;Anzahl;BTR024;Landwirtschaftl. Betriebe mit gepachteten Flächen
41141;Landwirtschaftszählung: Haupterhebung;JAHR;Jahr;2020;DLAND;Bundesländer;03;Niedersachsen;BNZAT4;Bodennutzungsarten;BNZAT-2;Landwirtschaftlich genutzte Fläche;RECF01;Rechtsformen;RECHTSF111;Einzelunternehmen, Haupterwerb;FLCG05;Größenklassen der LF;FLCHB050B100;50 bis unter 100 ha;511;EUR;ETG009;Pachtentgelt je ha
41141;Landwirtschaftszählung: Haupterhebung;JAHR;Jahr;2013;DLAND;Bundesländer;03;Niedersachsen;BNZAT4;Bodennutzungsarten;BNZAT-2;Landwirtschaftlich genutzte Fläche;RECF01;Rechtsformen;RECHTSF15;Juristische Personen;FLCG05;Größenklassen der LF;FLCHC020B050;200 bis unter 500 ha;1500;ha;FLC044;Gepachtete Fläche
41141;Landwirtschaftszählung: Haupterhebung;JAHR;Jahr;2013;DLAND;Bundesländer;03;Niedersachsen;BNZAT4;Bodennutzungsarten;BNZAT-2;Landwirtschaftlich genutzte Fläche;RECF01;Rechtsformen;RECHTSF15;Juristische Personen;FLCG05;Größenklassen der LF;FLCHC020B050;200 bis unter 500 ha;-;ha;FLC059;LF in Betrieben mit gepachteten Flächen
41141;Landwirtschaftszählung: Haupterhebung;JAHR;Jahr;2013;DLAND;Bundesländer;03;Niedersachsen;BNZAT4;Bodennutzungsarten;BNZAT-2;Landwirtschaftlich genutzte Fläche;RECF01;Rechtsformen;RECHTSF15;Juristische Personen;FLCG05;Größenklassen der LF;FLCHC020B050;200 bis unter 500 ha;-;Anzahl;BTR024;Landwirtschaftl. Betriebe mit gepachteten Flächen
41141;Landwirtschaftszählung: Haupterhebung;JAHR;Jahr;2013;DLAND;Bundesländer;03;Niedersachsen;BNZAT4;Bodennutzungsarten;BNZAT-2;Landwirtschaftlich genutzte Fläche;RECF01;Rechtsformen;RECHTSF15;Juristische Personen;FLCG05;Größenklassen der LF;FLCHC020B050;200 bis unter 500 ha;275;EUR;ETG009;Pachtentgelt je ha
41141;Landwirtschaftszählung: Haupterhebung;JAHR;Jahr;2010;DLAND;Bundesländer;03;Niedersachsen;BNZAT4;Bodennutzungsarten;BNZAT-2;Landwirtschaftlich genutzte Fläche;RECF01;Rechtsformen;RECHTSF15;Juristische Personen;FLCG05;Größenklassen der LF;FLCHB050B100;50 bis unter 100 ha;467;ha;FLC044;Gepachtete Fläche
41141;Landwirtschaftszählung: Haupterhebung;JAHR;Jahr;2010;DLAND;Bundesländer;03;Niedersachsen;BNZAT4;Bodennutzungsarten;BNZAT-2;Landwirtschaftlich genutzte Fläche;RECF01;Rechtsformen;RECHTSF15;Juristische Personen;FLCG05;Größenklassen der LF;FLCHB050B100;50 bis unter 100 ha;-;ha;FLC059;LF in Betrieben mit gepachteten Flächen
41141;Landwirtschaftszählung: Haupterhebung;JAHR;Jahr;2010;DLAND;Bundesländer;03;Niedersachsen;BNZAT4;Bodennutzungsarten;BNZAT-2;Landwirtschaftlich genutzte Fläche;RECF01;Rechtsformen;RECHTSF15;Juristische Personen;FLCG05;Größenklassen der LF;FLCHB050B100;50 bis unter 100 ha;-;Anzahl;BTR024;Landwirtschaftl. Betriebe mit gepachteten Flächen
41141;Landwirtschaftszählung: Haupterhebung;JAHR;Jahr;2010;DLAND;Bundesländer;03;Niedersachsen;BNZAT4;Bodennutzungsarten;BNZAT-2;Landwirtschaftlich genutzte Fläche;RECF01;Rechtsformen;RECHTSF15;Juristische Personen;FLCG05;Größenklassen der LF;FLCHB050B100;50 bis unter 100 ha;338;EUR;ETG009;Pachtentgelt je ha
41141;Landwirtschaftszählung: Haupterhebung;JAHR;Jahr;2010;DLAND;Bundesländer;03;Niedersachsen;BNZAT4;Bodennutzungsarten;BNZAT-2;Landwirtschaftlich genutzte Fläche;RECF01;Rechtsformen;RECHTSF121;Personengemeinschaften, -gesellschaften;FLCG05;Größenklassen der LF;FLCHC050B100;500 bis unter 1000 ha;16105;ha;FLC044;Gepachtete Fläche
41141;Landwirtschaftszählung: Haupterhebung;JAHR;Jahr;2010;DLAND;Bundesländer;03;Niedersachsen;BNZAT4;Bodennutzungsarten;BNZAT-2;Landwirtschaftlich genutzte Fläche;RECF01;Rechtsformen;RECHTSF121;Personengemeinschaften, -gesellschaften;FLCG05;Größenklassen der LF;FLCHC050B100;500 bis unter 1000 ha;-;ha;FLC059;LF in Betrieben mit gepachteten Flächen
41141;Landwirtschaftszählung: Haupterhebung;JAHR;Jahr;2010;DLAND;Bundesländer;03;Niedersachsen;BNZAT4;Bodennutzungsarten;BNZAT-2;Landwirtschaftlich genutzte Fläche;RECF01;Rechtsformen;RECHTSF121;Personengemeinschaften, -gesellschaften;FLCG05;Größenklassen der LF;FLCHC050B100;500 bis unter 1000 ha;-;Anzahl;BTR024;Landwirtschaftl. Betriebe mit gepachteten Flächen
41141;Landwirtschaftszählung: Haupterhebung;JAHR;Jahr;2010;DLAND;Bundesländer;03;Niedersachsen;BNZAT4;Bodennutzungsarten;BNZAT-2;Landwirtschaftlich genutzte Fläche;RECF01;Rechtsformen;RECHTSF121;Personengemeinschaften, -gesellschaften;FLCG05;Größenklassen der LF;FLCHC050B100;500 bis unter 1000 ha;312;EUR;ETG009;Pachtentgelt je ha
41141;Landwirtschaftszählung: Haupterhebung;JAHR;Jahr;2016;DLAND;Bundesländer;03;Niedersachsen;BNZAT4;Bodennutzungsarten;BNZAT-2;Landwirtschaftlich genutzte Fläche;RECF01;Rechtsformen;RECHTSF121;Personengemeinschaften, -gesellschaften;FLCG05;Größenklassen der LF;FLCHC010B020;100 bis unter 200 ha;88300;ha;FLC044;Gepachtete Fläche
41141;Landwirtschaftszählung: Haupterhebung;JAHR;Jahr;2016;DLAND;Bundesländer;03;Niedersachsen;BNZAT4;Bodennutzungsarten;BNZAT-2;Landwirtschaftlich genutzte Fläche;RECF01;Rechtsformen;RECHTSF121;Personengemeinschaften, -gesellschaften;FLCG05;Größenklassen der LF;FLCHC010B020;100 bis unter 200 ha;-;ha;FLC059;LF in Betrieben mit gepachteten Flächen
41141;Landwirtschaftszählung: Haupterhebung;JAHR;Jahr;2016;DLAND;Bundesländer;03;Niedersachsen;BNZAT4;Bodennutzungsarten;BNZAT-2;Landwirtschaftlich genutzte Fläche;RECF01;Rechtsformen;RECHTSF121;Personengemeinschaften, -gesellschaften;FLCG05;Größenklassen der LF;FLCHC010B020;100 bis unter 200 ha;-;Anzahl;BTR024;Landwirtschaftl. Betriebe mit gepachteten Flächen
41141;Landwirtschaftszählung: Haupterhebung;JAHR;Jahr;2016;DLAND;Bundesländer;03;Niedersachsen;BNZAT4;Bodennutzungsarten;BNZAT-2;Landwirtschaftlich genutzte Fläche;RECF01;Rechtsformen;RECHTSF121;Personengemeinschaften, -gesellschaften;FLCG05;Größenklassen der LF;FLCHC010B020;100 bis unter 200 ha;447;EUR;ETG009;Pachtentgelt je ha
41141;Landwirtschaftszählung: Haupterhebung;JAHR;Jahr;2023;DLAND;Bundesländer;03;Niedersachsen;BNZAT4;Bodennutzungsarten;BNZAT-2;Landwirtschaftlich genutzte Fläche;RECF01;Rechtsformen;RECHTSF121;Personengemeinschaften, -gesellschaften;FLCG05;Größenklassen der LF;FLCHB010B020;10 bis unter 20 ha;.;ha;FLC044;Gepachtete Fläche
41141;Landwirtschaftszählung: Haupterhebung;JAHR;Jahr;2023;DLAND;Bundesländer;03;Niedersachsen;BNZAT4;Bodennutzungsarten;BNZAT-2;Landwirtschaftlich genutzte Fläche;RECF01;Rechtsformen;RECHTSF121;Personengemeinschaften, -gesellschaften;FLCG05;Größenklassen der LF;FLCHB010B020;10 bis unter 20 ha;.;ha;FLC059;LF in Betrieben mit gepachteten Flächen
41141;Landwirtschaftszählung: Haupterhebung;JAHR;Jahr;2023;DLAND;Bundesländer;03;Niedersachsen;BNZAT4;Bodennutzungsarten;BNZAT-2;Landwirtschaftlich genutzte Fläche;RECF01;Rechtsformen;RECHTSF121;Personengemeinschaften, -gesellschaften;FLCG05;Größenklassen der LF;FLCHB010B020;10 bis unter 20 ha;.;Anzahl;BTR024;Landwirtschaftl. Betriebe mit gepachteten Flächen
41141;Landwirtschaftszählung: Haupterhebung;JAHR;Jahr;2023;DLAND;Bundesländer;03;Niedersachsen;BNZAT4;Bodennutzungsarten;BNZAT-2;Landwirtschaftlich genutzte Fläche;RECF01;Rechtsformen;RECHTSF121;Personengemeinschaften, -gesellschaften;FLCG05;Größenklassen der LF;FLCHB010B020;10 bis unter 20 ha;.;EUR;ETG009;Pachtentgelt je ha
41141;Landwirtschaftszählung: Haupterhebung;JAHR;Jahr;2013;DLAND;Bundesländer;03;Niedersachsen;BNZAT4;Bodennutzungsarten;BNZAT-2;Landwirtschaftlich genutzte Fläche;RECF01;Rechtsformen;RECHTSF111;Einzelunternehmen, Haupterwerb;FLCG05;Größenklassen der LF;FLCHB010B020;10 bis unter 20 ha;6100;ha;FLC044;Gepachtete Fläche
41141;Landwirtschaftszählung: Haupterhebung;JAHR;Jahr;2013;DLAND;Bundesländer;03;Niedersachsen;BNZAT4;Bodennutzungsarten;BNZAT-2;Landwirtschaftlich genutzte Fläche;RECF01;Rechtsformen;RECHTSF111;Einzelunternehmen, Haupterwerb;FLCG05;Größenklassen der LF;FLCHB010B020;10 bis unter 20 ha;-;ha;FLC059;LF in Betrieben mit gepachteten Flächen
41141;Landwirtschaftszählung: Haupterhebung;JAHR;Jahr;2013;DLAND;Bundesländer;03;Niedersachsen;BNZAT4;Bodennutzungsarten;BNZAT-2;Landwirtschaftlich genutzte Fläche;RECF01;Rechtsformen;RECHTSF111;Einzelunternehmen, Haupterwerb;FLCG05;Größenklassen der LF;FLCHB010B020;10 bis unter 20 ha;-;Anzahl;BTR024;Landwirtschaftl. Betriebe mit gepachteten Flächen
41141;Landwirtschaftszählung: Haupterhebung;JAHR;Jahr;2013;DLAND;Bundesländer;03;Niedersachsen;BNZAT4;Bodennutzungsarten;BNZAT-2;Landwirtschaftlich genutzte Fläche;RECF01;Rechtsformen;RECHTSF111;Einzelunternehmen, Haupterwerb;FLCG05;Größenklassen der LF;FLCHB010B020;10 bis unter 20 ha;380;EUR;ETG009;Pachtentgelt je ha
41141;Landwirtschaftszählung: Haupterhebung;JAHR;Jahr;2020;DLAND;Bundesländer;03;Niedersachsen;BNZAT4;Bodennutzungsarten;BNZAT-2;Landwirtschaftlich genutzte Fläche;RECF01;Rechtsformen;RECHTSF112;Einzelunternehmen, Nebenerwerb;FLCG05;Größenklassen der LF;;Insgesamt;234643;ha;FLC044;Gepachtete Fläche
41141;Landwirtschaftszählung: Haupterhebung;JAHR;Jahr;2020;DLAND;Bundesländer;03;Niedersachsen;BNZAT4;Bodennutzungsarten;BNZAT-2;Landwirtschaftlich genutzte Fläche;RECF01;Rechtsformen;RECHTSF112;Einzelunternehmen, Nebenerwerb;FLCG05;Größenklassen der LF;;Insgesamt;401233;ha;FLC059;LF in Betrieben mit gepachteten Flächen
41141;Landwirtschaftszählung: Haupterhebung;JAHR;Jahr;2020;DLAND;Bundesländer;03;Niedersachsen;BNZAT4;Bodennutzungsarten;BNZAT-2;Landwirtschaftlich genutzte Fläche;RECF01;Rechtsformen;RECHTSF112;Einzelunternehmen, Nebenerwerb;FLCG05;Größenklassen der LF;;Insgesamt;9441;Anzahl;BTR024;Landwirtschaftl. Betriebe mit gepachteten Flächen
41141;Landwirtschaftszählung: Haupterhebung;JAHR;Jahr;2020;DLAND;Bundesländer;03;Niedersachsen;BNZAT4;Bodennutzungsarten;BNZAT-2;Landwirtschaftlich genutzte Fläche;RECF01;Rechtsformen;RECHTSF112;Einzelunternehmen, Nebenerwerb;FLCG05;Größenklassen der LF;;Insgesamt;471;EUR;ETG009;Pachtentgelt je ha
41141;Landwirtschaftszählung: Haupterhebung;JAHR;Jahr;2023;DLAND;Bundesländer;03;Niedersachsen;BNZAT4;Bodennutzungsarten;BNZAT-2;Landwirtschaftlich genutzte Fläche;RECF01;Rechtsformen;;Insgesamt;FLCG05;Größenklassen der LF;;Insgesamt;1384800;ha;FLC044;Gepachtete Fläche
41141;Landwirtschaftszählung: Haupterhebung;JAHR;Jahr;2023;DLAND;Bundesländer;03;Niedersachsen;BNZAT4;Bodennutzungsarten;BNZAT-2;Landwirtschaftlich genutzte Fläche;RECF01;Rechtsformen;;Insgesamt;FLCG05;Größenklassen der LF;;Insgesamt;2330200;ha;FLC059;LF in Betrieben mit gepachteten Flächen
41141;Landwirtschaftszählung: Haupterhebung;JAHR;Jahr;2023;DLAND;Bundesländer;03;Niedersachsen;BNZAT4;Bodennutzungsarten;BNZAT-2;Landwirtschaftlich genutzte Fläche;RECF01;Rechtsformen;;Insgesamt;FLCG05;Größenklassen der LF;;Insgesamt;25810;Anzahl;BTR024;Landwirtschaftl. Betriebe mit gepachteten Flächen
41141;Landwirtschaftszählung: Haupterhebung;JAHR;Jahr;2023;DLAND;Bundesländer;03;Niedersachsen;BNZAT4;Bodennutzungsarten;BNZAT-2;Landwirtschaftlich genutzte Fläche;RECF01;Rechtsformen;;Insgesamt;FLCG05;Größenklassen der LF;;Insgesamt;548;EUR;ETG009;Pachtentgelt je ha
41141;Landwirtschaftszählung: Haupterhebung;JAHR;Jahr;2013;DLAND;Bundesländer;03;Niedersachsen;BNZAT4;Bodennutzungsarten;BNZAT-2;Landwirtschaftlich genutzte Fläche;RECF01;Rechtsformen;RECHTSF11;Einzelunternehmen;FLCG05;Größenklassen der LF;FLCHC010B020;100 bis unter 200 ha;308600;ha;FLC044;Gepachtete Fläche
41141;Landwirtschaftszählung: Haupterhebung;JAHR;Jahr;2013;DLAND;Bundesländer;03;Niedersachsen;BNZAT4;Bodennutzungsarten;BNZAT-2;Landwirtschaftlich genutzte Fläche;RECF01;Rechtsformen;RECHTSF11;Einzelunternehmen;FLCG05;Größenklassen der LF;FLCHC010B020;100 bis unter 200 ha;-;ha;FLC059;LF in Betrieben mit gepachteten Flächen
41141;Landwirtschaftszählung: Haupterhebung;JAHR;Jahr;2013;DLAND;Bundesländer;03;Niedersachsen;BNZAT4;Bodennutzungsarten;BNZAT-2;Landwirtschaftlich genutzte Fläche;RECF01;Rechtsformen;RECHTSF11;Einzelunternehmen;FLCG05;Größenklassen der LF;FLCHC010B020;100 bis unter 200 ha;-;Anzahl;BTR024;Landwirtschaftl. Betriebe mit gepachteten Flächen
41141;Landwirtschaftszählung: Haupterhebung;JAHR;Jahr;2013;DLAND;Bundesländer;03;Niedersachsen;BNZAT4;Bodennutzungsarten;BNZAT-2;Landwirtschaftlich genutzte Fläche;RECF01;Rechtsformen;RECHTSF11;Einzelunternehmen;FLCG05;Größenklassen der LF;FLCHC010B020;100 bis unter 200 ha;369;EUR;ETG009;Pachtentgelt je ha
41141;Landwirtschaftszählung: Haupterhebung;JAHR;Jahr;2013;DLAND;Bundesländer;03;Niedersachsen;BNZAT4;Bodennutzungsarten;BNZAT-2;Landwirtschaftlich genutzte Fläche;RECF01;Rechtsformen;RECHTSF111;Einzelunternehmen, Haupterwerb;FLCG05;Größenklassen der LF;;Insgesamt;777400;ha;FLC044;Gepachtete Fläche
41141;Landwirtschaftszählung: Haupterhebung;JAHR;Jahr;2013;DLAND;Bundesländer;03;Niedersachsen;BNZAT4;Bodennutzungsarten;BNZAT-2;Landwirtschaftlich genutzte Fläche;RECF01;Rechtsformen;RECHTSF111;Einzelunternehmen, Haupterwerb;FLCG05;Größenklassen der LF;;Insgesamt;-;ha;FLC059;LF in Betrieben mit gepachteten Flächen
41141;Landwirtschaftszählung: Haupterhebung;JAHR;Jahr;2013;DLAND;Bundesländer;03;Niedersachsen;BNZAT4;Bodennutzungsarten;BNZAT-2;Landwirtschaftlich genutzte Fläche;RECF01;Rechtsformen;RECHTSF111;Einzelunternehmen, Haupterwerb;FLCG05;Größenklassen der LF;;Insgesamt;-;Anzahl;BTR024;Landwirtschaftl. Betriebe mit gepachteten Flächen
41141;Landwirtschaftszählung: Haupterhebung;JAHR;Jahr;2013;DLAND;Bundesländer;03;Niedersachsen;BNZAT4;Bodennutzungsarten;BNZAT-2;Landwirtschaftlich genutzte Fläche;RECF01;Rechtsformen;RECHTSF111;Einzelunternehmen, Haupterwerb;FLCG05;Größenklassen der LF;;Insgesamt;386;EUR;ETG009;Pachtentgelt je ha
41141;Landwirtschaftszählung: Haupterhebung;JAHR;Jahr;2020;DLAND;Bundesländer;03;Niedersachsen;BNZAT4;Bodennutzungsarten;BNZAT-2;Landwirtschaftlich genutzte Fläche;RECF01;Rechtsformen;RECHTSF11;Einzelunternehmen;FLCG05;Größenklassen der LF;FLCHC010B020;100 bis unter 200 ha;352114;ha;FLC044;Gepachtete Fläche
41141;Landwirtschaftszählung: Haupterhebung;JAHR;Jahr;2020;DLAND;Bundesländer;03;Niedersachsen;BNZAT4;Bodennutzungsarten;BNZAT-2;Landwirtschaftlich genutzte Fläche;RECF01;Rechtsformen;RECHTSF11;Einzelunternehmen;FLCG05;Größenklassen der LF;FLCHC010B020;100 bis unter 200 ha;597624;ha;FLC059;LF in Betrieben mit gepachteten Flächen
41141;Landwirtschaftszählung: Haupterhebung;JAHR;Jahr;2020;DLAND;Bundesländer;03;Niedersachsen;BNZAT4;Bodennutzungsarten;BNZAT-2;Landwirtschaftlich genutzte Fläche;RECF01;Rechtsformen;RECHTSF11;Einzelunternehmen;FLCG05;Größenklassen der LF;FLCHC010B020;100 bis unter 200 ha;4390;Anzahl;BTR024;Landwirtschaftl. Betriebe mit gepachteten Flächen
41141;Landwirtschaftszählung: Haupterhebung;JAHR;Jahr;2020;DLAND;Bundesländer;03;Niedersachsen;BNZAT4;Bodennutzungsarten;BNZAT-2;Landwirtschaftlich genutzte Fläche;RECF01;Rechtsformen;RECHTSF11;Einzelunternehmen;FLCG05;Größenklassen der LF;FLCHC010B020;100 bis unter 200 ha;511;EUR;ETG009;Pachtentgelt je ha
41141;Landwirtschaftszählung: Haupterhebung;JAHR;Jahr;2013;DLAND;Bundesländer;03;Niedersachsen;BNZAT4;Bodennutzungsarten;BNZAT-2;Landwirtschaftlich genutzte Fläche;RECF01;Rechtsformen;RECHTSF112;Einzelunternehmen, Nebenerwerb;FLCG05;Größenklassen der LF;FLCHB010B020;10 bis unter 20 ha;18100;ha;FLC044;Gepachtete Fläche
41141;Landwirtschaftszählung: Haupterhebung;JAHR;Jahr;2013;DLAND;Bundesländer;03;Niedersachsen;BNZAT4;Bodennutzungsarten;BNZAT-2;Landwirtschaftlich genutzte Fläche;RECF01;Rechtsformen;RECHTSF112;Einzelunternehmen, Nebenerwerb;FLCG05;Größenklassen der LF;FLCHB010B020;10 bis unter 20 ha;-;ha;FLC059;LF in Betrieben mit gepachteten Flächen
41141;Landwirtschaftszählung: Haupterhebung;JAHR;Jahr;2013;DLAND;Bundesländer;03;Niedersachsen;BNZAT4;Bodennutzungsarten;BNZAT-2;Landwirtschaftlich genutzte Fläche;RECF01;Rechtsformen;RECHTSF112;Einzelunternehmen, Nebenerwerb;FLCG05;Größenklassen der LF;FLCHB010B020;10 bis unter 20 ha;-;Anzahl;BTR024;Landwirtschaftl. Betriebe mit gepachteten Flächen
41141;Landwirtschaftszählung: Haupterhebung;JAHR;Jahr;2013;DLAND;Bundesländer;03;Niedersachsen;BNZAT4;Bodennutzungsarten;BNZAT-2;Landwirtschaftlich genutzte Fläche;RECF01;Rechtsformen;RECHTSF112;Einzelunternehmen, Nebenerwerb;FLCG05;Größenklassen der LF;FLCHB010B020;10 bis unter 20 ha;284;EUR;ETG009;Pachtentgelt je ha
41141;Landwirtschaftszählung: Haupterhebung;JAHR;Jahr;2023;DLAND;Bundesländer;03;Niedersachsen;BNZAT4;Bodennutzungsarten;BNZAT-2;Landwirtschaftlich genutzte Fläche;RECF01;Rechtsformen;RECHTSF11;Einzelunternehmen;FLCG05;Größenklassen der LF;FLCHA000B050;unter 5 ha;.;ha;FLC044;Gepachtete Fläche
41141;Landwirtschaftszählung: Haupterhebung;JAHR;Jahr;2023;DLAND;Bundesländer;03;Niedersachsen;BNZAT4;Bodennutzungsarten;BNZAT-2;Landwirtschaftlich genutzte Fläche;RECF01;Rechtsformen;RECHTSF11;Einzelunternehmen;FLCG05;Größenklassen der LF;FLCHA000B050;unter 5 ha;.;ha;FLC059;LF in Betrieben mit gepachteten Flächen
41141;Landwirtschaftszählung: Haupterhebung;JAHR;Jahr;2023;DLAND;Bundesländer;03;Niedersachsen;BNZAT4;Bodennutzungsarten;BNZAT-2;Landwirtschaftlich genutzte Fläche;RECF01;Rechtsformen;RECHTSF11;Einzelunternehmen;FLCG05;Größenklassen der LF;FLCHA000B050;unter 5 ha;.;Anzahl;BTR024;Landwirtschaftl. Betriebe mit gepachteten Flächen
41141;Landwirtschaftszählung: Haupterhebung;JAHR;Jahr;2023;DLAND;Bundesländer;03;Niedersachsen;BNZAT4;Bodennutzungsarten;BNZAT-2;Landwirtschaftlich genutzte Fläche;RECF01;Rechtsformen;RECHTSF11;Einzelunternehmen;FLCG05;Größenklassen der LF;FLCHA000B050;unter 5 ha;.;EUR;ETG009;Pachtentgelt je ha
41141;Landwirtschaftszählung: Haupterhebung;JAHR;Jahr;2013;DLAND;Bundesländer;03;Niedersachsen;BNZAT4;Bodennutzungsarten;BNZAT-2;Landwirtschaftlich genutzte Fläche;RECF01;Rechtsformen;RECHTSF121;Personengemeinschaften, -gesellschaften;FLCG05;Größenklassen der LF;FLCHA000B050;unter 5 ha;/;ha;FLC044;Gepachtete Fläche
41141;Landwirtschaftszählung: Haupterhebung;JAHR;Jahr;2013;DLAND;Bundesländer;03;Niedersachsen;BNZAT4;Bodennutzungsarten;BNZAT-2;Landwirtschaftlich genutzte Fläche;RECF01;Rechtsformen;RECHTSF121;Personengemeinschaften, -gesellschaften;FLCG05;Größenklassen der LF;FLCHA000B050;unter 5 ha;-;ha;FLC059;LF in Betrieben mit gepachteten Flächen
41141;Landwirtschaftszählung: Haupterhebung;JAHR;Jahr;2013;DLAND;Bundesländer;03;Niedersachsen;BNZAT4;Bodennutzungsarten;BNZAT-2;Landwirtschaftlich genutzte Fläche;RECF01;Rechtsformen;RECHTSF121;Personengemeinschaften, -gesellschaften;FLCG05;Größenklassen der LF;FLCHA000B050;unter 5 ha;-;Anzahl;BTR024;Landwirtschaftl. Betriebe mit gepachteten Flächen
41141;Landwirtschaftszählung: Haupterhebung;JAHR;Jahr;2013;DLAND;Bundesländer;03;Niedersachsen;BNZAT4;Bodennutzungsarten;BNZAT-2;Landwirtschaftlich genutzte Fläche;RECF01;Rechtsformen;RECHTSF121;Personengemeinschaften, -gesellschaften;FLCG05;Größenklassen der LF;FLCHA000B050;unter 5 ha;792;EUR;ETG009;Pachtentgelt je ha
41141;Landwirtschaftszählung: Haupterhebung;JAHR;Jahr;2010;DLAND;Bundesländer;03;Niedersachsen;BNZAT4;Bodennutzungsarten;BNZAT-2;Landwirtschaftlich genutzte Fläche;RECF01;Rechtsformen;RECHTSF121;Personengemeinschaften, -gesellschaften;FLCG05;Größenklassen der LF;FLCHA050B100;5 bis unter 10 ha;357;ha;FLC044;Gepachtete Fläche
41141;Landwirtschaftszählung: Haupterhebung;JAHR;Jahr;2010;DLAND;Bundesländer;03;Niedersachsen;BNZAT4;Bodennutzungsarten;BNZAT-2;Landwirtschaftlich genutzte Fläche;RECF01;Rechtsformen;RECHTSF121;Personengemeinschaften, -gesellschaften;FLCG05;Größenklassen der LF;FLCHA050B100;5 bis unter 10 ha;-;ha;FLC059;LF in Betrieben mit gepachteten Flächen
41141;Landwirtschaftszählung: Haupterhebung;JAHR;Jahr;2010;DLAND;Bundesländer;03;Niedersachsen;BNZAT4;Bodennutzungsarten;BNZAT-2;Landwirtschaftlich genutzte Fläche;RECF01;Rechtsformen;RECHTSF121;Personengemeinschaften, -gesellschaften;FLCG05;Größenklassen der LF;FLCHA050B100;5 bis unter 10 ha;-;Anzahl;BTR024;Landwirtschaftl. Betriebe mit gepachteten Flächen
41141;Landwirtschaftszählung: Haupterhebung;JAHR;Jahr;2010;DLAND;Bundesländer;03;Niedersachsen;BNZAT4;Bodennutzungsarten;BNZAT-2;Landwirtschaftlich genutzte Fläche;RECF01;Rechtsformen;RECHTSF121;Personengemeinschaften, -gesellschaften;FLCG05;Größenklassen der LF;FLCHA050B100;5 bis unter 10 ha;315;EUR;ETG009;Pachtentgelt je ha
41141;Landwirtschaftszählung: Haupterhebung;JAHR;Jahr;2023;DLAND;Bundesländer;03;Niedersachsen;BNZAT4;Bodennutzungsarten;BNZAT-2;Landwirtschaftlich genutzte Fläche;RECF01;Rechtsformen;RECHTSF112;Einzelunternehmen, Nebenerwerb;FLCG05;Größenklassen der LF;FLCHC020B050;200 bis unter 500 ha;.;ha;FLC044;Gepachtete Fläche
41141;Landwirtschaftszählung: Haupterhebung;JAHR;Jahr;2023;DLAND;Bundesländer;03;Niedersachsen;BNZAT4;Bodennutzungsarten;BNZAT-2;Landwirtschaftlich genutzte Fläche;RECF01;Rechtsformen;RECHTSF112;Einzelunternehmen, Nebenerwerb;FLCG05;Größenklassen der LF;FLCHC020B050;200 bis unter 500 ha;.;ha;FLC059;LF in Betrieben mit gepachteten Flächen
41141;Landwirtschaftszählung: Haupterhebung;JAHR;Jahr;2023;DLAND;Bundesländer;03;Niedersachsen;BNZAT4;Bodennutzungsarten;BNZAT-2;Landwirtschaftlich genutzte Fläche;RECF01;Rechtsformen;RECHTSF112;Einzelunternehmen, Nebenerwerb;FLCG05;Größenklassen der LF;FLCHC020B050;200 bis unter 500 ha;.;Anzahl;BTR024;Landwirtschaftl. Betriebe mit gepachteten Flächen
41141;Landwirtschaftszählung: Haupterhebung;JAHR;Jahr;2023;DLAND;Bundesländer;03;Niedersachsen;BNZAT4;Bodennutzungsarten;BNZAT-2;Landwirtschaftlich genutzte Fläche;RECF01;Rechtsformen;RECHTSF112;Einzelunternehmen, Nebenerwerb;FLCG05;Größenklassen der LF;FLCHC020B050;200 bis unter 500 ha;.;EUR;ETG009;Pachtentgelt je ha
41141;Landwirtschaftszählung: Haupterhebung;JAHR;Jahr;2020;DLAND;Bundesländer;03;Niedersachsen;BNZAT4;Bodennutzungsarten;BNZAT-2;Landwirtschaftlich genutzte Fläche;RECF01;Rechtsformen;RECHTSF15;Juristische Personen;FLCG05;Größenklassen der LF;FLCHC050B100;500 bis unter 1000 ha;2554;ha;FLC044;Gepachtete Fläche
41141;Landwirtschaftszählung: Haupterhebung;JAHR;Jahr;2020;DLAND;Bundesländer;03;Niedersachsen;BNZAT4;Bodennutzungsarten;BNZAT-2;Landwirtschaftlich genutzte Fläche;RECF01;Rechtsformen;RECHTSF15;Juristische Personen;FLCG05;Größenklassen der LF;FLCHC050B100;500 bis unter 1000 ha;3552;ha;FLC059;LF in Betrieben mit gepachteten Flächen
41141;Landwirtschaftszählung: Haupterhebung;JAHR;Jahr;2020;DLAND;Bundesländer;03;Niedersachsen;BNZAT4;Bodennutzungsarten;BNZAT-2;Landwirtschaftlich genutzte Fläche;RECF01;Rechtsformen;RECHTSF15;Juristische Personen;FLCG05;Größenklassen der LF;FLCHC050B100;500 bis unter 1000 ha;5;Anzahl;BTR024;Landwirtschaftl. Betriebe mit gepachteten Flächen
41141;Landwirtschaftszählung: Haupterhebung;JAHR;Jahr;2020;DLAND;Bundesländer;03;Niedersachsen;BNZAT4;Bodennutzungsarten;BNZAT-2;Landwirtschaftlich genutzte Fläche;RECF01;Rechtsformen;RECHTSF15;Juristische Personen;FLCG05;Größenklassen der LF;FLCHC050B100;500 bis unter 1000 ha;604;EUR;ETG009;Pachtentgelt je ha
41141;Landwirtschaftszählung: Haupterhebung;JAHR;Jahr;2020;DLAND;Bundesländer;03;Niedersachsen;BNZAT4;Bodennutzungsarten;BNZAT-2;Landwirtschaftlich genutzte Fläche;RECF01;Rechtsformen;RECHTSF111;Einzelunternehmen, Haupterwerb;FLCG05;Größenklassen der LF;FLCHD010UM;1000 und mehr ha;.;ha;FLC044;Gepachtete Fläche
41141;Landwirtschaftszählung: Haupterhebung;JAHR;Jahr;2020;DLAND;Bundesländer;03;Niedersachsen;BNZAT4;Bodennutzungsarten;BNZAT-2;Landwirtschaftlich genutzte Fläche;RECF01;Rechtsformen;RECHTSF111;Einzelunternehmen, Haupterwerb;FLCG05;Größenklassen der LF;FLCHD010UM;1000 und mehr ha;.;ha;FLC059;LF in Betrieben mit gepachteten Flächen
41141;Landwirtschaftszählung: Haupterhebung;JAHR;Jahr;2020;DLAND;Bundesländer;03;Niedersachsen;BNZAT4;Bodennutzungsarten;BNZAT-2;Landwirtschaftlich genutzte Fläche;RECF01;Rechtsformen;RECHTSF111;Einzelunternehmen, Haupterwerb;FLCG05;Größenklassen der LF;FLCHD010UM;1000 und mehr ha;5;Anzahl;BTR024;Landwirtschaftl. Betriebe mit gepachteten Flächen
41141;Landwirtschaftszählung: Haupterhebung;JAHR;Jahr;2020;DLAND;Bundesländer;03;Niedersachsen;BNZAT4;Bodennutzungsarten;BNZAT-2;Landwirtschaftlich genutzte Fläche;RECF01;Rechtsformen;RECHTSF111;Einzelunternehmen, Haupterwerb;FLCG05;Größenklassen der LF;FLCHD010UM;1000 und mehr ha;.;EUR;ETG009;Pachtentgelt je ha
41141;Landwirtschaftszählung: Haupterhebung;JAHR;Jahr;2013;DLAND;Bundesländer;03;Niedersachsen;BNZAT4;Bodennutzungsarten;BNZAT-2;Landwirtschaftlich genutzte Fläche;RECF01;Rechtsformen;RECHTSF15;Juristische Personen;FLCG05;Größenklassen der LF;FLCHC050B100;500 bis unter 1000 ha;2100;ha;FLC044;Gepachtete Fläche
41141;Landwirtschaftszählung: Haupterhebung;JAHR;Jahr;2013;DLAND;Bundesländer;03;Niedersachsen;BNZAT4;Bodennutzungsarten;BNZAT-2;Landwirtschaftlich genutzte Fläche;RECF01;Rechtsformen;RECHTSF15;Juristische Personen;FLCG05;Größenklassen der LF;FLCHC050B100;500 bis unter 1000 ha;-;ha;FLC059;LF in Betrieben mit gepachteten Flächen
41141;Landwirtschaftszählung: Haupterhebung;JAHR;Jahr;2013;DLAND;Bundesländer;03;Niedersachsen;BNZAT4;Bodennutzungsarten;BNZAT-2;Landwirtschaftlich genutzte Fläche;RECF01;Rechtsformen;RECHTSF15;Juristische Personen;FLCG05;Größenklassen der LF;FLCHC050B100;500 bis unter 1000 ha;-;Anzahl;BTR024;Landwirtschaftl. Betriebe mit gepachteten Flächen
41141;Landwirtschaftszählung: Haupterhebung;JAHR;Jahr;2013;DLAND;Bundesländer;03;Niedersachsen;BNZAT4;Bodennutzungsarten;BNZAT-2;Landwirtschaftlich genutzte Fläche;RECF01;Rechtsformen;RECHTSF15;Juristische Personen;FLCG05;Größenklassen der LF;FLCHC050B100;500 bis unter 1000 ha;245;EUR;ETG009;Pachtentgelt je ha
41141;Landwirtschaftszählung: Haupterhebung;JAHR;Jahr;2010;DLAND;Bundesländer;03;Niedersachsen;BNZAT4;Bodennutzungsarten;BNZAT-2;Landwirtschaftlich genutzte Fläche;RECF01;Rechtsformen;;Insgesamt;FLCG05;Größenklassen der LF;FLCHB020B050;20 bis unter 50 ha;106338;ha;FLC044;Gepachtete Fläche
41141;Landwirtschaftszählung: Haupterhebung;JAHR;Jahr;2010;DLAND;Bundesländer;03;Niedersachsen;BNZAT4;Bodennutzungsarten;BNZAT-2;Landwirtschaftlich genutzte Fläche;RECF01;Rechtsformen;;Insgesamt;FLCG05;Größenklassen der LF;FLCHB020B050;20 bis unter 50 ha;-;ha;FLC059;LF in Betrieben mit gepachteten Flächen
41141;Landwirtschaftszählung: Haupterhebung;JAHR;Jahr;2010;DLAND;Bundesländer;03;Niedersachsen;BNZAT4;Bodennutzungsarten;BNZAT-2;Landwirtschaftlich genutzte Fläche;RECF01;Rechtsformen;;Insgesamt;FLCG05;Größenklassen der LF;FLCHB020B050;20 bis unter 50 ha;-;Anzahl;BTR024;Landwirtschaftl. Betriebe mit gepachteten Flächen
41141;Landwirtschaftszählung: Haupterhebung;JAHR;Jahr;2010;DLAND;Bundesländer;03;Niedersachsen;BNZAT4;Bodennutzungsarten;BNZAT-2;Landwirtschaftlich genutzte Fläche;RECF01;Rechtsformen;;Insgesamt;FLCG05;Größenklassen der LF;FLCHB020B050;20 bis unter 50 ha;308;EUR;ETG009;Pachtentgelt je ha
41141;Landwirtschaftszählung: Haupterhebung;JAHR;Jahr;2020;DLAND;Bundesländer;03;Niedersachsen;BNZAT4;Bodennutzungsarten;BNZAT-2;Landwirtschaftlich genutzte Fläche;RECF01;Rechtsformen;RECHTSF111;Einzelunternehmen, Haupterwerb;FLCG05;Größenklassen der LF;;Insgesamt;761596;ha;FLC044;Gepachtete Fläche
41141;Landwirtschaftszählung: Haupterhebung;JAHR;Jahr;2020;DLAND;Bundesländer;03;Niedersachsen;BNZAT4;Bodennutzungsarten;BNZAT-2;Landwirtschaftlich genutzte Fläche;RECF01;Rechtsformen;RECHTSF111;Einzelunternehmen, Haupterwerb;FLCG05;Größenklassen der LF;;Insgesamt;1316274;ha;FLC059;LF in Betrieben mit gepachteten Flächen
41141;Landwirtschaftszählung: Haupterhebung;JAHR;Jahr;2020;DLAND;Bundesländer;03;Niedersachsen;BNZAT4;Bodennutzungsarten;BNZAT-2;Landwirtschaftlich genutzte Fläche;RECF01;Rechtsformen;RECHTSF111;Einzelunternehmen, Haupterwerb;FLCG05;Größenklassen der LF;;Insgesamt;13113;Anzahl;BTR024;Landwirtschaftl. Betriebe mit gepachteten Flächen
41141;Landwirtschaftszählung: Haupterhebung;JAHR;Jahr;2020;DLAND;Bundesländer;03;Niedersachsen;BNZAT4;Bodennutzungsarten;BNZAT-2;Landwirtschaftlich genutzte Fläche;RECF01;Rechtsformen;RECHTSF111;Einzelunternehmen, Haupterwerb;FLCG05;Größenklassen der LF;;Insgesamt;515;EUR;ETG009;Pachtentgelt je ha
41141;Landwirtschaftszählung: Haupterhebung;JAHR;Jahr;2023;DLAND;Bundesländer;03;Niedersachsen;BNZAT4;Bodennutzungsarten;BNZAT-2;Landwirtschaftlich genutzte Fläche;RECF01;Rechtsformen;RECHTSF111;Einzelunternehmen, Haupterwerb;FLCG05;Größenklassen der LF;FLCHC010B020;100 bis unter 200 ha;.;ha;FLC044;Gepachtete Fläche
41141;Landwirtschaftszählung: Haupterhebung;JAHR;Jahr;2023;DLAND;Bundesländer;03;Niedersachsen;BNZAT4;Bodennutzungsarten;BNZAT-2;Landwirtschaftlich genutzte Fläche;RECF01;Rechtsformen;RECHTSF111;Einzelunternehmen, Haupterwerb;FLCG05;Größenklassen der LF;FLCHC010B020;100 bis unter 200 ha;.;ha;FLC059;LF in Betrieben mit gepachteten Flächen
41141;Landwirtschaftszählung: Haupterhebung;JAHR;Jahr;2023;DLAND;Bundesländer;03;Niedersachsen;BNZAT4;Bodennutzungsarten;BNZAT-2;Landwirtschaftlich genutzte Fläche;RECF01;Rechtsformen;RECHTSF111;Einzelunternehmen, Haupterwerb;FLCG05;Größenklassen der LF;FLCHC010B020;100 bis unter 200 ha;.;Anzahl;BTR024;Landwirtschaftl. Betriebe mit gepachteten Flächen
41141;Landwirtschaftszählung: Haupterhebung;JAHR;Jahr;2023;DLAND;Bundesländer;03;Niedersachsen;BNZAT4;Bodennutzungsarten;BNZAT-2;Landwirtschaftlich genutzte Fläche;RECF01;Rechtsformen;RECHTSF111;Einzelunternehmen, Haupterwerb;FLCG05;Größenklassen der LF;FLCHC010B020;100 bis unter 200 ha;.;EUR;ETG009;Pachtentgelt je ha
41141;Landwirtschaftszählung: Haupterhebung;JAHR;Jahr;2010;DLAND;Bundesländer;03;Niedersachsen;BNZAT4;Bodennutzungsarten;BNZAT-2;Landwirtschaftlich genutzte Fläche;RECF01;Rechtsformen;RECHTSF111;Einzelunternehmen, Haupterwerb;FLCG05;Größenklassen der LF;FLCHA050B100;5 bis unter 10 ha;948;ha;FLC044;Gepachtete Fläche
41141;Landwirtschaftszählung: Haupterhebung;JAHR;Jahr;2010;DLAND;Bundesländer;03;Niedersachsen;BNZAT4;Bodennutzungsarten;BNZAT-2;Landwirtschaftlich genutzte Fläche;RECF01;Rechtsformen;RECHTSF111;Einzelunternehmen, Haupterwerb;FLCG05;Größenklassen der LF;FLCHA050B100;5 bis unter 10 ha;-;ha;FLC059;LF in Betrieben mit gepachteten Flächen
41141;Landwirtschaftszählung: Haupterhebung;JAHR;Jahr;2010;DLAND;Bundesländer;03;Niedersachsen;BNZAT4;Bodennutzungsarten;BNZAT-2;Landwirtschaftlich genutzte Fläche;RECF01;Rechtsformen;RECHTSF111;Einzelunternehmen, Haupterwerb;FLCG05;Größenklassen der LF;FLCHA050B100;5 bis unter 10 ha;-;Anzahl;BTR024;Landwirtschaftl. Betriebe mit gepachteten Flächen
41141;Landwirtschaftszählung: Haupterhebung;JAHR;Jahr;2010;DLAND;Bundesländer;03;Niedersachsen;BNZAT4;Bodennutzungsarten;BNZAT-2;Landwirtschaftlich genutzte Fläche;RECF01;Rechtsformen;RECHTSF111;Einzelunternehmen, Haupterwerb;FLCG05;Größenklassen der LF;FLCHA050B100;5 bis unter 10 ha;270;EUR;ETG009;Pachtentgelt je ha
41141;Landwirtschaftszählung: Haupterhebung;JAHR;Jahr;2013;DLAND;Bundesländer;03;Niedersachsen;BNZAT4;Bodennutzungsarten;BNZAT-2;Landwirtschaftlich genutzte Fläche;RECF01;Rechtsformen;RECHTSF112;Einzelunternehmen, Nebenerwerb;FLCG05;Größenklassen der LF;FLCHA050B100;5 bis unter 10 ha;7800;ha;FLC044;Gepachtete Fläche
41141;Landwirtschaftszählung: Haupterhebung;JAHR;Jahr;2013;DLAND;Bundesländer;03;Niedersachsen;BNZAT4;Bodennutzungsarten;BNZAT-2;Landwirtschaftlich genutzte Fläche;RECF01;Rechtsformen;RECHTSF112;Einzelunternehmen, Nebenerwerb;FLCG05;Größenklassen der LF;FLCHA050B100;5 bis unter 10 ha;-;ha;FLC059;LF in Betrieben mit gepachteten Flächen
41141;Landwirtschaftszählung: Haupterhebung;JAHR;Jahr;2013;DLAND;Bundesländer;03;Niedersachsen;BNZAT4;Bodennutzungsarten;BNZAT-2;Landwirtschaftlich genutzte Fläche;RECF01;Rechtsformen;RECHTSF112;Einzelunternehmen, Nebenerwerb;FLCG05;Größenklassen der LF;FLCHA050B100;5 bis unter 10 ha;-;Anzahl;BTR024;Landwirtschaftl. Betriebe mit gepachteten Flächen
41141;Landwirtschaftszählung: Haupterhebung;JAHR;Jahr;2013;DLAND;Bundesländer;03;Niedersachsen;BNZAT4;Bodennutzungsarten;BNZAT-2;Landwirtschaftlich genutzte Fläche;RECF01;Rechtsformen;RECHTSF112;Einzelunternehmen, Nebenerwerb;FLCG05;Größenklassen der LF;FLCHA050B100;5 bis unter 10 ha;248;EUR;ETG009;Pachtentgelt je ha
41141;Landwirtschaftszählung: Haupterhebung;JAHR;Jahr;2020;DLAND;Bundesländer;03;Niedersachsen;BNZAT4;Bodennutzungsarten;BNZAT-2;Landwirtschaftlich genutzte Fläche;RECF01;Rechtsformen;RECHTSF15;Juristische Personen;FLCG05;Größenklassen der LF;FLCHB010B020;10 bis unter 20 ha;330;ha;FLC044;Gepachtete Fläche
41141;Landwirtschaftszählung: Haupterhebung;JAHR;Jahr;2020;DLAND;Bundesländer;03;Niedersachsen;BNZAT4;Bodennutzungsarten;BNZAT-2;Landwirtschaftlich genutzte Fläche;RECF01;Rechtsformen;RECHTSF15;Juristische Personen;FLCG05;Größenklassen der LF;FLCHB010B020;10 bis unter 20 ha;428;ha;FLC059;LF in Betrieben mit gepachteten Flächen
41141;Landwirtschaftszählung: Haupterhebung;JAHR;Jahr;2020;DLAND;Bundesländer;03;Niedersachsen;BNZAT4;Bodennutzungsarten;BNZAT-2;Landwirtschaftlich genutzte Fläche;RECF01;Rechtsformen;RECHTSF15;Juristische Personen;FLCG05;Größenklassen der LF;FLCHB010B020;10 bis unter 20 ha;31;Anzahl;BTR024;Landwirtschaftl. Betriebe mit gepachteten Flächen
41141;Landwirtschaftszählung: Haupterhebung;JAHR;Jahr;2020;DLAND;Bundesländer;03;Niedersachsen;BNZAT4;Bodennutzungsarten;BNZAT-2;Landwirtschaftlich genutzte Fläche;RECF01;Rechtsformen;RECHTSF15;Juristische Personen;FLCG05;Größenklassen der LF;FLCHB010B020;10 bis unter 20 ha;517;EUR;ETG009;Pachtentgelt je ha
41141;Landwirtschaftszählung: Haupterhebung;JAHR;Jahr;2020;DLAND;Bundesländer;03;Niedersachsen;BNZAT4;Bodennutzungsarten;BNZAT-2;Landwirtschaftlich genutzte Fläche;RECF01;Rechtsformen;RECHTSF15;Juristische Personen;FLCG05;Größenklassen der LF;FLCHC020B050;200 bis unter 500 ha;3070;ha;FLC044;Gepachtete Fläche
41141;Landwirtschaftszählung: Haupterhebung;JAHR;Jahr;2020;DLAND;Bundesländer;03;Niedersachsen;BNZAT4;Bodennutzungsarten;BNZAT-2;Landwirtschaftlich genutzte Fläche;RECF01;Rechtsformen;RECHTSF15;Juristische Personen;FLCG05;Größenklassen der LF;FLCHC020B050;200 bis unter 500 ha;4932;ha;FLC059;LF in Betrieben mit gepachteten Flächen
41141;Landwirtschaftszählung: Haupterhebung;JAHR;Jahr;2020;DLAND;Bundesländer;03;Niedersachsen;BNZAT4;Bodennutzungsarten;BNZAT-2;Landwirtschaftlich genutzte Fläche;RECF01;Rechtsformen;RECHTSF15;Juristische Personen;FLCG05;Größenklassen der LF;FLCHC020B050;200 bis unter 500 ha;16;Anzahl;BTR024;Landwirtschaftl. Betriebe mit gepachteten Flächen
41141;Landwirtschaftszählung: Haupterhebung;JAHR;Jahr;2020;DLAND;Bundesländer;03;Niedersachsen;BNZAT4;Bodennutzungsarten;BNZAT-2;Landwirtschaftlich genutzte Fläche;RECF01;Rechtsformen;RECHTSF15;Juristische Personen;FLCG05;Größenklassen der LF;FLCHC020B050;200 bis unter 500 ha;718;EUR;ETG009;Pachtentgelt je ha
41141;Landwirtschaftszählung: Haupterhebung;JAHR;Jahr;2023;DLAND;Bundesländer;03;Niedersachsen;BNZAT4;Bodennutzungsarten;BNZAT-2;Landwirtschaftlich genutzte Fläche;RECF01;Rechtsformen;RECHTSF15;Juristische Personen;FLCG05;Größenklassen der LF;FLCHD010UM;1000 und mehr ha;.;ha;FLC044;Gepachtete Fläche
41141;Landwirtschaftszählung: Haupterhebung;JAHR;Jahr;2023;DLAND;Bundesländer;03;Niedersachsen;BNZAT4;Bodennutzungsarten;BNZAT-2;Landwirtschaftlich genutzte Fläche;RECF01;Rechtsformen;RECHTSF15;Juristische Personen;FLCG05;Größenklassen der LF;FLCHD010UM;1000 und mehr ha;.;ha;FLC059;LF in Betrieben mit gepachteten Flächen
41141;Landwirtschaftszählung: Haupterhebung;JAHR;Jahr;2023;DLAND;Bundesländer;03;Niedersachsen;BNZAT4;Bodennutzungsarten;BNZAT-2;Landwirtschaftlich genutzte Fläche;RECF01;Rechtsformen;RECHTSF15;Juristische Personen;FLCG05;Größenklassen der LF;FLCHD010UM;1000 und mehr ha;.;Anzahl;BTR024;Landwirtschaftl. Betriebe mit gepachteten Flächen
41141;Landwirtschaftszählung: Haupterhebung;JAHR;Jahr;2023;DLAND;Bundesländer;03;Niedersachsen;BNZAT4;Bodennutzungsarten;BNZAT-2;Landwirtschaftlich genutzte Fläche;RECF01;Rechtsformen;RECHTSF15;Juristische Personen;FLCG05;Größenklassen der LF;FLCHD010UM;1000 und mehr ha;.;EUR;ETG009;Pachtentgelt je ha
41141;Landwirtschaftszählung: Haupterhebung;JAHR;Jahr;2013;DLAND;Bundesländer;03;Niedersachsen;BNZAT4;Bodennutzungsarten;BNZAT-2;Landwirtschaftlich genutzte Fläche;RECF01;Rechtsformen;RECHTSF111;Einzelunternehmen, Haupterwerb;FLCG05;Größenklassen der LF;FLCHA000B050;unter 5 ha;200;ha;FLC044;Gepachtete Fläche
41141;Landwirtschaftszählung: Haupterhebung;JAHR;Jahr;2013;DLAND;Bundesländer;03;Niedersachsen;BNZAT4;Bodennutzungsarten;BNZAT-2;Landwirtschaftlich genutzte Fläche;RECF01;Rechtsformen;RECHTSF111;Einzelunternehmen, Haupterwerb;FLCG05;Größenklassen der LF;FLCHA000B050;unter 5 ha;-;ha;FLC059;LF in Betrieben mit gepachteten Flächen
41141;Landwirtschaftszählung: Haupterhebung;JAHR;Jahr;2013;DLAND;Bundesländer;03;Niedersachsen;BNZAT4;Bodennutzungsarten;BNZAT-2;Landwirtschaftlich genutzte Fläche;RECF01;Rechtsformen;RECHTSF111;Einzelunternehmen, Haupterwerb;FLCG05;Größenklassen der LF;FLCHA000B050;unter 5 ha;-;Anzahl;BTR024;Landwirtschaftl. Betriebe mit gepachteten Flächen
41141;Landwirtschaftszählung: Haupterhebung;JAHR;Jahr;2013;DLAND;Bundesländer;03;Niedersachsen;BNZAT4;Bodennutzungsarten;BNZAT-2;Landwirtschaftlich genutzte Fläche;RECF01;Rechtsformen;RECHTSF111;Einzelunternehmen, Haupterwerb;FLCG05;Größenklassen der LF;FLCHA000B050;unter 5 ha;859;EUR;ETG009;Pachtentgelt je ha
41141;Landwirtschaftszählung: Haupterhebung;JAHR;Jahr;2020;DLAND;Bundesländer;03;Niedersachsen;BNZAT4;Bodennutzungsarten;BNZAT-2;Landwirtschaftlich genutzte Fläche;RECF01;Rechtsformen;;Insgesamt;FLCG05;Größenklassen der LF;FLCHA050B100;5 bis unter 10 ha;11093;ha;FLC044;Gepachtete Fläche
41141;Landwirtschaftszählung: Haupterhebung;JAHR;Jahr;2020;DLAND;Bundesländer;03;Niedersachsen;BNZAT4;Bodennutzungsarten;BNZAT-2;Landwirtschaftlich genutzte Fläche;RECF01;Rechtsformen;;Insgesamt;FLCG05;Größenklassen der LF;FLCHA050B100;5 bis unter 10 ha;18447;ha;FLC059;LF in Betrieben mit gepachteten Flächen
41141;Landwirtschaftszählung: Haupterhebung;JAHR;Jahr;2020;DLAND;Bundesländer;03;Niedersachsen;BNZAT4;Bodennutzungsarten;BNZAT-2;Landwirtschaftlich genutzte Fläche;RECF01;Rechtsformen;;Insgesamt;FLCG05;Größenklassen der LF;FLCHA050B100;5 bis unter 10 ha;2507;Anzahl;BTR024;Landwirtschaftl. Betriebe mit gepachteten Flächen
41141;Landwirtschaftszählung: Haupterhebung;JAHR;Jahr;2020;DLAND;Bundesländer;03;Niedersachsen;BNZAT4;Bodennutzungsarten;BNZAT-2;Landwirtschaftlich genutzte Fläche;RECF01;Rechtsformen;;Insgesamt;FLCG05;Größenklassen der LF;FLCHA050B100;5 bis unter 10 ha;325;EUR;ETG009;Pachtentgelt je ha
41141;Landwirtschaftszählung: Haupterhebung;JAHR;Jahr;2023;DLAND;Bundesländer;03;Niedersachsen;BNZAT4;Bodennutzungsarten;BNZAT-2;Landwirtschaftlich genutzte Fläche;RECF01;Rechtsformen;RECHTSF111;Einzelunternehmen, Haupterwerb;FLCG05;Größenklassen der LF;;Insgesamt;760700;ha;FLC044;Gepachtete Fläche
41141;Landwirtschaftszählung: Haupterhebung;JAHR;Jahr;2023;DLAND;Bundesländer;03;Niedersachsen;BNZAT4;Bodennutzungsarten;BNZAT-2;Landwirtschaftlich genutzte Fläche;RECF01;Rechtsformen;RECHTSF111;Einzelunternehmen, Haupterwerb;FLCG05;Größenklassen der LF;;Insgesamt;1311000;ha;FLC059;LF in Betrieben mit gepachteten Flächen
41141;Landwirtschaftszählung: Haupterhebung;JAHR;Jahr;2023;DLAND;Bundesländer;03;Niedersachsen;BNZAT4;Bodennutzungsarten;BNZAT-2;Landwirtschaftlich genutzte Fläche;RECF01;Rechtsformen;RECHTSF111;Einzelunternehmen, Haupterwerb;FLCG05;Größenklassen der LF;;Insgesamt;12860;Anzahl;BTR024;Landwirtschaftl. Betriebe mit gepachteten Flächen
41141;Landwirtschaftszählung: Haupterhebung;JAHR;Jahr;2023;DLAND;Bundesländer;03;Niedersachsen;BNZAT4;Bodennutzungsarten;BNZAT-2;Landwirtschaftlich genutzte Fläche;RECF01;Rechtsformen;RECHTSF111;Einzelunternehmen, Haupterwerb;FLCG05;Größenklassen der LF;;Insgesamt;537;EUR;ETG009;Pachtentgelt je ha
41141;Landwirtschaftszählung: Haupterhebung;JAHR;Jahr;2013;DLAND;Bundesländer;03;Niedersachsen;BNZAT4;Bodennutzungsarten;BNZAT-2;Landwirtschaftlich genutzte Fläche;RECF01;Rechtsformen;;Insgesamt;FLCG05;Größenklassen der LF;FLCHB020B050;20 bis unter 50 ha;96900;ha;FLC044;Gepachtete Fläche
41141;Landwirtschaftszählung: Haupterhebung;JAHR;Jahr;2013;DLAND;Bundesländer;03;Niedersachsen;BNZAT4;Bodennutzungsarten;BNZAT-2;Landwirtschaftlich genutzte Fläche;RECF01;Rechtsformen;;Insgesamt;FLCG05;Größenklassen der LF;FLCHB020B050;20 bis unter 50 ha;-;ha;FLC059;LF in Betrieben mit gepachteten Flächen
41141;Landwirtschaftszählung: Haupterhebung;JAHR;Jahr;2013;DLAND;Bundesländer;03;Niedersachsen;BNZAT4;Bodennutzungsarten;BNZAT-2;Landwirtschaftlich genutzte Fläche;RECF01;Rechtsformen;;Insgesamt;FLCG05;Größenklassen der LF;FLCHB020B050;20 bis unter 50 ha;-;Anzahl;BTR024;Landwirtschaftl. Betriebe mit gepachteten Flächen
41141;Landwirtschaftszählung: Haupterhebung;JAHR;Jahr;2013;DLAND;Bundesländer;03;Niedersachsen;BNZAT4;Bodennutzungsarten;BNZAT-2;Landwirtschaftlich genutzte Fläche;RECF01;Rechtsformen;;Insgesamt;FLCG05;Größenklassen der LF;FLCHB020B050;20 bis unter 50 ha;362;EUR;ETG009;Pachtentgelt je ha
41141;Landwirtschaftszählung: Haupterhebung;JAHR;Jahr;2020;DLAND;Bundesländer;03;Niedersachsen;BNZAT4;Bodennutzungsarten;BNZAT-2;Landwirtschaftlich genutzte Fläche;RECF01;Rechtsformen;RECHTSF11;Einzelunternehmen;FLCG05;Größenklassen der LF;FLCHB050B100;50 bis unter 100 ha;231731;ha;FLC044;Gepachtete Fläche
41141;Landwirtschaftszählung: Haupterhebung;JAHR;Jahr;2020;DLAND;Bundesländer;03;Niedersachsen;BNZAT4;Bodennutzungsarten;BNZAT-2;Landwirtschaftlich genutzte Fläche;RECF01;Rechtsformen;RECHTSF11;Einzelunternehmen;FLCG05;Größenklassen der LF;FLCHB050B100;50 bis unter 100 ha;443325;ha;FLC059;LF in Betrieben mit gepachteten Flächen
41141;Landwirtschaftszählung: Haupterhebung;JAHR;Jahr;2020;DLAND;Bundesländer;03;Niedersachsen;BNZAT4;Bodennutzungsarten;BNZAT-2;Landwirtschaftlich genutzte Fläche;RECF01;Rechtsformen;RECHTSF11;Einzelunternehmen;FLCG05;Größenklassen der LF;FLCHB050B100;50 bis unter 100 ha;6086;Anzahl;BTR024;Landwirtschaftl. Betriebe mit gepachteten Flächen
41141;Landwirtschaftszählung: Haupterhebung;JAHR;Jahr;2020;DLAND;Bundesländer;03;Niedersachsen;BNZAT4;Bodennutzungsarten;BNZAT-2;Landwirtschaftlich genutzte Fläche;RECF01;Rechtsformen;RECHTSF11;Einzelunternehmen;FLCG05;Größenklassen der LF;FLCHB050B100;50 bis unter 100 ha;492;EUR;ETG009;Pachtentgelt je ha
41141;Landwirtschaftszählung: Haupterhebung;JAHR;Jahr;2016;DLAND;Bundesländer;03;Niedersachsen;BNZAT4;Bodennutzungsarten;BNZAT-2;Landwirtschaftlich genutzte Fläche;RECF01;Rechtsformen;RECHTSF112;Einzelunternehmen, Nebenerwerb;FLCG05;Größenklassen der LF;FLCHA000B050;unter 5 ha;/;ha;FLC044;Gepachtete Fläche
41141;Landwirtschaftszählung: Haupterhebung;JAHR;Jahr;2016;DLAND;Bundesländer;03;Niedersachsen;BNZAT4;Bodennutzungsarten;BNZAT-2;Landwirtschaftlich genutzte Fläche;RECF01;Rechtsformen;RECHTSF112;Einzelunternehmen, Nebenerwerb;FLCG05;Größenklassen der LF;FLCHA000B050;unter 5 ha;-;ha;FLC059;LF in Betrieben mit gepachteten Flächen
41141;Landwirtschaftszählung: Haupterhebung;JAHR;Jahr;2016;DLAND;Bundesländer;03;Niedersachsen;BNZAT4;Bodennutzungsarten;BNZAT-2;Landwirtschaftlich genutzte Fläche;RECF01;Rechtsformen;RECHTSF112;Einzelunternehmen, Nebenerwerb;FLCG05;Größenklassen der LF;FLCHA000B050;unter 5 ha;-;Anzahl;BTR024;Landwirtschaftl. Betriebe mit gepachteten Flächen
41141;Landwirtschaftszählung: Haupterhebung;JAHR;Jahr;2016;DLAND;Bundesländer;03;Niedersachsen;BNZAT4;Bodennutzungsarten;BNZAT-2;Landwirtschaftlich genutzte Fläche;RECF01;Rechtsformen;RECHTSF112;Einzelunternehmen, Nebenerwerb;FLCG05;Größenklassen der LF;FLCHA000B050;unter 5 ha;310;EUR;ETG009;Pachtentgelt je ha
41141;Landwirtschaftszählung: Haupterhebung;JAHR;Jahr;2020;DLAND;Bundesländer;03;Niedersachsen;BNZAT4;Bodennutzungsarten;BNZAT-2;Landwirtschaftlich genutzte Fläche;RECF01;Rechtsformen;RECHTSF112;Einzelunternehmen, Nebenerwerb;FLCG05;Größenklassen der LF;FLCHC020B050;200 bis unter 500 ha;.;ha;FLC044;Gepachtete Fläche
41141;Landwirtschaftszählung: Haupterhebung;JAHR;Jahr;2020;DLAND;Bundesländer;03;Niedersachsen;BNZAT4;Bodennutzungsarten;BNZAT-2;Landwirtschaftlich genutzte Fläche;RECF01;Rechtsformen;RECHTSF112;Einzelunternehmen, Nebenerwerb;FLCG05;Größenklassen der LF;FLCHC020B050;200 bis unter 500 ha;.;ha;FLC059;LF in Betrieben mit gepachteten Flächen
41141;Landwirtschaftszählung: Haupterhebung;JAHR;Jahr;2020;DLAND;Bundesländer;03;Niedersachsen;BNZAT4;Bodennutzungsarten;BNZAT-2;Landwirtschaftlich genutzte Fläche;RECF01;Rechtsformen;RECHTSF112;Einzelunternehmen, Nebenerwerb;FLCG05;Größenklassen der LF;FLCHC020B050;200 bis unter 500 ha;222;Anzahl;BTR024;Landwirtschaftl. Betriebe mit gepachteten Flächen
41141;Landwirtschaftszählung: Haupterhebung;JAHR;Jahr;2020;DLAND;Bundesländer;03;Niedersachsen;BNZAT4;Bodennutzungsarten;BNZAT-2;Landwirtschaftlich genutzte Fläche;RECF01;Rechtsformen;RECHTSF112;Einzelunternehmen, Nebenerwerb;FLCG05;Größenklassen der LF;FLCHC020B050;200 bis unter 500 ha;.;EUR;ETG009;Pachtentgelt je ha
41141;Landwirtschaftszählung: Haupterhebung;JAHR;Jahr;2020;DLAND;Bundesländer;03;Niedersachsen;BNZAT4;Bodennutzungsarten;BNZAT-2;Landwirtschaftlich genutzte Fläche;RECF01;Rechtsformen;RECHTSF121;Personengemeinschaften, -gesellschaften;FLCG05;Größenklassen der LF;FLCHC010B020;100 bis unter 200 ha;117253;ha;FLC044;Gepachtete Fläche
41141;Landwirtschaftszählung: Haupterhebung;JAHR;Jahr;2020;DLAND;Bundesländer;03;Niedersachsen;BNZAT4;Bodennutzungsarten;BNZAT-2;Landwirtschaftlich genutzte Fläche;RECF01;Rechtsformen;RECHTSF121;Personengemeinschaften, -gesellschaften;FLCG05;Größenklassen der LF;FLCHC010B020;100 bis unter 200 ha;192189;ha;FLC059;LF in Betrieben mit gepachteten Flächen
41141;Landwirtschaftszählung: Haupterhebung;JAHR;Jahr;2020;DLAND;Bundesländer;03;Niedersachsen;BNZAT4;Bodennutzungsarten;BNZAT-2;Landwirtschaftlich genutzte Fläche;RECF01;Rechtsformen;RECHTSF121;Personengemeinschaften, -gesellschaften;FLCG05;Größenklassen der LF;FLCHC010B020;100 bis unter 200 ha;1367;Anzahl;BTR024;Landwirtschaftl. Betriebe mit gepachteten Flächen
41141;Landwirtschaftszählung: Haupterhebung;JAHR;Jahr;2020;DLAND;Bundesländer;03;Niedersachsen;BNZAT4;Bodennutzungsarten;BNZAT-2;Landwirtschaftlich genutzte Fläche;RECF01;Rechtsformen;RECHTSF121;Personengemeinschaften, -gesellschaften;FLCG05;Größenklassen der LF;FLCHC010B020;100 bis unter 200 ha;518;EUR;ETG009;Pachtentgelt je ha
41141;Landwirtschaftszählung: Haupterhebung;JAHR;Jahr;2023;DLAND;Bundesländer;03;Niedersachsen;BNZAT4;Bodennutzungsarten;BNZAT-2;Landwirtschaftlich genutzte Fläche;RECF01;Rechtsformen;;Insgesamt;FLCG05;Größenklassen der LF;FLCHB010B020;10 bis unter 20 ha;23400;ha;FLC044;Gepachtete Fläche
41141;Landwirtschaftszählung: Haupterhebung;JAHR;Jahr;2023;DLAND;Bundesländer;03;Niedersachsen;BNZAT4;Bodennutzungsarten;BNZAT-2;Landwirtschaftlich genutzte Fläche;RECF01;Rechtsformen;;Insgesamt;FLCG05;Größenklassen der LF;FLCHB010B020;10 bis unter 20 ha;45800;ha;FLC059;LF in Betrieben mit gepachteten Flächen
41141;Landwirtschaftszählung: Haupterhebung;JAHR;Jahr;2023;DLAND;Bundesländer;03;Niedersachsen;BNZAT4;Bodennutzungsarten;BNZAT-2;Landwirtschaftlich genutzte Fläche;RECF01;Rechtsformen;;Insgesamt;FLCG05;Größenklassen der LF;FLCHB010B020;10 bis unter 20 ha;3070;Anzahl;BTR024;Landwirtschaftl. Betriebe mit gepachteten Flächen
41141;Landwirtschaftszählung: Haupterhebung;JAHR;Jahr;2023;DLAND;Bundesländer;03;Niedersachsen;BNZAT4;Bodennutzungsarten;BNZAT-2;Landwirtschaftlich genutzte Fläche;RECF01;Rechtsformen;;Insgesamt;FLCG05;Größenklassen der LF;FLCHB010B020;10 bis unter 20 ha;392;EUR;ETG009;Pachtentgelt je ha
41141;Landwirtschaftszählung: Haupterhebung;JAHR;Jahr;2010;DLAND;Bundesländer;03;Niedersachsen;BNZAT4;Bodennutzungsarten;BNZAT-2;Landwirtschaftlich genutzte Fläche;RECF01;Rechtsformen;;Insgesamt;FLCG05;Größenklassen der LF;FLCHC020B050;200 bis unter 500 ha;199506;ha;FLC044;Gepachtete Fläche
41141;Landwirtschaftszählung: Haupterhebung;JAHR;Jahr;2010;DLAND;Bundesländer;03;Niedersachsen;BNZAT4;Bodennutzungsarten;BNZAT-2;Landwirtschaftlich genutzte Fläche;RECF01;Rechtsformen;;Insgesamt;FLCG05;Größenklassen der LF;FLCHC020B050;200 bis unter 500 ha;-;ha;FLC059;LF in Betrieben mit gepachteten Flächen
41141;Landwirtschaftszählung: Haupterhebung;JAHR;Jahr;2010;DLAND;Bundesländer;03;Niedersachsen;BNZAT4;Bodennutzungsarten;BNZAT-2;Landwirtschaftlich genutzte Fläche;RECF01;Rechtsformen;;Insgesamt;FLCG05;Größenklassen der LF;FLCHC020B050;200 bis unter 500 ha;-;Anzahl;BTR024;Landwirtschaftl. Betriebe mit gepachteten Flächen
41141;Landwirtschaftszählung: Haupterhebung;JAHR;Jahr;2010;DLAND;Bundesländer;03;Niedersachsen;BNZAT4;Bodennutzungsarten;BNZAT-2;Landwirtschaftlich genutzte Fläche;RECF01;Rechtsformen;;Insgesamt;FLCG05;Größenklassen der LF;FLCHC020B050;200 bis unter 500 ha;318;EUR;ETG009;Pachtentgelt je ha
41141;Landwirtschaftszählung: Haupterhebung;JAHR;Jahr;2010;DLAND;Bundesländer;03;Niedersachsen;BNZAT4;Bodennutzungsarten;BNZAT-2;Landwirtschaftlich genutzte Fläche;RECF01;Rechtsformen;RECHTSF11;Einzelunternehmen;FLCG05;Größenklassen der LF;;Insgesamt;858524;ha;FLC044;Gepachtete Fläche
41141;Landwirtschaftszählung: Haupterhebung;JAHR;Jahr;2010;DLAND;Bundesländer;03;Niedersachsen;BNZAT4;Bodennutzungsarten;BNZAT-2;Landwirtschaftlich genutzte Fläche;RECF01;Rechtsformen;RECHTSF11;Einzelunternehmen;FLCG05;Größenklassen der LF;;Insgesamt;-;ha;FLC059;LF in Betrieben mit gepachteten Flächen
41141;Landwirtschaftszählung: Haupterhebung;JAHR;Jahr;2010;DLAND;Bundesländer;03;Niedersachsen;BNZAT4;Bodennutzungsarten;BNZAT-2;Landwirtschaftlich genutzte Fläche;RECF01;Rechtsformen;RECHTSF11;Einzelunternehmen;FLCG05;Größenklassen der LF;;Insgesamt;-;Anzahl;BTR024;Landwirtschaftl. Betriebe mit gepachteten Flächen
41141;Landwirtschaftszählung: Haupterhebung;JAHR;Jahr;2010;DLAND;Bundesländer;03;Niedersachsen;BNZAT4;Bodennutzungsarten;BNZAT-2;Landwirtschaftlich genutzte Fläche;RECF01;Rechtsformen;RECHTSF11;Einzelunternehmen;FLCG05;Größenklassen der LF;;Insgesamt;307;EUR;ETG009;Pachtentgelt je ha
41141;Landwirtschaftszählung: Haupterhebung;JAHR;Jahr;2016;DLAND;Bundesländer;03;Niedersachsen;BNZAT4;Bodennutzungsarten;BNZAT-2;Landwirtschaftlich genutzte Fläche;RECF01;Rechtsformen;RECHTSF11;Einzelunternehmen;FLCG05;Größenklassen der LF;FLCHC010B020;100 bis unter 200 ha;301400;ha;FLC044;Gepachtete Fläche
41141;Landwirtschaftszählung: Haupterhebung;JAHR;Jahr;2016;DLAND;Bundesländer;03;Niedersachsen;BNZAT4;Bodennutzungsarten;BNZAT-2;Landwirtschaftlich genutzte Fläche;RECF01;Rechtsformen;RECHTSF11;Einzelunternehmen;FLCG05;Größenklassen der LF;FLCHC010B020;100 bis unter 200 ha;-;ha;FLC059;LF in Betrieben mit gepachteten Flächen
41141;Landwirtschaftszählung: Haupterhebung;JAHR;Jahr;2016;DLAND;Bundesländer;03;Niedersachsen;BNZAT4;Bodennutzungsarten;BNZAT-2;Landwirtschaftlich genutzte Fläche;RECF01;Rechtsformen;RECHTSF11;Einzelunternehmen;FLCG05;Größenklassen der LF;FLCHC010B020;100 bis unter 200 ha;-;Anzahl;BTR024;Landwirtschaftl. Betriebe mit gepachteten Flächen
41141;Landwirtschaftszählung: Haupterhebung;JAHR;Jahr;2016;DLAND;Bundesländer;03;Niedersachsen;BNZAT4;Bodennutzungsarten;BNZAT-2;Landwirtschaftlich genutzte Fläche;RECF01;Rechtsformen;RECHTSF11;Einzelunternehmen;FLCG05;Größenklassen der LF;FLCHC010B020;100 bis unter 200 ha;448;EUR;ETG009;Pachtentgelt je ha
41141;Landwirtschaftszählung: Haupterhebung;JAHR;Jahr;2020;DLAND;Bundesländer;03;Niedersachsen;BNZAT4;Bodennutzungsarten;BNZAT-2;Landwirtschaftlich genutzte Fläche;RECF01;Rechtsformen;RECHTSF15;Juristische Personen;FLCG05;Größenklassen der LF;FLCHB020B050;20 bis unter 50 ha;599;ha;FLC044;Gepachtete Fläche
41141;Landwirtschaftszählung: Haupterhebung;JAHR;Jahr;2020;DLAND;Bundesländer;03;Niedersachsen;BNZAT4;Bodennutzungsarten;BNZAT-2;Landwirtschaftlich genutzte Fläche;RECF01;Rechtsformen;RECHTSF15;Juristische Personen;FLCG05;Größenklassen der LF;FLCHB020B050;20 bis unter 50 ha;996;ha;FLC059;LF in Betrieben mit gepachteten Flächen
41141;Landwirtschaftszählung: Haupterhebung;JAHR;Jahr;2020;DLAND;Bundesländer;03;Niedersachsen;BNZAT4;Bodennutzungsarten;BNZAT-2;Landwirtschaftlich genutzte Fläche;RECF01;Rechtsformen;RECHTSF15;Juristische Personen;FLCG05;Größenklassen der LF;FLCHB020B050;20 bis unter 50 ha;30;Anzahl;BTR024;Landwirtschaftl. Betriebe mit gepachteten Flächen
41141;Landwirtschaftszählung: Haupterhebung;JAHR;Jahr;2020;DLAND;Bundesländer;03;Niedersachsen;BNZAT4;Bodennutzungsarten;BNZAT-2;Landwirtschaftlich genutzte Fläche;RECF01;Rechtsformen;RECHTSF15;Juristische Personen;FLCG05;Größenklassen der LF;FLCHB020B050;20 bis unter 50 ha;515;EUR;ETG009;Pachtentgelt je ha
41141;Landwirtschaftszählung: Haupterhebung;JAHR;Jahr;2023;DLAND;Bundesländer;03;Niedersachsen;BNZAT4;Bodennutzungsarten;BNZAT-2;Landwirtschaftlich genutzte Fläche;RECF01;Rechtsformen;RECHTSF15;Juristische Personen;FLCG05;Größenklassen der LF;FLCHB020B050;20 bis unter 50 ha;.;ha;FLC044;Gepachtete Fläche
41141;Landwirtschaftszählung: Haupterhebung;JAHR;Jahr;2023;DLAND;Bundesländer;03;Niedersachsen;BNZAT4;Bodennutzungsarten;BNZAT-2;Landwirtschaftlich genutzte Fläche;RECF01;Rechtsformen;RECHTSF15;Juristische Personen;FLCG05;Größenklassen der LF;FLCHB020B050;20 bis unter 50 ha;.;ha;FLC059;LF in Betrieben mit gepachteten Flächen
41141;Landwirtschaftszählung: Haupterhebung;JAHR;Jahr;2023;DLAND;Bundesländer;03;Niedersachsen;BNZAT4;Bodennutzungsarten;BNZAT-2;Landwirtschaftlich genutzte Fläche;RECF01;Rechtsformen;RECHTSF15;Juristische Personen;FLCG05;Größenklassen der LF;FLCHB020B050;20 bis unter 50 ha;.;Anzahl;BTR024;Landwirtschaftl. Betriebe mit gepachteten Flächen
41141;Landwirtschaftszählung: Haupterhebung;JAHR;Jahr;2023;DLAND;Bundesländer;03;Niedersachsen;BNZAT4;Bodennutzungsarten;BNZAT-2;Landwirtschaftlich genutzte Fläche;RECF01;Rechtsformen;RECHTSF15;Juristische Personen;FLCG05;Größenklassen der LF;FLCHB020B050;20 bis unter 50 ha;.;EUR;ETG009;Pachtentgelt je ha
41141;Landwirtschaftszählung: Haupterhebung;JAHR;Jahr;2020;DLAND;Bundesländer;03;Niedersachsen;BNZAT4;Bodennutzungsarten;BNZAT-2;Landwirtschaftlich genutzte Fläche;RECF01;Rechtsformen;RECHTSF15;Juristische Personen;FLCG05;Größenklassen der LF;FLCHC010B020;100 bis unter 200 ha;2202;ha;FLC044;Gepachtete Fläche
41141;Landwirtschaftszählung: Haupterhebung;JAHR;Jahr;2020;DLAND;Bundesländer;03;Niedersachsen;BNZAT4;Bodennutzungsarten;BNZAT-2;Landwirtschaftlich genutzte Fläche;RECF01;Rechtsformen;RECHTSF15;Juristische Personen;FLCG05;Größenklassen der LF;FLCHC010B020;100 bis unter 200 ha;2882;ha;FLC059;LF in Betrieben mit gepachteten Flächen
41141;Landwirtschaftszählung: Haupterhebung;JAHR;Jahr;2020;DLAND;Bundesländer;03;Niedersachsen;BNZAT4;Bodennutzungsarten;BNZAT-2;Landwirtschaftlich genutzte Fläche;RECF01;Rechtsformen;RECHTSF15;Juristische Personen;FLCG05;Größenklassen der LF;FLCHC010B020;100 bis unter 200 ha;20;Anzahl;BTR024;Landwirtschaftl. Betriebe mit gepachteten Flächen
41141;Landwirtschaftszählung: Haupterhebung;JAHR;Jahr;2020;DLAND;Bundesländer;03;Niedersachsen;BNZAT4;Bodennutzungsarten;BNZAT-2;Landwirtschaftlich genutzte Fläche;RECF01;Rechtsformen;RECHTSF15;Juristische Personen;FLCG05;Größenklassen der LF;FLCHC010B020;100 bis unter 200 ha;621;EUR;ETG009;Pachtentgelt je ha
41141;Landwirtschaftszählung: Haupterhebung;JAHR;Jahr;2020;DLAND;Bundesländer;03;Niedersachsen;BNZAT4;Bodennutzungsarten;BNZAT-2;Landwirtschaftlich genutzte Fläche;RECF01;Rechtsformen;RECHTSF111;Einzelunternehmen, Haupterwerb;FLCG05;Größenklassen der LF;FLCHA000B050;unter 5 ha;.;ha;FLC044;Gepachtete Fläche
41141;Landwirtschaftszählung: Haupterhebung;JAHR;Jahr;2020;DLAND;Bundesländer;03;Niedersachsen;BNZAT4;Bodennutzungsarten;BNZAT-2;Landwirtschaftlich genutzte Fläche;RECF01;Rechtsformen;RECHTSF111;Einzelunternehmen, Haupterwerb;FLCG05;Größenklassen der LF;FLCHA000B050;unter 5 ha;.;ha;FLC059;LF in Betrieben mit gepachteten Flächen
41141;Landwirtschaftszählung: Haupterhebung;JAHR;Jahr;2020;DLAND;Bundesländer;03;Niedersachsen;BNZAT4;Bodennutzungsarten;BNZAT-2;Landwirtschaftlich genutzte Fläche;RECF01;Rechtsformen;RECHTSF111;Einzelunternehmen, Haupterwerb;FLCG05;Größenklassen der LF;FLCHA000B050;unter 5 ha;145;Anzahl;BTR024;Landwirtschaftl. Betriebe mit gepachteten Flächen
41141;Landwirtschaftszählung: Haupterhebung;JAHR;Jahr;2020;DLAND;Bundesländer;03;Niedersachsen;BNZAT4;Bodennutzungsarten;BNZAT-2;Landwirtschaftlich genutzte Fläche;RECF01;Rechtsformen;RECHTSF111;Einzelunternehmen, Haupterwerb;FLCG05;Größenklassen der LF;FLCHA000B050;unter 5 ha;.;EUR;ETG009;Pachtentgelt je ha
41141;Landwirtschaftszählung: Haupterhebung;JAHR;Jahr;2013;DLAND;Bundesländer;03;Niedersachsen;BNZAT4;Bodennutzungsarten;BNZAT-2;Landwirtschaftlich genutzte Fläche;RECF01;Rechtsformen;;Insgesamt;FLCG05;Größenklassen der LF;FLCHC020B050;200 bis unter 500 ha;234700;ha;FLC044;Gepachtete Fläche
41141;Landwirtschaftszählung: Haupterhebung;JAHR;Jahr;2013;DLAND;Bundesländer;03;Niedersachsen;BNZAT4;Bodennutzungsarten;BNZAT-2;Landwirtschaftlich genutzte Fläche;RECF01;Rechtsformen;;Insgesamt;FLCG05;Größenklassen der LF;FLCHC020B050;200 bis unter 500 ha;-;ha;FLC059;LF in Betrieben mit gepachteten Flächen
41141;Landwirtschaftszählung: Haupterhebung;JAHR;Jahr;2013;DLAND;Bundesländer;03;Niedersachsen;BNZAT4;Bodennutzungsarten;BNZAT-2;Landwirtschaftlich genutzte Fläche;RECF01;Rechtsformen;;Insgesamt;FLCG05;Größenklassen der LF;FLCHC020B050;200 bis unter 500 ha;-;Anzahl;BTR024;Landwirtschaftl. Betriebe mit gepachteten Flächen
41141;Landwirtschaftszählung: Haupterhebung;JAHR;Jahr;2013;DLAND;Bundesländer;03;Niedersachsen;BNZAT4;Bodennutzungsarten;BNZAT-2;Landwirtschaftlich genutzte Fläche;RECF01;Rechtsformen;;Insgesamt;FLCG05;Größenklassen der LF;FLCHC020B050;200 bis unter 500 ha;402;EUR;ETG009;Pachtentgelt je ha
41141;Landwirtschaftszählung: Haupterhebung;JAHR;Jahr;2023;DLAND;Bundesländer;03;Niedersachsen;BNZAT4;Bodennutzungsarten;BNZAT-2;Landwirtschaftlich genutzte Fläche;RECF01;Rechtsformen;;Insgesamt;FLCG05;Größenklassen der LF;FLCHB020B050;20 bis unter 50 ha;94600;ha;FLC044;Gepachtete Fläche
41141;Landwirtschaftszählung: Haupterhebung;JAHR;Jahr;2023;DLAND;Bundesländer;03;Niedersachsen;BNZAT4;Bodennutzungsarten;BNZAT-2;Landwirtschaftlich genutzte Fläche;RECF01;Rechtsformen;;Insgesamt;FLCG05;Größenklassen der LF;FLCHB020B050;20 bis unter 50 ha;182500;ha;FLC059;LF in Betrieben mit gepachteten Flächen
41141;Landwirtschaftszählung: Haupterhebung;JAHR;Jahr;2023;DLAND;Bundesländer;03;Niedersachsen;BNZAT4;Bodennutzungsarten;BNZAT-2;Landwirtschaftlich genutzte Fläche;RECF01;Rechtsformen;;Insgesamt;FLCG05;Größenklassen der LF;FLCHB020B050;20 bis unter 50 ha;5290;Anzahl;BTR024;Landwirtschaftl. Betriebe mit gepachteten Flächen
41141;Landwirtschaftszählung: Haupterhebung;JAHR;Jahr;2023;DLAND;Bundesländer;03;Niedersachsen;BNZAT4;Bodennutzungsarten;BNZAT-2;Landwirtschaftlich genutzte Fläche;RECF01;Rechtsformen;;Insgesamt;FLCG05;Größenklassen der LF;FLCHB020B050;20 bis unter 50 ha;459;EUR;ETG009;Pachtentgelt je ha
41141;Landwirtschaftszählung: Haupterhebung;JAHR;Jahr;2020;DLAND;Bundesländer;03;Niedersachsen;BNZAT4;Bodennutzungsarten;BNZAT-2;Landwirtschaftlich genutzte Fläche;RECF01;Rechtsformen;;Insgesamt;FLCG05;Größenklassen der LF;FLCHB050B100;50 bis unter 100 ha;276278;ha;FLC044;Gepachtete Fläche
41141;Landwirtschaftszählung: Haupterhebung;JAHR;Jahr;2020;DLAND;Bundesländer;03;Niedersachsen;BNZAT4;Bodennutzungsarten;BNZAT-2;Landwirtschaftlich genutzte Fläche;RECF01;Rechtsformen;;Insgesamt;FLCG05;Größenklassen der LF;FLCHB050B100;50 bis unter 100 ha;524528;ha;FLC059;LF in Betrieben mit gepachteten Flächen
41141;Landwirtschaftszählung: Haupterhebung;JAHR;Jahr;2020;DLAND;Bundesländer;03;Niedersachsen;BNZAT4;Bodennutzungsarten;BNZAT-2;Landwirtschaftlich genutzte Fläche;RECF01;Rechtsformen;;Insgesamt;FLCG05;Größenklassen der LF;FLCHB050B100;50 bis unter 100 ha;7167;Anzahl;BTR024;Landwirtschaftl. Betriebe mit gepachteten Flächen
41141;Landwirtschaftszählung: Haupterhebung;JAHR;Jahr;2020;DLAND;Bundesländer;03;Niedersachsen;BNZAT4;Bodennutzungsarten;BNZAT-2;Landwirtschaftlich genutzte Fläche;RECF01;Rechtsformen;;Insgesamt;FLCG05;Größenklassen der LF;FLCHB050B100;50 bis unter 100 ha;508;EUR;ETG009;Pachtentgelt je ha
41141;Landwirtschaftszählung: Haupterhebung;JAHR;Jahr;2016;DLAND;Bundesländer;03;Niedersachsen;BNZAT4;Bodennutzungsarten;BNZAT-2;Landwirtschaftlich genutzte Fläche;RECF01;Rechtsformen;RECHTSF111;Einzelunternehmen, Haupterwerb;FLCG05;Größenklassen der LF;FLCHC010B020;100 bis unter 200 ha;263200;ha;FLC044;Gepachtete Fläche
41141;Landwirtschaftszählung: Haupterhebung;JAHR;Jahr;2016;DLAND;Bundesländer;03;Niedersachsen;BNZAT4;Bodennutzungsarten;BNZAT-2;Landwirtschaftlich genutzte Fläche;RECF01;Rechtsformen;RECHTSF111;Einzelunternehmen, Haupterwerb;FLCG05;Größenklassen der LF;FLCHC010B020;100 bis unter 200 ha;-;ha;FLC059;LF in Betrieben mit gepachteten Flächen
41141;Landwirtschaftszählung: Haupterhebung;JAHR;Jahr;2016;DLAND;Bundesländer;03;Niedersachsen;BNZAT4;Bodennutzungsarten;BNZAT-2;Landwirtschaftlich genutzte Fläche;RECF01;Rechtsformen;RECHTSF111;Einzelunternehmen, Haupterwerb;FLCG05;Größenklassen der LF;FLCHC010B020;100 bis unter 200 ha;-;Anzahl;BTR024;Landwirtschaftl. Betriebe mit gepachteten Flächen
41141;Landwirtschaftszählung: Haupterhebung;JAHR;Jahr;2016;DLAND;Bundesländer;03;Niedersachsen;BNZAT4;Bodennutzungsarten;BNZAT-2;Landwirtschaftlich genutzte Fläche;RECF01;Rechtsformen;RECHTSF111;Einzelunternehmen, Haupterwerb;FLCG05;Größenklassen der LF;FLCHC010B020;100 bis unter 200 ha;450;EUR;ETG009;Pachtentgelt je ha
41141;Landwirtschaftszählung: Haupterhebung;JAHR;Jahr;2013;DLAND;Bundesländer;03;Niedersachsen;BNZAT4;Bodennutzungsarten;BNZAT-2;Landwirtschaftlich genutzte Fläche;RECF01;Rechtsformen;RECHTSF15;Juristische Personen;FLCG05;Größenklassen der LF;FLCHA050B100;5 bis unter 10 ha;0;ha;FLC044;Gepachtete Fläche
41141;Landwirtschaftszählung: Haupterhebung;JAHR;Jahr;2013;DLAND;Bundesländer;03;Niedersachsen;BNZAT4;Bodennutzungsarten;BNZAT-2;Landwirtschaftlich genutzte Fläche;RECF01;Rechtsformen;RECHTSF15;Juristische Personen;FLCG05;Größenklassen der LF;FLCHA050B100;5 bis unter 10 ha;-;ha;FLC059;LF in Betrieben mit gepachteten Flächen
41141;Landwirtschaftszählung: Haupterhebung;JAHR;Jahr;2013;DLAND;Bundesländer;03;Niedersachsen;BNZAT4;Bodennutzungsarten;BNZAT-2;Landwirtschaftlich genutzte Fläche;RECF01;Rechtsformen;RECHTSF15;Juristische Personen;FLCG05;Größenklassen der LF;FLCHA050B100;5 bis unter 10 ha;-;Anzahl;BTR024;Landwirtschaftl. Betriebe mit gepachteten Flächen
41141;Landwirtschaftszählung: Haupterhebung;JAHR;Jahr;2013;DLAND;Bundesländer;03;Niedersachsen;BNZAT4;Bodennutzungsarten;BNZAT-2;Landwirtschaftlich genutzte Fläche;RECF01;Rechtsformen;RECHTSF15;Juristische Personen;FLCG05;Größenklassen der LF;FLCHA050B100;5 bis unter 10 ha;310;EUR;ETG009;Pachtentgelt je ha
41141;Landwirtschaftszählung: Haupterhebung;JAHR;Jahr;2016;DLAND;Bundesländer;03;Niedersachsen;BNZAT4;Bodennutzungsarten;BNZAT-2;Landwirtschaftlich genutzte Fläche;RECF01;Rechtsformen;RECHTSF15;Juristische Personen;FLCG05;Größenklassen der LF;FLCHC010B020;100 bis unter 200 ha;/;ha;FLC044;Gepachtete Fläche
41141;Landwirtschaftszählung: Haupterhebung;JAHR;Jahr;2016;DLAND;Bundesländer;03;Niedersachsen;BNZAT4;Bodennutzungsarten;BNZAT-2;Landwirtschaftlich genutzte Fläche;RECF01;Rechtsformen;RECHTSF15;Juristische Personen;FLCG05;Größenklassen der LF;FLCHC010B020;100 bis unter 200 ha;-;ha;FLC059;LF in Betrieben mit gepachteten Flächen
41141;Landwirtschaftszählung: Haupterhebung;JAHR;Jahr;2016;DLAND;Bundesländer;03;Niedersachsen;BNZAT4;Bodennutzungsarten;BNZAT-2;Landwirtschaftlich genutzte Fläche;RECF01;Rechtsformen;RECHTSF15;Juristische Personen;FLCG05;Größenklassen der LF;FLCHC010B020;100 bis unter 200 ha;-;Anzahl;BTR024;Landwirtschaftl. Betriebe mit gepachteten Flächen
41141;Landwirtschaftszählung: Haupterhebung;JAHR;Jahr;2016;DLAND;Bundesländer;03;Niedersachsen;BNZAT4;Bodennutzungsarten;BNZAT-2;Landwirtschaftlich genutzte Fläche;RECF01;Rechtsformen;RECHTSF15;Juristische Personen;FLCG05;Größenklassen der LF;FLCHC010B020;100 bis unter 200 ha;451;EUR;ETG009;Pachtentgelt je ha
41141;Landwirtschaftszählung: Haupterhebung;JAHR;Jahr;2023;DLAND;Bundesländer;03;Niedersachsen;BNZAT4;Bodennutzungsarten;BNZAT-2;Landwirtschaftlich genutzte Fläche;RECF01;Rechtsformen;;Insgesamt;FLCG05;Größenklassen der LF;FLCHA050B100;5 bis unter 10 ha;11300;ha;FLC044;Gepachtete Fläche
41141;Landwirtschaftszählung: Haupterhebung;JAHR;Jahr;2023;DLAND;Bundesländer;03;Niedersachsen;BNZAT4;Bodennutzungsarten;BNZAT-2;Landwirtschaftlich genutzte Fläche;RECF01;Rechtsformen;;Insgesamt;FLCG05;Größenklassen der LF;FLCHA050B100;5 bis unter 10 ha;18100;ha;FLC059;LF in Betrieben mit gepachteten Flächen
41141;Landwirtschaftszählung: Haupterhebung;JAHR;Jahr;2023;DLAND;Bundesländer;03;Niedersachsen;BNZAT4;Bodennutzungsarten;BNZAT-2;Landwirtschaftlich genutzte Fläche;RECF01;Rechtsformen;;Insgesamt;FLCG05;Größenklassen der LF;FLCHA050B100;5 bis unter 10 ha;2430;Anzahl;BTR024;Landwirtschaftl. Betriebe mit gepachteten Flächen
41141;Landwirtschaftszählung: Haupterhebung;JAHR;Jahr;2023;DLAND;Bundesländer;03;Niedersachsen;BNZAT4;Bodennutzungsarten;BNZAT-2;Landwirtschaftlich genutzte Fläche;RECF01;Rechtsformen;;Insgesamt;FLCG05;Größenklassen der LF;FLCHA050B100;5 bis unter 10 ha;366;EUR;ETG009;Pachtentgelt je ha
41141;Landwirtschaftszählung: Haupterhebung;JAHR;Jahr;2023;DLAND;Bundesländer;03;Niedersachsen;BNZAT4;Bodennutzungsarten;BNZAT-2;Landwirtschaftlich genutzte Fläche;RECF01;Rechtsformen;RECHTSF111;Einzelunternehmen, Haupterwerb;FLCG05;Größenklassen der LF;FLCHB010B020;10 bis unter 20 ha;.;ha;FLC044;Gepachtete Fläche
41141;Landwirtschaftszählung: Haupterhebung;JAHR;Jahr;2023;DLAND;Bundesländer;03;Niedersachsen;BNZAT4;Bodennutzungsarten;BNZAT-2;Landwirtschaftlich genutzte Fläche;RECF01;Rechtsformen;RECHTSF111;Einzelunternehmen, Haupterwerb;FLCG05;Größenklassen der LF;FLCHB010B020;10 bis unter 20 ha;.;ha;FLC059;LF in Betrieben mit gepachteten Flächen
41141;Landwirtschaftszählung: Haupterhebung;JAHR;Jahr;2023;DLAND;Bundesländer;03;Niedersachsen;BNZAT4;Bodennutzungsarten;BNZAT-2;Landwirtschaftlich genutzte Fläche;RECF01;Rechtsformen;RECHTSF111;Einzelunternehmen, Haupterwerb;FLCG05;Größenklassen der LF;FLCHB010B020;10 bis unter 20 ha;.;Anzahl;BTR024;Landwirtschaftl. Betriebe mit gepachteten Flächen
41141;Landwirtschaftszählung: Haupterhebung;JAHR;Jahr;2023;DLAND;Bundesländer;03;Niedersachsen;BNZAT4;Bodennutzungsarten;BNZAT-2;Landwirtschaftlich genutzte Fläche;RECF01;Rechtsformen;RECHTSF111;Einzelunternehmen, Haupterwerb;FLCG05;Größenklassen der LF;FLCHB010B020;10 bis unter 20 ha;.;EUR;ETG009;Pachtentgelt je ha
41141;Landwirtschaftszählung: Haupterhebung;JAHR;Jahr;2020;DLAND;Bundesländer;03;Niedersachsen;BNZAT4;Bodennutzungsarten;BNZAT-2;Landwirtschaftlich genutzte Fläche;RECF01;Rechtsformen;RECHTSF121;Personengemeinschaften, -gesellschaften;FLCG05;Größenklassen der LF;FLCHC020B050;200 bis unter 500 ha;.;ha;FLC044;Gepachtete Fläche
41141;Landwirtschaftszählung: Haupterhebung;JAHR;Jahr;2020;DLAND;Bundesländer;03;Niedersachsen;BNZAT4;Bodennutzungsarten;BNZAT-2;Landwirtschaftlich genutzte Fläche;RECF01;Rechtsformen;RECHTSF121;Personengemeinschaften, -gesellschaften;FLCG05;Größenklassen der LF;FLCHC020B050;200 bis unter 500 ha;.;ha;FLC059;LF in Betrieben mit gepachteten Flächen
41141;Landwirtschaftszählung: Haupterhebung;JAHR;Jahr;2020;DLAND;Bundesländer;03;Niedersachsen;BNZAT4;Bodennutzungsarten;BNZAT-2;Landwirtschaftlich genutzte Fläche;RECF01;Rechtsformen;RECHTSF121;Personengemeinschaften, -gesellschaften;FLCG05;Größenklassen der LF;FLCHC020B050;200 bis unter 500 ha;683;Anzahl;BTR024;Landwirtschaftl. Betriebe mit gepachteten Flächen
41141;Landwirtschaftszählung: Haupterhebung;JAHR;Jahr;2020;DLAND;Bundesländer;03;Niedersachsen;BNZAT4;Bodennutzungsarten;BNZAT-2;Landwirtschaftlich genutzte Fläche;RECF01;Rechtsformen;RECHTSF121;Personengemeinschaften, -gesellschaften;FLCG05;Größenklassen der LF;FLCHC020B050;200 bis unter 500 ha;.;EUR;ETG009;Pachtentgelt je ha
41141;Landwirtschaftszählung: Haupterhebung;JAHR;Jahr;2016;DLAND;Bundesländer;03;Niedersachsen;BNZAT4;Bodennutzungsarten;BNZAT-2;Landwirtschaftlich genutzte Fläche;RECF01;Rechtsformen;RECHTSF11;Einzelunternehmen;FLCG05;Größenklassen der LF;FLCHB050B100;50 bis unter 100 ha;233200;ha;FLC044;Gepachtete Fläche
41141;Landwirtschaftszählung: Haupterhebung;JAHR;Jahr;2016;DLAND;Bundesländer;03;Niedersachsen;BNZAT4;Bodennutzungsarten;BNZAT-2;Landwirtschaftlich genutzte Fläche;RECF01;Rechtsformen;RECHTSF11;Einzelunternehmen;FLCG05;Größenklassen der LF;FLCHB050B100;50 bis unter 100 ha;-;ha;FLC059;LF in Betrieben mit gepachteten Flächen
41141;Landwirtschaftszählung: Haupterhebung;JAHR;Jahr;2016;DLAND;Bundesländer;03;Niedersachsen;BNZAT4;Bodennutzungsarten;BNZAT-2;Landwirtschaftlich genutzte Fläche;RECF01;Rechtsformen;RECHTSF11;Einzelunternehmen;FLCG05;Größenklassen der LF;FLCHB050B100;50 bis unter 100 ha;-;Anzahl;BTR024;Landwirtschaftl. Betriebe mit gepachteten Flächen
41141;Landwirtschaftszählung: Haupterhebung;JAHR;Jahr;2016;DLAND;Bundesländer;03;Niedersachsen;BNZAT4;Bodennutzungsarten;BNZAT-2;Landwirtschaftlich genutzte Fläche;RECF01;Rechtsformen;RECHTSF11;Einzelunternehmen;FLCG05;Größenklassen der LF;FLCHB050B100;50 bis unter 100 ha;456;EUR;ETG009;Pachtentgelt je ha
41141;Landwirtschaftszählung: Haupterhebung;JAHR;Jahr;2023;DLAND;Bundesländer;03;Niedersachsen;BNZAT4;Bodennutzungsarten;BNZAT-2;Landwirtschaftlich genutzte Fläche;RECF01;Rechtsformen;RECHTSF121;Personengemeinschaften, -gesellschaften;FLCG05;Größenklassen der LF;FLCHB020B050;20 bis unter 50 ha;.;ha;FLC044;Gepachtete Fläche
41141;Landwirtschaftszählung: Haupterhebung;JAHR;Jahr;2023;DLAND;Bundesländer;03;Niedersachsen;BNZAT4;Bodennutzungsarten;BNZAT-2;Landwirtschaftlich genutzte Fläche;RECF01;Rechtsformen;RECHTSF121;Personengemeinschaften, -gesellschaften;FLCG05;Größenklassen der LF;FLCHB020B050;20 bis unter 50 ha;.;ha;FLC059;LF in Betrieben mit gepachteten Flächen
41141;Landwirtschaftszählung: Haupterhebung;JAHR;Jahr;2023;DLAND;Bundesländer;03;Niedersachsen;BNZAT4;Bodennutzungsarten;BNZAT-2;Landwirtschaftlich genutzte Fläche;RECF01;Rechtsformen;RECHTSF121;Personengemeinschaften, -gesellschaften;FLCG05;Größenklassen der LF;FLCHB020B050;20 bis unter 50 ha;.;Anzahl;BTR024;Landwirtschaftl. Betriebe mit gepachteten Flächen
41141;Landwirtschaftszählung: Haupterhebung;JAHR;Jahr;2023;DLAND;Bundesländer;03;Niedersachsen;BNZAT4;Bodennutzungsarten;BNZAT-2;Landwirtschaftlich genutzte Fläche;RECF01;Rechtsformen;RECHTSF121;Personengemeinschaften, -gesellschaften;FLCG05;Größenklassen der LF;FLCHB020B050;20 bis unter 50 ha;.;EUR;ETG009;Pachtentgelt je ha
41141;Landwirtschaftszählung: Haupterhebung;JAHR;Jahr;2016;DLAND;Bundesländer;03;Niedersachsen;BNZAT4;Bodennutzungsarten;BNZAT-2;Landwirtschaftlich genutzte Fläche;RECF01;Rechtsformen;RECHTSF121;Personengemeinschaften, -gesellschaften;FLCG05;Größenklassen der LF;FLCHC020B050;200 bis unter 500 ha;98100;ha;FLC044;Gepachtete Fläche
41141;Landwirtschaftszählung: Haupterhebung;JAHR;Jahr;2016;DLAND;Bundesländer;03;Niedersachsen;BNZAT4;Bodennutzungsarten;BNZAT-2;Landwirtschaftlich genutzte Fläche;RECF01;Rechtsformen;RECHTSF121;Personengemeinschaften, -gesellschaften;FLCG05;Größenklassen der LF;FLCHC020B050;200 bis unter 500 ha;-;ha;FLC059;LF in Betrieben mit gepachteten Flächen
41141;Landwirtschaftszählung: Haupterhebung;JAHR;Jahr;2016;DLAND;Bundesländer;03;Niedersachsen;BNZAT4;Bodennutzungsarten;BNZAT-2;Landwirtschaftlich genutzte Fläche;RECF01;Rechtsformen;RECHTSF121;Personengemeinschaften, -gesellschaften;FLCG05;Größenklassen der LF;FLCHC020B050;200 bis unter 500 ha;-;Anzahl;BTR024;Landwirtschaftl. Betriebe mit gepachteten Flächen
41141;Landwirtschaftszählung: Haupterhebung;JAHR;Jahr;2016;DLAND;Bundesländer;03;Niedersachsen;BNZAT4;Bodennutzungsarten;BNZAT-2;Landwirtschaftlich genutzte Fläche;RECF01;Rechtsformen;RECHTSF121;Personengemeinschaften, -gesellschaften;FLCG05;Größenklassen der LF;FLCHC020B050;200 bis unter 500 ha;460;EUR;ETG009;Pachtentgelt je ha
41141;Landwirtschaftszählung: Haupterhebung;JAHR;Jahr;2010;DLAND;Bundesländer;03;Niedersachsen;BNZAT4;Bodennutzungsarten;BNZAT-2;Landwirtschaftlich genutzte Fläche;RECF01;Rechtsformen;;Insgesamt;FLCG05;Größenklassen der LF;;Insgesamt;1060479;ha;FLC044;Gepachtete Fläche
41141;Landwirtschaftszählung: Haupterhebung;JAHR;Jahr;2010;DLAND;Bundesländer;03;Niedersachsen;BNZAT4;Bodennutzungsarten;BNZAT-2;Landwirtschaftlich genutzte Fläche;RECF01;Rechtsformen;;Insgesamt;FLCG05;Größenklassen der LF;;Insgesamt;-;ha;FLC059;LF in Betrieben mit gepachteten Flächen
41141;Landwirtschaftszählung: Haupterhebung;JAHR;Jahr;2010;DLAND;Bundesländer;03;Niedersachsen;BNZAT4;Bodennutzungsarten;BNZAT-2;Landwirtschaftlich genutzte Fläche;RECF01;Rechtsformen;;Insgesamt;FLCG05;Größenklassen der LF;;Insgesamt;-;Anzahl;BTR024;Landwirtschaftl. Betriebe mit gepachteten Flächen
41141;Landwirtschaftszählung: Haupterhebung;JAHR;Jahr;2010;DLAND;Bundesländer;03;Niedersachsen;BNZAT4;Bodennutzungsarten;BNZAT-2;Landwirtschaftlich genutzte Fläche;RECF01;Rechtsformen;;Insgesamt;FLCG05;Größenklassen der LF;;Insgesamt;307;EUR;ETG009;Pachtentgelt je ha
41141;Landwirtschaftszählung: Haupterhebung;JAHR;Jahr;2020;DLAND;Bundesländer;03;Niedersachsen;BNZAT4;Bodennutzungsarten;BNZAT-2;Landwirtschaftlich genutzte Fläche;RECF01;Rechtsformen;RECHTSF112;Einzelunternehmen, Nebenerwerb;FLCG05;Größenklassen der LF;FLCHC010B020;100 bis unter 200 ha;56457;ha;FLC044;Gepachtete Fläche
41141;Landwirtschaftszählung: Haupterhebung;JAHR;Jahr;2020;DLAND;Bundesländer;03;Niedersachsen;BNZAT4;Bodennutzungsarten;BNZAT-2;Landwirtschaftlich genutzte Fläche;RECF01;Rechtsformen;RECHTSF112;Einzelunternehmen, Nebenerwerb;FLCG05;Größenklassen der LF;FLCHC010B020;100 bis unter 200 ha;89806;ha;FLC059;LF in Betrieben mit gepachteten Flächen
41141;Landwirtschaftszählung: Haupterhebung;JAHR;Jahr;2020;DLAND;Bundesländer;03;Niedersachsen;BNZAT4;Bodennutzungsarten;BNZAT-2;Landwirtschaftlich genutzte Fläche;RECF01;Rechtsformen;RECHTSF112;Einzelunternehmen, Nebenerwerb;FLCG05;Größenklassen der LF;FLCHC010B020;100 bis unter 200 ha;660;Anzahl;BTR024;Landwirtschaftl. Betriebe mit gepachteten Flächen
41141;Landwirtschaftszählung: Haupterhebung;JAHR;Jahr;2020;DLAND;Bundesländer;03;Niedersachsen;BNZAT4;Bodennutzungsarten;BNZAT-2;Landwirtschaftlich genutzte Fläche;RECF01;Rechtsformen;RECHTSF112;Einzelunternehmen, Nebenerwerb;FLCG05;Größenklassen der LF;FLCHC010B020;100 bis unter 200 ha;527;EUR;ETG009;Pachtentgelt je ha
41141;Landwirtschaftszählung: Haupterhebung;JAHR;Jahr;2016;DLAND;Bundesländer;03;Niedersachsen;BNZAT4;Bodennutzungsarten;BNZAT-2;Landwirtschaftlich genutzte Fläche;RECF01;Rechtsformen;;Insgesamt;FLCG05;Größenklassen der LF;FLCHB020B050;20 bis unter 50 ha;86000;ha;FLC044;Gepachtete Fläche
41141;Landwirtschaftszählung: Haupterhebung;JAHR;Jahr;2016;DLAND;Bundesländer;03;Niedersachsen;BNZAT4;Bodennutzungsarten;BNZAT-2;Landwirtschaftlich genutzte Fläche;RECF01;Rechtsformen;;Insgesamt;FLCG05;Größenklassen der LF;FLCHB020B050;20 bis unter 50 ha;-;ha;FLC059;LF in Betrieben mit gepachteten Flächen
41141;Landwirtschaftszählung: Haupterhebung;JAHR;Jahr;2016;DLAND;Bundesländer;03;Niedersachsen;BNZAT4;Bodennutzungsarten;BNZAT-2;Landwirtschaftlich genutzte Fläche;RECF01;Rechtsformen;;Insgesamt;FLCG05;Größenklassen der LF;FLCHB020B050;20 bis unter 50 ha;-;Anzahl;BTR024;Landwirtschaftl. Betriebe mit gepachteten Flächen
41141;Landwirtschaftszählung: Haupterhebung;JAHR;Jahr;2016;DLAND;Bundesländer;03;Niedersachsen;BNZAT4;Bodennutzungsarten;BNZAT-2;Landwirtschaftlich genutzte Fläche;RECF01;Rechtsformen;;Insgesamt;FLCG05;Größenklassen der LF;FLCHB020B050;20 bis unter 50 ha;432;EUR;ETG009;Pachtentgelt je ha
41141;Landwirtschaftszählung: Haupterhebung;JAHR;Jahr;2023;DLAND;Bundesländer;03;Niedersachsen;BNZAT4;Bodennutzungsarten;BNZAT-2;Landwirtschaftlich genutzte Fläche;RECF01;Rechtsformen;RECHTSF15;Juristische Personen;FLCG05;Größenklassen der LF;FLCHB010B020;10 bis unter 20 ha;.;ha;FLC044;Gepachtete Fläche
41141;Landwirtschaftszählung: Haupterhebung;JAHR;Jahr;2023;DLAND;Bundesländer;03;Niedersachsen;BNZAT4;Bodennutzungsarten;BNZAT-2;Landwirtschaftlich genutzte Fläche;RECF01;Rechtsformen;RECHTSF15;Juristische Personen;FLCG05;Größenklassen der LF;FLCHB010B020;10 bis unter 20 ha;.;ha;FLC059;LF in Betrieben mit gepachteten Flächen
41141;Landwirtschaftszählung: Haupterhebung;JAHR;Jahr;2023;DLAND;Bundesländer;03;Niedersachsen;BNZAT4;Bodennutzungsarten;BNZAT-2;Landwirtschaftlich genutzte Fläche;RECF01;Rechtsformen;RECHTSF15;Juristische Personen;FLCG05;Größenklassen der LF;FLCHB010B020;10 bis unter 20 ha;.;Anzahl;BTR024;Landwirtschaftl. Betriebe mit gepachteten Flächen
41141;Landwirtschaftszählung: Haupterhebung;JAHR;Jahr;2023;DLAND;Bundesländer;03;Niedersachsen;BNZAT4;Bodennutzungsarten;BNZAT-2;Landwirtschaftlich genutzte Fläche;RECF01;Rechtsformen;RECHTSF15;Juristische Personen;FLCG05;Größenklassen der LF;FLCHB010B020;10 bis unter 20 ha;.;EUR;ETG009;Pachtentgelt je ha
41141;Landwirtschaftszählung: Haupterhebung;JAHR;Jahr;2013;DLAND;Bundesländer;03;Niedersachsen;BNZAT4;Bodennutzungsarten;BNZAT-2;Landwirtschaftlich genutzte Fläche;RECF01;Rechtsformen;RECHTSF11;Einzelunternehmen;FLCG05;Größenklassen der LF;FLCHC050B100;500 bis unter 1000 ha;16200;ha;FLC044;Gepachtete Fläche
41141;Landwirtschaftszählung: Haupterhebung;JAHR;Jahr;2013;DLAND;Bundesländer;03;Niedersachsen;BNZAT4;Bodennutzungsarten;BNZAT-2;Landwirtschaftlich genutzte Fläche;RECF01;Rechtsformen;RECHTSF11;Einzelunternehmen;FLCG05;Größenklassen der LF;FLCHC050B100;500 bis unter 1000 ha;-;ha;FLC059;LF in Betrieben mit gepachteten Flächen
41141;Landwirtschaftszählung: Haupterhebung;JAHR;Jahr;2013;DLAND;Bundesländer;03;Niedersachsen;BNZAT4;Bodennutzungsarten;BNZAT-2;Landwirtschaftlich genutzte Fläche;RECF01;Rechtsformen;RECHTSF11;Einzelunternehmen;FLCG05;Größenklassen der LF;FLCHC050B100;500 bis unter 1000 ha;-;Anzahl;BTR024;Landwirtschaftl. Betriebe mit gepachteten Flächen
41141;Landwirtschaftszählung: Haupterhebung;JAHR;Jahr;2013;DLAND;Bundesländer;03;Niedersachsen;BNZAT4;Bodennutzungsarten;BNZAT-2;Landwirtschaftlich genutzte Fläche;RECF01;Rechtsformen;RECHTSF11;Einzelunternehmen;FLCG05;Größenklassen der LF;FLCHC050B100;500 bis unter 1000 ha;467;EUR;ETG009;Pachtentgelt je ha
41141;Landwirtschaftszählung: Haupterhebung;JAHR;Jahr;2016;DLAND;Bundesländer;03;Niedersachsen;BNZAT4;Bodennutzungsarten;BNZAT-2;Landwirtschaftlich genutzte Fläche;RECF01;Rechtsformen;RECHTSF11;Einzelunternehmen;FLCG05;Größenklassen der LF;FLCHC020B050;200 bis unter 500 ha;201900;ha;FLC044;Gepachtete Fläche
41141;Landwirtschaftszählung: Haupterhebung;JAHR;Jahr;2016;DLAND;Bundesländer;03;Niedersachsen;BNZAT4;Bodennutzungsarten;BNZAT-2;Landwirtschaftlich genutzte Fläche;RECF01;Rechtsformen;RECHTSF11;Einzelunternehmen;FLCG05;Größenklassen der LF;FLCHC020B050;200 bis unter 500 ha;-;ha;FLC059;LF in Betrieben mit gepachteten Flächen
41141;Landwirtschaftszählung: Haupterhebung;JAHR;Jahr;2016;DLAND;Bundesländer;03;Niedersachsen;BNZAT4;Bodennutzungsarten;BNZAT-2;Landwirtschaftlich genutzte Fläche;RECF01;Rechtsformen;RECHTSF11;Einzelunternehmen;FLCG05;Größenklassen der LF;FLCHC020B050;200 bis unter 500 ha;-;Anzahl;BTR024;Landwirtschaftl. Betriebe mit gepachteten Flächen
41141;Landwirtschaftszählung: Haupterhebung;JAHR;Jahr;2016;DLAND;Bundesländer;03;Niedersachsen;BNZAT4;Bodennutzungsarten;BNZAT-2;Landwirtschaftlich genutzte Fläche;RECF01;Rechtsformen;RECHTSF11;Einzelunternehmen;FLCG05;Größenklassen der LF;FLCHC020B050;200 bis unter 500 ha;487;EUR;ETG009;Pachtentgelt je ha
41141;Landwirtschaftszählung: Haupterhebung;JAHR;Jahr;2010;DLAND;Bundesländer;03;Niedersachsen;BNZAT4;Bodennutzungsarten;BNZAT-2;Landwirtschaftlich genutzte Fläche;RECF01;Rechtsformen;RECHTSF111;Einzelunternehmen, Haupterwerb;FLCG05;Größenklassen der LF;FLCHB050B100;50 bis unter 100 ha;254703;ha;FLC044;Gepachtete Fläche
41141;Landwirtschaftszählung: Haupterhebung;JAHR;Jahr;2010;DLAND;Bundesländer;03;Niedersachsen;BNZAT4;Bodennutzungsarten;BNZAT-2;Landwirtschaftlich genutzte Fläche;RECF01;Rechtsformen;RECHTSF111;Einzelunternehmen, Haupterwerb;FLCG05;Größenklassen der LF;FLCHB050B100;50 bis unter 100 ha;-;ha;FLC059;LF in Betrieben mit gepachteten Flächen
41141;Landwirtschaftszählung: Haupterhebung;JAHR;Jahr;2010;DLAND;Bundesländer;03;Niedersachsen;BNZAT4;Bodennutzungsarten;BNZAT-2;Landwirtschaftlich genutzte Fläche;RECF01;Rechtsformen;RECHTSF111;Einzelunternehmen, Haupterwerb;FLCG05;Größenklassen der LF;FLCHB050B100;50 bis unter 100 ha;-;Anzahl;BTR024;Landwirtschaftl. Betriebe mit gepachteten Flächen
41141;Landwirtschaftszählung: Haupterhebung;JAHR;Jahr;2010;DLAND;Bundesländer;03;Niedersachsen;BNZAT4;Bodennutzungsarten;BNZAT-2;Landwirtschaftlich genutzte Fläche;RECF01;Rechtsformen;RECHTSF111;Einzelunternehmen, Haupterwerb;FLCG05;Größenklassen der LF;FLCHB050B100;50 bis unter 100 ha;315;EUR;ETG009;Pachtentgelt je ha
41141;Landwirtschaftszählung: Haupterhebung;JAHR;Jahr;2010;DLAND;Bundesländer;03;Niedersachsen;BNZAT4;Bodennutzungsarten;BNZAT-2;Landwirtschaftlich genutzte Fläche;RECF01;Rechtsformen;RECHTSF111;Einzelunternehmen, Haupterwerb;FLCG05;Größenklassen der LF;FLCHB020B050;20 bis unter 50 ha;63494;ha;FLC044;Gepachtete Fläche
41141;Landwirtschaftszählung: Haupterhebung;JAHR;Jahr;2010;DLAND;Bundesländer;03;Niedersachsen;BNZAT4;Bodennutzungsarten;BNZAT-2;Landwirtschaftlich genutzte Fläche;RECF01;Rechtsformen;RECHTSF111;Einzelunternehmen, Haupterwerb;FLCG05;Größenklassen der LF;FLCHB020B050;20 bis unter 50 ha;-;ha;FLC059;LF in Betrieben mit gepachteten Flächen
41141;Landwirtschaftszählung: Haupterhebung;JAHR;Jahr;2010;DLAND;Bundesländer;03;Niedersachsen;BNZAT4;Bodennutzungsarten;BNZAT-2;Landwirtschaftlich genutzte Fläche;RECF01;Rechtsformen;RECHTSF111;Einzelunternehmen, Haupterwerb;FLCG05;Größenklassen der LF;FLCHB020B050;20 bis unter 50 ha;-;Anzahl;BTR024;Landwirtschaftl. Betriebe mit gepachteten Flächen
41141;Landwirtschaftszählung: Haupterhebung;JAHR;Jahr;2010;DLAND;Bundesländer;03;Niedersachsen;BNZAT4;Bodennutzungsarten;BNZAT-2;Landwirtschaftlich genutzte Fläche;RECF01;Rechtsformen;RECHTSF111;Einzelunternehmen, Haupterwerb;FLCG05;Größenklassen der LF;FLCHB020B050;20 bis unter 50 ha;331;EUR;ETG009;Pachtentgelt je ha
41141;Landwirtschaftszählung: Haupterhebung;JAHR;Jahr;2016;DLAND;Bundesländer;03;Niedersachsen;BNZAT4;Bodennutzungsarten;BNZAT-2;Landwirtschaftlich genutzte Fläche;RECF01;Rechtsformen;RECHTSF111;Einzelunternehmen, Haupterwerb;FLCG05;Größenklassen der LF;FLCHC020B050;200 bis unter 500 ha;180100;ha;FLC044;Gepachtete Fläche
41141;Landwirtschaftszählung: Haupterhebung;JAHR;Jahr;2016;DLAND;Bundesländer;03;Niedersachsen;BNZAT4;Bodennutzungsarten;BNZAT-2;Landwirtschaftlich genutzte Fläche;RECF01;Rechtsformen;RECHTSF111;Einzelunternehmen, Haupterwerb;FLCG05;Größenklassen der LF;FLCHC020B050;200 bis unter 500 ha;-;ha;FLC059;LF in Betrieben mit gepachteten Flächen
41141;Landwirtschaftszählung: Haupterhebung;JAHR;Jahr;2016;DLAND;Bundesländer;03;Niedersachsen;BNZAT4;Bodennutzungsarten;BNZAT-2;Landwirtschaftlich genutzte Fläche;RECF01;Rechtsformen;RECHTSF111;Einzelunternehmen, Haupterwerb;FLCG05;Größenklassen der LF;FLCHC020B050;200 bis unter 500 ha;-;Anzahl;BTR024;Landwirtschaftl. Betriebe mit gepachteten Flächen
41141;Landwirtschaftszählung: Haupterhebung;JAHR;Jahr;2016;DLAND;Bundesländer;03;Niedersachsen;BNZAT4;Bodennutzungsarten;BNZAT-2;Landwirtschaftlich genutzte Fläche;RECF01;Rechtsformen;RECHTSF111;Einzelunternehmen, Haupterwerb;FLCG05;Größenklassen der LF;FLCHC020B050;200 bis unter 500 ha;485;EUR;ETG009;Pachtentgelt je ha
41141;Landwirtschaftszählung: Haupterhebung;JAHR;Jahr;2010;DLAND;Bundesländer;03;Niedersachsen;BNZAT4;Bodennutzungsarten;BNZAT-2;Landwirtschaftlich genutzte Fläche;RECF01;Rechtsformen;RECHTSF11;Einzelunternehmen;FLCG05;Größenklassen der LF;FLCHD010UM;1000 und mehr ha;5070;ha;FLC044;Gepachtete Fläche
41141;Landwirtschaftszählung: Haupterhebung;JAHR;Jahr;2010;DLAND;Bundesländer;03;Niedersachsen;BNZAT4;Bodennutzungsarten;BNZAT-2;Landwirtschaftlich genutzte Fläche;RECF01;Rechtsformen;RECHTSF11;Einzelunternehmen;FLCG05;Größenklassen der LF;FLCHD010UM;1000 und mehr ha;-;ha;FLC059;LF in Betrieben mit gepachteten Flächen
41141;Landwirtschaftszählung: Haupterhebung;JAHR;Jahr;2010;DLAND;Bundesländer;03;Niedersachsen;BNZAT4;Bodennutzungsarten;BNZAT-2;Landwirtschaftlich genutzte Fläche;RECF01;Rechtsformen;RECHTSF11;Einzelunternehmen;FLCG05;Größenklassen der LF;FLCHD010UM;1000 und mehr ha;-;Anzahl;BTR024;Landwirtschaftl. Betriebe mit gepachteten Flächen
41141;Landwirtschaftszählung: Haupterhebung;JAHR;Jahr;2010;DLAND;Bundesländer;03;Niedersachsen;BNZAT4;Bodennutzungsarten;BNZAT-2;Landwirtschaftlich genutzte Fläche;RECF01;Rechtsformen;RECHTSF11;Einzelunternehmen;FLCG05;Größenklassen der LF;FLCHD010UM;1000 und mehr ha;286;EUR;ETG009;Pachtentgelt je ha
41141;Landwirtschaftszählung: Haupterhebung;JAHR;Jahr;2016;DLAND;Bundesländer;03;Niedersachsen;BNZAT4;Bodennutzungsarten;BNZAT-2;Landwirtschaftlich genutzte Fläche;RECF01;Rechtsformen;RECHTSF112;Einzelunternehmen, Nebenerwerb;FLCG05;Größenklassen der LF;FLCHC050B100;500 bis unter 1000 ha;5500;ha;FLC044;Gepachtete Fläche
41141;Landwirtschaftszählung: Haupterhebung;JAHR;Jahr;2016;DLAND;Bundesländer;03;Niedersachsen;BNZAT4;Bodennutzungsarten;BNZAT-2;Landwirtschaftlich genutzte Fläche;RECF01;Rechtsformen;RECHTSF112;Einzelunternehmen, Nebenerwerb;FLCG05;Größenklassen der LF;FLCHC050B100;500 bis unter 1000 ha;-;ha;FLC059;LF in Betrieben mit gepachteten Flächen
41141;Landwirtschaftszählung: Haupterhebung;JAHR;Jahr;2016;DLAND;Bundesländer;03;Niedersachsen;BNZAT4;Bodennutzungsarten;BNZAT-2;Landwirtschaftlich genutzte Fläche;RECF01;Rechtsformen;RECHTSF112;Einzelunternehmen, Nebenerwerb;FLCG05;Größenklassen der LF;FLCHC050B100;500 bis unter 1000 ha;-;Anzahl;BTR024;Landwirtschaftl. Betriebe mit gepachteten Flächen
41141;Landwirtschaftszählung: Haupterhebung;JAHR;Jahr;2016;DLAND;Bundesländer;03;Niedersachsen;BNZAT4;Bodennutzungsarten;BNZAT-2;Landwirtschaftlich genutzte Fläche;RECF01;Rechtsformen;RECHTSF112;Einzelunternehmen, Nebenerwerb;FLCG05;Größenklassen der LF;FLCHC050B100;500 bis unter 1000 ha;514;EUR;ETG009;Pachtentgelt je ha
41141;Landwirtschaftszählung: Haupterhebung;JAHR;Jahr;2023;DLAND;Bundesländer;03;Niedersachsen;BNZAT4;Bodennutzungsarten;BNZAT-2;Landwirtschaftlich genutzte Fläche;RECF01;Rechtsformen;RECHTSF112;Einzelunternehmen, Nebenerwerb;FLCG05;Größenklassen der LF;FLCHB050B100;50 bis unter 100 ha;.;ha;FLC044;Gepachtete Fläche
41141;Landwirtschaftszählung: Haupterhebung;JAHR;Jahr;2023;DLAND;Bundesländer;03;Niedersachsen;BNZAT4;Bodennutzungsarten;BNZAT-2;Landwirtschaftlich genutzte Fläche;RECF01;Rechtsformen;RECHTSF112;Einzelunternehmen, Nebenerwerb;FLCG05;Größenklassen der LF;FLCHB050B100;50 bis unter 100 ha;.;ha;FLC059;LF in Betrieben mit gepachteten Flächen
41141;Landwirtschaftszählung: Haupterhebung;JAHR;Jahr;2023;DLAND;Bundesländer;03;Niedersachsen;BNZAT4;Bodennutzungsarten;BNZAT-2;Landwirtschaftlich genutzte Fläche;RECF01;Rechtsformen;RECHTSF112;Einzelunternehmen, Nebenerwerb;FLCG05;Größenklassen der LF;FLCHB050B100;50 bis unter 100 ha;.;Anzahl;BTR024;Landwirtschaftl. Betriebe mit gepachteten Flächen
41141;Landwirtschaftszählung: Haupterhebung;JAHR;Jahr;2023;DLAND;Bundesländer;03;Niedersachsen;BNZAT4;Bodennutzungsarten;BNZAT-2;Landwirtschaftlich genutzte Fläche;RECF01;Rechtsformen;RECHTSF112;Einzelunternehmen, Nebenerwerb;FLCG05;Größenklassen der LF;FLCHB050B100;50 bis unter 100 ha;.;EUR;ETG009;Pachtentgelt je ha
41141;Landwirtschaftszählung: Haupterhebung;JAHR;Jahr;2023;DLAND;Bundesländer;03;Niedersachsen;BNZAT4;Bodennutzungsarten;BNZAT-2;Landwirtschaftlich genutzte Fläche;RECF01;Rechtsformen;RECHTSF111;Einzelunternehmen, Haupterwerb;FLCG05;Größenklassen der LF;FLCHB020B050;20 bis unter 50 ha;.;ha;FLC044;Gepachtete Fläche
41141;Landwirtschaftszählung: Haupterhebung;JAHR;Jahr;2023;DLAND;Bundesländer;03;Niedersachsen;BNZAT4;Bodennutzungsarten;BNZAT-2;Landwirtschaftlich genutzte Fläche;RECF01;Rechtsformen;RECHTSF111;Einzelunternehmen, Haupterwerb;FLCG05;Größenklassen der LF;FLCHB020B050;20 bis unter 50 ha;.;ha;FLC059;LF in Betrieben mit gepachteten Flächen
41141;Landwirtschaftszählung: Haupterhebung;JAHR;Jahr;2023;DLAND;Bundesländer;03;Niedersachsen;BNZAT4;Bodennutzungsarten;BNZAT-2;Landwirtschaftlich genutzte Fläche;RECF01;Rechtsformen;RECHTSF111;Einzelunternehmen, Haupterwerb;FLCG05;Größenklassen der LF;FLCHB020B050;20 bis unter 50 ha;.;Anzahl;BTR024;Landwirtschaftl. Betriebe mit gepachteten Flächen
41141;Landwirtschaftszählung: Haupterhebung;JAHR;Jahr;2023;DLAND;Bundesländer;03;Niedersachsen;BNZAT4;Bodennutzungsarten;BNZAT-2;Landwirtschaftlich genutzte Fläche;RECF01;Rechtsformen;RECHTSF111;Einzelunternehmen, Haupterwerb;FLCG05;Größenklassen der LF;FLCHB020B050;20 bis unter 50 ha;.;EUR;ETG009;Pachtentgelt je ha
41141;Landwirtschaftszählung: Haupterhebung;JAHR;Jahr;2010;DLAND;Bundesländer;03;Niedersachsen;BNZAT4;Bodennutzungsarten;BNZAT-2;Landwirtschaftlich genutzte Fläche;RECF01;Rechtsformen;RECHTSF112;Einzelunternehmen, Nebenerwerb;FLCG05;Größenklassen der LF;FLCHB050B100;50 bis unter 100 ha;22921;ha;FLC044;Gepachtete Fläche
41141;Landwirtschaftszählung: Haupterhebung;JAHR;Jahr;2010;DLAND;Bundesländer;03;Niedersachsen;BNZAT4;Bodennutzungsarten;BNZAT-2;Landwirtschaftlich genutzte Fläche;RECF01;Rechtsformen;RECHTSF112;Einzelunternehmen, Nebenerwerb;FLCG05;Größenklassen der LF;FLCHB050B100;50 bis unter 100 ha;-;ha;FLC059;LF in Betrieben mit gepachteten Flächen
41141;Landwirtschaftszählung: Haupterhebung;JAHR;Jahr;2010;DLAND;Bundesländer;03;Niedersachsen;BNZAT4;Bodennutzungsarten;BNZAT-2;Landwirtschaftlich genutzte Fläche;RECF01;Rechtsformen;RECHTSF112;Einzelunternehmen, Nebenerwerb;FLCG05;Größenklassen der LF;FLCHB050B100;50 bis unter 100 ha;-;Anzahl;BTR024;Landwirtschaftl. Betriebe mit gepachteten Flächen
41141;Landwirtschaftszählung: Haupterhebung;JAHR;Jahr;2010;DLAND;Bundesländer;03;Niedersachsen;BNZAT4;Bodennutzungsarten;BNZAT-2;Landwirtschaftlich genutzte Fläche;RECF01;Rechtsformen;RECHTSF112;Einzelunternehmen, Nebenerwerb;FLCG05;Größenklassen der LF;FLCHB050B100;50 bis unter 100 ha;231;EUR;ETG009;Pachtentgelt je ha
41141;Landwirtschaftszählung: Haupterhebung;JAHR;Jahr;2013;DLAND;Bundesländer;03;Niedersachsen;BNZAT4;Bodennutzungsarten;BNZAT-2;Landwirtschaftlich genutzte Fläche;RECF01;Rechtsformen;;Insgesamt;FLCG05;Größenklassen der LF;;Insgesamt;1141500;ha;FLC044;Gepachtete Fläche
41141;Landwirtschaftszählung: Haupterhebung;JAHR;Jahr;2013;DLAND;Bundesländer;03;Niedersachsen;BNZAT4;Bodennutzungsarten;BNZAT-2;Landwirtschaftlich genutzte Fläche;RECF01;Rechtsformen;;Insgesamt;FLCG05;Größenklassen der LF;;Insgesamt;-;ha;FLC059;LF in Betrieben mit gepachteten Flächen
41141;Landwirtschaftszählung: Haupterhebung;JAHR;Jahr;2013;DLAND;Bundesländer;03;Niedersachsen;BNZAT4;Bodennutzungsarten;BNZAT-2;Landwirtschaftlich genutzte Fläche;RECF01;Rechtsformen;;Insgesamt;FLCG05;Größenklassen der LF;;Insgesamt;-;Anzahl;BTR024;Landwirtschaftl. Betriebe mit gepachteten Flächen
41141;Landwirtschaftszählung: Haupterhebung;JAHR;Jahr;2013;DLAND;Bundesländer;03;Niedersachsen;BNZAT4;Bodennutzungsarten;BNZAT-2;Landwirtschaftlich genutzte Fläche;RECF01;Rechtsformen;;Insgesamt;FLCG05;Größenklassen der LF;;Insgesamt;376;EUR;ETG009;Pachtentgelt je ha
41141;Landwirtschaftszählung: Haupterhebung;JAHR;Jahr;2016;DLAND;Bundesländer;03;Niedersachsen;BNZAT4;Bodennutzungsarten;BNZAT-2;Landwirtschaftlich genutzte Fläche;RECF01;Rechtsformen;RECHTSF112;Einzelunternehmen, Nebenerwerb;FLCG05;Größenklassen der LF;FLCHC020B050;200 bis unter 500 ha;21800;ha;FLC044;Gepachtete Fläche
41141;Landwirtschaftszählung: Haupterhebung;JAHR;Jahr;2016;DLAND;Bundesländer;03;Niedersachsen;BNZAT4;Bodennutzungsarten;BNZAT-2;Landwirtschaftlich genutzte Fläche;RECF01;Rechtsformen;RECHTSF112;Einzelunternehmen, Nebenerwerb;FLCG05;Größenklassen der LF;FLCHC020B050;200 bis unter 500 ha;-;ha;FLC059;LF in Betrieben mit gepachteten Flächen
41141;Landwirtschaftszählung: Haupterhebung;JAHR;Jahr;2016;DLAND;Bundesländer;03;Niedersachsen;BNZAT4;Bodennutzungsarten;BNZAT-2;Landwirtschaftlich genutzte Fläche;RECF01;Rechtsformen;RECHTSF112;Einzelunternehmen, Nebenerwerb;FLCG05;Größenklassen der LF;FLCHC020B050;200 bis unter 500 ha;-;Anzahl;BTR024;Landwirtschaftl. Betriebe mit gepachteten Flächen
41141;Landwirtschaftszählung: Haupterhebung;JAHR;Jahr;2016;DLAND;Bundesländer;03;Niedersachsen;BNZAT4;Bodennutzungsarten;BNZAT-2;Landwirtschaftlich genutzte Fläche;RECF01;Rechtsformen;RECHTSF112;Einzelunternehmen, Nebenerwerb;FLCG05;Größenklassen der LF;FLCHC020B050;200 bis unter 500 ha;504;EUR;ETG009;Pachtentgelt je ha
41141;Landwirtschaftszählung: Haupterhebung;JAHR;Jahr;2020;DLAND;Bundesländer;03;Niedersachsen;BNZAT4;Bodennutzungsarten;BNZAT-2;Landwirtschaftlich genutzte Fläche;RECF01;Rechtsformen;;Insgesamt;FLCG05;Größenklassen der LF;FLCHB020B050;20 bis unter 50 ha;92017;ha;FLC044;Gepachtete Fläche
41141;Landwirtschaftszählung: Haupterhebung;JAHR;Jahr;2020;DLAND;Bundesländer;03;Niedersachsen;BNZAT4;Bodennutzungsarten;BNZAT-2;Landwirtschaftlich genutzte Fläche;RECF01;Rechtsformen;;Insgesamt;FLCG05;Größenklassen der LF;FLCHB020B050;20 bis unter 50 ha;189327;ha;FLC059;LF in Betrieben mit gepachteten Flächen
41141;Landwirtschaftszählung: Haupterhebung;JAHR;Jahr;2020;DLAND;Bundesländer;03;Niedersachsen;BNZAT4;Bodennutzungsarten;BNZAT-2;Landwirtschaftlich genutzte Fläche;RECF01;Rechtsformen;;Insgesamt;FLCG05;Größenklassen der LF;FLCHB020B050;20 bis unter 50 ha;5452;Anzahl;BTR024;Landwirtschaftl. Betriebe mit gepachteten Flächen
41141;Landwirtschaftszählung: Haupterhebung;JAHR;Jahr;2020;DLAND;Bundesländer;03;Niedersachsen;BNZAT4;Bodennutzungsarten;BNZAT-2;Landwirtschaftlich genutzte Fläche;RECF01;Rechtsformen;;Insgesamt;FLCG05;Größenklassen der LF;FLCHB020B050;20 bis unter 50 ha;456;EUR;ETG009;Pachtentgelt je ha
41141;Landwirtschaftszählung: Haupterhebung;JAHR;Jahr;2016;DLAND;Bundesländer;03;Niedersachsen;BNZAT4;Bodennutzungsarten;BNZAT-2;Landwirtschaftlich genutzte Fläche;RECF01;Rechtsformen;RECHTSF112;Einzelunternehmen, Nebenerwerb;FLCG05;Größenklassen der LF;;Insgesamt;159500;ha;FLC044;Gepachtete Fläche
41141;Landwirtschaftszählung: Haupterhebung;JAHR;Jahr;2016;DLAND;Bundesländer;03;Niedersachsen;BNZAT4;Bodennutzungsarten;BNZAT-2;Landwirtschaftlich genutzte Fläche;RECF01;Rechtsformen;RECHTSF112;Einzelunternehmen, Nebenerwerb;FLCG05;Größenklassen der LF;;Insgesamt;-;ha;FLC059;LF in Betrieben mit gepachteten Flächen
41141;Landwirtschaftszählung: Haupterhebung;JAHR;Jahr;2016;DLAND;Bundesländer;03;Niedersachsen;BNZAT4;Bodennutzungsarten;BNZAT-2;Landwirtschaftlich genutzte Fläche;RECF01;Rechtsformen;RECHTSF112;Einzelunternehmen, Nebenerwerb;FLCG05;Größenklassen der LF;;Insgesamt;-;Anzahl;BTR024;Landwirtschaftl. Betriebe mit gepachteten Flächen
41141;Landwirtschaftszählung: Haupterhebung;JAHR;Jahr;2016;DLAND;Bundesländer;03;Niedersachsen;BNZAT4;Bodennutzungsarten;BNZAT-2;Landwirtschaftlich genutzte Fläche;RECF01;Rechtsformen;RECHTSF112;Einzelunternehmen, Nebenerwerb;FLCG05;Größenklassen der LF;;Insgesamt;403;EUR;ETG009;Pachtentgelt je ha
41141;Landwirtschaftszählung: Haupterhebung;JAHR;Jahr;2013;DLAND;Bundesländer;03;Niedersachsen;BNZAT4;Bodennutzungsarten;BNZAT-2;Landwirtschaftlich genutzte Fläche;RECF01;Rechtsformen;;Insgesamt;FLCG05;Größenklassen der LF;FLCHC010B020;100 bis unter 200 ha;398800;ha;FLC044;Gepachtete Fläche
41141;Landwirtschaftszählung: Haupterhebung;JAHR;Jahr;2013;DLAND;Bundesländer;03;Niedersachsen;BNZAT4;Bodennutzungsarten;BNZAT-2;Landwirtschaftlich genutzte Fläche;RECF01;Rechtsformen;;Insgesamt;FLCG05;Größenklassen der LF;FLCHC010B020;100 bis unter 200 ha;-;ha;FLC059;LF in Betrieben mit gepachteten Flächen
41141;Landwirtschaftszählung: Haupterhebung;JAHR;Jahr;2013;DLAND;Bundesländer;03;Niedersachsen;BNZAT4;Bodennutzungsarten;BNZAT-2;Landwirtschaftlich genutzte Fläche;RECF01;Rechtsformen;;Insgesamt;FLCG05;Größenklassen der LF;FLCHC010B020;100 bis unter 200 ha;-;Anzahl;BTR024;Landwirtschaftl. Betriebe mit gepachteten Flächen
41141;Landwirtschaftszählung: Haupterhebung;JAHR;Jahr;2013;DLAND;Bundesländer;03;Niedersachsen;BNZAT4;Bodennutzungsarten;BNZAT-2;Landwirtschaftlich genutzte Fläche;RECF01;Rechtsformen;;Insgesamt;FLCG05;Größenklassen der LF;FLCHC010B020;100 bis unter 200 ha;367;EUR;ETG009;Pachtentgelt je ha
41141;Landwirtschaftszählung: Haupterhebung;JAHR;Jahr;2016;DLAND;Bundesländer;03;Niedersachsen;BNZAT4;Bodennutzungsarten;BNZAT-2;Landwirtschaftlich genutzte Fläche;RECF01;Rechtsformen;RECHTSF111;Einzelunternehmen, Haupterwerb;FLCG05;Größenklassen der LF;FLCHD010UM;1000 und mehr ha;7500;ha;FLC044;Gepachtete Fläche
41141;Landwirtschaftszählung: Haupterhebung;JAHR;Jahr;2016;DLAND;Bundesländer;03;Niedersachsen;BNZAT4;Bodennutzungsarten;BNZAT-2;Landwirtschaftlich genutzte Fläche;RECF01;Rechtsformen;RECHTSF111;Einzelunternehmen, Haupterwerb;FLCG05;Größenklassen der LF;FLCHD010UM;1000 und mehr ha;-;ha;FLC059;LF in Betrieben mit gepachteten Flächen
41141;Landwirtschaftszählung: Haupterhebung;JAHR;Jahr;2016;DLAND;Bundesländer;03;Niedersachsen;BNZAT4;Bodennutzungsarten;BNZAT-2;Landwirtschaftlich genutzte Fläche;RECF01;Rechtsformen;RECHTSF111;Einzelunternehmen, Haupterwerb;FLCG05;Größenklassen der LF;FLCHD010UM;1000 und mehr ha;-;Anzahl;BTR024;Landwirtschaftl. Betriebe mit gepachteten Flächen
41141;Landwirtschaftszählung: Haupterhebung;JAHR;Jahr;2016;DLAND;Bundesländer;03;Niedersachsen;BNZAT4;Bodennutzungsarten;BNZAT-2;Landwirtschaftlich genutzte Fläche;RECF01;Rechtsformen;RECHTSF111;Einzelunternehmen, Haupterwerb;FLCG05;Größenklassen der LF;FLCHD010UM;1000 und mehr ha;689;EUR;ETG009;Pachtentgelt je ha
41141;Landwirtschaftszählung: Haupterhebung;JAHR;Jahr;2010;DLAND;Bundesländer;03;Niedersachsen;BNZAT4;Bodennutzungsarten;BNZAT-2;Landwirtschaftlich genutzte Fläche;RECF01;Rechtsformen;RECHTSF121;Personengemeinschaften, -gesellschaften;FLCG05;Größenklassen der LF;FLCHB010B020;10 bis unter 20 ha;885;ha;FLC044;Gepachtete Fläche
41141;Landwirtschaftszählung: Haupterhebung;JAHR;Jahr;2010;DLAND;Bundesländer;03;Niedersachsen;BNZAT4;Bodennutzungsarten;BNZAT-2;Landwirtschaftlich genutzte Fläche;RECF01;Rechtsformen;RECHTSF121;Personengemeinschaften, -gesellschaften;FLCG05;Größenklassen der LF;FLCHB010B020;10 bis unter 20 ha;-;ha;FLC059;LF in Betrieben mit gepachteten Flächen
41141;Landwirtschaftszählung: Haupterhebung;JAHR;Jahr;2010;DLAND;Bundesländer;03;Niedersachsen;BNZAT4;Bodennutzungsarten;BNZAT-2;Landwirtschaftlich genutzte Fläche;RECF01;Rechtsformen;RECHTSF121;Personengemeinschaften, -gesellschaften;FLCG05;Größenklassen der LF;FLCHB010B020;10 bis unter 20 ha;-;Anzahl;BTR024;Landwirtschaftl. Betriebe mit gepachteten Flächen
41141;Landwirtschaftszählung: Haupterhebung;JAHR;Jahr;2010;DLAND;Bundesländer;03;Niedersachsen;BNZAT4;Bodennutzungsarten;BNZAT-2;Landwirtschaftlich genutzte Fläche;RECF01;Rechtsformen;RECHTSF121;Personengemeinschaften, -gesellschaften;FLCG05;Größenklassen der LF;FLCHB010B020;10 bis unter 20 ha;345;EUR;ETG009;Pachtentgelt je ha
41141;Landwirtschaftszählung: Haupterhebung;JAHR;Jahr;2023;DLAND;Bundesländer;03;Niedersachsen;BNZAT4;Bodennutzungsarten;BNZAT-2;Landwirtschaftlich genutzte Fläche;RECF01;Rechtsformen;RECHTSF112;Einzelunternehmen, Nebenerwerb;FLCG05;Größenklassen der LF;FLCHB020B050;20 bis unter 50 ha;.;ha;FLC044;Gepachtete Fläche
41141;Landwirtschaftszählung: Haupterhebung;JAHR;Jahr;2023;DLAND;Bundesländer;03;Niedersachsen;BNZAT4;Bodennutzungsarten;BNZAT-2;Landwirtschaftlich genutzte Fläche;RECF01;Rechtsformen;RECHTSF112;Einzelunternehmen, Nebenerwerb;FLCG05;Größenklassen der LF;FLCHB020B050;20 bis unter 50 ha;.;ha;FLC059;LF in Betrieben mit gepachteten Flächen
41141;Landwirtschaftszählung: Haupterhebung;JAHR;Jahr;2023;DLAND;Bundesländer;03;Niedersachsen;BNZAT4;Bodennutzungsarten;BNZAT-2;Landwirtschaftlich genutzte Fläche;RECF01;Rechtsformen;RECHTSF112;Einzelunternehmen, Nebenerwerb;FLCG05;Größenklassen der LF;FLCHB020B050;20 bis unter 50 ha;.;Anzahl;BTR024;Landwirtschaftl. Betriebe mit gepachteten Flächen
41141;Landwirtschaftszählung: Haupterhebung;JAHR;Jahr;2023;DLAND;Bundesländer;03;Niedersachsen;BNZAT4;Bodennutzungsarten;BNZAT-2;Landwirtschaftlich genutzte Fläche;RECF01;Rechtsformen;RECHTSF112;Einzelunternehmen, Nebenerwerb;FLCG05;Größenklassen der LF;FLCHB020B050;20 bis unter 50 ha;.;EUR;ETG009;Pachtentgelt je ha
41141;Landwirtschaftszählung: Haupterhebung;JAHR;Jahr;2020;DLAND;Bundesländer;03;Niedersachsen;BNZAT4;Bodennutzungsarten;BNZAT-2;Landwirtschaftlich genutzte Fläche;RECF01;Rechtsformen;RECHTSF15;Juristische Personen;FLCG05;Größenklassen der LF;FLCHB050B100;50 bis unter 100 ha;1315;ha;FLC044;Gepachtete Fläche
41141;Landwirtschaftszählung: Haupterhebung;JAHR;Jahr;2020;DLAND;Bundesländer;03;Niedersachsen;BNZAT4;Bodennutzungsarten;BNZAT-2;Landwirtschaftlich genutzte Fläche;RECF01;Rechtsformen;RECHTSF15;Juristische Personen;FLCG05;Größenklassen der LF;FLCHB050B100;50 bis unter 100 ha;1917;ha;FLC059;LF in Betrieben mit gepachteten Flächen
41141;Landwirtschaftszählung: Haupterhebung;JAHR;Jahr;2020;DLAND;Bundesländer;03;Niedersachsen;BNZAT4;Bodennutzungsarten;BNZAT-2;Landwirtschaftlich genutzte Fläche;RECF01;Rechtsformen;RECHTSF15;Juristische Personen;FLCG05;Größenklassen der LF;FLCHB050B100;50 bis unter 100 ha;26;Anzahl;BTR024;Landwirtschaftl. Betriebe mit gepachteten Flächen
41141;Landwirtschaftszählung: Haupterhebung;JAHR;Jahr;2020;DLAND;Bundesländer;03;Niedersachsen;BNZAT4;Bodennutzungsarten;BNZAT-2;Landwirtschaftlich genutzte Fläche;RECF01;Rechtsformen;RECHTSF15;Juristische Personen;FLCG05;Größenklassen der LF;FLCHB050B100;50 bis unter 100 ha;475;EUR;ETG009;Pachtentgelt je ha
41141;Landwirtschaftszählung: Haupterhebung;JAHR;Jahr;2010;DLAND;Bundesländer;03;Niedersachsen;BNZAT4;Bodennutzungsarten;BNZAT-2;Landwirtschaftlich genutzte Fläche;RECF01;Rechtsformen;RECHTSF112;Einzelunternehmen, Nebenerwerb;FLCG05;Größenklassen der LF;FLCHB020B050;20 bis unter 50 ha;35742;ha;FLC044;Gepachtete Fläche
41141;Landwirtschaftszählung: Haupterhebung;JAHR;Jahr;2010;DLAND;Bundesländer;03;Niedersachsen;BNZAT4;Bodennutzungsarten;BNZAT-2;Landwirtschaftlich genutzte Fläche;RECF01;Rechtsformen;RECHTSF112;Einzelunternehmen, Nebenerwerb;FLCG05;Größenklassen der LF;FLCHB020B050;20 bis unter 50 ha;-;ha;FLC059;LF in Betrieben mit gepachteten Flächen
41141;Landwirtschaftszählung: Haupterhebung;JAHR;Jahr;2010;DLAND;Bundesländer;03;Niedersachsen;BNZAT4;Bodennutzungsarten;BNZAT-2;Landwirtschaftlich genutzte Fläche;RECF01;Rechtsformen;RECHTSF112;Einzelunternehmen, Nebenerwerb;FLCG05;Größenklassen der LF;FLCHB020B050;20 bis unter 50 ha;-;Anzahl;BTR024;Landwirtschaftl. Betriebe mit gepachteten Flächen
41141;Landwirtschaftszählung: Haupterhebung;JAHR;Jahr;2010;DLAND;Bundesländer;03;Niedersachsen;BNZAT4;Bodennutzungsarten;BNZAT-2;Landwirtschaftlich genutzte Fläche;RECF01;Rechtsformen;RECHTSF112;Einzelunternehmen, Nebenerwerb;FLCG05;Größenklassen der LF;FLCHB020B050;20 bis unter 50 ha;254;EUR;ETG009;Pachtentgelt je ha
41141;Landwirtschaftszählung: Haupterhebung;JAHR;Jahr;2023;DLAND;Bundesländer;03;Niedersachsen;BNZAT4;Bodennutzungsarten;BNZAT-2;Landwirtschaftlich genutzte Fläche;RECF01;Rechtsformen;;Insgesamt;FLCG05;Größenklassen der LF;FLCHD010UM;1000 und mehr ha;31200;ha;FLC044;Gepachtete Fläche
41141;Landwirtschaftszählung: Haupterhebung;JAHR;Jahr;2023;DLAND;Bundesländer;03;Niedersachsen;BNZAT4;Bodennutzungsarten;BNZAT-2;Landwirtschaftlich genutzte Fläche;RECF01;Rechtsformen;;Insgesamt;FLCG05;Größenklassen der LF;FLCHD010UM;1000 und mehr ha;44100;ha;FLC059;LF in Betrieben mit gepachteten Flächen
41141;Landwirtschaftszählung: Haupterhebung;JAHR;Jahr;2023;DLAND;Bundesländer;03;Niedersachsen;BNZAT4;Bodennutzungsarten;BNZAT-2;Landwirtschaftlich genutzte Fläche;RECF01;Rechtsformen;;Insgesamt;FLCG05;Größenklassen der LF;FLCHD010UM;1000 und mehr ha;30;Anzahl;BTR024;Landwirtschaftl. Betriebe mit gepachteten Flächen
41141;Landwirtschaftszählung: Haupterhebung;JAHR;Jahr;2023;DLAND;Bundesländer;03;Niedersachsen;BNZAT4;Bodennutzungsarten;BNZAT-2;Landwirtschaftlich genutzte Fläche;RECF01;Rechtsformen;;Insgesamt;FLCG05;Größenklassen der LF;FLCHD010UM;1000 und mehr ha;624;EUR;ETG009;Pachtentgelt je ha
41141;Landwirtschaftszählung: Haupterhebung;JAHR;Jahr;2023;DLAND;Bundesländer;03;Niedersachsen;BNZAT4;Bodennutzungsarten;BNZAT-2;Landwirtschaftlich genutzte Fläche;RECF01;Rechtsformen;RECHTSF11;Einzelunternehmen;FLCG05;Größenklassen der LF;FLCHA050B100;5 bis unter 10 ha;.;ha;FLC044;Gepachtete Fläche
41141;Landwirtschaftszählung: Haupterhebung;JAHR;Jahr;2023;DLAND;Bundesländer;03;Niedersachsen;BNZAT4;Bodennutzungsarten;BNZAT-2;Landwirtschaftlich genutzte Fläche;RECF01;Rechtsformen;RECHTSF11;Einzelunternehmen;FLCG05;Größenklassen der LF;FLCHA050B100;5 bis unter 10 ha;.;ha;FLC059;LF in Betrieben mit gepachteten Flächen
41141;Landwirtschaftszählung: Haupterhebung;JAHR;Jahr;2023;DLAND;Bundesländer;03;Niedersachsen;BNZAT4;Bodennutzungsarten;BNZAT-2;Landwirtschaftlich genutzte Fläche;RECF01;Rechtsformen;RECHTSF11;Einzelunternehmen;FLCG05;Größenklassen der LF;FLCHA050B100;5 bis unter 10 ha;.;Anzahl;BTR024;Landwirtschaftl. Betriebe mit gepachteten Flächen
41141;Landwirtschaftszählung: Haupterhebung;JAHR;Jahr;2023;DLAND;Bundesländer;03;Niedersachsen;BNZAT4;Bodennutzungsarten;BNZAT-2;Landwirtschaftlich genutzte Fläche;RECF01;Rechtsformen;RECHTSF11;Einzelunternehmen;FLCG05;Größenklassen der LF;FLCHA050B100;5 bis unter 10 ha;.;EUR;ETG009;Pachtentgelt je ha
41141;Landwirtschaftszählung: Haupterhebung;JAHR;Jahr;2020;DLAND;Bundesländer;03;Niedersachsen;BNZAT4;Bodennutzungsarten;BNZAT-2;Landwirtschaftlich genutzte Fläche;RECF01;Rechtsformen;RECHTSF15;Juristische Personen;FLCG05;Größenklassen der LF;FLCHD010UM;1000 und mehr ha;.;ha;FLC044;Gepachtete Fläche
41141;Landwirtschaftszählung: Haupterhebung;JAHR;Jahr;2020;DLAND;Bundesländer;03;Niedersachsen;BNZAT4;Bodennutzungsarten;BNZAT-2;Landwirtschaftlich genutzte Fläche;RECF01;Rechtsformen;RECHTSF15;Juristische Personen;FLCG05;Größenklassen der LF;FLCHD010UM;1000 und mehr ha;.;ha;FLC059;LF in Betrieben mit gepachteten Flächen
41141;Landwirtschaftszählung: Haupterhebung;JAHR;Jahr;2020;DLAND;Bundesländer;03;Niedersachsen;BNZAT4;Bodennutzungsarten;BNZAT-2;Landwirtschaftlich genutzte Fläche;RECF01;Rechtsformen;RECHTSF15;Juristische Personen;FLCG05;Größenklassen der LF;FLCHD010UM;1000 und mehr ha;8;Anzahl;BTR024;Landwirtschaftl. Betriebe mit gepachteten Flächen
41141;Landwirtschaftszählung: Haupterhebung;JAHR;Jahr;2020;DLAND;Bundesländer;03;Niedersachsen;BNZAT4;Bodennutzungsarten;BNZAT-2;Landwirtschaftlich genutzte Fläche;RECF01;Rechtsformen;RECHTSF15;Juristische Personen;FLCG05;Größenklassen der LF;FLCHD010UM;1000 und mehr ha;.;EUR;ETG009;Pachtentgelt je ha
41141;Landwirtschaftszählung: Haupterhebung;JAHR;Jahr;2020;DLAND;Bundesländer;03;Niedersachsen;BNZAT4;Bodennutzungsarten;BNZAT-2;Landwirtschaftlich genutzte Fläche;RECF01;Rechtsformen;RECHTSF11;Einzelunternehmen;FLCG05;Größenklassen der LF;FLCHB020B050;20 bis unter 50 ha;82247;ha;FLC044;Gepachtete Fläche
41141;Landwirtschaftszählung: Haupterhebung;JAHR;Jahr;2020;DLAND;Bundesländer;03;Niedersachsen;BNZAT4;Bodennutzungsarten;BNZAT-2;Landwirtschaftlich genutzte Fläche;RECF01;Rechtsformen;RECHTSF11;Einzelunternehmen;FLCG05;Größenklassen der LF;FLCHB020B050;20 bis unter 50 ha;172910;ha;FLC059;LF in Betrieben mit gepachteten Flächen
41141;Landwirtschaftszählung: Haupterhebung;JAHR;Jahr;2020;DLAND;Bundesländer;03;Niedersachsen;BNZAT4;Bodennutzungsarten;BNZAT-2;Landwirtschaftlich genutzte Fläche;RECF01;Rechtsformen;RECHTSF11;Einzelunternehmen;FLCG05;Größenklassen der LF;FLCHB020B050;20 bis unter 50 ha;4992;Anzahl;BTR024;Landwirtschaftl. Betriebe mit gepachteten Flächen
41141;Landwirtschaftszählung: Haupterhebung;JAHR;Jahr;2020;DLAND;Bundesländer;03;Niedersachsen;BNZAT4;Bodennutzungsarten;BNZAT-2;Landwirtschaftlich genutzte Fläche;RECF01;Rechtsformen;RECHTSF11;Einzelunternehmen;FLCG05;Größenklassen der LF;FLCHB020B050;20 bis unter 50 ha;436;EUR;ETG009;Pachtentgelt je ha
41141;Landwirtschaftszählung: Haupterhebung;JAHR;Jahr;2013;DLAND;Bundesländer;03;Niedersachsen;BNZAT4;Bodennutzungsarten;BNZAT-2;Landwirtschaftlich genutzte Fläche;RECF01;Rechtsformen;RECHTSF121;Personengemeinschaften, -gesellschaften;FLCG05;Größenklassen der LF;FLCHA050B100;5 bis unter 10 ha;/;ha;FLC044;Gepachtete Fläche
41141;Landwirtschaftszählung: Haupterhebung;JAHR;Jahr;2013;DLAND;Bundesländer;03;Niedersachsen;BNZAT4;Bodennutzungsarten;BNZAT-2;Landwirtschaftlich genutzte Fläche;RECF01;Rechtsformen;RECHTSF121;Personengemeinschaften, -gesellschaften;FLCG05;Größenklassen der LF;FLCHA050B100;5 bis unter 10 ha;-;ha;FLC059;LF in Betrieben mit gepachteten Flächen
41141;Landwirtschaftszählung: Haupterhebung;JAHR;Jahr;2013;DLAND;Bundesländer;03;Niedersachsen;BNZAT4;Bodennutzungsarten;BNZAT-2;Landwirtschaftlich genutzte Fläche;RECF01;Rechtsformen;RECHTSF121;Personengemeinschaften, -gesellschaften;FLCG05;Größenklassen der LF;FLCHA050B100;5 bis unter 10 ha;-;Anzahl;BTR024;Landwirtschaftl. Betriebe mit gepachteten Flächen
41141;Landwirtschaftszählung: Haupterhebung;JAHR;Jahr;2013;DLAND;Bundesländer;03;Niedersachsen;BNZAT4;Bodennutzungsarten;BNZAT-2;Landwirtschaftlich genutzte Fläche;RECF01;Rechtsformen;RECHTSF121;Personengemeinschaften, -gesellschaften;FLCG05;Größenklassen der LF;FLCHA050B100;5 bis unter 10 ha;342;EUR;ETG009;Pachtentgelt je ha
41141;Landwirtschaftszählung: Haupterhebung;JAHR;Jahr;2016;DLAND;Bundesländer;03;Niedersachsen;BNZAT4;Bodennutzungsarten;BNZAT-2;Landwirtschaftlich genutzte Fläche;RECF01;Rechtsformen;RECHTSF121;Personengemeinschaften, -gesellschaften;FLCG05;Größenklassen der LF;FLCHA000B050;unter 5 ha;/;ha;FLC044;Gepachtete Fläche
41141;Landwirtschaftszählung: Haupterhebung;JAHR;Jahr;2016;DLAND;Bundesländer;03;Niedersachsen;BNZAT4;Bodennutzungsarten;BNZAT-2;Landwirtschaftlich genutzte Fläche;RECF01;Rechtsformen;RECHTSF121;Personengemeinschaften, -gesellschaften;FLCG05;Größenklassen der LF;FLCHA000B050;unter 5 ha;-;ha;FLC059;LF in Betrieben mit gepachteten Flächen
41141;Landwirtschaftszählung: Haupterhebung;JAHR;Jahr;2016;DLAND;Bundesländer;03;Niedersachsen;BNZAT4;Bodennutzungsarten;BNZAT-2;Landwirtschaftlich genutzte Fläche;RECF01;Rechtsformen;RECHTSF121;Personengemeinschaften, -gesellschaften;FLCG05;Größenklassen der LF;FLCHA000B050;unter 5 ha;-;Anzahl;BTR024;Landwirtschaftl. Betriebe mit gepachteten Flächen
41141;Landwirtschaftszählung: Haupterhebung;JAHR;Jahr;2016;DLAND;Bundesländer;03;Niedersachsen;BNZAT4;Bodennutzungsarten;BNZAT-2;Landwirtschaftlich genutzte Fläche;RECF01;Rechtsformen;RECHTSF121;Personengemeinschaften, -gesellschaften;FLCG05;Größenklassen der LF;FLCHA000B050;unter 5 ha;581;EUR;ETG009;Pachtentgelt je ha
41141;Landwirtschaftszählung: Haupterhebung;JAHR;Jahr;2010;DLAND;Bundesländer;03;Niedersachsen;BNZAT4;Bodennutzungsarten;BNZAT-2;Landwirtschaftlich genutzte Fläche;RECF01;Rechtsformen;RECHTSF11;Einzelunternehmen;FLCG05;Größenklassen der LF;FLCHA050B100;5 bis unter 10 ha;7870;ha;FLC044;Gepachtete Fläche
41141;Landwirtschaftszählung: Haupterhebung;JAHR;Jahr;2010;DLAND;Bundesländer;03;Niedersachsen;BNZAT4;Bodennutzungsarten;BNZAT-2;Landwirtschaftlich genutzte Fläche;RECF01;Rechtsformen;RECHTSF11;Einzelunternehmen;FLCG05;Größenklassen der LF;FLCHA050B100;5 bis unter 10 ha;-;ha;FLC059;LF in Betrieben mit gepachteten Flächen
41141;Landwirtschaftszählung: Haupterhebung;JAHR;Jahr;2010;DLAND;Bundesländer;03;Niedersachsen;BNZAT4;Bodennutzungsarten;BNZAT-2;Landwirtschaftlich genutzte Fläche;RECF01;Rechtsformen;RECHTSF11;Einzelunternehmen;FLCG05;Größenklassen der LF;FLCHA050B100;5 bis unter 10 ha;-;Anzahl;BTR024;Landwirtschaftl. Betriebe mit gepachteten Flächen
41141;Landwirtschaftszählung: Haupterhebung;JAHR;Jahr;2010;DLAND;Bundesländer;03;Niedersachsen;BNZAT4;Bodennutzungsarten;BNZAT-2;Landwirtschaftlich genutzte Fläche;RECF01;Rechtsformen;RECHTSF11;Einzelunternehmen;FLCG05;Größenklassen der LF;FLCHA050B100;5 bis unter 10 ha;231;EUR;ETG009;Pachtentgelt je ha
41141;Landwirtschaftszählung: Haupterhebung;JAHR;Jahr;2010;DLAND;Bundesländer;03;Niedersachsen;BNZAT4;Bodennutzungsarten;BNZAT-2;Landwirtschaftlich genutzte Fläche;RECF01;Rechtsformen;RECHTSF111;Einzelunternehmen, Haupterwerb;FLCG05;Größenklassen der LF;FLCHB010B020;10 bis unter 20 ha;5831;ha;FLC044;Gepachtete Fläche
41141;Landwirtschaftszählung: Haupterhebung;JAHR;Jahr;2010;DLAND;Bundesländer;03;Niedersachsen;BNZAT4;Bodennutzungsarten;BNZAT-2;Landwirtschaftlich genutzte Fläche;RECF01;Rechtsformen;RECHTSF111;Einzelunternehmen, Haupterwerb;FLCG05;Größenklassen der LF;FLCHB010B020;10 bis unter 20 ha;-;ha;FLC059;LF in Betrieben mit gepachteten Flächen
41141;Landwirtschaftszählung: Haupterhebung;JAHR;Jahr;2010;DLAND;Bundesländer;03;Niedersachsen;BNZAT4;Bodennutzungsarten;BNZAT-2;Landwirtschaftlich genutzte Fläche;RECF01;Rechtsformen;RECHTSF111;Einzelunternehmen, Haupterwerb;FLCG05;Größenklassen der LF;FLCHB010B020;10 bis unter 20 ha;-;Anzahl;BTR024;Landwirtschaftl. Betriebe mit gepachteten Flächen
41141;Landwirtschaftszählung: Haupterhebung;JAHR;Jahr;2010;DLAND;Bundesländer;03;Niedersachsen;BNZAT4;Bodennutzungsarten;BNZAT-2;Landwirtschaftlich genutzte Fläche;RECF01;Rechtsformen;RECHTSF111;Einzelunternehmen, Haupterwerb;FLCG05;Größenklassen der LF;FLCHB010B020;10 bis unter 20 ha;309;EUR;ETG009;Pachtentgelt je ha
41141;Landwirtschaftszählung: Haupterhebung;JAHR;Jahr;2010;DLAND;Bundesländer;03;Niedersachsen;BNZAT4;Bodennutzungsarten;BNZAT-2;Landwirtschaftlich genutzte Fläche;RECF01;Rechtsformen;RECHTSF121;Personengemeinschaften, -gesellschaften;FLCG05;Größenklassen der LF;FLCHB050B100;50 bis unter 100 ha;35609;ha;FLC044;Gepachtete Fläche
41141;Landwirtschaftszählung: Haupterhebung;JAHR;Jahr;2010;DLAND;Bundesländer;03;Niedersachsen;BNZAT4;Bodennutzungsarten;BNZAT-2;Landwirtschaftlich genutzte Fläche;RECF01;Rechtsformen;RECHTSF121;Personengemeinschaften, -gesellschaften;FLCG05;Größenklassen der LF;FLCHB050B100;50 bis unter 100 ha;-;ha;FLC059;LF in Betrieben mit gepachteten Flächen
41141;Landwirtschaftszählung: Haupterhebung;JAHR;Jahr;2010;DLAND;Bundesländer;03;Niedersachsen;BNZAT4;Bodennutzungsarten;BNZAT-2;Landwirtschaftlich genutzte Fläche;RECF01;Rechtsformen;RECHTSF121;Personengemeinschaften, -gesellschaften;FLCG05;Größenklassen der LF;FLCHB050B100;50 bis unter 100 ha;-;Anzahl;BTR024;Landwirtschaftl. Betriebe mit gepachteten Flächen
41141;Landwirtschaftszählung: Haupterhebung;JAHR;Jahr;2010;DLAND;Bundesländer;03;Niedersachsen;BNZAT4;Bodennutzungsarten;BNZAT-2;Landwirtschaftlich genutzte Fläche;RECF01;Rechtsformen;RECHTSF121;Personengemeinschaften, -gesellschaften;FLCG05;Größenklassen der LF;FLCHB050B100;50 bis unter 100 ha;315;EUR;ETG009;Pachtentgelt je ha
41141;Landwirtschaftszählung: Haupterhebung;JAHR;Jahr;2016;DLAND;Bundesländer;03;Niedersachsen;BNZAT4;Bodennutzungsarten;BNZAT-2;Landwirtschaftlich genutzte Fläche;RECF01;Rechtsformen;;Insgesamt;FLCG05;Größenklassen der LF;;Insgesamt;1159300;ha;FLC044;Gepachtete Fläche
41141;Landwirtschaftszählung: Haupterhebung;JAHR;Jahr;2016;DLAND;Bundesländer;03;Niedersachsen;BNZAT4;Bodennutzungsarten;BNZAT-2;Landwirtschaftlich genutzte Fläche;RECF01;Rechtsformen;;Insgesamt;FLCG05;Größenklassen der LF;;Insgesamt;-;ha;FLC059;LF in Betrieben mit gepachteten Flächen
41141;Landwirtschaftszählung: Haupterhebung;JAHR;Jahr;2016;DLAND;Bundesländer;03;Niedersachsen;BNZAT4;Bodennutzungsarten;BNZAT-2;Landwirtschaftlich genutzte Fläche;RECF01;Rechtsformen;;Insgesamt;FLCG05;Größenklassen der LF;;Insgesamt;-;Anzahl;BTR024;Landwirtschaftl. Betriebe mit gepachteten Flächen
41141;Landwirtschaftszählung: Haupterhebung;JAHR;Jahr;2016;DLAND;Bundesländer;03;Niedersachsen;BNZAT4;Bodennutzungsarten;BNZAT-2;Landwirtschaftlich genutzte Fläche;RECF01;Rechtsformen;;Insgesamt;FLCG05;Größenklassen der LF;;Insgesamt;460;EUR;ETG009;Pachtentgelt je ha
41141;Landwirtschaftszählung: Haupterhebung;JAHR;Jahr;2010;DLAND;Bundesländer;03;Niedersachsen;BNZAT4;Bodennutzungsarten;BNZAT-2;Landwirtschaftlich genutzte Fläche;RECF01;Rechtsformen;;Insgesamt;FLCG05;Größenklassen der LF;FLCHC010B020;100 bis unter 200 ha;362199;ha;FLC044;Gepachtete Fläche
41141;Landwirtschaftszählung: Haupterhebung;JAHR;Jahr;2010;DLAND;Bundesländer;03;Niedersachsen;BNZAT4;Bodennutzungsarten;BNZAT-2;Landwirtschaftlich genutzte Fläche;RECF01;Rechtsformen;;Insgesamt;FLCG05;Größenklassen der LF;FLCHC010B020;100 bis unter 200 ha;-;ha;FLC059;LF in Betrieben mit gepachteten Flächen
41141;Landwirtschaftszählung: Haupterhebung;JAHR;Jahr;2010;DLAND;Bundesländer;03;Niedersachsen;BNZAT4;Bodennutzungsarten;BNZAT-2;Landwirtschaftlich genutzte Fläche;RECF01;Rechtsformen;;Insgesamt;FLCG05;Größenklassen der LF;FLCHC010B020;100 bis unter 200 ha;-;Anzahl;BTR024;Landwirtschaftl. Betriebe mit gepachteten Flächen
41141;Landwirtschaftszählung: Haupterhebung;JAHR;Jahr;2010;DLAND;Bundesländer;03;Niedersachsen;BNZAT4;Bodennutzungsarten;BNZAT-2;Landwirtschaftlich genutzte Fläche;RECF01;Rechtsformen;;Insgesamt;FLCG05;Größenklassen der LF;FLCHC010B020;100 bis unter 200 ha;303;EUR;ETG009;Pachtentgelt je ha
41141;Landwirtschaftszählung: Haupterhebung;JAHR;Jahr;2016;DLAND;Bundesländer;03;Niedersachsen;BNZAT4;Bodennutzungsarten;BNZAT-2;Landwirtschaftlich genutzte Fläche;RECF01;Rechtsformen;RECHTSF15;Juristische Personen;FLCG05;Größenklassen der LF;FLCHC020B050;200 bis unter 500 ha;/;ha;FLC044;Gepachtete Fläche
41141;Landwirtschaftszählung: Haupterhebung;JAHR;Jahr;2016;DLAND;Bundesländer;03;Niedersachsen;BNZAT4;Bodennutzungsarten;BNZAT-2;Landwirtschaftlich genutzte Fläche;RECF01;Rechtsformen;RECHTSF15;Juristische Personen;FLCG05;Größenklassen der LF;FLCHC020B050;200 bis unter 500 ha;-;ha;FLC059;LF in Betrieben mit gepachteten Flächen
41141;Landwirtschaftszählung: Haupterhebung;JAHR;Jahr;2016;DLAND;Bundesländer;03;Niedersachsen;BNZAT4;Bodennutzungsarten;BNZAT-2;Landwirtschaftlich genutzte Fläche;RECF01;Rechtsformen;RECHTSF15;Juristische Personen;FLCG05;Größenklassen der LF;FLCHC020B050;200 bis unter 500 ha;-;Anzahl;BTR024;Landwirtschaftl. Betriebe mit gepachteten Flächen
41141;Landwirtschaftszählung: Haupterhebung;JAHR;Jahr;2016;DLAND;Bundesländer;03;Niedersachsen;BNZAT4;Bodennutzungsarten;BNZAT-2;Landwirtschaftlich genutzte Fläche;RECF01;Rechtsformen;RECHTSF15;Juristische Personen;FLCG05;Größenklassen der LF;FLCHC020B050;200 bis unter 500 ha;371;EUR;ETG009;Pachtentgelt je ha
41141;Landwirtschaftszählung: Haupterhebung;JAHR;Jahr;2020;DLAND;Bundesländer;03;Niedersachsen;BNZAT4;Bodennutzungsarten;BNZAT-2;Landwirtschaftlich genutzte Fläche;RECF01;Rechtsformen;;Insgesamt;FLCG05;Größenklassen der LF;FLCHB010B020;10 bis unter 20 ha;24591;ha;FLC044;Gepachtete Fläche
41141;Landwirtschaftszählung: Haupterhebung;JAHR;Jahr;2020;DLAND;Bundesländer;03;Niedersachsen;BNZAT4;Bodennutzungsarten;BNZAT-2;Landwirtschaftlich genutzte Fläche;RECF01;Rechtsformen;;Insgesamt;FLCG05;Größenklassen der LF;FLCHB010B020;10 bis unter 20 ha;45581;ha;FLC059;LF in Betrieben mit gepachteten Flächen
41141;Landwirtschaftszählung: Haupterhebung;JAHR;Jahr;2020;DLAND;Bundesländer;03;Niedersachsen;BNZAT4;Bodennutzungsarten;BNZAT-2;Landwirtschaftlich genutzte Fläche;RECF01;Rechtsformen;;Insgesamt;FLCG05;Größenklassen der LF;FLCHB010B020;10 bis unter 20 ha;3072;Anzahl;BTR024;Landwirtschaftl. Betriebe mit gepachteten Flächen
41141;Landwirtschaftszählung: Haupterhebung;JAHR;Jahr;2020;DLAND;Bundesländer;03;Niedersachsen;BNZAT4;Bodennutzungsarten;BNZAT-2;Landwirtschaftlich genutzte Fläche;RECF01;Rechtsformen;;Insgesamt;FLCG05;Größenklassen der LF;FLCHB010B020;10 bis unter 20 ha;364;EUR;ETG009;Pachtentgelt je ha
41141;Landwirtschaftszählung: Haupterhebung;JAHR;Jahr;2020;DLAND;Bundesländer;03;Niedersachsen;BNZAT4;Bodennutzungsarten;BNZAT-2;Landwirtschaftlich genutzte Fläche;RECF01;Rechtsformen;RECHTSF111;Einzelunternehmen, Haupterwerb;FLCG05;Größenklassen der LF;FLCHC050B100;500 bis unter 1000 ha;34775;ha;FLC044;Gepachtete Fläche
41141;Landwirtschaftszählung: Haupterhebung;JAHR;Jahr;2020;DLAND;Bundesländer;03;Niedersachsen;BNZAT4;Bodennutzungsarten;BNZAT-2;Landwirtschaftlich genutzte Fläche;RECF01;Rechtsformen;RECHTSF111;Einzelunternehmen, Haupterwerb;FLCG05;Größenklassen der LF;FLCHC050B100;500 bis unter 1000 ha;51558;ha;FLC059;LF in Betrieben mit gepachteten Flächen
41141;Landwirtschaftszählung: Haupterhebung;JAHR;Jahr;2020;DLAND;Bundesländer;03;Niedersachsen;BNZAT4;Bodennutzungsarten;BNZAT-2;Landwirtschaftlich genutzte Fläche;RECF01;Rechtsformen;RECHTSF111;Einzelunternehmen, Haupterwerb;FLCG05;Größenklassen der LF;FLCHC050B100;500 bis unter 1000 ha;81;Anzahl;BTR024;Landwirtschaftl. Betriebe mit gepachteten Flächen
41141;Landwirtschaftszählung: Haupterhebung;JAHR;Jahr;2020;DLAND;Bundesländer;03;Niedersachsen;BNZAT4;Bodennutzungsarten;BNZAT-2;Landwirtschaftlich genutzte Fläche;RECF01;Rechtsformen;RECHTSF111;Einzelunternehmen, Haupterwerb;FLCG05;Größenklassen der LF;FLCHC050B100;500 bis unter 1000 ha;578;EUR;ETG009;Pachtentgelt je ha
41141;Landwirtschaftszählung: Haupterhebung;JAHR;Jahr;2013;DLAND;Bundesländer;03;Niedersachsen;BNZAT4;Bodennutzungsarten;BNZAT-2;Landwirtschaftlich genutzte Fläche;RECF01;Rechtsformen;RECHTSF11;Einzelunternehmen;FLCG05;Größenklassen der LF;FLCHA000B050;unter 5 ha;900;ha;FLC044;Gepachtete Fläche
41141;Landwirtschaftszählung: Haupterhebung;JAHR;Jahr;2013;DLAND;Bundesländer;03;Niedersachsen;BNZAT4;Bodennutzungsarten;BNZAT-2;Landwirtschaftlich genutzte Fläche;RECF01;Rechtsformen;RECHTSF11;Einzelunternehmen;FLCG05;Größenklassen der LF;FLCHA000B050;unter 5 ha;-;ha;FLC059;LF in Betrieben mit gepachteten Flächen
41141;Landwirtschaftszählung: Haupterhebung;JAHR;Jahr;2013;DLAND;Bundesländer;03;Niedersachsen;BNZAT4;Bodennutzungsarten;BNZAT-2;Landwirtschaftlich genutzte Fläche;RECF01;Rechtsformen;RECHTSF11;Einzelunternehmen;FLCG05;Größenklassen der LF;FLCHA000B050;unter 5 ha;-;Anzahl;BTR024;Landwirtschaftl. Betriebe mit gepachteten Flächen
41141;Landwirtschaftszählung: Haupterhebung;JAHR;Jahr;2013;DLAND;Bundesländer;03;Niedersachsen;BNZAT4;Bodennutzungsarten;BNZAT-2;Landwirtschaftlich genutzte Fläche;RECF01;Rechtsformen;RECHTSF11;Einzelunternehmen;FLCG05;Größenklassen der LF;FLCHA000B050;unter 5 ha;457;EUR;ETG009;Pachtentgelt je ha
41141;Landwirtschaftszählung: Haupterhebung;JAHR;Jahr;2023;DLAND;Bundesländer;03;Niedersachsen;BNZAT4;Bodennutzungsarten;BNZAT-2;Landwirtschaftlich genutzte Fläche;RECF01;Rechtsformen;RECHTSF111;Einzelunternehmen, Haupterwerb;FLCG05;Größenklassen der LF;FLCHB050B100;50 bis unter 100 ha;.;ha;FLC044;Gepachtete Fläche
41141;Landwirtschaftszählung: Haupterhebung;JAHR;Jahr;2023;DLAND;Bundesländer;03;Niedersachsen;BNZAT4;Bodennutzungsarten;BNZAT-2;Landwirtschaftlich genutzte Fläche;RECF01;Rechtsformen;RECHTSF111;Einzelunternehmen, Haupterwerb;FLCG05;Größenklassen der LF;FLCHB050B100;50 bis unter 100 ha;.;ha;FLC059;LF in Betrieben mit gepachteten Flächen
41141;Landwirtschaftszählung: Haupterhebung;JAHR;Jahr;2023;DLAND;Bundesländer;03;Niedersachsen;BNZAT4;Bodennutzungsarten;BNZAT-2;Landwirtschaftlich genutzte Fläche;RECF01;Rechtsformen;RECHTSF111;Einzelunternehmen, Haupterwerb;FLCG05;Größenklassen der LF;FLCHB050B100;50 bis unter 100 ha;.;Anzahl;BTR024;Landwirtschaftl. Betriebe mit gepachteten Flächen
41141;Landwirtschaftszählung: Haupterhebung;JAHR;Jahr;2023;DLAND;Bundesländer;03;Niedersachsen;BNZAT4;Bodennutzungsarten;BNZAT-2;Landwirtschaftlich genutzte Fläche;RECF01;Rechtsformen;RECHTSF111;Einzelunternehmen, Haupterwerb;FLCG05;Größenklassen der LF;FLCHB050B100;50 bis unter 100 ha;.;EUR;ETG009;Pachtentgelt je ha
41141;Landwirtschaftszählung: Haupterhebung;JAHR;Jahr;2016;DLAND;Bundesländer;03;Niedersachsen;BNZAT4;Bodennutzungsarten;BNZAT-2;Landwirtschaftlich genutzte Fläche;RECF01;Rechtsformen;RECHTSF111;Einzelunternehmen, Haupterwerb;FLCG05;Größenklassen der LF;FLCHC050B100;500 bis unter 1000 ha;16700;ha;FLC044;Gepachtete Fläche
41141;Landwirtschaftszählung: Haupterhebung;JAHR;Jahr;2016;DLAND;Bundesländer;03;Niedersachsen;BNZAT4;Bodennutzungsarten;BNZAT-2;Landwirtschaftlich genutzte Fläche;RECF01;Rechtsformen;RECHTSF111;Einzelunternehmen, Haupterwerb;FLCG05;Größenklassen der LF;FLCHC050B100;500 bis unter 1000 ha;-;ha;FLC059;LF in Betrieben mit gepachteten Flächen
41141;Landwirtschaftszählung: Haupterhebung;JAHR;Jahr;2016;DLAND;Bundesländer;03;Niedersachsen;BNZAT4;Bodennutzungsarten;BNZAT-2;Landwirtschaftlich genutzte Fläche;RECF01;Rechtsformen;RECHTSF111;Einzelunternehmen, Haupterwerb;FLCG05;Größenklassen der LF;FLCHC050B100;500 bis unter 1000 ha;-;Anzahl;BTR024;Landwirtschaftl. Betriebe mit gepachteten Flächen
41141;Landwirtschaftszählung: Haupterhebung;JAHR;Jahr;2016;DLAND;Bundesländer;03;Niedersachsen;BNZAT4;Bodennutzungsarten;BNZAT-2;Landwirtschaftlich genutzte Fläche;RECF01;Rechtsformen;RECHTSF111;Einzelunternehmen, Haupterwerb;FLCG05;Größenklassen der LF;FLCHC050B100;500 bis unter 1000 ha;508;EUR;ETG009;Pachtentgelt je ha
41141;Landwirtschaftszählung: Haupterhebung;JAHR;Jahr;2020;DLAND;Bundesländer;03;Niedersachsen;BNZAT4;Bodennutzungsarten;BNZAT-2;Landwirtschaftlich genutzte Fläche;RECF01;Rechtsformen;RECHTSF11;Einzelunternehmen;FLCG05;Größenklassen der LF;FLCHB010B020;10 bis unter 20 ha;22789;ha;FLC044;Gepachtete Fläche
41141;Landwirtschaftszählung: Haupterhebung;JAHR;Jahr;2020;DLAND;Bundesländer;03;Niedersachsen;BNZAT4;Bodennutzungsarten;BNZAT-2;Landwirtschaftlich genutzte Fläche;RECF01;Rechtsformen;RECHTSF11;Einzelunternehmen;FLCG05;Größenklassen der LF;FLCHB010B020;10 bis unter 20 ha;42789;ha;FLC059;LF in Betrieben mit gepachteten Flächen
41141;Landwirtschaftszählung: Haupterhebung;JAHR;Jahr;2020;DLAND;Bundesländer;03;Niedersachsen;BNZAT4;Bodennutzungsarten;BNZAT-2;Landwirtschaftlich genutzte Fläche;RECF01;Rechtsformen;RECHTSF11;Einzelunternehmen;FLCG05;Größenklassen der LF;FLCHB010B020;10 bis unter 20 ha;2883;Anzahl;BTR024;Landwirtschaftl. Betriebe mit gepachteten Flächen
41141;Landwirtschaftszählung: Haupterhebung;JAHR;Jahr;2020;DLAND;Bundesländer;03;Niedersachsen;BNZAT4;Bodennutzungsarten;BNZAT-2;Landwirtschaftlich genutzte Fläche;RECF01;Rechtsformen;RECHTSF11;Einzelunternehmen;FLCG05;Größenklassen der LF;FLCHB010B020;10 bis unter 20 ha;356;EUR;ETG009;Pachtentgelt je ha
41141;Landwirtschaftszählung: Haupterhebung;JAHR;Jahr;2016;DLAND;Bundesländer;03;Niedersachsen;BNZAT4;Bodennutzungsarten;BNZAT-2;Landwirtschaftlich genutzte Fläche;RECF01;Rechtsformen;RECHTSF15;Juristische Personen;FLCG05;Größenklassen der LF;FLCHC050B100;500 bis unter 1000 ha;1300;ha;FLC044;Gepachtete Fläche
41141;Landwirtschaftszählung: Haupterhebung;JAHR;Jahr;2016;DLAND;Bundesländer;03;Niedersachsen;BNZAT4;Bodennutzungsarten;BNZAT-2;Landwirtschaftlich genutzte Fläche;RECF01;Rechtsformen;RECHTSF15;Juristische Personen;FLCG05;Größenklassen der LF;FLCHC050B100;500 bis unter 1000 ha;-;ha;FLC059;LF in Betrieben mit gepachteten Flächen
41141;Landwirtschaftszählung: Haupterhebung;JAHR;Jahr;2016;DLAND;Bundesländer;03;Niedersachsen;BNZAT4;Bodennutzungsarten;BNZAT-2;Landwirtschaftlich genutzte Fläche;RECF01;Rechtsformen;RECHTSF15;Juristische Personen;FLCG05;Größenklassen der LF;FLCHC050B100;500 bis unter 1000 ha;-;Anzahl;BTR024;Landwirtschaftl. Betriebe mit gepachteten Flächen
41141;Landwirtschaftszählung: Haupterhebung;JAHR;Jahr;2016;DLAND;Bundesländer;03;Niedersachsen;BNZAT4;Bodennutzungsarten;BNZAT-2;Landwirtschaftlich genutzte Fläche;RECF01;Rechtsformen;RECHTSF15;Juristische Personen;FLCG05;Größenklassen der LF;FLCHC050B100;500 bis unter 1000 ha;328;EUR;ETG009;Pachtentgelt je ha
41141;Landwirtschaftszählung: Haupterhebung;JAHR;Jahr;2013;DLAND;Bundesländer;03;Niedersachsen;BNZAT4;Bodennutzungsarten;BNZAT-2;Landwirtschaftlich genutzte Fläche;RECF01;Rechtsformen;RECHTSF121;Personengemeinschaften, -gesellschaften;FLCG05;Größenklassen der LF;;Insgesamt;238100;ha;FLC044;Gepachtete Fläche
41141;Landwirtschaftszählung: Haupterhebung;JAHR;Jahr;2013;DLAND;Bundesländer;03;Niedersachsen;BNZAT4;Bodennutzungsarten;BNZAT-2;Landwirtschaftlich genutzte Fläche;RECF01;Rechtsformen;RECHTSF121;Personengemeinschaften, -gesellschaften;FLCG05;Größenklassen der LF;;Insgesamt;-;ha;FLC059;LF in Betrieben mit gepachteten Flächen
41141;Landwirtschaftszählung: Haupterhebung;JAHR;Jahr;2013;DLAND;Bundesländer;03;Niedersachsen;BNZAT4;Bodennutzungsarten;BNZAT-2;Landwirtschaftlich genutzte Fläche;RECF01;Rechtsformen;RECHTSF121;Personengemeinschaften, -gesellschaften;FLCG05;Größenklassen der LF;;Insgesamt;-;Anzahl;BTR024;Landwirtschaftl. Betriebe mit gepachteten Flächen
41141;Landwirtschaftszählung: Haupterhebung;JAHR;Jahr;2013;DLAND;Bundesländer;03;Niedersachsen;BNZAT4;Bodennutzungsarten;BNZAT-2;Landwirtschaftlich genutzte Fläche;RECF01;Rechtsformen;RECHTSF121;Personengemeinschaften, -gesellschaften;FLCG05;Größenklassen der LF;;Insgesamt;389;EUR;ETG009;Pachtentgelt je ha
41141;Landwirtschaftszählung: Haupterhebung;JAHR;Jahr;2010;DLAND;Bundesländer;03;Niedersachsen;BNZAT4;Bodennutzungsarten;BNZAT-2;Landwirtschaftlich genutzte Fläche;RECF01;Rechtsformen;RECHTSF121;Personengemeinschaften, -gesellschaften;FLCG05;Größenklassen der LF;FLCHB020B050;20 bis unter 50 ha;6640;ha;FLC044;Gepachtete Fläche
41141;Landwirtschaftszählung: Haupterhebung;JAHR;Jahr;2010;DLAND;Bundesländer;03;Niedersachsen;BNZAT4;Bodennutzungsarten;BNZAT-2;Landwirtschaftlich genutzte Fläche;RECF01;Rechtsformen;RECHTSF121;Personengemeinschaften, -gesellschaften;FLCG05;Größenklassen der LF;FLCHB020B050;20 bis unter 50 ha;-;ha;FLC059;LF in Betrieben mit gepachteten Flächen
41141;Landwirtschaftszählung: Haupterhebung;JAHR;Jahr;2010;DLAND;Bundesländer;03;Niedersachsen;BNZAT4;Bodennutzungsarten;BNZAT-2;Landwirtschaftlich genutzte Fläche;RECF01;Rechtsformen;RECHTSF121;Personengemeinschaften, -gesellschaften;FLCG05;Größenklassen der LF;FLCHB020B050;20 bis unter 50 ha;-;Anzahl;BTR024;Landwirtschaftl. Betriebe mit gepachteten Flächen
41141;Landwirtschaftszählung: Haupterhebung;JAHR;Jahr;2010;DLAND;Bundesländer;03;Niedersachsen;BNZAT4;Bodennutzungsarten;BNZAT-2;Landwirtschaftlich genutzte Fläche;RECF01;Rechtsformen;RECHTSF121;Personengemeinschaften, -gesellschaften;FLCG05;Größenklassen der LF;FLCHB020B050;20 bis unter 50 ha;374;EUR;ETG009;Pachtentgelt je ha
41141;Landwirtschaftszählung: Haupterhebung;JAHR;Jahr;2010;DLAND;Bundesländer;03;Niedersachsen;BNZAT4;Bodennutzungsarten;BNZAT-2;Landwirtschaftlich genutzte Fläche;RECF01;Rechtsformen;RECHTSF112;Einzelunternehmen, Nebenerwerb;FLCG05;Größenklassen der LF;FLCHB010B020;10 bis unter 20 ha;18287;ha;FLC044;Gepachtete Fläche
41141;Landwirtschaftszählung: Haupterhebung;JAHR;Jahr;2010;DLAND;Bundesländer;03;Niedersachsen;BNZAT4;Bodennutzungsarten;BNZAT-2;Landwirtschaftlich genutzte Fläche;RECF01;Rechtsformen;RECHTSF112;Einzelunternehmen, Nebenerwerb;FLCG05;Größenklassen der LF;FLCHB010B020;10 bis unter 20 ha;-;ha;FLC059;LF in Betrieben mit gepachteten Flächen
41141;Landwirtschaftszählung: Haupterhebung;JAHR;Jahr;2010;DLAND;Bundesländer;03;Niedersachsen;BNZAT4;Bodennutzungsarten;BNZAT-2;Landwirtschaftlich genutzte Fläche;RECF01;Rechtsformen;RECHTSF112;Einzelunternehmen, Nebenerwerb;FLCG05;Größenklassen der LF;FLCHB010B020;10 bis unter 20 ha;-;Anzahl;BTR024;Landwirtschaftl. Betriebe mit gepachteten Flächen
41141;Landwirtschaftszählung: Haupterhebung;JAHR;Jahr;2010;DLAND;Bundesländer;03;Niedersachsen;BNZAT4;Bodennutzungsarten;BNZAT-2;Landwirtschaftlich genutzte Fläche;RECF01;Rechtsformen;RECHTSF112;Einzelunternehmen, Nebenerwerb;FLCG05;Größenklassen der LF;FLCHB010B020;10 bis unter 20 ha;237;EUR;ETG009;Pachtentgelt je ha
