statistics_code;statistics_label;time_code;time_label;time;1_variable_code;1_variable_label;1_variable_attribute_code;1_variable_attribute_label;2_variable_code;2_variable_label;2_variable_attribute_code;2_variable_attribute_label;value;value_unit;value_variable_code;value_variable_label
41241;Ernte-u.Betriebsbericht: Feldfrüchte und Grünland;JAHR;Jahr;1956;DINSG;Deutschland insgesamt;DG;Deutschland;FRUA01;Fruchtarten;FRUART067;Lupinen;.;ha;FLC016;Anbaufläche
41241;Ernte-u.Betriebsbericht: Feldfrüchte und Grünland;JAHR;Jahr;1975;DINSG;Deutschland insgesamt;DG;Deutschland;FRUA01;Fruchtarten;FRUART05111;Winterraps;80917;ha;FLC016;Anbaufläche
41241;Ernte-u.Betriebsbericht: Feldfrüchte und Grünland;JAHR;Jahr;1965;DINSG;Deutschland insgesamt;DG;Deutschland;FRUA01;Fruchtarten;FRUART01111W;Weichweizen;.;ha;FLC016;Anbaufläche
41241;Ernte-u.Betriebsbericht: Feldfrüchte und Grünland;JAHR;Jahr;2003;DINSG;Deutschland insgesamt;DG;Deutschland;FRUA01;Fruchtarten;FRUART01111W;Weichweizen;2956382;ha;FLC016;Anbaufläche
41241;Ernte-u.Betriebsbericht: Feldfrüchte und Grünland;JAHR;Jahr;2006;DINSG;Deutschland insgesamt;DG;Deutschland;FRUA01;Fruchtarten;FRUART032;Zuckerrüben;357600;ha;FLC016;Anbaufläche
41241;Ernte-u.Betriebsbericht: Feldfrüchte und Grünland;JAHR;Jahr;1959;DINSG;Deutschland insgesamt;DG;Deutschland;FRUA01;Fruchtarten;FRUART012;Futter- und Industriegetreide;2123944;ha;FLC016;Anbaufläche
41241;Ernte-u.Betriebsbericht: Feldfrüchte und Grünland;JAHR;Jahr;1989;DINSG;Deutschland insgesamt;DG;Deutschland;FRUA01;Fruchtarten;FRUART0111;Weizen;1776897;ha;FLC016;Anbaufläche
41241;Ernte-u.Betriebsbericht: Feldfrüchte und Grünland;JAHR;Jahr;1961;DINSG;Deutschland insgesamt;DG;Deutschland;FRUA01;Fruchtarten;FRUART0514;Andere Ölfrüchte;.;ha;FLC016;Anbaufläche
41241;Ernte-u.Betriebsbericht: Feldfrüchte und Grünland;JAHR;Jahr;1961;DINSG;Deutschland insgesamt;DG;Deutschland;FRUA01;Fruchtarten;FRUART04OS;Gemüse, Spargel, Erdbeeren (ohne Samenbau);.;ha;FLC016;Anbaufläche
41241;Ernte-u.Betriebsbericht: Feldfrüchte und Grünland;JAHR;Jahr;2008;DINSG;Deutschland insgesamt;DG;Deutschland;FRUA01;Fruchtarten;FRUART05111;Winterraps;1363400;ha;FLC016;Anbaufläche
41241;Ernte-u.Betriebsbericht: Feldfrüchte und Grünland;JAHR;Jahr;1999;DINSG;Deutschland insgesamt;DG;Deutschland;FRUA01;Fruchtarten;FRUART055;Heil- und Gewürzpflanzen;6093;ha;FLC016;Anbaufläche
41241;Ernte-u.Betriebsbericht: Feldfrüchte und Grünland;JAHR;Jahr;1985;DINSG;Deutschland insgesamt;DG;Deutschland;FRUA01;Fruchtarten;FRUART065;Raufutter;.;ha;FLC016;Anbaufläche
41241;Ernte-u.Betriebsbericht: Feldfrüchte und Grünland;JAHR;Jahr;1993;DINSG;Deutschland insgesamt;DG;Deutschland;FRUA01;Fruchtarten;FRUART0112;Roggen;661812;ha;FLC016;Anbaufläche
41241;Ernte-u.Betriebsbericht: Feldfrüchte und Grünland;JAHR;Jahr;1996;DINSG;Deutschland insgesamt;DG;Deutschland;FRUA01;Fruchtarten;FRUART053;Tabak;3185;ha;FLC016;Anbaufläche
41241;Ernte-u.Betriebsbericht: Feldfrüchte und Grünland;JAHR;Jahr;1953;DINSG;Deutschland insgesamt;DG;Deutschland;FRUA01;Fruchtarten;FRUART065;Raufutter;.;ha;FLC016;Anbaufläche
41241;Ernte-u.Betriebsbericht: Feldfrüchte und Grünland;JAHR;Jahr;1954;DINSG;Deutschland insgesamt;DG;Deutschland;FRUA01;Fruchtarten;FRUART0111;Weizen;1116953;ha;FLC016;Anbaufläche
41241;Ernte-u.Betriebsbericht: Feldfrüchte und Grünland;JAHR;Jahr;1952;DINSG;Deutschland insgesamt;DG;Deutschland;FRUA01;Fruchtarten;FRUART013CCM;Körnermais (einschl. CCM);7454;ha;FLC016;Anbaufläche
41241;Ernte-u.Betriebsbericht: Feldfrüchte und Grünland;JAHR;Jahr;1975;DINSG;Deutschland insgesamt;DG;Deutschland;FRUA01;Fruchtarten;FRUART0121;Gerste;1756210;ha;FLC016;Anbaufläche
41241;Ernte-u.Betriebsbericht: Feldfrüchte und Grünland;JAHR;Jahr;1967;DINSG;Deutschland insgesamt;DG;Deutschland;FRUA01;Fruchtarten;FRUART0121;Gerste;1308293;ha;FLC016;Anbaufläche
41241;Ernte-u.Betriebsbericht: Feldfrüchte und Grünland;JAHR;Jahr;2007;DINSG;Deutschland insgesamt;DG;Deutschland;FRUA01;Fruchtarten;FRUART0122;Hafer;177831;ha;FLC016;Anbaufläche
41241;Ernte-u.Betriebsbericht: Feldfrüchte und Grünland;JAHR;Jahr;1996;DINSG;Deutschland insgesamt;DG;Deutschland;FRUA01;Fruchtarten;FRUART05111;Winterraps;777190;ha;FLC016;Anbaufläche
41241;Ernte-u.Betriebsbericht: Feldfrüchte und Grünland;JAHR;Jahr;1968;DINSG;Deutschland insgesamt;DG;Deutschland;FRUA01;Fruchtarten;FRUART05112;Sommerraps, Winter- und Sommerrübsen;7001;ha;FLC016;Anbaufläche
41241;Ernte-u.Betriebsbericht: Feldfrüchte und Grünland;JAHR;Jahr;1988;DINSG;Deutschland insgesamt;DG;Deutschland;FRUA01;Fruchtarten;FRUART067;Lupinen;.;ha;FLC016;Anbaufläche
41241;Ernte-u.Betriebsbericht: Feldfrüchte und Grünland;JAHR;Jahr;1981;DINSG;Deutschland insgesamt;DG;Deutschland;FRUA01;Fruchtarten;FRUART011;Brotgetreide;2131887;ha;FLC016;Anbaufläche
41241;Ernte-u.Betriebsbericht: Feldfrüchte und Grünland;JAHR;Jahr;1974;DINSG;Deutschland insgesamt;DG;Deutschland;FRUA01;Fruchtarten;FRUART033;Runkelrüben;254632;ha;FLC016;Anbaufläche
41241;Ernte-u.Betriebsbericht: Feldfrüchte und Grünland;JAHR;Jahr;1974;DINSG;Deutschland insgesamt;DG;Deutschland;FRUA01;Fruchtarten;FRUART031INK;Industriekartoffeln;.;ha;FLC016;Anbaufläche
41241;Ernte-u.Betriebsbericht: Feldfrüchte und Grünland;JAHR;Jahr;1999;DINSG;Deutschland insgesamt;DG;Deutschland;FRUA01;Fruchtarten;FRUART01113;Hartweizen (Durum);12021;ha;FLC016;Anbaufläche
41241;Ernte-u.Betriebsbericht: Feldfrüchte und Grünland;JAHR;Jahr;1963;DINSG;Deutschland insgesamt;DG;Deutschland;FRUA01;Fruchtarten;FRUART032;Zuckerrüben;300656;ha;FLC016;Anbaufläche
41241;Ernte-u.Betriebsbericht: Feldfrüchte und Grünland;JAHR;Jahr;1957;DINSG;Deutschland insgesamt;DG;Deutschland;FRUA01;Fruchtarten;FRUART0513;Körnersonnenblumen;.;ha;FLC016;Anbaufläche
41241;Ernte-u.Betriebsbericht: Feldfrüchte und Grünland;JAHR;Jahr;1990;DINSG;Deutschland insgesamt;DG;Deutschland;FRUA01;Fruchtarten;FRUART0511;Raps und Rübsen;719740;ha;FLC016;Anbaufläche
41241;Ernte-u.Betriebsbericht: Feldfrüchte und Grünland;JAHR;Jahr;1953;DINSG;Deutschland insgesamt;DG;Deutschland;FRUA01;Fruchtarten;FRUART0514;Andere Ölfrüchte;.;ha;FLC016;Anbaufläche
41241;Ernte-u.Betriebsbericht: Feldfrüchte und Grünland;JAHR;Jahr;1953;DINSG;Deutschland insgesamt;DG;Deutschland;FRUA01;Fruchtarten;FRUART04OS;Gemüse, Spargel, Erdbeeren (ohne Samenbau);.;ha;FLC016;Anbaufläche
41241;Ernte-u.Betriebsbericht: Feldfrüchte und Grünland;JAHR;Jahr;1950;DINSG;Deutschland insgesamt;DG;Deutschland;FRUA01;Fruchtarten;FRUART063;Feldgras/Grasanbau auf dem Ackerland;238192;ha;FLC016;Anbaufläche
41241;Ernte-u.Betriebsbericht: Feldfrüchte und Grünland;JAHR;Jahr;1989;DINSG;Deutschland insgesamt;DG;Deutschland;FRUA01;Fruchtarten;FRUART062;Luzerne;.;ha;FLC016;Anbaufläche
41241;Ernte-u.Betriebsbericht: Feldfrüchte und Grünland;JAHR;Jahr;2009;DINSG;Deutschland insgesamt;DG;Deutschland;FRUA01;Fruchtarten;FRUART034;Alle anderen Hackfrüchte;2900;ha;FLC016;Anbaufläche
41241;Ernte-u.Betriebsbericht: Feldfrüchte und Grünland;JAHR;Jahr;1979;DINSG;Deutschland insgesamt;DG;Deutschland;FRUA01;Fruchtarten;FRUART031MUS;Mittelfrühe und späte Kartoffeln;254683;ha;FLC016;Anbaufläche
41241;Ernte-u.Betriebsbericht: Feldfrüchte und Grünland;JAHR;Jahr;1985;DINSG;Deutschland insgesamt;DG;Deutschland;FRUA01;Fruchtarten;FRUART052;Hopfen;19459;ha;FLC016;Anbaufläche
41241;Ernte-u.Betriebsbericht: Feldfrüchte und Grünland;JAHR;Jahr;1974;DINSG;Deutschland insgesamt;DG;Deutschland;FRUA01;Fruchtarten;FRUART0511;Raps und Rübsen;110232;ha;FLC016;Anbaufläche
41241;Ernte-u.Betriebsbericht: Feldfrüchte und Grünland;JAHR;Jahr;2002;DINSG;Deutschland insgesamt;DG;Deutschland;FRUA01;Fruchtarten;FRUART022;Ackerbohnen;18518;ha;FLC016;Anbaufläche
41241;Ernte-u.Betriebsbericht: Feldfrüchte und Grünland;JAHR;Jahr;1967;DINSG;Deutschland insgesamt;DG;Deutschland;FRUA01;Fruchtarten;FRUART042;Gartenbausämereien,Vermehrungsanbau v.Blumenzwieb.;.;ha;FLC016;Anbaufläche
41241;Ernte-u.Betriebsbericht: Feldfrüchte und Grünland;JAHR;Jahr;1970;DINSG;Deutschland insgesamt;DG;Deutschland;FRUA01;Fruchtarten;FRUART023;Alle anderen Hülsenfrüchte;10486;ha;FLC016;Anbaufläche
41241;Ernte-u.Betriebsbericht: Feldfrüchte und Grünland;JAHR;Jahr;1950;DINSG;Deutschland insgesamt;DG;Deutschland;FRUA01;Fruchtarten;FRUART031MUS;Mittelfrühe und späte Kartoffeln;1068292;ha;FLC016;Anbaufläche
41241;Ernte-u.Betriebsbericht: Feldfrüchte und Grünland;JAHR;Jahr;1952;DINSG;Deutschland insgesamt;DG;Deutschland;FRUA01;Fruchtarten;FRUART013;Körnermais;.;ha;FLC016;Anbaufläche
41241;Ernte-u.Betriebsbericht: Feldfrüchte und Grünland;JAHR;Jahr;1993;DINSG;Deutschland insgesamt;DG;Deutschland;FRUA01;Fruchtarten;FRUART031MUS;Mittelfrühe und späte Kartoffeln;289938;ha;FLC016;Anbaufläche
41241;Ernte-u.Betriebsbericht: Feldfrüchte und Grünland;JAHR;Jahr;1988;DINSG;Deutschland insgesamt;DG;Deutschland;FRUA01;Fruchtarten;FRUART0514;Andere Ölfrüchte;.;ha;FLC016;Anbaufläche
41241;Ernte-u.Betriebsbericht: Feldfrüchte und Grünland;JAHR;Jahr;1988;DINSG;Deutschland insgesamt;DG;Deutschland;FRUA01;Fruchtarten;FRUART04OS;Gemüse, Spargel, Erdbeeren (ohne Samenbau);.;ha;FLC016;Anbaufläche
41241;Ernte-u.Betriebsbericht: Feldfrüchte und Grünland;JAHR;Jahr;1974;DINSG;Deutschland insgesamt;DG;Deutschland;FRUA01;Fruchtarten;FRUART031FSK;Frühe Speisekartoffeln;36325;ha;FLC016;Anbaufläche
41241;Ernte-u.Betriebsbericht: Feldfrüchte und Grünland;JAHR;Jahr;1956;DINSG;Deutschland insgesamt;DG;Deutschland;FRUA01;Fruchtarten;FRUART023;Alle anderen Hülsenfrüchte;29804;ha;FLC016;Anbaufläche
41241;Ernte-u.Betriebsbericht: Feldfrüchte und Grünland;JAHR;Jahr;1999;DINSG;Deutschland insgesamt;DG;Deutschland;FRUA01;Fruchtarten;FRUART011;Brotgetreide;3358043;ha;FLC016;Anbaufläche
41241;Ernte-u.Betriebsbericht: Feldfrüchte und Grünland;JAHR;Jahr;1976;DINSG;Deutschland insgesamt;DG;Deutschland;FRUA01;Fruchtarten;FRUART014;Corn-Cob-Mix;.;ha;FLC016;Anbaufläche
41241;Ernte-u.Betriebsbericht: Feldfrüchte und Grünland;JAHR;Jahr;1996;DINSG;Deutschland insgesamt;DG;Deutschland;FRUA01;Fruchtarten;FRUART066;Alle anderen Futterpflanzen;44758;ha;FLC016;Anbaufläche
41241;Ernte-u.Betriebsbericht: Feldfrüchte und Grünland;JAHR;Jahr;1998;DINSG;Deutschland insgesamt;DG;Deutschland;FRUA01;Fruchtarten;FRUART0122;Hafer;264143;ha;FLC016;Anbaufläche
41241;Ernte-u.Betriebsbericht: Feldfrüchte und Grünland;JAHR;Jahr;1985;DINSG;Deutschland insgesamt;DG;Deutschland;FRUA01;Fruchtarten;FRUART021;Futtererbsen;.;ha;FLC016;Anbaufläche
41241;Ernte-u.Betriebsbericht: Feldfrüchte und Grünland;JAHR;Jahr;1975;DINSG;Deutschland insgesamt;DG;Deutschland;FRUA01;Fruchtarten;FRUART01212;Sommergerste;1067686;ha;FLC016;Anbaufläche
41241;Ernte-u.Betriebsbericht: Feldfrüchte und Grünland;JAHR;Jahr;1980;DINSG;Deutschland insgesamt;DG;Deutschland;FRUA01;Fruchtarten;FRUART01OKM;Getreide (ohne Körnermais und CCM);5093344;ha;FLC016;Anbaufläche
41241;Ernte-u.Betriebsbericht: Feldfrüchte und Grünland;JAHR;Jahr;2006;DINSG;Deutschland insgesamt;DG;Deutschland;FRUA01;Fruchtarten;FRUART0512;Flachs (Lein);13700;ha;FLC016;Anbaufläche
41241;Ernte-u.Betriebsbericht: Feldfrüchte und Grünland;JAHR;Jahr;1971;DINSG;Deutschland insgesamt;DG;Deutschland;FRUA01;Fruchtarten;FRUART062;Luzerne;.;ha;FLC016;Anbaufläche
41241;Ernte-u.Betriebsbericht: Feldfrüchte und Grünland;JAHR;Jahr;1957;DINSG;Deutschland insgesamt;DG;Deutschland;FRUA01;Fruchtarten;FRUART01113;Hartweizen (Durum);.;ha;FLC016;Anbaufläche
41241;Ernte-u.Betriebsbericht: Feldfrüchte und Grünland;JAHR;Jahr;1959;DINSG;Deutschland insgesamt;DG;Deutschland;FRUA01;Fruchtarten;FRUART0121;Gerste;951120;ha;FLC016;Anbaufläche
41241;Ernte-u.Betriebsbericht: Feldfrüchte und Grünland;JAHR;Jahr;1990;DINSG;Deutschland insgesamt;DG;Deutschland;FRUA01;Fruchtarten;FRUART01112;Sommerweizen;48894;ha;FLC016;Anbaufläche
41241;Ernte-u.Betriebsbericht: Feldfrüchte und Grünland;JAHR;Jahr;2007;DINSG;Deutschland insgesamt;DG;Deutschland;FRUA01;Fruchtarten;FRUART053;Tabak;3166;ha;FLC016;Anbaufläche
41241;Ernte-u.Betriebsbericht: Feldfrüchte und Grünland;JAHR;Jahr;1974;DINSG;Deutschland insgesamt;DG;Deutschland;FRUA01;Fruchtarten;FRUART064;Silomais (einschl. Lieschkolbenschrot);380678;ha;FLC016;Anbaufläche
41241;Ernte-u.Betriebsbericht: Feldfrüchte und Grünland;JAHR;Jahr;1950;DINSG;Deutschland insgesamt;DG;Deutschland;FRUA01;Fruchtarten;FRUART0112;Roggen;1377341;ha;FLC016;Anbaufläche
41241;Ernte-u.Betriebsbericht: Feldfrüchte und Grünland;JAHR;Jahr;1993;DINSG;Deutschland insgesamt;DG;Deutschland;FRUA01;Fruchtarten;FRUART064;Silomais (einschl. Lieschkolbenschrot);1264374;ha;FLC016;Anbaufläche
41241;Ernte-u.Betriebsbericht: Feldfrüchte und Grünland;JAHR;Jahr;1989;DINSG;Deutschland insgesamt;DG;Deutschland;FRUA01;Fruchtarten;FRUART0124;Triticale;29247;ha;FLC016;Anbaufläche
41241;Ernte-u.Betriebsbericht: Feldfrüchte und Grünland;JAHR;Jahr;1988;DINSG;Deutschland insgesamt;DG;Deutschland;FRUA01;Fruchtarten;FRUART023;Alle anderen Hülsenfrüchte;34868;ha;FLC016;Anbaufläche
41241;Ernte-u.Betriebsbericht: Feldfrüchte und Grünland;JAHR;Jahr;1966;DINSG;Deutschland insgesamt;DG;Deutschland;FRUA01;Fruchtarten;FRUART034;Alle anderen Hackfrüchte;59099;ha;FLC016;Anbaufläche
41241;Ernte-u.Betriebsbericht: Feldfrüchte und Grünland;JAHR;Jahr;1971;DINSG;Deutschland insgesamt;DG;Deutschland;FRUA01;Fruchtarten;FRUART0122;Hafer;835683;ha;FLC016;Anbaufläche
41241;Ernte-u.Betriebsbericht: Feldfrüchte und Grünland;JAHR;Jahr;1953;DINSG;Deutschland insgesamt;DG;Deutschland;FRUA01;Fruchtarten;FRUART021;Futtererbsen;.;ha;FLC016;Anbaufläche
41241;Ernte-u.Betriebsbericht: Feldfrüchte und Grünland;JAHR;Jahr;2000;DINSG;Deutschland insgesamt;DG;Deutschland;FRUA01;Fruchtarten;FRUART041;Blumen u. Zierpflanzen einschl.Jungpfl.(o.Samenb.);8265;ha;FLC016;Anbaufläche
41241;Ernte-u.Betriebsbericht: Feldfrüchte und Grünland;JAHR;Jahr;1981;DINSG;Deutschland insgesamt;DG;Deutschland;FRUA01;Fruchtarten;FRUART055;Heil- und Gewürzpflanzen;.;ha;FLC016;Anbaufläche
41241;Ernte-u.Betriebsbericht: Feldfrüchte und Grünland;JAHR;Jahr;1962;DINSG;Deutschland insgesamt;DG;Deutschland;FRUA01;Fruchtarten;FRUART0111;Weizen;1319433;ha;FLC016;Anbaufläche
41241;Ernte-u.Betriebsbericht: Feldfrüchte und Grünland;JAHR;Jahr;1977;DINSG;Deutschland insgesamt;DG;Deutschland;FRUA01;Fruchtarten;FRUART022;Ackerbohnen;6661;ha;FLC016;Anbaufläche
41241;Ernte-u.Betriebsbericht: Feldfrüchte und Grünland;JAHR;Jahr;1957;DINSG;Deutschland insgesamt;DG;Deutschland;FRUA01;Fruchtarten;FRUART031;Kartoffeln;1132558;ha;FLC016;Anbaufläche
41241;Ernte-u.Betriebsbericht: Feldfrüchte und Grünland;JAHR;Jahr;1958;DINSG;Deutschland insgesamt;DG;Deutschland;FRUA01;Fruchtarten;FRUART0123;Sommermenggetreide;337846;ha;FLC016;Anbaufläche
41241;Ernte-u.Betriebsbericht: Feldfrüchte und Grünland;JAHR;Jahr;1993;DINSG;Deutschland insgesamt;DG;Deutschland;FRUA01;Fruchtarten;FRUART051;Ölfrüchte;1126766;ha;FLC016;Anbaufläche
41241;Ernte-u.Betriebsbericht: Feldfrüchte und Grünland;JAHR;Jahr;1989;DINSG;Deutschland insgesamt;DG;Deutschland;FRUA01;Fruchtarten;FRUART031SPK;Speisekartoffeln;.;ha;FLC016;Anbaufläche
41241;Ernte-u.Betriebsbericht: Feldfrüchte und Grünland;JAHR;Jahr;1966;DINSG;Deutschland insgesamt;DG;Deutschland;FRUA01;Fruchtarten;FRUART021;Futtererbsen;.;ha;FLC016;Anbaufläche
41241;Ernte-u.Betriebsbericht: Feldfrüchte und Grünland;JAHR;Jahr;1995;DINSG;Deutschland insgesamt;DG;Deutschland;FRUA01;Fruchtarten;FRUART013CCM;Körnermais (einschl. CCM);325065;ha;FLC016;Anbaufläche
41241;Ernte-u.Betriebsbericht: Feldfrüchte und Grünland;JAHR;Jahr;1989;DINSG;Deutschland insgesamt;DG;Deutschland;FRUA01;Fruchtarten;FRUART05112;Sommerraps, Winter- und Sommerrübsen;10579;ha;FLC016;Anbaufläche
41241;Ernte-u.Betriebsbericht: Feldfrüchte und Grünland;JAHR;Jahr;1984;DINSG;Deutschland insgesamt;DG;Deutschland;FRUA01;Fruchtarten;FRUART013;Körnermais;.;ha;FLC016;Anbaufläche
41241;Ernte-u.Betriebsbericht: Feldfrüchte und Grünland;JAHR;Jahr;1991;DINSG;Deutschland insgesamt;DG;Deutschland;FRUA01;Fruchtarten;FRUART0121;Gerste;2535384;ha;FLC016;Anbaufläche
41241;Ernte-u.Betriebsbericht: Feldfrüchte und Grünland;JAHR;Jahr;1992;DINSG;Deutschland insgesamt;DG;Deutschland;FRUA01;Fruchtarten;FRUART01111;Winterweizen;2521635;ha;FLC016;Anbaufläche
41241;Ernte-u.Betriebsbericht: Feldfrüchte und Grünland;JAHR;Jahr;1997;DINSG;Deutschland insgesamt;DG;Deutschland;FRUA01;Fruchtarten;FRUART061;Klee, Kleegras und Klee-Luzerne-Gemisch;226523;ha;FLC016;Anbaufläche
41241;Ernte-u.Betriebsbericht: Feldfrüchte und Grünland;JAHR;Jahr;1982;DINSG;Deutschland insgesamt;DG;Deutschland;FRUA01;Fruchtarten;FRUART0511;Raps und Rübsen;189198;ha;FLC016;Anbaufläche
41241;Ernte-u.Betriebsbericht: Feldfrüchte und Grünland;JAHR;Jahr;1992;DINSG;Deutschland insgesamt;DG;Deutschland;FRUA01;Fruchtarten;FRUART056;Alle anderen Handelsgewächse;3390;ha;FLC016;Anbaufläche
41241;Ernte-u.Betriebsbericht: Feldfrüchte und Grünland;JAHR;Jahr;1970;DINSG;Deutschland insgesamt;DG;Deutschland;FRUA01;Fruchtarten;FRUART067;Lupinen;.;ha;FLC016;Anbaufläche
41241;Ernte-u.Betriebsbericht: Feldfrüchte und Grünland;JAHR;Jahr;1973;DINSG;Deutschland insgesamt;DG;Deutschland;FRUA01;Fruchtarten;FRUART012;Futter- und Industriegetreide;2807715;ha;FLC016;Anbaufläche
41241;Ernte-u.Betriebsbericht: Feldfrüchte und Grünland;JAHR;Jahr;1982;DINSG;Deutschland insgesamt;DG;Deutschland;FRUA01;Fruchtarten;FRUART063;Feldgras/Grasanbau auf dem Ackerland;106489;ha;FLC016;Anbaufläche
41241;Ernte-u.Betriebsbericht: Feldfrüchte und Grünland;JAHR;Jahr;1994;DINSG;Deutschland insgesamt;DG;Deutschland;FRUA01;Fruchtarten;FRUART031SPK;Speisekartoffeln;114041;ha;FLC016;Anbaufläche
41241;Ernte-u.Betriebsbericht: Feldfrüchte und Grünland;JAHR;Jahr;2009;DINSG;Deutschland insgesamt;DG;Deutschland;FRUA01;Fruchtarten;FRUART031SPK;Speisekartoffeln;.;ha;FLC016;Anbaufläche
41241;Ernte-u.Betriebsbericht: Feldfrüchte und Grünland;JAHR;Jahr;1969;DINSG;Deutschland insgesamt;DG;Deutschland;FRUA01;Fruchtarten;FRUART0512;Flachs (Lein);.;ha;FLC016;Anbaufläche
41241;Ernte-u.Betriebsbericht: Feldfrüchte und Grünland;JAHR;Jahr;1970;DINSG;Deutschland insgesamt;DG;Deutschland;FRUA01;Fruchtarten;FRUART0124;Triticale;.;ha;FLC016;Anbaufläche
41241;Ernte-u.Betriebsbericht: Feldfrüchte und Grünland;JAHR;Jahr;1962;DINSG;Deutschland insgesamt;DG;Deutschland;FRUA01;Fruchtarten;FRUART011;Brotgetreide;2468171;ha;FLC016;Anbaufläche
41241;Ernte-u.Betriebsbericht: Feldfrüchte und Grünland;JAHR;Jahr;1974;DINSG;Deutschland insgesamt;DG;Deutschland;FRUA01;Fruchtarten;FRUART051;Ölfrüchte;.;ha;FLC016;Anbaufläche
41241;Ernte-u.Betriebsbericht: Feldfrüchte und Grünland;JAHR;Jahr;1990;DINSG;Deutschland insgesamt;DG;Deutschland;FRUA01;Fruchtarten;FRUART014;Corn-Cob-Mix;.;ha;FLC016;Anbaufläche
41241;Ernte-u.Betriebsbericht: Feldfrüchte und Grünland;JAHR;Jahr;2007;DINSG;Deutschland insgesamt;DG;Deutschland;FRUA01;Fruchtarten;FRUART066;Alle anderen Futterpflanzen;42580;ha;FLC016;Anbaufläche
41241;Ernte-u.Betriebsbericht: Feldfrüchte und Grünland;JAHR;Jahr;1998;DINSG;Deutschland insgesamt;DG;Deutschland;FRUA01;Fruchtarten;FRUART021;Futtererbsen;168861;ha;FLC016;Anbaufläche
41241;Ernte-u.Betriebsbericht: Feldfrüchte und Grünland;JAHR;Jahr;1952;DINSG;Deutschland insgesamt;DG;Deutschland;FRUA01;Fruchtarten;FRUART05112;Sommerraps, Winter- und Sommerrübsen;5101;ha;FLC016;Anbaufläche
41241;Ernte-u.Betriebsbericht: Feldfrüchte und Grünland;JAHR;Jahr;1984;DINSG;Deutschland insgesamt;DG;Deutschland;FRUA01;Fruchtarten;FRUART031;Kartoffeln;219384;ha;FLC016;Anbaufläche
41241;Ernte-u.Betriebsbericht: Feldfrüchte und Grünland;JAHR;Jahr;1953;DINSG;Deutschland insgesamt;DG;Deutschland;FRUA01;Fruchtarten;FRUART034;Alle anderen Hackfrüchte;98351;ha;FLC016;Anbaufläche
41241;Ernte-u.Betriebsbericht: Feldfrüchte und Grünland;JAHR;Jahr;2000;DINSG;Deutschland insgesamt;DG;Deutschland;FRUA01;Fruchtarten;FRUART054;Rüben und Gräser zur Samengewinnung;26163;ha;FLC016;Anbaufläche
41241;Ernte-u.Betriebsbericht: Feldfrüchte und Grünland;JAHR;Jahr;1965;DINSG;Deutschland insgesamt;DG;Deutschland;FRUA01;Fruchtarten;FRUART013;Körnermais;.;ha;FLC016;Anbaufläche
41241;Ernte-u.Betriebsbericht: Feldfrüchte und Grünland;JAHR;Jahr;1980;DINSG;Deutschland insgesamt;DG;Deutschland;FRUA01;Fruchtarten;FRUART05111;Winterraps;129519;ha;FLC016;Anbaufläche
41241;Ernte-u.Betriebsbericht: Feldfrüchte und Grünland;JAHR;Jahr;1955;DINSG;Deutschland insgesamt;DG;Deutschland;FRUA01;Fruchtarten;FRUART0122;Hafer;981261;ha;FLC016;Anbaufläche
41241;Ernte-u.Betriebsbericht: Feldfrüchte und Grünland;JAHR;Jahr;1989;DINSG;Deutschland insgesamt;DG;Deutschland;FRUA01;Fruchtarten;FRUART01111;Winterweizen;1713740;ha;FLC016;Anbaufläche
41241;Ernte-u.Betriebsbericht: Feldfrüchte und Grünland;JAHR;Jahr;1973;DINSG;Deutschland insgesamt;DG;Deutschland;FRUA01;Fruchtarten;FRUART0513;Körnersonnenblumen;.;ha;FLC016;Anbaufläche
41241;Ernte-u.Betriebsbericht: Feldfrüchte und Grünland;JAHR;Jahr;1950;DINSG;Deutschland insgesamt;DG;Deutschland;FRUA01;Fruchtarten;FRUART01111;Winterweizen;955542;ha;FLC016;Anbaufläche
41241;Ernte-u.Betriebsbericht: Feldfrüchte und Grünland;JAHR;Jahr;1977;DINSG;Deutschland insgesamt;DG;Deutschland;FRUA01;Fruchtarten;FRUART053;Tabak;.;ha;FLC016;Anbaufläche
41241;Ernte-u.Betriebsbericht: Feldfrüchte und Grünland;JAHR;Jahr;1980;DINSG;Deutschland insgesamt;DG;Deutschland;FRUA01;Fruchtarten;FRUART034;Alle anderen Hackfrüchte;9279;ha;FLC016;Anbaufläche
41241;Ernte-u.Betriebsbericht: Feldfrüchte und Grünland;JAHR;Jahr;2007;DINSG;Deutschland insgesamt;DG;Deutschland;FRUA01;Fruchtarten;FRUART031INK;Industriekartoffeln;162698;ha;FLC016;Anbaufläche
41241;Ernte-u.Betriebsbericht: Feldfrüchte und Grünland;JAHR;Jahr;1960;DINSG;Deutschland insgesamt;DG;Deutschland;FRUA01;Fruchtarten;FRUART061;Klee, Kleegras und Klee-Luzerne-Gemisch;620993;ha;FLC016;Anbaufläche
41241;Ernte-u.Betriebsbericht: Feldfrüchte und Grünland;JAHR;Jahr;1965;DINSG;Deutschland insgesamt;DG;Deutschland;FRUA01;Fruchtarten;FRUART031INK;Industriekartoffeln;.;ha;FLC016;Anbaufläche
41241;Ernte-u.Betriebsbericht: Feldfrüchte und Grünland;JAHR;Jahr;1987;DINSG;Deutschland insgesamt;DG;Deutschland;FRUA01;Fruchtarten;FRUART033;Runkelrüben;85165;ha;FLC016;Anbaufläche
41241;Ernte-u.Betriebsbericht: Feldfrüchte und Grünland;JAHR;Jahr;1950;DINSG;Deutschland insgesamt;DG;Deutschland;FRUA01;Fruchtarten;FRUART032;Zuckerrüben;193083;ha;FLC016;Anbaufläche
41241;Ernte-u.Betriebsbericht: Feldfrüchte und Grünland;JAHR;Jahr;1970;DINSG;Deutschland insgesamt;DG;Deutschland;FRUA01;Fruchtarten;FRUART041;Blumen u. Zierpflanzen einschl.Jungpfl.(o.Samenb.);.;ha;FLC016;Anbaufläche
41241;Ernte-u.Betriebsbericht: Feldfrüchte und Grünland;JAHR;Jahr;2004;DINSG;Deutschland insgesamt;DG;Deutschland;FRUA01;Fruchtarten;FRUART064;Silomais (einschl. Lieschkolbenschrot);1248468;ha;FLC016;Anbaufläche
41241;Ernte-u.Betriebsbericht: Feldfrüchte und Grünland;JAHR;Jahr;1969;DINSG;Deutschland insgesamt;DG;Deutschland;FRUA01;Fruchtarten;FRUART023;Alle anderen Hülsenfrüchte;11081;ha;FLC016;Anbaufläche
41241;Ernte-u.Betriebsbericht: Feldfrüchte und Grünland;JAHR;Jahr;1956;DINSG;Deutschland insgesamt;DG;Deutschland;FRUA01;Fruchtarten;FRUART01OKM;Getreide (ohne Körnermais und CCM);4899593;ha;FLC016;Anbaufläche
41241;Ernte-u.Betriebsbericht: Feldfrüchte und Grünland;JAHR;Jahr;1997;DINSG;Deutschland insgesamt;DG;Deutschland;FRUA01;Fruchtarten;FRUART0512;Flachs (Lein);89215;ha;FLC016;Anbaufläche
41241;Ernte-u.Betriebsbericht: Feldfrüchte und Grünland;JAHR;Jahr;1977;DINSG;Deutschland insgesamt;DG;Deutschland;FRUA01;Fruchtarten;FRUART066;Alle anderen Futterpflanzen;7966;ha;FLC016;Anbaufläche
41241;Ernte-u.Betriebsbericht: Feldfrüchte und Grünland;JAHR;Jahr;1954;DINSG;Deutschland insgesamt;DG;Deutschland;FRUA01;Fruchtarten;FRUART042;Gartenbausämereien,Vermehrungsanbau v.Blumenzwieb.;.;ha;FLC016;Anbaufläche
41241;Ernte-u.Betriebsbericht: Feldfrüchte und Grünland;JAHR;Jahr;1992;DINSG;Deutschland insgesamt;DG;Deutschland;FRUA01;Fruchtarten;FRUART061;Klee, Kleegras und Klee-Luzerne-Gemisch;243149;ha;FLC016;Anbaufläche
41241;Ernte-u.Betriebsbericht: Feldfrüchte und Grünland;JAHR;Jahr;1961;DINSG;Deutschland insgesamt;DG;Deutschland;FRUA01;Fruchtarten;FRUART01211;Wintergerste;309660;ha;FLC016;Anbaufläche
41241;Ernte-u.Betriebsbericht: Feldfrüchte und Grünland;JAHR;Jahr;1997;DINSG;Deutschland insgesamt;DG;Deutschland;FRUA01;Fruchtarten;FRUART013;Körnermais;265624;ha;FLC016;Anbaufläche
41241;Ernte-u.Betriebsbericht: Feldfrüchte und Grünland;JAHR;Jahr;1966;DINSG;Deutschland insgesamt;DG;Deutschland;FRUA01;Fruchtarten;FRUART065;Raufutter;.;ha;FLC016;Anbaufläche
41241;Ernte-u.Betriebsbericht: Feldfrüchte und Grünland;JAHR;Jahr;1970;DINSG;Deutschland insgesamt;DG;Deutschland;FRUA01;Fruchtarten;FRUART054;Rüben und Gräser zur Samengewinnung;.;ha;FLC016;Anbaufläche
41241;Ernte-u.Betriebsbericht: Feldfrüchte und Grünland;JAHR;Jahr;2004;DINSG;Deutschland insgesamt;DG;Deutschland;FRUA01;Fruchtarten;FRUART051;Ölfrüchte;1331711;ha;FLC016;Anbaufläche
41241;Ernte-u.Betriebsbericht: Feldfrüchte und Grünland;JAHR;Jahr;1983;DINSG;Deutschland insgesamt;DG;Deutschland;FRUA01;Fruchtarten;FRUART023;Alle anderen Hülsenfrüchte;7191;ha;FLC016;Anbaufläche
41241;Ernte-u.Betriebsbericht: Feldfrüchte und Grünland;JAHR;Jahr;1981;DINSG;Deutschland insgesamt;DG;Deutschland;FRUA01;Fruchtarten;FRUART0513;Körnersonnenblumen;.;ha;FLC016;Anbaufläche
41241;Ernte-u.Betriebsbericht: Feldfrüchte und Grünland;JAHR;Jahr;1965;DINSG;Deutschland insgesamt;DG;Deutschland;FRUA01;Fruchtarten;FRUART031FSK;Frühe Speisekartoffeln;50170;ha;FLC016;Anbaufläche
41241;Ernte-u.Betriebsbericht: Feldfrüchte und Grünland;JAHR;Jahr;1953;DINSG;Deutschland insgesamt;DG;Deutschland;FRUA01;Fruchtarten;FRUART0113;Wintermenggetreide;74923;ha;FLC016;Anbaufläche
41241;Ernte-u.Betriebsbericht: Feldfrüchte und Grünland;JAHR;Jahr;2004;DINSG;Deutschland insgesamt;DG;Deutschland;FRUA01;Fruchtarten;FRUART05112;Sommerraps, Winter- und Sommerrübsen;16161;ha;FLC016;Anbaufläche
41241;Ernte-u.Betriebsbericht: Feldfrüchte und Grünland;JAHR;Jahr;1983;DINSG;Deutschland insgesamt;DG;Deutschland;FRUA01;Fruchtarten;FRUART031INK;Industriekartoffeln;.;ha;FLC016;Anbaufläche
41241;Ernte-u.Betriebsbericht: Feldfrüchte und Grünland;JAHR;Jahr;1970;DINSG;Deutschland insgesamt;DG;Deutschland;FRUA01;Fruchtarten;FRUART0111;Weizen;1493369;ha;FLC016;Anbaufläche
41241;Ernte-u.Betriebsbericht: Feldfrüchte und Grünland;JAHR;Jahr;1983;DINSG;Deutschland insgesamt;DG;Deutschland;FRUA01;Fruchtarten;FRUART031FSK;Frühe Speisekartoffeln;19095;ha;FLC016;Anbaufläche
41241;Ernte-u.Betriebsbericht: Feldfrüchte und Grünland;JAHR;Jahr;1969;DINSG;Deutschland insgesamt;DG;Deutschland;FRUA01;Fruchtarten;FRUART031INK;Industriekartoffeln;.;ha;FLC016;Anbaufläche
41241;Ernte-u.Betriebsbericht: Feldfrüchte und Grünland;JAHR;Jahr;1962;DINSG;Deutschland insgesamt;DG;Deutschland;FRUA01;Fruchtarten;FRUART0124;Triticale;.;ha;FLC016;Anbaufläche
41241;Ernte-u.Betriebsbericht: Feldfrüchte und Grünland;JAHR;Jahr;2008;DINSG;Deutschland insgesamt;DG;Deutschland;FRUA01;Fruchtarten;FRUART061;Klee, Kleegras und Klee-Luzerne-Gemisch;205600;ha;FLC016;Anbaufläche
41241;Ernte-u.Betriebsbericht: Feldfrüchte und Grünland;JAHR;Jahr;1981;DINSG;Deutschland insgesamt;DG;Deutschland;FRUA01;Fruchtarten;FRUART042;Gartenbausämereien,Vermehrungsanbau v.Blumenzwieb.;.;ha;FLC016;Anbaufläche
41241;Ernte-u.Betriebsbericht: Feldfrüchte und Grünland;JAHR;Jahr;1977;DINSG;Deutschland insgesamt;DG;Deutschland;FRUA01;Fruchtarten;FRUART0112;Roggen;701553;ha;FLC016;Anbaufläche
41241;Ernte-u.Betriebsbericht: Feldfrüchte und Grünland;JAHR;Jahr;1994;DINSG;Deutschland insgesamt;DG;Deutschland;FRUA01;Fruchtarten;FRUART011;Brotgetreide;3168342;ha;FLC016;Anbaufläche
41241;Ernte-u.Betriebsbericht: Feldfrüchte und Grünland;JAHR;Jahr;1973;DINSG;Deutschland insgesamt;DG;Deutschland;FRUA01;Fruchtarten;FRUART056;Alle anderen Handelsgewächse;5409;ha;FLC016;Anbaufläche
41241;Ernte-u.Betriebsbericht: Feldfrüchte und Grünland;JAHR;Jahr;1982;DINSG;Deutschland insgesamt;DG;Deutschland;FRUA01;Fruchtarten;FRUART01211;Wintergerste;966308;ha;FLC016;Anbaufläche
41241;Ernte-u.Betriebsbericht: Feldfrüchte und Grünland;JAHR;Jahr;2009;DINSG;Deutschland insgesamt;DG;Deutschland;FRUA01;Fruchtarten;FRUART0113;Wintermenggetreide;10000;ha;FLC016;Anbaufläche
41241;Ernte-u.Betriebsbericht: Feldfrüchte und Grünland;JAHR;Jahr;2003;DINSG;Deutschland insgesamt;DG;Deutschland;FRUA01;Fruchtarten;FRUART056;Alle anderen Handelsgewächse;5834;ha;FLC016;Anbaufläche
41241;Ernte-u.Betriebsbericht: Feldfrüchte und Grünland;JAHR;Jahr;1991;DINSG;Deutschland insgesamt;DG;Deutschland;FRUA01;Fruchtarten;FRUART066;Alle anderen Futterpflanzen;90735;ha;FLC016;Anbaufläche
41241;Ernte-u.Betriebsbericht: Feldfrüchte und Grünland;JAHR;Jahr;1963;DINSG;Deutschland insgesamt;DG;Deutschland;FRUA01;Fruchtarten;FRUART063;Feldgras/Grasanbau auf dem Ackerland;241915;ha;FLC016;Anbaufläche
41241;Ernte-u.Betriebsbericht: Feldfrüchte und Grünland;JAHR;Jahr;1996;DINSG;Deutschland insgesamt;DG;Deutschland;FRUA01;Fruchtarten;FRUART01OKM;Getreide (ohne Körnermais und CCM);6335255;ha;FLC016;Anbaufläche
41241;Ernte-u.Betriebsbericht: Feldfrüchte und Grünland;JAHR;Jahr;1978;DINSG;Deutschland insgesamt;DG;Deutschland;FRUA01;Fruchtarten;FRUART061;Klee, Kleegras und Klee-Luzerne-Gemisch;244339;ha;FLC016;Anbaufläche
41241;Ernte-u.Betriebsbericht: Feldfrüchte und Grünland;JAHR;Jahr;1958;DINSG;Deutschland insgesamt;DG;Deutschland;FRUA01;Fruchtarten;FRUART052;Hopfen;8742;ha;FLC016;Anbaufläche
41241;Ernte-u.Betriebsbericht: Feldfrüchte und Grünland;JAHR;Jahr;1986;DINSG;Deutschland insgesamt;DG;Deutschland;FRUA01;Fruchtarten;FRUART0123;Sommermenggetreide;99325;ha;FLC016;Anbaufläche
41241;Ernte-u.Betriebsbericht: Feldfrüchte und Grünland;JAHR;Jahr;1962;DINSG;Deutschland insgesamt;DG;Deutschland;FRUA01;Fruchtarten;FRUART055;Heil- und Gewürzpflanzen;.;ha;FLC016;Anbaufläche
41241;Ernte-u.Betriebsbericht: Feldfrüchte und Grünland;JAHR;Jahr;1985;DINSG;Deutschland insgesamt;DG;Deutschland;FRUA01;Fruchtarten;FRUART01112;Sommerweizen;86773;ha;FLC016;Anbaufläche
41241;Ernte-u.Betriebsbericht: Feldfrüchte und Grünland;JAHR;Jahr;2007;DINSG;Deutschland insgesamt;DG;Deutschland;FRUA01;Fruchtarten;FRUART022;Ackerbohnen;12216;ha;FLC016;Anbaufläche
41241;Ernte-u.Betriebsbericht: Feldfrüchte und Grünland;JAHR;Jahr;2008;DINSG;Deutschland insgesamt;DG;Deutschland;FRUA01;Fruchtarten;FRUART01OKM;Getreide (ohne Körnermais und CCM);6518000;ha;FLC016;Anbaufläche
41241;Ernte-u.Betriebsbericht: Feldfrüchte und Grünland;JAHR;Jahr;1998;DINSG;Deutschland insgesamt;DG;Deutschland;FRUA01;Fruchtarten;FRUART01211;Wintergerste;1502405;ha;FLC016;Anbaufläche
41241;Ernte-u.Betriebsbericht: Feldfrüchte und Grünland;JAHR;Jahr;1995;DINSG;Deutschland insgesamt;DG;Deutschland;FRUA01;Fruchtarten;FRUART032;Zuckerrüben;512850;ha;FLC016;Anbaufläche
41241;Ernte-u.Betriebsbericht: Feldfrüchte und Grünland;JAHR;Jahr;1983;DINSG;Deutschland insgesamt;DG;Deutschland;FRUA01;Fruchtarten;FRUART0121;Gerste;2034786;ha;FLC016;Anbaufläche
41241;Ernte-u.Betriebsbericht: Feldfrüchte und Grünland;JAHR;Jahr;1962;DINSG;Deutschland insgesamt;DG;Deutschland;FRUA01;Fruchtarten;FRUART01113;Hartweizen (Durum);.;ha;FLC016;Anbaufläche
41241;Ernte-u.Betriebsbericht: Feldfrüchte und Grünland;JAHR;Jahr;1974;DINSG;Deutschland insgesamt;DG;Deutschland;FRUA01;Fruchtarten;FRUART0123;Sommermenggetreide;308578;ha;FLC016;Anbaufläche
41241;Ernte-u.Betriebsbericht: Feldfrüchte und Grünland;JAHR;Jahr;1988;DINSG;Deutschland insgesamt;DG;Deutschland;FRUA01;Fruchtarten;FRUART054;Rüben und Gräser zur Samengewinnung;10599;ha;FLC016;Anbaufläche
41241;Ernte-u.Betriebsbericht: Feldfrüchte und Grünland;JAHR;Jahr;2002;DINSG;Deutschland insgesamt;DG;Deutschland;FRUA01;Fruchtarten;FRUART0112;Roggen;728388;ha;FLC016;Anbaufläche
41241;Ernte-u.Betriebsbericht: Feldfrüchte und Grünland;JAHR;Jahr;1954;DINSG;Deutschland insgesamt;DG;Deutschland;FRUA01;Fruchtarten;FRUART055;Heil- und Gewürzpflanzen;.;ha;FLC016;Anbaufläche
41241;Ernte-u.Betriebsbericht: Feldfrüchte und Grünland;JAHR;Jahr;1969;DINSG;Deutschland insgesamt;DG;Deutschland;FRUA01;Fruchtarten;FRUART031FSK;Frühe Speisekartoffeln;32935;ha;FLC016;Anbaufläche
41241;Ernte-u.Betriebsbericht: Feldfrüchte und Grünland;JAHR;Jahr;1999;DINSG;Deutschland insgesamt;DG;Deutschland;FRUA01;Fruchtarten;FRUART042;Gartenbausämereien,Vermehrungsanbau v.Blumenzwieb.;538;ha;FLC016;Anbaufläche
41241;Ernte-u.Betriebsbericht: Feldfrüchte und Grünland;JAHR;Jahr;1954;DINSG;Deutschland insgesamt;DG;Deutschland;FRUA01;Fruchtarten;FRUART0512;Flachs (Lein);.;ha;FLC016;Anbaufläche
41241;Ernte-u.Betriebsbericht: Feldfrüchte und Grünland;JAHR;Jahr;2002;DINSG;Deutschland insgesamt;DG;Deutschland;FRUA01;Fruchtarten;FRUART01112;Sommerweizen;47806;ha;FLC016;Anbaufläche
41241;Ernte-u.Betriebsbericht: Feldfrüchte und Grünland;JAHR;Jahr;1969;DINSG;Deutschland insgesamt;DG;Deutschland;FRUA01;Fruchtarten;FRUART067;Lupinen;.;ha;FLC016;Anbaufläche
41241;Ernte-u.Betriebsbericht: Feldfrüchte und Grünland;JAHR;Jahr;1978;DINSG;Deutschland insgesamt;DG;Deutschland;FRUA01;Fruchtarten;FRUART01113;Hartweizen (Durum);.;ha;FLC016;Anbaufläche
41241;Ernte-u.Betriebsbericht: Feldfrüchte und Grünland;JAHR;Jahr;2008;DINSG;Deutschland insgesamt;DG;Deutschland;FRUA01;Fruchtarten;FRUART031MUS;Mittelfrühe und späte Kartoffeln;245300;ha;FLC016;Anbaufläche
41241;Ernte-u.Betriebsbericht: Feldfrüchte und Grünland;JAHR;Jahr;1958;DINSG;Deutschland insgesamt;DG;Deutschland;FRUA01;Fruchtarten;FRUART01211;Wintergerste;201948;ha;FLC016;Anbaufläche
41241;Ernte-u.Betriebsbericht: Feldfrüchte und Grünland;JAHR;Jahr;1980;DINSG;Deutschland insgesamt;DG;Deutschland;FRUA01;Fruchtarten;FRUART021;Futtererbsen;.;ha;FLC016;Anbaufläche
41241;Ernte-u.Betriebsbericht: Feldfrüchte und Grünland;JAHR;Jahr;2000;DINSG;Deutschland insgesamt;DG;Deutschland;FRUA01;Fruchtarten;FRUART067;Lupinen;.;ha;FLC016;Anbaufläche
41241;Ernte-u.Betriebsbericht: Feldfrüchte und Grünland;JAHR;Jahr;1958;DINSG;Deutschland insgesamt;DG;Deutschland;FRUA01;Fruchtarten;FRUART065;Raufutter;.;ha;FLC016;Anbaufläche
41241;Ernte-u.Betriebsbericht: Feldfrüchte und Grünland;JAHR;Jahr;1992;DINSG;Deutschland insgesamt;DG;Deutschland;FRUA01;Fruchtarten;FRUART05112;Sommerraps, Winter- und Sommerrübsen;80022;ha;FLC016;Anbaufläche
41241;Ernte-u.Betriebsbericht: Feldfrüchte und Grünland;JAHR;Jahr;1996;DINSG;Deutschland insgesamt;DG;Deutschland;FRUA01;Fruchtarten;FRUART0113;Wintermenggetreide;11311;ha;FLC016;Anbaufläche
41241;Ernte-u.Betriebsbericht: Feldfrüchte und Grünland;JAHR;Jahr;2006;DINSG;Deutschland insgesamt;DG;Deutschland;FRUA01;Fruchtarten;FRUART014;Corn-Cob-Mix;99200;ha;FLC016;Anbaufläche
41241;Ernte-u.Betriebsbericht: Feldfrüchte und Grünland;JAHR;Jahr;2001;DINSG;Deutschland insgesamt;DG;Deutschland;FRUA01;Fruchtarten;FRUART062;Luzerne;26855;ha;FLC016;Anbaufläche
41241;Ernte-u.Betriebsbericht: Feldfrüchte und Grünland;JAHR;Jahr;1966;DINSG;Deutschland insgesamt;DG;Deutschland;FRUA01;Fruchtarten;FRUART0511;Raps und Rübsen;47243;ha;FLC016;Anbaufläche
41241;Ernte-u.Betriebsbericht: Feldfrüchte und Grünland;JAHR;Jahr;1973;DINSG;Deutschland insgesamt;DG;Deutschland;FRUA01;Fruchtarten;FRUART01111;Winterweizen;1378559;ha;FLC016;Anbaufläche
41241;Ernte-u.Betriebsbericht: Feldfrüchte und Grünland;JAHR;Jahr;1951;DINSG;Deutschland insgesamt;DG;Deutschland;FRUA01;Fruchtarten;FRUART053;Tabak;.;ha;FLC016;Anbaufläche
41241;Ernte-u.Betriebsbericht: Feldfrüchte und Grünland;JAHR;Jahr;1969;DINSG;Deutschland insgesamt;DG;Deutschland;FRUA01;Fruchtarten;FRUART054;Rüben und Gräser zur Samengewinnung;.;ha;FLC016;Anbaufläche
41241;Ernte-u.Betriebsbericht: Feldfrüchte und Grünland;JAHR;Jahr;1955;DINSG;Deutschland insgesamt;DG;Deutschland;FRUA01;Fruchtarten;FRUART063;Feldgras/Grasanbau auf dem Ackerland;213204;ha;FLC016;Anbaufläche
41241;Ernte-u.Betriebsbericht: Feldfrüchte und Grünland;JAHR;Jahr;1962;DINSG;Deutschland insgesamt;DG;Deutschland;FRUA01;Fruchtarten;FRUART042;Gartenbausämereien,Vermehrungsanbau v.Blumenzwieb.;.;ha;FLC016;Anbaufläche
41241;Ernte-u.Betriebsbericht: Feldfrüchte und Grünland;JAHR;Jahr;1954;DINSG;Deutschland insgesamt;DG;Deutschland;FRUA01;Fruchtarten;FRUART01212;Sommergerste;671601;ha;FLC016;Anbaufläche
41241;Ernte-u.Betriebsbericht: Feldfrüchte und Grünland;JAHR;Jahr;1998;DINSG;Deutschland insgesamt;DG;Deutschland;FRUA01;Fruchtarten;FRUART034;Alle anderen Hackfrüchte;3809;ha;FLC016;Anbaufläche
41241;Ernte-u.Betriebsbericht: Feldfrüchte und Grünland;JAHR;Jahr;1951;DINSG;Deutschland insgesamt;DG;Deutschland;FRUA01;Fruchtarten;FRUART031SPK;Speisekartoffeln;.;ha;FLC016;Anbaufläche
41241;Ernte-u.Betriebsbericht: Feldfrüchte und Grünland;JAHR;Jahr;1991;DINSG;Deutschland insgesamt;DG;Deutschland;FRUA01;Fruchtarten;FRUART022;Ackerbohnen;24281;ha;FLC016;Anbaufläche
41241;Ernte-u.Betriebsbericht: Feldfrüchte und Grünland;JAHR;Jahr;1965;DINSG;Deutschland insgesamt;DG;Deutschland;FRUA01;Fruchtarten;FRUART0113;Wintermenggetreide;51096;ha;FLC016;Anbaufläche
41241;Ernte-u.Betriebsbericht: Feldfrüchte und Grünland;JAHR;Jahr;2003;DINSG;Deutschland insgesamt;DG;Deutschland;FRUA01;Fruchtarten;FRUART012;Futter- und Industriegetreide;2869049;ha;FLC016;Anbaufläche
41241;Ernte-u.Betriebsbericht: Feldfrüchte und Grünland;JAHR;Jahr;1966;DINSG;Deutschland insgesamt;DG;Deutschland;FRUA01;Fruchtarten;FRUART052;Hopfen;11014;ha;FLC016;Anbaufläche
41241;Ernte-u.Betriebsbericht: Feldfrüchte und Grünland;JAHR;Jahr;1988;DINSG;Deutschland insgesamt;DG;Deutschland;FRUA01;Fruchtarten;FRUART041;Blumen u. Zierpflanzen einschl.Jungpfl.(o.Samenb.);.;ha;FLC016;Anbaufläche
41241;Ernte-u.Betriebsbericht: Feldfrüchte und Grünland;JAHR;Jahr;1997;DINSG;Deutschland insgesamt;DG;Deutschland;FRUA01;Fruchtarten;FRUART056;Alle anderen Handelsgewächse;4623;ha;FLC016;Anbaufläche
41241;Ernte-u.Betriebsbericht: Feldfrüchte und Grünland;JAHR;Jahr;1961;DINSG;Deutschland insgesamt;DG;Deutschland;FRUA01;Fruchtarten;FRUART01OKM;Getreide (ohne Körnermais und CCM);4898341;ha;FLC016;Anbaufläche
41241;Ernte-u.Betriebsbericht: Feldfrüchte und Grünland;JAHR;Jahr;1976;DINSG;Deutschland insgesamt;DG;Deutschland;FRUA01;Fruchtarten;FRUART031;Kartoffeln;415272;ha;FLC016;Anbaufläche
41241;Ernte-u.Betriebsbericht: Feldfrüchte und Grünland;JAHR;Jahr;1980;DINSG;Deutschland insgesamt;DG;Deutschland;FRUA01;Fruchtarten;FRUART064;Silomais (einschl. Lieschkolbenschrot);694599;ha;FLC016;Anbaufläche
41241;Ernte-u.Betriebsbericht: Feldfrüchte und Grünland;JAHR;Jahr;1970;DINSG;Deutschland insgesamt;DG;Deutschland;FRUA01;Fruchtarten;FRUART031FSK;Frühe Speisekartoffeln;37031;ha;FLC016;Anbaufläche
41241;Ernte-u.Betriebsbericht: Feldfrüchte und Grünland;JAHR;Jahr;2008;DINSG;Deutschland insgesamt;DG;Deutschland;FRUA01;Fruchtarten;FRUART031;Kartoffeln;259800;ha;FLC016;Anbaufläche
41241;Ernte-u.Betriebsbericht: Feldfrüchte und Grünland;JAHR;Jahr;1978;DINSG;Deutschland insgesamt;DG;Deutschland;FRUA01;Fruchtarten;FRUART031INK;Industriekartoffeln;.;ha;FLC016;Anbaufläche
41241;Ernte-u.Betriebsbericht: Feldfrüchte und Grünland;JAHR;Jahr;1958;DINSG;Deutschland insgesamt;DG;Deutschland;FRUA01;Fruchtarten;FRUART066;Alle anderen Futterpflanzen;47604;ha;FLC016;Anbaufläche
41241;Ernte-u.Betriebsbericht: Feldfrüchte und Grünland;JAHR;Jahr;1959;DINSG;Deutschland insgesamt;DG;Deutschland;FRUA01;Fruchtarten;FRUART01113;Hartweizen (Durum);.;ha;FLC016;Anbaufläche
41241;Ernte-u.Betriebsbericht: Feldfrüchte und Grünland;JAHR;Jahr;1986;DINSG;Deutschland insgesamt;DG;Deutschland;FRUA01;Fruchtarten;FRUART011;Brotgetreide;2072582;ha;FLC016;Anbaufläche
41241;Ernte-u.Betriebsbericht: Feldfrüchte und Grünland;JAHR;Jahr;1957;DINSG;Deutschland insgesamt;DG;Deutschland;FRUA01;Fruchtarten;FRUART0113;Wintermenggetreide;65182;ha;FLC016;Anbaufläche
41241;Ernte-u.Betriebsbericht: Feldfrüchte und Grünland;JAHR;Jahr;1987;DINSG;Deutschland insgesamt;DG;Deutschland;FRUA01;Fruchtarten;FRUART01112;Sommerweizen;81080;ha;FLC016;Anbaufläche
41241;Ernte-u.Betriebsbericht: Feldfrüchte und Grünland;JAHR;Jahr;1951;DINSG;Deutschland insgesamt;DG;Deutschland;FRUA01;Fruchtarten;FRUART054;Rüben und Gräser zur Samengewinnung;18013;ha;FLC016;Anbaufläche
41241;Ernte-u.Betriebsbericht: Feldfrüchte und Grünland;JAHR;Jahr;1983;DINSG;Deutschland insgesamt;DG;Deutschland;FRUA01;Fruchtarten;FRUART066;Alle anderen Futterpflanzen;5540;ha;FLC016;Anbaufläche
41241;Ernte-u.Betriebsbericht: Feldfrüchte und Grünland;JAHR;Jahr;1969;DINSG;Deutschland insgesamt;DG;Deutschland;FRUA01;Fruchtarten;FRUART053;Tabak;.;ha;FLC016;Anbaufläche
41241;Ernte-u.Betriebsbericht: Feldfrüchte und Grünland;JAHR;Jahr;2000;DINSG;Deutschland insgesamt;DG;Deutschland;FRUA01;Fruchtarten;FRUART01112;Sommerweizen;46662;ha;FLC016;Anbaufläche
41241;Ernte-u.Betriebsbericht: Feldfrüchte und Grünland;JAHR;Jahr;1982;DINSG;Deutschland insgesamt;DG;Deutschland;FRUA01;Fruchtarten;FRUART014;Corn-Cob-Mix;.;ha;FLC016;Anbaufläche
41241;Ernte-u.Betriebsbericht: Feldfrüchte und Grünland;JAHR;Jahr;1955;DINSG;Deutschland insgesamt;DG;Deutschland;FRUA01;Fruchtarten;FRUART064;Silomais (einschl. Lieschkolbenschrot);46898;ha;FLC016;Anbaufläche
41241;Ernte-u.Betriebsbericht: Feldfrüchte und Grünland;JAHR;Jahr;1962;DINSG;Deutschland insgesamt;DG;Deutschland;FRUA01;Fruchtarten;FRUART041;Blumen u. Zierpflanzen einschl.Jungpfl.(o.Samenb.);.;ha;FLC016;Anbaufläche
41241;Ernte-u.Betriebsbericht: Feldfrüchte und Grünland;JAHR;Jahr;1994;DINSG;Deutschland insgesamt;DG;Deutschland;FRUA01;Fruchtarten;FRUART054;Rüben und Gräser zur Samengewinnung;26168;ha;FLC016;Anbaufläche
41241;Ernte-u.Betriebsbericht: Feldfrüchte und Grünland;JAHR;Jahr;1979;DINSG;Deutschland insgesamt;DG;Deutschland;FRUA01;Fruchtarten;FRUART033;Runkelrüben;167598;ha;FLC016;Anbaufläche
41241;Ernte-u.Betriebsbericht: Feldfrüchte und Grünland;JAHR;Jahr;1965;DINSG;Deutschland insgesamt;DG;Deutschland;FRUA01;Fruchtarten;FRUART0112;Roggen;1127934;ha;FLC016;Anbaufläche
41241;Ernte-u.Betriebsbericht: Feldfrüchte und Grünland;JAHR;Jahr;1956;DINSG;Deutschland insgesamt;DG;Deutschland;FRUA01;Fruchtarten;FRUART01211;Wintergerste;134038;ha;FLC016;Anbaufläche
41241;Ernte-u.Betriebsbericht: Feldfrüchte und Grünland;JAHR;Jahr;1990;DINSG;Deutschland insgesamt;DG;Deutschland;FRUA01;Fruchtarten;FRUART0123;Sommermenggetreide;60755;ha;FLC016;Anbaufläche
41241;Ernte-u.Betriebsbericht: Feldfrüchte und Grünland;JAHR;Jahr;1966;DINSG;Deutschland insgesamt;DG;Deutschland;FRUA01;Fruchtarten;FRUART051;Ölfrüchte;.;ha;FLC016;Anbaufläche
41241;Ernte-u.Betriebsbericht: Feldfrüchte und Grünland;JAHR;Jahr;1997;DINSG;Deutschland insgesamt;DG;Deutschland;FRUA01;Fruchtarten;FRUART031MUS;Mittelfrühe und späte Kartoffeln;285519;ha;FLC016;Anbaufläche
41241;Ernte-u.Betriebsbericht: Feldfrüchte und Grünland;JAHR;Jahr;1984;DINSG;Deutschland insgesamt;DG;Deutschland;FRUA01;Fruchtarten;FRUART061;Klee, Kleegras und Klee-Luzerne-Gemisch;188355;ha;FLC016;Anbaufläche
41241;Ernte-u.Betriebsbericht: Feldfrüchte und Grünland;JAHR;Jahr;1972;DINSG;Deutschland insgesamt;DG;Deutschland;FRUA01;Fruchtarten;FRUART021;Futtererbsen;.;ha;FLC016;Anbaufläche
41241;Ernte-u.Betriebsbericht: Feldfrüchte und Grünland;JAHR;Jahr;1989;DINSG;Deutschland insgesamt;DG;Deutschland;FRUA01;Fruchtarten;FRUART013;Körnermais;.;ha;FLC016;Anbaufläche
41241;Ernte-u.Betriebsbericht: Feldfrüchte und Grünland;JAHR;Jahr;1957;DINSG;Deutschland insgesamt;DG;Deutschland;FRUA01;Fruchtarten;FRUART014;Corn-Cob-Mix;.;ha;FLC016;Anbaufläche
41241;Ernte-u.Betriebsbericht: Feldfrüchte und Grünland;JAHR;Jahr;1994;DINSG;Deutschland insgesamt;DG;Deutschland;FRUA01;Fruchtarten;FRUART041;Blumen u. Zierpflanzen einschl.Jungpfl.(o.Samenb.);8675;ha;FLC016;Anbaufläche
41241;Ernte-u.Betriebsbericht: Feldfrüchte und Grünland;JAHR;Jahr;2007;DINSG;Deutschland insgesamt;DG;Deutschland;FRUA01;Fruchtarten;FRUART023;Alle anderen Hülsenfrüchte;3877;ha;FLC016;Anbaufläche
41241;Ernte-u.Betriebsbericht: Feldfrüchte und Grünland;JAHR;Jahr;1989;DINSG;Deutschland insgesamt;DG;Deutschland;FRUA01;Fruchtarten;FRUART0511;Raps und Rübsen;428990;ha;FLC016;Anbaufläche
41241;Ernte-u.Betriebsbericht: Feldfrüchte und Grünland;JAHR;Jahr;1972;DINSG;Deutschland insgesamt;DG;Deutschland;FRUA01;Fruchtarten;FRUART034;Alle anderen Hackfrüchte;29442;ha;FLC016;Anbaufläche
41241;Ernte-u.Betriebsbericht: Feldfrüchte und Grünland;JAHR;Jahr;1977;DINSG;Deutschland insgesamt;DG;Deutschland;FRUA01;Fruchtarten;FRUART01211;Wintergerste;884258;ha;FLC016;Anbaufläche
41241;Ernte-u.Betriebsbericht: Feldfrüchte und Grünland;JAHR;Jahr;1955;DINSG;Deutschland insgesamt;DG;Deutschland;FRUA01;Fruchtarten;FRUART031SPK;Speisekartoffeln;.;ha;FLC016;Anbaufläche
41241;Ernte-u.Betriebsbericht: Feldfrüchte und Grünland;JAHR;Jahr;1985;DINSG;Deutschland insgesamt;DG;Deutschland;FRUA01;Fruchtarten;FRUART0512;Flachs (Lein);.;ha;FLC016;Anbaufläche
41241;Ernte-u.Betriebsbericht: Feldfrüchte und Grünland;JAHR;Jahr;2000;DINSG;Deutschland insgesamt;DG;Deutschland;FRUA01;Fruchtarten;FRUART011;Brotgetreide;3821672;ha;FLC016;Anbaufläche
41241;Ernte-u.Betriebsbericht: Feldfrüchte und Grünland;JAHR;Jahr;1952;DINSG;Deutschland insgesamt;DG;Deutschland;FRUA01;Fruchtarten;FRUART062;Luzerne;.;ha;FLC016;Anbaufläche
41241;Ernte-u.Betriebsbericht: Feldfrüchte und Grünland;JAHR;Jahr;1987;DINSG;Deutschland insgesamt;DG;Deutschland;FRUA01;Fruchtarten;FRUART063;Feldgras/Grasanbau auf dem Ackerland;97795;ha;FLC016;Anbaufläche
41241;Ernte-u.Betriebsbericht: Feldfrüchte und Grünland;JAHR;Jahr;1970;DINSG;Deutschland insgesamt;DG;Deutschland;FRUA01;Fruchtarten;FRUART013CCM;Körnermais (einschl. CCM);99497;ha;FLC016;Anbaufläche
41241;Ernte-u.Betriebsbericht: Feldfrüchte und Grünland;JAHR;Jahr;1950;DINSG;Deutschland insgesamt;DG;Deutschland;FRUA01;Fruchtarten;FRUART0512;Flachs (Lein);.;ha;FLC016;Anbaufläche
41241;Ernte-u.Betriebsbericht: Feldfrüchte und Grünland;JAHR;Jahr;1961;DINSG;Deutschland insgesamt;DG;Deutschland;FRUA01;Fruchtarten;FRUART033;Runkelrüben;444453;ha;FLC016;Anbaufläche
41241;Ernte-u.Betriebsbericht: Feldfrüchte und Grünland;JAHR;Jahr;1954;DINSG;Deutschland insgesamt;DG;Deutschland;FRUA01;Fruchtarten;FRUART012;Futter- und Industriegetreide;2071542;ha;FLC016;Anbaufläche
41241;Ernte-u.Betriebsbericht: Feldfrüchte und Grünland;JAHR;Jahr;1998;DINSG;Deutschland insgesamt;DG;Deutschland;FRUA01;Fruchtarten;FRUART051;Ölfrüchte;1154714;ha;FLC016;Anbaufläche
41241;Ernte-u.Betriebsbericht: Feldfrüchte und Grünland;JAHR;Jahr;1982;DINSG;Deutschland insgesamt;DG;Deutschland;FRUA01;Fruchtarten;FRUART01OKM;Getreide (ohne Körnermais und CCM);4908927;ha;FLC016;Anbaufläche
41241;Ernte-u.Betriebsbericht: Feldfrüchte und Grünland;JAHR;Jahr;1999;DINSG;Deutschland insgesamt;DG;Deutschland;FRUA01;Fruchtarten;FRUART013CCM;Körnermais (einschl. CCM);370735;ha;FLC016;Anbaufläche
41241;Ernte-u.Betriebsbericht: Feldfrüchte und Grünland;JAHR;Jahr;1977;DINSG;Deutschland insgesamt;DG;Deutschland;FRUA01;Fruchtarten;FRUART0513;Körnersonnenblumen;.;ha;FLC016;Anbaufläche
41241;Ernte-u.Betriebsbericht: Feldfrüchte und Grünland;JAHR;Jahr;1968;DINSG;Deutschland insgesamt;DG;Deutschland;FRUA01;Fruchtarten;FRUART0514;Andere Ölfrüchte;.;ha;FLC016;Anbaufläche
41241;Ernte-u.Betriebsbericht: Feldfrüchte und Grünland;JAHR;Jahr;1968;DINSG;Deutschland insgesamt;DG;Deutschland;FRUA01;Fruchtarten;FRUART04OS;Gemüse, Spargel, Erdbeeren (ohne Samenbau);.;ha;FLC016;Anbaufläche
41241;Ernte-u.Betriebsbericht: Feldfrüchte und Grünland;JAHR;Jahr;1966;DINSG;Deutschland insgesamt;DG;Deutschland;FRUA01;Fruchtarten;FRUART01112;Sommerweizen;212140;ha;FLC016;Anbaufläche
41241;Ernte-u.Betriebsbericht: Feldfrüchte und Grünland;JAHR;Jahr;1951;DINSG;Deutschland insgesamt;DG;Deutschland;FRUA01;Fruchtarten;FRUART067;Lupinen;.;ha;FLC016;Anbaufläche
41241;Ernte-u.Betriebsbericht: Feldfrüchte und Grünland;JAHR;Jahr;1982;DINSG;Deutschland insgesamt;DG;Deutschland;FRUA01;Fruchtarten;FRUART0124;Triticale;.;ha;FLC016;Anbaufläche
41241;Ernte-u.Betriebsbericht: Feldfrüchte und Grünland;JAHR;Jahr;2004;DINSG;Deutschland insgesamt;DG;Deutschland;FRUA01;Fruchtarten;FRUART021;Futtererbsen;121508;ha;FLC016;Anbaufläche
41241;Ernte-u.Betriebsbericht: Feldfrüchte und Grünland;JAHR;Jahr;1983;DINSG;Deutschland insgesamt;DG;Deutschland;FRUA01;Fruchtarten;FRUART053;Tabak;.;ha;FLC016;Anbaufläche
41241;Ernte-u.Betriebsbericht: Feldfrüchte und Grünland;JAHR;Jahr;1958;DINSG;Deutschland insgesamt;DG;Deutschland;FRUA01;Fruchtarten;FRUART022;Ackerbohnen;12106;ha;FLC016;Anbaufläche
41241;Ernte-u.Betriebsbericht: Feldfrüchte und Grünland;JAHR;Jahr;1985;DINSG;Deutschland insgesamt;DG;Deutschland;FRUA01;Fruchtarten;FRUART031SPK;Speisekartoffeln;.;ha;FLC016;Anbaufläche
41241;Ernte-u.Betriebsbericht: Feldfrüchte und Grünland;JAHR;Jahr;1994;DINSG;Deutschland insgesamt;DG;Deutschland;FRUA01;Fruchtarten;FRUART067;Lupinen;.;ha;FLC016;Anbaufläche
41241;Ernte-u.Betriebsbericht: Feldfrüchte und Grünland;JAHR;Jahr;1997;DINSG;Deutschland insgesamt;DG;Deutschland;FRUA01;Fruchtarten;FRUART012;Futter- und Industriegetreide;3070883;ha;FLC016;Anbaufläche
41241;Ernte-u.Betriebsbericht: Feldfrüchte und Grünland;JAHR;Jahr;2005;DINSG;Deutschland insgesamt;DG;Deutschland;FRUA01;Fruchtarten;FRUART042;Gartenbausämereien,Vermehrungsanbau v.Blumenzwieb.;500;ha;FLC016;Anbaufläche
41241;Ernte-u.Betriebsbericht: Feldfrüchte und Grünland;JAHR;Jahr;2000;DINSG;Deutschland insgesamt;DG;Deutschland;FRUA01;Fruchtarten;FRUART0121;Gerste;2067590;ha;FLC016;Anbaufläche
41241;Ernte-u.Betriebsbericht: Feldfrüchte und Grünland;JAHR;Jahr;1983;DINSG;Deutschland insgesamt;DG;Deutschland;FRUA01;Fruchtarten;FRUART022;Ackerbohnen;5713;ha;FLC016;Anbaufläche
41241;Ernte-u.Betriebsbericht: Feldfrüchte und Grünland;JAHR;Jahr;1981;DINSG;Deutschland insgesamt;DG;Deutschland;FRUA01;Fruchtarten;FRUART0514;Andere Ölfrüchte;.;ha;FLC016;Anbaufläche
41241;Ernte-u.Betriebsbericht: Feldfrüchte und Grünland;JAHR;Jahr;1981;DINSG;Deutschland insgesamt;DG;Deutschland;FRUA01;Fruchtarten;FRUART04OS;Gemüse, Spargel, Erdbeeren (ohne Samenbau);.;ha;FLC016;Anbaufläche
41241;Ernte-u.Betriebsbericht: Feldfrüchte und Grünland;JAHR;Jahr;1960;DINSG;Deutschland insgesamt;DG;Deutschland;FRUA01;Fruchtarten;FRUART0121;Gerste;979897;ha;FLC016;Anbaufläche
41241;Ernte-u.Betriebsbericht: Feldfrüchte und Grünland;JAHR;Jahr;1976;DINSG;Deutschland insgesamt;DG;Deutschland;FRUA01;Fruchtarten;FRUART031SPK;Speisekartoffeln;.;ha;FLC016;Anbaufläche
41241;Ernte-u.Betriebsbericht: Feldfrüchte und Grünland;JAHR;Jahr;1980;DINSG;Deutschland insgesamt;DG;Deutschland;FRUA01;Fruchtarten;FRUART051;Ölfrüchte;.;ha;FLC016;Anbaufläche
41241;Ernte-u.Betriebsbericht: Feldfrüchte und Grünland;JAHR;Jahr;2009;DINSG;Deutschland insgesamt;DG;Deutschland;FRUA01;Fruchtarten;FRUART052;Hopfen;19000;ha;FLC016;Anbaufläche
41241;Ernte-u.Betriebsbericht: Feldfrüchte und Grünland;JAHR;Jahr;1972;DINSG;Deutschland insgesamt;DG;Deutschland;FRUA01;Fruchtarten;FRUART065;Raufutter;.;ha;FLC016;Anbaufläche
41241;Ernte-u.Betriebsbericht: Feldfrüchte und Grünland;JAHR;Jahr;1973;DINSG;Deutschland insgesamt;DG;Deutschland;FRUA01;Fruchtarten;FRUART0112;Roggen;739034;ha;FLC016;Anbaufläche
41241;Ernte-u.Betriebsbericht: Feldfrüchte und Grünland;JAHR;Jahr;1969;DINSG;Deutschland insgesamt;DG;Deutschland;FRUA01;Fruchtarten;FRUART0111;Weizen;1494381;ha;FLC016;Anbaufläche
41241;Ernte-u.Betriebsbericht: Feldfrüchte und Grünland;JAHR;Jahr;1991;DINSG;Deutschland insgesamt;DG;Deutschland;FRUA01;Fruchtarten;FRUART065;Raufutter;4570175;ha;FLC016;Anbaufläche
41241;Ernte-u.Betriebsbericht: Feldfrüchte und Grünland;JAHR;Jahr;1973;DINSG;Deutschland insgesamt;DG;Deutschland;FRUA01;Fruchtarten;FRUART05111;Winterraps;97584;ha;FLC016;Anbaufläche
41241;Ernte-u.Betriebsbericht: Feldfrüchte und Grünland;JAHR;Jahr;1987;DINSG;Deutschland insgesamt;DG;Deutschland;FRUA01;Fruchtarten;FRUART05112;Sommerraps, Winter- und Sommerrübsen;7670;ha;FLC016;Anbaufläche
41241;Ernte-u.Betriebsbericht: Feldfrüchte und Grünland;JAHR;Jahr;2006;DINSG;Deutschland insgesamt;DG;Deutschland;FRUA01;Fruchtarten;FRUART0112;Roggen;538900;ha;FLC016;Anbaufläche
41241;Ernte-u.Betriebsbericht: Feldfrüchte und Grünland;JAHR;Jahr;1982;DINSG;Deutschland insgesamt;DG;Deutschland;FRUA01;Fruchtarten;FRUART0111;Weizen;1577744;ha;FLC016;Anbaufläche
41241;Ernte-u.Betriebsbericht: Feldfrüchte und Grünland;JAHR;Jahr;1975;DINSG;Deutschland insgesamt;DG;Deutschland;FRUA01;Fruchtarten;FRUART023;Alle anderen Hülsenfrüchte;11848;ha;FLC016;Anbaufläche
41241;Ernte-u.Betriebsbericht: Feldfrüchte und Grünland;JAHR;Jahr;1998;DINSG;Deutschland insgesamt;DG;Deutschland;FRUA01;Fruchtarten;FRUART064;Silomais (einschl. Lieschkolbenschrot);1235130;ha;FLC016;Anbaufläche
41241;Ernte-u.Betriebsbericht: Feldfrüchte und Grünland;JAHR;Jahr;1983;DINSG;Deutschland insgesamt;DG;Deutschland;FRUA01;Fruchtarten;FRUART01111W;Weichweizen;.;ha;FLC016;Anbaufläche
41241;Ernte-u.Betriebsbericht: Feldfrüchte und Grünland;JAHR;Jahr;2004;DINSG;Deutschland insgesamt;DG;Deutschland;FRUA01;Fruchtarten;FRUART034;Alle anderen Hackfrüchte;4768;ha;FLC016;Anbaufläche
41241;Ernte-u.Betriebsbericht: Feldfrüchte und Grünland;JAHR;Jahr;1991;DINSG;Deutschland insgesamt;DG;Deutschland;FRUA01;Fruchtarten;FRUART052;Hopfen;22478;ha;FLC016;Anbaufläche
41241;Ernte-u.Betriebsbericht: Feldfrüchte und Grünland;JAHR;Jahr;1964;DINSG;Deutschland insgesamt;DG;Deutschland;FRUA01;Fruchtarten;FRUART022;Ackerbohnen;19624;ha;FLC016;Anbaufläche
41241;Ernte-u.Betriebsbericht: Feldfrüchte und Grünland;JAHR;Jahr;2001;DINSG;Deutschland insgesamt;DG;Deutschland;FRUA01;Fruchtarten;FRUART01211;Wintergerste;1473031;ha;FLC016;Anbaufläche
41241;Ernte-u.Betriebsbericht: Feldfrüchte und Grünland;JAHR;Jahr;1978;DINSG;Deutschland insgesamt;DG;Deutschland;FRUA01;Fruchtarten;FRUART0123;Sommermenggetreide;223153;ha;FLC016;Anbaufläche
41241;Ernte-u.Betriebsbericht: Feldfrüchte und Grünland;JAHR;Jahr;1962;DINSG;Deutschland insgesamt;DG;Deutschland;FRUA01;Fruchtarten;FRUART0512;Flachs (Lein);.;ha;FLC016;Anbaufläche
41241;Ernte-u.Betriebsbericht: Feldfrüchte und Grünland;JAHR;Jahr;1951;DINSG;Deutschland insgesamt;DG;Deutschland;FRUA01;Fruchtarten;FRUART0122;Hafer;1144893;ha;FLC016;Anbaufläche
41241;Ernte-u.Betriebsbericht: Feldfrüchte und Grünland;JAHR;Jahr;1995;DINSG;Deutschland insgesamt;DG;Deutschland;FRUA01;Fruchtarten;FRUART062;Luzerne;49266;ha;FLC016;Anbaufläche
41241;Ernte-u.Betriebsbericht: Feldfrüchte und Grünland;JAHR;Jahr;1961;DINSG;Deutschland insgesamt;DG;Deutschland;FRUA01;Fruchtarten;FRUART031FSK;Frühe Speisekartoffeln;60756;ha;FLC016;Anbaufläche
41241;Ernte-u.Betriebsbericht: Feldfrüchte und Grünland;JAHR;Jahr;1971;DINSG;Deutschland insgesamt;DG;Deutschland;FRUA01;Fruchtarten;FRUART013;Körnermais;.;ha;FLC016;Anbaufläche
41241;Ernte-u.Betriebsbericht: Feldfrüchte und Grünland;JAHR;Jahr;1994;DINSG;Deutschland insgesamt;DG;Deutschland;FRUA01;Fruchtarten;FRUART01111;Winterweizen;2351884;ha;FLC016;Anbaufläche
41241;Ernte-u.Betriebsbericht: Feldfrüchte und Grünland;JAHR;Jahr;1971;DINSG;Deutschland insgesamt;DG;Deutschland;FRUA01;Fruchtarten;FRUART05112;Sommerraps, Winter- und Sommerrübsen;12161;ha;FLC016;Anbaufläche
41241;Ernte-u.Betriebsbericht: Feldfrüchte und Grünland;JAHR;Jahr;2001;DINSG;Deutschland insgesamt;DG;Deutschland;FRUA01;Fruchtarten;FRUART032;Zuckerrüben;447697;ha;FLC016;Anbaufläche
41241;Ernte-u.Betriebsbericht: Feldfrüchte und Grünland;JAHR;Jahr;1968;DINSG;Deutschland insgesamt;DG;Deutschland;FRUA01;Fruchtarten;FRUART032;Zuckerrüben;290045;ha;FLC016;Anbaufläche
41241;Ernte-u.Betriebsbericht: Feldfrüchte und Grünland;JAHR;Jahr;1951;DINSG;Deutschland insgesamt;DG;Deutschland;FRUA01;Fruchtarten;FRUART023;Alle anderen Hülsenfrüchte;55574;ha;FLC016;Anbaufläche
41241;Ernte-u.Betriebsbericht: Feldfrüchte und Grünland;JAHR;Jahr;1993;DINSG;Deutschland insgesamt;DG;Deutschland;FRUA01;Fruchtarten;FRUART0512;Flachs (Lein);30075;ha;FLC016;Anbaufläche
41241;Ernte-u.Betriebsbericht: Feldfrüchte und Grünland;JAHR;Jahr;2009;DINSG;Deutschland insgesamt;DG;Deutschland;FRUA01;Fruchtarten;FRUART065;Raufutter;4653800;ha;FLC016;Anbaufläche
41241;Ernte-u.Betriebsbericht: Feldfrüchte und Grünland;JAHR;Jahr;1966;DINSG;Deutschland insgesamt;DG;Deutschland;FRUA01;Fruchtarten;FRUART031MUS;Mittelfrühe und späte Kartoffeln;687451;ha;FLC016;Anbaufläche
41241;Ernte-u.Betriebsbericht: Feldfrüchte und Grünland;JAHR;Jahr;1958;DINSG;Deutschland insgesamt;DG;Deutschland;FRUA01;Fruchtarten;FRUART0124;Triticale;.;ha;FLC016;Anbaufläche
41241;Ernte-u.Betriebsbericht: Feldfrüchte und Grünland;JAHR;Jahr;1960;DINSG;Deutschland insgesamt;DG;Deutschland;FRUA01;Fruchtarten;FRUART012;Futter- und Industriegetreide;2097320;ha;FLC016;Anbaufläche
41241;Ernte-u.Betriebsbericht: Feldfrüchte und Grünland;JAHR;Jahr;1971;DINSG;Deutschland insgesamt;DG;Deutschland;FRUA01;Fruchtarten;FRUART01112;Sommerweizen;194919;ha;FLC016;Anbaufläche
41241;Ernte-u.Betriebsbericht: Feldfrüchte und Grünland;JAHR;Jahr;1965;DINSG;Deutschland insgesamt;DG;Deutschland;FRUA01;Fruchtarten;FRUART013CCM;Körnermais (einschl. CCM);26821;ha;FLC016;Anbaufläche
41241;Ernte-u.Betriebsbericht: Feldfrüchte und Grünland;JAHR;Jahr;1955;DINSG;Deutschland insgesamt;DG;Deutschland;FRUA01;Fruchtarten;FRUART033;Runkelrüben;490593;ha;FLC016;Anbaufläche
41241;Ernte-u.Betriebsbericht: Feldfrüchte und Grünland;JAHR;Jahr;1979;DINSG;Deutschland insgesamt;DG;Deutschland;FRUA01;Fruchtarten;FRUART064;Silomais (einschl. Lieschkolbenschrot);649088;ha;FLC016;Anbaufläche
41241;Ernte-u.Betriebsbericht: Feldfrüchte und Grünland;JAHR;Jahr;1996;DINSG;Deutschland insgesamt;DG;Deutschland;FRUA01;Fruchtarten;FRUART022;Ackerbohnen;21125;ha;FLC016;Anbaufläche
41241;Ernte-u.Betriebsbericht: Feldfrüchte und Grünland;JAHR;Jahr;1977;DINSG;Deutschland insgesamt;DG;Deutschland;FRUA01;Fruchtarten;FRUART01OKM;Getreide (ohne Körnermais und CCM);5180727;ha;FLC016;Anbaufläche
41241;Ernte-u.Betriebsbericht: Feldfrüchte und Grünland;JAHR;Jahr;2002;DINSG;Deutschland insgesamt;DG;Deutschland;FRUA01;Fruchtarten;FRUART053;Tabak;4789;ha;FLC016;Anbaufläche
41241;Ernte-u.Betriebsbericht: Feldfrüchte und Grünland;JAHR;Jahr;2002;DINSG;Deutschland insgesamt;DG;Deutschland;FRUA01;Fruchtarten;FRUART031SPK;Speisekartoffeln;99637;ha;FLC016;Anbaufläche
41241;Ernte-u.Betriebsbericht: Feldfrüchte und Grünland;JAHR;Jahr;1972;DINSG;Deutschland insgesamt;DG;Deutschland;FRUA01;Fruchtarten;FRUART052;Hopfen;18172;ha;FLC016;Anbaufläche
41241;Ernte-u.Betriebsbericht: Feldfrüchte und Grünland;JAHR;Jahr;1981;DINSG;Deutschland insgesamt;DG;Deutschland;FRUA01;Fruchtarten;FRUART0113;Wintermenggetreide;16082;ha;FLC016;Anbaufläche
41241;Ernte-u.Betriebsbericht: Feldfrüchte und Grünland;JAHR;Jahr;2009;DINSG;Deutschland insgesamt;DG;Deutschland;FRUA01;Fruchtarten;FRUART01113;Hartweizen (Durum);11200;ha;FLC016;Anbaufläche
41241;Ernte-u.Betriebsbericht: Feldfrüchte und Grünland;JAHR;Jahr;1991;DINSG;Deutschland insgesamt;DG;Deutschland;FRUA01;Fruchtarten;FRUART013CCM;Körnermais (einschl. CCM);283052;ha;FLC016;Anbaufläche
41241;Ernte-u.Betriebsbericht: Feldfrüchte und Grünland;JAHR;Jahr;1975;DINSG;Deutschland insgesamt;DG;Deutschland;FRUA01;Fruchtarten;FRUART054;Rüben und Gräser zur Samengewinnung;14953;ha;FLC016;Anbaufläche
41241;Ernte-u.Betriebsbericht: Feldfrüchte und Grünland;JAHR;Jahr;1963;DINSG;Deutschland insgesamt;DG;Deutschland;FRUA01;Fruchtarten;FRUART014;Corn-Cob-Mix;.;ha;FLC016;Anbaufläche
41241;Ernte-u.Betriebsbericht: Feldfrüchte und Grünland;JAHR;Jahr;2006;DINSG;Deutschland insgesamt;DG;Deutschland;FRUA01;Fruchtarten;FRUART063;Feldgras/Grasanbau auf dem Ackerland;321300;ha;FLC016;Anbaufläche
41241;Ernte-u.Betriebsbericht: Feldfrüchte und Grünland;JAHR;Jahr;1992;DINSG;Deutschland insgesamt;DG;Deutschland;FRUA01;Fruchtarten;FRUART01112;Sommerweizen;60994;ha;FLC016;Anbaufläche
41241;Ernte-u.Betriebsbericht: Feldfrüchte und Grünland;JAHR;Jahr;1964;DINSG;Deutschland insgesamt;DG;Deutschland;FRUA01;Fruchtarten;FRUART01113;Hartweizen (Durum);.;ha;FLC016;Anbaufläche
41241;Ernte-u.Betriebsbericht: Feldfrüchte und Grünland;JAHR;Jahr;1974;DINSG;Deutschland insgesamt;DG;Deutschland;FRUA01;Fruchtarten;FRUART01111W;Weichweizen;.;ha;FLC016;Anbaufläche
41241;Ernte-u.Betriebsbericht: Feldfrüchte und Grünland;JAHR;Jahr;1958;DINSG;Deutschland insgesamt;DG;Deutschland;FRUA01;Fruchtarten;FRUART0511;Raps und Rübsen;33105;ha;FLC016;Anbaufläche
41241;Ernte-u.Betriebsbericht: Feldfrüchte und Grünland;JAHR;Jahr;1970;DINSG;Deutschland insgesamt;DG;Deutschland;FRUA01;Fruchtarten;FRUART0511;Raps und Rübsen;84865;ha;FLC016;Anbaufläche
41241;Ernte-u.Betriebsbericht: Feldfrüchte und Grünland;JAHR;Jahr;1952;DINSG;Deutschland insgesamt;DG;Deutschland;FRUA01;Fruchtarten;FRUART031;Kartoffeln;1161445;ha;FLC016;Anbaufläche
41241;Ernte-u.Betriebsbericht: Feldfrüchte und Grünland;JAHR;Jahr;1985;DINSG;Deutschland insgesamt;DG;Deutschland;FRUA01;Fruchtarten;FRUART034;Alle anderen Hackfrüchte;6249;ha;FLC016;Anbaufläche
41241;Ernte-u.Betriebsbericht: Feldfrüchte und Grünland;JAHR;Jahr;1983;DINSG;Deutschland insgesamt;DG;Deutschland;FRUA01;Fruchtarten;FRUART01113;Hartweizen (Durum);.;ha;FLC016;Anbaufläche
41241;Ernte-u.Betriebsbericht: Feldfrüchte und Grünland;JAHR;Jahr;1978;DINSG;Deutschland insgesamt;DG;Deutschland;FRUA01;Fruchtarten;FRUART012;Futter- und Industriegetreide;2923796;ha;FLC016;Anbaufläche
41241;Ernte-u.Betriebsbericht: Feldfrüchte und Grünland;JAHR;Jahr;1956;DINSG;Deutschland insgesamt;DG;Deutschland;FRUA01;Fruchtarten;FRUART041;Blumen u. Zierpflanzen einschl.Jungpfl.(o.Samenb.);.;ha;FLC016;Anbaufläche
41241;Ernte-u.Betriebsbericht: Feldfrüchte und Grünland;JAHR;Jahr;1961;DINSG;Deutschland insgesamt;DG;Deutschland;FRUA01;Fruchtarten;FRUART064;Silomais (einschl. Lieschkolbenschrot);43312;ha;FLC016;Anbaufläche
41241;Ernte-u.Betriebsbericht: Feldfrüchte und Grünland;JAHR;Jahr;1975;DINSG;Deutschland insgesamt;DG;Deutschland;FRUA01;Fruchtarten;FRUART067;Lupinen;.;ha;FLC016;Anbaufläche
41241;Ernte-u.Betriebsbericht: Feldfrüchte und Grünland;JAHR;Jahr;1961;DINSG;Deutschland insgesamt;DG;Deutschland;FRUA01;Fruchtarten;FRUART013CCM;Körnermais (einschl. CCM);7557;ha;FLC016;Anbaufläche
41241;Ernte-u.Betriebsbericht: Feldfrüchte und Grünland;JAHR;Jahr;1994;DINSG;Deutschland insgesamt;DG;Deutschland;FRUA01;Fruchtarten;FRUART0122;Hafer;391857;ha;FLC016;Anbaufläche
41241;Ernte-u.Betriebsbericht: Feldfrüchte und Grünland;JAHR;Jahr;1995;DINSG;Deutschland insgesamt;DG;Deutschland;FRUA01;Fruchtarten;FRUART014;Corn-Cob-Mix;94252;ha;FLC016;Anbaufläche
41241;Ernte-u.Betriebsbericht: Feldfrüchte und Grünland;JAHR;Jahr;1967;DINSG;Deutschland insgesamt;DG;Deutschland;FRUA01;Fruchtarten;FRUART011;Brotgetreide;2433413;ha;FLC016;Anbaufläche
41241;Ernte-u.Betriebsbericht: Feldfrüchte und Grünland;JAHR;Jahr;1964;DINSG;Deutschland insgesamt;DG;Deutschland;FRUA01;Fruchtarten;FRUART066;Alle anderen Futterpflanzen;42937;ha;FLC016;Anbaufläche
41241;Ernte-u.Betriebsbericht: Feldfrüchte und Grünland;JAHR;Jahr;1990;DINSG;Deutschland insgesamt;DG;Deutschland;FRUA01;Fruchtarten;FRUART062;Luzerne;154045;ha;FLC016;Anbaufläche
41241;Ernte-u.Betriebsbericht: Feldfrüchte und Grünland;JAHR;Jahr;2002;DINSG;Deutschland insgesamt;DG;Deutschland;FRUA01;Fruchtarten;FRUART0512;Flachs (Lein);10341;ha;FLC016;Anbaufläche
41241;Ernte-u.Betriebsbericht: Feldfrüchte und Grünland;JAHR;Jahr;1966;DINSG;Deutschland insgesamt;DG;Deutschland;FRUA01;Fruchtarten;FRUART0123;Sommermenggetreide;387445;ha;FLC016;Anbaufläche
41241;Ernte-u.Betriebsbericht: Feldfrüchte und Grünland;JAHR;Jahr;1980;DINSG;Deutschland insgesamt;DG;Deutschland;FRUA01;Fruchtarten;FRUART01211;Wintergerste;1182185;ha;FLC016;Anbaufläche
41241;Ernte-u.Betriebsbericht: Feldfrüchte und Grünland;JAHR;Jahr;1997;DINSG;Deutschland insgesamt;DG;Deutschland;FRUA01;Fruchtarten;FRUART0112;Roggen;843426;ha;FLC016;Anbaufläche
41241;Ernte-u.Betriebsbericht: Feldfrüchte und Grünland;JAHR;Jahr;1976;DINSG;Deutschland insgesamt;DG;Deutschland;FRUA01;Fruchtarten;FRUART062;Luzerne;.;ha;FLC016;Anbaufläche
41241;Ernte-u.Betriebsbericht: Feldfrüchte und Grünland;JAHR;Jahr;1970;DINSG;Deutschland insgesamt;DG;Deutschland;FRUA01;Fruchtarten;FRUART01111W;Weichweizen;.;ha;FLC016;Anbaufläche
41241;Ernte-u.Betriebsbericht: Feldfrüchte und Grünland;JAHR;Jahr;1979;DINSG;Deutschland insgesamt;DG;Deutschland;FRUA01;Fruchtarten;FRUART0121;Gerste;1988504;ha;FLC016;Anbaufläche
41241;Ernte-u.Betriebsbericht: Feldfrüchte und Grünland;JAHR;Jahr;1992;DINSG;Deutschland insgesamt;DG;Deutschland;FRUA01;Fruchtarten;FRUART012;Futter- und Industriegetreide;2994888;ha;FLC016;Anbaufläche
41241;Ernte-u.Betriebsbericht: Feldfrüchte und Grünland;JAHR;Jahr;2005;DINSG;Deutschland insgesamt;DG;Deutschland;FRUA01;Fruchtarten;FRUART055;Heil- und Gewürzpflanzen;6300;ha;FLC016;Anbaufläche
41241;Ernte-u.Betriebsbericht: Feldfrüchte und Grünland;JAHR;Jahr;1950;DINSG;Deutschland insgesamt;DG;Deutschland;FRUA01;Fruchtarten;FRUART0111;Weizen;1020329;ha;FLC016;Anbaufläche
41241;Ernte-u.Betriebsbericht: Feldfrüchte und Grünland;JAHR;Jahr;1998;DINSG;Deutschland insgesamt;DG;Deutschland;FRUA01;Fruchtarten;FRUART01OKM;Getreide (ohne Körnermais und CCM);6700603;ha;FLC016;Anbaufläche
41241;Ernte-u.Betriebsbericht: Feldfrüchte und Grünland;JAHR;Jahr;1989;DINSG;Deutschland insgesamt;DG;Deutschland;FRUA01;Fruchtarten;FRUART031;Kartoffeln;200655;ha;FLC016;Anbaufläche
41241;Ernte-u.Betriebsbericht: Feldfrüchte und Grünland;JAHR;Jahr;2006;DINSG;Deutschland insgesamt;DG;Deutschland;FRUA01;Fruchtarten;FRUART05112;Sommerraps, Winter- und Sommerrübsen;19000;ha;FLC016;Anbaufläche
41241;Ernte-u.Betriebsbericht: Feldfrüchte und Grünland;JAHR;Jahr;1988;DINSG;Deutschland insgesamt;DG;Deutschland;FRUA01;Fruchtarten;FRUART0113;Wintermenggetreide;11463;ha;FLC016;Anbaufläche
41241;Ernte-u.Betriebsbericht: Feldfrüchte und Grünland;JAHR;Jahr;2004;DINSG;Deutschland insgesamt;DG;Deutschland;FRUA01;Fruchtarten;FRUART01111;Winterweizen;3057263;ha;FLC016;Anbaufläche
41241;Ernte-u.Betriebsbericht: Feldfrüchte und Grünland;JAHR;Jahr;1960;DINSG;Deutschland insgesamt;DG;Deutschland;FRUA01;Fruchtarten;FRUART056;Alle anderen Handelsgewächse;10659;ha;FLC016;Anbaufläche
41241;Ernte-u.Betriebsbericht: Feldfrüchte und Grünland;JAHR;Jahr;2008;DINSG;Deutschland insgesamt;DG;Deutschland;FRUA01;Fruchtarten;FRUART01212;Sommergerste;543500;ha;FLC016;Anbaufläche
41241;Ernte-u.Betriebsbericht: Feldfrüchte und Grünland;JAHR;Jahr;2009;DINSG;Deutschland insgesamt;DG;Deutschland;FRUA01;Fruchtarten;FRUART021;Futtererbsen;48300;ha;FLC016;Anbaufläche
41241;Ernte-u.Betriebsbericht: Feldfrüchte und Grünland;JAHR;Jahr;1965;DINSG;Deutschland insgesamt;DG;Deutschland;FRUA01;Fruchtarten;FRUART0513;Körnersonnenblumen;.;ha;FLC016;Anbaufläche
41241;Ernte-u.Betriebsbericht: Feldfrüchte und Grünland;JAHR;Jahr;1985;DINSG;Deutschland insgesamt;DG;Deutschland;FRUA01;Fruchtarten;FRUART0112;Roggen;425792;ha;FLC016;Anbaufläche
41241;Ernte-u.Betriebsbericht: Feldfrüchte und Grünland;JAHR;Jahr;1950;DINSG;Deutschland insgesamt;DG;Deutschland;FRUA01;Fruchtarten;FRUART05112;Sommerraps, Winter- und Sommerrübsen;7816;ha;FLC016;Anbaufläche
41241;Ernte-u.Betriebsbericht: Feldfrüchte und Grünland;JAHR;Jahr;1970;DINSG;Deutschland insgesamt;DG;Deutschland;FRUA01;Fruchtarten;FRUART031INK;Industriekartoffeln;.;ha;FLC016;Anbaufläche
41241;Ernte-u.Betriebsbericht: Feldfrüchte und Grünland;JAHR;Jahr;2001;DINSG;Deutschland insgesamt;DG;Deutschland;FRUA01;Fruchtarten;FRUART014;Corn-Cob-Mix;90925;ha;FLC016;Anbaufläche
41241;Ernte-u.Betriebsbericht: Feldfrüchte und Grünland;JAHR;Jahr;2009;DINSG;Deutschland insgesamt;DG;Deutschland;FRUA01;Fruchtarten;FRUART0514;Andere Ölfrüchte;7900;ha;FLC016;Anbaufläche
41241;Ernte-u.Betriebsbericht: Feldfrüchte und Grünland;JAHR;Jahr;2009;DINSG;Deutschland insgesamt;DG;Deutschland;FRUA01;Fruchtarten;FRUART04OS;Gemüse, Spargel, Erdbeeren (ohne Samenbau);119600;ha;FLC016;Anbaufläche
41241;Ernte-u.Betriebsbericht: Feldfrüchte und Grünland;JAHR;Jahr;1978;DINSG;Deutschland insgesamt;DG;Deutschland;FRUA01;Fruchtarten;FRUART031FSK;Frühe Speisekartoffeln;33926;ha;FLC016;Anbaufläche
41241;Ernte-u.Betriebsbericht: Feldfrüchte und Grünland;JAHR;Jahr;1975;DINSG;Deutschland insgesamt;DG;Deutschland;FRUA01;Fruchtarten;FRUART041;Blumen u. Zierpflanzen einschl.Jungpfl.(o.Samenb.);.;ha;FLC016;Anbaufläche
41241;Ernte-u.Betriebsbericht: Feldfrüchte und Grünland;JAHR;Jahr;1959;DINSG;Deutschland insgesamt;DG;Deutschland;FRUA01;Fruchtarten;FRUART056;Alle anderen Handelsgewächse;11318;ha;FLC016;Anbaufläche
41241;Ernte-u.Betriebsbericht: Feldfrüchte und Grünland;JAHR;Jahr;1993;DINSG;Deutschland insgesamt;DG;Deutschland;FRUA01;Fruchtarten;FRUART033;Runkelrüben;35208;ha;FLC016;Anbaufläche
41241;Ernte-u.Betriebsbericht: Feldfrüchte und Grünland;JAHR;Jahr;1958;DINSG;Deutschland insgesamt;DG;Deutschland;FRUA01;Fruchtarten;FRUART01OKM;Getreide (ohne Körnermais und CCM);4947564;ha;FLC016;Anbaufläche
41241;Ernte-u.Betriebsbericht: Feldfrüchte und Grünland;JAHR;Jahr;1986;DINSG;Deutschland insgesamt;DG;Deutschland;FRUA01;Fruchtarten;FRUART055;Heil- und Gewürzpflanzen;.;ha;FLC016;Anbaufläche
41241;Ernte-u.Betriebsbericht: Feldfrüchte und Grünland;JAHR;Jahr;1968;DINSG;Deutschland insgesamt;DG;Deutschland;FRUA01;Fruchtarten;FRUART063;Feldgras/Grasanbau auf dem Ackerland;255271;ha;FLC016;Anbaufläche
41241;Ernte-u.Betriebsbericht: Feldfrüchte und Grünland;JAHR;Jahr;1956;DINSG;Deutschland insgesamt;DG;Deutschland;FRUA01;Fruchtarten;FRUART054;Rüben und Gräser zur Samengewinnung;18476;ha;FLC016;Anbaufläche
41241;Ernte-u.Betriebsbericht: Feldfrüchte und Grünland;JAHR;Jahr;1966;DINSG;Deutschland insgesamt;DG;Deutschland;FRUA01;Fruchtarten;FRUART05112;Sommerraps, Winter- und Sommerrübsen;7243;ha;FLC016;Anbaufläche
41241;Ernte-u.Betriebsbericht: Feldfrüchte und Grünland;JAHR;Jahr;1961;DINSG;Deutschland insgesamt;DG;Deutschland;FRUA01;Fruchtarten;FRUART051;Ölfrüchte;.;ha;FLC016;Anbaufläche
41241;Ernte-u.Betriebsbericht: Feldfrüchte und Grünland;JAHR;Jahr;1994;DINSG;Deutschland insgesamt;DG;Deutschland;FRUA01;Fruchtarten;FRUART05111;Winterraps;950079;ha;FLC016;Anbaufläche
41241;Ernte-u.Betriebsbericht: Feldfrüchte und Grünland;JAHR;Jahr;1990;DINSG;Deutschland insgesamt;DG;Deutschland;FRUA01;Fruchtarten;FRUART031;Kartoffeln;548403;ha;FLC016;Anbaufläche
41241;Ernte-u.Betriebsbericht: Feldfrüchte und Grünland;JAHR;Jahr;1971;DINSG;Deutschland insgesamt;DG;Deutschland;FRUA01;Fruchtarten;FRUART031;Kartoffeln;553984;ha;FLC016;Anbaufläche
41241;Ernte-u.Betriebsbericht: Feldfrüchte und Grünland;JAHR;Jahr;1963;DINSG;Deutschland insgesamt;DG;Deutschland;FRUA01;Fruchtarten;FRUART0122;Hafer;770198;ha;FLC016;Anbaufläche
41241;Ernte-u.Betriebsbericht: Feldfrüchte und Grünland;JAHR;Jahr;1965;DINSG;Deutschland insgesamt;DG;Deutschland;FRUA01;Fruchtarten;FRUART061;Klee, Kleegras und Klee-Luzerne-Gemisch;516616;ha;FLC016;Anbaufläche
41241;Ernte-u.Betriebsbericht: Feldfrüchte und Grünland;JAHR;Jahr;1953;DINSG;Deutschland insgesamt;DG;Deutschland;FRUA01;Fruchtarten;FRUART052;Hopfen;8234;ha;FLC016;Anbaufläche
41241;Ernte-u.Betriebsbericht: Feldfrüchte und Grünland;JAHR;Jahr;2008;DINSG;Deutschland insgesamt;DG;Deutschland;FRUA01;Fruchtarten;FRUART013;Körnermais;415300;ha;FLC016;Anbaufläche
41241;Ernte-u.Betriebsbericht: Feldfrüchte und Grünland;JAHR;Jahr;1978;DINSG;Deutschland insgesamt;DG;Deutschland;FRUA01;Fruchtarten;FRUART056;Alle anderen Handelsgewächse;5266;ha;FLC016;Anbaufläche
41241;Ernte-u.Betriebsbericht: Feldfrüchte und Grünland;JAHR;Jahr;1990;DINSG;Deutschland insgesamt;DG;Deutschland;FRUA01;Fruchtarten;FRUART05112;Sommerraps, Winter- und Sommerrübsen;.;ha;FLC016;Anbaufläche
41241;Ernte-u.Betriebsbericht: Feldfrüchte und Grünland;JAHR;Jahr;1967;DINSG;Deutschland insgesamt;DG;Deutschland;FRUA01;Fruchtarten;FRUART055;Heil- und Gewürzpflanzen;.;ha;FLC016;Anbaufläche
41241;Ernte-u.Betriebsbericht: Feldfrüchte und Grünland;JAHR;Jahr;2003;DINSG;Deutschland insgesamt;DG;Deutschland;FRUA01;Fruchtarten;FRUART061;Klee, Kleegras und Klee-Luzerne-Gemisch;158557;ha;FLC016;Anbaufläche
41241;Ernte-u.Betriebsbericht: Feldfrüchte und Grünland;JAHR;Jahr;1954;DINSG;Deutschland insgesamt;DG;Deutschland;FRUA01;Fruchtarten;FRUART05111;Winterraps;5866;ha;FLC016;Anbaufläche
41241;Ernte-u.Betriebsbericht: Feldfrüchte und Grünland;JAHR;Jahr;1982;DINSG;Deutschland insgesamt;DG;Deutschland;FRUA01;Fruchtarten;FRUART032;Zuckerrüben;417594;ha;FLC016;Anbaufläche
41241;Ernte-u.Betriebsbericht: Feldfrüchte und Grünland;JAHR;Jahr;1952;DINSG;Deutschland insgesamt;DG;Deutschland;FRUA01;Fruchtarten;FRUART01212;Sommergerste;540607;ha;FLC016;Anbaufläche
41241;Ernte-u.Betriebsbericht: Feldfrüchte und Grünland;JAHR;Jahr;2003;DINSG;Deutschland insgesamt;DG;Deutschland;FRUA01;Fruchtarten;FRUART0122;Hafer;261927;ha;FLC016;Anbaufläche
41241;Ernte-u.Betriebsbericht: Feldfrüchte und Grünland;JAHR;Jahr;1954;DINSG;Deutschland insgesamt;DG;Deutschland;FRUA01;Fruchtarten;FRUART0112;Roggen;1542144;ha;FLC016;Anbaufläche
41241;Ernte-u.Betriebsbericht: Feldfrüchte und Grünland;JAHR;Jahr;1986;DINSG;Deutschland insgesamt;DG;Deutschland;FRUA01;Fruchtarten;FRUART042;Gartenbausämereien,Vermehrungsanbau v.Blumenzwieb.;.;ha;FLC016;Anbaufläche
41241;Ernte-u.Betriebsbericht: Feldfrüchte und Grünland;JAHR;Jahr;1979;DINSG;Deutschland insgesamt;DG;Deutschland;FRUA01;Fruchtarten;FRUART051;Ölfrüchte;.;ha;FLC016;Anbaufläche
41241;Ernte-u.Betriebsbericht: Feldfrüchte und Grünland;JAHR;Jahr;2002;DINSG;Deutschland insgesamt;DG;Deutschland;FRUA01;Fruchtarten;FRUART066;Alle anderen Futterpflanzen;39063;ha;FLC016;Anbaufläche
41241;Ernte-u.Betriebsbericht: Feldfrüchte und Grünland;JAHR;Jahr;2005;DINSG;Deutschland insgesamt;DG;Deutschland;FRUA01;Fruchtarten;FRUART011;Brotgetreide;3732200;ha;FLC016;Anbaufläche
41241;Ernte-u.Betriebsbericht: Feldfrüchte und Grünland;JAHR;Jahr;1964;DINSG;Deutschland insgesamt;DG;Deutschland;FRUA01;Fruchtarten;FRUART053;Tabak;.;ha;FLC016;Anbaufläche
41241;Ernte-u.Betriebsbericht: Feldfrüchte und Grünland;JAHR;Jahr;1957;DINSG;Deutschland insgesamt;DG;Deutschland;FRUA01;Fruchtarten;FRUART062;Luzerne;.;ha;FLC016;Anbaufläche
41241;Ernte-u.Betriebsbericht: Feldfrüchte und Grünland;JAHR;Jahr;1993;DINSG;Deutschland insgesamt;DG;Deutschland;FRUA01;Fruchtarten;FRUART0124;Triticale;218513;ha;FLC016;Anbaufläche
41241;Ernte-u.Betriebsbericht: Feldfrüchte und Grünland;JAHR;Jahr;1981;DINSG;Deutschland insgesamt;DG;Deutschland;FRUA01;Fruchtarten;FRUART056;Alle anderen Handelsgewächse;4894;ha;FLC016;Anbaufläche
41241;Ernte-u.Betriebsbericht: Feldfrüchte und Grünland;JAHR;Jahr;1996;DINSG;Deutschland insgesamt;DG;Deutschland;FRUA01;Fruchtarten;FRUART041;Blumen u. Zierpflanzen einschl.Jungpfl.(o.Samenb.);8736;ha;FLC016;Anbaufläche
41241;Ernte-u.Betriebsbericht: Feldfrüchte und Grünland;JAHR;Jahr;1987;DINSG;Deutschland insgesamt;DG;Deutschland;FRUA01;Fruchtarten;FRUART01111W;Weichweizen;.;ha;FLC016;Anbaufläche
41241;Ernte-u.Betriebsbericht: Feldfrüchte und Grünland;JAHR;Jahr;1955;DINSG;Deutschland insgesamt;DG;Deutschland;FRUA01;Fruchtarten;FRUART014;Corn-Cob-Mix;.;ha;FLC016;Anbaufläche
41241;Ernte-u.Betriebsbericht: Feldfrüchte und Grünland;JAHR;Jahr;1973;DINSG;Deutschland insgesamt;DG;Deutschland;FRUA01;Fruchtarten;FRUART031SPK;Speisekartoffeln;.;ha;FLC016;Anbaufläche
41241;Ernte-u.Betriebsbericht: Feldfrüchte und Grünland;JAHR;Jahr;1954;DINSG;Deutschland insgesamt;DG;Deutschland;FRUA01;Fruchtarten;FRUART0123;Sommermenggetreide;379978;ha;FLC016;Anbaufläche
41241;Ernte-u.Betriebsbericht: Feldfrüchte und Grünland;JAHR;Jahr;1999;DINSG;Deutschland insgesamt;DG;Deutschland;FRUA01;Fruchtarten;FRUART01112;Sommerweizen;149310;ha;FLC016;Anbaufläche
41241;Ernte-u.Betriebsbericht: Feldfrüchte und Grünland;JAHR;Jahr;1989;DINSG;Deutschland insgesamt;DG;Deutschland;FRUA01;Fruchtarten;FRUART01212;Sommergerste;681612;ha;FLC016;Anbaufläche
41241;Ernte-u.Betriebsbericht: Feldfrüchte und Grünland;JAHR;Jahr;1970;DINSG;Deutschland insgesamt;DG;Deutschland;FRUA01;Fruchtarten;FRUART011;Brotgetreide;2395835;ha;FLC016;Anbaufläche
41241;Ernte-u.Betriebsbericht: Feldfrüchte und Grünland;JAHR;Jahr;2002;DINSG;Deutschland insgesamt;DG;Deutschland;FRUA01;Fruchtarten;FRUART034;Alle anderen Hackfrüchte;4293;ha;FLC016;Anbaufläche
41241;Ernte-u.Betriebsbericht: Feldfrüchte und Grünland;JAHR;Jahr;1963;DINSG;Deutschland insgesamt;DG;Deutschland;FRUA01;Fruchtarten;FRUART033;Runkelrüben;408881;ha;FLC016;Anbaufläche
41241;Ernte-u.Betriebsbericht: Feldfrüchte und Grünland;JAHR;Jahr;1989;DINSG;Deutschland insgesamt;DG;Deutschland;FRUA01;Fruchtarten;FRUART063;Feldgras/Grasanbau auf dem Ackerland;95763;ha;FLC016;Anbaufläche
41241;Ernte-u.Betriebsbericht: Feldfrüchte und Grünland;JAHR;Jahr;1984;DINSG;Deutschland insgesamt;DG;Deutschland;FRUA01;Fruchtarten;FRUART012;Futter- und Industriegetreide;2674581;ha;FLC016;Anbaufläche
41241;Ernte-u.Betriebsbericht: Feldfrüchte und Grünland;JAHR;Jahr;2002;DINSG;Deutschland insgesamt;DG;Deutschland;FRUA01;Fruchtarten;FRUART05112;Sommerraps, Winter- und Sommerrübsen;20642;ha;FLC016;Anbaufläche
41241;Ernte-u.Betriebsbericht: Feldfrüchte und Grünland;JAHR;Jahr;1977;DINSG;Deutschland insgesamt;DG;Deutschland;FRUA01;Fruchtarten;FRUART034;Alle anderen Hackfrüchte;12875;ha;FLC016;Anbaufläche
41241;Ernte-u.Betriebsbericht: Feldfrüchte und Grünland;JAHR;Jahr;1974;DINSG;Deutschland insgesamt;DG;Deutschland;FRUA01;Fruchtarten;FRUART013CCM;Körnermais (einschl. CCM);107567;ha;FLC016;Anbaufläche
41241;Ernte-u.Betriebsbericht: Feldfrüchte und Grünland;JAHR;Jahr;1960;DINSG;Deutschland insgesamt;DG;Deutschland;FRUA01;Fruchtarten;FRUART042;Gartenbausämereien,Vermehrungsanbau v.Blumenzwieb.;.;ha;FLC016;Anbaufläche
41241;Ernte-u.Betriebsbericht: Feldfrüchte und Grünland;JAHR;Jahr;1982;DINSG;Deutschland insgesamt;DG;Deutschland;FRUA01;Fruchtarten;FRUART0512;Flachs (Lein);.;ha;FLC016;Anbaufläche
41241;Ernte-u.Betriebsbericht: Feldfrüchte und Grünland;JAHR;Jahr;1999;DINSG;Deutschland insgesamt;DG;Deutschland;FRUA01;Fruchtarten;FRUART067;Lupinen;.;ha;FLC016;Anbaufläche
41241;Ernte-u.Betriebsbericht: Feldfrüchte und Grünland;JAHR;Jahr;1996;DINSG;Deutschland insgesamt;DG;Deutschland;FRUA01;Fruchtarten;FRUART0513;Körnersonnenblumen;43758;ha;FLC016;Anbaufläche
41241;Ernte-u.Betriebsbericht: Feldfrüchte und Grünland;JAHR;Jahr;1974;DINSG;Deutschland insgesamt;DG;Deutschland;FRUA01;Fruchtarten;FRUART0512;Flachs (Lein);.;ha;FLC016;Anbaufläche
41241;Ernte-u.Betriebsbericht: Feldfrüchte und Grünland;JAHR;Jahr;1985;DINSG;Deutschland insgesamt;DG;Deutschland;FRUA01;Fruchtarten;FRUART053;Tabak;.;ha;FLC016;Anbaufläche
41241;Ernte-u.Betriebsbericht: Feldfrüchte und Grünland;JAHR;Jahr;1964;DINSG;Deutschland insgesamt;DG;Deutschland;FRUA01;Fruchtarten;FRUART052;Hopfen;9579;ha;FLC016;Anbaufläche
41241;Ernte-u.Betriebsbericht: Feldfrüchte und Grünland;JAHR;Jahr;1982;DINSG;Deutschland insgesamt;DG;Deutschland;FRUA01;Fruchtarten;FRUART062;Luzerne;.;ha;FLC016;Anbaufläche
41241;Ernte-u.Betriebsbericht: Feldfrüchte und Grünland;JAHR;Jahr;1950;DINSG;Deutschland insgesamt;DG;Deutschland;FRUA01;Fruchtarten;FRUART051;Ölfrüchte;.;ha;FLC016;Anbaufläche
41241;Ernte-u.Betriebsbericht: Feldfrüchte und Grünland;JAHR;Jahr;2009;DINSG;Deutschland insgesamt;DG;Deutschland;FRUA01;Fruchtarten;FRUART022;Ackerbohnen;12000;ha;FLC016;Anbaufläche
41241;Ernte-u.Betriebsbericht: Feldfrüchte und Grünland;JAHR;Jahr;1954;DINSG;Deutschland insgesamt;DG;Deutschland;FRUA01;Fruchtarten;FRUART061;Klee, Kleegras und Klee-Luzerne-Gemisch;796907;ha;FLC016;Anbaufläche
41241;Ernte-u.Betriebsbericht: Feldfrüchte und Grünland;JAHR;Jahr;2006;DINSG;Deutschland insgesamt;DG;Deutschland;FRUA01;Fruchtarten;FRUART031;Kartoffeln;274300;ha;FLC016;Anbaufläche
41241;Ernte-u.Betriebsbericht: Feldfrüchte und Grünland;JAHR;Jahr;2008;DINSG;Deutschland insgesamt;DG;Deutschland;FRUA01;Fruchtarten;FRUART05112;Sommerraps, Winter- und Sommerrübsen;7300;ha;FLC016;Anbaufläche
41241;Ernte-u.Betriebsbericht: Feldfrüchte und Grünland;JAHR;Jahr;1978;DINSG;Deutschland insgesamt;DG;Deutschland;FRUA01;Fruchtarten;FRUART031;Kartoffeln;355372;ha;FLC016;Anbaufläche
41241;Ernte-u.Betriebsbericht: Feldfrüchte und Grünland;JAHR;Jahr;1999;DINSG;Deutschland insgesamt;DG;Deutschland;FRUA01;Fruchtarten;FRUART054;Rüben und Gräser zur Samengewinnung;29054;ha;FLC016;Anbaufläche
41241;Ernte-u.Betriebsbericht: Feldfrüchte und Grünland;JAHR;Jahr;1959;DINSG;Deutschland insgesamt;DG;Deutschland;FRUA01;Fruchtarten;FRUART0122;Hafer;811603;ha;FLC016;Anbaufläche
41241;Ernte-u.Betriebsbericht: Feldfrüchte und Grünland;JAHR;Jahr;1957;DINSG;Deutschland insgesamt;DG;Deutschland;FRUA01;Fruchtarten;FRUART01112;Sommerweizen;155220;ha;FLC016;Anbaufläche
41241;Ernte-u.Betriebsbericht: Feldfrüchte und Grünland;JAHR;Jahr;1952;DINSG;Deutschland insgesamt;DG;Deutschland;FRUA01;Fruchtarten;FRUART01OKM;Getreide (ohne Körnermais und CCM);4691701;ha;FLC016;Anbaufläche
41241;Ernte-u.Betriebsbericht: Feldfrüchte und Grünland;JAHR;Jahr;2008;DINSG;Deutschland insgesamt;DG;Deutschland;FRUA01;Fruchtarten;FRUART01111;Winterweizen;3163900;ha;FLC016;Anbaufläche
41241;Ernte-u.Betriebsbericht: Feldfrüchte und Grünland;JAHR;Jahr;1981;DINSG;Deutschland insgesamt;DG;Deutschland;FRUA01;Fruchtarten;FRUART031SPK;Speisekartoffeln;.;ha;FLC016;Anbaufläche
41241;Ernte-u.Betriebsbericht: Feldfrüchte und Grünland;JAHR;Jahr;2002;DINSG;Deutschland insgesamt;DG;Deutschland;FRUA01;Fruchtarten;FRUART0111;Weizen;3014620;ha;FLC016;Anbaufläche
41241;Ernte-u.Betriebsbericht: Feldfrüchte und Grünland;JAHR;Jahr;1958;DINSG;Deutschland insgesamt;DG;Deutschland;FRUA01;Fruchtarten;FRUART031SPK;Speisekartoffeln;.;ha;FLC016;Anbaufläche
41241;Ernte-u.Betriebsbericht: Feldfrüchte und Grünland;JAHR;Jahr;1994;DINSG;Deutschland insgesamt;DG;Deutschland;FRUA01;Fruchtarten;FRUART01OKM;Getreide (ohne Körnermais und CCM);5889965;ha;FLC016;Anbaufläche
41241;Ernte-u.Betriebsbericht: Feldfrüchte und Grünland;JAHR;Jahr;1974;DINSG;Deutschland insgesamt;DG;Deutschland;FRUA01;Fruchtarten;FRUART021;Futtererbsen;.;ha;FLC016;Anbaufläche
41241;Ernte-u.Betriebsbericht: Feldfrüchte und Grünland;JAHR;Jahr;1956;DINSG;Deutschland insgesamt;DG;Deutschland;FRUA01;Fruchtarten;FRUART011;Brotgetreide;2709676;ha;FLC016;Anbaufläche
41241;Ernte-u.Betriebsbericht: Feldfrüchte und Grünland;JAHR;Jahr;2003;DINSG;Deutschland insgesamt;DG;Deutschland;FRUA01;Fruchtarten;FRUART0124;Triticale;499796;ha;FLC016;Anbaufläche
41241;Ernte-u.Betriebsbericht: Feldfrüchte und Grünland;JAHR;Jahr;1975;DINSG;Deutschland insgesamt;DG;Deutschland;FRUA01;Fruchtarten;FRUART0122;Hafer;920150;ha;FLC016;Anbaufläche
41241;Ernte-u.Betriebsbericht: Feldfrüchte und Grünland;JAHR;Jahr;1968;DINSG;Deutschland insgesamt;DG;Deutschland;FRUA01;Fruchtarten;FRUART0113;Wintermenggetreide;45019;ha;FLC016;Anbaufläche
41241;Ernte-u.Betriebsbericht: Feldfrüchte und Grünland;JAHR;Jahr;1971;DINSG;Deutschland insgesamt;DG;Deutschland;FRUA01;Fruchtarten;FRUART0123;Sommermenggetreide;342379;ha;FLC016;Anbaufläche
41241;Ernte-u.Betriebsbericht: Feldfrüchte und Grünland;JAHR;Jahr;1992;DINSG;Deutschland insgesamt;DG;Deutschland;FRUA01;Fruchtarten;FRUART031;Kartoffeln;360914;ha;FLC016;Anbaufläche
41241;Ernte-u.Betriebsbericht: Feldfrüchte und Grünland;JAHR;Jahr;1988;DINSG;Deutschland insgesamt;DG;Deutschland;FRUA01;Fruchtarten;FRUART066;Alle anderen Futterpflanzen;12105;ha;FLC016;Anbaufläche
41241;Ernte-u.Betriebsbericht: Feldfrüchte und Grünland;JAHR;Jahr;1996;DINSG;Deutschland insgesamt;DG;Deutschland;FRUA01;Fruchtarten;FRUART01111;Winterweizen;2543521;ha;FLC016;Anbaufläche
41241;Ernte-u.Betriebsbericht: Feldfrüchte und Grünland;JAHR;Jahr;1977;DINSG;Deutschland insgesamt;DG;Deutschland;FRUA01;Fruchtarten;FRUART021;Futtererbsen;.;ha;FLC016;Anbaufläche
41241;Ernte-u.Betriebsbericht: Feldfrüchte und Grünland;JAHR;Jahr;1980;DINSG;Deutschland insgesamt;DG;Deutschland;FRUA01;Fruchtarten;FRUART031MUS;Mittelfrühe und späte Kartoffeln;235434;ha;FLC016;Anbaufläche
41241;Ernte-u.Betriebsbericht: Feldfrüchte und Grünland;JAHR;Jahr;2007;DINSG;Deutschland insgesamt;DG;Deutschland;FRUA01;Fruchtarten;FRUART041;Blumen u. Zierpflanzen einschl.Jungpfl.(o.Samenb.);9601;ha;FLC016;Anbaufläche
41241;Ernte-u.Betriebsbericht: Feldfrüchte und Grünland;JAHR;Jahr;1990;DINSG;Deutschland insgesamt;DG;Deutschland;FRUA01;Fruchtarten;FRUART0512;Flachs (Lein);.;ha;FLC016;Anbaufläche
41241;Ernte-u.Betriebsbericht: Feldfrüchte und Grünland;JAHR;Jahr;1995;DINSG;Deutschland insgesamt;DG;Deutschland;FRUA01;Fruchtarten;FRUART013;Körnermais;230812;ha;FLC016;Anbaufläche
41241;Ernte-u.Betriebsbericht: Feldfrüchte und Grünland;JAHR;Jahr;1961;DINSG;Deutschland insgesamt;DG;Deutschland;FRUA01;Fruchtarten;FRUART05111;Winterraps;26519;ha;FLC016;Anbaufläche
41241;Ernte-u.Betriebsbericht: Feldfrüchte und Grünland;JAHR;Jahr;1958;DINSG;Deutschland insgesamt;DG;Deutschland;FRUA01;Fruchtarten;FRUART0122;Hafer;837555;ha;FLC016;Anbaufläche
41241;Ernte-u.Betriebsbericht: Feldfrüchte und Grünland;JAHR;Jahr;1970;DINSG;Deutschland insgesamt;DG;Deutschland;FRUA01;Fruchtarten;FRUART055;Heil- und Gewürzpflanzen;.;ha;FLC016;Anbaufläche
41241;Ernte-u.Betriebsbericht: Feldfrüchte und Grünland;JAHR;Jahr;1950;DINSG;Deutschland insgesamt;DG;Deutschland;FRUA01;Fruchtarten;FRUART064;Silomais (einschl. Lieschkolbenschrot);47216;ha;FLC016;Anbaufläche
41241;Ernte-u.Betriebsbericht: Feldfrüchte und Grünland;JAHR;Jahr;1963;DINSG;Deutschland insgesamt;DG;Deutschland;FRUA01;Fruchtarten;FRUART01OKM;Getreide (ohne Körnermais und CCM);4916402;ha;FLC016;Anbaufläche
41241;Ernte-u.Betriebsbericht: Feldfrüchte und Grünland;JAHR;Jahr;1957;DINSG;Deutschland insgesamt;DG;Deutschland;FRUA01;Fruchtarten;FRUART0514;Andere Ölfrüchte;.;ha;FLC016;Anbaufläche
41241;Ernte-u.Betriebsbericht: Feldfrüchte und Grünland;JAHR;Jahr;1957;DINSG;Deutschland insgesamt;DG;Deutschland;FRUA01;Fruchtarten;FRUART04OS;Gemüse, Spargel, Erdbeeren (ohne Samenbau);.;ha;FLC016;Anbaufläche
41241;Ernte-u.Betriebsbericht: Feldfrüchte und Grünland;JAHR;Jahr;1962;DINSG;Deutschland insgesamt;DG;Deutschland;FRUA01;Fruchtarten;FRUART0123;Sommermenggetreide;474409;ha;FLC016;Anbaufläche
41241;Ernte-u.Betriebsbericht: Feldfrüchte und Grünland;JAHR;Jahr;1978;DINSG;Deutschland insgesamt;DG;Deutschland;FRUA01;Fruchtarten;FRUART062;Luzerne;.;ha;FLC016;Anbaufläche
41241;Ernte-u.Betriebsbericht: Feldfrüchte und Grünland;JAHR;Jahr;1965;DINSG;Deutschland insgesamt;DG;Deutschland;FRUA01;Fruchtarten;FRUART01211;Wintergerste;337029;ha;FLC016;Anbaufläche
41241;Ernte-u.Betriebsbericht: Feldfrüchte und Grünland;JAHR;Jahr;1968;DINSG;Deutschland insgesamt;DG;Deutschland;FRUA01;Fruchtarten;FRUART013CCM;Körnermais (einschl. CCM);58377;ha;FLC016;Anbaufläche
41241;Ernte-u.Betriebsbericht: Feldfrüchte und Grünland;JAHR;Jahr;1999;DINSG;Deutschland insgesamt;DG;Deutschland;FRUA01;Fruchtarten;FRUART023;Alle anderen Hülsenfrüchte;24500;ha;FLC016;Anbaufläche
41241;Ernte-u.Betriebsbericht: Feldfrüchte und Grünland;JAHR;Jahr;1952;DINSG;Deutschland insgesamt;DG;Deutschland;FRUA01;Fruchtarten;FRUART014;Corn-Cob-Mix;.;ha;FLC016;Anbaufläche
41241;Ernte-u.Betriebsbericht: Feldfrüchte und Grünland;JAHR;Jahr;1973;DINSG;Deutschland insgesamt;DG;Deutschland;FRUA01;Fruchtarten;FRUART011;Brotgetreide;2372446;ha;FLC016;Anbaufläche
41241;Ernte-u.Betriebsbericht: Feldfrüchte und Grünland;JAHR;Jahr;1978;DINSG;Deutschland insgesamt;DG;Deutschland;FRUA01;Fruchtarten;FRUART0511;Raps und Rübsen;121107;ha;FLC016;Anbaufläche
41241;Ernte-u.Betriebsbericht: Feldfrüchte und Grünland;JAHR;Jahr;1983;DINSG;Deutschland insgesamt;DG;Deutschland;FRUA01;Fruchtarten;FRUART013CCM;Körnermais (einschl. CCM);168949;ha;FLC016;Anbaufläche
41241;Ernte-u.Betriebsbericht: Feldfrüchte und Grünland;JAHR;Jahr;1975;DINSG;Deutschland insgesamt;DG;Deutschland;FRUA01;Fruchtarten;FRUART05112;Sommerraps, Winter- und Sommerrübsen;9377;ha;FLC016;Anbaufläche
41241;Ernte-u.Betriebsbericht: Feldfrüchte und Grünland;JAHR;Jahr;1953;DINSG;Deutschland insgesamt;DG;Deutschland;FRUA01;Fruchtarten;FRUART033;Runkelrüben;507364;ha;FLC016;Anbaufläche
41241;Ernte-u.Betriebsbericht: Feldfrüchte und Grünland;JAHR;Jahr;2006;DINSG;Deutschland insgesamt;DG;Deutschland;FRUA01;Fruchtarten;FRUART0513;Körnersonnenblumen;32000;ha;FLC016;Anbaufläche
41241;Ernte-u.Betriebsbericht: Feldfrüchte und Grünland;JAHR;Jahr;1965;DINSG;Deutschland insgesamt;DG;Deutschland;FRUA01;Fruchtarten;FRUART014;Corn-Cob-Mix;.;ha;FLC016;Anbaufläche
41241;Ernte-u.Betriebsbericht: Feldfrüchte und Grünland;JAHR;Jahr;1990;DINSG;Deutschland insgesamt;DG;Deutschland;FRUA01;Fruchtarten;FRUART01111;Winterweizen;2371052;ha;FLC016;Anbaufläche
41241;Ernte-u.Betriebsbericht: Feldfrüchte und Grünland;JAHR;Jahr;1985;DINSG;Deutschland insgesamt;DG;Deutschland;FRUA01;Fruchtarten;FRUART066;Alle anderen Futterpflanzen;5700;ha;FLC016;Anbaufläche
41241;Ernte-u.Betriebsbericht: Feldfrüchte und Grünland;JAHR;Jahr;1957;DINSG;Deutschland insgesamt;DG;Deutschland;FRUA01;Fruchtarten;FRUART031MUS;Mittelfrühe und späte Kartoffeln;1073022;ha;FLC016;Anbaufläche
41241;Ernte-u.Betriebsbericht: Feldfrüchte und Grünland;JAHR;Jahr;1993;DINSG;Deutschland insgesamt;DG;Deutschland;FRUA01;Fruchtarten;FRUART0111;Weizen;2394642;ha;FLC016;Anbaufläche
41241;Ernte-u.Betriebsbericht: Feldfrüchte und Grünland;JAHR;Jahr;1996;DINSG;Deutschland insgesamt;DG;Deutschland;FRUA01;Fruchtarten;FRUART054;Rüben und Gräser zur Samengewinnung;27322;ha;FLC016;Anbaufläche
41241;Ernte-u.Betriebsbericht: Feldfrüchte und Grünland;JAHR;Jahr;1962;DINSG;Deutschland insgesamt;DG;Deutschland;FRUA01;Fruchtarten;FRUART023;Alle anderen Hülsenfrüchte;26170;ha;FLC016;Anbaufläche
41241;Ernte-u.Betriebsbericht: Feldfrüchte und Grünland;JAHR;Jahr;1974;DINSG;Deutschland insgesamt;DG;Deutschland;FRUA01;Fruchtarten;FRUART065;Raufutter;.;ha;FLC016;Anbaufläche
41241;Ernte-u.Betriebsbericht: Feldfrüchte und Grünland;JAHR;Jahr;1971;DINSG;Deutschland insgesamt;DG;Deutschland;FRUA01;Fruchtarten;FRUART031MUS;Mittelfrühe und späte Kartoffeln;519903;ha;FLC016;Anbaufläche
41241;Ernte-u.Betriebsbericht: Feldfrüchte und Grünland;JAHR;Jahr;1979;DINSG;Deutschland insgesamt;DG;Deutschland;FRUA01;Fruchtarten;FRUART01212;Sommergerste;895673;ha;FLC016;Anbaufläche
41241;Ernte-u.Betriebsbericht: Feldfrüchte und Grünland;JAHR;Jahr;1950;DINSG;Deutschland insgesamt;DG;Deutschland;FRUA01;Fruchtarten;FRUART0113;Wintermenggetreide;67938;ha;FLC016;Anbaufläche
41241;Ernte-u.Betriebsbericht: Feldfrüchte und Grünland;JAHR;Jahr;1993;DINSG;Deutschland insgesamt;DG;Deutschland;FRUA01;Fruchtarten;FRUART063;Feldgras/Grasanbau auf dem Ackerland;226520;ha;FLC016;Anbaufläche
41241;Ernte-u.Betriebsbericht: Feldfrüchte und Grünland;JAHR;Jahr;1963;DINSG;Deutschland insgesamt;DG;Deutschland;FRUA01;Fruchtarten;FRUART031MUS;Mittelfrühe und späte Kartoffeln;860782;ha;FLC016;Anbaufläche
41241;Ernte-u.Betriebsbericht: Feldfrüchte und Grünland;JAHR;Jahr;1989;DINSG;Deutschland insgesamt;DG;Deutschland;FRUA01;Fruchtarten;FRUART0123;Sommermenggetreide;67472;ha;FLC016;Anbaufläche
41241;Ernte-u.Betriebsbericht: Feldfrüchte und Grünland;JAHR;Jahr;1967;DINSG;Deutschland insgesamt;DG;Deutschland;FRUA01;Fruchtarten;FRUART0122;Hafer;808199;ha;FLC016;Anbaufläche
41241;Ernte-u.Betriebsbericht: Feldfrüchte und Grünland;JAHR;Jahr;2003;DINSG;Deutschland insgesamt;DG;Deutschland;FRUA01;Fruchtarten;FRUART031;Kartoffeln;287264;ha;FLC016;Anbaufläche
41241;Ernte-u.Betriebsbericht: Feldfrüchte und Grünland;JAHR;Jahr;1966;DINSG;Deutschland insgesamt;DG;Deutschland;FRUA01;Fruchtarten;FRUART033;Runkelrüben;343179;ha;FLC016;Anbaufläche
41241;Ernte-u.Betriebsbericht: Feldfrüchte und Grünland;JAHR;Jahr;1988;DINSG;Deutschland insgesamt;DG;Deutschland;FRUA01;Fruchtarten;FRUART022;Ackerbohnen;60207;ha;FLC016;Anbaufläche
41241;Ernte-u.Betriebsbericht: Feldfrüchte und Grünland;JAHR;Jahr;2007;DINSG;Deutschland insgesamt;DG;Deutschland;FRUA01;Fruchtarten;FRUART0121;Gerste;1916871;ha;FLC016;Anbaufläche
41241;Ernte-u.Betriebsbericht: Feldfrüchte und Grünland;JAHR;Jahr;1952;DINSG;Deutschland insgesamt;DG;Deutschland;FRUA01;Fruchtarten;FRUART031FSK;Frühe Speisekartoffeln;65167;ha;FLC016;Anbaufläche
41241;Ernte-u.Betriebsbericht: Feldfrüchte und Grünland;JAHR;Jahr;1977;DINSG;Deutschland insgesamt;DG;Deutschland;FRUA01;Fruchtarten;FRUART065;Raufutter;.;ha;FLC016;Anbaufläche
41241;Ernte-u.Betriebsbericht: Feldfrüchte und Grünland;JAHR;Jahr;2008;DINSG;Deutschland insgesamt;DG;Deutschland;FRUA01;Fruchtarten;FRUART0121;Gerste;1961700;ha;FLC016;Anbaufläche
41241;Ernte-u.Betriebsbericht: Feldfrüchte und Grünland;JAHR;Jahr;1992;DINSG;Deutschland insgesamt;DG;Deutschland;FRUA01;Fruchtarten;FRUART062;Luzerne;75068;ha;FLC016;Anbaufläche
41241;Ernte-u.Betriebsbericht: Feldfrüchte und Grünland;JAHR;Jahr;1994;DINSG;Deutschland insgesamt;DG;Deutschland;FRUA01;Fruchtarten;FRUART0511;Raps und Rübsen;1057565;ha;FLC016;Anbaufläche
41241;Ernte-u.Betriebsbericht: Feldfrüchte und Grünland;JAHR;Jahr;1961;DINSG;Deutschland insgesamt;DG;Deutschland;FRUA01;Fruchtarten;FRUART01212;Sommergerste;810126;ha;FLC016;Anbaufläche
41241;Ernte-u.Betriebsbericht: Feldfrüchte und Grünland;JAHR;Jahr;1980;DINSG;Deutschland insgesamt;DG;Deutschland;FRUA01;Fruchtarten;FRUART0121;Gerste;2001746;ha;FLC016;Anbaufläche
41241;Ernte-u.Betriebsbericht: Feldfrüchte und Grünland;JAHR;Jahr;1992;DINSG;Deutschland insgesamt;DG;Deutschland;FRUA01;Fruchtarten;FRUART05111;Winterraps;921346;ha;FLC016;Anbaufläche
41241;Ernte-u.Betriebsbericht: Feldfrüchte und Grünland;JAHR;Jahr;2006;DINSG;Deutschland insgesamt;DG;Deutschland;FRUA01;Fruchtarten;FRUART013;Körnermais;301800;ha;FLC016;Anbaufläche
41241;Ernte-u.Betriebsbericht: Feldfrüchte und Grünland;JAHR;Jahr;1953;DINSG;Deutschland insgesamt;DG;Deutschland;FRUA01;Fruchtarten;FRUART0112;Roggen;1404747;ha;FLC016;Anbaufläche
41241;Ernte-u.Betriebsbericht: Feldfrüchte und Grünland;JAHR;Jahr;1969;DINSG;Deutschland insgesamt;DG;Deutschland;FRUA01;Fruchtarten;FRUART011;Brotgetreide;2405270;ha;FLC016;Anbaufläche
41241;Ernte-u.Betriebsbericht: Feldfrüchte und Grünland;JAHR;Jahr;1964;DINSG;Deutschland insgesamt;DG;Deutschland;FRUA01;Fruchtarten;FRUART05112;Sommerraps, Winter- und Sommerrübsen;9063;ha;FLC016;Anbaufläche
41241;Ernte-u.Betriebsbericht: Feldfrüchte und Grünland;JAHR;Jahr;1981;DINSG;Deutschland insgesamt;DG;Deutschland;FRUA01;Fruchtarten;FRUART0512;Flachs (Lein);.;ha;FLC016;Anbaufläche
41241;Ernte-u.Betriebsbericht: Feldfrüchte und Grünland;JAHR;Jahr;2000;DINSG;Deutschland insgesamt;DG;Deutschland;FRUA01;Fruchtarten;FRUART031INK;Industriekartoffeln;174603;ha;FLC016;Anbaufläche
41241;Ernte-u.Betriebsbericht: Feldfrüchte und Grünland;JAHR;Jahr;1996;DINSG;Deutschland insgesamt;DG;Deutschland;FRUA01;Fruchtarten;FRUART01111W;Weichweizen;2586405;ha;FLC016;Anbaufläche
41241;Ernte-u.Betriebsbericht: Feldfrüchte und Grünland;JAHR;Jahr;1973;DINSG;Deutschland insgesamt;DG;Deutschland;FRUA01;Fruchtarten;FRUART055;Heil- und Gewürzpflanzen;.;ha;FLC016;Anbaufläche
41241;Ernte-u.Betriebsbericht: Feldfrüchte und Grünland;JAHR;Jahr;1994;DINSG;Deutschland insgesamt;DG;Deutschland;FRUA01;Fruchtarten;FRUART01212;Sommergerste;778724;ha;FLC016;Anbaufläche
41241;Ernte-u.Betriebsbericht: Feldfrüchte und Grünland;JAHR;Jahr;1977;DINSG;Deutschland insgesamt;DG;Deutschland;FRUA01;Fruchtarten;FRUART0111;Weizen;1598761;ha;FLC016;Anbaufläche
41241;Ernte-u.Betriebsbericht: Feldfrüchte und Grünland;JAHR;Jahr;1952;DINSG;Deutschland insgesamt;DG;Deutschland;FRUA01;Fruchtarten;FRUART0121;Gerste;710090;ha;FLC016;Anbaufläche
41241;Ernte-u.Betriebsbericht: Feldfrüchte und Grünland;JAHR;Jahr;1994;DINSG;Deutschland insgesamt;DG;Deutschland;FRUA01;Fruchtarten;FRUART012;Futter- und Industriegetreide;2721623;ha;FLC016;Anbaufläche
41241;Ernte-u.Betriebsbericht: Feldfrüchte und Grünland;JAHR;Jahr;2009;DINSG;Deutschland insgesamt;DG;Deutschland;FRUA01;Fruchtarten;FRUART0112;Roggen;749400;ha;FLC016;Anbaufläche
41241;Ernte-u.Betriebsbericht: Feldfrüchte und Grünland;JAHR;Jahr;1991;DINSG;Deutschland insgesamt;DG;Deutschland;FRUA01;Fruchtarten;FRUART021;Futtererbsen;22545;ha;FLC016;Anbaufläche
41241;Ernte-u.Betriebsbericht: Feldfrüchte und Grünland;JAHR;Jahr;2000;DINSG;Deutschland insgesamt;DG;Deutschland;FRUA01;Fruchtarten;FRUART066;Alle anderen Futterpflanzen;42360;ha;FLC016;Anbaufläche
41241;Ernte-u.Betriebsbericht: Feldfrüchte und Grünland;JAHR;Jahr;1963;DINSG;Deutschland insgesamt;DG;Deutschland;FRUA01;Fruchtarten;FRUART064;Silomais (einschl. Lieschkolbenschrot);56241;ha;FLC016;Anbaufläche
41241;Ernte-u.Betriebsbericht: Feldfrüchte und Grünland;JAHR;Jahr;1986;DINSG;Deutschland insgesamt;DG;Deutschland;FRUA01;Fruchtarten;FRUART0124;Triticale;.;ha;FLC016;Anbaufläche
41241;Ernte-u.Betriebsbericht: Feldfrüchte und Grünland;JAHR;Jahr;1969;DINSG;Deutschland insgesamt;DG;Deutschland;FRUA01;Fruchtarten;FRUART0113;Wintermenggetreide;37530;ha;FLC016;Anbaufläche
41241;Ernte-u.Betriebsbericht: Feldfrüchte und Grünland;JAHR;Jahr;1995;DINSG;Deutschland insgesamt;DG;Deutschland;FRUA01;Fruchtarten;FRUART031INK;Industriekartoffeln;166582;ha;FLC016;Anbaufläche
41241;Ernte-u.Betriebsbericht: Feldfrüchte und Grünland;JAHR;Jahr;2006;DINSG;Deutschland insgesamt;DG;Deutschland;FRUA01;Fruchtarten;FRUART01212;Sommergerste;542000;ha;FLC016;Anbaufläche
41241;Ernte-u.Betriebsbericht: Feldfrüchte und Grünland;JAHR;Jahr;1957;DINSG;Deutschland insgesamt;DG;Deutschland;FRUA01;Fruchtarten;FRUART056;Alle anderen Handelsgewächse;14511;ha;FLC016;Anbaufläche
41241;Ernte-u.Betriebsbericht: Feldfrüchte und Grünland;JAHR;Jahr;1970;DINSG;Deutschland insgesamt;DG;Deutschland;FRUA01;Fruchtarten;FRUART0123;Sommermenggetreide;388391;ha;FLC016;Anbaufläche
41241;Ernte-u.Betriebsbericht: Feldfrüchte und Grünland;JAHR;Jahr;1967;DINSG;Deutschland insgesamt;DG;Deutschland;FRUA01;Fruchtarten;FRUART031SPK;Speisekartoffeln;.;ha;FLC016;Anbaufläche
41241;Ernte-u.Betriebsbericht: Feldfrüchte und Grünland;JAHR;Jahr;2000;DINSG;Deutschland insgesamt;DG;Deutschland;FRUA01;Fruchtarten;FRUART031MUS;Mittelfrühe und späte Kartoffeln;286630;ha;FLC016;Anbaufläche
41241;Ernte-u.Betriebsbericht: Feldfrüchte und Grünland;JAHR;Jahr;1974;DINSG;Deutschland insgesamt;DG;Deutschland;FRUA01;Fruchtarten;FRUART052;Hopfen;19986;ha;FLC016;Anbaufläche
41241;Ernte-u.Betriebsbericht: Feldfrüchte und Grünland;JAHR;Jahr;1977;DINSG;Deutschland insgesamt;DG;Deutschland;FRUA01;Fruchtarten;FRUART0124;Triticale;.;ha;FLC016;Anbaufläche
41241;Ernte-u.Betriebsbericht: Feldfrüchte und Grünland;JAHR;Jahr;1998;DINSG;Deutschland insgesamt;DG;Deutschland;FRUA01;Fruchtarten;FRUART066;Alle anderen Futterpflanzen;55399;ha;FLC016;Anbaufläche
41241;Ernte-u.Betriebsbericht: Feldfrüchte und Grünland;JAHR;Jahr;1998;DINSG;Deutschland insgesamt;DG;Deutschland;FRUA01;Fruchtarten;FRUART0121;Gerste;2180849;ha;FLC016;Anbaufläche
41241;Ernte-u.Betriebsbericht: Feldfrüchte und Grünland;JAHR;Jahr;1987;DINSG;Deutschland insgesamt;DG;Deutschland;FRUA01;Fruchtarten;FRUART021;Futtererbsen;.;ha;FLC016;Anbaufläche
41241;Ernte-u.Betriebsbericht: Feldfrüchte und Grünland;JAHR;Jahr;1963;DINSG;Deutschland insgesamt;DG;Deutschland;FRUA01;Fruchtarten;FRUART051;Ölfrüchte;.;ha;FLC016;Anbaufläche
41241;Ernte-u.Betriebsbericht: Feldfrüchte und Grünland;JAHR;Jahr;1962;DINSG;Deutschland insgesamt;DG;Deutschland;FRUA01;Fruchtarten;FRUART01112;Sommerweizen;275659;ha;FLC016;Anbaufläche
41241;Ernte-u.Betriebsbericht: Feldfrüchte und Grünland;JAHR;Jahr;1971;DINSG;Deutschland insgesamt;DG;Deutschland;FRUA01;Fruchtarten;FRUART061;Klee, Kleegras und Klee-Luzerne-Gemisch;363122;ha;FLC016;Anbaufläche
41241;Ernte-u.Betriebsbericht: Feldfrüchte und Grünland;JAHR;Jahr;2000;DINSG;Deutschland insgesamt;DG;Deutschland;FRUA01;Fruchtarten;FRUART053;Tabak;4400;ha;FLC016;Anbaufläche
41241;Ernte-u.Betriebsbericht: Feldfrüchte und Grünland;JAHR;Jahr;1955;DINSG;Deutschland insgesamt;DG;Deutschland;FRUA01;Fruchtarten;FRUART0123;Sommermenggetreide;334659;ha;FLC016;Anbaufläche
41241;Ernte-u.Betriebsbericht: Feldfrüchte und Grünland;JAHR;Jahr;1974;DINSG;Deutschland insgesamt;DG;Deutschland;FRUA01;Fruchtarten;FRUART0122;Hafer;850790;ha;FLC016;Anbaufläche
41241;Ernte-u.Betriebsbericht: Feldfrüchte und Grünland;JAHR;Jahr;1973;DINSG;Deutschland insgesamt;DG;Deutschland;FRUA01;Fruchtarten;FRUART0514;Andere Ölfrüchte;.;ha;FLC016;Anbaufläche
41241;Ernte-u.Betriebsbericht: Feldfrüchte und Grünland;JAHR;Jahr;1973;DINSG;Deutschland insgesamt;DG;Deutschland;FRUA01;Fruchtarten;FRUART04OS;Gemüse, Spargel, Erdbeeren (ohne Samenbau);.;ha;FLC016;Anbaufläche
41241;Ernte-u.Betriebsbericht: Feldfrüchte und Grünland;JAHR;Jahr;2007;DINSG;Deutschland insgesamt;DG;Deutschland;FRUA01;Fruchtarten;FRUART054;Rüben und Gräser zur Samengewinnung;29054;ha;FLC016;Anbaufläche
41241;Ernte-u.Betriebsbericht: Feldfrüchte und Grünland;JAHR;Jahr;1962;DINSG;Deutschland insgesamt;DG;Deutschland;FRUA01;Fruchtarten;FRUART067;Lupinen;.;ha;FLC016;Anbaufläche
41241;Ernte-u.Betriebsbericht: Feldfrüchte und Grünland;JAHR;Jahr;1967;DINSG;Deutschland insgesamt;DG;Deutschland;FRUA01;Fruchtarten;FRUART061;Klee, Kleegras und Klee-Luzerne-Gemisch;482895;ha;FLC016;Anbaufläche
41241;Ernte-u.Betriebsbericht: Feldfrüchte und Grünland;JAHR;Jahr;2002;DINSG;Deutschland insgesamt;DG;Deutschland;FRUA01;Fruchtarten;FRUART01111;Winterweizen;2961965;ha;FLC016;Anbaufläche
41241;Ernte-u.Betriebsbericht: Feldfrüchte und Grünland;JAHR;Jahr;1950;DINSG;Deutschland insgesamt;DG;Deutschland;FRUA01;Fruchtarten;FRUART033;Runkelrüben;574389;ha;FLC016;Anbaufläche
41241;Ernte-u.Betriebsbericht: Feldfrüchte und Grünland;JAHR;Jahr;1997;DINSG;Deutschland insgesamt;DG;Deutschland;FRUA01;Fruchtarten;FRUART0513;Körnersonnenblumen;34445;ha;FLC016;Anbaufläche
41241;Ernte-u.Betriebsbericht: Feldfrüchte und Grünland;JAHR;Jahr;1970;DINSG;Deutschland insgesamt;DG;Deutschland;FRUA01;Fruchtarten;FRUART01211;Wintergerste;462442;ha;FLC016;Anbaufläche
41241;Ernte-u.Betriebsbericht: Feldfrüchte und Grünland;JAHR;Jahr;2004;DINSG;Deutschland insgesamt;DG;Deutschland;FRUA01;Fruchtarten;FRUART063;Feldgras/Grasanbau auf dem Ackerland;208583;ha;FLC016;Anbaufläche
41241;Ernte-u.Betriebsbericht: Feldfrüchte und Grünland;JAHR;Jahr;1970;DINSG;Deutschland insgesamt;DG;Deutschland;FRUA01;Fruchtarten;FRUART042;Gartenbausämereien,Vermehrungsanbau v.Blumenzwieb.;.;ha;FLC016;Anbaufläche
41241;Ernte-u.Betriebsbericht: Feldfrüchte und Grünland;JAHR;Jahr;2006;DINSG;Deutschland insgesamt;DG;Deutschland;FRUA01;Fruchtarten;FRUART013CCM;Körnermais (einschl. CCM);401000;ha;FLC016;Anbaufläche
41241;Ernte-u.Betriebsbericht: Feldfrüchte und Grünland;JAHR;Jahr;1976;DINSG;Deutschland insgesamt;DG;Deutschland;FRUA01;Fruchtarten;FRUART033;Runkelrüben;227013;ha;FLC016;Anbaufläche
41241;Ernte-u.Betriebsbericht: Feldfrüchte und Grünland;JAHR;Jahr;1983;DINSG;Deutschland insgesamt;DG;Deutschland;FRUA01;Fruchtarten;FRUART011;Brotgetreide;2111597;ha;FLC016;Anbaufläche
41241;Ernte-u.Betriebsbericht: Feldfrüchte und Grünland;JAHR;Jahr;1973;DINSG;Deutschland insgesamt;DG;Deutschland;FRUA01;Fruchtarten;FRUART042;Gartenbausämereien,Vermehrungsanbau v.Blumenzwieb.;.;ha;FLC016;Anbaufläche
41241;Ernte-u.Betriebsbericht: Feldfrüchte und Grünland;JAHR;Jahr;1953;DINSG;Deutschland insgesamt;DG;Deutschland;FRUA01;Fruchtarten;FRUART01111W;Weichweizen;.;ha;FLC016;Anbaufläche
41241;Ernte-u.Betriebsbericht: Feldfrüchte und Grünland;JAHR;Jahr;2001;DINSG;Deutschland insgesamt;DG;Deutschland;FRUA01;Fruchtarten;FRUART063;Feldgras/Grasanbau auf dem Ackerland;206515;ha;FLC016;Anbaufläche
41241;Ernte-u.Betriebsbericht: Feldfrüchte und Grünland;JAHR;Jahr;1991;DINSG;Deutschland insgesamt;DG;Deutschland;FRUA01;Fruchtarten;FRUART034;Alle anderen Hackfrüchte;6758;ha;FLC016;Anbaufläche
41241;Ernte-u.Betriebsbericht: Feldfrüchte und Grünland;JAHR;Jahr;1986;DINSG;Deutschland insgesamt;DG;Deutschland;FRUA01;Fruchtarten;FRUART0111;Weizen;1648075;ha;FLC016;Anbaufläche
41241;Ernte-u.Betriebsbericht: Feldfrüchte und Grünland;JAHR;Jahr;1966;DINSG;Deutschland insgesamt;DG;Deutschland;FRUA01;Fruchtarten;FRUART064;Silomais (einschl. Lieschkolbenschrot);111309;ha;FLC016;Anbaufläche
41241;Ernte-u.Betriebsbericht: Feldfrüchte und Grünland;JAHR;Jahr;1973;DINSG;Deutschland insgesamt;DG;Deutschland;FRUA01;Fruchtarten;FRUART01112;Sommerweizen;224521;ha;FLC016;Anbaufläche
41241;Ernte-u.Betriebsbericht: Feldfrüchte und Grünland;JAHR;Jahr;1969;DINSG;Deutschland insgesamt;DG;Deutschland;FRUA01;Fruchtarten;FRUART055;Heil- und Gewürzpflanzen;.;ha;FLC016;Anbaufläche
41241;Ernte-u.Betriebsbericht: Feldfrüchte und Grünland;JAHR;Jahr;1984;DINSG;Deutschland insgesamt;DG;Deutschland;FRUA01;Fruchtarten;FRUART056;Alle anderen Handelsgewächse;4081;ha;FLC016;Anbaufläche
41241;Ernte-u.Betriebsbericht: Feldfrüchte und Grünland;JAHR;Jahr;1951;DINSG;Deutschland insgesamt;DG;Deutschland;FRUA01;Fruchtarten;FRUART052;Hopfen;7295;ha;FLC016;Anbaufläche
41241;Ernte-u.Betriebsbericht: Feldfrüchte und Grünland;JAHR;Jahr;1955;DINSG;Deutschland insgesamt;DG;Deutschland;FRUA01;Fruchtarten;FRUART062;Luzerne;.;ha;FLC016;Anbaufläche
41241;Ernte-u.Betriebsbericht: Feldfrüchte und Grünland;JAHR;Jahr;1954;DINSG;Deutschland insgesamt;DG;Deutschland;FRUA01;Fruchtarten;FRUART01211;Wintergerste;64772;ha;FLC016;Anbaufläche
41241;Ernte-u.Betriebsbericht: Feldfrüchte und Grünland;JAHR;Jahr;1958;DINSG;Deutschland insgesamt;DG;Deutschland;FRUA01;Fruchtarten;FRUART053;Tabak;.;ha;FLC016;Anbaufläche
41241;Ernte-u.Betriebsbericht: Feldfrüchte und Grünland;JAHR;Jahr;1968;DINSG;Deutschland insgesamt;DG;Deutschland;FRUA01;Fruchtarten;FRUART014;Corn-Cob-Mix;.;ha;FLC016;Anbaufläche
41241;Ernte-u.Betriebsbericht: Feldfrüchte und Grünland;JAHR;Jahr;2003;DINSG;Deutschland insgesamt;DG;Deutschland;FRUA01;Fruchtarten;FRUART013;Körnermais;369549;ha;FLC016;Anbaufläche
41241;Ernte-u.Betriebsbericht: Feldfrüchte und Grünland;JAHR;Jahr;2005;DINSG;Deutschland insgesamt;DG;Deutschland;FRUA01;Fruchtarten;FRUART0113;Wintermenggetreide;9400;ha;FLC016;Anbaufläche
41241;Ernte-u.Betriebsbericht: Feldfrüchte und Grünland;JAHR;Jahr;1972;DINSG;Deutschland insgesamt;DG;Deutschland;FRUA01;Fruchtarten;FRUART023;Alle anderen Hülsenfrüchte;8693;ha;FLC016;Anbaufläche
41241;Ernte-u.Betriebsbericht: Feldfrüchte und Grünland;JAHR;Jahr;1981;DINSG;Deutschland insgesamt;DG;Deutschland;FRUA01;Fruchtarten;FRUART01112;Sommerweizen;136837;ha;FLC016;Anbaufläche
41241;Ernte-u.Betriebsbericht: Feldfrüchte und Grünland;JAHR;Jahr;2000;DINSG;Deutschland insgesamt;DG;Deutschland;FRUA01;Fruchtarten;FRUART022;Ackerbohnen;17677;ha;FLC016;Anbaufläche
41241;Ernte-u.Betriebsbericht: Feldfrüchte und Grünland;JAHR;Jahr;2002;DINSG;Deutschland insgesamt;DG;Deutschland;FRUA01;Fruchtarten;FRUART0124;Triticale;560466;ha;FLC016;Anbaufläche
41241;Ernte-u.Betriebsbericht: Feldfrüchte und Grünland;JAHR;Jahr;1957;DINSG;Deutschland insgesamt;DG;Deutschland;FRUA01;Fruchtarten;FRUART012;Futter- und Industriegetreide;2133676;ha;FLC016;Anbaufläche
41241;Ernte-u.Betriebsbericht: Feldfrüchte und Grünland;JAHR;Jahr;1998;DINSG;Deutschland insgesamt;DG;Deutschland;FRUA01;Fruchtarten;FRUART01212;Sommergerste;678444;ha;FLC016;Anbaufläche
41241;Ernte-u.Betriebsbericht: Feldfrüchte und Grünland;JAHR;Jahr;1995;DINSG;Deutschland insgesamt;DG;Deutschland;FRUA01;Fruchtarten;FRUART031;Kartoffeln;315173;ha;FLC016;Anbaufläche
41241;Ernte-u.Betriebsbericht: Feldfrüchte und Grünland;JAHR;Jahr;1962;DINSG;Deutschland insgesamt;DG;Deutschland;FRUA01;Fruchtarten;FRUART054;Rüben und Gräser zur Samengewinnung;17074;ha;FLC016;Anbaufläche
41241;Ernte-u.Betriebsbericht: Feldfrüchte und Grünland;JAHR;Jahr;1985;DINSG;Deutschland insgesamt;DG;Deutschland;FRUA01;Fruchtarten;FRUART01111;Winterweizen;1536960;ha;FLC016;Anbaufläche
41241;Ernte-u.Betriebsbericht: Feldfrüchte und Grünland;JAHR;Jahr;2007;DINSG;Deutschland insgesamt;DG;Deutschland;FRUA01;Fruchtarten;FRUART067;Lupinen;25246;ha;FLC016;Anbaufläche
41241;Ernte-u.Betriebsbericht: Feldfrüchte und Grünland;JAHR;Jahr;1995;DINSG;Deutschland insgesamt;DG;Deutschland;FRUA01;Fruchtarten;FRUART031FSK;Frühe Speisekartoffeln;20657;ha;FLC016;Anbaufläche
41241;Ernte-u.Betriebsbericht: Feldfrüchte und Grünland;JAHR;Jahr;1998;DINSG;Deutschland insgesamt;DG;Deutschland;FRUA01;Fruchtarten;FRUART022;Ackerbohnen;26454;ha;FLC016;Anbaufläche
41241;Ernte-u.Betriebsbericht: Feldfrüchte und Grünland;JAHR;Jahr;1950;DINSG;Deutschland insgesamt;DG;Deutschland;FRUA01;Fruchtarten;FRUART01212;Sommergerste;488737;ha;FLC016;Anbaufläche
41241;Ernte-u.Betriebsbericht: Feldfrüchte und Grünland;JAHR;Jahr;2000;DINSG;Deutschland insgesamt;DG;Deutschland;FRUA01;Fruchtarten;FRUART031FSK;Frühe Speisekartoffeln;17750;ha;FLC016;Anbaufläche
41241;Ernte-u.Betriebsbericht: Feldfrüchte und Grünland;JAHR;Jahr;1988;DINSG;Deutschland insgesamt;DG;Deutschland;FRUA01;Fruchtarten;FRUART053;Tabak;.;ha;FLC016;Anbaufläche
41241;Ernte-u.Betriebsbericht: Feldfrüchte und Grünland;JAHR;Jahr;1980;DINSG;Deutschland insgesamt;DG;Deutschland;FRUA01;Fruchtarten;FRUART05112;Sommerraps, Winter- und Sommerrübsen;8457;ha;FLC016;Anbaufläche
41241;Ernte-u.Betriebsbericht: Feldfrüchte und Grünland;JAHR;Jahr;1968;DINSG;Deutschland insgesamt;DG;Deutschland;FRUA01;Fruchtarten;FRUART05111;Winterraps;56325;ha;FLC016;Anbaufläche
41241;Ernte-u.Betriebsbericht: Feldfrüchte und Grünland;JAHR;Jahr;1961;DINSG;Deutschland insgesamt;DG;Deutschland;FRUA01;Fruchtarten;FRUART031INK;Industriekartoffeln;.;ha;FLC016;Anbaufläche
41241;Ernte-u.Betriebsbericht: Feldfrüchte und Grünland;JAHR;Jahr;1954;DINSG;Deutschland insgesamt;DG;Deutschland;FRUA01;Fruchtarten;FRUART056;Alle anderen Handelsgewächse;19515;ha;FLC016;Anbaufläche
41241;Ernte-u.Betriebsbericht: Feldfrüchte und Grünland;JAHR;Jahr;1977;DINSG;Deutschland insgesamt;DG;Deutschland;FRUA01;Fruchtarten;FRUART052;Hopfen;19068;ha;FLC016;Anbaufläche
41241;Ernte-u.Betriebsbericht: Feldfrüchte und Grünland;JAHR;Jahr;1980;DINSG;Deutschland insgesamt;DG;Deutschland;FRUA01;Fruchtarten;FRUART033;Runkelrüben;152093;ha;FLC016;Anbaufläche
41241;Ernte-u.Betriebsbericht: Feldfrüchte und Grünland;JAHR;Jahr;1999;DINSG;Deutschland insgesamt;DG;Deutschland;FRUA01;Fruchtarten;FRUART041;Blumen u. Zierpflanzen einschl.Jungpfl.(o.Samenb.);8477;ha;FLC016;Anbaufläche
41241;Ernte-u.Betriebsbericht: Feldfrüchte und Grünland;JAHR;Jahr;2003;DINSG;Deutschland insgesamt;DG;Deutschland;FRUA01;Fruchtarten;FRUART0511;Raps und Rübsen;1265608;ha;FLC016;Anbaufläche
41241;Ernte-u.Betriebsbericht: Feldfrüchte und Grünland;JAHR;Jahr;1987;DINSG;Deutschland insgesamt;DG;Deutschland;FRUA01;Fruchtarten;FRUART034;Alle anderen Hackfrüchte;4811;ha;FLC016;Anbaufläche
41241;Ernte-u.Betriebsbericht: Feldfrüchte und Grünland;JAHR;Jahr;1951;DINSG;Deutschland insgesamt;DG;Deutschland;FRUA01;Fruchtarten;FRUART065;Raufutter;.;ha;FLC016;Anbaufläche
41241;Ernte-u.Betriebsbericht: Feldfrüchte und Grünland;JAHR;Jahr;1956;DINSG;Deutschland insgesamt;DG;Deutschland;FRUA01;Fruchtarten;FRUART05111;Winterraps;11526;ha;FLC016;Anbaufläche
41241;Ernte-u.Betriebsbericht: Feldfrüchte und Grünland;JAHR;Jahr;1957;DINSG;Deutschland insgesamt;DG;Deutschland;FRUA01;Fruchtarten;FRUART013;Körnermais;.;ha;FLC016;Anbaufläche
41241;Ernte-u.Betriebsbericht: Feldfrüchte und Grünland;JAHR;Jahr;1992;DINSG;Deutschland insgesamt;DG;Deutschland;FRUA01;Fruchtarten;FRUART031FSK;Frühe Speisekartoffeln;25311;ha;FLC016;Anbaufläche
41241;Ernte-u.Betriebsbericht: Feldfrüchte und Grünland;JAHR;Jahr;1987;DINSG;Deutschland insgesamt;DG;Deutschland;FRUA01;Fruchtarten;FRUART05111;Winterraps;420573;ha;FLC016;Anbaufläche
41241;Ernte-u.Betriebsbericht: Feldfrüchte und Grünland;JAHR;Jahr;1951;DINSG;Deutschland insgesamt;DG;Deutschland;FRUA01;Fruchtarten;FRUART0121;Gerste;646162;ha;FLC016;Anbaufläche
41241;Ernte-u.Betriebsbericht: Feldfrüchte und Grünland;JAHR;Jahr;1962;DINSG;Deutschland insgesamt;DG;Deutschland;FRUA01;Fruchtarten;FRUART053;Tabak;.;ha;FLC016;Anbaufläche
41241;Ernte-u.Betriebsbericht: Feldfrüchte und Grünland;JAHR;Jahr;1982;DINSG;Deutschland insgesamt;DG;Deutschland;FRUA01;Fruchtarten;FRUART0112;Roggen;407254;ha;FLC016;Anbaufläche
41241;Ernte-u.Betriebsbericht: Feldfrüchte und Grünland;JAHR;Jahr;1994;DINSG;Deutschland insgesamt;DG;Deutschland;FRUA01;Fruchtarten;FRUART042;Gartenbausämereien,Vermehrungsanbau v.Blumenzwieb.;1021;ha;FLC016;Anbaufläche
41241;Ernte-u.Betriebsbericht: Feldfrüchte und Grünland;JAHR;Jahr;1972;DINSG;Deutschland insgesamt;DG;Deutschland;FRUA01;Fruchtarten;FRUART0514;Andere Ölfrüchte;.;ha;FLC016;Anbaufläche
41241;Ernte-u.Betriebsbericht: Feldfrüchte und Grünland;JAHR;Jahr;1972;DINSG;Deutschland insgesamt;DG;Deutschland;FRUA01;Fruchtarten;FRUART04OS;Gemüse, Spargel, Erdbeeren (ohne Samenbau);.;ha;FLC016;Anbaufläche
41241;Ernte-u.Betriebsbericht: Feldfrüchte und Grünland;JAHR;Jahr;1990;DINSG;Deutschland insgesamt;DG;Deutschland;FRUA01;Fruchtarten;FRUART0111;Weizen;2429610;ha;FLC016;Anbaufläche
41241;Ernte-u.Betriebsbericht: Feldfrüchte und Grünland;JAHR;Jahr;2004;DINSG;Deutschland insgesamt;DG;Deutschland;FRUA01;Fruchtarten;FRUART033;Runkelrüben;5418;ha;FLC016;Anbaufläche
41241;Ernte-u.Betriebsbericht: Feldfrüchte und Grünland;JAHR;Jahr;1991;DINSG;Deutschland insgesamt;DG;Deutschland;FRUA01;Fruchtarten;FRUART051;Ölfrüchte;1007532;ha;FLC016;Anbaufläche
41241;Ernte-u.Betriebsbericht: Feldfrüchte und Grünland;JAHR;Jahr;1959;DINSG;Deutschland insgesamt;DG;Deutschland;FRUA01;Fruchtarten;FRUART05112;Sommerraps, Winter- und Sommerrübsen;7491;ha;FLC016;Anbaufläche
41241;Ernte-u.Betriebsbericht: Feldfrüchte und Grünland;JAHR;Jahr;1987;DINSG;Deutschland insgesamt;DG;Deutschland;FRUA01;Fruchtarten;FRUART064;Silomais (einschl. Lieschkolbenschrot);937566;ha;FLC016;Anbaufläche
41241;Ernte-u.Betriebsbericht: Feldfrüchte und Grünland;JAHR;Jahr;1995;DINSG;Deutschland insgesamt;DG;Deutschland;FRUA01;Fruchtarten;FRUART061;Klee, Kleegras und Klee-Luzerne-Gemisch;235555;ha;FLC016;Anbaufläche
41241;Ernte-u.Betriebsbericht: Feldfrüchte und Grünland;JAHR;Jahr;1950;DINSG;Deutschland insgesamt;DG;Deutschland;FRUA01;Fruchtarten;FRUART0513;Körnersonnenblumen;.;ha;FLC016;Anbaufläche
41241;Ernte-u.Betriebsbericht: Feldfrüchte und Grünland;JAHR;Jahr;1961;DINSG;Deutschland insgesamt;DG;Deutschland;FRUA01;Fruchtarten;FRUART034;Alle anderen Hackfrüchte;69206;ha;FLC016;Anbaufläche
41241;Ernte-u.Betriebsbericht: Feldfrüchte und Grünland;JAHR;Jahr;1998;DINSG;Deutschland insgesamt;DG;Deutschland;FRUA01;Fruchtarten;FRUART052;Hopfen;19789;ha;FLC016;Anbaufläche
41241;Ernte-u.Betriebsbericht: Feldfrüchte und Grünland;JAHR;Jahr;1977;DINSG;Deutschland insgesamt;DG;Deutschland;FRUA01;Fruchtarten;FRUART031FSK;Frühe Speisekartoffeln;34173;ha;FLC016;Anbaufläche
41241;Ernte-u.Betriebsbericht: Feldfrüchte und Grünland;JAHR;Jahr;1968;DINSG;Deutschland insgesamt;DG;Deutschland;FRUA01;Fruchtarten;FRUART0513;Körnersonnenblumen;.;ha;FLC016;Anbaufläche
41241;Ernte-u.Betriebsbericht: Feldfrüchte und Grünland;JAHR;Jahr;1966;DINSG;Deutschland insgesamt;DG;Deutschland;FRUA01;Fruchtarten;FRUART01111;Winterweizen;1176595;ha;FLC016;Anbaufläche
41241;Ernte-u.Betriebsbericht: Feldfrüchte und Grünland;JAHR;Jahr;1951;DINSG;Deutschland insgesamt;DG;Deutschland;FRUA01;Fruchtarten;FRUART066;Alle anderen Futterpflanzen;73701;ha;FLC016;Anbaufläche
41241;Ernte-u.Betriebsbericht: Feldfrüchte und Grünland;JAHR;Jahr;1956;DINSG;Deutschland insgesamt;DG;Deutschland;FRUA01;Fruchtarten;FRUART05112;Sommerraps, Winter- und Sommerrübsen;6459;ha;FLC016;Anbaufläche
41241;Ernte-u.Betriebsbericht: Feldfrüchte und Grünland;JAHR;Jahr;1983;DINSG;Deutschland insgesamt;DG;Deutschland;FRUA01;Fruchtarten;FRUART054;Rüben und Gräser zur Samengewinnung;7808;ha;FLC016;Anbaufläche
41241;Ernte-u.Betriebsbericht: Feldfrüchte und Grünland;JAHR;Jahr;1993;DINSG;Deutschland insgesamt;DG;Deutschland;FRUA01;Fruchtarten;FRUART0511;Raps und Rübsen;1006742;ha;FLC016;Anbaufläche
41241;Ernte-u.Betriebsbericht: Feldfrüchte und Grünland;JAHR;Jahr;1976;DINSG;Deutschland insgesamt;DG;Deutschland;FRUA01;Fruchtarten;FRUART032;Zuckerrüben;440422;ha;FLC016;Anbaufläche
41241;Ernte-u.Betriebsbericht: Feldfrüchte und Grünland;JAHR;Jahr;2007;DINSG;Deutschland insgesamt;DG;Deutschland;FRUA01;Fruchtarten;FRUART01111W;Weichweizen;2984501;ha;FLC016;Anbaufläche
41241;Ernte-u.Betriebsbericht: Feldfrüchte und Grünland;JAHR;Jahr;2000;DINSG;Deutschland insgesamt;DG;Deutschland;FRUA01;Fruchtarten;FRUART023;Alle anderen Hülsenfrüchte;26635;ha;FLC016;Anbaufläche
41241;Ernte-u.Betriebsbericht: Feldfrüchte und Grünland;JAHR;Jahr;1973;DINSG;Deutschland insgesamt;DG;Deutschland;FRUA01;Fruchtarten;FRUART041;Blumen u. Zierpflanzen einschl.Jungpfl.(o.Samenb.);.;ha;FLC016;Anbaufläche
41241;Ernte-u.Betriebsbericht: Feldfrüchte und Grünland;JAHR;Jahr;1958;DINSG;Deutschland insgesamt;DG;Deutschland;FRUA01;Fruchtarten;FRUART067;Lupinen;.;ha;FLC016;Anbaufläche
41241;Ernte-u.Betriebsbericht: Feldfrüchte und Grünland;JAHR;Jahr;1997;DINSG;Deutschland insgesamt;DG;Deutschland;FRUA01;Fruchtarten;FRUART055;Heil- und Gewürzpflanzen;5478;ha;FLC016;Anbaufläche
41241;Ernte-u.Betriebsbericht: Feldfrüchte und Grünland;JAHR;Jahr;1986;DINSG;Deutschland insgesamt;DG;Deutschland;FRUA01;Fruchtarten;FRUART031INK;Industriekartoffeln;.;ha;FLC016;Anbaufläche
41241;Ernte-u.Betriebsbericht: Feldfrüchte und Grünland;JAHR;Jahr;2001;DINSG;Deutschland insgesamt;DG;Deutschland;FRUA01;Fruchtarten;FRUART064;Silomais (einschl. Lieschkolbenschrot);1132476;ha;FLC016;Anbaufläche
41241;Ernte-u.Betriebsbericht: Feldfrüchte und Grünland;JAHR;Jahr;1965;DINSG;Deutschland insgesamt;DG;Deutschland;FRUA01;Fruchtarten;FRUART031;Kartoffeln;782957;ha;FLC016;Anbaufläche
41241;Ernte-u.Betriebsbericht: Feldfrüchte und Grünland;JAHR;Jahr;1987;DINSG;Deutschland insgesamt;DG;Deutschland;FRUA01;Fruchtarten;FRUART01113;Hartweizen (Durum);.;ha;FLC016;Anbaufläche
41241;Ernte-u.Betriebsbericht: Feldfrüchte und Grünland;JAHR;Jahr;1999;DINSG;Deutschland insgesamt;DG;Deutschland;FRUA01;Fruchtarten;FRUART0121;Gerste;2210353;ha;FLC016;Anbaufläche
41241;Ernte-u.Betriebsbericht: Feldfrüchte und Grünland;JAHR;Jahr;1954;DINSG;Deutschland insgesamt;DG;Deutschland;FRUA01;Fruchtarten;FRUART0511;Raps und Rübsen;9150;ha;FLC016;Anbaufläche
41241;Ernte-u.Betriebsbericht: Feldfrüchte und Grünland;JAHR;Jahr;1969;DINSG;Deutschland insgesamt;DG;Deutschland;FRUA01;Fruchtarten;FRUART041;Blumen u. Zierpflanzen einschl.Jungpfl.(o.Samenb.);.;ha;FLC016;Anbaufläche
41241;Ernte-u.Betriebsbericht: Feldfrüchte und Grünland;JAHR;Jahr;1990;DINSG;Deutschland insgesamt;DG;Deutschland;FRUA01;Fruchtarten;FRUART032;Zuckerrüben;608107;ha;FLC016;Anbaufläche
41241;Ernte-u.Betriebsbericht: Feldfrüchte und Grünland;JAHR;Jahr;1972;DINSG;Deutschland insgesamt;DG;Deutschland;FRUA01;Fruchtarten;FRUART022;Ackerbohnen;14168;ha;FLC016;Anbaufläche
41241;Ernte-u.Betriebsbericht: Feldfrüchte und Grünland;JAHR;Jahr;1987;DINSG;Deutschland insgesamt;DG;Deutschland;FRUA01;Fruchtarten;FRUART051;Ölfrüchte;.;ha;FLC016;Anbaufläche
41241;Ernte-u.Betriebsbericht: Feldfrüchte und Grünland;JAHR;Jahr;1981;DINSG;Deutschland insgesamt;DG;Deutschland;FRUA01;Fruchtarten;FRUART01113;Hartweizen (Durum);.;ha;FLC016;Anbaufläche
41241;Ernte-u.Betriebsbericht: Feldfrüchte und Grünland;JAHR;Jahr;2003;DINSG;Deutschland insgesamt;DG;Deutschland;FRUA01;Fruchtarten;FRUART014;Corn-Cob-Mix;93806;ha;FLC016;Anbaufläche
41241;Ernte-u.Betriebsbericht: Feldfrüchte und Grünland;JAHR;Jahr;1986;DINSG;Deutschland insgesamt;DG;Deutschland;FRUA01;Fruchtarten;FRUART067;Lupinen;.;ha;FLC016;Anbaufläche
41241;Ernte-u.Betriebsbericht: Feldfrüchte und Grünland;JAHR;Jahr;1962;DINSG;Deutschland insgesamt;DG;Deutschland;FRUA01;Fruchtarten;FRUART01111W;Weichweizen;.;ha;FLC016;Anbaufläche
41241;Ernte-u.Betriebsbericht: Feldfrüchte und Grünland;JAHR;Jahr;1984;DINSG;Deutschland insgesamt;DG;Deutschland;FRUA01;Fruchtarten;FRUART01211;Wintergerste;1337429;ha;FLC016;Anbaufläche
41241;Ernte-u.Betriebsbericht: Feldfrüchte und Grünland;JAHR;Jahr;1978;DINSG;Deutschland insgesamt;DG;Deutschland;FRUA01;Fruchtarten;FRUART013;Körnermais;.;ha;FLC016;Anbaufläche
41241;Ernte-u.Betriebsbericht: Feldfrüchte und Grünland;JAHR;Jahr;2001;DINSG;Deutschland insgesamt;DG;Deutschland;FRUA01;Fruchtarten;FRUART031SPK;Speisekartoffeln;100822;ha;FLC016;Anbaufläche
41241;Ernte-u.Betriebsbericht: Feldfrüchte und Grünland;JAHR;Jahr;1992;DINSG;Deutschland insgesamt;DG;Deutschland;FRUA01;Fruchtarten;FRUART031INK;Industriekartoffeln;183608;ha;FLC016;Anbaufläche
41241;Ernte-u.Betriebsbericht: Feldfrüchte und Grünland;JAHR;Jahr;1975;DINSG;Deutschland insgesamt;DG;Deutschland;FRUA01;Fruchtarten;FRUART022;Ackerbohnen;16545;ha;FLC016;Anbaufläche
41241;Ernte-u.Betriebsbericht: Feldfrüchte und Grünland;JAHR;Jahr;1975;DINSG;Deutschland insgesamt;DG;Deutschland;FRUA01;Fruchtarten;FRUART01OKM;Getreide (ohne Körnermais und CCM);5196821;ha;FLC016;Anbaufläche
41241;Ernte-u.Betriebsbericht: Feldfrüchte und Grünland;JAHR;Jahr;1961;DINSG;Deutschland insgesamt;DG;Deutschland;FRUA01;Fruchtarten;FRUART021;Futtererbsen;.;ha;FLC016;Anbaufläche
41241;Ernte-u.Betriebsbericht: Feldfrüchte und Grünland;JAHR;Jahr;2006;DINSG;Deutschland insgesamt;DG;Deutschland;FRUA01;Fruchtarten;FRUART0113;Wintermenggetreide;9200;ha;FLC016;Anbaufläche
41241;Ernte-u.Betriebsbericht: Feldfrüchte und Grünland;JAHR;Jahr;2008;DINSG;Deutschland insgesamt;DG;Deutschland;FRUA01;Fruchtarten;FRUART056;Alle anderen Handelsgewächse;13000;ha;FLC016;Anbaufläche
41241;Ernte-u.Betriebsbericht: Feldfrüchte und Grünland;JAHR;Jahr;1993;DINSG;Deutschland insgesamt;DG;Deutschland;FRUA01;Fruchtarten;FRUART014;Corn-Cob-Mix;91135;ha;FLC016;Anbaufläche
41241;Ernte-u.Betriebsbericht: Feldfrüchte und Grünland;JAHR;Jahr;1954;DINSG;Deutschland insgesamt;DG;Deutschland;FRUA01;Fruchtarten;FRUART031MUS;Mittelfrühe und späte Kartoffeln;1137218;ha;FLC016;Anbaufläche
41241;Ernte-u.Betriebsbericht: Feldfrüchte und Grünland;JAHR;Jahr;1998;DINSG;Deutschland insgesamt;DG;Deutschland;FRUA01;Fruchtarten;FRUART065;Raufutter;4666374;ha;FLC016;Anbaufläche
41241;Ernte-u.Betriebsbericht: Feldfrüchte und Grünland;JAHR;Jahr;1977;DINSG;Deutschland insgesamt;DG;Deutschland;FRUA01;Fruchtarten;FRUART013CCM;Körnermais (einschl. CCM);99612;ha;FLC016;Anbaufläche
41241;Ernte-u.Betriebsbericht: Feldfrüchte und Grünland;JAHR;Jahr;1978;DINSG;Deutschland insgesamt;DG;Deutschland;FRUA01;Fruchtarten;FRUART0124;Triticale;.;ha;FLC016;Anbaufläche
41241;Ernte-u.Betriebsbericht: Feldfrüchte und Grünland;JAHR;Jahr;1962;DINSG;Deutschland insgesamt;DG;Deutschland;FRUA01;Fruchtarten;FRUART0511;Raps und Rübsen;47804;ha;FLC016;Anbaufläche
41241;Ernte-u.Betriebsbericht: Feldfrüchte und Grünland;JAHR;Jahr;1952;DINSG;Deutschland insgesamt;DG;Deutschland;FRUA01;Fruchtarten;FRUART063;Feldgras/Grasanbau auf dem Ackerland;237139;ha;FLC016;Anbaufläche
41241;Ernte-u.Betriebsbericht: Feldfrüchte und Grünland;JAHR;Jahr;1985;DINSG;Deutschland insgesamt;DG;Deutschland;FRUA01;Fruchtarten;FRUART0511;Raps und Rübsen;265582;ha;FLC016;Anbaufläche
41241;Ernte-u.Betriebsbericht: Feldfrüchte und Grünland;JAHR;Jahr;2002;DINSG;Deutschland insgesamt;DG;Deutschland;FRUA01;Fruchtarten;FRUART0511;Raps und Rübsen;1296648;ha;FLC016;Anbaufläche
41241;Ernte-u.Betriebsbericht: Feldfrüchte und Grünland;JAHR;Jahr;1976;DINSG;Deutschland insgesamt;DG;Deutschland;FRUA01;Fruchtarten;FRUART063;Feldgras/Grasanbau auf dem Ackerland;168687;ha;FLC016;Anbaufläche
41241;Ernte-u.Betriebsbericht: Feldfrüchte und Grünland;JAHR;Jahr;1954;DINSG;Deutschland insgesamt;DG;Deutschland;FRUA01;Fruchtarten;FRUART013;Körnermais;.;ha;FLC016;Anbaufläche
41241;Ernte-u.Betriebsbericht: Feldfrüchte und Grünland;JAHR;Jahr;1952;DINSG;Deutschland insgesamt;DG;Deutschland;FRUA01;Fruchtarten;FRUART01111;Winterweizen;1142232;ha;FLC016;Anbaufläche
41241;Ernte-u.Betriebsbericht: Feldfrüchte und Grünland;JAHR;Jahr;1998;DINSG;Deutschland insgesamt;DG;Deutschland;FRUA01;Fruchtarten;FRUART031SPK;Speisekartoffeln;110256;ha;FLC016;Anbaufläche
41241;Ernte-u.Betriebsbericht: Feldfrüchte und Grünland;JAHR;Jahr;1971;DINSG;Deutschland insgesamt;DG;Deutschland;FRUA01;Fruchtarten;FRUART012;Futter- und Industriegetreide;2683069;ha;FLC016;Anbaufläche
41241;Ernte-u.Betriebsbericht: Feldfrüchte und Grünland;JAHR;Jahr;1951;DINSG;Deutschland insgesamt;DG;Deutschland;FRUA01;Fruchtarten;FRUART022;Ackerbohnen;18589;ha;FLC016;Anbaufläche
41241;Ernte-u.Betriebsbericht: Feldfrüchte und Grünland;JAHR;Jahr;1964;DINSG;Deutschland insgesamt;DG;Deutschland;FRUA01;Fruchtarten;FRUART0514;Andere Ölfrüchte;.;ha;FLC016;Anbaufläche
41241;Ernte-u.Betriebsbericht: Feldfrüchte und Grünland;JAHR;Jahr;1964;DINSG;Deutschland insgesamt;DG;Deutschland;FRUA01;Fruchtarten;FRUART04OS;Gemüse, Spargel, Erdbeeren (ohne Samenbau);.;ha;FLC016;Anbaufläche
41241;Ernte-u.Betriebsbericht: Feldfrüchte und Grünland;JAHR;Jahr;2001;DINSG;Deutschland insgesamt;DG;Deutschland;FRUA01;Fruchtarten;FRUART033;Runkelrüben;7889;ha;FLC016;Anbaufläche
41241;Ernte-u.Betriebsbericht: Feldfrüchte und Grünland;JAHR;Jahr;1997;DINSG;Deutschland insgesamt;DG;Deutschland;FRUA01;Fruchtarten;FRUART011;Brotgetreide;3574925;ha;FLC016;Anbaufläche
41241;Ernte-u.Betriebsbericht: Feldfrüchte und Grünland;JAHR;Jahr;1969;DINSG;Deutschland insgesamt;DG;Deutschland;FRUA01;Fruchtarten;FRUART0513;Körnersonnenblumen;.;ha;FLC016;Anbaufläche
41241;Ernte-u.Betriebsbericht: Feldfrüchte und Grünland;JAHR;Jahr;1958;DINSG;Deutschland insgesamt;DG;Deutschland;FRUA01;Fruchtarten;FRUART023;Alle anderen Hülsenfrüchte;24014;ha;FLC016;Anbaufläche
41241;Ernte-u.Betriebsbericht: Feldfrüchte und Grünland;JAHR;Jahr;1955;DINSG;Deutschland insgesamt;DG;Deutschland;FRUA01;Fruchtarten;FRUART032;Zuckerrüben;261920;ha;FLC016;Anbaufläche
41241;Ernte-u.Betriebsbericht: Feldfrüchte und Grünland;JAHR;Jahr;1980;DINSG;Deutschland insgesamt;DG;Deutschland;FRUA01;Fruchtarten;FRUART063;Feldgras/Grasanbau auf dem Ackerland;98144;ha;FLC016;Anbaufläche
41241;Ernte-u.Betriebsbericht: Feldfrüchte und Grünland;JAHR;Jahr;2003;DINSG;Deutschland insgesamt;DG;Deutschland;FRUA01;Fruchtarten;FRUART031INK;Industriekartoffeln;174440;ha;FLC016;Anbaufläche
41241;Ernte-u.Betriebsbericht: Feldfrüchte und Grünland;JAHR;Jahr;1983;DINSG;Deutschland insgesamt;DG;Deutschland;FRUA01;Fruchtarten;FRUART067;Lupinen;.;ha;FLC016;Anbaufläche
41241;Ernte-u.Betriebsbericht: Feldfrüchte und Grünland;JAHR;Jahr;1982;DINSG;Deutschland insgesamt;DG;Deutschland;FRUA01;Fruchtarten;FRUART01111W;Weichweizen;.;ha;FLC016;Anbaufläche
41241;Ernte-u.Betriebsbericht: Feldfrüchte und Grünland;JAHR;Jahr;1982;DINSG;Deutschland insgesamt;DG;Deutschland;FRUA01;Fruchtarten;FRUART013;Körnermais;.;ha;FLC016;Anbaufläche
41241;Ernte-u.Betriebsbericht: Feldfrüchte und Grünland;JAHR;Jahr;2003;DINSG;Deutschland insgesamt;DG;Deutschland;FRUA01;Fruchtarten;FRUART01211;Wintergerste;1323307;ha;FLC016;Anbaufläche
41241;Ernte-u.Betriebsbericht: Feldfrüchte und Grünland;JAHR;Jahr;1994;DINSG;Deutschland insgesamt;DG;Deutschland;FRUA01;Fruchtarten;FRUART055;Heil- und Gewürzpflanzen;3423;ha;FLC016;Anbaufläche
41241;Ernte-u.Betriebsbericht: Feldfrüchte und Grünland;JAHR;Jahr;1972;DINSG;Deutschland insgesamt;DG;Deutschland;FRUA01;Fruchtarten;FRUART066;Alle anderen Futterpflanzen;18826;ha;FLC016;Anbaufläche
41241;Ernte-u.Betriebsbericht: Feldfrüchte und Grünland;JAHR;Jahr;1979;DINSG;Deutschland insgesamt;DG;Deutschland;FRUA01;Fruchtarten;FRUART032;Zuckerrüben;393259;ha;FLC016;Anbaufläche
41241;Ernte-u.Betriebsbericht: Feldfrüchte und Grünland;JAHR;Jahr;1992;DINSG;Deutschland insgesamt;DG;Deutschland;FRUA01;Fruchtarten;FRUART013CCM;Körnermais (einschl. CCM);295658;ha;FLC016;Anbaufläche
41241;Ernte-u.Betriebsbericht: Feldfrüchte und Grünland;JAHR;Jahr;1990;DINSG;Deutschland insgesamt;DG;Deutschland;FRUA01;Fruchtarten;FRUART0124;Triticale;77154;ha;FLC016;Anbaufläche
41241;Ernte-u.Betriebsbericht: Feldfrüchte und Grünland;JAHR;Jahr;1986;DINSG;Deutschland insgesamt;DG;Deutschland;FRUA01;Fruchtarten;FRUART013CCM;Körnermais (einschl. CCM);187095;ha;FLC016;Anbaufläche
41241;Ernte-u.Betriebsbericht: Feldfrüchte und Grünland;JAHR;Jahr;1991;DINSG;Deutschland insgesamt;DG;Deutschland;FRUA01;Fruchtarten;FRUART064;Silomais (einschl. Lieschkolbenschrot);1308556;ha;FLC016;Anbaufläche
41241;Ernte-u.Betriebsbericht: Feldfrüchte und Grünland;JAHR;Jahr;1959;DINSG;Deutschland insgesamt;DG;Deutschland;FRUA01;Fruchtarten;FRUART042;Gartenbausämereien,Vermehrungsanbau v.Blumenzwieb.;.;ha;FLC016;Anbaufläche
41241;Ernte-u.Betriebsbericht: Feldfrüchte und Grünland;JAHR;Jahr;1979;DINSG;Deutschland insgesamt;DG;Deutschland;FRUA01;Fruchtarten;FRUART05111;Winterraps;118871;ha;FLC016;Anbaufläche
41241;Ernte-u.Betriebsbericht: Feldfrüchte und Grünland;JAHR;Jahr;1991;DINSG;Deutschland insgesamt;DG;Deutschland;FRUA01;Fruchtarten;FRUART01111W;Weichweizen;.;ha;FLC016;Anbaufläche
41241;Ernte-u.Betriebsbericht: Feldfrüchte und Grünland;JAHR;Jahr;1964;DINSG;Deutschland insgesamt;DG;Deutschland;FRUA01;Fruchtarten;FRUART034;Alle anderen Hackfrüchte;62219;ha;FLC016;Anbaufläche
41241;Ernte-u.Betriebsbericht: Feldfrüchte und Grünland;JAHR;Jahr;1978;DINSG;Deutschland insgesamt;DG;Deutschland;FRUA01;Fruchtarten;FRUART0111;Weizen;1619338;ha;FLC016;Anbaufläche
41241;Ernte-u.Betriebsbericht: Feldfrüchte und Grünland;JAHR;Jahr;1986;DINSG;Deutschland insgesamt;DG;Deutschland;FRUA01;Fruchtarten;FRUART023;Alle anderen Hülsenfrüchte;41419;ha;FLC016;Anbaufläche
41241;Ernte-u.Betriebsbericht: Feldfrüchte und Grünland;JAHR;Jahr;1969;DINSG;Deutschland insgesamt;DG;Deutschland;FRUA01;Fruchtarten;FRUART0112;Roggen;873359;ha;FLC016;Anbaufläche
41241;Ernte-u.Betriebsbericht: Feldfrüchte und Grünland;JAHR;Jahr;1989;DINSG;Deutschland insgesamt;DG;Deutschland;FRUA01;Fruchtarten;FRUART014;Corn-Cob-Mix;.;ha;FLC016;Anbaufläche
41241;Ernte-u.Betriebsbericht: Feldfrüchte und Grünland;JAHR;Jahr;1975;DINSG;Deutschland insgesamt;DG;Deutschland;FRUA01;Fruchtarten;FRUART066;Alle anderen Futterpflanzen;11158;ha;FLC016;Anbaufläche
41241;Ernte-u.Betriebsbericht: Feldfrüchte und Grünland;JAHR;Jahr;2003;DINSG;Deutschland insgesamt;DG;Deutschland;FRUA01;Fruchtarten;FRUART013CCM;Körnermais (einschl. CCM);463355;ha;FLC016;Anbaufläche
41241;Ernte-u.Betriebsbericht: Feldfrüchte und Grünland;JAHR;Jahr;1961;DINSG;Deutschland insgesamt;DG;Deutschland;FRUA01;Fruchtarten;FRUART065;Raufutter;.;ha;FLC016;Anbaufläche
41241;Ernte-u.Betriebsbericht: Feldfrüchte und Grünland;JAHR;Jahr;1988;DINSG;Deutschland insgesamt;DG;Deutschland;FRUA01;Fruchtarten;FRUART031MUS;Mittelfrühe und späte Kartoffeln;179997;ha;FLC016;Anbaufläche
41241;Ernte-u.Betriebsbericht: Feldfrüchte und Grünland;JAHR;Jahr;2008;DINSG;Deutschland insgesamt;DG;Deutschland;FRUA01;Fruchtarten;FRUART012;Futter- und Industriegetreide;2557800;ha;FLC016;Anbaufläche
41241;Ernte-u.Betriebsbericht: Feldfrüchte und Grünland;JAHR;Jahr;1994;DINSG;Deutschland insgesamt;DG;Deutschland;FRUA01;Fruchtarten;FRUART0123;Sommermenggetreide;52111;ha;FLC016;Anbaufläche
41241;Ernte-u.Betriebsbericht: Feldfrüchte und Grünland;JAHR;Jahr;1967;DINSG;Deutschland insgesamt;DG;Deutschland;FRUA01;Fruchtarten;FRUART012;Futter- und Industriegetreide;2497195;ha;FLC016;Anbaufläche
41241;Ernte-u.Betriebsbericht: Feldfrüchte und Grünland;JAHR;Jahr;1990;DINSG;Deutschland insgesamt;DG;Deutschland;FRUA01;Fruchtarten;FRUART063;Feldgras/Grasanbau auf dem Ackerland;400351;ha;FLC016;Anbaufläche
41241;Ernte-u.Betriebsbericht: Feldfrüchte und Grünland;JAHR;Jahr;1964;DINSG;Deutschland insgesamt;DG;Deutschland;FRUA01;Fruchtarten;FRUART021;Futtererbsen;.;ha;FLC016;Anbaufläche
41241;Ernte-u.Betriebsbericht: Feldfrüchte und Grünland;JAHR;Jahr;1989;DINSG;Deutschland insgesamt;DG;Deutschland;FRUA01;Fruchtarten;FRUART01OKM;Getreide (ohne Körnermais und CCM);4430557;ha;FLC016;Anbaufläche
41241;Ernte-u.Betriebsbericht: Feldfrüchte und Grünland;JAHR;Jahr;1976;DINSG;Deutschland insgesamt;DG;Deutschland;FRUA01;Fruchtarten;FRUART01113;Hartweizen (Durum);.;ha;FLC016;Anbaufläche
41241;Ernte-u.Betriebsbericht: Feldfrüchte und Grünland;JAHR;Jahr;1966;DINSG;Deutschland insgesamt;DG;Deutschland;FRUA01;Fruchtarten;FRUART0122;Hafer;777483;ha;FLC016;Anbaufläche
41241;Ernte-u.Betriebsbericht: Feldfrüchte und Grünland;JAHR;Jahr;1997;DINSG;Deutschland insgesamt;DG;Deutschland;FRUA01;Fruchtarten;FRUART0113;Wintermenggetreide;11856;ha;FLC016;Anbaufläche
41241;Ernte-u.Betriebsbericht: Feldfrüchte und Grünland;JAHR;Jahr;1979;DINSG;Deutschland insgesamt;DG;Deutschland;FRUA01;Fruchtarten;FRUART01211;Wintergerste;1092830;ha;FLC016;Anbaufläche
41241;Ernte-u.Betriebsbericht: Feldfrüchte und Grünland;JAHR;Jahr;1992;DINSG;Deutschland insgesamt;DG;Deutschland;FRUA01;Fruchtarten;FRUART013;Körnermais;208888;ha;FLC016;Anbaufläche
41241;Ernte-u.Betriebsbericht: Feldfrüchte und Grünland;JAHR;Jahr;1986;DINSG;Deutschland insgesamt;DG;Deutschland;FRUA01;Fruchtarten;FRUART041;Blumen u. Zierpflanzen einschl.Jungpfl.(o.Samenb.);.;ha;FLC016;Anbaufläche
41241;Ernte-u.Betriebsbericht: Feldfrüchte und Grünland;JAHR;Jahr;1971;DINSG;Deutschland insgesamt;DG;Deutschland;FRUA01;Fruchtarten;FRUART056;Alle anderen Handelsgewächse;5766;ha;FLC016;Anbaufläche
41241;Ernte-u.Betriebsbericht: Feldfrüchte und Grünland;JAHR;Jahr;2005;DINSG;Deutschland insgesamt;DG;Deutschland;FRUA01;Fruchtarten;FRUART056;Alle anderen Handelsgewächse;8700;ha;FLC016;Anbaufläche
41241;Ernte-u.Betriebsbericht: Feldfrüchte und Grünland;JAHR;Jahr;1968;DINSG;Deutschland insgesamt;DG;Deutschland;FRUA01;Fruchtarten;FRUART031;Kartoffeln;659357;ha;FLC016;Anbaufläche
41241;Ernte-u.Betriebsbericht: Feldfrüchte und Grünland;JAHR;Jahr;2002;DINSG;Deutschland insgesamt;DG;Deutschland;FRUA01;Fruchtarten;FRUART065;Raufutter;4436919;ha;FLC016;Anbaufläche
41241;Ernte-u.Betriebsbericht: Feldfrüchte und Grünland;JAHR;Jahr;1990;DINSG;Deutschland insgesamt;DG;Deutschland;FRUA01;Fruchtarten;FRUART031SPK;Speisekartoffeln;.;ha;FLC016;Anbaufläche
41241;Ernte-u.Betriebsbericht: Feldfrüchte und Grünland;JAHR;Jahr;2004;DINSG;Deutschland insgesamt;DG;Deutschland;FRUA01;Fruchtarten;FRUART01112;Sommerweizen;46183;ha;FLC016;Anbaufläche
41241;Ernte-u.Betriebsbericht: Feldfrüchte und Grünland;JAHR;Jahr;1989;DINSG;Deutschland insgesamt;DG;Deutschland;FRUA01;Fruchtarten;FRUART032;Zuckerrüben;383408;ha;FLC016;Anbaufläche
41241;Ernte-u.Betriebsbericht: Feldfrüchte und Grünland;JAHR;Jahr;1960;DINSG;Deutschland insgesamt;DG;Deutschland;FRUA01;Fruchtarten;FRUART011;Brotgetreide;2796779;ha;FLC016;Anbaufläche
41241;Ernte-u.Betriebsbericht: Feldfrüchte und Grünland;JAHR;Jahr;2009;DINSG;Deutschland insgesamt;DG;Deutschland;FRUA01;Fruchtarten;FRUART0513;Körnersonnenblumen;23600;ha;FLC016;Anbaufläche
41241;Ernte-u.Betriebsbericht: Feldfrüchte und Grünland;JAHR;Jahr;1985;DINSG;Deutschland insgesamt;DG;Deutschland;FRUA01;Fruchtarten;FRUART0111;Weizen;1623731;ha;FLC016;Anbaufläche
41241;Ernte-u.Betriebsbericht: Feldfrüchte und Grünland;JAHR;Jahr;2005;DINSG;Deutschland insgesamt;DG;Deutschland;FRUA01;Fruchtarten;FRUART0514;Andere Ölfrüchte;6900;ha;FLC016;Anbaufläche
41241;Ernte-u.Betriebsbericht: Feldfrüchte und Grünland;JAHR;Jahr;2005;DINSG;Deutschland insgesamt;DG;Deutschland;FRUA01;Fruchtarten;FRUART04OS;Gemüse, Spargel, Erdbeeren (ohne Samenbau);120500;ha;FLC016;Anbaufläche
41241;Ernte-u.Betriebsbericht: Feldfrüchte und Grünland;JAHR;Jahr;1986;DINSG;Deutschland insgesamt;DG;Deutschland;FRUA01;Fruchtarten;FRUART01OKM;Getreide (ohne Körnermais und CCM);4624887;ha;FLC016;Anbaufläche
41241;Ernte-u.Betriebsbericht: Feldfrüchte und Grünland;JAHR;Jahr;1959;DINSG;Deutschland insgesamt;DG;Deutschland;FRUA01;Fruchtarten;FRUART055;Heil- und Gewürzpflanzen;.;ha;FLC016;Anbaufläche
41241;Ernte-u.Betriebsbericht: Feldfrüchte und Grünland;JAHR;Jahr;1996;DINSG;Deutschland insgesamt;DG;Deutschland;FRUA01;Fruchtarten;FRUART067;Lupinen;.;ha;FLC016;Anbaufläche
41241;Ernte-u.Betriebsbericht: Feldfrüchte und Grünland;JAHR;Jahr;2002;DINSG;Deutschland insgesamt;DG;Deutschland;FRUA01;Fruchtarten;FRUART052;Hopfen;18563;ha;FLC016;Anbaufläche
41241;Ernte-u.Betriebsbericht: Feldfrüchte und Grünland;JAHR;Jahr;1972;DINSG;Deutschland insgesamt;DG;Deutschland;FRUA01;Fruchtarten;FRUART053;Tabak;.;ha;FLC016;Anbaufläche
41241;Ernte-u.Betriebsbericht: Feldfrüchte und Grünland;JAHR;Jahr;1981;DINSG;Deutschland insgesamt;DG;Deutschland;FRUA01;Fruchtarten;FRUART0112;Roggen;484305;ha;FLC016;Anbaufläche
41241;Ernte-u.Betriebsbericht: Feldfrüchte und Grünland;JAHR;Jahr;1985;DINSG;Deutschland insgesamt;DG;Deutschland;FRUA01;Fruchtarten;FRUART022;Ackerbohnen;14220;ha;FLC016;Anbaufläche
41241;Ernte-u.Betriebsbericht: Feldfrüchte und Grünland;JAHR;Jahr;1956;DINSG;Deutschland insgesamt;DG;Deutschland;FRUA01;Fruchtarten;FRUART01111W;Weichweizen;.;ha;FLC016;Anbaufläche
41241;Ernte-u.Betriebsbericht: Feldfrüchte und Grünland;JAHR;Jahr;2009;DINSG;Deutschland insgesamt;DG;Deutschland;FRUA01;Fruchtarten;FRUART053;Tabak;3300;ha;FLC016;Anbaufläche
41241;Ernte-u.Betriebsbericht: Feldfrüchte und Grünland;JAHR;Jahr;2006;DINSG;Deutschland insgesamt;DG;Deutschland;FRUA01;Fruchtarten;FRUART062;Luzerne;37600;ha;FLC016;Anbaufläche
41241;Ernte-u.Betriebsbericht: Feldfrüchte und Grünland;JAHR;Jahr;1999;DINSG;Deutschland insgesamt;DG;Deutschland;FRUA01;Fruchtarten;FRUART01111W;Weichweizen;2589101;ha;FLC016;Anbaufläche
41241;Ernte-u.Betriebsbericht: Feldfrüchte und Grünland;JAHR;Jahr;1961;DINSG;Deutschland insgesamt;DG;Deutschland;FRUA01;Fruchtarten;FRUART052;Hopfen;8198;ha;FLC016;Anbaufläche
41241;Ernte-u.Betriebsbericht: Feldfrüchte und Grünland;JAHR;Jahr;1992;DINSG;Deutschland insgesamt;DG;Deutschland;FRUA01;Fruchtarten;FRUART01113;Hartweizen (Durum);15844;ha;FLC016;Anbaufläche
41241;Ernte-u.Betriebsbericht: Feldfrüchte und Grünland;JAHR;Jahr;1973;DINSG;Deutschland insgesamt;DG;Deutschland;FRUA01;Fruchtarten;FRUART0113;Wintermenggetreide;30332;ha;FLC016;Anbaufläche
41241;Ernte-u.Betriebsbericht: Feldfrüchte und Grünland;JAHR;Jahr;1964;DINSG;Deutschland insgesamt;DG;Deutschland;FRUA01;Fruchtarten;FRUART031SPK;Speisekartoffeln;.;ha;FLC016;Anbaufläche
41241;Ernte-u.Betriebsbericht: Feldfrüchte und Grünland;JAHR;Jahr;1965;DINSG;Deutschland insgesamt;DG;Deutschland;FRUA01;Fruchtarten;FRUART062;Luzerne;.;ha;FLC016;Anbaufläche
41241;Ernte-u.Betriebsbericht: Feldfrüchte und Grünland;JAHR;Jahr;1952;DINSG;Deutschland insgesamt;DG;Deutschland;FRUA01;Fruchtarten;FRUART032;Zuckerrüben;222425;ha;FLC016;Anbaufläche
41241;Ernte-u.Betriebsbericht: Feldfrüchte und Grünland;JAHR;Jahr;1995;DINSG;Deutschland insgesamt;DG;Deutschland;FRUA01;Fruchtarten;FRUART01113;Hartweizen (Durum);7189;ha;FLC016;Anbaufläche
41241;Ernte-u.Betriebsbericht: Feldfrüchte und Grünland;JAHR;Jahr;1981;DINSG;Deutschland insgesamt;DG;Deutschland;FRUA01;Fruchtarten;FRUART012;Futter- und Industriegetreide;2869169;ha;FLC016;Anbaufläche
41241;Ernte-u.Betriebsbericht: Feldfrüchte und Grünland;JAHR;Jahr;1953;DINSG;Deutschland insgesamt;DG;Deutschland;FRUA01;Fruchtarten;FRUART051;Ölfrüchte;.;ha;FLC016;Anbaufläche
41241;Ernte-u.Betriebsbericht: Feldfrüchte und Grünland;JAHR;Jahr;1956;DINSG;Deutschland insgesamt;DG;Deutschland;FRUA01;Fruchtarten;FRUART042;Gartenbausämereien,Vermehrungsanbau v.Blumenzwieb.;.;ha;FLC016;Anbaufläche
41241;Ernte-u.Betriebsbericht: Feldfrüchte und Grünland;JAHR;Jahr;1974;DINSG;Deutschland insgesamt;DG;Deutschland;FRUA01;Fruchtarten;FRUART034;Alle anderen Hackfrüchte;20552;ha;FLC016;Anbaufläche
41241;Ernte-u.Betriebsbericht: Feldfrüchte und Grünland;JAHR;Jahr;2005;DINSG;Deutschland insgesamt;DG;Deutschland;FRUA01;Fruchtarten;FRUART031MUS;Mittelfrühe und späte Kartoffeln;261600;ha;FLC016;Anbaufläche
41241;Ernte-u.Betriebsbericht: Feldfrüchte und Grünland;JAHR;Jahr;1967;DINSG;Deutschland insgesamt;DG;Deutschland;FRUA01;Fruchtarten;FRUART056;Alle anderen Handelsgewächse;6050;ha;FLC016;Anbaufläche
41241;Ernte-u.Betriebsbericht: Feldfrüchte und Grünland;JAHR;Jahr;2003;DINSG;Deutschland insgesamt;DG;Deutschland;FRUA01;Fruchtarten;FRUART062;Luzerne;23649;ha;FLC016;Anbaufläche
41241;Ernte-u.Betriebsbericht: Feldfrüchte und Grünland;JAHR;Jahr;1964;DINSG;Deutschland insgesamt;DG;Deutschland;FRUA01;Fruchtarten;FRUART065;Raufutter;.;ha;FLC016;Anbaufläche
41241;Ernte-u.Betriebsbericht: Feldfrüchte und Grünland;JAHR;Jahr;1983;DINSG;Deutschland insgesamt;DG;Deutschland;FRUA01;Fruchtarten;FRUART041;Blumen u. Zierpflanzen einschl.Jungpfl.(o.Samenb.);.;ha;FLC016;Anbaufläche
41241;Ernte-u.Betriebsbericht: Feldfrüchte und Grünland;JAHR;Jahr;1980;DINSG;Deutschland insgesamt;DG;Deutschland;FRUA01;Fruchtarten;FRUART01212;Sommergerste;819560;ha;FLC016;Anbaufläche
41241;Ernte-u.Betriebsbericht: Feldfrüchte und Grünland;JAHR;Jahr;1982;DINSG;Deutschland insgesamt;DG;Deutschland;FRUA01;Fruchtarten;FRUART031;Kartoffeln;238163;ha;FLC016;Anbaufläche
41241;Ernte-u.Betriebsbericht: Feldfrüchte und Grünland;JAHR;Jahr;1986;DINSG;Deutschland insgesamt;DG;Deutschland;FRUA01;Fruchtarten;FRUART0511;Raps und Rübsen;307502;ha;FLC016;Anbaufläche
41241;Ernte-u.Betriebsbericht: Feldfrüchte und Grünland;JAHR;Jahr;2003;DINSG;Deutschland insgesamt;DG;Deutschland;FRUA01;Fruchtarten;FRUART0123;Sommermenggetreide;32704;ha;FLC016;Anbaufläche
41241;Ernte-u.Betriebsbericht: Feldfrüchte und Grünland;JAHR;Jahr;1977;DINSG;Deutschland insgesamt;DG;Deutschland;FRUA01;Fruchtarten;FRUART0512;Flachs (Lein);.;ha;FLC016;Anbaufläche
41241;Ernte-u.Betriebsbericht: Feldfrüchte und Grünland;JAHR;Jahr;1998;DINSG;Deutschland insgesamt;DG;Deutschland;FRUA01;Fruchtarten;FRUART05111;Winterraps;958530;ha;FLC016;Anbaufläche
41241;Ernte-u.Betriebsbericht: Feldfrüchte und Grünland;JAHR;Jahr;1966;DINSG;Deutschland insgesamt;DG;Deutschland;FRUA01;Fruchtarten;FRUART031INK;Industriekartoffeln;.;ha;FLC016;Anbaufläche
41241;Ernte-u.Betriebsbericht: Feldfrüchte und Grünland;JAHR;Jahr;2002;DINSG;Deutschland insgesamt;DG;Deutschland;FRUA01;Fruchtarten;FRUART021;Futtererbsen;148428;ha;FLC016;Anbaufläche
41241;Ernte-u.Betriebsbericht: Feldfrüchte und Grünland;JAHR;Jahr;2005;DINSG;Deutschland insgesamt;DG;Deutschland;FRUA01;Fruchtarten;FRUART012;Futter- und Industriegetreide;2663700;ha;FLC016;Anbaufläche
41241;Ernte-u.Betriebsbericht: Feldfrüchte und Grünland;JAHR;Jahr;1957;DINSG;Deutschland insgesamt;DG;Deutschland;FRUA01;Fruchtarten;FRUART061;Klee, Kleegras und Klee-Luzerne-Gemisch;706336;ha;FLC016;Anbaufläche
41241;Ernte-u.Betriebsbericht: Feldfrüchte und Grünland;JAHR;Jahr;1955;DINSG;Deutschland insgesamt;DG;Deutschland;FRUA01;Fruchtarten;FRUART0511;Raps und Rübsen;11993;ha;FLC016;Anbaufläche
41241;Ernte-u.Betriebsbericht: Feldfrüchte und Grünland;JAHR;Jahr;2006;DINSG;Deutschland insgesamt;DG;Deutschland;FRUA01;Fruchtarten;FRUART05111;Winterraps;1409900;ha;FLC016;Anbaufläche
41241;Ernte-u.Betriebsbericht: Feldfrüchte und Grünland;JAHR;Jahr;2009;DINSG;Deutschland insgesamt;DG;Deutschland;FRUA01;Fruchtarten;FRUART066;Alle anderen Futterpflanzen;45400;ha;FLC016;Anbaufläche
41241;Ernte-u.Betriebsbericht: Feldfrüchte und Grünland;JAHR;Jahr;1971;DINSG;Deutschland insgesamt;DG;Deutschland;FRUA01;Fruchtarten;FRUART01111;Winterweizen;1349524;ha;FLC016;Anbaufläche
41241;Ernte-u.Betriebsbericht: Feldfrüchte und Grünland;JAHR;Jahr;1950;DINSG;Deutschland insgesamt;DG;Deutschland;FRUA01;Fruchtarten;FRUART05111;Winterraps;42484;ha;FLC016;Anbaufläche
41241;Ernte-u.Betriebsbericht: Feldfrüchte und Grünland;JAHR;Jahr;1968;DINSG;Deutschland insgesamt;DG;Deutschland;FRUA01;Fruchtarten;FRUART062;Luzerne;.;ha;FLC016;Anbaufläche
41241;Ernte-u.Betriebsbericht: Feldfrüchte und Grünland;JAHR;Jahr;1960;DINSG;Deutschland insgesamt;DG;Deutschland;FRUA01;Fruchtarten;FRUART055;Heil- und Gewürzpflanzen;.;ha;FLC016;Anbaufläche
41241;Ernte-u.Betriebsbericht: Feldfrüchte und Grünland;JAHR;Jahr;1965;DINSG;Deutschland insgesamt;DG;Deutschland;FRUA01;Fruchtarten;FRUART0514;Andere Ölfrüchte;.;ha;FLC016;Anbaufläche
41241;Ernte-u.Betriebsbericht: Feldfrüchte und Grünland;JAHR;Jahr;1965;DINSG;Deutschland insgesamt;DG;Deutschland;FRUA01;Fruchtarten;FRUART04OS;Gemüse, Spargel, Erdbeeren (ohne Samenbau);.;ha;FLC016;Anbaufläche
41241;Ernte-u.Betriebsbericht: Feldfrüchte und Grünland;JAHR;Jahr;1959;DINSG;Deutschland insgesamt;DG;Deutschland;FRUA01;Fruchtarten;FRUART011;Brotgetreide;2838023;ha;FLC016;Anbaufläche
41241;Ernte-u.Betriebsbericht: Feldfrüchte und Grünland;JAHR;Jahr;1993;DINSG;Deutschland insgesamt;DG;Deutschland;FRUA01;Fruchtarten;FRUART032;Zuckerrüben;521724;ha;FLC016;Anbaufläche
41241;Ernte-u.Betriebsbericht: Feldfrüchte und Grünland;JAHR;Jahr;1952;DINSG;Deutschland insgesamt;DG;Deutschland;FRUA01;Fruchtarten;FRUART031INK;Industriekartoffeln;.;ha;FLC016;Anbaufläche
41241;Ernte-u.Betriebsbericht: Feldfrüchte und Grünland;JAHR;Jahr;1979;DINSG;Deutschland insgesamt;DG;Deutschland;FRUA01;Fruchtarten;FRUART063;Feldgras/Grasanbau auf dem Ackerland;96709;ha;FLC016;Anbaufläche
41241;Ernte-u.Betriebsbericht: Feldfrüchte und Grünland;JAHR;Jahr;1996;DINSG;Deutschland insgesamt;DG;Deutschland;FRUA01;Fruchtarten;FRUART023;Alle anderen Hülsenfrüchte;40102;ha;FLC016;Anbaufläche
41241;Ernte-u.Betriebsbericht: Feldfrüchte und Grünland;JAHR;Jahr;1954;DINSG;Deutschland insgesamt;DG;Deutschland;FRUA01;Fruchtarten;FRUART0124;Triticale;.;ha;FLC016;Anbaufläche
41241;Ernte-u.Betriebsbericht: Feldfrüchte und Grünland;JAHR;Jahr;1986;DINSG;Deutschland insgesamt;DG;Deutschland;FRUA01;Fruchtarten;FRUART054;Rüben und Gräser zur Samengewinnung;10653;ha;FLC016;Anbaufläche
41241;Ernte-u.Betriebsbericht: Feldfrüchte und Grünland;JAHR;Jahr;1986;DINSG;Deutschland insgesamt;DG;Deutschland;FRUA01;Fruchtarten;FRUART031FSK;Frühe Speisekartoffeln;20224;ha;FLC016;Anbaufläche
41241;Ernte-u.Betriebsbericht: Feldfrüchte und Grünland;JAHR;Jahr;2000;DINSG;Deutschland insgesamt;DG;Deutschland;FRUA01;Fruchtarten;FRUART01113;Hartweizen (Durum);8618;ha;FLC016;Anbaufläche
41241;Ernte-u.Betriebsbericht: Feldfrüchte und Grünland;JAHR;Jahr;1956;DINSG;Deutschland insgesamt;DG;Deutschland;FRUA01;Fruchtarten;FRUART055;Heil- und Gewürzpflanzen;.;ha;FLC016;Anbaufläche
41241;Ernte-u.Betriebsbericht: Feldfrüchte und Grünland;JAHR;Jahr;1996;DINSG;Deutschland insgesamt;DG;Deutschland;FRUA01;Fruchtarten;FRUART0514;Andere Ölfrüchte;10651;ha;FLC016;Anbaufläche
41241;Ernte-u.Betriebsbericht: Feldfrüchte und Grünland;JAHR;Jahr;1996;DINSG;Deutschland insgesamt;DG;Deutschland;FRUA01;Fruchtarten;FRUART04OS;Gemüse, Spargel, Erdbeeren (ohne Samenbau);94288;ha;FLC016;Anbaufläche
41241;Ernte-u.Betriebsbericht: Feldfrüchte und Grünland;JAHR;Jahr;1975;DINSG;Deutschland insgesamt;DG;Deutschland;FRUA01;Fruchtarten;FRUART053;Tabak;.;ha;FLC016;Anbaufläche
41241;Ernte-u.Betriebsbericht: Feldfrüchte und Grünland;JAHR;Jahr;1997;DINSG;Deutschland insgesamt;DG;Deutschland;FRUA01;Fruchtarten;FRUART042;Gartenbausämereien,Vermehrungsanbau v.Blumenzwieb.;580;ha;FLC016;Anbaufläche
41241;Ernte-u.Betriebsbericht: Feldfrüchte und Grünland;JAHR;Jahr;1985;DINSG;Deutschland insgesamt;DG;Deutschland;FRUA01;Fruchtarten;FRUART0124;Triticale;.;ha;FLC016;Anbaufläche
41241;Ernte-u.Betriebsbericht: Feldfrüchte und Grünland;JAHR;Jahr;1953;DINSG;Deutschland insgesamt;DG;Deutschland;FRUA01;Fruchtarten;FRUART064;Silomais (einschl. Lieschkolbenschrot);45662;ha;FLC016;Anbaufläche
41241;Ernte-u.Betriebsbericht: Feldfrüchte und Grünland;JAHR;Jahr;2003;DINSG;Deutschland insgesamt;DG;Deutschland;FRUA01;Fruchtarten;FRUART031FSK;Frühe Speisekartoffeln;15922;ha;FLC016;Anbaufläche
41241;Ernte-u.Betriebsbericht: Feldfrüchte und Grünland;JAHR;Jahr;1994;DINSG;Deutschland insgesamt;DG;Deutschland;FRUA01;Fruchtarten;FRUART05112;Sommerraps, Winter- und Sommerrübsen;107485;ha;FLC016;Anbaufläche
41241;Ernte-u.Betriebsbericht: Feldfrüchte und Grünland;JAHR;Jahr;1974;DINSG;Deutschland insgesamt;DG;Deutschland;FRUA01;Fruchtarten;FRUART0513;Körnersonnenblumen;.;ha;FLC016;Anbaufläche
41241;Ernte-u.Betriebsbericht: Feldfrüchte und Grünland;JAHR;Jahr;1956;DINSG;Deutschland insgesamt;DG;Deutschland;FRUA01;Fruchtarten;FRUART01212;Sommergerste;724673;ha;FLC016;Anbaufläche
41241;Ernte-u.Betriebsbericht: Feldfrüchte und Grünland;JAHR;Jahr;1963;DINSG;Deutschland insgesamt;DG;Deutschland;FRUA01;Fruchtarten;FRUART0123;Sommermenggetreide;422312;ha;FLC016;Anbaufläche
41241;Ernte-u.Betriebsbericht: Feldfrüchte und Grünland;JAHR;Jahr;1956;DINSG;Deutschland insgesamt;DG;Deutschland;FRUA01;Fruchtarten;FRUART021;Futtererbsen;.;ha;FLC016;Anbaufläche
41241;Ernte-u.Betriebsbericht: Feldfrüchte und Grünland;JAHR;Jahr;1996;DINSG;Deutschland insgesamt;DG;Deutschland;FRUA01;Fruchtarten;FRUART064;Silomais (einschl. Lieschkolbenschrot);1326462;ha;FLC016;Anbaufläche
41241;Ernte-u.Betriebsbericht: Feldfrüchte und Grünland;JAHR;Jahr;2005;DINSG;Deutschland insgesamt;DG;Deutschland;FRUA01;Fruchtarten;FRUART01113;Hartweizen (Durum);10300;ha;FLC016;Anbaufläche
41241;Ernte-u.Betriebsbericht: Feldfrüchte und Grünland;JAHR;Jahr;2009;DINSG;Deutschland insgesamt;DG;Deutschland;FRUA01;Fruchtarten;FRUART023;Alle anderen Hülsenfrüchte;3300;ha;FLC016;Anbaufläche
41241;Ernte-u.Betriebsbericht: Feldfrüchte und Grünland;JAHR;Jahr;1995;DINSG;Deutschland insgesamt;DG;Deutschland;FRUA01;Fruchtarten;FRUART031SPK;Speisekartoffeln;127934;ha;FLC016;Anbaufläche
41241;Ernte-u.Betriebsbericht: Feldfrüchte und Grünland;JAHR;Jahr;2008;DINSG;Deutschland insgesamt;DG;Deutschland;FRUA01;Fruchtarten;FRUART01112;Sommerweizen;43100;ha;FLC016;Anbaufläche
41241;Ernte-u.Betriebsbericht: Feldfrüchte und Grünland;JAHR;Jahr;2003;DINSG;Deutschland insgesamt;DG;Deutschland;FRUA01;Fruchtarten;FRUART041;Blumen u. Zierpflanzen einschl.Jungpfl.(o.Samenb.);9545;ha;FLC016;Anbaufläche
41241;Ernte-u.Betriebsbericht: Feldfrüchte und Grünland;JAHR;Jahr;1998;DINSG;Deutschland insgesamt;DG;Deutschland;FRUA01;Fruchtarten;FRUART0124;Triticale;468546;ha;FLC016;Anbaufläche
41241;Ernte-u.Betriebsbericht: Feldfrüchte und Grünland;JAHR;Jahr;1959;DINSG;Deutschland insgesamt;DG;Deutschland;FRUA01;Fruchtarten;FRUART0123;Sommermenggetreide;361221;ha;FLC016;Anbaufläche
41241;Ernte-u.Betriebsbericht: Feldfrüchte und Grünland;JAHR;Jahr;1970;DINSG;Deutschland insgesamt;DG;Deutschland;FRUA01;Fruchtarten;FRUART034;Alle anderen Hackfrüchte;41957;ha;FLC016;Anbaufläche
41241;Ernte-u.Betriebsbericht: Feldfrüchte und Grünland;JAHR;Jahr;1971;DINSG;Deutschland insgesamt;DG;Deutschland;FRUA01;Fruchtarten;FRUART064;Silomais (einschl. Lieschkolbenschrot);238187;ha;FLC016;Anbaufläche
41241;Ernte-u.Betriebsbericht: Feldfrüchte und Grünland;JAHR;Jahr;1963;DINSG;Deutschland insgesamt;DG;Deutschland;FRUA01;Fruchtarten;FRUART056;Alle anderen Handelsgewächse;7989;ha;FLC016;Anbaufläche
41241;Ernte-u.Betriebsbericht: Feldfrüchte und Grünland;JAHR;Jahr;1957;DINSG;Deutschland insgesamt;DG;Deutschland;FRUA01;Fruchtarten;FRUART051;Ölfrüchte;.;ha;FLC016;Anbaufläche
41241;Ernte-u.Betriebsbericht: Feldfrüchte und Grünland;JAHR;Jahr;1976;DINSG;Deutschland insgesamt;DG;Deutschland;FRUA01;Fruchtarten;FRUART0112;Roggen;663461;ha;FLC016;Anbaufläche
41241;Ernte-u.Betriebsbericht: Feldfrüchte und Grünland;JAHR;Jahr;1957;DINSG;Deutschland insgesamt;DG;Deutschland;FRUA01;Fruchtarten;FRUART01111;Winterweizen;1076274;ha;FLC016;Anbaufläche
41241;Ernte-u.Betriebsbericht: Feldfrüchte und Grünland;JAHR;Jahr;1981;DINSG;Deutschland insgesamt;DG;Deutschland;FRUA01;Fruchtarten;FRUART022;Ackerbohnen;4239;ha;FLC016;Anbaufläche
41241;Ernte-u.Betriebsbericht: Feldfrüchte und Grünland;JAHR;Jahr;1996;DINSG;Deutschland insgesamt;DG;Deutschland;FRUA01;Fruchtarten;FRUART013CCM;Körnermais (einschl. CCM);372116;ha;FLC016;Anbaufläche
41241;Ernte-u.Betriebsbericht: Feldfrüchte und Grünland;JAHR;Jahr;2007;DINSG;Deutschland insgesamt;DG;Deutschland;FRUA01;Fruchtarten;FRUART051;Ölfrüchte;1578624;ha;FLC016;Anbaufläche
41241;Ernte-u.Betriebsbericht: Feldfrüchte und Grünland;JAHR;Jahr;1982;DINSG;Deutschland insgesamt;DG;Deutschland;FRUA01;Fruchtarten;FRUART052;Hopfen;19849;ha;FLC016;Anbaufläche
41241;Ernte-u.Betriebsbericht: Feldfrüchte und Grünland;JAHR;Jahr;1978;DINSG;Deutschland insgesamt;DG;Deutschland;FRUA01;Fruchtarten;FRUART041;Blumen u. Zierpflanzen einschl.Jungpfl.(o.Samenb.);.;ha;FLC016;Anbaufläche
41241;Ernte-u.Betriebsbericht: Feldfrüchte und Grünland;JAHR;Jahr;1971;DINSG;Deutschland insgesamt;DG;Deutschland;FRUA01;Fruchtarten;FRUART0124;Triticale;.;ha;FLC016;Anbaufläche
41241;Ernte-u.Betriebsbericht: Feldfrüchte und Grünland;JAHR;Jahr;1988;DINSG;Deutschland insgesamt;DG;Deutschland;FRUA01;Fruchtarten;FRUART021;Futtererbsen;.;ha;FLC016;Anbaufläche
41241;Ernte-u.Betriebsbericht: Feldfrüchte und Grünland;JAHR;Jahr;1967;DINSG;Deutschland insgesamt;DG;Deutschland;FRUA01;Fruchtarten;FRUART066;Alle anderen Futterpflanzen;34974;ha;FLC016;Anbaufläche
41241;Ernte-u.Betriebsbericht: Feldfrüchte und Grünland;JAHR;Jahr;1980;DINSG;Deutschland insgesamt;DG;Deutschland;FRUA01;Fruchtarten;FRUART01111W;Weichweizen;.;ha;FLC016;Anbaufläche
41241;Ernte-u.Betriebsbericht: Feldfrüchte und Grünland;JAHR;Jahr;1968;DINSG;Deutschland insgesamt;DG;Deutschland;FRUA01;Fruchtarten;FRUART01211;Wintergerste;436420;ha;FLC016;Anbaufläche
41241;Ernte-u.Betriebsbericht: Feldfrüchte und Grünland;JAHR;Jahr;1960;DINSG;Deutschland insgesamt;DG;Deutschland;FRUA01;Fruchtarten;FRUART013CCM;Körnermais (einschl. CCM);6249;ha;FLC016;Anbaufläche
41241;Ernte-u.Betriebsbericht: Feldfrüchte und Grünland;JAHR;Jahr;1989;DINSG;Deutschland insgesamt;DG;Deutschland;FRUA01;Fruchtarten;FRUART013CCM;Körnermais (einschl. CCM);208906;ha;FLC016;Anbaufläche
41241;Ernte-u.Betriebsbericht: Feldfrüchte und Grünland;JAHR;Jahr;1996;DINSG;Deutschland insgesamt;DG;Deutschland;FRUA01;Fruchtarten;FRUART01112;Sommerweizen;42884;ha;FLC016;Anbaufläche
41241;Ernte-u.Betriebsbericht: Feldfrüchte und Grünland;JAHR;Jahr;1953;DINSG;Deutschland insgesamt;DG;Deutschland;FRUA01;Fruchtarten;FRUART054;Rüben und Gräser zur Samengewinnung;13201;ha;FLC016;Anbaufläche
41241;Ernte-u.Betriebsbericht: Feldfrüchte und Grünland;JAHR;Jahr;1984;DINSG;Deutschland insgesamt;DG;Deutschland;FRUA01;Fruchtarten;FRUART0121;Gerste;2006035;ha;FLC016;Anbaufläche
41241;Ernte-u.Betriebsbericht: Feldfrüchte und Grünland;JAHR;Jahr;1954;DINSG;Deutschland insgesamt;DG;Deutschland;FRUA01;Fruchtarten;FRUART0122;Hafer;955191;ha;FLC016;Anbaufläche
41241;Ernte-u.Betriebsbericht: Feldfrüchte und Grünland;JAHR;Jahr;1958;DINSG;Deutschland insgesamt;DG;Deutschland;FRUA01;Fruchtarten;FRUART0121;Gerste;881545;ha;FLC016;Anbaufläche
41241;Ernte-u.Betriebsbericht: Feldfrüchte und Grünland;JAHR;Jahr;1978;DINSG;Deutschland insgesamt;DG;Deutschland;FRUA01;Fruchtarten;FRUART054;Rüben und Gräser zur Samengewinnung;9856;ha;FLC016;Anbaufläche
41241;Ernte-u.Betriebsbericht: Feldfrüchte und Grünland;JAHR;Jahr;1994;DINSG;Deutschland insgesamt;DG;Deutschland;FRUA01;Fruchtarten;FRUART031MUS;Mittelfrühe und späte Kartoffeln;274537;ha;FLC016;Anbaufläche
41241;Ernte-u.Betriebsbericht: Feldfrüchte und Grünland;JAHR;Jahr;1995;DINSG;Deutschland insgesamt;DG;Deutschland;FRUA01;Fruchtarten;FRUART056;Alle anderen Handelsgewächse;3866;ha;FLC016;Anbaufläche
41241;Ernte-u.Betriebsbericht: Feldfrüchte und Grünland;JAHR;Jahr;1957;DINSG;Deutschland insgesamt;DG;Deutschland;FRUA01;Fruchtarten;FRUART01111W;Weichweizen;.;ha;FLC016;Anbaufläche
41241;Ernte-u.Betriebsbericht: Feldfrüchte und Grünland;JAHR;Jahr;1973;DINSG;Deutschland insgesamt;DG;Deutschland;FRUA01;Fruchtarten;FRUART031FSK;Frühe Speisekartoffeln;37415;ha;FLC016;Anbaufläche
41241;Ernte-u.Betriebsbericht: Feldfrüchte und Grünland;JAHR;Jahr;1971;DINSG;Deutschland insgesamt;DG;Deutschland;FRUA01;Fruchtarten;FRUART0111;Weizen;1544443;ha;FLC016;Anbaufläche
41241;Ernte-u.Betriebsbericht: Feldfrüchte und Grünland;JAHR;Jahr;2002;DINSG;Deutschland insgesamt;DG;Deutschland;FRUA01;Fruchtarten;FRUART033;Runkelrüben;7419;ha;FLC016;Anbaufläche
41241;Ernte-u.Betriebsbericht: Feldfrüchte und Grünland;JAHR;Jahr;1967;DINSG;Deutschland insgesamt;DG;Deutschland;FRUA01;Fruchtarten;FRUART053;Tabak;.;ha;FLC016;Anbaufläche
41241;Ernte-u.Betriebsbericht: Feldfrüchte und Grünland;JAHR;Jahr;1989;DINSG;Deutschland insgesamt;DG;Deutschland;FRUA01;Fruchtarten;FRUART01211;Wintergerste;1064117;ha;FLC016;Anbaufläche
41241;Ernte-u.Betriebsbericht: Feldfrüchte und Grünland;JAHR;Jahr;1966;DINSG;Deutschland insgesamt;DG;Deutschland;FRUA01;Fruchtarten;FRUART0513;Körnersonnenblumen;.;ha;FLC016;Anbaufläche
41241;Ernte-u.Betriebsbericht: Feldfrüchte und Grünland;JAHR;Jahr;1984;DINSG;Deutschland insgesamt;DG;Deutschland;FRUA01;Fruchtarten;FRUART011;Brotgetreide;2084656;ha;FLC016;Anbaufläche
41241;Ernte-u.Betriebsbericht: Feldfrüchte und Grünland;JAHR;Jahr;1951;DINSG;Deutschland insgesamt;DG;Deutschland;FRUA01;Fruchtarten;FRUART01211;Wintergerste;138003;ha;FLC016;Anbaufläche
41241;Ernte-u.Betriebsbericht: Feldfrüchte und Grünland;JAHR;Jahr;1956;DINSG;Deutschland insgesamt;DG;Deutschland;FRUA01;Fruchtarten;FRUART034;Alle anderen Hackfrüchte;90204;ha;FLC016;Anbaufläche
41241;Ernte-u.Betriebsbericht: Feldfrüchte und Grünland;JAHR;Jahr;1957;DINSG;Deutschland insgesamt;DG;Deutschland;FRUA01;Fruchtarten;FRUART064;Silomais (einschl. Lieschkolbenschrot);45999;ha;FLC016;Anbaufläche
41241;Ernte-u.Betriebsbericht: Feldfrüchte und Grünland;JAHR;Jahr;1992;DINSG;Deutschland insgesamt;DG;Deutschland;FRUA01;Fruchtarten;FRUART054;Rüben und Gräser zur Samengewinnung;39297;ha;FLC016;Anbaufläche
41241;Ernte-u.Betriebsbericht: Feldfrüchte und Grünland;JAHR;Jahr;1999;DINSG;Deutschland insgesamt;DG;Deutschland;FRUA01;Fruchtarten;FRUART066;Alle anderen Futterpflanzen;47561;ha;FLC016;Anbaufläche
41241;Ernte-u.Betriebsbericht: Feldfrüchte und Grünland;JAHR;Jahr;1970;DINSG;Deutschland insgesamt;DG;Deutschland;FRUA01;Fruchtarten;FRUART01OKM;Getreide (ohne Körnermais und CCM);5084574;ha;FLC016;Anbaufläche
41241;Ernte-u.Betriebsbericht: Feldfrüchte und Grünland;JAHR;Jahr;1996;DINSG;Deutschland insgesamt;DG;Deutschland;FRUA01;Fruchtarten;FRUART0512;Flachs (Lein);81619;ha;FLC016;Anbaufläche
41241;Ernte-u.Betriebsbericht: Feldfrüchte und Grünland;JAHR;Jahr;2005;DINSG;Deutschland insgesamt;DG;Deutschland;FRUA01;Fruchtarten;FRUART013;Körnermais;343500;ha;FLC016;Anbaufläche
41241;Ernte-u.Betriebsbericht: Feldfrüchte und Grünland;JAHR;Jahr;2000;DINSG;Deutschland insgesamt;DG;Deutschland;FRUA01;Fruchtarten;FRUART061;Klee, Kleegras und Klee-Luzerne-Gemisch;181548;ha;FLC016;Anbaufläche
41241;Ernte-u.Betriebsbericht: Feldfrüchte und Grünland;JAHR;Jahr;1993;DINSG;Deutschland insgesamt;DG;Deutschland;FRUA01;Fruchtarten;FRUART01113;Hartweizen (Durum);9644;ha;FLC016;Anbaufläche
41241;Ernte-u.Betriebsbericht: Feldfrüchte und Grünland;JAHR;Jahr;1966;DINSG;Deutschland insgesamt;DG;Deutschland;FRUA01;Fruchtarten;FRUART031FSK;Frühe Speisekartoffeln;44696;ha;FLC016;Anbaufläche
41241;Ernte-u.Betriebsbericht: Feldfrüchte und Grünland;JAHR;Jahr;1954;DINSG;Deutschland insgesamt;DG;Deutschland;FRUA01;Fruchtarten;FRUART01112;Sommerweizen;197664;ha;FLC016;Anbaufläche
41241;Ernte-u.Betriebsbericht: Feldfrüchte und Grünland;JAHR;Jahr;1978;DINSG;Deutschland insgesamt;DG;Deutschland;FRUA01;Fruchtarten;FRUART031MUS;Mittelfrühe und späte Kartoffeln;321446;ha;FLC016;Anbaufläche
41241;Ernte-u.Betriebsbericht: Feldfrüchte und Grünland;JAHR;Jahr;1972;DINSG;Deutschland insgesamt;DG;Deutschland;FRUA01;Fruchtarten;FRUART01211;Wintergerste;567461;ha;FLC016;Anbaufläche
41241;Ernte-u.Betriebsbericht: Feldfrüchte und Grünland;JAHR;Jahr;1950;DINSG;Deutschland insgesamt;DG;Deutschland;FRUA01;Fruchtarten;FRUART052;Hopfen;.;ha;FLC016;Anbaufläche
41241;Ernte-u.Betriebsbericht: Feldfrüchte und Grünland;JAHR;Jahr;1987;DINSG;Deutschland insgesamt;DG;Deutschland;FRUA01;Fruchtarten;FRUART01OKM;Getreide (ohne Körnermais und CCM);4502949;ha;FLC016;Anbaufläche
41241;Ernte-u.Betriebsbericht: Feldfrüchte und Grünland;JAHR;Jahr;1954;DINSG;Deutschland insgesamt;DG;Deutschland;FRUA01;Fruchtarten;FRUART062;Luzerne;.;ha;FLC016;Anbaufläche
41241;Ernte-u.Betriebsbericht: Feldfrüchte und Grünland;JAHR;Jahr;2007;DINSG;Deutschland insgesamt;DG;Deutschland;FRUA01;Fruchtarten;FRUART064;Silomais (einschl. Lieschkolbenschrot);1470872;ha;FLC016;Anbaufläche
41241;Ernte-u.Betriebsbericht: Feldfrüchte und Grünland;JAHR;Jahr;2006;DINSG;Deutschland insgesamt;DG;Deutschland;FRUA01;Fruchtarten;FRUART031INK;Industriekartoffeln;166200;ha;FLC016;Anbaufläche
41241;Ernte-u.Betriebsbericht: Feldfrüchte und Grünland;JAHR;Jahr;1989;DINSG;Deutschland insgesamt;DG;Deutschland;FRUA01;Fruchtarten;FRUART0113;Wintermenggetreide;10152;ha;FLC016;Anbaufläche
41241;Ernte-u.Betriebsbericht: Feldfrüchte und Grünland;JAHR;Jahr;1980;DINSG;Deutschland insgesamt;DG;Deutschland;FRUA01;Fruchtarten;FRUART031FSK;Frühe Speisekartoffeln;22591;ha;FLC016;Anbaufläche
41241;Ernte-u.Betriebsbericht: Feldfrüchte und Grünland;JAHR;Jahr;1964;DINSG;Deutschland insgesamt;DG;Deutschland;FRUA01;Fruchtarten;FRUART01111W;Weichweizen;.;ha;FLC016;Anbaufläche
41241;Ernte-u.Betriebsbericht: Feldfrüchte und Grünland;JAHR;Jahr;1973;DINSG;Deutschland insgesamt;DG;Deutschland;FRUA01;Fruchtarten;FRUART023;Alle anderen Hülsenfrüchte;8417;ha;FLC016;Anbaufläche
41241;Ernte-u.Betriebsbericht: Feldfrüchte und Grünland;JAHR;Jahr;1991;DINSG;Deutschland insgesamt;DG;Deutschland;FRUA01;Fruchtarten;FRUART0511;Raps und Rübsen;949537;ha;FLC016;Anbaufläche
41241;Ernte-u.Betriebsbericht: Feldfrüchte und Grünland;JAHR;Jahr;1989;DINSG;Deutschland insgesamt;DG;Deutschland;FRUA01;Fruchtarten;FRUART042;Gartenbausämereien,Vermehrungsanbau v.Blumenzwieb.;.;ha;FLC016;Anbaufläche
41241;Ernte-u.Betriebsbericht: Feldfrüchte und Grünland;JAHR;Jahr;1955;DINSG;Deutschland insgesamt;DG;Deutschland;FRUA01;Fruchtarten;FRUART0124;Triticale;.;ha;FLC016;Anbaufläche
41241;Ernte-u.Betriebsbericht: Feldfrüchte und Grünland;JAHR;Jahr;1973;DINSG;Deutschland insgesamt;DG;Deutschland;FRUA01;Fruchtarten;FRUART0511;Raps und Rübsen;107921;ha;FLC016;Anbaufläche
41241;Ernte-u.Betriebsbericht: Feldfrüchte und Grünland;JAHR;Jahr;1981;DINSG;Deutschland insgesamt;DG;Deutschland;FRUA01;Fruchtarten;FRUART066;Alle anderen Futterpflanzen;5550;ha;FLC016;Anbaufläche
41241;Ernte-u.Betriebsbericht: Feldfrüchte und Grünland;JAHR;Jahr;1960;DINSG;Deutschland insgesamt;DG;Deutschland;FRUA01;Fruchtarten;FRUART063;Feldgras/Grasanbau auf dem Ackerland;220754;ha;FLC016;Anbaufläche
41241;Ernte-u.Betriebsbericht: Feldfrüchte und Grünland;JAHR;Jahr;1953;DINSG;Deutschland insgesamt;DG;Deutschland;FRUA01;Fruchtarten;FRUART067;Lupinen;.;ha;FLC016;Anbaufläche
41241;Ernte-u.Betriebsbericht: Feldfrüchte und Grünland;JAHR;Jahr;1975;DINSG;Deutschland insgesamt;DG;Deutschland;FRUA01;Fruchtarten;FRUART0123;Sommermenggetreide;300124;ha;FLC016;Anbaufläche
41241;Ernte-u.Betriebsbericht: Feldfrüchte und Grünland;JAHR;Jahr;2002;DINSG;Deutschland insgesamt;DG;Deutschland;FRUA01;Fruchtarten;FRUART01111W;Weichweizen;3009771;ha;FLC016;Anbaufläche
41241;Ernte-u.Betriebsbericht: Feldfrüchte und Grünland;JAHR;Jahr;1997;DINSG;Deutschland insgesamt;DG;Deutschland;FRUA01;Fruchtarten;FRUART0514;Andere Ölfrüchte;8708;ha;FLC016;Anbaufläche
41241;Ernte-u.Betriebsbericht: Feldfrüchte und Grünland;JAHR;Jahr;1997;DINSG;Deutschland insgesamt;DG;Deutschland;FRUA01;Fruchtarten;FRUART04OS;Gemüse, Spargel, Erdbeeren (ohne Samenbau);93205;ha;FLC016;Anbaufläche
41241;Ernte-u.Betriebsbericht: Feldfrüchte und Grünland;JAHR;Jahr;1985;DINSG;Deutschland insgesamt;DG;Deutschland;FRUA01;Fruchtarten;FRUART032;Zuckerrüben;403140;ha;FLC016;Anbaufläche
41241;Ernte-u.Betriebsbericht: Feldfrüchte und Grünland;JAHR;Jahr;1986;DINSG;Deutschland insgesamt;DG;Deutschland;FRUA01;Fruchtarten;FRUART062;Luzerne;.;ha;FLC016;Anbaufläche
41241;Ernte-u.Betriebsbericht: Feldfrüchte und Grünland;JAHR;Jahr;1985;DINSG;Deutschland insgesamt;DG;Deutschland;FRUA01;Fruchtarten;FRUART05111;Winterraps;256272;ha;FLC016;Anbaufläche
41241;Ernte-u.Betriebsbericht: Feldfrüchte und Grünland;JAHR;Jahr;1990;DINSG;Deutschland insgesamt;DG;Deutschland;FRUA01;Fruchtarten;FRUART0513;Körnersonnenblumen;.;ha;FLC016;Anbaufläche
41241;Ernte-u.Betriebsbericht: Feldfrüchte und Grünland;JAHR;Jahr;1975;DINSG;Deutschland insgesamt;DG;Deutschland;FRUA01;Fruchtarten;FRUART061;Klee, Kleegras und Klee-Luzerne-Gemisch;298016;ha;FLC016;Anbaufläche
41241;Ernte-u.Betriebsbericht: Feldfrüchte und Grünland;JAHR;Jahr;1974;DINSG;Deutschland insgesamt;DG;Deutschland;FRUA01;Fruchtarten;FRUART031;Kartoffeln;467481;ha;FLC016;Anbaufläche
41241;Ernte-u.Betriebsbericht: Feldfrüchte und Grünland;JAHR;Jahr;1999;DINSG;Deutschland insgesamt;DG;Deutschland;FRUA01;Fruchtarten;FRUART05112;Sommerraps, Winter- und Sommerrübsen;47639;ha;FLC016;Anbaufläche
41241;Ernte-u.Betriebsbericht: Feldfrüchte und Grünland;JAHR;Jahr;1995;DINSG;Deutschland insgesamt;DG;Deutschland;FRUA01;Fruchtarten;FRUART012;Futter- und Industriegetreide;2751090;ha;FLC016;Anbaufläche
41241;Ernte-u.Betriebsbericht: Feldfrüchte und Grünland;JAHR;Jahr;1961;DINSG;Deutschland insgesamt;DG;Deutschland;FRUA01;Fruchtarten;FRUART05112;Sommerraps, Winter- und Sommerrübsen;9649;ha;FLC016;Anbaufläche
41241;Ernte-u.Betriebsbericht: Feldfrüchte und Grünland;JAHR;Jahr;2006;DINSG;Deutschland insgesamt;DG;Deutschland;FRUA01;Fruchtarten;FRUART056;Alle anderen Handelsgewächse;10100;ha;FLC016;Anbaufläche
41241;Ernte-u.Betriebsbericht: Feldfrüchte und Grünland;JAHR;Jahr;1992;DINSG;Deutschland insgesamt;DG;Deutschland;FRUA01;Fruchtarten;FRUART067;Lupinen;.;ha;FLC016;Anbaufläche
41241;Ernte-u.Betriebsbericht: Feldfrüchte und Grünland;JAHR;Jahr;1953;DINSG;Deutschland insgesamt;DG;Deutschland;FRUA01;Fruchtarten;FRUART0512;Flachs (Lein);.;ha;FLC016;Anbaufläche
41241;Ernte-u.Betriebsbericht: Feldfrüchte und Grünland;JAHR;Jahr;1950;DINSG;Deutschland insgesamt;DG;Deutschland;FRUA01;Fruchtarten;FRUART065;Raufutter;.;ha;FLC016;Anbaufläche
41241;Ernte-u.Betriebsbericht: Feldfrüchte und Grünland;JAHR;Jahr;1988;DINSG;Deutschland insgesamt;DG;Deutschland;FRUA01;Fruchtarten;FRUART031SPK;Speisekartoffeln;.;ha;FLC016;Anbaufläche
41241;Ernte-u.Betriebsbericht: Feldfrüchte und Grünland;JAHR;Jahr;1980;DINSG;Deutschland insgesamt;DG;Deutschland;FRUA01;Fruchtarten;FRUART014;Corn-Cob-Mix;.;ha;FLC016;Anbaufläche
41241;Ernte-u.Betriebsbericht: Feldfrüchte und Grünland;JAHR;Jahr;1969;DINSG;Deutschland insgesamt;DG;Deutschland;FRUA01;Fruchtarten;FRUART012;Futter- und Industriegetreide;2664994;ha;FLC016;Anbaufläche
41241;Ernte-u.Betriebsbericht: Feldfrüchte und Grünland;JAHR;Jahr;1988;DINSG;Deutschland insgesamt;DG;Deutschland;FRUA01;Fruchtarten;FRUART034;Alle anderen Hackfrüchte;4940;ha;FLC016;Anbaufläche
41241;Ernte-u.Betriebsbericht: Feldfrüchte und Grünland;JAHR;Jahr;1993;DINSG;Deutschland insgesamt;DG;Deutschland;FRUA01;Fruchtarten;FRUART0123;Sommermenggetreide;48499;ha;FLC016;Anbaufläche
41241;Ernte-u.Betriebsbericht: Feldfrüchte und Grünland;JAHR;Jahr;1977;DINSG;Deutschland insgesamt;DG;Deutschland;FRUA01;Fruchtarten;FRUART033;Runkelrüben;213889;ha;FLC016;Anbaufläche
41241;Ernte-u.Betriebsbericht: Feldfrüchte und Grünland;JAHR;Jahr;1965;DINSG;Deutschland insgesamt;DG;Deutschland;FRUA01;Fruchtarten;FRUART01212;Sommergerste;856046;ha;FLC016;Anbaufläche
41241;Ernte-u.Betriebsbericht: Feldfrüchte und Grünland;JAHR;Jahr;1983;DINSG;Deutschland insgesamt;DG;Deutschland;FRUA01;Fruchtarten;FRUART05112;Sommerraps, Winter- und Sommerrübsen;8837;ha;FLC016;Anbaufläche
41241;Ernte-u.Betriebsbericht: Feldfrüchte und Grünland;JAHR;Jahr;1999;DINSG;Deutschland insgesamt;DG;Deutschland;FRUA01;Fruchtarten;FRUART022;Ackerbohnen;23222;ha;FLC016;Anbaufläche
41241;Ernte-u.Betriebsbericht: Feldfrüchte und Grünland;JAHR;Jahr;1970;DINSG;Deutschland insgesamt;DG;Deutschland;FRUA01;Fruchtarten;FRUART021;Futtererbsen;.;ha;FLC016;Anbaufläche
41241;Ernte-u.Betriebsbericht: Feldfrüchte und Grünland;JAHR;Jahr;1998;DINSG;Deutschland insgesamt;DG;Deutschland;FRUA01;Fruchtarten;FRUART0111;Weizen;2802455;ha;FLC016;Anbaufläche
41241;Ernte-u.Betriebsbericht: Feldfrüchte und Grünland;JAHR;Jahr;2003;DINSG;Deutschland insgesamt;DG;Deutschland;FRUA01;Fruchtarten;FRUART054;Rüben und Gräser zur Samengewinnung;25824;ha;FLC016;Anbaufläche
41241;Ernte-u.Betriebsbericht: Feldfrüchte und Grünland;JAHR;Jahr;1971;DINSG;Deutschland insgesamt;DG;Deutschland;FRUA01;Fruchtarten;FRUART051;Ölfrüchte;.;ha;FLC016;Anbaufläche
41241;Ernte-u.Betriebsbericht: Feldfrüchte und Grünland;JAHR;Jahr;1978;DINSG;Deutschland insgesamt;DG;Deutschland;FRUA01;Fruchtarten;FRUART0512;Flachs (Lein);.;ha;FLC016;Anbaufläche
41241;Ernte-u.Betriebsbericht: Feldfrüchte und Grünland;JAHR;Jahr;1977;DINSG;Deutschland insgesamt;DG;Deutschland;FRUA01;Fruchtarten;FRUART0123;Sommermenggetreide;252697;ha;FLC016;Anbaufläche
41241;Ernte-u.Betriebsbericht: Feldfrüchte und Grünland;JAHR;Jahr;1973;DINSG;Deutschland insgesamt;DG;Deutschland;FRUA01;Fruchtarten;FRUART067;Lupinen;.;ha;FLC016;Anbaufläche
41241;Ernte-u.Betriebsbericht: Feldfrüchte und Grünland;JAHR;Jahr;1989;DINSG;Deutschland insgesamt;DG;Deutschland;FRUA01;Fruchtarten;FRUART0514;Andere Ölfrüchte;.;ha;FLC016;Anbaufläche
41241;Ernte-u.Betriebsbericht: Feldfrüchte und Grünland;JAHR;Jahr;1989;DINSG;Deutschland insgesamt;DG;Deutschland;FRUA01;Fruchtarten;FRUART04OS;Gemüse, Spargel, Erdbeeren (ohne Samenbau);.;ha;FLC016;Anbaufläche
41241;Ernte-u.Betriebsbericht: Feldfrüchte und Grünland;JAHR;Jahr;1998;DINSG;Deutschland insgesamt;DG;Deutschland;FRUA01;Fruchtarten;FRUART067;Lupinen;.;ha;FLC016;Anbaufläche
41241;Ernte-u.Betriebsbericht: Feldfrüchte und Grünland;JAHR;Jahr;1987;DINSG;Deutschland insgesamt;DG;Deutschland;FRUA01;Fruchtarten;FRUART022;Ackerbohnen;53814;ha;FLC016;Anbaufläche
41241;Ernte-u.Betriebsbericht: Feldfrüchte und Grünland;JAHR;Jahr;1957;DINSG;Deutschland insgesamt;DG;Deutschland;FRUA01;Fruchtarten;FRUART031FSK;Frühe Speisekartoffeln;59536;ha;FLC016;Anbaufläche
41241;Ernte-u.Betriebsbericht: Feldfrüchte und Grünland;JAHR;Jahr;1988;DINSG;Deutschland insgesamt;DG;Deutschland;FRUA01;Fruchtarten;FRUART052;Hopfen;19647;ha;FLC016;Anbaufläche
41241;Ernte-u.Betriebsbericht: Feldfrüchte und Grünland;JAHR;Jahr;1998;DINSG;Deutschland insgesamt;DG;Deutschland;FRUA01;Fruchtarten;FRUART01111;Winterweizen;2745878;ha;FLC016;Anbaufläche
41241;Ernte-u.Betriebsbericht: Feldfrüchte und Grünland;JAHR;Jahr;1962;DINSG;Deutschland insgesamt;DG;Deutschland;FRUA01;Fruchtarten;FRUART01111;Winterweizen;1043774;ha;FLC016;Anbaufläche
41241;Ernte-u.Betriebsbericht: Feldfrüchte und Grünland;JAHR;Jahr;1974;DINSG;Deutschland insgesamt;DG;Deutschland;FRUA01;Fruchtarten;FRUART0121;Gerste;1665364;ha;FLC016;Anbaufläche
41241;Ernte-u.Betriebsbericht: Feldfrüchte und Grünland;JAHR;Jahr;1962;DINSG;Deutschland insgesamt;DG;Deutschland;FRUA01;Fruchtarten;FRUART022;Ackerbohnen;16216;ha;FLC016;Anbaufläche
41241;Ernte-u.Betriebsbericht: Feldfrüchte und Grünland;JAHR;Jahr;1974;DINSG;Deutschland insgesamt;DG;Deutschland;FRUA01;Fruchtarten;FRUART062;Luzerne;.;ha;FLC016;Anbaufläche
41241;Ernte-u.Betriebsbericht: Feldfrüchte und Grünland;JAHR;Jahr;1970;DINSG;Deutschland insgesamt;DG;Deutschland;FRUA01;Fruchtarten;FRUART01212;Sommergerste;1012839;ha;FLC016;Anbaufläche
41241;Ernte-u.Betriebsbericht: Feldfrüchte und Grünland;JAHR;Jahr;1966;DINSG;Deutschland insgesamt;DG;Deutschland;FRUA01;Fruchtarten;FRUART032;Zuckerrüben;293731;ha;FLC016;Anbaufläche
41241;Ernte-u.Betriebsbericht: Feldfrüchte und Grünland;JAHR;Jahr;1973;DINSG;Deutschland insgesamt;DG;Deutschland;FRUA01;Fruchtarten;FRUART031INK;Industriekartoffeln;.;ha;FLC016;Anbaufläche
41241;Ernte-u.Betriebsbericht: Feldfrüchte und Grünland;JAHR;Jahr;1984;DINSG;Deutschland insgesamt;DG;Deutschland;FRUA01;Fruchtarten;FRUART042;Gartenbausämereien,Vermehrungsanbau v.Blumenzwieb.;.;ha;FLC016;Anbaufläche
41241;Ernte-u.Betriebsbericht: Feldfrüchte und Grünland;JAHR;Jahr;1953;DINSG;Deutschland insgesamt;DG;Deutschland;FRUA01;Fruchtarten;FRUART023;Alle anderen Hülsenfrüchte;41216;ha;FLC016;Anbaufläche
41241;Ernte-u.Betriebsbericht: Feldfrüchte und Grünland;JAHR;Jahr;2006;DINSG;Deutschland insgesamt;DG;Deutschland;FRUA01;Fruchtarten;FRUART031FSK;Frühe Speisekartoffeln;15000;ha;FLC016;Anbaufläche
41241;Ernte-u.Betriebsbericht: Feldfrüchte und Grünland;JAHR;Jahr;1973;DINSG;Deutschland insgesamt;DG;Deutschland;FRUA01;Fruchtarten;FRUART01211;Wintergerste;626461;ha;FLC016;Anbaufläche
41241;Ernte-u.Betriebsbericht: Feldfrüchte und Grünland;JAHR;Jahr;1975;DINSG;Deutschland insgesamt;DG;Deutschland;FRUA01;Fruchtarten;FRUART0511;Raps und Rübsen;90294;ha;FLC016;Anbaufläche
41241;Ernte-u.Betriebsbericht: Feldfrüchte und Grünland;JAHR;Jahr;1962;DINSG;Deutschland insgesamt;DG;Deutschland;FRUA01;Fruchtarten;FRUART0113;Wintermenggetreide;56321;ha;FLC016;Anbaufläche
41241;Ernte-u.Betriebsbericht: Feldfrüchte und Grünland;JAHR;Jahr;1981;DINSG;Deutschland insgesamt;DG;Deutschland;FRUA01;Fruchtarten;FRUART053;Tabak;.;ha;FLC016;Anbaufläche
41241;Ernte-u.Betriebsbericht: Feldfrüchte und Grünland;JAHR;Jahr;1957;DINSG;Deutschland insgesamt;DG;Deutschland;FRUA01;Fruchtarten;FRUART033;Runkelrüben;462229;ha;FLC016;Anbaufläche
41241;Ernte-u.Betriebsbericht: Feldfrüchte und Grünland;JAHR;Jahr;1999;DINSG;Deutschland insgesamt;DG;Deutschland;FRUA01;Fruchtarten;FRUART0113;Wintermenggetreide;8751;ha;FLC016;Anbaufläche
41241;Ernte-u.Betriebsbericht: Feldfrüchte und Grünland;JAHR;Jahr;1980;DINSG;Deutschland insgesamt;DG;Deutschland;FRUA01;Fruchtarten;FRUART0122;Hafer;690890;ha;FLC016;Anbaufläche
41241;Ernte-u.Betriebsbericht: Feldfrüchte und Grünland;JAHR;Jahr;1996;DINSG;Deutschland insgesamt;DG;Deutschland;FRUA01;Fruchtarten;FRUART0111;Weizen;2594418;ha;FLC016;Anbaufläche
41241;Ernte-u.Betriebsbericht: Feldfrüchte und Grünland;JAHR;Jahr;2003;DINSG;Deutschland insgesamt;DG;Deutschland;FRUA01;Fruchtarten;FRUART067;Lupinen;45627;ha;FLC016;Anbaufläche
41241;Ernte-u.Betriebsbericht: Feldfrüchte und Grünland;JAHR;Jahr;1950;DINSG;Deutschland insgesamt;DG;Deutschland;FRUA01;Fruchtarten;FRUART021;Futtererbsen;.;ha;FLC016;Anbaufläche
41241;Ernte-u.Betriebsbericht: Feldfrüchte und Grünland;JAHR;Jahr;2006;DINSG;Deutschland insgesamt;DG;Deutschland;FRUA01;Fruchtarten;FRUART012;Futter- und Industriegetreide;2638400;ha;FLC016;Anbaufläche
41241;Ernte-u.Betriebsbericht: Feldfrüchte und Grünland;JAHR;Jahr;1951;DINSG;Deutschland insgesamt;DG;Deutschland;FRUA01;Fruchtarten;FRUART051;Ölfrüchte;.;ha;FLC016;Anbaufläche
41241;Ernte-u.Betriebsbericht: Feldfrüchte und Grünland;JAHR;Jahr;1969;DINSG;Deutschland insgesamt;DG;Deutschland;FRUA01;Fruchtarten;FRUART056;Alle anderen Handelsgewächse;17991;ha;FLC016;Anbaufläche
41241;Ernte-u.Betriebsbericht: Feldfrüchte und Grünland;JAHR;Jahr;1986;DINSG;Deutschland insgesamt;DG;Deutschland;FRUA01;Fruchtarten;FRUART014;Corn-Cob-Mix;.;ha;FLC016;Anbaufläche
41241;Ernte-u.Betriebsbericht: Feldfrüchte und Grünland;JAHR;Jahr;1974;DINSG;Deutschland insgesamt;DG;Deutschland;FRUA01;Fruchtarten;FRUART01112;Sommerweizen;235858;ha;FLC016;Anbaufläche
41241;Ernte-u.Betriebsbericht: Feldfrüchte und Grünland;JAHR;Jahr;1955;DINSG;Deutschland insgesamt;DG;Deutschland;FRUA01;Fruchtarten;FRUART061;Klee, Kleegras und Klee-Luzerne-Gemisch;792655;ha;FLC016;Anbaufläche
41241;Ernte-u.Betriebsbericht: Feldfrüchte und Grünland;JAHR;Jahr;1954;DINSG;Deutschland insgesamt;DG;Deutschland;FRUA01;Fruchtarten;FRUART031;Kartoffeln;1204964;ha;FLC016;Anbaufläche
41241;Ernte-u.Betriebsbericht: Feldfrüchte und Grünland;JAHR;Jahr;1985;DINSG;Deutschland insgesamt;DG;Deutschland;FRUA01;Fruchtarten;FRUART031MUS;Mittelfrühe und späte Kartoffeln;198169;ha;FLC016;Anbaufläche
41241;Ernte-u.Betriebsbericht: Feldfrüchte und Grünland;JAHR;Jahr;1994;DINSG;Deutschland insgesamt;DG;Deutschland;FRUA01;Fruchtarten;FRUART01211;Wintergerste;1290814;ha;FLC016;Anbaufläche
41241;Ernte-u.Betriebsbericht: Feldfrüchte und Grünland;JAHR;Jahr;1992;DINSG;Deutschland insgesamt;DG;Deutschland;FRUA01;Fruchtarten;FRUART0112;Roggen;614618;ha;FLC016;Anbaufläche
41241;Ernte-u.Betriebsbericht: Feldfrüchte und Grünland;JAHR;Jahr;1991;DINSG;Deutschland insgesamt;DG;Deutschland;FRUA01;Fruchtarten;FRUART031INK;Industriekartoffeln;163392;ha;FLC016;Anbaufläche
41241;Ernte-u.Betriebsbericht: Feldfrüchte und Grünland;JAHR;Jahr;1970;DINSG;Deutschland insgesamt;DG;Deutschland;FRUA01;Fruchtarten;FRUART065;Raufutter;.;ha;FLC016;Anbaufläche
41241;Ernte-u.Betriebsbericht: Feldfrüchte und Grünland;JAHR;Jahr;1955;DINSG;Deutschland insgesamt;DG;Deutschland;FRUA01;Fruchtarten;FRUART0111;Weizen;1181370;ha;FLC016;Anbaufläche
41241;Ernte-u.Betriebsbericht: Feldfrüchte und Grünland;JAHR;Jahr;1970;DINSG;Deutschland insgesamt;DG;Deutschland;FRUA01;Fruchtarten;FRUART0122;Hafer;825067;ha;FLC016;Anbaufläche
41241;Ernte-u.Betriebsbericht: Feldfrüchte und Grünland;JAHR;Jahr;1999;DINSG;Deutschland insgesamt;DG;Deutschland;FRUA01;Fruchtarten;FRUART053;Tabak;4314;ha;FLC016;Anbaufläche
41241;Ernte-u.Betriebsbericht: Feldfrüchte und Grünland;JAHR;Jahr;2000;DINSG;Deutschland insgesamt;DG;Deutschland;FRUA01;Fruchtarten;FRUART05112;Sommerraps, Winter- und Sommerrübsen;31794;ha;FLC016;Anbaufläche
41241;Ernte-u.Betriebsbericht: Feldfrüchte und Grünland;JAHR;Jahr;1998;DINSG;Deutschland insgesamt;DG;Deutschland;FRUA01;Fruchtarten;FRUART023;Alle anderen Hülsenfrüchte;29854;ha;FLC016;Anbaufläche
41241;Ernte-u.Betriebsbericht: Feldfrüchte und Grünland;JAHR;Jahr;1985;DINSG;Deutschland insgesamt;DG;Deutschland;FRUA01;Fruchtarten;FRUART063;Feldgras/Grasanbau auf dem Ackerland;105198;ha;FLC016;Anbaufläche
41241;Ernte-u.Betriebsbericht: Feldfrüchte und Grünland;JAHR;Jahr;1991;DINSG;Deutschland insgesamt;DG;Deutschland;FRUA01;Fruchtarten;FRUART031FSK;Frühe Speisekartoffeln;24739;ha;FLC016;Anbaufläche
41241;Ernte-u.Betriebsbericht: Feldfrüchte und Grünland;JAHR;Jahr;1957;DINSG;Deutschland insgesamt;DG;Deutschland;FRUA01;Fruchtarten;FRUART031INK;Industriekartoffeln;.;ha;FLC016;Anbaufläche
41241;Ernte-u.Betriebsbericht: Feldfrüchte und Grünland;JAHR;Jahr;1992;DINSG;Deutschland insgesamt;DG;Deutschland;FRUA01;Fruchtarten;FRUART041;Blumen u. Zierpflanzen einschl.Jungpfl.(o.Samenb.);9372;ha;FLC016;Anbaufläche
41241;Ernte-u.Betriebsbericht: Feldfrüchte und Grünland;JAHR;Jahr;1950;DINSG;Deutschland insgesamt;DG;Deutschland;FRUA01;Fruchtarten;FRUART01211;Wintergerste;127813;ha;FLC016;Anbaufläche
41241;Ernte-u.Betriebsbericht: Feldfrüchte und Grünland;JAHR;Jahr;1958;DINSG;Deutschland insgesamt;DG;Deutschland;FRUA01;Fruchtarten;FRUART041;Blumen u. Zierpflanzen einschl.Jungpfl.(o.Samenb.);.;ha;FLC016;Anbaufläche
41241;Ernte-u.Betriebsbericht: Feldfrüchte und Grünland;JAHR;Jahr;2005;DINSG;Deutschland insgesamt;DG;Deutschland;FRUA01;Fruchtarten;FRUART061;Klee, Kleegras und Klee-Luzerne-Gemisch;193600;ha;FLC016;Anbaufläche
41241;Ernte-u.Betriebsbericht: Feldfrüchte und Grünland;JAHR;Jahr;1976;DINSG;Deutschland insgesamt;DG;Deutschland;FRUA01;Fruchtarten;FRUART0513;Körnersonnenblumen;.;ha;FLC016;Anbaufläche
41241;Ernte-u.Betriebsbericht: Feldfrüchte und Grünland;JAHR;Jahr;1976;DINSG;Deutschland insgesamt;DG;Deutschland;FRUA01;Fruchtarten;FRUART021;Futtererbsen;.;ha;FLC016;Anbaufläche
41241;Ernte-u.Betriebsbericht: Feldfrüchte und Grünland;JAHR;Jahr;1968;DINSG;Deutschland insgesamt;DG;Deutschland;FRUA01;Fruchtarten;FRUART0112;Roggen;962482;ha;FLC016;Anbaufläche
41241;Ernte-u.Betriebsbericht: Feldfrüchte und Grünland;JAHR;Jahr;1996;DINSG;Deutschland insgesamt;DG;Deutschland;FRUA01;Fruchtarten;FRUART051;Ölfrüchte;989653;ha;FLC016;Anbaufläche
41241;Ernte-u.Betriebsbericht: Feldfrüchte und Grünland;JAHR;Jahr;1962;DINSG;Deutschland insgesamt;DG;Deutschland;FRUA01;Fruchtarten;FRUART066;Alle anderen Futterpflanzen;55107;ha;FLC016;Anbaufläche
41241;Ernte-u.Betriebsbericht: Feldfrüchte und Grünland;JAHR;Jahr;1977;DINSG;Deutschland insgesamt;DG;Deutschland;FRUA01;Fruchtarten;FRUART051;Ölfrüchte;.;ha;FLC016;Anbaufläche
41241;Ernte-u.Betriebsbericht: Feldfrüchte und Grünland;JAHR;Jahr;1980;DINSG;Deutschland insgesamt;DG;Deutschland;FRUA01;Fruchtarten;FRUART032;Zuckerrüben;395326;ha;FLC016;Anbaufläche
41241;Ernte-u.Betriebsbericht: Feldfrüchte und Grünland;JAHR;Jahr;1950;DINSG;Deutschland insgesamt;DG;Deutschland;FRUA01;Fruchtarten;FRUART034;Alle anderen Hackfrüchte;112459;ha;FLC016;Anbaufläche
41241;Ernte-u.Betriebsbericht: Feldfrüchte und Grünland;JAHR;Jahr;1996;DINSG;Deutschland insgesamt;DG;Deutschland;FRUA01;Fruchtarten;FRUART0124;Triticale;364224;ha;FLC016;Anbaufläche
41241;Ernte-u.Betriebsbericht: Feldfrüchte und Grünland;JAHR;Jahr;2004;DINSG;Deutschland insgesamt;DG;Deutschland;FRUA01;Fruchtarten;FRUART066;Alle anderen Futterpflanzen;59878;ha;FLC016;Anbaufläche
41241;Ernte-u.Betriebsbericht: Feldfrüchte und Grünland;JAHR;Jahr;1989;DINSG;Deutschland insgesamt;DG;Deutschland;FRUA01;Fruchtarten;FRUART031MUS;Mittelfrühe und späte Kartoffeln;180193;ha;FLC016;Anbaufläche
41241;Ernte-u.Betriebsbericht: Feldfrüchte und Grünland;JAHR;Jahr;1951;DINSG;Deutschland insgesamt;DG;Deutschland;FRUA01;Fruchtarten;FRUART064;Silomais (einschl. Lieschkolbenschrot);43714;ha;FLC016;Anbaufläche
41241;Ernte-u.Betriebsbericht: Feldfrüchte und Grünland;JAHR;Jahr;1988;DINSG;Deutschland insgesamt;DG;Deutschland;FRUA01;Fruchtarten;FRUART065;Raufutter;.;ha;FLC016;Anbaufläche
41241;Ernte-u.Betriebsbericht: Feldfrüchte und Grünland;JAHR;Jahr;1976;DINSG;Deutschland insgesamt;DG;Deutschland;FRUA01;Fruchtarten;FRUART034;Alle anderen Hackfrüchte;16576;ha;FLC016;Anbaufläche
41241;Ernte-u.Betriebsbericht: Feldfrüchte und Grünland;JAHR;Jahr;1983;DINSG;Deutschland insgesamt;DG;Deutschland;FRUA01;Fruchtarten;FRUART012;Futter- und Industriegetreide;2763507;ha;FLC016;Anbaufläche
41241;Ernte-u.Betriebsbericht: Feldfrüchte und Grünland;JAHR;Jahr;1977;DINSG;Deutschland insgesamt;DG;Deutschland;FRUA01;Fruchtarten;FRUART064;Silomais (einschl. Lieschkolbenschrot);539315;ha;FLC016;Anbaufläche
41241;Ernte-u.Betriebsbericht: Feldfrüchte und Grünland;JAHR;Jahr;2008;DINSG;Deutschland insgesamt;DG;Deutschland;FRUA01;Fruchtarten;FRUART0122;Hafer;179500;ha;FLC016;Anbaufläche
41241;Ernte-u.Betriebsbericht: Feldfrüchte und Grünland;JAHR;Jahr;2001;DINSG;Deutschland insgesamt;DG;Deutschland;FRUA01;Fruchtarten;FRUART0121;Gerste;2111822;ha;FLC016;Anbaufläche
41241;Ernte-u.Betriebsbericht: Feldfrüchte und Grünland;JAHR;Jahr;1994;DINSG;Deutschland insgesamt;DG;Deutschland;FRUA01;Fruchtarten;FRUART0512;Flachs (Lein);28336;ha;FLC016;Anbaufläche
41241;Ernte-u.Betriebsbericht: Feldfrüchte und Grünland;JAHR;Jahr;1986;DINSG;Deutschland insgesamt;DG;Deutschland;FRUA01;Fruchtarten;FRUART01212;Sommergerste;681489;ha;FLC016;Anbaufläche
41241;Ernte-u.Betriebsbericht: Feldfrüchte und Grünland;JAHR;Jahr;1991;DINSG;Deutschland insgesamt;DG;Deutschland;FRUA01;Fruchtarten;FRUART033;Runkelrüben;52801;ha;FLC016;Anbaufläche
41241;Ernte-u.Betriebsbericht: Feldfrüchte und Grünland;JAHR;Jahr;2004;DINSG;Deutschland insgesamt;DG;Deutschland;FRUA01;Fruchtarten;FRUART053;Tabak;4389;ha;FLC016;Anbaufläche
41241;Ernte-u.Betriebsbericht: Feldfrüchte und Grünland;JAHR;Jahr;1966;DINSG;Deutschland insgesamt;DG;Deutschland;FRUA01;Fruchtarten;FRUART063;Feldgras/Grasanbau auf dem Ackerland;277235;ha;FLC016;Anbaufläche
41241;Ernte-u.Betriebsbericht: Feldfrüchte und Grünland;JAHR;Jahr;1965;DINSG;Deutschland insgesamt;DG;Deutschland;FRUA01;Fruchtarten;FRUART033;Runkelrüben;360662;ha;FLC016;Anbaufläche
41241;Ernte-u.Betriebsbericht: Feldfrüchte und Grünland;JAHR;Jahr;1970;DINSG;Deutschland insgesamt;DG;Deutschland;FRUA01;Fruchtarten;FRUART052;Hopfen;12792;ha;FLC016;Anbaufläche
41241;Ernte-u.Betriebsbericht: Feldfrüchte und Grünland;JAHR;Jahr;2003;DINSG;Deutschland insgesamt;DG;Deutschland;FRUA01;Fruchtarten;FRUART023;Alle anderen Hülsenfrüchte;5323;ha;FLC016;Anbaufläche
41241;Ernte-u.Betriebsbericht: Feldfrüchte und Grünland;JAHR;Jahr;1984;DINSG;Deutschland insgesamt;DG;Deutschland;FRUA01;Fruchtarten;FRUART055;Heil- und Gewürzpflanzen;.;ha;FLC016;Anbaufläche
41241;Ernte-u.Betriebsbericht: Feldfrüchte und Grünland;JAHR;Jahr;1957;DINSG;Deutschland insgesamt;DG;Deutschland;FRUA01;Fruchtarten;FRUART0511;Raps und Rübsen;30454;ha;FLC016;Anbaufläche
41241;Ernte-u.Betriebsbericht: Feldfrüchte und Grünland;JAHR;Jahr;2008;DINSG;Deutschland insgesamt;DG;Deutschland;FRUA01;Fruchtarten;FRUART063;Feldgras/Grasanbau auf dem Ackerland;392500;ha;FLC016;Anbaufläche
41241;Ernte-u.Betriebsbericht: Feldfrüchte und Grünland;JAHR;Jahr;2004;DINSG;Deutschland insgesamt;DG;Deutschland;FRUA01;Fruchtarten;FRUART01OKM;Getreide (ohne Körnermais und CCM);6485249;ha;FLC016;Anbaufläche
41241;Ernte-u.Betriebsbericht: Feldfrüchte und Grünland;JAHR;Jahr;2000;DINSG;Deutschland insgesamt;DG;Deutschland;FRUA01;Fruchtarten;FRUART056;Alle anderen Handelsgewächse;5636;ha;FLC016;Anbaufläche
41241;Ernte-u.Betriebsbericht: Feldfrüchte und Grünland;JAHR;Jahr;1958;DINSG;Deutschland insgesamt;DG;Deutschland;FRUA01;Fruchtarten;FRUART054;Rüben und Gräser zur Samengewinnung;20054;ha;FLC016;Anbaufläche
41241;Ernte-u.Betriebsbericht: Feldfrüchte und Grünland;JAHR;Jahr;2007;DINSG;Deutschland insgesamt;DG;Deutschland;FRUA01;Fruchtarten;FRUART033;Runkelrüben;5085;ha;FLC016;Anbaufläche
41241;Ernte-u.Betriebsbericht: Feldfrüchte und Grünland;JAHR;Jahr;1973;DINSG;Deutschland insgesamt;DG;Deutschland;FRUA01;Fruchtarten;FRUART054;Rüben und Gräser zur Samengewinnung;13631;ha;FLC016;Anbaufläche
41241;Ernte-u.Betriebsbericht: Feldfrüchte und Grünland;JAHR;Jahr;1952;DINSG;Deutschland insgesamt;DG;Deutschland;FRUA01;Fruchtarten;FRUART0122;Hafer;1124789;ha;FLC016;Anbaufläche
41241;Ernte-u.Betriebsbericht: Feldfrüchte und Grünland;JAHR;Jahr;1994;DINSG;Deutschland insgesamt;DG;Deutschland;FRUA01;Fruchtarten;FRUART013;Körnermais;249798;ha;FLC016;Anbaufläche
41241;Ernte-u.Betriebsbericht: Feldfrüchte und Grünland;JAHR;Jahr;1963;DINSG;Deutschland insgesamt;DG;Deutschland;FRUA01;Fruchtarten;FRUART061;Klee, Kleegras und Klee-Luzerne-Gemisch;595545;ha;FLC016;Anbaufläche
41241;Ernte-u.Betriebsbericht: Feldfrüchte und Grünland;JAHR;Jahr;2001;DINSG;Deutschland insgesamt;DG;Deutschland;FRUA01;Fruchtarten;FRUART051;Ölfrüchte;1199470;ha;FLC016;Anbaufläche
41241;Ernte-u.Betriebsbericht: Feldfrüchte und Grünland;JAHR;Jahr;1981;DINSG;Deutschland insgesamt;DG;Deutschland;FRUA01;Fruchtarten;FRUART01111;Winterweizen;1494663;ha;FLC016;Anbaufläche
41241;Ernte-u.Betriebsbericht: Feldfrüchte und Grünland;JAHR;Jahr;2002;DINSG;Deutschland insgesamt;DG;Deutschland;FRUA01;Fruchtarten;FRUART031FSK;Frühe Speisekartoffeln;16689;ha;FLC016;Anbaufläche
41241;Ernte-u.Betriebsbericht: Feldfrüchte und Grünland;JAHR;Jahr;1986;DINSG;Deutschland insgesamt;DG;Deutschland;FRUA01;Fruchtarten;FRUART0121;Gerste;1947365;ha;FLC016;Anbaufläche
41241;Ernte-u.Betriebsbericht: Feldfrüchte und Grünland;JAHR;Jahr;1960;DINSG;Deutschland insgesamt;DG;Deutschland;FRUA01;Fruchtarten;FRUART0514;Andere Ölfrüchte;.;ha;FLC016;Anbaufläche
41241;Ernte-u.Betriebsbericht: Feldfrüchte und Grünland;JAHR;Jahr;1960;DINSG;Deutschland insgesamt;DG;Deutschland;FRUA01;Fruchtarten;FRUART04OS;Gemüse, Spargel, Erdbeeren (ohne Samenbau);.;ha;FLC016;Anbaufläche
41241;Ernte-u.Betriebsbericht: Feldfrüchte und Grünland;JAHR;Jahr;2006;DINSG;Deutschland insgesamt;DG;Deutschland;FRUA01;Fruchtarten;FRUART01211;Wintergerste;1483300;ha;FLC016;Anbaufläche
41241;Ernte-u.Betriebsbericht: Feldfrüchte und Grünland;JAHR;Jahr;1998;DINSG;Deutschland insgesamt;DG;Deutschland;FRUA01;Fruchtarten;FRUART0512;Flachs (Lein);103669;ha;FLC016;Anbaufläche
41241;Ernte-u.Betriebsbericht: Feldfrüchte und Grünland;JAHR;Jahr;1971;DINSG;Deutschland insgesamt;DG;Deutschland;FRUA01;Fruchtarten;FRUART0511;Raps und Rübsen;94666;ha;FLC016;Anbaufläche
41241;Ernte-u.Betriebsbericht: Feldfrüchte und Grünland;JAHR;Jahr;1979;DINSG;Deutschland insgesamt;DG;Deutschland;FRUA01;Fruchtarten;FRUART022;Ackerbohnen;4908;ha;FLC016;Anbaufläche
41241;Ernte-u.Betriebsbericht: Feldfrüchte und Grünland;JAHR;Jahr;2001;DINSG;Deutschland insgesamt;DG;Deutschland;FRUA01;Fruchtarten;FRUART065;Raufutter;4470991;ha;FLC016;Anbaufläche
41241;Ernte-u.Betriebsbericht: Feldfrüchte und Grünland;JAHR;Jahr;1965;DINSG;Deutschland insgesamt;DG;Deutschland;FRUA01;Fruchtarten;FRUART032;Zuckerrüben;298827;ha;FLC016;Anbaufläche
41241;Ernte-u.Betriebsbericht: Feldfrüchte und Grünland;JAHR;Jahr;1966;DINSG;Deutschland insgesamt;DG;Deutschland;FRUA01;Fruchtarten;FRUART062;Luzerne;.;ha;FLC016;Anbaufläche
41241;Ernte-u.Betriebsbericht: Feldfrüchte und Grünland;JAHR;Jahr;1953;DINSG;Deutschland insgesamt;DG;Deutschland;FRUA01;Fruchtarten;FRUART031MUS;Mittelfrühe und späte Kartoffeln;1111472;ha;FLC016;Anbaufläche
41241;Ernte-u.Betriebsbericht: Feldfrüchte und Grünland;JAHR;Jahr;1987;DINSG;Deutschland insgesamt;DG;Deutschland;FRUA01;Fruchtarten;FRUART0113;Wintermenggetreide;10709;ha;FLC016;Anbaufläche
41241;Ernte-u.Betriebsbericht: Feldfrüchte und Grünland;JAHR;Jahr;2000;DINSG;Deutschland insgesamt;DG;Deutschland;FRUA01;Fruchtarten;FRUART013;Körnermais;272775;ha;FLC016;Anbaufläche
41241;Ernte-u.Betriebsbericht: Feldfrüchte und Grünland;JAHR;Jahr;1956;DINSG;Deutschland insgesamt;DG;Deutschland;FRUA01;Fruchtarten;FRUART0122;Hafer;967640;ha;FLC016;Anbaufläche
41241;Ernte-u.Betriebsbericht: Feldfrüchte und Grünland;JAHR;Jahr;1958;DINSG;Deutschland insgesamt;DG;Deutschland;FRUA01;Fruchtarten;FRUART055;Heil- und Gewürzpflanzen;.;ha;FLC016;Anbaufläche
41241;Ernte-u.Betriebsbericht: Feldfrüchte und Grünland;JAHR;Jahr;1975;DINSG;Deutschland insgesamt;DG;Deutschland;FRUA01;Fruchtarten;FRUART012;Futter- und Industriegetreide;2976484;ha;FLC016;Anbaufläche
41241;Ernte-u.Betriebsbericht: Feldfrüchte und Grünland;JAHR;Jahr;1972;DINSG;Deutschland insgesamt;DG;Deutschland;FRUA01;Fruchtarten;FRUART067;Lupinen;.;ha;FLC016;Anbaufläche
41241;Ernte-u.Betriebsbericht: Feldfrüchte und Grünland;JAHR;Jahr;1955;DINSG;Deutschland insgesamt;DG;Deutschland;FRUA01;Fruchtarten;FRUART031FSK;Frühe Speisekartoffeln;64256;ha;FLC016;Anbaufläche
41241;Ernte-u.Betriebsbericht: Feldfrüchte und Grünland;JAHR;Jahr;1990;DINSG;Deutschland insgesamt;DG;Deutschland;FRUA01;Fruchtarten;FRUART033;Runkelrüben;93122;ha;FLC016;Anbaufläche
41241;Ernte-u.Betriebsbericht: Feldfrüchte und Grünland;JAHR;Jahr;1987;DINSG;Deutschland insgesamt;DG;Deutschland;FRUA01;Fruchtarten;FRUART052;Hopfen;19164;ha;FLC016;Anbaufläche
41241;Ernte-u.Betriebsbericht: Feldfrüchte und Grünland;JAHR;Jahr;1991;DINSG;Deutschland insgesamt;DG;Deutschland;FRUA01;Fruchtarten;FRUART063;Feldgras/Grasanbau auf dem Ackerland;239459;ha;FLC016;Anbaufläche
41241;Ernte-u.Betriebsbericht: Feldfrüchte und Grünland;JAHR;Jahr;1969;DINSG;Deutschland insgesamt;DG;Deutschland;FRUA01;Fruchtarten;FRUART042;Gartenbausämereien,Vermehrungsanbau v.Blumenzwieb.;.;ha;FLC016;Anbaufläche
41241;Ernte-u.Betriebsbericht: Feldfrüchte und Grünland;JAHR;Jahr;1997;DINSG;Deutschland insgesamt;DG;Deutschland;FRUA01;Fruchtarten;FRUART032;Zuckerrüben;503664;ha;FLC016;Anbaufläche
41241;Ernte-u.Betriebsbericht: Feldfrüchte und Grünland;JAHR;Jahr;1961;DINSG;Deutschland insgesamt;DG;Deutschland;FRUA01;Fruchtarten;FRUART022;Ackerbohnen;12255;ha;FLC016;Anbaufläche
41241;Ernte-u.Betriebsbericht: Feldfrüchte und Grünland;JAHR;Jahr;1983;DINSG;Deutschland insgesamt;DG;Deutschland;FRUA01;Fruchtarten;FRUART031MUS;Mittelfrühe und späte Kartoffeln;205009;ha;FLC016;Anbaufläche
41241;Ernte-u.Betriebsbericht: Feldfrüchte und Grünland;JAHR;Jahr;1962;DINSG;Deutschland insgesamt;DG;Deutschland;FRUA01;Fruchtarten;FRUART052;Hopfen;8416;ha;FLC016;Anbaufläche
41241;Ernte-u.Betriebsbericht: Feldfrüchte und Grünland;JAHR;Jahr;1984;DINSG;Deutschland insgesamt;DG;Deutschland;FRUA01;Fruchtarten;FRUART031FSK;Frühe Speisekartoffeln;20106;ha;FLC016;Anbaufläche
41241;Ernte-u.Betriebsbericht: Feldfrüchte und Grünland;JAHR;Jahr;1999;DINSG;Deutschland insgesamt;DG;Deutschland;FRUA01;Fruchtarten;FRUART0514;Andere Ölfrüchte;13118;ha;FLC016;Anbaufläche
41241;Ernte-u.Betriebsbericht: Feldfrüchte und Grünland;JAHR;Jahr;1999;DINSG;Deutschland insgesamt;DG;Deutschland;FRUA01;Fruchtarten;FRUART04OS;Gemüse, Spargel, Erdbeeren (ohne Samenbau);101871;ha;FLC016;Anbaufläche
41241;Ernte-u.Betriebsbericht: Feldfrüchte und Grünland;JAHR;Jahr;1960;DINSG;Deutschland insgesamt;DG;Deutschland;FRUA01;Fruchtarten;FRUART01112;Sommerweizen;101210;ha;FLC016;Anbaufläche
41241;Ernte-u.Betriebsbericht: Feldfrüchte und Grünland;JAHR;Jahr;1983;DINSG;Deutschland insgesamt;DG;Deutschland;FRUA01;Fruchtarten;FRUART042;Gartenbausämereien,Vermehrungsanbau v.Blumenzwieb.;.;ha;FLC016;Anbaufläche
41241;Ernte-u.Betriebsbericht: Feldfrüchte und Grünland;JAHR;Jahr;2005;DINSG;Deutschland insgesamt;DG;Deutschland;FRUA01;Fruchtarten;FRUART062;Luzerne;32400;ha;FLC016;Anbaufläche
41241;Ernte-u.Betriebsbericht: Feldfrüchte und Grünland;JAHR;Jahr;1999;DINSG;Deutschland insgesamt;DG;Deutschland;FRUA01;Fruchtarten;FRUART031SPK;Speisekartoffeln;112536;ha;FLC016;Anbaufläche
41241;Ernte-u.Betriebsbericht: Feldfrüchte und Grünland;JAHR;Jahr;1980;DINSG;Deutschland insgesamt;DG;Deutschland;FRUA01;Fruchtarten;FRUART031;Kartoffeln;258025;ha;FLC016;Anbaufläche
41241;Ernte-u.Betriebsbericht: Feldfrüchte und Grünland;JAHR;Jahr;1995;DINSG;Deutschland insgesamt;DG;Deutschland;FRUA01;Fruchtarten;FRUART0122;Hafer;309194;ha;FLC016;Anbaufläche
41241;Ernte-u.Betriebsbericht: Feldfrüchte und Grünland;JAHR;Jahr;2008;DINSG;Deutschland insgesamt;DG;Deutschland;FRUA01;Fruchtarten;FRUART031FSK;Frühe Speisekartoffeln;14500;ha;FLC016;Anbaufläche
41241;Ernte-u.Betriebsbericht: Feldfrüchte und Grünland;JAHR;Jahr;2004;DINSG;Deutschland insgesamt;DG;Deutschland;FRUA01;Fruchtarten;FRUART067;Lupinen;35818;ha;FLC016;Anbaufläche
41241;Ernte-u.Betriebsbericht: Feldfrüchte und Grünland;JAHR;Jahr;1968;DINSG;Deutschland insgesamt;DG;Deutschland;FRUA01;Fruchtarten;FRUART034;Alle anderen Hackfrüchte;58676;ha;FLC016;Anbaufläche
41241;Ernte-u.Betriebsbericht: Feldfrüchte und Grünland;JAHR;Jahr;1951;DINSG;Deutschland insgesamt;DG;Deutschland;FRUA01;Fruchtarten;FRUART021;Futtererbsen;.;ha;FLC016;Anbaufläche
41241;Ernte-u.Betriebsbericht: Feldfrüchte und Grünland;JAHR;Jahr;1957;DINSG;Deutschland insgesamt;DG;Deutschland;FRUA01;Fruchtarten;FRUART0124;Triticale;.;ha;FLC016;Anbaufläche
41241;Ernte-u.Betriebsbericht: Feldfrüchte und Grünland;JAHR;Jahr;1964;DINSG;Deutschland insgesamt;DG;Deutschland;FRUA01;Fruchtarten;FRUART013CCM;Körnermais (einschl. CCM);18096;ha;FLC016;Anbaufläche
41241;Ernte-u.Betriebsbericht: Feldfrüchte und Grünland;JAHR;Jahr;1959;DINSG;Deutschland insgesamt;DG;Deutschland;FRUA01;Fruchtarten;FRUART0511;Raps und Rübsen;27522;ha;FLC016;Anbaufläche
41241;Ernte-u.Betriebsbericht: Feldfrüchte und Grünland;JAHR;Jahr;1985;DINSG;Deutschland insgesamt;DG;Deutschland;FRUA01;Fruchtarten;FRUART014;Corn-Cob-Mix;.;ha;FLC016;Anbaufläche
41241;Ernte-u.Betriebsbericht: Feldfrüchte und Grünland;JAHR;Jahr;1955;DINSG;Deutschland insgesamt;DG;Deutschland;FRUA01;Fruchtarten;FRUART0512;Flachs (Lein);.;ha;FLC016;Anbaufläche
41241;Ernte-u.Betriebsbericht: Feldfrüchte und Grünland;JAHR;Jahr;1971;DINSG;Deutschland insgesamt;DG;Deutschland;FRUA01;Fruchtarten;FRUART013CCM;Körnermais (einschl. CCM);116281;ha;FLC016;Anbaufläche
41241;Ernte-u.Betriebsbericht: Feldfrüchte und Grünland;JAHR;Jahr;1969;DINSG;Deutschland insgesamt;DG;Deutschland;FRUA01;Fruchtarten;FRUART0514;Andere Ölfrüchte;.;ha;FLC016;Anbaufläche
41241;Ernte-u.Betriebsbericht: Feldfrüchte und Grünland;JAHR;Jahr;1969;DINSG;Deutschland insgesamt;DG;Deutschland;FRUA01;Fruchtarten;FRUART04OS;Gemüse, Spargel, Erdbeeren (ohne Samenbau);.;ha;FLC016;Anbaufläche
41241;Ernte-u.Betriebsbericht: Feldfrüchte und Grünland;JAHR;Jahr;1955;DINSG;Deutschland insgesamt;DG;Deutschland;FRUA01;Fruchtarten;FRUART031;Kartoffeln;1142705;ha;FLC016;Anbaufläche
41241;Ernte-u.Betriebsbericht: Feldfrüchte und Grünland;JAHR;Jahr;1980;DINSG;Deutschland insgesamt;DG;Deutschland;FRUA01;Fruchtarten;FRUART062;Luzerne;.;ha;FLC016;Anbaufläche
41241;Ernte-u.Betriebsbericht: Feldfrüchte und Grünland;JAHR;Jahr;2008;DINSG;Deutschland insgesamt;DG;Deutschland;FRUA01;Fruchtarten;FRUART033;Runkelrüben;4100;ha;FLC016;Anbaufläche
41241;Ernte-u.Betriebsbericht: Feldfrüchte und Grünland;JAHR;Jahr;1960;DINSG;Deutschland insgesamt;DG;Deutschland;FRUA01;Fruchtarten;FRUART014;Corn-Cob-Mix;.;ha;FLC016;Anbaufläche
41241;Ernte-u.Betriebsbericht: Feldfrüchte und Grünland;JAHR;Jahr;2007;DINSG;Deutschland insgesamt;DG;Deutschland;FRUA01;Fruchtarten;FRUART01211;Wintergerste;1424052;ha;FLC016;Anbaufläche
41241;Ernte-u.Betriebsbericht: Feldfrüchte und Grünland;JAHR;Jahr;1969;DINSG;Deutschland insgesamt;DG;Deutschland;FRUA01;Fruchtarten;FRUART01113;Hartweizen (Durum);.;ha;FLC016;Anbaufläche
41241;Ernte-u.Betriebsbericht: Feldfrüchte und Grünland;JAHR;Jahr;1979;DINSG;Deutschland insgesamt;DG;Deutschland;FRUA01;Fruchtarten;FRUART066;Alle anderen Futterpflanzen;5324;ha;FLC016;Anbaufläche
41241;Ernte-u.Betriebsbericht: Feldfrüchte und Grünland;JAHR;Jahr;1987;DINSG;Deutschland insgesamt;DG;Deutschland;FRUA01;Fruchtarten;FRUART01212;Sommergerste;628629;ha;FLC016;Anbaufläche
41241;Ernte-u.Betriebsbericht: Feldfrüchte und Grünland;JAHR;Jahr;2005;DINSG;Deutschland insgesamt;DG;Deutschland;FRUA01;Fruchtarten;FRUART0121;Gerste;1946800;ha;FLC016;Anbaufläche
41241;Ernte-u.Betriebsbericht: Feldfrüchte und Grünland;JAHR;Jahr;2001;DINSG;Deutschland insgesamt;DG;Deutschland;FRUA01;Fruchtarten;FRUART01OKM;Getreide (ohne Körnermais und CCM);6649193;ha;FLC016;Anbaufläche
41241;Ernte-u.Betriebsbericht: Feldfrüchte und Grünland;JAHR;Jahr;2002;DINSG;Deutschland insgesamt;DG;Deutschland;FRUA01;Fruchtarten;FRUART051;Ölfrüchte;1337203;ha;FLC016;Anbaufläche
41241;Ernte-u.Betriebsbericht: Feldfrüchte und Grünland;JAHR;Jahr;1968;DINSG;Deutschland insgesamt;DG;Deutschland;FRUA01;Fruchtarten;FRUART021;Futtererbsen;.;ha;FLC016;Anbaufläche
41241;Ernte-u.Betriebsbericht: Feldfrüchte und Grünland;JAHR;Jahr;1972;DINSG;Deutschland insgesamt;DG;Deutschland;FRUA01;Fruchtarten;FRUART054;Rüben und Gräser zur Samengewinnung;14852;ha;FLC016;Anbaufläche
41241;Ernte-u.Betriebsbericht: Feldfrüchte und Grünland;JAHR;Jahr;2001;DINSG;Deutschland insgesamt;DG;Deutschland;FRUA01;Fruchtarten;FRUART021;Futtererbsen;163610;ha;FLC016;Anbaufläche
41241;Ernte-u.Betriebsbericht: Feldfrüchte und Grünland;JAHR;Jahr;1986;DINSG;Deutschland insgesamt;DG;Deutschland;FRUA01;Fruchtarten;FRUART013;Körnermais;.;ha;FLC016;Anbaufläche
41241;Ernte-u.Betriebsbericht: Feldfrüchte und Grünland;JAHR;Jahr;1953;DINSG;Deutschland insgesamt;DG;Deutschland;FRUA01;Fruchtarten;FRUART01211;Wintergerste;176527;ha;FLC016;Anbaufläche
41241;Ernte-u.Betriebsbericht: Feldfrüchte und Grünland;JAHR;Jahr;1958;DINSG;Deutschland insgesamt;DG;Deutschland;FRUA01;Fruchtarten;FRUART011;Brotgetreide;2890618;ha;FLC016;Anbaufläche
41241;Ernte-u.Betriebsbericht: Feldfrüchte und Grünland;JAHR;Jahr;2006;DINSG;Deutschland insgesamt;DG;Deutschland;FRUA01;Fruchtarten;FRUART061;Klee, Kleegras und Klee-Luzerne-Gemisch;209800;ha;FLC016;Anbaufläche
41241;Ernte-u.Betriebsbericht: Feldfrüchte und Grünland;JAHR;Jahr;1994;DINSG;Deutschland insgesamt;DG;Deutschland;FRUA01;Fruchtarten;FRUART056;Alle anderen Handelsgewächse;4509;ha;FLC016;Anbaufläche
41241;Ernte-u.Betriebsbericht: Feldfrüchte und Grünland;JAHR;Jahr;1975;DINSG;Deutschland insgesamt;DG;Deutschland;FRUA01;Fruchtarten;FRUART056;Alle anderen Handelsgewächse;5442;ha;FLC016;Anbaufläche
41241;Ernte-u.Betriebsbericht: Feldfrüchte und Grünland;JAHR;Jahr;1967;DINSG;Deutschland insgesamt;DG;Deutschland;FRUA01;Fruchtarten;FRUART031MUS;Mittelfrühe und späte Kartoffeln;665473;ha;FLC016;Anbaufläche
41241;Ernte-u.Betriebsbericht: Feldfrüchte und Grünland;JAHR;Jahr;2005;DINSG;Deutschland insgesamt;DG;Deutschland;FRUA01;Fruchtarten;FRUART031;Kartoffeln;276900;ha;FLC016;Anbaufläche
41241;Ernte-u.Betriebsbericht: Feldfrüchte und Grünland;JAHR;Jahr;1959;DINSG;Deutschland insgesamt;DG;Deutschland;FRUA01;Fruchtarten;FRUART041;Blumen u. Zierpflanzen einschl.Jungpfl.(o.Samenb.);.;ha;FLC016;Anbaufläche
41241;Ernte-u.Betriebsbericht: Feldfrüchte und Grünland;JAHR;Jahr;2008;DINSG;Deutschland insgesamt;DG;Deutschland;FRUA01;Fruchtarten;FRUART031INK;Industriekartoffeln;.;ha;FLC016;Anbaufläche
41241;Ernte-u.Betriebsbericht: Feldfrüchte und Grünland;JAHR;Jahr;1978;DINSG;Deutschland insgesamt;DG;Deutschland;FRUA01;Fruchtarten;FRUART0112;Roggen;650857;ha;FLC016;Anbaufläche
41241;Ernte-u.Betriebsbericht: Feldfrüchte und Grünland;JAHR;Jahr;1961;DINSG;Deutschland insgesamt;DG;Deutschland;FRUA01;Fruchtarten;FRUART066;Alle anderen Futterpflanzen;36256;ha;FLC016;Anbaufläche
41241;Ernte-u.Betriebsbericht: Feldfrüchte und Grünland;JAHR;Jahr;1989;DINSG;Deutschland insgesamt;DG;Deutschland;FRUA01;Fruchtarten;FRUART0513;Körnersonnenblumen;.;ha;FLC016;Anbaufläche
41241;Ernte-u.Betriebsbericht: Feldfrüchte und Grünland;JAHR;Jahr;1973;DINSG;Deutschland insgesamt;DG;Deutschland;FRUA01;Fruchtarten;FRUART0123;Sommermenggetreide;315119;ha;FLC016;Anbaufläche
41241;Ernte-u.Betriebsbericht: Feldfrüchte und Grünland;JAHR;Jahr;1968;DINSG;Deutschland insgesamt;DG;Deutschland;FRUA01;Fruchtarten;FRUART01111W;Weichweizen;.;ha;FLC016;Anbaufläche
41241;Ernte-u.Betriebsbericht: Feldfrüchte und Grünland;JAHR;Jahr;1990;DINSG;Deutschland insgesamt;DG;Deutschland;FRUA01;Fruchtarten;FRUART0112;Roggen;1055447;ha;FLC016;Anbaufläche
41241;Ernte-u.Betriebsbericht: Feldfrüchte und Grünland;JAHR;Jahr;1951;DINSG;Deutschland insgesamt;DG;Deutschland;FRUA01;Fruchtarten;FRUART034;Alle anderen Hackfrüchte;108056;ha;FLC016;Anbaufläche
41241;Ernte-u.Betriebsbericht: Feldfrüchte und Grünland;JAHR;Jahr;1977;DINSG;Deutschland insgesamt;DG;Deutschland;FRUA01;Fruchtarten;FRUART05112;Sommerraps, Winter- und Sommerrübsen;8031;ha;FLC016;Anbaufläche
41241;Ernte-u.Betriebsbericht: Feldfrüchte und Grünland;JAHR;Jahr;1963;DINSG;Deutschland insgesamt;DG;Deutschland;FRUA01;Fruchtarten;FRUART05112;Sommerraps, Winter- und Sommerrübsen;10375;ha;FLC016;Anbaufläche
41241;Ernte-u.Betriebsbericht: Feldfrüchte und Grünland;JAHR;Jahr;1987;DINSG;Deutschland insgesamt;DG;Deutschland;FRUA01;Fruchtarten;FRUART065;Raufutter;.;ha;FLC016;Anbaufläche
41241;Ernte-u.Betriebsbericht: Feldfrüchte und Grünland;JAHR;Jahr;1978;DINSG;Deutschland insgesamt;DG;Deutschland;FRUA01;Fruchtarten;FRUART013CCM;Körnermais (einschl. CCM);116501;ha;FLC016;Anbaufläche
41241;Ernte-u.Betriebsbericht: Feldfrüchte und Grünland;JAHR;Jahr;1976;DINSG;Deutschland insgesamt;DG;Deutschland;FRUA01;Fruchtarten;FRUART064;Silomais (einschl. Lieschkolbenschrot);463082;ha;FLC016;Anbaufläche
41241;Ernte-u.Betriebsbericht: Feldfrüchte und Grünland;JAHR;Jahr;1985;DINSG;Deutschland insgesamt;DG;Deutschland;FRUA01;Fruchtarten;FRUART013CCM;Körnermais (einschl. CCM);181001;ha;FLC016;Anbaufläche
41241;Ernte-u.Betriebsbericht: Feldfrüchte und Grünland;JAHR;Jahr;1982;DINSG;Deutschland insgesamt;DG;Deutschland;FRUA01;Fruchtarten;FRUART0122;Hafer;723201;ha;FLC016;Anbaufläche
41241;Ernte-u.Betriebsbericht: Feldfrüchte und Grünland;JAHR;Jahr;1954;DINSG;Deutschland insgesamt;DG;Deutschland;FRUA01;Fruchtarten;FRUART014;Corn-Cob-Mix;.;ha;FLC016;Anbaufläche
41241;Ernte-u.Betriebsbericht: Feldfrüchte und Grünland;JAHR;Jahr;1998;DINSG;Deutschland insgesamt;DG;Deutschland;FRUA01;Fruchtarten;FRUART053;Tabak;3522;ha;FLC016;Anbaufläche
41241;Ernte-u.Betriebsbericht: Feldfrüchte und Grünland;JAHR;Jahr;2004;DINSG;Deutschland insgesamt;DG;Deutschland;FRUA01;Fruchtarten;FRUART023;Alle anderen Hülsenfrüchte;4692;ha;FLC016;Anbaufläche
41241;Ernte-u.Betriebsbericht: Feldfrüchte und Grünland;JAHR;Jahr;1964;DINSG;Deutschland insgesamt;DG;Deutschland;FRUA01;Fruchtarten;FRUART0513;Körnersonnenblumen;.;ha;FLC016;Anbaufläche
41241;Ernte-u.Betriebsbericht: Feldfrüchte und Grünland;JAHR;Jahr;1964;DINSG;Deutschland insgesamt;DG;Deutschland;FRUA01;Fruchtarten;FRUART011;Brotgetreide;2647617;ha;FLC016;Anbaufläche
41241;Ernte-u.Betriebsbericht: Feldfrüchte und Grünland;JAHR;Jahr;1983;DINSG;Deutschland insgesamt;DG;Deutschland;FRUA01;Fruchtarten;FRUART055;Heil- und Gewürzpflanzen;.;ha;FLC016;Anbaufläche
41241;Ernte-u.Betriebsbericht: Feldfrüchte und Grünland;JAHR;Jahr;1982;DINSG;Deutschland insgesamt;DG;Deutschland;FRUA01;Fruchtarten;FRUART021;Futtererbsen;.;ha;FLC016;Anbaufläche
41241;Ernte-u.Betriebsbericht: Feldfrüchte und Grünland;JAHR;Jahr;1994;DINSG;Deutschland insgesamt;DG;Deutschland;FRUA01;Fruchtarten;FRUART061;Klee, Kleegras und Klee-Luzerne-Gemisch;243531;ha;FLC016;Anbaufläche
41241;Ernte-u.Betriebsbericht: Feldfrüchte und Grünland;JAHR;Jahr;1959;DINSG;Deutschland insgesamt;DG;Deutschland;FRUA01;Fruchtarten;FRUART054;Rüben und Gräser zur Samengewinnung;20367;ha;FLC016;Anbaufläche
41241;Ernte-u.Betriebsbericht: Feldfrüchte und Grünland;JAHR;Jahr;1974;DINSG;Deutschland insgesamt;DG;Deutschland;FRUA01;Fruchtarten;FRUART013;Körnermais;.;ha;FLC016;Anbaufläche
41241;Ernte-u.Betriebsbericht: Feldfrüchte und Grünland;JAHR;Jahr;1950;DINSG;Deutschland insgesamt;DG;Deutschland;FRUA01;Fruchtarten;FRUART0122;Hafer;1172283;ha;FLC016;Anbaufläche
41241;Ernte-u.Betriebsbericht: Feldfrüchte und Grünland;JAHR;Jahr;1968;DINSG;Deutschland insgesamt;DG;Deutschland;FRUA01;Fruchtarten;FRUART031FSK;Frühe Speisekartoffeln;37262;ha;FLC016;Anbaufläche
41241;Ernte-u.Betriebsbericht: Feldfrüchte und Grünland;JAHR;Jahr;1952;DINSG;Deutschland insgesamt;DG;Deutschland;FRUA01;Fruchtarten;FRUART042;Gartenbausämereien,Vermehrungsanbau v.Blumenzwieb.;.;ha;FLC016;Anbaufläche
41241;Ernte-u.Betriebsbericht: Feldfrüchte und Grünland;JAHR;Jahr;1968;DINSG;Deutschland insgesamt;DG;Deutschland;FRUA01;Fruchtarten;FRUART065;Raufutter;.;ha;FLC016;Anbaufläche
41241;Ernte-u.Betriebsbericht: Feldfrüchte und Grünland;JAHR;Jahr;1964;DINSG;Deutschland insgesamt;DG;Deutschland;FRUA01;Fruchtarten;FRUART0113;Wintermenggetreide;54895;ha;FLC016;Anbaufläche
41241;Ernte-u.Betriebsbericht: Feldfrüchte und Grünland;JAHR;Jahr;2009;DINSG;Deutschland insgesamt;DG;Deutschland;FRUA01;Fruchtarten;FRUART054;Rüben und Gräser zur Samengewinnung;27000;ha;FLC016;Anbaufläche
41241;Ernte-u.Betriebsbericht: Feldfrüchte und Grünland;JAHR;Jahr;1955;DINSG;Deutschland insgesamt;DG;Deutschland;FRUA01;Fruchtarten;FRUART05112;Sommerraps, Winter- und Sommerrübsen;5268;ha;FLC016;Anbaufläche
41241;Ernte-u.Betriebsbericht: Feldfrüchte und Grünland;JAHR;Jahr;1956;DINSG;Deutschland insgesamt;DG;Deutschland;FRUA01;Fruchtarten;FRUART052;Hopfen;7787;ha;FLC016;Anbaufläche
41241;Ernte-u.Betriebsbericht: Feldfrüchte und Grünland;JAHR;Jahr;2006;DINSG;Deutschland insgesamt;DG;Deutschland;FRUA01;Fruchtarten;FRUART0123;Sommermenggetreide;24800;ha;FLC016;Anbaufläche
41241;Ernte-u.Betriebsbericht: Feldfrüchte und Grünland;JAHR;Jahr;1961;DINSG;Deutschland insgesamt;DG;Deutschland;FRUA01;Fruchtarten;FRUART053;Tabak;.;ha;FLC016;Anbaufläche
41241;Ernte-u.Betriebsbericht: Feldfrüchte und Grünland;JAHR;Jahr;1993;DINSG;Deutschland insgesamt;DG;Deutschland;FRUA01;Fruchtarten;FRUART066;Alle anderen Futterpflanzen;57776;ha;FLC016;Anbaufläche
41241;Ernte-u.Betriebsbericht: Feldfrüchte und Grünland;JAHR;Jahr;1992;DINSG;Deutschland insgesamt;DG;Deutschland;FRUA01;Fruchtarten;FRUART0512;Flachs (Lein);77648;ha;FLC016;Anbaufläche
41241;Ernte-u.Betriebsbericht: Feldfrüchte und Grünland;JAHR;Jahr;1988;DINSG;Deutschland insgesamt;DG;Deutschland;FRUA01;Fruchtarten;FRUART01113;Hartweizen (Durum);11092;ha;FLC016;Anbaufläche
41241;Ernte-u.Betriebsbericht: Feldfrüchte und Grünland;JAHR;Jahr;1982;DINSG;Deutschland insgesamt;DG;Deutschland;FRUA01;Fruchtarten;FRUART031SPK;Speisekartoffeln;.;ha;FLC016;Anbaufläche
41241;Ernte-u.Betriebsbericht: Feldfrüchte und Grünland;JAHR;Jahr;1994;DINSG;Deutschland insgesamt;DG;Deutschland;FRUA01;Fruchtarten;FRUART0111;Weizen;2434910;ha;FLC016;Anbaufläche
41241;Ernte-u.Betriebsbericht: Feldfrüchte und Grünland;JAHR;Jahr;1980;DINSG;Deutschland insgesamt;DG;Deutschland;FRUA01;Fruchtarten;FRUART031INK;Industriekartoffeln;.;ha;FLC016;Anbaufläche
41241;Ernte-u.Betriebsbericht: Feldfrüchte und Grünland;JAHR;Jahr;1971;DINSG;Deutschland insgesamt;DG;Deutschland;FRUA01;Fruchtarten;FRUART033;Runkelrüben;305100;ha;FLC016;Anbaufläche
41241;Ernte-u.Betriebsbericht: Feldfrüchte und Grünland;JAHR;Jahr;1965;DINSG;Deutschland insgesamt;DG;Deutschland;FRUA01;Fruchtarten;FRUART063;Feldgras/Grasanbau auf dem Ackerland;261195;ha;FLC016;Anbaufläche
41241;Ernte-u.Betriebsbericht: Feldfrüchte und Grünland;JAHR;Jahr;1967;DINSG;Deutschland insgesamt;DG;Deutschland;FRUA01;Fruchtarten;FRUART01211;Wintergerste;401049;ha;FLC016;Anbaufläche
41241;Ernte-u.Betriebsbericht: Feldfrüchte und Grünland;JAHR;Jahr;1995;DINSG;Deutschland insgesamt;DG;Deutschland;FRUA01;Fruchtarten;FRUART01112;Sommerweizen;41534;ha;FLC016;Anbaufläche
41241;Ernte-u.Betriebsbericht: Feldfrüchte und Grünland;JAHR;Jahr;1978;DINSG;Deutschland insgesamt;DG;Deutschland;FRUA01;Fruchtarten;FRUART0513;Körnersonnenblumen;.;ha;FLC016;Anbaufläche
41241;Ernte-u.Betriebsbericht: Feldfrüchte und Grünland;JAHR;Jahr;2004;DINSG;Deutschland insgesamt;DG;Deutschland;FRUA01;Fruchtarten;FRUART0511;Raps und Rübsen;1283357;ha;FLC016;Anbaufläche
41241;Ernte-u.Betriebsbericht: Feldfrüchte und Grünland;JAHR;Jahr;1989;DINSG;Deutschland insgesamt;DG;Deutschland;FRUA01;Fruchtarten;FRUART055;Heil- und Gewürzpflanzen;.;ha;FLC016;Anbaufläche
41241;Ernte-u.Betriebsbericht: Feldfrüchte und Grünland;JAHR;Jahr;2008;DINSG;Deutschland insgesamt;DG;Deutschland;FRUA01;Fruchtarten;FRUART01111W;Weichweizen;3207000;ha;FLC016;Anbaufläche
41241;Ernte-u.Betriebsbericht: Feldfrüchte und Grünland;JAHR;Jahr;1966;DINSG;Deutschland insgesamt;DG;Deutschland;FRUA01;Fruchtarten;FRUART0112;Roggen;1020734;ha;FLC016;Anbaufläche
41241;Ernte-u.Betriebsbericht: Feldfrüchte und Grünland;JAHR;Jahr;1956;DINSG;Deutschland insgesamt;DG;Deutschland;FRUA01;Fruchtarten;FRUART031SPK;Speisekartoffeln;.;ha;FLC016;Anbaufläche
41241;Ernte-u.Betriebsbericht: Feldfrüchte und Grünland;JAHR;Jahr;2009;DINSG;Deutschland insgesamt;DG;Deutschland;FRUA01;Fruchtarten;FRUART041;Blumen u. Zierpflanzen einschl.Jungpfl.(o.Samenb.);8500;ha;FLC016;Anbaufläche
41241;Ernte-u.Betriebsbericht: Feldfrüchte und Grünland;JAHR;Jahr;1976;DINSG;Deutschland insgesamt;DG;Deutschland;FRUA01;Fruchtarten;FRUART051;Ölfrüchte;.;ha;FLC016;Anbaufläche
41241;Ernte-u.Betriebsbericht: Feldfrüchte und Grünland;JAHR;Jahr;1993;DINSG;Deutschland insgesamt;DG;Deutschland;FRUA01;Fruchtarten;FRUART053;Tabak;3183;ha;FLC016;Anbaufläche
41241;Ernte-u.Betriebsbericht: Feldfrüchte und Grünland;JAHR;Jahr;1955;DINSG;Deutschland insgesamt;DG;Deutschland;FRUA01;Fruchtarten;FRUART01112;Sommerweizen;153020;ha;FLC016;Anbaufläche
41241;Ernte-u.Betriebsbericht: Feldfrüchte und Grünland;JAHR;Jahr;2006;DINSG;Deutschland insgesamt;DG;Deutschland;FRUA01;Fruchtarten;FRUART031SPK;Speisekartoffeln;93100;ha;FLC016;Anbaufläche
41241;Ernte-u.Betriebsbericht: Feldfrüchte und Grünland;JAHR;Jahr;1958;DINSG;Deutschland insgesamt;DG;Deutschland;FRUA01;Fruchtarten;FRUART05112;Sommerraps, Winter- und Sommerrübsen;8663;ha;FLC016;Anbaufläche
41241;Ernte-u.Betriebsbericht: Feldfrüchte und Grünland;JAHR;Jahr;1992;DINSG;Deutschland insgesamt;DG;Deutschland;FRUA01;Fruchtarten;FRUART023;Alle anderen Hülsenfrüchte;9767;ha;FLC016;Anbaufläche
41241;Ernte-u.Betriebsbericht: Feldfrüchte und Grünland;JAHR;Jahr;1962;DINSG;Deutschland insgesamt;DG;Deutschland;FRUA01;Fruchtarten;FRUART0514;Andere Ölfrüchte;.;ha;FLC016;Anbaufläche
41241;Ernte-u.Betriebsbericht: Feldfrüchte und Grünland;JAHR;Jahr;1962;DINSG;Deutschland insgesamt;DG;Deutschland;FRUA01;Fruchtarten;FRUART04OS;Gemüse, Spargel, Erdbeeren (ohne Samenbau);.;ha;FLC016;Anbaufläche
41241;Ernte-u.Betriebsbericht: Feldfrüchte und Grünland;JAHR;Jahr;1991;DINSG;Deutschland insgesamt;DG;Deutschland;FRUA01;Fruchtarten;FRUART0123;Sommermenggetreide;58679;ha;FLC016;Anbaufläche
41241;Ernte-u.Betriebsbericht: Feldfrüchte und Grünland;JAHR;Jahr;1978;DINSG;Deutschland insgesamt;DG;Deutschland;FRUA01;Fruchtarten;FRUART023;Alle anderen Hülsenfrüchte;8104;ha;FLC016;Anbaufläche
41241;Ernte-u.Betriebsbericht: Feldfrüchte und Grünland;JAHR;Jahr;2004;DINSG;Deutschland insgesamt;DG;Deutschland;FRUA01;Fruchtarten;FRUART0113;Wintermenggetreide;9584;ha;FLC016;Anbaufläche
41241;Ernte-u.Betriebsbericht: Feldfrüchte und Grünland;JAHR;Jahr;1982;DINSG;Deutschland insgesamt;DG;Deutschland;FRUA01;Fruchtarten;FRUART034;Alle anderen Hackfrüchte;6426;ha;FLC016;Anbaufläche
41241;Ernte-u.Betriebsbericht: Feldfrüchte und Grünland;JAHR;Jahr;1952;DINSG;Deutschland insgesamt;DG;Deutschland;FRUA01;Fruchtarten;FRUART01112;Sommerweizen;61115;ha;FLC016;Anbaufläche
41241;Ernte-u.Betriebsbericht: Feldfrüchte und Grünland;JAHR;Jahr;1959;DINSG;Deutschland insgesamt;DG;Deutschland;FRUA01;Fruchtarten;FRUART067;Lupinen;.;ha;FLC016;Anbaufläche
41241;Ernte-u.Betriebsbericht: Feldfrüchte und Grünland;JAHR;Jahr;1979;DINSG;Deutschland insgesamt;DG;Deutschland;FRUA01;Fruchtarten;FRUART053;Tabak;.;ha;FLC016;Anbaufläche
41241;Ernte-u.Betriebsbericht: Feldfrüchte und Grünland;JAHR;Jahr;1997;DINSG;Deutschland insgesamt;DG;Deutschland;FRUA01;Fruchtarten;FRUART063;Feldgras/Grasanbau auf dem Ackerland;233941;ha;FLC016;Anbaufläche
41241;Ernte-u.Betriebsbericht: Feldfrüchte und Grünland;JAHR;Jahr;1996;DINSG;Deutschland insgesamt;DG;Deutschland;FRUA01;Fruchtarten;FRUART033;Runkelrüben;19812;ha;FLC016;Anbaufläche
41241;Ernte-u.Betriebsbericht: Feldfrüchte und Grünland;JAHR;Jahr;1976;DINSG;Deutschland insgesamt;DG;Deutschland;FRUA01;Fruchtarten;FRUART01112;Sommerweizen;228302;ha;FLC016;Anbaufläche
41241;Ernte-u.Betriebsbericht: Feldfrüchte und Grünland;JAHR;Jahr;2002;DINSG;Deutschland insgesamt;DG;Deutschland;FRUA01;Fruchtarten;FRUART064;Silomais (einschl. Lieschkolbenschrot);1119164;ha;FLC016;Anbaufläche
41241;Ernte-u.Betriebsbericht: Feldfrüchte und Grünland;JAHR;Jahr;2004;DINSG;Deutschland insgesamt;DG;Deutschland;FRUA01;Fruchtarten;FRUART01111W;Weichweizen;3103446;ha;FLC016;Anbaufläche
41241;Ernte-u.Betriebsbericht: Feldfrüchte und Grünland;JAHR;Jahr;1964;DINSG;Deutschland insgesamt;DG;Deutschland;FRUA01;Fruchtarten;FRUART055;Heil- und Gewürzpflanzen;.;ha;FLC016;Anbaufläche
41241;Ernte-u.Betriebsbericht: Feldfrüchte und Grünland;JAHR;Jahr;1952;DINSG;Deutschland insgesamt;DG;Deutschland;FRUA01;Fruchtarten;FRUART055;Heil- und Gewürzpflanzen;.;ha;FLC016;Anbaufläche
41241;Ernte-u.Betriebsbericht: Feldfrüchte und Grünland;JAHR;Jahr;2001;DINSG;Deutschland insgesamt;DG;Deutschland;FRUA01;Fruchtarten;FRUART034;Alle anderen Hackfrüchte;5101;ha;FLC016;Anbaufläche
41241;Ernte-u.Betriebsbericht: Feldfrüchte und Grünland;JAHR;Jahr;1990;DINSG;Deutschland insgesamt;DG;Deutschland;FRUA01;Fruchtarten;FRUART051;Ölfrüchte;766740;ha;FLC016;Anbaufläche
41241;Ernte-u.Betriebsbericht: Feldfrüchte und Grünland;JAHR;Jahr;1972;DINSG;Deutschland insgesamt;DG;Deutschland;FRUA01;Fruchtarten;FRUART041;Blumen u. Zierpflanzen einschl.Jungpfl.(o.Samenb.);.;ha;FLC016;Anbaufläche
41241;Ernte-u.Betriebsbericht: Feldfrüchte und Grünland;JAHR;Jahr;1982;DINSG;Deutschland insgesamt;DG;Deutschland;FRUA01;Fruchtarten;FRUART065;Raufutter;.;ha;FLC016;Anbaufläche
41241;Ernte-u.Betriebsbericht: Feldfrüchte und Grünland;JAHR;Jahr;1984;DINSG;Deutschland insgesamt;DG;Deutschland;FRUA01;Fruchtarten;FRUART031INK;Industriekartoffeln;.;ha;FLC016;Anbaufläche
41241;Ernte-u.Betriebsbericht: Feldfrüchte und Grünland;JAHR;Jahr;1952;DINSG;Deutschland insgesamt;DG;Deutschland;FRUA01;Fruchtarten;FRUART031SPK;Speisekartoffeln;.;ha;FLC016;Anbaufläche
41241;Ernte-u.Betriebsbericht: Feldfrüchte und Grünland;JAHR;Jahr;2009;DINSG;Deutschland insgesamt;DG;Deutschland;FRUA01;Fruchtarten;FRUART067;Lupinen;19400;ha;FLC016;Anbaufläche
41241;Ernte-u.Betriebsbericht: Feldfrüchte und Grünland;JAHR;Jahr;1956;DINSG;Deutschland insgesamt;DG;Deutschland;FRUA01;Fruchtarten;FRUART065;Raufutter;.;ha;FLC016;Anbaufläche
41241;Ernte-u.Betriebsbericht: Feldfrüchte und Grünland;JAHR;Jahr;1968;DINSG;Deutschland insgesamt;DG;Deutschland;FRUA01;Fruchtarten;FRUART01112;Sommerweizen;160331;ha;FLC016;Anbaufläche
41241;Ernte-u.Betriebsbericht: Feldfrüchte und Grünland;JAHR;Jahr;1991;DINSG;Deutschland insgesamt;DG;Deutschland;FRUA01;Fruchtarten;FRUART01211;Wintergerste;1519214;ha;FLC016;Anbaufläche
41241;Ernte-u.Betriebsbericht: Feldfrüchte und Grünland;JAHR;Jahr;1968;DINSG;Deutschland insgesamt;DG;Deutschland;FRUA01;Fruchtarten;FRUART031INK;Industriekartoffeln;.;ha;FLC016;Anbaufläche
41241;Ernte-u.Betriebsbericht: Feldfrüchte und Grünland;JAHR;Jahr;1964;DINSG;Deutschland insgesamt;DG;Deutschland;FRUA01;Fruchtarten;FRUART042;Gartenbausämereien,Vermehrungsanbau v.Blumenzwieb.;.;ha;FLC016;Anbaufläche
41241;Ernte-u.Betriebsbericht: Feldfrüchte und Grünland;JAHR;Jahr;1992;DINSG;Deutschland insgesamt;DG;Deutschland;FRUA01;Fruchtarten;FRUART01212;Sommergerste;909098;ha;FLC016;Anbaufläche
41241;Ernte-u.Betriebsbericht: Feldfrüchte und Grünland;JAHR;Jahr;1957;DINSG;Deutschland insgesamt;DG;Deutschland;FRUA01;Fruchtarten;FRUART0111;Weizen;1231494;ha;FLC016;Anbaufläche
41241;Ernte-u.Betriebsbericht: Feldfrüchte und Grünland;JAHR;Jahr;1972;DINSG;Deutschland insgesamt;DG;Deutschland;FRUA01;Fruchtarten;FRUART0121;Gerste;1549137;ha;FLC016;Anbaufläche
41241;Ernte-u.Betriebsbericht: Feldfrüchte und Grünland;JAHR;Jahr;1963;DINSG;Deutschland insgesamt;DG;Deutschland;FRUA01;Fruchtarten;FRUART012;Futter- und Industriegetreide;2336176;ha;FLC016;Anbaufläche
41241;Ernte-u.Betriebsbericht: Feldfrüchte und Grünland;JAHR;Jahr;1998;DINSG;Deutschland insgesamt;DG;Deutschland;FRUA01;Fruchtarten;FRUART031FSK;Frühe Speisekartoffeln;15853;ha;FLC016;Anbaufläche
41241;Ernte-u.Betriebsbericht: Feldfrüchte und Grünland;JAHR;Jahr;1987;DINSG;Deutschland insgesamt;DG;Deutschland;FRUA01;Fruchtarten;FRUART0514;Andere Ölfrüchte;.;ha;FLC016;Anbaufläche
41241;Ernte-u.Betriebsbericht: Feldfrüchte und Grünland;JAHR;Jahr;1987;DINSG;Deutschland insgesamt;DG;Deutschland;FRUA01;Fruchtarten;FRUART04OS;Gemüse, Spargel, Erdbeeren (ohne Samenbau);.;ha;FLC016;Anbaufläche
41241;Ernte-u.Betriebsbericht: Feldfrüchte und Grünland;JAHR;Jahr;1996;DINSG;Deutschland insgesamt;DG;Deutschland;FRUA01;Fruchtarten;FRUART031MUS;Mittelfrühe und späte Kartoffeln;314730;ha;FLC016;Anbaufläche
41241;Ernte-u.Betriebsbericht: Feldfrüchte und Grünland;JAHR;Jahr;1993;DINSG;Deutschland insgesamt;DG;Deutschland;FRUA01;Fruchtarten;FRUART022;Ackerbohnen;22322;ha;FLC016;Anbaufläche
41241;Ernte-u.Betriebsbericht: Feldfrüchte und Grünland;JAHR;Jahr;1967;DINSG;Deutschland insgesamt;DG;Deutschland;FRUA01;Fruchtarten;FRUART022;Ackerbohnen;26304;ha;FLC016;Anbaufläche
41241;Ernte-u.Betriebsbericht: Feldfrüchte und Grünland;JAHR;Jahr;1968;DINSG;Deutschland insgesamt;DG;Deutschland;FRUA01;Fruchtarten;FRUART052;Hopfen;11812;ha;FLC016;Anbaufläche
41241;Ernte-u.Betriebsbericht: Feldfrüchte und Grünland;JAHR;Jahr;1989;DINSG;Deutschland insgesamt;DG;Deutschland;FRUA01;Fruchtarten;FRUART011;Brotgetreide;2169450;ha;FLC016;Anbaufläche
41241;Ernte-u.Betriebsbericht: Feldfrüchte und Grünland;JAHR;Jahr;1984;DINSG;Deutschland insgesamt;DG;Deutschland;FRUA01;Fruchtarten;FRUART01212;Sommergerste;668606;ha;FLC016;Anbaufläche
41241;Ernte-u.Betriebsbericht: Feldfrüchte und Grünland;JAHR;Jahr;1974;DINSG;Deutschland insgesamt;DG;Deutschland;FRUA01;Fruchtarten;FRUART0514;Andere Ölfrüchte;.;ha;FLC016;Anbaufläche
41241;Ernte-u.Betriebsbericht: Feldfrüchte und Grünland;JAHR;Jahr;1974;DINSG;Deutschland insgesamt;DG;Deutschland;FRUA01;Fruchtarten;FRUART04OS;Gemüse, Spargel, Erdbeeren (ohne Samenbau);.;ha;FLC016;Anbaufläche
41241;Ernte-u.Betriebsbericht: Feldfrüchte und Grünland;JAHR;Jahr;1950;DINSG;Deutschland insgesamt;DG;Deutschland;FRUA01;Fruchtarten;FRUART01111W;Weichweizen;.;ha;FLC016;Anbaufläche
41241;Ernte-u.Betriebsbericht: Feldfrüchte und Grünland;JAHR;Jahr;1960;DINSG;Deutschland insgesamt;DG;Deutschland;FRUA01;Fruchtarten;FRUART032;Zuckerrüben;293538;ha;FLC016;Anbaufläche
41241;Ernte-u.Betriebsbericht: Feldfrüchte und Grünland;JAHR;Jahr;1955;DINSG;Deutschland insgesamt;DG;Deutschland;FRUA01;Fruchtarten;FRUART013;Körnermais;.;ha;FLC016;Anbaufläche
41241;Ernte-u.Betriebsbericht: Feldfrüchte und Grünland;JAHR;Jahr;1986;DINSG;Deutschland insgesamt;DG;Deutschland;FRUA01;Fruchtarten;FRUART031;Kartoffeln;209715;ha;FLC016;Anbaufläche
41241;Ernte-u.Betriebsbericht: Feldfrüchte und Grünland;JAHR;Jahr;1994;DINSG;Deutschland insgesamt;DG;Deutschland;FRUA01;Fruchtarten;FRUART0124;Triticale;208118;ha;FLC016;Anbaufläche
41241;Ernte-u.Betriebsbericht: Feldfrüchte und Grünland;JAHR;Jahr;1990;DINSG;Deutschland insgesamt;DG;Deutschland;FRUA01;Fruchtarten;FRUART064;Silomais (einschl. Lieschkolbenschrot);1365421;ha;FLC016;Anbaufläche
41241;Ernte-u.Betriebsbericht: Feldfrüchte und Grünland;JAHR;Jahr;2002;DINSG;Deutschland insgesamt;DG;Deutschland;FRUA01;Fruchtarten;FRUART0514;Andere Ölfrüchte;4112;ha;FLC016;Anbaufläche
41241;Ernte-u.Betriebsbericht: Feldfrüchte und Grünland;JAHR;Jahr;2002;DINSG;Deutschland insgesamt;DG;Deutschland;FRUA01;Fruchtarten;FRUART04OS;Gemüse, Spargel, Erdbeeren (ohne Samenbau);108724;ha;FLC016;Anbaufläche
41241;Ernte-u.Betriebsbericht: Feldfrüchte und Grünland;JAHR;Jahr;1976;DINSG;Deutschland insgesamt;DG;Deutschland;FRUA01;Fruchtarten;FRUART0113;Wintermenggetreide;25585;ha;FLC016;Anbaufläche
41241;Ernte-u.Betriebsbericht: Feldfrüchte und Grünland;JAHR;Jahr;2002;DINSG;Deutschland insgesamt;DG;Deutschland;FRUA01;Fruchtarten;FRUART05111;Winterraps;1276006;ha;FLC016;Anbaufläche
41241;Ernte-u.Betriebsbericht: Feldfrüchte und Grünland;JAHR;Jahr;1953;DINSG;Deutschland insgesamt;DG;Deutschland;FRUA01;Fruchtarten;FRUART041;Blumen u. Zierpflanzen einschl.Jungpfl.(o.Samenb.);.;ha;FLC016;Anbaufläche
41241;Ernte-u.Betriebsbericht: Feldfrüchte und Grünland;JAHR;Jahr;1979;DINSG;Deutschland insgesamt;DG;Deutschland;FRUA01;Fruchtarten;FRUART0123;Sommermenggetreide;191075;ha;FLC016;Anbaufläche
41241;Ernte-u.Betriebsbericht: Feldfrüchte und Grünland;JAHR;Jahr;1959;DINSG;Deutschland insgesamt;DG;Deutschland;FRUA01;Fruchtarten;FRUART023;Alle anderen Hülsenfrüchte;22548;ha;FLC016;Anbaufläche
41241;Ernte-u.Betriebsbericht: Feldfrüchte und Grünland;JAHR;Jahr;1978;DINSG;Deutschland insgesamt;DG;Deutschland;FRUA01;Fruchtarten;FRUART067;Lupinen;.;ha;FLC016;Anbaufläche
41241;Ernte-u.Betriebsbericht: Feldfrüchte und Grünland;JAHR;Jahr;1977;DINSG;Deutschland insgesamt;DG;Deutschland;FRUA01;Fruchtarten;FRUART0511;Raps und Rübsen;104930;ha;FLC016;Anbaufläche
41241;Ernte-u.Betriebsbericht: Feldfrüchte und Grünland;JAHR;Jahr;1982;DINSG;Deutschland insgesamt;DG;Deutschland;FRUA01;Fruchtarten;FRUART05112;Sommerraps, Winter- und Sommerrübsen;9122;ha;FLC016;Anbaufläche
41241;Ernte-u.Betriebsbericht: Feldfrüchte und Grünland;JAHR;Jahr;2004;DINSG;Deutschland insgesamt;DG;Deutschland;FRUA01;Fruchtarten;FRUART01211;Wintergerste;1365332;ha;FLC016;Anbaufläche
41241;Ernte-u.Betriebsbericht: Feldfrüchte und Grünland;JAHR;Jahr;2007;DINSG;Deutschland insgesamt;DG;Deutschland;FRUA01;Fruchtarten;FRUART031MUS;Mittelfrühe und späte Kartoffeln;259097;ha;FLC016;Anbaufläche
41241;Ernte-u.Betriebsbericht: Feldfrüchte und Grünland;JAHR;Jahr;1952;DINSG;Deutschland insgesamt;DG;Deutschland;FRUA01;Fruchtarten;FRUART011;Brotgetreide;2644543;ha;FLC016;Anbaufläche
41241;Ernte-u.Betriebsbericht: Feldfrüchte und Grünland;JAHR;Jahr;1968;DINSG;Deutschland insgesamt;DG;Deutschland;FRUA01;Fruchtarten;FRUART0512;Flachs (Lein);.;ha;FLC016;Anbaufläche
41241;Ernte-u.Betriebsbericht: Feldfrüchte und Grünland;JAHR;Jahr;1966;DINSG;Deutschland insgesamt;DG;Deutschland;FRUA01;Fruchtarten;FRUART014;Corn-Cob-Mix;.;ha;FLC016;Anbaufläche
41241;Ernte-u.Betriebsbericht: Feldfrüchte und Grünland;JAHR;Jahr;1968;DINSG;Deutschland insgesamt;DG;Deutschland;FRUA01;Fruchtarten;FRUART01212;Sommergerste;893769;ha;FLC016;Anbaufläche
41241;Ernte-u.Betriebsbericht: Feldfrüchte und Grünland;JAHR;Jahr;1996;DINSG;Deutschland insgesamt;DG;Deutschland;FRUA01;Fruchtarten;FRUART01113;Hartweizen (Durum);8013;ha;FLC016;Anbaufläche
41241;Ernte-u.Betriebsbericht: Feldfrüchte und Grünland;JAHR;Jahr;1960;DINSG;Deutschland insgesamt;DG;Deutschland;FRUA01;Fruchtarten;FRUART031;Kartoffeln;1041734;ha;FLC016;Anbaufläche
41241;Ernte-u.Betriebsbericht: Feldfrüchte und Grünland;JAHR;Jahr;1953;DINSG;Deutschland insgesamt;DG;Deutschland;FRUA01;Fruchtarten;FRUART053;Tabak;.;ha;FLC016;Anbaufläche
41241;Ernte-u.Betriebsbericht: Feldfrüchte und Grünland;JAHR;Jahr;1973;DINSG;Deutschland insgesamt;DG;Deutschland;FRUA01;Fruchtarten;FRUART01OKM;Getreide (ohne Körnermais und CCM);5180161;ha;FLC016;Anbaufläche
41241;Ernte-u.Betriebsbericht: Feldfrüchte und Grünland;JAHR;Jahr;1974;DINSG;Deutschland insgesamt;DG;Deutschland;FRUA01;Fruchtarten;FRUART032;Zuckerrüben;369001;ha;FLC016;Anbaufläche
41241;Ernte-u.Betriebsbericht: Feldfrüchte und Grünland;JAHR;Jahr;2006;DINSG;Deutschland insgesamt;DG;Deutschland;FRUA01;Fruchtarten;FRUART055;Heil- und Gewürzpflanzen;6000;ha;FLC016;Anbaufläche
41241;Ernte-u.Betriebsbericht: Feldfrüchte und Grünland;JAHR;Jahr;1995;DINSG;Deutschland insgesamt;DG;Deutschland;FRUA01;Fruchtarten;FRUART011;Brotgetreide;3450577;ha;FLC016;Anbaufläche
41241;Ernte-u.Betriebsbericht: Feldfrüchte und Grünland;JAHR;Jahr;1999;DINSG;Deutschland insgesamt;DG;Deutschland;FRUA01;Fruchtarten;FRUART05111;Winterraps;1150399;ha;FLC016;Anbaufläche
41241;Ernte-u.Betriebsbericht: Feldfrüchte und Grünland;JAHR;Jahr;1971;DINSG;Deutschland insgesamt;DG;Deutschland;FRUA01;Fruchtarten;FRUART0112;Roggen;864500;ha;FLC016;Anbaufläche
41241;Ernte-u.Betriebsbericht: Feldfrüchte und Grünland;JAHR;Jahr;1967;DINSG;Deutschland insgesamt;DG;Deutschland;FRUA01;Fruchtarten;FRUART054;Rüben und Gräser zur Samengewinnung;15881;ha;FLC016;Anbaufläche
41241;Ernte-u.Betriebsbericht: Feldfrüchte und Grünland;JAHR;Jahr;1984;DINSG;Deutschland insgesamt;DG;Deutschland;FRUA01;Fruchtarten;FRUART0122;Hafer;554985;ha;FLC016;Anbaufläche
41241;Ernte-u.Betriebsbericht: Feldfrüchte und Grünland;JAHR;Jahr;1988;DINSG;Deutschland insgesamt;DG;Deutschland;FRUA01;Fruchtarten;FRUART033;Runkelrüben;73353;ha;FLC016;Anbaufläche
41241;Ernte-u.Betriebsbericht: Feldfrüchte und Grünland;JAHR;Jahr;1957;DINSG;Deutschland insgesamt;DG;Deutschland;FRUA01;Fruchtarten;FRUART0512;Flachs (Lein);.;ha;FLC016;Anbaufläche
41241;Ernte-u.Betriebsbericht: Feldfrüchte und Grünland;JAHR;Jahr;1967;DINSG;Deutschland insgesamt;DG;Deutschland;FRUA01;Fruchtarten;FRUART013CCM;Körnermais (einschl. CCM);41594;ha;FLC016;Anbaufläche
41241;Ernte-u.Betriebsbericht: Feldfrüchte und Grünland;JAHR;Jahr;2005;DINSG;Deutschland insgesamt;DG;Deutschland;FRUA01;Fruchtarten;FRUART05111;Winterraps;1323100;ha;FLC016;Anbaufläche
41241;Ernte-u.Betriebsbericht: Feldfrüchte und Grünland;JAHR;Jahr;1957;DINSG;Deutschland insgesamt;DG;Deutschland;FRUA01;Fruchtarten;FRUART063;Feldgras/Grasanbau auf dem Ackerland;226594;ha;FLC016;Anbaufläche
41241;Ernte-u.Betriebsbericht: Feldfrüchte und Grünland;JAHR;Jahr;1992;DINSG;Deutschland insgesamt;DG;Deutschland;FRUA01;Fruchtarten;FRUART055;Heil- und Gewürzpflanzen;2739;ha;FLC016;Anbaufläche
41241;Ernte-u.Betriebsbericht: Feldfrüchte und Grünland;JAHR;Jahr;1991;DINSG;Deutschland insgesamt;DG;Deutschland;FRUA01;Fruchtarten;FRUART014;Corn-Cob-Mix;88767;ha;FLC016;Anbaufläche
41241;Ernte-u.Betriebsbericht: Feldfrüchte und Grünland;JAHR;Jahr;1999;DINSG;Deutschland insgesamt;DG;Deutschland;FRUA01;Fruchtarten;FRUART021;Futtererbsen;164483;ha;FLC016;Anbaufläche
41241;Ernte-u.Betriebsbericht: Feldfrüchte und Grünland;JAHR;Jahr;2005;DINSG;Deutschland insgesamt;DG;Deutschland;FRUA01;Fruchtarten;FRUART014;Corn-Cob-Mix;99600;ha;FLC016;Anbaufläche
41241;Ernte-u.Betriebsbericht: Feldfrüchte und Grünland;JAHR;Jahr;1982;DINSG;Deutschland insgesamt;DG;Deutschland;FRUA01;Fruchtarten;FRUART013CCM;Körnermais (einschl. CCM);160252;ha;FLC016;Anbaufläche
41241;Ernte-u.Betriebsbericht: Feldfrüchte und Grünland;JAHR;Jahr;1952;DINSG;Deutschland insgesamt;DG;Deutschland;FRUA01;Fruchtarten;FRUART012;Futter- und Industriegetreide;2047158;ha;FLC016;Anbaufläche
41241;Ernte-u.Betriebsbericht: Feldfrüchte und Grünland;JAHR;Jahr;1959;DINSG;Deutschland insgesamt;DG;Deutschland;FRUA01;Fruchtarten;FRUART0111;Weizen;1341693;ha;FLC016;Anbaufläche
41241;Ernte-u.Betriebsbericht: Feldfrüchte und Grünland;JAHR;Jahr;1966;DINSG;Deutschland insgesamt;DG;Deutschland;FRUA01;Fruchtarten;FRUART013;Körnermais;.;ha;FLC016;Anbaufläche
41241;Ernte-u.Betriebsbericht: Feldfrüchte und Grünland;JAHR;Jahr;1954;DINSG;Deutschland insgesamt;DG;Deutschland;FRUA01;Fruchtarten;FRUART01111;Winterweizen;919289;ha;FLC016;Anbaufläche
41241;Ernte-u.Betriebsbericht: Feldfrüchte und Grünland;JAHR;Jahr;1970;DINSG;Deutschland insgesamt;DG;Deutschland;FRUA01;Fruchtarten;FRUART022;Ackerbohnen;19749;ha;FLC016;Anbaufläche
41241;Ernte-u.Betriebsbericht: Feldfrüchte und Grünland;JAHR;Jahr;1984;DINSG;Deutschland insgesamt;DG;Deutschland;FRUA01;Fruchtarten;FRUART023;Alle anderen Hülsenfrüchte;8982;ha;FLC016;Anbaufläche
41241;Ernte-u.Betriebsbericht: Feldfrüchte und Grünland;JAHR;Jahr;1956;DINSG;Deutschland insgesamt;DG;Deutschland;FRUA01;Fruchtarten;FRUART022;Ackerbohnen;14592;ha;FLC016;Anbaufläche
41241;Ernte-u.Betriebsbericht: Feldfrüchte und Grünland;JAHR;Jahr;1959;DINSG;Deutschland insgesamt;DG;Deutschland;FRUA01;Fruchtarten;FRUART013CCM;Körnermais (einschl. CCM);4743;ha;FLC016;Anbaufläche
41241;Ernte-u.Betriebsbericht: Feldfrüchte und Grünland;JAHR;Jahr;1968;DINSG;Deutschland insgesamt;DG;Deutschland;FRUA01;Fruchtarten;FRUART0124;Triticale;.;ha;FLC016;Anbaufläche
41241;Ernte-u.Betriebsbericht: Feldfrüchte und Grünland;JAHR;Jahr;1985;DINSG;Deutschland insgesamt;DG;Deutschland;FRUA01;Fruchtarten;FRUART064;Silomais (einschl. Lieschkolbenschrot);931557;ha;FLC016;Anbaufläche
41241;Ernte-u.Betriebsbericht: Feldfrüchte und Grünland;JAHR;Jahr;1966;DINSG;Deutschland insgesamt;DG;Deutschland;FRUA01;Fruchtarten;FRUART031SPK;Speisekartoffeln;.;ha;FLC016;Anbaufläche
41241;Ernte-u.Betriebsbericht: Feldfrüchte und Grünland;JAHR;Jahr;1993;DINSG;Deutschland insgesamt;DG;Deutschland;FRUA01;Fruchtarten;FRUART05111;Winterraps;946838;ha;FLC016;Anbaufläche
41241;Ernte-u.Betriebsbericht: Feldfrüchte und Grünland;JAHR;Jahr;1975;DINSG;Deutschland insgesamt;DG;Deutschland;FRUA01;Fruchtarten;FRUART01211;Wintergerste;688524;ha;FLC016;Anbaufläche
41241;Ernte-u.Betriebsbericht: Feldfrüchte und Grünland;JAHR;Jahr;1992;DINSG;Deutschland insgesamt;DG;Deutschland;FRUA01;Fruchtarten;FRUART042;Gartenbausämereien,Vermehrungsanbau v.Blumenzwieb.;2194;ha;FLC016;Anbaufläche
41241;Ernte-u.Betriebsbericht: Feldfrüchte und Grünland;JAHR;Jahr;1981;DINSG;Deutschland insgesamt;DG;Deutschland;FRUA01;Fruchtarten;FRUART023;Alle anderen Hülsenfrüchte;6468;ha;FLC016;Anbaufläche
41241;Ernte-u.Betriebsbericht: Feldfrüchte und Grünland;JAHR;Jahr;1996;DINSG;Deutschland insgesamt;DG;Deutschland;FRUA01;Fruchtarten;FRUART052;Hopfen;21814;ha;FLC016;Anbaufläche
41241;Ernte-u.Betriebsbericht: Feldfrüchte und Grünland;JAHR;Jahr;2009;DINSG;Deutschland insgesamt;DG;Deutschland;FRUA01;Fruchtarten;FRUART011;Brotgetreide;3985400;ha;FLC016;Anbaufläche
41241;Ernte-u.Betriebsbericht: Feldfrüchte und Grünland;JAHR;Jahr;1953;DINSG;Deutschland insgesamt;DG;Deutschland;FRUA01;Fruchtarten;FRUART066;Alle anderen Futterpflanzen;72878;ha;FLC016;Anbaufläche
41241;Ernte-u.Betriebsbericht: Feldfrüchte und Grünland;JAHR;Jahr;1987;DINSG;Deutschland insgesamt;DG;Deutschland;FRUA01;Fruchtarten;FRUART0513;Körnersonnenblumen;.;ha;FLC016;Anbaufläche
41241;Ernte-u.Betriebsbericht: Feldfrüchte und Grünland;JAHR;Jahr;1978;DINSG;Deutschland insgesamt;DG;Deutschland;FRUA01;Fruchtarten;FRUART042;Gartenbausämereien,Vermehrungsanbau v.Blumenzwieb.;.;ha;FLC016;Anbaufläche
41241;Ernte-u.Betriebsbericht: Feldfrüchte und Grünland;JAHR;Jahr;1983;DINSG;Deutschland insgesamt;DG;Deutschland;FRUA01;Fruchtarten;FRUART0514;Andere Ölfrüchte;.;ha;FLC016;Anbaufläche
41241;Ernte-u.Betriebsbericht: Feldfrüchte und Grünland;JAHR;Jahr;1983;DINSG;Deutschland insgesamt;DG;Deutschland;FRUA01;Fruchtarten;FRUART04OS;Gemüse, Spargel, Erdbeeren (ohne Samenbau);.;ha;FLC016;Anbaufläche
41241;Ernte-u.Betriebsbericht: Feldfrüchte und Grünland;JAHR;Jahr;1962;DINSG;Deutschland insgesamt;DG;Deutschland;FRUA01;Fruchtarten;FRUART0112;Roggen;1092417;ha;FLC016;Anbaufläche
41241;Ernte-u.Betriebsbericht: Feldfrüchte und Grünland;JAHR;Jahr;1974;DINSG;Deutschland insgesamt;DG;Deutschland;FRUA01;Fruchtarten;FRUART031SPK;Speisekartoffeln;.;ha;FLC016;Anbaufläche
41241;Ernte-u.Betriebsbericht: Feldfrüchte und Grünland;JAHR;Jahr;1981;DINSG;Deutschland insgesamt;DG;Deutschland;FRUA01;Fruchtarten;FRUART054;Rüben und Gräser zur Samengewinnung;8696;ha;FLC016;Anbaufläche
41241;Ernte-u.Betriebsbericht: Feldfrüchte und Grünland;JAHR;Jahr;1954;DINSG;Deutschland insgesamt;DG;Deutschland;FRUA01;Fruchtarten;FRUART0121;Gerste;736373;ha;FLC016;Anbaufläche
41241;Ernte-u.Betriebsbericht: Feldfrüchte und Grünland;JAHR;Jahr;1993;DINSG;Deutschland insgesamt;DG;Deutschland;FRUA01;Fruchtarten;FRUART052;Hopfen;23016;ha;FLC016;Anbaufläche
41241;Ernte-u.Betriebsbericht: Feldfrüchte und Grünland;JAHR;Jahr;1950;DINSG;Deutschland insgesamt;DG;Deutschland;FRUA01;Fruchtarten;FRUART0124;Triticale;.;ha;FLC016;Anbaufläche
41241;Ernte-u.Betriebsbericht: Feldfrüchte und Grünland;JAHR;Jahr;1999;DINSG;Deutschland insgesamt;DG;Deutschland;FRUA01;Fruchtarten;FRUART034;Alle anderen Hackfrüchte;5279;ha;FLC016;Anbaufläche
41241;Ernte-u.Betriebsbericht: Feldfrüchte und Grünland;JAHR;Jahr;1990;DINSG;Deutschland insgesamt;DG;Deutschland;FRUA01;Fruchtarten;FRUART013CCM;Körnermais (einschl. CCM);228446;ha;FLC016;Anbaufläche
41241;Ernte-u.Betriebsbericht: Feldfrüchte und Grünland;JAHR;Jahr;1975;DINSG;Deutschland insgesamt;DG;Deutschland;FRUA01;Fruchtarten;FRUART0111;Weizen;1569159;ha;FLC016;Anbaufläche
41241;Ernte-u.Betriebsbericht: Feldfrüchte und Grünland;JAHR;Jahr;2006;DINSG;Deutschland insgesamt;DG;Deutschland;FRUA01;Fruchtarten;FRUART011;Brotgetreide;3662800;ha;FLC016;Anbaufläche
41241;Ernte-u.Betriebsbericht: Feldfrüchte und Grünland;JAHR;Jahr;1986;DINSG;Deutschland insgesamt;DG;Deutschland;FRUA01;Fruchtarten;FRUART01111W;Weichweizen;.;ha;FLC016;Anbaufläche
41241;Ernte-u.Betriebsbericht: Feldfrüchte und Grünland;JAHR;Jahr;1963;DINSG;Deutschland insgesamt;DG;Deutschland;FRUA01;Fruchtarten;FRUART031;Kartoffeln;925267;ha;FLC016;Anbaufläche
41241;Ernte-u.Betriebsbericht: Feldfrüchte und Grünland;JAHR;Jahr;2004;DINSG;Deutschland insgesamt;DG;Deutschland;FRUA01;Fruchtarten;FRUART013CCM;Körnermais (einschl. CCM);461697;ha;FLC016;Anbaufläche
41241;Ernte-u.Betriebsbericht: Feldfrüchte und Grünland;JAHR;Jahr;1953;DINSG;Deutschland insgesamt;DG;Deutschland;FRUA01;Fruchtarten;FRUART0513;Körnersonnenblumen;.;ha;FLC016;Anbaufläche
41241;Ernte-u.Betriebsbericht: Feldfrüchte und Grünland;JAHR;Jahr;1969;DINSG;Deutschland insgesamt;DG;Deutschland;FRUA01;Fruchtarten;FRUART013;Körnermais;.;ha;FLC016;Anbaufläche
41241;Ernte-u.Betriebsbericht: Feldfrüchte und Grünland;JAHR;Jahr;1951;DINSG;Deutschland insgesamt;DG;Deutschland;FRUA01;Fruchtarten;FRUART01212;Sommergerste;508159;ha;FLC016;Anbaufläche
41241;Ernte-u.Betriebsbericht: Feldfrüchte und Grünland;JAHR;Jahr;1993;DINSG;Deutschland insgesamt;DG;Deutschland;FRUA01;Fruchtarten;FRUART0122;Hafer;358639;ha;FLC016;Anbaufläche
41241;Ernte-u.Betriebsbericht: Feldfrüchte und Grünland;JAHR;Jahr;1959;DINSG;Deutschland insgesamt;DG;Deutschland;FRUA01;Fruchtarten;FRUART031SPK;Speisekartoffeln;.;ha;FLC016;Anbaufläche
41241;Ernte-u.Betriebsbericht: Feldfrüchte und Grünland;JAHR;Jahr;1990;DINSG;Deutschland insgesamt;DG;Deutschland;FRUA01;Fruchtarten;FRUART01113;Hartweizen (Durum);.;ha;FLC016;Anbaufläche
41241;Ernte-u.Betriebsbericht: Feldfrüchte und Grünland;JAHR;Jahr;1977;DINSG;Deutschland insgesamt;DG;Deutschland;FRUA01;Fruchtarten;FRUART032;Zuckerrüben;423310;ha;FLC016;Anbaufläche
41241;Ernte-u.Betriebsbericht: Feldfrüchte und Grünland;JAHR;Jahr;1979;DINSG;Deutschland insgesamt;DG;Deutschland;FRUA01;Fruchtarten;FRUART01OKM;Getreide (ohne Körnermais und CCM);5118398;ha;FLC016;Anbaufläche
41241;Ernte-u.Betriebsbericht: Feldfrüchte und Grünland;JAHR;Jahr;1980;DINSG;Deutschland insgesamt;DG;Deutschland;FRUA01;Fruchtarten;FRUART013;Körnermais;.;ha;FLC016;Anbaufläche
41241;Ernte-u.Betriebsbericht: Feldfrüchte und Grünland;JAHR;Jahr;2003;DINSG;Deutschland insgesamt;DG;Deutschland;FRUA01;Fruchtarten;FRUART031SPK;Speisekartoffeln;96902;ha;FLC016;Anbaufläche
41241;Ernte-u.Betriebsbericht: Feldfrüchte und Grünland;JAHR;Jahr;2002;DINSG;Deutschland insgesamt;DG;Deutschland;FRUA01;Fruchtarten;FRUART014;Corn-Cob-Mix;89293;ha;FLC016;Anbaufläche
41241;Ernte-u.Betriebsbericht: Feldfrüchte und Grünland;JAHR;Jahr;1997;DINSG;Deutschland insgesamt;DG;Deutschland;FRUA01;Fruchtarten;FRUART062;Luzerne;37481;ha;FLC016;Anbaufläche
41241;Ernte-u.Betriebsbericht: Feldfrüchte und Grünland;JAHR;Jahr;1996;DINSG;Deutschland insgesamt;DG;Deutschland;FRUA01;Fruchtarten;FRUART0511;Raps und Rübsen;853625;ha;FLC016;Anbaufläche
41241;Ernte-u.Betriebsbericht: Feldfrüchte und Grünland;JAHR;Jahr;1992;DINSG;Deutschland insgesamt;DG;Deutschland;FRUA01;Fruchtarten;FRUART0514;Andere Ölfrüchte;12269;ha;FLC016;Anbaufläche
41241;Ernte-u.Betriebsbericht: Feldfrüchte und Grünland;JAHR;Jahr;1992;DINSG;Deutschland insgesamt;DG;Deutschland;FRUA01;Fruchtarten;FRUART04OS;Gemüse, Spargel, Erdbeeren (ohne Samenbau);82228;ha;FLC016;Anbaufläche
41241;Ernte-u.Betriebsbericht: Feldfrüchte und Grünland;JAHR;Jahr;2003;DINSG;Deutschland insgesamt;DG;Deutschland;FRUA01;Fruchtarten;FRUART055;Heil- und Gewürzpflanzen;6065;ha;FLC016;Anbaufläche
41241;Ernte-u.Betriebsbericht: Feldfrüchte und Grünland;JAHR;Jahr;1970;DINSG;Deutschland insgesamt;DG;Deutschland;FRUA01;Fruchtarten;FRUART066;Alle anderen Futterpflanzen;19523;ha;FLC016;Anbaufläche
41241;Ernte-u.Betriebsbericht: Feldfrüchte und Grünland;JAHR;Jahr;1992;DINSG;Deutschland insgesamt;DG;Deutschland;FRUA01;Fruchtarten;FRUART011;Brotgetreide;3223908;ha;FLC016;Anbaufläche
41241;Ernte-u.Betriebsbericht: Feldfrüchte und Grünland;JAHR;Jahr;1950;DINSG;Deutschland insgesamt;DG;Deutschland;FRUA01;Fruchtarten;FRUART053;Tabak;.;ha;FLC016;Anbaufläche
41241;Ernte-u.Betriebsbericht: Feldfrüchte und Grünland;JAHR;Jahr;1967;DINSG;Deutschland insgesamt;DG;Deutschland;FRUA01;Fruchtarten;FRUART041;Blumen u. Zierpflanzen einschl.Jungpfl.(o.Samenb.);.;ha;FLC016;Anbaufläche
41241;Ernte-u.Betriebsbericht: Feldfrüchte und Grünland;JAHR;Jahr;1982;DINSG;Deutschland insgesamt;DG;Deutschland;FRUA01;Fruchtarten;FRUART064;Silomais (einschl. Lieschkolbenschrot);778849;ha;FLC016;Anbaufläche
41241;Ernte-u.Betriebsbericht: Feldfrüchte und Grünland;JAHR;Jahr;1955;DINSG;Deutschland insgesamt;DG;Deutschland;FRUA01;Fruchtarten;FRUART0112;Roggen;1485806;ha;FLC016;Anbaufläche
41241;Ernte-u.Betriebsbericht: Feldfrüchte und Grünland;JAHR;Jahr;1996;DINSG;Deutschland insgesamt;DG;Deutschland;FRUA01;Fruchtarten;FRUART065;Raufutter;4630469;ha;FLC016;Anbaufläche
41241;Ernte-u.Betriebsbericht: Feldfrüchte und Grünland;JAHR;Jahr;1954;DINSG;Deutschland insgesamt;DG;Deutschland;FRUA01;Fruchtarten;FRUART063;Feldgras/Grasanbau auf dem Ackerland;229560;ha;FLC016;Anbaufläche
41241;Ernte-u.Betriebsbericht: Feldfrüchte und Grünland;JAHR;Jahr;2005;DINSG;Deutschland insgesamt;DG;Deutschland;FRUA01;Fruchtarten;FRUART01112;Sommerweizen;53300;ha;FLC016;Anbaufläche
41241;Ernte-u.Betriebsbericht: Feldfrüchte und Grünland;JAHR;Jahr;1957;DINSG;Deutschland insgesamt;DG;Deutschland;FRUA01;Fruchtarten;FRUART01212;Sommergerste;695765;ha;FLC016;Anbaufläche
41241;Ernte-u.Betriebsbericht: Feldfrüchte und Grünland;JAHR;Jahr;1972;DINSG;Deutschland insgesamt;DG;Deutschland;FRUA01;Fruchtarten;FRUART031MUS;Mittelfrühe und späte Kartoffeln;467421;ha;FLC016;Anbaufläche
41241;Ernte-u.Betriebsbericht: Feldfrüchte und Grünland;JAHR;Jahr;1989;DINSG;Deutschland insgesamt;DG;Deutschland;FRUA01;Fruchtarten;FRUART0112;Roggen;382400;ha;FLC016;Anbaufläche
41241;Ernte-u.Betriebsbericht: Feldfrüchte und Grünland;JAHR;Jahr;2003;DINSG;Deutschland insgesamt;DG;Deutschland;FRUA01;Fruchtarten;FRUART042;Gartenbausämereien,Vermehrungsanbau v.Blumenzwieb.;655;ha;FLC016;Anbaufläche
41241;Ernte-u.Betriebsbericht: Feldfrüchte und Grünland;JAHR;Jahr;1998;DINSG;Deutschland insgesamt;DG;Deutschland;FRUA01;Fruchtarten;FRUART0123;Sommermenggetreide;38260;ha;FLC016;Anbaufläche
41241;Ernte-u.Betriebsbericht: Feldfrüchte und Grünland;JAHR;Jahr;1951;DINSG;Deutschland insgesamt;DG;Deutschland;FRUA01;Fruchtarten;FRUART031FSK;Frühe Speisekartoffeln;70914;ha;FLC016;Anbaufläche
41241;Ernte-u.Betriebsbericht: Feldfrüchte und Grünland;JAHR;Jahr;1971;DINSG;Deutschland insgesamt;DG;Deutschland;FRUA01;Fruchtarten;FRUART063;Feldgras/Grasanbau auf dem Ackerland;212704;ha;FLC016;Anbaufläche
41241;Ernte-u.Betriebsbericht: Feldfrüchte und Grünland;JAHR;Jahr;1973;DINSG;Deutschland insgesamt;DG;Deutschland;FRUA01;Fruchtarten;FRUART0512;Flachs (Lein);.;ha;FLC016;Anbaufläche
41241;Ernte-u.Betriebsbericht: Feldfrüchte und Grünland;JAHR;Jahr;1981;DINSG;Deutschland insgesamt;DG;Deutschland;FRUA01;Fruchtarten;FRUART067;Lupinen;.;ha;FLC016;Anbaufläche
41241;Ernte-u.Betriebsbericht: Feldfrüchte und Grünland;JAHR;Jahr;1978;DINSG;Deutschland insgesamt;DG;Deutschland;FRUA01;Fruchtarten;FRUART01111W;Weichweizen;.;ha;FLC016;Anbaufläche
41241;Ernte-u.Betriebsbericht: Feldfrüchte und Grünland;JAHR;Jahr;2007;DINSG;Deutschland insgesamt;DG;Deutschland;FRUA01;Fruchtarten;FRUART052;Hopfen;17834;ha;FLC016;Anbaufläche
41241;Ernte-u.Betriebsbericht: Feldfrüchte und Grünland;JAHR;Jahr;1982;DINSG;Deutschland insgesamt;DG;Deutschland;FRUA01;Fruchtarten;FRUART051;Ölfrüchte;.;ha;FLC016;Anbaufläche
41241;Ernte-u.Betriebsbericht: Feldfrüchte und Grünland;JAHR;Jahr;1975;DINSG;Deutschland insgesamt;DG;Deutschland;FRUA01;Fruchtarten;FRUART0124;Triticale;.;ha;FLC016;Anbaufläche
41241;Ernte-u.Betriebsbericht: Feldfrüchte und Grünland;JAHR;Jahr;1960;DINSG;Deutschland insgesamt;DG;Deutschland;FRUA01;Fruchtarten;FRUART062;Luzerne;.;ha;FLC016;Anbaufläche
41241;Ernte-u.Betriebsbericht: Feldfrüchte und Grünland;JAHR;Jahr;1986;DINSG;Deutschland insgesamt;DG;Deutschland;FRUA01;Fruchtarten;FRUART061;Klee, Kleegras und Klee-Luzerne-Gemisch;184529;ha;FLC016;Anbaufläche
41241;Ernte-u.Betriebsbericht: Feldfrüchte und Grünland;JAHR;Jahr;1985;DINSG;Deutschland insgesamt;DG;Deutschland;FRUA01;Fruchtarten;FRUART05112;Sommerraps, Winter- und Sommerrübsen;9309;ha;FLC016;Anbaufläche
41241;Ernte-u.Betriebsbericht: Feldfrüchte und Grünland;JAHR;Jahr;1953;DINSG;Deutschland insgesamt;DG;Deutschland;FRUA01;Fruchtarten;FRUART022;Ackerbohnen;16214;ha;FLC016;Anbaufläche
41241;Ernte-u.Betriebsbericht: Feldfrüchte und Grünland;JAHR;Jahr;1964;DINSG;Deutschland insgesamt;DG;Deutschland;FRUA01;Fruchtarten;FRUART031MUS;Mittelfrühe und späte Kartoffeln;794374;ha;FLC016;Anbaufläche
41241;Ernte-u.Betriebsbericht: Feldfrüchte und Grünland;JAHR;Jahr;1973;DINSG;Deutschland insgesamt;DG;Deutschland;FRUA01;Fruchtarten;FRUART01212;Sommergerste;1044676;ha;FLC016;Anbaufläche
41241;Ernte-u.Betriebsbericht: Feldfrüchte und Grünland;JAHR;Jahr;1983;DINSG;Deutschland insgesamt;DG;Deutschland;FRUA01;Fruchtarten;FRUART013;Körnermais;.;ha;FLC016;Anbaufläche
41241;Ernte-u.Betriebsbericht: Feldfrüchte und Grünland;JAHR;Jahr;2004;DINSG;Deutschland insgesamt;DG;Deutschland;FRUA01;Fruchtarten;FRUART031MUS;Mittelfrühe und späte Kartoffeln;279309;ha;FLC016;Anbaufläche
41241;Ernte-u.Betriebsbericht: Feldfrüchte und Grünland;JAHR;Jahr;1962;DINSG;Deutschland insgesamt;DG;Deutschland;FRUA01;Fruchtarten;FRUART034;Alle anderen Hackfrüchte;66437;ha;FLC016;Anbaufläche
41241;Ernte-u.Betriebsbericht: Feldfrüchte und Grünland;JAHR;Jahr;1957;DINSG;Deutschland insgesamt;DG;Deutschland;FRUA01;Fruchtarten;FRUART032;Zuckerrüben;258943;ha;FLC016;Anbaufläche
41241;Ernte-u.Betriebsbericht: Feldfrüchte und Grünland;JAHR;Jahr;2001;DINSG;Deutschland insgesamt;DG;Deutschland;FRUA01;Fruchtarten;FRUART0122;Hafer;233324;ha;FLC016;Anbaufläche
41241;Ernte-u.Betriebsbericht: Feldfrüchte und Grünland;JAHR;Jahr;1997;DINSG;Deutschland insgesamt;DG;Deutschland;FRUA01;Fruchtarten;FRUART014;Corn-Cob-Mix;102643;ha;FLC016;Anbaufläche
41241;Ernte-u.Betriebsbericht: Feldfrüchte und Grünland;JAHR;Jahr;1979;DINSG;Deutschland insgesamt;DG;Deutschland;FRUA01;Fruchtarten;FRUART031FSK;Frühe Speisekartoffeln;21156;ha;FLC016;Anbaufläche
41241;Ernte-u.Betriebsbericht: Feldfrüchte und Grünland;JAHR;Jahr;1991;DINSG;Deutschland insgesamt;DG;Deutschland;FRUA01;Fruchtarten;FRUART032;Zuckerrüben;554143;ha;FLC016;Anbaufläche
41241;Ernte-u.Betriebsbericht: Feldfrüchte und Grünland;JAHR;Jahr;2004;DINSG;Deutschland insgesamt;DG;Deutschland;FRUA01;Fruchtarten;FRUART052;Hopfen;17875;ha;FLC016;Anbaufläche
41241;Ernte-u.Betriebsbericht: Feldfrüchte und Grünland;JAHR;Jahr;1950;DINSG;Deutschland insgesamt;DG;Deutschland;FRUA01;Fruchtarten;FRUART066;Alle anderen Futterpflanzen;126782;ha;FLC016;Anbaufläche
41241;Ernte-u.Betriebsbericht: Feldfrüchte und Grünland;JAHR;Jahr;1970;DINSG;Deutschland insgesamt;DG;Deutschland;FRUA01;Fruchtarten;FRUART053;Tabak;.;ha;FLC016;Anbaufläche
41241;Ernte-u.Betriebsbericht: Feldfrüchte und Grünland;JAHR;Jahr;1984;DINSG;Deutschland insgesamt;DG;Deutschland;FRUA01;Fruchtarten;FRUART054;Rüben und Gräser zur Samengewinnung;8991;ha;FLC016;Anbaufläche
41241;Ernte-u.Betriebsbericht: Feldfrüchte und Grünland;JAHR;Jahr;1987;DINSG;Deutschland insgesamt;DG;Deutschland;FRUA01;Fruchtarten;FRUART031INK;Industriekartoffeln;.;ha;FLC016;Anbaufläche
41241;Ernte-u.Betriebsbericht: Feldfrüchte und Grünland;JAHR;Jahr;1995;DINSG;Deutschland insgesamt;DG;Deutschland;FRUA01;Fruchtarten;FRUART042;Gartenbausämereien,Vermehrungsanbau v.Blumenzwieb.;1387;ha;FLC016;Anbaufläche
41241;Ernte-u.Betriebsbericht: Feldfrüchte und Grünland;JAHR;Jahr;1981;DINSG;Deutschland insgesamt;DG;Deutschland;FRUA01;Fruchtarten;FRUART041;Blumen u. Zierpflanzen einschl.Jungpfl.(o.Samenb.);.;ha;FLC016;Anbaufläche
41241;Ernte-u.Betriebsbericht: Feldfrüchte und Grünland;JAHR;Jahr;2008;DINSG;Deutschland insgesamt;DG;Deutschland;FRUA01;Fruchtarten;FRUART062;Luzerne;38800;ha;FLC016;Anbaufläche
41241;Ernte-u.Betriebsbericht: Feldfrüchte und Grünland;JAHR;Jahr;1992;DINSG;Deutschland insgesamt;DG;Deutschland;FRUA01;Fruchtarten;FRUART0113;Wintermenggetreide;10818;ha;FLC016;Anbaufläche
41241;Ernte-u.Betriebsbericht: Feldfrüchte und Grünland;JAHR;Jahr;2003;DINSG;Deutschland insgesamt;DG;Deutschland;FRUA01;Fruchtarten;FRUART011;Brotgetreide;3507028;ha;FLC016;Anbaufläche
41241;Ernte-u.Betriebsbericht: Feldfrüchte und Grünland;JAHR;Jahr;1951;DINSG;Deutschland insgesamt;DG;Deutschland;FRUA01;Fruchtarten;FRUART031INK;Industriekartoffeln;.;ha;FLC016;Anbaufläche
41241;Ernte-u.Betriebsbericht: Feldfrüchte und Grünland;JAHR;Jahr;1965;DINSG;Deutschland insgesamt;DG;Deutschland;FRUA01;Fruchtarten;FRUART01111;Winterweizen;1270140;ha;FLC016;Anbaufläche
41241;Ernte-u.Betriebsbericht: Feldfrüchte und Grünland;JAHR;Jahr;1971;DINSG;Deutschland insgesamt;DG;Deutschland;FRUA01;Fruchtarten;FRUART05111;Winterraps;82505;ha;FLC016;Anbaufläche
41241;Ernte-u.Betriebsbericht: Feldfrüchte und Grünland;JAHR;Jahr;2000;DINSG;Deutschland insgesamt;DG;Deutschland;FRUA01;Fruchtarten;FRUART0514;Andere Ölfrüchte;9273;ha;FLC016;Anbaufläche
41241;Ernte-u.Betriebsbericht: Feldfrüchte und Grünland;JAHR;Jahr;2000;DINSG;Deutschland insgesamt;DG;Deutschland;FRUA01;Fruchtarten;FRUART04OS;Gemüse, Spargel, Erdbeeren (ohne Samenbau);100445;ha;FLC016;Anbaufläche
41241;Ernte-u.Betriebsbericht: Feldfrüchte und Grünland;JAHR;Jahr;1968;DINSG;Deutschland insgesamt;DG;Deutschland;FRUA01;Fruchtarten;FRUART01OKM;Getreide (ohne Körnermais und CCM);5028101;ha;FLC016;Anbaufläche
41241;Ernte-u.Betriebsbericht: Feldfrüchte und Grünland;JAHR;Jahr;2007;DINSG;Deutschland insgesamt;DG;Deutschland;FRUA01;Fruchtarten;FRUART065;Raufutter;4671403;ha;FLC016;Anbaufläche
41241;Ernte-u.Betriebsbericht: Feldfrüchte und Grünland;JAHR;Jahr;1985;DINSG;Deutschland insgesamt;DG;Deutschland;FRUA01;Fruchtarten;FRUART01113;Hartweizen (Durum);.;ha;FLC016;Anbaufläche
41241;Ernte-u.Betriebsbericht: Feldfrüchte und Grünland;JAHR;Jahr;1973;DINSG;Deutschland insgesamt;DG;Deutschland;FRUA01;Fruchtarten;FRUART022;Ackerbohnen;17449;ha;FLC016;Anbaufläche
41241;Ernte-u.Betriebsbericht: Feldfrüchte und Grünland;JAHR;Jahr;2006;DINSG;Deutschland insgesamt;DG;Deutschland;FRUA01;Fruchtarten;FRUART0511;Raps und Rübsen;1429000;ha;FLC016;Anbaufläche
41241;Ernte-u.Betriebsbericht: Feldfrüchte und Grünland;JAHR;Jahr;1988;DINSG;Deutschland insgesamt;DG;Deutschland;FRUA01;Fruchtarten;FRUART051;Ölfrüchte;.;ha;FLC016;Anbaufläche
41241;Ernte-u.Betriebsbericht: Feldfrüchte und Grünland;JAHR;Jahr;1998;DINSG;Deutschland insgesamt;DG;Deutschland;FRUA01;Fruchtarten;FRUART01112;Sommerweizen;44890;ha;FLC016;Anbaufläche
41241;Ernte-u.Betriebsbericht: Feldfrüchte und Grünland;JAHR;Jahr;1987;DINSG;Deutschland insgesamt;DG;Deutschland;FRUA01;Fruchtarten;FRUART067;Lupinen;.;ha;FLC016;Anbaufläche
41241;Ernte-u.Betriebsbericht: Feldfrüchte und Grünland;JAHR;Jahr;1962;DINSG;Deutschland insgesamt;DG;Deutschland;FRUA01;Fruchtarten;FRUART021;Futtererbsen;.;ha;FLC016;Anbaufläche
41241;Ernte-u.Betriebsbericht: Feldfrüchte und Grünland;JAHR;Jahr;1974;DINSG;Deutschland insgesamt;DG;Deutschland;FRUA01;Fruchtarten;FRUART063;Feldgras/Grasanbau auf dem Ackerland;170269;ha;FLC016;Anbaufläche
41241;Ernte-u.Betriebsbericht: Feldfrüchte und Grünland;JAHR;Jahr;1983;DINSG;Deutschland insgesamt;DG;Deutschland;FRUA01;Fruchtarten;FRUART0113;Wintermenggetreide;11569;ha;FLC016;Anbaufläche
41241;Ernte-u.Betriebsbericht: Feldfrüchte und Grünland;JAHR;Jahr;1971;DINSG;Deutschland insgesamt;DG;Deutschland;FRUA01;Fruchtarten;FRUART031SPK;Speisekartoffeln;.;ha;FLC016;Anbaufläche
41241;Ernte-u.Betriebsbericht: Feldfrüchte und Grünland;JAHR;Jahr;1995;DINSG;Deutschland insgesamt;DG;Deutschland;FRUA01;Fruchtarten;FRUART01OKM;Getreide (ohne Körnermais und CCM);6201666;ha;FLC016;Anbaufläche
41241;Ernte-u.Betriebsbericht: Feldfrüchte und Grünland;JAHR;Jahr;1998;DINSG;Deutschland insgesamt;DG;Deutschland;FRUA01;Fruchtarten;FRUART055;Heil- und Gewürzpflanzen;5855;ha;FLC016;Anbaufläche
41241;Ernte-u.Betriebsbericht: Feldfrüchte und Grünland;JAHR;Jahr;1984;DINSG;Deutschland insgesamt;DG;Deutschland;FRUA01;Fruchtarten;FRUART01OKM;Getreide (ohne Körnermais und CCM);4759235;ha;FLC016;Anbaufläche
41241;Ernte-u.Betriebsbericht: Feldfrüchte und Grünland;JAHR;Jahr;1984;DINSG;Deutschland insgesamt;DG;Deutschland;FRUA01;Fruchtarten;FRUART041;Blumen u. Zierpflanzen einschl.Jungpfl.(o.Samenb.);.;ha;FLC016;Anbaufläche
41241;Ernte-u.Betriebsbericht: Feldfrüchte und Grünland;JAHR;Jahr;1966;DINSG;Deutschland insgesamt;DG;Deutschland;FRUA01;Fruchtarten;FRUART031;Kartoffeln;732147;ha;FLC016;Anbaufläche
41241;Ernte-u.Betriebsbericht: Feldfrüchte und Grünland;JAHR;Jahr;1951;DINSG;Deutschland insgesamt;DG;Deutschland;FRUA01;Fruchtarten;FRUART063;Feldgras/Grasanbau auf dem Ackerland;234001;ha;FLC016;Anbaufläche
41241;Ernte-u.Betriebsbericht: Feldfrüchte und Grünland;JAHR;Jahr;1978;DINSG;Deutschland insgesamt;DG;Deutschland;FRUA01;Fruchtarten;FRUART0113;Wintermenggetreide;22624;ha;FLC016;Anbaufläche
41241;Ernte-u.Betriebsbericht: Feldfrüchte und Grünland;JAHR;Jahr;1997;DINSG;Deutschland insgesamt;DG;Deutschland;FRUA01;Fruchtarten;FRUART01211;Wintergerste;1421930;ha;FLC016;Anbaufläche
41241;Ernte-u.Betriebsbericht: Feldfrüchte und Grünland;JAHR;Jahr;2000;DINSG;Deutschland insgesamt;DG;Deutschland;FRUA01;Fruchtarten;FRUART042;Gartenbausämereien,Vermehrungsanbau v.Blumenzwieb.;598;ha;FLC016;Anbaufläche
41241;Ernte-u.Betriebsbericht: Feldfrüchte und Grünland;JAHR;Jahr;1963;DINSG;Deutschland insgesamt;DG;Deutschland;FRUA01;Fruchtarten;FRUART031SPK;Speisekartoffeln;.;ha;FLC016;Anbaufläche
41241;Ernte-u.Betriebsbericht: Feldfrüchte und Grünland;JAHR;Jahr;1989;DINSG;Deutschland insgesamt;DG;Deutschland;FRUA01;Fruchtarten;FRUART061;Klee, Kleegras und Klee-Luzerne-Gemisch;169318;ha;FLC016;Anbaufläche
41241;Ernte-u.Betriebsbericht: Feldfrüchte und Grünland;JAHR;Jahr;1977;DINSG;Deutschland insgesamt;DG;Deutschland;FRUA01;Fruchtarten;FRUART063;Feldgras/Grasanbau auf dem Ackerland;123172;ha;FLC016;Anbaufläche
41241;Ernte-u.Betriebsbericht: Feldfrüchte und Grünland;JAHR;Jahr;2008;DINSG;Deutschland insgesamt;DG;Deutschland;FRUA01;Fruchtarten;FRUART0123;Sommermenggetreide;17800;ha;FLC016;Anbaufläche
41241;Ernte-u.Betriebsbericht: Feldfrüchte und Grünland;JAHR;Jahr;1980;DINSG;Deutschland insgesamt;DG;Deutschland;FRUA01;Fruchtarten;FRUART0123;Sommermenggetreide;165158;ha;FLC016;Anbaufläche
41241;Ernte-u.Betriebsbericht: Feldfrüchte und Grünland;JAHR;Jahr;1995;DINSG;Deutschland insgesamt;DG;Deutschland;FRUA01;Fruchtarten;FRUART055;Heil- und Gewürzpflanzen;3822;ha;FLC016;Anbaufläche
41241;Ernte-u.Betriebsbericht: Feldfrüchte und Grünland;JAHR;Jahr;1994;DINSG;Deutschland insgesamt;DG;Deutschland;FRUA01;Fruchtarten;FRUART0513;Körnersonnenblumen;188892;ha;FLC016;Anbaufläche
41241;Ernte-u.Betriebsbericht: Feldfrüchte und Grünland;JAHR;Jahr;1986;DINSG;Deutschland insgesamt;DG;Deutschland;FRUA01;Fruchtarten;FRUART01211;Wintergerste;1265877;ha;FLC016;Anbaufläche
41241;Ernte-u.Betriebsbericht: Feldfrüchte und Grünland;JAHR;Jahr;1950;DINSG;Deutschland insgesamt;DG;Deutschland;FRUA01;Fruchtarten;FRUART022;Ackerbohnen;22433;ha;FLC016;Anbaufläche
41241;Ernte-u.Betriebsbericht: Feldfrüchte und Grünland;JAHR;Jahr;1996;DINSG;Deutschland insgesamt;DG;Deutschland;FRUA01;Fruchtarten;FRUART0112;Roggen;809052;ha;FLC016;Anbaufläche
41241;Ernte-u.Betriebsbericht: Feldfrüchte und Grünland;JAHR;Jahr;1965;DINSG;Deutschland insgesamt;DG;Deutschland;FRUA01;Fruchtarten;FRUART034;Alle anderen Hackfrüchte;59971;ha;FLC016;Anbaufläche
41241;Ernte-u.Betriebsbericht: Feldfrüchte und Grünland;JAHR;Jahr;1966;DINSG;Deutschland insgesamt;DG;Deutschland;FRUA01;Fruchtarten;FRUART0512;Flachs (Lein);.;ha;FLC016;Anbaufläche
41241;Ernte-u.Betriebsbericht: Feldfrüchte und Grünland;JAHR;Jahr;1972;DINSG;Deutschland insgesamt;DG;Deutschland;FRUA01;Fruchtarten;FRUART012;Futter- und Industriegetreide;2680497;ha;FLC016;Anbaufläche
41241;Ernte-u.Betriebsbericht: Feldfrüchte und Grünland;JAHR;Jahr;1974;DINSG;Deutschland insgesamt;DG;Deutschland;FRUA01;Fruchtarten;FRUART01113;Hartweizen (Durum);.;ha;FLC016;Anbaufläche
41241;Ernte-u.Betriebsbericht: Feldfrüchte und Grünland;JAHR;Jahr;1950;DINSG;Deutschland insgesamt;DG;Deutschland;FRUA01;Fruchtarten;FRUART0511;Raps und Rübsen;50300;ha;FLC016;Anbaufläche
41241;Ernte-u.Betriebsbericht: Feldfrüchte und Grünland;JAHR;Jahr;1954;DINSG;Deutschland insgesamt;DG;Deutschland;FRUA01;Fruchtarten;FRUART032;Zuckerrüben;254001;ha;FLC016;Anbaufläche
41241;Ernte-u.Betriebsbericht: Feldfrüchte und Grünland;JAHR;Jahr;1973;DINSG;Deutschland insgesamt;DG;Deutschland;FRUA01;Fruchtarten;FRUART053;Tabak;.;ha;FLC016;Anbaufläche
41241;Ernte-u.Betriebsbericht: Feldfrüchte und Grünland;JAHR;Jahr;2007;DINSG;Deutschland insgesamt;DG;Deutschland;FRUA01;Fruchtarten;FRUART034;Alle anderen Hackfrüchte;3558;ha;FLC016;Anbaufläche
41241;Ernte-u.Betriebsbericht: Feldfrüchte und Grünland;JAHR;Jahr;1952;DINSG;Deutschland insgesamt;DG;Deutschland;FRUA01;Fruchtarten;FRUART0123;Sommermenggetreide;212279;ha;FLC016;Anbaufläche
41241;Ernte-u.Betriebsbericht: Feldfrüchte und Grünland;JAHR;Jahr;1994;DINSG;Deutschland insgesamt;DG;Deutschland;FRUA01;Fruchtarten;FRUART014;Corn-Cob-Mix;95641;ha;FLC016;Anbaufläche
41241;Ernte-u.Betriebsbericht: Feldfrüchte und Grünland;JAHR;Jahr;1999;DINSG;Deutschland insgesamt;DG;Deutschland;FRUA01;Fruchtarten;FRUART065;Raufutter;4575597;ha;FLC016;Anbaufläche
41241;Ernte-u.Betriebsbericht: Feldfrüchte und Grünland;JAHR;Jahr;1985;DINSG;Deutschland insgesamt;DG;Deutschland;FRUA01;Fruchtarten;FRUART051;Ölfrüchte;.;ha;FLC016;Anbaufläche
41241;Ernte-u.Betriebsbericht: Feldfrüchte und Grünland;JAHR;Jahr;1966;DINSG;Deutschland insgesamt;DG;Deutschland;FRUA01;Fruchtarten;FRUART01113;Hartweizen (Durum);.;ha;FLC016;Anbaufläche
41241;Ernte-u.Betriebsbericht: Feldfrüchte und Grünland;JAHR;Jahr;2001;DINSG;Deutschland insgesamt;DG;Deutschland;FRUA01;Fruchtarten;FRUART052;Hopfen;19923;ha;FLC016;Anbaufläche
41241;Ernte-u.Betriebsbericht: Feldfrüchte und Grünland;JAHR;Jahr;1963;DINSG;Deutschland insgesamt;DG;Deutschland;FRUA01;Fruchtarten;FRUART062;Luzerne;.;ha;FLC016;Anbaufläche
41241;Ernte-u.Betriebsbericht: Feldfrüchte und Grünland;JAHR;Jahr;1984;DINSG;Deutschland insgesamt;DG;Deutschland;FRUA01;Fruchtarten;FRUART067;Lupinen;.;ha;FLC016;Anbaufläche
41241;Ernte-u.Betriebsbericht: Feldfrüchte und Grünland;JAHR;Jahr;1986;DINSG;Deutschland insgesamt;DG;Deutschland;FRUA01;Fruchtarten;FRUART0122;Hafer;505615;ha;FLC016;Anbaufläche
41241;Ernte-u.Betriebsbericht: Feldfrüchte und Grünland;JAHR;Jahr;1995;DINSG;Deutschland insgesamt;DG;Deutschland;FRUA01;Fruchtarten;FRUART0121;Gerste;2108700;ha;FLC016;Anbaufläche
41241;Ernte-u.Betriebsbericht: Feldfrüchte und Grünland;JAHR;Jahr;1960;DINSG;Deutschland insgesamt;DG;Deutschland;FRUA01;Fruchtarten;FRUART0513;Körnersonnenblumen;.;ha;FLC016;Anbaufläche
41241;Ernte-u.Betriebsbericht: Feldfrüchte und Grünland;JAHR;Jahr;1970;DINSG;Deutschland insgesamt;DG;Deutschland;FRUA01;Fruchtarten;FRUART0121;Gerste;1475281;ha;FLC016;Anbaufläche
41241;Ernte-u.Betriebsbericht: Feldfrüchte und Grünland;JAHR;Jahr;2007;DINSG;Deutschland insgesamt;DG;Deutschland;FRUA01;Fruchtarten;FRUART021;Futtererbsen;67668;ha;FLC016;Anbaufläche
41241;Ernte-u.Betriebsbericht: Feldfrüchte und Grünland;JAHR;Jahr;1958;DINSG;Deutschland insgesamt;DG;Deutschland;FRUA01;Fruchtarten;FRUART042;Gartenbausämereien,Vermehrungsanbau v.Blumenzwieb.;.;ha;FLC016;Anbaufläche
41241;Ernte-u.Betriebsbericht: Feldfrüchte und Grünland;JAHR;Jahr;1973;DINSG;Deutschland insgesamt;DG;Deutschland;FRUA01;Fruchtarten;FRUART066;Alle anderen Futterpflanzen;20728;ha;FLC016;Anbaufläche
41241;Ernte-u.Betriebsbericht: Feldfrüchte und Grünland;JAHR;Jahr;1999;DINSG;Deutschland insgesamt;DG;Deutschland;FRUA01;Fruchtarten;FRUART052;Hopfen;18492;ha;FLC016;Anbaufläche
41241;Ernte-u.Betriebsbericht: Feldfrüchte und Grünland;JAHR;Jahr;1977;DINSG;Deutschland insgesamt;DG;Deutschland;FRUA01;Fruchtarten;FRUART0122;Hafer;793084;ha;FLC016;Anbaufläche
41241;Ernte-u.Betriebsbericht: Feldfrüchte und Grünland;JAHR;Jahr;1962;DINSG;Deutschland insgesamt;DG;Deutschland;FRUA01;Fruchtarten;FRUART01212;Sommergerste;886995;ha;FLC016;Anbaufläche
41241;Ernte-u.Betriebsbericht: Feldfrüchte und Grünland;JAHR;Jahr;1961;DINSG;Deutschland insgesamt;DG;Deutschland;FRUA01;Fruchtarten;FRUART0121;Gerste;1119786;ha;FLC016;Anbaufläche
41241;Ernte-u.Betriebsbericht: Feldfrüchte und Grünland;JAHR;Jahr;1952;DINSG;Deutschland insgesamt;DG;Deutschland;FRUA01;Fruchtarten;FRUART05111;Winterraps;27796;ha;FLC016;Anbaufläche
41241;Ernte-u.Betriebsbericht: Feldfrüchte und Grünland;JAHR;Jahr;1987;DINSG;Deutschland insgesamt;DG;Deutschland;FRUA01;Fruchtarten;FRUART023;Alle anderen Hülsenfrüchte;57187;ha;FLC016;Anbaufläche
41241;Ernte-u.Betriebsbericht: Feldfrüchte und Grünland;JAHR;Jahr;1959;DINSG;Deutschland insgesamt;DG;Deutschland;FRUA01;Fruchtarten;FRUART0124;Triticale;.;ha;FLC016;Anbaufläche
41241;Ernte-u.Betriebsbericht: Feldfrüchte und Grünland;JAHR;Jahr;1985;DINSG;Deutschland insgesamt;DG;Deutschland;FRUA01;Fruchtarten;FRUART0514;Andere Ölfrüchte;.;ha;FLC016;Anbaufläche
41241;Ernte-u.Betriebsbericht: Feldfrüchte und Grünland;JAHR;Jahr;1985;DINSG;Deutschland insgesamt;DG;Deutschland;FRUA01;Fruchtarten;FRUART04OS;Gemüse, Spargel, Erdbeeren (ohne Samenbau);.;ha;FLC016;Anbaufläche
41241;Ernte-u.Betriebsbericht: Feldfrüchte und Grünland;JAHR;Jahr;2000;DINSG;Deutschland insgesamt;DG;Deutschland;FRUA01;Fruchtarten;FRUART055;Heil- und Gewürzpflanzen;5705;ha;FLC016;Anbaufläche
41241;Ernte-u.Betriebsbericht: Feldfrüchte und Grünland;JAHR;Jahr;1969;DINSG;Deutschland insgesamt;DG;Deutschland;FRUA01;Fruchtarten;FRUART031;Kartoffeln;588943;ha;FLC016;Anbaufläche
41241;Ernte-u.Betriebsbericht: Feldfrüchte und Grünland;JAHR;Jahr;1976;DINSG;Deutschland insgesamt;DG;Deutschland;FRUA01;Fruchtarten;FRUART0514;Andere Ölfrüchte;.;ha;FLC016;Anbaufläche
41241;Ernte-u.Betriebsbericht: Feldfrüchte und Grünland;JAHR;Jahr;1976;DINSG;Deutschland insgesamt;DG;Deutschland;FRUA01;Fruchtarten;FRUART04OS;Gemüse, Spargel, Erdbeeren (ohne Samenbau);.;ha;FLC016;Anbaufläche
41241;Ernte-u.Betriebsbericht: Feldfrüchte und Grünland;JAHR;Jahr;2002;DINSG;Deutschland insgesamt;DG;Deutschland;FRUA01;Fruchtarten;FRUART0113;Wintermenggetreide;9481;ha;FLC016;Anbaufläche
41241;Ernte-u.Betriebsbericht: Feldfrüchte und Grünland;JAHR;Jahr;1988;DINSG;Deutschland insgesamt;DG;Deutschland;FRUA01;Fruchtarten;FRUART05111;Winterraps;374479;ha;FLC016;Anbaufläche
41241;Ernte-u.Betriebsbericht: Feldfrüchte und Grünland;JAHR;Jahr;1998;DINSG;Deutschland insgesamt;DG;Deutschland;FRUA01;Fruchtarten;FRUART011;Brotgetreide;3748806;ha;FLC016;Anbaufläche
41241;Ernte-u.Betriebsbericht: Feldfrüchte und Grünland;JAHR;Jahr;1987;DINSG;Deutschland insgesamt;DG;Deutschland;FRUA01;Fruchtarten;FRUART031FSK;Frühe Speisekartoffeln;20579;ha;FLC016;Anbaufläche
41241;Ernte-u.Betriebsbericht: Feldfrüchte und Grünland;JAHR;Jahr;1976;DINSG;Deutschland insgesamt;DG;Deutschland;FRUA01;Fruchtarten;FRUART022;Ackerbohnen;13329;ha;FLC016;Anbaufläche
41241;Ernte-u.Betriebsbericht: Feldfrüchte und Grünland;JAHR;Jahr;1968;DINSG;Deutschland insgesamt;DG;Deutschland;FRUA01;Fruchtarten;FRUART0111;Weizen;1464002;ha;FLC016;Anbaufläche
41241;Ernte-u.Betriebsbericht: Feldfrüchte und Grünland;JAHR;Jahr;1962;DINSG;Deutschland insgesamt;DG;Deutschland;FRUA01;Fruchtarten;FRUART065;Raufutter;.;ha;FLC016;Anbaufläche
41241;Ernte-u.Betriebsbericht: Feldfrüchte und Grünland;JAHR;Jahr;2002;DINSG;Deutschland insgesamt;DG;Deutschland;FRUA01;Fruchtarten;FRUART01113;Hartweizen (Durum);4849;ha;FLC016;Anbaufläche
41241;Ernte-u.Betriebsbericht: Feldfrüchte und Grünland;JAHR;Jahr;2004;DINSG;Deutschland insgesamt;DG;Deutschland;FRUA01;Fruchtarten;FRUART065;Raufutter;4490515;ha;FLC016;Anbaufläche
41241;Ernte-u.Betriebsbericht: Feldfrüchte und Grünland;JAHR;Jahr;1988;DINSG;Deutschland insgesamt;DG;Deutschland;FRUA01;Fruchtarten;FRUART064;Silomais (einschl. Lieschkolbenschrot);930874;ha;FLC016;Anbaufläche
41241;Ernte-u.Betriebsbericht: Feldfrüchte und Grünland;JAHR;Jahr;1996;DINSG;Deutschland insgesamt;DG;Deutschland;FRUA01;Fruchtarten;FRUART05112;Sommerraps, Winter- und Sommerrübsen;76435;ha;FLC016;Anbaufläche
41241;Ernte-u.Betriebsbericht: Feldfrüchte und Grünland;JAHR;Jahr;1990;DINSG;Deutschland insgesamt;DG;Deutschland;FRUA01;Fruchtarten;FRUART031MUS;Mittelfrühe und späte Kartoffeln;513572;ha;FLC016;Anbaufläche
41241;Ernte-u.Betriebsbericht: Feldfrüchte und Grünland;JAHR;Jahr;1961;DINSG;Deutschland insgesamt;DG;Deutschland;FRUA01;Fruchtarten;FRUART023;Alle anderen Hülsenfrüchte;21887;ha;FLC016;Anbaufläche
41241;Ernte-u.Betriebsbericht: Feldfrüchte und Grünland;JAHR;Jahr;1960;DINSG;Deutschland insgesamt;DG;Deutschland;FRUA01;Fruchtarten;FRUART01113;Hartweizen (Durum);.;ha;FLC016;Anbaufläche
41241;Ernte-u.Betriebsbericht: Feldfrüchte und Grünland;JAHR;Jahr;1990;DINSG;Deutschland insgesamt;DG;Deutschland;FRUA01;Fruchtarten;FRUART021;Futtererbsen;23689;ha;FLC016;Anbaufläche
41241;Ernte-u.Betriebsbericht: Feldfrüchte und Grünland;JAHR;Jahr;1985;DINSG;Deutschland insgesamt;DG;Deutschland;FRUA01;Fruchtarten;FRUART0513;Körnersonnenblumen;.;ha;FLC016;Anbaufläche
41241;Ernte-u.Betriebsbericht: Feldfrüchte und Grünland;JAHR;Jahr;2005;DINSG;Deutschland insgesamt;DG;Deutschland;FRUA01;Fruchtarten;FRUART063;Feldgras/Grasanbau auf dem Ackerland;279400;ha;FLC016;Anbaufläche
41241;Ernte-u.Betriebsbericht: Feldfrüchte und Grünland;JAHR;Jahr;1963;DINSG;Deutschland insgesamt;DG;Deutschland;FRUA01;Fruchtarten;FRUART05111;Winterraps;34811;ha;FLC016;Anbaufläche
41241;Ernte-u.Betriebsbericht: Feldfrüchte und Grünland;JAHR;Jahr;1952;DINSG;Deutschland insgesamt;DG;Deutschland;FRUA01;Fruchtarten;FRUART061;Klee, Kleegras und Klee-Luzerne-Gemisch;859627;ha;FLC016;Anbaufläche
41241;Ernte-u.Betriebsbericht: Feldfrüchte und Grünland;JAHR;Jahr;1963;DINSG;Deutschland insgesamt;DG;Deutschland;FRUA01;Fruchtarten;FRUART01113;Hartweizen (Durum);.;ha;FLC016;Anbaufläche
41241;Ernte-u.Betriebsbericht: Feldfrüchte und Grünland;JAHR;Jahr;1976;DINSG;Deutschland insgesamt;DG;Deutschland;FRUA01;Fruchtarten;FRUART065;Raufutter;.;ha;FLC016;Anbaufläche
41241;Ernte-u.Betriebsbericht: Feldfrüchte und Grünland;JAHR;Jahr;1962;DINSG;Deutschland insgesamt;DG;Deutschland;FRUA01;Fruchtarten;FRUART064;Silomais (einschl. Lieschkolbenschrot);58106;ha;FLC016;Anbaufläche
41241;Ernte-u.Betriebsbericht: Feldfrüchte und Grünland;JAHR;Jahr;1982;DINSG;Deutschland insgesamt;DG;Deutschland;FRUA01;Fruchtarten;FRUART0123;Sommermenggetreide;164919;ha;FLC016;Anbaufläche
41241;Ernte-u.Betriebsbericht: Feldfrüchte und Grünland;JAHR;Jahr;1994;DINSG;Deutschland insgesamt;DG;Deutschland;FRUA01;Fruchtarten;FRUART031;Kartoffeln;293421;ha;FLC016;Anbaufläche
41241;Ernte-u.Betriebsbericht: Feldfrüchte und Grünland;JAHR;Jahr;1957;DINSG;Deutschland insgesamt;DG;Deutschland;FRUA01;Fruchtarten;FRUART01OKM;Getreide (ohne Körnermais und CCM);4905813;ha;FLC016;Anbaufläche
41241;Ernte-u.Betriebsbericht: Feldfrüchte und Grünland;JAHR;Jahr;1971;DINSG;Deutschland insgesamt;DG;Deutschland;FRUA01;Fruchtarten;FRUART014;Corn-Cob-Mix;.;ha;FLC016;Anbaufläche
41241;Ernte-u.Betriebsbericht: Feldfrüchte und Grünland;JAHR;Jahr;1961;DINSG;Deutschland insgesamt;DG;Deutschland;FRUA01;Fruchtarten;FRUART031MUS;Mittelfrühe und späte Kartoffeln;915525;ha;FLC016;Anbaufläche
41241;Ernte-u.Betriebsbericht: Feldfrüchte und Grünland;JAHR;Jahr;2004;DINSG;Deutschland insgesamt;DG;Deutschland;FRUA01;Fruchtarten;FRUART022;Ackerbohnen;15511;ha;FLC016;Anbaufläche
41241;Ernte-u.Betriebsbericht: Feldfrüchte und Grünland;JAHR;Jahr;1955;DINSG;Deutschland insgesamt;DG;Deutschland;FRUA01;Fruchtarten;FRUART0513;Körnersonnenblumen;.;ha;FLC016;Anbaufläche
41241;Ernte-u.Betriebsbericht: Feldfrüchte und Grünland;JAHR;Jahr;1975;DINSG;Deutschland insgesamt;DG;Deutschland;FRUA01;Fruchtarten;FRUART031MUS;Mittelfrühe und späte Kartoffeln;379596;ha;FLC016;Anbaufläche
41241;Ernte-u.Betriebsbericht: Feldfrüchte und Grünland;JAHR;Jahr;1961;DINSG;Deutschland insgesamt;DG;Deutschland;FRUA01;Fruchtarten;FRUART01111W;Weichweizen;.;ha;FLC016;Anbaufläche
41241;Ernte-u.Betriebsbericht: Feldfrüchte und Grünland;JAHR;Jahr;2007;DINSG;Deutschland insgesamt;DG;Deutschland;FRUA01;Fruchtarten;FRUART01212;Sommergerste;492819;ha;FLC016;Anbaufläche
41241;Ernte-u.Betriebsbericht: Feldfrüchte und Grünland;JAHR;Jahr;1977;DINSG;Deutschland insgesamt;DG;Deutschland;FRUA01;Fruchtarten;FRUART062;Luzerne;.;ha;FLC016;Anbaufläche
41241;Ernte-u.Betriebsbericht: Feldfrüchte und Grünland;JAHR;Jahr;1971;DINSG;Deutschland insgesamt;DG;Deutschland;FRUA01;Fruchtarten;FRUART0512;Flachs (Lein);.;ha;FLC016;Anbaufläche
41241;Ernte-u.Betriebsbericht: Feldfrüchte und Grünland;JAHR;Jahr;1993;DINSG;Deutschland insgesamt;DG;Deutschland;FRUA01;Fruchtarten;FRUART034;Alle anderen Hackfrüchte;5147;ha;FLC016;Anbaufläche
41241;Ernte-u.Betriebsbericht: Feldfrüchte und Grünland;JAHR;Jahr;1966;DINSG;Deutschland insgesamt;DG;Deutschland;FRUA01;Fruchtarten;FRUART061;Klee, Kleegras und Klee-Luzerne-Gemisch;522752;ha;FLC016;Anbaufläche
41241;Ernte-u.Betriebsbericht: Feldfrüchte und Grünland;JAHR;Jahr;1972;DINSG;Deutschland insgesamt;DG;Deutschland;FRUA01;Fruchtarten;FRUART011;Brotgetreide;2504579;ha;FLC016;Anbaufläche
41241;Ernte-u.Betriebsbericht: Feldfrüchte und Grünland;JAHR;Jahr;1957;DINSG;Deutschland insgesamt;DG;Deutschland;FRUA01;Fruchtarten;FRUART0112;Roggen;1475461;ha;FLC016;Anbaufläche
41241;Ernte-u.Betriebsbericht: Feldfrüchte und Grünland;JAHR;Jahr;1986;DINSG;Deutschland insgesamt;DG;Deutschland;FRUA01;Fruchtarten;FRUART056;Alle anderen Handelsgewächse;5474;ha;FLC016;Anbaufläche
41241;Ernte-u.Betriebsbericht: Feldfrüchte und Grünland;JAHR;Jahr;1987;DINSG;Deutschland insgesamt;DG;Deutschland;FRUA01;Fruchtarten;FRUART0112;Roggen;412019;ha;FLC016;Anbaufläche
41241;Ernte-u.Betriebsbericht: Feldfrüchte und Grünland;JAHR;Jahr;1956;DINSG;Deutschland insgesamt;DG;Deutschland;FRUA01;Fruchtarten;FRUART013CCM;Körnermais (einschl. CCM);7195;ha;FLC016;Anbaufläche
41241;Ernte-u.Betriebsbericht: Feldfrüchte und Grünland;JAHR;Jahr;2000;DINSG;Deutschland insgesamt;DG;Deutschland;FRUA01;Fruchtarten;FRUART012;Futter- und Industriegetreide;2833176;ha;FLC016;Anbaufläche
41241;Ernte-u.Betriebsbericht: Feldfrüchte und Grünland;JAHR;Jahr;1973;DINSG;Deutschland insgesamt;DG;Deutschland;FRUA01;Fruchtarten;FRUART052;Hopfen;19845;ha;FLC016;Anbaufläche
41241;Ernte-u.Betriebsbericht: Feldfrüchte und Grünland;JAHR;Jahr;1958;DINSG;Deutschland insgesamt;DG;Deutschland;FRUA01;Fruchtarten;FRUART056;Alle anderen Handelsgewächse;14505;ha;FLC016;Anbaufläche
41241;Ernte-u.Betriebsbericht: Feldfrüchte und Grünland;JAHR;Jahr;1979;DINSG;Deutschland insgesamt;DG;Deutschland;FRUA01;Fruchtarten;FRUART034;Alle anderen Hackfrüchte;10333;ha;FLC016;Anbaufläche
41241;Ernte-u.Betriebsbericht: Feldfrüchte und Grünland;JAHR;Jahr;2001;DINSG;Deutschland insgesamt;DG;Deutschland;FRUA01;Fruchtarten;FRUART053;Tabak;4163;ha;FLC016;Anbaufläche
41241;Ernte-u.Betriebsbericht: Feldfrüchte und Grünland;JAHR;Jahr;1991;DINSG;Deutschland insgesamt;DG;Deutschland;FRUA01;Fruchtarten;FRUART062;Luzerne;109523;ha;FLC016;Anbaufläche
41241;Ernte-u.Betriebsbericht: Feldfrüchte und Grünland;JAHR;Jahr;1989;DINSG;Deutschland insgesamt;DG;Deutschland;FRUA01;Fruchtarten;FRUART012;Futter- und Industriegetreide;2261105;ha;FLC016;Anbaufläche
41241;Ernte-u.Betriebsbericht: Feldfrüchte und Grünland;JAHR;Jahr;1961;DINSG;Deutschland insgesamt;DG;Deutschland;FRUA01;Fruchtarten;FRUART067;Lupinen;.;ha;FLC016;Anbaufläche
41241;Ernte-u.Betriebsbericht: Feldfrüchte und Grünland;JAHR;Jahr;1976;DINSG;Deutschland insgesamt;DG;Deutschland;FRUA01;Fruchtarten;FRUART052;Hopfen;19500;ha;FLC016;Anbaufläche
41241;Ernte-u.Betriebsbericht: Feldfrüchte und Grünland;JAHR;Jahr;1989;DINSG;Deutschland insgesamt;DG;Deutschland;FRUA01;Fruchtarten;FRUART0512;Flachs (Lein);.;ha;FLC016;Anbaufläche
41241;Ernte-u.Betriebsbericht: Feldfrüchte und Grünland;JAHR;Jahr;1962;DINSG;Deutschland insgesamt;DG;Deutschland;FRUA01;Fruchtarten;FRUART051;Ölfrüchte;.;ha;FLC016;Anbaufläche
41241;Ernte-u.Betriebsbericht: Feldfrüchte und Grünland;JAHR;Jahr;1980;DINSG;Deutschland insgesamt;DG;Deutschland;FRUA01;Fruchtarten;FRUART0511;Raps und Rübsen;137975;ha;FLC016;Anbaufläche
41241;Ernte-u.Betriebsbericht: Feldfrüchte und Grünland;JAHR;Jahr;1984;DINSG;Deutschland insgesamt;DG;Deutschland;FRUA01;Fruchtarten;FRUART01111;Winterweizen;1552818;ha;FLC016;Anbaufläche
41241;Ernte-u.Betriebsbericht: Feldfrüchte und Grünland;JAHR;Jahr;1973;DINSG;Deutschland insgesamt;DG;Deutschland;FRUA01;Fruchtarten;FRUART0124;Triticale;.;ha;FLC016;Anbaufläche
41241;Ernte-u.Betriebsbericht: Feldfrüchte und Grünland;JAHR;Jahr;1979;DINSG;Deutschland insgesamt;DG;Deutschland;FRUA01;Fruchtarten;FRUART031INK;Industriekartoffeln;.;ha;FLC016;Anbaufläche
41241;Ernte-u.Betriebsbericht: Feldfrüchte und Grünland;JAHR;Jahr;1990;DINSG;Deutschland insgesamt;DG;Deutschland;FRUA01;Fruchtarten;FRUART0113;Wintermenggetreide;.;ha;FLC016;Anbaufläche
41241;Ernte-u.Betriebsbericht: Feldfrüchte und Grünland;JAHR;Jahr;1951;DINSG;Deutschland insgesamt;DG;Deutschland;FRUA01;Fruchtarten;FRUART01OKM;Getreide (ohne Körnermais und CCM);4399220;ha;FLC016;Anbaufläche
41241;Ernte-u.Betriebsbericht: Feldfrüchte und Grünland;JAHR;Jahr;1977;DINSG;Deutschland insgesamt;DG;Deutschland;FRUA01;Fruchtarten;FRUART05111;Winterraps;96899;ha;FLC016;Anbaufläche
41241;Ernte-u.Betriebsbericht: Feldfrüchte und Grünland;JAHR;Jahr;1992;DINSG;Deutschland insgesamt;DG;Deutschland;FRUA01;Fruchtarten;FRUART01OKM;Getreide (ohne Körnermais und CCM);6218797;ha;FLC016;Anbaufläche
41241;Ernte-u.Betriebsbericht: Feldfrüchte und Grünland;JAHR;Jahr;1975;DINSG;Deutschland insgesamt;DG;Deutschland;FRUA01;Fruchtarten;FRUART01111W;Weichweizen;.;ha;FLC016;Anbaufläche
41241;Ernte-u.Betriebsbericht: Feldfrüchte und Grünland;JAHR;Jahr;1951;DINSG;Deutschland insgesamt;DG;Deutschland;FRUA01;Fruchtarten;FRUART033;Runkelrüben;566877;ha;FLC016;Anbaufläche
41241;Ernte-u.Betriebsbericht: Feldfrüchte und Grünland;JAHR;Jahr;1964;DINSG;Deutschland insgesamt;DG;Deutschland;FRUA01;Fruchtarten;FRUART023;Alle anderen Hülsenfrüchte;23588;ha;FLC016;Anbaufläche
41241;Ernte-u.Betriebsbericht: Feldfrüchte und Grünland;JAHR;Jahr;1987;DINSG;Deutschland insgesamt;DG;Deutschland;FRUA01;Fruchtarten;FRUART066;Alle anderen Futterpflanzen;12034;ha;FLC016;Anbaufläche
41241;Ernte-u.Betriebsbericht: Feldfrüchte und Grünland;JAHR;Jahr;1966;DINSG;Deutschland insgesamt;DG;Deutschland;FRUA01;Fruchtarten;FRUART0124;Triticale;.;ha;FLC016;Anbaufläche
41241;Ernte-u.Betriebsbericht: Feldfrüchte und Grünland;JAHR;Jahr;1998;DINSG;Deutschland insgesamt;DG;Deutschland;FRUA01;Fruchtarten;FRUART054;Rüben und Gräser zur Samengewinnung;31382;ha;FLC016;Anbaufläche
41241;Ernte-u.Betriebsbericht: Feldfrüchte und Grünland;JAHR;Jahr;1976;DINSG;Deutschland insgesamt;DG;Deutschland;FRUA01;Fruchtarten;FRUART01111;Winterweizen;1403331;ha;FLC016;Anbaufläche
41241;Ernte-u.Betriebsbericht: Feldfrüchte und Grünland;JAHR;Jahr;2002;DINSG;Deutschland insgesamt;DG;Deutschland;FRUA01;Fruchtarten;FRUART063;Feldgras/Grasanbau auf dem Ackerland;190487;ha;FLC016;Anbaufläche
41241;Ernte-u.Betriebsbericht: Feldfrüchte und Grünland;JAHR;Jahr;1968;DINSG;Deutschland insgesamt;DG;Deutschland;FRUA01;Fruchtarten;FRUART033;Runkelrüben;336685;ha;FLC016;Anbaufläche
41241;Ernte-u.Betriebsbericht: Feldfrüchte und Grünland;JAHR;Jahr;1972;DINSG;Deutschland insgesamt;DG;Deutschland;FRUA01;Fruchtarten;FRUART042;Gartenbausämereien,Vermehrungsanbau v.Blumenzwieb.;.;ha;FLC016;Anbaufläche
41241;Ernte-u.Betriebsbericht: Feldfrüchte und Grünland;JAHR;Jahr;1983;DINSG;Deutschland insgesamt;DG;Deutschland;FRUA01;Fruchtarten;FRUART056;Alle anderen Handelsgewächse;3796;ha;FLC016;Anbaufläche
41241;Ernte-u.Betriebsbericht: Feldfrüchte und Grünland;JAHR;Jahr;2008;DINSG;Deutschland insgesamt;DG;Deutschland;FRUA01;Fruchtarten;FRUART032;Zuckerrüben;369300;ha;FLC016;Anbaufläche
41241;Ernte-u.Betriebsbericht: Feldfrüchte und Grünland;JAHR;Jahr;1960;DINSG;Deutschland insgesamt;DG;Deutschland;FRUA01;Fruchtarten;FRUART013;Körnermais;.;ha;FLC016;Anbaufläche
41241;Ernte-u.Betriebsbericht: Feldfrüchte und Grünland;JAHR;Jahr;2002;DINSG;Deutschland insgesamt;DG;Deutschland;FRUA01;Fruchtarten;FRUART031INK;Industriekartoffeln;167753;ha;FLC016;Anbaufläche
41241;Ernte-u.Betriebsbericht: Feldfrüchte und Grünland;JAHR;Jahr;1998;DINSG;Deutschland insgesamt;DG;Deutschland;FRUA01;Fruchtarten;FRUART041;Blumen u. Zierpflanzen einschl.Jungpfl.(o.Samenb.);8497;ha;FLC016;Anbaufläche
41241;Ernte-u.Betriebsbericht: Feldfrüchte und Grünland;JAHR;Jahr;1979;DINSG;Deutschland insgesamt;DG;Deutschland;FRUA01;Fruchtarten;FRUART021;Futtererbsen;.;ha;FLC016;Anbaufläche
41241;Ernte-u.Betriebsbericht: Feldfrüchte und Grünland;JAHR;Jahr;1998;DINSG;Deutschland insgesamt;DG;Deutschland;FRUA01;Fruchtarten;FRUART0511;Raps und Rübsen;1007225;ha;FLC016;Anbaufläche
41241;Ernte-u.Betriebsbericht: Feldfrüchte und Grünland;JAHR;Jahr;1962;DINSG;Deutschland insgesamt;DG;Deutschland;FRUA01;Fruchtarten;FRUART031FSK;Frühe Speisekartoffeln;62204;ha;FLC016;Anbaufläche
41241;Ernte-u.Betriebsbericht: Feldfrüchte und Grünland;JAHR;Jahr;1959;DINSG;Deutschland insgesamt;DG;Deutschland;FRUA01;Fruchtarten;FRUART053;Tabak;.;ha;FLC016;Anbaufläche
41241;Ernte-u.Betriebsbericht: Feldfrüchte und Grünland;JAHR;Jahr;1972;DINSG;Deutschland insgesamt;DG;Deutschland;FRUA01;Fruchtarten;FRUART055;Heil- und Gewürzpflanzen;.;ha;FLC016;Anbaufläche
41241;Ernte-u.Betriebsbericht: Feldfrüchte und Grünland;JAHR;Jahr;2001;DINSG;Deutschland insgesamt;DG;Deutschland;FRUA01;Fruchtarten;FRUART066;Alle anderen Futterpflanzen;42245;ha;FLC016;Anbaufläche
41241;Ernte-u.Betriebsbericht: Feldfrüchte und Grünland;JAHR;Jahr;1977;DINSG;Deutschland insgesamt;DG;Deutschland;FRUA01;Fruchtarten;FRUART031SPK;Speisekartoffeln;.;ha;FLC016;Anbaufläche
41241;Ernte-u.Betriebsbericht: Feldfrüchte und Grünland;JAHR;Jahr;1986;DINSG;Deutschland insgesamt;DG;Deutschland;FRUA01;Fruchtarten;FRUART012;Futter- und Industriegetreide;2552305;ha;FLC016;Anbaufläche
41241;Ernte-u.Betriebsbericht: Feldfrüchte und Grünland;JAHR;Jahr;1955;DINSG;Deutschland insgesamt;DG;Deutschland;FRUA01;Fruchtarten;FRUART05111;Winterraps;6725;ha;FLC016;Anbaufläche
41241;Ernte-u.Betriebsbericht: Feldfrüchte und Grünland;JAHR;Jahr;1961;DINSG;Deutschland insgesamt;DG;Deutschland;FRUA01;Fruchtarten;FRUART054;Rüben und Gräser zur Samengewinnung;20623;ha;FLC016;Anbaufläche
41241;Ernte-u.Betriebsbericht: Feldfrüchte und Grünland;JAHR;Jahr;1958;DINSG;Deutschland insgesamt;DG;Deutschland;FRUA01;Fruchtarten;FRUART012;Futter- und Industriegetreide;2056946;ha;FLC016;Anbaufläche
41241;Ernte-u.Betriebsbericht: Feldfrüchte und Grünland;JAHR;Jahr;1975;DINSG;Deutschland insgesamt;DG;Deutschland;FRUA01;Fruchtarten;FRUART011;Brotgetreide;2220337;ha;FLC016;Anbaufläche
41241;Ernte-u.Betriebsbericht: Feldfrüchte und Grünland;JAHR;Jahr;2006;DINSG;Deutschland insgesamt;DG;Deutschland;FRUA01;Fruchtarten;FRUART0124;Triticale;404600;ha;FLC016;Anbaufläche
41241;Ernte-u.Betriebsbericht: Feldfrüchte und Grünland;JAHR;Jahr;1964;DINSG;Deutschland insgesamt;DG;Deutschland;FRUA01;Fruchtarten;FRUART0112;Roggen;1146192;ha;FLC016;Anbaufläche
41241;Ernte-u.Betriebsbericht: Feldfrüchte und Grünland;JAHR;Jahr;2001;DINSG;Deutschland insgesamt;DG;Deutschland;FRUA01;Fruchtarten;FRUART01212;Sommergerste;638790;ha;FLC016;Anbaufläche
41241;Ernte-u.Betriebsbericht: Feldfrüchte und Grünland;JAHR;Jahr;1969;DINSG;Deutschland insgesamt;DG;Deutschland;FRUA01;Fruchtarten;FRUART05111;Winterraps;64976;ha;FLC016;Anbaufläche
41241;Ernte-u.Betriebsbericht: Feldfrüchte und Grünland;JAHR;Jahr;1956;DINSG;Deutschland insgesamt;DG;Deutschland;FRUA01;Fruchtarten;FRUART0121;Gerste;858711;ha;FLC016;Anbaufläche
41241;Ernte-u.Betriebsbericht: Feldfrüchte und Grünland;JAHR;Jahr;1973;DINSG;Deutschland insgesamt;DG;Deutschland;FRUA01;Fruchtarten;FRUART0111;Weizen;1603080;ha;FLC016;Anbaufläche
41241;Ernte-u.Betriebsbericht: Feldfrüchte und Grünland;JAHR;Jahr;1965;DINSG;Deutschland insgesamt;DG;Deutschland;FRUA01;Fruchtarten;FRUART064;Silomais (einschl. Lieschkolbenschrot);100143;ha;FLC016;Anbaufläche
41241;Ernte-u.Betriebsbericht: Feldfrüchte und Grünland;JAHR;Jahr;1993;DINSG;Deutschland insgesamt;DG;Deutschland;FRUA01;Fruchtarten;FRUART013CCM;Körnermais (einschl. CCM);331115;ha;FLC016;Anbaufläche
41241;Ernte-u.Betriebsbericht: Feldfrüchte und Grünland;JAHR;Jahr;1987;DINSG;Deutschland insgesamt;DG;Deutschland;FRUA01;Fruchtarten;FRUART053;Tabak;.;ha;FLC016;Anbaufläche
41241;Ernte-u.Betriebsbericht: Feldfrüchte und Grünland;JAHR;Jahr;1990;DINSG;Deutschland insgesamt;DG;Deutschland;FRUA01;Fruchtarten;FRUART034;Alle anderen Hackfrüchte;9922;ha;FLC016;Anbaufläche
41241;Ernte-u.Betriebsbericht: Feldfrüchte und Grünland;JAHR;Jahr;2007;DINSG;Deutschland insgesamt;DG;Deutschland;FRUA01;Fruchtarten;FRUART01OKM;Getreide (ohne Körnermais und CCM);6168480;ha;FLC016;Anbaufläche
41241;Ernte-u.Betriebsbericht: Feldfrüchte und Grünland;JAHR;Jahr;2000;DINSG;Deutschland insgesamt;DG;Deutschland;FRUA01;Fruchtarten;FRUART031SPK;Speisekartoffeln;112027;ha;FLC016;Anbaufläche
41241;Ernte-u.Betriebsbericht: Feldfrüchte und Grünland;JAHR;Jahr;2004;DINSG;Deutschland insgesamt;DG;Deutschland;FRUA01;Fruchtarten;FRUART0512;Flachs (Lein);12933;ha;FLC016;Anbaufläche
41241;Ernte-u.Betriebsbericht: Feldfrüchte und Grünland;JAHR;Jahr;1966;DINSG;Deutschland insgesamt;DG;Deutschland;FRUA01;Fruchtarten;FRUART0111;Weizen;1388735;ha;FLC016;Anbaufläche
41241;Ernte-u.Betriebsbericht: Feldfrüchte und Grünland;JAHR;Jahr;2009;DINSG;Deutschland insgesamt;DG;Deutschland;FRUA01;Fruchtarten;FRUART042;Gartenbausämereien,Vermehrungsanbau v.Blumenzwieb.;900;ha;FLC016;Anbaufläche
41241;Ernte-u.Betriebsbericht: Feldfrüchte und Grünland;JAHR;Jahr;1978;DINSG;Deutschland insgesamt;DG;Deutschland;FRUA01;Fruchtarten;FRUART011;Brotgetreide;2292819;ha;FLC016;Anbaufläche
41241;Ernte-u.Betriebsbericht: Feldfrüchte und Grünland;JAHR;Jahr;2006;DINSG;Deutschland insgesamt;DG;Deutschland;FRUA01;Fruchtarten;FRUART0111;Weizen;3114700;ha;FLC016;Anbaufläche
41241;Ernte-u.Betriebsbericht: Feldfrüchte und Grünland;JAHR;Jahr;1955;DINSG;Deutschland insgesamt;DG;Deutschland;FRUA01;Fruchtarten;FRUART056;Alle anderen Handelsgewächse;19512;ha;FLC016;Anbaufläche
41241;Ernte-u.Betriebsbericht: Feldfrüchte und Grünland;JAHR;Jahr;1990;DINSG;Deutschland insgesamt;DG;Deutschland;FRUA01;Fruchtarten;FRUART0514;Andere Ölfrüchte;19167;ha;FLC016;Anbaufläche
41241;Ernte-u.Betriebsbericht: Feldfrüchte und Grünland;JAHR;Jahr;1990;DINSG;Deutschland insgesamt;DG;Deutschland;FRUA01;Fruchtarten;FRUART04OS;Gemüse, Spargel, Erdbeeren (ohne Samenbau);125280;ha;FLC016;Anbaufläche
41241;Ernte-u.Betriebsbericht: Feldfrüchte und Grünland;JAHR;Jahr;1955;DINSG;Deutschland insgesamt;DG;Deutschland;FRUA01;Fruchtarten;FRUART01113;Hartweizen (Durum);.;ha;FLC016;Anbaufläche
41241;Ernte-u.Betriebsbericht: Feldfrüchte und Grünland;JAHR;Jahr;1958;DINSG;Deutschland insgesamt;DG;Deutschland;FRUA01;Fruchtarten;FRUART05111;Winterraps;24442;ha;FLC016;Anbaufläche
41241;Ernte-u.Betriebsbericht: Feldfrüchte und Grünland;JAHR;Jahr;1965;DINSG;Deutschland insgesamt;DG;Deutschland;FRUA01;Fruchtarten;FRUART051;Ölfrüchte;.;ha;FLC016;Anbaufläche
41241;Ernte-u.Betriebsbericht: Feldfrüchte und Grünland;JAHR;Jahr;1965;DINSG;Deutschland insgesamt;DG;Deutschland;FRUA01;Fruchtarten;FRUART01OKM;Getreide (ohne Körnermais und CCM);4897439;ha;FLC016;Anbaufläche
41241;Ernte-u.Betriebsbericht: Feldfrüchte und Grünland;JAHR;Jahr;2002;DINSG;Deutschland insgesamt;DG;Deutschland;FRUA01;Fruchtarten;FRUART0513;Körnersonnenblumen;26101;ha;FLC016;Anbaufläche
41241;Ernte-u.Betriebsbericht: Feldfrüchte und Grünland;JAHR;Jahr;1962;DINSG;Deutschland insgesamt;DG;Deutschland;FRUA01;Fruchtarten;FRUART0513;Körnersonnenblumen;.;ha;FLC016;Anbaufläche
41241;Ernte-u.Betriebsbericht: Feldfrüchte und Grünland;JAHR;Jahr;1964;DINSG;Deutschland insgesamt;DG;Deutschland;FRUA01;Fruchtarten;FRUART067;Lupinen;.;ha;FLC016;Anbaufläche
41241;Ernte-u.Betriebsbericht: Feldfrüchte und Grünland;JAHR;Jahr;1991;DINSG;Deutschland insgesamt;DG;Deutschland;FRUA01;Fruchtarten;FRUART0122;Hafer;379678;ha;FLC016;Anbaufläche
41241;Ernte-u.Betriebsbericht: Feldfrüchte und Grünland;JAHR;Jahr;1982;DINSG;Deutschland insgesamt;DG;Deutschland;FRUA01;Fruchtarten;FRUART033;Runkelrüben;127508;ha;FLC016;Anbaufläche
41241;Ernte-u.Betriebsbericht: Feldfrüchte und Grünland;JAHR;Jahr;1969;DINSG;Deutschland insgesamt;DG;Deutschland;FRUA01;Fruchtarten;FRUART061;Klee, Kleegras und Klee-Luzerne-Gemisch;419487;ha;FLC016;Anbaufläche
41241;Ernte-u.Betriebsbericht: Feldfrüchte und Grünland;JAHR;Jahr;1979;DINSG;Deutschland insgesamt;DG;Deutschland;FRUA01;Fruchtarten;FRUART0122;Hafer;728337;ha;FLC016;Anbaufläche
41241;Ernte-u.Betriebsbericht: Feldfrüchte und Grünland;JAHR;Jahr;1979;DINSG;Deutschland insgesamt;DG;Deutschland;FRUA01;Fruchtarten;FRUART052;Hopfen;17122;ha;FLC016;Anbaufläche
41241;Ernte-u.Betriebsbericht: Feldfrüchte und Grünland;JAHR;Jahr;1952;DINSG;Deutschland insgesamt;DG;Deutschland;FRUA01;Fruchtarten;FRUART01113;Hartweizen (Durum);.;ha;FLC016;Anbaufläche
41241;Ernte-u.Betriebsbericht: Feldfrüchte und Grünland;JAHR;Jahr;1959;DINSG;Deutschland insgesamt;DG;Deutschland;FRUA01;Fruchtarten;FRUART066;Alle anderen Futterpflanzen;38192;ha;FLC016;Anbaufläche
41241;Ernte-u.Betriebsbericht: Feldfrüchte und Grünland;JAHR;Jahr;1996;DINSG;Deutschland insgesamt;DG;Deutschland;FRUA01;Fruchtarten;FRUART034;Alle anderen Hackfrüchte;4289;ha;FLC016;Anbaufläche
41241;Ernte-u.Betriebsbericht: Feldfrüchte und Grünland;JAHR;Jahr;2003;DINSG;Deutschland insgesamt;DG;Deutschland;FRUA01;Fruchtarten;FRUART0121;Gerste;2074622;ha;FLC016;Anbaufläche
41241;Ernte-u.Betriebsbericht: Feldfrüchte und Grünland;JAHR;Jahr;1990;DINSG;Deutschland insgesamt;DG;Deutschland;FRUA01;Fruchtarten;FRUART052;Hopfen;22439;ha;FLC016;Anbaufläche
41241;Ernte-u.Betriebsbericht: Feldfrüchte und Grünland;JAHR;Jahr;1964;DINSG;Deutschland insgesamt;DG;Deutschland;FRUA01;Fruchtarten;FRUART0512;Flachs (Lein);.;ha;FLC016;Anbaufläche
41241;Ernte-u.Betriebsbericht: Feldfrüchte und Grünland;JAHR;Jahr;2004;DINSG;Deutschland insgesamt;DG;Deutschland;FRUA01;Fruchtarten;FRUART0112;Roggen;624945;ha;FLC016;Anbaufläche
41241;Ernte-u.Betriebsbericht: Feldfrüchte und Grünland;JAHR;Jahr;1996;DINSG;Deutschland insgesamt;DG;Deutschland;FRUA01;Fruchtarten;FRUART021;Futtererbsen;87344;ha;FLC016;Anbaufläche
41241;Ernte-u.Betriebsbericht: Feldfrüchte und Grünland;JAHR;Jahr;1980;DINSG;Deutschland insgesamt;DG;Deutschland;FRUA01;Fruchtarten;FRUART061;Klee, Kleegras und Klee-Luzerne-Gemisch;205634;ha;FLC016;Anbaufläche
41241;Ernte-u.Betriebsbericht: Feldfrüchte und Grünland;JAHR;Jahr;1971;DINSG;Deutschland insgesamt;DG;Deutschland;FRUA01;Fruchtarten;FRUART01113;Hartweizen (Durum);.;ha;FLC016;Anbaufläche
41241;Ernte-u.Betriebsbericht: Feldfrüchte und Grünland;JAHR;Jahr;1968;DINSG;Deutschland insgesamt;DG;Deutschland;FRUA01;Fruchtarten;FRUART01111;Winterweizen;1303671;ha;FLC016;Anbaufläche
41241;Ernte-u.Betriebsbericht: Feldfrüchte und Grünland;JAHR;Jahr;1979;DINSG;Deutschland insgesamt;DG;Deutschland;FRUA01;Fruchtarten;FRUART065;Raufutter;.;ha;FLC016;Anbaufläche
41241;Ernte-u.Betriebsbericht: Feldfrüchte und Grünland;JAHR;Jahr;1950;DINSG;Deutschland insgesamt;DG;Deutschland;FRUA01;Fruchtarten;FRUART0123;Sommermenggetreide;182433;ha;FLC016;Anbaufläche
41241;Ernte-u.Betriebsbericht: Feldfrüchte und Grünland;JAHR;Jahr;1961;DINSG;Deutschland insgesamt;DG;Deutschland;FRUA01;Fruchtarten;FRUART041;Blumen u. Zierpflanzen einschl.Jungpfl.(o.Samenb.);.;ha;FLC016;Anbaufläche
41241;Ernte-u.Betriebsbericht: Feldfrüchte und Grünland;JAHR;Jahr;1974;DINSG;Deutschland insgesamt;DG;Deutschland;FRUA01;Fruchtarten;FRUART014;Corn-Cob-Mix;.;ha;FLC016;Anbaufläche
41241;Ernte-u.Betriebsbericht: Feldfrüchte und Grünland;JAHR;Jahr;1962;DINSG;Deutschland insgesamt;DG;Deutschland;FRUA01;Fruchtarten;FRUART01OKM;Getreide (ohne Körnermais und CCM);4886028;ha;FLC016;Anbaufläche
41241;Ernte-u.Betriebsbericht: Feldfrüchte und Grünland;JAHR;Jahr;2007;DINSG;Deutschland insgesamt;DG;Deutschland;FRUA01;Fruchtarten;FRUART013CCM;Körnermais (einschl. CCM);403210;ha;FLC016;Anbaufläche
41241;Ernte-u.Betriebsbericht: Feldfrüchte und Grünland;JAHR;Jahr;2001;DINSG;Deutschland insgesamt;DG;Deutschland;FRUA01;Fruchtarten;FRUART031MUS;Mittelfrühe und späte Kartoffeln;266148;ha;FLC016;Anbaufläche
41241;Ernte-u.Betriebsbericht: Feldfrüchte und Grünland;JAHR;Jahr;1983;DINSG;Deutschland insgesamt;DG;Deutschland;FRUA01;Fruchtarten;FRUART061;Klee, Kleegras und Klee-Luzerne-Gemisch;189526;ha;FLC016;Anbaufläche
41241;Ernte-u.Betriebsbericht: Feldfrüchte und Grünland;JAHR;Jahr;1968;DINSG;Deutschland insgesamt;DG;Deutschland;FRUA01;Fruchtarten;FRUART064;Silomais (einschl. Lieschkolbenschrot);122076;ha;FLC016;Anbaufläche
41241;Ernte-u.Betriebsbericht: Feldfrüchte und Grünland;JAHR;Jahr;2001;DINSG;Deutschland insgesamt;DG;Deutschland;FRUA01;Fruchtarten;FRUART022;Ackerbohnen;20624;ha;FLC016;Anbaufläche
41241;Ernte-u.Betriebsbericht: Feldfrüchte und Grünland;JAHR;Jahr;1989;DINSG;Deutschland insgesamt;DG;Deutschland;FRUA01;Fruchtarten;FRUART01111W;Weichweizen;.;ha;FLC016;Anbaufläche
41241;Ernte-u.Betriebsbericht: Feldfrüchte und Grünland;JAHR;Jahr;1993;DINSG;Deutschland insgesamt;DG;Deutschland;FRUA01;Fruchtarten;FRUART0121;Gerste;2200764;ha;FLC016;Anbaufläche
41241;Ernte-u.Betriebsbericht: Feldfrüchte und Grünland;JAHR;Jahr;1981;DINSG;Deutschland insgesamt;DG;Deutschland;FRUA01;Fruchtarten;FRUART01OKM;Getreide (ohne Körnermais und CCM);5001057;ha;FLC016;Anbaufläche
41241;Ernte-u.Betriebsbericht: Feldfrüchte und Grünland;JAHR;Jahr;1976;DINSG;Deutschland insgesamt;DG;Deutschland;FRUA01;Fruchtarten;FRUART031INK;Industriekartoffeln;.;ha;FLC016;Anbaufläche
41241;Ernte-u.Betriebsbericht: Feldfrüchte und Grünland;JAHR;Jahr;1975;DINSG;Deutschland insgesamt;DG;Deutschland;FRUA01;Fruchtarten;FRUART055;Heil- und Gewürzpflanzen;.;ha;FLC016;Anbaufläche
41241;Ernte-u.Betriebsbericht: Feldfrüchte und Grünland;JAHR;Jahr;1963;DINSG;Deutschland insgesamt;DG;Deutschland;FRUA01;Fruchtarten;FRUART013;Körnermais;.;ha;FLC016;Anbaufläche
41241;Ernte-u.Betriebsbericht: Feldfrüchte und Grünland;JAHR;Jahr;1956;DINSG;Deutschland insgesamt;DG;Deutschland;FRUA01;Fruchtarten;FRUART053;Tabak;.;ha;FLC016;Anbaufläche
41241;Ernte-u.Betriebsbericht: Feldfrüchte und Grünland;JAHR;Jahr;1993;DINSG;Deutschland insgesamt;DG;Deutschland;FRUA01;Fruchtarten;FRUART065;Raufutter;4543133;ha;FLC016;Anbaufläche
41241;Ernte-u.Betriebsbericht: Feldfrüchte und Grünland;JAHR;Jahr;1992;DINSG;Deutschland insgesamt;DG;Deutschland;FRUA01;Fruchtarten;FRUART0513;Körnersonnenblumen;64993;ha;FLC016;Anbaufläche
41241;Ernte-u.Betriebsbericht: Feldfrüchte und Grünland;JAHR;Jahr;1967;DINSG;Deutschland insgesamt;DG;Deutschland;FRUA01;Fruchtarten;FRUART023;Alle anderen Hülsenfrüchte;16144;ha;FLC016;Anbaufläche
41241;Ernte-u.Betriebsbericht: Feldfrüchte und Grünland;JAHR;Jahr;1963;DINSG;Deutschland insgesamt;DG;Deutschland;FRUA01;Fruchtarten;FRUART0121;Gerste;1143666;ha;FLC016;Anbaufläche
41241;Ernte-u.Betriebsbericht: Feldfrüchte und Grünland;JAHR;Jahr;2005;DINSG;Deutschland insgesamt;DG;Deutschland;FRUA01;Fruchtarten;FRUART032;Zuckerrüben;420100;ha;FLC016;Anbaufläche
41241;Ernte-u.Betriebsbericht: Feldfrüchte und Grünland;JAHR;Jahr;1985;DINSG;Deutschland insgesamt;DG;Deutschland;FRUA01;Fruchtarten;FRUART033;Runkelrüben;101990;ha;FLC016;Anbaufläche
41241;Ernte-u.Betriebsbericht: Feldfrüchte und Grünland;JAHR;Jahr;1978;DINSG;Deutschland insgesamt;DG;Deutschland;FRUA01;Fruchtarten;FRUART0514;Andere Ölfrüchte;.;ha;FLC016;Anbaufläche
41241;Ernte-u.Betriebsbericht: Feldfrüchte und Grünland;JAHR;Jahr;1978;DINSG;Deutschland insgesamt;DG;Deutschland;FRUA01;Fruchtarten;FRUART04OS;Gemüse, Spargel, Erdbeeren (ohne Samenbau);.;ha;FLC016;Anbaufläche
41241;Ernte-u.Betriebsbericht: Feldfrüchte und Grünland;JAHR;Jahr;1997;DINSG;Deutschland insgesamt;DG;Deutschland;FRUA01;Fruchtarten;FRUART031;Kartoffeln;303584;ha;FLC016;Anbaufläche
41241;Ernte-u.Betriebsbericht: Feldfrüchte und Grünland;JAHR;Jahr;1955;DINSG;Deutschland insgesamt;DG;Deutschland;FRUA01;Fruchtarten;FRUART012;Futter- und Industriegetreide;2098226;ha;FLC016;Anbaufläche
41241;Ernte-u.Betriebsbericht: Feldfrüchte und Grünland;JAHR;Jahr;2008;DINSG;Deutschland insgesamt;DG;Deutschland;FRUA01;Fruchtarten;FRUART014;Corn-Cob-Mix;105100;ha;FLC016;Anbaufläche
41241;Ernte-u.Betriebsbericht: Feldfrüchte und Grünland;JAHR;Jahr;1990;DINSG;Deutschland insgesamt;DG;Deutschland;FRUA01;Fruchtarten;FRUART05111;Winterraps;.;ha;FLC016;Anbaufläche
41241;Ernte-u.Betriebsbericht: Feldfrüchte und Grünland;JAHR;Jahr;1978;DINSG;Deutschland insgesamt;DG;Deutschland;FRUA01;Fruchtarten;FRUART055;Heil- und Gewürzpflanzen;.;ha;FLC016;Anbaufläche
41241;Ernte-u.Betriebsbericht: Feldfrüchte und Grünland;JAHR;Jahr;1990;DINSG;Deutschland insgesamt;DG;Deutschland;FRUA01;Fruchtarten;FRUART065;Raufutter;4641201;ha;FLC016;Anbaufläche
41241;Ernte-u.Betriebsbericht: Feldfrüchte und Grünland;JAHR;Jahr;2002;DINSG;Deutschland insgesamt;DG;Deutschland;FRUA01;Fruchtarten;FRUART032;Zuckerrüben;459400;ha;FLC016;Anbaufläche
41241;Ernte-u.Betriebsbericht: Feldfrüchte und Grünland;JAHR;Jahr;1988;DINSG;Deutschland insgesamt;DG;Deutschland;FRUA01;Fruchtarten;FRUART0121;Gerste;1835948;ha;FLC016;Anbaufläche
41241;Ernte-u.Betriebsbericht: Feldfrüchte und Grünland;JAHR;Jahr;1982;DINSG;Deutschland insgesamt;DG;Deutschland;FRUA01;Fruchtarten;FRUART05111;Winterraps;180077;ha;FLC016;Anbaufläche
41241;Ernte-u.Betriebsbericht: Feldfrüchte und Grünland;JAHR;Jahr;1954;DINSG;Deutschland insgesamt;DG;Deutschland;FRUA01;Fruchtarten;FRUART01OKM;Getreide (ohne Körnermais und CCM);4801792;ha;FLC016;Anbaufläche
41241;Ernte-u.Betriebsbericht: Feldfrüchte und Grünland;JAHR;Jahr;1976;DINSG;Deutschland insgesamt;DG;Deutschland;FRUA01;Fruchtarten;FRUART031FSK;Frühe Speisekartoffeln;37362;ha;FLC016;Anbaufläche
41241;Ernte-u.Betriebsbericht: Feldfrüchte und Grünland;JAHR;Jahr;2006;DINSG;Deutschland insgesamt;DG;Deutschland;FRUA01;Fruchtarten;FRUART042;Gartenbausämereien,Vermehrungsanbau v.Blumenzwieb.;600;ha;FLC016;Anbaufläche
41241;Ernte-u.Betriebsbericht: Feldfrüchte und Grünland;JAHR;Jahr;1959;DINSG;Deutschland insgesamt;DG;Deutschland;FRUA01;Fruchtarten;FRUART022;Ackerbohnen;12143;ha;FLC016;Anbaufläche
41241;Ernte-u.Betriebsbericht: Feldfrüchte und Grünland;JAHR;Jahr;2004;DINSG;Deutschland insgesamt;DG;Deutschland;FRUA01;Fruchtarten;FRUART01212;Sommergerste;614140;ha;FLC016;Anbaufläche
41241;Ernte-u.Betriebsbericht: Feldfrüchte und Grünland;JAHR;Jahr;1964;DINSG;Deutschland insgesamt;DG;Deutschland;FRUA01;Fruchtarten;FRUART054;Rüben und Gräser zur Samengewinnung;16010;ha;FLC016;Anbaufläche
41241;Ernte-u.Betriebsbericht: Feldfrüchte und Grünland;JAHR;Jahr;1952;DINSG;Deutschland insgesamt;DG;Deutschland;FRUA01;Fruchtarten;FRUART056;Alle anderen Handelsgewächse;25591;ha;FLC016;Anbaufläche
41241;Ernte-u.Betriebsbericht: Feldfrüchte und Grünland;JAHR;Jahr;1968;DINSG;Deutschland insgesamt;DG;Deutschland;FRUA01;Fruchtarten;FRUART0511;Raps und Rübsen;63326;ha;FLC016;Anbaufläche
41241;Ernte-u.Betriebsbericht: Feldfrüchte und Grünland;JAHR;Jahr;1979;DINSG;Deutschland insgesamt;DG;Deutschland;FRUA01;Fruchtarten;FRUART01111;Winterweizen;1482801;ha;FLC016;Anbaufläche
41241;Ernte-u.Betriebsbericht: Feldfrüchte und Grünland;JAHR;Jahr;1959;DINSG;Deutschland insgesamt;DG;Deutschland;FRUA01;Fruchtarten;FRUART0512;Flachs (Lein);.;ha;FLC016;Anbaufläche
41241;Ernte-u.Betriebsbericht: Feldfrüchte und Grünland;JAHR;Jahr;1953;DINSG;Deutschland insgesamt;DG;Deutschland;FRUA01;Fruchtarten;FRUART013CCM;Körnermais (einschl. CCM);6866;ha;FLC016;Anbaufläche
41241;Ernte-u.Betriebsbericht: Feldfrüchte und Grünland;JAHR;Jahr;2000;DINSG;Deutschland insgesamt;DG;Deutschland;FRUA01;Fruchtarten;FRUART0113;Wintermenggetreide;10048;ha;FLC016;Anbaufläche
41241;Ernte-u.Betriebsbericht: Feldfrüchte und Grünland;JAHR;Jahr;1956;DINSG;Deutschland insgesamt;DG;Deutschland;FRUA01;Fruchtarten;FRUART066;Alle anderen Futterpflanzen;61217;ha;FLC016;Anbaufläche
41241;Ernte-u.Betriebsbericht: Feldfrüchte und Grünland;JAHR;Jahr;1985;DINSG;Deutschland insgesamt;DG;Deutschland;FRUA01;Fruchtarten;FRUART0113;Wintermenggetreide;12223;ha;FLC016;Anbaufläche
41241;Ernte-u.Betriebsbericht: Feldfrüchte und Grünland;JAHR;Jahr;1994;DINSG;Deutschland insgesamt;DG;Deutschland;FRUA01;Fruchtarten;FRUART062;Luzerne;60894;ha;FLC016;Anbaufläche
41241;Ernte-u.Betriebsbericht: Feldfrüchte und Grünland;JAHR;Jahr;1975;DINSG;Deutschland insgesamt;DG;Deutschland;FRUA01;Fruchtarten;FRUART042;Gartenbausämereien,Vermehrungsanbau v.Blumenzwieb.;.;ha;FLC016;Anbaufläche
41241;Ernte-u.Betriebsbericht: Feldfrüchte und Grünland;JAHR;Jahr;1974;DINSG;Deutschland insgesamt;DG;Deutschland;FRUA01;Fruchtarten;FRUART05111;Winterraps;102606;ha;FLC016;Anbaufläche
41241;Ernte-u.Betriebsbericht: Feldfrüchte und Grünland;JAHR;Jahr;1960;DINSG;Deutschland insgesamt;DG;Deutschland;FRUA01;Fruchtarten;FRUART031SPK;Speisekartoffeln;.;ha;FLC016;Anbaufläche
41241;Ernte-u.Betriebsbericht: Feldfrüchte und Grünland;JAHR;Jahr;2008;DINSG;Deutschland insgesamt;DG;Deutschland;FRUA01;Fruchtarten;FRUART01113;Hartweizen (Durum);6500;ha;FLC016;Anbaufläche
41241;Ernte-u.Betriebsbericht: Feldfrüchte und Grünland;JAHR;Jahr;1987;DINSG;Deutschland insgesamt;DG;Deutschland;FRUA01;Fruchtarten;FRUART01111;Winterweizen;1590342;ha;FLC016;Anbaufläche
41241;Ernte-u.Betriebsbericht: Feldfrüchte und Grünland;JAHR;Jahr;1964;DINSG;Deutschland insgesamt;DG;Deutschland;FRUA01;Fruchtarten;FRUART041;Blumen u. Zierpflanzen einschl.Jungpfl.(o.Samenb.);.;ha;FLC016;Anbaufläche
41241;Ernte-u.Betriebsbericht: Feldfrüchte und Grünland;JAHR;Jahr;1960;DINSG;Deutschland insgesamt;DG;Deutschland;FRUA01;Fruchtarten;FRUART0113;Wintermenggetreide;83463;ha;FLC016;Anbaufläche
41241;Ernte-u.Betriebsbericht: Feldfrüchte und Grünland;JAHR;Jahr;2009;DINSG;Deutschland insgesamt;DG;Deutschland;FRUA01;Fruchtarten;FRUART055;Heil- und Gewürzpflanzen;5700;ha;FLC016;Anbaufläche
41241;Ernte-u.Betriebsbericht: Feldfrüchte und Grünland;JAHR;Jahr;1968;DINSG;Deutschland insgesamt;DG;Deutschland;FRUA01;Fruchtarten;FRUART051;Ölfrüchte;.;ha;FLC016;Anbaufläche
41241;Ernte-u.Betriebsbericht: Feldfrüchte und Grünland;JAHR;Jahr;1966;DINSG;Deutschland insgesamt;DG;Deutschland;FRUA01;Fruchtarten;FRUART05111;Winterraps;40000;ha;FLC016;Anbaufläche
41241;Ernte-u.Betriebsbericht: Feldfrüchte und Grünland;JAHR;Jahr;1993;DINSG;Deutschland insgesamt;DG;Deutschland;FRUA01;Fruchtarten;FRUART021;Futtererbsen;44428;ha;FLC016;Anbaufläche
41241;Ernte-u.Betriebsbericht: Feldfrüchte und Grünland;JAHR;Jahr;1977;DINSG;Deutschland insgesamt;DG;Deutschland;FRUA01;Fruchtarten;FRUART014;Corn-Cob-Mix;.;ha;FLC016;Anbaufläche
41241;Ernte-u.Betriebsbericht: Feldfrüchte und Grünland;JAHR;Jahr;1994;DINSG;Deutschland insgesamt;DG;Deutschland;FRUA01;Fruchtarten;FRUART0112;Roggen;722534;ha;FLC016;Anbaufläche
41241;Ernte-u.Betriebsbericht: Feldfrüchte und Grünland;JAHR;Jahr;1967;DINSG;Deutschland insgesamt;DG;Deutschland;FRUA01;Fruchtarten;FRUART067;Lupinen;.;ha;FLC016;Anbaufläche
41241;Ernte-u.Betriebsbericht: Feldfrüchte und Grünland;JAHR;Jahr;1962;DINSG;Deutschland insgesamt;DG;Deutschland;FRUA01;Fruchtarten;FRUART031INK;Industriekartoffeln;.;ha;FLC016;Anbaufläche
41241;Ernte-u.Betriebsbericht: Feldfrüchte und Grünland;JAHR;Jahr;1971;DINSG;Deutschland insgesamt;DG;Deutschland;FRUA01;Fruchtarten;FRUART032;Zuckerrüben;314886;ha;FLC016;Anbaufläche
41241;Ernte-u.Betriebsbericht: Feldfrüchte und Grünland;JAHR;Jahr;1995;DINSG;Deutschland insgesamt;DG;Deutschland;FRUA01;Fruchtarten;FRUART01111;Winterweizen;2530069;ha;FLC016;Anbaufläche
41241;Ernte-u.Betriebsbericht: Feldfrüchte und Grünland;JAHR;Jahr;2008;DINSG;Deutschland insgesamt;DG;Deutschland;FRUA01;Fruchtarten;FRUART0511;Raps und Rübsen;1370700;ha;FLC016;Anbaufläche
41241;Ernte-u.Betriebsbericht: Feldfrüchte und Grünland;JAHR;Jahr;1989;DINSG;Deutschland insgesamt;DG;Deutschland;FRUA01;Fruchtarten;FRUART056;Alle anderen Handelsgewächse;25633;ha;FLC016;Anbaufläche
41241;Ernte-u.Betriebsbericht: Feldfrüchte und Grünland;JAHR;Jahr;1981;DINSG;Deutschland insgesamt;DG;Deutschland;FRUA01;Fruchtarten;FRUART033;Runkelrüben;133843;ha;FLC016;Anbaufläche
41241;Ernte-u.Betriebsbericht: Feldfrüchte und Grünland;JAHR;Jahr;1981;DINSG;Deutschland insgesamt;DG;Deutschland;FRUA01;Fruchtarten;FRUART031FSK;Frühe Speisekartoffeln;20202;ha;FLC016;Anbaufläche
41241;Ernte-u.Betriebsbericht: Feldfrüchte und Grünland;JAHR;Jahr;1952;DINSG;Deutschland insgesamt;DG;Deutschland;FRUA01;Fruchtarten;FRUART0512;Flachs (Lein);.;ha;FLC016;Anbaufläche
41241;Ernte-u.Betriebsbericht: Feldfrüchte und Grünland;JAHR;Jahr;1967;DINSG;Deutschland insgesamt;DG;Deutschland;FRUA01;Fruchtarten;FRUART031INK;Industriekartoffeln;.;ha;FLC016;Anbaufläche
41241;Ernte-u.Betriebsbericht: Feldfrüchte und Grünland;JAHR;Jahr;2007;DINSG;Deutschland insgesamt;DG;Deutschland;FRUA01;Fruchtarten;FRUART062;Luzerne;39777;ha;FLC016;Anbaufläche
41241;Ernte-u.Betriebsbericht: Feldfrüchte und Grünland;JAHR;Jahr;1974;DINSG;Deutschland insgesamt;DG;Deutschland;FRUA01;Fruchtarten;FRUART055;Heil- und Gewürzpflanzen;.;ha;FLC016;Anbaufläche
41241;Ernte-u.Betriebsbericht: Feldfrüchte und Grünland;JAHR;Jahr;1991;DINSG;Deutschland insgesamt;DG;Deutschland;FRUA01;Fruchtarten;FRUART013;Körnermais;194286;ha;FLC016;Anbaufläche
41241;Ernte-u.Betriebsbericht: Feldfrüchte und Grünland;JAHR;Jahr;1991;DINSG;Deutschland insgesamt;DG;Deutschland;FRUA01;Fruchtarten;FRUART0513;Körnersonnenblumen;43899;ha;FLC016;Anbaufläche
41241;Ernte-u.Betriebsbericht: Feldfrüchte und Grünland;JAHR;Jahr;1963;DINSG;Deutschland insgesamt;DG;Deutschland;FRUA01;Fruchtarten;FRUART0113;Wintermenggetreide;59010;ha;FLC016;Anbaufläche
41241;Ernte-u.Betriebsbericht: Feldfrüchte und Grünland;JAHR;Jahr;1993;DINSG;Deutschland insgesamt;DG;Deutschland;FRUA01;Fruchtarten;FRUART05112;Sommerraps, Winter- und Sommerrübsen;59904;ha;FLC016;Anbaufläche
41241;Ernte-u.Betriebsbericht: Feldfrüchte und Grünland;JAHR;Jahr;2009;DINSG;Deutschland insgesamt;DG;Deutschland;FRUA01;Fruchtarten;FRUART012;Futter- und Industriegetreide;2458700;ha;FLC016;Anbaufläche
41241;Ernte-u.Betriebsbericht: Feldfrüchte und Grünland;JAHR;Jahr;1960;DINSG;Deutschland insgesamt;DG;Deutschland;FRUA01;Fruchtarten;FRUART065;Raufutter;.;ha;FLC016;Anbaufläche
41241;Ernte-u.Betriebsbericht: Feldfrüchte und Grünland;JAHR;Jahr;1987;DINSG;Deutschland insgesamt;DG;Deutschland;FRUA01;Fruchtarten;FRUART0512;Flachs (Lein);.;ha;FLC016;Anbaufläche
41241;Ernte-u.Betriebsbericht: Feldfrüchte und Grünland;JAHR;Jahr;1995;DINSG;Deutschland insgesamt;DG;Deutschland;FRUA01;Fruchtarten;FRUART023;Alle anderen Hülsenfrüchte;33408;ha;FLC016;Anbaufläche
41241;Ernte-u.Betriebsbericht: Feldfrüchte und Grünland;JAHR;Jahr;2006;DINSG;Deutschland insgesamt;DG;Deutschland;FRUA01;Fruchtarten;FRUART067;Lupinen;32800;ha;FLC016;Anbaufläche
41241;Ernte-u.Betriebsbericht: Feldfrüchte und Grünland;JAHR;Jahr;1958;DINSG;Deutschland insgesamt;DG;Deutschland;FRUA01;Fruchtarten;FRUART01111W;Weichweizen;.;ha;FLC016;Anbaufläche
41241;Ernte-u.Betriebsbericht: Feldfrüchte und Grünland;JAHR;Jahr;1975;DINSG;Deutschland insgesamt;DG;Deutschland;FRUA01;Fruchtarten;FRUART063;Feldgras/Grasanbau auf dem Ackerland;155887;ha;FLC016;Anbaufläche
41241;Ernte-u.Betriebsbericht: Feldfrüchte und Grünland;JAHR;Jahr;2008;DINSG;Deutschland insgesamt;DG;Deutschland;FRUA01;Fruchtarten;FRUART0124;Triticale;398800;ha;FLC016;Anbaufläche
41241;Ernte-u.Betriebsbericht: Feldfrüchte und Grünland;JAHR;Jahr;1999;DINSG;Deutschland insgesamt;DG;Deutschland;FRUA01;Fruchtarten;FRUART01211;Wintergerste;1369783;ha;FLC016;Anbaufläche
41241;Ernte-u.Betriebsbericht: Feldfrüchte und Grünland;JAHR;Jahr;1982;DINSG;Deutschland insgesamt;DG;Deutschland;FRUA01;Fruchtarten;FRUART041;Blumen u. Zierpflanzen einschl.Jungpfl.(o.Samenb.);.;ha;FLC016;Anbaufläche
41241;Ernte-u.Betriebsbericht: Feldfrüchte und Grünland;JAHR;Jahr;2006;DINSG;Deutschland insgesamt;DG;Deutschland;FRUA01;Fruchtarten;FRUART054;Rüben und Gräser zur Samengewinnung;30700;ha;FLC016;Anbaufläche
41241;Ernte-u.Betriebsbericht: Feldfrüchte und Grünland;JAHR;Jahr;1992;DINSG;Deutschland insgesamt;DG;Deutschland;FRUA01;Fruchtarten;FRUART065;Raufutter;4481127;ha;FLC016;Anbaufläche
41241;Ernte-u.Betriebsbericht: Feldfrüchte und Grünland;JAHR;Jahr;1972;DINSG;Deutschland insgesamt;DG;Deutschland;FRUA01;Fruchtarten;FRUART01111W;Weichweizen;.;ha;FLC016;Anbaufläche
41241;Ernte-u.Betriebsbericht: Feldfrüchte und Grünland;JAHR;Jahr;1964;DINSG;Deutschland insgesamt;DG;Deutschland;FRUA01;Fruchtarten;FRUART062;Luzerne;.;ha;FLC016;Anbaufläche
41241;Ernte-u.Betriebsbericht: Feldfrüchte und Grünland;JAHR;Jahr;1988;DINSG;Deutschland insgesamt;DG;Deutschland;FRUA01;Fruchtarten;FRUART032;Zuckerrüben;378766;ha;FLC016;Anbaufläche
41241;Ernte-u.Betriebsbericht: Feldfrüchte und Grünland;JAHR;Jahr;1976;DINSG;Deutschland insgesamt;DG;Deutschland;FRUA01;Fruchtarten;FRUART01OKM;Getreide (ohne Körnermais und CCM);5172399;ha;FLC016;Anbaufläche
41241;Ernte-u.Betriebsbericht: Feldfrüchte und Grünland;JAHR;Jahr;1969;DINSG;Deutschland insgesamt;DG;Deutschland;FRUA01;Fruchtarten;FRUART014;Corn-Cob-Mix;.;ha;FLC016;Anbaufläche
41241;Ernte-u.Betriebsbericht: Feldfrüchte und Grünland;JAHR;Jahr;1990;DINSG;Deutschland insgesamt;DG;Deutschland;FRUA01;Fruchtarten;FRUART031INK;Industriekartoffeln;.;ha;FLC016;Anbaufläche
41241;Ernte-u.Betriebsbericht: Feldfrüchte und Grünland;JAHR;Jahr;2005;DINSG;Deutschland insgesamt;DG;Deutschland;FRUA01;Fruchtarten;FRUART05112;Sommerraps, Winter- und Sommerrübsen;20900;ha;FLC016;Anbaufläche
41241;Ernte-u.Betriebsbericht: Feldfrüchte und Grünland;JAHR;Jahr;1958;DINSG;Deutschland insgesamt;DG;Deutschland;FRUA01;Fruchtarten;FRUART031FSK;Frühe Speisekartoffeln;57960;ha;FLC016;Anbaufläche
41241;Ernte-u.Betriebsbericht: Feldfrüchte und Grünland;JAHR;Jahr;1978;DINSG;Deutschland insgesamt;DG;Deutschland;FRUA01;Fruchtarten;FRUART065;Raufutter;.;ha;FLC016;Anbaufläche
41241;Ernte-u.Betriebsbericht: Feldfrüchte und Grünland;JAHR;Jahr;1997;DINSG;Deutschland insgesamt;DG;Deutschland;FRUA01;Fruchtarten;FRUART01OKM;Getreide (ohne Körnermais und CCM);6645808;ha;FLC016;Anbaufläche
41241;Ernte-u.Betriebsbericht: Feldfrüchte und Grünland;JAHR;Jahr;1998;DINSG;Deutschland insgesamt;DG;Deutschland;FRUA01;Fruchtarten;FRUART0113;Wintermenggetreide;9956;ha;FLC016;Anbaufläche
41241;Ernte-u.Betriebsbericht: Feldfrüchte und Grünland;JAHR;Jahr;2003;DINSG;Deutschland insgesamt;DG;Deutschland;FRUA01;Fruchtarten;FRUART052;Hopfen;17887;ha;FLC016;Anbaufläche
41241;Ernte-u.Betriebsbericht: Feldfrüchte und Grünland;JAHR;Jahr;1966;DINSG;Deutschland insgesamt;DG;Deutschland;FRUA01;Fruchtarten;FRUART012;Futter- und Industriegetreide;2452891;ha;FLC016;Anbaufläche
41241;Ernte-u.Betriebsbericht: Feldfrüchte und Grünland;JAHR;Jahr;1971;DINSG;Deutschland insgesamt;DG;Deutschland;FRUA01;Fruchtarten;FRUART053;Tabak;.;ha;FLC016;Anbaufläche
41241;Ernte-u.Betriebsbericht: Feldfrüchte und Grünland;JAHR;Jahr;1984;DINSG;Deutschland insgesamt;DG;Deutschland;FRUA01;Fruchtarten;FRUART022;Ackerbohnen;7515;ha;FLC016;Anbaufläche
41241;Ernte-u.Betriebsbericht: Feldfrüchte und Grünland;JAHR;Jahr;1986;DINSG;Deutschland insgesamt;DG;Deutschland;FRUA01;Fruchtarten;FRUART031MUS;Mittelfrühe und späte Kartoffeln;189490;ha;FLC016;Anbaufläche
41241;Ernte-u.Betriebsbericht: Feldfrüchte und Grünland;JAHR;Jahr;1960;DINSG;Deutschland insgesamt;DG;Deutschland;FRUA01;Fruchtarten;FRUART0512;Flachs (Lein);.;ha;FLC016;Anbaufläche
41241;Ernte-u.Betriebsbericht: Feldfrüchte und Grünland;JAHR;Jahr;1963;DINSG;Deutschland insgesamt;DG;Deutschland;FRUA01;Fruchtarten;FRUART067;Lupinen;.;ha;FLC016;Anbaufläche
41241;Ernte-u.Betriebsbericht: Feldfrüchte und Grünland;JAHR;Jahr;1976;DINSG;Deutschland insgesamt;DG;Deutschland;FRUA01;Fruchtarten;FRUART0123;Sommermenggetreide;260851;ha;FLC016;Anbaufläche
41241;Ernte-u.Betriebsbericht: Feldfrüchte und Grünland;JAHR;Jahr;2005;DINSG;Deutschland insgesamt;DG;Deutschland;FRUA01;Fruchtarten;FRUART01111;Winterweizen;3110100;ha;FLC016;Anbaufläche
41241;Ernte-u.Betriebsbericht: Feldfrüchte und Grünland;JAHR;Jahr;1960;DINSG;Deutschland insgesamt;DG;Deutschland;FRUA01;Fruchtarten;FRUART052;Hopfen;8405;ha;FLC016;Anbaufläche
41241;Ernte-u.Betriebsbericht: Feldfrüchte und Grünland;JAHR;Jahr;1957;DINSG;Deutschland insgesamt;DG;Deutschland;FRUA01;Fruchtarten;FRUART053;Tabak;.;ha;FLC016;Anbaufläche
41241;Ernte-u.Betriebsbericht: Feldfrüchte und Grünland;JAHR;Jahr;1957;DINSG;Deutschland insgesamt;DG;Deutschland;FRUA01;Fruchtarten;FRUART01211;Wintergerste;180143;ha;FLC016;Anbaufläche
41241;Ernte-u.Betriebsbericht: Feldfrüchte und Grünland;JAHR;Jahr;1996;DINSG;Deutschland insgesamt;DG;Deutschland;FRUA01;Fruchtarten;FRUART031SPK;Speisekartoffeln;131009;ha;FLC016;Anbaufläche
41241;Ernte-u.Betriebsbericht: Feldfrüchte und Grünland;JAHR;Jahr;1972;DINSG;Deutschland insgesamt;DG;Deutschland;FRUA01;Fruchtarten;FRUART01111;Winterweizen;1436146;ha;FLC016;Anbaufläche
41241;Ernte-u.Betriebsbericht: Feldfrüchte und Grünland;JAHR;Jahr;1956;DINSG;Deutschland insgesamt;DG;Deutschland;FRUA01;Fruchtarten;FRUART0511;Raps und Rübsen;17985;ha;FLC016;Anbaufläche
41241;Ernte-u.Betriebsbericht: Feldfrüchte und Grünland;JAHR;Jahr;1997;DINSG;Deutschland insgesamt;DG;Deutschland;FRUA01;Fruchtarten;FRUART013CCM;Körnermais (einschl. CCM);368267;ha;FLC016;Anbaufläche
41241;Ernte-u.Betriebsbericht: Feldfrüchte und Grünland;JAHR;Jahr;1970;DINSG;Deutschland insgesamt;DG;Deutschland;FRUA01;Fruchtarten;FRUART032;Zuckerrüben;302857;ha;FLC016;Anbaufläche
41241;Ernte-u.Betriebsbericht: Feldfrüchte und Grünland;JAHR;Jahr;1967;DINSG;Deutschland insgesamt;DG;Deutschland;FRUA01;Fruchtarten;FRUART0112;Roggen;974675;ha;FLC016;Anbaufläche
41241;Ernte-u.Betriebsbericht: Feldfrüchte und Grünland;JAHR;Jahr;1986;DINSG;Deutschland insgesamt;DG;Deutschland;FRUA01;Fruchtarten;FRUART051;Ölfrüchte;.;ha;FLC016;Anbaufläche
41241;Ernte-u.Betriebsbericht: Feldfrüchte und Grünland;JAHR;Jahr;2002;DINSG;Deutschland insgesamt;DG;Deutschland;FRUA01;Fruchtarten;FRUART013;Körnermais;309453;ha;FLC016;Anbaufläche
41241;Ernte-u.Betriebsbericht: Feldfrüchte und Grünland;JAHR;Jahr;1963;DINSG;Deutschland insgesamt;DG;Deutschland;FRUA01;Fruchtarten;FRUART054;Rüben und Gräser zur Samengewinnung;15468;ha;FLC016;Anbaufläche
41241;Ernte-u.Betriebsbericht: Feldfrüchte und Grünland;JAHR;Jahr;1950;DINSG;Deutschland insgesamt;DG;Deutschland;FRUA01;Fruchtarten;FRUART041;Blumen u. Zierpflanzen einschl.Jungpfl.(o.Samenb.);.;ha;FLC016;Anbaufläche
41241;Ernte-u.Betriebsbericht: Feldfrüchte und Grünland;JAHR;Jahr;1995;DINSG;Deutschland insgesamt;DG;Deutschland;FRUA01;Fruchtarten;FRUART0512;Flachs (Lein);53504;ha;FLC016;Anbaufläche
41241;Ernte-u.Betriebsbericht: Feldfrüchte und Grünland;JAHR;Jahr;1954;DINSG;Deutschland insgesamt;DG;Deutschland;FRUA01;Fruchtarten;FRUART051;Ölfrüchte;.;ha;FLC016;Anbaufläche
41241;Ernte-u.Betriebsbericht: Feldfrüchte und Grünland;JAHR;Jahr;1955;DINSG;Deutschland insgesamt;DG;Deutschland;FRUA01;Fruchtarten;FRUART01OKM;Getreide (ohne Körnermais und CCM);4833075;ha;FLC016;Anbaufläche
41241;Ernte-u.Betriebsbericht: Feldfrüchte und Grünland;JAHR;Jahr;1988;DINSG;Deutschland insgesamt;DG;Deutschland;FRUA01;Fruchtarten;FRUART01111;Winterweizen;1667665;ha;FLC016;Anbaufläche
41241;Ernte-u.Betriebsbericht: Feldfrüchte und Grünland;JAHR;Jahr;1981;DINSG;Deutschland insgesamt;DG;Deutschland;FRUA01;Fruchtarten;FRUART01111W;Weichweizen;.;ha;FLC016;Anbaufläche
41241;Ernte-u.Betriebsbericht: Feldfrüchte und Grünland;JAHR;Jahr;1973;DINSG;Deutschland insgesamt;DG;Deutschland;FRUA01;Fruchtarten;FRUART034;Alle anderen Hackfrüchte;25675;ha;FLC016;Anbaufläche
41241;Ernte-u.Betriebsbericht: Feldfrüchte und Grünland;JAHR;Jahr;1988;DINSG;Deutschland insgesamt;DG;Deutschland;FRUA01;Fruchtarten;FRUART013CCM;Körnermais (einschl. CCM);198996;ha;FLC016;Anbaufläche
41241;Ernte-u.Betriebsbericht: Feldfrüchte und Grünland;JAHR;Jahr;1992;DINSG;Deutschland insgesamt;DG;Deutschland;FRUA01;Fruchtarten;FRUART034;Alle anderen Hackfrüchte;6023;ha;FLC016;Anbaufläche
41241;Ernte-u.Betriebsbericht: Feldfrüchte und Grünland;JAHR;Jahr;2006;DINSG;Deutschland insgesamt;DG;Deutschland;FRUA01;Fruchtarten;FRUART023;Alle anderen Hülsenfrüchte;3900;ha;FLC016;Anbaufläche
41241;Ernte-u.Betriebsbericht: Feldfrüchte und Grünland;JAHR;Jahr;1967;DINSG;Deutschland insgesamt;DG;Deutschland;FRUA01;Fruchtarten;FRUART064;Silomais (einschl. Lieschkolbenschrot);121217;ha;FLC016;Anbaufläche
41241;Ernte-u.Betriebsbericht: Feldfrüchte und Grünland;JAHR;Jahr;1989;DINSG;Deutschland insgesamt;DG;Deutschland;FRUA01;Fruchtarten;FRUART053;Tabak;.;ha;FLC016;Anbaufläche
41241;Ernte-u.Betriebsbericht: Feldfrüchte und Grünland;JAHR;Jahr;1953;DINSG;Deutschland insgesamt;DG;Deutschland;FRUA01;Fruchtarten;FRUART0122;Hafer;1067744;ha;FLC016;Anbaufläche
41241;Ernte-u.Betriebsbericht: Feldfrüchte und Grünland;JAHR;Jahr;2009;DINSG;Deutschland insgesamt;DG;Deutschland;FRUA01;Fruchtarten;FRUART01OKM;Getreide (ohne Körnermais und CCM);6444100;ha;FLC016;Anbaufläche
41241;Ernte-u.Betriebsbericht: Feldfrüchte und Grünland;JAHR;Jahr;1953;DINSG;Deutschland insgesamt;DG;Deutschland;FRUA01;Fruchtarten;FRUART056;Alle anderen Handelsgewächse;19389;ha;FLC016;Anbaufläche
41241;Ernte-u.Betriebsbericht: Feldfrüchte und Grünland;JAHR;Jahr;1978;DINSG;Deutschland insgesamt;DG;Deutschland;FRUA01;Fruchtarten;FRUART052;Hopfen;17497;ha;FLC016;Anbaufläche
41241;Ernte-u.Betriebsbericht: Feldfrüchte und Grünland;JAHR;Jahr;1975;DINSG;Deutschland insgesamt;DG;Deutschland;FRUA01;Fruchtarten;FRUART0112;Roggen;624285;ha;FLC016;Anbaufläche
41241;Ernte-u.Betriebsbericht: Feldfrüchte und Grünland;JAHR;Jahr;1975;DINSG;Deutschland insgesamt;DG;Deutschland;FRUA01;Fruchtarten;FRUART0513;Körnersonnenblumen;.;ha;FLC016;Anbaufläche
41241;Ernte-u.Betriebsbericht: Feldfrüchte und Grünland;JAHR;Jahr;1999;DINSG;Deutschland insgesamt;DG;Deutschland;FRUA01;Fruchtarten;FRUART033;Runkelrüben;10574;ha;FLC016;Anbaufläche
41241;Ernte-u.Betriebsbericht: Feldfrüchte und Grünland;JAHR;Jahr;1958;DINSG;Deutschland insgesamt;DG;Deutschland;FRUA01;Fruchtarten;FRUART061;Klee, Kleegras und Klee-Luzerne-Gemisch;669999;ha;FLC016;Anbaufläche
41241;Ernte-u.Betriebsbericht: Feldfrüchte und Grünland;JAHR;Jahr;1992;DINSG;Deutschland insgesamt;DG;Deutschland;FRUA01;Fruchtarten;FRUART021;Futtererbsen;28652;ha;FLC016;Anbaufläche
41241;Ernte-u.Betriebsbericht: Feldfrüchte und Grünland;JAHR;Jahr;1984;DINSG;Deutschland insgesamt;DG;Deutschland;FRUA01;Fruchtarten;FRUART0123;Sommermenggetreide;113561;ha;FLC016;Anbaufläche
41241;Ernte-u.Betriebsbericht: Feldfrüchte und Grünland;JAHR;Jahr;2003;DINSG;Deutschland insgesamt;DG;Deutschland;FRUA01;Fruchtarten;FRUART065;Raufutter;4426274;ha;FLC016;Anbaufläche
41241;Ernte-u.Betriebsbericht: Feldfrüchte und Grünland;JAHR;Jahr;1967;DINSG;Deutschland insgesamt;DG;Deutschland;FRUA01;Fruchtarten;FRUART051;Ölfrüchte;.;ha;FLC016;Anbaufläche
41241;Ernte-u.Betriebsbericht: Feldfrüchte und Grünland;JAHR;Jahr;1951;DINSG;Deutschland insgesamt;DG;Deutschland;FRUA01;Fruchtarten;FRUART05112;Sommerraps, Winter- und Sommerrübsen;9313;ha;FLC016;Anbaufläche
41241;Ernte-u.Betriebsbericht: Feldfrüchte und Grünland;JAHR;Jahr;1996;DINSG;Deutschland insgesamt;DG;Deutschland;FRUA01;Fruchtarten;FRUART031;Kartoffeln;335804;ha;FLC016;Anbaufläche
41241;Ernte-u.Betriebsbericht: Feldfrüchte und Grünland;JAHR;Jahr;1957;DINSG;Deutschland insgesamt;DG;Deutschland;FRUA01;Fruchtarten;FRUART066;Alle anderen Futterpflanzen;49348;ha;FLC016;Anbaufläche
41241;Ernte-u.Betriebsbericht: Feldfrüchte und Grünland;JAHR;Jahr;1974;DINSG;Deutschland insgesamt;DG;Deutschland;FRUA01;Fruchtarten;FRUART042;Gartenbausämereien,Vermehrungsanbau v.Blumenzwieb.;.;ha;FLC016;Anbaufläche
41241;Ernte-u.Betriebsbericht: Feldfrüchte und Grünland;JAHR;Jahr;1987;DINSG;Deutschland insgesamt;DG;Deutschland;FRUA01;Fruchtarten;FRUART031SPK;Speisekartoffeln;.;ha;FLC016;Anbaufläche
41241;Ernte-u.Betriebsbericht: Feldfrüchte und Grünland;JAHR;Jahr;1966;DINSG;Deutschland insgesamt;DG;Deutschland;FRUA01;Fruchtarten;FRUART056;Alle anderen Handelsgewächse;6634;ha;FLC016;Anbaufläche
41241;Ernte-u.Betriebsbericht: Feldfrüchte und Grünland;JAHR;Jahr;2000;DINSG;Deutschland insgesamt;DG;Deutschland;FRUA01;Fruchtarten;FRUART063;Feldgras/Grasanbau auf dem Ackerland;216131;ha;FLC016;Anbaufläche
41241;Ernte-u.Betriebsbericht: Feldfrüchte und Grünland;JAHR;Jahr;1950;DINSG;Deutschland insgesamt;DG;Deutschland;FRUA01;Fruchtarten;FRUART054;Rüben und Gräser zur Samengewinnung;18020;ha;FLC016;Anbaufläche
41241;Ernte-u.Betriebsbericht: Feldfrüchte und Grünland;JAHR;Jahr;2002;DINSG;Deutschland insgesamt;DG;Deutschland;FRUA01;Fruchtarten;FRUART0121;Gerste;1970335;ha;FLC016;Anbaufläche
41241;Ernte-u.Betriebsbericht: Feldfrüchte und Grünland;JAHR;Jahr;2005;DINSG;Deutschland insgesamt;DG;Deutschland;FRUA01;Fruchtarten;FRUART031INK;Industriekartoffeln;169300;ha;FLC016;Anbaufläche
41241;Ernte-u.Betriebsbericht: Feldfrüchte und Grünland;JAHR;Jahr;1955;DINSG;Deutschland insgesamt;DG;Deutschland;FRUA01;Fruchtarten;FRUART01212;Sommergerste;639995;ha;FLC016;Anbaufläche
41241;Ernte-u.Betriebsbericht: Feldfrüchte und Grünland;JAHR;Jahr;1955;DINSG;Deutschland insgesamt;DG;Deutschland;FRUA01;Fruchtarten;FRUART0113;Wintermenggetreide;67673;ha;FLC016;Anbaufläche
41241;Ernte-u.Betriebsbericht: Feldfrüchte und Grünland;JAHR;Jahr;1954;DINSG;Deutschland insgesamt;DG;Deutschland;FRUA01;Fruchtarten;FRUART013CCM;Körnermais (einschl. CCM);7593;ha;FLC016;Anbaufläche
41241;Ernte-u.Betriebsbericht: Feldfrüchte und Grünland;JAHR;Jahr;1954;DINSG;Deutschland insgesamt;DG;Deutschland;FRUA01;Fruchtarten;FRUART064;Silomais (einschl. Lieschkolbenschrot);48546;ha;FLC016;Anbaufläche
41241;Ernte-u.Betriebsbericht: Feldfrüchte und Grünland;JAHR;Jahr;1977;DINSG;Deutschland insgesamt;DG;Deutschland;FRUA01;Fruchtarten;FRUART031MUS;Mittelfrühe und späte Kartoffeln;365748;ha;FLC016;Anbaufläche
41241;Ernte-u.Betriebsbericht: Feldfrüchte und Grünland;JAHR;Jahr;1999;DINSG;Deutschland insgesamt;DG;Deutschland;FRUA01;Fruchtarten;FRUART051;Ölfrüchte;1431329;ha;FLC016;Anbaufläche
41241;Ernte-u.Betriebsbericht: Feldfrüchte und Grünland;JAHR;Jahr;1961;DINSG;Deutschland insgesamt;DG;Deutschland;FRUA01;Fruchtarten;FRUART0122;Hafer;722695;ha;FLC016;Anbaufläche
41241;Ernte-u.Betriebsbericht: Feldfrüchte und Grünland;JAHR;Jahr;1985;DINSG;Deutschland insgesamt;DG;Deutschland;FRUA01;Fruchtarten;FRUART061;Klee, Kleegras und Klee-Luzerne-Gemisch;181428;ha;FLC016;Anbaufläche
41241;Ernte-u.Betriebsbericht: Feldfrüchte und Grünland;JAHR;Jahr;1973;DINSG;Deutschland insgesamt;DG;Deutschland;FRUA01;Fruchtarten;FRUART021;Futtererbsen;.;ha;FLC016;Anbaufläche
41241;Ernte-u.Betriebsbericht: Feldfrüchte und Grünland;JAHR;Jahr;1988;DINSG;Deutschland insgesamt;DG;Deutschland;FRUA01;Fruchtarten;FRUART05112;Sommerraps, Winter- und Sommerrübsen;10065;ha;FLC016;Anbaufläche
41241;Ernte-u.Betriebsbericht: Feldfrüchte und Grünland;JAHR;Jahr;1995;DINSG;Deutschland insgesamt;DG;Deutschland;FRUA01;Fruchtarten;FRUART05111;Winterraps;932015;ha;FLC016;Anbaufläche
41241;Ernte-u.Betriebsbericht: Feldfrüchte und Grünland;JAHR;Jahr;1976;DINSG;Deutschland insgesamt;DG;Deutschland;FRUA01;Fruchtarten;FRUART023;Alle anderen Hülsenfrüchte;8937;ha;FLC016;Anbaufläche
41241;Ernte-u.Betriebsbericht: Feldfrüchte und Grünland;JAHR;Jahr;1999;DINSG;Deutschland insgesamt;DG;Deutschland;FRUA01;Fruchtarten;FRUART0124;Triticale;386458;ha;FLC016;Anbaufläche
41241;Ernte-u.Betriebsbericht: Feldfrüchte und Grünland;JAHR;Jahr;1956;DINSG;Deutschland insgesamt;DG;Deutschland;FRUA01;Fruchtarten;FRUART014;Corn-Cob-Mix;.;ha;FLC016;Anbaufläche
41241;Ernte-u.Betriebsbericht: Feldfrüchte und Grünland;JAHR;Jahr;1981;DINSG;Deutschland insgesamt;DG;Deutschland;FRUA01;Fruchtarten;FRUART064;Silomais (einschl. Lieschkolbenschrot);735101;ha;FLC016;Anbaufläche
41241;Ernte-u.Betriebsbericht: Feldfrüchte und Grünland;JAHR;Jahr;1983;DINSG;Deutschland insgesamt;DG;Deutschland;FRUA01;Fruchtarten;FRUART0112;Roggen;444846;ha;FLC016;Anbaufläche
41241;Ernte-u.Betriebsbericht: Feldfrüchte und Grünland;JAHR;Jahr;1967;DINSG;Deutschland insgesamt;DG;Deutschland;FRUA01;Fruchtarten;FRUART01111W;Weichweizen;.;ha;FLC016;Anbaufläche
41241;Ernte-u.Betriebsbericht: Feldfrüchte und Grünland;JAHR;Jahr;2001;DINSG;Deutschland insgesamt;DG;Deutschland;FRUA01;Fruchtarten;FRUART01112;Sommerweizen;42778;ha;FLC016;Anbaufläche
41241;Ernte-u.Betriebsbericht: Feldfrüchte und Grünland;JAHR;Jahr;1998;DINSG;Deutschland insgesamt;DG;Deutschland;FRUA01;Fruchtarten;FRUART056;Alle anderen Handelsgewächse;5619;ha;FLC016;Anbaufläche
41241;Ernte-u.Betriebsbericht: Feldfrüchte und Grünland;JAHR;Jahr;1996;DINSG;Deutschland insgesamt;DG;Deutschland;FRUA01;Fruchtarten;FRUART0122;Hafer;301888;ha;FLC016;Anbaufläche
41241;Ernte-u.Betriebsbericht: Feldfrüchte und Grünland;JAHR;Jahr;1953;DINSG;Deutschland insgesamt;DG;Deutschland;FRUA01;Fruchtarten;FRUART031SPK;Speisekartoffeln;.;ha;FLC016;Anbaufläche
41241;Ernte-u.Betriebsbericht: Feldfrüchte und Grünland;JAHR;Jahr;1963;DINSG;Deutschland insgesamt;DG;Deutschland;FRUA01;Fruchtarten;FRUART041;Blumen u. Zierpflanzen einschl.Jungpfl.(o.Samenb.);.;ha;FLC016;Anbaufläche
41241;Ernte-u.Betriebsbericht: Feldfrüchte und Grünland;JAHR;Jahr;2003;DINSG;Deutschland insgesamt;DG;Deutschland;FRUA01;Fruchtarten;FRUART034;Alle anderen Hackfrüchte;4913;ha;FLC016;Anbaufläche
41241;Ernte-u.Betriebsbericht: Feldfrüchte und Grünland;JAHR;Jahr;1951;DINSG;Deutschland insgesamt;DG;Deutschland;FRUA01;Fruchtarten;FRUART062;Luzerne;.;ha;FLC016;Anbaufläche
41241;Ernte-u.Betriebsbericht: Feldfrüchte und Grünland;JAHR;Jahr;1997;DINSG;Deutschland insgesamt;DG;Deutschland;FRUA01;Fruchtarten;FRUART01212;Sommergerste;852021;ha;FLC016;Anbaufläche
41241;Ernte-u.Betriebsbericht: Feldfrüchte und Grünland;JAHR;Jahr;1988;DINSG;Deutschland insgesamt;DG;Deutschland;FRUA01;Fruchtarten;FRUART063;Feldgras/Grasanbau auf dem Ackerland;98673;ha;FLC016;Anbaufläche
41241;Ernte-u.Betriebsbericht: Feldfrüchte und Grünland;JAHR;Jahr;2001;DINSG;Deutschland insgesamt;DG;Deutschland;FRUA01;Fruchtarten;FRUART01111W;Weichweizen;2892524;ha;FLC016;Anbaufläche
41241;Ernte-u.Betriebsbericht: Feldfrüchte und Grünland;JAHR;Jahr;1983;DINSG;Deutschland insgesamt;DG;Deutschland;FRUA01;Fruchtarten;FRUART014;Corn-Cob-Mix;.;ha;FLC016;Anbaufläche
41241;Ernte-u.Betriebsbericht: Feldfrüchte und Grünland;JAHR;Jahr;2009;DINSG;Deutschland insgesamt;DG;Deutschland;FRUA01;Fruchtarten;FRUART05111;Winterraps;1464400;ha;FLC016;Anbaufläche
41241;Ernte-u.Betriebsbericht: Feldfrüchte und Grünland;JAHR;Jahr;1962;DINSG;Deutschland insgesamt;DG;Deutschland;FRUA01;Fruchtarten;FRUART033;Runkelrüben;438939;ha;FLC016;Anbaufläche
41241;Ernte-u.Betriebsbericht: Feldfrüchte und Grünland;JAHR;Jahr;2001;DINSG;Deutschland insgesamt;DG;Deutschland;FRUA01;Fruchtarten;FRUART0123;Sommermenggetreide;27122;ha;FLC016;Anbaufläche
41241;Ernte-u.Betriebsbericht: Feldfrüchte und Grünland;JAHR;Jahr;1986;DINSG;Deutschland insgesamt;DG;Deutschland;FRUA01;Fruchtarten;FRUART01112;Sommerweizen;92297;ha;FLC016;Anbaufläche
41241;Ernte-u.Betriebsbericht: Feldfrüchte und Grünland;JAHR;Jahr;2003;DINSG;Deutschland insgesamt;DG;Deutschland;FRUA01;Fruchtarten;FRUART021;Futtererbsen;135916;ha;FLC016;Anbaufläche
41241;Ernte-u.Betriebsbericht: Feldfrüchte und Grünland;JAHR;Jahr;1952;DINSG;Deutschland insgesamt;DG;Deutschland;FRUA01;Fruchtarten;FRUART031MUS;Mittelfrühe und späte Kartoffeln;1096278;ha;FLC016;Anbaufläche
41241;Ernte-u.Betriebsbericht: Feldfrüchte und Grünland;JAHR;Jahr;1984;DINSG;Deutschland insgesamt;DG;Deutschland;FRUA01;Fruchtarten;FRUART053;Tabak;.;ha;FLC016;Anbaufläche
41241;Ernte-u.Betriebsbericht: Feldfrüchte und Grünland;JAHR;Jahr;1961;DINSG;Deutschland insgesamt;DG;Deutschland;FRUA01;Fruchtarten;FRUART01113;Hartweizen (Durum);.;ha;FLC016;Anbaufläche
41241;Ernte-u.Betriebsbericht: Feldfrüchte und Grünland;JAHR;Jahr;1953;DINSG;Deutschland insgesamt;DG;Deutschland;FRUA01;Fruchtarten;FRUART012;Futter- und Industriegetreide;2125338;ha;FLC016;Anbaufläche
41241;Ernte-u.Betriebsbericht: Feldfrüchte und Grünland;JAHR;Jahr;1991;DINSG;Deutschland insgesamt;DG;Deutschland;FRUA01;Fruchtarten;FRUART031;Kartoffeln;341782;ha;FLC016;Anbaufläche
41241;Ernte-u.Betriebsbericht: Feldfrüchte und Grünland;JAHR;Jahr;1950;DINSG;Deutschland insgesamt;DG;Deutschland;FRUA01;Fruchtarten;FRUART067;Lupinen;.;ha;FLC016;Anbaufläche
41241;Ernte-u.Betriebsbericht: Feldfrüchte und Grünland;JAHR;Jahr;1995;DINSG;Deutschland insgesamt;DG;Deutschland;FRUA01;Fruchtarten;FRUART031MUS;Mittelfrühe und späte Kartoffeln;294516;ha;FLC016;Anbaufläche
41241;Ernte-u.Betriebsbericht: Feldfrüchte und Grünland;JAHR;Jahr;1995;DINSG;Deutschland insgesamt;DG;Deutschland;FRUA01;Fruchtarten;FRUART041;Blumen u. Zierpflanzen einschl.Jungpfl.(o.Samenb.);9725;ha;FLC016;Anbaufläche
41241;Ernte-u.Betriebsbericht: Feldfrüchte und Grünland;JAHR;Jahr;1980;DINSG;Deutschland insgesamt;DG;Deutschland;FRUA01;Fruchtarten;FRUART012;Futter- und Industriegetreide;2857794;ha;FLC016;Anbaufläche
41241;Ernte-u.Betriebsbericht: Feldfrüchte und Grünland;JAHR;Jahr;1977;DINSG;Deutschland insgesamt;DG;Deutschland;FRUA01;Fruchtarten;FRUART031;Kartoffeln;399921;ha;FLC016;Anbaufläche
41241;Ernte-u.Betriebsbericht: Feldfrüchte und Grünland;JAHR;Jahr;1957;DINSG;Deutschland insgesamt;DG;Deutschland;FRUA01;Fruchtarten;FRUART022;Ackerbohnen;13567;ha;FLC016;Anbaufläche
41241;Ernte-u.Betriebsbericht: Feldfrüchte und Grünland;JAHR;Jahr;2005;DINSG;Deutschland insgesamt;DG;Deutschland;FRUA01;Fruchtarten;FRUART01111W;Weichweizen;3163500;ha;FLC016;Anbaufläche
41241;Ernte-u.Betriebsbericht: Feldfrüchte und Grünland;JAHR;Jahr;1967;DINSG;Deutschland insgesamt;DG;Deutschland;FRUA01;Fruchtarten;FRUART0513;Körnersonnenblumen;.;ha;FLC016;Anbaufläche
41241;Ernte-u.Betriebsbericht: Feldfrüchte und Grünland;JAHR;Jahr;2007;DINSG;Deutschland insgesamt;DG;Deutschland;FRUA01;Fruchtarten;FRUART031;Kartoffeln;274961;ha;FLC016;Anbaufläche
41241;Ernte-u.Betriebsbericht: Feldfrüchte und Grünland;JAHR;Jahr;1980;DINSG;Deutschland insgesamt;DG;Deutschland;FRUA01;Fruchtarten;FRUART0111;Weizen;1668210;ha;FLC016;Anbaufläche
41241;Ernte-u.Betriebsbericht: Feldfrüchte und Grünland;JAHR;Jahr;1963;DINSG;Deutschland insgesamt;DG;Deutschland;FRUA01;Fruchtarten;FRUART01111W;Weichweizen;.;ha;FLC016;Anbaufläche
41241;Ernte-u.Betriebsbericht: Feldfrüchte und Grünland;JAHR;Jahr;1987;DINSG;Deutschland insgesamt;DG;Deutschland;FRUA01;Fruchtarten;FRUART055;Heil- und Gewürzpflanzen;.;ha;FLC016;Anbaufläche
41241;Ernte-u.Betriebsbericht: Feldfrüchte und Grünland;JAHR;Jahr;1960;DINSG;Deutschland insgesamt;DG;Deutschland;FRUA01;Fruchtarten;FRUART01OKM;Getreide (ohne Körnermais und CCM);4894099;ha;FLC016;Anbaufläche
41241;Ernte-u.Betriebsbericht: Feldfrüchte und Grünland;JAHR;Jahr;1982;DINSG;Deutschland insgesamt;DG;Deutschland;FRUA01;Fruchtarten;FRUART01113;Hartweizen (Durum);.;ha;FLC016;Anbaufläche
41241;Ernte-u.Betriebsbericht: Feldfrüchte und Grünland;JAHR;Jahr;1965;DINSG;Deutschland insgesamt;DG;Deutschland;FRUA01;Fruchtarten;FRUART01112;Sommerweizen;141627;ha;FLC016;Anbaufläche
41241;Ernte-u.Betriebsbericht: Feldfrüchte und Grünland;JAHR;Jahr;2008;DINSG;Deutschland insgesamt;DG;Deutschland;FRUA01;Fruchtarten;FRUART052;Hopfen;19200;ha;FLC016;Anbaufläche
41241;Ernte-u.Betriebsbericht: Feldfrüchte und Grünland;JAHR;Jahr;1981;DINSG;Deutschland insgesamt;DG;Deutschland;FRUA01;Fruchtarten;FRUART031INK;Industriekartoffeln;.;ha;FLC016;Anbaufläche
41241;Ernte-u.Betriebsbericht: Feldfrüchte und Grünland;JAHR;Jahr;1968;DINSG;Deutschland insgesamt;DG;Deutschland;FRUA01;Fruchtarten;FRUART0123;Sommermenggetreide;405193;ha;FLC016;Anbaufläche
41241;Ernte-u.Betriebsbericht: Feldfrüchte und Grünland;JAHR;Jahr;1996;DINSG;Deutschland insgesamt;DG;Deutschland;FRUA01;Fruchtarten;FRUART062;Luzerne;44062;ha;FLC016;Anbaufläche
41241;Ernte-u.Betriebsbericht: Feldfrüchte und Grünland;JAHR;Jahr;1998;DINSG;Deutschland insgesamt;DG;Deutschland;FRUA01;Fruchtarten;FRUART0514;Andere Ölfrüchte;10116;ha;FLC016;Anbaufläche
41241;Ernte-u.Betriebsbericht: Feldfrüchte und Grünland;JAHR;Jahr;1998;DINSG;Deutschland insgesamt;DG;Deutschland;FRUA01;Fruchtarten;FRUART04OS;Gemüse, Spargel, Erdbeeren (ohne Samenbau);96398;ha;FLC016;Anbaufläche
41241;Ernte-u.Betriebsbericht: Feldfrüchte und Grünland;JAHR;Jahr;1967;DINSG;Deutschland insgesamt;DG;Deutschland;FRUA01;Fruchtarten;FRUART031FSK;Frühe Speisekartoffeln;41436;ha;FLC016;Anbaufläche
41241;Ernte-u.Betriebsbericht: Feldfrüchte und Grünland;JAHR;Jahr;1973;DINSG;Deutschland insgesamt;DG;Deutschland;FRUA01;Fruchtarten;FRUART065;Raufutter;.;ha;FLC016;Anbaufläche
41241;Ernte-u.Betriebsbericht: Feldfrüchte und Grünland;JAHR;Jahr;1962;DINSG;Deutschland insgesamt;DG;Deutschland;FRUA01;Fruchtarten;FRUART01211;Wintergerste;251020;ha;FLC016;Anbaufläche
41241;Ernte-u.Betriebsbericht: Feldfrüchte und Grünland;JAHR;Jahr;1952;DINSG;Deutschland insgesamt;DG;Deutschland;FRUA01;Fruchtarten;FRUART0111;Weizen;1203347;ha;FLC016;Anbaufläche
41241;Ernte-u.Betriebsbericht: Feldfrüchte und Grünland;JAHR;Jahr;1977;DINSG;Deutschland insgesamt;DG;Deutschland;FRUA01;Fruchtarten;FRUART0121;Gerste;1811280;ha;FLC016;Anbaufläche
41241;Ernte-u.Betriebsbericht: Feldfrüchte und Grünland;JAHR;Jahr;1998;DINSG;Deutschland insgesamt;DG;Deutschland;FRUA01;Fruchtarten;FRUART01113;Hartweizen (Durum);11687;ha;FLC016;Anbaufläche
41241;Ernte-u.Betriebsbericht: Feldfrüchte und Grünland;JAHR;Jahr;1969;DINSG;Deutschland insgesamt;DG;Deutschland;FRUA01;Fruchtarten;FRUART032;Zuckerrüben;295024;ha;FLC016;Anbaufläche
41241;Ernte-u.Betriebsbericht: Feldfrüchte und Grünland;JAHR;Jahr;1998;DINSG;Deutschland insgesamt;DG;Deutschland;FRUA01;Fruchtarten;FRUART012;Futter- und Industriegetreide;2951798;ha;FLC016;Anbaufläche
41241;Ernte-u.Betriebsbericht: Feldfrüchte und Grünland;JAHR;Jahr;1976;DINSG;Deutschland insgesamt;DG;Deutschland;FRUA01;Fruchtarten;FRUART067;Lupinen;.;ha;FLC016;Anbaufläche
41241;Ernte-u.Betriebsbericht: Feldfrüchte und Grünland;JAHR;Jahr;2008;DINSG;Deutschland insgesamt;DG;Deutschland;FRUA01;Fruchtarten;FRUART0111;Weizen;3213500;ha;FLC016;Anbaufläche
41241;Ernte-u.Betriebsbericht: Feldfrüchte und Grünland;JAHR;Jahr;1956;DINSG;Deutschland insgesamt;DG;Deutschland;FRUA01;Fruchtarten;FRUART0124;Triticale;.;ha;FLC016;Anbaufläche
41241;Ernte-u.Betriebsbericht: Feldfrüchte und Grünland;JAHR;Jahr;1978;DINSG;Deutschland insgesamt;DG;Deutschland;FRUA01;Fruchtarten;FRUART01211;Wintergerste;1038214;ha;FLC016;Anbaufläche
41241;Ernte-u.Betriebsbericht: Feldfrüchte und Grünland;JAHR;Jahr;1979;DINSG;Deutschland insgesamt;DG;Deutschland;FRUA01;Fruchtarten;FRUART012;Futter- und Industriegetreide;2907915;ha;FLC016;Anbaufläche
41241;Ernte-u.Betriebsbericht: Feldfrüchte und Grünland;JAHR;Jahr;1992;DINSG;Deutschland insgesamt;DG;Deutschland;FRUA01;Fruchtarten;FRUART0123;Sommermenggetreide;53923;ha;FLC016;Anbaufläche
41241;Ernte-u.Betriebsbericht: Feldfrüchte und Grünland;JAHR;Jahr;1995;DINSG;Deutschland insgesamt;DG;Deutschland;FRUA01;Fruchtarten;FRUART067;Lupinen;.;ha;FLC016;Anbaufläche
41241;Ernte-u.Betriebsbericht: Feldfrüchte und Grünland;JAHR;Jahr;1951;DINSG;Deutschland insgesamt;DG;Deutschland;FRUA01;Fruchtarten;FRUART0514;Andere Ölfrüchte;.;ha;FLC016;Anbaufläche
41241;Ernte-u.Betriebsbericht: Feldfrüchte und Grünland;JAHR;Jahr;1951;DINSG;Deutschland insgesamt;DG;Deutschland;FRUA01;Fruchtarten;FRUART04OS;Gemüse, Spargel, Erdbeeren (ohne Samenbau);.;ha;FLC016;Anbaufläche
41241;Ernte-u.Betriebsbericht: Feldfrüchte und Grünland;JAHR;Jahr;1999;DINSG;Deutschland insgesamt;DG;Deutschland;FRUA01;Fruchtarten;FRUART0111;Weizen;2601122;ha;FLC016;Anbaufläche
41241;Ernte-u.Betriebsbericht: Feldfrüchte und Grünland;JAHR;Jahr;1981;DINSG;Deutschland insgesamt;DG;Deutschland;FRUA01;Fruchtarten;FRUART051;Ölfrüchte;.;ha;FLC016;Anbaufläche
41241;Ernte-u.Betriebsbericht: Feldfrüchte und Grünland;JAHR;Jahr;1980;DINSG;Deutschland insgesamt;DG;Deutschland;FRUA01;Fruchtarten;FRUART0124;Triticale;.;ha;FLC016;Anbaufläche
41241;Ernte-u.Betriebsbericht: Feldfrüchte und Grünland;JAHR;Jahr;1971;DINSG;Deutschland insgesamt;DG;Deutschland;FRUA01;Fruchtarten;FRUART0113;Wintermenggetreide;41372;ha;FLC016;Anbaufläche
41241;Ernte-u.Betriebsbericht: Feldfrüchte und Grünland;JAHR;Jahr;1995;DINSG;Deutschland insgesamt;DG;Deutschland;FRUA01;Fruchtarten;FRUART054;Rüben und Gräser zur Samengewinnung;26406;ha;FLC016;Anbaufläche
41241;Ernte-u.Betriebsbericht: Feldfrüchte und Grünland;JAHR;Jahr;1979;DINSG;Deutschland insgesamt;DG;Deutschland;FRUA01;Fruchtarten;FRUART0512;Flachs (Lein);.;ha;FLC016;Anbaufläche
41241;Ernte-u.Betriebsbericht: Feldfrüchte und Grünland;JAHR;Jahr;1950;DINSG;Deutschland insgesamt;DG;Deutschland;FRUA01;Fruchtarten;FRUART013CCM;Körnermais (einschl. CCM);6787;ha;FLC016;Anbaufläche
41241;Ernte-u.Betriebsbericht: Feldfrüchte und Grünland;JAHR;Jahr;1974;DINSG;Deutschland insgesamt;DG;Deutschland;FRUA01;Fruchtarten;FRUART01212;Sommergerste;987446;ha;FLC016;Anbaufläche
41241;Ernte-u.Betriebsbericht: Feldfrüchte und Grünland;JAHR;Jahr;1950;DINSG;Deutschland insgesamt;DG;Deutschland;FRUA01;Fruchtarten;FRUART023;Alle anderen Hülsenfrüchte;68686;ha;FLC016;Anbaufläche
41241;Ernte-u.Betriebsbericht: Feldfrüchte und Grünland;JAHR;Jahr;1972;DINSG;Deutschland insgesamt;DG;Deutschland;FRUA01;Fruchtarten;FRUART013;Körnermais;.;ha;FLC016;Anbaufläche
41241;Ernte-u.Betriebsbericht: Feldfrüchte und Grünland;JAHR;Jahr;1972;DINSG;Deutschland insgesamt;DG;Deutschland;FRUA01;Fruchtarten;FRUART0511;Raps und Rübsen;106081;ha;FLC016;Anbaufläche
41241;Ernte-u.Betriebsbericht: Feldfrüchte und Grünland;JAHR;Jahr;2000;DINSG;Deutschland insgesamt;DG;Deutschland;FRUA01;Fruchtarten;FRUART032;Zuckerrüben;452006;ha;FLC016;Anbaufläche
41241;Ernte-u.Betriebsbericht: Feldfrüchte und Grünland;JAHR;Jahr;1958;DINSG;Deutschland insgesamt;DG;Deutschland;FRUA01;Fruchtarten;FRUART01113;Hartweizen (Durum);.;ha;FLC016;Anbaufläche
41241;Ernte-u.Betriebsbericht: Feldfrüchte und Grünland;JAHR;Jahr;1976;DINSG;Deutschland insgesamt;DG;Deutschland;FRUA01;Fruchtarten;FRUART05111;Winterraps;86291;ha;FLC016;Anbaufläche
41241;Ernte-u.Betriebsbericht: Feldfrüchte und Grünland;JAHR;Jahr;1980;DINSG;Deutschland insgesamt;DG;Deutschland;FRUA01;Fruchtarten;FRUART056;Alle anderen Handelsgewächse;4505;ha;FLC016;Anbaufläche
41241;Ernte-u.Betriebsbericht: Feldfrüchte und Grünland;JAHR;Jahr;2007;DINSG;Deutschland insgesamt;DG;Deutschland;FRUA01;Fruchtarten;FRUART0514;Andere Ölfrüchte;5199;ha;FLC016;Anbaufläche
41241;Ernte-u.Betriebsbericht: Feldfrüchte und Grünland;JAHR;Jahr;2007;DINSG;Deutschland insgesamt;DG;Deutschland;FRUA01;Fruchtarten;FRUART04OS;Gemüse, Spargel, Erdbeeren (ohne Samenbau);119480;ha;FLC016;Anbaufläche
41241;Ernte-u.Betriebsbericht: Feldfrüchte und Grünland;JAHR;Jahr;1954;DINSG;Deutschland insgesamt;DG;Deutschland;FRUA01;Fruchtarten;FRUART033;Runkelrüben;505499;ha;FLC016;Anbaufläche
41241;Ernte-u.Betriebsbericht: Feldfrüchte und Grünland;JAHR;Jahr;2006;DINSG;Deutschland insgesamt;DG;Deutschland;FRUA01;Fruchtarten;FRUART031MUS;Mittelfrühe und späte Kartoffeln;259300;ha;FLC016;Anbaufläche
41241;Ernte-u.Betriebsbericht: Feldfrüchte und Grünland;JAHR;Jahr;1961;DINSG;Deutschland insgesamt;DG;Deutschland;FRUA01;Fruchtarten;FRUART012;Futter- und Industriegetreide;2252980;ha;FLC016;Anbaufläche
41241;Ernte-u.Betriebsbericht: Feldfrüchte und Grünland;JAHR;Jahr;1999;DINSG;Deutschland insgesamt;DG;Deutschland;FRUA01;Fruchtarten;FRUART064;Silomais (einschl. Lieschkolbenschrot);1202844;ha;FLC016;Anbaufläche
41241;Ernte-u.Betriebsbericht: Feldfrüchte und Grünland;JAHR;Jahr;1992;DINSG;Deutschland insgesamt;DG;Deutschland;FRUA01;Fruchtarten;FRUART052;Hopfen;22757;ha;FLC016;Anbaufläche
41241;Ernte-u.Betriebsbericht: Feldfrüchte und Grünland;JAHR;Jahr;1972;DINSG;Deutschland insgesamt;DG;Deutschland;FRUA01;Fruchtarten;FRUART05112;Sommerraps, Winter- und Sommerrübsen;9168;ha;FLC016;Anbaufläche
41241;Ernte-u.Betriebsbericht: Feldfrüchte und Grünland;JAHR;Jahr;1987;DINSG;Deutschland insgesamt;DG;Deutschland;FRUA01;Fruchtarten;FRUART011;Brotgetreide;2094151;ha;FLC016;Anbaufläche
41241;Ernte-u.Betriebsbericht: Feldfrüchte und Grünland;JAHR;Jahr;2004;DINSG;Deutschland insgesamt;DG;Deutschland;FRUA01;Fruchtarten;FRUART042;Gartenbausämereien,Vermehrungsanbau v.Blumenzwieb.;581;ha;FLC016;Anbaufläche
41241;Ernte-u.Betriebsbericht: Feldfrüchte und Grünland;JAHR;Jahr;1965;DINSG;Deutschland insgesamt;DG;Deutschland;FRUA01;Fruchtarten;FRUART022;Ackerbohnen;21557;ha;FLC016;Anbaufläche
41241;Ernte-u.Betriebsbericht: Feldfrüchte und Grünland;JAHR;Jahr;1970;DINSG;Deutschland insgesamt;DG;Deutschland;FRUA01;Fruchtarten;FRUART063;Feldgras/Grasanbau auf dem Ackerland;241247;ha;FLC016;Anbaufläche
41241;Ernte-u.Betriebsbericht: Feldfrüchte und Grünland;JAHR;Jahr;1959;DINSG;Deutschland insgesamt;DG;Deutschland;FRUA01;Fruchtarten;FRUART0112;Roggen;1426069;ha;FLC016;Anbaufläche
41241;Ernte-u.Betriebsbericht: Feldfrüchte und Grünland;JAHR;Jahr;1993;DINSG;Deutschland insgesamt;DG;Deutschland;FRUA01;Fruchtarten;FRUART01111;Winterweizen;2323689;ha;FLC016;Anbaufläche
41241;Ernte-u.Betriebsbericht: Feldfrüchte und Grünland;JAHR;Jahr;2000;DINSG;Deutschland insgesamt;DG;Deutschland;FRUA01;Fruchtarten;FRUART0513;Körnersonnenblumen;25794;ha;FLC016;Anbaufläche
41241;Ernte-u.Betriebsbericht: Feldfrüchte und Grünland;JAHR;Jahr;1984;DINSG;Deutschland insgesamt;DG;Deutschland;FRUA01;Fruchtarten;FRUART066;Alle anderen Futterpflanzen;4851;ha;FLC016;Anbaufläche
41241;Ernte-u.Betriebsbericht: Feldfrüchte und Grünland;JAHR;Jahr;1995;DINSG;Deutschland insgesamt;DG;Deutschland;FRUA01;Fruchtarten;FRUART0111;Weizen;2578793;ha;FLC016;Anbaufläche
41241;Ernte-u.Betriebsbericht: Feldfrüchte und Grünland;JAHR;Jahr;1954;DINSG;Deutschland insgesamt;DG;Deutschland;FRUA01;Fruchtarten;FRUART01111W;Weichweizen;.;ha;FLC016;Anbaufläche
41241;Ernte-u.Betriebsbericht: Feldfrüchte und Grünland;JAHR;Jahr;1969;DINSG;Deutschland insgesamt;DG;Deutschland;FRUA01;Fruchtarten;FRUART01111;Winterweizen;1312559;ha;FLC016;Anbaufläche
41241;Ernte-u.Betriebsbericht: Feldfrüchte und Grünland;JAHR;Jahr;1959;DINSG;Deutschland insgesamt;DG;Deutschland;FRUA01;Fruchtarten;FRUART01211;Wintergerste;238768;ha;FLC016;Anbaufläche
41241;Ernte-u.Betriebsbericht: Feldfrüchte und Grünland;JAHR;Jahr;2009;DINSG;Deutschland insgesamt;DG;Deutschland;FRUA01;Fruchtarten;FRUART061;Klee, Kleegras und Klee-Luzerne-Gemisch;213400;ha;FLC016;Anbaufläche
41241;Ernte-u.Betriebsbericht: Feldfrüchte und Grünland;JAHR;Jahr;1977;DINSG;Deutschland insgesamt;DG;Deutschland;FRUA01;Fruchtarten;FRUART061;Klee, Kleegras und Klee-Luzerne-Gemisch;257896;ha;FLC016;Anbaufläche
41241;Ernte-u.Betriebsbericht: Feldfrüchte und Grünland;JAHR;Jahr;1987;DINSG;Deutschland insgesamt;DG;Deutschland;FRUA01;Fruchtarten;FRUART0124;Triticale;.;ha;FLC016;Anbaufläche
41241;Ernte-u.Betriebsbericht: Feldfrüchte und Grünland;JAHR;Jahr;1962;DINSG;Deutschland insgesamt;DG;Deutschland;FRUA01;Fruchtarten;FRUART031SPK;Speisekartoffeln;.;ha;FLC016;Anbaufläche
41241;Ernte-u.Betriebsbericht: Feldfrüchte und Grünland;JAHR;Jahr;2004;DINSG;Deutschland insgesamt;DG;Deutschland;FRUA01;Fruchtarten;FRUART056;Alle anderen Handelsgewächse;6512;ha;FLC016;Anbaufläche
41241;Ernte-u.Betriebsbericht: Feldfrüchte und Grünland;JAHR;Jahr;1976;DINSG;Deutschland insgesamt;DG;Deutschland;FRUA01;Fruchtarten;FRUART0511;Raps und Rübsen;94841;ha;FLC016;Anbaufläche
41241;Ernte-u.Betriebsbericht: Feldfrüchte und Grünland;JAHR;Jahr;1968;DINSG;Deutschland insgesamt;DG;Deutschland;FRUA01;Fruchtarten;FRUART023;Alle anderen Hülsenfrüchte;14223;ha;FLC016;Anbaufläche
41241;Ernte-u.Betriebsbericht: Feldfrüchte und Grünland;JAHR;Jahr;2005;DINSG;Deutschland insgesamt;DG;Deutschland;FRUA01;Fruchtarten;FRUART0123;Sommermenggetreide;26200;ha;FLC016;Anbaufläche
41241;Ernte-u.Betriebsbericht: Feldfrüchte und Grünland;JAHR;Jahr;1987;DINSG;Deutschland insgesamt;DG;Deutschland;FRUA01;Fruchtarten;FRUART041;Blumen u. Zierpflanzen einschl.Jungpfl.(o.Samenb.);.;ha;FLC016;Anbaufläche
41241;Ernte-u.Betriebsbericht: Feldfrüchte und Grünland;JAHR;Jahr;1972;DINSG;Deutschland insgesamt;DG;Deutschland;FRUA01;Fruchtarten;FRUART056;Alle anderen Handelsgewächse;5702;ha;FLC016;Anbaufläche
41241;Ernte-u.Betriebsbericht: Feldfrüchte und Grünland;JAHR;Jahr;2008;DINSG;Deutschland insgesamt;DG;Deutschland;FRUA01;Fruchtarten;FRUART066;Alle anderen Futterpflanzen;57800;ha;FLC016;Anbaufläche
41241;Ernte-u.Betriebsbericht: Feldfrüchte und Grünland;JAHR;Jahr;1973;DINSG;Deutschland insgesamt;DG;Deutschland;FRUA01;Fruchtarten;FRUART051;Ölfrüchte;.;ha;FLC016;Anbaufläche
41241;Ernte-u.Betriebsbericht: Feldfrüchte und Grünland;JAHR;Jahr;1954;DINSG;Deutschland insgesamt;DG;Deutschland;FRUA01;Fruchtarten;FRUART034;Alle anderen Hackfrüchte;94994;ha;FLC016;Anbaufläche
41241;Ernte-u.Betriebsbericht: Feldfrüchte und Grünland;JAHR;Jahr;1961;DINSG;Deutschland insgesamt;DG;Deutschland;FRUA01;Fruchtarten;FRUART011;Brotgetreide;2645361;ha;FLC016;Anbaufläche
41241;Ernte-u.Betriebsbericht: Feldfrüchte und Grünland;JAHR;Jahr;1981;DINSG;Deutschland insgesamt;DG;Deutschland;FRUA01;Fruchtarten;FRUART01212;Sommergerste;745067;ha;FLC016;Anbaufläche
41241;Ernte-u.Betriebsbericht: Feldfrüchte und Grünland;JAHR;Jahr;1969;DINSG;Deutschland insgesamt;DG;Deutschland;FRUA01;Fruchtarten;FRUART031SPK;Speisekartoffeln;.;ha;FLC016;Anbaufläche
41241;Ernte-u.Betriebsbericht: Feldfrüchte und Grünland;JAHR;Jahr;1960;DINSG;Deutschland insgesamt;DG;Deutschland;FRUA01;Fruchtarten;FRUART05111;Winterraps;25030;ha;FLC016;Anbaufläche
41241;Ernte-u.Betriebsbericht: Feldfrüchte und Grünland;JAHR;Jahr;2001;DINSG;Deutschland insgesamt;DG;Deutschland;FRUA01;Fruchtarten;FRUART054;Rüben und Gräser zur Samengewinnung;25102;ha;FLC016;Anbaufläche
41241;Ernte-u.Betriebsbericht: Feldfrüchte und Grünland;JAHR;Jahr;1965;DINSG;Deutschland insgesamt;DG;Deutschland;FRUA01;Fruchtarten;FRUART021;Futtererbsen;.;ha;FLC016;Anbaufläche
41241;Ernte-u.Betriebsbericht: Feldfrüchte und Grünland;JAHR;Jahr;1983;DINSG;Deutschland insgesamt;DG;Deutschland;FRUA01;Fruchtarten;FRUART031;Kartoffeln;224103;ha;FLC016;Anbaufläche
41241;Ernte-u.Betriebsbericht: Feldfrüchte und Grünland;JAHR;Jahr;2008;DINSG;Deutschland insgesamt;DG;Deutschland;FRUA01;Fruchtarten;FRUART0512;Flachs (Lein);4200;ha;FLC016;Anbaufläche
41241;Ernte-u.Betriebsbericht: Feldfrüchte und Grünland;JAHR;Jahr;1960;DINSG;Deutschland insgesamt;DG;Deutschland;FRUA01;Fruchtarten;FRUART0112;Roggen;1317586;ha;FLC016;Anbaufläche
41241;Ernte-u.Betriebsbericht: Feldfrüchte und Grünland;JAHR;Jahr;2008;DINSG;Deutschland insgesamt;DG;Deutschland;FRUA01;Fruchtarten;FRUART053;Tabak;3300;ha;FLC016;Anbaufläche
41241;Ernte-u.Betriebsbericht: Feldfrüchte und Grünland;JAHR;Jahr;1973;DINSG;Deutschland insgesamt;DG;Deutschland;FRUA01;Fruchtarten;FRUART064;Silomais (einschl. Lieschkolbenschrot);346133;ha;FLC016;Anbaufläche
41241;Ernte-u.Betriebsbericht: Feldfrüchte und Grünland;JAHR;Jahr;1980;DINSG;Deutschland insgesamt;DG;Deutschland;FRUA01;Fruchtarten;FRUART042;Gartenbausämereien,Vermehrungsanbau v.Blumenzwieb.;.;ha;FLC016;Anbaufläche
41241;Ernte-u.Betriebsbericht: Feldfrüchte und Grünland;JAHR;Jahr;2009;DINSG;Deutschland insgesamt;DG;Deutschland;FRUA01;Fruchtarten;FRUART031INK;Industriekartoffeln;.;ha;FLC016;Anbaufläche
41241;Ernte-u.Betriebsbericht: Feldfrüchte und Grünland;JAHR;Jahr;1984;DINSG;Deutschland insgesamt;DG;Deutschland;FRUA01;Fruchtarten;FRUART0511;Raps und Rübsen;254121;ha;FLC016;Anbaufläche
41241;Ernte-u.Betriebsbericht: Feldfrüchte und Grünland;JAHR;Jahr;1993;DINSG;Deutschland insgesamt;DG;Deutschland;FRUA01;Fruchtarten;FRUART011;Brotgetreide;3066058;ha;FLC016;Anbaufläche
41241;Ernte-u.Betriebsbericht: Feldfrüchte und Grünland;JAHR;Jahr;1984;DINSG;Deutschland insgesamt;DG;Deutschland;FRUA01;Fruchtarten;FRUART01112;Sommerweizen;81390;ha;FLC016;Anbaufläche
41241;Ernte-u.Betriebsbericht: Feldfrüchte und Grünland;JAHR;Jahr;1956;DINSG;Deutschland insgesamt;DG;Deutschland;FRUA01;Fruchtarten;FRUART0111;Weizen;1155311;ha;FLC016;Anbaufläche
41241;Ernte-u.Betriebsbericht: Feldfrüchte und Grünland;JAHR;Jahr;1994;DINSG;Deutschland insgesamt;DG;Deutschland;FRUA01;Fruchtarten;FRUART0514;Andere Ölfrüchte;13701;ha;FLC016;Anbaufläche
41241;Ernte-u.Betriebsbericht: Feldfrüchte und Grünland;JAHR;Jahr;1994;DINSG;Deutschland insgesamt;DG;Deutschland;FRUA01;Fruchtarten;FRUART04OS;Gemüse, Spargel, Erdbeeren (ohne Samenbau);84463;ha;FLC016;Anbaufläche
41241;Ernte-u.Betriebsbericht: Feldfrüchte und Grünland;JAHR;Jahr;1980;DINSG;Deutschland insgesamt;DG;Deutschland;FRUA01;Fruchtarten;FRUART0512;Flachs (Lein);.;ha;FLC016;Anbaufläche
41241;Ernte-u.Betriebsbericht: Feldfrüchte und Grünland;JAHR;Jahr;1973;DINSG;Deutschland insgesamt;DG;Deutschland;FRUA01;Fruchtarten;FRUART0121;Gerste;1671137;ha;FLC016;Anbaufläche
41241;Ernte-u.Betriebsbericht: Feldfrüchte und Grünland;JAHR;Jahr;1986;DINSG;Deutschland insgesamt;DG;Deutschland;FRUA01;Fruchtarten;FRUART033;Runkelrüben;93941;ha;FLC016;Anbaufläche
41241;Ernte-u.Betriebsbericht: Feldfrüchte und Grünland;JAHR;Jahr;2001;DINSG;Deutschland insgesamt;DG;Deutschland;FRUA01;Fruchtarten;FRUART041;Blumen u. Zierpflanzen einschl.Jungpfl.(o.Samenb.);9021;ha;FLC016;Anbaufläche
41241;Ernte-u.Betriebsbericht: Feldfrüchte und Grünland;JAHR;Jahr;1990;DINSG;Deutschland insgesamt;DG;Deutschland;FRUA01;Fruchtarten;FRUART066;Alle anderen Futterpflanzen;29405;ha;FLC016;Anbaufläche
41241;Ernte-u.Betriebsbericht: Feldfrüchte und Grünland;JAHR;Jahr;1951;DINSG;Deutschland insgesamt;DG;Deutschland;FRUA01;Fruchtarten;FRUART032;Zuckerrüben;222836;ha;FLC016;Anbaufläche
41241;Ernte-u.Betriebsbericht: Feldfrüchte und Grünland;JAHR;Jahr;1955;DINSG;Deutschland insgesamt;DG;Deutschland;FRUA01;Fruchtarten;FRUART042;Gartenbausämereien,Vermehrungsanbau v.Blumenzwieb.;.;ha;FLC016;Anbaufläche
41241;Ernte-u.Betriebsbericht: Feldfrüchte und Grünland;JAHR;Jahr;1997;DINSG;Deutschland insgesamt;DG;Deutschland;FRUA01;Fruchtarten;FRUART021;Futtererbsen;119335;ha;FLC016;Anbaufläche
41241;Ernte-u.Betriebsbericht: Feldfrüchte und Grünland;JAHR;Jahr;1976;DINSG;Deutschland insgesamt;DG;Deutschland;FRUA01;Fruchtarten;FRUART066;Alle anderen Futterpflanzen;6597;ha;FLC016;Anbaufläche
41241;Ernte-u.Betriebsbericht: Feldfrüchte und Grünland;JAHR;Jahr;1963;DINSG;Deutschland insgesamt;DG;Deutschland;FRUA01;Fruchtarten;FRUART01112;Sommerweizen;202982;ha;FLC016;Anbaufläche
41241;Ernte-u.Betriebsbericht: Feldfrüchte und Grünland;JAHR;Jahr;1963;DINSG;Deutschland insgesamt;DG;Deutschland;FRUA01;Fruchtarten;FRUART0514;Andere Ölfrüchte;.;ha;FLC016;Anbaufläche
41241;Ernte-u.Betriebsbericht: Feldfrüchte und Grünland;JAHR;Jahr;1963;DINSG;Deutschland insgesamt;DG;Deutschland;FRUA01;Fruchtarten;FRUART04OS;Gemüse, Spargel, Erdbeeren (ohne Samenbau);.;ha;FLC016;Anbaufläche
41241;Ernte-u.Betriebsbericht: Feldfrüchte und Grünland;JAHR;Jahr;1952;DINSG;Deutschland insgesamt;DG;Deutschland;FRUA01;Fruchtarten;FRUART0124;Triticale;.;ha;FLC016;Anbaufläche
41241;Ernte-u.Betriebsbericht: Feldfrüchte und Grünland;JAHR;Jahr;1962;DINSG;Deutschland insgesamt;DG;Deutschland;FRUA01;Fruchtarten;FRUART063;Feldgras/Grasanbau auf dem Ackerland;246317;ha;FLC016;Anbaufläche
41241;Ernte-u.Betriebsbericht: Feldfrüchte und Grünland;JAHR;Jahr;1979;DINSG;Deutschland insgesamt;DG;Deutschland;FRUA01;Fruchtarten;FRUART011;Brotgetreide;2210484;ha;FLC016;Anbaufläche
41241;Ernte-u.Betriebsbericht: Feldfrüchte und Grünland;JAHR;Jahr;2005;DINSG;Deutschland insgesamt;DG;Deutschland;FRUA01;Fruchtarten;FRUART051;Ölfrüchte;1392400;ha;FLC016;Anbaufläche
41241;Ernte-u.Betriebsbericht: Feldfrüchte und Grünland;JAHR;Jahr;1964;DINSG;Deutschland insgesamt;DG;Deutschland;FRUA01;Fruchtarten;FRUART013;Körnermais;.;ha;FLC016;Anbaufläche
41241;Ernte-u.Betriebsbericht: Feldfrüchte und Grünland;JAHR;Jahr;2007;DINSG;Deutschland insgesamt;DG;Deutschland;FRUA01;Fruchtarten;FRUART031SPK;Speisekartoffeln;96399;ha;FLC016;Anbaufläche
41241;Ernte-u.Betriebsbericht: Feldfrüchte und Grünland;JAHR;Jahr;1982;DINSG;Deutschland insgesamt;DG;Deutschland;FRUA01;Fruchtarten;FRUART023;Alle anderen Hülsenfrüchte;7050;ha;FLC016;Anbaufläche
41241;Ernte-u.Betriebsbericht: Feldfrüchte und Grünland;JAHR;Jahr;1997;DINSG;Deutschland insgesamt;DG;Deutschland;FRUA01;Fruchtarten;FRUART01111W;Weichweizen;2713008;ha;FLC016;Anbaufläche
41241;Ernte-u.Betriebsbericht: Feldfrüchte und Grünland;JAHR;Jahr;1990;DINSG;Deutschland insgesamt;DG;Deutschland;FRUA01;Fruchtarten;FRUART01111W;Weichweizen;.;ha;FLC016;Anbaufläche
41241;Ernte-u.Betriebsbericht: Feldfrüchte und Grünland;JAHR;Jahr;1998;DINSG;Deutschland insgesamt;DG;Deutschland;FRUA01;Fruchtarten;FRUART042;Gartenbausämereien,Vermehrungsanbau v.Blumenzwieb.;540;ha;FLC016;Anbaufläche
41241;Ernte-u.Betriebsbericht: Feldfrüchte und Grünland;JAHR;Jahr;2004;DINSG;Deutschland insgesamt;DG;Deutschland;FRUA01;Fruchtarten;FRUART012;Futter- und Industriegetreide;2739069;ha;FLC016;Anbaufläche
41241;Ernte-u.Betriebsbericht: Feldfrüchte und Grünland;JAHR;Jahr;1984;DINSG;Deutschland insgesamt;DG;Deutschland;FRUA01;Fruchtarten;FRUART052;Hopfen;19491;ha;FLC016;Anbaufläche
41241;Ernte-u.Betriebsbericht: Feldfrüchte und Grünland;JAHR;Jahr;2009;DINSG;Deutschland insgesamt;DG;Deutschland;FRUA01;Fruchtarten;FRUART0122;Hafer;162600;ha;FLC016;Anbaufläche
41241;Ernte-u.Betriebsbericht: Feldfrüchte und Grünland;JAHR;Jahr;2001;DINSG;Deutschland insgesamt;DG;Deutschland;FRUA01;Fruchtarten;FRUART067;Lupinen;.;ha;FLC016;Anbaufläche
41241;Ernte-u.Betriebsbericht: Feldfrüchte und Grünland;JAHR;Jahr;1959;DINSG;Deutschland insgesamt;DG;Deutschland;FRUA01;Fruchtarten;FRUART052;Hopfen;8737;ha;FLC016;Anbaufläche
41241;Ernte-u.Betriebsbericht: Feldfrüchte und Grünland;JAHR;Jahr;1965;DINSG;Deutschland insgesamt;DG;Deutschland;FRUA01;Fruchtarten;FRUART0121;Gerste;1193075;ha;FLC016;Anbaufläche
41241;Ernte-u.Betriebsbericht: Feldfrüchte und Grünland;JAHR;Jahr;1968;DINSG;Deutschland insgesamt;DG;Deutschland;FRUA01;Fruchtarten;FRUART067;Lupinen;.;ha;FLC016;Anbaufläche
41241;Ernte-u.Betriebsbericht: Feldfrüchte und Grünland;JAHR;Jahr;1987;DINSG;Deutschland insgesamt;DG;Deutschland;FRUA01;Fruchtarten;FRUART0111;Weizen;1671422;ha;FLC016;Anbaufläche
41241;Ernte-u.Betriebsbericht: Feldfrüchte und Grünland;JAHR;Jahr;2008;DINSG;Deutschland insgesamt;DG;Deutschland;FRUA01;Fruchtarten;FRUART022;Ackerbohnen;11100;ha;FLC016;Anbaufläche
41241;Ernte-u.Betriebsbericht: Feldfrüchte und Grünland;JAHR;Jahr;1977;DINSG;Deutschland insgesamt;DG;Deutschland;FRUA01;Fruchtarten;FRUART01113;Hartweizen (Durum);.;ha;FLC016;Anbaufläche
41241;Ernte-u.Betriebsbericht: Feldfrüchte und Grünland;JAHR;Jahr;1981;DINSG;Deutschland insgesamt;DG;Deutschland;FRUA01;Fruchtarten;FRUART05111;Winterraps;147462;ha;FLC016;Anbaufläche
41241;Ernte-u.Betriebsbericht: Feldfrüchte und Grünland;JAHR;Jahr;1964;DINSG;Deutschland insgesamt;DG;Deutschland;FRUA01;Fruchtarten;FRUART0111;Weizen;1446530;ha;FLC016;Anbaufläche
41241;Ernte-u.Betriebsbericht: Feldfrüchte und Grünland;JAHR;Jahr;1961;DINSG;Deutschland insgesamt;DG;Deutschland;FRUA01;Fruchtarten;FRUART055;Heil- und Gewürzpflanzen;.;ha;FLC016;Anbaufläche
41241;Ernte-u.Betriebsbericht: Feldfrüchte und Grünland;JAHR;Jahr;1967;DINSG;Deutschland insgesamt;DG;Deutschland;FRUA01;Fruchtarten;FRUART0512;Flachs (Lein);.;ha;FLC016;Anbaufläche
41241;Ernte-u.Betriebsbericht: Feldfrüchte und Grünland;JAHR;Jahr;1969;DINSG;Deutschland insgesamt;DG;Deutschland;FRUA01;Fruchtarten;FRUART05112;Sommerraps, Winter- und Sommerrübsen;9219;ha;FLC016;Anbaufläche
41241;Ernte-u.Betriebsbericht: Feldfrüchte und Grünland;JAHR;Jahr;1953;DINSG;Deutschland insgesamt;DG;Deutschland;FRUA01;Fruchtarten;FRUART05112;Sommerraps, Winter- und Sommerrübsen;3877;ha;FLC016;Anbaufläche
41241;Ernte-u.Betriebsbericht: Feldfrüchte und Grünland;JAHR;Jahr;1994;DINSG;Deutschland insgesamt;DG;Deutschland;FRUA01;Fruchtarten;FRUART031INK;Industriekartoffeln;160495;ha;FLC016;Anbaufläche
41241;Ernte-u.Betriebsbericht: Feldfrüchte und Grünland;JAHR;Jahr;2003;DINSG;Deutschland insgesamt;DG;Deutschland;FRUA01;Fruchtarten;FRUART0514;Andere Ölfrüchte;4656;ha;FLC016;Anbaufläche
41241;Ernte-u.Betriebsbericht: Feldfrüchte und Grünland;JAHR;Jahr;2003;DINSG;Deutschland insgesamt;DG;Deutschland;FRUA01;Fruchtarten;FRUART04OS;Gemüse, Spargel, Erdbeeren (ohne Samenbau);114559;ha;FLC016;Anbaufläche
41241;Ernte-u.Betriebsbericht: Feldfrüchte und Grünland;JAHR;Jahr;2007;DINSG;Deutschland insgesamt;DG;Deutschland;FRUA01;Fruchtarten;FRUART05111;Winterraps;1538610;ha;FLC016;Anbaufläche
41241;Ernte-u.Betriebsbericht: Feldfrüchte und Grünland;JAHR;Jahr;1965;DINSG;Deutschland insgesamt;DG;Deutschland;FRUA01;Fruchtarten;FRUART065;Raufutter;.;ha;FLC016;Anbaufläche
41241;Ernte-u.Betriebsbericht: Feldfrüchte und Grünland;JAHR;Jahr;1987;DINSG;Deutschland insgesamt;DG;Deutschland;FRUA01;Fruchtarten;FRUART054;Rüben und Gräser zur Samengewinnung;9881;ha;FLC016;Anbaufläche
41241;Ernte-u.Betriebsbericht: Feldfrüchte und Grünland;JAHR;Jahr;1997;DINSG;Deutschland insgesamt;DG;Deutschland;FRUA01;Fruchtarten;FRUART05111;Winterraps;858276;ha;FLC016;Anbaufläche
41241;Ernte-u.Betriebsbericht: Feldfrüchte und Grünland;JAHR;Jahr;1995;DINSG;Deutschland insgesamt;DG;Deutschland;FRUA01;Fruchtarten;FRUART01212;Sommergerste;662095;ha;FLC016;Anbaufläche
41241;Ernte-u.Betriebsbericht: Feldfrüchte und Grünland;JAHR;Jahr;2003;DINSG;Deutschland insgesamt;DG;Deutschland;FRUA01;Fruchtarten;FRUART01112;Sommerweizen;123768;ha;FLC016;Anbaufläche
41241;Ernte-u.Betriebsbericht: Feldfrüchte und Grünland;JAHR;Jahr;2001;DINSG;Deutschland insgesamt;DG;Deutschland;FRUA01;Fruchtarten;FRUART031INK;Industriekartoffeln;165326;ha;FLC016;Anbaufläche
41241;Ernte-u.Betriebsbericht: Feldfrüchte und Grünland;JAHR;Jahr;2004;DINSG;Deutschland insgesamt;DG;Deutschland;FRUA01;Fruchtarten;FRUART0513;Körnersonnenblumen;31557;ha;FLC016;Anbaufläche
41241;Ernte-u.Betriebsbericht: Feldfrüchte und Grünland;JAHR;Jahr;1982;DINSG;Deutschland insgesamt;DG;Deutschland;FRUA01;Fruchtarten;FRUART031MUS;Mittelfrühe und späte Kartoffeln;217362;ha;FLC016;Anbaufläche
41241;Ernte-u.Betriebsbericht: Feldfrüchte und Grünland;JAHR;Jahr;1976;DINSG;Deutschland insgesamt;DG;Deutschland;FRUA01;Fruchtarten;FRUART053;Tabak;.;ha;FLC016;Anbaufläche
41241;Ernte-u.Betriebsbericht: Feldfrüchte und Grünland;JAHR;Jahr;1955;DINSG;Deutschland insgesamt;DG;Deutschland;FRUA01;Fruchtarten;FRUART055;Heil- und Gewürzpflanzen;.;ha;FLC016;Anbaufläche
41241;Ernte-u.Betriebsbericht: Feldfrüchte und Grünland;JAHR;Jahr;1997;DINSG;Deutschland insgesamt;DG;Deutschland;FRUA01;Fruchtarten;FRUART034;Alle anderen Hackfrüchte;5046;ha;FLC016;Anbaufläche
41241;Ernte-u.Betriebsbericht: Feldfrüchte und Grünland;JAHR;Jahr;1979;DINSG;Deutschland insgesamt;DG;Deutschland;FRUA01;Fruchtarten;FRUART013CCM;Körnermais (einschl. CCM);115355;ha;FLC016;Anbaufläche
41241;Ernte-u.Betriebsbericht: Feldfrüchte und Grünland;JAHR;Jahr;1984;DINSG;Deutschland insgesamt;DG;Deutschland;FRUA01;Fruchtarten;FRUART013CCM;Körnermais (einschl. CCM);181588;ha;FLC016;Anbaufläche
41241;Ernte-u.Betriebsbericht: Feldfrüchte und Grünland;JAHR;Jahr;1990;DINSG;Deutschland insgesamt;DG;Deutschland;FRUA01;Fruchtarten;FRUART022;Ackerbohnen;38284;ha;FLC016;Anbaufläche
41241;Ernte-u.Betriebsbericht: Feldfrüchte und Grünland;JAHR;Jahr;2005;DINSG;Deutschland insgesamt;DG;Deutschland;FRUA01;Fruchtarten;FRUART064;Silomais (einschl. Lieschkolbenschrot);1262500;ha;FLC016;Anbaufläche
41241;Ernte-u.Betriebsbericht: Feldfrüchte und Grünland;JAHR;Jahr;1965;DINSG;Deutschland insgesamt;DG;Deutschland;FRUA01;Fruchtarten;FRUART052;Hopfen;10412;ha;FLC016;Anbaufläche
41241;Ernte-u.Betriebsbericht: Feldfrüchte und Grünland;JAHR;Jahr;1992;DINSG;Deutschland insgesamt;DG;Deutschland;FRUA01;Fruchtarten;FRUART031SPK;Speisekartoffeln;151992;ha;FLC016;Anbaufläche
41241;Ernte-u.Betriebsbericht: Feldfrüchte und Grünland;JAHR;Jahr;2001;DINSG;Deutschland insgesamt;DG;Deutschland;FRUA01;Fruchtarten;FRUART013CCM;Körnermais (einschl. CCM);396544;ha;FLC016;Anbaufläche
41241;Ernte-u.Betriebsbericht: Feldfrüchte und Grünland;JAHR;Jahr;1954;DINSG;Deutschland insgesamt;DG;Deutschland;FRUA01;Fruchtarten;FRUART031FSK;Frühe Speisekartoffeln;67746;ha;FLC016;Anbaufläche
41241;Ernte-u.Betriebsbericht: Feldfrüchte und Grünland;JAHR;Jahr;1995;DINSG;Deutschland insgesamt;DG;Deutschland;FRUA01;Fruchtarten;FRUART05112;Sommerraps, Winter- und Sommerrübsen;41870;ha;FLC016;Anbaufläche
41241;Ernte-u.Betriebsbericht: Feldfrüchte und Grünland;JAHR;Jahr;1995;DINSG;Deutschland insgesamt;DG;Deutschland;FRUA01;Fruchtarten;FRUART0124;Triticale;288608;ha;FLC016;Anbaufläche
41241;Ernte-u.Betriebsbericht: Feldfrüchte und Grünland;JAHR;Jahr;1969;DINSG;Deutschland insgesamt;DG;Deutschland;FRUA01;Fruchtarten;FRUART062;Luzerne;.;ha;FLC016;Anbaufläche
41241;Ernte-u.Betriebsbericht: Feldfrüchte und Grünland;JAHR;Jahr;1986;DINSG;Deutschland insgesamt;DG;Deutschland;FRUA01;Fruchtarten;FRUART0514;Andere Ölfrüchte;.;ha;FLC016;Anbaufläche
41241;Ernte-u.Betriebsbericht: Feldfrüchte und Grünland;JAHR;Jahr;1986;DINSG;Deutschland insgesamt;DG;Deutschland;FRUA01;Fruchtarten;FRUART04OS;Gemüse, Spargel, Erdbeeren (ohne Samenbau);.;ha;FLC016;Anbaufläche
41241;Ernte-u.Betriebsbericht: Feldfrüchte und Grünland;JAHR;Jahr;1979;DINSG;Deutschland insgesamt;DG;Deutschland;FRUA01;Fruchtarten;FRUART055;Heil- und Gewürzpflanzen;.;ha;FLC016;Anbaufläche
41241;Ernte-u.Betriebsbericht: Feldfrüchte und Grünland;JAHR;Jahr;1959;DINSG;Deutschland insgesamt;DG;Deutschland;FRUA01;Fruchtarten;FRUART065;Raufutter;.;ha;FLC016;Anbaufläche
41241;Ernte-u.Betriebsbericht: Feldfrüchte und Grünland;JAHR;Jahr;2007;DINSG;Deutschland insgesamt;DG;Deutschland;FRUA01;Fruchtarten;FRUART014;Corn-Cob-Mix;95727;ha;FLC016;Anbaufläche
41241;Ernte-u.Betriebsbericht: Feldfrüchte und Grünland;JAHR;Jahr;1994;DINSG;Deutschland insgesamt;DG;Deutschland;FRUA01;Fruchtarten;FRUART032;Zuckerrüben;499987;ha;FLC016;Anbaufläche
41241;Ernte-u.Betriebsbericht: Feldfrüchte und Grünland;JAHR;Jahr;2002;DINSG;Deutschland insgesamt;DG;Deutschland;FRUA01;Fruchtarten;FRUART062;Luzerne;24564;ha;FLC016;Anbaufläche
41241;Ernte-u.Betriebsbericht: Feldfrüchte und Grünland;JAHR;Jahr;1955;DINSG;Deutschland insgesamt;DG;Deutschland;FRUA01;Fruchtarten;FRUART0514;Andere Ölfrüchte;.;ha;FLC016;Anbaufläche
41241;Ernte-u.Betriebsbericht: Feldfrüchte und Grünland;JAHR;Jahr;1955;DINSG;Deutschland insgesamt;DG;Deutschland;FRUA01;Fruchtarten;FRUART04OS;Gemüse, Spargel, Erdbeeren (ohne Samenbau);.;ha;FLC016;Anbaufläche
41241;Ernte-u.Betriebsbericht: Feldfrüchte und Grünland;JAHR;Jahr;1952;DINSG;Deutschland insgesamt;DG;Deutschland;FRUA01;Fruchtarten;FRUART053;Tabak;.;ha;FLC016;Anbaufläche
41241;Ernte-u.Betriebsbericht: Feldfrüchte und Grünland;JAHR;Jahr;1970;DINSG;Deutschland insgesamt;DG;Deutschland;FRUA01;Fruchtarten;FRUART01111;Winterweizen;1333108;ha;FLC016;Anbaufläche
41241;Ernte-u.Betriebsbericht: Feldfrüchte und Grünland;JAHR;Jahr;2004;DINSG;Deutschland insgesamt;DG;Deutschland;FRUA01;Fruchtarten;FRUART0111;Weizen;3111651;ha;FLC016;Anbaufläche
41241;Ernte-u.Betriebsbericht: Feldfrüchte und Grünland;JAHR;Jahr;1964;DINSG;Deutschland insgesamt;DG;Deutschland;FRUA01;Fruchtarten;FRUART0124;Triticale;.;ha;FLC016;Anbaufläche
41241;Ernte-u.Betriebsbericht: Feldfrüchte und Grünland;JAHR;Jahr;2004;DINSG;Deutschland insgesamt;DG;Deutschland;FRUA01;Fruchtarten;FRUART0124;Triticale;507391;ha;FLC016;Anbaufläche
41241;Ernte-u.Betriebsbericht: Feldfrüchte und Grünland;JAHR;Jahr;1956;DINSG;Deutschland insgesamt;DG;Deutschland;FRUA01;Fruchtarten;FRUART063;Feldgras/Grasanbau auf dem Ackerland;220254;ha;FLC016;Anbaufläche
41241;Ernte-u.Betriebsbericht: Feldfrüchte und Grünland;JAHR;Jahr;1961;DINSG;Deutschland insgesamt;DG;Deutschland;FRUA01;Fruchtarten;FRUART042;Gartenbausämereien,Vermehrungsanbau v.Blumenzwieb.;.;ha;FLC016;Anbaufläche
41241;Ernte-u.Betriebsbericht: Feldfrüchte und Grünland;JAHR;Jahr;2009;DINSG;Deutschland insgesamt;DG;Deutschland;FRUA01;Fruchtarten;FRUART01211;Wintergerste;1451700;ha;FLC016;Anbaufläche
41241;Ernte-u.Betriebsbericht: Feldfrüchte und Grünland;JAHR;Jahr;2007;DINSG;Deutschland insgesamt;DG;Deutschland;FRUA01;Fruchtarten;FRUART01111;Winterweizen;2954771;ha;FLC016;Anbaufläche
41241;Ernte-u.Betriebsbericht: Feldfrüchte und Grünland;JAHR;Jahr;1997;DINSG;Deutschland insgesamt;DG;Deutschland;FRUA01;Fruchtarten;FRUART052;Hopfen;21383;ha;FLC016;Anbaufläche
41241;Ernte-u.Betriebsbericht: Feldfrüchte und Grünland;JAHR;Jahr;1978;DINSG;Deutschland insgesamt;DG;Deutschland;FRUA01;Fruchtarten;FRUART034;Alle anderen Hackfrüchte;12395;ha;FLC016;Anbaufläche
41241;Ernte-u.Betriebsbericht: Feldfrüchte und Grünland;JAHR;Jahr;1983;DINSG;Deutschland insgesamt;DG;Deutschland;FRUA01;Fruchtarten;FRUART062;Luzerne;.;ha;FLC016;Anbaufläche
41241;Ernte-u.Betriebsbericht: Feldfrüchte und Grünland;JAHR;Jahr;1971;DINSG;Deutschland insgesamt;DG;Deutschland;FRUA01;Fruchtarten;FRUART022;Ackerbohnen;19777;ha;FLC016;Anbaufläche
41241;Ernte-u.Betriebsbericht: Feldfrüchte und Grünland;JAHR;Jahr;2001;DINSG;Deutschland insgesamt;DG;Deutschland;FRUA01;Fruchtarten;FRUART023;Alle anderen Hülsenfrüchte;34405;ha;FLC016;Anbaufläche
41241;Ernte-u.Betriebsbericht: Feldfrüchte und Grünland;JAHR;Jahr;1964;DINSG;Deutschland insgesamt;DG;Deutschland;FRUA01;Fruchtarten;FRUART01211;Wintergerste;319880;ha;FLC016;Anbaufläche
41241;Ernte-u.Betriebsbericht: Feldfrüchte und Grünland;JAHR;Jahr;1988;DINSG;Deutschland insgesamt;DG;Deutschland;FRUA01;Fruchtarten;FRUART014;Corn-Cob-Mix;.;ha;FLC016;Anbaufläche
41241;Ernte-u.Betriebsbericht: Feldfrüchte und Grünland;JAHR;Jahr;1958;DINSG;Deutschland insgesamt;DG;Deutschland;FRUA01;Fruchtarten;FRUART013;Körnermais;.;ha;FLC016;Anbaufläche
41241;Ernte-u.Betriebsbericht: Feldfrüchte und Grünland;JAHR;Jahr;1953;DINSG;Deutschland insgesamt;DG;Deutschland;FRUA01;Fruchtarten;FRUART061;Klee, Kleegras und Klee-Luzerne-Gemisch;778545;ha;FLC016;Anbaufläche
41241;Ernte-u.Betriebsbericht: Feldfrüchte und Grünland;JAHR;Jahr;1985;DINSG;Deutschland insgesamt;DG;Deutschland;FRUA01;Fruchtarten;FRUART0121;Gerste;1949349;ha;FLC016;Anbaufläche
41241;Ernte-u.Betriebsbericht: Feldfrüchte und Grünland;JAHR;Jahr;1958;DINSG;Deutschland insgesamt;DG;Deutschland;FRUA01;Fruchtarten;FRUART031INK;Industriekartoffeln;.;ha;FLC016;Anbaufläche
41241;Ernte-u.Betriebsbericht: Feldfrüchte und Grünland;JAHR;Jahr;1953;DINSG;Deutschland insgesamt;DG;Deutschland;FRUA01;Fruchtarten;FRUART01OKM;Getreide (ohne Körnermais und CCM);4770171;ha;FLC016;Anbaufläche
41241;Ernte-u.Betriebsbericht: Feldfrüchte und Grünland;JAHR;Jahr;1986;DINSG;Deutschland insgesamt;DG;Deutschland;FRUA01;Fruchtarten;FRUART064;Silomais (einschl. Lieschkolbenschrot);946939;ha;FLC016;Anbaufläche
41241;Ernte-u.Betriebsbericht: Feldfrüchte und Grünland;JAHR;Jahr;2005;DINSG;Deutschland insgesamt;DG;Deutschland;FRUA01;Fruchtarten;FRUART033;Runkelrüben;4700;ha;FLC016;Anbaufläche
41241;Ernte-u.Betriebsbericht: Feldfrüchte und Grünland;JAHR;Jahr;1951;DINSG;Deutschland insgesamt;DG;Deutschland;FRUA01;Fruchtarten;FRUART0113;Wintermenggetreide;64374;ha;FLC016;Anbaufläche
41241;Ernte-u.Betriebsbericht: Feldfrüchte und Grünland;JAHR;Jahr;1968;DINSG;Deutschland insgesamt;DG;Deutschland;FRUA01;Fruchtarten;FRUART054;Rüben und Gräser zur Samengewinnung;14350;ha;FLC016;Anbaufläche
41241;Ernte-u.Betriebsbericht: Feldfrüchte und Grünland;JAHR;Jahr;1972;DINSG;Deutschland insgesamt;DG;Deutschland;FRUA01;Fruchtarten;FRUART0123;Sommermenggetreide;323797;ha;FLC016;Anbaufläche
41241;Ernte-u.Betriebsbericht: Feldfrüchte und Grünland;JAHR;Jahr;1974;DINSG;Deutschland insgesamt;DG;Deutschland;FRUA01;Fruchtarten;FRUART01OKM;Getreide (ohne Körnermais und CCM);5190528;ha;FLC016;Anbaufläche
41241;Ernte-u.Betriebsbericht: Feldfrüchte und Grünland;JAHR;Jahr;1955;DINSG;Deutschland insgesamt;DG;Deutschland;FRUA01;Fruchtarten;FRUART011;Brotgetreide;2734849;ha;FLC016;Anbaufläche
41241;Ernte-u.Betriebsbericht: Feldfrüchte und Grünland;JAHR;Jahr;1960;DINSG;Deutschland insgesamt;DG;Deutschland;FRUA01;Fruchtarten;FRUART034;Alle anderen Hackfrüchte;78073;ha;FLC016;Anbaufläche
41241;Ernte-u.Betriebsbericht: Feldfrüchte und Grünland;JAHR;Jahr;1956;DINSG;Deutschland insgesamt;DG;Deutschland;FRUA01;Fruchtarten;FRUART0512;Flachs (Lein);.;ha;FLC016;Anbaufläche
41241;Ernte-u.Betriebsbericht: Feldfrüchte und Grünland;JAHR;Jahr;1979;DINSG;Deutschland insgesamt;DG;Deutschland;FRUA01;Fruchtarten;FRUART042;Gartenbausämereien,Vermehrungsanbau v.Blumenzwieb.;.;ha;FLC016;Anbaufläche
41241;Ernte-u.Betriebsbericht: Feldfrüchte und Grünland;JAHR;Jahr;1952;DINSG;Deutschland insgesamt;DG;Deutschland;FRUA01;Fruchtarten;FRUART066;Alle anderen Futterpflanzen;59995;ha;FLC016;Anbaufläche
41241;Ernte-u.Betriebsbericht: Feldfrüchte und Grünland;JAHR;Jahr;1968;DINSG;Deutschland insgesamt;DG;Deutschland;FRUA01;Fruchtarten;FRUART041;Blumen u. Zierpflanzen einschl.Jungpfl.(o.Samenb.);.;ha;FLC016;Anbaufläche
41241;Ernte-u.Betriebsbericht: Feldfrüchte und Grünland;JAHR;Jahr;1982;DINSG;Deutschland insgesamt;DG;Deutschland;FRUA01;Fruchtarten;FRUART054;Rüben und Gräser zur Samengewinnung;8822;ha;FLC016;Anbaufläche
41241;Ernte-u.Betriebsbericht: Feldfrüchte und Grünland;JAHR;Jahr;1989;DINSG;Deutschland insgesamt;DG;Deutschland;FRUA01;Fruchtarten;FRUART066;Alle anderen Futterpflanzen;12783;ha;FLC016;Anbaufläche
41241;Ernte-u.Betriebsbericht: Feldfrüchte und Grünland;JAHR;Jahr;1975;DINSG;Deutschland insgesamt;DG;Deutschland;FRUA01;Fruchtarten;FRUART032;Zuckerrüben;425651;ha;FLC016;Anbaufläche
41241;Ernte-u.Betriebsbericht: Feldfrüchte und Grünland;JAHR;Jahr;2003;DINSG;Deutschland insgesamt;DG;Deutschland;FRUA01;Fruchtarten;FRUART05112;Sommerraps, Winter- und Sommerrübsen;47556;ha;FLC016;Anbaufläche
41241;Ernte-u.Betriebsbericht: Feldfrüchte und Grünland;JAHR;Jahr;1990;DINSG;Deutschland insgesamt;DG;Deutschland;FRUA01;Fruchtarten;FRUART031FSK;Frühe Speisekartoffeln;34832;ha;FLC016;Anbaufläche
41241;Ernte-u.Betriebsbericht: Feldfrüchte und Grünland;JAHR;Jahr;1959;DINSG;Deutschland insgesamt;DG;Deutschland;FRUA01;Fruchtarten;FRUART021;Futtererbsen;.;ha;FLC016;Anbaufläche
41241;Ernte-u.Betriebsbericht: Feldfrüchte und Grünland;JAHR;Jahr;1993;DINSG;Deutschland insgesamt;DG;Deutschland;FRUA01;Fruchtarten;FRUART042;Gartenbausämereien,Vermehrungsanbau v.Blumenzwieb.;1456;ha;FLC016;Anbaufläche
41241;Ernte-u.Betriebsbericht: Feldfrüchte und Grünland;JAHR;Jahr;1980;DINSG;Deutschland insgesamt;DG;Deutschland;FRUA01;Fruchtarten;FRUART01113;Hartweizen (Durum);.;ha;FLC016;Anbaufläche
41241;Ernte-u.Betriebsbericht: Feldfrüchte und Grünland;JAHR;Jahr;1983;DINSG;Deutschland insgesamt;DG;Deutschland;FRUA01;Fruchtarten;FRUART01211;Wintergerste;1259835;ha;FLC016;Anbaufläche
41241;Ernte-u.Betriebsbericht: Feldfrüchte und Grünland;JAHR;Jahr;1979;DINSG;Deutschland insgesamt;DG;Deutschland;FRUA01;Fruchtarten;FRUART01112;Sommerweizen;144687;ha;FLC016;Anbaufläche
41241;Ernte-u.Betriebsbericht: Feldfrüchte und Grünland;JAHR;Jahr;2009;DINSG;Deutschland insgesamt;DG;Deutschland;FRUA01;Fruchtarten;FRUART031FSK;Frühe Speisekartoffeln;14200;ha;FLC016;Anbaufläche
41241;Ernte-u.Betriebsbericht: Feldfrüchte und Grünland;JAHR;Jahr;1964;DINSG;Deutschland insgesamt;DG;Deutschland;FRUA01;Fruchtarten;FRUART0511;Raps und Rübsen;50251;ha;FLC016;Anbaufläche
41241;Ernte-u.Betriebsbericht: Feldfrüchte und Grünland;JAHR;Jahr;1985;DINSG;Deutschland insgesamt;DG;Deutschland;FRUA01;Fruchtarten;FRUART056;Alle anderen Handelsgewächse;4135;ha;FLC016;Anbaufläche
41241;Ernte-u.Betriebsbericht: Feldfrüchte und Grünland;JAHR;Jahr;1971;DINSG;Deutschland insgesamt;DG;Deutschland;FRUA01;Fruchtarten;FRUART0513;Körnersonnenblumen;.;ha;FLC016;Anbaufläche
41241;Ernte-u.Betriebsbericht: Feldfrüchte und Grünland;JAHR;Jahr;1991;DINSG;Deutschland insgesamt;DG;Deutschland;FRUA01;Fruchtarten;FRUART0112;Roggen;710502;ha;FLC016;Anbaufläche
41241;Ernte-u.Betriebsbericht: Feldfrüchte und Grünland;JAHR;Jahr;1994;DINSG;Deutschland insgesamt;DG;Deutschland;FRUA01;Fruchtarten;FRUART063;Feldgras/Grasanbau auf dem Ackerland;212046;ha;FLC016;Anbaufläche
41241;Ernte-u.Betriebsbericht: Feldfrüchte und Grünland;JAHR;Jahr;2005;DINSG;Deutschland insgesamt;DG;Deutschland;FRUA01;Fruchtarten;FRUART031FSK;Frühe Speisekartoffeln;15300;ha;FLC016;Anbaufläche
41241;Ernte-u.Betriebsbericht: Feldfrüchte und Grünland;JAHR;Jahr;1979;DINSG;Deutschland insgesamt;DG;Deutschland;FRUA01;Fruchtarten;FRUART0112;Roggen;564385;ha;FLC016;Anbaufläche
41241;Ernte-u.Betriebsbericht: Feldfrüchte und Grünland;JAHR;Jahr;1974;DINSG;Deutschland insgesamt;DG;Deutschland;FRUA01;Fruchtarten;FRUART011;Brotgetreide;2365796;ha;FLC016;Anbaufläche
41241;Ernte-u.Betriebsbericht: Feldfrüchte und Grünland;JAHR;Jahr;1974;DINSG;Deutschland insgesamt;DG;Deutschland;FRUA01;Fruchtarten;FRUART05112;Sommerraps, Winter- und Sommerrübsen;7626;ha;FLC016;Anbaufläche
41241;Ernte-u.Betriebsbericht: Feldfrüchte und Grünland;JAHR;Jahr;1967;DINSG;Deutschland insgesamt;DG;Deutschland;FRUA01;Fruchtarten;FRUART033;Runkelrüben;336478;ha;FLC016;Anbaufläche
41241;Ernte-u.Betriebsbericht: Feldfrüchte und Grünland;JAHR;Jahr;1971;DINSG;Deutschland insgesamt;DG;Deutschland;FRUA01;Fruchtarten;FRUART066;Alle anderen Futterpflanzen;21287;ha;FLC016;Anbaufläche
41241;Ernte-u.Betriebsbericht: Feldfrüchte und Grünland;JAHR;Jahr;1951;DINSG;Deutschland insgesamt;DG;Deutschland;FRUA01;Fruchtarten;FRUART014;Corn-Cob-Mix;.;ha;FLC016;Anbaufläche
41241;Ernte-u.Betriebsbericht: Feldfrüchte und Grünland;JAHR;Jahr;1960;DINSG;Deutschland insgesamt;DG;Deutschland;FRUA01;Fruchtarten;FRUART021;Futtererbsen;.;ha;FLC016;Anbaufläche
41241;Ernte-u.Betriebsbericht: Feldfrüchte und Grünland;JAHR;Jahr;2009;DINSG;Deutschland insgesamt;DG;Deutschland;FRUA01;Fruchtarten;FRUART056;Alle anderen Handelsgewächse;16200;ha;FLC016;Anbaufläche
41241;Ernte-u.Betriebsbericht: Feldfrüchte und Grünland;JAHR;Jahr;1977;DINSG;Deutschland insgesamt;DG;Deutschland;FRUA01;Fruchtarten;FRUART013;Körnermais;.;ha;FLC016;Anbaufläche
41241;Ernte-u.Betriebsbericht: Feldfrüchte und Grünland;JAHR;Jahr;1972;DINSG;Deutschland insgesamt;DG;Deutschland;FRUA01;Fruchtarten;FRUART061;Klee, Kleegras und Klee-Luzerne-Gemisch;339240;ha;FLC016;Anbaufläche
41241;Ernte-u.Betriebsbericht: Feldfrüchte und Grünland;JAHR;Jahr;1951;DINSG;Deutschland insgesamt;DG;Deutschland;FRUA01;Fruchtarten;FRUART01111;Winterweizen;954458;ha;FLC016;Anbaufläche
41241;Ernte-u.Betriebsbericht: Feldfrüchte und Grünland;JAHR;Jahr;1996;DINSG;Deutschland insgesamt;DG;Deutschland;FRUA01;Fruchtarten;FRUART013;Körnermais;277254;ha;FLC016;Anbaufläche
41241;Ernte-u.Betriebsbericht: Feldfrüchte und Grünland;JAHR;Jahr;1994;DINSG;Deutschland insgesamt;DG;Deutschland;FRUA01;Fruchtarten;FRUART0113;Wintermenggetreide;10899;ha;FLC016;Anbaufläche
41241;Ernte-u.Betriebsbericht: Feldfrüchte und Grünland;JAHR;Jahr;1964;DINSG;Deutschland insgesamt;DG;Deutschland;FRUA01;Fruchtarten;FRUART031;Kartoffeln;851492;ha;FLC016;Anbaufläche
41241;Ernte-u.Betriebsbericht: Feldfrüchte und Grünland;JAHR;Jahr;1967;DINSG;Deutschland insgesamt;DG;Deutschland;FRUA01;Fruchtarten;FRUART01111;Winterweizen;1227958;ha;FLC016;Anbaufläche
41241;Ernte-u.Betriebsbericht: Feldfrüchte und Grünland;JAHR;Jahr;1991;DINSG;Deutschland insgesamt;DG;Deutschland;FRUA01;Fruchtarten;FRUART061;Klee, Kleegras und Klee-Luzerne-Gemisch;268777;ha;FLC016;Anbaufläche
41241;Ernte-u.Betriebsbericht: Feldfrüchte und Grünland;JAHR;Jahr;1983;DINSG;Deutschland insgesamt;DG;Deutschland;FRUA01;Fruchtarten;FRUART0513;Körnersonnenblumen;.;ha;FLC016;Anbaufläche
41241;Ernte-u.Betriebsbericht: Feldfrüchte und Grünland;JAHR;Jahr;1981;DINSG;Deutschland insgesamt;DG;Deutschland;FRUA01;Fruchtarten;FRUART0122;Hafer;681636;ha;FLC016;Anbaufläche
41241;Ernte-u.Betriebsbericht: Feldfrüchte und Grünland;JAHR;Jahr;2006;DINSG;Deutschland insgesamt;DG;Deutschland;FRUA01;Fruchtarten;FRUART0121;Gerste;2025300;ha;FLC016;Anbaufläche
41241;Ernte-u.Betriebsbericht: Feldfrüchte und Grünland;JAHR;Jahr;1956;DINSG;Deutschland insgesamt;DG;Deutschland;FRUA01;Fruchtarten;FRUART01113;Hartweizen (Durum);.;ha;FLC016;Anbaufläche
41241;Ernte-u.Betriebsbericht: Feldfrüchte und Grünland;JAHR;Jahr;1960;DINSG;Deutschland insgesamt;DG;Deutschland;FRUA01;Fruchtarten;FRUART01212;Sommergerste;716636;ha;FLC016;Anbaufläche
41241;Ernte-u.Betriebsbericht: Feldfrüchte und Grünland;JAHR;Jahr;1963;DINSG;Deutschland insgesamt;DG;Deutschland;FRUA01;Fruchtarten;FRUART023;Alle anderen Hülsenfrüchte;24386;ha;FLC016;Anbaufläche
41241;Ernte-u.Betriebsbericht: Feldfrüchte und Grünland;JAHR;Jahr;1952;DINSG;Deutschland insgesamt;DG;Deutschland;FRUA01;Fruchtarten;FRUART0511;Raps und Rübsen;33033;ha;FLC016;Anbaufläche
41241;Ernte-u.Betriebsbericht: Feldfrüchte und Grünland;JAHR;Jahr;2001;DINSG;Deutschland insgesamt;DG;Deutschland;FRUA01;Fruchtarten;FRUART031FSK;Frühe Speisekartoffeln;15952;ha;FLC016;Anbaufläche
41241;Ernte-u.Betriebsbericht: Feldfrüchte und Grünland;JAHR;Jahr;1993;DINSG;Deutschland insgesamt;DG;Deutschland;FRUA01;Fruchtarten;FRUART055;Heil- und Gewürzpflanzen;2461;ha;FLC016;Anbaufläche
41241;Ernte-u.Betriebsbericht: Feldfrüchte und Grünland;JAHR;Jahr;1959;DINSG;Deutschland insgesamt;DG;Deutschland;FRUA01;Fruchtarten;FRUART034;Alle anderen Hackfrüchte;87148;ha;FLC016;Anbaufläche
41241;Ernte-u.Betriebsbericht: Feldfrüchte und Grünland;JAHR;Jahr;2002;DINSG;Deutschland insgesamt;DG;Deutschland;FRUA01;Fruchtarten;FRUART031;Kartoffeln;284078;ha;FLC016;Anbaufläche
41241;Ernte-u.Betriebsbericht: Feldfrüchte und Grünland;JAHR;Jahr;1999;DINSG;Deutschland insgesamt;DG;Deutschland;FRUA01;Fruchtarten;FRUART0512;Flachs (Lein);186819;ha;FLC016;Anbaufläche
41241;Ernte-u.Betriebsbericht: Feldfrüchte und Grünland;JAHR;Jahr;1952;DINSG;Deutschland insgesamt;DG;Deutschland;FRUA01;Fruchtarten;FRUART022;Ackerbohnen;17551;ha;FLC016;Anbaufläche
41241;Ernte-u.Betriebsbericht: Feldfrüchte und Grünland;JAHR;Jahr;1970;DINSG;Deutschland insgesamt;DG;Deutschland;FRUA01;Fruchtarten;FRUART014;Corn-Cob-Mix;.;ha;FLC016;Anbaufläche
41241;Ernte-u.Betriebsbericht: Feldfrüchte und Grünland;JAHR;Jahr;1988;DINSG;Deutschland insgesamt;DG;Deutschland;FRUA01;Fruchtarten;FRUART0122;Hafer;474407;ha;FLC016;Anbaufläche
41241;Ernte-u.Betriebsbericht: Feldfrüchte und Grünland;JAHR;Jahr;1989;DINSG;Deutschland insgesamt;DG;Deutschland;FRUA01;Fruchtarten;FRUART022;Ackerbohnen;47026;ha;FLC016;Anbaufläche
41241;Ernte-u.Betriebsbericht: Feldfrüchte und Grünland;JAHR;Jahr;1976;DINSG;Deutschland insgesamt;DG;Deutschland;FRUA01;Fruchtarten;FRUART01212;Sommergerste;940821;ha;FLC016;Anbaufläche
41241;Ernte-u.Betriebsbericht: Feldfrüchte und Grünland;JAHR;Jahr;1994;DINSG;Deutschland insgesamt;DG;Deutschland;FRUA01;Fruchtarten;FRUART031FSK;Frühe Speisekartoffeln;18885;ha;FLC016;Anbaufläche
41241;Ernte-u.Betriebsbericht: Feldfrüchte und Grünland;JAHR;Jahr;1991;DINSG;Deutschland insgesamt;DG;Deutschland;FRUA01;Fruchtarten;FRUART01111;Winterweizen;2372968;ha;FLC016;Anbaufläche
41241;Ernte-u.Betriebsbericht: Feldfrüchte und Grünland;JAHR;Jahr;1978;DINSG;Deutschland insgesamt;DG;Deutschland;FRUA01;Fruchtarten;FRUART021;Futtererbsen;.;ha;FLC016;Anbaufläche
41241;Ernte-u.Betriebsbericht: Feldfrüchte und Grünland;JAHR;Jahr;2006;DINSG;Deutschland insgesamt;DG;Deutschland;FRUA01;Fruchtarten;FRUART041;Blumen u. Zierpflanzen einschl.Jungpfl.(o.Samenb.);9200;ha;FLC016;Anbaufläche
41241;Ernte-u.Betriebsbericht: Feldfrüchte und Grünland;JAHR;Jahr;1956;DINSG;Deutschland insgesamt;DG;Deutschland;FRUA01;Fruchtarten;FRUART032;Zuckerrüben;269095;ha;FLC016;Anbaufläche
41241;Ernte-u.Betriebsbericht: Feldfrüchte und Grünland;JAHR;Jahr;1978;DINSG;Deutschland insgesamt;DG;Deutschland;FRUA01;Fruchtarten;FRUART05111;Winterraps;113283;ha;FLC016;Anbaufläche
41241;Ernte-u.Betriebsbericht: Feldfrüchte und Grünland;JAHR;Jahr;1997;DINSG;Deutschland insgesamt;DG;Deutschland;FRUA01;Fruchtarten;FRUART065;Raufutter;4638153;ha;FLC016;Anbaufläche
41241;Ernte-u.Betriebsbericht: Feldfrüchte und Grünland;JAHR;Jahr;1954;DINSG;Deutschland insgesamt;DG;Deutschland;FRUA01;Fruchtarten;FRUART031INK;Industriekartoffeln;.;ha;FLC016;Anbaufläche
41241;Ernte-u.Betriebsbericht: Feldfrüchte und Grünland;JAHR;Jahr;1990;DINSG;Deutschland insgesamt;DG;Deutschland;FRUA01;Fruchtarten;FRUART053;Tabak;5199;ha;FLC016;Anbaufläche
41241;Ernte-u.Betriebsbericht: Feldfrüchte und Grünland;JAHR;Jahr;2000;DINSG;Deutschland insgesamt;DG;Deutschland;FRUA01;Fruchtarten;FRUART0112;Roggen;842685;ha;FLC016;Anbaufläche
41241;Ernte-u.Betriebsbericht: Feldfrüchte und Grünland;JAHR;Jahr;1959;DINSG;Deutschland insgesamt;DG;Deutschland;FRUA01;Fruchtarten;FRUART0513;Körnersonnenblumen;.;ha;FLC016;Anbaufläche
41241;Ernte-u.Betriebsbericht: Feldfrüchte und Grünland;JAHR;Jahr;1957;DINSG;Deutschland insgesamt;DG;Deutschland;FRUA01;Fruchtarten;FRUART0122;Hafer;916734;ha;FLC016;Anbaufläche
41241;Ernte-u.Betriebsbericht: Feldfrüchte und Grünland;JAHR;Jahr;1985;DINSG;Deutschland insgesamt;DG;Deutschland;FRUA01;Fruchtarten;FRUART012;Futter- und Industriegetreide;2641667;ha;FLC016;Anbaufläche
41241;Ernte-u.Betriebsbericht: Feldfrüchte und Grünland;JAHR;Jahr;1982;DINSG;Deutschland insgesamt;DG;Deutschland;FRUA01;Fruchtarten;FRUART067;Lupinen;.;ha;FLC016;Anbaufläche
41241;Ernte-u.Betriebsbericht: Feldfrüchte und Grünland;JAHR;Jahr;1997;DINSG;Deutschland insgesamt;DG;Deutschland;FRUA01;Fruchtarten;FRUART0121;Gerste;2273950;ha;FLC016;Anbaufläche
41241;Ernte-u.Betriebsbericht: Feldfrüchte und Grünland;JAHR;Jahr;1989;DINSG;Deutschland insgesamt;DG;Deutschland;FRUA01;Fruchtarten;FRUART031INK;Industriekartoffeln;.;ha;FLC016;Anbaufläche
41241;Ernte-u.Betriebsbericht: Feldfrüchte und Grünland;JAHR;Jahr;1975;DINSG;Deutschland insgesamt;DG;Deutschland;FRUA01;Fruchtarten;FRUART062;Luzerne;.;ha;FLC016;Anbaufläche
41241;Ernte-u.Betriebsbericht: Feldfrüchte und Grünland;JAHR;Jahr;1961;DINSG;Deutschland insgesamt;DG;Deutschland;FRUA01;Fruchtarten;FRUART061;Klee, Kleegras und Klee-Luzerne-Gemisch;653612;ha;FLC016;Anbaufläche
41241;Ernte-u.Betriebsbericht: Feldfrüchte und Grünland;JAHR;Jahr;1978;DINSG;Deutschland insgesamt;DG;Deutschland;FRUA01;Fruchtarten;FRUART053;Tabak;.;ha;FLC016;Anbaufläche
41241;Ernte-u.Betriebsbericht: Feldfrüchte und Grünland;JAHR;Jahr;1992;DINSG;Deutschland insgesamt;DG;Deutschland;FRUA01;Fruchtarten;FRUART066;Alle anderen Futterpflanzen;105028;ha;FLC016;Anbaufläche
41241;Ernte-u.Betriebsbericht: Feldfrüchte und Grünland;JAHR;Jahr;1999;DINSG;Deutschland insgesamt;DG;Deutschland;FRUA01;Fruchtarten;FRUART032;Zuckerrüben;489163;ha;FLC016;Anbaufläche
41241;Ernte-u.Betriebsbericht: Feldfrüchte und Grünland;JAHR;Jahr;1952;DINSG;Deutschland insgesamt;DG;Deutschland;FRUA01;Fruchtarten;FRUART023;Alle anderen Hülsenfrüchte;44852;ha;FLC016;Anbaufläche
41241;Ernte-u.Betriebsbericht: Feldfrüchte und Grünland;JAHR;Jahr;1960;DINSG;Deutschland insgesamt;DG;Deutschland;FRUA01;Fruchtarten;FRUART031INK;Industriekartoffeln;.;ha;FLC016;Anbaufläche
41241;Ernte-u.Betriebsbericht: Feldfrüchte und Grünland;JAHR;Jahr;1966;DINSG;Deutschland insgesamt;DG;Deutschland;FRUA01;Fruchtarten;FRUART0514;Andere Ölfrüchte;.;ha;FLC016;Anbaufläche
41241;Ernte-u.Betriebsbericht: Feldfrüchte und Grünland;JAHR;Jahr;1966;DINSG;Deutschland insgesamt;DG;Deutschland;FRUA01;Fruchtarten;FRUART04OS;Gemüse, Spargel, Erdbeeren (ohne Samenbau);.;ha;FLC016;Anbaufläche
41241;Ernte-u.Betriebsbericht: Feldfrüchte und Grünland;JAHR;Jahr;1956;DINSG;Deutschland insgesamt;DG;Deutschland;FRUA01;Fruchtarten;FRUART033;Runkelrüben;479284;ha;FLC016;Anbaufläche
41241;Ernte-u.Betriebsbericht: Feldfrüchte und Grünland;JAHR;Jahr;1953;DINSG;Deutschland insgesamt;DG;Deutschland;FRUA01;Fruchtarten;FRUART042;Gartenbausämereien,Vermehrungsanbau v.Blumenzwieb.;.;ha;FLC016;Anbaufläche
41241;Ernte-u.Betriebsbericht: Feldfrüchte und Grünland;JAHR;Jahr;2002;DINSG;Deutschland insgesamt;DG;Deutschland;FRUA01;Fruchtarten;FRUART031MUS;Mittelfrühe und späte Kartoffeln;267389;ha;FLC016;Anbaufläche
41241;Ernte-u.Betriebsbericht: Feldfrüchte und Grünland;JAHR;Jahr;1972;DINSG;Deutschland insgesamt;DG;Deutschland;FRUA01;Fruchtarten;FRUART05111;Winterraps;96913;ha;FLC016;Anbaufläche
41241;Ernte-u.Betriebsbericht: Feldfrüchte und Grünland;JAHR;Jahr;2000;DINSG;Deutschland insgesamt;DG;Deutschland;FRUA01;Fruchtarten;FRUART062;Luzerne;28584;ha;FLC016;Anbaufläche
41241;Ernte-u.Betriebsbericht: Feldfrüchte und Grünland;JAHR;Jahr;1998;DINSG;Deutschland insgesamt;DG;Deutschland;FRUA01;Fruchtarten;FRUART0112;Roggen;936395;ha;FLC016;Anbaufläche
41241;Ernte-u.Betriebsbericht: Feldfrüchte und Grünland;JAHR;Jahr;1984;DINSG;Deutschland insgesamt;DG;Deutschland;FRUA01;Fruchtarten;FRUART0111;Weizen;1634207;ha;FLC016;Anbaufläche
41241;Ernte-u.Betriebsbericht: Feldfrüchte und Grünland;JAHR;Jahr;2003;DINSG;Deutschland insgesamt;DG;Deutschland;FRUA01;Fruchtarten;FRUART053;Tabak;4600;ha;FLC016;Anbaufläche
41241;Ernte-u.Betriebsbericht: Feldfrüchte und Grünland;JAHR;Jahr;2004;DINSG;Deutschland insgesamt;DG;Deutschland;FRUA01;Fruchtarten;FRUART031SPK;Speisekartoffeln;103159;ha;FLC016;Anbaufläche
41241;Ernte-u.Betriebsbericht: Feldfrüchte und Grünland;JAHR;Jahr;1971;DINSG;Deutschland insgesamt;DG;Deutschland;FRUA01;Fruchtarten;FRUART052;Hopfen;15391;ha;FLC016;Anbaufläche
41241;Ernte-u.Betriebsbericht: Feldfrüchte und Grünland;JAHR;Jahr;1960;DINSG;Deutschland insgesamt;DG;Deutschland;FRUA01;Fruchtarten;FRUART0511;Raps und Rübsen;32065;ha;FLC016;Anbaufläche
41241;Ernte-u.Betriebsbericht: Feldfrüchte und Grünland;JAHR;Jahr;1976;DINSG;Deutschland insgesamt;DG;Deutschland;FRUA01;Fruchtarten;FRUART0124;Triticale;.;ha;FLC016;Anbaufläche
41241;Ernte-u.Betriebsbericht: Feldfrüchte und Grünland;JAHR;Jahr;1981;DINSG;Deutschland insgesamt;DG;Deutschland;FRUA01;Fruchtarten;FRUART034;Alle anderen Hackfrüchte;7071;ha;FLC016;Anbaufläche
41241;Ernte-u.Betriebsbericht: Feldfrüchte und Grünland;JAHR;Jahr;1962;DINSG;Deutschland insgesamt;DG;Deutschland;FRUA01;Fruchtarten;FRUART014;Corn-Cob-Mix;.;ha;FLC016;Anbaufläche
41241;Ernte-u.Betriebsbericht: Feldfrüchte und Grünland;JAHR;Jahr;1996;DINSG;Deutschland insgesamt;DG;Deutschland;FRUA01;Fruchtarten;FRUART063;Feldgras/Grasanbau auf dem Ackerland;219886;ha;FLC016;Anbaufläche
41241;Ernte-u.Betriebsbericht: Feldfrüchte und Grünland;JAHR;Jahr;1952;DINSG;Deutschland insgesamt;DG;Deutschland;FRUA01;Fruchtarten;FRUART0513;Körnersonnenblumen;.;ha;FLC016;Anbaufläche
41241;Ernte-u.Betriebsbericht: Feldfrüchte und Grünland;JAHR;Jahr;1957;DINSG;Deutschland insgesamt;DG;Deutschland;FRUA01;Fruchtarten;FRUART052;Hopfen;7978;ha;FLC016;Anbaufläche
41241;Ernte-u.Betriebsbericht: Feldfrüchte und Grünland;JAHR;Jahr;1974;DINSG;Deutschland insgesamt;DG;Deutschland;FRUA01;Fruchtarten;FRUART056;Alle anderen Handelsgewächse;5674;ha;FLC016;Anbaufläche
41241;Ernte-u.Betriebsbericht: Feldfrüchte und Grünland;JAHR;Jahr;1991;DINSG;Deutschland insgesamt;DG;Deutschland;FRUA01;Fruchtarten;FRUART012;Futter- und Industriegetreide;3103901;ha;FLC016;Anbaufläche
41241;Ernte-u.Betriebsbericht: Feldfrüchte und Grünland;JAHR;Jahr;2002;DINSG;Deutschland insgesamt;DG;Deutschland;FRUA01;Fruchtarten;FRUART056;Alle anderen Handelsgewächse;4749;ha;FLC016;Anbaufläche
41241;Ernte-u.Betriebsbericht: Feldfrüchte und Grünland;JAHR;Jahr;1971;DINSG;Deutschland insgesamt;DG;Deutschland;FRUA01;Fruchtarten;FRUART065;Raufutter;.;ha;FLC016;Anbaufläche
41241;Ernte-u.Betriebsbericht: Feldfrüchte und Grünland;JAHR;Jahr;1991;DINSG;Deutschland insgesamt;DG;Deutschland;FRUA01;Fruchtarten;FRUART0512;Flachs (Lein);8040;ha;FLC016;Anbaufläche
41241;Ernte-u.Betriebsbericht: Feldfrüchte und Grünland;JAHR;Jahr;1984;DINSG;Deutschland insgesamt;DG;Deutschland;FRUA01;Fruchtarten;FRUART034;Alle anderen Hackfrüchte;5709;ha;FLC016;Anbaufläche
41241;Ernte-u.Betriebsbericht: Feldfrüchte und Grünland;JAHR;Jahr;1963;DINSG;Deutschland insgesamt;DG;Deutschland;FRUA01;Fruchtarten;FRUART055;Heil- und Gewürzpflanzen;.;ha;FLC016;Anbaufläche
41241;Ernte-u.Betriebsbericht: Feldfrüchte und Grünland;JAHR;Jahr;1995;DINSG;Deutschland insgesamt;DG;Deutschland;FRUA01;Fruchtarten;FRUART0511;Raps und Rübsen;973886;ha;FLC016;Anbaufläche
41241;Ernte-u.Betriebsbericht: Feldfrüchte und Grünland;JAHR;Jahr;1976;DINSG;Deutschland insgesamt;DG;Deutschland;FRUA01;Fruchtarten;FRUART0111;Weizen;1631633;ha;FLC016;Anbaufläche
41241;Ernte-u.Betriebsbericht: Feldfrüchte und Grünland;JAHR;Jahr;1977;DINSG;Deutschland insgesamt;DG;Deutschland;FRUA01;Fruchtarten;FRUART012;Futter- und Industriegetreide;2857061;ha;FLC016;Anbaufläche
41241;Ernte-u.Betriebsbericht: Feldfrüchte und Grünland;JAHR;Jahr;1960;DINSG;Deutschland insgesamt;DG;Deutschland;FRUA01;Fruchtarten;FRUART064;Silomais (einschl. Lieschkolbenschrot);49886;ha;FLC016;Anbaufläche
41241;Ernte-u.Betriebsbericht: Feldfrüchte und Grünland;JAHR;Jahr;2008;DINSG;Deutschland insgesamt;DG;Deutschland;FRUA01;Fruchtarten;FRUART0112;Roggen;736900;ha;FLC016;Anbaufläche
41241;Ernte-u.Betriebsbericht: Feldfrüchte und Grünland;JAHR;Jahr;2006;DINSG;Deutschland insgesamt;DG;Deutschland;FRUA01;Fruchtarten;FRUART066;Alle anderen Futterpflanzen;40900;ha;FLC016;Anbaufläche
41241;Ernte-u.Betriebsbericht: Feldfrüchte und Grünland;JAHR;Jahr;1958;DINSG;Deutschland insgesamt;DG;Deutschland;FRUA01;Fruchtarten;FRUART0514;Andere Ölfrüchte;.;ha;FLC016;Anbaufläche
41241;Ernte-u.Betriebsbericht: Feldfrüchte und Grünland;JAHR;Jahr;1958;DINSG;Deutschland insgesamt;DG;Deutschland;FRUA01;Fruchtarten;FRUART04OS;Gemüse, Spargel, Erdbeeren (ohne Samenbau);.;ha;FLC016;Anbaufläche
41241;Ernte-u.Betriebsbericht: Feldfrüchte und Grünland;JAHR;Jahr;1995;DINSG;Deutschland insgesamt;DG;Deutschland;FRUA01;Fruchtarten;FRUART022;Ackerbohnen;25498;ha;FLC016;Anbaufläche
41241;Ernte-u.Betriebsbericht: Feldfrüchte und Grünland;JAHR;Jahr;2005;DINSG;Deutschland insgesamt;DG;Deutschland;FRUA01;Fruchtarten;FRUART013CCM;Körnermais (einschl. CCM);443100;ha;FLC016;Anbaufläche
41241;Ernte-u.Betriebsbericht: Feldfrüchte und Grünland;JAHR;Jahr;1951;DINSG;Deutschland insgesamt;DG;Deutschland;FRUA01;Fruchtarten;FRUART01112;Sommerweizen;82683;ha;FLC016;Anbaufläche
41241;Ernte-u.Betriebsbericht: Feldfrüchte und Grünland;JAHR;Jahr;1998;DINSG;Deutschland insgesamt;DG;Deutschland;FRUA01;Fruchtarten;FRUART013;Körnermais;251106;ha;FLC016;Anbaufläche
41241;Ernte-u.Betriebsbericht: Feldfrüchte und Grünland;JAHR;Jahr;1967;DINSG;Deutschland insgesamt;DG;Deutschland;FRUA01;Fruchtarten;FRUART065;Raufutter;.;ha;FLC016;Anbaufläche
41241;Ernte-u.Betriebsbericht: Feldfrüchte und Grünland;JAHR;Jahr;1953;DINSG;Deutschland insgesamt;DG;Deutschland;FRUA01;Fruchtarten;FRUART0121;Gerste;791664;ha;FLC016;Anbaufläche
41241;Ernte-u.Betriebsbericht: Feldfrüchte und Grünland;JAHR;Jahr;1953;DINSG;Deutschland insgesamt;DG;Deutschland;FRUA01;Fruchtarten;FRUART055;Heil- und Gewürzpflanzen;.;ha;FLC016;Anbaufläche
41241;Ernte-u.Betriebsbericht: Feldfrüchte und Grünland;JAHR;Jahr;2001;DINSG;Deutschland insgesamt;DG;Deutschland;FRUA01;Fruchtarten;FRUART0512;Flachs (Lein);33044;ha;FLC016;Anbaufläche
41241;Ernte-u.Betriebsbericht: Feldfrüchte und Grünland;JAHR;Jahr;1965;DINSG;Deutschland insgesamt;DG;Deutschland;FRUA01;Fruchtarten;FRUART031MUS;Mittelfrühe und späte Kartoffeln;732787;ha;FLC016;Anbaufläche
41241;Ernte-u.Betriebsbericht: Feldfrüchte und Grünland;JAHR;Jahr;2003;DINSG;Deutschland insgesamt;DG;Deutschland;FRUA01;Fruchtarten;FRUART066;Alle anderen Futterpflanzen;45961;ha;FLC016;Anbaufläche
41241;Ernte-u.Betriebsbericht: Feldfrüchte und Grünland;JAHR;Jahr;1964;DINSG;Deutschland insgesamt;DG;Deutschland;FRUA01;Fruchtarten;FRUART061;Klee, Kleegras und Klee-Luzerne-Gemisch;569997;ha;FLC016;Anbaufläche
41241;Ernte-u.Betriebsbericht: Feldfrüchte und Grünland;JAHR;Jahr;1992;DINSG;Deutschland insgesamt;DG;Deutschland;FRUA01;Fruchtarten;FRUART022;Ackerbohnen;17991;ha;FLC016;Anbaufläche
41241;Ernte-u.Betriebsbericht: Feldfrüchte und Grünland;JAHR;Jahr;1984;DINSG;Deutschland insgesamt;DG;Deutschland;FRUA01;Fruchtarten;FRUART0124;Triticale;.;ha;FLC016;Anbaufläche
41241;Ernte-u.Betriebsbericht: Feldfrüchte und Grünland;JAHR;Jahr;1966;DINSG;Deutschland insgesamt;DG;Deutschland;FRUA01;Fruchtarten;FRUART013CCM;Körnermais (einschl. CCM);31375;ha;FLC016;Anbaufläche
41241;Ernte-u.Betriebsbericht: Feldfrüchte und Grünland;JAHR;Jahr;1967;DINSG;Deutschland insgesamt;DG;Deutschland;FRUA01;Fruchtarten;FRUART052;Hopfen;11597;ha;FLC016;Anbaufläche
41241;Ernte-u.Betriebsbericht: Feldfrüchte und Grünland;JAHR;Jahr;1982;DINSG;Deutschland insgesamt;DG;Deutschland;FRUA01;Fruchtarten;FRUART053;Tabak;.;ha;FLC016;Anbaufläche
41241;Ernte-u.Betriebsbericht: Feldfrüchte und Grünland;JAHR;Jahr;1996;DINSG;Deutschland insgesamt;DG;Deutschland;FRUA01;Fruchtarten;FRUART032;Zuckerrüben;515476;ha;FLC016;Anbaufläche
41241;Ernte-u.Betriebsbericht: Feldfrüchte und Grünland;JAHR;Jahr;1957;DINSG;Deutschland insgesamt;DG;Deutschland;FRUA01;Fruchtarten;FRUART065;Raufutter;.;ha;FLC016;Anbaufläche
41241;Ernte-u.Betriebsbericht: Feldfrüchte und Grünland;JAHR;Jahr;1993;DINSG;Deutschland insgesamt;DG;Deutschland;FRUA01;Fruchtarten;FRUART041;Blumen u. Zierpflanzen einschl.Jungpfl.(o.Samenb.);9266;ha;FLC016;Anbaufläche
41241;Ernte-u.Betriebsbericht: Feldfrüchte und Grünland;JAHR;Jahr;1988;DINSG;Deutschland insgesamt;DG;Deutschland;FRUA01;Fruchtarten;FRUART01111W;Weichweizen;.;ha;FLC016;Anbaufläche
41241;Ernte-u.Betriebsbericht: Feldfrüchte und Grünland;JAHR;Jahr;1981;DINSG;Deutschland insgesamt;DG;Deutschland;FRUA01;Fruchtarten;FRUART013CCM;Körnermais (einschl. CCM);128893;ha;FLC016;Anbaufläche
41241;Ernte-u.Betriebsbericht: Feldfrüchte und Grünland;JAHR;Jahr;2005;DINSG;Deutschland insgesamt;DG;Deutschland;FRUA01;Fruchtarten;FRUART01212;Sommergerste;602300;ha;FLC016;Anbaufläche
41241;Ernte-u.Betriebsbericht: Feldfrüchte und Grünland;JAHR;Jahr;1965;DINSG;Deutschland insgesamt;DG;Deutschland;FRUA01;Fruchtarten;FRUART01113;Hartweizen (Durum);.;ha;FLC016;Anbaufläche
41241;Ernte-u.Betriebsbericht: Feldfrüchte und Grünland;JAHR;Jahr;1966;DINSG;Deutschland insgesamt;DG;Deutschland;FRUA01;Fruchtarten;FRUART011;Brotgetreide;2455138;ha;FLC016;Anbaufläche
41241;Ernte-u.Betriebsbericht: Feldfrüchte und Grünland;JAHR;Jahr;1975;DINSG;Deutschland insgesamt;DG;Deutschland;FRUA01;Fruchtarten;FRUART013CCM;Körnermais (einschl. CCM);96061;ha;FLC016;Anbaufläche
41241;Ernte-u.Betriebsbericht: Feldfrüchte und Grünland;JAHR;Jahr;1983;DINSG;Deutschland insgesamt;DG;Deutschland;FRUA01;Fruchtarten;FRUART01212;Sommergerste;774950;ha;FLC016;Anbaufläche
41241;Ernte-u.Betriebsbericht: Feldfrüchte und Grünland;JAHR;Jahr;1982;DINSG;Deutschland insgesamt;DG;Deutschland;FRUA01;Fruchtarten;FRUART01112;Sommerweizen;340285;ha;FLC016;Anbaufläche
41241;Ernte-u.Betriebsbericht: Feldfrüchte und Grünland;JAHR;Jahr;1959;DINSG;Deutschland insgesamt;DG;Deutschland;FRUA01;Fruchtarten;FRUART01OKM;Getreide (ohne Körnermais und CCM);4961967;ha;FLC016;Anbaufläche
41241;Ernte-u.Betriebsbericht: Feldfrüchte und Grünland;JAHR;Jahr;2007;DINSG;Deutschland insgesamt;DG;Deutschland;FRUA01;Fruchtarten;FRUART063;Feldgras/Grasanbau auf dem Ackerland;328662;ha;FLC016;Anbaufläche
41241;Ernte-u.Betriebsbericht: Feldfrüchte und Grünland;JAHR;Jahr;1994;DINSG;Deutschland insgesamt;DG;Deutschland;FRUA01;Fruchtarten;FRUART01111W;Weichweizen;2423984;ha;FLC016;Anbaufläche
41241;Ernte-u.Betriebsbericht: Feldfrüchte und Grünland;JAHR;Jahr;1960;DINSG;Deutschland insgesamt;DG;Deutschland;FRUA01;Fruchtarten;FRUART051;Ölfrüchte;.;ha;FLC016;Anbaufläche
41241;Ernte-u.Betriebsbericht: Feldfrüchte und Grünland;JAHR;Jahr;1979;DINSG;Deutschland insgesamt;DG;Deutschland;FRUA01;Fruchtarten;FRUART01111W;Weichweizen;.;ha;FLC016;Anbaufläche
41241;Ernte-u.Betriebsbericht: Feldfrüchte und Grünland;JAHR;Jahr;1950;DINSG;Deutschland insgesamt;DG;Deutschland;FRUA01;Fruchtarten;FRUART042;Gartenbausämereien,Vermehrungsanbau v.Blumenzwieb.;.;ha;FLC016;Anbaufläche
41241;Ernte-u.Betriebsbericht: Feldfrüchte und Grünland;JAHR;Jahr;1997;DINSG;Deutschland insgesamt;DG;Deutschland;FRUA01;Fruchtarten;FRUART031INK;Industriekartoffeln;172843;ha;FLC016;Anbaufläche
41241;Ernte-u.Betriebsbericht: Feldfrüchte und Grünland;JAHR;Jahr;2002;DINSG;Deutschland insgesamt;DG;Deutschland;FRUA01;Fruchtarten;FRUART012;Futter- und Industriegetreide;2789748;ha;FLC016;Anbaufläche
41241;Ernte-u.Betriebsbericht: Feldfrüchte und Grünland;JAHR;Jahr;1970;DINSG;Deutschland insgesamt;DG;Deutschland;FRUA01;Fruchtarten;FRUART033;Runkelrüben;319505;ha;FLC016;Anbaufläche
41241;Ernte-u.Betriebsbericht: Feldfrüchte und Grünland;JAHR;Jahr;1993;DINSG;Deutschland insgesamt;DG;Deutschland;FRUA01;Fruchtarten;FRUART01111W;Weichweizen;2384998;ha;FLC016;Anbaufläche
41241;Ernte-u.Betriebsbericht: Feldfrüchte und Grünland;JAHR;Jahr;1989;DINSG;Deutschland insgesamt;DG;Deutschland;FRUA01;Fruchtarten;FRUART041;Blumen u. Zierpflanzen einschl.Jungpfl.(o.Samenb.);.;ha;FLC016;Anbaufläche
41241;Ernte-u.Betriebsbericht: Feldfrüchte und Grünland;JAHR;Jahr;1954;DINSG;Deutschland insgesamt;DG;Deutschland;FRUA01;Fruchtarten;FRUART052;Hopfen;8014;ha;FLC016;Anbaufläche
41241;Ernte-u.Betriebsbericht: Feldfrüchte und Grünland;JAHR;Jahr;1977;DINSG;Deutschland insgesamt;DG;Deutschland;FRUA01;Fruchtarten;FRUART056;Alle anderen Handelsgewächse;5084;ha;FLC016;Anbaufläche
41241;Ernte-u.Betriebsbericht: Feldfrüchte und Grünland;JAHR;Jahr;1967;DINSG;Deutschland insgesamt;DG;Deutschland;FRUA01;Fruchtarten;FRUART05111;Winterraps;40906;ha;FLC016;Anbaufläche
41241;Ernte-u.Betriebsbericht: Feldfrüchte und Grünland;JAHR;Jahr;1981;DINSG;Deutschland insgesamt;DG;Deutschland;FRUA01;Fruchtarten;FRUART021;Futtererbsen;.;ha;FLC016;Anbaufläche
41241;Ernte-u.Betriebsbericht: Feldfrüchte und Grünland;JAHR;Jahr;1998;DINSG;Deutschland insgesamt;DG;Deutschland;FRUA01;Fruchtarten;FRUART031INK;Industriekartoffeln;171158;ha;FLC016;Anbaufläche
41241;Ernte-u.Betriebsbericht: Feldfrüchte und Grünland;JAHR;Jahr;1987;DINSG;Deutschland insgesamt;DG;Deutschland;FRUA01;Fruchtarten;FRUART0511;Raps und Rübsen;428242;ha;FLC016;Anbaufläche
41241;Ernte-u.Betriebsbericht: Feldfrüchte und Grünland;JAHR;Jahr;2009;DINSG;Deutschland insgesamt;DG;Deutschland;FRUA01;Fruchtarten;FRUART013;Körnermais;359800;ha;FLC016;Anbaufläche
41241;Ernte-u.Betriebsbericht: Feldfrüchte und Grünland;JAHR;Jahr;1957;DINSG;Deutschland insgesamt;DG;Deutschland;FRUA01;Fruchtarten;FRUART05111;Winterraps;19870;ha;FLC016;Anbaufläche
41241;Ernte-u.Betriebsbericht: Feldfrüchte und Grünland;JAHR;Jahr;1956;DINSG;Deutschland insgesamt;DG;Deutschland;FRUA01;Fruchtarten;FRUART031MUS;Mittelfrühe und späte Kartoffeln;1084986;ha;FLC016;Anbaufläche
41241;Ernte-u.Betriebsbericht: Feldfrüchte und Grünland;JAHR;Jahr;1960;DINSG;Deutschland insgesamt;DG;Deutschland;FRUA01;Fruchtarten;FRUART031FSK;Frühe Speisekartoffeln;64065;ha;FLC016;Anbaufläche
41241;Ernte-u.Betriebsbericht: Feldfrüchte und Grünland;JAHR;Jahr;1985;DINSG;Deutschland insgesamt;DG;Deutschland;FRUA01;Fruchtarten;FRUART031;Kartoffeln;220046;ha;FLC016;Anbaufläche
41241;Ernte-u.Betriebsbericht: Feldfrüchte und Grünland;JAHR;Jahr;2006;DINSG;Deutschland insgesamt;DG;Deutschland;FRUA01;Fruchtarten;FRUART022;Ackerbohnen;15000;ha;FLC016;Anbaufläche
41241;Ernte-u.Betriebsbericht: Feldfrüchte und Grünland;JAHR;Jahr;1963;DINSG;Deutschland insgesamt;DG;Deutschland;FRUA01;Fruchtarten;FRUART042;Gartenbausämereien,Vermehrungsanbau v.Blumenzwieb.;.;ha;FLC016;Anbaufläche
41241;Ernte-u.Betriebsbericht: Feldfrüchte und Grünland;JAHR;Jahr;1951;DINSG;Deutschland insgesamt;DG;Deutschland;FRUA01;Fruchtarten;FRUART061;Klee, Kleegras und Klee-Luzerne-Gemisch;954723;ha;FLC016;Anbaufläche
41241;Ernte-u.Betriebsbericht: Feldfrüchte und Grünland;JAHR;Jahr;1975;DINSG;Deutschland insgesamt;DG;Deutschland;FRUA01;Fruchtarten;FRUART0512;Flachs (Lein);.;ha;FLC016;Anbaufläche
41241;Ernte-u.Betriebsbericht: Feldfrüchte und Grünland;JAHR;Jahr;1995;DINSG;Deutschland insgesamt;DG;Deutschland;FRUA01;Fruchtarten;FRUART053;Tabak;3180;ha;FLC016;Anbaufläche
41241;Ernte-u.Betriebsbericht: Feldfrüchte und Grünland;JAHR;Jahr;1999;DINSG;Deutschland insgesamt;DG;Deutschland;FRUA01;Fruchtarten;FRUART0112;Roggen;748170;ha;FLC016;Anbaufläche
41241;Ernte-u.Betriebsbericht: Feldfrüchte und Grünland;JAHR;Jahr;2009;DINSG;Deutschland insgesamt;DG;Deutschland;FRUA01;Fruchtarten;FRUART05112;Sommerraps, Winter- und Sommerrübsen;6800;ha;FLC016;Anbaufläche
41241;Ernte-u.Betriebsbericht: Feldfrüchte und Grünland;JAHR;Jahr;1981;DINSG;Deutschland insgesamt;DG;Deutschland;FRUA01;Fruchtarten;FRUART052;Hopfen;19038;ha;FLC016;Anbaufläche
41241;Ernte-u.Betriebsbericht: Feldfrüchte und Grünland;JAHR;Jahr;1975;DINSG;Deutschland insgesamt;DG;Deutschland;FRUA01;Fruchtarten;FRUART0113;Wintermenggetreide;26893;ha;FLC016;Anbaufläche
41241;Ernte-u.Betriebsbericht: Feldfrüchte und Grünland;JAHR;Jahr;1999;DINSG;Deutschland insgesamt;DG;Deutschland;FRUA01;Fruchtarten;FRUART031MUS;Mittelfrühe und späte Kartoffeln;290189;ha;FLC016;Anbaufläche
41241;Ernte-u.Betriebsbericht: Feldfrüchte und Grünland;JAHR;Jahr;1972;DINSG;Deutschland insgesamt;DG;Deutschland;FRUA01;Fruchtarten;FRUART014;Corn-Cob-Mix;.;ha;FLC016;Anbaufläche
41241;Ernte-u.Betriebsbericht: Feldfrüchte und Grünland;JAHR;Jahr;1980;DINSG;Deutschland insgesamt;DG;Deutschland;FRUA01;Fruchtarten;FRUART013CCM;Körnermais (einschl. CCM);118819;ha;FLC016;Anbaufläche
41241;Ernte-u.Betriebsbericht: Feldfrüchte und Grünland;JAHR;Jahr;1953;DINSG;Deutschland insgesamt;DG;Deutschland;FRUA01;Fruchtarten;FRUART0511;Raps und Rübsen;19114;ha;FLC016;Anbaufläche
41241;Ernte-u.Betriebsbericht: Feldfrüchte und Grünland;JAHR;Jahr;1958;DINSG;Deutschland insgesamt;DG;Deutschland;FRUA01;Fruchtarten;FRUART062;Luzerne;.;ha;FLC016;Anbaufläche
41241;Ernte-u.Betriebsbericht: Feldfrüchte und Grünland;JAHR;Jahr;2003;DINSG;Deutschland insgesamt;DG;Deutschland;FRUA01;Fruchtarten;FRUART022;Ackerbohnen;20042;ha;FLC016;Anbaufläche
41241;Ernte-u.Betriebsbericht: Feldfrüchte und Grünland;JAHR;Jahr;1953;DINSG;Deutschland insgesamt;DG;Deutschland;FRUA01;Fruchtarten;FRUART011;Brotgetreide;2644833;ha;FLC016;Anbaufläche
41241;Ernte-u.Betriebsbericht: Feldfrüchte und Grünland;JAHR;Jahr;1958;DINSG;Deutschland insgesamt;DG;Deutschland;FRUA01;Fruchtarten;FRUART01112;Sommerweizen;108673;ha;FLC016;Anbaufläche
41241;Ernte-u.Betriebsbericht: Feldfrüchte und Grünland;JAHR;Jahr;2000;DINSG;Deutschland insgesamt;DG;Deutschland;FRUA01;Fruchtarten;FRUART031;Kartoffeln;304380;ha;FLC016;Anbaufläche
41241;Ernte-u.Betriebsbericht: Feldfrüchte und Grünland;JAHR;Jahr;1986;DINSG;Deutschland insgesamt;DG;Deutschland;FRUA01;Fruchtarten;FRUART01111;Winterweizen;1555779;ha;FLC016;Anbaufläche
41241;Ernte-u.Betriebsbericht: Feldfrüchte und Grünland;JAHR;Jahr;1974;DINSG;Deutschland insgesamt;DG;Deutschland;FRUA01;Fruchtarten;FRUART01111;Winterweizen;1395110;ha;FLC016;Anbaufläche
41241;Ernte-u.Betriebsbericht: Feldfrüchte und Grünland;JAHR;Jahr;1967;DINSG;Deutschland insgesamt;DG;Deutschland;FRUA01;Fruchtarten;FRUART0514;Andere Ölfrüchte;.;ha;FLC016;Anbaufläche
41241;Ernte-u.Betriebsbericht: Feldfrüchte und Grünland;JAHR;Jahr;1967;DINSG;Deutschland insgesamt;DG;Deutschland;FRUA01;Fruchtarten;FRUART04OS;Gemüse, Spargel, Erdbeeren (ohne Samenbau);.;ha;FLC016;Anbaufläche
41241;Ernte-u.Betriebsbericht: Feldfrüchte und Grünland;JAHR;Jahr;1980;DINSG;Deutschland insgesamt;DG;Deutschland;FRUA01;Fruchtarten;FRUART011;Brotgetreide;2235550;ha;FLC016;Anbaufläche
41241;Ernte-u.Betriebsbericht: Feldfrüchte und Grünland;JAHR;Jahr;2007;DINSG;Deutschland insgesamt;DG;Deutschland;FRUA01;Fruchtarten;FRUART032;Zuckerrüben;402697;ha;FLC016;Anbaufläche
41241;Ernte-u.Betriebsbericht: Feldfrüchte und Grünland;JAHR;Jahr;1983;DINSG;Deutschland insgesamt;DG;Deutschland;FRUA01;Fruchtarten;FRUART05111;Winterraps;222780;ha;FLC016;Anbaufläche
41241;Ernte-u.Betriebsbericht: Feldfrüchte und Grünland;JAHR;Jahr;1957;DINSG;Deutschland insgesamt;DG;Deutschland;FRUA01;Fruchtarten;FRUART021;Futtererbsen;.;ha;FLC016;Anbaufläche
41241;Ernte-u.Betriebsbericht: Feldfrüchte und Grünland;JAHR;Jahr;1999;DINSG;Deutschland insgesamt;DG;Deutschland;FRUA01;Fruchtarten;FRUART063;Feldgras/Grasanbau auf dem Ackerland;225387;ha;FLC016;Anbaufläche
41241;Ernte-u.Betriebsbericht: Feldfrüchte und Grünland;JAHR;Jahr;2007;DINSG;Deutschland insgesamt;DG;Deutschland;FRUA01;Fruchtarten;FRUART0513;Körnersonnenblumen;19161;ha;FLC016;Anbaufläche
41241;Ernte-u.Betriebsbericht: Feldfrüchte und Grünland;JAHR;Jahr;1987;DINSG;Deutschland insgesamt;DG;Deutschland;FRUA01;Fruchtarten;FRUART056;Alle anderen Handelsgewächse;14640;ha;FLC016;Anbaufläche
41241;Ernte-u.Betriebsbericht: Feldfrüchte und Grünland;JAHR;Jahr;1966;DINSG;Deutschland insgesamt;DG;Deutschland;FRUA01;Fruchtarten;FRUART055;Heil- und Gewürzpflanzen;.;ha;FLC016;Anbaufläche
41241;Ernte-u.Betriebsbericht: Feldfrüchte und Grünland;JAHR;Jahr;2004;DINSG;Deutschland insgesamt;DG;Deutschland;FRUA01;Fruchtarten;FRUART041;Blumen u. Zierpflanzen einschl.Jungpfl.(o.Samenb.);9238;ha;FLC016;Anbaufläche
41241;Ernte-u.Betriebsbericht: Feldfrüchte und Grünland;JAHR;Jahr;1950;DINSG;Deutschland insgesamt;DG;Deutschland;FRUA01;Fruchtarten;FRUART055;Heil- und Gewürzpflanzen;.;ha;FLC016;Anbaufläche
41241;Ernte-u.Betriebsbericht: Feldfrüchte und Grünland;JAHR;Jahr;1975;DINSG;Deutschland insgesamt;DG;Deutschland;FRUA01;Fruchtarten;FRUART031SPK;Speisekartoffeln;.;ha;FLC016;Anbaufläche
41241;Ernte-u.Betriebsbericht: Feldfrüchte und Grünland;JAHR;Jahr;1970;DINSG;Deutschland insgesamt;DG;Deutschland;FRUA01;Fruchtarten;FRUART064;Silomais (einschl. Lieschkolbenschrot);190575;ha;FLC016;Anbaufläche
41241;Ernte-u.Betriebsbericht: Feldfrüchte und Grünland;JAHR;Jahr;1988;DINSG;Deutschland insgesamt;DG;Deutschland;FRUA01;Fruchtarten;FRUART0511;Raps und Rübsen;384544;ha;FLC016;Anbaufläche
41241;Ernte-u.Betriebsbericht: Feldfrüchte und Grünland;JAHR;Jahr;1984;DINSG;Deutschland insgesamt;DG;Deutschland;FRUA01;Fruchtarten;FRUART065;Raufutter;.;ha;FLC016;Anbaufläche
41241;Ernte-u.Betriebsbericht: Feldfrüchte und Grünland;JAHR;Jahr;1972;DINSG;Deutschland insgesamt;DG;Deutschland;FRUA01;Fruchtarten;FRUART013CCM;Körnermais (einschl. CCM);117987;ha;FLC016;Anbaufläche
41241;Ernte-u.Betriebsbericht: Feldfrüchte und Grünland;JAHR;Jahr;1983;DINSG;Deutschland insgesamt;DG;Deutschland;FRUA01;Fruchtarten;FRUART0124;Triticale;.;ha;FLC016;Anbaufläche
41241;Ernte-u.Betriebsbericht: Feldfrüchte und Grünland;JAHR;Jahr;1954;DINSG;Deutschland insgesamt;DG;Deutschland;FRUA01;Fruchtarten;FRUART065;Raufutter;.;ha;FLC016;Anbaufläche
41241;Ernte-u.Betriebsbericht: Feldfrüchte und Grünland;JAHR;Jahr;1961;DINSG;Deutschland insgesamt;DG;Deutschland;FRUA01;Fruchtarten;FRUART0123;Sommermenggetreide;410499;ha;FLC016;Anbaufläche
41241;Ernte-u.Betriebsbericht: Feldfrüchte und Grünland;JAHR;Jahr;1966;DINSG;Deutschland insgesamt;DG;Deutschland;FRUA01;Fruchtarten;FRUART042;Gartenbausämereien,Vermehrungsanbau v.Blumenzwieb.;.;ha;FLC016;Anbaufläche
41241;Ernte-u.Betriebsbericht: Feldfrüchte und Grünland;JAHR;Jahr;1969;DINSG;Deutschland insgesamt;DG;Deutschland;FRUA01;Fruchtarten;FRUART033;Runkelrüben;332657;ha;FLC016;Anbaufläche
41241;Ernte-u.Betriebsbericht: Feldfrüchte und Grünland;JAHR;Jahr;1977;DINSG;Deutschland insgesamt;DG;Deutschland;FRUA01;Fruchtarten;FRUART01112;Sommerweizen;176392;ha;FLC016;Anbaufläche
41241;Ernte-u.Betriebsbericht: Feldfrüchte und Grünland;JAHR;Jahr;1981;DINSG;Deutschland insgesamt;DG;Deutschland;FRUA01;Fruchtarten;FRUART065;Raufutter;.;ha;FLC016;Anbaufläche
41241;Ernte-u.Betriebsbericht: Feldfrüchte und Grünland;JAHR;Jahr;2001;DINSG;Deutschland insgesamt;DG;Deutschland;FRUA01;Fruchtarten;FRUART01111;Winterweizen;2849746;ha;FLC016;Anbaufläche
41241;Ernte-u.Betriebsbericht: Feldfrüchte und Grünland;JAHR;Jahr;2001;DINSG;Deutschland insgesamt;DG;Deutschland;FRUA01;Fruchtarten;FRUART0111;Weizen;2897202;ha;FLC016;Anbaufläche
41241;Ernte-u.Betriebsbericht: Feldfrüchte und Grünland;JAHR;Jahr;1994;DINSG;Deutschland insgesamt;DG;Deutschland;FRUA01;Fruchtarten;FRUART034;Alle anderen Hackfrüchte;5564;ha;FLC016;Anbaufläche
41241;Ernte-u.Betriebsbericht: Feldfrüchte und Grünland;JAHR;Jahr;1973;DINSG;Deutschland insgesamt;DG;Deutschland;FRUA01;Fruchtarten;FRUART033;Runkelrüben;268261;ha;FLC016;Anbaufläche
41241;Ernte-u.Betriebsbericht: Feldfrüchte und Grünland;JAHR;Jahr;1983;DINSG;Deutschland insgesamt;DG;Deutschland;FRUA01;Fruchtarten;FRUART01OKM;Getreide (ohne Körnermais und CCM);4875103;ha;FLC016;Anbaufläche
41241;Ernte-u.Betriebsbericht: Feldfrüchte und Grünland;JAHR;Jahr;1992;DINSG;Deutschland insgesamt;DG;Deutschland;FRUA01;Fruchtarten;FRUART0124;Triticale;175493;ha;FLC016;Anbaufläche
41241;Ernte-u.Betriebsbericht: Feldfrüchte und Grünland;JAHR;Jahr;1996;DINSG;Deutschland insgesamt;DG;Deutschland;FRUA01;Fruchtarten;FRUART0123;Sommermenggetreide;45954;ha;FLC016;Anbaufläche
41241;Ernte-u.Betriebsbericht: Feldfrüchte und Grünland;JAHR;Jahr;1951;DINSG;Deutschland insgesamt;DG;Deutschland;FRUA01;Fruchtarten;FRUART0513;Körnersonnenblumen;.;ha;FLC016;Anbaufläche
41241;Ernte-u.Betriebsbericht: Feldfrüchte und Grünland;JAHR;Jahr;1988;DINSG;Deutschland insgesamt;DG;Deutschland;FRUA01;Fruchtarten;FRUART062;Luzerne;.;ha;FLC016;Anbaufläche
41241;Ernte-u.Betriebsbericht: Feldfrüchte und Grünland;JAHR;Jahr;1972;DINSG;Deutschland insgesamt;DG;Deutschland;FRUA01;Fruchtarten;FRUART01OKM;Getreide (ohne Körnermais und CCM);5185076;ha;FLC016;Anbaufläche
41241;Ernte-u.Betriebsbericht: Feldfrüchte und Grünland;JAHR;Jahr;1970;DINSG;Deutschland insgesamt;DG;Deutschland;FRUA01;Fruchtarten;FRUART01113;Hartweizen (Durum);.;ha;FLC016;Anbaufläche
41241;Ernte-u.Betriebsbericht: Feldfrüchte und Grünland;JAHR;Jahr;1989;DINSG;Deutschland insgesamt;DG;Deutschland;FRUA01;Fruchtarten;FRUART031FSK;Frühe Speisekartoffeln;20461;ha;FLC016;Anbaufläche
41241;Ernte-u.Betriebsbericht: Feldfrüchte und Grünland;JAHR;Jahr;1957;DINSG;Deutschland insgesamt;DG;Deutschland;FRUA01;Fruchtarten;FRUART034;Alle anderen Hackfrüchte;92863;ha;FLC016;Anbaufläche
41241;Ernte-u.Betriebsbericht: Feldfrüchte und Grünland;JAHR;Jahr;1962;DINSG;Deutschland insgesamt;DG;Deutschland;FRUA01;Fruchtarten;FRUART032;Zuckerrüben;290101;ha;FLC016;Anbaufläche
41241;Ernte-u.Betriebsbericht: Feldfrüchte und Grünland;JAHR;Jahr;1979;DINSG;Deutschland insgesamt;DG;Deutschland;FRUA01;Fruchtarten;FRUART0511;Raps und Rübsen;127076;ha;FLC016;Anbaufläche
41241;Ernte-u.Betriebsbericht: Feldfrüchte und Grünland;JAHR;Jahr;1970;DINSG;Deutschland insgesamt;DG;Deutschland;FRUA01;Fruchtarten;FRUART051;Ölfrüchte;.;ha;FLC016;Anbaufläche
41241;Ernte-u.Betriebsbericht: Feldfrüchte und Grünland;JAHR;Jahr;2004;DINSG;Deutschland insgesamt;DG;Deutschland;FRUA01;Fruchtarten;FRUART054;Rüben und Gräser zur Samengewinnung;29865;ha;FLC016;Anbaufläche
41241;Ernte-u.Betriebsbericht: Feldfrüchte und Grünland;JAHR;Jahr;1988;DINSG;Deutschland insgesamt;DG;Deutschland;FRUA01;Fruchtarten;FRUART031;Kartoffeln;199330;ha;FLC016;Anbaufläche
41241;Ernte-u.Betriebsbericht: Feldfrüchte und Grünland;JAHR;Jahr;1961;DINSG;Deutschland insgesamt;DG;Deutschland;FRUA01;Fruchtarten;FRUART013;Körnermais;.;ha;FLC016;Anbaufläche
41241;Ernte-u.Betriebsbericht: Feldfrüchte und Grünland;JAHR;Jahr;1980;DINSG;Deutschland insgesamt;DG;Deutschland;FRUA01;Fruchtarten;FRUART055;Heil- und Gewürzpflanzen;.;ha;FLC016;Anbaufläche
41241;Ernte-u.Betriebsbericht: Feldfrüchte und Grünland;JAHR;Jahr;2008;DINSG;Deutschland insgesamt;DG;Deutschland;FRUA01;Fruchtarten;FRUART064;Silomais (einschl. Lieschkolbenschrot);1566600;ha;FLC016;Anbaufläche
41241;Ernte-u.Betriebsbericht: Feldfrüchte und Grünland;JAHR;Jahr;2000;DINSG;Deutschland insgesamt;DG;Deutschland;FRUA01;Fruchtarten;FRUART0512;Flachs (Lein);102483;ha;FLC016;Anbaufläche
41241;Ernte-u.Betriebsbericht: Feldfrüchte und Grünland;JAHR;Jahr;1980;DINSG;Deutschland insgesamt;DG;Deutschland;FRUA01;Fruchtarten;FRUART0112;Roggen;545958;ha;FLC016;Anbaufläche
41241;Ernte-u.Betriebsbericht: Feldfrüchte und Grünland;JAHR;Jahr;1975;DINSG;Deutschland insgesamt;DG;Deutschland;FRUA01;Fruchtarten;FRUART014;Corn-Cob-Mix;.;ha;FLC016;Anbaufläche
41241;Ernte-u.Betriebsbericht: Feldfrüchte und Grünland;JAHR;Jahr;1992;DINSG;Deutschland insgesamt;DG;Deutschland;FRUA01;Fruchtarten;FRUART053;Tabak;3002;ha;FLC016;Anbaufläche
41241;Ernte-u.Betriebsbericht: Feldfrüchte und Grünland;JAHR;Jahr;1950;DINSG;Deutschland insgesamt;DG;Deutschland;FRUA01;Fruchtarten;FRUART011;Brotgetreide;2465608;ha;FLC016;Anbaufläche
41241;Ernte-u.Betriebsbericht: Feldfrüchte und Grünland;JAHR;Jahr;1951;DINSG;Deutschland insgesamt;DG;Deutschland;FRUA01;Fruchtarten;FRUART01111W;Weichweizen;.;ha;FLC016;Anbaufläche
41241;Ernte-u.Betriebsbericht: Feldfrüchte und Grünland;JAHR;Jahr;1992;DINSG;Deutschland insgesamt;DG;Deutschland;FRUA01;Fruchtarten;FRUART0111;Weizen;2598471;ha;FLC016;Anbaufläche
41241;Ernte-u.Betriebsbericht: Feldfrüchte und Grünland;JAHR;Jahr;1987;DINSG;Deutschland insgesamt;DG;Deutschland;FRUA01;Fruchtarten;FRUART012;Futter- und Industriegetreide;2408797;ha;FLC016;Anbaufläche
41241;Ernte-u.Betriebsbericht: Feldfrüchte und Grünland;JAHR;Jahr;1993;DINSG;Deutschland insgesamt;DG;Deutschland;FRUA01;Fruchtarten;FRUART01112;Sommerweizen;61307;ha;FLC016;Anbaufläche
41241;Ernte-u.Betriebsbericht: Feldfrüchte und Grünland;JAHR;Jahr;1965;DINSG;Deutschland insgesamt;DG;Deutschland;FRUA01;Fruchtarten;FRUART023;Alle anderen Hülsenfrüchte;17296;ha;FLC016;Anbaufläche
41241;Ernte-u.Betriebsbericht: Feldfrüchte und Grünland;JAHR;Jahr;1959;DINSG;Deutschland insgesamt;DG;Deutschland;FRUA01;Fruchtarten;FRUART0113;Wintermenggetreide;70261;ha;FLC016;Anbaufläche
41241;Ernte-u.Betriebsbericht: Feldfrüchte und Grünland;JAHR;Jahr;1984;DINSG;Deutschland insgesamt;DG;Deutschland;FRUA01;Fruchtarten;FRUART021;Futtererbsen;.;ha;FLC016;Anbaufläche
41241;Ernte-u.Betriebsbericht: Feldfrüchte und Grünland;JAHR;Jahr;1954;DINSG;Deutschland insgesamt;DG;Deutschland;FRUA01;Fruchtarten;FRUART01113;Hartweizen (Durum);.;ha;FLC016;Anbaufläche
41241;Ernte-u.Betriebsbericht: Feldfrüchte und Grünland;JAHR;Jahr;1976;DINSG;Deutschland insgesamt;DG;Deutschland;FRUA01;Fruchtarten;FRUART011;Brotgetreide;2320679;ha;FLC016;Anbaufläche
41241;Ernte-u.Betriebsbericht: Feldfrüchte und Grünland;JAHR;Jahr;1968;DINSG;Deutschland insgesamt;DG;Deutschland;FRUA01;Fruchtarten;FRUART0122;Hafer;821216;ha;FLC016;Anbaufläche
41241;Ernte-u.Betriebsbericht: Feldfrüchte und Grünland;JAHR;Jahr;1997;DINSG;Deutschland insgesamt;DG;Deutschland;FRUA01;Fruchtarten;FRUART01111;Winterweizen;2647769;ha;FLC016;Anbaufläche
41241;Ernte-u.Betriebsbericht: Feldfrüchte und Grünland;JAHR;Jahr;1954;DINSG;Deutschland insgesamt;DG;Deutschland;FRUA01;Fruchtarten;FRUART021;Futtererbsen;.;ha;FLC016;Anbaufläche
41241;Ernte-u.Betriebsbericht: Feldfrüchte und Grünland;JAHR;Jahr;2008;DINSG;Deutschland insgesamt;DG;Deutschland;FRUA01;Fruchtarten;FRUART051;Ölfrüchte;1404700;ha;FLC016;Anbaufläche
41241;Ernte-u.Betriebsbericht: Feldfrüchte und Grünland;JAHR;Jahr;2000;DINSG;Deutschland insgesamt;DG;Deutschland;FRUA01;Fruchtarten;FRUART05111;Winterraps;1046216;ha;FLC016;Anbaufläche
41241;Ernte-u.Betriebsbericht: Feldfrüchte und Grünland;JAHR;Jahr;1963;DINSG;Deutschland insgesamt;DG;Deutschland;FRUA01;Fruchtarten;FRUART031INK;Industriekartoffeln;.;ha;FLC016;Anbaufläche
41241;Ernte-u.Betriebsbericht: Feldfrüchte und Grünland;JAHR;Jahr;1991;DINSG;Deutschland insgesamt;DG;Deutschland;FRUA01;Fruchtarten;FRUART056;Alle anderen Handelsgewächse;5130;ha;FLC016;Anbaufläche
41241;Ernte-u.Betriebsbericht: Feldfrüchte und Grünland;JAHR;Jahr;1985;DINSG;Deutschland insgesamt;DG;Deutschland;FRUA01;Fruchtarten;FRUART062;Luzerne;.;ha;FLC016;Anbaufläche
41241;Ernte-u.Betriebsbericht: Feldfrüchte und Grünland;JAHR;Jahr;1997;DINSG;Deutschland insgesamt;DG;Deutschland;FRUA01;Fruchtarten;FRUART031FSK;Frühe Speisekartoffeln;18065;ha;FLC016;Anbaufläche
41241;Ernte-u.Betriebsbericht: Feldfrüchte und Grünland;JAHR;Jahr;1974;DINSG;Deutschland insgesamt;DG;Deutschland;FRUA01;Fruchtarten;FRUART061;Klee, Kleegras und Klee-Luzerne-Gemisch;310855;ha;FLC016;Anbaufläche
41241;Ernte-u.Betriebsbericht: Feldfrüchte und Grünland;JAHR;Jahr;1958;DINSG;Deutschland insgesamt;DG;Deutschland;FRUA01;Fruchtarten;FRUART031;Kartoffeln;1073610;ha;FLC016;Anbaufläche
41241;Ernte-u.Betriebsbericht: Feldfrüchte und Grünland;JAHR;Jahr;1995;DINSG;Deutschland insgesamt;DG;Deutschland;FRUA01;Fruchtarten;FRUART066;Alle anderen Futterpflanzen;43484;ha;FLC016;Anbaufläche
41241;Ernte-u.Betriebsbericht: Feldfrüchte und Grünland;JAHR;Jahr;1978;DINSG;Deutschland insgesamt;DG;Deutschland;FRUA01;Fruchtarten;FRUART01212;Sommergerste;913007;ha;FLC016;Anbaufläche
41241;Ernte-u.Betriebsbericht: Feldfrüchte und Grünland;JAHR;Jahr;1983;DINSG;Deutschland insgesamt;DG;Deutschland;FRUA01;Fruchtarten;FRUART0111;Weizen;1655182;ha;FLC016;Anbaufläche
41241;Ernte-u.Betriebsbericht: Feldfrüchte und Grünland;JAHR;Jahr;1960;DINSG;Deutschland insgesamt;DG;Deutschland;FRUA01;Fruchtarten;FRUART05112;Sommerraps, Winter- und Sommerrübsen;7035;ha;FLC016;Anbaufläche
41241;Ernte-u.Betriebsbericht: Feldfrüchte und Grünland;JAHR;Jahr;1955;DINSG;Deutschland insgesamt;DG;Deutschland;FRUA01;Fruchtarten;FRUART031INK;Industriekartoffeln;.;ha;FLC016;Anbaufläche
41241;Ernte-u.Betriebsbericht: Feldfrüchte und Grünland;JAHR;Jahr;1997;DINSG;Deutschland insgesamt;DG;Deutschland;FRUA01;Fruchtarten;FRUART033;Runkelrüben;17339;ha;FLC016;Anbaufläche
41241;Ernte-u.Betriebsbericht: Feldfrüchte und Grünland;JAHR;Jahr;1976;DINSG;Deutschland insgesamt;DG;Deutschland;FRUA01;Fruchtarten;FRUART054;Rüben und Gräser zur Samengewinnung;10992;ha;FLC016;Anbaufläche
41241;Ernte-u.Betriebsbericht: Feldfrüchte und Grünland;JAHR;Jahr;1976;DINSG;Deutschland insgesamt;DG;Deutschland;FRUA01;Fruchtarten;FRUART01111W;Weichweizen;.;ha;FLC016;Anbaufläche
41241;Ernte-u.Betriebsbericht: Feldfrüchte und Grünland;JAHR;Jahr;1954;DINSG;Deutschland insgesamt;DG;Deutschland;FRUA01;Fruchtarten;FRUART022;Ackerbohnen;16029;ha;FLC016;Anbaufläche
41241;Ernte-u.Betriebsbericht: Feldfrüchte und Grünland;JAHR;Jahr;1980;DINSG;Deutschland insgesamt;DG;Deutschland;FRUA01;Fruchtarten;FRUART041;Blumen u. Zierpflanzen einschl.Jungpfl.(o.Samenb.);.;ha;FLC016;Anbaufläche
41241;Ernte-u.Betriebsbericht: Feldfrüchte und Grünland;JAHR;Jahr;1973;DINSG;Deutschland insgesamt;DG;Deutschland;FRUA01;Fruchtarten;FRUART063;Feldgras/Grasanbau auf dem Ackerland;187740;ha;FLC016;Anbaufläche
41241;Ernte-u.Betriebsbericht: Feldfrüchte und Grünland;JAHR;Jahr;1984;DINSG;Deutschland insgesamt;DG;Deutschland;FRUA01;Fruchtarten;FRUART031SPK;Speisekartoffeln;.;ha;FLC016;Anbaufläche
41241;Ernte-u.Betriebsbericht: Feldfrüchte und Grünland;JAHR;Jahr;1980;DINSG;Deutschland insgesamt;DG;Deutschland;FRUA01;Fruchtarten;FRUART0513;Körnersonnenblumen;.;ha;FLC016;Anbaufläche
41241;Ernte-u.Betriebsbericht: Feldfrüchte und Grünland;JAHR;Jahr;1984;DINSG;Deutschland insgesamt;DG;Deutschland;FRUA01;Fruchtarten;FRUART01113;Hartweizen (Durum);.;ha;FLC016;Anbaufläche
41241;Ernte-u.Betriebsbericht: Feldfrüchte und Grünland;JAHR;Jahr;1973;DINSG;Deutschland insgesamt;DG;Deutschland;FRUA01;Fruchtarten;FRUART0122;Hafer;821459;ha;FLC016;Anbaufläche
41241;Ernte-u.Betriebsbericht: Feldfrüchte und Grünland;JAHR;Jahr;1990;DINSG;Deutschland insgesamt;DG;Deutschland;FRUA01;Fruchtarten;FRUART067;Lupinen;.;ha;FLC016;Anbaufläche
41241;Ernte-u.Betriebsbericht: Feldfrüchte und Grünland;JAHR;Jahr;2001;DINSG;Deutschland insgesamt;DG;Deutschland;FRUA01;Fruchtarten;FRUART042;Gartenbausämereien,Vermehrungsanbau v.Blumenzwieb.;513;ha;FLC016;Anbaufläche
41241;Ernte-u.Betriebsbericht: Feldfrüchte und Grünland;JAHR;Jahr;1951;DINSG;Deutschland insgesamt;DG;Deutschland;FRUA01;Fruchtarten;FRUART031;Kartoffeln;1130832;ha;FLC016;Anbaufläche
41241;Ernte-u.Betriebsbericht: Feldfrüchte und Grünland;JAHR;Jahr;1995;DINSG;Deutschland insgesamt;DG;Deutschland;FRUA01;Fruchtarten;FRUART0123;Sommermenggetreide;44589;ha;FLC016;Anbaufläche
41241;Ernte-u.Betriebsbericht: Feldfrüchte und Grünland;JAHR;Jahr;1955;DINSG;Deutschland insgesamt;DG;Deutschland;FRUA01;Fruchtarten;FRUART041;Blumen u. Zierpflanzen einschl.Jungpfl.(o.Samenb.);.;ha;FLC016;Anbaufläche
41241;Ernte-u.Betriebsbericht: Feldfrüchte und Grünland;JAHR;Jahr;1968;DINSG;Deutschland insgesamt;DG;Deutschland;FRUA01;Fruchtarten;FRUART031MUS;Mittelfrühe und späte Kartoffeln;622095;ha;FLC016;Anbaufläche
41241;Ernte-u.Betriebsbericht: Feldfrüchte und Grünland;JAHR;Jahr;1958;DINSG;Deutschland insgesamt;DG;Deutschland;FRUA01;Fruchtarten;FRUART032;Zuckerrüben;283933;ha;FLC016;Anbaufläche
41241;Ernte-u.Betriebsbericht: Feldfrüchte und Grünland;JAHR;Jahr;2002;DINSG;Deutschland insgesamt;DG;Deutschland;FRUA01;Fruchtarten;FRUART061;Klee, Kleegras und Klee-Luzerne-Gemisch;166930;ha;FLC016;Anbaufläche
41241;Ernte-u.Betriebsbericht: Feldfrüchte und Grünland;JAHR;Jahr;2000;DINSG;Deutschland insgesamt;DG;Deutschland;FRUA01;Fruchtarten;FRUART0111;Weizen;2968940;ha;FLC016;Anbaufläche
41241;Ernte-u.Betriebsbericht: Feldfrüchte und Grünland;JAHR;Jahr;2005;DINSG;Deutschland insgesamt;DG;Deutschland;FRUA01;Fruchtarten;FRUART052;Hopfen;17300;ha;FLC016;Anbaufläche
41241;Ernte-u.Betriebsbericht: Feldfrüchte und Grünland;JAHR;Jahr;1963;DINSG;Deutschland insgesamt;DG;Deutschland;FRUA01;Fruchtarten;FRUART031FSK;Frühe Speisekartoffeln;64485;ha;FLC016;Anbaufläche
41241;Ernte-u.Betriebsbericht: Feldfrüchte und Grünland;JAHR;Jahr;1974;DINSG;Deutschland insgesamt;DG;Deutschland;FRUA01;Fruchtarten;FRUART0113;Wintermenggetreide;26565;ha;FLC016;Anbaufläche
41241;Ernte-u.Betriebsbericht: Feldfrüchte und Grünland;JAHR;Jahr;1998;DINSG;Deutschland insgesamt;DG;Deutschland;FRUA01;Fruchtarten;FRUART0513;Körnersonnenblumen;33704;ha;FLC016;Anbaufläche
41241;Ernte-u.Betriebsbericht: Feldfrüchte und Grünland;JAHR;Jahr;1969;DINSG;Deutschland insgesamt;DG;Deutschland;FRUA01;Fruchtarten;FRUART01112;Sommerweizen;181822;ha;FLC016;Anbaufläche
41241;Ernte-u.Betriebsbericht: Feldfrüchte und Grünland;JAHR;Jahr;1987;DINSG;Deutschland insgesamt;DG;Deutschland;FRUA01;Fruchtarten;FRUART01211;Wintergerste;1221191;ha;FLC016;Anbaufläche
41241;Ernte-u.Betriebsbericht: Feldfrüchte und Grünland;JAHR;Jahr;1952;DINSG;Deutschland insgesamt;DG;Deutschland;FRUA01;Fruchtarten;FRUART0112;Roggen;1367567;ha;FLC016;Anbaufläche
41241;Ernte-u.Betriebsbericht: Feldfrüchte und Grünland;JAHR;Jahr;2005;DINSG;Deutschland insgesamt;DG;Deutschland;FRUA01;Fruchtarten;FRUART0122;Hafer;209900;ha;FLC016;Anbaufläche
41241;Ernte-u.Betriebsbericht: Feldfrüchte und Grünland;JAHR;Jahr;1994;DINSG;Deutschland insgesamt;DG;Deutschland;FRUA01;Fruchtarten;FRUART064;Silomais (einschl. Lieschkolbenschrot);1205038;ha;FLC016;Anbaufläche
41241;Ernte-u.Betriebsbericht: Feldfrüchte und Grünland;JAHR;Jahr;1987;DINSG;Deutschland insgesamt;DG;Deutschland;FRUA01;Fruchtarten;FRUART0123;Sommermenggetreide;100188;ha;FLC016;Anbaufläche
41241;Ernte-u.Betriebsbericht: Feldfrüchte und Grünland;JAHR;Jahr;1979;DINSG;Deutschland insgesamt;DG;Deutschland;FRUA01;Fruchtarten;FRUART023;Alle anderen Hülsenfrüchte;7912;ha;FLC016;Anbaufläche
41241;Ernte-u.Betriebsbericht: Feldfrüchte und Grünland;JAHR;Jahr;1969;DINSG;Deutschland insgesamt;DG;Deutschland;FRUA01;Fruchtarten;FRUART0121;Gerste;1386519;ha;FLC016;Anbaufläche
41241;Ernte-u.Betriebsbericht: Feldfrüchte und Grünland;JAHR;Jahr;1959;DINSG;Deutschland insgesamt;DG;Deutschland;FRUA01;Fruchtarten;FRUART051;Ölfrüchte;.;ha;FLC016;Anbaufläche
41241;Ernte-u.Betriebsbericht: Feldfrüchte und Grünland;JAHR;Jahr;1968;DINSG;Deutschland insgesamt;DG;Deutschland;FRUA01;Fruchtarten;FRUART022;Ackerbohnen;25674;ha;FLC016;Anbaufläche
41241;Ernte-u.Betriebsbericht: Feldfrüchte und Grünland;JAHR;Jahr;1965;DINSG;Deutschland insgesamt;DG;Deutschland;FRUA01;Fruchtarten;FRUART0122;Hafer;727128;ha;FLC016;Anbaufläche
41241;Ernte-u.Betriebsbericht: Feldfrüchte und Grünland;JAHR;Jahr;2004;DINSG;Deutschland insgesamt;DG;Deutschland;FRUA01;Fruchtarten;FRUART055;Heil- und Gewürzpflanzen;6657;ha;FLC016;Anbaufläche
41241;Ernte-u.Betriebsbericht: Feldfrüchte und Grünland;JAHR;Jahr;2009;DINSG;Deutschland insgesamt;DG;Deutschland;FRUA01;Fruchtarten;FRUART0121;Gerste;1877900;ha;FLC016;Anbaufläche
41241;Ernte-u.Betriebsbericht: Feldfrüchte und Grünland;JAHR;Jahr;2008;DINSG;Deutschland insgesamt;DG;Deutschland;FRUA01;Fruchtarten;FRUART013CCM;Körnermais (einschl. CCM);520500;ha;FLC016;Anbaufläche
41241;Ernte-u.Betriebsbericht: Feldfrüchte und Grünland;JAHR;Jahr;1970;DINSG;Deutschland insgesamt;DG;Deutschland;FRUA01;Fruchtarten;FRUART031SPK;Speisekartoffeln;.;ha;FLC016;Anbaufläche
41241;Ernte-u.Betriebsbericht: Feldfrüchte und Grünland;JAHR;Jahr;1976;DINSG;Deutschland insgesamt;DG;Deutschland;FRUA01;Fruchtarten;FRUART0512;Flachs (Lein);.;ha;FLC016;Anbaufläche
41241;Ernte-u.Betriebsbericht: Feldfrüchte und Grünland;JAHR;Jahr;1980;DINSG;Deutschland insgesamt;DG;Deutschland;FRUA01;Fruchtarten;FRUART054;Rüben und Gräser zur Samengewinnung;8551;ha;FLC016;Anbaufläche
41241;Ernte-u.Betriebsbericht: Feldfrüchte und Grünland;JAHR;Jahr;2008;DINSG;Deutschland insgesamt;DG;Deutschland;FRUA01;Fruchtarten;FRUART065;Raufutter;4689800;ha;FLC016;Anbaufläche
41241;Ernte-u.Betriebsbericht: Feldfrüchte und Grünland;JAHR;Jahr;1963;DINSG;Deutschland insgesamt;DG;Deutschland;FRUA01;Fruchtarten;FRUART013CCM;Körnermais (einschl. CCM);13098;ha;FLC016;Anbaufläche
41241;Ernte-u.Betriebsbericht: Feldfrüchte und Grünland;JAHR;Jahr;1981;DINSG;Deutschland insgesamt;DG;Deutschland;FRUA01;Fruchtarten;FRUART01211;Wintergerste;1298960;ha;FLC016;Anbaufläche
41241;Ernte-u.Betriebsbericht: Feldfrüchte und Grünland;JAHR;Jahr;1961;DINSG;Deutschland insgesamt;DG;Deutschland;FRUA01;Fruchtarten;FRUART056;Alle anderen Handelsgewächse;8479;ha;FLC016;Anbaufläche
41241;Ernte-u.Betriebsbericht: Feldfrüchte und Grünland;JAHR;Jahr;1956;DINSG;Deutschland insgesamt;DG;Deutschland;FRUA01;Fruchtarten;FRUART0123;Sommermenggetreide;363566;ha;FLC016;Anbaufläche
41241;Ernte-u.Betriebsbericht: Feldfrüchte und Grünland;JAHR;Jahr;1975;DINSG;Deutschland insgesamt;DG;Deutschland;FRUA01;Fruchtarten;FRUART013;Körnermais;.;ha;FLC016;Anbaufläche
41241;Ernte-u.Betriebsbericht: Feldfrüchte und Grünland;JAHR;Jahr;1993;DINSG;Deutschland insgesamt;DG;Deutschland;FRUA01;Fruchtarten;FRUART023;Alle anderen Hülsenfrüchte;19619;ha;FLC016;Anbaufläche
41241;Ernte-u.Betriebsbericht: Feldfrüchte und Grünland;JAHR;Jahr;1996;DINSG;Deutschland insgesamt;DG;Deutschland;FRUA01;Fruchtarten;FRUART014;Corn-Cob-Mix;94862;ha;FLC016;Anbaufläche
41241;Ernte-u.Betriebsbericht: Feldfrüchte und Grünland;JAHR;Jahr;1965;DINSG;Deutschland insgesamt;DG;Deutschland;FRUA01;Fruchtarten;FRUART066;Alle anderen Futterpflanzen;41099;ha;FLC016;Anbaufläche
41241;Ernte-u.Betriebsbericht: Feldfrüchte und Grünland;JAHR;Jahr;2008;DINSG;Deutschland insgesamt;DG;Deutschland;FRUA01;Fruchtarten;FRUART0513;Körnersonnenblumen;24900;ha;FLC016;Anbaufläche
41241;Ernte-u.Betriebsbericht: Feldfrüchte und Grünland;JAHR;Jahr;2004;DINSG;Deutschland insgesamt;DG;Deutschland;FRUA01;Fruchtarten;FRUART0514;Andere Ölfrüchte;3863;ha;FLC016;Anbaufläche
41241;Ernte-u.Betriebsbericht: Feldfrüchte und Grünland;JAHR;Jahr;2004;DINSG;Deutschland insgesamt;DG;Deutschland;FRUA01;Fruchtarten;FRUART04OS;Gemüse, Spargel, Erdbeeren (ohne Samenbau);117548;ha;FLC016;Anbaufläche
41241;Ernte-u.Betriebsbericht: Feldfrüchte und Grünland;JAHR;Jahr;1960;DINSG;Deutschland insgesamt;DG;Deutschland;FRUA01;Fruchtarten;FRUART0111;Weizen;1395730;ha;FLC016;Anbaufläche
41241;Ernte-u.Betriebsbericht: Feldfrüchte und Grünland;JAHR;Jahr;1966;DINSG;Deutschland insgesamt;DG;Deutschland;FRUA01;Fruchtarten;FRUART0113;Wintermenggetreide;45669;ha;FLC016;Anbaufläche
41241;Ernte-u.Betriebsbericht: Feldfrüchte und Grünland;JAHR;Jahr;1955;DINSG;Deutschland insgesamt;DG;Deutschland;FRUA01;Fruchtarten;FRUART054;Rüben und Gräser zur Samengewinnung;18255;ha;FLC016;Anbaufläche
41241;Ernte-u.Betriebsbericht: Feldfrüchte und Grünland;JAHR;Jahr;1984;DINSG;Deutschland insgesamt;DG;Deutschland;FRUA01;Fruchtarten;FRUART0512;Flachs (Lein);.;ha;FLC016;Anbaufläche
41241;Ernte-u.Betriebsbericht: Feldfrüchte und Grünland;JAHR;Jahr;2001;DINSG;Deutschland insgesamt;DG;Deutschland;FRUA01;Fruchtarten;FRUART0124;Triticale;533497;ha;FLC016;Anbaufläche
41241;Ernte-u.Betriebsbericht: Feldfrüchte und Grünland;JAHR;Jahr;1965;DINSG;Deutschland insgesamt;DG;Deutschland;FRUA01;Fruchtarten;FRUART053;Tabak;.;ha;FLC016;Anbaufläche
41241;Ernte-u.Betriebsbericht: Feldfrüchte und Grünland;JAHR;Jahr;1961;DINSG;Deutschland insgesamt;DG;Deutschland;FRUA01;Fruchtarten;FRUART0124;Triticale;.;ha;FLC016;Anbaufläche
41241;Ernte-u.Betriebsbericht: Feldfrüchte und Grünland;JAHR;Jahr;1990;DINSG;Deutschland insgesamt;DG;Deutschland;FRUA01;Fruchtarten;FRUART023;Alle anderen Hülsenfrüchte;59208;ha;FLC016;Anbaufläche
41241;Ernte-u.Betriebsbericht: Feldfrüchte und Grünland;JAHR;Jahr;1960;DINSG;Deutschland insgesamt;DG;Deutschland;FRUA01;Fruchtarten;FRUART01111;Winterweizen;1294520;ha;FLC016;Anbaufläche
41241;Ernte-u.Betriebsbericht: Feldfrüchte und Grünland;JAHR;Jahr;1991;DINSG;Deutschland insgesamt;DG;Deutschland;FRUA01;Fruchtarten;FRUART05112;Sommerraps, Winter- und Sommerrübsen;16606;ha;FLC016;Anbaufläche
41241;Ernte-u.Betriebsbericht: Feldfrüchte und Grünland;JAHR;Jahr;2005;DINSG;Deutschland insgesamt;DG;Deutschland;FRUA01;Fruchtarten;FRUART065;Raufutter;4628100;ha;FLC016;Anbaufläche
41241;Ernte-u.Betriebsbericht: Feldfrüchte und Grünland;JAHR;Jahr;1972;DINSG;Deutschland insgesamt;DG;Deutschland;FRUA01;Fruchtarten;FRUART031;Kartoffeln;503089;ha;FLC016;Anbaufläche
41241;Ernte-u.Betriebsbericht: Feldfrüchte und Grünland;JAHR;Jahr;1991;DINSG;Deutschland insgesamt;DG;Deutschland;FRUA01;Fruchtarten;FRUART031MUS;Mittelfrühe und späte Kartoffeln;317042;ha;FLC016;Anbaufläche
41241;Ernte-u.Betriebsbericht: Feldfrüchte und Grünland;JAHR;Jahr;1969;DINSG;Deutschland insgesamt;DG;Deutschland;FRUA01;Fruchtarten;FRUART063;Feldgras/Grasanbau auf dem Ackerland;254715;ha;FLC016;Anbaufläche
41241;Ernte-u.Betriebsbericht: Feldfrüchte und Grünland;JAHR;Jahr;2003;DINSG;Deutschland insgesamt;DG;Deutschland;FRUA01;Fruchtarten;FRUART05111;Winterraps;1218052;ha;FLC016;Anbaufläche
41241;Ernte-u.Betriebsbericht: Feldfrüchte und Grünland;JAHR;Jahr;1967;DINSG;Deutschland insgesamt;DG;Deutschland;FRUA01;Fruchtarten;FRUART01OKM;Getreide (ohne Körnermais und CCM);4930608;ha;FLC016;Anbaufläche
41241;Ernte-u.Betriebsbericht: Feldfrüchte und Grünland;JAHR;Jahr;1960;DINSG;Deutschland insgesamt;DG;Deutschland;FRUA01;Fruchtarten;FRUART031MUS;Mittelfrühe und späte Kartoffeln;977669;ha;FLC016;Anbaufläche
41241;Ernte-u.Betriebsbericht: Feldfrüchte und Grünland;JAHR;Jahr;1994;DINSG;Deutschland insgesamt;DG;Deutschland;FRUA01;Fruchtarten;FRUART033;Runkelrüben;25339;ha;FLC016;Anbaufläche
41241;Ernte-u.Betriebsbericht: Feldfrüchte und Grünland;JAHR;Jahr;1979;DINSG;Deutschland insgesamt;DG;Deutschland;FRUA01;Fruchtarten;FRUART054;Rüben und Gräser zur Samengewinnung;8411;ha;FLC016;Anbaufläche
41241;Ernte-u.Betriebsbericht: Feldfrüchte und Grünland;JAHR;Jahr;1962;DINSG;Deutschland insgesamt;DG;Deutschland;FRUA01;Fruchtarten;FRUART062;Luzerne;.;ha;FLC016;Anbaufläche
41241;Ernte-u.Betriebsbericht: Feldfrüchte und Grünland;JAHR;Jahr;1982;DINSG;Deutschland insgesamt;DG;Deutschland;FRUA01;Fruchtarten;FRUART0121;Gerste;2020940;ha;FLC016;Anbaufläche
41241;Ernte-u.Betriebsbericht: Feldfrüchte und Grünland;JAHR;Jahr;1974;DINSG;Deutschland insgesamt;DG;Deutschland;FRUA01;Fruchtarten;FRUART031MUS;Mittelfrühe und späte Kartoffeln;431156;ha;FLC016;Anbaufläche
41241;Ernte-u.Betriebsbericht: Feldfrüchte und Grünland;JAHR;Jahr;1959;DINSG;Deutschland insgesamt;DG;Deutschland;FRUA01;Fruchtarten;FRUART064;Silomais (einschl. Lieschkolbenschrot);37769;ha;FLC016;Anbaufläche
41241;Ernte-u.Betriebsbericht: Feldfrüchte und Grünland;JAHR;Jahr;1991;DINSG;Deutschland insgesamt;DG;Deutschland;FRUA01;Fruchtarten;FRUART042;Gartenbausämereien,Vermehrungsanbau v.Blumenzwieb.;2431;ha;FLC016;Anbaufläche
41241;Ernte-u.Betriebsbericht: Feldfrüchte und Grünland;JAHR;Jahr;1964;DINSG;Deutschland insgesamt;DG;Deutschland;FRUA01;Fruchtarten;FRUART012;Futter- und Industriegetreide;2332065;ha;FLC016;Anbaufläche
41241;Ernte-u.Betriebsbericht: Feldfrüchte und Grünland;JAHR;Jahr;1988;DINSG;Deutschland insgesamt;DG;Deutschland;FRUA01;Fruchtarten;FRUART061;Klee, Kleegras und Klee-Luzerne-Gemisch;173583;ha;FLC016;Anbaufläche
41241;Ernte-u.Betriebsbericht: Feldfrüchte und Grünland;JAHR;Jahr;1970;DINSG;Deutschland insgesamt;DG;Deutschland;FRUA01;Fruchtarten;FRUART01112;Sommerweizen;160261;ha;FLC016;Anbaufläche
41241;Ernte-u.Betriebsbericht: Feldfrüchte und Grünland;JAHR;Jahr;1959;DINSG;Deutschland insgesamt;DG;Deutschland;FRUA01;Fruchtarten;FRUART031MUS;Mittelfrühe und späte Kartoffeln;999944;ha;FLC016;Anbaufläche
41241;Ernte-u.Betriebsbericht: Feldfrüchte und Grünland;JAHR;Jahr;1959;DINSG;Deutschland insgesamt;DG;Deutschland;FRUA01;Fruchtarten;FRUART01212;Sommergerste;712352;ha;FLC016;Anbaufläche
41241;Ernte-u.Betriebsbericht: Feldfrüchte und Grünland;JAHR;Jahr;2009;DINSG;Deutschland insgesamt;DG;Deutschland;FRUA01;Fruchtarten;FRUART062;Luzerne;41300;ha;FLC016;Anbaufläche
41241;Ernte-u.Betriebsbericht: Feldfrüchte und Grünland;JAHR;Jahr;1964;DINSG;Deutschland insgesamt;DG;Deutschland;FRUA01;Fruchtarten;FRUART0123;Sommermenggetreide;412515;ha;FLC016;Anbaufläche
41241;Ernte-u.Betriebsbericht: Feldfrüchte und Grünland;JAHR;Jahr;2007;DINSG;Deutschland insgesamt;DG;Deutschland;FRUA01;Fruchtarten;FRUART01112;Sommerweizen;29730;ha;FLC016;Anbaufläche
41241;Ernte-u.Betriebsbericht: Feldfrüchte und Grünland;JAHR;Jahr;2000;DINSG;Deutschland insgesamt;DG;Deutschland;FRUA01;Fruchtarten;FRUART013CCM;Körnermais (einschl. CCM);360841;ha;FLC016;Anbaufläche
41241;Ernte-u.Betriebsbericht: Feldfrüchte und Grünland;JAHR;Jahr;1978;DINSG;Deutschland insgesamt;DG;Deutschland;FRUA01;Fruchtarten;FRUART031SPK;Speisekartoffeln;.;ha;FLC016;Anbaufläche
41241;Ernte-u.Betriebsbericht: Feldfrüchte und Grünland;JAHR;Jahr;1979;DINSG;Deutschland insgesamt;DG;Deutschland;FRUA01;Fruchtarten;FRUART067;Lupinen;.;ha;FLC016;Anbaufläche
41241;Ernte-u.Betriebsbericht: Feldfrüchte und Grünland;JAHR;Jahr;1987;DINSG;Deutschland insgesamt;DG;Deutschland;FRUA01;Fruchtarten;FRUART042;Gartenbausämereien,Vermehrungsanbau v.Blumenzwieb.;.;ha;FLC016;Anbaufläche
41241;Ernte-u.Betriebsbericht: Feldfrüchte und Grünland;JAHR;Jahr;1984;DINSG;Deutschland insgesamt;DG;Deutschland;FRUA01;Fruchtarten;FRUART051;Ölfrüchte;.;ha;FLC016;Anbaufläche
41241;Ernte-u.Betriebsbericht: Feldfrüchte und Grünland;JAHR;Jahr;2004;DINSG;Deutschland insgesamt;DG;Deutschland;FRUA01;Fruchtarten;FRUART011;Brotgetreide;3746180;ha;FLC016;Anbaufläche
41241;Ernte-u.Betriebsbericht: Feldfrüchte und Grünland;JAHR;Jahr;1968;DINSG;Deutschland insgesamt;DG;Deutschland;FRUA01;Fruchtarten;FRUART066;Alle anderen Futterpflanzen;23746;ha;FLC016;Anbaufläche
41241;Ernte-u.Betriebsbericht: Feldfrüchte und Grünland;JAHR;Jahr;1952;DINSG;Deutschland insgesamt;DG;Deutschland;FRUA01;Fruchtarten;FRUART041;Blumen u. Zierpflanzen einschl.Jungpfl.(o.Samenb.);.;ha;FLC016;Anbaufläche
41241;Ernte-u.Betriebsbericht: Feldfrüchte und Grünland;JAHR;Jahr;2004;DINSG;Deutschland insgesamt;DG;Deutschland;FRUA01;Fruchtarten;FRUART0123;Sommermenggetreide;24377;ha;FLC016;Anbaufläche
41241;Ernte-u.Betriebsbericht: Feldfrüchte und Grünland;JAHR;Jahr;1953;DINSG;Deutschland insgesamt;DG;Deutschland;FRUA01;Fruchtarten;FRUART01212;Sommergerste;615137;ha;FLC016;Anbaufläche
41241;Ernte-u.Betriebsbericht: Feldfrüchte und Grünland;JAHR;Jahr;1955;DINSG;Deutschland insgesamt;DG;Deutschland;FRUA01;Fruchtarten;FRUART067;Lupinen;.;ha;FLC016;Anbaufläche
41241;Ernte-u.Betriebsbericht: Feldfrüchte und Grünland;JAHR;Jahr;2008;DINSG;Deutschland insgesamt;DG;Deutschland;FRUA01;Fruchtarten;FRUART021;Futtererbsen;48000;ha;FLC016;Anbaufläche
41241;Ernte-u.Betriebsbericht: Feldfrüchte und Grünland;JAHR;Jahr;1956;DINSG;Deutschland insgesamt;DG;Deutschland;FRUA01;Fruchtarten;FRUART051;Ölfrüchte;.;ha;FLC016;Anbaufläche
41241;Ernte-u.Betriebsbericht: Feldfrüchte und Grünland;JAHR;Jahr;1976;DINSG;Deutschland insgesamt;DG;Deutschland;FRUA01;Fruchtarten;FRUART041;Blumen u. Zierpflanzen einschl.Jungpfl.(o.Samenb.);.;ha;FLC016;Anbaufläche
41241;Ernte-u.Betriebsbericht: Feldfrüchte und Grünland;JAHR;Jahr;2000;DINSG;Deutschland insgesamt;DG;Deutschland;FRUA01;Fruchtarten;FRUART014;Corn-Cob-Mix;88065;ha;FLC016;Anbaufläche
41241;Ernte-u.Betriebsbericht: Feldfrüchte und Grünland;JAHR;Jahr;1985;DINSG;Deutschland insgesamt;DG;Deutschland;FRUA01;Fruchtarten;FRUART01111W;Weichweizen;.;ha;FLC016;Anbaufläche
41241;Ernte-u.Betriebsbericht: Feldfrüchte und Grünland;JAHR;Jahr;2005;DINSG;Deutschland insgesamt;DG;Deutschland;FRUA01;Fruchtarten;FRUART01OKM;Getreide (ohne Körnermais und CCM);6395800;ha;FLC016;Anbaufläche
41241;Ernte-u.Betriebsbericht: Feldfrüchte und Grünland;JAHR;Jahr;1993;DINSG;Deutschland insgesamt;DG;Deutschland;FRUA01;Fruchtarten;FRUART031SPK;Speisekartoffeln;127829;ha;FLC016;Anbaufläche
41241;Ernte-u.Betriebsbericht: Feldfrüchte und Grünland;JAHR;Jahr;1953;DINSG;Deutschland insgesamt;DG;Deutschland;FRUA01;Fruchtarten;FRUART05111;Winterraps;15237;ha;FLC016;Anbaufläche
41241;Ernte-u.Betriebsbericht: Feldfrüchte und Grünland;JAHR;Jahr;1997;DINSG;Deutschland insgesamt;DG;Deutschland;FRUA01;Fruchtarten;FRUART05112;Sommerraps, Winter- und Sommerrübsen;55696;ha;FLC016;Anbaufläche
41241;Ernte-u.Betriebsbericht: Feldfrüchte und Grünland;JAHR;Jahr;2003;DINSG;Deutschland insgesamt;DG;Deutschland;FRUA01;Fruchtarten;FRUART01113;Hartweizen (Durum);7349;ha;FLC016;Anbaufläche
41241;Ernte-u.Betriebsbericht: Feldfrüchte und Grünland;JAHR;Jahr;2001;DINSG;Deutschland insgesamt;DG;Deutschland;FRUA01;Fruchtarten;FRUART055;Heil- und Gewürzpflanzen;5434;ha;FLC016;Anbaufläche
41241;Ernte-u.Betriebsbericht: Feldfrüchte und Grünland;JAHR;Jahr;1983;DINSG;Deutschland insgesamt;DG;Deutschland;FRUA01;Fruchtarten;FRUART032;Zuckerrüben;392955;ha;FLC016;Anbaufläche
41241;Ernte-u.Betriebsbericht: Feldfrüchte und Grünland;JAHR;Jahr;1967;DINSG;Deutschland insgesamt;DG;Deutschland;FRUA01;Fruchtarten;FRUART01212;Sommergerste;907244;ha;FLC016;Anbaufläche
41241;Ernte-u.Betriebsbericht: Feldfrüchte und Grünland;JAHR;Jahr;1979;DINSG;Deutschland insgesamt;DG;Deutschland;FRUA01;Fruchtarten;FRUART041;Blumen u. Zierpflanzen einschl.Jungpfl.(o.Samenb.);.;ha;FLC016;Anbaufläche
41241;Ernte-u.Betriebsbericht: Feldfrüchte und Grünland;JAHR;Jahr;1993;DINSG;Deutschland insgesamt;DG;Deutschland;FRUA01;Fruchtarten;FRUART054;Rüben und Gräser zur Samengewinnung;30168;ha;FLC016;Anbaufläche
41241;Ernte-u.Betriebsbericht: Feldfrüchte und Grünland;JAHR;Jahr;1976;DINSG;Deutschland insgesamt;DG;Deutschland;FRUA01;Fruchtarten;FRUART01211;Wintergerste;794549;ha;FLC016;Anbaufläche
41241;Ernte-u.Betriebsbericht: Feldfrüchte und Grünland;JAHR;Jahr;2005;DINSG;Deutschland insgesamt;DG;Deutschland;FRUA01;Fruchtarten;FRUART021;Futtererbsen;110300;ha;FLC016;Anbaufläche
41241;Ernte-u.Betriebsbericht: Feldfrüchte und Grünland;JAHR;Jahr;1988;DINSG;Deutschland insgesamt;DG;Deutschland;FRUA01;Fruchtarten;FRUART0123;Sommermenggetreide;71277;ha;FLC016;Anbaufläche
41241;Ernte-u.Betriebsbericht: Feldfrüchte und Grünland;JAHR;Jahr;1989;DINSG;Deutschland insgesamt;DG;Deutschland;FRUA01;Fruchtarten;FRUART067;Lupinen;.;ha;FLC016;Anbaufläche
41241;Ernte-u.Betriebsbericht: Feldfrüchte und Grünland;JAHR;Jahr;2009;DINSG;Deutschland insgesamt;DG;Deutschland;FRUA01;Fruchtarten;FRUART031;Kartoffeln;263700;ha;FLC016;Anbaufläche
41241;Ernte-u.Betriebsbericht: Feldfrüchte und Grünland;JAHR;Jahr;1972;DINSG;Deutschland insgesamt;DG;Deutschland;FRUA01;Fruchtarten;FRUART031FSK;Frühe Speisekartoffeln;35668;ha;FLC016;Anbaufläche
41241;Ernte-u.Betriebsbericht: Feldfrüchte und Grünland;JAHR;Jahr;1978;DINSG;Deutschland insgesamt;DG;Deutschland;FRUA01;Fruchtarten;FRUART022;Ackerbohnen;6568;ha;FLC016;Anbaufläche
41241;Ernte-u.Betriebsbericht: Feldfrüchte und Grünland;JAHR;Jahr;1967;DINSG;Deutschland insgesamt;DG;Deutschland;FRUA01;Fruchtarten;FRUART05112;Sommerraps, Winter- und Sommerrübsen;7735;ha;FLC016;Anbaufläche
41241;Ernte-u.Betriebsbericht: Feldfrüchte und Grünland;JAHR;Jahr;1975;DINSG;Deutschland insgesamt;DG;Deutschland;FRUA01;Fruchtarten;FRUART031;Kartoffeln;415395;ha;FLC016;Anbaufläche
41241;Ernte-u.Betriebsbericht: Feldfrüchte und Grünland;JAHR;Jahr;1997;DINSG;Deutschland insgesamt;DG;Deutschland;FRUA01;Fruchtarten;FRUART064;Silomais (einschl. Lieschkolbenschrot);1294484;ha;FLC016;Anbaufläche
41241;Ernte-u.Betriebsbericht: Feldfrüchte und Grünland;JAHR;Jahr;1979;DINSG;Deutschland insgesamt;DG;Deutschland;FRUA01;Fruchtarten;FRUART01113;Hartweizen (Durum);.;ha;FLC016;Anbaufläche
41241;Ernte-u.Betriebsbericht: Feldfrüchte und Grünland;JAHR;Jahr;1952;DINSG;Deutschland insgesamt;DG;Deutschland;FRUA01;Fruchtarten;FRUART054;Rüben und Gräser zur Samengewinnung;14800;ha;FLC016;Anbaufläche
41241;Ernte-u.Betriebsbericht: Feldfrüchte und Grünland;JAHR;Jahr;1964;DINSG;Deutschland insgesamt;DG;Deutschland;FRUA01;Fruchtarten;FRUART056;Alle anderen Handelsgewächse;7660;ha;FLC016;Anbaufläche
41241;Ernte-u.Betriebsbericht: Feldfrüchte und Grünland;JAHR;Jahr;1959;DINSG;Deutschland insgesamt;DG;Deutschland;FRUA01;Fruchtarten;FRUART0514;Andere Ölfrüchte;.;ha;FLC016;Anbaufläche
41241;Ernte-u.Betriebsbericht: Feldfrüchte und Grünland;JAHR;Jahr;1959;DINSG;Deutschland insgesamt;DG;Deutschland;FRUA01;Fruchtarten;FRUART04OS;Gemüse, Spargel, Erdbeeren (ohne Samenbau);.;ha;FLC016;Anbaufläche
41241;Ernte-u.Betriebsbericht: Feldfrüchte und Grünland;JAHR;Jahr;1982;DINSG;Deutschland insgesamt;DG;Deutschland;FRUA01;Fruchtarten;FRUART066;Alle anderen Futterpflanzen;5658;ha;FLC016;Anbaufläche
41241;Ernte-u.Betriebsbericht: Feldfrüchte und Grünland;JAHR;Jahr;1951;DINSG;Deutschland insgesamt;DG;Deutschland;FRUA01;Fruchtarten;FRUART031MUS;Mittelfrühe und späte Kartoffeln;1059918;ha;FLC016;Anbaufläche
41241;Ernte-u.Betriebsbericht: Feldfrüchte und Grünland;JAHR;Jahr;1991;DINSG;Deutschland insgesamt;DG;Deutschland;FRUA01;Fruchtarten;FRUART0111;Weizen;2453332;ha;FLC016;Anbaufläche
41241;Ernte-u.Betriebsbericht: Feldfrüchte und Grünland;JAHR;Jahr;1982;DINSG;Deutschland insgesamt;DG;Deutschland;FRUA01;Fruchtarten;FRUART022;Ackerbohnen;6042;ha;FLC016;Anbaufläche
41241;Ernte-u.Betriebsbericht: Feldfrüchte und Grünland;JAHR;Jahr;1956;DINSG;Deutschland insgesamt;DG;Deutschland;FRUA01;Fruchtarten;FRUART064;Silomais (einschl. Lieschkolbenschrot);50096;ha;FLC016;Anbaufläche
41241;Ernte-u.Betriebsbericht: Feldfrüchte und Grünland;JAHR;Jahr;2009;DINSG;Deutschland insgesamt;DG;Deutschland;FRUA01;Fruchtarten;FRUART01212;Sommergerste;426200;ha;FLC016;Anbaufläche
41241;Ernte-u.Betriebsbericht: Feldfrüchte und Grünland;JAHR;Jahr;2008;DINSG;Deutschland insgesamt;DG;Deutschland;FRUA01;Fruchtarten;FRUART034;Alle anderen Hackfrüchte;3200;ha;FLC016;Anbaufläche
41241;Ernte-u.Betriebsbericht: Feldfrüchte und Grünland;JAHR;Jahr;1997;DINSG;Deutschland insgesamt;DG;Deutschland;FRUA01;Fruchtarten;FRUART051;Ölfrüchte;1046339;ha;FLC016;Anbaufläche
41241;Ernte-u.Betriebsbericht: Feldfrüchte und Grünland;JAHR;Jahr;1951;DINSG;Deutschland insgesamt;DG;Deutschland;FRUA01;Fruchtarten;FRUART013;Körnermais;.;ha;FLC016;Anbaufläche
41241;Ernte-u.Betriebsbericht: Feldfrüchte und Grünland;JAHR;Jahr;1988;DINSG;Deutschland insgesamt;DG;Deutschland;FRUA01;Fruchtarten;FRUART013;Körnermais;.;ha;FLC016;Anbaufläche
41241;Ernte-u.Betriebsbericht: Feldfrüchte und Grünland;JAHR;Jahr;1967;DINSG;Deutschland insgesamt;DG;Deutschland;FRUA01;Fruchtarten;FRUART0113;Wintermenggetreide;44445;ha;FLC016;Anbaufläche
41241;Ernte-u.Betriebsbericht: Feldfrüchte und Grünland;JAHR;Jahr;1967;DINSG;Deutschland insgesamt;DG;Deutschland;FRUA01;Fruchtarten;FRUART034;Alle anderen Hackfrüchte;58918;ha;FLC016;Anbaufläche
41241;Ernte-u.Betriebsbericht: Feldfrüchte und Grünland;JAHR;Jahr;2001;DINSG;Deutschland insgesamt;DG;Deutschland;FRUA01;Fruchtarten;FRUART0511;Raps und Rübsen;1137962;ha;FLC016;Anbaufläche
41241;Ernte-u.Betriebsbericht: Feldfrüchte und Grünland;JAHR;Jahr;1991;DINSG;Deutschland insgesamt;DG;Deutschland;FRUA01;Fruchtarten;FRUART01212;Sommergerste;1016172;ha;FLC016;Anbaufläche
41241;Ernte-u.Betriebsbericht: Feldfrüchte und Grünland;JAHR;Jahr;1992;DINSG;Deutschland insgesamt;DG;Deutschland;FRUA01;Fruchtarten;FRUART01211;Wintergerste;1498866;ha;FLC016;Anbaufläche
41241;Ernte-u.Betriebsbericht: Feldfrüchte und Grünland;JAHR;Jahr;1958;DINSG;Deutschland insgesamt;DG;Deutschland;FRUA01;Fruchtarten;FRUART014;Corn-Cob-Mix;.;ha;FLC016;Anbaufläche
41241;Ernte-u.Betriebsbericht: Feldfrüchte und Grünland;JAHR;Jahr;1955;DINSG;Deutschland insgesamt;DG;Deutschland;FRUA01;Fruchtarten;FRUART023;Alle anderen Hülsenfrüchte;32840;ha;FLC016;Anbaufläche
41241;Ernte-u.Betriebsbericht: Feldfrüchte und Grünland;JAHR;Jahr;2006;DINSG;Deutschland insgesamt;DG;Deutschland;FRUA01;Fruchtarten;FRUART0122;Hafer;183700;ha;FLC016;Anbaufläche
41241;Ernte-u.Betriebsbericht: Feldfrüchte und Grünland;JAHR;Jahr;1988;DINSG;Deutschland insgesamt;DG;Deutschland;FRUA01;Fruchtarten;FRUART01112;Sommerweizen;64612;ha;FLC016;Anbaufläche
41241;Ernte-u.Betriebsbericht: Feldfrüchte und Grünland;JAHR;Jahr;1957;DINSG;Deutschland insgesamt;DG;Deutschland;FRUA01;Fruchtarten;FRUART013CCM;Körnermais (einschl. CCM);5650;ha;FLC016;Anbaufläche
41241;Ernte-u.Betriebsbericht: Feldfrüchte und Grünland;JAHR;Jahr;1971;DINSG;Deutschland insgesamt;DG;Deutschland;FRUA01;Fruchtarten;FRUART034;Alle anderen Hackfrüchte;33736;ha;FLC016;Anbaufläche
41241;Ernte-u.Betriebsbericht: Feldfrüchte und Grünland;JAHR;Jahr;1986;DINSG;Deutschland insgesamt;DG;Deutschland;FRUA01;Fruchtarten;FRUART063;Feldgras/Grasanbau auf dem Ackerland;116525;ha;FLC016;Anbaufläche
41241;Ernte-u.Betriebsbericht: Feldfrüchte und Grünland;JAHR;Jahr;1995;DINSG;Deutschland insgesamt;DG;Deutschland;FRUA01;Fruchtarten;FRUART01211;Wintergerste;1446606;ha;FLC016;Anbaufläche
41241;Ernte-u.Betriebsbericht: Feldfrüchte und Grünland;JAHR;Jahr;1989;DINSG;Deutschland insgesamt;DG;Deutschland;FRUA01;Fruchtarten;FRUART054;Rüben und Gräser zur Samengewinnung;11164;ha;FLC016;Anbaufläche
41241;Ernte-u.Betriebsbericht: Feldfrüchte und Grünland;JAHR;Jahr;2001;DINSG;Deutschland insgesamt;DG;Deutschland;FRUA01;Fruchtarten;FRUART011;Brotgetreide;3743428;ha;FLC016;Anbaufläche
41241;Ernte-u.Betriebsbericht: Feldfrüchte und Grünland;JAHR;Jahr;1968;DINSG;Deutschland insgesamt;DG;Deutschland;FRUA01;Fruchtarten;FRUART053;Tabak;.;ha;FLC016;Anbaufläche
41241;Ernte-u.Betriebsbericht: Feldfrüchte und Grünland;JAHR;Jahr;1951;DINSG;Deutschland insgesamt;DG;Deutschland;FRUA01;Fruchtarten;FRUART0112;Roggen;1303045;ha;FLC016;Anbaufläche
41241;Ernte-u.Betriebsbericht: Feldfrüchte und Grünland;JAHR;Jahr;1960;DINSG;Deutschland insgesamt;DG;Deutschland;FRUA01;Fruchtarten;FRUART033;Runkelrüben;446438;ha;FLC016;Anbaufläche
41241;Ernte-u.Betriebsbericht: Feldfrüchte und Grünland;JAHR;Jahr;2006;DINSG;Deutschland insgesamt;DG;Deutschland;FRUA01;Fruchtarten;FRUART053;Tabak;3300;ha;FLC016;Anbaufläche
41241;Ernte-u.Betriebsbericht: Feldfrüchte und Grünland;JAHR;Jahr;1959;DINSG;Deutschland insgesamt;DG;Deutschland;FRUA01;Fruchtarten;FRUART033;Runkelrüben;444003;ha;FLC016;Anbaufläche
41241;Ernte-u.Betriebsbericht: Feldfrüchte und Grünland;JAHR;Jahr;1955;DINSG;Deutschland insgesamt;DG;Deutschland;FRUA01;Fruchtarten;FRUART01111;Winterweizen;1028350;ha;FLC016;Anbaufläche
41241;Ernte-u.Betriebsbericht: Feldfrüchte und Grünland;JAHR;Jahr;1986;DINSG;Deutschland insgesamt;DG;Deutschland;FRUA01;Fruchtarten;FRUART05112;Sommerraps, Winter- und Sommerrübsen;10288;ha;FLC016;Anbaufläche
41241;Ernte-u.Betriebsbericht: Feldfrüchte und Grünland;JAHR;Jahr;1998;DINSG;Deutschland insgesamt;DG;Deutschland;FRUA01;Fruchtarten;FRUART061;Klee, Kleegras und Klee-Luzerne-Gemisch;217471;ha;FLC016;Anbaufläche
41241;Ernte-u.Betriebsbericht: Feldfrüchte und Grünland;JAHR;Jahr;1999;DINSG;Deutschland insgesamt;DG;Deutschland;FRUA01;Fruchtarten;FRUART0513;Körnersonnenblumen;33354;ha;FLC016;Anbaufläche
41241;Ernte-u.Betriebsbericht: Feldfrüchte und Grünland;JAHR;Jahr;1986;DINSG;Deutschland insgesamt;DG;Deutschland;FRUA01;Fruchtarten;FRUART032;Zuckerrüben;390482;ha;FLC016;Anbaufläche
41241;Ernte-u.Betriebsbericht: Feldfrüchte und Grünland;JAHR;Jahr;1952;DINSG;Deutschland insgesamt;DG;Deutschland;FRUA01;Fruchtarten;FRUART067;Lupinen;.;ha;FLC016;Anbaufläche
41241;Ernte-u.Betriebsbericht: Feldfrüchte und Grünland;JAHR;Jahr;1989;DINSG;Deutschland insgesamt;DG;Deutschland;FRUA01;Fruchtarten;FRUART023;Alle anderen Hülsenfrüchte;25242;ha;FLC016;Anbaufläche
41241;Ernte-u.Betriebsbericht: Feldfrüchte und Grünland;JAHR;Jahr;1991;DINSG;Deutschland insgesamt;DG;Deutschland;FRUA01;Fruchtarten;FRUART0124;Triticale;130159;ha;FLC016;Anbaufläche
41241;Ernte-u.Betriebsbericht: Feldfrüchte und Grünland;JAHR;Jahr;1972;DINSG;Deutschland insgesamt;DG;Deutschland;FRUA01;Fruchtarten;FRUART031INK;Industriekartoffeln;.;ha;FLC016;Anbaufläche
41241;Ernte-u.Betriebsbericht: Feldfrüchte und Grünland;JAHR;Jahr;1963;DINSG;Deutschland insgesamt;DG;Deutschland;FRUA01;Fruchtarten;FRUART01111;Winterweizen;1179138;ha;FLC016;Anbaufläche
41241;Ernte-u.Betriebsbericht: Feldfrüchte und Grünland;JAHR;Jahr;1979;DINSG;Deutschland insgesamt;DG;Deutschland;FRUA01;Fruchtarten;FRUART0124;Triticale;.;ha;FLC016;Anbaufläche
41241;Ernte-u.Betriebsbericht: Feldfrüchte und Grünland;JAHR;Jahr;1978;DINSG;Deutschland insgesamt;DG;Deutschland;FRUA01;Fruchtarten;FRUART01OKM;Getreide (ohne Körnermais und CCM);5216615;ha;FLC016;Anbaufläche
41241;Ernte-u.Betriebsbericht: Feldfrüchte und Grünland;JAHR;Jahr;1978;DINSG;Deutschland insgesamt;DG;Deutschland;FRUA01;Fruchtarten;FRUART066;Alle anderen Futterpflanzen;5328;ha;FLC016;Anbaufläche
41241;Ernte-u.Betriebsbericht: Feldfrüchte und Grünland;JAHR;Jahr;2000;DINSG;Deutschland insgesamt;DG;Deutschland;FRUA01;Fruchtarten;FRUART01211;Wintergerste;1446440;ha;FLC016;Anbaufläche
41241;Ernte-u.Betriebsbericht: Feldfrüchte und Grünland;JAHR;Jahr;1978;DINSG;Deutschland insgesamt;DG;Deutschland;FRUA01;Fruchtarten;FRUART05112;Sommerraps, Winter- und Sommerrübsen;7824;ha;FLC016;Anbaufläche
41241;Ernte-u.Betriebsbericht: Feldfrüchte und Grünland;JAHR;Jahr;1990;DINSG;Deutschland insgesamt;DG;Deutschland;FRUA01;Fruchtarten;FRUART054;Rüben und Gräser zur Samengewinnung;112711;ha;FLC016;Anbaufläche
41241;Ernte-u.Betriebsbericht: Feldfrüchte und Grünland;JAHR;Jahr;1985;DINSG;Deutschland insgesamt;DG;Deutschland;FRUA01;Fruchtarten;FRUART013;Körnermais;.;ha;FLC016;Anbaufläche
41241;Ernte-u.Betriebsbericht: Feldfrüchte und Grünland;JAHR;Jahr;1957;DINSG;Deutschland insgesamt;DG;Deutschland;FRUA01;Fruchtarten;FRUART0123;Sommermenggetreide;341034;ha;FLC016;Anbaufläche
41241;Ernte-u.Betriebsbericht: Feldfrüchte und Grünland;JAHR;Jahr;1972;DINSG;Deutschland insgesamt;DG;Deutschland;FRUA01;Fruchtarten;FRUART01212;Sommergerste;981676;ha;FLC016;Anbaufläche
41241;Ernte-u.Betriebsbericht: Feldfrüchte und Grünland;JAHR;Jahr;1971;DINSG;Deutschland insgesamt;DG;Deutschland;FRUA01;Fruchtarten;FRUART0514;Andere Ölfrüchte;.;ha;FLC016;Anbaufläche
41241;Ernte-u.Betriebsbericht: Feldfrüchte und Grünland;JAHR;Jahr;1971;DINSG;Deutschland insgesamt;DG;Deutschland;FRUA01;Fruchtarten;FRUART04OS;Gemüse, Spargel, Erdbeeren (ohne Samenbau);.;ha;FLC016;Anbaufläche
41241;Ernte-u.Betriebsbericht: Feldfrüchte und Grünland;JAHR;Jahr;1999;DINSG;Deutschland insgesamt;DG;Deutschland;FRUA01;Fruchtarten;FRUART014;Corn-Cob-Mix;96741;ha;FLC016;Anbaufläche
41241;Ernte-u.Betriebsbericht: Feldfrüchte und Grünland;JAHR;Jahr;1997;DINSG;Deutschland insgesamt;DG;Deutschland;FRUA01;Fruchtarten;FRUART0122;Hafer;312388;ha;FLC016;Anbaufläche
41241;Ernte-u.Betriebsbericht: Feldfrüchte und Grünland;JAHR;Jahr;1960;DINSG;Deutschland insgesamt;DG;Deutschland;FRUA01;Fruchtarten;FRUART0124;Triticale;.;ha;FLC016;Anbaufläche
41241;Ernte-u.Betriebsbericht: Feldfrüchte und Grünland;JAHR;Jahr;1961;DINSG;Deutschland insgesamt;DG;Deutschland;FRUA01;Fruchtarten;FRUART0511;Raps und Rübsen;36168;ha;FLC016;Anbaufläche
41241;Ernte-u.Betriebsbericht: Feldfrüchte und Grünland;JAHR;Jahr;1979;DINSG;Deutschland insgesamt;DG;Deutschland;FRUA01;Fruchtarten;FRUART0111;Weizen;1627488;ha;FLC016;Anbaufläche
41241;Ernte-u.Betriebsbericht: Feldfrüchte und Grünland;JAHR;Jahr;1974;DINSG;Deutschland insgesamt;DG;Deutschland;FRUA01;Fruchtarten;FRUART012;Futter- und Industriegetreide;2824732;ha;FLC016;Anbaufläche
41241;Ernte-u.Betriebsbericht: Feldfrüchte und Grünland;JAHR;Jahr;1968;DINSG;Deutschland insgesamt;DG;Deutschland;FRUA01;Fruchtarten;FRUART01113;Hartweizen (Durum);.;ha;FLC016;Anbaufläche
41241;Ernte-u.Betriebsbericht: Feldfrüchte und Grünland;JAHR;Jahr;1950;DINSG;Deutschland insgesamt;DG;Deutschland;FRUA01;Fruchtarten;FRUART0121;Gerste;616550;ha;FLC016;Anbaufläche
41241;Ernte-u.Betriebsbericht: Feldfrüchte und Grünland;JAHR;Jahr;1983;DINSG;Deutschland insgesamt;DG;Deutschland;FRUA01;Fruchtarten;FRUART063;Feldgras/Grasanbau auf dem Ackerland;101816;ha;FLC016;Anbaufläche
41241;Ernte-u.Betriebsbericht: Feldfrüchte und Grünland;JAHR;Jahr;1971;DINSG;Deutschland insgesamt;DG;Deutschland;FRUA01;Fruchtarten;FRUART021;Futtererbsen;.;ha;FLC016;Anbaufläche
41241;Ernte-u.Betriebsbericht: Feldfrüchte und Grünland;JAHR;Jahr;2007;DINSG;Deutschland insgesamt;DG;Deutschland;FRUA01;Fruchtarten;FRUART0113;Wintermenggetreide;9753;ha;FLC016;Anbaufläche
41241;Ernte-u.Betriebsbericht: Feldfrüchte und Grünland;JAHR;Jahr;1990;DINSG;Deutschland insgesamt;DG;Deutschland;FRUA01;Fruchtarten;FRUART041;Blumen u. Zierpflanzen einschl.Jungpfl.(o.Samenb.);9843;ha;FLC016;Anbaufläche
41241;Ernte-u.Betriebsbericht: Feldfrüchte und Grünland;JAHR;Jahr;2002;DINSG;Deutschland insgesamt;DG;Deutschland;FRUA01;Fruchtarten;FRUART01OKM;Getreide (ohne Körnermais und CCM);6542238;ha;FLC016;Anbaufläche
41241;Ernte-u.Betriebsbericht: Feldfrüchte und Grünland;JAHR;Jahr;1964;DINSG;Deutschland insgesamt;DG;Deutschland;FRUA01;Fruchtarten;FRUART01212;Sommergerste;833312;ha;FLC016;Anbaufläche
41241;Ernte-u.Betriebsbericht: Feldfrüchte und Grünland;JAHR;Jahr;2000;DINSG;Deutschland insgesamt;DG;Deutschland;FRUA01;Fruchtarten;FRUART0124;Triticale;499475;ha;FLC016;Anbaufläche
41241;Ernte-u.Betriebsbericht: Feldfrüchte und Grünland;JAHR;Jahr;1950;DINSG;Deutschland insgesamt;DG;Deutschland;FRUA01;Fruchtarten;FRUART031SPK;Speisekartoffeln;.;ha;FLC016;Anbaufläche
41241;Ernte-u.Betriebsbericht: Feldfrüchte und Grünland;JAHR;Jahr;1972;DINSG;Deutschland insgesamt;DG;Deutschland;FRUA01;Fruchtarten;FRUART0122;Hafer;807563;ha;FLC016;Anbaufläche
41241;Ernte-u.Betriebsbericht: Feldfrüchte und Grünland;JAHR;Jahr;1994;DINSG;Deutschland insgesamt;DG;Deutschland;FRUA01;Fruchtarten;FRUART051;Ölfrüchte;1288494;ha;FLC016;Anbaufläche
41241;Ernte-u.Betriebsbericht: Feldfrüchte und Grünland;JAHR;Jahr;1972;DINSG;Deutschland insgesamt;DG;Deutschland;FRUA01;Fruchtarten;FRUART062;Luzerne;.;ha;FLC016;Anbaufläche
41241;Ernte-u.Betriebsbericht: Feldfrüchte und Grünland;JAHR;Jahr;1963;DINSG;Deutschland insgesamt;DG;Deutschland;FRUA01;Fruchtarten;FRUART011;Brotgetreide;2580226;ha;FLC016;Anbaufläche
41241;Ernte-u.Betriebsbericht: Feldfrüchte und Grünland;JAHR;Jahr;1992;DINSG;Deutschland insgesamt;DG;Deutschland;FRUA01;Fruchtarten;FRUART0511;Raps und Rübsen;1001369;ha;FLC016;Anbaufläche
41241;Ernte-u.Betriebsbericht: Feldfrüchte und Grünland;JAHR;Jahr;1993;DINSG;Deutschland insgesamt;DG;Deutschland;FRUA01;Fruchtarten;FRUART067;Lupinen;.;ha;FLC016;Anbaufläche
41241;Ernte-u.Betriebsbericht: Feldfrüchte und Grünland;JAHR;Jahr;2005;DINSG;Deutschland insgesamt;DG;Deutschland;FRUA01;Fruchtarten;FRUART034;Alle anderen Hackfrüchte;3700;ha;FLC016;Anbaufläche
41241;Ernte-u.Betriebsbericht: Feldfrüchte und Grünland;JAHR;Jahr;1967;DINSG;Deutschland insgesamt;DG;Deutschland;FRUA01;Fruchtarten;FRUART021;Futtererbsen;.;ha;FLC016;Anbaufläche
41241;Ernte-u.Betriebsbericht: Feldfrüchte und Grünland;JAHR;Jahr;1981;DINSG;Deutschland insgesamt;DG;Deutschland;FRUA01;Fruchtarten;FRUART0121;Gerste;2044027;ha;FLC016;Anbaufläche
41241;Ernte-u.Betriebsbericht: Feldfrüchte und Grünland;JAHR;Jahr;1983;DINSG;Deutschland insgesamt;DG;Deutschland;FRUA01;Fruchtarten;FRUART0512;Flachs (Lein);.;ha;FLC016;Anbaufläche
41241;Ernte-u.Betriebsbericht: Feldfrüchte und Grünland;JAHR;Jahr;1960;DINSG;Deutschland insgesamt;DG;Deutschland;FRUA01;Fruchtarten;FRUART054;Rüben und Gräser zur Samengewinnung;18727;ha;FLC016;Anbaufläche
41241;Ernte-u.Betriebsbericht: Feldfrüchte und Grünland;JAHR;Jahr;1968;DINSG;Deutschland insgesamt;DG;Deutschland;FRUA01;Fruchtarten;FRUART061;Klee, Kleegras und Klee-Luzerne-Gemisch;438589;ha;FLC016;Anbaufläche
41241;Ernte-u.Betriebsbericht: Feldfrüchte und Grünland;JAHR;Jahr;1965;DINSG;Deutschland insgesamt;DG;Deutschland;FRUA01;Fruchtarten;FRUART0511;Raps und Rübsen;53325;ha;FLC016;Anbaufläche
41241;Ernte-u.Betriebsbericht: Feldfrüchte und Grünland;JAHR;Jahr;1995;DINSG;Deutschland insgesamt;DG;Deutschland;FRUA01;Fruchtarten;FRUART034;Alle anderen Hackfrüchte;5873;ha;FLC016;Anbaufläche
41241;Ernte-u.Betriebsbericht: Feldfrüchte und Grünland;JAHR;Jahr;1972;DINSG;Deutschland insgesamt;DG;Deutschland;FRUA01;Fruchtarten;FRUART01113;Hartweizen (Durum);.;ha;FLC016;Anbaufläche
41241;Ernte-u.Betriebsbericht: Feldfrüchte und Grünland;JAHR;Jahr;1982;DINSG;Deutschland insgesamt;DG;Deutschland;FRUA01;Fruchtarten;FRUART031INK;Industriekartoffeln;.;ha;FLC016;Anbaufläche
41241;Ernte-u.Betriebsbericht: Feldfrüchte und Grünland;JAHR;Jahr;1967;DINSG;Deutschland insgesamt;DG;Deutschland;FRUA01;Fruchtarten;FRUART031;Kartoffeln;706909;ha;FLC016;Anbaufläche
41241;Ernte-u.Betriebsbericht: Feldfrüchte und Grünland;JAHR;Jahr;2002;DINSG;Deutschland insgesamt;DG;Deutschland;FRUA01;Fruchtarten;FRUART011;Brotgetreide;3752490;ha;FLC016;Anbaufläche
41241;Ernte-u.Betriebsbericht: Feldfrüchte und Grünland;JAHR;Jahr;2004;DINSG;Deutschland insgesamt;DG;Deutschland;FRUA01;Fruchtarten;FRUART031FSK;Frühe Speisekartoffeln;15958;ha;FLC016;Anbaufläche
41241;Ernte-u.Betriebsbericht: Feldfrüchte und Grünland;JAHR;Jahr;2006;DINSG;Deutschland insgesamt;DG;Deutschland;FRUA01;Fruchtarten;FRUART0514;Andere Ölfrüchte;8500;ha;FLC016;Anbaufläche
41241;Ernte-u.Betriebsbericht: Feldfrüchte und Grünland;JAHR;Jahr;2006;DINSG;Deutschland insgesamt;DG;Deutschland;FRUA01;Fruchtarten;FRUART04OS;Gemüse, Spargel, Erdbeeren (ohne Samenbau);121800;ha;FLC016;Anbaufläche
41241;Ernte-u.Betriebsbericht: Feldfrüchte und Grünland;JAHR;Jahr;1988;DINSG;Deutschland insgesamt;DG;Deutschland;FRUA01;Fruchtarten;FRUART056;Alle anderen Handelsgewächse;23023;ha;FLC016;Anbaufläche
41241;Ernte-u.Betriebsbericht: Feldfrüchte und Grünland;JAHR;Jahr;1956;DINSG;Deutschland insgesamt;DG;Deutschland;FRUA01;Fruchtarten;FRUART056;Alle anderen Handelsgewächse;18699;ha;FLC016;Anbaufläche
41241;Ernte-u.Betriebsbericht: Feldfrüchte und Grünland;JAHR;Jahr;1977;DINSG;Deutschland insgesamt;DG;Deutschland;FRUA01;Fruchtarten;FRUART011;Brotgetreide;2323666;ha;FLC016;Anbaufläche
41241;Ernte-u.Betriebsbericht: Feldfrüchte und Grünland;JAHR;Jahr;2008;DINSG;Deutschland insgesamt;DG;Deutschland;FRUA01;Fruchtarten;FRUART0113;Wintermenggetreide;9700;ha;FLC016;Anbaufläche
41241;Ernte-u.Betriebsbericht: Feldfrüchte und Grünland;JAHR;Jahr;1993;DINSG;Deutschland insgesamt;DG;Deutschland;FRUA01;Fruchtarten;FRUART062;Luzerne;67481;ha;FLC016;Anbaufläche
41241;Ernte-u.Betriebsbericht: Feldfrüchte und Grünland;JAHR;Jahr;1974;DINSG;Deutschland insgesamt;DG;Deutschland;FRUA01;Fruchtarten;FRUART066;Alle anderen Futterpflanzen;8172;ha;FLC016;Anbaufläche
41241;Ernte-u.Betriebsbericht: Feldfrüchte und Grünland;JAHR;Jahr;1951;DINSG;Deutschland insgesamt;DG;Deutschland;FRUA01;Fruchtarten;FRUART01113;Hartweizen (Durum);.;ha;FLC016;Anbaufläche
41241;Ernte-u.Betriebsbericht: Feldfrüchte und Grünland;JAHR;Jahr;1992;DINSG;Deutschland insgesamt;DG;Deutschland;FRUA01;Fruchtarten;FRUART0121;Gerste;2407963;ha;FLC016;Anbaufläche
41241;Ernte-u.Betriebsbericht: Feldfrüchte und Grünland;JAHR;Jahr;1989;DINSG;Deutschland insgesamt;DG;Deutschland;FRUA01;Fruchtarten;FRUART0122;Hafer;418656;ha;FLC016;Anbaufläche
41241;Ernte-u.Betriebsbericht: Feldfrüchte und Grünland;JAHR;Jahr;1998;DINSG;Deutschland insgesamt;DG;Deutschland;FRUA01;Fruchtarten;FRUART014;Corn-Cob-Mix;89923;ha;FLC016;Anbaufläche
41241;Ernte-u.Betriebsbericht: Feldfrüchte und Grünland;JAHR;Jahr;1992;DINSG;Deutschland insgesamt;DG;Deutschland;FRUA01;Fruchtarten;FRUART032;Zuckerrüben;533648;ha;FLC016;Anbaufläche
41241;Ernte-u.Betriebsbericht: Feldfrüchte und Grünland;JAHR;Jahr;1963;DINSG;Deutschland insgesamt;DG;Deutschland;FRUA01;Fruchtarten;FRUART0124;Triticale;.;ha;FLC016;Anbaufläche
41241;Ernte-u.Betriebsbericht: Feldfrüchte und Grünland;JAHR;Jahr;2006;DINSG;Deutschland insgesamt;DG;Deutschland;FRUA01;Fruchtarten;FRUART021;Futtererbsen;92100;ha;FLC016;Anbaufläche
41241;Ernte-u.Betriebsbericht: Feldfrüchte und Grünland;JAHR;Jahr;1989;DINSG;Deutschland insgesamt;DG;Deutschland;FRUA01;Fruchtarten;FRUART051;Ölfrüchte;.;ha;FLC016;Anbaufläche
41241;Ernte-u.Betriebsbericht: Feldfrüchte und Grünland;JAHR;Jahr;1978;DINSG;Deutschland insgesamt;DG;Deutschland;FRUA01;Fruchtarten;FRUART01111;Winterweizen;1440488;ha;FLC016;Anbaufläche
41241;Ernte-u.Betriebsbericht: Feldfrüchte und Grünland;JAHR;Jahr;1963;DINSG;Deutschland insgesamt;DG;Deutschland;FRUA01;Fruchtarten;FRUART021;Futtererbsen;.;ha;FLC016;Anbaufläche
41241;Ernte-u.Betriebsbericht: Feldfrüchte und Grünland;JAHR;Jahr;1999;DINSG;Deutschland insgesamt;DG;Deutschland;FRUA01;Fruchtarten;FRUART031;Kartoffeln;308501;ha;FLC016;Anbaufläche
41241;Ernte-u.Betriebsbericht: Feldfrüchte und Grünland;JAHR;Jahr;1979;DINSG;Deutschland insgesamt;DG;Deutschland;FRUA01;Fruchtarten;FRUART0514;Andere Ölfrüchte;.;ha;FLC016;Anbaufläche
41241;Ernte-u.Betriebsbericht: Feldfrüchte und Grünland;JAHR;Jahr;1979;DINSG;Deutschland insgesamt;DG;Deutschland;FRUA01;Fruchtarten;FRUART04OS;Gemüse, Spargel, Erdbeeren (ohne Samenbau);.;ha;FLC016;Anbaufläche
41241;Ernte-u.Betriebsbericht: Feldfrüchte und Grünland;JAHR;Jahr;2003;DINSG;Deutschland insgesamt;DG;Deutschland;FRUA01;Fruchtarten;FRUART0112;Roggen;531231;ha;FLC016;Anbaufläche
41241;Ernte-u.Betriebsbericht: Feldfrüchte und Grünland;JAHR;Jahr;1975;DINSG;Deutschland insgesamt;DG;Deutschland;FRUA01;Fruchtarten;FRUART031INK;Industriekartoffeln;.;ha;FLC016;Anbaufläche
41241;Ernte-u.Betriebsbericht: Feldfrüchte und Grünland;JAHR;Jahr;1985;DINSG;Deutschland insgesamt;DG;Deutschland;FRUA01;Fruchtarten;FRUART041;Blumen u. Zierpflanzen einschl.Jungpfl.(o.Samenb.);.;ha;FLC016;Anbaufläche
41241;Ernte-u.Betriebsbericht: Feldfrüchte und Grünland;JAHR;Jahr;1991;DINSG;Deutschland insgesamt;DG;Deutschland;FRUA01;Fruchtarten;FRUART01OKM;Getreide (ohne Körnermais und CCM);6276780;ha;FLC016;Anbaufläche
41241;Ernte-u.Betriebsbericht: Feldfrüchte und Grünland;JAHR;Jahr;1966;DINSG;Deutschland insgesamt;DG;Deutschland;FRUA01;Fruchtarten;FRUART023;Alle anderen Hülsenfrüchte;17193;ha;FLC016;Anbaufläche
41241;Ernte-u.Betriebsbericht: Feldfrüchte und Grünland;JAHR;Jahr;1971;DINSG;Deutschland insgesamt;DG;Deutschland;FRUA01;Fruchtarten;FRUART042;Gartenbausämereien,Vermehrungsanbau v.Blumenzwieb.;.;ha;FLC016;Anbaufläche
41241;Ernte-u.Betriebsbericht: Feldfrüchte und Grünland;JAHR;Jahr;2007;DINSG;Deutschland insgesamt;DG;Deutschland;FRUA01;Fruchtarten;FRUART0111;Weizen;2992075;ha;FLC016;Anbaufläche
41241;Ernte-u.Betriebsbericht: Feldfrüchte und Grünland;JAHR;Jahr;2003;DINSG;Deutschland insgesamt;DG;Deutschland;FRUA01;Fruchtarten;FRUART063;Feldgras/Grasanbau auf dem Ackerland;188226;ha;FLC016;Anbaufläche
41241;Ernte-u.Betriebsbericht: Feldfrüchte und Grünland;JAHR;Jahr;1970;DINSG;Deutschland insgesamt;DG;Deutschland;FRUA01;Fruchtarten;FRUART012;Futter- und Industriegetreide;2688739;ha;FLC016;Anbaufläche
41241;Ernte-u.Betriebsbericht: Feldfrüchte und Grünland;JAHR;Jahr;1993;DINSG;Deutschland insgesamt;DG;Deutschland;FRUA01;Fruchtarten;FRUART01211;Wintergerste;1463235;ha;FLC016;Anbaufläche
41241;Ernte-u.Betriebsbericht: Feldfrüchte und Grünland;JAHR;Jahr;1960;DINSG;Deutschland insgesamt;DG;Deutschland;FRUA01;Fruchtarten;FRUART041;Blumen u. Zierpflanzen einschl.Jungpfl.(o.Samenb.);.;ha;FLC016;Anbaufläche
41241;Ernte-u.Betriebsbericht: Feldfrüchte und Grünland;JAHR;Jahr;2000;DINSG;Deutschland insgesamt;DG;Deutschland;FRUA01;Fruchtarten;FRUART0511;Raps und Rübsen;1078010;ha;FLC016;Anbaufläche
41241;Ernte-u.Betriebsbericht: Feldfrüchte und Grünland;JAHR;Jahr;1975;DINSG;Deutschland insgesamt;DG;Deutschland;FRUA01;Fruchtarten;FRUART01112;Sommerweizen;332125;ha;FLC016;Anbaufläche
41241;Ernte-u.Betriebsbericht: Feldfrüchte und Grünland;JAHR;Jahr;1982;DINSG;Deutschland insgesamt;DG;Deutschland;FRUA01;Fruchtarten;FRUART0513;Körnersonnenblumen;.;ha;FLC016;Anbaufläche
41241;Ernte-u.Betriebsbericht: Feldfrüchte und Grünland;JAHR;Jahr;1990;DINSG;Deutschland insgesamt;DG;Deutschland;FRUA01;Fruchtarten;FRUART01212;Sommergerste;913434;ha;FLC016;Anbaufläche
41241;Ernte-u.Betriebsbericht: Feldfrüchte und Grünland;JAHR;Jahr;1964;DINSG;Deutschland insgesamt;DG;Deutschland;FRUA01;Fruchtarten;FRUART051;Ölfrüchte;.;ha;FLC016;Anbaufläche
41241;Ernte-u.Betriebsbericht: Feldfrüchte und Grünland;JAHR;Jahr;1973;DINSG;Deutschland insgesamt;DG;Deutschland;FRUA01;Fruchtarten;FRUART014;Corn-Cob-Mix;.;ha;FLC016;Anbaufläche
41241;Ernte-u.Betriebsbericht: Feldfrüchte und Grünland;JAHR;Jahr;1959;DINSG;Deutschland insgesamt;DG;Deutschland;FRUA01;Fruchtarten;FRUART031FSK;Frühe Speisekartoffeln;54181;ha;FLC016;Anbaufläche
41241;Ernte-u.Betriebsbericht: Feldfrüchte und Grünland;JAHR;Jahr;1982;DINSG;Deutschland insgesamt;DG;Deutschland;FRUA01;Fruchtarten;FRUART061;Klee, Kleegras und Klee-Luzerne-Gemisch;194834;ha;FLC016;Anbaufläche
41241;Ernte-u.Betriebsbericht: Feldfrüchte und Grünland;JAHR;Jahr;1987;DINSG;Deutschland insgesamt;DG;Deutschland;FRUA01;Fruchtarten;FRUART013;Körnermais;.;ha;FLC016;Anbaufläche
41241;Ernte-u.Betriebsbericht: Feldfrüchte und Grünland;JAHR;Jahr;2002;DINSG;Deutschland insgesamt;DG;Deutschland;FRUA01;Fruchtarten;FRUART0123;Sommermenggetreide;25799;ha;FLC016;Anbaufläche
41241;Ernte-u.Betriebsbericht: Feldfrüchte und Grünland;JAHR;Jahr;1974;DINSG;Deutschland insgesamt;DG;Deutschland;FRUA01;Fruchtarten;FRUART053;Tabak;.;ha;FLC016;Anbaufläche
41241;Ernte-u.Betriebsbericht: Feldfrüchte und Grünland;JAHR;Jahr;1962;DINSG;Deutschland insgesamt;DG;Deutschland;FRUA01;Fruchtarten;FRUART013;Körnermais;.;ha;FLC016;Anbaufläche
41241;Ernte-u.Betriebsbericht: Feldfrüchte und Grünland;JAHR;Jahr;1981;DINSG;Deutschland insgesamt;DG;Deutschland;FRUA01;Fruchtarten;FRUART031;Kartoffeln;245553;ha;FLC016;Anbaufläche
41241;Ernte-u.Betriebsbericht: Feldfrüchte und Grünland;JAHR;Jahr;1952;DINSG;Deutschland insgesamt;DG;Deutschland;FRUA01;Fruchtarten;FRUART0514;Andere Ölfrüchte;.;ha;FLC016;Anbaufläche
41241;Ernte-u.Betriebsbericht: Feldfrüchte und Grünland;JAHR;Jahr;1952;DINSG;Deutschland insgesamt;DG;Deutschland;FRUA01;Fruchtarten;FRUART04OS;Gemüse, Spargel, Erdbeeren (ohne Samenbau);.;ha;FLC016;Anbaufläche
41241;Ernte-u.Betriebsbericht: Feldfrüchte und Grünland;JAHR;Jahr;2006;DINSG;Deutschland insgesamt;DG;Deutschland;FRUA01;Fruchtarten;FRUART034;Alle anderen Hackfrüchte;4100;ha;FLC016;Anbaufläche
41241;Ernte-u.Betriebsbericht: Feldfrüchte und Grünland;JAHR;Jahr;1959;DINSG;Deutschland insgesamt;DG;Deutschland;FRUA01;Fruchtarten;FRUART014;Corn-Cob-Mix;.;ha;FLC016;Anbaufläche
41241;Ernte-u.Betriebsbericht: Feldfrüchte und Grünland;JAHR;Jahr;1988;DINSG;Deutschland insgesamt;DG;Deutschland;FRUA01;Fruchtarten;FRUART012;Futter- und Industriegetreide;2401445;ha;FLC016;Anbaufläche
41241;Ernte-u.Betriebsbericht: Feldfrüchte und Grünland;JAHR;Jahr;1965;DINSG;Deutschland insgesamt;DG;Deutschland;FRUA01;Fruchtarten;FRUART05111;Winterraps;46366;ha;FLC016;Anbaufläche
41241;Ernte-u.Betriebsbericht: Feldfrüchte und Grünland;JAHR;Jahr;1953;DINSG;Deutschland insgesamt;DG;Deutschland;FRUA01;Fruchtarten;FRUART032;Zuckerrüben;223803;ha;FLC016;Anbaufläche
41241;Ernte-u.Betriebsbericht: Feldfrüchte und Grünland;JAHR;Jahr;2000;DINSG;Deutschland insgesamt;DG;Deutschland;FRUA01;Fruchtarten;FRUART052;Hopfen;18697;ha;FLC016;Anbaufläche
41241;Ernte-u.Betriebsbericht: Feldfrüchte und Grünland;JAHR;Jahr;1972;DINSG;Deutschland insgesamt;DG;Deutschland;FRUA01;Fruchtarten;FRUART0113;Wintermenggetreide;35645;ha;FLC016;Anbaufläche
41241;Ernte-u.Betriebsbericht: Feldfrüchte und Grünland;JAHR;Jahr;1985;DINSG;Deutschland insgesamt;DG;Deutschland;FRUA01;Fruchtarten;FRUART067;Lupinen;.;ha;FLC016;Anbaufläche
41241;Ernte-u.Betriebsbericht: Feldfrüchte und Grünland;JAHR;Jahr;1977;DINSG;Deutschland insgesamt;DG;Deutschland;FRUA01;Fruchtarten;FRUART055;Heil- und Gewürzpflanzen;.;ha;FLC016;Anbaufläche
41241;Ernte-u.Betriebsbericht: Feldfrüchte und Grünland;JAHR;Jahr;1989;DINSG;Deutschland insgesamt;DG;Deutschland;FRUA01;Fruchtarten;FRUART01113;Hartweizen (Durum);12884;ha;FLC016;Anbaufläche
41241;Ernte-u.Betriebsbericht: Feldfrüchte und Grünland;JAHR;Jahr;1956;DINSG;Deutschland insgesamt;DG;Deutschland;FRUA01;Fruchtarten;FRUART012;Futter- und Industriegetreide;2189917;ha;FLC016;Anbaufläche
41241;Ernte-u.Betriebsbericht: Feldfrüchte und Grünland;JAHR;Jahr;1957;DINSG;Deutschland insgesamt;DG;Deutschland;FRUA01;Fruchtarten;FRUART042;Gartenbausämereien,Vermehrungsanbau v.Blumenzwieb.;.;ha;FLC016;Anbaufläche
41241;Ernte-u.Betriebsbericht: Feldfrüchte und Grünland;JAHR;Jahr;1958;DINSG;Deutschland insgesamt;DG;Deutschland;FRUA01;Fruchtarten;FRUART0513;Körnersonnenblumen;.;ha;FLC016;Anbaufläche
41241;Ernte-u.Betriebsbericht: Feldfrüchte und Grünland;JAHR;Jahr;2009;DINSG;Deutschland insgesamt;DG;Deutschland;FRUA01;Fruchtarten;FRUART014;Corn-Cob-Mix;104600;ha;FLC016;Anbaufläche
41241;Ernte-u.Betriebsbericht: Feldfrüchte und Grünland;JAHR;Jahr;1996;DINSG;Deutschland insgesamt;DG;Deutschland;FRUA01;Fruchtarten;FRUART055;Heil- und Gewürzpflanzen;4659;ha;FLC016;Anbaufläche
41241;Ernte-u.Betriebsbericht: Feldfrüchte und Grünland;JAHR;Jahr;2003;DINSG;Deutschland insgesamt;DG;Deutschland;FRUA01;Fruchtarten;FRUART032;Zuckerrüben;445630;ha;FLC016;Anbaufläche
41241;Ernte-u.Betriebsbericht: Feldfrüchte und Grünland;JAHR;Jahr;1967;DINSG;Deutschland insgesamt;DG;Deutschland;FRUA01;Fruchtarten;FRUART0123;Sommermenggetreide;380703;ha;FLC016;Anbaufläche
41241;Ernte-u.Betriebsbericht: Feldfrüchte und Grünland;JAHR;Jahr;1957;DINSG;Deutschland insgesamt;DG;Deutschland;FRUA01;Fruchtarten;FRUART05112;Sommerraps, Winter- und Sommerrübsen;10584;ha;FLC016;Anbaufläche
41241;Ernte-u.Betriebsbericht: Feldfrüchte und Grünland;JAHR;Jahr;1966;DINSG;Deutschland insgesamt;DG;Deutschland;FRUA01;Fruchtarten;FRUART01111W;Weichweizen;.;ha;FLC016;Anbaufläche
41241;Ernte-u.Betriebsbericht: Feldfrüchte und Grünland;JAHR;Jahr;2004;DINSG;Deutschland insgesamt;DG;Deutschland;FRUA01;Fruchtarten;FRUART062;Luzerne;25919;ha;FLC016;Anbaufläche
41241;Ernte-u.Betriebsbericht: Feldfrüchte und Grünland;JAHR;Jahr;1973;DINSG;Deutschland insgesamt;DG;Deutschland;FRUA01;Fruchtarten;FRUART01111W;Weichweizen;.;ha;FLC016;Anbaufläche
41241;Ernte-u.Betriebsbericht: Feldfrüchte und Grünland;JAHR;Jahr;1996;DINSG;Deutschland insgesamt;DG;Deutschland;FRUA01;Fruchtarten;FRUART042;Gartenbausämereien,Vermehrungsanbau v.Blumenzwieb.;748;ha;FLC016;Anbaufläche
41241;Ernte-u.Betriebsbericht: Feldfrüchte und Grünland;JAHR;Jahr;2001;DINSG;Deutschland insgesamt;DG;Deutschland;FRUA01;Fruchtarten;FRUART0513;Körnersonnenblumen;24583;ha;FLC016;Anbaufläche
41241;Ernte-u.Betriebsbericht: Feldfrüchte und Grünland;JAHR;Jahr;2009;DINSG;Deutschland insgesamt;DG;Deutschland;FRUA01;Fruchtarten;FRUART0511;Raps und Rübsen;1471200;ha;FLC016;Anbaufläche
41241;Ernte-u.Betriebsbericht: Feldfrüchte und Grünland;JAHR;Jahr;1966;DINSG;Deutschland insgesamt;DG;Deutschland;FRUA01;Fruchtarten;FRUART067;Lupinen;.;ha;FLC016;Anbaufläche
41241;Ernte-u.Betriebsbericht: Feldfrüchte und Grünland;JAHR;Jahr;1970;DINSG;Deutschland insgesamt;DG;Deutschland;FRUA01;Fruchtarten;FRUART056;Alle anderen Handelsgewächse;19339;ha;FLC016;Anbaufläche
41241;Ernte-u.Betriebsbericht: Feldfrüchte und Grünland;JAHR;Jahr;1953;DINSG;Deutschland insgesamt;DG;Deutschland;FRUA01;Fruchtarten;FRUART0111;Weizen;1165163;ha;FLC016;Anbaufläche
41241;Ernte-u.Betriebsbericht: Feldfrüchte und Grünland;JAHR;Jahr;1989;DINSG;Deutschland insgesamt;DG;Deutschland;FRUA01;Fruchtarten;FRUART064;Silomais (einschl. Lieschkolbenschrot);924316;ha;FLC016;Anbaufläche
41241;Ernte-u.Betriebsbericht: Feldfrüchte und Grünland;JAHR;Jahr;2003;DINSG;Deutschland insgesamt;DG;Deutschland;FRUA01;Fruchtarten;FRUART01OKM;Getreide (ohne Körnermais und CCM);6376077;ha;FLC016;Anbaufläche
41241;Ernte-u.Betriebsbericht: Feldfrüchte und Grünland;JAHR;Jahr;1962;DINSG;Deutschland insgesamt;DG;Deutschland;FRUA01;Fruchtarten;FRUART0122;Hafer;805433;ha;FLC016;Anbaufläche
41241;Ernte-u.Betriebsbericht: Feldfrüchte und Grünland;JAHR;Jahr;2004;DINSG;Deutschland insgesamt;DG;Deutschland;FRUA01;Fruchtarten;FRUART031INK;Industriekartoffeln;176150;ha;FLC016;Anbaufläche
41241;Ernte-u.Betriebsbericht: Feldfrüchte und Grünland;JAHR;Jahr;1978;DINSG;Deutschland insgesamt;DG;Deutschland;FRUA01;Fruchtarten;FRUART063;Feldgras/Grasanbau auf dem Ackerland;134227;ha;FLC016;Anbaufläche
41241;Ernte-u.Betriebsbericht: Feldfrüchte und Grünland;JAHR;Jahr;1970;DINSG;Deutschland insgesamt;DG;Deutschland;FRUA01;Fruchtarten;FRUART0514;Andere Ölfrüchte;.;ha;FLC016;Anbaufläche
41241;Ernte-u.Betriebsbericht: Feldfrüchte und Grünland;JAHR;Jahr;1970;DINSG;Deutschland insgesamt;DG;Deutschland;FRUA01;Fruchtarten;FRUART04OS;Gemüse, Spargel, Erdbeeren (ohne Samenbau);.;ha;FLC016;Anbaufläche
41241;Ernte-u.Betriebsbericht: Feldfrüchte und Grünland;JAHR;Jahr;1985;DINSG;Deutschland insgesamt;DG;Deutschland;FRUA01;Fruchtarten;FRUART054;Rüben und Gräser zur Samengewinnung;8994;ha;FLC016;Anbaufläche
41241;Ernte-u.Betriebsbericht: Feldfrüchte und Grünland;JAHR;Jahr;1963;DINSG;Deutschland insgesamt;DG;Deutschland;FRUA01;Fruchtarten;FRUART065;Raufutter;.;ha;FLC016;Anbaufläche
41241;Ernte-u.Betriebsbericht: Feldfrüchte und Grünland;JAHR;Jahr;1984;DINSG;Deutschland insgesamt;DG;Deutschland;FRUA01;Fruchtarten;FRUART0112;Roggen;439449;ha;FLC016;Anbaufläche
41241;Ernte-u.Betriebsbericht: Feldfrüchte und Grünland;JAHR;Jahr;2005;DINSG;Deutschland insgesamt;DG;Deutschland;FRUA01;Fruchtarten;FRUART01211;Wintergerste;1344500;ha;FLC016;Anbaufläche
41241;Ernte-u.Betriebsbericht: Feldfrüchte und Grünland;JAHR;Jahr;1986;DINSG;Deutschland insgesamt;DG;Deutschland;FRUA01;Fruchtarten;FRUART031SPK;Speisekartoffeln;.;ha;FLC016;Anbaufläche
41241;Ernte-u.Betriebsbericht: Feldfrüchte und Grünland;JAHR;Jahr;1976;DINSG;Deutschland insgesamt;DG;Deutschland;FRUA01;Fruchtarten;FRUART0121;Gerste;1735370;ha;FLC016;Anbaufläche
41241;Ernte-u.Betriebsbericht: Feldfrüchte und Grünland;JAHR;Jahr;1979;DINSG;Deutschland insgesamt;DG;Deutschland;FRUA01;Fruchtarten;FRUART031SPK;Speisekartoffeln;.;ha;FLC016;Anbaufläche
41241;Ernte-u.Betriebsbericht: Feldfrüchte und Grünland;JAHR;Jahr;1982;DINSG;Deutschland insgesamt;DG;Deutschland;FRUA01;Fruchtarten;FRUART01111;Winterweizen;1237460;ha;FLC016;Anbaufläche
41241;Ernte-u.Betriebsbericht: Feldfrüchte und Grünland;JAHR;Jahr;1968;DINSG;Deutschland insgesamt;DG;Deutschland;FRUA01;Fruchtarten;FRUART0121;Gerste;1330189;ha;FLC016;Anbaufläche
41241;Ernte-u.Betriebsbericht: Feldfrüchte und Grünland;JAHR;Jahr;1987;DINSG;Deutschland insgesamt;DG;Deutschland;FRUA01;Fruchtarten;FRUART013CCM;Körnermais (einschl. CCM);194348;ha;FLC016;Anbaufläche
41241;Ernte-u.Betriebsbericht: Feldfrüchte und Grünland;JAHR;Jahr;1976;DINSG;Deutschland insgesamt;DG;Deutschland;FRUA01;Fruchtarten;FRUART012;Futter- und Industriegetreide;2851720;ha;FLC016;Anbaufläche
41241;Ernte-u.Betriebsbericht: Feldfrüchte und Grünland;JAHR;Jahr;1985;DINSG;Deutschland insgesamt;DG;Deutschland;FRUA01;Fruchtarten;FRUART01212;Sommergerste;760115;ha;FLC016;Anbaufläche
41241;Ernte-u.Betriebsbericht: Feldfrüchte und Grünland;JAHR;Jahr;1977;DINSG;Deutschland insgesamt;DG;Deutschland;FRUA01;Fruchtarten;FRUART042;Gartenbausämereien,Vermehrungsanbau v.Blumenzwieb.;.;ha;FLC016;Anbaufläche
41241;Ernte-u.Betriebsbericht: Feldfrüchte und Grünland;JAHR;Jahr;1957;DINSG;Deutschland insgesamt;DG;Deutschland;FRUA01;Fruchtarten;FRUART055;Heil- und Gewürzpflanzen;.;ha;FLC016;Anbaufläche
41241;Ernte-u.Betriebsbericht: Feldfrüchte und Grünland;JAHR;Jahr;1983;DINSG;Deutschland insgesamt;DG;Deutschland;FRUA01;Fruchtarten;FRUART0123;Sommermenggetreide;128141;ha;FLC016;Anbaufläche
41241;Ernte-u.Betriebsbericht: Feldfrüchte und Grünland;JAHR;Jahr;2009;DINSG;Deutschland insgesamt;DG;Deutschland;FRUA01;Fruchtarten;FRUART0124;Triticale;401100;ha;FLC016;Anbaufläche
41241;Ernte-u.Betriebsbericht: Feldfrüchte und Grünland;JAHR;Jahr;1991;DINSG;Deutschland insgesamt;DG;Deutschland;FRUA01;Fruchtarten;FRUART055;Heil- und Gewürzpflanzen;3020;ha;FLC016;Anbaufläche
41241;Ernte-u.Betriebsbericht: Feldfrüchte und Grünland;JAHR;Jahr;1963;DINSG;Deutschland insgesamt;DG;Deutschland;FRUA01;Fruchtarten;FRUART052;Hopfen;9076;ha;FLC016;Anbaufläche
41241;Ernte-u.Betriebsbericht: Feldfrüchte und Grünland;JAHR;Jahr;2001;DINSG;Deutschland insgesamt;DG;Deutschland;FRUA01;Fruchtarten;FRUART05111;Winterraps;1115851;ha;FLC016;Anbaufläche
41241;Ernte-u.Betriebsbericht: Feldfrüchte und Grünland;JAHR;Jahr;1969;DINSG;Deutschland insgesamt;DG;Deutschland;FRUA01;Fruchtarten;FRUART034;Alle anderen Hackfrüchte;49892;ha;FLC016;Anbaufläche
41241;Ernte-u.Betriebsbericht: Feldfrüchte und Grünland;JAHR;Jahr;1995;DINSG;Deutschland insgesamt;DG;Deutschland;FRUA01;Fruchtarten;FRUART0514;Andere Ölfrüchte;12238;ha;FLC016;Anbaufläche
41241;Ernte-u.Betriebsbericht: Feldfrüchte und Grünland;JAHR;Jahr;1995;DINSG;Deutschland insgesamt;DG;Deutschland;FRUA01;Fruchtarten;FRUART04OS;Gemüse, Spargel, Erdbeeren (ohne Samenbau);91501;ha;FLC016;Anbaufläche
41241;Ernte-u.Betriebsbericht: Feldfrüchte und Grünland;JAHR;Jahr;2003;DINSG;Deutschland insgesamt;DG;Deutschland;FRUA01;Fruchtarten;FRUART01212;Sommergerste;751315;ha;FLC016;Anbaufläche
41241;Ernte-u.Betriebsbericht: Feldfrüchte und Grünland;JAHR;Jahr;1954;DINSG;Deutschland insgesamt;DG;Deutschland;FRUA01;Fruchtarten;FRUART053;Tabak;.;ha;FLC016;Anbaufläche
41241;Ernte-u.Betriebsbericht: Feldfrüchte und Grünland;JAHR;Jahr;1977;DINSG;Deutschland insgesamt;DG;Deutschland;FRUA01;Fruchtarten;FRUART01111;Winterweizen;1422369;ha;FLC016;Anbaufläche
41241;Ernte-u.Betriebsbericht: Feldfrüchte und Grünland;JAHR;Jahr;1973;DINSG;Deutschland insgesamt;DG;Deutschland;FRUA01;Fruchtarten;FRUART032;Zuckerrüben;352044;ha;FLC016;Anbaufläche
41241;Ernte-u.Betriebsbericht: Feldfrüchte und Grünland;JAHR;Jahr;1954;DINSG;Deutschland insgesamt;DG;Deutschland;FRUA01;Fruchtarten;FRUART0514;Andere Ölfrüchte;.;ha;FLC016;Anbaufläche
41241;Ernte-u.Betriebsbericht: Feldfrüchte und Grünland;JAHR;Jahr;1954;DINSG;Deutschland insgesamt;DG;Deutschland;FRUA01;Fruchtarten;FRUART04OS;Gemüse, Spargel, Erdbeeren (ohne Samenbau);.;ha;FLC016;Anbaufläche
41241;Ernte-u.Betriebsbericht: Feldfrüchte und Grünland;JAHR;Jahr;2007;DINSG;Deutschland insgesamt;DG;Deutschland;FRUA01;Fruchtarten;FRUART055;Heil- und Gewürzpflanzen;6089;ha;FLC016;Anbaufläche
41241;Ernte-u.Betriebsbericht: Feldfrüchte und Grünland;JAHR;Jahr;1961;DINSG;Deutschland insgesamt;DG;Deutschland;FRUA01;Fruchtarten;FRUART0111;Weizen;1397456;ha;FLC016;Anbaufläche
41241;Ernte-u.Betriebsbericht: Feldfrüchte und Grünland;JAHR;Jahr;1995;DINSG;Deutschland insgesamt;DG;Deutschland;FRUA01;Fruchtarten;FRUART065;Raufutter;4604501;ha;FLC016;Anbaufläche
41241;Ernte-u.Betriebsbericht: Feldfrüchte und Grünland;JAHR;Jahr;1979;DINSG;Deutschland insgesamt;DG;Deutschland;FRUA01;Fruchtarten;FRUART014;Corn-Cob-Mix;.;ha;FLC016;Anbaufläche
41241;Ernte-u.Betriebsbericht: Feldfrüchte und Grünland;JAHR;Jahr;1959;DINSG;Deutschland insgesamt;DG;Deutschland;FRUA01;Fruchtarten;FRUART01111W;Weichweizen;.;ha;FLC016;Anbaufläche
41241;Ernte-u.Betriebsbericht: Feldfrüchte und Grünland;JAHR;Jahr;1951;DINSG;Deutschland insgesamt;DG;Deutschland;FRUA01;Fruchtarten;FRUART0512;Flachs (Lein);.;ha;FLC016;Anbaufläche
41241;Ernte-u.Betriebsbericht: Feldfrüchte und Grünland;JAHR;Jahr;1967;DINSG;Deutschland insgesamt;DG;Deutschland;FRUA01;Fruchtarten;FRUART062;Luzerne;.;ha;FLC016;Anbaufläche
41241;Ernte-u.Betriebsbericht: Feldfrüchte und Grünland;JAHR;Jahr;1953;DINSG;Deutschland insgesamt;DG;Deutschland;FRUA01;Fruchtarten;FRUART0124;Triticale;.;ha;FLC016;Anbaufläche
41241;Ernte-u.Betriebsbericht: Feldfrüchte und Grünland;JAHR;Jahr;1995;DINSG;Deutschland insgesamt;DG;Deutschland;FRUA01;Fruchtarten;FRUART052;Hopfen;21807;ha;FLC016;Anbaufläche
41241;Ernte-u.Betriebsbericht: Feldfrüchte und Grünland;JAHR;Jahr;2007;DINSG;Deutschland insgesamt;DG;Deutschland;FRUA01;Fruchtarten;FRUART042;Gartenbausämereien,Vermehrungsanbau v.Blumenzwieb.;821;ha;FLC016;Anbaufläche
41241;Ernte-u.Betriebsbericht: Feldfrüchte und Grünland;JAHR;Jahr;1980;DINSG;Deutschland insgesamt;DG;Deutschland;FRUA01;Fruchtarten;FRUART023;Alle anderen Hülsenfrüchte;6914;ha;FLC016;Anbaufläche
41241;Ernte-u.Betriebsbericht: Feldfrüchte und Grünland;JAHR;Jahr;1994;DINSG;Deutschland insgesamt;DG;Deutschland;FRUA01;Fruchtarten;FRUART022;Ackerbohnen;30388;ha;FLC016;Anbaufläche
41241;Ernte-u.Betriebsbericht: Feldfrüchte und Grünland;JAHR;Jahr;1975;DINSG;Deutschland insgesamt;DG;Deutschland;FRUA01;Fruchtarten;FRUART031FSK;Frühe Speisekartoffeln;35799;ha;FLC016;Anbaufläche
41241;Ernte-u.Betriebsbericht: Feldfrüchte und Grünland;JAHR;Jahr;1986;DINSG;Deutschland insgesamt;DG;Deutschland;FRUA01;Fruchtarten;FRUART0112;Roggen;413715;ha;FLC016;Anbaufläche
41241;Ernte-u.Betriebsbericht: Feldfrüchte und Grünland;JAHR;Jahr;1969;DINSG;Deutschland insgesamt;DG;Deutschland;FRUA01;Fruchtarten;FRUART031MUS;Mittelfrühe und späte Kartoffeln;556008;ha;FLC016;Anbaufläche
41241;Ernte-u.Betriebsbericht: Feldfrüchte und Grünland;JAHR;Jahr;1958;DINSG;Deutschland insgesamt;DG;Deutschland;FRUA01;Fruchtarten;FRUART063;Feldgras/Grasanbau auf dem Ackerland;244037;ha;FLC016;Anbaufläche
41241;Ernte-u.Betriebsbericht: Feldfrüchte und Grünland;JAHR;Jahr;1973;DINSG;Deutschland insgesamt;DG;Deutschland;FRUA01;Fruchtarten;FRUART01113;Hartweizen (Durum);.;ha;FLC016;Anbaufläche
41241;Ernte-u.Betriebsbericht: Feldfrüchte und Grünland;JAHR;Jahr;1958;DINSG;Deutschland insgesamt;DG;Deutschland;FRUA01;Fruchtarten;FRUART01111;Winterweizen;1205249;ha;FLC016;Anbaufläche
41241;Ernte-u.Betriebsbericht: Feldfrüchte und Grünland;JAHR;Jahr;1971;DINSG;Deutschland insgesamt;DG;Deutschland;FRUA01;Fruchtarten;FRUART01111W;Weichweizen;.;ha;FLC016;Anbaufläche
41241;Ernte-u.Betriebsbericht: Feldfrüchte und Grünland;JAHR;Jahr;1962;DINSG;Deutschland insgesamt;DG;Deutschland;FRUA01;Fruchtarten;FRUART013CCM;Körnermais (einschl. CCM);12720;ha;FLC016;Anbaufläche
41241;Ernte-u.Betriebsbericht: Feldfrüchte und Grünland;JAHR;Jahr;1961;DINSG;Deutschland insgesamt;DG;Deutschland;FRUA01;Fruchtarten;FRUART014;Corn-Cob-Mix;.;ha;FLC016;Anbaufläche
41241;Ernte-u.Betriebsbericht: Feldfrüchte und Grünland;JAHR;Jahr;1999;DINSG;Deutschland insgesamt;DG;Deutschland;FRUA01;Fruchtarten;FRUART062;Luzerne;31835;ha;FLC016;Anbaufläche
41241;Ernte-u.Betriebsbericht: Feldfrüchte und Grünland;JAHR;Jahr;2007;DINSG;Deutschland insgesamt;DG;Deutschland;FRUA01;Fruchtarten;FRUART0512;Flachs (Lein);6087;ha;FLC016;Anbaufläche
41241;Ernte-u.Betriebsbericht: Feldfrüchte und Grünland;JAHR;Jahr;1998;DINSG;Deutschland insgesamt;DG;Deutschland;FRUA01;Fruchtarten;FRUART032;Zuckerrüben;503376;ha;FLC016;Anbaufläche
41241;Ernte-u.Betriebsbericht: Feldfrüchte und Grünland;JAHR;Jahr;1955;DINSG;Deutschland insgesamt;DG;Deutschland;FRUA01;Fruchtarten;FRUART01111W;Weichweizen;.;ha;FLC016;Anbaufläche
41241;Ernte-u.Betriebsbericht: Feldfrüchte und Grünland;JAHR;Jahr;1977;DINSG;Deutschland insgesamt;DG;Deutschland;FRUA01;Fruchtarten;FRUART031INK;Industriekartoffeln;.;ha;FLC016;Anbaufläche
41241;Ernte-u.Betriebsbericht: Feldfrüchte und Grünland;JAHR;Jahr;1966;DINSG;Deutschland insgesamt;DG;Deutschland;FRUA01;Fruchtarten;FRUART054;Rüben und Gräser zur Samengewinnung;17377;ha;FLC016;Anbaufläche
41241;Ernte-u.Betriebsbericht: Feldfrüchte und Grünland;JAHR;Jahr;1953;DINSG;Deutschland insgesamt;DG;Deutschland;FRUA01;Fruchtarten;FRUART01112;Sommerweizen;141252;ha;FLC016;Anbaufläche
41241;Ernte-u.Betriebsbericht: Feldfrüchte und Grünland;JAHR;Jahr;1984;DINSG;Deutschland insgesamt;DG;Deutschland;FRUA01;Fruchtarten;FRUART064;Silomais (einschl. Lieschkolbenschrot);869326;ha;FLC016;Anbaufläche
41241;Ernte-u.Betriebsbericht: Feldfrüchte und Grünland;JAHR;Jahr;1994;DINSG;Deutschland insgesamt;DG;Deutschland;FRUA01;Fruchtarten;FRUART01113;Hartweizen (Durum);10926;ha;FLC016;Anbaufläche
41241;Ernte-u.Betriebsbericht: Feldfrüchte und Grünland;JAHR;Jahr;1971;DINSG;Deutschland insgesamt;DG;Deutschland;FRUA01;Fruchtarten;FRUART01OKM;Getreide (ohne Körnermais und CCM);5133384;ha;FLC016;Anbaufläche
41241;Ernte-u.Betriebsbericht: Feldfrüchte und Grünland;JAHR;Jahr;2000;DINSG;Deutschland insgesamt;DG;Deutschland;FRUA01;Fruchtarten;FRUART065;Raufutter;4507807;ha;FLC016;Anbaufläche
41241;Ernte-u.Betriebsbericht: Feldfrüchte und Grünland;JAHR;Jahr;1950;DINSG;Deutschland insgesamt;DG;Deutschland;FRUA01;Fruchtarten;FRUART056;Alle anderen Handelsgewächse;28456;ha;FLC016;Anbaufläche
41241;Ernte-u.Betriebsbericht: Feldfrüchte und Grünland;JAHR;Jahr;1983;DINSG;Deutschland insgesamt;DG;Deutschland;FRUA01;Fruchtarten;FRUART034;Alle anderen Hackfrüchte;5881;ha;FLC016;Anbaufläche
41241;Ernte-u.Betriebsbericht: Feldfrüchte und Grünland;JAHR;Jahr;1976;DINSG;Deutschland insgesamt;DG;Deutschland;FRUA01;Fruchtarten;FRUART056;Alle anderen Handelsgewächse;5271;ha;FLC016;Anbaufläche
41241;Ernte-u.Betriebsbericht: Feldfrüchte und Grünland;JAHR;Jahr;1954;DINSG;Deutschland insgesamt;DG;Deutschland;FRUA01;Fruchtarten;FRUART066;Alle anderen Futterpflanzen;60053;ha;FLC016;Anbaufläche
41241;Ernte-u.Betriebsbericht: Feldfrüchte und Grünland;JAHR;Jahr;1957;DINSG;Deutschland insgesamt;DG;Deutschland;FRUA01;Fruchtarten;FRUART011;Brotgetreide;2772137;ha;FLC016;Anbaufläche
41241;Ernte-u.Betriebsbericht: Feldfrüchte und Grünland;JAHR;Jahr;1987;DINSG;Deutschland insgesamt;DG;Deutschland;FRUA01;Fruchtarten;FRUART031MUS;Mittelfrühe und späte Kartoffeln;185163;ha;FLC016;Anbaufläche
41241;Ernte-u.Betriebsbericht: Feldfrüchte und Grünland;JAHR;Jahr;1997;DINSG;Deutschland insgesamt;DG;Deutschland;FRUA01;Fruchtarten;FRUART01112;Sommerweizen;65239;ha;FLC016;Anbaufläche
41241;Ernte-u.Betriebsbericht: Feldfrüchte und Grünland;JAHR;Jahr;1991;DINSG;Deutschland insgesamt;DG;Deutschland;FRUA01;Fruchtarten;FRUART011;Brotgetreide;3172876;ha;FLC016;Anbaufläche
41241;Ernte-u.Betriebsbericht: Feldfrüchte und Grünland;JAHR;Jahr;1965;DINSG;Deutschland insgesamt;DG;Deutschland;FRUA01;Fruchtarten;FRUART011;Brotgetreide;2590797;ha;FLC016;Anbaufläche
41241;Ernte-u.Betriebsbericht: Feldfrüchte und Grünland;JAHR;Jahr;2004;DINSG;Deutschland insgesamt;DG;Deutschland;FRUA01;Fruchtarten;FRUART031;Kartoffeln;295266;ha;FLC016;Anbaufläche
41241;Ernte-u.Betriebsbericht: Feldfrüchte und Grünland;JAHR;Jahr;1966;DINSG;Deutschland insgesamt;DG;Deutschland;FRUA01;Fruchtarten;FRUART041;Blumen u. Zierpflanzen einschl.Jungpfl.(o.Samenb.);.;ha;FLC016;Anbaufläche
41241;Ernte-u.Betriebsbericht: Feldfrüchte und Grünland;JAHR;Jahr;1984;DINSG;Deutschland insgesamt;DG;Deutschland;FRUA01;Fruchtarten;FRUART033;Runkelrüben;110586;ha;FLC016;Anbaufläche
41241;Ernte-u.Betriebsbericht: Feldfrüchte und Grünland;JAHR;Jahr;1950;DINSG;Deutschland insgesamt;DG;Deutschland;FRUA01;Fruchtarten;FRUART01113;Hartweizen (Durum);.;ha;FLC016;Anbaufläche
41241;Ernte-u.Betriebsbericht: Feldfrüchte und Grünland;JAHR;Jahr;1999;DINSG;Deutschland insgesamt;DG;Deutschland;FRUA01;Fruchtarten;FRUART0122;Hafer;267754;ha;FLC016;Anbaufläche
41241;Ernte-u.Betriebsbericht: Feldfrüchte und Grünland;JAHR;Jahr;1981;DINSG;Deutschland insgesamt;DG;Deutschland;FRUA01;Fruchtarten;FRUART062;Luzerne;.;ha;FLC016;Anbaufläche
41241;Ernte-u.Betriebsbericht: Feldfrüchte und Grünland;JAHR;Jahr;2000;DINSG;Deutschland insgesamt;DG;Deutschland;FRUA01;Fruchtarten;FRUART034;Alle anderen Hackfrüchte;4718;ha;FLC016;Anbaufläche
41241;Ernte-u.Betriebsbericht: Feldfrüchte und Grünland;JAHR;Jahr;2008;DINSG;Deutschland insgesamt;DG;Deutschland;FRUA01;Fruchtarten;FRUART041;Blumen u. Zierpflanzen einschl.Jungpfl.(o.Samenb.);8900;ha;FLC016;Anbaufläche
41241;Ernte-u.Betriebsbericht: Feldfrüchte und Grünland;JAHR;Jahr;2007;DINSG;Deutschland insgesamt;DG;Deutschland;FRUA01;Fruchtarten;FRUART011;Brotgetreide;3672766;ha;FLC016;Anbaufläche
41241;Ernte-u.Betriebsbericht: Feldfrüchte und Grünland;JAHR;Jahr;1963;DINSG;Deutschland insgesamt;DG;Deutschland;FRUA01;Fruchtarten;FRUART0511;Raps und Rübsen;45186;ha;FLC016;Anbaufläche
41241;Ernte-u.Betriebsbericht: Feldfrüchte und Grünland;JAHR;Jahr;1995;DINSG;Deutschland insgesamt;DG;Deutschland;FRUA01;Fruchtarten;FRUART021;Futtererbsen;64195;ha;FLC016;Anbaufläche
41241;Ernte-u.Betriebsbericht: Feldfrüchte und Grünland;JAHR;Jahr;1959;DINSG;Deutschland insgesamt;DG;Deutschland;FRUA01;Fruchtarten;FRUART031INK;Industriekartoffeln;.;ha;FLC016;Anbaufläche
41241;Ernte-u.Betriebsbericht: Feldfrüchte und Grünland;JAHR;Jahr;1969;DINSG;Deutschland insgesamt;DG;Deutschland;FRUA01;Fruchtarten;FRUART021;Futtererbsen;.;ha;FLC016;Anbaufläche
41241;Ernte-u.Betriebsbericht: Feldfrüchte und Grünland;JAHR;Jahr;1961;DINSG;Deutschland insgesamt;DG;Deutschland;FRUA01;Fruchtarten;FRUART031SPK;Speisekartoffeln;.;ha;FLC016;Anbaufläche
41241;Ernte-u.Betriebsbericht: Feldfrüchte und Grünland;JAHR;Jahr;1980;DINSG;Deutschland insgesamt;DG;Deutschland;FRUA01;Fruchtarten;FRUART067;Lupinen;.;ha;FLC016;Anbaufläche
41241;Ernte-u.Betriebsbericht: Feldfrüchte und Grünland;JAHR;Jahr;1992;DINSG;Deutschland insgesamt;DG;Deutschland;FRUA01;Fruchtarten;FRUART063;Feldgras/Grasanbau auf dem Ackerland;206204;ha;FLC016;Anbaufläche
41241;Ernte-u.Betriebsbericht: Feldfrüchte und Grünland;JAHR;Jahr;1962;DINSG;Deutschland insgesamt;DG;Deutschland;FRUA01;Fruchtarten;FRUART031;Kartoffeln;963463;ha;FLC016;Anbaufläche
41241;Ernte-u.Betriebsbericht: Feldfrüchte und Grünland;JAHR;Jahr;2006;DINSG;Deutschland insgesamt;DG;Deutschland;FRUA01;Fruchtarten;FRUART01113;Hartweizen (Durum);11700;ha;FLC016;Anbaufläche
41241;Ernte-u.Betriebsbericht: Feldfrüchte und Grünland;JAHR;Jahr;1956;DINSG;Deutschland insgesamt;DG;Deutschland;FRUA01;Fruchtarten;FRUART0113;Wintermenggetreide;63345;ha;FLC016;Anbaufläche
41241;Ernte-u.Betriebsbericht: Feldfrüchte und Grünland;JAHR;Jahr;1965;DINSG;Deutschland insgesamt;DG;Deutschland;FRUA01;Fruchtarten;FRUART0124;Triticale;.;ha;FLC016;Anbaufläche
41241;Ernte-u.Betriebsbericht: Feldfrüchte und Grünland;JAHR;Jahr;1961;DINSG;Deutschland insgesamt;DG;Deutschland;FRUA01;Fruchtarten;FRUART01111;Winterweizen;1201955;ha;FLC016;Anbaufläche
41241;Ernte-u.Betriebsbericht: Feldfrüchte und Grünland;JAHR;Jahr;1953;DINSG;Deutschland insgesamt;DG;Deutschland;FRUA01;Fruchtarten;FRUART014;Corn-Cob-Mix;.;ha;FLC016;Anbaufläche
41241;Ernte-u.Betriebsbericht: Feldfrüchte und Grünland;JAHR;Jahr;1964;DINSG;Deutschland insgesamt;DG;Deutschland;FRUA01;Fruchtarten;FRUART05111;Winterraps;41188;ha;FLC016;Anbaufläche
41241;Ernte-u.Betriebsbericht: Feldfrüchte und Grünland;JAHR;Jahr;2002;DINSG;Deutschland insgesamt;DG;Deutschland;FRUA01;Fruchtarten;FRUART01212;Sommergerste;609470;ha;FLC016;Anbaufläche
41241;Ernte-u.Betriebsbericht: Feldfrüchte und Grünland;JAHR;Jahr;1981;DINSG;Deutschland insgesamt;DG;Deutschland;FRUA01;Fruchtarten;FRUART0511;Raps und Rübsen;154528;ha;FLC016;Anbaufläche
41241;Ernte-u.Betriebsbericht: Feldfrüchte und Grünland;JAHR;Jahr;1966;DINSG;Deutschland insgesamt;DG;Deutschland;FRUA01;Fruchtarten;FRUART01212;Sommergerste;930729;ha;FLC016;Anbaufläche
41241;Ernte-u.Betriebsbericht: Feldfrüchte und Grünland;JAHR;Jahr;1980;DINSG;Deutschland insgesamt;DG;Deutschland;FRUA01;Fruchtarten;FRUART0113;Wintermenggetreide;21381;ha;FLC016;Anbaufläche
41241;Ernte-u.Betriebsbericht: Feldfrüchte und Grünland;JAHR;Jahr;1950;DINSG;Deutschland insgesamt;DG;Deutschland;FRUA01;Fruchtarten;FRUART012;Futter- und Industriegetreide;1971266;ha;FLC016;Anbaufläche
41241;Ernte-u.Betriebsbericht: Feldfrüchte und Grünland;JAHR;Jahr;1968;DINSG;Deutschland insgesamt;DG;Deutschland;FRUA01;Fruchtarten;FRUART013;Körnermais;.;ha;FLC016;Anbaufläche
41241;Ernte-u.Betriebsbericht: Feldfrüchte und Grünland;JAHR;Jahr;2005;DINSG;Deutschland insgesamt;DG;Deutschland;FRUA01;Fruchtarten;FRUART0112;Roggen;549100;ha;FLC016;Anbaufläche
41241;Ernte-u.Betriebsbericht: Feldfrüchte und Grünland;JAHR;Jahr;2000;DINSG;Deutschland insgesamt;DG;Deutschland;FRUA01;Fruchtarten;FRUART021;Futtererbsen;141320;ha;FLC016;Anbaufläche
41241;Ernte-u.Betriebsbericht: Feldfrüchte und Grünland;JAHR;Jahr;1988;DINSG;Deutschland insgesamt;DG;Deutschland;FRUA01;Fruchtarten;FRUART0512;Flachs (Lein);.;ha;FLC016;Anbaufläche
41241;Ernte-u.Betriebsbericht: Feldfrüchte und Grünland;JAHR;Jahr;1951;DINSG;Deutschland insgesamt;DG;Deutschland;FRUA01;Fruchtarten;FRUART042;Gartenbausämereien,Vermehrungsanbau v.Blumenzwieb.;.;ha;FLC016;Anbaufläche
41241;Ernte-u.Betriebsbericht: Feldfrüchte und Grünland;JAHR;Jahr;1984;DINSG;Deutschland insgesamt;DG;Deutschland;FRUA01;Fruchtarten;FRUART05112;Sommerraps, Winter- und Sommerrübsen;8457;ha;FLC016;Anbaufläche
41241;Ernte-u.Betriebsbericht: Feldfrüchte und Grünland;JAHR;Jahr;1974;DINSG;Deutschland insgesamt;DG;Deutschland;FRUA01;Fruchtarten;FRUART0112;Roggen;708263;ha;FLC016;Anbaufläche
41241;Ernte-u.Betriebsbericht: Feldfrüchte und Grünland;JAHR;Jahr;1952;DINSG;Deutschland insgesamt;DG;Deutschland;FRUA01;Fruchtarten;FRUART0113;Wintermenggetreide;73629;ha;FLC016;Anbaufläche
41241;Ernte-u.Betriebsbericht: Feldfrüchte und Grünland;JAHR;Jahr;1994;DINSG;Deutschland insgesamt;DG;Deutschland;FRUA01;Fruchtarten;FRUART065;Raufutter;4579644;ha;FLC016;Anbaufläche
41241;Ernte-u.Betriebsbericht: Feldfrüchte und Grünland;JAHR;Jahr;1965;DINSG;Deutschland insgesamt;DG;Deutschland;FRUA01;Fruchtarten;FRUART0123;Sommermenggetreide;386439;ha;FLC016;Anbaufläche
41241;Ernte-u.Betriebsbericht: Feldfrüchte und Grünland;JAHR;Jahr;2000;DINSG;Deutschland insgesamt;DG;Deutschland;FRUA01;Fruchtarten;FRUART0123;Sommermenggetreide;29091;ha;FLC016;Anbaufläche
41241;Ernte-u.Betriebsbericht: Feldfrüchte und Grünland;JAHR;Jahr;1960;DINSG;Deutschland insgesamt;DG;Deutschland;FRUA01;Fruchtarten;FRUART0123;Sommermenggetreide;369846;ha;FLC016;Anbaufläche
41241;Ernte-u.Betriebsbericht: Feldfrüchte und Grünland;JAHR;Jahr;1993;DINSG;Deutschland insgesamt;DG;Deutschland;FRUA01;Fruchtarten;FRUART031INK;Industriekartoffeln;162108;ha;FLC016;Anbaufläche
41241;Ernte-u.Betriebsbericht: Feldfrüchte und Grünland;JAHR;Jahr;1976;DINSG;Deutschland insgesamt;DG;Deutschland;FRUA01;Fruchtarten;FRUART042;Gartenbausämereien,Vermehrungsanbau v.Blumenzwieb.;.;ha;FLC016;Anbaufläche
41241;Ernte-u.Betriebsbericht: Feldfrüchte und Grünland;JAHR;Jahr;1980;DINSG;Deutschland insgesamt;DG;Deutschland;FRUA01;Fruchtarten;FRUART053;Tabak;.;ha;FLC016;Anbaufläche
41241;Ernte-u.Betriebsbericht: Feldfrüchte und Grünland;JAHR;Jahr;2003;DINSG;Deutschland insgesamt;DG;Deutschland;FRUA01;Fruchtarten;FRUART0512;Flachs (Lein);16246;ha;FLC016;Anbaufläche
41241;Ernte-u.Betriebsbericht: Feldfrüchte und Grünland;JAHR;Jahr;1968;DINSG;Deutschland insgesamt;DG;Deutschland;FRUA01;Fruchtarten;FRUART012;Futter- und Industriegetreide;2556598;ha;FLC016;Anbaufläche
41241;Ernte-u.Betriebsbericht: Feldfrüchte und Grünland;JAHR;Jahr;1986;DINSG;Deutschland insgesamt;DG;Deutschland;FRUA01;Fruchtarten;FRUART022;Ackerbohnen;27726;ha;FLC016;Anbaufläche
41241;Ernte-u.Betriebsbericht: Feldfrüchte und Grünland;JAHR;Jahr;1965;DINSG;Deutschland insgesamt;DG;Deutschland;FRUA01;Fruchtarten;FRUART067;Lupinen;.;ha;FLC016;Anbaufläche
41241;Ernte-u.Betriebsbericht: Feldfrüchte und Grünland;JAHR;Jahr;1950;DINSG;Deutschland insgesamt;DG;Deutschland;FRUA01;Fruchtarten;FRUART013;Körnermais;.;ha;FLC016;Anbaufläche
41241;Ernte-u.Betriebsbericht: Feldfrüchte und Grünland;JAHR;Jahr;1984;DINSG;Deutschland insgesamt;DG;Deutschland;FRUA01;Fruchtarten;FRUART05111;Winterraps;245663;ha;FLC016;Anbaufläche
41241;Ernte-u.Betriebsbericht: Feldfrüchte und Grünland;JAHR;Jahr;1955;DINSG;Deutschland insgesamt;DG;Deutschland;FRUA01;Fruchtarten;FRUART053;Tabak;.;ha;FLC016;Anbaufläche
41241;Ernte-u.Betriebsbericht: Feldfrüchte und Grünland;JAHR;Jahr;1976;DINSG;Deutschland insgesamt;DG;Deutschland;FRUA01;Fruchtarten;FRUART055;Heil- und Gewürzpflanzen;.;ha;FLC016;Anbaufläche
41241;Ernte-u.Betriebsbericht: Feldfrüchte und Grünland;JAHR;Jahr;1954;DINSG;Deutschland insgesamt;DG;Deutschland;FRUA01;Fruchtarten;FRUART023;Alle anderen Hülsenfrüchte;38766;ha;FLC016;Anbaufläche
41241;Ernte-u.Betriebsbericht: Feldfrüchte und Grünland;JAHR;Jahr;1998;DINSG;Deutschland insgesamt;DG;Deutschland;FRUA01;Fruchtarten;FRUART062;Luzerne;36046;ha;FLC016;Anbaufläche
41241;Ernte-u.Betriebsbericht: Feldfrüchte und Grünland;JAHR;Jahr;1964;DINSG;Deutschland insgesamt;DG;Deutschland;FRUA01;Fruchtarten;FRUART01OKM;Getreide (ohne Körnermais und CCM);4979682;ha;FLC016;Anbaufläche
41241;Ernte-u.Betriebsbericht: Feldfrüchte und Grünland;JAHR;Jahr;1972;DINSG;Deutschland insgesamt;DG;Deutschland;FRUA01;Fruchtarten;FRUART0513;Körnersonnenblumen;.;ha;FLC016;Anbaufläche
41241;Ernte-u.Betriebsbericht: Feldfrüchte und Grünland;JAHR;Jahr;1965;DINSG;Deutschland insgesamt;DG;Deutschland;FRUA01;Fruchtarten;FRUART054;Rüben und Gräser zur Samengewinnung;16383;ha;FLC016;Anbaufläche
41241;Ernte-u.Betriebsbericht: Feldfrüchte und Grünland;JAHR;Jahr;1982;DINSG;Deutschland insgesamt;DG;Deutschland;FRUA01;Fruchtarten;FRUART0113;Wintermenggetreide;14868;ha;FLC016;Anbaufläche
41241;Ernte-u.Betriebsbericht: Feldfrüchte und Grünland;JAHR;Jahr;1991;DINSG;Deutschland insgesamt;DG;Deutschland;FRUA01;Fruchtarten;FRUART05111;Winterraps;932931;ha;FLC016;Anbaufläche
41241;Ernte-u.Betriebsbericht: Feldfrüchte und Grünland;JAHR;Jahr;2004;DINSG;Deutschland insgesamt;DG;Deutschland;FRUA01;Fruchtarten;FRUART032;Zuckerrüben;440545;ha;FLC016;Anbaufläche
41241;Ernte-u.Betriebsbericht: Feldfrüchte und Grünland;JAHR;Jahr;1988;DINSG;Deutschland insgesamt;DG;Deutschland;FRUA01;Fruchtarten;FRUART01OKM;Getreide (ohne Körnermais und CCM);4534606;ha;FLC016;Anbaufläche
41241;Ernte-u.Betriebsbericht: Feldfrüchte und Grünland;JAHR;Jahr;1978;DINSG;Deutschland insgesamt;DG;Deutschland;FRUA01;Fruchtarten;FRUART0121;Gerste;1951221;ha;FLC016;Anbaufläche
41241;Ernte-u.Betriebsbericht: Feldfrüchte und Grünland;JAHR;Jahr;1997;DINSG;Deutschland insgesamt;DG;Deutschland;FRUA01;Fruchtarten;FRUART067;Lupinen;.;ha;FLC016;Anbaufläche
41241;Ernte-u.Betriebsbericht: Feldfrüchte und Grünland;JAHR;Jahr;1991;DINSG;Deutschland insgesamt;DG;Deutschland;FRUA01;Fruchtarten;FRUART01113;Hartweizen (Durum);16066;ha;FLC016;Anbaufläche
41241;Ernte-u.Betriebsbericht: Feldfrüchte und Grünland;JAHR;Jahr;1958;DINSG;Deutschland insgesamt;DG;Deutschland;FRUA01;Fruchtarten;FRUART033;Runkelrüben;453454;ha;FLC016;Anbaufläche
41241;Ernte-u.Betriebsbericht: Feldfrüchte und Grünland;JAHR;Jahr;2008;DINSG;Deutschland insgesamt;DG;Deutschland;FRUA01;Fruchtarten;FRUART042;Gartenbausämereien,Vermehrungsanbau v.Blumenzwieb.;1100;ha;FLC016;Anbaufläche
41241;Ernte-u.Betriebsbericht: Feldfrüchte und Grünland;JAHR;Jahr;1981;DINSG;Deutschland insgesamt;DG;Deutschland;FRUA01;Fruchtarten;FRUART061;Klee, Kleegras und Klee-Luzerne-Gemisch;202659;ha;FLC016;Anbaufläche
41241;Ernte-u.Betriebsbericht: Feldfrüchte und Grünland;JAHR;Jahr;2007;DINSG;Deutschland insgesamt;DG;Deutschland;FRUA01;Fruchtarten;FRUART012;Futter- und Industriegetreide;2495713;ha;FLC016;Anbaufläche
41241;Ernte-u.Betriebsbericht: Feldfrüchte und Grünland;JAHR;Jahr;1990;DINSG;Deutschland insgesamt;DG;Deutschland;FRUA01;Fruchtarten;FRUART055;Heil- und Gewürzpflanzen;7164;ha;FLC016;Anbaufläche
41241;Ernte-u.Betriebsbericht: Feldfrüchte und Grünland;JAHR;Jahr;1959;DINSG;Deutschland insgesamt;DG;Deutschland;FRUA01;Fruchtarten;FRUART063;Feldgras/Grasanbau auf dem Ackerland;247341;ha;FLC016;Anbaufläche
41241;Ernte-u.Betriebsbericht: Feldfrüchte und Grünland;JAHR;Jahr;1998;DINSG;Deutschland insgesamt;DG;Deutschland;FRUA01;Fruchtarten;FRUART01111W;Weichweizen;2790768;ha;FLC016;Anbaufläche
41241;Ernte-u.Betriebsbericht: Feldfrüchte und Grünland;JAHR;Jahr;1969;DINSG;Deutschland insgesamt;DG;Deutschland;FRUA01;Fruchtarten;FRUART064;Silomais (einschl. Lieschkolbenschrot);149672;ha;FLC016;Anbaufläche
41241;Ernte-u.Betriebsbericht: Feldfrüchte und Grünland;JAHR;Jahr;1952;DINSG;Deutschland insgesamt;DG;Deutschland;FRUA01;Fruchtarten;FRUART051;Ölfrüchte;.;ha;FLC016;Anbaufläche
41241;Ernte-u.Betriebsbericht: Feldfrüchte und Grünland;JAHR;Jahr;1985;DINSG;Deutschland insgesamt;DG;Deutschland;FRUA01;Fruchtarten;FRUART01OKM;Getreide (ohne Körnermais und CCM);4703413;ha;FLC016;Anbaufläche
41241;Ernte-u.Betriebsbericht: Feldfrüchte und Grünland;JAHR;Jahr;1995;DINSG;Deutschland insgesamt;DG;Deutschland;FRUA01;Fruchtarten;FRUART051;Ölfrüchte;1091788;ha;FLC016;Anbaufläche
41241;Ernte-u.Betriebsbericht: Feldfrüchte und Grünland;JAHR;Jahr;1995;DINSG;Deutschland insgesamt;DG;Deutschland;FRUA01;Fruchtarten;FRUART0113;Wintermenggetreide;10410;ha;FLC016;Anbaufläche
41241;Ernte-u.Betriebsbericht: Feldfrüchte und Grünland;JAHR;Jahr;1969;DINSG;Deutschland insgesamt;DG;Deutschland;FRUA01;Fruchtarten;FRUART051;Ölfrüchte;.;ha;FLC016;Anbaufläche
41241;Ernte-u.Betriebsbericht: Feldfrüchte und Grünland;JAHR;Jahr;2009;DINSG;Deutschland insgesamt;DG;Deutschland;FRUA01;Fruchtarten;FRUART063;Feldgras/Grasanbau auf dem Ackerland;400500;ha;FLC016;Anbaufläche
41241;Ernte-u.Betriebsbericht: Feldfrüchte und Grünland;JAHR;Jahr;1964;DINSG;Deutschland insgesamt;DG;Deutschland;FRUA01;Fruchtarten;FRUART0122;Hafer;766358;ha;FLC016;Anbaufläche
41241;Ernte-u.Betriebsbericht: Feldfrüchte und Grünland;JAHR;Jahr;1987;DINSG;Deutschland insgesamt;DG;Deutschland;FRUA01;Fruchtarten;FRUART0122;Hafer;458790;ha;FLC016;Anbaufläche
41241;Ernte-u.Betriebsbericht: Feldfrüchte und Grünland;JAHR;Jahr;2007;DINSG;Deutschland insgesamt;DG;Deutschland;FRUA01;Fruchtarten;FRUART01113;Hartweizen (Durum);7574;ha;FLC016;Anbaufläche
41241;Ernte-u.Betriebsbericht: Feldfrüchte und Grünland;JAHR;Jahr;1994;DINSG;Deutschland insgesamt;DG;Deutschland;FRUA01;Fruchtarten;FRUART021;Futtererbsen;45288;ha;FLC016;Anbaufläche
41241;Ernte-u.Betriebsbericht: Feldfrüchte und Grünland;JAHR;Jahr;1976;DINSG;Deutschland insgesamt;DG;Deutschland;FRUA01;Fruchtarten;FRUART031MUS;Mittelfrühe und späte Kartoffeln;377910;ha;FLC016;Anbaufläche
41241;Ernte-u.Betriebsbericht: Feldfrüchte und Grünland;JAHR;Jahr;1969;DINSG;Deutschland insgesamt;DG;Deutschland;FRUA01;Fruchtarten;FRUART0122;Hafer;859875;ha;FLC016;Anbaufläche
41241;Ernte-u.Betriebsbericht: Feldfrüchte und Grünland;JAHR;Jahr;1963;DINSG;Deutschland insgesamt;DG;Deutschland;FRUA01;Fruchtarten;FRUART01212;Sommergerste;835938;ha;FLC016;Anbaufläche
41241;Ernte-u.Betriebsbericht: Feldfrüchte und Grünland;JAHR;Jahr;2009;DINSG;Deutschland insgesamt;DG;Deutschland;FRUA01;Fruchtarten;FRUART01111;Winterweizen;3178400;ha;FLC016;Anbaufläche
41241;Ernte-u.Betriebsbericht: Feldfrüchte und Grünland;JAHR;Jahr;1951;DINSG;Deutschland insgesamt;DG;Deutschland;FRUA01;Fruchtarten;FRUART056;Alle anderen Handelsgewächse;30890;ha;FLC016;Anbaufläche
41241;Ernte-u.Betriebsbericht: Feldfrüchte und Grünland;JAHR;Jahr;2004;DINSG;Deutschland insgesamt;DG;Deutschland;FRUA01;Fruchtarten;FRUART0122;Hafer;227829;ha;FLC016;Anbaufläche
41241;Ernte-u.Betriebsbericht: Feldfrüchte und Grünland;JAHR;Jahr;1956;DINSG;Deutschland insgesamt;DG;Deutschland;FRUA01;Fruchtarten;FRUART061;Klee, Kleegras und Klee-Luzerne-Gemisch;697698;ha;FLC016;Anbaufläche
41241;Ernte-u.Betriebsbericht: Feldfrüchte und Grünland;JAHR;Jahr;1955;DINSG;Deutschland insgesamt;DG;Deutschland;FRUA01;Fruchtarten;FRUART066;Alle anderen Futterpflanzen;47686;ha;FLC016;Anbaufläche
41241;Ernte-u.Betriebsbericht: Feldfrüchte und Grünland;JAHR;Jahr;1982;DINSG;Deutschland insgesamt;DG;Deutschland;FRUA01;Fruchtarten;FRUART012;Futter- und Industriegetreide;2909059;ha;FLC016;Anbaufläche
41241;Ernte-u.Betriebsbericht: Feldfrüchte und Grünland;JAHR;Jahr;1979;DINSG;Deutschland insgesamt;DG;Deutschland;FRUA01;Fruchtarten;FRUART031;Kartoffeln;275839;ha;FLC016;Anbaufläche
41241;Ernte-u.Betriebsbericht: Feldfrüchte und Grünland;JAHR;Jahr;2002;DINSG;Deutschland insgesamt;DG;Deutschland;FRUA01;Fruchtarten;FRUART013CCM;Körnermais (einschl. CCM);398745;ha;FLC016;Anbaufläche
41241;Ernte-u.Betriebsbericht: Feldfrüchte und Grünland;JAHR;Jahr;1999;DINSG;Deutschland insgesamt;DG;Deutschland;FRUA01;Fruchtarten;FRUART061;Klee, Kleegras und Klee-Luzerne-Gemisch;201224;ha;FLC016;Anbaufläche
41241;Ernte-u.Betriebsbericht: Feldfrüchte und Grünland;JAHR;Jahr;1998;DINSG;Deutschland insgesamt;DG;Deutschland;FRUA01;Fruchtarten;FRUART031;Kartoffeln;297267;ha;FLC016;Anbaufläche
41241;Ernte-u.Betriebsbericht: Feldfrüchte und Grünland;JAHR;Jahr;2001;DINSG;Deutschland insgesamt;DG;Deutschland;FRUA01;Fruchtarten;FRUART0112;Roggen;836981;ha;FLC016;Anbaufläche
41241;Ernte-u.Betriebsbericht: Feldfrüchte und Grünland;JAHR;Jahr;1969;DINSG;Deutschland insgesamt;DG;Deutschland;FRUA01;Fruchtarten;FRUART01211;Wintergerste;420327;ha;FLC016;Anbaufläche
41241;Ernte-u.Betriebsbericht: Feldfrüchte und Grünland;JAHR;Jahr;1953;DINSG;Deutschland insgesamt;DG;Deutschland;FRUA01;Fruchtarten;FRUART01113;Hartweizen (Durum);.;ha;FLC016;Anbaufläche
41241;Ernte-u.Betriebsbericht: Feldfrüchte und Grünland;JAHR;Jahr;2008;DINSG;Deutschland insgesamt;DG;Deutschland;FRUA01;Fruchtarten;FRUART0514;Andere Ölfrüchte;4900;ha;FLC016;Anbaufläche
41241;Ernte-u.Betriebsbericht: Feldfrüchte und Grünland;JAHR;Jahr;2008;DINSG;Deutschland insgesamt;DG;Deutschland;FRUA01;Fruchtarten;FRUART04OS;Gemüse, Spargel, Erdbeeren (ohne Samenbau);121000;ha;FLC016;Anbaufläche
41241;Ernte-u.Betriebsbericht: Feldfrüchte und Grünland;JAHR;Jahr;1984;DINSG;Deutschland insgesamt;DG;Deutschland;FRUA01;Fruchtarten;FRUART063;Feldgras/Grasanbau auf dem Ackerland;112749;ha;FLC016;Anbaufläche
41241;Ernte-u.Betriebsbericht: Feldfrüchte und Grünland;JAHR;Jahr;1971;DINSG;Deutschland insgesamt;DG;Deutschland;FRUA01;Fruchtarten;FRUART01212;Sommergerste;981410;ha;FLC016;Anbaufläche
41241;Ernte-u.Betriebsbericht: Feldfrüchte und Grünland;JAHR;Jahr;1971;DINSG;Deutschland insgesamt;DG;Deutschland;FRUA01;Fruchtarten;FRUART031FSK;Frühe Speisekartoffeln;34081;ha;FLC016;Anbaufläche
41241;Ernte-u.Betriebsbericht: Feldfrüchte und Grünland;JAHR;Jahr;2001;DINSG;Deutschland insgesamt;DG;Deutschland;FRUA01;Fruchtarten;FRUART056;Alle anderen Handelsgewächse;5626;ha;FLC016;Anbaufläche
41241;Ernte-u.Betriebsbericht: Feldfrüchte und Grünland;JAHR;Jahr;1983;DINSG;Deutschland insgesamt;DG;Deutschland;FRUA01;Fruchtarten;FRUART033;Runkelrüben;119795;ha;FLC016;Anbaufläche
41241;Ernte-u.Betriebsbericht: Feldfrüchte und Grünland;JAHR;Jahr;1951;DINSG;Deutschland insgesamt;DG;Deutschland;FRUA01;Fruchtarten;FRUART0111;Weizen;1037141;ha;FLC016;Anbaufläche
41241;Ernte-u.Betriebsbericht: Feldfrüchte und Grünland;JAHR;Jahr;1968;DINSG;Deutschland insgesamt;DG;Deutschland;FRUA01;Fruchtarten;FRUART056;Alle anderen Handelsgewächse;5160;ha;FLC016;Anbaufläche
41241;Ernte-u.Betriebsbericht: Feldfrüchte und Grünland;JAHR;Jahr;1978;DINSG;Deutschland insgesamt;DG;Deutschland;FRUA01;Fruchtarten;FRUART014;Corn-Cob-Mix;.;ha;FLC016;Anbaufläche
41241;Ernte-u.Betriebsbericht: Feldfrüchte und Grünland;JAHR;Jahr;2008;DINSG;Deutschland insgesamt;DG;Deutschland;FRUA01;Fruchtarten;FRUART055;Heil- und Gewürzpflanzen;5700;ha;FLC016;Anbaufläche
41241;Ernte-u.Betriebsbericht: Feldfrüchte und Grünland;JAHR;Jahr;1962;DINSG;Deutschland insgesamt;DG;Deutschland;FRUA01;Fruchtarten;FRUART031MUS;Mittelfrühe und späte Kartoffeln;901259;ha;FLC016;Anbaufläche
41241;Ernte-u.Betriebsbericht: Feldfrüchte und Grünland;JAHR;Jahr;1973;DINSG;Deutschland insgesamt;DG;Deutschland;FRUA01;Fruchtarten;FRUART062;Luzerne;.;ha;FLC016;Anbaufläche
41241;Ernte-u.Betriebsbericht: Feldfrüchte und Grünland;JAHR;Jahr;1994;DINSG;Deutschland insgesamt;DG;Deutschland;FRUA01;Fruchtarten;FRUART013CCM;Körnermais (einschl. CCM);345439;ha;FLC016;Anbaufläche
41241;Ernte-u.Betriebsbericht: Feldfrüchte und Grünland;JAHR;Jahr;1991;DINSG;Deutschland insgesamt;DG;Deutschland;FRUA01;Fruchtarten;FRUART031SPK;Speisekartoffeln;153649;ha;FLC016;Anbaufläche
41241;Ernte-u.Betriebsbericht: Feldfrüchte und Grünland;JAHR;Jahr;1984;DINSG;Deutschland insgesamt;DG;Deutschland;FRUA01;Fruchtarten;FRUART0513;Körnersonnenblumen;.;ha;FLC016;Anbaufläche
41241;Ernte-u.Betriebsbericht: Feldfrüchte und Grünland;JAHR;Jahr;1993;DINSG;Deutschland insgesamt;DG;Deutschland;FRUA01;Fruchtarten;FRUART013;Körnermais;239980;ha;FLC016;Anbaufläche
41241;Ernte-u.Betriebsbericht: Feldfrüchte und Grünland;JAHR;Jahr;2000;DINSG;Deutschland insgesamt;DG;Deutschland;FRUA01;Fruchtarten;FRUART01111W;Weichweizen;2960322;ha;FLC016;Anbaufläche
41241;Ernte-u.Betriebsbericht: Feldfrüchte und Grünland;JAHR;Jahr;1967;DINSG;Deutschland insgesamt;DG;Deutschland;FRUA01;Fruchtarten;FRUART013;Körnermais;.;ha;FLC016;Anbaufläche
41241;Ernte-u.Betriebsbericht: Feldfrüchte und Grünland;JAHR;Jahr;1972;DINSG;Deutschland insgesamt;DG;Deutschland;FRUA01;Fruchtarten;FRUART032;Zuckerrüben;331350;ha;FLC016;Anbaufläche
41241;Ernte-u.Betriebsbericht: Feldfrüchte und Grünland;JAHR;Jahr;1959;DINSG;Deutschland insgesamt;DG;Deutschland;FRUA01;Fruchtarten;FRUART05111;Winterraps;20031;ha;FLC016;Anbaufläche
41241;Ernte-u.Betriebsbericht: Feldfrüchte und Grünland;JAHR;Jahr;1952;DINSG;Deutschland insgesamt;DG;Deutschland;FRUA01;Fruchtarten;FRUART064;Silomais (einschl. Lieschkolbenschrot);40452;ha;FLC016;Anbaufläche
41241;Ernte-u.Betriebsbericht: Feldfrüchte und Grünland;JAHR;Jahr;1969;DINSG;Deutschland insgesamt;DG;Deutschland;FRUA01;Fruchtarten;FRUART013CCM;Körnermais (einschl. CCM);81391;ha;FLC016;Anbaufläche
41241;Ernte-u.Betriebsbericht: Feldfrüchte und Grünland;JAHR;Jahr;1970;DINSG;Deutschland insgesamt;DG;Deutschland;FRUA01;Fruchtarten;FRUART0113;Wintermenggetreide;37507;ha;FLC016;Anbaufläche
41241;Ernte-u.Betriebsbericht: Feldfrüchte und Grünland;JAHR;Jahr;1950;DINSG;Deutschland insgesamt;DG;Deutschland;FRUA01;Fruchtarten;FRUART0514;Andere Ölfrüchte;.;ha;FLC016;Anbaufläche
41241;Ernte-u.Betriebsbericht: Feldfrüchte und Grünland;JAHR;Jahr;1950;DINSG;Deutschland insgesamt;DG;Deutschland;FRUA01;Fruchtarten;FRUART04OS;Gemüse, Spargel, Erdbeeren (ohne Samenbau);.;ha;FLC016;Anbaufläche
41241;Ernte-u.Betriebsbericht: Feldfrüchte und Grünland;JAHR;Jahr;1961;DINSG;Deutschland insgesamt;DG;Deutschland;FRUA01;Fruchtarten;FRUART031;Kartoffeln;976281;ha;FLC016;Anbaufläche
41241;Ernte-u.Betriebsbericht: Feldfrüchte und Grünland;JAHR;Jahr;1962;DINSG;Deutschland insgesamt;DG;Deutschland;FRUA01;Fruchtarten;FRUART061;Klee, Kleegras und Klee-Luzerne-Gemisch;573539;ha;FLC016;Anbaufläche
41241;Ernte-u.Betriebsbericht: Feldfrüchte und Grünland;JAHR;Jahr;1975;DINSG;Deutschland insgesamt;DG;Deutschland;FRUA01;Fruchtarten;FRUART034;Alle anderen Hackfrüchte;19873;ha;FLC016;Anbaufläche
41241;Ernte-u.Betriebsbericht: Feldfrüchte und Grünland;JAHR;Jahr;1980;DINSG;Deutschland insgesamt;DG;Deutschland;FRUA01;Fruchtarten;FRUART01111;Winterweizen;1532499;ha;FLC016;Anbaufläche
41241;Ernte-u.Betriebsbericht: Feldfrüchte und Grünland;JAHR;Jahr;1997;DINSG;Deutschland insgesamt;DG;Deutschland;FRUA01;Fruchtarten;FRUART023;Alle anderen Hülsenfrüchte;39448;ha;FLC016;Anbaufläche
41241;Ernte-u.Betriebsbericht: Feldfrüchte und Grünland;JAHR;Jahr;1965;DINSG;Deutschland insgesamt;DG;Deutschland;FRUA01;Fruchtarten;FRUART041;Blumen u. Zierpflanzen einschl.Jungpfl.(o.Samenb.);.;ha;FLC016;Anbaufläche
41241;Ernte-u.Betriebsbericht: Feldfrüchte und Grünland;JAHR;Jahr;1991;DINSG;Deutschland insgesamt;DG;Deutschland;FRUA01;Fruchtarten;FRUART041;Blumen u. Zierpflanzen einschl.Jungpfl.(o.Samenb.);10049;ha;FLC016;Anbaufläche
41241;Ernte-u.Betriebsbericht: Feldfrüchte und Grünland;JAHR;Jahr;1977;DINSG;Deutschland insgesamt;DG;Deutschland;FRUA01;Fruchtarten;FRUART01111W;Weichweizen;.;ha;FLC016;Anbaufläche
41241;Ernte-u.Betriebsbericht: Feldfrüchte und Grünland;JAHR;Jahr;1990;DINSG;Deutschland insgesamt;DG;Deutschland;FRUA01;Fruchtarten;FRUART011;Brotgetreide;3496714;ha;FLC016;Anbaufläche
41241;Ernte-u.Betriebsbericht: Feldfrüchte und Grünland;JAHR;Jahr;2009;DINSG;Deutschland insgesamt;DG;Deutschland;FRUA01;Fruchtarten;FRUART0111;Weizen;3226000;ha;FLC016;Anbaufläche
41241;Ernte-u.Betriebsbericht: Feldfrüchte und Grünland;JAHR;Jahr;2005;DINSG;Deutschland insgesamt;DG;Deutschland;FRUA01;Fruchtarten;FRUART053;Tabak;4600;ha;FLC016;Anbaufläche
41241;Ernte-u.Betriebsbericht: Feldfrüchte und Grünland;JAHR;Jahr;1984;DINSG;Deutschland insgesamt;DG;Deutschland;FRUA01;Fruchtarten;FRUART01111W;Weichweizen;.;ha;FLC016;Anbaufläche
41241;Ernte-u.Betriebsbericht: Feldfrüchte und Grünland;JAHR;Jahr;2009;DINSG;Deutschland insgesamt;DG;Deutschland;FRUA01;Fruchtarten;FRUART0512;Flachs (Lein);4100;ha;FLC016;Anbaufläche
41241;Ernte-u.Betriebsbericht: Feldfrüchte und Grünland;JAHR;Jahr;1993;DINSG;Deutschland insgesamt;DG;Deutschland;FRUA01;Fruchtarten;FRUART031;Kartoffeln;312332;ha;FLC016;Anbaufläche
41241;Ernte-u.Betriebsbericht: Feldfrüchte und Grünland;JAHR;Jahr;1990;DINSG;Deutschland insgesamt;DG;Deutschland;FRUA01;Fruchtarten;FRUART01OKM;Getreide (ohne Körnermais und CCM);6719865;ha;FLC016;Anbaufläche
41241;Ernte-u.Betriebsbericht: Feldfrüchte und Grünland;JAHR;Jahr;1999;DINSG;Deutschland insgesamt;DG;Deutschland;FRUA01;Fruchtarten;FRUART013;Körnermais;273994;ha;FLC016;Anbaufläche
41241;Ernte-u.Betriebsbericht: Feldfrüchte und Grünland;JAHR;Jahr;1951;DINSG;Deutschland insgesamt;DG;Deutschland;FRUA01;Fruchtarten;FRUART012;Futter- und Industriegetreide;1994660;ha;FLC016;Anbaufläche
41241;Ernte-u.Betriebsbericht: Feldfrüchte und Grünland;JAHR;Jahr;2004;DINSG;Deutschland insgesamt;DG;Deutschland;FRUA01;Fruchtarten;FRUART014;Corn-Cob-Mix;91675;ha;FLC016;Anbaufläche
41241;Ernte-u.Betriebsbericht: Feldfrüchte und Grünland;JAHR;Jahr;1986;DINSG;Deutschland insgesamt;DG;Deutschland;FRUA01;Fruchtarten;FRUART053;Tabak;.;ha;FLC016;Anbaufläche
41241;Ernte-u.Betriebsbericht: Feldfrüchte und Grünland;JAHR;Jahr;1985;DINSG;Deutschland insgesamt;DG;Deutschland;FRUA01;Fruchtarten;FRUART023;Alle anderen Hülsenfrüchte;19845;ha;FLC016;Anbaufläche
41241;Ernte-u.Betriebsbericht: Feldfrüchte und Grünland;JAHR;Jahr;1998;DINSG;Deutschland insgesamt;DG;Deutschland;FRUA01;Fruchtarten;FRUART013CCM;Körnermais (einschl. CCM);341029;ha;FLC016;Anbaufläche
41241;Ernte-u.Betriebsbericht: Feldfrüchte und Grünland;JAHR;Jahr;1988;DINSG;Deutschland insgesamt;DG;Deutschland;FRUA01;Fruchtarten;FRUART01211;Wintergerste;1110044;ha;FLC016;Anbaufläche
41241;Ernte-u.Betriebsbericht: Feldfrüchte und Grünland;JAHR;Jahr;1997;DINSG;Deutschland insgesamt;DG;Deutschland;FRUA01;Fruchtarten;FRUART041;Blumen u. Zierpflanzen einschl.Jungpfl.(o.Samenb.);8841;ha;FLC016;Anbaufläche
41241;Ernte-u.Betriebsbericht: Feldfrüchte und Grünland;JAHR;Jahr;1960;DINSG;Deutschland insgesamt;DG;Deutschland;FRUA01;Fruchtarten;FRUART023;Alle anderen Hülsenfrüchte;19802;ha;FLC016;Anbaufläche
41241;Ernte-u.Betriebsbericht: Feldfrüchte und Grünland;JAHR;Jahr;1955;DINSG;Deutschland insgesamt;DG;Deutschland;FRUA01;Fruchtarten;FRUART022;Ackerbohnen;13921;ha;FLC016;Anbaufläche
41241;Ernte-u.Betriebsbericht: Feldfrüchte und Grünland;JAHR;Jahr;1972;DINSG;Deutschland insgesamt;DG;Deutschland;FRUA01;Fruchtarten;FRUART063;Feldgras/Grasanbau auf dem Ackerland;196867;ha;FLC016;Anbaufläche
41241;Ernte-u.Betriebsbericht: Feldfrüchte und Grünland;JAHR;Jahr;1979;DINSG;Deutschland insgesamt;DG;Deutschland;FRUA01;Fruchtarten;FRUART05112;Sommerraps, Winter- und Sommerrübsen;8205;ha;FLC016;Anbaufläche
41241;Ernte-u.Betriebsbericht: Feldfrüchte und Grünland;JAHR;Jahr;1996;DINSG;Deutschland insgesamt;DG;Deutschland;FRUA01;Fruchtarten;FRUART011;Brotgetreide;3414781;ha;FLC016;Anbaufläche
41241;Ernte-u.Betriebsbericht: Feldfrüchte und Grünland;JAHR;Jahr;2002;DINSG;Deutschland insgesamt;DG;Deutschland;FRUA01;Fruchtarten;FRUART042;Gartenbausämereien,Vermehrungsanbau v.Blumenzwieb.;434;ha;FLC016;Anbaufläche
41241;Ernte-u.Betriebsbericht: Feldfrüchte und Grünland;JAHR;Jahr;1964;DINSG;Deutschland insgesamt;DG;Deutschland;FRUA01;Fruchtarten;FRUART033;Runkelrüben;383937;ha;FLC016;Anbaufläche
41241;Ernte-u.Betriebsbericht: Feldfrüchte und Grünland;JAHR;Jahr;1967;DINSG;Deutschland insgesamt;DG;Deutschland;FRUA01;Fruchtarten;FRUART01113;Hartweizen (Durum);.;ha;FLC016;Anbaufläche
41241;Ernte-u.Betriebsbericht: Feldfrüchte und Grünland;JAHR;Jahr;2001;DINSG;Deutschland insgesamt;DG;Deutschland;FRUA01;Fruchtarten;FRUART012;Futter- und Industriegetreide;2905765;ha;FLC016;Anbaufläche
41241;Ernte-u.Betriebsbericht: Feldfrüchte und Grünland;JAHR;Jahr;1981;DINSG;Deutschland insgesamt;DG;Deutschland;FRUA01;Fruchtarten;FRUART0124;Triticale;.;ha;FLC016;Anbaufläche
41241;Ernte-u.Betriebsbericht: Feldfrüchte und Grünland;JAHR;Jahr;1983;DINSG;Deutschland insgesamt;DG;Deutschland;FRUA01;Fruchtarten;FRUART0511;Raps und Rübsen;231618;ha;FLC016;Anbaufläche
41241;Ernte-u.Betriebsbericht: Feldfrüchte und Grünland;JAHR;Jahr;1956;DINSG;Deutschland insgesamt;DG;Deutschland;FRUA01;Fruchtarten;FRUART01111;Winterweizen;1007641;ha;FLC016;Anbaufläche
41241;Ernte-u.Betriebsbericht: Feldfrüchte und Grünland;JAHR;Jahr;1975;DINSG;Deutschland insgesamt;DG;Deutschland;FRUA01;Fruchtarten;FRUART021;Futtererbsen;.;ha;FLC016;Anbaufläche
41241;Ernte-u.Betriebsbericht: Feldfrüchte und Grünland;JAHR;Jahr;2008;DINSG;Deutschland insgesamt;DG;Deutschland;FRUA01;Fruchtarten;FRUART011;Brotgetreide;3960200;ha;FLC016;Anbaufläche
41241;Ernte-u.Betriebsbericht: Feldfrüchte und Grünland;JAHR;Jahr;1959;DINSG;Deutschland insgesamt;DG;Deutschland;FRUA01;Fruchtarten;FRUART032;Zuckerrüben;287158;ha;FLC016;Anbaufläche
41241;Ernte-u.Betriebsbericht: Feldfrüchte und Grünland;JAHR;Jahr;1950;DINSG;Deutschland insgesamt;DG;Deutschland;FRUA01;Fruchtarten;FRUART01OKM;Getreide (ohne Körnermais und CCM);4436874;ha;FLC016;Anbaufläche
41241;Ernte-u.Betriebsbericht: Feldfrüchte und Grünland;JAHR;Jahr;1964;DINSG;Deutschland insgesamt;DG;Deutschland;FRUA01;Fruchtarten;FRUART031FSK;Frühe Speisekartoffeln;57118;ha;FLC016;Anbaufläche
41241;Ernte-u.Betriebsbericht: Feldfrüchte und Grünland;JAHR;Jahr;1960;DINSG;Deutschland insgesamt;DG;Deutschland;FRUA01;Fruchtarten;FRUART01111W;Weichweizen;.;ha;FLC016;Anbaufläche
41241;Ernte-u.Betriebsbericht: Feldfrüchte und Grünland;JAHR;Jahr;2005;DINSG;Deutschland insgesamt;DG;Deutschland;FRUA01;Fruchtarten;FRUART066;Alle anderen Futterpflanzen;37200;ha;FLC016;Anbaufläche
41241;Ernte-u.Betriebsbericht: Feldfrüchte und Grünland;JAHR;Jahr;1951;DINSG;Deutschland insgesamt;DG;Deutschland;FRUA01;Fruchtarten;FRUART0124;Triticale;.;ha;FLC016;Anbaufläche
41241;Ernte-u.Betriebsbericht: Feldfrüchte und Grünland;JAHR;Jahr;1993;DINSG;Deutschland insgesamt;DG;Deutschland;FRUA01;Fruchtarten;FRUART01OKM;Getreide (ohne Körnermais und CCM);5892472;ha;FLC016;Anbaufläche
41241;Ernte-u.Betriebsbericht: Feldfrüchte und Grünland;JAHR;Jahr;1972;DINSG;Deutschland insgesamt;DG;Deutschland;FRUA01;Fruchtarten;FRUART0112;Roggen;842907;ha;FLC016;Anbaufläche
41241;Ernte-u.Betriebsbericht: Feldfrüchte und Grünland;JAHR;Jahr;1988;DINSG;Deutschland insgesamt;DG;Deutschland;FRUA01;Fruchtarten;FRUART0124;Triticale;19813;ha;FLC016;Anbaufläche
41241;Ernte-u.Betriebsbericht: Feldfrüchte und Grünland;JAHR;Jahr;1958;DINSG;Deutschland insgesamt;DG;Deutschland;FRUA01;Fruchtarten;FRUART0113;Wintermenggetreide;73942;ha;FLC016;Anbaufläche
41241;Ernte-u.Betriebsbericht: Feldfrüchte und Grünland;JAHR;Jahr;1986;DINSG;Deutschland insgesamt;DG;Deutschland;FRUA01;Fruchtarten;FRUART0512;Flachs (Lein);.;ha;FLC016;Anbaufläche
41241;Ernte-u.Betriebsbericht: Feldfrüchte und Grünland;JAHR;Jahr;1992;DINSG;Deutschland insgesamt;DG;Deutschland;FRUA01;Fruchtarten;FRUART031MUS;Mittelfrühe und späte Kartoffeln;335602;ha;FLC016;Anbaufläche
41241;Ernte-u.Betriebsbericht: Feldfrüchte und Grünland;JAHR;Jahr;1971;DINSG;Deutschland insgesamt;DG;Deutschland;FRUA01;Fruchtarten;FRUART011;Brotgetreide;2450315;ha;FLC016;Anbaufläche
41241;Ernte-u.Betriebsbericht: Feldfrüchte und Grünland;JAHR;Jahr;1972;DINSG;Deutschland insgesamt;DG;Deutschland;FRUA01;Fruchtarten;FRUART031SPK;Speisekartoffeln;.;ha;FLC016;Anbaufläche
41241;Ernte-u.Betriebsbericht: Feldfrüchte und Grünland;JAHR;Jahr;1993;DINSG;Deutschland insgesamt;DG;Deutschland;FRUA01;Fruchtarten;FRUART0514;Andere Ölfrüchte;8408;ha;FLC016;Anbaufläche
41241;Ernte-u.Betriebsbericht: Feldfrüchte und Grünland;JAHR;Jahr;1993;DINSG;Deutschland insgesamt;DG;Deutschland;FRUA01;Fruchtarten;FRUART04OS;Gemüse, Spargel, Erdbeeren (ohne Samenbau);80476;ha;FLC016;Anbaufläche
41241;Ernte-u.Betriebsbericht: Feldfrüchte und Grünland;JAHR;Jahr;1997;DINSG;Deutschland insgesamt;DG;Deutschland;FRUA01;Fruchtarten;FRUART0123;Sommermenggetreide;46731;ha;FLC016;Anbaufläche
41241;Ernte-u.Betriebsbericht: Feldfrüchte und Grünland;JAHR;Jahr;2005;DINSG;Deutschland insgesamt;DG;Deutschland;FRUA01;Fruchtarten;FRUART0513;Körnersonnenblumen;27100;ha;FLC016;Anbaufläche
41241;Ernte-u.Betriebsbericht: Feldfrüchte und Grünland;JAHR;Jahr;1978;DINSG;Deutschland insgesamt;DG;Deutschland;FRUA01;Fruchtarten;FRUART032;Zuckerrüben;402213;ha;FLC016;Anbaufläche
41241;Ernte-u.Betriebsbericht: Feldfrüchte und Grünland;JAHR;Jahr;2003;DINSG;Deutschland insgesamt;DG;Deutschland;FRUA01;Fruchtarten;FRUART0111;Weizen;2963731;ha;FLC016;Anbaufläche
41241;Ernte-u.Betriebsbericht: Feldfrüchte und Grünland;JAHR;Jahr;1997;DINSG;Deutschland insgesamt;DG;Deutschland;FRUA01;Fruchtarten;FRUART054;Rüben und Gräser zur Samengewinnung;29742;ha;FLC016;Anbaufläche
41241;Ernte-u.Betriebsbericht: Feldfrüchte und Grünland;JAHR;Jahr;1961;DINSG;Deutschland insgesamt;DG;Deutschland;FRUA01;Fruchtarten;FRUART0512;Flachs (Lein);.;ha;FLC016;Anbaufläche
41241;Ernte-u.Betriebsbericht: Feldfrüchte und Grünland;JAHR;Jahr;1990;DINSG;Deutschland insgesamt;DG;Deutschland;FRUA01;Fruchtarten;FRUART042;Gartenbausämereien,Vermehrungsanbau v.Blumenzwieb.;12517;ha;FLC016;Anbaufläche
41241;Ernte-u.Betriebsbericht: Feldfrüchte und Grünland;JAHR;Jahr;1959;DINSG;Deutschland insgesamt;DG;Deutschland;FRUA01;Fruchtarten;FRUART01111;Winterweizen;1219053;ha;FLC016;Anbaufläche
41241;Ernte-u.Betriebsbericht: Feldfrüchte und Grünland;JAHR;Jahr;1979;DINSG;Deutschland insgesamt;DG;Deutschland;FRUA01;Fruchtarten;FRUART062;Luzerne;.;ha;FLC016;Anbaufläche
41241;Ernte-u.Betriebsbericht: Feldfrüchte und Grünland;JAHR;Jahr;1963;DINSG;Deutschland insgesamt;DG;Deutschland;FRUA01;Fruchtarten;FRUART0111;Weizen;1382120;ha;FLC016;Anbaufläche
41241;Ernte-u.Betriebsbericht: Feldfrüchte und Grünland;JAHR;Jahr;2007;DINSG;Deutschland insgesamt;DG;Deutschland;FRUA01;Fruchtarten;FRUART0112;Roggen;670939;ha;FLC016;Anbaufläche
41241;Ernte-u.Betriebsbericht: Feldfrüchte und Grünland;JAHR;Jahr;1955;DINSG;Deutschland insgesamt;DG;Deutschland;FRUA01;Fruchtarten;FRUART013CCM;Körnermais (einschl. CCM);6798;ha;FLC016;Anbaufläche
41241;Ernte-u.Betriebsbericht: Feldfrüchte und Grünland;JAHR;Jahr;2002;DINSG;Deutschland insgesamt;DG;Deutschland;FRUA01;Fruchtarten;FRUART055;Heil- und Gewürzpflanzen;5363;ha;FLC016;Anbaufläche
41241;Ernte-u.Betriebsbericht: Feldfrüchte und Grünland;JAHR;Jahr;1983;DINSG;Deutschland insgesamt;DG;Deutschland;FRUA01;Fruchtarten;FRUART064;Silomais (einschl. Lieschkolbenschrot);807189;ha;FLC016;Anbaufläche
41241;Ernte-u.Betriebsbericht: Feldfrüchte und Grünland;JAHR;Jahr;1981;DINSG;Deutschland insgesamt;DG;Deutschland;FRUA01;Fruchtarten;FRUART0111;Weizen;1631500;ha;FLC016;Anbaufläche
41241;Ernte-u.Betriebsbericht: Feldfrüchte und Grünland;JAHR;Jahr;1960;DINSG;Deutschland insgesamt;DG;Deutschland;FRUA01;Fruchtarten;FRUART067;Lupinen;.;ha;FLC016;Anbaufläche
41241;Ernte-u.Betriebsbericht: Feldfrüchte und Grünland;JAHR;Jahr;1975;DINSG;Deutschland insgesamt;DG;Deutschland;FRUA01;Fruchtarten;FRUART052;Hopfen;20035;ha;FLC016;Anbaufläche
41241;Ernte-u.Betriebsbericht: Feldfrüchte und Grünland;JAHR;Jahr;1994;DINSG;Deutschland insgesamt;DG;Deutschland;FRUA01;Fruchtarten;FRUART052;Hopfen;21947;ha;FLC016;Anbaufläche
41241;Ernte-u.Betriebsbericht: Feldfrüchte und Grünland;JAHR;Jahr;1985;DINSG;Deutschland insgesamt;DG;Deutschland;FRUA01;Fruchtarten;FRUART0123;Sommermenggetreide;108382;ha;FLC016;Anbaufläche
41241;Ernte-u.Betriebsbericht: Feldfrüchte und Grünland;JAHR;Jahr;1953;DINSG;Deutschland insgesamt;DG;Deutschland;FRUA01;Fruchtarten;FRUART063;Feldgras/Grasanbau auf dem Ackerland;240508;ha;FLC016;Anbaufläche
41241;Ernte-u.Betriebsbericht: Feldfrüchte und Grünland;JAHR;Jahr;1950;DINSG;Deutschland insgesamt;DG;Deutschland;FRUA01;Fruchtarten;FRUART031INK;Industriekartoffeln;.;ha;FLC016;Anbaufläche
41241;Ernte-u.Betriebsbericht: Feldfrüchte und Grünland;JAHR;Jahr;1975;DINSG;Deutschland insgesamt;DG;Deutschland;FRUA01;Fruchtarten;FRUART01111;Winterweizen;1237034;ha;FLC016;Anbaufläche
41241;Ernte-u.Betriebsbericht: Feldfrüchte und Grünland;JAHR;Jahr;2006;DINSG;Deutschland insgesamt;DG;Deutschland;FRUA01;Fruchtarten;FRUART065;Raufutter;4667000;ha;FLC016;Anbaufläche
41241;Ernte-u.Betriebsbericht: Feldfrüchte und Grünland;JAHR;Jahr;1974;DINSG;Deutschland insgesamt;DG;Deutschland;FRUA01;Fruchtarten;FRUART022;Ackerbohnen;21640;ha;FLC016;Anbaufläche
41241;Ernte-u.Betriebsbericht: Feldfrüchte und Grünland;JAHR;Jahr;2009;DINSG;Deutschland insgesamt;DG;Deutschland;FRUA01;Fruchtarten;FRUART013CCM;Körnermais (einschl. CCM);464300;ha;FLC016;Anbaufläche
41241;Ernte-u.Betriebsbericht: Feldfrüchte und Grünland;JAHR;Jahr;1970;DINSG;Deutschland insgesamt;DG;Deutschland;FRUA01;Fruchtarten;FRUART05111;Winterraps;74384;ha;FLC016;Anbaufläche
41241;Ernte-u.Betriebsbericht: Feldfrüchte und Grünland;JAHR;Jahr;1966;DINSG;Deutschland insgesamt;DG;Deutschland;FRUA01;Fruchtarten;FRUART01OKM;Getreide (ohne Körnermais und CCM);4908029;ha;FLC016;Anbaufläche
41241;Ernte-u.Betriebsbericht: Feldfrüchte und Grünland;JAHR;Jahr;1986;DINSG;Deutschland insgesamt;DG;Deutschland;FRUA01;Fruchtarten;FRUART066;Alle anderen Futterpflanzen;6534;ha;FLC016;Anbaufläche
41241;Ernte-u.Betriebsbericht: Feldfrüchte und Grünland;JAHR;Jahr;2003;DINSG;Deutschland insgesamt;DG;Deutschland;FRUA01;Fruchtarten;FRUART031MUS;Mittelfrühe und späte Kartoffeln;271342;ha;FLC016;Anbaufläche
41241;Ernte-u.Betriebsbericht: Feldfrüchte und Grünland;JAHR;Jahr;1990;DINSG;Deutschland insgesamt;DG;Deutschland;FRUA01;Fruchtarten;FRUART0121;Gerste;2612519;ha;FLC016;Anbaufläche
41241;Ernte-u.Betriebsbericht: Feldfrüchte und Grünland;JAHR;Jahr;1952;DINSG;Deutschland insgesamt;DG;Deutschland;FRUA01;Fruchtarten;FRUART033;Runkelrüben;516227;ha;FLC016;Anbaufläche
41241;Ernte-u.Betriebsbericht: Feldfrüchte und Grünland;JAHR;Jahr;1962;DINSG;Deutschland insgesamt;DG;Deutschland;FRUA01;Fruchtarten;FRUART05111;Winterraps;38509;ha;FLC016;Anbaufläche
41241;Ernte-u.Betriebsbericht: Feldfrüchte und Grünland;JAHR;Jahr;1981;DINSG;Deutschland insgesamt;DG;Deutschland;FRUA01;Fruchtarten;FRUART013;Körnermais;.;ha;FLC016;Anbaufläche
41241;Ernte-u.Betriebsbericht: Feldfrüchte und Grünland;JAHR;Jahr;1975;DINSG;Deutschland insgesamt;DG;Deutschland;FRUA01;Fruchtarten;FRUART065;Raufutter;.;ha;FLC016;Anbaufläche
41241;Ernte-u.Betriebsbericht: Feldfrüchte und Grünland;JAHR;Jahr;2006;DINSG;Deutschland insgesamt;DG;Deutschland;FRUA01;Fruchtarten;FRUART052;Hopfen;18100;ha;FLC016;Anbaufläche
41241;Ernte-u.Betriebsbericht: Feldfrüchte und Grünland;JAHR;Jahr;1983;DINSG;Deutschland insgesamt;DG;Deutschland;FRUA01;Fruchtarten;FRUART01111;Winterweizen;1553941;ha;FLC016;Anbaufläche
41241;Ernte-u.Betriebsbericht: Feldfrüchte und Grünland;JAHR;Jahr;1961;DINSG;Deutschland insgesamt;DG;Deutschland;FRUA01;Fruchtarten;FRUART062;Luzerne;.;ha;FLC016;Anbaufläche
41241;Ernte-u.Betriebsbericht: Feldfrüchte und Grünland;JAHR;Jahr;1980;DINSG;Deutschland insgesamt;DG;Deutschland;FRUA01;Fruchtarten;FRUART0514;Andere Ölfrüchte;.;ha;FLC016;Anbaufläche
41241;Ernte-u.Betriebsbericht: Feldfrüchte und Grünland;JAHR;Jahr;1980;DINSG;Deutschland insgesamt;DG;Deutschland;FRUA01;Fruchtarten;FRUART04OS;Gemüse, Spargel, Erdbeeren (ohne Samenbau);.;ha;FLC016;Anbaufläche
41241;Ernte-u.Betriebsbericht: Feldfrüchte und Grünland;JAHR;Jahr;1986;DINSG;Deutschland insgesamt;DG;Deutschland;FRUA01;Fruchtarten;FRUART05111;Winterraps;297212;ha;FLC016;Anbaufläche
41241;Ernte-u.Betriebsbericht: Feldfrüchte und Grünland;JAHR;Jahr;1956;DINSG;Deutschland insgesamt;DG;Deutschland;FRUA01;Fruchtarten;FRUART0514;Andere Ölfrüchte;.;ha;FLC016;Anbaufläche
41241;Ernte-u.Betriebsbericht: Feldfrüchte und Grünland;JAHR;Jahr;1956;DINSG;Deutschland insgesamt;DG;Deutschland;FRUA01;Fruchtarten;FRUART04OS;Gemüse, Spargel, Erdbeeren (ohne Samenbau);.;ha;FLC016;Anbaufläche
41241;Ernte-u.Betriebsbericht: Feldfrüchte und Grünland;JAHR;Jahr;1999;DINSG;Deutschland insgesamt;DG;Deutschland;FRUA01;Fruchtarten;FRUART01111;Winterweizen;2439791;ha;FLC016;Anbaufläche
41241;Ernte-u.Betriebsbericht: Feldfrüchte und Grünland;JAHR;Jahr;2005;DINSG;Deutschland insgesamt;DG;Deutschland;FRUA01;Fruchtarten;FRUART022;Ackerbohnen;15700;ha;FLC016;Anbaufläche
41241;Ernte-u.Betriebsbericht: Feldfrüchte und Grünland;JAHR;Jahr;1964;DINSG;Deutschland insgesamt;DG;Deutschland;FRUA01;Fruchtarten;FRUART064;Silomais (einschl. Lieschkolbenschrot);62593;ha;FLC016;Anbaufläche
41241;Ernte-u.Betriebsbericht: Feldfrüchte und Grünland;JAHR;Jahr;1950;DINSG;Deutschland insgesamt;DG;Deutschland;FRUA01;Fruchtarten;FRUART061;Klee, Kleegras und Klee-Luzerne-Gemisch;841783;ha;FLC016;Anbaufläche
41241;Ernte-u.Betriebsbericht: Feldfrüchte und Grünland;JAHR;Jahr;1987;DINSG;Deutschland insgesamt;DG;Deutschland;FRUA01;Fruchtarten;FRUART061;Klee, Kleegras und Klee-Luzerne-Gemisch;176548;ha;FLC016;Anbaufläche
41241;Ernte-u.Betriebsbericht: Feldfrüchte und Grünland;JAHR;Jahr;1963;DINSG;Deutschland insgesamt;DG;Deutschland;FRUA01;Fruchtarten;FRUART034;Alle anderen Hackfrüchte;64982;ha;FLC016;Anbaufläche
41241;Ernte-u.Betriebsbericht: Feldfrüchte und Grünland;JAHR;Jahr;1982;DINSG;Deutschland insgesamt;DG;Deutschland;FRUA01;Fruchtarten;FRUART056;Alle anderen Handelsgewächse;4441;ha;FLC016;Anbaufläche
41241;Ernte-u.Betriebsbericht: Feldfrüchte und Grünland;JAHR;Jahr;1951;DINSG;Deutschland insgesamt;DG;Deutschland;FRUA01;Fruchtarten;FRUART013CCM;Körnermais (einschl. CCM);7544;ha;FLC016;Anbaufläche
41241;Ernte-u.Betriebsbericht: Feldfrüchte und Grünland;JAHR;Jahr;1964;DINSG;Deutschland insgesamt;DG;Deutschland;FRUA01;Fruchtarten;FRUART031INK;Industriekartoffeln;.;ha;FLC016;Anbaufläche
41241;Ernte-u.Betriebsbericht: Feldfrüchte und Grünland;JAHR;Jahr;2009;DINSG;Deutschland insgesamt;DG;Deutschland;FRUA01;Fruchtarten;FRUART032;Zuckerrüben;383600;ha;FLC016;Anbaufläche
41241;Ernte-u.Betriebsbericht: Feldfrüchte und Grünland;JAHR;Jahr;1966;DINSG;Deutschland insgesamt;DG;Deutschland;FRUA01;Fruchtarten;FRUART0121;Gerste;1287963;ha;FLC016;Anbaufläche
41241;Ernte-u.Betriebsbericht: Feldfrüchte und Grünland;JAHR;Jahr;2000;DINSG;Deutschland insgesamt;DG;Deutschland;FRUA01;Fruchtarten;FRUART01212;Sommergerste;621150;ha;FLC016;Anbaufläche
41241;Ernte-u.Betriebsbericht: Feldfrüchte und Grünland;JAHR;Jahr;1992;DINSG;Deutschland insgesamt;DG;Deutschland;FRUA01;Fruchtarten;FRUART014;Corn-Cob-Mix;86770;ha;FLC016;Anbaufläche
41241;Ernte-u.Betriebsbericht: Feldfrüchte und Grünland;JAHR;Jahr;2006;DINSG;Deutschland insgesamt;DG;Deutschland;FRUA01;Fruchtarten;FRUART01OKM;Getreide (ohne Körnermais und CCM);6301200;ha;FLC016;Anbaufläche
41241;Ernte-u.Betriebsbericht: Feldfrüchte und Grünland;JAHR;Jahr;1998;DINSG;Deutschland insgesamt;DG;Deutschland;FRUA01;Fruchtarten;FRUART05112;Sommerraps, Winter- und Sommerrübsen;48694;ha;FLC016;Anbaufläche
41241;Ernte-u.Betriebsbericht: Feldfrüchte und Grünland;JAHR;Jahr;1971;DINSG;Deutschland insgesamt;DG;Deutschland;FRUA01;Fruchtarten;FRUART055;Heil- und Gewürzpflanzen;.;ha;FLC016;Anbaufläche
41241;Ernte-u.Betriebsbericht: Feldfrüchte und Grünland;JAHR;Jahr;1983;DINSG;Deutschland insgesamt;DG;Deutschland;FRUA01;Fruchtarten;FRUART051;Ölfrüchte;.;ha;FLC016;Anbaufläche
41241;Ernte-u.Betriebsbericht: Feldfrüchte und Grünland;JAHR;Jahr;1988;DINSG;Deutschland insgesamt;DG;Deutschland;FRUA01;Fruchtarten;FRUART031FSK;Frühe Speisekartoffeln;19332;ha;FLC016;Anbaufläche
41241;Ernte-u.Betriebsbericht: Feldfrüchte und Grünland;JAHR;Jahr;2004;DINSG;Deutschland insgesamt;DG;Deutschland;FRUA01;Fruchtarten;FRUART01113;Hartweizen (Durum);8205;ha;FLC016;Anbaufläche
41241;Ernte-u.Betriebsbericht: Feldfrüchte und Grünland;JAHR;Jahr;1988;DINSG;Deutschland insgesamt;DG;Deutschland;FRUA01;Fruchtarten;FRUART0111;Weizen;1743369;ha;FLC016;Anbaufläche
41241;Ernte-u.Betriebsbericht: Feldfrüchte und Grünland;JAHR;Jahr;1989;DINSG;Deutschland insgesamt;DG;Deutschland;FRUA01;Fruchtarten;FRUART033;Runkelrüben;64302;ha;FLC016;Anbaufläche
41241;Ernte-u.Betriebsbericht: Feldfrüchte und Grünland;JAHR;Jahr;1977;DINSG;Deutschland insgesamt;DG;Deutschland;FRUA01;Fruchtarten;FRUART023;Alle anderen Hülsenfrüchte;8738;ha;FLC016;Anbaufläche
41241;Ernte-u.Betriebsbericht: Feldfrüchte und Grünland;JAHR;Jahr;1963;DINSG;Deutschland insgesamt;DG;Deutschland;FRUA01;Fruchtarten;FRUART022;Ackerbohnen;18054;ha;FLC016;Anbaufläche
41241;Ernte-u.Betriebsbericht: Feldfrüchte und Grünland;JAHR;Jahr;2001;DINSG;Deutschland insgesamt;DG;Deutschland;FRUA01;Fruchtarten;FRUART0514;Andere Ölfrüchte;3881;ha;FLC016;Anbaufläche
41241;Ernte-u.Betriebsbericht: Feldfrüchte und Grünland;JAHR;Jahr;2001;DINSG;Deutschland insgesamt;DG;Deutschland;FRUA01;Fruchtarten;FRUART04OS;Gemüse, Spargel, Erdbeeren (ohne Samenbau);105700;ha;FLC016;Anbaufläche
41241;Ernte-u.Betriebsbericht: Feldfrüchte und Grünland;JAHR;Jahr;1979;DINSG;Deutschland insgesamt;DG;Deutschland;FRUA01;Fruchtarten;FRUART0513;Körnersonnenblumen;.;ha;FLC016;Anbaufläche
41241;Ernte-u.Betriebsbericht: Feldfrüchte und Grünland;JAHR;Jahr;2003;DINSG;Deutschland insgesamt;DG;Deutschland;FRUA01;Fruchtarten;FRUART0113;Wintermenggetreide;12065;ha;FLC016;Anbaufläche
41241;Ernte-u.Betriebsbericht: Feldfrüchte und Grünland;JAHR;Jahr;2005;DINSG;Deutschland insgesamt;DG;Deutschland;FRUA01;Fruchtarten;FRUART0511;Raps und Rübsen;1343900;ha;FLC016;Anbaufläche
41241;Ernte-u.Betriebsbericht: Feldfrüchte und Grünland;JAHR;Jahr;1985;DINSG;Deutschland insgesamt;DG;Deutschland;FRUA01;Fruchtarten;FRUART042;Gartenbausämereien,Vermehrungsanbau v.Blumenzwieb.;.;ha;FLC016;Anbaufläche
41241;Ernte-u.Betriebsbericht: Feldfrüchte und Grünland;JAHR;Jahr;1971;DINSG;Deutschland insgesamt;DG;Deutschland;FRUA01;Fruchtarten;FRUART041;Blumen u. Zierpflanzen einschl.Jungpfl.(o.Samenb.);.;ha;FLC016;Anbaufläche
41241;Ernte-u.Betriebsbericht: Feldfrüchte und Grünland;JAHR;Jahr;2003;DINSG;Deutschland insgesamt;DG;Deutschland;FRUA01;Fruchtarten;FRUART064;Silomais (einschl. Lieschkolbenschrot);1172930;ha;FLC016;Anbaufläche
41241;Ernte-u.Betriebsbericht: Feldfrüchte und Grünland;JAHR;Jahr;1964;DINSG;Deutschland insgesamt;DG;Deutschland;FRUA01;Fruchtarten;FRUART063;Feldgras/Grasanbau auf dem Ackerland;244444;ha;FLC016;Anbaufläche
41241;Ernte-u.Betriebsbericht: Feldfrüchte und Grünland;JAHR;Jahr;1950;DINSG;Deutschland insgesamt;DG;Deutschland;FRUA01;Fruchtarten;FRUART062;Luzerne;.;ha;FLC016;Anbaufläche
41241;Ernte-u.Betriebsbericht: Feldfrüchte und Grünland;JAHR;Jahr;1951;DINSG;Deutschland insgesamt;DG;Deutschland;FRUA01;Fruchtarten;FRUART05111;Winterraps;41313;ha;FLC016;Anbaufläche
41241;Ernte-u.Betriebsbericht: Feldfrüchte und Grünland;JAHR;Jahr;2002;DINSG;Deutschland insgesamt;DG;Deutschland;FRUA01;Fruchtarten;FRUART01211;Wintergerste;1360865;ha;FLC016;Anbaufläche
41241;Ernte-u.Betriebsbericht: Feldfrüchte und Grünland;JAHR;Jahr;1993;DINSG;Deutschland insgesamt;DG;Deutschland;FRUA01;Fruchtarten;FRUART01212;Sommergerste;737530;ha;FLC016;Anbaufläche
41241;Ernte-u.Betriebsbericht: Feldfrüchte und Grünland;JAHR;Jahr;1975;DINSG;Deutschland insgesamt;DG;Deutschland;FRUA01;Fruchtarten;FRUART01113;Hartweizen (Durum);.;ha;FLC016;Anbaufläche
41241;Ernte-u.Betriebsbericht: Feldfrüchte und Grünland;JAHR;Jahr;1978;DINSG;Deutschland insgesamt;DG;Deutschland;FRUA01;Fruchtarten;FRUART064;Silomais (einschl. Lieschkolbenschrot);576111;ha;FLC016;Anbaufläche
41241;Ernte-u.Betriebsbericht: Feldfrüchte und Grünland;JAHR;Jahr;1969;DINSG;Deutschland insgesamt;DG;Deutschland;FRUA01;Fruchtarten;FRUART01OKM;Getreide (ohne Körnermais und CCM);5070264;ha;FLC016;Anbaufläche
41241;Ernte-u.Betriebsbericht: Feldfrüchte und Grünland;JAHR;Jahr;1973;DINSG;Deutschland insgesamt;DG;Deutschland;FRUA01;Fruchtarten;FRUART013;Körnermais;.;ha;FLC016;Anbaufläche
41241;Ernte-u.Betriebsbericht: Feldfrüchte und Grünland;JAHR;Jahr;2002;DINSG;Deutschland insgesamt;DG;Deutschland;FRUA01;Fruchtarten;FRUART023;Alle anderen Hülsenfrüchte;40830;ha;FLC016;Anbaufläche
41241;Ernte-u.Betriebsbericht: Feldfrüchte und Grünland;JAHR;Jahr;1962;DINSG;Deutschland insgesamt;DG;Deutschland;FRUA01;Fruchtarten;FRUART0121;Gerste;1138015;ha;FLC016;Anbaufläche
41241;Ernte-u.Betriebsbericht: Feldfrüchte und Grünland;JAHR;Jahr;1987;DINSG;Deutschland insgesamt;DG;Deutschland;FRUA01;Fruchtarten;FRUART014;Corn-Cob-Mix;.;ha;FLC016;Anbaufläche
41241;Ernte-u.Betriebsbericht: Feldfrüchte und Grünland;JAHR;Jahr;2002;DINSG;Deutschland insgesamt;DG;Deutschland;FRUA01;Fruchtarten;FRUART0122;Hafer;233148;ha;FLC016;Anbaufläche
41241;Ernte-u.Betriebsbericht: Feldfrüchte und Grünland;JAHR;Jahr;2007;DINSG;Deutschland insgesamt;DG;Deutschland;FRUA01;Fruchtarten;FRUART061;Klee, Kleegras und Klee-Luzerne-Gemisch;205658;ha;FLC016;Anbaufläche
41241;Ernte-u.Betriebsbericht: Feldfrüchte und Grünland;JAHR;Jahr;1965;DINSG;Deutschland insgesamt;DG;Deutschland;FRUA01;Fruchtarten;FRUART0512;Flachs (Lein);.;ha;FLC016;Anbaufläche
41241;Ernte-u.Betriebsbericht: Feldfrüchte und Grünland;JAHR;Jahr;1960;DINSG;Deutschland insgesamt;DG;Deutschland;FRUA01;Fruchtarten;FRUART053;Tabak;.;ha;FLC016;Anbaufläche
41241;Ernte-u.Betriebsbericht: Feldfrüchte und Grünland;JAHR;Jahr;1972;DINSG;Deutschland insgesamt;DG;Deutschland;FRUA01;Fruchtarten;FRUART01112;Sommerweizen;189881;ha;FLC016;Anbaufläche
41241;Ernte-u.Betriebsbericht: Feldfrüchte und Grünland;JAHR;Jahr;1980;DINSG;Deutschland insgesamt;DG;Deutschland;FRUA01;Fruchtarten;FRUART031SPK;Speisekartoffeln;.;ha;FLC016;Anbaufläche
41241;Ernte-u.Betriebsbericht: Feldfrüchte und Grünland;JAHR;Jahr;1959;DINSG;Deutschland insgesamt;DG;Deutschland;FRUA01;Fruchtarten;FRUART013;Körnermais;.;ha;FLC016;Anbaufläche
41241;Ernte-u.Betriebsbericht: Feldfrüchte und Grünland;JAHR;Jahr;1995;DINSG;Deutschland insgesamt;DG;Deutschland;FRUA01;Fruchtarten;FRUART033;Runkelrüben;23020;ha;FLC016;Anbaufläche
41241;Ernte-u.Betriebsbericht: Feldfrüchte und Grünland;JAHR;Jahr;1961;DINSG;Deutschland insgesamt;DG;Deutschland;FRUA01;Fruchtarten;FRUART0513;Körnersonnenblumen;.;ha;FLC016;Anbaufläche
41241;Ernte-u.Betriebsbericht: Feldfrüchte und Grünland;JAHR;Jahr;1990;DINSG;Deutschland insgesamt;DG;Deutschland;FRUA01;Fruchtarten;FRUART01211;Wintergerste;1699084;ha;FLC016;Anbaufläche
41241;Ernte-u.Betriebsbericht: Feldfrüchte und Grünland;JAHR;Jahr;1979;DINSG;Deutschland insgesamt;DG;Deutschland;FRUA01;Fruchtarten;FRUART061;Klee, Kleegras und Klee-Luzerne-Gemisch;219264;ha;FLC016;Anbaufläche
41241;Ernte-u.Betriebsbericht: Feldfrüchte und Grünland;JAHR;Jahr;1953;DINSG;Deutschland insgesamt;DG;Deutschland;FRUA01;Fruchtarten;FRUART031;Kartoffeln;1178183;ha;FLC016;Anbaufläche
41241;Ernte-u.Betriebsbericht: Feldfrüchte und Grünland;JAHR;Jahr;1988;DINSG;Deutschland insgesamt;DG;Deutschland;FRUA01;Fruchtarten;FRUART055;Heil- und Gewürzpflanzen;.;ha;FLC016;Anbaufläche
41241;Ernte-u.Betriebsbericht: Feldfrüchte und Grünland;JAHR;Jahr;1993;DINSG;Deutschland insgesamt;DG;Deutschland;FRUA01;Fruchtarten;FRUART0113;Wintermenggetreide;9605;ha;FLC016;Anbaufläche
41241;Ernte-u.Betriebsbericht: Feldfrüchte und Grünland;JAHR;Jahr;1993;DINSG;Deutschland insgesamt;DG;Deutschland;FRUA01;Fruchtarten;FRUART061;Klee, Kleegras und Klee-Luzerne-Gemisch;237985;ha;FLC016;Anbaufläche
41241;Ernte-u.Betriebsbericht: Feldfrüchte und Grünland;JAHR;Jahr;1957;DINSG;Deutschland insgesamt;DG;Deutschland;FRUA01;Fruchtarten;FRUART041;Blumen u. Zierpflanzen einschl.Jungpfl.(o.Samenb.);.;ha;FLC016;Anbaufläche
41241;Ernte-u.Betriebsbericht: Feldfrüchte und Grünland;JAHR;Jahr;1965;DINSG;Deutschland insgesamt;DG;Deutschland;FRUA01;Fruchtarten;FRUART031SPK;Speisekartoffeln;.;ha;FLC016;Anbaufläche
41241;Ernte-u.Betriebsbericht: Feldfrüchte und Grünland;JAHR;Jahr;1975;DINSG;Deutschland insgesamt;DG;Deutschland;FRUA01;Fruchtarten;FRUART051;Ölfrüchte;.;ha;FLC016;Anbaufläche
41241;Ernte-u.Betriebsbericht: Feldfrüchte und Grünland;JAHR;Jahr;1974;DINSG;Deutschland insgesamt;DG;Deutschland;FRUA01;Fruchtarten;FRUART067;Lupinen;.;ha;FLC016;Anbaufläche
41241;Ernte-u.Betriebsbericht: Feldfrüchte und Grünland;JAHR;Jahr;1989;DINSG;Deutschland insgesamt;DG;Deutschland;FRUA01;Fruchtarten;FRUART0121;Gerste;1745731;ha;FLC016;Anbaufläche
41241;Ernte-u.Betriebsbericht: Feldfrüchte und Grünland;JAHR;Jahr;1996;DINSG;Deutschland insgesamt;DG;Deutschland;FRUA01;Fruchtarten;FRUART01211;Wintergerste;1413062;ha;FLC016;Anbaufläche
41241;Ernte-u.Betriebsbericht: Feldfrüchte und Grünland;JAHR;Jahr;2007;DINSG;Deutschland insgesamt;DG;Deutschland;FRUA01;Fruchtarten;FRUART0123;Sommermenggetreide;19974;ha;FLC016;Anbaufläche
41241;Ernte-u.Betriebsbericht: Feldfrüchte und Grünland;JAHR;Jahr;1978;DINSG;Deutschland insgesamt;DG;Deutschland;FRUA01;Fruchtarten;FRUART01112;Sommerweizen;178850;ha;FLC016;Anbaufläche
41241;Ernte-u.Betriebsbericht: Feldfrüchte und Grünland;JAHR;Jahr;1999;DINSG;Deutschland insgesamt;DG;Deutschland;FRUA01;Fruchtarten;FRUART01212;Sommergerste;840570;ha;FLC016;Anbaufläche
41241;Ernte-u.Betriebsbericht: Feldfrüchte und Grünland;JAHR;Jahr;1978;DINSG;Deutschland insgesamt;DG;Deutschland;FRUA01;Fruchtarten;FRUART051;Ölfrüchte;.;ha;FLC016;Anbaufläche
41241;Ernte-u.Betriebsbericht: Feldfrüchte und Grünland;JAHR;Jahr;1977;DINSG;Deutschland insgesamt;DG;Deutschland;FRUA01;Fruchtarten;FRUART067;Lupinen;.;ha;FLC016;Anbaufläche
41241;Ernte-u.Betriebsbericht: Feldfrüchte und Grünland;JAHR;Jahr;1975;DINSG;Deutschland insgesamt;DG;Deutschland;FRUA01;Fruchtarten;FRUART0514;Andere Ölfrüchte;.;ha;FLC016;Anbaufläche
41241;Ernte-u.Betriebsbericht: Feldfrüchte und Grünland;JAHR;Jahr;1975;DINSG;Deutschland insgesamt;DG;Deutschland;FRUA01;Fruchtarten;FRUART04OS;Gemüse, Spargel, Erdbeeren (ohne Samenbau);.;ha;FLC016;Anbaufläche
41241;Ernte-u.Betriebsbericht: Feldfrüchte und Grünland;JAHR;Jahr;1966;DINSG;Deutschland insgesamt;DG;Deutschland;FRUA01;Fruchtarten;FRUART022;Ackerbohnen;24375;ha;FLC016;Anbaufläche
41241;Ernte-u.Betriebsbericht: Feldfrüchte und Grünland;JAHR;Jahr;1990;DINSG;Deutschland insgesamt;DG;Deutschland;FRUA01;Fruchtarten;FRUART061;Klee, Kleegras und Klee-Luzerne-Gemisch;302196;ha;FLC016;Anbaufläche
41241;Ernte-u.Betriebsbericht: Feldfrüchte und Grünland;JAHR;Jahr;1989;DINSG;Deutschland insgesamt;DG;Deutschland;FRUA01;Fruchtarten;FRUART065;Raufutter;.;ha;FLC016;Anbaufläche
41241;Ernte-u.Betriebsbericht: Feldfrüchte und Grünland;JAHR;Jahr;1989;DINSG;Deutschland insgesamt;DG;Deutschland;FRUA01;Fruchtarten;FRUART05111;Winterraps;418413;ha;FLC016;Anbaufläche
41241;Ernte-u.Betriebsbericht: Feldfrüchte und Grünland;JAHR;Jahr;1984;DINSG;Deutschland insgesamt;DG;Deutschland;FRUA01;Fruchtarten;FRUART014;Corn-Cob-Mix;.;ha;FLC016;Anbaufläche
41241;Ernte-u.Betriebsbericht: Feldfrüchte und Grünland;JAHR;Jahr;1964;DINSG;Deutschland insgesamt;DG;Deutschland;FRUA01;Fruchtarten;FRUART01111;Winterweizen;1269596;ha;FLC016;Anbaufläche
41241;Ernte-u.Betriebsbericht: Feldfrüchte und Grünland;JAHR;Jahr;1974;DINSG;Deutschland insgesamt;DG;Deutschland;FRUA01;Fruchtarten;FRUART041;Blumen u. Zierpflanzen einschl.Jungpfl.(o.Samenb.);.;ha;FLC016;Anbaufläche
41241;Ernte-u.Betriebsbericht: Feldfrüchte und Grünland;JAHR;Jahr;1977;DINSG;Deutschland insgesamt;DG;Deutschland;FRUA01;Fruchtarten;FRUART0113;Wintermenggetreide;23352;ha;FLC016;Anbaufläche
41241;Ernte-u.Betriebsbericht: Feldfrüchte und Grünland;JAHR;Jahr;1984;DINSG;Deutschland insgesamt;DG;Deutschland;FRUA01;Fruchtarten;FRUART0113;Wintermenggetreide;11001;ha;FLC016;Anbaufläche
41241;Ernte-u.Betriebsbericht: Feldfrüchte und Grünland;JAHR;Jahr;2000;DINSG;Deutschland insgesamt;DG;Deutschland;FRUA01;Fruchtarten;FRUART064;Silomais (einschl. Lieschkolbenschrot);1154474;ha;FLC016;Anbaufläche
41241;Ernte-u.Betriebsbericht: Feldfrüchte und Grünland;JAHR;Jahr;1988;DINSG;Deutschland insgesamt;DG;Deutschland;FRUA01;Fruchtarten;FRUART031INK;Industriekartoffeln;.;ha;FLC016;Anbaufläche
41241;Ernte-u.Betriebsbericht: Feldfrüchte und Grünland;JAHR;Jahr;1970;DINSG;Deutschland insgesamt;DG;Deutschland;FRUA01;Fruchtarten;FRUART0513;Körnersonnenblumen;.;ha;FLC016;Anbaufläche
41241;Ernte-u.Betriebsbericht: Feldfrüchte und Grünland;JAHR;Jahr;1995;DINSG;Deutschland insgesamt;DG;Deutschland;FRUA01;Fruchtarten;FRUART01111W;Weichweizen;2571604;ha;FLC016;Anbaufläche
41241;Ernte-u.Betriebsbericht: Feldfrüchte und Grünland;JAHR;Jahr;1963;DINSG;Deutschland insgesamt;DG;Deutschland;FRUA01;Fruchtarten;FRUART066;Alle anderen Futterpflanzen;43278;ha;FLC016;Anbaufläche
41241;Ernte-u.Betriebsbericht: Feldfrüchte und Grünland;JAHR;Jahr;1985;DINSG;Deutschland insgesamt;DG;Deutschland;FRUA01;Fruchtarten;FRUART055;Heil- und Gewürzpflanzen;.;ha;FLC016;Anbaufläche
41241;Ernte-u.Betriebsbericht: Feldfrüchte und Grünland;JAHR;Jahr;1976;DINSG;Deutschland insgesamt;DG;Deutschland;FRUA01;Fruchtarten;FRUART0122;Hafer;855499;ha;FLC016;Anbaufläche
41241;Ernte-u.Betriebsbericht: Feldfrüchte und Grünland;JAHR;Jahr;1996;DINSG;Deutschland insgesamt;DG;Deutschland;FRUA01;Fruchtarten;FRUART031INK;Industriekartoffeln;183722;ha;FLC016;Anbaufläche
41241;Ernte-u.Betriebsbericht: Feldfrüchte und Grünland;JAHR;Jahr;1957;DINSG;Deutschland insgesamt;DG;Deutschland;FRUA01;Fruchtarten;FRUART054;Rüben und Gräser zur Samengewinnung;18301;ha;FLC016;Anbaufläche
41241;Ernte-u.Betriebsbericht: Feldfrüchte und Grünland;JAHR;Jahr;1974;DINSG;Deutschland insgesamt;DG;Deutschland;FRUA01;Fruchtarten;FRUART054;Rüben und Gräser zur Samengewinnung;13894;ha;FLC016;Anbaufläche
41241;Ernte-u.Betriebsbericht: Feldfrüchte und Grünland;JAHR;Jahr;1981;DINSG;Deutschland insgesamt;DG;Deutschland;FRUA01;Fruchtarten;FRUART032;Zuckerrüben;444533;ha;FLC016;Anbaufläche
41241;Ernte-u.Betriebsbericht: Feldfrüchte und Grünland;JAHR;Jahr;1962;DINSG;Deutschland insgesamt;DG;Deutschland;FRUA01;Fruchtarten;FRUART012;Futter- und Industriegetreide;2417857;ha;FLC016;Anbaufläche
41241;Ernte-u.Betriebsbericht: Feldfrüchte und Grünland;JAHR;Jahr;2006;DINSG;Deutschland insgesamt;DG;Deutschland;FRUA01;Fruchtarten;FRUART033;Runkelrüben;4500;ha;FLC016;Anbaufläche
41241;Ernte-u.Betriebsbericht: Feldfrüchte und Grünland;JAHR;Jahr;1999;DINSG;Deutschland insgesamt;DG;Deutschland;FRUA01;Fruchtarten;FRUART056;Alle anderen Handelsgewächse;6302;ha;FLC016;Anbaufläche
41241;Ernte-u.Betriebsbericht: Feldfrüchte und Grünland;JAHR;Jahr;1953;DINSG;Deutschland insgesamt;DG;Deutschland;FRUA01;Fruchtarten;FRUART031FSK;Frühe Speisekartoffeln;66711;ha;FLC016;Anbaufläche
41241;Ernte-u.Betriebsbericht: Feldfrüchte und Grünland;JAHR;Jahr;1967;DINSG;Deutschland insgesamt;DG;Deutschland;FRUA01;Fruchtarten;FRUART0111;Weizen;1414293;ha;FLC016;Anbaufläche
41241;Ernte-u.Betriebsbericht: Feldfrüchte und Grünland;JAHR;Jahr;1965;DINSG;Deutschland insgesamt;DG;Deutschland;FRUA01;Fruchtarten;FRUART05112;Sommerraps, Winter- und Sommerrübsen;6959;ha;FLC016;Anbaufläche
41241;Ernte-u.Betriebsbericht: Feldfrüchte und Grünland;JAHR;Jahr;1988;DINSG;Deutschland insgesamt;DG;Deutschland;FRUA01;Fruchtarten;FRUART011;Brotgetreide;2133161;ha;FLC016;Anbaufläche
41241;Ernte-u.Betriebsbericht: Feldfrüchte und Grünland;JAHR;Jahr;1958;DINSG;Deutschland insgesamt;DG;Deutschland;FRUA01;Fruchtarten;FRUART031MUS;Mittelfrühe und späte Kartoffeln;1015650;ha;FLC016;Anbaufläche
41241;Ernte-u.Betriebsbericht: Feldfrüchte und Grünland;JAHR;Jahr;1963;DINSG;Deutschland insgesamt;DG;Deutschland;FRUA01;Fruchtarten;FRUART053;Tabak;.;ha;FLC016;Anbaufläche
41241;Ernte-u.Betriebsbericht: Feldfrüchte und Grünland;JAHR;Jahr;2000;DINSG;Deutschland insgesamt;DG;Deutschland;FRUA01;Fruchtarten;FRUART051;Ölfrüchte;1215559;ha;FLC016;Anbaufläche
41241;Ernte-u.Betriebsbericht: Feldfrüchte und Grünland;JAHR;Jahr;1973;DINSG;Deutschland insgesamt;DG;Deutschland;FRUA01;Fruchtarten;FRUART031MUS;Mittelfrühe und späte Kartoffeln;443106;ha;FLC016;Anbaufläche
41241;Ernte-u.Betriebsbericht: Feldfrüchte und Grünland;JAHR;Jahr;1995;DINSG;Deutschland insgesamt;DG;Deutschland;FRUA01;Fruchtarten;FRUART0513;Körnersonnenblumen;52160;ha;FLC016;Anbaufläche
41241;Ernte-u.Betriebsbericht: Feldfrüchte und Grünland;JAHR;Jahr;1956;DINSG;Deutschland insgesamt;DG;Deutschland;FRUA01;Fruchtarten;FRUART013;Körnermais;.;ha;FLC016;Anbaufläche
41241;Ernte-u.Betriebsbericht: Feldfrüchte und Grünland;JAHR;Jahr;1958;DINSG;Deutschland insgesamt;DG;Deutschland;FRUA01;Fruchtarten;FRUART0512;Flachs (Lein);.;ha;FLC016;Anbaufläche
41241;Ernte-u.Betriebsbericht: Feldfrüchte und Grünland;JAHR;Jahr;1958;DINSG;Deutschland insgesamt;DG;Deutschland;FRUA01;Fruchtarten;FRUART0111;Weizen;1313922;ha;FLC016;Anbaufläche
41241;Ernte-u.Betriebsbericht: Feldfrüchte und Grünland;JAHR;Jahr;1971;DINSG;Deutschland insgesamt;DG;Deutschland;FRUA01;Fruchtarten;FRUART0121;Gerste;1505007;ha;FLC016;Anbaufläche
41241;Ernte-u.Betriebsbericht: Feldfrüchte und Grünland;JAHR;Jahr;1996;DINSG;Deutschland insgesamt;DG;Deutschland;FRUA01;Fruchtarten;FRUART0121;Gerste;2208408;ha;FLC016;Anbaufläche
41241;Ernte-u.Betriebsbericht: Feldfrüchte und Grünland;JAHR;Jahr;1950;DINSG;Deutschland insgesamt;DG;Deutschland;FRUA01;Fruchtarten;FRUART031;Kartoffeln;1154811;ha;FLC016;Anbaufläche
41241;Ernte-u.Betriebsbericht: Feldfrüchte und Grünland;JAHR;Jahr;1992;DINSG;Deutschland insgesamt;DG;Deutschland;FRUA01;Fruchtarten;FRUART033;Runkelrüben;45860;ha;FLC016;Anbaufläche
41241;Ernte-u.Betriebsbericht: Feldfrüchte und Grünland;JAHR;Jahr;1951;DINSG;Deutschland insgesamt;DG;Deutschland;FRUA01;Fruchtarten;FRUART0511;Raps und Rübsen;50626;ha;FLC016;Anbaufläche
41241;Ernte-u.Betriebsbericht: Feldfrüchte und Grünland;JAHR;Jahr;1967;DINSG;Deutschland insgesamt;DG;Deutschland;FRUA01;Fruchtarten;FRUART063;Feldgras/Grasanbau auf dem Ackerland;275849;ha;FLC016;Anbaufläche
41241;Ernte-u.Betriebsbericht: Feldfrüchte und Grünland;JAHR;Jahr;1953;DINSG;Deutschland insgesamt;DG;Deutschland;FRUA01;Fruchtarten;FRUART0123;Sommermenggetreide;265930;ha;FLC016;Anbaufläche
41241;Ernte-u.Betriebsbericht: Feldfrüchte und Grünland;JAHR;Jahr;2004;DINSG;Deutschland insgesamt;DG;Deutschland;FRUA01;Fruchtarten;FRUART061;Klee, Kleegras und Klee-Luzerne-Gemisch;176567;ha;FLC016;Anbaufläche
41241;Ernte-u.Betriebsbericht: Feldfrüchte und Grünland;JAHR;Jahr;1989;DINSG;Deutschland insgesamt;DG;Deutschland;FRUA01;Fruchtarten;FRUART052;Hopfen;19799;ha;FLC016;Anbaufläche
41241;Ernte-u.Betriebsbericht: Feldfrüchte und Grünland;JAHR;Jahr;1976;DINSG;Deutschland insgesamt;DG;Deutschland;FRUA01;Fruchtarten;FRUART013CCM;Körnermais (einschl. CCM);102508;ha;FLC016;Anbaufläche
41241;Ernte-u.Betriebsbericht: Feldfrüchte und Grünland;JAHR;Jahr;1954;DINSG;Deutschland insgesamt;DG;Deutschland;FRUA01;Fruchtarten;FRUART041;Blumen u. Zierpflanzen einschl.Jungpfl.(o.Samenb.);.;ha;FLC016;Anbaufläche
41241;Ernte-u.Betriebsbericht: Feldfrüchte und Grünland;JAHR;Jahr;1980;DINSG;Deutschland insgesamt;DG;Deutschland;FRUA01;Fruchtarten;FRUART022;Ackerbohnen;4369;ha;FLC016;Anbaufläche
41241;Ernte-u.Betriebsbericht: Feldfrüchte und Grünland;JAHR;Jahr;1994;DINSG;Deutschland insgesamt;DG;Deutschland;FRUA01;Fruchtarten;FRUART023;Alle anderen Hülsenfrüchte;20055;ha;FLC016;Anbaufläche
41241;Ernte-u.Betriebsbericht: Feldfrüchte und Grünland;JAHR;Jahr;2001;DINSG;Deutschland insgesamt;DG;Deutschland;FRUA01;Fruchtarten;FRUART061;Klee, Kleegras und Klee-Luzerne-Gemisch;172813;ha;FLC016;Anbaufläche
41241;Ernte-u.Betriebsbericht: Feldfrüchte und Grünland;JAHR;Jahr;1986;DINSG;Deutschland insgesamt;DG;Deutschland;FRUA01;Fruchtarten;FRUART0113;Wintermenggetreide;10792;ha;FLC016;Anbaufläche
41241;Ernte-u.Betriebsbericht: Feldfrüchte und Grünland;JAHR;Jahr;1966;DINSG;Deutschland insgesamt;DG;Deutschland;FRUA01;Fruchtarten;FRUART066;Alle anderen Futterpflanzen;35914;ha;FLC016;Anbaufläche
41241;Ernte-u.Betriebsbericht: Feldfrüchte und Grünland;JAHR;Jahr;1970;DINSG;Deutschland insgesamt;DG;Deutschland;FRUA01;Fruchtarten;FRUART031MUS;Mittelfrühe und späte Kartoffeln;559806;ha;FLC016;Anbaufläche
41241;Ernte-u.Betriebsbericht: Feldfrüchte und Grünland;JAHR;Jahr;2001;DINSG;Deutschland insgesamt;DG;Deutschland;FRUA01;Fruchtarten;FRUART01113;Hartweizen (Durum);4679;ha;FLC016;Anbaufläche
41241;Ernte-u.Betriebsbericht: Feldfrüchte und Grünland;JAHR;Jahr;1976;DINSG;Deutschland insgesamt;DG;Deutschland;FRUA01;Fruchtarten;FRUART05112;Sommerraps, Winter- und Sommerrübsen;8550;ha;FLC016;Anbaufläche
41241;Ernte-u.Betriebsbericht: Feldfrüchte und Grünland;JAHR;Jahr;1969;DINSG;Deutschland insgesamt;DG;Deutschland;FRUA01;Fruchtarten;FRUART0124;Triticale;.;ha;FLC016;Anbaufläche
41241;Ernte-u.Betriebsbericht: Feldfrüchte und Grünland;JAHR;Jahr;1970;DINSG;Deutschland insgesamt;DG;Deutschland;FRUA01;Fruchtarten;FRUART0112;Roggen;864959;ha;FLC016;Anbaufläche
41241;Ernte-u.Betriebsbericht: Feldfrüchte und Grünland;JAHR;Jahr;1957;DINSG;Deutschland insgesamt;DG;Deutschland;FRUA01;Fruchtarten;FRUART067;Lupinen;.;ha;FLC016;Anbaufläche
41241;Ernte-u.Betriebsbericht: Feldfrüchte und Grünland;JAHR;Jahr;1950;DINSG;Deutschland insgesamt;DG;Deutschland;FRUA01;Fruchtarten;FRUART031FSK;Frühe Speisekartoffeln;86519;ha;FLC016;Anbaufläche
41241;Ernte-u.Betriebsbericht: Feldfrüchte und Grünland;JAHR;Jahr;1992;DINSG;Deutschland insgesamt;DG;Deutschland;FRUA01;Fruchtarten;FRUART051;Ölfrüchte;1156277;ha;FLC016;Anbaufläche
41241;Ernte-u.Betriebsbericht: Feldfrüchte und Grünland;JAHR;Jahr;1981;DINSG;Deutschland insgesamt;DG;Deutschland;FRUA01;Fruchtarten;FRUART031MUS;Mittelfrühe und späte Kartoffeln;225351;ha;FLC016;Anbaufläche
41241;Ernte-u.Betriebsbericht: Feldfrüchte und Grünland;JAHR;Jahr;1998;DINSG;Deutschland insgesamt;DG;Deutschland;FRUA01;Fruchtarten;FRUART033;Runkelrüben;13698;ha;FLC016;Anbaufläche
41241;Ernte-u.Betriebsbericht: Feldfrüchte und Grünland;JAHR;Jahr;2004;DINSG;Deutschland insgesamt;DG;Deutschland;FRUA01;Fruchtarten;FRUART05111;Winterraps;1267196;ha;FLC016;Anbaufläche
41241;Ernte-u.Betriebsbericht: Feldfrüchte und Grünland;JAHR;Jahr;1982;DINSG;Deutschland insgesamt;DG;Deutschland;FRUA01;Fruchtarten;FRUART01212;Sommergerste;1054632;ha;FLC016;Anbaufläche
41241;Ernte-u.Betriebsbericht: Feldfrüchte und Grünland;JAHR;Jahr;1991;DINSG;Deutschland insgesamt;DG;Deutschland;FRUA01;Fruchtarten;FRUART067;Lupinen;.;ha;FLC016;Anbaufläche
41241;Ernte-u.Betriebsbericht: Feldfrüchte und Grünland;JAHR;Jahr;1958;DINSG;Deutschland insgesamt;DG;Deutschland;FRUA01;Fruchtarten;FRUART051;Ölfrüchte;.;ha;FLC016;Anbaufläche
41241;Ernte-u.Betriebsbericht: Feldfrüchte und Grünland;JAHR;Jahr;1953;DINSG;Deutschland insgesamt;DG;Deutschland;FRUA01;Fruchtarten;FRUART01111;Winterweizen;1023911;ha;FLC016;Anbaufläche
41241;Ernte-u.Betriebsbericht: Feldfrüchte und Grünland;JAHR;Jahr;2005;DINSG;Deutschland insgesamt;DG;Deutschland;FRUA01;Fruchtarten;FRUART031SPK;Speisekartoffeln;92200;ha;FLC016;Anbaufläche
41241;Ernte-u.Betriebsbericht: Feldfrüchte und Grünland;JAHR;Jahr;1962;DINSG;Deutschland insgesamt;DG;Deutschland;FRUA01;Fruchtarten;FRUART056;Alle anderen Handelsgewächse;8056;ha;FLC016;Anbaufläche
41241;Ernte-u.Betriebsbericht: Feldfrüchte und Grünland;JAHR;Jahr;1969;DINSG;Deutschland insgesamt;DG;Deutschland;FRUA01;Fruchtarten;FRUART0511;Raps und Rübsen;74195;ha;FLC016;Anbaufläche
41241;Ernte-u.Betriebsbericht: Feldfrüchte und Grünland;JAHR;Jahr;1985;DINSG;Deutschland insgesamt;DG;Deutschland;FRUA01;Fruchtarten;FRUART01211;Wintergerste;1189236;ha;FLC016;Anbaufläche
41241;Ernte-u.Betriebsbericht: Feldfrüchte und Grünland;JAHR;Jahr;1990;DINSG;Deutschland insgesamt;DG;Deutschland;FRUA01;Fruchtarten;FRUART013;Körnermais;.;ha;FLC016;Anbaufläche
41241;Ernte-u.Betriebsbericht: Feldfrüchte und Grünland;JAHR;Jahr;1976;DINSG;Deutschland insgesamt;DG;Deutschland;FRUA01;Fruchtarten;FRUART013;Körnermais;.;ha;FLC016;Anbaufläche
41241;Ernte-u.Betriebsbericht: Feldfrüchte und Grünland;JAHR;Jahr;1997;DINSG;Deutschland insgesamt;DG;Deutschland;FRUA01;Fruchtarten;FRUART01113;Hartweizen (Durum);6635;ha;FLC016;Anbaufläche
41241;Ernte-u.Betriebsbericht: Feldfrüchte und Grünland;JAHR;Jahr;1970;DINSG;Deutschland insgesamt;DG;Deutschland;FRUA01;Fruchtarten;FRUART031;Kartoffeln;596837;ha;FLC016;Anbaufläche
41241;Ernte-u.Betriebsbericht: Feldfrüchte und Grünland;JAHR;Jahr;1991;DINSG;Deutschland insgesamt;DG;Deutschland;FRUA01;Fruchtarten;FRUART054;Rüben und Gräser zur Samengewinnung;49639;ha;FLC016;Anbaufläche
41241;Ernte-u.Betriebsbericht: Feldfrüchte und Grünland;JAHR;Jahr;1965;DINSG;Deutschland insgesamt;DG;Deutschland;FRUA01;Fruchtarten;FRUART012;Futter- und Industriegetreide;2306642;ha;FLC016;Anbaufläche
41241;Ernte-u.Betriebsbericht: Feldfrüchte und Grünland;JAHR;Jahr;2001;DINSG;Deutschland insgesamt;DG;Deutschland;FRUA01;Fruchtarten;FRUART05112;Sommerraps, Winter- und Sommerrübsen;22111;ha;FLC016;Anbaufläche
41241;Ernte-u.Betriebsbericht: Feldfrüchte und Grünland;JAHR;Jahr;1958;DINSG;Deutschland insgesamt;DG;Deutschland;FRUA01;Fruchtarten;FRUART013CCM;Körnermais (einschl. CCM);4399;ha;FLC016;Anbaufläche
41241;Ernte-u.Betriebsbericht: Feldfrüchte und Grünland;JAHR;Jahr;1989;DINSG;Deutschland insgesamt;DG;Deutschland;FRUA01;Fruchtarten;FRUART01112;Sommerweizen;50274;ha;FLC016;Anbaufläche
41241;Ernte-u.Betriebsbericht: Feldfrüchte und Grünland;JAHR;Jahr;1995;DINSG;Deutschland insgesamt;DG;Deutschland;FRUA01;Fruchtarten;FRUART064;Silomais (einschl. Lieschkolbenschrot);1251788;ha;FLC016;Anbaufläche
41241;Ernte-u.Betriebsbericht: Feldfrüchte und Grünland;JAHR;Jahr;1977;DINSG;Deutschland insgesamt;DG;Deutschland;FRUA01;Fruchtarten;FRUART054;Rüben und Gräser zur Samengewinnung;10010;ha;FLC016;Anbaufläche
41241;Ernte-u.Betriebsbericht: Feldfrüchte und Grünland;JAHR;Jahr;1950;DINSG;Deutschland insgesamt;DG;Deutschland;FRUA01;Fruchtarten;FRUART01112;Sommerweizen;64787;ha;FLC016;Anbaufläche
41241;Ernte-u.Betriebsbericht: Feldfrüchte und Grünland;JAHR;Jahr;1954;DINSG;Deutschland insgesamt;DG;Deutschland;FRUA01;Fruchtarten;FRUART054;Rüben und Gräser zur Samengewinnung;14613;ha;FLC016;Anbaufläche
41241;Ernte-u.Betriebsbericht: Feldfrüchte und Grünland;JAHR;Jahr;1961;DINSG;Deutschland insgesamt;DG;Deutschland;FRUA01;Fruchtarten;FRUART0112;Roggen;1183651;ha;FLC016;Anbaufläche
41241;Ernte-u.Betriebsbericht: Feldfrüchte und Grünland;JAHR;Jahr;1957;DINSG;Deutschland insgesamt;DG;Deutschland;FRUA01;Fruchtarten;FRUART031SPK;Speisekartoffeln;.;ha;FLC016;Anbaufläche
41241;Ernte-u.Betriebsbericht: Feldfrüchte und Grünland;JAHR;Jahr;1987;DINSG;Deutschland insgesamt;DG;Deutschland;FRUA01;Fruchtarten;FRUART032;Zuckerrüben;375651;ha;FLC016;Anbaufläche
41241;Ernte-u.Betriebsbericht: Feldfrüchte und Grünland;JAHR;Jahr;2003;DINSG;Deutschland insgesamt;DG;Deutschland;FRUA01;Fruchtarten;FRUART033;Runkelrüben;6059;ha;FLC016;Anbaufläche
41241;Ernte-u.Betriebsbericht: Feldfrüchte und Grünland;JAHR;Jahr;1969;DINSG;Deutschland insgesamt;DG;Deutschland;FRUA01;Fruchtarten;FRUART022;Ackerbohnen;25199;ha;FLC016;Anbaufläche
41241;Ernte-u.Betriebsbericht: Feldfrüchte und Grünland;JAHR;Jahr;1980;DINSG;Deutschland insgesamt;DG;Deutschland;FRUA01;Fruchtarten;FRUART066;Alle anderen Futterpflanzen;4605;ha;FLC016;Anbaufläche
41241;Ernte-u.Betriebsbericht: Feldfrüchte und Grünland;JAHR;Jahr;1958;DINSG;Deutschland insgesamt;DG;Deutschland;FRUA01;Fruchtarten;FRUART01212;Sommergerste;679597;ha;FLC016;Anbaufläche
41241;Ernte-u.Betriebsbericht: Feldfrüchte und Grünland;JAHR;Jahr;1958;DINSG;Deutschland insgesamt;DG;Deutschland;FRUA01;Fruchtarten;FRUART064;Silomais (einschl. Lieschkolbenschrot);45840;ha;FLC016;Anbaufläche
41241;Ernte-u.Betriebsbericht: Feldfrüchte und Grünland;JAHR;Jahr;1992;DINSG;Deutschland insgesamt;DG;Deutschland;FRUA01;Fruchtarten;FRUART064;Silomais (einschl. Lieschkolbenschrot);1242786;ha;FLC016;Anbaufläche
41241;Ernte-u.Betriebsbericht: Feldfrüchte und Grünland;JAHR;Jahr;1974;DINSG;Deutschland insgesamt;DG;Deutschland;FRUA01;Fruchtarten;FRUART01211;Wintergerste;677918;ha;FLC016;Anbaufläche
41241;Ernte-u.Betriebsbericht: Feldfrüchte und Grünland;JAHR;Jahr;2006;DINSG;Deutschland insgesamt;DG;Deutschland;FRUA01;Fruchtarten;FRUART01112;Sommerweizen;44600;ha;FLC016;Anbaufläche
41241;Ernte-u.Betriebsbericht: Feldfrüchte und Grünland;JAHR;Jahr;1956;DINSG;Deutschland insgesamt;DG;Deutschland;FRUA01;Fruchtarten;FRUART0112;Roggen;1491020;ha;FLC016;Anbaufläche
41241;Ernte-u.Betriebsbericht: Feldfrüchte und Grünland;JAHR;Jahr;1986;DINSG;Deutschland insgesamt;DG;Deutschland;FRUA01;Fruchtarten;FRUART01113;Hartweizen (Durum);.;ha;FLC016;Anbaufläche
41241;Ernte-u.Betriebsbericht: Feldfrüchte und Grünland;JAHR;Jahr;1972;DINSG;Deutschland insgesamt;DG;Deutschland;FRUA01;Fruchtarten;FRUART0512;Flachs (Lein);.;ha;FLC016;Anbaufläche
41241;Ernte-u.Betriebsbericht: Feldfrüchte und Grünland;JAHR;Jahr;1961;DINSG;Deutschland insgesamt;DG;Deutschland;FRUA01;Fruchtarten;FRUART01112;Sommerweizen;195501;ha;FLC016;Anbaufläche
41241;Ernte-u.Betriebsbericht: Feldfrüchte und Grünland;JAHR;Jahr;1953;DINSG;Deutschland insgesamt;DG;Deutschland;FRUA01;Fruchtarten;FRUART013;Körnermais;.;ha;FLC016;Anbaufläche
41241;Ernte-u.Betriebsbericht: Feldfrüchte und Grünland;JAHR;Jahr;2000;DINSG;Deutschland insgesamt;DG;Deutschland;FRUA01;Fruchtarten;FRUART033;Runkelrüben;9331;ha;FLC016;Anbaufläche
41241;Ernte-u.Betriebsbericht: Feldfrüchte und Grünland;JAHR;Jahr;1957;DINSG;Deutschland insgesamt;DG;Deutschland;FRUA01;Fruchtarten;FRUART023;Alle anderen Hülsenfrüchte;25399;ha;FLC016;Anbaufläche
41241;Ernte-u.Betriebsbericht: Feldfrüchte und Grünland;JAHR;Jahr;1966;DINSG;Deutschland insgesamt;DG;Deutschland;FRUA01;Fruchtarten;FRUART01211;Wintergerste;357234;ha;FLC016;Anbaufläche
41241;Ernte-u.Betriebsbericht: Feldfrüchte und Grünland;JAHR;Jahr;1982;DINSG;Deutschland insgesamt;DG;Deutschland;FRUA01;Fruchtarten;FRUART0514;Andere Ölfrüchte;.;ha;FLC016;Anbaufläche
41241;Ernte-u.Betriebsbericht: Feldfrüchte und Grünland;JAHR;Jahr;1982;DINSG;Deutschland insgesamt;DG;Deutschland;FRUA01;Fruchtarten;FRUART04OS;Gemüse, Spargel, Erdbeeren (ohne Samenbau);.;ha;FLC016;Anbaufläche
41241;Ernte-u.Betriebsbericht: Feldfrüchte und Grünland;JAHR;Jahr;1993;DINSG;Deutschland insgesamt;DG;Deutschland;FRUA01;Fruchtarten;FRUART031FSK;Frühe Speisekartoffeln;22395;ha;FLC016;Anbaufläche
41241;Ernte-u.Betriebsbericht: Feldfrüchte und Grünland;JAHR;Jahr;2009;DINSG;Deutschland insgesamt;DG;Deutschland;FRUA01;Fruchtarten;FRUART01111W;Weichweizen;3214800;ha;FLC016;Anbaufläche
41241;Ernte-u.Betriebsbericht: Feldfrüchte und Grünland;JAHR;Jahr;1991;DINSG;Deutschland insgesamt;DG;Deutschland;FRUA01;Fruchtarten;FRUART023;Alle anderen Hülsenfrüchte;11198;ha;FLC016;Anbaufläche
41241;Ernte-u.Betriebsbericht: Feldfrüchte und Grünland;JAHR;Jahr;1970;DINSG;Deutschland insgesamt;DG;Deutschland;FRUA01;Fruchtarten;FRUART062;Luzerne;.;ha;FLC016;Anbaufläche
41241;Ernte-u.Betriebsbericht: Feldfrüchte und Grünland;JAHR;Jahr;1966;DINSG;Deutschland insgesamt;DG;Deutschland;FRUA01;Fruchtarten;FRUART053;Tabak;.;ha;FLC016;Anbaufläche
41241;Ernte-u.Betriebsbericht: Feldfrüchte und Grünland;JAHR;Jahr;1988;DINSG;Deutschland insgesamt;DG;Deutschland;FRUA01;Fruchtarten;FRUART0513;Körnersonnenblumen;.;ha;FLC016;Anbaufläche
41241;Ernte-u.Betriebsbericht: Feldfrüchte und Grünland;JAHR;Jahr;1951;DINSG;Deutschland insgesamt;DG;Deutschland;FRUA01;Fruchtarten;FRUART041;Blumen u. Zierpflanzen einschl.Jungpfl.(o.Samenb.);.;ha;FLC016;Anbaufläche
41241;Ernte-u.Betriebsbericht: Feldfrüchte und Grünland;JAHR;Jahr;1988;DINSG;Deutschland insgesamt;DG;Deutschland;FRUA01;Fruchtarten;FRUART042;Gartenbausämereien,Vermehrungsanbau v.Blumenzwieb.;.;ha;FLC016;Anbaufläche
41241;Ernte-u.Betriebsbericht: Feldfrüchte und Grünland;JAHR;Jahr;1974;DINSG;Deutschland insgesamt;DG;Deutschland;FRUA01;Fruchtarten;FRUART0111;Weizen;1630968;ha;FLC016;Anbaufläche
41241;Ernte-u.Betriebsbericht: Feldfrüchte und Grünland;JAHR;Jahr;1985;DINSG;Deutschland insgesamt;DG;Deutschland;FRUA01;Fruchtarten;FRUART031FSK;Frühe Speisekartoffeln;21878;ha;FLC016;Anbaufläche
41241;Ernte-u.Betriebsbericht: Feldfrüchte und Grünland;JAHR;Jahr;1955;DINSG;Deutschland insgesamt;DG;Deutschland;FRUA01;Fruchtarten;FRUART051;Ölfrüchte;.;ha;FLC016;Anbaufläche
41241;Ernte-u.Betriebsbericht: Feldfrüchte und Grünland;JAHR;Jahr;1954;DINSG;Deutschland insgesamt;DG;Deutschland;FRUA01;Fruchtarten;FRUART067;Lupinen;.;ha;FLC016;Anbaufläche
41241;Ernte-u.Betriebsbericht: Feldfrüchte und Grünland;JAHR;Jahr;1996;DINSG;Deutschland insgesamt;DG;Deutschland;FRUA01;Fruchtarten;FRUART061;Klee, Kleegras und Klee-Luzerne-Gemisch;226604;ha;FLC016;Anbaufläche
41241;Ernte-u.Betriebsbericht: Feldfrüchte und Grünland;JAHR;Jahr;1977;DINSG;Deutschland insgesamt;DG;Deutschland;FRUA01;Fruchtarten;FRUART041;Blumen u. Zierpflanzen einschl.Jungpfl.(o.Samenb.);.;ha;FLC016;Anbaufläche
41241;Ernte-u.Betriebsbericht: Feldfrüchte und Grünland;JAHR;Jahr;2000;DINSG;Deutschland insgesamt;DG;Deutschland;FRUA01;Fruchtarten;FRUART01OKM;Getreide (ohne Körnermais und CCM);6654849;ha;FLC016;Anbaufläche
41241;Ernte-u.Betriebsbericht: Feldfrüchte und Grünland;JAHR;Jahr;1965;DINSG;Deutschland insgesamt;DG;Deutschland;FRUA01;Fruchtarten;FRUART056;Alle anderen Handelsgewächse;6195;ha;FLC016;Anbaufläche
41241;Ernte-u.Betriebsbericht: Feldfrüchte und Grünland;JAHR;Jahr;1991;DINSG;Deutschland insgesamt;DG;Deutschland;FRUA01;Fruchtarten;FRUART0514;Andere Ölfrüchte;6056;ha;FLC016;Anbaufläche
41241;Ernte-u.Betriebsbericht: Feldfrüchte und Grünland;JAHR;Jahr;1991;DINSG;Deutschland insgesamt;DG;Deutschland;FRUA01;Fruchtarten;FRUART04OS;Gemüse, Spargel, Erdbeeren (ohne Samenbau);84181;ha;FLC016;Anbaufläche
41241;Ernte-u.Betriebsbericht: Feldfrüchte und Grünland;JAHR;Jahr;2005;DINSG;Deutschland insgesamt;DG;Deutschland;FRUA01;Fruchtarten;FRUART0124;Triticale;480800;ha;FLC016;Anbaufläche
41241;Ernte-u.Betriebsbericht: Feldfrüchte und Grünland;JAHR;Jahr;1983;DINSG;Deutschland insgesamt;DG;Deutschland;FRUA01;Fruchtarten;FRUART0122;Hafer;600580;ha;FLC016;Anbaufläche
41241;Ernte-u.Betriebsbericht: Feldfrüchte und Grünland;JAHR;Jahr;1955;DINSG;Deutschland insgesamt;DG;Deutschland;FRUA01;Fruchtarten;FRUART0121;Gerste;782306;ha;FLC016;Anbaufläche
41241;Ernte-u.Betriebsbericht: Feldfrüchte und Grünland;JAHR;Jahr;1984;DINSG;Deutschland insgesamt;DG;Deutschland;FRUA01;Fruchtarten;FRUART032;Zuckerrüben;405494;ha;FLC016;Anbaufläche
41241;Ernte-u.Betriebsbericht: Feldfrüchte und Grünland;JAHR;Jahr;1974;DINSG;Deutschland insgesamt;DG;Deutschland;FRUA01;Fruchtarten;FRUART0124;Triticale;.;ha;FLC016;Anbaufläche
41241;Ernte-u.Betriebsbericht: Feldfrüchte und Grünland;JAHR;Jahr;1953;DINSG;Deutschland insgesamt;DG;Deutschland;FRUA01;Fruchtarten;FRUART031INK;Industriekartoffeln;.;ha;FLC016;Anbaufläche
41241;Ernte-u.Betriebsbericht: Feldfrüchte und Grünland;JAHR;Jahr;1999;DINSG;Deutschland insgesamt;DG;Deutschland;FRUA01;Fruchtarten;FRUART0123;Sommermenggetreide;41338;ha;FLC016;Anbaufläche
41241;Ernte-u.Betriebsbericht: Feldfrüchte und Grünland;JAHR;Jahr;1981;DINSG;Deutschland insgesamt;DG;Deutschland;FRUA01;Fruchtarten;FRUART063;Feldgras/Grasanbau auf dem Ackerland;97384;ha;FLC016;Anbaufläche
41241;Ernte-u.Betriebsbericht: Feldfrüchte und Grünland;JAHR;Jahr;1973;DINSG;Deutschland insgesamt;DG;Deutschland;FRUA01;Fruchtarten;FRUART031;Kartoffeln;480521;ha;FLC016;Anbaufläche
41241;Ernte-u.Betriebsbericht: Feldfrüchte und Grünland;JAHR;Jahr;1954;DINSG;Deutschland insgesamt;DG;Deutschland;FRUA01;Fruchtarten;FRUART0513;Körnersonnenblumen;.;ha;FLC016;Anbaufläche
41241;Ernte-u.Betriebsbericht: Feldfrüchte und Grünland;JAHR;Jahr;1963;DINSG;Deutschland insgesamt;DG;Deutschland;FRUA01;Fruchtarten;FRUART0512;Flachs (Lein);.;ha;FLC016;Anbaufläche
41241;Ernte-u.Betriebsbericht: Feldfrüchte und Grünland;JAHR;Jahr;2007;DINSG;Deutschland insgesamt;DG;Deutschland;FRUA01;Fruchtarten;FRUART056;Alle anderen Handelsgewächse;9568;ha;FLC016;Anbaufläche
41241;Ernte-u.Betriebsbericht: Feldfrüchte und Grünland;JAHR;Jahr;1992;DINSG;Deutschland insgesamt;DG;Deutschland;FRUA01;Fruchtarten;FRUART0122;Hafer;357508;ha;FLC016;Anbaufläche
41241;Ernte-u.Betriebsbericht: Feldfrüchte und Grünland;JAHR;Jahr;1979;DINSG;Deutschland insgesamt;DG;Deutschland;FRUA01;Fruchtarten;FRUART013;Körnermais;.;ha;FLC016;Anbaufläche
41241;Ernte-u.Betriebsbericht: Feldfrüchte und Grünland;JAHR;Jahr;1959;DINSG;Deutschland insgesamt;DG;Deutschland;FRUA01;Fruchtarten;FRUART061;Klee, Kleegras und Klee-Luzerne-Gemisch;665422;ha;FLC016;Anbaufläche
41241;Ernte-u.Betriebsbericht: Feldfrüchte und Grünland;JAHR;Jahr;1969;DINSG;Deutschland insgesamt;DG;Deutschland;FRUA01;Fruchtarten;FRUART066;Alle anderen Futterpflanzen;20455;ha;FLC016;Anbaufläche
41241;Ernte-u.Betriebsbericht: Feldfrüchte und Grünland;JAHR;Jahr;1997;DINSG;Deutschland insgesamt;DG;Deutschland;FRUA01;Fruchtarten;FRUART0511;Raps und Rübsen;913971;ha;FLC016;Anbaufläche
41241;Ernte-u.Betriebsbericht: Feldfrüchte und Grünland;JAHR;Jahr;1955;DINSG;Deutschland insgesamt;DG;Deutschland;FRUA01;Fruchtarten;FRUART052;Hopfen;7765;ha;FLC016;Anbaufläche
41241;Ernte-u.Betriebsbericht: Feldfrüchte und Grünland;JAHR;Jahr;1960;DINSG;Deutschland insgesamt;DG;Deutschland;FRUA01;Fruchtarten;FRUART01211;Wintergerste;263261;ha;FLC016;Anbaufläche
41241;Ernte-u.Betriebsbericht: Feldfrüchte und Grünland;JAHR;Jahr;2008;DINSG;Deutschland insgesamt;DG;Deutschland;FRUA01;Fruchtarten;FRUART054;Rüben und Gräser zur Samengewinnung;25800;ha;FLC016;Anbaufläche
41241;Ernte-u.Betriebsbericht: Feldfrüchte und Grünland;JAHR;Jahr;1998;DINSG;Deutschland insgesamt;DG;Deutschland;FRUA01;Fruchtarten;FRUART063;Feldgras/Grasanbau auf dem Ackerland;228221;ha;FLC016;Anbaufläche
41241;Ernte-u.Betriebsbericht: Feldfrüchte und Grünland;JAHR;Jahr;1956;DINSG;Deutschland insgesamt;DG;Deutschland;FRUA01;Fruchtarten;FRUART031INK;Industriekartoffeln;.;ha;FLC016;Anbaufläche
41241;Ernte-u.Betriebsbericht: Feldfrüchte und Grünland;JAHR;Jahr;1993;DINSG;Deutschland insgesamt;DG;Deutschland;FRUA01;Fruchtarten;FRUART012;Futter- und Industriegetreide;2826414;ha;FLC016;Anbaufläche
41241;Ernte-u.Betriebsbericht: Feldfrüchte und Grünland;JAHR;Jahr;1965;DINSG;Deutschland insgesamt;DG;Deutschland;FRUA01;Fruchtarten;FRUART055;Heil- und Gewürzpflanzen;.;ha;FLC016;Anbaufläche
41241;Ernte-u.Betriebsbericht: Feldfrüchte und Grünland;JAHR;Jahr;1972;DINSG;Deutschland insgesamt;DG;Deutschland;FRUA01;Fruchtarten;FRUART033;Runkelrüben;287205;ha;FLC016;Anbaufläche
41241;Ernte-u.Betriebsbericht: Feldfrüchte und Grünland;JAHR;Jahr;1971;DINSG;Deutschland insgesamt;DG;Deutschland;FRUA01;Fruchtarten;FRUART031INK;Industriekartoffeln;.;ha;FLC016;Anbaufläche
41241;Ernte-u.Betriebsbericht: Feldfrüchte und Grünland;JAHR;Jahr;1977;DINSG;Deutschland insgesamt;DG;Deutschland;FRUA01;Fruchtarten;FRUART01212;Sommergerste;927022;ha;FLC016;Anbaufläche
41241;Ernte-u.Betriebsbericht: Feldfrüchte und Grünland;JAHR;Jahr;1978;DINSG;Deutschland insgesamt;DG;Deutschland;FRUA01;Fruchtarten;FRUART0122;Hafer;749422;ha;FLC016;Anbaufläche
41241;Ernte-u.Betriebsbericht: Feldfrüchte und Grünland;JAHR;Jahr;1986;DINSG;Deutschland insgesamt;DG;Deutschland;FRUA01;Fruchtarten;FRUART034;Alle anderen Hackfrüchte;5664;ha;FLC016;Anbaufläche
41241;Ernte-u.Betriebsbericht: Feldfrüchte und Grünland;JAHR;Jahr;1997;DINSG;Deutschland insgesamt;DG;Deutschland;FRUA01;Fruchtarten;FRUART022;Ackerbohnen;25860;ha;FLC016;Anbaufläche
41241;Ernte-u.Betriebsbericht: Feldfrüchte und Grünland;JAHR;Jahr;1991;DINSG;Deutschland insgesamt;DG;Deutschland;FRUA01;Fruchtarten;FRUART01112;Sommerweizen;64299;ha;FLC016;Anbaufläche
41241;Ernte-u.Betriebsbericht: Feldfrüchte und Grünland;JAHR;Jahr;1954;DINSG;Deutschland insgesamt;DG;Deutschland;FRUA01;Fruchtarten;FRUART011;Brotgetreide;2730250;ha;FLC016;Anbaufläche
41241;Ernte-u.Betriebsbericht: Feldfrüchte und Grünland;JAHR;Jahr;2007;DINSG;Deutschland insgesamt;DG;Deutschland;FRUA01;Fruchtarten;FRUART013;Körnermais;307483;ha;FLC016;Anbaufläche
41241;Ernte-u.Betriebsbericht: Feldfrüchte und Grünland;JAHR;Jahr;2005;DINSG;Deutschland insgesamt;DG;Deutschland;FRUA01;Fruchtarten;FRUART0111;Weizen;3173800;ha;FLC016;Anbaufläche
41241;Ernte-u.Betriebsbericht: Feldfrüchte und Grünland;JAHR;Jahr;1963;DINSG;Deutschland insgesamt;DG;Deutschland;FRUA01;Fruchtarten;FRUART0513;Körnersonnenblumen;.;ha;FLC016;Anbaufläche
41241;Ernte-u.Betriebsbericht: Feldfrüchte und Grünland;JAHR;Jahr;1977;DINSG;Deutschland insgesamt;DG;Deutschland;FRUA01;Fruchtarten;FRUART0514;Andere Ölfrüchte;.;ha;FLC016;Anbaufläche
41241;Ernte-u.Betriebsbericht: Feldfrüchte und Grünland;JAHR;Jahr;1977;DINSG;Deutschland insgesamt;DG;Deutschland;FRUA01;Fruchtarten;FRUART04OS;Gemüse, Spargel, Erdbeeren (ohne Samenbau);.;ha;FLC016;Anbaufläche
41241;Ernte-u.Betriebsbericht: Feldfrüchte und Grünland;JAHR;Jahr;1979;DINSG;Deutschland insgesamt;DG;Deutschland;FRUA01;Fruchtarten;FRUART056;Alle anderen Handelsgewächse;4561;ha;FLC016;Anbaufläche
41241;Ernte-u.Betriebsbericht: Feldfrüchte und Grünland;JAHR;Jahr;1990;DINSG;Deutschland insgesamt;DG;Deutschland;FRUA01;Fruchtarten;FRUART056;Alle anderen Handelsgewächse;.;ha;FLC016;Anbaufläche
41241;Ernte-u.Betriebsbericht: Feldfrüchte und Grünland;JAHR;Jahr;2001;DINSG;Deutschland insgesamt;DG;Deutschland;FRUA01;Fruchtarten;FRUART031;Kartoffeln;282100;ha;FLC016;Anbaufläche
41241;Ernte-u.Betriebsbericht: Feldfrüchte und Grünland;JAHR;Jahr;1999;DINSG;Deutschland insgesamt;DG;Deutschland;FRUA01;Fruchtarten;FRUART031FSK;Frühe Speisekartoffeln;18312;ha;FLC016;Anbaufläche
41241;Ernte-u.Betriebsbericht: Feldfrüchte und Grünland;JAHR;Jahr;1959;DINSG;Deutschland insgesamt;DG;Deutschland;FRUA01;Fruchtarten;FRUART062;Luzerne;.;ha;FLC016;Anbaufläche
41241;Ernte-u.Betriebsbericht: Feldfrüchte und Grünland;JAHR;Jahr;1964;DINSG;Deutschland insgesamt;DG;Deutschland;FRUA01;Fruchtarten;FRUART014;Corn-Cob-Mix;.;ha;FLC016;Anbaufläche
41241;Ernte-u.Betriebsbericht: Feldfrüchte und Grünland;JAHR;Jahr;1969;DINSG;Deutschland insgesamt;DG;Deutschland;FRUA01;Fruchtarten;FRUART065;Raufutter;.;ha;FLC016;Anbaufläche
41241;Ernte-u.Betriebsbericht: Feldfrüchte und Grünland;JAHR;Jahr;1985;DINSG;Deutschland insgesamt;DG;Deutschland;FRUA01;Fruchtarten;FRUART031INK;Industriekartoffeln;.;ha;FLC016;Anbaufläche
41241;Ernte-u.Betriebsbericht: Feldfrüchte und Grünland;JAHR;Jahr;1980;DINSG;Deutschland insgesamt;DG;Deutschland;FRUA01;Fruchtarten;FRUART065;Raufutter;.;ha;FLC016;Anbaufläche
41241;Ernte-u.Betriebsbericht: Feldfrüchte und Grünland;JAHR;Jahr;1964;DINSG;Deutschland insgesamt;DG;Deutschland;FRUA01;Fruchtarten;FRUART0121;Gerste;1153192;ha;FLC016;Anbaufläche
41241;Ernte-u.Betriebsbericht: Feldfrüchte und Grünland;JAHR;Jahr;1969;DINSG;Deutschland insgesamt;DG;Deutschland;FRUA01;Fruchtarten;FRUART052;Hopfen;11777;ha;FLC016;Anbaufläche
41241;Ernte-u.Betriebsbericht: Feldfrüchte und Grünland;JAHR;Jahr;1958;DINSG;Deutschland insgesamt;DG;Deutschland;FRUA01;Fruchtarten;FRUART021;Futtererbsen;.;ha;FLC016;Anbaufläche
41241;Ernte-u.Betriebsbericht: Feldfrüchte und Grünland;JAHR;Jahr;1979;DINSG;Deutschland insgesamt;DG;Deutschland;FRUA01;Fruchtarten;FRUART0113;Wintermenggetreide;18612;ha;FLC016;Anbaufläche
41241;Ernte-u.Betriebsbericht: Feldfrüchte und Grünland;JAHR;Jahr;2006;DINSG;Deutschland insgesamt;DG;Deutschland;FRUA01;Fruchtarten;FRUART01111;Winterweizen;3058300;ha;FLC016;Anbaufläche
41241;Ernte-u.Betriebsbericht: Feldfrüchte und Grünland;JAHR;Jahr;1959;DINSG;Deutschland insgesamt;DG;Deutschland;FRUA01;Fruchtarten;FRUART01112;Sommerweizen;122640;ha;FLC016;Anbaufläche
41241;Ernte-u.Betriebsbericht: Feldfrüchte und Grünland;JAHR;Jahr;1963;DINSG;Deutschland insgesamt;DG;Deutschland;FRUA01;Fruchtarten;FRUART01211;Wintergerste;307728;ha;FLC016;Anbaufläche
41241;Ernte-u.Betriebsbericht: Feldfrüchte und Grünland;JAHR;Jahr;2006;DINSG;Deutschland insgesamt;DG;Deutschland;FRUA01;Fruchtarten;FRUART01111W;Weichweizen;3102900;ha;FLC016;Anbaufläche
41241;Ernte-u.Betriebsbericht: Feldfrüchte und Grünland;JAHR;Jahr;1951;DINSG;Deutschland insgesamt;DG;Deutschland;FRUA01;Fruchtarten;FRUART055;Heil- und Gewürzpflanzen;.;ha;FLC016;Anbaufläche
41241;Ernte-u.Betriebsbericht: Feldfrüchte und Grünland;JAHR;Jahr;2000;DINSG;Deutschland insgesamt;DG;Deutschland;FRUA01;Fruchtarten;FRUART0122;Hafer;237020;ha;FLC016;Anbaufläche
41241;Ernte-u.Betriebsbericht: Feldfrüchte und Grünland;JAHR;Jahr;2004;DINSG;Deutschland insgesamt;DG;Deutschland;FRUA01;Fruchtarten;FRUART0121;Gerste;1979472;ha;FLC016;Anbaufläche
41241;Ernte-u.Betriebsbericht: Feldfrüchte und Grünland;JAHR;Jahr;1983;DINSG;Deutschland insgesamt;DG;Deutschland;FRUA01;Fruchtarten;FRUART065;Raufutter;.;ha;FLC016;Anbaufläche
41241;Ernte-u.Betriebsbericht: Feldfrüchte und Grünland;JAHR;Jahr;1960;DINSG;Deutschland insgesamt;DG;Deutschland;FRUA01;Fruchtarten;FRUART0122;Hafer;747577;ha;FLC016;Anbaufläche
41241;Ernte-u.Betriebsbericht: Feldfrüchte und Grünland;JAHR;Jahr;1955;DINSG;Deutschland insgesamt;DG;Deutschland;FRUA01;Fruchtarten;FRUART065;Raufutter;.;ha;FLC016;Anbaufläche
41241;Ernte-u.Betriebsbericht: Feldfrüchte und Grünland;JAHR;Jahr;2000;DINSG;Deutschland insgesamt;DG;Deutschland;FRUA01;Fruchtarten;FRUART01111;Winterweizen;2913659;ha;FLC016;Anbaufläche
41241;Ernte-u.Betriebsbericht: Feldfrüchte und Grünland;JAHR;Jahr;2003;DINSG;Deutschland insgesamt;DG;Deutschland;FRUA01;Fruchtarten;FRUART0513;Körnersonnenblumen;37200;ha;FLC016;Anbaufläche
41241;Ernte-u.Betriebsbericht: Feldfrüchte und Grünland;JAHR;Jahr;1994;DINSG;Deutschland insgesamt;DG;Deutschland;FRUA01;Fruchtarten;FRUART053;Tabak;3567;ha;FLC016;Anbaufläche
41241;Ernte-u.Betriebsbericht: Feldfrüchte und Grünland;JAHR;Jahr;2008;DINSG;Deutschland insgesamt;DG;Deutschland;FRUA01;Fruchtarten;FRUART031SPK;Speisekartoffeln;.;ha;FLC016;Anbaufläche
41241;Ernte-u.Betriebsbericht: Feldfrüchte und Grünland;JAHR;Jahr;2007;DINSG;Deutschland insgesamt;DG;Deutschland;FRUA01;Fruchtarten;FRUART05112;Sommerraps, Winter- und Sommerrübsen;9567;ha;FLC016;Anbaufläche
41241;Ernte-u.Betriebsbericht: Feldfrüchte und Grünland;JAHR;Jahr;1986;DINSG;Deutschland insgesamt;DG;Deutschland;FRUA01;Fruchtarten;FRUART021;Futtererbsen;.;ha;FLC016;Anbaufläche
41241;Ernte-u.Betriebsbericht: Feldfrüchte und Grünland;JAHR;Jahr;1990;DINSG;Deutschland insgesamt;DG;Deutschland;FRUA01;Fruchtarten;FRUART0122;Hafer;472721;ha;FLC016;Anbaufläche
41241;Ernte-u.Betriebsbericht: Feldfrüchte und Grünland;JAHR;Jahr;1968;DINSG;Deutschland insgesamt;DG;Deutschland;FRUA01;Fruchtarten;FRUART011;Brotgetreide;2471503;ha;FLC016;Anbaufläche
41241;Ernte-u.Betriebsbericht: Feldfrüchte und Grünland;JAHR;Jahr;1950;DINSG;Deutschland insgesamt;DG;Deutschland;FRUA01;Fruchtarten;FRUART014;Corn-Cob-Mix;.;ha;FLC016;Anbaufläche
41241;Ernte-u.Betriebsbericht: Feldfrüchte und Grünland;JAHR;Jahr;1965;DINSG;Deutschland insgesamt;DG;Deutschland;FRUA01;Fruchtarten;FRUART0111;Weizen;1411767;ha;FLC016;Anbaufläche
41241;Ernte-u.Betriebsbericht: Feldfrüchte und Grünland;JAHR;Jahr;2003;DINSG;Deutschland insgesamt;DG;Deutschland;FRUA01;Fruchtarten;FRUART01111;Winterweizen;2832614;ha;FLC016;Anbaufläche
41241;Ernte-u.Betriebsbericht: Feldfrüchte und Grünland;JAHR;Jahr;1970;DINSG;Deutschland insgesamt;DG;Deutschland;FRUA01;Fruchtarten;FRUART061;Klee, Kleegras und Klee-Luzerne-Gemisch;387560;ha;FLC016;Anbaufläche
41241;Ernte-u.Betriebsbericht: Feldfrüchte und Grünland;JAHR;Jahr;1973;DINSG;Deutschland insgesamt;DG;Deutschland;FRUA01;Fruchtarten;FRUART061;Klee, Kleegras und Klee-Luzerne-Gemisch;315564;ha;FLC016;Anbaufläche
41241;Ernte-u.Betriebsbericht: Feldfrüchte und Grünland;JAHR;Jahr;1999;DINSG;Deutschland insgesamt;DG;Deutschland;FRUA01;Fruchtarten;FRUART01OKM;Getreide (ohne Körnermais und CCM);6263947;ha;FLC016;Anbaufläche
41241;Ernte-u.Betriebsbericht: Feldfrüchte und Grünland;JAHR;Jahr;1994;DINSG;Deutschland insgesamt;DG;Deutschland;FRUA01;Fruchtarten;FRUART0121;Gerste;2069538;ha;FLC016;Anbaufläche
41241;Ernte-u.Betriebsbericht: Feldfrüchte und Grünland;JAHR;Jahr;1967;DINSG;Deutschland insgesamt;DG;Deutschland;FRUA01;Fruchtarten;FRUART014;Corn-Cob-Mix;.;ha;FLC016;Anbaufläche
41241;Ernte-u.Betriebsbericht: Feldfrüchte und Grünland;JAHR;Jahr;1991;DINSG;Deutschland insgesamt;DG;Deutschland;FRUA01;Fruchtarten;FRUART053;Tabak;2873;ha;FLC016;Anbaufläche
41241;Ernte-u.Betriebsbericht: Feldfrüchte und Grünland;JAHR;Jahr;1951;DINSG;Deutschland insgesamt;DG;Deutschland;FRUA01;Fruchtarten;FRUART0123;Sommermenggetreide;203605;ha;FLC016;Anbaufläche
41241;Ernte-u.Betriebsbericht: Feldfrüchte und Grünland;JAHR;Jahr;1995;DINSG;Deutschland insgesamt;DG;Deutschland;FRUA01;Fruchtarten;FRUART063;Feldgras/Grasanbau auf dem Ackerland;212364;ha;FLC016;Anbaufläche
41241;Ernte-u.Betriebsbericht: Feldfrüchte und Grünland;JAHR;Jahr;1958;DINSG;Deutschland insgesamt;DG;Deutschland;FRUA01;Fruchtarten;FRUART034;Alle anderen Hackfrüchte;87229;ha;FLC016;Anbaufläche
41241;Ernte-u.Betriebsbericht: Feldfrüchte und Grünland;JAHR;Jahr;1975;DINSG;Deutschland insgesamt;DG;Deutschland;FRUA01;Fruchtarten;FRUART033;Runkelrüben;238880;ha;FLC016;Anbaufläche
41241;Ernte-u.Betriebsbericht: Feldfrüchte und Grünland;JAHR;Jahr;1961;DINSG;Deutschland insgesamt;DG;Deutschland;FRUA01;Fruchtarten;FRUART032;Zuckerrüben;260081;ha;FLC016;Anbaufläche
41241;Ernte-u.Betriebsbericht: Feldfrüchte und Grünland;JAHR;Jahr;2007;DINSG;Deutschland insgesamt;DG;Deutschland;FRUA01;Fruchtarten;FRUART0511;Raps und Rübsen;1548177;ha;FLC016;Anbaufläche
41241;Ernte-u.Betriebsbericht: Feldfrüchte und Grünland;JAHR;Jahr;1961;DINSG;Deutschland insgesamt;DG;Deutschland;FRUA01;Fruchtarten;FRUART0113;Wintermenggetreide;64254;ha;FLC016;Anbaufläche
41241;Ernte-u.Betriebsbericht: Feldfrüchte und Grünland;JAHR;Jahr;1987;DINSG;Deutschland insgesamt;DG;Deutschland;FRUA01;Fruchtarten;FRUART031;Kartoffeln;205742;ha;FLC016;Anbaufläche
41241;Ernte-u.Betriebsbericht: Feldfrüchte und Grünland;JAHR;Jahr;1994;DINSG;Deutschland insgesamt;DG;Deutschland;FRUA01;Fruchtarten;FRUART01112;Sommerweizen;72099;ha;FLC016;Anbaufläche
41241;Ernte-u.Betriebsbericht: Feldfrüchte und Grünland;JAHR;Jahr;1990;DINSG;Deutschland insgesamt;DG;Deutschland;FRUA01;Fruchtarten;FRUART012;Futter- und Industriegetreide;3223148;ha;FLC016;Anbaufläche
41241;Ernte-u.Betriebsbericht: Feldfrüchte und Grünland;JAHR;Jahr;2005;DINSG;Deutschland insgesamt;DG;Deutschland;FRUA01;Fruchtarten;FRUART054;Rüben und Gräser zur Samengewinnung;32400;ha;FLC016;Anbaufläche
41241;Ernte-u.Betriebsbericht: Feldfrüchte und Grünland;JAHR;Jahr;1965;DINSG;Deutschland insgesamt;DG;Deutschland;FRUA01;Fruchtarten;FRUART042;Gartenbausämereien,Vermehrungsanbau v.Blumenzwieb.;.;ha;FLC016;Anbaufläche
41241;Ernte-u.Betriebsbericht: Feldfrüchte und Grünland;JAHR;Jahr;1952;DINSG;Deutschland insgesamt;DG;Deutschland;FRUA01;Fruchtarten;FRUART052;Hopfen;7456;ha;FLC016;Anbaufläche
41241;Ernte-u.Betriebsbericht: Feldfrüchte und Grünland;JAHR;Jahr;1983;DINSG;Deutschland insgesamt;DG;Deutschland;FRUA01;Fruchtarten;FRUART031SPK;Speisekartoffeln;.;ha;FLC016;Anbaufläche
41241;Ernte-u.Betriebsbericht: Feldfrüchte und Grünland;JAHR;Jahr;1956;DINSG;Deutschland insgesamt;DG;Deutschland;FRUA01;Fruchtarten;FRUART031FSK;Frühe Speisekartoffeln;63629;ha;FLC016;Anbaufläche
41241;Ernte-u.Betriebsbericht: Feldfrüchte und Grünland;JAHR;Jahr;1993;DINSG;Deutschland insgesamt;DG;Deutschland;FRUA01;Fruchtarten;FRUART0513;Körnersonnenblumen;81543;ha;FLC016;Anbaufläche
41241;Ernte-u.Betriebsbericht: Feldfrüchte und Grünland;JAHR;Jahr;1968;DINSG;Deutschland insgesamt;DG;Deutschland;FRUA01;Fruchtarten;FRUART031SPK;Speisekartoffeln;.;ha;FLC016;Anbaufläche
41241;Ernte-u.Betriebsbericht: Feldfrüchte und Grünland;JAHR;Jahr;1995;DINSG;Deutschland insgesamt;DG;Deutschland;FRUA01;Fruchtarten;FRUART0112;Roggen;861374;ha;FLC016;Anbaufläche
41241;Ernte-u.Betriebsbericht: Feldfrüchte und Grünland;JAHR;Jahr;1969;DINSG;Deutschland insgesamt;DG;Deutschland;FRUA01;Fruchtarten;FRUART01111W;Weichweizen;.;ha;FLC016;Anbaufläche
41241;Ernte-u.Betriebsbericht: Feldfrüchte und Grünland;JAHR;Jahr;1956;DINSG;Deutschland insgesamt;DG;Deutschland;FRUA01;Fruchtarten;FRUART062;Luzerne;.;ha;FLC016;Anbaufläche
41241;Ernte-u.Betriebsbericht: Feldfrüchte und Grünland;JAHR;Jahr;1994;DINSG;Deutschland insgesamt;DG;Deutschland;FRUA01;Fruchtarten;FRUART066;Alle anderen Futterpflanzen;47402;ha;FLC016;Anbaufläche
41241;Ernte-u.Betriebsbericht: Feldfrüchte und Grünland;JAHR;Jahr;1987;DINSG;Deutschland insgesamt;DG;Deutschland;FRUA01;Fruchtarten;FRUART0121;Gerste;1849820;ha;FLC016;Anbaufläche
41241;Ernte-u.Betriebsbericht: Feldfrüchte und Grünland;JAHR;Jahr;2009;DINSG;Deutschland insgesamt;DG;Deutschland;FRUA01;Fruchtarten;FRUART0123;Sommermenggetreide;17200;ha;FLC016;Anbaufläche
41241;Ernte-u.Betriebsbericht: Feldfrüchte und Grünland;JAHR;Jahr;1951;DINSG;Deutschland insgesamt;DG;Deutschland;FRUA01;Fruchtarten;FRUART011;Brotgetreide;2404560;ha;FLC016;Anbaufläche
41241;Ernte-u.Betriebsbericht: Feldfrüchte und Grünland;JAHR;Jahr;2009;DINSG;Deutschland insgesamt;DG;Deutschland;FRUA01;Fruchtarten;FRUART01112;Sommerweizen;36400;ha;FLC016;Anbaufläche
41241;Ernte-u.Betriebsbericht: Feldfrüchte und Grünland;JAHR;Jahr;1983;DINSG;Deutschland insgesamt;DG;Deutschland;FRUA01;Fruchtarten;FRUART021;Futtererbsen;.;ha;FLC016;Anbaufläche
41241;Ernte-u.Betriebsbericht: Feldfrüchte und Grünland;JAHR;Jahr;2005;DINSG;Deutschland insgesamt;DG;Deutschland;FRUA01;Fruchtarten;FRUART041;Blumen u. Zierpflanzen einschl.Jungpfl.(o.Samenb.);8800;ha;FLC016;Anbaufläche
41241;Ernte-u.Betriebsbericht: Feldfrüchte und Grünland;JAHR;Jahr;1969;DINSG;Deutschland insgesamt;DG;Deutschland;FRUA01;Fruchtarten;FRUART0123;Sommermenggetreide;418600;ha;FLC016;Anbaufläche
41241;Ernte-u.Betriebsbericht: Feldfrüchte und Grünland;JAHR;Jahr;1967;DINSG;Deutschland insgesamt;DG;Deutschland;FRUA01;Fruchtarten;FRUART0511;Raps und Rübsen;48641;ha;FLC016;Anbaufläche
41241;Ernte-u.Betriebsbericht: Feldfrüchte und Grünland;JAHR;Jahr;1955;DINSG;Deutschland insgesamt;DG;Deutschland;FRUA01;Fruchtarten;FRUART021;Futtererbsen;.;ha;FLC016;Anbaufläche
41241;Ernte-u.Betriebsbericht: Feldfrüchte und Grünland;JAHR;Jahr;1980;DINSG;Deutschland insgesamt;DG;Deutschland;FRUA01;Fruchtarten;FRUART052;Hopfen;17802;ha;FLC016;Anbaufläche
41241;Ernte-u.Betriebsbericht: Feldfrüchte und Grünland;JAHR;Jahr;1981;DINSG;Deutschland insgesamt;DG;Deutschland;FRUA01;Fruchtarten;FRUART05112;Sommerraps, Winter- und Sommerrübsen;7066;ha;FLC016;Anbaufläche
41241;Ernte-u.Betriebsbericht: Feldfrüchte und Grünland;JAHR;Jahr;2009;DINSG;Deutschland insgesamt;DG;Deutschland;FRUA01;Fruchtarten;FRUART051;Ölfrüchte;1506800;ha;FLC016;Anbaufläche
41241;Ernte-u.Betriebsbericht: Feldfrüchte und Grünland;JAHR;Jahr;1992;DINSG;Deutschland insgesamt;DG;Deutschland;FRUA01;Fruchtarten;FRUART01111W;Weichweizen;.;ha;FLC016;Anbaufläche
41241;Ernte-u.Betriebsbericht: Feldfrüchte und Grünland;JAHR;Jahr;2008;DINSG;Deutschland insgesamt;DG;Deutschland;FRUA01;Fruchtarten;FRUART067;Lupinen;19900;ha;FLC016;Anbaufläche
41241;Ernte-u.Betriebsbericht: Feldfrüchte und Grünland;JAHR;Jahr;2001;DINSG;Deutschland insgesamt;DG;Deutschland;FRUA01;Fruchtarten;FRUART0113;Wintermenggetreide;9244;ha;FLC016;Anbaufläche
41241;Ernte-u.Betriebsbericht: Feldfrüchte und Grünland;JAHR;Jahr;1999;DINSG;Deutschland insgesamt;DG;Deutschland;FRUA01;Fruchtarten;FRUART031INK;Industriekartoffeln;177653;ha;FLC016;Anbaufläche
41241;Ernte-u.Betriebsbericht: Feldfrüchte und Grünland;JAHR;Jahr;1969;DINSG;Deutschland insgesamt;DG;Deutschland;FRUA01;Fruchtarten;FRUART01212;Sommergerste;966192;ha;FLC016;Anbaufläche
41241;Ernte-u.Betriebsbericht: Feldfrüchte und Grünland;JAHR;Jahr;1973;DINSG;Deutschland insgesamt;DG;Deutschland;FRUA01;Fruchtarten;FRUART05112;Sommerraps, Winter- und Sommerrübsen;10337;ha;FLC016;Anbaufläche
41241;Ernte-u.Betriebsbericht: Feldfrüchte und Grünland;JAHR;Jahr;1984;DINSG;Deutschland insgesamt;DG;Deutschland;FRUA01;Fruchtarten;FRUART062;Luzerne;.;ha;FLC016;Anbaufläche
41241;Ernte-u.Betriebsbericht: Feldfrüchte und Grünland;JAHR;Jahr;1968;DINSG;Deutschland insgesamt;DG;Deutschland;FRUA01;Fruchtarten;FRUART055;Heil- und Gewürzpflanzen;.;ha;FLC016;Anbaufläche
41241;Ernte-u.Betriebsbericht: Feldfrüchte und Grünland;JAHR;Jahr;1955;DINSG;Deutschland insgesamt;DG;Deutschland;FRUA01;Fruchtarten;FRUART031MUS;Mittelfrühe und späte Kartoffeln;1078449;ha;FLC016;Anbaufläche
41241;Ernte-u.Betriebsbericht: Feldfrüchte und Grünland;JAHR;Jahr;1972;DINSG;Deutschland insgesamt;DG;Deutschland;FRUA01;Fruchtarten;FRUART0111;Weizen;1626027;ha;FLC016;Anbaufläche
41241;Ernte-u.Betriebsbericht: Feldfrüchte und Grünland;JAHR;Jahr;1981;DINSG;Deutschland insgesamt;DG;Deutschland;FRUA01;Fruchtarten;FRUART014;Corn-Cob-Mix;.;ha;FLC016;Anbaufläche
41241;Ernte-u.Betriebsbericht: Feldfrüchte und Grünland;JAHR;Jahr;2006;DINSG;Deutschland insgesamt;DG;Deutschland;FRUA01;Fruchtarten;FRUART051;Ölfrüchte;1483200;ha;FLC016;Anbaufläche
41241;Ernte-u.Betriebsbericht: Feldfrüchte und Grünland;JAHR;Jahr;1983;DINSG;Deutschland insgesamt;DG;Deutschland;FRUA01;Fruchtarten;FRUART01112;Sommerweizen;101242;ha;FLC016;Anbaufläche
41241;Ernte-u.Betriebsbericht: Feldfrüchte und Grünland;JAHR;Jahr;1956;DINSG;Deutschland insgesamt;DG;Deutschland;FRUA01;Fruchtarten;FRUART0513;Körnersonnenblumen;.;ha;FLC016;Anbaufläche
41241;Ernte-u.Betriebsbericht: Feldfrüchte und Grünland;JAHR;Jahr;1984;DINSG;Deutschland insgesamt;DG;Deutschland;FRUA01;Fruchtarten;FRUART0514;Andere Ölfrüchte;.;ha;FLC016;Anbaufläche
41241;Ernte-u.Betriebsbericht: Feldfrüchte und Grünland;JAHR;Jahr;1984;DINSG;Deutschland insgesamt;DG;Deutschland;FRUA01;Fruchtarten;FRUART04OS;Gemüse, Spargel, Erdbeeren (ohne Samenbau);.;ha;FLC016;Anbaufläche
41241;Ernte-u.Betriebsbericht: Feldfrüchte und Grünland;JAHR;Jahr;1999;DINSG;Deutschland insgesamt;DG;Deutschland;FRUA01;Fruchtarten;FRUART0511;Raps und Rübsen;1198038;ha;FLC016;Anbaufläche
41241;Ernte-u.Betriebsbericht: Feldfrüchte und Grünland;JAHR;Jahr;2005;DINSG;Deutschland insgesamt;DG;Deutschland;FRUA01;Fruchtarten;FRUART067;Lupinen;38600;ha;FLC016;Anbaufläche
41241;Ernte-u.Betriebsbericht: Feldfrüchte und Grünland;JAHR;Jahr;1959;DINSG;Deutschland insgesamt;DG;Deutschland;FRUA01;Fruchtarten;FRUART031;Kartoffeln;1054125;ha;FLC016;Anbaufläche
41241;Ernte-u.Betriebsbericht: Feldfrüchte und Grünland;JAHR;Jahr;1952;DINSG;Deutschland insgesamt;DG;Deutschland;FRUA01;Fruchtarten;FRUART065;Raufutter;.;ha;FLC016;Anbaufläche
41241;Ernte-u.Betriebsbericht: Feldfrüchte und Grünland;JAHR;Jahr;1968;DINSG;Deutschland insgesamt;DG;Deutschland;FRUA01;Fruchtarten;FRUART042;Gartenbausämereien,Vermehrungsanbau v.Blumenzwieb.;.;ha;FLC016;Anbaufläche
41241;Ernte-u.Betriebsbericht: Feldfrüchte und Grünland;JAHR;Jahr;1989;DINSG;Deutschland insgesamt;DG;Deutschland;FRUA01;Fruchtarten;FRUART021;Futtererbsen;.;ha;FLC016;Anbaufläche
41241;Ernte-u.Betriebsbericht: Feldfrüchte und Grünland;JAHR;Jahr;1982;DINSG;Deutschland insgesamt;DG;Deutschland;FRUA01;Fruchtarten;FRUART055;Heil- und Gewürzpflanzen;.;ha;FLC016;Anbaufläche
41241;Ernte-u.Betriebsbericht: Feldfrüchte und Grünland;JAHR;Jahr;1952;DINSG;Deutschland insgesamt;DG;Deutschland;FRUA01;Fruchtarten;FRUART01111W;Weichweizen;.;ha;FLC016;Anbaufläche
41241;Ernte-u.Betriebsbericht: Feldfrüchte und Grünland;JAHR;Jahr;1958;DINSG;Deutschland insgesamt;DG;Deutschland;FRUA01;Fruchtarten;FRUART0112;Roggen;1502754;ha;FLC016;Anbaufläche
41241;Ernte-u.Betriebsbericht: Feldfrüchte und Grünland;JAHR;Jahr;1952;DINSG;Deutschland insgesamt;DG;Deutschland;FRUA01;Fruchtarten;FRUART01211;Wintergerste;169483;ha;FLC016;Anbaufläche
41241;Ernte-u.Betriebsbericht: Feldfrüchte und Grünland;JAHR;Jahr;1986;DINSG;Deutschland insgesamt;DG;Deutschland;FRUA01;Fruchtarten;FRUART0513;Körnersonnenblumen;.;ha;FLC016;Anbaufläche
41241;Ernte-u.Betriebsbericht: Feldfrüchte und Grünland;JAHR;Jahr;1976;DINSG;Deutschland insgesamt;DG;Deutschland;FRUA01;Fruchtarten;FRUART061;Klee, Kleegras und Klee-Luzerne-Gemisch;282402;ha;FLC016;Anbaufläche
41241;Ernte-u.Betriebsbericht: Feldfrüchte und Grünland;JAHR;Jahr;1980;DINSG;Deutschland insgesamt;DG;Deutschland;FRUA01;Fruchtarten;FRUART01112;Sommerweizen;135711;ha;FLC016;Anbaufläche
41241;Ernte-u.Betriebsbericht: Feldfrüchte und Grünland;JAHR;Jahr;1957;DINSG;Deutschland insgesamt;DG;Deutschland;FRUA01;Fruchtarten;FRUART0121;Gerste;875908;ha;FLC016;Anbaufläche
41241;Ernte-u.Betriebsbericht: Feldfrüchte und Grünland;JAHR;Jahr;1985;DINSG;Deutschland insgesamt;DG;Deutschland;FRUA01;Fruchtarten;FRUART011;Brotgetreide;2061746;ha;FLC016;Anbaufläche
41241;Ernte-u.Betriebsbericht: Feldfrüchte und Grünland;JAHR;Jahr;1997;DINSG;Deutschland insgesamt;DG;Deutschland;FRUA01;Fruchtarten;FRUART031SPK;Speisekartoffeln;112676;ha;FLC016;Anbaufläche
41241;Ernte-u.Betriebsbericht: Feldfrüchte und Grünland;JAHR;Jahr;1988;DINSG;Deutschland insgesamt;DG;Deutschland;FRUA01;Fruchtarten;FRUART0112;Roggen;378330;ha;FLC016;Anbaufläche
41241;Ernte-u.Betriebsbericht: Feldfrüchte und Grünland;JAHR;Jahr;1955;DINSG;Deutschland insgesamt;DG;Deutschland;FRUA01;Fruchtarten;FRUART01211;Wintergerste;142311;ha;FLC016;Anbaufläche
41241;Ernte-u.Betriebsbericht: Feldfrüchte und Grünland;JAHR;Jahr;2009;DINSG;Deutschland insgesamt;DG;Deutschland;FRUA01;Fruchtarten;FRUART064;Silomais (einschl. Lieschkolbenschrot);1646700;ha;FLC016;Anbaufläche
41241;Ernte-u.Betriebsbericht: Feldfrüchte und Grünland;JAHR;Jahr;1955;DINSG;Deutschland insgesamt;DG;Deutschland;FRUA01;Fruchtarten;FRUART034;Alle anderen Hackfrüchte;93027;ha;FLC016;Anbaufläche
41241;Ernte-u.Betriebsbericht: Feldfrüchte und Grünland;JAHR;Jahr;1997;DINSG;Deutschland insgesamt;DG;Deutschland;FRUA01;Fruchtarten;FRUART0124;Triticale;437814;ha;FLC016;Anbaufläche
41241;Ernte-u.Betriebsbericht: Feldfrüchte und Grünland;JAHR;Jahr;1999;DINSG;Deutschland insgesamt;DG;Deutschland;FRUA01;Fruchtarten;FRUART012;Futter- und Industriegetreide;2905904;ha;FLC016;Anbaufläche
41241;Ernte-u.Betriebsbericht: Feldfrüchte und Grünland;JAHR;Jahr;1971;DINSG;Deutschland insgesamt;DG;Deutschland;FRUA01;Fruchtarten;FRUART023;Alle anderen Hülsenfrüchte;10110;ha;FLC016;Anbaufläche
41241;Ernte-u.Betriebsbericht: Feldfrüchte und Grünland;JAHR;Jahr;2004;DINSG;Deutschland insgesamt;DG;Deutschland;FRUA01;Fruchtarten;FRUART013;Körnermais;370022;ha;FLC016;Anbaufläche
41241;Ernte-u.Betriebsbericht: Feldfrüchte und Grünland;JAHR;Jahr;1986;DINSG;Deutschland insgesamt;DG;Deutschland;FRUA01;Fruchtarten;FRUART052;Hopfen;19510;ha;FLC016;Anbaufläche
41241;Ernte-u.Betriebsbericht: Feldfrüchte und Grünland;JAHR;Jahr;1973;DINSG;Deutschland insgesamt;DG;Deutschland;FRUA01;Fruchtarten;FRUART013CCM;Körnermais (einschl. CCM);105928;ha;FLC016;Anbaufläche
41241;Ernte-u.Betriebsbericht: Feldfrüchte und Grünland;JAHR;Jahr;1984;DINSG;Deutschland insgesamt;DG;Deutschland;FRUA01;Fruchtarten;FRUART031MUS;Mittelfrühe und späte Kartoffeln;199278;ha;FLC016;Anbaufläche
41241;Ernte-u.Betriebsbericht: Feldfrüchte und Grünland;JAHR;Jahr;1960;DINSG;Deutschland insgesamt;DG;Deutschland;FRUA01;Fruchtarten;FRUART022;Ackerbohnen;9667;ha;FLC016;Anbaufläche
41241;Ernte-u.Betriebsbericht: Feldfrüchte und Grünland;JAHR;Jahr;1953;DINSG;Deutschland insgesamt;DG;Deutschland;FRUA01;Fruchtarten;FRUART062;Luzerne;.;ha;FLC016;Anbaufläche
41241;Ernte-u.Betriebsbericht: Feldfrüchte und Grünland;JAHR;Jahr;1982;DINSG;Deutschland insgesamt;DG;Deutschland;FRUA01;Fruchtarten;FRUART011;Brotgetreide;1999867;ha;FLC016;Anbaufläche
41241;Ernte-u.Betriebsbericht: Feldfrüchte und Grünland;JAHR;Jahr;1985;DINSG;Deutschland insgesamt;DG;Deutschland;FRUA01;Fruchtarten;FRUART0122;Hafer;583935;ha;FLC016;Anbaufläche
41241;Ernte-u.Betriebsbericht: Feldfrüchte und Grünland;JAHR;Jahr;1972;DINSG;Deutschland insgesamt;DG;Deutschland;FRUA01;Fruchtarten;FRUART064;Silomais (einschl. Lieschkolbenschrot);285146;ha;FLC016;Anbaufläche
41241;Ernte-u.Betriebsbericht: Feldfrüchte und Grünland;JAHR;Jahr;2008;DINSG;Deutschland insgesamt;DG;Deutschland;FRUA01;Fruchtarten;FRUART023;Alle anderen Hülsenfrüchte;5300;ha;FLC016;Anbaufläche
41241;Ernte-u.Betriebsbericht: Feldfrüchte und Grünland;JAHR;Jahr;1964;DINSG;Deutschland insgesamt;DG;Deutschland;FRUA01;Fruchtarten;FRUART01112;Sommerweizen;176934;ha;FLC016;Anbaufläche
41241;Ernte-u.Betriebsbericht: Feldfrüchte und Grünland;JAHR;Jahr;1996;DINSG;Deutschland insgesamt;DG;Deutschland;FRUA01;Fruchtarten;FRUART056;Alle anderen Handelsgewächse;3652;ha;FLC016;Anbaufläche
41241;Ernte-u.Betriebsbericht: Feldfrüchte und Grünland;JAHR;Jahr;2002;DINSG;Deutschland insgesamt;DG;Deutschland;FRUA01;Fruchtarten;FRUART041;Blumen u. Zierpflanzen einschl.Jungpfl.(o.Samenb.);8939;ha;FLC016;Anbaufläche
41241;Ernte-u.Betriebsbericht: Feldfrüchte und Grünland;JAHR;Jahr;1967;DINSG;Deutschland insgesamt;DG;Deutschland;FRUA01;Fruchtarten;FRUART0124;Triticale;.;ha;FLC016;Anbaufläche
41241;Ernte-u.Betriebsbericht: Feldfrüchte und Grünland;JAHR;Jahr;1982;DINSG;Deutschland insgesamt;DG;Deutschland;FRUA01;Fruchtarten;FRUART031FSK;Frühe Speisekartoffeln;20802;ha;FLC016;Anbaufläche
41241;Ernte-u.Betriebsbericht: Feldfrüchte und Grünland;JAHR;Jahr;1971;DINSG;Deutschland insgesamt;DG;Deutschland;FRUA01;Fruchtarten;FRUART01211;Wintergerste;523597;ha;FLC016;Anbaufläche
41241;Ernte-u.Betriebsbericht: Feldfrüchte und Grünland;JAHR;Jahr;1967;DINSG;Deutschland insgesamt;DG;Deutschland;FRUA01;Fruchtarten;FRUART01112;Sommerweizen;186335;ha;FLC016;Anbaufläche
41241;Ernte-u.Betriebsbericht: Feldfrüchte und Grünland;JAHR;Jahr;1970;DINSG;Deutschland insgesamt;DG;Deutschland;FRUA01;Fruchtarten;FRUART0512;Flachs (Lein);.;ha;FLC016;Anbaufläche
41241;Ernte-u.Betriebsbericht: Feldfrüchte und Grünland;JAHR;Jahr;1964;DINSG;Deutschland insgesamt;DG;Deutschland;FRUA01;Fruchtarten;FRUART032;Zuckerrüben;327201;ha;FLC016;Anbaufläche
41241;Ernte-u.Betriebsbericht: Feldfrüchte und Grünland;JAHR;Jahr;1981;DINSG;Deutschland insgesamt;DG;Deutschland;FRUA01;Fruchtarten;FRUART0123;Sommermenggetreide;143506;ha;FLC016;Anbaufläche
41241;Ernte-u.Betriebsbericht: Feldfrüchte und Grünland;JAHR;Jahr;1972;DINSG;Deutschland insgesamt;DG;Deutschland;FRUA01;Fruchtarten;FRUART0124;Triticale;.;ha;FLC016;Anbaufläche
41241;Ernte-u.Betriebsbericht: Feldfrüchte und Grünland;JAHR;Jahr;1975;DINSG;Deutschland insgesamt;DG;Deutschland;FRUA01;Fruchtarten;FRUART064;Silomais (einschl. Lieschkolbenschrot);430300;ha;FLC016;Anbaufläche
41241;Ernte-u.Betriebsbericht: Feldfrüchte und Grünland;JAHR;Jahr;1956;DINSG;Deutschland insgesamt;DG;Deutschland;FRUA01;Fruchtarten;FRUART01112;Sommerweizen;147670;ha;FLC016;Anbaufläche
41241;Ernte-u.Betriebsbericht: Feldfrüchte und Grünland;JAHR;Jahr;1962;DINSG;Deutschland insgesamt;DG;Deutschland;FRUA01;Fruchtarten;FRUART05112;Sommerraps, Winter- und Sommerrübsen;9295;ha;FLC016;Anbaufläche
41241;Ernte-u.Betriebsbericht: Feldfrüchte und Grünland;JAHR;Jahr;1982;DINSG;Deutschland insgesamt;DG;Deutschland;FRUA01;Fruchtarten;FRUART042;Gartenbausämereien,Vermehrungsanbau v.Blumenzwieb.;.;ha;FLC016;Anbaufläche
41241;Ernte-u.Betriebsbericht: Feldfrüchte und Grünland;JAHR;Jahr;1998;DINSG;Deutschland insgesamt;DG;Deutschland;FRUA01;Fruchtarten;FRUART031MUS;Mittelfrühe und späte Kartoffeln;281414;ha;FLC016;Anbaufläche
41241;Ernte-u.Betriebsbericht: Feldfrüchte und Grünland;JAHR;Jahr;1961;DINSG;Deutschland insgesamt;DG;Deutschland;FRUA01;Fruchtarten;FRUART063;Feldgras/Grasanbau auf dem Ackerland;246411;ha;FLC016;Anbaufläche
41241;Ernte-u.Betriebsbericht: Feldfrüchte und Grünland;JAHR;Jahr;1993;DINSG;Deutschland insgesamt;DG;Deutschland;FRUA01;Fruchtarten;FRUART056;Alle anderen Handelsgewächse;3903;ha;FLC016;Anbaufläche
41241;Ernte-u.Betriebsbericht: Feldfrüchte und Grünland;JAHR;Jahr;1970;DINSG;Deutschland insgesamt;DG;Deutschland;FRUA01;Fruchtarten;FRUART013;Körnermais;.;ha;FLC016;Anbaufläche
41241;Ernte-u.Betriebsbericht: Feldfrüchte und Grünland;JAHR;Jahr;2005;DINSG;Deutschland insgesamt;DG;Deutschland;FRUA01;Fruchtarten;FRUART023;Alle anderen Hülsenfrüchte;4200;ha;FLC016;Anbaufläche
41241;Ernte-u.Betriebsbericht: Feldfrüchte und Grünland;JAHR;Jahr;2007;DINSG;Deutschland insgesamt;DG;Deutschland;FRUA01;Fruchtarten;FRUART031FSK;Frühe Speisekartoffeln;15864;ha;FLC016;Anbaufläche
41241;Ernte-u.Betriebsbericht: Feldfrüchte und Grünland;JAHR;Jahr;1952;DINSG;Deutschland insgesamt;DG;Deutschland;FRUA01;Fruchtarten;FRUART021;Futtererbsen;.;ha;FLC016;Anbaufläche
41241;Ernte-u.Betriebsbericht: Feldfrüchte und Grünland;JAHR;Jahr;1987;DINSG;Deutschland insgesamt;DG;Deutschland;FRUA01;Fruchtarten;FRUART062;Luzerne;.;ha;FLC016;Anbaufläche
41241;Ernte-u.Betriebsbericht: Feldfrüchte und Grünland;JAHR;Jahr;1954;DINSG;Deutschland insgesamt;DG;Deutschland;FRUA01;Fruchtarten;FRUART031SPK;Speisekartoffeln;.;ha;FLC016;Anbaufläche
41241;Ernte-u.Betriebsbericht: Feldfrüchte und Grünland;JAHR;Jahr;2009;DINSG;Deutschland insgesamt;DG;Deutschland;FRUA01;Fruchtarten;FRUART033;Runkelrüben;3600;ha;FLC016;Anbaufläche
41241;Ernte-u.Betriebsbericht: Feldfrüchte und Grünland;JAHR;Jahr;1997;DINSG;Deutschland insgesamt;DG;Deutschland;FRUA01;Fruchtarten;FRUART0111;Weizen;2719643;ha;FLC016;Anbaufläche
41241;Ernte-u.Betriebsbericht: Feldfrüchte und Grünland;JAHR;Jahr;1954;DINSG;Deutschland insgesamt;DG;Deutschland;FRUA01;Fruchtarten;FRUART05112;Sommerraps, Winter- und Sommerrübsen;3284;ha;FLC016;Anbaufläche
41241;Ernte-u.Betriebsbericht: Feldfrüchte und Grünland;JAHR;Jahr;1956;DINSG;Deutschland insgesamt;DG;Deutschland;FRUA01;Fruchtarten;FRUART031;Kartoffeln;1148615;ha;FLC016;Anbaufläche
41241;Ernte-u.Betriebsbericht: Feldfrüchte und Grünland;JAHR;Jahr;1954;DINSG;Deutschland insgesamt;DG;Deutschland;FRUA01;Fruchtarten;FRUART0113;Wintermenggetreide;71153;ha;FLC016;Anbaufläche
41241;Ernte-u.Betriebsbericht: Feldfrüchte und Grünland;JAHR;Jahr;1997;DINSG;Deutschland insgesamt;DG;Deutschland;FRUA01;Fruchtarten;FRUART066;Alle anderen Futterpflanzen;48025;ha;FLC016;Anbaufläche
41241;Ernte-u.Betriebsbericht: Feldfrüchte und Grünland;JAHR;Jahr;1996;DINSG;Deutschland insgesamt;DG;Deutschland;FRUA01;Fruchtarten;FRUART01212;Sommergerste;795345;ha;FLC016;Anbaufläche
41241;Ernte-u.Betriebsbericht: Feldfrüchte und Grünland;JAHR;Jahr;2003;DINSG;Deutschland insgesamt;DG;Deutschland;FRUA01;Fruchtarten;FRUART051;Ölfrüchte;1323710;ha;FLC016;Anbaufläche
41241;Ernte-u.Betriebsbericht: Feldfrüchte und Grünland;JAHR;Jahr;1971;DINSG;Deutschland insgesamt;DG;Deutschland;FRUA01;Fruchtarten;FRUART054;Rüben und Gräser zur Samengewinnung;13999;ha;FLC016;Anbaufläche
41241;Ernte-u.Betriebsbericht: Feldfrüchte und Grünland;JAHR;Jahr;2002;DINSG;Deutschland insgesamt;DG;Deutschland;FRUA01;Fruchtarten;FRUART067;Lupinen;.;ha;FLC016;Anbaufläche
41241;Ernte-u.Betriebsbericht: Feldfrüchte und Grünland;JAHR;Jahr;2007;DINSG;Deutschland insgesamt;DG;Deutschland;FRUA01;Fruchtarten;FRUART0124;Triticale;381036;ha;FLC016;Anbaufläche
41241;Ernte-u.Betriebsbericht: Feldfrüchte und Grünland;JAHR;Jahr;1983;DINSG;Deutschland insgesamt;DG;Deutschland;FRUA01;Fruchtarten;FRUART052;Hopfen;19648;ha;FLC016;Anbaufläche
41241;Ernte-u.Betriebsbericht: Feldfrüchte und Grünland;JAHR;Jahr;1989;DINSG;Deutschland insgesamt;DG;Deutschland;FRUA01;Fruchtarten;FRUART034;Alle anderen Hackfrüchte;4375;ha;FLC016;Anbaufläche
41241;Ernte-u.Betriebsbericht: Feldfrüchte und Grünland;JAHR;Jahr;2008;DINSG;Deutschland insgesamt;DG;Deutschland;FRUA01;Fruchtarten;FRUART01211;Wintergerste;1418200;ha;FLC016;Anbaufläche
41241;Ernte-u.Betriebsbericht: Feldfrüchte und Grünland;JAHR;Jahr;1991;DINSG;Deutschland insgesamt;DG;Deutschland;FRUA01;Fruchtarten;FRUART0113;Wintermenggetreide;9042;ha;FLC016;Anbaufläche
41241;Ernte-u.Betriebsbericht: Feldfrüchte und Grünland;JAHR;Jahr;1996;DINSG;Deutschland insgesamt;DG;Deutschland;FRUA01;Fruchtarten;FRUART031FSK;Frühe Speisekartoffeln;21074;ha;FLC016;Anbaufläche
41241;Ernte-u.Betriebsbericht: Feldfrüchte und Grünland;JAHR;Jahr;2001;DINSG;Deutschland insgesamt;DG;Deutschland;FRUA01;Fruchtarten;FRUART013;Körnermais;305619;ha;FLC016;Anbaufläche
41241;Ernte-u.Betriebsbericht: Feldfrüchte und Grünland;JAHR;Jahr;2005;DINSG;Deutschland insgesamt;DG;Deutschland;FRUA01;Fruchtarten;FRUART0512;Flachs (Lein);14400;ha;FLC016;Anbaufläche
41241;Ernte-u.Betriebsbericht: Feldfrüchte und Grünland;JAHR;Jahr;1978;DINSG;Deutschland insgesamt;DG;Deutschland;FRUA01;Fruchtarten;FRUART033;Runkelrüben;193128;ha;FLC016;Anbaufläche
41241;Ernte-u.Betriebsbericht: Feldfrüchte und Grünland;JAHR;Jahr;1997;DINSG;Deutschland insgesamt;DG;Deutschland;FRUA01;Fruchtarten;FRUART053;Tabak;3383;ha;FLC016;Anbaufläche
41241;Ernte-u.Betriebsbericht: Feldfrüchte und Grünland;JAHR;Jahr;2009;DINSG;Deutschland insgesamt;DG;Deutschland;FRUA01;Fruchtarten;FRUART031MUS;Mittelfrühe und späte Kartoffeln;249500;ha;FLC016;Anbaufläche
41241;Ernte-u.Betriebsbericht: Feldfrüchte und Grünland;JAHR;Jahr;1971;DINSG;Deutschland insgesamt;DG;Deutschland;FRUA01;Fruchtarten;FRUART067;Lupinen;.;ha;FLC016;Anbaufläche
41241;Ernte-u.Betriebsbericht: Feldfrüchte und Grünland;JAHR;Jahr;1967;DINSG;Deutschland insgesamt;DG;Deutschland;FRUA01;Fruchtarten;FRUART032;Zuckerrüben;294325;ha;FLC016;Anbaufläche
41241;Ernte-u.Betriebsbericht: Feldfrüchte und Grünland;JAHR;Jahr;1963;DINSG;Deutschland insgesamt;DG;Deutschland;FRUA01;Fruchtarten;FRUART0112;Roggen;1139096;ha;FLC016;Anbaufläche
41241;Ernte-u.Betriebsbericht: Feldfrüchte und Grünland;JAHR;Jahr;2002;DINSG;Deutschland insgesamt;DG;Deutschland;FRUA01;Fruchtarten;FRUART054;Rüben und Gräser zur Samengewinnung;23421;ha;FLC016;Anbaufläche
41241;Ernte-u.Betriebsbericht: Feldfrüchte und Grünland;JAHR;Jahr;1972;DINSG;Deutschland insgesamt;DG;Deutschland;FRUA01;Fruchtarten;FRUART051;Ölfrüchte;.;ha;FLC016;Anbaufläche
41241;Ernte-u.Betriebsbericht: Feldfrüchte und Grünland;JAHR;Jahr;1988;DINSG;Deutschland insgesamt;DG;Deutschland;FRUA01;Fruchtarten;FRUART01212;Sommergerste;725903;ha;FLC016;Anbaufläche
41241;Ernte-u.Betriebsbericht: Feldfrüchte und Grünland;JAHR;Jahr;2006;DINSG;Deutschland insgesamt;DG;Deutschland;FRUA01;Fruchtarten;FRUART064;Silomais (einschl. Lieschkolbenschrot);1345900;ha;FLC016;Anbaufläche
41241;Ernte-u.Betriebsbericht: Feldfrüchte und Grünland;JAHR;Jahr;1960;DINSG;Deutschland insgesamt;DG;Deutschland;FRUA01;Fruchtarten;FRUART066;Alle anderen Futterpflanzen;62469;ha;FLC016;Anbaufläche
41241;Ernte-u.Betriebsbericht: Feldfrüchte und Grünland;JAHR;Jahr;1974;DINSG;Deutschland insgesamt;DG;Deutschland;FRUA01;Fruchtarten;FRUART023;Alle anderen Hülsenfrüchte;10361;ha;FLC016;Anbaufläche
41241;Ernte-u.Betriebsbericht: Feldfrüchte und Grünland;JAHR;Jahr;1970;DINSG;Deutschland insgesamt;DG;Deutschland;FRUA01;Fruchtarten;FRUART05112;Sommerraps, Winter- und Sommerrübsen;10481;ha;FLC016;Anbaufläche
41241;Ernte-u.Betriebsbericht: Feldfrüchte und Grünland;JAHR;Jahr;1996;DINSG;Deutschland insgesamt;DG;Deutschland;FRUA01;Fruchtarten;FRUART012;Futter- und Industriegetreide;2920474;ha;FLC016;Anbaufläche
41241;Ernte-u.Betriebsbericht: Feldfrüchte und Grünland;JAHR;Jahr;1986;DINSG;Deutschland insgesamt;DG;Deutschland;FRUA01;Fruchtarten;FRUART065;Raufutter;.;ha;FLC016;Anbaufläche
41241;Ernte-u.Betriebsbericht: Feldfrüchte und Grünland;JAHR;Jahr;1952;DINSG;Deutschland insgesamt;DG;Deutschland;FRUA01;Fruchtarten;FRUART034;Alle anderen Hackfrüchte;98628;ha;FLC016;Anbaufläche
41241;Ernte-u.Betriebsbericht: Feldfrüchte und Grünland;JAHR;Jahr;1995;DINSG;Deutschland insgesamt;DG;Deutschland;FRUA02;Hauptfruchtarten;FRUART02;Hülsenfrüchte;123101;ha;FLC016;Anbaufläche
41241;Ernte-u.Betriebsbericht: Feldfrüchte und Grünland;JAHR;Jahr;1971;DINSG;Deutschland insgesamt;DG;Deutschland;FRUA02;Hauptfruchtarten;FRUART02;Hülsenfrüchte;29887;ha;FLC016;Anbaufläche
41241;Ernte-u.Betriebsbericht: Feldfrüchte und Grünland;JAHR;Jahr;2003;DINSG;Deutschland insgesamt;DG;Deutschland;FRUA02;Hauptfruchtarten;FRUART02;Hülsenfrüchte;206909;ha;FLC016;Anbaufläche
41241;Ernte-u.Betriebsbericht: Feldfrüchte und Grünland;JAHR;Jahr;2002;DINSG;Deutschland insgesamt;DG;Deutschland;FRUA02;Hauptfruchtarten;FRUART06;Futterpflanzen;1540208;ha;FLC016;Anbaufläche
41241;Ernte-u.Betriebsbericht: Feldfrüchte und Grünland;JAHR;Jahr;1970;DINSG;Deutschland insgesamt;DG;Deutschland;FRUA02;Hauptfruchtarten;FRUART06;Futterpflanzen;838905;ha;FLC016;Anbaufläche
41241;Ernte-u.Betriebsbericht: Feldfrüchte und Grünland;JAHR;Jahr;2007;DINSG;Deutschland insgesamt;DG;Deutschland;FRUA02;Hauptfruchtarten;FRUART01EKM;Getreide (einschl. Körnermais und CCM);6571689;ha;FLC016;Anbaufläche
41241;Ernte-u.Betriebsbericht: Feldfrüchte und Grünland;JAHR;Jahr;1959;DINSG;Deutschland insgesamt;DG;Deutschland;FRUA02;Hauptfruchtarten;FRUART05;Handelsgewächse;67944;ha;FLC016;Anbaufläche
41241;Ernte-u.Betriebsbericht: Feldfrüchte und Grünland;JAHR;Jahr;1979;DINSG;Deutschland insgesamt;DG;Deutschland;FRUA02;Hauptfruchtarten;FRUART04;Gemüse, Erdbeeren u. a. Gartengewächse;57525;ha;FLC016;Anbaufläche
41241;Ernte-u.Betriebsbericht: Feldfrüchte und Grünland;JAHR;Jahr;1996;DINSG;Deutschland insgesamt;DG;Deutschland;FRUA02;Hauptfruchtarten;FRUART06;Futterpflanzen;1861772;ha;FLC016;Anbaufläche
41241;Ernte-u.Betriebsbericht: Feldfrüchte und Grünland;JAHR;Jahr;1984;DINSG;Deutschland insgesamt;DG;Deutschland;FRUA02;Hauptfruchtarten;FRUART02;Hülsenfrüchte;16496;ha;FLC016;Anbaufläche
41241;Ernte-u.Betriebsbericht: Feldfrüchte und Grünland;JAHR;Jahr;1990;DINSG;Deutschland insgesamt;DG;Deutschland;FRUA02;Hauptfruchtarten;FRUART05;Handelsgewächse;915431;ha;FLC016;Anbaufläche
41241;Ernte-u.Betriebsbericht: Feldfrüchte und Grünland;JAHR;Jahr;1982;DINSG;Deutschland insgesamt;DG;Deutschland;FRUA02;Hauptfruchtarten;FRUART02;Hülsenfrüchte;13092;ha;FLC016;Anbaufläche
41241;Ernte-u.Betriebsbericht: Feldfrüchte und Grünland;JAHR;Jahr;1965;DINSG;Deutschland insgesamt;DG;Deutschland;FRUA02;Hauptfruchtarten;FRUART01EKM;Getreide (einschl. Körnermais und CCM);4924260;ha;FLC016;Anbaufläche
41241;Ernte-u.Betriebsbericht: Feldfrüchte und Grünland;JAHR;Jahr;1953;DINSG;Deutschland insgesamt;DG;Deutschland;FRUA02;Hauptfruchtarten;FRUART01EKM;Getreide (einschl. Körnermais und CCM);4777037;ha;FLC016;Anbaufläche
41241;Ernte-u.Betriebsbericht: Feldfrüchte und Grünland;JAHR;Jahr;1997;DINSG;Deutschland insgesamt;DG;Deutschland;FRUA02;Hauptfruchtarten;FRUART03INS;Hackfrüchte;829633;ha;FLC016;Anbaufläche
41241;Ernte-u.Betriebsbericht: Feldfrüchte und Grünland;JAHR;Jahr;1973;DINSG;Deutschland insgesamt;DG;Deutschland;FRUA02;Hauptfruchtarten;FRUART03INS;Hackfrüchte;1126501;ha;FLC016;Anbaufläche
41241;Ernte-u.Betriebsbericht: Feldfrüchte und Grünland;JAHR;Jahr;1985;DINSG;Deutschland insgesamt;DG;Deutschland;FRUA02;Hauptfruchtarten;FRUART03INS;Hackfrüchte;731426;ha;FLC016;Anbaufläche
41241;Ernte-u.Betriebsbericht: Feldfrüchte und Grünland;JAHR;Jahr;1955;DINSG;Deutschland insgesamt;DG;Deutschland;FRUA02;Hauptfruchtarten;FRUART04;Gemüse, Erdbeeren u. a. Gartengewächse;82631;ha;FLC016;Anbaufläche
41241;Ernte-u.Betriebsbericht: Feldfrüchte und Grünland;JAHR;Jahr;1968;DINSG;Deutschland insgesamt;DG;Deutschland;FRUA02;Hauptfruchtarten;FRUART04;Gemüse, Erdbeeren u. a. Gartengewächse;84987;ha;FLC016;Anbaufläche
41241;Ernte-u.Betriebsbericht: Feldfrüchte und Grünland;JAHR;Jahr;1983;DINSG;Deutschland insgesamt;DG;Deutschland;FRUA02;Hauptfruchtarten;FRUART06;Futterpflanzen;1104072;ha;FLC016;Anbaufläche
41241;Ernte-u.Betriebsbericht: Feldfrüchte und Grünland;JAHR;Jahr;2006;DINSG;Deutschland insgesamt;DG;Deutschland;FRUA02;Hauptfruchtarten;FRUART03INS;Hackfrüchte;640500;ha;FLC016;Anbaufläche
41241;Ernte-u.Betriebsbericht: Feldfrüchte und Grünland;JAHR;Jahr;2005;DINSG;Deutschland insgesamt;DG;Deutschland;FRUA02;Hauptfruchtarten;FRUART02;Hülsenfrüchte;168700;ha;FLC016;Anbaufläche
41241;Ernte-u.Betriebsbericht: Feldfrüchte und Grünland;JAHR;Jahr;1997;DINSG;Deutschland insgesamt;DG;Deutschland;FRUA02;Hauptfruchtarten;FRUART02;Hülsenfrüchte;184643;ha;FLC016;Anbaufläche
41241;Ernte-u.Betriebsbericht: Feldfrüchte und Grünland;JAHR;Jahr;1990;DINSG;Deutschland insgesamt;DG;Deutschland;FRUA02;Hauptfruchtarten;FRUART01EKM;Getreide (einschl. Körnermais und CCM);6948311;ha;FLC016;Anbaufläche
41241;Ernte-u.Betriebsbericht: Feldfrüchte und Grünland;JAHR;Jahr;2004;DINSG;Deutschland insgesamt;DG;Deutschland;FRUA02;Hauptfruchtarten;FRUART06;Futterpflanzen;1719416;ha;FLC016;Anbaufläche
41241;Ernte-u.Betriebsbericht: Feldfrüchte und Grünland;JAHR;Jahr;1964;DINSG;Deutschland insgesamt;DG;Deutschland;FRUA02;Hauptfruchtarten;FRUART04;Gemüse, Erdbeeren u. a. Gartengewächse;91292;ha;FLC016;Anbaufläche
41241;Ernte-u.Betriebsbericht: Feldfrüchte und Grünland;JAHR;Jahr;1957;DINSG;Deutschland insgesamt;DG;Deutschland;FRUA02;Hauptfruchtarten;FRUART04;Gemüse, Erdbeeren u. a. Gartengewächse;86178;ha;FLC016;Anbaufläche
41241;Ernte-u.Betriebsbericht: Feldfrüchte und Grünland;JAHR;Jahr;1972;DINSG;Deutschland insgesamt;DG;Deutschland;FRUA02;Hauptfruchtarten;FRUART06;Futterpflanzen;840079;ha;FLC016;Anbaufläche
41241;Ernte-u.Betriebsbericht: Feldfrüchte und Grünland;JAHR;Jahr;1992;DINSG;Deutschland insgesamt;DG;Deutschland;FRUA02;Hauptfruchtarten;FRUART05;Handelsgewächse;1227464;ha;FLC016;Anbaufläche
41241;Ernte-u.Betriebsbericht: Feldfrüchte und Grünland;JAHR;Jahr;1994;DINSG;Deutschland insgesamt;DG;Deutschland;FRUA02;Hauptfruchtarten;FRUART05;Handelsgewächse;1348108;ha;FLC016;Anbaufläche
41241;Ernte-u.Betriebsbericht: Feldfrüchte und Grünland;JAHR;Jahr;1980;DINSG;Deutschland insgesamt;DG;Deutschland;FRUA02;Hauptfruchtarten;FRUART02;Hülsenfrüchte;11284;ha;FLC016;Anbaufläche
41241;Ernte-u.Betriebsbericht: Feldfrüchte und Grünland;JAHR;Jahr;1966;DINSG;Deutschland insgesamt;DG;Deutschland;FRUA02;Hauptfruchtarten;FRUART04;Gemüse, Erdbeeren u. a. Gartengewächse;81553;ha;FLC016;Anbaufläche
41241;Ernte-u.Betriebsbericht: Feldfrüchte und Grünland;JAHR;Jahr;2000;DINSG;Deutschland insgesamt;DG;Deutschland;FRUA02;Hauptfruchtarten;FRUART05;Handelsgewächse;1276161;ha;FLC016;Anbaufläche
41241;Ernte-u.Betriebsbericht: Feldfrüchte und Grünland;JAHR;Jahr;1981;DINSG;Deutschland insgesamt;DG;Deutschland;FRUA02;Hauptfruchtarten;FRUART06;Futterpflanzen;1040696;ha;FLC016;Anbaufläche
41241;Ernte-u.Betriebsbericht: Feldfrüchte und Grünland;JAHR;Jahr;1973;DINSG;Deutschland insgesamt;DG;Deutschland;FRUA02;Hauptfruchtarten;FRUART02;Hülsenfrüchte;25866;ha;FLC016;Anbaufläche
41241;Ernte-u.Betriebsbericht: Feldfrüchte und Grünland;JAHR;Jahr;1998;DINSG;Deutschland insgesamt;DG;Deutschland;FRUA02;Hauptfruchtarten;FRUART06;Futterpflanzen;1772267;ha;FLC016;Anbaufläche
41241;Ernte-u.Betriebsbericht: Feldfrüchte und Grünland;JAHR;Jahr;1968;DINSG;Deutschland insgesamt;DG;Deutschland;FRUA02;Hauptfruchtarten;FRUART01EKM;Getreide (einschl. Körnermais und CCM);5086478;ha;FLC016;Anbaufläche
41241;Ernte-u.Betriebsbericht: Feldfrüchte und Grünland;JAHR;Jahr;1995;DINSG;Deutschland insgesamt;DG;Deutschland;FRUA02;Hauptfruchtarten;FRUART01EKM;Getreide (einschl. Körnermais und CCM);6526731;ha;FLC016;Anbaufläche
41241;Ernte-u.Betriebsbericht: Feldfrüchte und Grünland;JAHR;Jahr;1975;DINSG;Deutschland insgesamt;DG;Deutschland;FRUA02;Hauptfruchtarten;FRUART04;Gemüse, Erdbeeren u. a. Gartengewächse;74667;ha;FLC016;Anbaufläche
41241;Ernte-u.Betriebsbericht: Feldfrüchte und Grünland;JAHR;Jahr;2003;DINSG;Deutschland insgesamt;DG;Deutschland;FRUA02;Hauptfruchtarten;FRUART03INS;Hackfrüchte;743865;ha;FLC016;Anbaufläche
41241;Ernte-u.Betriebsbericht: Feldfrüchte und Grünland;JAHR;Jahr;1981;DINSG;Deutschland insgesamt;DG;Deutschland;FRUA02;Hauptfruchtarten;FRUART01EKM;Getreide (einschl. Körnermais und CCM);5129950;ha;FLC016;Anbaufläche
41241;Ernte-u.Betriebsbericht: Feldfrüchte und Grünland;JAHR;Jahr;1962;DINSG;Deutschland insgesamt;DG;Deutschland;FRUA02;Hauptfruchtarten;FRUART04;Gemüse, Erdbeeren u. a. Gartengewächse;91953;ha;FLC016;Anbaufläche
41241;Ernte-u.Betriebsbericht: Feldfrüchte und Grünland;JAHR;Jahr;1974;DINSG;Deutschland insgesamt;DG;Deutschland;FRUA02;Hauptfruchtarten;FRUART06;Futterpflanzen;869974;ha;FLC016;Anbaufläche
41241;Ernte-u.Betriebsbericht: Feldfrüchte und Grünland;JAHR;Jahr;2006;DINSG;Deutschland insgesamt;DG;Deutschland;FRUA02;Hauptfruchtarten;FRUART06;Futterpflanzen;1955500;ha;FLC016;Anbaufläche
41241;Ernte-u.Betriebsbericht: Feldfrüchte und Grünland;JAHR;Jahr;1993;DINSG;Deutschland insgesamt;DG;Deutschland;FRUA02;Hauptfruchtarten;FRUART01EKM;Getreide (einschl. Körnermais und CCM);6223587;ha;FLC016;Anbaufläche
41241;Ernte-u.Betriebsbericht: Feldfrüchte und Grünland;JAHR;Jahr;1956;DINSG;Deutschland insgesamt;DG;Deutschland;FRUA02;Hauptfruchtarten;FRUART01EKM;Getreide (einschl. Körnermais und CCM);4906788;ha;FLC016;Anbaufläche
41241;Ernte-u.Betriebsbericht: Feldfrüchte und Grünland;JAHR;Jahr;1999;DINSG;Deutschland insgesamt;DG;Deutschland;FRUA02;Hauptfruchtarten;FRUART02;Hülsenfrüchte;212205;ha;FLC016;Anbaufläche
41241;Ernte-u.Betriebsbericht: Feldfrüchte und Grünland;JAHR;Jahr;1959;DINSG;Deutschland insgesamt;DG;Deutschland;FRUA02;Hauptfruchtarten;FRUART04;Gemüse, Erdbeeren u. a. Gartengewächse;82759;ha;FLC016;Anbaufläche
41241;Ernte-u.Betriebsbericht: Feldfrüchte und Grünland;JAHR;Jahr;1996;DINSG;Deutschland insgesamt;DG;Deutschland;FRUA02;Hauptfruchtarten;FRUART05;Handelsgewächse;1050286;ha;FLC016;Anbaufläche
41241;Ernte-u.Betriebsbericht: Feldfrüchte und Grünland;JAHR;Jahr;1990;DINSG;Deutschland insgesamt;DG;Deutschland;FRUA02;Hauptfruchtarten;FRUART06;Futterpflanzen;2251419;ha;FLC016;Anbaufläche
41241;Ernte-u.Betriebsbericht: Feldfrüchte und Grünland;JAHR;Jahr;1988;DINSG;Deutschland insgesamt;DG;Deutschland;FRUA02;Hauptfruchtarten;FRUART02;Hülsenfrüchte;95075;ha;FLC016;Anbaufläche
41241;Ernte-u.Betriebsbericht: Feldfrüchte und Grünland;JAHR;Jahr;1976;DINSG;Deutschland insgesamt;DG;Deutschland;FRUA02;Hauptfruchtarten;FRUART06;Futterpflanzen;920768;ha;FLC016;Anbaufläche
41241;Ernte-u.Betriebsbericht: Feldfrüchte und Grünland;JAHR;Jahr;1951;DINSG;Deutschland insgesamt;DG;Deutschland;FRUA02;Hauptfruchtarten;FRUART02;Hülsenfrüchte;74163;ha;FLC016;Anbaufläche
41241;Ernte-u.Betriebsbericht: Feldfrüchte und Grünland;JAHR;Jahr;2008;DINSG;Deutschland insgesamt;DG;Deutschland;FRUA02;Hauptfruchtarten;FRUART06;Futterpflanzen;2261200;ha;FLC016;Anbaufläche
41241;Ernte-u.Betriebsbericht: Feldfrüchte und Grünland;JAHR;Jahr;1971;DINSG;Deutschland insgesamt;DG;Deutschland;FRUA02;Hauptfruchtarten;FRUART01EKM;Getreide (einschl. Körnermais und CCM);5249665;ha;FLC016;Anbaufläche
41241;Ernte-u.Betriebsbericht: Feldfrüchte und Grünland;JAHR;Jahr;1963;DINSG;Deutschland insgesamt;DG;Deutschland;FRUA02;Hauptfruchtarten;FRUART06;Futterpflanzen;936979;ha;FLC016;Anbaufläche
41241;Ernte-u.Betriebsbericht: Feldfrüchte und Grünland;JAHR;Jahr;1955;DINSG;Deutschland insgesamt;DG;Deutschland;FRUA02;Hauptfruchtarten;FRUART05;Handelsgewächse;57525;ha;FLC016;Anbaufläche
41241;Ernte-u.Betriebsbericht: Feldfrüchte und Grünland;JAHR;Jahr;1983;DINSG;Deutschland insgesamt;DG;Deutschland;FRUA02;Hauptfruchtarten;FRUART01EKM;Getreide (einschl. Körnermais und CCM);5044052;ha;FLC016;Anbaufläche
41241;Ernte-u.Betriebsbericht: Feldfrüchte und Grünland;JAHR;Jahr;2007;DINSG;Deutschland insgesamt;DG;Deutschland;FRUA02;Hauptfruchtarten;FRUART04;Gemüse, Erdbeeren u. a. Gartengewächse;129902;ha;FLC016;Anbaufläche
41241;Ernte-u.Betriebsbericht: Feldfrüchte und Grünland;JAHR;Jahr;1983;DINSG;Deutschland insgesamt;DG;Deutschland;FRUA02;Hauptfruchtarten;FRUART05;Handelsgewächse;262870;ha;FLC016;Anbaufläche
41241;Ernte-u.Betriebsbericht: Feldfrüchte und Grünland;JAHR;Jahr;1977;DINSG;Deutschland insgesamt;DG;Deutschland;FRUA02;Hauptfruchtarten;FRUART04;Gemüse, Erdbeeren u. a. Gartengewächse;71152;ha;FLC016;Anbaufläche
41241;Ernte-u.Betriebsbericht: Feldfrüchte und Grünland;JAHR;Jahr;1962;DINSG;Deutschland insgesamt;DG;Deutschland;FRUA02;Hauptfruchtarten;FRUART01EKM;Getreide (einschl. Körnermais und CCM);4898748;ha;FLC016;Anbaufläche
41241;Ernte-u.Betriebsbericht: Feldfrüchte und Grünland;JAHR;Jahr;2009;DINSG;Deutschland insgesamt;DG;Deutschland;FRUA02;Hauptfruchtarten;FRUART03INS;Hackfrüchte;653900;ha;FLC016;Anbaufläche
41241;Ernte-u.Betriebsbericht: Feldfrüchte und Grünland;JAHR;Jahr;2009;DINSG;Deutschland insgesamt;DG;Deutschland;FRUA02;Hauptfruchtarten;FRUART04;Gemüse, Erdbeeren u. a. Gartengewächse;128900;ha;FLC016;Anbaufläche
41241;Ernte-u.Betriebsbericht: Feldfrüchte und Grünland;JAHR;Jahr;1960;DINSG;Deutschland insgesamt;DG;Deutschland;FRUA02;Hauptfruchtarten;FRUART04;Gemüse, Erdbeeren u. a. Gartengewächse;91647;ha;FLC016;Anbaufläche
41241;Ernte-u.Betriebsbericht: Feldfrüchte und Grünland;JAHR;Jahr;1957;DINSG;Deutschland insgesamt;DG;Deutschland;FRUA02;Hauptfruchtarten;FRUART05;Handelsgewächse;71244;ha;FLC016;Anbaufläche
41241;Ernte-u.Betriebsbericht: Feldfrüchte und Grünland;JAHR;Jahr;2001;DINSG;Deutschland insgesamt;DG;Deutschland;FRUA02;Hauptfruchtarten;FRUART02;Hülsenfrüchte;218638;ha;FLC016;Anbaufläche
41241;Ernte-u.Betriebsbericht: Feldfrüchte und Grünland;JAHR;Jahr;1960;DINSG;Deutschland insgesamt;DG;Deutschland;FRUA02;Hauptfruchtarten;FRUART01EKM;Getreide (einschl. Körnermais und CCM);4900348;ha;FLC016;Anbaufläche
41241;Ernte-u.Betriebsbericht: Feldfrüchte und Grünland;JAHR;Jahr;1977;DINSG;Deutschland insgesamt;DG;Deutschland;FRUA02;Hauptfruchtarten;FRUART01EKM;Getreide (einschl. Körnermais und CCM);5280339;ha;FLC016;Anbaufläche
41241;Ernte-u.Betriebsbericht: Feldfrüchte und Grünland;JAHR;Jahr;1992;DINSG;Deutschland insgesamt;DG;Deutschland;FRUA02;Hauptfruchtarten;FRUART06;Futterpflanzen;1872236;ha;FLC016;Anbaufläche
41241;Ernte-u.Betriebsbericht: Feldfrüchte und Grünland;JAHR;Jahr;1989;DINSG;Deutschland insgesamt;DG;Deutschland;FRUA02;Hauptfruchtarten;FRUART01EKM;Getreide (einschl. Körnermais und CCM);4639463;ha;FLC016;Anbaufläche
41241;Ernte-u.Betriebsbericht: Feldfrüchte und Grünland;JAHR;Jahr;1998;DINSG;Deutschland insgesamt;DG;Deutschland;FRUA02;Hauptfruchtarten;FRUART01EKM;Getreide (einschl. Körnermais und CCM);7041632;ha;FLC016;Anbaufläche
41241;Ernte-u.Betriebsbericht: Feldfrüchte und Grünland;JAHR;Jahr;1994;DINSG;Deutschland insgesamt;DG;Deutschland;FRUA02;Hauptfruchtarten;FRUART06;Futterpflanzen;1768910;ha;FLC016;Anbaufläche
41241;Ernte-u.Betriebsbericht: Feldfrüchte und Grünland;JAHR;Jahr;1986;DINSG;Deutschland insgesamt;DG;Deutschland;FRUA02;Hauptfruchtarten;FRUART02;Hülsenfrüchte;69145;ha;FLC016;Anbaufläche
41241;Ernte-u.Betriebsbericht: Feldfrüchte und Grünland;JAHR;Jahr;1986;DINSG;Deutschland insgesamt;DG;Deutschland;FRUA02;Hauptfruchtarten;FRUART01EKM;Getreide (einschl. Körnermais und CCM);4811982;ha;FLC016;Anbaufläche
41241;Ernte-u.Betriebsbericht: Feldfrüchte und Grünland;JAHR;Jahr;2000;DINSG;Deutschland insgesamt;DG;Deutschland;FRUA02;Hauptfruchtarten;FRUART04;Gemüse, Erdbeeren u. a. Gartengewächse;109308;ha;FLC016;Anbaufläche
41241;Ernte-u.Betriebsbericht: Feldfrüchte und Grünland;JAHR;Jahr;1953;DINSG;Deutschland insgesamt;DG;Deutschland;FRUA02;Hauptfruchtarten;FRUART02;Hülsenfrüchte;57430;ha;FLC016;Anbaufläche
41241;Ernte-u.Betriebsbericht: Feldfrüchte und Grünland;JAHR;Jahr;1974;DINSG;Deutschland insgesamt;DG;Deutschland;FRUA02;Hauptfruchtarten;FRUART01EKM;Getreide (einschl. Körnermais und CCM);5298095;ha;FLC016;Anbaufläche
41241;Ernte-u.Betriebsbericht: Feldfrüchte und Grünland;JAHR;Jahr;1961;DINSG;Deutschland insgesamt;DG;Deutschland;FRUA02;Hauptfruchtarten;FRUART06;Futterpflanzen;979591;ha;FLC016;Anbaufläche
41241;Ernte-u.Betriebsbericht: Feldfrüchte und Grünland;JAHR;Jahr;1981;DINSG;Deutschland insgesamt;DG;Deutschland;FRUA02;Hauptfruchtarten;FRUART05;Handelsgewächse;187156;ha;FLC016;Anbaufläche
41241;Ernte-u.Betriebsbericht: Feldfrüchte und Grünland;JAHR;Jahr;1978;DINSG;Deutschland insgesamt;DG;Deutschland;FRUA02;Hauptfruchtarten;FRUART06;Futterpflanzen;960005;ha;FLC016;Anbaufläche
41241;Ernte-u.Betriebsbericht: Feldfrüchte und Grünland;JAHR;Jahr;1998;DINSG;Deutschland insgesamt;DG;Deutschland;FRUA02;Hauptfruchtarten;FRUART05;Handelsgewächse;1220880;ha;FLC016;Anbaufläche
41241;Ernte-u.Betriebsbericht: Feldfrüchte und Grünland;JAHR;Jahr;1950;DINSG;Deutschland insgesamt;DG;Deutschland;FRUA02;Hauptfruchtarten;FRUART01EKM;Getreide (einschl. Körnermais und CCM);4443661;ha;FLC016;Anbaufläche
41241;Ernte-u.Betriebsbericht: Feldfrüchte und Grünland;JAHR;Jahr;1995;DINSG;Deutschland insgesamt;DG;Deutschland;FRUA02;Hauptfruchtarten;FRUART03INS;Hackfrüchte;856916;ha;FLC016;Anbaufläche
41241;Ernte-u.Betriebsbericht: Feldfrüchte und Grünland;JAHR;Jahr;1987;DINSG;Deutschland insgesamt;DG;Deutschland;FRUA02;Hauptfruchtarten;FRUART05;Handelsgewächse;471926;ha;FLC016;Anbaufläche
41241;Ernte-u.Betriebsbericht: Feldfrüchte und Grünland;JAHR;Jahr;1975;DINSG;Deutschland insgesamt;DG;Deutschland;FRUA02;Hauptfruchtarten;FRUART05;Handelsgewächse;130724;ha;FLC016;Anbaufläche
41241;Ernte-u.Betriebsbericht: Feldfrüchte und Grünland;JAHR;Jahr;1995;DINSG;Deutschland insgesamt;DG;Deutschland;FRUA02;Hauptfruchtarten;FRUART04;Gemüse, Erdbeeren u. a. Gartengewächse;102613;ha;FLC016;Anbaufläche
41241;Ernte-u.Betriebsbericht: Feldfrüchte und Grünland;JAHR;Jahr;2003;DINSG;Deutschland insgesamt;DG;Deutschland;FRUA02;Hauptfruchtarten;FRUART04;Gemüse, Erdbeeren u. a. Gartengewächse;124759;ha;FLC016;Anbaufläche
41241;Ernte-u.Betriebsbericht: Feldfrüchte und Grünland;JAHR;Jahr;1983;DINSG;Deutschland insgesamt;DG;Deutschland;FRUA02;Hauptfruchtarten;FRUART03INS;Hackfrüchte;742735;ha;FLC016;Anbaufläche
41241;Ernte-u.Betriebsbericht: Feldfrüchte und Grünland;JAHR;Jahr;1967;DINSG;Deutschland insgesamt;DG;Deutschland;FRUA02;Hauptfruchtarten;FRUART06;Futterpflanzen;914935;ha;FLC016;Anbaufläche
41241;Ernte-u.Betriebsbericht: Feldfrüchte und Grünland;JAHR;Jahr;1999;DINSG;Deutschland insgesamt;DG;Deutschland;FRUA02;Hauptfruchtarten;FRUART05;Handelsgewächse;1495584;ha;FLC016;Anbaufläche
41241;Ernte-u.Betriebsbericht: Feldfrüchte und Grünland;JAHR;Jahr;2006;DINSG;Deutschland insgesamt;DG;Deutschland;FRUA02;Hauptfruchtarten;FRUART05;Handelsgewächse;1551300;ha;FLC016;Anbaufläche
41241;Ernte-u.Betriebsbericht: Feldfrüchte und Grünland;JAHR;Jahr;1979;DINSG;Deutschland insgesamt;DG;Deutschland;FRUA02;Hauptfruchtarten;FRUART06;Futterpflanzen;970384;ha;FLC016;Anbaufläche
41241;Ernte-u.Betriebsbericht: Feldfrüchte und Grünland;JAHR;Jahr;1954;DINSG;Deutschland insgesamt;DG;Deutschland;FRUA02;Hauptfruchtarten;FRUART02;Hülsenfrüchte;54795;ha;FLC016;Anbaufläche
41241;Ernte-u.Betriebsbericht: Feldfrüchte und Grünland;JAHR;Jahr;1988;DINSG;Deutschland insgesamt;DG;Deutschland;FRUA02;Hauptfruchtarten;FRUART05;Handelsgewächse;437813;ha;FLC016;Anbaufläche
41241;Ernte-u.Betriebsbericht: Feldfrüchte und Grünland;JAHR;Jahr;1984;DINSG;Deutschland insgesamt;DG;Deutschland;FRUA02;Hauptfruchtarten;FRUART04;Gemüse, Erdbeeren u. a. Gartengewächse;54927;ha;FLC016;Anbaufläche
41241;Ernte-u.Betriebsbericht: Feldfrüchte und Grünland;JAHR;Jahr;1976;DINSG;Deutschland insgesamt;DG;Deutschland;FRUA02;Hauptfruchtarten;FRUART05;Handelsgewächse;130604;ha;FLC016;Anbaufläche
41241;Ernte-u.Betriebsbericht: Feldfrüchte und Grünland;JAHR;Jahr;1955;DINSG;Deutschland insgesamt;DG;Deutschland;FRUA02;Hauptfruchtarten;FRUART06;Futterpflanzen;1100443;ha;FLC016;Anbaufläche
41241;Ernte-u.Betriebsbericht: Feldfrüchte und Grünland;JAHR;Jahr;1996;DINSG;Deutschland insgesamt;DG;Deutschland;FRUA02;Hauptfruchtarten;FRUART04;Gemüse, Erdbeeren u. a. Gartengewächse;103771;ha;FLC016;Anbaufläche
41241;Ernte-u.Betriebsbericht: Feldfrüchte und Grünland;JAHR;Jahr;2002;DINSG;Deutschland insgesamt;DG;Deutschland;FRUA02;Hauptfruchtarten;FRUART04;Gemüse, Erdbeeren u. a. Gartengewächse;118096;ha;FLC016;Anbaufläche
41241;Ernte-u.Betriebsbericht: Feldfrüchte und Grünland;JAHR;Jahr;1971;DINSG;Deutschland insgesamt;DG;Deutschland;FRUA02;Hauptfruchtarten;FRUART03INS;Hackfrüchte;1207706;ha;FLC016;Anbaufläche
41241;Ernte-u.Betriebsbericht: Feldfrüchte und Grünland;JAHR;Jahr;1968;DINSG;Deutschland insgesamt;DG;Deutschland;FRUA02;Hauptfruchtarten;FRUART06;Futterpflanzen;839682;ha;FLC016;Anbaufläche
41241;Ernte-u.Betriebsbericht: Feldfrüchte und Grünland;JAHR;Jahr;1981;DINSG;Deutschland insgesamt;DG;Deutschland;FRUA02;Hauptfruchtarten;FRUART04;Gemüse, Erdbeeren u. a. Gartengewächse;53538;ha;FLC016;Anbaufläche
41241;Ernte-u.Betriebsbericht: Feldfrüchte und Grünland;JAHR;Jahr;2009;DINSG;Deutschland insgesamt;DG;Deutschland;FRUA02;Hauptfruchtarten;FRUART05;Handelsgewächse;1578100;ha;FLC016;Anbaufläche
41241;Ernte-u.Betriebsbericht: Feldfrüchte und Grünland;JAHR;Jahr;1960;DINSG;Deutschland insgesamt;DG;Deutschland;FRUA02;Hauptfruchtarten;FRUART05;Handelsgewächse;69856;ha;FLC016;Anbaufläche
41241;Ernte-u.Betriebsbericht: Feldfrüchte und Grünland;JAHR;Jahr;1956;DINSG;Deutschland insgesamt;DG;Deutschland;FRUA02;Hauptfruchtarten;FRUART06;Futterpflanzen;1029265;ha;FLC016;Anbaufläche
41241;Ernte-u.Betriebsbericht: Feldfrüchte und Grünland;JAHR;Jahr;1957;DINSG;Deutschland insgesamt;DG;Deutschland;FRUA02;Hauptfruchtarten;FRUART02;Hülsenfrüchte;38966;ha;FLC016;Anbaufläche
41241;Ernte-u.Betriebsbericht: Feldfrüchte und Grünland;JAHR;Jahr;1964;DINSG;Deutschland insgesamt;DG;Deutschland;FRUA02;Hauptfruchtarten;FRUART06;Futterpflanzen;919971;ha;FLC016;Anbaufläche
41241;Ernte-u.Betriebsbericht: Feldfrüchte und Grünland;JAHR;Jahr;1972;DINSG;Deutschland insgesamt;DG;Deutschland;FRUA02;Hauptfruchtarten;FRUART04;Gemüse, Erdbeeren u. a. Gartengewächse;79614;ha;FLC016;Anbaufläche
41241;Ernte-u.Betriebsbericht: Feldfrüchte und Grünland;JAHR;Jahr;1952;DINSG;Deutschland insgesamt;DG;Deutschland;FRUA02;Hauptfruchtarten;FRUART05;Handelsgewächse;80880;ha;FLC016;Anbaufläche
41241;Ernte-u.Betriebsbericht: Feldfrüchte und Grünland;JAHR;Jahr;1989;DINSG;Deutschland insgesamt;DG;Deutschland;FRUA02;Hauptfruchtarten;FRUART02;Hülsenfrüchte;72268;ha;FLC016;Anbaufläche
41241;Ernte-u.Betriebsbericht: Feldfrüchte und Grünland;JAHR;Jahr;1958;DINSG;Deutschland insgesamt;DG;Deutschland;FRUA02;Hauptfruchtarten;FRUART01EKM;Getreide (einschl. Körnermais und CCM);4951963;ha;FLC016;Anbaufläche
41241;Ernte-u.Betriebsbericht: Feldfrüchte und Grünland;JAHR;Jahr;1980;DINSG;Deutschland insgesamt;DG;Deutschland;FRUA02;Hauptfruchtarten;FRUART04;Gemüse, Erdbeeren u. a. Gartengewächse;50653;ha;FLC016;Anbaufläche
41241;Ernte-u.Betriebsbericht: Feldfrüchte und Grünland;JAHR;Jahr;1966;DINSG;Deutschland insgesamt;DG;Deutschland;FRUA02;Hauptfruchtarten;FRUART02;Hülsenfrüchte;41568;ha;FLC016;Anbaufläche
41241;Ernte-u.Betriebsbericht: Feldfrüchte und Grünland;JAHR;Jahr;1958;DINSG;Deutschland insgesamt;DG;Deutschland;FRUA02;Hauptfruchtarten;FRUART02;Hülsenfrüchte;36120;ha;FLC016;Anbaufläche
41241;Ernte-u.Betriebsbericht: Feldfrüchte und Grünland;JAHR;Jahr;2001;DINSG;Deutschland insgesamt;DG;Deutschland;FRUA02;Hauptfruchtarten;FRUART03INS;Hackfrüchte;742786;ha;FLC016;Anbaufläche
41241;Ernte-u.Betriebsbericht: Feldfrüchte und Grünland;JAHR;Jahr;2002;DINSG;Deutschland insgesamt;DG;Deutschland;FRUA02;Hauptfruchtarten;FRUART01EKM;Getreide (einschl. Körnermais und CCM);6940984;ha;FLC016;Anbaufläche
41241;Ernte-u.Betriebsbericht: Feldfrüchte und Grünland;JAHR;Jahr;1991;DINSG;Deutschland insgesamt;DG;Deutschland;FRUA02;Hauptfruchtarten;FRUART03INS;Hackfrüchte;955483;ha;FLC016;Anbaufläche
41241;Ernte-u.Betriebsbericht: Feldfrüchte und Grünland;JAHR;Jahr;1961;DINSG;Deutschland insgesamt;DG;Deutschland;FRUA02;Hauptfruchtarten;FRUART05;Handelsgewächse;73468;ha;FLC016;Anbaufläche
41241;Ernte-u.Betriebsbericht: Feldfrüchte und Grünland;JAHR;Jahr;1965;DINSG;Deutschland insgesamt;DG;Deutschland;FRUA02;Hauptfruchtarten;FRUART02;Hülsenfrüchte;38853;ha;FLC016;Anbaufläche
41241;Ernte-u.Betriebsbericht: Feldfrüchte und Grünland;JAHR;Jahr;1973;DINSG;Deutschland insgesamt;DG;Deutschland;FRUA02;Hauptfruchtarten;FRUART04;Gemüse, Erdbeeren u. a. Gartengewächse;79718;ha;FLC016;Anbaufläche
41241;Ernte-u.Betriebsbericht: Feldfrüchte und Grünland;JAHR;Jahr;1953;DINSG;Deutschland insgesamt;DG;Deutschland;FRUA02;Hauptfruchtarten;FRUART05;Handelsgewächse;59938;ha;FLC016;Anbaufläche
41241;Ernte-u.Betriebsbericht: Feldfrüchte und Grünland;JAHR;Jahr;1955;DINSG;Deutschland insgesamt;DG;Deutschland;FRUA02;Hauptfruchtarten;FRUART03INS;Hackfrüchte;1988245;ha;FLC016;Anbaufläche
41241;Ernte-u.Betriebsbericht: Feldfrüchte und Grünland;JAHR;Jahr;1987;DINSG;Deutschland insgesamt;DG;Deutschland;FRUA02;Hauptfruchtarten;FRUART06;Futterpflanzen;1223942;ha;FLC016;Anbaufläche
41241;Ernte-u.Betriebsbericht: Feldfrüchte und Grünland;JAHR;Jahr;1967;DINSG;Deutschland insgesamt;DG;Deutschland;FRUA02;Hauptfruchtarten;FRUART03INS;Hackfrüchte;1396630;ha;FLC016;Anbaufläche
41241;Ernte-u.Betriebsbericht: Feldfrüchte und Grünland;JAHR;Jahr;2004;DINSG;Deutschland insgesamt;DG;Deutschland;FRUA02;Hauptfruchtarten;FRUART01EKM;Getreide (einschl. Körnermais und CCM);6946947;ha;FLC016;Anbaufläche
41241;Ernte-u.Betriebsbericht: Feldfrüchte und Grünland;JAHR;Jahr;1995;DINSG;Deutschland insgesamt;DG;Deutschland;FRUA02;Hauptfruchtarten;FRUART05;Handelsgewächse;1150869;ha;FLC016;Anbaufläche
41241;Ernte-u.Betriebsbericht: Feldfrüchte und Grünland;JAHR;Jahr;1975;DINSG;Deutschland insgesamt;DG;Deutschland;FRUA02;Hauptfruchtarten;FRUART06;Futterpflanzen;895361;ha;FLC016;Anbaufläche
41241;Ernte-u.Betriebsbericht: Feldfrüchte und Grünland;JAHR;Jahr;1959;DINSG;Deutschland insgesamt;DG;Deutschland;FRUA02;Hauptfruchtarten;FRUART06;Futterpflanzen;988724;ha;FLC016;Anbaufläche
41241;Ernte-u.Betriebsbericht: Feldfrüchte und Grünland;JAHR;Jahr;1969;DINSG;Deutschland insgesamt;DG;Deutschland;FRUA02;Hauptfruchtarten;FRUART03INS;Hackfrüchte;1266516;ha;FLC016;Anbaufläche
41241;Ernte-u.Betriebsbericht: Feldfrüchte und Grünland;JAHR;Jahr;1962;DINSG;Deutschland insgesamt;DG;Deutschland;FRUA02;Hauptfruchtarten;FRUART02;Hülsenfrüchte;42386;ha;FLC016;Anbaufläche
41241;Ernte-u.Betriebsbericht: Feldfrüchte und Grünland;JAHR;Jahr;1957;DINSG;Deutschland insgesamt;DG;Deutschland;FRUA02;Hauptfruchtarten;FRUART03INS;Hackfrüchte;1946593;ha;FLC016;Anbaufläche
41241;Ernte-u.Betriebsbericht: Feldfrüchte und Grünland;JAHR;Jahr;1999;DINSG;Deutschland insgesamt;DG;Deutschland;FRUA02;Hauptfruchtarten;FRUART04;Gemüse, Erdbeeren u. a. Gartengewächse;110886;ha;FLC016;Anbaufläche
41241;Ernte-u.Betriebsbericht: Feldfrüchte und Grünland;JAHR;Jahr;2006;DINSG;Deutschland insgesamt;DG;Deutschland;FRUA02;Hauptfruchtarten;FRUART04;Gemüse, Erdbeeren u. a. Gartengewächse;131700;ha;FLC016;Anbaufläche
41241;Ernte-u.Betriebsbericht: Feldfrüchte und Grünland;JAHR;Jahr;1953;DINSG;Deutschland insgesamt;DG;Deutschland;FRUA02;Hauptfruchtarten;FRUART03INS;Hackfrüchte;2007701;ha;FLC016;Anbaufläche
41241;Ernte-u.Betriebsbericht: Feldfrüchte und Grünland;JAHR;Jahr;1979;DINSG;Deutschland insgesamt;DG;Deutschland;FRUA02;Hauptfruchtarten;FRUART05;Handelsgewächse;157169;ha;FLC016;Anbaufläche
41241;Ernte-u.Betriebsbericht: Feldfrüchte und Grünland;JAHR;Jahr;1988;DINSG;Deutschland insgesamt;DG;Deutschland;FRUA02;Hauptfruchtarten;FRUART04;Gemüse, Erdbeeren u. a. Gartengewächse;64625;ha;FLC016;Anbaufläche
41241;Ernte-u.Betriebsbericht: Feldfrüchte und Grünland;JAHR;Jahr;1984;DINSG;Deutschland insgesamt;DG;Deutschland;FRUA02;Hauptfruchtarten;FRUART05;Handelsgewächse;286686;ha;FLC016;Anbaufläche
41241;Ernte-u.Betriebsbericht: Feldfrüchte und Grünland;JAHR;Jahr;1976;DINSG;Deutschland insgesamt;DG;Deutschland;FRUA02;Hauptfruchtarten;FRUART04;Gemüse, Erdbeeren u. a. Gartengewächse;70577;ha;FLC016;Anbaufläche
41241;Ernte-u.Betriebsbericht: Feldfrüchte und Grünland;JAHR;Jahr;1979;DINSG;Deutschland insgesamt;DG;Deutschland;FRUA02;Hauptfruchtarten;FRUART03INS;Hackfrüchte;847029;ha;FLC016;Anbaufläche
41241;Ernte-u.Betriebsbericht: Feldfrüchte und Grünland;JAHR;Jahr;2006;DINSG;Deutschland insgesamt;DG;Deutschland;FRUA02;Hauptfruchtarten;FRUART01EKM;Getreide (einschl. Körnermais und CCM);6702200;ha;FLC016;Anbaufläche
41241;Ernte-u.Betriebsbericht: Feldfrüchte und Grünland;JAHR;Jahr;2002;DINSG;Deutschland insgesamt;DG;Deutschland;FRUA02;Hauptfruchtarten;FRUART05;Handelsgewächse;1394089;ha;FLC016;Anbaufläche
41241;Ernte-u.Betriebsbericht: Feldfrüchte und Grünland;JAHR;Jahr;1950;DINSG;Deutschland insgesamt;DG;Deutschland;FRUA02;Hauptfruchtarten;FRUART02;Hülsenfrüchte;91119;ha;FLC016;Anbaufläche
41241;Ernte-u.Betriebsbericht: Feldfrüchte und Grünland;JAHR;Jahr;1968;DINSG;Deutschland insgesamt;DG;Deutschland;FRUA02;Hauptfruchtarten;FRUART05;Handelsgewächse;94648;ha;FLC016;Anbaufläche
41241;Ernte-u.Betriebsbericht: Feldfrüchte und Grünland;JAHR;Jahr;1991;DINSG;Deutschland insgesamt;DG;Deutschland;FRUA02;Hauptfruchtarten;FRUART06;Futterpflanzen;2017049;ha;FLC016;Anbaufläche
41241;Ernte-u.Betriebsbericht: Feldfrüchte und Grünland;JAHR;Jahr;2007;DINSG;Deutschland insgesamt;DG;Deutschland;FRUA02;Hauptfruchtarten;FRUART02;Hülsenfrüchte;109007;ha;FLC016;Anbaufläche
41241;Ernte-u.Betriebsbericht: Feldfrüchte und Grünland;JAHR;Jahr;1977;DINSG;Deutschland insgesamt;DG;Deutschland;FRUA02;Hauptfruchtarten;FRUART02;Hülsenfrüchte;15399;ha;FLC016;Anbaufläche
41241;Ernte-u.Betriebsbericht: Feldfrüchte und Grünland;JAHR;Jahr;1975;DINSG;Deutschland insgesamt;DG;Deutschland;FRUA02;Hauptfruchtarten;FRUART03INS;Hackfrüchte;1099799;ha;FLC016;Anbaufläche
41241;Ernte-u.Betriebsbericht: Feldfrüchte und Grünland;JAHR;Jahr;1969;DINSG;Deutschland insgesamt;DG;Deutschland;FRUA02;Hauptfruchtarten;FRUART02;Hülsenfrüchte;36280;ha;FLC016;Anbaufläche
41241;Ernte-u.Betriebsbericht: Feldfrüchte und Grünland;JAHR;Jahr;1985;DINSG;Deutschland insgesamt;DG;Deutschland;FRUA02;Hauptfruchtarten;FRUART02;Hülsenfrüchte;34066;ha;FLC016;Anbaufläche
41241;Ernte-u.Betriebsbericht: Feldfrüchte und Grünland;JAHR;Jahr;2009;DINSG;Deutschland insgesamt;DG;Deutschland;FRUA02;Hauptfruchtarten;FRUART06;Futterpflanzen;2347300;ha;FLC016;Anbaufläche
41241;Ernte-u.Betriebsbericht: Feldfrüchte und Grünland;JAHR;Jahr;1987;DINSG;Deutschland insgesamt;DG;Deutschland;FRUA02;Hauptfruchtarten;FRUART03INS;Hackfrüchte;671369;ha;FLC016;Anbaufläche
41241;Ernte-u.Betriebsbericht: Feldfrüchte und Grünland;JAHR;Jahr;1960;DINSG;Deutschland insgesamt;DG;Deutschland;FRUA02;Hauptfruchtarten;FRUART06;Futterpflanzen;954102;ha;FLC016;Anbaufläche
41241;Ernte-u.Betriebsbericht: Feldfrüchte und Grünland;JAHR;Jahr;1956;DINSG;Deutschland insgesamt;DG;Deutschland;FRUA02;Hauptfruchtarten;FRUART05;Handelsgewächse;62947;ha;FLC016;Anbaufläche
41241;Ernte-u.Betriebsbericht: Feldfrüchte und Grünland;JAHR;Jahr;1964;DINSG;Deutschland insgesamt;DG;Deutschland;FRUA02;Hauptfruchtarten;FRUART05;Handelsgewächse;83500;ha;FLC016;Anbaufläche
41241;Ernte-u.Betriebsbericht: Feldfrüchte und Grünland;JAHR;Jahr;1961;DINSG;Deutschland insgesamt;DG;Deutschland;FRUA02;Hauptfruchtarten;FRUART03INS;Hackfrüchte;1750021;ha;FLC016;Anbaufläche
41241;Ernte-u.Betriebsbericht: Feldfrüchte und Grünland;JAHR;Jahr;1999;DINSG;Deutschland insgesamt;DG;Deutschland;FRUA02;Hauptfruchtarten;FRUART03INS;Hackfrüchte;813518;ha;FLC016;Anbaufläche
41241;Ernte-u.Betriebsbericht: Feldfrüchte und Grünland;JAHR;Jahr;1952;DINSG;Deutschland insgesamt;DG;Deutschland;FRUA02;Hauptfruchtarten;FRUART06;Futterpflanzen;1197213;ha;FLC016;Anbaufläche
41241;Ernte-u.Betriebsbericht: Feldfrüchte und Grünland;JAHR;Jahr;1972;DINSG;Deutschland insgesamt;DG;Deutschland;FRUA02;Hauptfruchtarten;FRUART05;Handelsgewächse;144807;ha;FLC016;Anbaufläche
41241;Ernte-u.Betriebsbericht: Feldfrüchte und Grünland;JAHR;Jahr;1992;DINSG;Deutschland insgesamt;DG;Deutschland;FRUA02;Hauptfruchtarten;FRUART04;Gemüse, Erdbeeren u. a. Gartengewächse;93793;ha;FLC016;Anbaufläche
41241;Ernte-u.Betriebsbericht: Feldfrüchte und Grünland;JAHR;Jahr;1965;DINSG;Deutschland insgesamt;DG;Deutschland;FRUA02;Hauptfruchtarten;FRUART03INS;Hackfrüchte;1502417;ha;FLC016;Anbaufläche
41241;Ernte-u.Betriebsbericht: Feldfrüchte und Grünland;JAHR;Jahr;1977;DINSG;Deutschland insgesamt;DG;Deutschland;FRUA02;Hauptfruchtarten;FRUART03INS;Hackfrüchte;1049995;ha;FLC016;Anbaufläche
41241;Ernte-u.Betriebsbericht: Feldfrüchte und Grünland;JAHR;Jahr;2008;DINSG;Deutschland insgesamt;DG;Deutschland;FRUA02;Hauptfruchtarten;FRUART01EKM;Getreide (einschl. Körnermais und CCM);7038500;ha;FLC016;Anbaufläche
41241;Ernte-u.Betriebsbericht: Feldfrüchte und Grünland;JAHR;Jahr;1980;DINSG;Deutschland insgesamt;DG;Deutschland;FRUA02;Hauptfruchtarten;FRUART05;Handelsgewächse;168832;ha;FLC016;Anbaufläche
41241;Ernte-u.Betriebsbericht: Feldfrüchte und Grünland;JAHR;Jahr;1961;DINSG;Deutschland insgesamt;DG;Deutschland;FRUA02;Hauptfruchtarten;FRUART04;Gemüse, Erdbeeren u. a. Gartengewächse;90051;ha;FLC016;Anbaufläche
41241;Ernte-u.Betriebsbericht: Feldfrüchte und Grünland;JAHR;Jahr;1989;DINSG;Deutschland insgesamt;DG;Deutschland;FRUA02;Hauptfruchtarten;FRUART03INS;Hackfrüchte;652739;ha;FLC016;Anbaufläche
41241;Ernte-u.Betriebsbericht: Feldfrüchte und Grünland;JAHR;Jahr;1963;DINSG;Deutschland insgesamt;DG;Deutschland;FRUA02;Hauptfruchtarten;FRUART03INS;Hackfrüchte;1699786;ha;FLC016;Anbaufläche
41241;Ernte-u.Betriebsbericht: Feldfrüchte und Grünland;JAHR;Jahr;2000;DINSG;Deutschland insgesamt;DG;Deutschland;FRUA02;Hauptfruchtarten;FRUART02;Hülsenfrüchte;185632;ha;FLC016;Anbaufläche
41241;Ernte-u.Betriebsbericht: Feldfrüchte und Grünland;JAHR;Jahr;1951;DINSG;Deutschland insgesamt;DG;Deutschland;FRUA02;Hauptfruchtarten;FRUART03INS;Hackfrüchte;2028601;ha;FLC016;Anbaufläche
41241;Ernte-u.Betriebsbericht: Feldfrüchte und Grünland;JAHR;Jahr;1993;DINSG;Deutschland insgesamt;DG;Deutschland;FRUA02;Hauptfruchtarten;FRUART02;Hülsenfrüchte;86367;ha;FLC016;Anbaufläche
41241;Ernte-u.Betriebsbericht: Feldfrüchte und Grünland;JAHR;Jahr;1953;DINSG;Deutschland insgesamt;DG;Deutschland;FRUA02;Hauptfruchtarten;FRUART04;Gemüse, Erdbeeren u. a. Gartengewächse;85880;ha;FLC016;Anbaufläche
41241;Ernte-u.Betriebsbericht: Feldfrüchte und Grünland;JAHR;Jahr;1995;DINSG;Deutschland insgesamt;DG;Deutschland;FRUA02;Hauptfruchtarten;FRUART06;Futterpflanzen;1792458;ha;FLC016;Anbaufläche
41241;Ernte-u.Betriebsbericht: Feldfrüchte und Grünland;JAHR;Jahr;1983;DINSG;Deutschland insgesamt;DG;Deutschland;FRUA02;Hauptfruchtarten;FRUART02;Hülsenfrüchte;12905;ha;FLC016;Anbaufläche
41241;Ernte-u.Betriebsbericht: Feldfrüchte und Grünland;JAHR;Jahr;1991;DINSG;Deutschland insgesamt;DG;Deutschland;FRUA02;Hauptfruchtarten;FRUART05;Handelsgewächse;1090671;ha;FLC016;Anbaufläche
41241;Ernte-u.Betriebsbericht: Feldfrüchte und Grünland;JAHR;Jahr;1968;DINSG;Deutschland insgesamt;DG;Deutschland;FRUA02;Hauptfruchtarten;FRUART03INS;Hackfrüchte;1344763;ha;FLC016;Anbaufläche
41241;Ernte-u.Betriebsbericht: Feldfrüchte und Grünland;JAHR;Jahr;1970;DINSG;Deutschland insgesamt;DG;Deutschland;FRUA02;Hauptfruchtarten;FRUART01EKM;Getreide (einschl. Körnermais und CCM);5184071;ha;FLC016;Anbaufläche
41241;Ernte-u.Betriebsbericht: Feldfrüchte und Grünland;JAHR;Jahr;1967;DINSG;Deutschland insgesamt;DG;Deutschland;FRUA02;Hauptfruchtarten;FRUART04;Gemüse, Erdbeeren u. a. Gartengewächse;83988;ha;FLC016;Anbaufläche
41241;Ernte-u.Betriebsbericht: Feldfrüchte und Grünland;JAHR;Jahr;1981;DINSG;Deutschland insgesamt;DG;Deutschland;FRUA02;Hauptfruchtarten;FRUART03INS;Hackfrüchte;831000;ha;FLC016;Anbaufläche
41241;Ernte-u.Betriebsbericht: Feldfrüchte und Grünland;JAHR;Jahr;1982;DINSG;Deutschland insgesamt;DG;Deutschland;FRUA02;Hauptfruchtarten;FRUART01EKM;Getreide (einschl. Körnermais und CCM);5069179;ha;FLC016;Anbaufläche
41241;Ernte-u.Betriebsbericht: Feldfrüchte und Grünland;JAHR;Jahr;2003;DINSG;Deutschland insgesamt;DG;Deutschland;FRUA02;Hauptfruchtarten;FRUART01EKM;Getreide (einschl. Körnermais und CCM);6839433;ha;FLC016;Anbaufläche
41241;Ernte-u.Betriebsbericht: Feldfrüchte und Grünland;JAHR;Jahr;1994;DINSG;Deutschland insgesamt;DG;Deutschland;FRUA02;Hauptfruchtarten;FRUART01EKM;Getreide (einschl. Körnermais und CCM);6235404;ha;FLC016;Anbaufläche
41241;Ernte-u.Betriebsbericht: Feldfrüchte und Grünland;JAHR;Jahr;1954;DINSG;Deutschland insgesamt;DG;Deutschland;FRUA02;Hauptfruchtarten;FRUART04;Gemüse, Erdbeeren u. a. Gartengewächse;76766;ha;FLC016;Anbaufläche
41241;Ernte-u.Betriebsbericht: Feldfrüchte und Grünland;JAHR;Jahr;1969;DINSG;Deutschland insgesamt;DG;Deutschland;FRUA02;Hauptfruchtarten;FRUART01EKM;Getreide (einschl. Körnermais und CCM);5151655;ha;FLC016;Anbaufläche
41241;Ernte-u.Betriebsbericht: Feldfrüchte und Grünland;JAHR;Jahr;1982;DINSG;Deutschland insgesamt;DG;Deutschland;FRUA02;Hauptfruchtarten;FRUART06;Futterpflanzen;1085830;ha;FLC016;Anbaufläche
41241;Ernte-u.Betriebsbericht: Feldfrüchte und Grünland;JAHR;Jahr;1970;DINSG;Deutschland insgesamt;DG;Deutschland;FRUA02;Hauptfruchtarten;FRUART02;Hülsenfrüchte;30235;ha;FLC016;Anbaufläche
41241;Ernte-u.Betriebsbericht: Feldfrüchte und Grünland;JAHR;Jahr;1996;DINSG;Deutschland insgesamt;DG;Deutschland;FRUA02;Hauptfruchtarten;FRUART02;Hülsenfrüchte;148571;ha;FLC016;Anbaufläche
41241;Ernte-u.Betriebsbericht: Feldfrüchte und Grünland;JAHR;Jahr;1984;DINSG;Deutschland insgesamt;DG;Deutschland;FRUA02;Hauptfruchtarten;FRUART06;Futterpflanzen;1175283;ha;FLC016;Anbaufläche
41241;Ernte-u.Betriebsbericht: Feldfrüchte und Grünland;JAHR;Jahr;1971;DINSG;Deutschland insgesamt;DG;Deutschland;FRUA02;Hauptfruchtarten;FRUART06;Futterpflanzen;835300;ha;FLC016;Anbaufläche
41241;Ernte-u.Betriebsbericht: Feldfrüchte und Grünland;JAHR;Jahr;2003;DINSG;Deutschland insgesamt;DG;Deutschland;FRUA02;Hauptfruchtarten;FRUART06;Futterpflanzen;1589324;ha;FLC016;Anbaufläche
41241;Ernte-u.Betriebsbericht: Feldfrüchte und Grünland;JAHR;Jahr;1956;DINSG;Deutschland insgesamt;DG;Deutschland;FRUA02;Hauptfruchtarten;FRUART03INS;Hackfrüchte;1987198;ha;FLC016;Anbaufläche
41241;Ernte-u.Betriebsbericht: Feldfrüchte und Grünland;JAHR;Jahr;2002;DINSG;Deutschland insgesamt;DG;Deutschland;FRUA02;Hauptfruchtarten;FRUART02;Hülsenfrüchte;207776;ha;FLC016;Anbaufläche
41241;Ernte-u.Betriebsbericht: Feldfrüchte und Grünland;JAHR;Jahr;1997;DINSG;Deutschland insgesamt;DG;Deutschland;FRUA02;Hauptfruchtarten;FRUART06;Futterpflanzen;1840453;ha;FLC016;Anbaufläche
41241;Ernte-u.Betriebsbericht: Feldfrüchte und Grünland;JAHR;Jahr;1993;DINSG;Deutschland insgesamt;DG;Deutschland;FRUA02;Hauptfruchtarten;FRUART05;Handelsgewächse;1189498;ha;FLC016;Anbaufläche
41241;Ernte-u.Betriebsbericht: Feldfrüchte und Grünland;JAHR;Jahr;1981;DINSG;Deutschland insgesamt;DG;Deutschland;FRUA02;Hauptfruchtarten;FRUART02;Hülsenfrüchte;10706;ha;FLC016;Anbaufläche
41241;Ernte-u.Betriebsbericht: Feldfrüchte und Grünland;JAHR;Jahr;2001;DINSG;Deutschland insgesamt;DG;Deutschland;FRUA02;Hauptfruchtarten;FRUART05;Handelsgewächse;1259717;ha;FLC016;Anbaufläche
41241;Ernte-u.Betriebsbericht: Feldfrüchte und Grünland;JAHR;Jahr;1956;DINSG;Deutschland insgesamt;DG;Deutschland;FRUA02;Hauptfruchtarten;FRUART04;Gemüse, Erdbeeren u. a. Gartengewächse;82600;ha;FLC016;Anbaufläche
41241;Ernte-u.Betriebsbericht: Feldfrüchte und Grünland;JAHR;Jahr;1980;DINSG;Deutschland insgesamt;DG;Deutschland;FRUA02;Hauptfruchtarten;FRUART06;Futterpflanzen;1002983;ha;FLC016;Anbaufläche
41241;Ernte-u.Betriebsbericht: Feldfrüchte und Grünland;JAHR;Jahr;1990;DINSG;Deutschland insgesamt;DG;Deutschland;FRUA02;Hauptfruchtarten;FRUART03INS;Hackfrüchte;1259555;ha;FLC016;Anbaufläche
41241;Ernte-u.Betriebsbericht: Feldfrüchte und Grünland;JAHR;Jahr;1989;DINSG;Deutschland insgesamt;DG;Deutschland;FRUA02;Hauptfruchtarten;FRUART04;Gemüse, Erdbeeren u. a. Gartengewächse;65096;ha;FLC016;Anbaufläche
41241;Ernte-u.Betriebsbericht: Feldfrüchte und Grünland;JAHR;Jahr;1969;DINSG;Deutschland insgesamt;DG;Deutschland;FRUA02;Hauptfruchtarten;FRUART05;Handelsgewächse;103963;ha;FLC016;Anbaufläche
41241;Ernte-u.Betriebsbericht: Feldfrüchte und Grünland;JAHR;Jahr;1972;DINSG;Deutschland insgesamt;DG;Deutschland;FRUA02;Hauptfruchtarten;FRUART02;Hülsenfrüchte;22861;ha;FLC016;Anbaufläche
41241;Ernte-u.Betriebsbericht: Feldfrüchte und Grünland;JAHR;Jahr;1993;DINSG;Deutschland insgesamt;DG;Deutschland;FRUA02;Hauptfruchtarten;FRUART03INS;Hackfrüchte;874411;ha;FLC016;Anbaufläche
41241;Ernte-u.Betriebsbericht: Feldfrüchte und Grünland;JAHR;Jahr;1957;DINSG;Deutschland insgesamt;DG;Deutschland;FRUA02;Hauptfruchtarten;FRUART01EKM;Getreide (einschl. Körnermais und CCM);4911463;ha;FLC016;Anbaufläche
41241;Ernte-u.Betriebsbericht: Feldfrüchte und Grünland;JAHR;Jahr;2004;DINSG;Deutschland insgesamt;DG;Deutschland;FRUA02;Hauptfruchtarten;FRUART02;Hülsenfrüchte;177529;ha;FLC016;Anbaufläche
41241;Ernte-u.Betriebsbericht: Feldfrüchte und Grünland;JAHR;Jahr;1959;DINSG;Deutschland insgesamt;DG;Deutschland;FRUA02;Hauptfruchtarten;FRUART03INS;Hackfrüchte;1872434;ha;FLC016;Anbaufläche
41241;Ernte-u.Betriebsbericht: Feldfrüchte und Grünland;JAHR;Jahr;1991;DINSG;Deutschland insgesamt;DG;Deutschland;FRUA02;Hauptfruchtarten;FRUART01EKM;Getreide (einschl. Körnermais und CCM);6559832;ha;FLC016;Anbaufläche
41241;Ernte-u.Betriebsbericht: Feldfrüchte und Grünland;JAHR;Jahr;1973;DINSG;Deutschland insgesamt;DG;Deutschland;FRUA02;Hauptfruchtarten;FRUART06;Futterpflanzen;870165;ha;FLC016;Anbaufläche
41241;Ernte-u.Betriebsbericht: Feldfrüchte und Grünland;JAHR;Jahr;2000;DINSG;Deutschland insgesamt;DG;Deutschland;FRUA02;Hauptfruchtarten;FRUART01EKM;Getreide (einschl. Körnermais und CCM);7015689;ha;FLC016;Anbaufläche
41241;Ernte-u.Betriebsbericht: Feldfrüchte und Grünland;JAHR;Jahr;1965;DINSG;Deutschland insgesamt;DG;Deutschland;FRUA02;Hauptfruchtarten;FRUART04;Gemüse, Erdbeeren u. a. Gartengewächse;86172;ha;FLC016;Anbaufläche
41241;Ernte-u.Betriebsbericht: Feldfrüchte und Grünland;JAHR;Jahr;1998;DINSG;Deutschland insgesamt;DG;Deutschland;FRUA02;Hauptfruchtarten;FRUART02;Hülsenfrüchte;225168;ha;FLC016;Anbaufläche
41241;Ernte-u.Betriebsbericht: Feldfrüchte und Grünland;JAHR;Jahr;1958;DINSG;Deutschland insgesamt;DG;Deutschland;FRUA02;Hauptfruchtarten;FRUART04;Gemüse, Erdbeeren u. a. Gartengewächse;85740;ha;FLC016;Anbaufläche
41241;Ernte-u.Betriebsbericht: Feldfrüchte und Grünland;JAHR;Jahr;2002;DINSG;Deutschland insgesamt;DG;Deutschland;FRUA02;Hauptfruchtarten;FRUART03INS;Hackfrüchte;755191;ha;FLC016;Anbaufläche
41241;Ernte-u.Betriebsbericht: Feldfrüchte und Grünland;JAHR;Jahr;2005;DINSG;Deutschland insgesamt;DG;Deutschland;FRUA02;Hauptfruchtarten;FRUART06;Futterpflanzen;1805000;ha;FLC016;Anbaufläche
41241;Ernte-u.Betriebsbericht: Feldfrüchte und Grünland;JAHR;Jahr;1987;DINSG;Deutschland insgesamt;DG;Deutschland;FRUA02;Hauptfruchtarten;FRUART04;Gemüse, Erdbeeren u. a. Gartengewächse;60265;ha;FLC016;Anbaufläche
41241;Ernte-u.Betriebsbericht: Feldfrüchte und Grünland;JAHR;Jahr;1999;DINSG;Deutschland insgesamt;DG;Deutschland;FRUA02;Hauptfruchtarten;FRUART06;Futterpflanzen;1708851;ha;FLC016;Anbaufläche
41241;Ernte-u.Betriebsbericht: Feldfrüchte und Grünland;JAHR;Jahr;1991;DINSG;Deutschland insgesamt;DG;Deutschland;FRUA02;Hauptfruchtarten;FRUART04;Gemüse, Erdbeeren u. a. Gartengewächse;96663;ha;FLC016;Anbaufläche
41241;Ernte-u.Betriebsbericht: Feldfrüchte und Grünland;JAHR;Jahr;1950;DINSG;Deutschland insgesamt;DG;Deutschland;FRUA02;Hauptfruchtarten;FRUART04;Gemüse, Erdbeeren u. a. Gartengewächse;89873;ha;FLC016;Anbaufläche
41241;Ernte-u.Betriebsbericht: Feldfrüchte und Grünland;JAHR;Jahr;2005;DINSG;Deutschland insgesamt;DG;Deutschland;FRUA02;Hauptfruchtarten;FRUART03INS;Hackfrüchte;705400;ha;FLC016;Anbaufläche
41241;Ernte-u.Betriebsbericht: Feldfrüchte und Grünland;JAHR;Jahr;1997;DINSG;Deutschland insgesamt;DG;Deutschland;FRUA02;Hauptfruchtarten;FRUART01EKM;Getreide (einschl. Körnermais und CCM);7014075;ha;FLC016;Anbaufläche
41241;Ernte-u.Betriebsbericht: Feldfrüchte und Grünland;JAHR;Jahr;1967;DINSG;Deutschland insgesamt;DG;Deutschland;FRUA02;Hauptfruchtarten;FRUART05;Handelsgewächse;82169;ha;FLC016;Anbaufläche
41241;Ernte-u.Betriebsbericht: Feldfrüchte und Grünland;JAHR;Jahr;1974;DINSG;Deutschland insgesamt;DG;Deutschland;FRUA02;Hauptfruchtarten;FRUART02;Hülsenfrüchte;32001;ha;FLC016;Anbaufläche
41241;Ernte-u.Betriebsbericht: Feldfrüchte und Grünland;JAHR;Jahr;2006;DINSG;Deutschland insgesamt;DG;Deutschland;FRUA02;Hauptfruchtarten;FRUART02;Hülsenfrüchte;143800;ha;FLC016;Anbaufläche
41241;Ernte-u.Betriebsbericht: Feldfrüchte und Grünland;JAHR;Jahr;1985;DINSG;Deutschland insgesamt;DG;Deutschland;FRUA02;Hauptfruchtarten;FRUART01EKM;Getreide (einschl. Körnermais und CCM);4884414;ha;FLC016;Anbaufläche
41241;Ernte-u.Betriebsbericht: Feldfrüchte und Grünland;JAHR;Jahr;2007;DINSG;Deutschland insgesamt;DG;Deutschland;FRUA02;Hauptfruchtarten;FRUART03INS;Hackfrüchte;686300;ha;FLC016;Anbaufläche
41241;Ernte-u.Betriebsbericht: Feldfrüchte und Grünland;JAHR;Jahr;1978;DINSG;Deutschland insgesamt;DG;Deutschland;FRUA02;Hauptfruchtarten;FRUART01EKM;Getreide (einschl. Körnermais und CCM);5333116;ha;FLC016;Anbaufläche
41241;Ernte-u.Betriebsbericht: Feldfrüchte und Grünland;JAHR;Jahr;1976;DINSG;Deutschland insgesamt;DG;Deutschland;FRUA02;Hauptfruchtarten;FRUART02;Hülsenfrüchte;22266;ha;FLC016;Anbaufläche
41241;Ernte-u.Betriebsbericht: Feldfrüchte und Grünland;JAHR;Jahr;1951;DINSG;Deutschland insgesamt;DG;Deutschland;FRUA02;Hauptfruchtarten;FRUART06;Futterpflanzen;1306139;ha;FLC016;Anbaufläche
41241;Ernte-u.Betriebsbericht: Feldfrüchte und Grünland;JAHR;Jahr;2008;DINSG;Deutschland insgesamt;DG;Deutschland;FRUA02;Hauptfruchtarten;FRUART02;Hülsenfrüchte;84400;ha;FLC016;Anbaufläche
41241;Ernte-u.Betriebsbericht: Feldfrüchte und Grünland;JAHR;Jahr;1990;DINSG;Deutschland insgesamt;DG;Deutschland;FRUA02;Hauptfruchtarten;FRUART02;Hülsenfrüchte;121182;ha;FLC016;Anbaufläche
41241;Ernte-u.Betriebsbericht: Feldfrüchte und Grünland;JAHR;Jahr;2003;DINSG;Deutschland insgesamt;DG;Deutschland;FRUA02;Hauptfruchtarten;FRUART05;Handelsgewächse;1383919;ha;FLC016;Anbaufläche
41241;Ernte-u.Betriebsbericht: Feldfrüchte und Grünland;JAHR;Jahr;1971;DINSG;Deutschland insgesamt;DG;Deutschland;FRUA02;Hauptfruchtarten;FRUART05;Handelsgewächse;129822;ha;FLC016;Anbaufläche
41241;Ernte-u.Betriebsbericht: Feldfrüchte und Grünland;JAHR;Jahr;1966;DINSG;Deutschland insgesamt;DG;Deutschland;FRUA02;Hauptfruchtarten;FRUART01EKM;Getreide (einschl. Körnermais und CCM);4939404;ha;FLC016;Anbaufläche
41241;Ernte-u.Betriebsbericht: Feldfrüchte und Grünland;JAHR;Jahr;1963;DINSG;Deutschland insgesamt;DG;Deutschland;FRUA02;Hauptfruchtarten;FRUART02;Hülsenfrüchte;42440;ha;FLC016;Anbaufläche
41241;Ernte-u.Betriebsbericht: Feldfrüchte und Grünland;JAHR;Jahr;1954;DINSG;Deutschland insgesamt;DG;Deutschland;FRUA02;Hauptfruchtarten;FRUART01EKM;Getreide (einschl. Körnermais und CCM);4809385;ha;FLC016;Anbaufläche
41241;Ernte-u.Betriebsbericht: Feldfrüchte und Grünland;JAHR;Jahr;1988;DINSG;Deutschland insgesamt;DG;Deutschland;FRUA02;Hauptfruchtarten;FRUART06;Futterpflanzen;1215233;ha;FLC016;Anbaufläche
41241;Ernte-u.Betriebsbericht: Feldfrüchte und Grünland;JAHR;Jahr;1988;DINSG;Deutschland insgesamt;DG;Deutschland;FRUA02;Hauptfruchtarten;FRUART01EKM;Getreide (einschl. Körnermais und CCM);4733602;ha;FLC016;Anbaufläche
41241;Ernte-u.Betriebsbericht: Feldfrüchte und Grünland;JAHR;Jahr;1993;DINSG;Deutschland insgesamt;DG;Deutschland;FRUA02;Hauptfruchtarten;FRUART04;Gemüse, Erdbeeren u. a. Gartengewächse;91197;ha;FLC016;Anbaufläche
41241;Ernte-u.Betriebsbericht: Feldfrüchte und Grünland;JAHR;Jahr;1985;DINSG;Deutschland insgesamt;DG;Deutschland;FRUA02;Hauptfruchtarten;FRUART04;Gemüse, Erdbeeren u. a. Gartengewächse;60226;ha;FLC016;Anbaufläche
41241;Ernte-u.Betriebsbericht: Feldfrüchte und Grünland;JAHR;Jahr;1975;DINSG;Deutschland insgesamt;DG;Deutschland;FRUA02;Hauptfruchtarten;FRUART01EKM;Getreide (einschl. Körnermais und CCM);5292882;ha;FLC016;Anbaufläche
41241;Ernte-u.Betriebsbericht: Feldfrüchte und Grünland;JAHR;Jahr;1963;DINSG;Deutschland insgesamt;DG;Deutschland;FRUA02;Hauptfruchtarten;FRUART01EKM;Getreide (einschl. Körnermais und CCM);4929500;ha;FLC016;Anbaufläche
41241;Ernte-u.Betriebsbericht: Feldfrüchte und Grünland;JAHR;Jahr;1976;DINSG;Deutschland insgesamt;DG;Deutschland;FRUA02;Hauptfruchtarten;FRUART01EKM;Getreide (einschl. Körnermais und CCM);5274907;ha;FLC016;Anbaufläche
41241;Ernte-u.Betriebsbericht: Feldfrüchte und Grünland;JAHR;Jahr;1961;DINSG;Deutschland insgesamt;DG;Deutschland;FRUA02;Hauptfruchtarten;FRUART02;Hülsenfrüchte;34142;ha;FLC016;Anbaufläche
41241;Ernte-u.Betriebsbericht: Feldfrüchte und Grünland;JAHR;Jahr;1961;DINSG;Deutschland insgesamt;DG;Deutschland;FRUA02;Hauptfruchtarten;FRUART01EKM;Getreide (einschl. Körnermais und CCM);4905898;ha;FLC016;Anbaufläche
41241;Ernte-u.Betriebsbericht: Feldfrüchte und Grünland;JAHR;Jahr;2001;DINSG;Deutschland insgesamt;DG;Deutschland;FRUA02;Hauptfruchtarten;FRUART06;Futterpflanzen;1580904;ha;FLC016;Anbaufläche
41241;Ernte-u.Betriebsbericht: Feldfrüchte und Grünland;JAHR;Jahr;1952;DINSG;Deutschland insgesamt;DG;Deutschland;FRUA02;Hauptfruchtarten;FRUART04;Gemüse, Erdbeeren u. a. Gartengewächse;79569;ha;FLC016;Anbaufläche
41241;Ernte-u.Betriebsbericht: Feldfrüchte und Grünland;JAHR;Jahr;1964;DINSG;Deutschland insgesamt;DG;Deutschland;FRUA02;Hauptfruchtarten;FRUART01EKM;Getreide (einschl. Körnermais und CCM);4997778;ha;FLC016;Anbaufläche
41241;Ernte-u.Betriebsbericht: Feldfrüchte und Grünland;JAHR;Jahr;1973;DINSG;Deutschland insgesamt;DG;Deutschland;FRUA02;Hauptfruchtarten;FRUART01EKM;Getreide (einschl. Körnermais und CCM);5286089;ha;FLC016;Anbaufläche
41241;Ernte-u.Betriebsbericht: Feldfrüchte und Grünland;JAHR;Jahr;1969;DINSG;Deutschland insgesamt;DG;Deutschland;FRUA02;Hauptfruchtarten;FRUART04;Gemüse, Erdbeeren u. a. Gartengewächse;78156;ha;FLC016;Anbaufläche
41241;Ernte-u.Betriebsbericht: Feldfrüchte und Grünland;JAHR;Jahr;1994;DINSG;Deutschland insgesamt;DG;Deutschland;FRUA02;Hauptfruchtarten;FRUART02;Hülsenfrüchte;95732;ha;FLC016;Anbaufläche
41241;Ernte-u.Betriebsbericht: Feldfrüchte und Grünland;JAHR;Jahr;1952;DINSG;Deutschland insgesamt;DG;Deutschland;FRUA02;Hauptfruchtarten;FRUART01EKM;Getreide (einschl. Körnermais und CCM);4699155;ha;FLC016;Anbaufläche
41241;Ernte-u.Betriebsbericht: Feldfrüchte und Grünland;JAHR;Jahr;2008;DINSG;Deutschland insgesamt;DG;Deutschland;FRUA02;Hauptfruchtarten;FRUART03INS;Hackfrüchte;636400;ha;FLC016;Anbaufläche
41241;Ernte-u.Betriebsbericht: Feldfrüchte und Grünland;JAHR;Jahr;1978;DINSG;Deutschland insgesamt;DG;Deutschland;FRUA02;Hauptfruchtarten;FRUART02;Hülsenfrüchte;14672;ha;FLC016;Anbaufläche
41241;Ernte-u.Betriebsbericht: Feldfrüchte und Grünland;JAHR;Jahr;1992;DINSG;Deutschland insgesamt;DG;Deutschland;FRUA02;Hauptfruchtarten;FRUART02;Hülsenfrüchte;56412;ha;FLC016;Anbaufläche
41241;Ernte-u.Betriebsbericht: Feldfrüchte und Grünland;JAHR;Jahr;1986;DINSG;Deutschland insgesamt;DG;Deutschland;FRUA02;Hauptfruchtarten;FRUART06;Futterpflanzen;1254528;ha;FLC016;Anbaufläche
41241;Ernte-u.Betriebsbericht: Feldfrüchte und Grünland;JAHR;Jahr;1951;DINSG;Deutschland insgesamt;DG;Deutschland;FRUA02;Hauptfruchtarten;FRUART01EKM;Getreide (einschl. Körnermais und CCM);4406764;ha;FLC016;Anbaufläche
41241;Ernte-u.Betriebsbericht: Feldfrüchte und Grünland;JAHR;Jahr;1965;DINSG;Deutschland insgesamt;DG;Deutschland;FRUA02;Hauptfruchtarten;FRUART05;Handelsgewächse;86315;ha;FLC016;Anbaufläche
41241;Ernte-u.Betriebsbericht: Feldfrüchte und Grünland;JAHR;Jahr;1999;DINSG;Deutschland insgesamt;DG;Deutschland;FRUA02;Hauptfruchtarten;FRUART01EKM;Getreide (einschl. Körnermais und CCM);6634683;ha;FLC016;Anbaufläche
41241;Ernte-u.Betriebsbericht: Feldfrüchte und Grünland;JAHR;Jahr;1953;DINSG;Deutschland insgesamt;DG;Deutschland;FRUA02;Hauptfruchtarten;FRUART06;Futterpflanzen;1137593;ha;FLC016;Anbaufläche
41241;Ernte-u.Betriebsbericht: Feldfrüchte und Grünland;JAHR;Jahr;1973;DINSG;Deutschland insgesamt;DG;Deutschland;FRUA02;Hauptfruchtarten;FRUART05;Handelsgewächse;146806;ha;FLC016;Anbaufläche
41241;Ernte-u.Betriebsbericht: Feldfrüchte und Grünland;JAHR;Jahr;2005;DINSG;Deutschland insgesamt;DG;Deutschland;FRUA02;Hauptfruchtarten;FRUART05;Handelsgewächse;1461700;ha;FLC016;Anbaufläche
41241;Ernte-u.Betriebsbericht: Feldfrüchte und Grünland;JAHR;Jahr;1987;DINSG;Deutschland insgesamt;DG;Deutschland;FRUA02;Hauptfruchtarten;FRUART01EKM;Getreide (einschl. Körnermais und CCM);4697297;ha;FLC016;Anbaufläche
41241;Ernte-u.Betriebsbericht: Feldfrüchte und Grünland;JAHR;Jahr;1955;DINSG;Deutschland insgesamt;DG;Deutschland;FRUA02;Hauptfruchtarten;FRUART01EKM;Getreide (einschl. Körnermais und CCM);4839873;ha;FLC016;Anbaufläche
41241;Ernte-u.Betriebsbericht: Feldfrüchte und Grünland;JAHR;Jahr;1979;DINSG;Deutschland insgesamt;DG;Deutschland;FRUA02;Hauptfruchtarten;FRUART02;Hülsenfrüchte;12820;ha;FLC016;Anbaufläche
41241;Ernte-u.Betriebsbericht: Feldfrüchte und Grünland;JAHR;Jahr;1996;DINSG;Deutschland insgesamt;DG;Deutschland;FRUA02;Hauptfruchtarten;FRUART01EKM;Getreide (einschl. Körnermais und CCM);6707371;ha;FLC016;Anbaufläche
41241;Ernte-u.Betriebsbericht: Feldfrüchte und Grünland;JAHR;Jahr;1954;DINSG;Deutschland insgesamt;DG;Deutschland;FRUA02;Hauptfruchtarten;FRUART03INS;Hackfrüchte;2059458;ha;FLC016;Anbaufläche
41241;Ernte-u.Betriebsbericht: Feldfrüchte und Grünland;JAHR;Jahr;1950;DINSG;Deutschland insgesamt;DG;Deutschland;FRUA02;Hauptfruchtarten;FRUART05;Handelsgewächse;103189;ha;FLC016;Anbaufläche
41241;Ernte-u.Betriebsbericht: Feldfrüchte und Grünland;JAHR;Jahr;1967;DINSG;Deutschland insgesamt;DG;Deutschland;FRUA02;Hauptfruchtarten;FRUART02;Hülsenfrüchte;42448;ha;FLC016;Anbaufläche
41241;Ernte-u.Betriebsbericht: Feldfrüchte und Grünland;JAHR;Jahr;1962;DINSG;Deutschland insgesamt;DG;Deutschland;FRUA02;Hauptfruchtarten;FRUART05;Handelsgewächse;81350;ha;FLC016;Anbaufläche
41241;Ernte-u.Betriebsbericht: Feldfrüchte und Grünland;JAHR;Jahr;1966;DINSG;Deutschland insgesamt;DG;Deutschland;FRUA02;Hauptfruchtarten;FRUART03INS;Hackfrüchte;1428156;ha;FLC016;Anbaufläche
41241;Ernte-u.Betriebsbericht: Feldfrüchte und Grünland;JAHR;Jahr;1974;DINSG;Deutschland insgesamt;DG;Deutschland;FRUA02;Hauptfruchtarten;FRUART05;Handelsgewächse;149786;ha;FLC016;Anbaufläche
41241;Ernte-u.Betriebsbericht: Feldfrüchte und Grünland;JAHR;Jahr;1954;DINSG;Deutschland insgesamt;DG;Deutschland;FRUA02;Hauptfruchtarten;FRUART06;Futterpflanzen;1135066;ha;FLC016;Anbaufläche
41241;Ernte-u.Betriebsbericht: Feldfrüchte und Grünland;JAHR;Jahr;1982;DINSG;Deutschland insgesamt;DG;Deutschland;FRUA02;Hauptfruchtarten;FRUART04;Gemüse, Erdbeeren u. a. Gartengewächse;54405;ha;FLC016;Anbaufläche
41241;Ernte-u.Betriebsbericht: Feldfrüchte und Grünland;JAHR;Jahr;1978;DINSG;Deutschland insgesamt;DG;Deutschland;FRUA02;Hauptfruchtarten;FRUART03INS;Hackfrüchte;963108;ha;FLC016;Anbaufläche
41241;Ernte-u.Betriebsbericht: Feldfrüchte und Grünland;JAHR;Jahr;2004;DINSG;Deutschland insgesamt;DG;Deutschland;FRUA02;Hauptfruchtarten;FRUART03INS;Hackfrüchte;745997;ha;FLC016;Anbaufläche
41241;Ernte-u.Betriebsbericht: Feldfrüchte und Grünland;JAHR;Jahr;1972;DINSG;Deutschland insgesamt;DG;Deutschland;FRUA02;Hauptfruchtarten;FRUART01EKM;Getreide (einschl. Körnermais und CCM);5303063;ha;FLC016;Anbaufläche
41241;Ernte-u.Betriebsbericht: Feldfrüchte und Grünland;JAHR;Jahr;1968;DINSG;Deutschland insgesamt;DG;Deutschland;FRUA02;Hauptfruchtarten;FRUART02;Hülsenfrüchte;39897;ha;FLC016;Anbaufläche
41241;Ernte-u.Betriebsbericht: Feldfrüchte und Grünland;JAHR;Jahr;1951;DINSG;Deutschland insgesamt;DG;Deutschland;FRUA02;Hauptfruchtarten;FRUART05;Handelsgewächse;106824;ha;FLC016;Anbaufläche
41241;Ernte-u.Betriebsbericht: Feldfrüchte und Grünland;JAHR;Jahr;2008;DINSG;Deutschland insgesamt;DG;Deutschland;FRUA02;Hauptfruchtarten;FRUART05;Handelsgewächse;1471600;ha;FLC016;Anbaufläche
41241;Ernte-u.Betriebsbericht: Feldfrüchte und Grünland;JAHR;Jahr;1970;DINSG;Deutschland insgesamt;DG;Deutschland;FRUA02;Hauptfruchtarten;FRUART04;Gemüse, Erdbeeren u. a. Gartengewächse;82228;ha;FLC016;Anbaufläche
41241;Ernte-u.Betriebsbericht: Feldfrüchte und Grünland;JAHR;Jahr;1984;DINSG;Deutschland insgesamt;DG;Deutschland;FRUA02;Hauptfruchtarten;FRUART01EKM;Getreide (einschl. Körnermais und CCM);4940823;ha;FLC016;Anbaufläche
41241;Ernte-u.Betriebsbericht: Feldfrüchte und Grünland;JAHR;Jahr;1963;DINSG;Deutschland insgesamt;DG;Deutschland;FRUA02;Hauptfruchtarten;FRUART05;Handelsgewächse;77719;ha;FLC016;Anbaufläche
41241;Ernte-u.Betriebsbericht: Feldfrüchte und Grünland;JAHR;Jahr;1955;DINSG;Deutschland insgesamt;DG;Deutschland;FRUA02;Hauptfruchtarten;FRUART02;Hülsenfrüchte;46761;ha;FLC016;Anbaufläche
41241;Ernte-u.Betriebsbericht: Feldfrüchte und Grünland;JAHR;Jahr;1971;DINSG;Deutschland insgesamt;DG;Deutschland;FRUA02;Hauptfruchtarten;FRUART04;Gemüse, Erdbeeren u. a. Gartengewächse;81796;ha;FLC016;Anbaufläche
41241;Ernte-u.Betriebsbericht: Feldfrüchte und Grünland;JAHR;Jahr;2007;DINSG;Deutschland insgesamt;DG;Deutschland;FRUA02;Hauptfruchtarten;FRUART05;Handelsgewächse;1644337;ha;FLC016;Anbaufläche
41241;Ernte-u.Betriebsbericht: Feldfrüchte und Grünland;JAHR;Jahr;1967;DINSG;Deutschland insgesamt;DG;Deutschland;FRUA02;Hauptfruchtarten;FRUART01EKM;Getreide (einschl. Körnermais und CCM);4972202;ha;FLC016;Anbaufläche
41241;Ernte-u.Betriebsbericht: Feldfrüchte und Grünland;JAHR;Jahr;1983;DINSG;Deutschland insgesamt;DG;Deutschland;FRUA02;Hauptfruchtarten;FRUART04;Gemüse, Erdbeeren u. a. Gartengewächse;55783;ha;FLC016;Anbaufläche
41241;Ernte-u.Betriebsbericht: Feldfrüchte und Grünland;JAHR;Jahr;1979;DINSG;Deutschland insgesamt;DG;Deutschland;FRUA02;Hauptfruchtarten;FRUART01EKM;Getreide (einschl. Körnermais und CCM);5233753;ha;FLC016;Anbaufläche
41241;Ernte-u.Betriebsbericht: Feldfrüchte und Grünland;JAHR;Jahr;2005;DINSG;Deutschland insgesamt;DG;Deutschland;FRUA02;Hauptfruchtarten;FRUART01EKM;Getreide (einschl. Körnermais und CCM);6839000;ha;FLC016;Anbaufläche
41241;Ernte-u.Betriebsbericht: Feldfrüchte und Grünland;JAHR;Jahr;1989;DINSG;Deutschland insgesamt;DG;Deutschland;FRUA02;Hauptfruchtarten;FRUART06;Futterpflanzen;1202181;ha;FLC016;Anbaufläche
41241;Ernte-u.Betriebsbericht: Feldfrüchte und Grünland;JAHR;Jahr;1997;DINSG;Deutschland insgesamt;DG;Deutschland;FRUA02;Hauptfruchtarten;FRUART04;Gemüse, Erdbeeren u. a. Gartengewächse;102626;ha;FLC016;Anbaufläche
41241;Ernte-u.Betriebsbericht: Feldfrüchte und Grünland;JAHR;Jahr;1977;DINSG;Deutschland insgesamt;DG;Deutschland;FRUA02;Hauptfruchtarten;FRUART05;Handelsgewächse;139092;ha;FLC016;Anbaufläche
41241;Ernte-u.Betriebsbericht: Feldfrüchte und Grünland;JAHR;Jahr;1985;DINSG;Deutschland insgesamt;DG;Deutschland;FRUA02;Hauptfruchtarten;FRUART05;Handelsgewächse;298169;ha;FLC016;Anbaufläche
41241;Ernte-u.Betriebsbericht: Feldfrüchte und Grünland;JAHR;Jahr;2000;DINSG;Deutschland insgesamt;DG;Deutschland;FRUA02;Hauptfruchtarten;FRUART03INS;Hackfrüchte;770435;ha;FLC016;Anbaufläche
41241;Ernte-u.Betriebsbericht: Feldfrüchte und Grünland;JAHR;Jahr;1956;DINSG;Deutschland insgesamt;DG;Deutschland;FRUA02;Hauptfruchtarten;FRUART02;Hülsenfrüchte;44396;ha;FLC016;Anbaufläche
41241;Ernte-u.Betriebsbericht: Feldfrüchte und Grünland;JAHR;Jahr;1957;DINSG;Deutschland insgesamt;DG;Deutschland;FRUA02;Hauptfruchtarten;FRUART06;Futterpflanzen;1028277;ha;FLC016;Anbaufläche
41241;Ernte-u.Betriebsbericht: Feldfrüchte und Grünland;JAHR;Jahr;2004;DINSG;Deutschland insgesamt;DG;Deutschland;FRUA02;Hauptfruchtarten;FRUART04;Gemüse, Erdbeeren u. a. Gartengewächse;127368;ha;FLC016;Anbaufläche
41241;Ernte-u.Betriebsbericht: Feldfrüchte und Grünland;JAHR;Jahr;1964;DINSG;Deutschland insgesamt;DG;Deutschland;FRUA02;Hauptfruchtarten;FRUART02;Hülsenfrüchte;43212;ha;FLC016;Anbaufläche
41241;Ernte-u.Betriebsbericht: Feldfrüchte und Grünland;JAHR;Jahr;1992;DINSG;Deutschland insgesamt;DG;Deutschland;FRUA02;Hauptfruchtarten;FRUART03INS;Hackfrüchte;946444;ha;FLC016;Anbaufläche
41241;Ernte-u.Betriebsbericht: Feldfrüchte und Grünland;JAHR;Jahr;1986;DINSG;Deutschland insgesamt;DG;Deutschland;FRUA02;Hauptfruchtarten;FRUART05;Handelsgewächse;343137;ha;FLC016;Anbaufläche
41241;Ernte-u.Betriebsbericht: Feldfrüchte und Grünland;JAHR;Jahr;1958;DINSG;Deutschland insgesamt;DG;Deutschland;FRUA02;Hauptfruchtarten;FRUART03INS;Hackfrüchte;1898226;ha;FLC016;Anbaufläche
41241;Ernte-u.Betriebsbericht: Feldfrüchte und Grünland;JAHR;Jahr;1980;DINSG;Deutschland insgesamt;DG;Deutschland;FRUA02;Hauptfruchtarten;FRUART01EKM;Getreide (einschl. Körnermais und CCM);5212163;ha;FLC016;Anbaufläche
41241;Ernte-u.Betriebsbericht: Feldfrüchte und Grünland;JAHR;Jahr;1992;DINSG;Deutschland insgesamt;DG;Deutschland;FRUA02;Hauptfruchtarten;FRUART01EKM;Getreide (einschl. Körnermais und CCM);6514455;ha;FLC016;Anbaufläche
41241;Ernte-u.Betriebsbericht: Feldfrüchte und Grünland;JAHR;Jahr;1965;DINSG;Deutschland insgesamt;DG;Deutschland;FRUA02;Hauptfruchtarten;FRUART06;Futterpflanzen;919053;ha;FLC016;Anbaufläche
41241;Ernte-u.Betriebsbericht: Feldfrüchte und Grünland;JAHR;Jahr;1966;DINSG;Deutschland insgesamt;DG;Deutschland;FRUA02;Hauptfruchtarten;FRUART06;Futterpflanzen;947210;ha;FLC016;Anbaufläche
41241;Ernte-u.Betriebsbericht: Feldfrüchte und Grünland;JAHR;Jahr;1958;DINSG;Deutschland insgesamt;DG;Deutschland;FRUA02;Hauptfruchtarten;FRUART06;Futterpflanzen;1007480;ha;FLC016;Anbaufläche
41241;Ernte-u.Betriebsbericht: Feldfrüchte und Grünland;JAHR;Jahr;1959;DINSG;Deutschland insgesamt;DG;Deutschland;FRUA02;Hauptfruchtarten;FRUART01EKM;Getreide (einschl. Körnermais und CCM);4966710;ha;FLC016;Anbaufläche
41241;Ernte-u.Betriebsbericht: Feldfrüchte und Grünland;JAHR;Jahr;2001;DINSG;Deutschland insgesamt;DG;Deutschland;FRUA02;Hauptfruchtarten;FRUART01EKM;Getreide (einschl. Körnermais und CCM);7045737;ha;FLC016;Anbaufläche
41241;Ernte-u.Betriebsbericht: Feldfrüchte und Grünland;JAHR;Jahr;1980;DINSG;Deutschland insgesamt;DG;Deutschland;FRUA02;Hauptfruchtarten;FRUART03INS;Hackfrüchte;814723;ha;FLC016;Anbaufläche
41241;Ernte-u.Betriebsbericht: Feldfrüchte und Grünland;JAHR;Jahr;1998;DINSG;Deutschland insgesamt;DG;Deutschland;FRUA02;Hauptfruchtarten;FRUART04;Gemüse, Erdbeeren u. a. Gartengewächse;105435;ha;FLC016;Anbaufläche
41241;Ernte-u.Betriebsbericht: Feldfrüchte und Grünland;JAHR;Jahr;2005;DINSG;Deutschland insgesamt;DG;Deutschland;FRUA02;Hauptfruchtarten;FRUART04;Gemüse, Erdbeeren u. a. Gartengewächse;129800;ha;FLC016;Anbaufläche
41241;Ernte-u.Betriebsbericht: Feldfrüchte und Grünland;JAHR;Jahr;1978;DINSG;Deutschland insgesamt;DG;Deutschland;FRUA02;Hauptfruchtarten;FRUART05;Handelsgewächse;153726;ha;FLC016;Anbaufläche
41241;Ernte-u.Betriebsbericht: Feldfrüchte und Grünland;JAHR;Jahr;1982;DINSG;Deutschland insgesamt;DG;Deutschland;FRUA02;Hauptfruchtarten;FRUART03INS;Hackfrüchte;789692;ha;FLC016;Anbaufläche
41241;Ernte-u.Betriebsbericht: Feldfrüchte und Grünland;JAHR;Jahr;1991;DINSG;Deutschland insgesamt;DG;Deutschland;FRUA02;Hauptfruchtarten;FRUART02;Hülsenfrüchte;58024;ha;FLC016;Anbaufläche
41241;Ernte-u.Betriebsbericht: Feldfrüchte und Grünland;JAHR;Jahr;1975;DINSG;Deutschland insgesamt;DG;Deutschland;FRUA02;Hauptfruchtarten;FRUART02;Hülsenfrüchte;28393;ha;FLC016;Anbaufläche
41241;Ernte-u.Betriebsbericht: Feldfrüchte und Grünland;JAHR;Jahr;1950;DINSG;Deutschland insgesamt;DG;Deutschland;FRUA02;Hauptfruchtarten;FRUART06;Futterpflanzen;1253973;ha;FLC016;Anbaufläche
41241;Ernte-u.Betriebsbericht: Feldfrüchte und Grünland;JAHR;Jahr;1987;DINSG;Deutschland insgesamt;DG;Deutschland;FRUA02;Hauptfruchtarten;FRUART02;Hülsenfrüchte;111003;ha;FLC016;Anbaufläche
41241;Ernte-u.Betriebsbericht: Feldfrüchte und Grünland;JAHR;Jahr;1970;DINSG;Deutschland insgesamt;DG;Deutschland;FRUA02;Hauptfruchtarten;FRUART05;Handelsgewächse;116996;ha;FLC016;Anbaufläche
41241;Ernte-u.Betriebsbericht: Feldfrüchte und Grünland;JAHR;Jahr;1954;DINSG;Deutschland insgesamt;DG;Deutschland;FRUA02;Hauptfruchtarten;FRUART05;Handelsgewächse;51292;ha;FLC016;Anbaufläche
41241;Ernte-u.Betriebsbericht: Feldfrüchte und Grünland;JAHR;Jahr;1970;DINSG;Deutschland insgesamt;DG;Deutschland;FRUA02;Hauptfruchtarten;FRUART03INS;Hackfrüchte;1261156;ha;FLC016;Anbaufläche
41241;Ernte-u.Betriebsbericht: Feldfrüchte und Grünland;JAHR;Jahr;1982;DINSG;Deutschland insgesamt;DG;Deutschland;FRUA02;Hauptfruchtarten;FRUART05;Handelsgewächse;222310;ha;FLC016;Anbaufläche
41241;Ernte-u.Betriebsbericht: Feldfrüchte und Grünland;JAHR;Jahr;1974;DINSG;Deutschland insgesamt;DG;Deutschland;FRUA02;Hauptfruchtarten;FRUART04;Gemüse, Erdbeeren u. a. Gartengewächse;76577;ha;FLC016;Anbaufläche
41241;Ernte-u.Betriebsbericht: Feldfrüchte und Grünland;JAHR;Jahr;1959;DINSG;Deutschland insgesamt;DG;Deutschland;FRUA02;Hauptfruchtarten;FRUART02;Hülsenfrüchte;34691;ha;FLC016;Anbaufläche
41241;Ernte-u.Betriebsbericht: Feldfrüchte und Grünland;JAHR;Jahr;1994;DINSG;Deutschland insgesamt;DG;Deutschland;FRUA02;Hauptfruchtarten;FRUART03INS;Hackfrüchte;824311;ha;FLC016;Anbaufläche
41241;Ernte-u.Betriebsbericht: Feldfrüchte und Grünland;JAHR;Jahr;1962;DINSG;Deutschland insgesamt;DG;Deutschland;FRUA02;Hauptfruchtarten;FRUART06;Futterpflanzen;933069;ha;FLC016;Anbaufläche
41241;Ernte-u.Betriebsbericht: Feldfrüchte und Grünland;JAHR;Jahr;1972;DINSG;Deutschland insgesamt;DG;Deutschland;FRUA02;Hauptfruchtarten;FRUART03INS;Hackfrüchte;1151086;ha;FLC016;Anbaufläche
41241;Ernte-u.Betriebsbericht: Feldfrüchte und Grünland;JAHR;Jahr;1990;DINSG;Deutschland insgesamt;DG;Deutschland;FRUA02;Hauptfruchtarten;FRUART04;Gemüse, Erdbeeren u. a. Gartengewächse;149311;ha;FLC016;Anbaufläche
41241;Ernte-u.Betriebsbericht: Feldfrüchte und Grünland;JAHR;Jahr;1998;DINSG;Deutschland insgesamt;DG;Deutschland;FRUA02;Hauptfruchtarten;FRUART03INS;Hackfrüchte;818150;ha;FLC016;Anbaufläche
41241;Ernte-u.Betriebsbericht: Feldfrüchte und Grünland;JAHR;Jahr;1960;DINSG;Deutschland insgesamt;DG;Deutschland;FRUA02;Hauptfruchtarten;FRUART03INS;Hackfrüchte;1859783;ha;FLC016;Anbaufläche
41241;Ernte-u.Betriebsbericht: Feldfrüchte und Grünland;JAHR;Jahr;1951;DINSG;Deutschland insgesamt;DG;Deutschland;FRUA02;Hauptfruchtarten;FRUART04;Gemüse, Erdbeeren u. a. Gartengewächse;77014;ha;FLC016;Anbaufläche
41241;Ernte-u.Betriebsbericht: Feldfrüchte und Grünland;JAHR;Jahr;2008;DINSG;Deutschland insgesamt;DG;Deutschland;FRUA02;Hauptfruchtarten;FRUART04;Gemüse, Erdbeeren u. a. Gartengewächse;131000;ha;FLC016;Anbaufläche
41241;Ernte-u.Betriebsbericht: Feldfrüchte und Grünland;JAHR;Jahr;2007;DINSG;Deutschland insgesamt;DG;Deutschland;FRUA02;Hauptfruchtarten;FRUART06;Futterpflanzen;2087549;ha;FLC016;Anbaufläche
41241;Ernte-u.Betriebsbericht: Feldfrüchte und Grünland;JAHR;Jahr;1996;DINSG;Deutschland insgesamt;DG;Deutschland;FRUA02;Hauptfruchtarten;FRUART03INS;Hackfrüchte;875382;ha;FLC016;Anbaufläche
41241;Ernte-u.Betriebsbericht: Feldfrüchte und Grünland;JAHR;Jahr;1984;DINSG;Deutschland insgesamt;DG;Deutschland;FRUA02;Hauptfruchtarten;FRUART03INS;Hackfrüchte;741172;ha;FLC016;Anbaufläche
41241;Ernte-u.Betriebsbericht: Feldfrüchte und Grünland;JAHR;Jahr;1963;DINSG;Deutschland insgesamt;DG;Deutschland;FRUA02;Hauptfruchtarten;FRUART04;Gemüse, Erdbeeren u. a. Gartengewächse;97150;ha;FLC016;Anbaufläche
41241;Ernte-u.Betriebsbericht: Feldfrüchte und Grünland;JAHR;Jahr;1989;DINSG;Deutschland insgesamt;DG;Deutschland;FRUA02;Hauptfruchtarten;FRUART05;Handelsgewächse;485587;ha;FLC016;Anbaufläche
41241;Ernte-u.Betriebsbericht: Feldfrüchte und Grünland;JAHR;Jahr;2009;DINSG;Deutschland insgesamt;DG;Deutschland;FRUA02;Hauptfruchtarten;FRUART02;Hülsenfrüchte;83000;ha;FLC016;Anbaufläche
41241;Ernte-u.Betriebsbericht: Feldfrüchte und Grünland;JAHR;Jahr;1962;DINSG;Deutschland insgesamt;DG;Deutschland;FRUA02;Hauptfruchtarten;FRUART03INS;Hackfrüchte;1758940;ha;FLC016;Anbaufläche
41241;Ernte-u.Betriebsbericht: Feldfrüchte und Grünland;JAHR;Jahr;1997;DINSG;Deutschland insgesamt;DG;Deutschland;FRUA02;Hauptfruchtarten;FRUART05;Handelsgewächse;1110948;ha;FLC016;Anbaufläche
41241;Ernte-u.Betriebsbericht: Feldfrüchte und Grünland;JAHR;Jahr;1993;DINSG;Deutschland insgesamt;DG;Deutschland;FRUA02;Hauptfruchtarten;FRUART06;Futterpflanzen;1854133;ha;FLC016;Anbaufläche
41241;Ernte-u.Betriebsbericht: Feldfrüchte und Grünland;JAHR;Jahr;1950;DINSG;Deutschland insgesamt;DG;Deutschland;FRUA02;Hauptfruchtarten;FRUART03INS;Hackfrüchte;2034742;ha;FLC016;Anbaufläche
41241;Ernte-u.Betriebsbericht: Feldfrüchte und Grünland;JAHR;Jahr;1985;DINSG;Deutschland insgesamt;DG;Deutschland;FRUA02;Hauptfruchtarten;FRUART06;Futterpflanzen;1223886;ha;FLC016;Anbaufläche
41241;Ernte-u.Betriebsbericht: Feldfrüchte und Grünland;JAHR;Jahr;1952;DINSG;Deutschland insgesamt;DG;Deutschland;FRUA02;Hauptfruchtarten;FRUART02;Hülsenfrüchte;62403;ha;FLC016;Anbaufläche
41241;Ernte-u.Betriebsbericht: Feldfrüchte und Grünland;JAHR;Jahr;2004;DINSG;Deutschland insgesamt;DG;Deutschland;FRUA02;Hauptfruchtarten;FRUART05;Handelsgewächse;1397009;ha;FLC016;Anbaufläche
41241;Ernte-u.Betriebsbericht: Feldfrüchte und Grünland;JAHR;Jahr;2001;DINSG;Deutschland insgesamt;DG;Deutschland;FRUA02;Hauptfruchtarten;FRUART04;Gemüse, Erdbeeren u. a. Gartengewächse;115234;ha;FLC016;Anbaufläche
41241;Ernte-u.Betriebsbericht: Feldfrüchte und Grünland;JAHR;Jahr;1977;DINSG;Deutschland insgesamt;DG;Deutschland;FRUA02;Hauptfruchtarten;FRUART06;Futterpflanzen;928349;ha;FLC016;Anbaufläche
41241;Ernte-u.Betriebsbericht: Feldfrüchte und Grünland;JAHR;Jahr;1974;DINSG;Deutschland insgesamt;DG;Deutschland;FRUA02;Hauptfruchtarten;FRUART03INS;Hackfrüchte;1111666;ha;FLC016;Anbaufläche
41241;Ernte-u.Betriebsbericht: Feldfrüchte und Grünland;JAHR;Jahr;1986;DINSG;Deutschland insgesamt;DG;Deutschland;FRUA02;Hauptfruchtarten;FRUART03INS;Hackfrüchte;699803;ha;FLC016;Anbaufläche
41241;Ernte-u.Betriebsbericht: Feldfrüchte und Grünland;JAHR;Jahr;1969;DINSG;Deutschland insgesamt;DG;Deutschland;FRUA02;Hauptfruchtarten;FRUART06;Futterpflanzen;844329;ha;FLC016;Anbaufläche
41241;Ernte-u.Betriebsbericht: Feldfrüchte und Grünland;JAHR;Jahr;1986;DINSG;Deutschland insgesamt;DG;Deutschland;FRUA02;Hauptfruchtarten;FRUART04;Gemüse, Erdbeeren u. a. Gartengewächse;63608;ha;FLC016;Anbaufläche
41241;Ernte-u.Betriebsbericht: Feldfrüchte und Grünland;JAHR;Jahr;1952;DINSG;Deutschland insgesamt;DG;Deutschland;FRUA02;Hauptfruchtarten;FRUART03INS;Hackfrüchte;1998725;ha;FLC016;Anbaufläche
41241;Ernte-u.Betriebsbericht: Feldfrüchte und Grünland;JAHR;Jahr;1978;DINSG;Deutschland insgesamt;DG;Deutschland;FRUA02;Hauptfruchtarten;FRUART04;Gemüse, Erdbeeren u. a. Gartengewächse;69791;ha;FLC016;Anbaufläche
41241;Ernte-u.Betriebsbericht: Feldfrüchte und Grünland;JAHR;Jahr;1994;DINSG;Deutschland insgesamt;DG;Deutschland;FRUA02;Hauptfruchtarten;FRUART04;Gemüse, Erdbeeren u. a. Gartengewächse;94159;ha;FLC016;Anbaufläche
41241;Ernte-u.Betriebsbericht: Feldfrüchte und Grünland;JAHR;Jahr;1966;DINSG;Deutschland insgesamt;DG;Deutschland;FRUA02;Hauptfruchtarten;FRUART05;Handelsgewächse;82268;ha;FLC016;Anbaufläche
41241;Ernte-u.Betriebsbericht: Feldfrüchte und Grünland;JAHR;Jahr;1958;DINSG;Deutschland insgesamt;DG;Deutschland;FRUA02;Hauptfruchtarten;FRUART05;Handelsgewächse;76406;ha;FLC016;Anbaufläche
41241;Ernte-u.Betriebsbericht: Feldfrüchte und Grünland;JAHR;Jahr;1960;DINSG;Deutschland insgesamt;DG;Deutschland;FRUA02;Hauptfruchtarten;FRUART02;Hülsenfrüchte;29469;ha;FLC016;Anbaufläche
41241;Ernte-u.Betriebsbericht: Feldfrüchte und Grünland;JAHR;Jahr;2000;DINSG;Deutschland insgesamt;DG;Deutschland;FRUA02;Hauptfruchtarten;FRUART06;Futterpflanzen;1623097;ha;FLC016;Anbaufläche
41241;Ernte-u.Betriebsbericht: Feldfrüchte und Grünland;JAHR;Jahr;1964;DINSG;Deutschland insgesamt;DG;Deutschland;FRUA02;Hauptfruchtarten;FRUART03INS;Hackfrüchte;1624849;ha;FLC016;Anbaufläche
41241;Ernte-u.Betriebsbericht: Feldfrüchte und Grünland;JAHR;Jahr;2009;DINSG;Deutschland insgesamt;DG;Deutschland;FRUA02;Hauptfruchtarten;FRUART01EKM;Getreide (einschl. Körnermais und CCM);6908400;ha;FLC016;Anbaufläche
41241;Ernte-u.Betriebsbericht: Feldfrüchte und Grünland;JAHR;Jahr;1976;DINSG;Deutschland insgesamt;DG;Deutschland;FRUA02;Hauptfruchtarten;FRUART03INS;Hackfrüchte;1099283;ha;FLC016;Anbaufläche
41241;Ernte-u.Betriebsbericht: Feldfrüchte und Grünland;JAHR;Jahr;1988;DINSG;Deutschland insgesamt;DG;Deutschland;FRUA02;Hauptfruchtarten;FRUART03INS;Hackfrüchte;656388;ha;FLC016;Anbaufläche
