statistics_code;statistics_label;time_code;time_label;time;1_variable_code;1_variable_label;1_variable_attribute_code;1_variable_attribute_label;2_variable_code;2_variable_label;2_variable_attribute_code;2_variable_attribute_label;value;value_unit;value_variable_code;value_variable_label
41241;Ernte-u.Betriebsbericht: Feldfrüchte und Grünland;JAHR;Jahr;1958;DINSG;Deutschland insgesamt;DG;Deutschland;FRUA03;Fruchtarten;FRUART061;Klee, Kleegras und Klee-Luzerne-Gemisch;4919483;t;ERN001;Erntemenge
41241;Ernte-u.Betriebsbericht: Feldfrüchte und Grünland;JAHR;Jahr;1950;DINSG;Deutschland insgesamt;DG;Deutschland;FRUA03;Fruchtarten;FRUART031FSK;Frühe Speisekartoffeln;1590053;t;ERN001;Erntemenge
41241;Ernte-u.Betriebsbericht: Feldfrüchte und Grünland;JAHR;Jahr;2000;DINSG;Deutschland insgesamt;DG;Deutschland;FRUA03;Fruchtarten;FRUART01212;Sommergerste;2873731;t;ERN001;Erntemenge
41241;Ernte-u.Betriebsbericht: Feldfrüchte und Grünland;JAHR;Jahr;1966;DINSG;Deutschland insgesamt;DG;Deutschland;FRUA03;Fruchtarten;FRUART0121;Gerste;3869287;t;ERN001;Erntemenge
41241;Ernte-u.Betriebsbericht: Feldfrüchte und Grünland;JAHR;Jahr;1986;DINSG;Deutschland insgesamt;DG;Deutschland;FRUA03;Fruchtarten;FRUART064;Silomais (einschl. Lieschkolbenschrot);45427249;t;ERN001;Erntemenge
41241;Ernte-u.Betriebsbericht: Feldfrüchte und Grünland;JAHR;Jahr;1961;DINSG;Deutschland insgesamt;DG;Deutschland;FRUA03;Fruchtarten;FRUART064;Silomais (einschl. Lieschkolbenschrot);1471808;t;ERN001;Erntemenge
41241;Ernte-u.Betriebsbericht: Feldfrüchte und Grünland;JAHR;Jahr;2003;DINSG;Deutschland insgesamt;DG;Deutschland;FRUA03;Fruchtarten;FRUART01211;Wintergerste;6978627;t;ERN001;Erntemenge
41241;Ernte-u.Betriebsbericht: Feldfrüchte und Grünland;JAHR;Jahr;2009;DINSG;Deutschland insgesamt;DG;Deutschland;FRUA03;Fruchtarten;FRUART01EKM;Getreide (einschl. Körnermais und CCM);49748200;t;ERN001;Erntemenge
41241;Ernte-u.Betriebsbericht: Feldfrüchte und Grünland;JAHR;Jahr;1990;DINSG;Deutschland insgesamt;DG;Deutschland;FRUA03;Fruchtarten;FRUART062;Luzerne;1480841;t;ERN001;Erntemenge
41241;Ernte-u.Betriebsbericht: Feldfrüchte und Grünland;JAHR;Jahr;2007;DINSG;Deutschland insgesamt;DG;Deutschland;FRUA03;Fruchtarten;FRUART0124;Triticale;2061470;t;ERN001;Erntemenge
41241;Ernte-u.Betriebsbericht: Feldfrüchte und Grünland;JAHR;Jahr;1980;DINSG;Deutschland insgesamt;DG;Deutschland;FRUA03;Fruchtarten;FRUART01111;Winterweizen;7611718;t;ERN001;Erntemenge
41241;Ernte-u.Betriebsbericht: Feldfrüchte und Grünland;JAHR;Jahr;1976;DINSG;Deutschland insgesamt;DG;Deutschland;FRUA03;Fruchtarten;FRUART01EKM;Getreide (einschl. Körnermais und CCM);19133524;t;ERN001;Erntemenge
41241;Ernte-u.Betriebsbericht: Feldfrüchte und Grünland;JAHR;Jahr;2003;DINSG;Deutschland insgesamt;DG;Deutschland;FRUA03;Fruchtarten;FRUART021;Futtererbsen;391739;t;ERN001;Erntemenge
41241;Ernte-u.Betriebsbericht: Feldfrüchte und Grünland;JAHR;Jahr;1970;DINSG;Deutschland insgesamt;DG;Deutschland;FRUA03;Fruchtarten;FRUART01211;Wintergerste;1815335;t;ERN001;Erntemenge
41241;Ernte-u.Betriebsbericht: Feldfrüchte und Grünland;JAHR;Jahr;1952;DINSG;Deutschland insgesamt;DG;Deutschland;FRUA03;Fruchtarten;FRUART01112;Sommerweizen;150082;t;ERN001;Erntemenge
41241;Ernte-u.Betriebsbericht: Feldfrüchte und Grünland;JAHR;Jahr;1957;DINSG;Deutschland insgesamt;DG;Deutschland;FRUA03;Fruchtarten;FRUART031;Kartoffeln;26501510;t;ERN001;Erntemenge
41241;Ernte-u.Betriebsbericht: Feldfrüchte und Grünland;JAHR;Jahr;1983;DINSG;Deutschland insgesamt;DG;Deutschland;FRUA03;Fruchtarten;FRUART062;Luzerne;.;t;ERN001;Erntemenge
41241;Ernte-u.Betriebsbericht: Feldfrüchte und Grünland;JAHR;Jahr;1997;DINSG;Deutschland insgesamt;DG;Deutschland;FRUA03;Fruchtarten;FRUART01EKM;Getreide (einschl. Körnermais und CCM);45485681;t;ERN001;Erntemenge
41241;Ernte-u.Betriebsbericht: Feldfrüchte und Grünland;JAHR;Jahr;1962;DINSG;Deutschland insgesamt;DG;Deutschland;FRUA03;Fruchtarten;FRUART0113;Wintermenggetreide;163836;t;ERN001;Erntemenge
41241;Ernte-u.Betriebsbericht: Feldfrüchte und Grünland;JAHR;Jahr;1982;DINSG;Deutschland insgesamt;DG;Deutschland;FRUA03;Fruchtarten;FRUART032;Zuckerrüben;22732000;t;ERN001;Erntemenge
41241;Ernte-u.Betriebsbericht: Feldfrüchte und Grünland;JAHR;Jahr;1967;DINSG;Deutschland insgesamt;DG;Deutschland;FRUA03;Fruchtarten;FRUART011;Brotgetreide;9136129;t;ERN001;Erntemenge
41241;Ernte-u.Betriebsbericht: Feldfrüchte und Grünland;JAHR;Jahr;1997;DINSG;Deutschland insgesamt;DG;Deutschland;FRUA03;Fruchtarten;FRUART05112;Sommerraps, Winter- und Sommerrübsen;106595;t;ERN001;Erntemenge
41241;Ernte-u.Betriebsbericht: Feldfrüchte und Grünland;JAHR;Jahr;2001;DINSG;Deutschland insgesamt;DG;Deutschland;FRUA03;Fruchtarten;FRUART0121;Gerste;13494587;t;ERN001;Erntemenge
41241;Ernte-u.Betriebsbericht: Feldfrüchte und Grünland;JAHR;Jahr;2007;DINSG;Deutschland insgesamt;DG;Deutschland;FRUA03;Fruchtarten;FRUART031;Kartoffeln;11643769;t;ERN001;Erntemenge
41241;Ernte-u.Betriebsbericht: Feldfrüchte und Grünland;JAHR;Jahr;1975;DINSG;Deutschland insgesamt;DG;Deutschland;FRUA03;Fruchtarten;FRUART0123;Sommermenggetreide;1067064;t;ERN001;Erntemenge
41241;Ernte-u.Betriebsbericht: Feldfrüchte und Grünland;JAHR;Jahr;1989;DINSG;Deutschland insgesamt;DG;Deutschland;FRUA03;Fruchtarten;FRUART031;Kartoffeln;7450626;t;ERN001;Erntemenge
41241;Ernte-u.Betriebsbericht: Feldfrüchte und Grünland;JAHR;Jahr;1992;DINSG;Deutschland insgesamt;DG;Deutschland;FRUA03;Fruchtarten;FRUART012;Futter- und Industriegetreide;14604848;t;ERN001;Erntemenge
41241;Ernte-u.Betriebsbericht: Feldfrüchte und Grünland;JAHR;Jahr;1979;DINSG;Deutschland insgesamt;DG;Deutschland;FRUA03;Fruchtarten;FRUART031FSK;Frühe Speisekartoffeln;515577;t;ERN001;Erntemenge
41241;Ernte-u.Betriebsbericht: Feldfrüchte und Grünland;JAHR;Jahr;1955;DINSG;Deutschland insgesamt;DG;Deutschland;FRUA03;Fruchtarten;FRUART031MUS;Mittelfrühe und späte Kartoffeln;22098372;t;ERN001;Erntemenge
41241;Ernte-u.Betriebsbericht: Feldfrüchte und Grünland;JAHR;Jahr;1978;DINSG;Deutschland insgesamt;DG;Deutschland;FRUA03;Fruchtarten;FRUART021;Futtererbsen;.;t;ERN001;Erntemenge
41241;Ernte-u.Betriebsbericht: Feldfrüchte und Grünland;JAHR;Jahr;1981;DINSG;Deutschland insgesamt;DG;Deutschland;FRUA03;Fruchtarten;FRUART0511;Raps und Rübsen;363011;t;ERN001;Erntemenge
41241;Ernte-u.Betriebsbericht: Feldfrüchte und Grünland;JAHR;Jahr;2008;DINSG;Deutschland insgesamt;DG;Deutschland;FRUA03;Fruchtarten;FRUART061;Klee, Kleegras und Klee-Luzerne-Gemisch;1704000;t;ERN001;Erntemenge
41241;Ernte-u.Betriebsbericht: Feldfrüchte und Grünland;JAHR;Jahr;1960;DINSG;Deutschland insgesamt;DG;Deutschland;FRUA03;Fruchtarten;KULART01421;Mähweiden;.;t;ERN001;Erntemenge
41241;Ernte-u.Betriebsbericht: Feldfrüchte und Grünland;JAHR;Jahr;1963;DINSG;Deutschland insgesamt;DG;Deutschland;FRUA03;Fruchtarten;FRUART01212;Sommergerste;2529409;t;ERN001;Erntemenge
41241;Ernte-u.Betriebsbericht: Feldfrüchte und Grünland;JAHR;Jahr;1958;DINSG;Deutschland insgesamt;DG;Deutschland;FRUA03;Fruchtarten;FRUART0112;Roggen;3751420;t;ERN001;Erntemenge
41241;Ernte-u.Betriebsbericht: Feldfrüchte und Grünland;JAHR;Jahr;1954;DINSG;Deutschland insgesamt;DG;Deutschland;FRUA03;Fruchtarten;FRUART0113;Wintermenggetreide;178836;t;ERN001;Erntemenge
41241;Ernte-u.Betriebsbericht: Feldfrüchte und Grünland;JAHR;Jahr;1960;DINSG;Deutschland insgesamt;DG;Deutschland;FRUA03;Fruchtarten;FRUART012;Futter- und Industriegetreide;6496172;t;ERN001;Erntemenge
41241;Ernte-u.Betriebsbericht: Feldfrüchte und Grünland;JAHR;Jahr;2009;DINSG;Deutschland insgesamt;DG;Deutschland;FRUA03;Fruchtarten;FRUART01111;Winterweizen;24916500;t;ERN001;Erntemenge
41241;Ernte-u.Betriebsbericht: Feldfrüchte und Grünland;JAHR;Jahr;2001;DINSG;Deutschland insgesamt;DG;Deutschland;FRUA03;Fruchtarten;KULART0141S;Wiesen und Mähweiden;34531897;t;ERN001;Erntemenge
41241;Ernte-u.Betriebsbericht: Feldfrüchte und Grünland;JAHR;Jahr;1996;DINSG;Deutschland insgesamt;DG;Deutschland;FRUA03;Fruchtarten;FRUART022;Ackerbohnen;78254;t;ERN001;Erntemenge
41241;Ernte-u.Betriebsbericht: Feldfrüchte und Grünland;JAHR;Jahr;1966;DINSG;Deutschland insgesamt;DG;Deutschland;FRUA03;Fruchtarten;FRUART01211;Wintergerste;1271179;t;ERN001;Erntemenge
41241;Ernte-u.Betriebsbericht: Feldfrüchte und Grünland;JAHR;Jahr;1958;DINSG;Deutschland insgesamt;DG;Deutschland;FRUA03;Fruchtarten;FRUART0121;Gerste;2423327;t;ERN001;Erntemenge
41241;Ernte-u.Betriebsbericht: Feldfrüchte und Grünland;JAHR;Jahr;2006;DINSG;Deutschland insgesamt;DG;Deutschland;FRUA03;Fruchtarten;FRUART0122;Hafer;829900;t;ERN001;Erntemenge
41241;Ernte-u.Betriebsbericht: Feldfrüchte und Grünland;JAHR;Jahr;1984;DINSG;Deutschland insgesamt;DG;Deutschland;FRUA03;Fruchtarten;KULART01411;Wiesen;.;t;ERN001;Erntemenge
41241;Ernte-u.Betriebsbericht: Feldfrüchte und Grünland;JAHR;Jahr;1979;DINSG;Deutschland insgesamt;DG;Deutschland;FRUA03;Fruchtarten;FRUART05111;Winterraps;305357;t;ERN001;Erntemenge
41241;Ernte-u.Betriebsbericht: Feldfrüchte und Grünland;JAHR;Jahr;2002;DINSG;Deutschland insgesamt;DG;Deutschland;FRUA03;Fruchtarten;FRUART0123;Sommermenggetreide;106456;t;ERN001;Erntemenge
41241;Ernte-u.Betriebsbericht: Feldfrüchte und Grünland;JAHR;Jahr;1967;DINSG;Deutschland insgesamt;DG;Deutschland;FRUA03;Fruchtarten;FRUART0123;Sommermenggetreide;1241262;t;ERN001;Erntemenge
41241;Ernte-u.Betriebsbericht: Feldfrüchte und Grünland;JAHR;Jahr;2000;DINSG;Deutschland insgesamt;DG;Deutschland;FRUA03;Fruchtarten;FRUART032;Zuckerrüben;27870100;t;ERN001;Erntemenge
41241;Ernte-u.Betriebsbericht: Feldfrüchte und Grünland;JAHR;Jahr;1974;DINSG;Deutschland insgesamt;DG;Deutschland;FRUA03;Fruchtarten;FRUART011;Brotgetreide;10426122;t;ERN001;Erntemenge
41241;Ernte-u.Betriebsbericht: Feldfrüchte und Grünland;JAHR;Jahr;1980;DINSG;Deutschland insgesamt;DG;Deutschland;FRUA03;Fruchtarten;FRUART01EKM;Getreide (einschl. Körnermais und CCM);23087265;t;ERN001;Erntemenge
41241;Ernte-u.Betriebsbericht: Feldfrüchte und Grünland;JAHR;Jahr;2003;DINSG;Deutschland insgesamt;DG;Deutschland;FRUA03;Fruchtarten;FRUART01113;Hartweizen (Durum);34699;t;ERN001;Erntemenge
41241;Ernte-u.Betriebsbericht: Feldfrüchte und Grünland;JAHR;Jahr;1966;DINSG;Deutschland insgesamt;DG;Deutschland;FRUA03;Fruchtarten;FRUART01113;Hartweizen (Durum);.;t;ERN001;Erntemenge
41241;Ernte-u.Betriebsbericht: Feldfrüchte und Grünland;JAHR;Jahr;1993;DINSG;Deutschland insgesamt;DG;Deutschland;FRUA03;Fruchtarten;FRUART01111W;Weichweizen;15720342;t;ERN001;Erntemenge
41241;Ernte-u.Betriebsbericht: Feldfrüchte und Grünland;JAHR;Jahr;1986;DINSG;Deutschland insgesamt;DG;Deutschland;FRUA03;Fruchtarten;FRUART01111W;Weichweizen;.;t;ERN001;Erntemenge
41241;Ernte-u.Betriebsbericht: Feldfrüchte und Grünland;JAHR;Jahr;1984;DINSG;Deutschland insgesamt;DG;Deutschland;FRUA03;Fruchtarten;FRUART01212;Sommergerste;2751089;t;ERN001;Erntemenge
41241;Ernte-u.Betriebsbericht: Feldfrüchte und Grünland;JAHR;Jahr;2007;DINSG;Deutschland insgesamt;DG;Deutschland;FRUA03;Fruchtarten;FRUART0111;Weizen;20828077;t;ERN001;Erntemenge
41241;Ernte-u.Betriebsbericht: Feldfrüchte und Grünland;JAHR;Jahr;1989;DINSG;Deutschland insgesamt;DG;Deutschland;FRUA03;Fruchtarten;FRUART0113;Wintermenggetreide;48294;t;ERN001;Erntemenge
41241;Ernte-u.Betriebsbericht: Feldfrüchte und Grünland;JAHR;Jahr;1992;DINSG;Deutschland insgesamt;DG;Deutschland;FRUA03;Fruchtarten;FRUART0112;Roggen;2422466;t;ERN001;Erntemenge
41241;Ernte-u.Betriebsbericht: Feldfrüchte und Grünland;JAHR;Jahr;1982;DINSG;Deutschland insgesamt;DG;Deutschland;FRUA03;Fruchtarten;FRUART0513;Körnersonnenblumen;.;t;ERN001;Erntemenge
41241;Ernte-u.Betriebsbericht: Feldfrüchte und Grünland;JAHR;Jahr;1972;DINSG;Deutschland insgesamt;DG;Deutschland;FRUA03;Fruchtarten;FRUART061;Klee, Kleegras und Klee-Luzerne-Gemisch;2638663;t;ERN001;Erntemenge
41241;Ernte-u.Betriebsbericht: Feldfrüchte und Grünland;JAHR;Jahr;2006;DINSG;Deutschland insgesamt;DG;Deutschland;FRUA03;Fruchtarten;FRUART01112;Sommerweizen;237900;t;ERN001;Erntemenge
41241;Ernte-u.Betriebsbericht: Feldfrüchte und Grünland;JAHR;Jahr;1970;DINSG;Deutschland insgesamt;DG;Deutschland;FRUA03;Fruchtarten;FRUART0122;Hafer;2483845;t;ERN001;Erntemenge
41241;Ernte-u.Betriebsbericht: Feldfrüchte und Grünland;JAHR;Jahr;2004;DINSG;Deutschland insgesamt;DG;Deutschland;FRUA03;Fruchtarten;FRUART064;Silomais (einschl. Lieschkolbenschrot);54802806;t;ERN001;Erntemenge
41241;Ernte-u.Betriebsbericht: Feldfrüchte und Grünland;JAHR;Jahr;1953;DINSG;Deutschland insgesamt;DG;Deutschland;FRUA03;Fruchtarten;FRUART021;Futtererbsen;.;t;ERN001;Erntemenge
41241;Ernte-u.Betriebsbericht: Feldfrüchte und Grünland;JAHR;Jahr;1956;DINSG;Deutschland insgesamt;DG;Deutschland;FRUA03;Fruchtarten;KULART01421;Mähweiden;.;t;ERN001;Erntemenge
41241;Ernte-u.Betriebsbericht: Feldfrüchte und Grünland;JAHR;Jahr;2001;DINSG;Deutschland insgesamt;DG;Deutschland;FRUA03;Fruchtarten;FRUART01OKM;Getreide (ohne Körnermais und CCM);46204812;t;ERN001;Erntemenge
41241;Ernte-u.Betriebsbericht: Feldfrüchte und Grünland;JAHR;Jahr;1971;DINSG;Deutschland insgesamt;DG;Deutschland;FRUA03;Fruchtarten;FRUART031;Kartoffeln;15176069;t;ERN001;Erntemenge
41241;Ernte-u.Betriebsbericht: Feldfrüchte und Grünland;JAHR;Jahr;1974;DINSG;Deutschland insgesamt;DG;Deutschland;FRUA03;Fruchtarten;FRUART0121;Gerste;7048474;t;ERN001;Erntemenge
41241;Ernte-u.Betriebsbericht: Feldfrüchte und Grünland;JAHR;Jahr;2000;DINSG;Deutschland insgesamt;DG;Deutschland;FRUA03;Fruchtarten;FRUART063;Feldgras/Grasanbau auf dem Ackerland;1909840;t;ERN001;Erntemenge
41241;Ernte-u.Betriebsbericht: Feldfrüchte und Grünland;JAHR;Jahr;2000;DINSG;Deutschland insgesamt;DG;Deutschland;FRUA03;Fruchtarten;FRUART0511;Raps und Rübsen;3585661;t;ERN001;Erntemenge
41241;Ernte-u.Betriebsbericht: Feldfrüchte und Grünland;JAHR;Jahr;1980;DINSG;Deutschland insgesamt;DG;Deutschland;FRUA03;Fruchtarten;FRUART05112;Sommerraps, Winter- und Sommerrübsen;17259;t;ERN001;Erntemenge
41241;Ernte-u.Betriebsbericht: Feldfrüchte und Grünland;JAHR;Jahr;1999;DINSG;Deutschland insgesamt;DG;Deutschland;FRUA03;Fruchtarten;FRUART033;Runkelrüben;1039590;t;ERN001;Erntemenge
41241;Ernte-u.Betriebsbericht: Feldfrüchte und Grünland;JAHR;Jahr;1993;DINSG;Deutschland insgesamt;DG;Deutschland;FRUA03;Fruchtarten;FRUART031FSK;Frühe Speisekartoffeln;659882;t;ERN001;Erntemenge
41241;Ernte-u.Betriebsbericht: Feldfrüchte und Grünland;JAHR;Jahr;1992;DINSG;Deutschland insgesamt;DG;Deutschland;FRUA03;Fruchtarten;FRUART0121;Gerste;12196452;t;ERN001;Erntemenge
41241;Ernte-u.Betriebsbericht: Feldfrüchte und Grünland;JAHR;Jahr;1968;DINSG;Deutschland insgesamt;DG;Deutschland;FRUA03;Fruchtarten;FRUART032;Zuckerrüben;13632963;t;ERN001;Erntemenge
41241;Ernte-u.Betriebsbericht: Feldfrüchte und Grünland;JAHR;Jahr;1961;DINSG;Deutschland insgesamt;DG;Deutschland;FRUA03;Fruchtarten;FRUART0111;Weizen;4038491;t;ERN001;Erntemenge
41241;Ernte-u.Betriebsbericht: Feldfrüchte und Grünland;JAHR;Jahr;1959;DINSG;Deutschland insgesamt;DG;Deutschland;FRUA03;Fruchtarten;KULART0141S;Wiesen und Mähweiden;17928116;t;ERN001;Erntemenge
41241;Ernte-u.Betriebsbericht: Feldfrüchte und Grünland;JAHR;Jahr;1987;DINSG;Deutschland insgesamt;DG;Deutschland;FRUA03;Fruchtarten;FRUART01113;Hartweizen (Durum);.;t;ERN001;Erntemenge
41241;Ernte-u.Betriebsbericht: Feldfrüchte und Grünland;JAHR;Jahr;1981;DINSG;Deutschland insgesamt;DG;Deutschland;FRUA03;Fruchtarten;FRUART011;Brotgetreide;10106771;t;ERN001;Erntemenge
41241;Ernte-u.Betriebsbericht: Feldfrüchte und Grünland;JAHR;Jahr;1974;DINSG;Deutschland insgesamt;DG;Deutschland;FRUA03;Fruchtarten;FRUART033;Runkelrüben;24024338;t;ERN001;Erntemenge
41241;Ernte-u.Betriebsbericht: Feldfrüchte und Grünland;JAHR;Jahr;1992;DINSG;Deutschland insgesamt;DG;Deutschland;FRUA03;Fruchtarten;FRUART021;Futtererbsen;73933;t;ERN001;Erntemenge
41241;Ernte-u.Betriebsbericht: Feldfrüchte und Grünland;JAHR;Jahr;1974;DINSG;Deutschland insgesamt;DG;Deutschland;FRUA03;Fruchtarten;FRUART0513;Körnersonnenblumen;.;t;ERN001;Erntemenge
41241;Ernte-u.Betriebsbericht: Feldfrüchte und Grünland;JAHR;Jahr;1983;DINSG;Deutschland insgesamt;DG;Deutschland;FRUA03;Fruchtarten;FRUART05111;Winterraps;582335;t;ERN001;Erntemenge
41241;Ernte-u.Betriebsbericht: Feldfrüchte und Grünland;JAHR;Jahr;1975;DINSG;Deutschland insgesamt;DG;Deutschland;FRUA03;Fruchtarten;FRUART063;Feldgras/Grasanbau auf dem Ackerland;1065842;t;ERN001;Erntemenge
41241;Ernte-u.Betriebsbericht: Feldfrüchte und Grünland;JAHR;Jahr;2003;DINSG;Deutschland insgesamt;DG;Deutschland;FRUA03;Fruchtarten;FRUART065;Raufutter;28781265;t;ERN001;Erntemenge
41241;Ernte-u.Betriebsbericht: Feldfrüchte und Grünland;JAHR;Jahr;1950;DINSG;Deutschland insgesamt;DG;Deutschland;FRUA03;Fruchtarten;FRUART067;Lupinen;.;t;ERN001;Erntemenge
41241;Ernte-u.Betriebsbericht: Feldfrüchte und Grünland;JAHR;Jahr;1953;DINSG;Deutschland insgesamt;DG;Deutschland;FRUA03;Fruchtarten;FRUART012;Futter- und Industriegetreide;5325142;t;ERN001;Erntemenge
41241;Ernte-u.Betriebsbericht: Feldfrüchte und Grünland;JAHR;Jahr;1958;DINSG;Deutschland insgesamt;DG;Deutschland;FRUA03;Fruchtarten;FRUART05111;Winterraps;44620;t;ERN001;Erntemenge
41241;Ernte-u.Betriebsbericht: Feldfrüchte und Grünland;JAHR;Jahr;1998;DINSG;Deutschland insgesamt;DG;Deutschland;FRUA03;Fruchtarten;FRUART031MUS;Mittelfrühe und späte Kartoffeln;10860447;t;ERN001;Erntemenge
41241;Ernte-u.Betriebsbericht: Feldfrüchte und Grünland;JAHR;Jahr;1985;DINSG;Deutschland insgesamt;DG;Deutschland;FRUA03;Fruchtarten;FRUART021;Futtererbsen;.;t;ERN001;Erntemenge
41241;Ernte-u.Betriebsbericht: Feldfrüchte und Grünland;JAHR;Jahr;1976;DINSG;Deutschland insgesamt;DG;Deutschland;FRUA03;Fruchtarten;FRUART0112;Roggen;2100041;t;ERN001;Erntemenge
41241;Ernte-u.Betriebsbericht: Feldfrüchte und Grünland;JAHR;Jahr;1997;DINSG;Deutschland insgesamt;DG;Deutschland;FRUA03;Fruchtarten;FRUART0122;Hafer;1599010;t;ERN001;Erntemenge
41241;Ernte-u.Betriebsbericht: Feldfrüchte und Grünland;JAHR;Jahr;1978;DINSG;Deutschland insgesamt;DG;Deutschland;FRUA03;Fruchtarten;FRUART065;Raufutter;31185943;t;ERN001;Erntemenge
41241;Ernte-u.Betriebsbericht: Feldfrüchte und Grünland;JAHR;Jahr;1963;DINSG;Deutschland insgesamt;DG;Deutschland;FRUA03;Fruchtarten;KULART01411;Wiesen;.;t;ERN001;Erntemenge
41241;Ernte-u.Betriebsbericht: Feldfrüchte und Grünland;JAHR;Jahr;1995;DINSG;Deutschland insgesamt;DG;Deutschland;FRUA03;Fruchtarten;FRUART031FSK;Frühe Speisekartoffeln;564451;t;ERN001;Erntemenge
41241;Ernte-u.Betriebsbericht: Feldfrüchte und Grünland;JAHR;Jahr;1960;DINSG;Deutschland insgesamt;DG;Deutschland;FRUA03;Fruchtarten;FRUART05112;Sommerraps, Winter- und Sommerrübsen;12146;t;ERN001;Erntemenge
41241;Ernte-u.Betriebsbericht: Feldfrüchte und Grünland;JAHR;Jahr;1985;DINSG;Deutschland insgesamt;DG;Deutschland;FRUA03;Fruchtarten;FRUART01OKM;Getreide (ohne Körnermais und CCM);24710706;t;ERN001;Erntemenge
41241;Ernte-u.Betriebsbericht: Feldfrüchte und Grünland;JAHR;Jahr;1964;DINSG;Deutschland insgesamt;DG;Deutschland;FRUA03;Fruchtarten;FRUART022;Ackerbohnen;49501;t;ERN001;Erntemenge
41241;Ernte-u.Betriebsbericht: Feldfrüchte und Grünland;JAHR;Jahr;1971;DINSG;Deutschland insgesamt;DG;Deutschland;FRUA03;Fruchtarten;FRUART0124;Triticale;.;t;ERN001;Erntemenge
41241;Ernte-u.Betriebsbericht: Feldfrüchte und Grünland;JAHR;Jahr;1956;DINSG;Deutschland insgesamt;DG;Deutschland;FRUA03;Fruchtarten;FRUART0513;Körnersonnenblumen;.;t;ERN001;Erntemenge
41241;Ernte-u.Betriebsbericht: Feldfrüchte und Grünland;JAHR;Jahr;1969;DINSG;Deutschland insgesamt;DG;Deutschland;FRUA03;Fruchtarten;FRUART062;Luzerne;.;t;ERN001;Erntemenge
41241;Ernte-u.Betriebsbericht: Feldfrüchte und Grünland;JAHR;Jahr;1969;DINSG;Deutschland insgesamt;DG;Deutschland;FRUA03;Fruchtarten;FRUART01112;Sommerweizen;658137;t;ERN001;Erntemenge
41241;Ernte-u.Betriebsbericht: Feldfrüchte und Grünland;JAHR;Jahr;2004;DINSG;Deutschland insgesamt;DG;Deutschland;FRUA03;Fruchtarten;FRUART013CCM;Körnermais (einschl. CCM);4199857;t;ERN001;Erntemenge
41241;Ernte-u.Betriebsbericht: Feldfrüchte und Grünland;JAHR;Jahr;1983;DINSG;Deutschland insgesamt;DG;Deutschland;FRUA03;Fruchtarten;FRUART0123;Sommermenggetreide;421361;t;ERN001;Erntemenge
41241;Ernte-u.Betriebsbericht: Feldfrüchte und Grünland;JAHR;Jahr;1996;DINSG;Deutschland insgesamt;DG;Deutschland;FRUA03;Fruchtarten;FRUART031;Kartoffeln;13099568;t;ERN001;Erntemenge
41241;Ernte-u.Betriebsbericht: Feldfrüchte und Grünland;JAHR;Jahr;1998;DINSG;Deutschland insgesamt;DG;Deutschland;FRUA03;Fruchtarten;KULART01421;Mähweiden;17330586;t;ERN001;Erntemenge
41241;Ernte-u.Betriebsbericht: Feldfrüchte und Grünland;JAHR;Jahr;1979;DINSG;Deutschland insgesamt;DG;Deutschland;FRUA03;Fruchtarten;FRUART0122;Hafer;2994025;t;ERN001;Erntemenge
41241;Ernte-u.Betriebsbericht: Feldfrüchte und Grünland;JAHR;Jahr;1957;DINSG;Deutschland insgesamt;DG;Deutschland;FRUA03;Fruchtarten;FRUART022;Ackerbohnen;30358;t;ERN001;Erntemenge
41241;Ernte-u.Betriebsbericht: Feldfrüchte und Grünland;JAHR;Jahr;2000;DINSG;Deutschland insgesamt;DG;Deutschland;FRUA03;Fruchtarten;FRUART05111;Winterraps;3526934;t;ERN001;Erntemenge
41241;Ernte-u.Betriebsbericht: Feldfrüchte und Grünland;JAHR;Jahr;1997;DINSG;Deutschland insgesamt;DG;Deutschland;FRUA03;Fruchtarten;FRUART061;Klee, Kleegras und Klee-Luzerne-Gemisch;2029582;t;ERN001;Erntemenge
41241;Ernte-u.Betriebsbericht: Feldfrüchte und Grünland;JAHR;Jahr;1987;DINSG;Deutschland insgesamt;DG;Deutschland;FRUA03;Fruchtarten;FRUART01211;Wintergerste;6090491;t;ERN001;Erntemenge
41241;Ernte-u.Betriebsbericht: Feldfrüchte und Grünland;JAHR;Jahr;1997;DINSG;Deutschland insgesamt;DG;Deutschland;FRUA03;Fruchtarten;FRUART01111;Winterweizen;19429102;t;ERN001;Erntemenge
41241;Ernte-u.Betriebsbericht: Feldfrüchte und Grünland;JAHR;Jahr;1980;DINSG;Deutschland insgesamt;DG;Deutschland;FRUA03;Fruchtarten;FRUART0113;Wintermenggetreide;85806;t;ERN001;Erntemenge
41241;Ernte-u.Betriebsbericht: Feldfrüchte und Grünland;JAHR;Jahr;1999;DINSG;Deutschland insgesamt;DG;Deutschland;FRUA03;Fruchtarten;FRUART011;Brotgetreide;23991344;t;ERN001;Erntemenge
41241;Ernte-u.Betriebsbericht: Feldfrüchte und Grünland;JAHR;Jahr;1986;DINSG;Deutschland insgesamt;DG;Deutschland;FRUA03;Fruchtarten;FRUART031FSK;Frühe Speisekartoffeln;555603;t;ERN001;Erntemenge
41241;Ernte-u.Betriebsbericht: Feldfrüchte und Grünland;JAHR;Jahr;1976;DINSG;Deutschland insgesamt;DG;Deutschland;FRUA03;Fruchtarten;FRUART05112;Sommerraps, Winter- und Sommerrübsen;14721;t;ERN001;Erntemenge
41241;Ernte-u.Betriebsbericht: Feldfrüchte und Grünland;JAHR;Jahr;1981;DINSG;Deutschland insgesamt;DG;Deutschland;FRUA03;Fruchtarten;FRUART033;Runkelrüben;14600085;t;ERN001;Erntemenge
41241;Ernte-u.Betriebsbericht: Feldfrüchte und Grünland;JAHR;Jahr;1963;DINSG;Deutschland insgesamt;DG;Deutschland;FRUA03;Fruchtarten;KULART0141S;Wiesen und Mähweiden;21308292;t;ERN001;Erntemenge
41241;Ernte-u.Betriebsbericht: Feldfrüchte und Grünland;JAHR;Jahr;2002;DINSG;Deutschland insgesamt;DG;Deutschland;FRUA03;Fruchtarten;FRUART031MUS;Mittelfrühe und späte Kartoffeln;10628275;t;ERN001;Erntemenge
41241;Ernte-u.Betriebsbericht: Feldfrüchte und Grünland;JAHR;Jahr;1965;DINSG;Deutschland insgesamt;DG;Deutschland;FRUA03;Fruchtarten;FRUART065;Raufutter;27376602;t;ERN001;Erntemenge
41241;Ernte-u.Betriebsbericht: Feldfrüchte und Grünland;JAHR;Jahr;1982;DINSG;Deutschland insgesamt;DG;Deutschland;FRUA03;Fruchtarten;FRUART063;Feldgras/Grasanbau auf dem Ackerland;893795;t;ERN001;Erntemenge
41241;Ernte-u.Betriebsbericht: Feldfrüchte und Grünland;JAHR;Jahr;2009;DINSG;Deutschland insgesamt;DG;Deutschland;FRUA03;Fruchtarten;KULART01421;Mähweiden;18026000;t;ERN001;Erntemenge
41241;Ernte-u.Betriebsbericht: Feldfrüchte und Grünland;JAHR;Jahr;1952;DINSG;Deutschland insgesamt;DG;Deutschland;FRUA03;Fruchtarten;FRUART0122;Hafer;2639414;t;ERN001;Erntemenge
41241;Ernte-u.Betriebsbericht: Feldfrüchte und Grünland;JAHR;Jahr;1968;DINSG;Deutschland insgesamt;DG;Deutschland;FRUA03;Fruchtarten;FRUART067;Lupinen;.;t;ERN001;Erntemenge
41241;Ernte-u.Betriebsbericht: Feldfrüchte und Grünland;JAHR;Jahr;1988;DINSG;Deutschland insgesamt;DG;Deutschland;FRUA03;Fruchtarten;FRUART0111;Weizen;11922189;t;ERN001;Erntemenge
41241;Ernte-u.Betriebsbericht: Feldfrüchte und Grünland;JAHR;Jahr;1989;DINSG;Deutschland insgesamt;DG;Deutschland;FRUA03;Fruchtarten;FRUART01112;Sommerweizen;243511;t;ERN001;Erntemenge
41241;Ernte-u.Betriebsbericht: Feldfrüchte und Grünland;JAHR;Jahr;1954;DINSG;Deutschland insgesamt;DG;Deutschland;FRUA03;Fruchtarten;FRUART064;Silomais (einschl. Lieschkolbenschrot);1689544;t;ERN001;Erntemenge
41241;Ernte-u.Betriebsbericht: Feldfrüchte und Grünland;JAHR;Jahr;2008;DINSG;Deutschland insgesamt;DG;Deutschland;FRUA03;Fruchtarten;FRUART01111W;Weichweizen;25949800;t;ERN001;Erntemenge
41241;Ernte-u.Betriebsbericht: Feldfrüchte und Grünland;JAHR;Jahr;1959;DINSG;Deutschland insgesamt;DG;Deutschland;FRUA03;Fruchtarten;FRUART0123;Sommermenggetreide;901373;t;ERN001;Erntemenge
41241;Ernte-u.Betriebsbericht: Feldfrüchte und Grünland;JAHR;Jahr;1955;DINSG;Deutschland insgesamt;DG;Deutschland;FRUA03;Fruchtarten;FRUART01111;Winterweizen;2972310;t;ERN001;Erntemenge
41241;Ernte-u.Betriebsbericht: Feldfrüchte und Grünland;JAHR;Jahr;2000;DINSG;Deutschland insgesamt;DG;Deutschland;FRUA03;Fruchtarten;FRUART031MUS;Mittelfrühe und späte Kartoffeln;12634168;t;ERN001;Erntemenge
41241;Ernte-u.Betriebsbericht: Feldfrüchte und Grünland;JAHR;Jahr;2001;DINSG;Deutschland insgesamt;DG;Deutschland;FRUA03;Fruchtarten;KULART01411;Wiesen;16171227;t;ERN001;Erntemenge
41241;Ernte-u.Betriebsbericht: Feldfrüchte und Grünland;JAHR;Jahr;1956;DINSG;Deutschland insgesamt;DG;Deutschland;FRUA03;Fruchtarten;FRUART05112;Sommerraps, Winter- und Sommerrübsen;11944;t;ERN001;Erntemenge
41241;Ernte-u.Betriebsbericht: Feldfrüchte und Grünland;JAHR;Jahr;1991;DINSG;Deutschland insgesamt;DG;Deutschland;FRUA03;Fruchtarten;FRUART01113;Hartweizen (Durum);79507;t;ERN001;Erntemenge
41241;Ernte-u.Betriebsbericht: Feldfrüchte und Grünland;JAHR;Jahr;1985;DINSG;Deutschland insgesamt;DG;Deutschland;FRUA03;Fruchtarten;KULART0141S;Wiesen und Mähweiden;27364158;t;ERN001;Erntemenge
41241;Ernte-u.Betriebsbericht: Feldfrüchte und Grünland;JAHR;Jahr;1993;DINSG;Deutschland insgesamt;DG;Deutschland;FRUA03;Fruchtarten;FRUART064;Silomais (einschl. Lieschkolbenschrot);59436081;t;ERN001;Erntemenge
41241;Ernte-u.Betriebsbericht: Feldfrüchte und Grünland;JAHR;Jahr;1951;DINSG;Deutschland insgesamt;DG;Deutschland;FRUA03;Fruchtarten;FRUART062;Luzerne;.;t;ERN001;Erntemenge
41241;Ernte-u.Betriebsbericht: Feldfrüchte und Grünland;JAHR;Jahr;1959;DINSG;Deutschland insgesamt;DG;Deutschland;FRUA03;Fruchtarten;KULART01411;Wiesen;.;t;ERN001;Erntemenge
41241;Ernte-u.Betriebsbericht: Feldfrüchte und Grünland;JAHR;Jahr;1955;DINSG;Deutschland insgesamt;DG;Deutschland;FRUA03;Fruchtarten;FRUART01EKM;Getreide (einschl. Körnermais und CCM);12565570;t;ERN001;Erntemenge
41241;Ernte-u.Betriebsbericht: Feldfrüchte und Grünland;JAHR;Jahr;1950;DINSG;Deutschland insgesamt;DG;Deutschland;FRUA03;Fruchtarten;FRUART032;Zuckerrüben;6981348;t;ERN001;Erntemenge
41241;Ernte-u.Betriebsbericht: Feldfrüchte und Grünland;JAHR;Jahr;1973;DINSG;Deutschland insgesamt;DG;Deutschland;FRUA03;Fruchtarten;FRUART01112;Sommerweizen;952715;t;ERN001;Erntemenge
41241;Ernte-u.Betriebsbericht: Feldfrüchte und Grünland;JAHR;Jahr;1991;DINSG;Deutschland insgesamt;DG;Deutschland;FRUA03;Fruchtarten;FRUART01211;Wintergerste;9369928;t;ERN001;Erntemenge
41241;Ernte-u.Betriebsbericht: Feldfrüchte und Grünland;JAHR;Jahr;1957;DINSG;Deutschland insgesamt;DG;Deutschland;FRUA03;Fruchtarten;FRUART0511;Raps und Rübsen;67603;t;ERN001;Erntemenge
41241;Ernte-u.Betriebsbericht: Feldfrüchte und Grünland;JAHR;Jahr;1957;DINSG;Deutschland insgesamt;DG;Deutschland;FRUA03;Fruchtarten;FRUART0123;Sommermenggetreide;899554;t;ERN001;Erntemenge
41241;Ernte-u.Betriebsbericht: Feldfrüchte und Grünland;JAHR;Jahr;2008;DINSG;Deutschland insgesamt;DG;Deutschland;FRUA03;Fruchtarten;FRUART01111;Winterweizen;25710300;t;ERN001;Erntemenge
41241;Ernte-u.Betriebsbericht: Feldfrüchte und Grünland;JAHR;Jahr;1957;DINSG;Deutschland insgesamt;DG;Deutschland;FRUA03;Fruchtarten;FRUART031MUS;Mittelfrühe und späte Kartoffeln;25512352;t;ERN001;Erntemenge
41241;Ernte-u.Betriebsbericht: Feldfrüchte und Grünland;JAHR;Jahr;1965;DINSG;Deutschland insgesamt;DG;Deutschland;FRUA03;Fruchtarten;FRUART01211;Wintergerste;1193263;t;ERN001;Erntemenge
41241;Ernte-u.Betriebsbericht: Feldfrüchte und Grünland;JAHR;Jahr;1975;DINSG;Deutschland insgesamt;DG;Deutschland;FRUA03;Fruchtarten;FRUART01111;Winterweizen;5632909;t;ERN001;Erntemenge
41241;Ernte-u.Betriebsbericht: Feldfrüchte und Grünland;JAHR;Jahr;1981;DINSG;Deutschland insgesamt;DG;Deutschland;FRUA03;Fruchtarten;FRUART01EKM;Getreide (einschl. Körnermais und CCM);22825874;t;ERN001;Erntemenge
41241;Ernte-u.Betriebsbericht: Feldfrüchte und Grünland;JAHR;Jahr;1989;DINSG;Deutschland insgesamt;DG;Deutschland;FRUA03;Fruchtarten;FRUART062;Luzerne;.;t;ERN001;Erntemenge
41241;Ernte-u.Betriebsbericht: Feldfrüchte und Grünland;JAHR;Jahr;1996;DINSG;Deutschland insgesamt;DG;Deutschland;FRUA03;Fruchtarten;FRUART0124;Triticale;2127513;t;ERN001;Erntemenge
41241;Ernte-u.Betriebsbericht: Feldfrüchte und Grünland;JAHR;Jahr;1965;DINSG;Deutschland insgesamt;DG;Deutschland;FRUA03;Fruchtarten;FRUART01113;Hartweizen (Durum);.;t;ERN001;Erntemenge
41241;Ernte-u.Betriebsbericht: Feldfrüchte und Grünland;JAHR;Jahr;1992;DINSG;Deutschland insgesamt;DG;Deutschland;FRUA03;Fruchtarten;FRUART065;Raufutter;34145194;t;ERN001;Erntemenge
41241;Ernte-u.Betriebsbericht: Feldfrüchte und Grünland;JAHR;Jahr;1977;DINSG;Deutschland insgesamt;DG;Deutschland;FRUA03;Fruchtarten;FRUART022;Ackerbohnen;21713;t;ERN001;Erntemenge
41241;Ernte-u.Betriebsbericht: Feldfrüchte und Grünland;JAHR;Jahr;1958;DINSG;Deutschland insgesamt;DG;Deutschland;FRUA03;Fruchtarten;FRUART065;Raufutter;27219370;t;ERN001;Erntemenge
41241;Ernte-u.Betriebsbericht: Feldfrüchte und Grünland;JAHR;Jahr;1971;DINSG;Deutschland insgesamt;DG;Deutschland;FRUA03;Fruchtarten;FRUART013CCM;Körnermais (einschl. CCM);594224;t;ERN001;Erntemenge
41241;Ernte-u.Betriebsbericht: Feldfrüchte und Grünland;JAHR;Jahr;1985;DINSG;Deutschland insgesamt;DG;Deutschland;FRUA03;Fruchtarten;KULART01411;Wiesen;.;t;ERN001;Erntemenge
41241;Ernte-u.Betriebsbericht: Feldfrüchte und Grünland;JAHR;Jahr;1998;DINSG;Deutschland insgesamt;DG;Deutschland;FRUA03;Fruchtarten;FRUART05112;Sommerraps, Winter- und Sommerrübsen;98315;t;ERN001;Erntemenge
41241;Ernte-u.Betriebsbericht: Feldfrüchte und Grünland;JAHR;Jahr;1985;DINSG;Deutschland insgesamt;DG;Deutschland;FRUA03;Fruchtarten;FRUART065;Raufutter;29829008;t;ERN001;Erntemenge
41241;Ernte-u.Betriebsbericht: Feldfrüchte und Grünland;JAHR;Jahr;1991;DINSG;Deutschland insgesamt;DG;Deutschland;FRUA03;Fruchtarten;FRUART0511;Raps und Rübsen;2972299;t;ERN001;Erntemenge
41241;Ernte-u.Betriebsbericht: Feldfrüchte und Grünland;JAHR;Jahr;1959;DINSG;Deutschland insgesamt;DG;Deutschland;FRUA03;Fruchtarten;FRUART05111;Winterraps;46683;t;ERN001;Erntemenge
41241;Ernte-u.Betriebsbericht: Feldfrüchte und Grünland;JAHR;Jahr;2006;DINSG;Deutschland insgesamt;DG;Deutschland;FRUA03;Fruchtarten;FRUART0113;Wintermenggetreide;47000;t;ERN001;Erntemenge
41241;Ernte-u.Betriebsbericht: Feldfrüchte und Grünland;JAHR;Jahr;1990;DINSG;Deutschland insgesamt;DG;Deutschland;FRUA03;Fruchtarten;FRUART0121;Gerste;13992013;t;ERN001;Erntemenge
41241;Ernte-u.Betriebsbericht: Feldfrüchte und Grünland;JAHR;Jahr;1987;DINSG;Deutschland insgesamt;DG;Deutschland;FRUA03;Fruchtarten;FRUART0122;Hafer;2007971;t;ERN001;Erntemenge
41241;Ernte-u.Betriebsbericht: Feldfrüchte und Grünland;JAHR;Jahr;1962;DINSG;Deutschland insgesamt;DG;Deutschland;FRUA03;Fruchtarten;FRUART063;Feldgras/Grasanbau auf dem Ackerland;937126;t;ERN001;Erntemenge
41241;Ernte-u.Betriebsbericht: Feldfrüchte und Grünland;JAHR;Jahr;1961;DINSG;Deutschland insgesamt;DG;Deutschland;FRUA03;Fruchtarten;FRUART033;Runkelrüben;21888273;t;ERN001;Erntemenge
41241;Ernte-u.Betriebsbericht: Feldfrüchte und Grünland;JAHR;Jahr;1954;DINSG;Deutschland insgesamt;DG;Deutschland;FRUA03;Fruchtarten;FRUART033;Runkelrüben;23060764;t;ERN001;Erntemenge
41241;Ernte-u.Betriebsbericht: Feldfrüchte und Grünland;JAHR;Jahr;1963;DINSG;Deutschland insgesamt;DG;Deutschland;FRUA03;Fruchtarten;FRUART0511;Raps und Rübsen;95798;t;ERN001;Erntemenge
41241;Ernte-u.Betriebsbericht: Feldfrüchte und Grünland;JAHR;Jahr;2008;DINSG;Deutschland insgesamt;DG;Deutschland;FRUA03;Fruchtarten;FRUART065;Raufutter;37248400;t;ERN001;Erntemenge
41241;Ernte-u.Betriebsbericht: Feldfrüchte und Grünland;JAHR;Jahr;1996;DINSG;Deutschland insgesamt;DG;Deutschland;FRUA03;Fruchtarten;FRUART01111;Winterweizen;18623208;t;ERN001;Erntemenge
41241;Ernte-u.Betriebsbericht: Feldfrüchte und Grünland;JAHR;Jahr;1999;DINSG;Deutschland insgesamt;DG;Deutschland;FRUA03;Fruchtarten;FRUART0513;Körnersonnenblumen;83873;t;ERN001;Erntemenge
41241;Ernte-u.Betriebsbericht: Feldfrüchte und Grünland;JAHR;Jahr;1968;DINSG;Deutschland insgesamt;DG;Deutschland;FRUA03;Fruchtarten;FRUART01112;Sommerweizen;620982;t;ERN001;Erntemenge
41241;Ernte-u.Betriebsbericht: Feldfrüchte und Grünland;JAHR;Jahr;1963;DINSG;Deutschland insgesamt;DG;Deutschland;FRUA03;Fruchtarten;FRUART01OKM;Getreide (ohne Körnermais und CCM);15386682;t;ERN001;Erntemenge
41241;Ernte-u.Betriebsbericht: Feldfrüchte und Grünland;JAHR;Jahr;1993;DINSG;Deutschland insgesamt;DG;Deutschland;FRUA03;Fruchtarten;FRUART0123;Sommermenggetreide;210592;t;ERN001;Erntemenge
41241;Ernte-u.Betriebsbericht: Feldfrüchte und Grünland;JAHR;Jahr;1973;DINSG;Deutschland insgesamt;DG;Deutschland;FRUA03;Fruchtarten;FRUART012;Futter- und Industriegetreide;10776763;t;ERN001;Erntemenge
41241;Ernte-u.Betriebsbericht: Feldfrüchte und Grünland;JAHR;Jahr;1970;DINSG;Deutschland insgesamt;DG;Deutschland;FRUA03;Fruchtarten;FRUART067;Lupinen;.;t;ERN001;Erntemenge
41241;Ernte-u.Betriebsbericht: Feldfrüchte und Grünland;JAHR;Jahr;1960;DINSG;Deutschland insgesamt;DG;Deutschland;FRUA03;Fruchtarten;FRUART01111;Winterweizen;4631494;t;ERN001;Erntemenge
41241;Ernte-u.Betriebsbericht: Feldfrüchte und Grünland;JAHR;Jahr;1955;DINSG;Deutschland insgesamt;DG;Deutschland;FRUA03;Fruchtarten;FRUART063;Feldgras/Grasanbau auf dem Ackerland;726853;t;ERN001;Erntemenge
41241;Ernte-u.Betriebsbericht: Feldfrüchte und Grünland;JAHR;Jahr;1972;DINSG;Deutschland insgesamt;DG;Deutschland;FRUA03;Fruchtarten;FRUART0113;Wintermenggetreide;127446;t;ERN001;Erntemenge
41241;Ernte-u.Betriebsbericht: Feldfrüchte und Grünland;JAHR;Jahr;2001;DINSG;Deutschland insgesamt;DG;Deutschland;FRUA03;Fruchtarten;FRUART031;Kartoffeln;11502844;t;ERN001;Erntemenge
41241;Ernte-u.Betriebsbericht: Feldfrüchte und Grünland;JAHR;Jahr;1958;DINSG;Deutschland insgesamt;DG;Deutschland;FRUA03;Fruchtarten;FRUART0513;Körnersonnenblumen;.;t;ERN001;Erntemenge
41241;Ernte-u.Betriebsbericht: Feldfrüchte und Grünland;JAHR;Jahr;1984;DINSG;Deutschland insgesamt;DG;Deutschland;FRUA03;Fruchtarten;FRUART022;Ackerbohnen;26895;t;ERN001;Erntemenge
41241;Ernte-u.Betriebsbericht: Feldfrüchte und Grünland;JAHR;Jahr;1984;DINSG;Deutschland insgesamt;DG;Deutschland;FRUA03;Fruchtarten;FRUART01111W;Weichweizen;.;t;ERN001;Erntemenge
41241;Ernte-u.Betriebsbericht: Feldfrüchte und Grünland;JAHR;Jahr;1971;DINSG;Deutschland insgesamt;DG;Deutschland;FRUA03;Fruchtarten;FRUART0111;Weizen;7141874;t;ERN001;Erntemenge
41241;Ernte-u.Betriebsbericht: Feldfrüchte und Grünland;JAHR;Jahr;1965;DINSG;Deutschland insgesamt;DG;Deutschland;FRUA03;Fruchtarten;FRUART021;Futtererbsen;.;t;ERN001;Erntemenge
41241;Ernte-u.Betriebsbericht: Feldfrüchte und Grünland;JAHR;Jahr;1955;DINSG;Deutschland insgesamt;DG;Deutschland;FRUA03;Fruchtarten;FRUART0511;Raps und Rübsen;21061;t;ERN001;Erntemenge
41241;Ernte-u.Betriebsbericht: Feldfrüchte und Grünland;JAHR;Jahr;1979;DINSG;Deutschland insgesamt;DG;Deutschland;FRUA03;Fruchtarten;FRUART0113;Wintermenggetreide;75342;t;ERN001;Erntemenge
41241;Ernte-u.Betriebsbericht: Feldfrüchte und Grünland;JAHR;Jahr;2002;DINSG;Deutschland insgesamt;DG;Deutschland;FRUA03;Fruchtarten;FRUART013CCM;Körnermais (einschl. CCM);3738448;t;ERN001;Erntemenge
41241;Ernte-u.Betriebsbericht: Feldfrüchte und Grünland;JAHR;Jahr;1963;DINSG;Deutschland insgesamt;DG;Deutschland;FRUA03;Fruchtarten;FRUART0124;Triticale;.;t;ERN001;Erntemenge
41241;Ernte-u.Betriebsbericht: Feldfrüchte und Grünland;JAHR;Jahr;1988;DINSG;Deutschland insgesamt;DG;Deutschland;FRUA03;Fruchtarten;FRUART031FSK;Frühe Speisekartoffeln;569421;t;ERN001;Erntemenge
41241;Ernte-u.Betriebsbericht: Feldfrüchte und Grünland;JAHR;Jahr;2004;DINSG;Deutschland insgesamt;DG;Deutschland;FRUA03;Fruchtarten;FRUART01211;Wintergerste;9635701;t;ERN001;Erntemenge
41241;Ernte-u.Betriebsbericht: Feldfrüchte und Grünland;JAHR;Jahr;1971;DINSG;Deutschland insgesamt;DG;Deutschland;FRUA03;Fruchtarten;FRUART062;Luzerne;.;t;ERN001;Erntemenge
41241;Ernte-u.Betriebsbericht: Feldfrüchte und Grünland;JAHR;Jahr;2004;DINSG;Deutschland insgesamt;DG;Deutschland;FRUA03;Fruchtarten;FRUART033;Runkelrüben;.;t;ERN001;Erntemenge
41241;Ernte-u.Betriebsbericht: Feldfrüchte und Grünland;JAHR;Jahr;2005;DINSG;Deutschland insgesamt;DG;Deutschland;FRUA03;Fruchtarten;FRUART063;Feldgras/Grasanbau auf dem Ackerland;2405700;t;ERN001;Erntemenge
41241;Ernte-u.Betriebsbericht: Feldfrüchte und Grünland;JAHR;Jahr;1970;DINSG;Deutschland insgesamt;DG;Deutschland;FRUA03;Fruchtarten;FRUART032;Zuckerrüben;13328506;t;ERN001;Erntemenge
41241;Ernte-u.Betriebsbericht: Feldfrüchte und Grünland;JAHR;Jahr;1980;DINSG;Deutschland insgesamt;DG;Deutschland;FRUA03;Fruchtarten;FRUART0122;Hafer;2657671;t;ERN001;Erntemenge
41241;Ernte-u.Betriebsbericht: Feldfrüchte und Grünland;JAHR;Jahr;1984;DINSG;Deutschland insgesamt;DG;Deutschland;FRUA03;Fruchtarten;FRUART0121;Gerste;10283987;t;ERN001;Erntemenge
41241;Ernte-u.Betriebsbericht: Feldfrüchte und Grünland;JAHR;Jahr;1988;DINSG;Deutschland insgesamt;DG;Deutschland;FRUA03;Fruchtarten;FRUART032;Zuckerrüben;18590000;t;ERN001;Erntemenge
41241;Ernte-u.Betriebsbericht: Feldfrüchte und Grünland;JAHR;Jahr;2003;DINSG;Deutschland insgesamt;DG;Deutschland;FRUA03;Fruchtarten;FRUART0112;Roggen;2277416;t;ERN001;Erntemenge
41241;Ernte-u.Betriebsbericht: Feldfrüchte und Grünland;JAHR;Jahr;1996;DINSG;Deutschland insgesamt;DG;Deutschland;FRUA03;Fruchtarten;FRUART0111;Weizen;18921683;t;ERN001;Erntemenge
41241;Ernte-u.Betriebsbericht: Feldfrüchte und Grünland;JAHR;Jahr;1950;DINSG;Deutschland insgesamt;DG;Deutschland;FRUA03;Fruchtarten;FRUART01111W;Weichweizen;.;t;ERN001;Erntemenge
41241;Ernte-u.Betriebsbericht: Feldfrüchte und Grünland;JAHR;Jahr;1961;DINSG;Deutschland insgesamt;DG;Deutschland;FRUA03;Fruchtarten;FRUART011;Brotgetreide;6703408;t;ERN001;Erntemenge
41241;Ernte-u.Betriebsbericht: Feldfrüchte und Grünland;JAHR;Jahr;2005;DINSG;Deutschland insgesamt;DG;Deutschland;FRUA03;Fruchtarten;FRUART01112;Sommerweizen;292500;t;ERN001;Erntemenge
41241;Ernte-u.Betriebsbericht: Feldfrüchte und Grünland;JAHR;Jahr;1974;DINSG;Deutschland insgesamt;DG;Deutschland;FRUA03;Fruchtarten;FRUART064;Silomais (einschl. Lieschkolbenschrot);16670027;t;ERN001;Erntemenge
41241;Ernte-u.Betriebsbericht: Feldfrüchte und Grünland;JAHR;Jahr;1963;DINSG;Deutschland insgesamt;DG;Deutschland;FRUA03;Fruchtarten;FRUART05111;Winterraps;76979;t;ERN001;Erntemenge
41241;Ernte-u.Betriebsbericht: Feldfrüchte und Grünland;JAHR;Jahr;1988;DINSG;Deutschland insgesamt;DG;Deutschland;FRUA03;Fruchtarten;FRUART067;Lupinen;.;t;ERN001;Erntemenge
41241;Ernte-u.Betriebsbericht: Feldfrüchte und Grünland;JAHR;Jahr;1988;DINSG;Deutschland insgesamt;DG;Deutschland;FRUA03;Fruchtarten;FRUART0124;Triticale;99220;t;ERN001;Erntemenge
41241;Ernte-u.Betriebsbericht: Feldfrüchte und Grünland;JAHR;Jahr;2002;DINSG;Deutschland insgesamt;DG;Deutschland;FRUA03;Fruchtarten;FRUART061;Klee, Kleegras und Klee-Luzerne-Gemisch;1579954;t;ERN001;Erntemenge
41241;Ernte-u.Betriebsbericht: Feldfrüchte und Grünland;JAHR;Jahr;1959;DINSG;Deutschland insgesamt;DG;Deutschland;FRUA03;Fruchtarten;FRUART01OKM;Getreide (ohne Körnermais und CCM);14396381;t;ERN001;Erntemenge
41241;Ernte-u.Betriebsbericht: Feldfrüchte und Grünland;JAHR;Jahr;1999;DINSG;Deutschland insgesamt;DG;Deutschland;FRUA03;Fruchtarten;FRUART05111;Winterraps;4180617;t;ERN001;Erntemenge
41241;Ernte-u.Betriebsbericht: Feldfrüchte und Grünland;JAHR;Jahr;1962;DINSG;Deutschland insgesamt;DG;Deutschland;FRUA03;Fruchtarten;FRUART05111;Winterraps;97962;t;ERN001;Erntemenge
41241;Ernte-u.Betriebsbericht: Feldfrüchte und Grünland;JAHR;Jahr;1978;DINSG;Deutschland insgesamt;DG;Deutschland;FRUA03;Fruchtarten;FRUART0111;Weizen;8117689;t;ERN001;Erntemenge
41241;Ernte-u.Betriebsbericht: Feldfrüchte und Grünland;JAHR;Jahr;2008;DINSG;Deutschland insgesamt;DG;Deutschland;FRUA03;Fruchtarten;FRUART0513;Körnersonnenblumen;48900;t;ERN001;Erntemenge
41241;Ernte-u.Betriebsbericht: Feldfrüchte und Grünland;JAHR;Jahr;1992;DINSG;Deutschland insgesamt;DG;Deutschland;FRUA03;Fruchtarten;FRUART01211;Wintergerste;8585470;t;ERN001;Erntemenge
41241;Ernte-u.Betriebsbericht: Feldfrüchte und Grünland;JAHR;Jahr;1992;DINSG;Deutschland insgesamt;DG;Deutschland;FRUA03;Fruchtarten;FRUART0513;Körnersonnenblumen;.;t;ERN001;Erntemenge
41241;Ernte-u.Betriebsbericht: Feldfrüchte und Grünland;JAHR;Jahr;1955;DINSG;Deutschland insgesamt;DG;Deutschland;FRUA03;Fruchtarten;FRUART05112;Sommerraps, Winter- und Sommerrübsen;8624;t;ERN001;Erntemenge
41241;Ernte-u.Betriebsbericht: Feldfrüchte und Grünland;JAHR;Jahr;1980;DINSG;Deutschland insgesamt;DG;Deutschland;FRUA03;Fruchtarten;FRUART012;Futter- und Industriegetreide;12075502;t;ERN001;Erntemenge
41241;Ernte-u.Betriebsbericht: Feldfrüchte und Grünland;JAHR;Jahr;1958;DINSG;Deutschland insgesamt;DG;Deutschland;FRUA03;Fruchtarten;KULART01411;Wiesen;.;t;ERN001;Erntemenge
41241;Ernte-u.Betriebsbericht: Feldfrüchte und Grünland;JAHR;Jahr;1957;DINSG;Deutschland insgesamt;DG;Deutschland;FRUA03;Fruchtarten;FRUART013CCM;Körnermais (einschl. CCM);15990;t;ERN001;Erntemenge
41241;Ernte-u.Betriebsbericht: Feldfrüchte und Grünland;JAHR;Jahr;1969;DINSG;Deutschland insgesamt;DG;Deutschland;FRUA03;Fruchtarten;FRUART031;Kartoffeln;15984598;t;ERN001;Erntemenge
41241;Ernte-u.Betriebsbericht: Feldfrüchte und Grünland;JAHR;Jahr;2002;DINSG;Deutschland insgesamt;DG;Deutschland;FRUA03;Fruchtarten;KULART0141S;Wiesen und Mähweiden;34852956;t;ERN001;Erntemenge
41241;Ernte-u.Betriebsbericht: Feldfrüchte und Grünland;JAHR;Jahr;1977;DINSG;Deutschland insgesamt;DG;Deutschland;FRUA03;Fruchtarten;KULART01421;Mähweiden;.;t;ERN001;Erntemenge
41241;Ernte-u.Betriebsbericht: Feldfrüchte und Grünland;JAHR;Jahr;1962;DINSG;Deutschland insgesamt;DG;Deutschland;FRUA03;Fruchtarten;FRUART0122;Hafer;2332906;t;ERN001;Erntemenge
41241;Ernte-u.Betriebsbericht: Feldfrüchte und Grünland;JAHR;Jahr;1971;DINSG;Deutschland insgesamt;DG;Deutschland;FRUA03;Fruchtarten;FRUART031MUS;Mittelfrühe und späte Kartoffeln;14401403;t;ERN001;Erntemenge
41241;Ernte-u.Betriebsbericht: Feldfrüchte und Grünland;JAHR;Jahr;2001;DINSG;Deutschland insgesamt;DG;Deutschland;FRUA03;Fruchtarten;FRUART062;Luzerne;232701;t;ERN001;Erntemenge
41241;Ernte-u.Betriebsbericht: Feldfrüchte und Grünland;JAHR;Jahr;1953;DINSG;Deutschland insgesamt;DG;Deutschland;FRUA03;Fruchtarten;FRUART0124;Triticale;.;t;ERN001;Erntemenge
41241;Ernte-u.Betriebsbericht: Feldfrüchte und Grünland;JAHR;Jahr;1958;DINSG;Deutschland insgesamt;DG;Deutschland;FRUA03;Fruchtarten;FRUART021;Futtererbsen;.;t;ERN001;Erntemenge
41241;Ernte-u.Betriebsbericht: Feldfrüchte und Grünland;JAHR;Jahr;1978;DINSG;Deutschland insgesamt;DG;Deutschland;FRUA03;Fruchtarten;FRUART061;Klee, Kleegras und Klee-Luzerne-Gemisch;2014075;t;ERN001;Erntemenge
41241;Ernte-u.Betriebsbericht: Feldfrüchte und Grünland;JAHR;Jahr;1999;DINSG;Deutschland insgesamt;DG;Deutschland;FRUA03;Fruchtarten;FRUART064;Silomais (einschl. Lieschkolbenschrot);52433717;t;ERN001;Erntemenge
41241;Ernte-u.Betriebsbericht: Feldfrüchte und Grünland;JAHR;Jahr;1968;DINSG;Deutschland insgesamt;DG;Deutschland;FRUA03;Fruchtarten;FRUART01111W;Weichweizen;.;t;ERN001;Erntemenge
41241;Ernte-u.Betriebsbericht: Feldfrüchte und Grünland;JAHR;Jahr;1998;DINSG;Deutschland insgesamt;DG;Deutschland;FRUA03;Fruchtarten;FRUART01EKM;Getreide (einschl. Körnermais und CCM);44574852;t;ERN001;Erntemenge
41241;Ernte-u.Betriebsbericht: Feldfrüchte und Grünland;JAHR;Jahr;1966;DINSG;Deutschland insgesamt;DG;Deutschland;FRUA03;Fruchtarten;FRUART0112;Roggen;2696136;t;ERN001;Erntemenge
41241;Ernte-u.Betriebsbericht: Feldfrüchte und Grünland;JAHR;Jahr;1962;DINSG;Deutschland insgesamt;DG;Deutschland;FRUA03;Fruchtarten;KULART01411;Wiesen;.;t;ERN001;Erntemenge
41241;Ernte-u.Betriebsbericht: Feldfrüchte und Grünland;JAHR;Jahr;1975;DINSG;Deutschland insgesamt;DG;Deutschland;FRUA03;Fruchtarten;FRUART05112;Sommerraps, Winter- und Sommerrübsen;17698;t;ERN001;Erntemenge
41241;Ernte-u.Betriebsbericht: Feldfrüchte und Grünland;JAHR;Jahr;1955;DINSG;Deutschland insgesamt;DG;Deutschland;FRUA03;Fruchtarten;FRUART013CCM;Körnermais (einschl. CCM);20261;t;ERN001;Erntemenge
41241;Ernte-u.Betriebsbericht: Feldfrüchte und Grünland;JAHR;Jahr;1950;DINSG;Deutschland insgesamt;DG;Deutschland;FRUA03;Fruchtarten;FRUART0123;Sommermenggetreide;380384;t;ERN001;Erntemenge
41241;Ernte-u.Betriebsbericht: Feldfrüchte und Grünland;JAHR;Jahr;1961;DINSG;Deutschland insgesamt;DG;Deutschland;FRUA03;Fruchtarten;KULART01421;Mähweiden;.;t;ERN001;Erntemenge
41241;Ernte-u.Betriebsbericht: Feldfrüchte und Grünland;JAHR;Jahr;1997;DINSG;Deutschland insgesamt;DG;Deutschland;FRUA03;Fruchtarten;KULART01421;Mähweiden;16000576;t;ERN001;Erntemenge
41241;Ernte-u.Betriebsbericht: Feldfrüchte und Grünland;JAHR;Jahr;1977;DINSG;Deutschland insgesamt;DG;Deutschland;FRUA03;Fruchtarten;FRUART031;Kartoffeln;11367922;t;ERN001;Erntemenge
41241;Ernte-u.Betriebsbericht: Feldfrüchte und Grünland;JAHR;Jahr;2001;DINSG;Deutschland insgesamt;DG;Deutschland;FRUA03;Fruchtarten;FRUART01212;Sommergerste;3053611;t;ERN001;Erntemenge
41241;Ernte-u.Betriebsbericht: Feldfrüchte und Grünland;JAHR;Jahr;1991;DINSG;Deutschland insgesamt;DG;Deutschland;FRUA03;Fruchtarten;FRUART022;Ackerbohnen;86667;t;ERN001;Erntemenge
41241;Ernte-u.Betriebsbericht: Feldfrüchte und Grünland;JAHR;Jahr;2000;DINSG;Deutschland insgesamt;DG;Deutschland;FRUA03;Fruchtarten;FRUART067;Lupinen;.;t;ERN001;Erntemenge
41241;Ernte-u.Betriebsbericht: Feldfrüchte und Grünland;JAHR;Jahr;2003;DINSG;Deutschland insgesamt;DG;Deutschland;FRUA03;Fruchtarten;FRUART012;Futter- und Industriegetreide;14414183;t;ERN001;Erntemenge
41241;Ernte-u.Betriebsbericht: Feldfrüchte und Grünland;JAHR;Jahr;1987;DINSG;Deutschland insgesamt;DG;Deutschland;FRUA03;Fruchtarten;FRUART011;Brotgetreide;11576289;t;ERN001;Erntemenge
41241;Ernte-u.Betriebsbericht: Feldfrüchte und Grünland;JAHR;Jahr;1990;DINSG;Deutschland insgesamt;DG;Deutschland;FRUA03;Fruchtarten;KULART0141S;Wiesen und Mähweiden;30412724;t;ERN001;Erntemenge
41241;Ernte-u.Betriebsbericht: Feldfrüchte und Grünland;JAHR;Jahr;1984;DINSG;Deutschland insgesamt;DG;Deutschland;FRUA03;Fruchtarten;FRUART0112;Roggen;1930783;t;ERN001;Erntemenge
41241;Ernte-u.Betriebsbericht: Feldfrüchte und Grünland;JAHR;Jahr;1997;DINSG;Deutschland insgesamt;DG;Deutschland;FRUA03;Fruchtarten;FRUART0113;Wintermenggetreide;64995;t;ERN001;Erntemenge
41241;Ernte-u.Betriebsbericht: Feldfrüchte und Grünland;JAHR;Jahr;1964;DINSG;Deutschland insgesamt;DG;Deutschland;FRUA03;Fruchtarten;FRUART0513;Körnersonnenblumen;.;t;ERN001;Erntemenge
41241;Ernte-u.Betriebsbericht: Feldfrüchte und Grünland;JAHR;Jahr;1990;DINSG;Deutschland insgesamt;DG;Deutschland;FRUA03;Fruchtarten;FRUART0112;Roggen;3988381;t;ERN001;Erntemenge
41241;Ernte-u.Betriebsbericht: Feldfrüchte und Grünland;JAHR;Jahr;1990;DINSG;Deutschland insgesamt;DG;Deutschland;FRUA03;Fruchtarten;FRUART01OKM;Getreide (ohne Körnermais und CCM);36027831;t;ERN001;Erntemenge
41241;Ernte-u.Betriebsbericht: Feldfrüchte und Grünland;JAHR;Jahr;1973;DINSG;Deutschland insgesamt;DG;Deutschland;FRUA03;Fruchtarten;FRUART0511;Raps und Rübsen;222321;t;ERN001;Erntemenge
41241;Ernte-u.Betriebsbericht: Feldfrüchte und Grünland;JAHR;Jahr;1956;DINSG;Deutschland insgesamt;DG;Deutschland;FRUA03;Fruchtarten;FRUART0121;Gerste;2326431;t;ERN001;Erntemenge
41241;Ernte-u.Betriebsbericht: Feldfrüchte und Grünland;JAHR;Jahr;1963;DINSG;Deutschland insgesamt;DG;Deutschland;FRUA03;Fruchtarten;FRUART062;Luzerne;.;t;ERN001;Erntemenge
41241;Ernte-u.Betriebsbericht: Feldfrüchte und Grünland;JAHR;Jahr;1962;DINSG;Deutschland insgesamt;DG;Deutschland;FRUA03;Fruchtarten;FRUART032;Zuckerrüben;9524917;t;ERN001;Erntemenge
41241;Ernte-u.Betriebsbericht: Feldfrüchte und Grünland;JAHR;Jahr;1995;DINSG;Deutschland insgesamt;DG;Deutschland;FRUA03;Fruchtarten;FRUART032;Zuckerrüben;26048756;t;ERN001;Erntemenge
41241;Ernte-u.Betriebsbericht: Feldfrüchte und Grünland;JAHR;Jahr;1959;DINSG;Deutschland insgesamt;DG;Deutschland;FRUA03;Fruchtarten;FRUART013CCM;Körnermais (einschl. CCM);13186;t;ERN001;Erntemenge
41241;Ernte-u.Betriebsbericht: Feldfrüchte und Grünland;JAHR;Jahr;1952;DINSG;Deutschland insgesamt;DG;Deutschland;FRUA03;Fruchtarten;FRUART061;Klee, Kleegras und Klee-Luzerne-Gemisch;5070832;t;ERN001;Erntemenge
41241;Ernte-u.Betriebsbericht: Feldfrüchte und Grünland;JAHR;Jahr;1976;DINSG;Deutschland insgesamt;DG;Deutschland;FRUA03;Fruchtarten;FRUART01111;Winterweizen;5883145;t;ERN001;Erntemenge
41241;Ernte-u.Betriebsbericht: Feldfrüchte und Grünland;JAHR;Jahr;1975;DINSG;Deutschland insgesamt;DG;Deutschland;FRUA03;Fruchtarten;FRUART013CCM;Körnermais (einschl. CCM);530642;t;ERN001;Erntemenge
41241;Ernte-u.Betriebsbericht: Feldfrüchte und Grünland;JAHR;Jahr;1981;DINSG;Deutschland insgesamt;DG;Deutschland;FRUA03;Fruchtarten;FRUART0124;Triticale;.;t;ERN001;Erntemenge
41241;Ernte-u.Betriebsbericht: Feldfrüchte und Grünland;JAHR;Jahr;1951;DINSG;Deutschland insgesamt;DG;Deutschland;FRUA03;Fruchtarten;FRUART031;Kartoffeln;24330307;t;ERN001;Erntemenge
41241;Ernte-u.Betriebsbericht: Feldfrüchte und Grünland;JAHR;Jahr;1981;DINSG;Deutschland insgesamt;DG;Deutschland;FRUA03;Fruchtarten;KULART01421;Mähweiden;.;t;ERN001;Erntemenge
41241;Ernte-u.Betriebsbericht: Feldfrüchte und Grünland;JAHR;Jahr;1996;DINSG;Deutschland insgesamt;DG;Deutschland;FRUA03;Fruchtarten;FRUART062;Luzerne;378104;t;ERN001;Erntemenge
41241;Ernte-u.Betriebsbericht: Feldfrüchte und Grünland;JAHR;Jahr;1973;DINSG;Deutschland insgesamt;DG;Deutschland;FRUA03;Fruchtarten;FRUART021;Futtererbsen;.;t;ERN001;Erntemenge
41241;Ernte-u.Betriebsbericht: Feldfrüchte und Grünland;JAHR;Jahr;2007;DINSG;Deutschland insgesamt;DG;Deutschland;FRUA03;Fruchtarten;FRUART022;Ackerbohnen;43147;t;ERN001;Erntemenge
41241;Ernte-u.Betriebsbericht: Feldfrüchte und Grünland;JAHR;Jahr;1953;DINSG;Deutschland insgesamt;DG;Deutschland;FRUA03;Fruchtarten;FRUART031MUS;Mittelfrühe und späte Kartoffeln;23727323;t;ERN001;Erntemenge
41241;Ernte-u.Betriebsbericht: Feldfrüchte und Grünland;JAHR;Jahr;1998;DINSG;Deutschland insgesamt;DG;Deutschland;FRUA03;Fruchtarten;FRUART0511;Raps und Rübsen;3387928;t;ERN001;Erntemenge
41241;Ernte-u.Betriebsbericht: Feldfrüchte und Grünland;JAHR;Jahr;1992;DINSG;Deutschland insgesamt;DG;Deutschland;FRUA03;Fruchtarten;FRUART01113;Hartweizen (Durum);69412;t;ERN001;Erntemenge
41241;Ernte-u.Betriebsbericht: Feldfrüchte und Grünland;JAHR;Jahr;1966;DINSG;Deutschland insgesamt;DG;Deutschland;FRUA03;Fruchtarten;FRUART064;Silomais (einschl. Lieschkolbenschrot);4262879;t;ERN001;Erntemenge
41241;Ernte-u.Betriebsbericht: Feldfrüchte und Grünland;JAHR;Jahr;1981;DINSG;Deutschland insgesamt;DG;Deutschland;FRUA03;Fruchtarten;FRUART064;Silomais (einschl. Lieschkolbenschrot);35691910;t;ERN001;Erntemenge
41241;Ernte-u.Betriebsbericht: Feldfrüchte und Grünland;JAHR;Jahr;2001;DINSG;Deutschland insgesamt;DG;Deutschland;FRUA03;Fruchtarten;FRUART0513;Körnersonnenblumen;54370;t;ERN001;Erntemenge
41241;Ernte-u.Betriebsbericht: Feldfrüchte und Grünland;JAHR;Jahr;1995;DINSG;Deutschland insgesamt;DG;Deutschland;FRUA03;Fruchtarten;FRUART067;Lupinen;.;t;ERN001;Erntemenge
41241;Ernte-u.Betriebsbericht: Feldfrüchte und Grünland;JAHR;Jahr;2002;DINSG;Deutschland insgesamt;DG;Deutschland;FRUA03;Fruchtarten;KULART01411;Wiesen;16244709;t;ERN001;Erntemenge
41241;Ernte-u.Betriebsbericht: Feldfrüchte und Grünland;JAHR;Jahr;1954;DINSG;Deutschland insgesamt;DG;Deutschland;FRUA03;Fruchtarten;FRUART01EKM;Getreide (einschl. Körnermais und CCM);12673168;t;ERN001;Erntemenge
41241;Ernte-u.Betriebsbericht: Feldfrüchte und Grünland;JAHR;Jahr;1973;DINSG;Deutschland insgesamt;DG;Deutschland;FRUA03;Fruchtarten;FRUART013CCM;Körnermais (einschl. CCM);573182;t;ERN001;Erntemenge
41241;Ernte-u.Betriebsbericht: Feldfrüchte und Grünland;JAHR;Jahr;1986;DINSG;Deutschland insgesamt;DG;Deutschland;FRUA03;Fruchtarten;KULART0141S;Wiesen und Mähweiden;26869707;t;ERN001;Erntemenge
41241;Ernte-u.Betriebsbericht: Feldfrüchte und Grünland;JAHR;Jahr;1998;DINSG;Deutschland insgesamt;DG;Deutschland;FRUA03;Fruchtarten;FRUART012;Futter- und Industriegetreide;16776860;t;ERN001;Erntemenge
41241;Ernte-u.Betriebsbericht: Feldfrüchte und Grünland;JAHR;Jahr;1972;DINSG;Deutschland insgesamt;DG;Deutschland;FRUA03;Fruchtarten;FRUART01112;Sommerweizen;747715;t;ERN001;Erntemenge
41241;Ernte-u.Betriebsbericht: Feldfrüchte und Grünland;JAHR;Jahr;1956;DINSG;Deutschland insgesamt;DG;Deutschland;FRUA03;Fruchtarten;FRUART01111;Winterweizen;3069244;t;ERN001;Erntemenge
41241;Ernte-u.Betriebsbericht: Feldfrüchte und Grünland;JAHR;Jahr;1969;DINSG;Deutschland insgesamt;DG;Deutschland;FRUA03;Fruchtarten;FRUART0123;Sommermenggetreide;1405332;t;ERN001;Erntemenge
41241;Ernte-u.Betriebsbericht: Feldfrüchte und Grünland;JAHR;Jahr;1953;DINSG;Deutschland insgesamt;DG;Deutschland;FRUA03;Fruchtarten;FRUART0111;Weizen;3197276;t;ERN001;Erntemenge
41241;Ernte-u.Betriebsbericht: Feldfrüchte und Grünland;JAHR;Jahr;1954;DINSG;Deutschland insgesamt;DG;Deutschland;FRUA03;Fruchtarten;FRUART011;Brotgetreide;7218089;t;ERN001;Erntemenge
41241;Ernte-u.Betriebsbericht: Feldfrüchte und Grünland;JAHR;Jahr;1954;DINSG;Deutschland insgesamt;DG;Deutschland;FRUA03;Fruchtarten;FRUART0513;Körnersonnenblumen;.;t;ERN001;Erntemenge
41241;Ernte-u.Betriebsbericht: Feldfrüchte und Grünland;JAHR;Jahr;1984;DINSG;Deutschland insgesamt;DG;Deutschland;FRUA03;Fruchtarten;FRUART065;Raufutter;29579220;t;ERN001;Erntemenge
41241;Ernte-u.Betriebsbericht: Feldfrüchte und Grünland;JAHR;Jahr;1961;DINSG;Deutschland insgesamt;DG;Deutschland;FRUA03;Fruchtarten;FRUART031FSK;Frühe Speisekartoffeln;924440;t;ERN001;Erntemenge
41241;Ernte-u.Betriebsbericht: Feldfrüchte und Grünland;JAHR;Jahr;1988;DINSG;Deutschland insgesamt;DG;Deutschland;FRUA03;Fruchtarten;FRUART01112;Sommerweizen;346647;t;ERN001;Erntemenge
41241;Ernte-u.Betriebsbericht: Feldfrüchte und Grünland;JAHR;Jahr;1990;DINSG;Deutschland insgesamt;DG;Deutschland;FRUA03;Fruchtarten;FRUART0113;Wintermenggetreide;.;t;ERN001;Erntemenge
41241;Ernte-u.Betriebsbericht: Feldfrüchte und Grünland;JAHR;Jahr;1964;DINSG;Deutschland insgesamt;DG;Deutschland;FRUA03;Fruchtarten;FRUART05111;Winterraps;92396;t;ERN001;Erntemenge
41241;Ernte-u.Betriebsbericht: Feldfrüchte und Grünland;JAHR;Jahr;1962;DINSG;Deutschland insgesamt;DG;Deutschland;FRUA03;Fruchtarten;FRUART033;Runkelrüben;19341820;t;ERN001;Erntemenge
41241;Ernte-u.Betriebsbericht: Feldfrüchte und Grünland;JAHR;Jahr;1963;DINSG;Deutschland insgesamt;DG;Deutschland;FRUA03;Fruchtarten;FRUART063;Feldgras/Grasanbau auf dem Ackerland;1043680;t;ERN001;Erntemenge
41241;Ernte-u.Betriebsbericht: Feldfrüchte und Grünland;JAHR;Jahr;1978;DINSG;Deutschland insgesamt;DG;Deutschland;FRUA03;Fruchtarten;FRUART01212;Sommergerste;3404433;t;ERN001;Erntemenge
41241;Ernte-u.Betriebsbericht: Feldfrüchte und Grünland;JAHR;Jahr;2006;DINSG;Deutschland insgesamt;DG;Deutschland;FRUA03;Fruchtarten;FRUART031FSK;Frühe Speisekartoffeln;446800;t;ERN001;Erntemenge
41241;Ernte-u.Betriebsbericht: Feldfrüchte und Grünland;JAHR;Jahr;1972;DINSG;Deutschland insgesamt;DG;Deutschland;FRUA03;Fruchtarten;FRUART0121;Gerste;5996862;t;ERN001;Erntemenge
41241;Ernte-u.Betriebsbericht: Feldfrüchte und Grünland;JAHR;Jahr;1959;DINSG;Deutschland insgesamt;DG;Deutschland;FRUA03;Fruchtarten;FRUART065;Raufutter;22948086;t;ERN001;Erntemenge
41241;Ernte-u.Betriebsbericht: Feldfrüchte und Grünland;JAHR;Jahr;1967;DINSG;Deutschland insgesamt;DG;Deutschland;FRUA03;Fruchtarten;FRUART01112;Sommerweizen;700496;t;ERN001;Erntemenge
41241;Ernte-u.Betriebsbericht: Feldfrüchte und Grünland;JAHR;Jahr;1995;DINSG;Deutschland insgesamt;DG;Deutschland;FRUA03;Fruchtarten;FRUART0113;Wintermenggetreide;51281;t;ERN001;Erntemenge
41241;Ernte-u.Betriebsbericht: Feldfrüchte und Grünland;JAHR;Jahr;2004;DINSG;Deutschland insgesamt;DG;Deutschland;FRUA03;Fruchtarten;FRUART031MUS;Mittelfrühe und späte Kartoffeln;12529681;t;ERN001;Erntemenge
41241;Ernte-u.Betriebsbericht: Feldfrüchte und Grünland;JAHR;Jahr;1957;DINSG;Deutschland insgesamt;DG;Deutschland;FRUA03;Fruchtarten;FRUART01212;Sommergerste;1876294;t;ERN001;Erntemenge
41241;Ernte-u.Betriebsbericht: Feldfrüchte und Grünland;JAHR;Jahr;1964;DINSG;Deutschland insgesamt;DG;Deutschland;FRUA03;Fruchtarten;FRUART0122;Hafer;2307942;t;ERN001;Erntemenge
41241;Ernte-u.Betriebsbericht: Feldfrüchte und Grünland;JAHR;Jahr;1986;DINSG;Deutschland insgesamt;DG;Deutschland;FRUA03;Fruchtarten;FRUART01OKM;Getreide (ohne Körnermais und CCM);24287928;t;ERN001;Erntemenge
41241;Ernte-u.Betriebsbericht: Feldfrüchte und Grünland;JAHR;Jahr;1985;DINSG;Deutschland insgesamt;DG;Deutschland;FRUA03;Fruchtarten;FRUART01211;Wintergerste;6351077;t;ERN001;Erntemenge
41241;Ernte-u.Betriebsbericht: Feldfrüchte und Grünland;JAHR;Jahr;1966;DINSG;Deutschland insgesamt;DG;Deutschland;FRUA03;Fruchtarten;FRUART065;Raufutter;28694515;t;ERN001;Erntemenge
41241;Ernte-u.Betriebsbericht: Feldfrüchte und Grünland;JAHR;Jahr;1956;DINSG;Deutschland insgesamt;DG;Deutschland;FRUA03;Fruchtarten;FRUART0112;Roggen;3750540;t;ERN001;Erntemenge
41241;Ernte-u.Betriebsbericht: Feldfrüchte und Grünland;JAHR;Jahr;1980;DINSG;Deutschland insgesamt;DG;Deutschland;FRUA03;Fruchtarten;FRUART033;Runkelrüben;14146508;t;ERN001;Erntemenge
41241;Ernte-u.Betriebsbericht: Feldfrüchte und Grünland;JAHR;Jahr;1981;DINSG;Deutschland insgesamt;DG;Deutschland;FRUA03;Fruchtarten;FRUART063;Feldgras/Grasanbau auf dem Ackerland;816119;t;ERN001;Erntemenge
41241;Ernte-u.Betriebsbericht: Feldfrüchte und Grünland;JAHR;Jahr;1995;DINSG;Deutschland insgesamt;DG;Deutschland;FRUA03;Fruchtarten;FRUART01111;Winterweizen;17512977;t;ERN001;Erntemenge
41241;Ernte-u.Betriebsbericht: Feldfrüchte und Grünland;JAHR;Jahr;1961;DINSG;Deutschland insgesamt;DG;Deutschland;FRUA03;Fruchtarten;FRUART01EKM;Getreide (einschl. Körnermais und CCM);12414708;t;ERN001;Erntemenge
41241;Ernte-u.Betriebsbericht: Feldfrüchte und Grünland;JAHR;Jahr;1962;DINSG;Deutschland insgesamt;DG;Deutschland;FRUA03;Fruchtarten;FRUART01OKM;Getreide (ohne Körnermais und CCM);15187827;t;ERN001;Erntemenge
41241;Ernte-u.Betriebsbericht: Feldfrüchte und Grünland;JAHR;Jahr;2007;DINSG;Deutschland insgesamt;DG;Deutschland;FRUA03;Fruchtarten;FRUART0511;Raps und Rübsen;5320518;t;ERN001;Erntemenge
41241;Ernte-u.Betriebsbericht: Feldfrüchte und Grünland;JAHR;Jahr;1958;DINSG;Deutschland insgesamt;DG;Deutschland;FRUA03;Fruchtarten;KULART0141S;Wiesen und Mähweiden;21331711;t;ERN001;Erntemenge
41241;Ernte-u.Betriebsbericht: Feldfrüchte und Grünland;JAHR;Jahr;1988;DINSG;Deutschland insgesamt;DG;Deutschland;FRUA03;Fruchtarten;FRUART062;Luzerne;.;t;ERN001;Erntemenge
41241;Ernte-u.Betriebsbericht: Feldfrüchte und Grünland;JAHR;Jahr;1962;DINSG;Deutschland insgesamt;DG;Deutschland;FRUA03;Fruchtarten;FRUART013CCM;Körnermais (einschl. CCM);42726;t;ERN001;Erntemenge
41241;Ernte-u.Betriebsbericht: Feldfrüchte und Grünland;JAHR;Jahr;1976;DINSG;Deutschland insgesamt;DG;Deutschland;FRUA03;Fruchtarten;FRUART022;Ackerbohnen;29532;t;ERN001;Erntemenge
41241;Ernte-u.Betriebsbericht: Feldfrüchte und Grünland;JAHR;Jahr;2008;DINSG;Deutschland insgesamt;DG;Deutschland;FRUA03;Fruchtarten;KULART01421;Mähweiden;18294300;t;ERN001;Erntemenge
41241;Ernte-u.Betriebsbericht: Feldfrüchte und Grünland;JAHR;Jahr;1985;DINSG;Deutschland insgesamt;DG;Deutschland;FRUA03;Fruchtarten;FRUART01113;Hartweizen (Durum);.;t;ERN001;Erntemenge
41241;Ernte-u.Betriebsbericht: Feldfrüchte und Grünland;JAHR;Jahr;1991;DINSG;Deutschland insgesamt;DG;Deutschland;FRUA03;Fruchtarten;FRUART013CCM;Körnermais (einschl. CCM);1936987;t;ERN001;Erntemenge
41241;Ernte-u.Betriebsbericht: Feldfrüchte und Grünland;JAHR;Jahr;1986;DINSG;Deutschland insgesamt;DG;Deutschland;FRUA03;Fruchtarten;FRUART0112;Roggen;1768288;t;ERN001;Erntemenge
41241;Ernte-u.Betriebsbericht: Feldfrüchte und Grünland;JAHR;Jahr;2009;DINSG;Deutschland insgesamt;DG;Deutschland;FRUA03;Fruchtarten;FRUART0123;Sommermenggetreide;77700;t;ERN001;Erntemenge
41241;Ernte-u.Betriebsbericht: Feldfrüchte und Grünland;JAHR;Jahr;1951;DINSG;Deutschland insgesamt;DG;Deutschland;FRUA03;Fruchtarten;FRUART0124;Triticale;.;t;ERN001;Erntemenge
41241;Ernte-u.Betriebsbericht: Feldfrüchte und Grünland;JAHR;Jahr;1969;DINSG;Deutschland insgesamt;DG;Deutschland;FRUA03;Fruchtarten;FRUART0122;Hafer;2975997;t;ERN001;Erntemenge
41241;Ernte-u.Betriebsbericht: Feldfrüchte und Grünland;JAHR;Jahr;1951;DINSG;Deutschland insgesamt;DG;Deutschland;FRUA03;Fruchtarten;FRUART0111;Weizen;2965475;t;ERN001;Erntemenge
41241;Ernte-u.Betriebsbericht: Feldfrüchte und Grünland;JAHR;Jahr;1999;DINSG;Deutschland insgesamt;DG;Deutschland;FRUA03;Fruchtarten;FRUART0121;Gerste;13300984;t;ERN001;Erntemenge
41241;Ernte-u.Betriebsbericht: Feldfrüchte und Grünland;JAHR;Jahr;1987;DINSG;Deutschland insgesamt;DG;Deutschland;FRUA03;Fruchtarten;FRUART032;Zuckerrüben;19049000;t;ERN001;Erntemenge
41241;Ernte-u.Betriebsbericht: Feldfrüchte und Grünland;JAHR;Jahr;1965;DINSG;Deutschland insgesamt;DG;Deutschland;FRUA03;Fruchtarten;FRUART01OKM;Getreide (ohne Körnermais und CCM);13790295;t;ERN001;Erntemenge
41241;Ernte-u.Betriebsbericht: Feldfrüchte und Grünland;JAHR;Jahr;1952;DINSG;Deutschland insgesamt;DG;Deutschland;FRUA03;Fruchtarten;FRUART01111W;Weichweizen;.;t;ERN001;Erntemenge
41241;Ernte-u.Betriebsbericht: Feldfrüchte und Grünland;JAHR;Jahr;1962;DINSG;Deutschland insgesamt;DG;Deutschland;FRUA03;Fruchtarten;FRUART011;Brotgetreide;7720932;t;ERN001;Erntemenge
41241;Ernte-u.Betriebsbericht: Feldfrüchte und Grünland;JAHR;Jahr;1982;DINSG;Deutschland insgesamt;DG;Deutschland;FRUA03;Fruchtarten;FRUART05111;Winterraps;515622;t;ERN001;Erntemenge
41241;Ernte-u.Betriebsbericht: Feldfrüchte und Grünland;JAHR;Jahr;1986;DINSG;Deutschland insgesamt;DG;Deutschland;FRUA03;Fruchtarten;KULART01411;Wiesen;.;t;ERN001;Erntemenge
41241;Ernte-u.Betriebsbericht: Feldfrüchte und Grünland;JAHR;Jahr;1958;DINSG;Deutschland insgesamt;DG;Deutschland;FRUA03;Fruchtarten;FRUART022;Ackerbohnen;27449;t;ERN001;Erntemenge
41241;Ernte-u.Betriebsbericht: Feldfrüchte und Grünland;JAHR;Jahr;1972;DINSG;Deutschland insgesamt;DG;Deutschland;FRUA03;Fruchtarten;FRUART012;Futter- und Industriegetreide;10027009;t;ERN001;Erntemenge
41241;Ernte-u.Betriebsbericht: Feldfrüchte und Grünland;JAHR;Jahr;2009;DINSG;Deutschland insgesamt;DG;Deutschland;FRUA03;Fruchtarten;FRUART065;Raufutter;37541800;t;ERN001;Erntemenge
41241;Ernte-u.Betriebsbericht: Feldfrüchte und Grünland;JAHR;Jahr;1979;DINSG;Deutschland insgesamt;DG;Deutschland;FRUA03;Fruchtarten;FRUART01OKM;Getreide (ohne Körnermais und CCM);22131134;t;ERN001;Erntemenge
41241;Ernte-u.Betriebsbericht: Feldfrüchte und Grünland;JAHR;Jahr;1985;DINSG;Deutschland insgesamt;DG;Deutschland;FRUA03;Fruchtarten;FRUART05111;Winterraps;781852;t;ERN001;Erntemenge
41241;Ernte-u.Betriebsbericht: Feldfrüchte und Grünland;JAHR;Jahr;2004;DINSG;Deutschland insgesamt;DG;Deutschland;FRUA03;Fruchtarten;FRUART01112;Sommerweizen;288671;t;ERN001;Erntemenge
41241;Ernte-u.Betriebsbericht: Feldfrüchte und Grünland;JAHR;Jahr;1978;DINSG;Deutschland insgesamt;DG;Deutschland;FRUA03;Fruchtarten;FRUART0124;Triticale;.;t;ERN001;Erntemenge
41241;Ernte-u.Betriebsbericht: Feldfrüchte und Grünland;JAHR;Jahr;1987;DINSG;Deutschland insgesamt;DG;Deutschland;FRUA03;Fruchtarten;FRUART067;Lupinen;.;t;ERN001;Erntemenge
41241;Ernte-u.Betriebsbericht: Feldfrüchte und Grünland;JAHR;Jahr;1999;DINSG;Deutschland insgesamt;DG;Deutschland;FRUA03;Fruchtarten;FRUART063;Feldgras/Grasanbau auf dem Ackerland;1966835;t;ERN001;Erntemenge
41241;Ernte-u.Betriebsbericht: Feldfrüchte und Grünland;JAHR;Jahr;1961;DINSG;Deutschland insgesamt;DG;Deutschland;FRUA03;Fruchtarten;FRUART05111;Winterraps;57249;t;ERN001;Erntemenge
41241;Ernte-u.Betriebsbericht: Feldfrüchte und Grünland;JAHR;Jahr;1960;DINSG;Deutschland insgesamt;DG;Deutschland;FRUA03;Fruchtarten;FRUART061;Klee, Kleegras und Klee-Luzerne-Gemisch;4522540;t;ERN001;Erntemenge
41241;Ernte-u.Betriebsbericht: Feldfrüchte und Grünland;JAHR;Jahr;2001;DINSG;Deutschland insgesamt;DG;Deutschland;FRUA03;Fruchtarten;FRUART01113;Hartweizen (Durum);23838;t;ERN001;Erntemenge
41241;Ernte-u.Betriebsbericht: Feldfrüchte und Grünland;JAHR;Jahr;2006;DINSG;Deutschland insgesamt;DG;Deutschland;FRUA03;Fruchtarten;FRUART063;Feldgras/Grasanbau auf dem Ackerland;2321000;t;ERN001;Erntemenge
41241;Ernte-u.Betriebsbericht: Feldfrüchte und Grünland;JAHR;Jahr;1950;DINSG;Deutschland insgesamt;DG;Deutschland;FRUA03;Fruchtarten;FRUART0122;Hafer;2567790;t;ERN001;Erntemenge
41241;Ernte-u.Betriebsbericht: Feldfrüchte und Grünland;JAHR;Jahr;1999;DINSG;Deutschland insgesamt;DG;Deutschland;FRUA03;Fruchtarten;FRUART01212;Sommergerste;4274865;t;ERN001;Erntemenge
41241;Ernte-u.Betriebsbericht: Feldfrüchte und Grünland;JAHR;Jahr;1981;DINSG;Deutschland insgesamt;DG;Deutschland;FRUA03;Fruchtarten;FRUART0111;Weizen;8313266;t;ERN001;Erntemenge
41241;Ernte-u.Betriebsbericht: Feldfrüchte und Grünland;JAHR;Jahr;1998;DINSG;Deutschland insgesamt;DG;Deutschland;FRUA03;Fruchtarten;FRUART033;Runkelrüben;1330933;t;ERN001;Erntemenge
41241;Ernte-u.Betriebsbericht: Feldfrüchte und Grünland;JAHR;Jahr;1957;DINSG;Deutschland insgesamt;DG;Deutschland;FRUA03;Fruchtarten;KULART01421;Mähweiden;.;t;ERN001;Erntemenge
41241;Ernte-u.Betriebsbericht: Feldfrüchte und Grünland;JAHR;Jahr;2005;DINSG;Deutschland insgesamt;DG;Deutschland;FRUA03;Fruchtarten;FRUART033;Runkelrüben;.;t;ERN001;Erntemenge
41241;Ernte-u.Betriebsbericht: Feldfrüchte und Grünland;JAHR;Jahr;1970;DINSG;Deutschland insgesamt;DG;Deutschland;FRUA03;Fruchtarten;FRUART062;Luzerne;.;t;ERN001;Erntemenge
41241;Ernte-u.Betriebsbericht: Feldfrüchte und Grünland;JAHR;Jahr;1991;DINSG;Deutschland insgesamt;DG;Deutschland;FRUA03;Fruchtarten;FRUART021;Futtererbsen;74755;t;ERN001;Erntemenge
41241;Ernte-u.Betriebsbericht: Feldfrüchte und Grünland;JAHR;Jahr;2001;DINSG;Deutschland insgesamt;DG;Deutschland;FRUA03;Fruchtarten;FRUART01211;Wintergerste;10440976;t;ERN001;Erntemenge
41241;Ernte-u.Betriebsbericht: Feldfrüchte und Grünland;JAHR;Jahr;1973;DINSG;Deutschland insgesamt;DG;Deutschland;FRUA03;Fruchtarten;FRUART031MUS;Mittelfrühe und späte Kartoffeln;12843512;t;ERN001;Erntemenge
41241;Ernte-u.Betriebsbericht: Feldfrüchte und Grünland;JAHR;Jahr;2001;DINSG;Deutschland insgesamt;DG;Deutschland;FRUA03;Fruchtarten;FRUART032;Zuckerrüben;24729921;t;ERN001;Erntemenge
41241;Ernte-u.Betriebsbericht: Feldfrüchte und Grünland;JAHR;Jahr;1961;DINSG;Deutschland insgesamt;DG;Deutschland;FRUA03;Fruchtarten;FRUART01111;Winterweizen;3501718;t;ERN001;Erntemenge
41241;Ernte-u.Betriebsbericht: Feldfrüchte und Grünland;JAHR;Jahr;1983;DINSG;Deutschland insgesamt;DG;Deutschland;FRUA03;Fruchtarten;FRUART0511;Raps und Rübsen;599428;t;ERN001;Erntemenge
41241;Ernte-u.Betriebsbericht: Feldfrüchte und Grünland;JAHR;Jahr;1986;DINSG;Deutschland insgesamt;DG;Deutschland;FRUA03;Fruchtarten;FRUART0121;Gerste;9377136;t;ERN001;Erntemenge
41241;Ernte-u.Betriebsbericht: Feldfrüchte und Grünland;JAHR;Jahr;1998;DINSG;Deutschland insgesamt;DG;Deutschland;FRUA03;Fruchtarten;FRUART064;Silomais (einschl. Lieschkolbenschrot);54327674;t;ERN001;Erntemenge
41241;Ernte-u.Betriebsbericht: Feldfrüchte und Grünland;JAHR;Jahr;2002;DINSG;Deutschland insgesamt;DG;Deutschland;FRUA03;Fruchtarten;FRUART01OKM;Getreide (ohne Körnermais und CCM);39652877;t;ERN001;Erntemenge
41241;Ernte-u.Betriebsbericht: Feldfrüchte und Grünland;JAHR;Jahr;1982;DINSG;Deutschland insgesamt;DG;Deutschland;FRUA03;Fruchtarten;FRUART031FSK;Frühe Speisekartoffeln;531361;t;ERN001;Erntemenge
41241;Ernte-u.Betriebsbericht: Feldfrüchte und Grünland;JAHR;Jahr;1988;DINSG;Deutschland insgesamt;DG;Deutschland;FRUA03;Fruchtarten;FRUART01111W;Weichweizen;.;t;ERN001;Erntemenge
41241;Ernte-u.Betriebsbericht: Feldfrüchte und Grünland;JAHR;Jahr;1983;DINSG;Deutschland insgesamt;DG;Deutschland;FRUA03;Fruchtarten;KULART01411;Wiesen;.;t;ERN001;Erntemenge
41241;Ernte-u.Betriebsbericht: Feldfrüchte und Grünland;JAHR;Jahr;1964;DINSG;Deutschland insgesamt;DG;Deutschland;FRUA03;Fruchtarten;FRUART01212;Sommergerste;2699291;t;ERN001;Erntemenge
41241;Ernte-u.Betriebsbericht: Feldfrüchte und Grünland;JAHR;Jahr;1973;DINSG;Deutschland insgesamt;DG;Deutschland;FRUA03;Fruchtarten;FRUART064;Silomais (einschl. Lieschkolbenschrot);15521932;t;ERN001;Erntemenge
41241;Ernte-u.Betriebsbericht: Feldfrüchte und Grünland;JAHR;Jahr;1959;DINSG;Deutschland insgesamt;DG;Deutschland;FRUA03;Fruchtarten;FRUART0511;Raps und Rübsen;58889;t;ERN001;Erntemenge
41241;Ernte-u.Betriebsbericht: Feldfrüchte und Grünland;JAHR;Jahr;1977;DINSG;Deutschland insgesamt;DG;Deutschland;FRUA03;Fruchtarten;FRUART01111;Winterweizen;6508858;t;ERN001;Erntemenge
41241;Ernte-u.Betriebsbericht: Feldfrüchte und Grünland;JAHR;Jahr;2004;DINSG;Deutschland insgesamt;DG;Deutschland;FRUA03;Fruchtarten;FRUART0113;Wintermenggetreide;58284;t;ERN001;Erntemenge
41241;Ernte-u.Betriebsbericht: Feldfrüchte und Grünland;JAHR;Jahr;2005;DINSG;Deutschland insgesamt;DG;Deutschland;FRUA03;Fruchtarten;FRUART064;Silomais (einschl. Lieschkolbenschrot);57479300;t;ERN001;Erntemenge
41241;Ernte-u.Betriebsbericht: Feldfrüchte und Grünland;JAHR;Jahr;2006;DINSG;Deutschland insgesamt;DG;Deutschland;FRUA03;Fruchtarten;FRUART013CCM;Körnermais (einschl. CCM);3220300;t;ERN001;Erntemenge
41241;Ernte-u.Betriebsbericht: Feldfrüchte und Grünland;JAHR;Jahr;1955;DINSG;Deutschland insgesamt;DG;Deutschland;FRUA03;Fruchtarten;FRUART011;Brotgetreide;7088009;t;ERN001;Erntemenge
41241;Ernte-u.Betriebsbericht: Feldfrüchte und Grünland;JAHR;Jahr;2001;DINSG;Deutschland insgesamt;DG;Deutschland;FRUA03;Fruchtarten;FRUART067;Lupinen;.;t;ERN001;Erntemenge
41241;Ernte-u.Betriebsbericht: Feldfrüchte und Grünland;JAHR;Jahr;1982;DINSG;Deutschland insgesamt;DG;Deutschland;FRUA03;Fruchtarten;FRUART0113;Wintermenggetreide;63279;t;ERN001;Erntemenge
41241;Ernte-u.Betriebsbericht: Feldfrüchte und Grünland;JAHR;Jahr;1982;DINSG;Deutschland insgesamt;DG;Deutschland;FRUA03;Fruchtarten;KULART01421;Mähweiden;.;t;ERN001;Erntemenge
41241;Ernte-u.Betriebsbericht: Feldfrüchte und Grünland;JAHR;Jahr;1971;DINSG;Deutschland insgesamt;DG;Deutschland;FRUA03;Fruchtarten;FRUART01211;Wintergerste;2199989;t;ERN001;Erntemenge
41241;Ernte-u.Betriebsbericht: Feldfrüchte und Grünland;JAHR;Jahr;1999;DINSG;Deutschland insgesamt;DG;Deutschland;FRUA03;Fruchtarten;FRUART0112;Roggen;4328712;t;ERN001;Erntemenge
41241;Ernte-u.Betriebsbericht: Feldfrüchte und Grünland;JAHR;Jahr;2008;DINSG;Deutschland insgesamt;DG;Deutschland;FRUA03;Fruchtarten;FRUART05112;Sommerraps, Winter- und Sommerrübsen;16700;t;ERN001;Erntemenge
41241;Ernte-u.Betriebsbericht: Feldfrüchte und Grünland;JAHR;Jahr;2005;DINSG;Deutschland insgesamt;DG;Deutschland;FRUA03;Fruchtarten;FRUART0124;Triticale;2675900;t;ERN001;Erntemenge
41241;Ernte-u.Betriebsbericht: Feldfrüchte und Grünland;JAHR;Jahr;1968;DINSG;Deutschland insgesamt;DG;Deutschland;FRUA03;Fruchtarten;FRUART0121;Gerste;4973902;t;ERN001;Erntemenge
41241;Ernte-u.Betriebsbericht: Feldfrüchte und Grünland;JAHR;Jahr;1983;DINSG;Deutschland insgesamt;DG;Deutschland;FRUA03;Fruchtarten;FRUART022;Ackerbohnen;17064;t;ERN001;Erntemenge
41241;Ernte-u.Betriebsbericht: Feldfrüchte und Grünland;JAHR;Jahr;1994;DINSG;Deutschland insgesamt;DG;Deutschland;FRUA03;Fruchtarten;FRUART0124;Triticale;1124905;t;ERN001;Erntemenge
41241;Ernte-u.Betriebsbericht: Feldfrüchte und Grünland;JAHR;Jahr;1999;DINSG;Deutschland insgesamt;DG;Deutschland;FRUA03;Fruchtarten;KULART01411;Wiesen;16980169;t;ERN001;Erntemenge
41241;Ernte-u.Betriebsbericht: Feldfrüchte und Grünland;JAHR;Jahr;1999;DINSG;Deutschland insgesamt;DG;Deutschland;FRUA03;Fruchtarten;FRUART01EKM;Getreide (einschl. Körnermais und CCM);44452029;t;ERN001;Erntemenge
41241;Ernte-u.Betriebsbericht: Feldfrüchte und Grünland;JAHR;Jahr;1966;DINSG;Deutschland insgesamt;DG;Deutschland;FRUA03;Fruchtarten;FRUART021;Futtererbsen;.;t;ERN001;Erntemenge
41241;Ernte-u.Betriebsbericht: Feldfrüchte und Grünland;JAHR;Jahr;1971;DINSG;Deutschland insgesamt;DG;Deutschland;FRUA03;Fruchtarten;FRUART01113;Hartweizen (Durum);.;t;ERN001;Erntemenge
41241;Ernte-u.Betriebsbericht: Feldfrüchte und Grünland;JAHR;Jahr;1994;DINSG;Deutschland insgesamt;DG;Deutschland;FRUA03;Fruchtarten;FRUART032;Zuckerrüben;24211265;t;ERN001;Erntemenge
41241;Ernte-u.Betriebsbericht: Feldfrüchte und Grünland;JAHR;Jahr;2002;DINSG;Deutschland insgesamt;DG;Deutschland;FRUA03;Fruchtarten;FRUART01212;Sommergerste;2663405;t;ERN001;Erntemenge
41241;Ernte-u.Betriebsbericht: Feldfrüchte und Grünland;JAHR;Jahr;2002;DINSG;Deutschland insgesamt;DG;Deutschland;FRUA03;Fruchtarten;FRUART062;Luzerne;221511;t;ERN001;Erntemenge
41241;Ernte-u.Betriebsbericht: Feldfrüchte und Grünland;JAHR;Jahr;1960;DINSG;Deutschland insgesamt;DG;Deutschland;FRUA03;Fruchtarten;FRUART0123;Sommermenggetreide;1096382;t;ERN001;Erntemenge
41241;Ernte-u.Betriebsbericht: Feldfrüchte und Grünland;JAHR;Jahr;1979;DINSG;Deutschland insgesamt;DG;Deutschland;FRUA03;Fruchtarten;FRUART011;Brotgetreide;10250361;t;ERN001;Erntemenge
41241;Ernte-u.Betriebsbericht: Feldfrüchte und Grünland;JAHR;Jahr;2007;DINSG;Deutschland insgesamt;DG;Deutschland;FRUA03;Fruchtarten;FRUART01EKM;Getreide (einschl. Körnermais und CCM);40632149;t;ERN001;Erntemenge
41241;Ernte-u.Betriebsbericht: Feldfrüchte und Grünland;JAHR;Jahr;1995;DINSG;Deutschland insgesamt;DG;Deutschland;FRUA03;Fruchtarten;FRUART062;Luzerne;428101;t;ERN001;Erntemenge
41241;Ernte-u.Betriebsbericht: Feldfrüchte und Grünland;JAHR;Jahr;1959;DINSG;Deutschland insgesamt;DG;Deutschland;FRUA03;Fruchtarten;FRUART021;Futtererbsen;.;t;ERN001;Erntemenge
41241;Ernte-u.Betriebsbericht: Feldfrüchte und Grünland;JAHR;Jahr;1978;DINSG;Deutschland insgesamt;DG;Deutschland;FRUA03;Fruchtarten;FRUART05112;Sommerraps, Winter- und Sommerrübsen;16179;t;ERN001;Erntemenge
41241;Ernte-u.Betriebsbericht: Feldfrüchte und Grünland;JAHR;Jahr;1977;DINSG;Deutschland insgesamt;DG;Deutschland;FRUA03;Fruchtarten;FRUART01EKM;Getreide (einschl. Körnermais und CCM);21611068;t;ERN001;Erntemenge
41241;Ernte-u.Betriebsbericht: Feldfrüchte und Grünland;JAHR;Jahr;1980;DINSG;Deutschland insgesamt;DG;Deutschland;FRUA03;Fruchtarten;FRUART064;Silomais (einschl. Lieschkolbenschrot);29083313;t;ERN001;Erntemenge
41241;Ernte-u.Betriebsbericht: Feldfrüchte und Grünland;JAHR;Jahr;1994;DINSG;Deutschland insgesamt;DG;Deutschland;FRUA03;Fruchtarten;FRUART0111;Weizen;16480510;t;ERN001;Erntemenge
41241;Ernte-u.Betriebsbericht: Feldfrüchte und Grünland;JAHR;Jahr;1975;DINSG;Deutschland insgesamt;DG;Deutschland;FRUA03;Fruchtarten;FRUART01112;Sommerweizen;1381116;t;ERN001;Erntemenge
41241;Ernte-u.Betriebsbericht: Feldfrüchte und Grünland;JAHR;Jahr;1999;DINSG;Deutschland insgesamt;DG;Deutschland;FRUA03;Fruchtarten;KULART0141S;Wiesen und Mähweiden;33737644;t;ERN001;Erntemenge
41241;Ernte-u.Betriebsbericht: Feldfrüchte und Grünland;JAHR;Jahr;2005;DINSG;Deutschland insgesamt;DG;Deutschland;FRUA03;Fruchtarten;FRUART0111;Weizen;23692700;t;ERN001;Erntemenge
41241;Ernte-u.Betriebsbericht: Feldfrüchte und Grünland;JAHR;Jahr;1967;DINSG;Deutschland insgesamt;DG;Deutschland;FRUA03;Fruchtarten;FRUART064;Silomais (einschl. Lieschkolbenschrot);4930741;t;ERN001;Erntemenge
41241;Ernte-u.Betriebsbericht: Feldfrüchte und Grünland;JAHR;Jahr;1953;DINSG;Deutschland insgesamt;DG;Deutschland;FRUA03;Fruchtarten;FRUART01EKM;Getreide (einschl. Körnermais und CCM);12021445;t;ERN001;Erntemenge
41241;Ernte-u.Betriebsbericht: Feldfrüchte und Grünland;JAHR;Jahr;1985;DINSG;Deutschland insgesamt;DG;Deutschland;FRUA03;Fruchtarten;FRUART0123;Sommermenggetreide;471370;t;ERN001;Erntemenge
41241;Ernte-u.Betriebsbericht: Feldfrüchte und Grünland;JAHR;Jahr;1975;DINSG;Deutschland insgesamt;DG;Deutschland;FRUA03;Fruchtarten;FRUART031FSK;Frühe Speisekartoffeln;744363;t;ERN001;Erntemenge
41241;Ernte-u.Betriebsbericht: Feldfrüchte und Grünland;JAHR;Jahr;1993;DINSG;Deutschland insgesamt;DG;Deutschland;FRUA03;Fruchtarten;FRUART01211;Wintergerste;7499564;t;ERN001;Erntemenge
41241;Ernte-u.Betriebsbericht: Feldfrüchte und Grünland;JAHR;Jahr;1977;DINSG;Deutschland insgesamt;DG;Deutschland;FRUA03;Fruchtarten;FRUART0122;Hafer;2714354;t;ERN001;Erntemenge
41241;Ernte-u.Betriebsbericht: Feldfrüchte und Grünland;JAHR;Jahr;1975;DINSG;Deutschland insgesamt;DG;Deutschland;FRUA03;Fruchtarten;FRUART01EKM;Getreide (einschl. Körnermais und CCM);21255035;t;ERN001;Erntemenge
41241;Ernte-u.Betriebsbericht: Feldfrüchte und Grünland;JAHR;Jahr;1994;DINSG;Deutschland insgesamt;DG;Deutschland;FRUA03;Fruchtarten;FRUART067;Lupinen;.;t;ERN001;Erntemenge
41241;Ernte-u.Betriebsbericht: Feldfrüchte und Grünland;JAHR;Jahr;1997;DINSG;Deutschland insgesamt;DG;Deutschland;FRUA03;Fruchtarten;FRUART012;Futter- und Industriegetreide;17825435;t;ERN001;Erntemenge
41241;Ernte-u.Betriebsbericht: Feldfrüchte und Grünland;JAHR;Jahr;1951;DINSG;Deutschland insgesamt;DG;Deutschland;FRUA03;Fruchtarten;FRUART01112;Sommerweizen;214252;t;ERN001;Erntemenge
41241;Ernte-u.Betriebsbericht: Feldfrüchte und Grünland;JAHR;Jahr;2004;DINSG;Deutschland insgesamt;DG;Deutschland;FRUA03;Fruchtarten;FRUART012;Futter- und Industriegetreide;17581692;t;ERN001;Erntemenge
41241;Ernte-u.Betriebsbericht: Feldfrüchte und Grünland;JAHR;Jahr;1977;DINSG;Deutschland insgesamt;DG;Deutschland;FRUA03;Fruchtarten;FRUART061;Klee, Kleegras und Klee-Luzerne-Gemisch;2003404;t;ERN001;Erntemenge
41241;Ernte-u.Betriebsbericht: Feldfrüchte und Grünland;JAHR;Jahr;1976;DINSG;Deutschland insgesamt;DG;Deutschland;FRUA03;Fruchtarten;FRUART031;Kartoffeln;9808122;t;ERN001;Erntemenge
41241;Ernte-u.Betriebsbericht: Feldfrüchte und Grünland;JAHR;Jahr;1993;DINSG;Deutschland insgesamt;DG;Deutschland;FRUA03;Fruchtarten;FRUART01113;Hartweizen (Durum);46191;t;ERN001;Erntemenge
41241;Ernte-u.Betriebsbericht: Feldfrüchte und Grünland;JAHR;Jahr;1955;DINSG;Deutschland insgesamt;DG;Deutschland;FRUA03;Fruchtarten;FRUART033;Runkelrüben;24318533;t;ERN001;Erntemenge
41241;Ernte-u.Betriebsbericht: Feldfrüchte und Grünland;JAHR;Jahr;1954;DINSG;Deutschland insgesamt;DG;Deutschland;FRUA03;Fruchtarten;FRUART05112;Sommerraps, Winter- und Sommerrübsen;4734;t;ERN001;Erntemenge
41241;Ernte-u.Betriebsbericht: Feldfrüchte und Grünland;JAHR;Jahr;1956;DINSG;Deutschland insgesamt;DG;Deutschland;FRUA03;Fruchtarten;FRUART063;Feldgras/Grasanbau auf dem Ackerland;773949;t;ERN001;Erntemenge
41241;Ernte-u.Betriebsbericht: Feldfrüchte und Grünland;JAHR;Jahr;1994;DINSG;Deutschland insgesamt;DG;Deutschland;FRUA03;Fruchtarten;FRUART031MUS;Mittelfrühe und späte Kartoffeln;9150867;t;ERN001;Erntemenge
41241;Ernte-u.Betriebsbericht: Feldfrüchte und Grünland;JAHR;Jahr;1979;DINSG;Deutschland insgesamt;DG;Deutschland;FRUA03;Fruchtarten;FRUART033;Runkelrüben;16725181;t;ERN001;Erntemenge
41241;Ernte-u.Betriebsbericht: Feldfrüchte und Grünland;JAHR;Jahr;1987;DINSG;Deutschland insgesamt;DG;Deutschland;FRUA03;Fruchtarten;FRUART031MUS;Mittelfrühe und späte Kartoffeln;6242401;t;ERN001;Erntemenge
41241;Ernte-u.Betriebsbericht: Feldfrüchte und Grünland;JAHR;Jahr;1953;DINSG;Deutschland insgesamt;DG;Deutschland;FRUA03;Fruchtarten;FRUART01111;Winterweizen;2817108;t;ERN001;Erntemenge
41241;Ernte-u.Betriebsbericht: Feldfrüchte und Grünland;JAHR;Jahr;1963;DINSG;Deutschland insgesamt;DG;Deutschland;FRUA03;Fruchtarten;FRUART0111;Weizen;4855995;t;ERN001;Erntemenge
41241;Ernte-u.Betriebsbericht: Feldfrüchte und Grünland;JAHR;Jahr;1991;DINSG;Deutschland insgesamt;DG;Deutschland;FRUA03;Fruchtarten;FRUART031FSK;Frühe Speisekartoffeln;596851;t;ERN001;Erntemenge
41241;Ernte-u.Betriebsbericht: Feldfrüchte und Grünland;JAHR;Jahr;1983;DINSG;Deutschland insgesamt;DG;Deutschland;FRUA03;Fruchtarten;KULART0141S;Wiesen und Mähweiden;25367657;t;ERN001;Erntemenge
41241;Ernte-u.Betriebsbericht: Feldfrüchte und Grünland;JAHR;Jahr;2008;DINSG;Deutschland insgesamt;DG;Deutschland;FRUA03;Fruchtarten;FRUART022;Ackerbohnen;38400;t;ERN001;Erntemenge
41241;Ernte-u.Betriebsbericht: Feldfrüchte und Grünland;JAHR;Jahr;2006;DINSG;Deutschland insgesamt;DG;Deutschland;FRUA03;Fruchtarten;FRUART01111W;Weichweizen;22365900;t;ERN001;Erntemenge
41241;Ernte-u.Betriebsbericht: Feldfrüchte und Grünland;JAHR;Jahr;1953;DINSG;Deutschland insgesamt;DG;Deutschland;FRUA03;Fruchtarten;FRUART061;Klee, Kleegras und Klee-Luzerne-Gemisch;5310571;t;ERN001;Erntemenge
41241;Ernte-u.Betriebsbericht: Feldfrüchte und Grünland;JAHR;Jahr;2008;DINSG;Deutschland insgesamt;DG;Deutschland;FRUA03;Fruchtarten;FRUART0121;Gerste;11967100;t;ERN001;Erntemenge
41241;Ernte-u.Betriebsbericht: Feldfrüchte und Grünland;JAHR;Jahr;1991;DINSG;Deutschland insgesamt;DG;Deutschland;FRUA03;Fruchtarten;FRUART065;Raufutter;35483106;t;ERN001;Erntemenge
41241;Ernte-u.Betriebsbericht: Feldfrüchte und Grünland;JAHR;Jahr;1965;DINSG;Deutschland insgesamt;DG;Deutschland;FRUA03;Fruchtarten;FRUART0124;Triticale;.;t;ERN001;Erntemenge
41241;Ernte-u.Betriebsbericht: Feldfrüchte und Grünland;JAHR;Jahr;1952;DINSG;Deutschland insgesamt;DG;Deutschland;FRUA03;Fruchtarten;FRUART031;Kartoffeln;24069653;t;ERN001;Erntemenge
41241;Ernte-u.Betriebsbericht: Feldfrüchte und Grünland;JAHR;Jahr;1972;DINSG;Deutschland insgesamt;DG;Deutschland;FRUA03;Fruchtarten;FRUART021;Futtererbsen;.;t;ERN001;Erntemenge
41241;Ernte-u.Betriebsbericht: Feldfrüchte und Grünland;JAHR;Jahr;2000;DINSG;Deutschland insgesamt;DG;Deutschland;FRUA03;Fruchtarten;FRUART0123;Sommermenggetreide;124694;t;ERN001;Erntemenge
41241;Ernte-u.Betriebsbericht: Feldfrüchte und Grünland;JAHR;Jahr;1974;DINSG;Deutschland insgesamt;DG;Deutschland;FRUA03;Fruchtarten;FRUART0112;Roggen;2559472;t;ERN001;Erntemenge
41241;Ernte-u.Betriebsbericht: Feldfrüchte und Grünland;JAHR;Jahr;1966;DINSG;Deutschland insgesamt;DG;Deutschland;FRUA03;Fruchtarten;FRUART012;Futter- und Industriegetreide;7339151;t;ERN001;Erntemenge
41241;Ernte-u.Betriebsbericht: Feldfrüchte und Grünland;JAHR;Jahr;1963;DINSG;Deutschland insgesamt;DG;Deutschland;FRUA03;Fruchtarten;FRUART067;Lupinen;.;t;ERN001;Erntemenge
41241;Ernte-u.Betriebsbericht: Feldfrüchte und Grünland;JAHR;Jahr;1990;DINSG;Deutschland insgesamt;DG;Deutschland;FRUA03;Fruchtarten;FRUART01211;Wintergerste;9809990;t;ERN001;Erntemenge
41241;Ernte-u.Betriebsbericht: Feldfrüchte und Grünland;JAHR;Jahr;1982;DINSG;Deutschland insgesamt;DG;Deutschland;FRUA03;Fruchtarten;FRUART0122;Hafer;3112962;t;ERN001;Erntemenge
41241;Ernte-u.Betriebsbericht: Feldfrüchte und Grünland;JAHR;Jahr;2000;DINSG;Deutschland insgesamt;DG;Deutschland;FRUA03;Fruchtarten;FRUART01OKM;Getreide (ohne Körnermais und CCM);41947216;t;ERN001;Erntemenge
41241;Ernte-u.Betriebsbericht: Feldfrüchte und Grünland;JAHR;Jahr;1991;DINSG;Deutschland insgesamt;DG;Deutschland;FRUA03;Fruchtarten;KULART0141S;Wiesen und Mähweiden;30238395;t;ERN001;Erntemenge
41241;Ernte-u.Betriebsbericht: Feldfrüchte und Grünland;JAHR;Jahr;2008;DINSG;Deutschland insgesamt;DG;Deutschland;FRUA03;Fruchtarten;FRUART0112;Roggen;3744200;t;ERN001;Erntemenge
41241;Ernte-u.Betriebsbericht: Feldfrüchte und Grünland;JAHR;Jahr;1968;DINSG;Deutschland insgesamt;DG;Deutschland;FRUA03;Fruchtarten;FRUART031MUS;Mittelfrühe und späte Kartoffeln;18341364;t;ERN001;Erntemenge
41241;Ernte-u.Betriebsbericht: Feldfrüchte und Grünland;JAHR;Jahr;1984;DINSG;Deutschland insgesamt;DG;Deutschland;FRUA03;Fruchtarten;FRUART061;Klee, Kleegras und Klee-Luzerne-Gemisch;1591114;t;ERN001;Erntemenge
41241;Ernte-u.Betriebsbericht: Feldfrüchte und Grünland;JAHR;Jahr;1968;DINSG;Deutschland insgesamt;DG;Deutschland;FRUA03;Fruchtarten;FRUART0112;Roggen;3189427;t;ERN001;Erntemenge
41241;Ernte-u.Betriebsbericht: Feldfrüchte und Grünland;JAHR;Jahr;1983;DINSG;Deutschland insgesamt;DG;Deutschland;FRUA03;Fruchtarten;FRUART031;Kartoffeln;5669159;t;ERN001;Erntemenge
41241;Ernte-u.Betriebsbericht: Feldfrüchte und Grünland;JAHR;Jahr;1982;DINSG;Deutschland insgesamt;DG;Deutschland;FRUA03;Fruchtarten;FRUART013CCM;Körnermais (einschl. CCM);1054225;t;ERN001;Erntemenge
41241;Ernte-u.Betriebsbericht: Feldfrüchte und Grünland;JAHR;Jahr;1993;DINSG;Deutschland insgesamt;DG;Deutschland;FRUA03;Fruchtarten;FRUART011;Brotgetreide;18797066;t;ERN001;Erntemenge
41241;Ernte-u.Betriebsbericht: Feldfrüchte und Grünland;JAHR;Jahr;1991;DINSG;Deutschland insgesamt;DG;Deutschland;FRUA03;Fruchtarten;FRUART01111W;Weichweizen;.;t;ERN001;Erntemenge
41241;Ernte-u.Betriebsbericht: Feldfrüchte und Grünland;JAHR;Jahr;1952;DINSG;Deutschland insgesamt;DG;Deutschland;FRUA03;Fruchtarten;FRUART022;Ackerbohnen;33921;t;ERN001;Erntemenge
41241;Ernte-u.Betriebsbericht: Feldfrüchte und Grünland;JAHR;Jahr;1952;DINSG;Deutschland insgesamt;DG;Deutschland;FRUA03;Fruchtarten;FRUART031FSK;Frühe Speisekartoffeln;1036394;t;ERN001;Erntemenge
41241;Ernte-u.Betriebsbericht: Feldfrüchte und Grünland;JAHR;Jahr;1986;DINSG;Deutschland insgesamt;DG;Deutschland;FRUA03;Fruchtarten;FRUART011;Brotgetreide;12223858;t;ERN001;Erntemenge
41241;Ernte-u.Betriebsbericht: Feldfrüchte und Grünland;JAHR;Jahr;1996;DINSG;Deutschland insgesamt;DG;Deutschland;FRUA03;Fruchtarten;FRUART01EKM;Getreide (einschl. Körnermais und CCM);42135618;t;ERN001;Erntemenge
41241;Ernte-u.Betriebsbericht: Feldfrüchte und Grünland;JAHR;Jahr;1966;DINSG;Deutschland insgesamt;DG;Deutschland;FRUA03;Fruchtarten;FRUART0513;Körnersonnenblumen;.;t;ERN001;Erntemenge
41241;Ernte-u.Betriebsbericht: Feldfrüchte und Grünland;JAHR;Jahr;1964;DINSG;Deutschland insgesamt;DG;Deutschland;FRUA03;Fruchtarten;FRUART062;Luzerne;.;t;ERN001;Erntemenge
41241;Ernte-u.Betriebsbericht: Feldfrüchte und Grünland;JAHR;Jahr;1956;DINSG;Deutschland insgesamt;DG;Deutschland;FRUA03;Fruchtarten;FRUART05111;Winterraps;27006;t;ERN001;Erntemenge
41241;Ernte-u.Betriebsbericht: Feldfrüchte und Grünland;JAHR;Jahr;1963;DINSG;Deutschland insgesamt;DG;Deutschland;FRUA03;Fruchtarten;FRUART032;Zuckerrüben;12493100;t;ERN001;Erntemenge
41241;Ernte-u.Betriebsbericht: Feldfrüchte und Grünland;JAHR;Jahr;1995;DINSG;Deutschland insgesamt;DG;Deutschland;FRUA03;Fruchtarten;KULART01421;Mähweiden;15663424;t;ERN001;Erntemenge
41241;Ernte-u.Betriebsbericht: Feldfrüchte und Grünland;JAHR;Jahr;1997;DINSG;Deutschland insgesamt;DG;Deutschland;FRUA03;Fruchtarten;FRUART021;Futtererbsen;400440;t;ERN001;Erntemenge
41241;Ernte-u.Betriebsbericht: Feldfrüchte und Grünland;JAHR;Jahr;1977;DINSG;Deutschland insgesamt;DG;Deutschland;FRUA03;Fruchtarten;FRUART0113;Wintermenggetreide;85313;t;ERN001;Erntemenge
41241;Ernte-u.Betriebsbericht: Feldfrüchte und Grünland;JAHR;Jahr;1998;DINSG;Deutschland insgesamt;DG;Deutschland;FRUA03;Fruchtarten;FRUART0123;Sommermenggetreide;171109;t;ERN001;Erntemenge
41241;Ernte-u.Betriebsbericht: Feldfrüchte und Grünland;JAHR;Jahr;1964;DINSG;Deutschland insgesamt;DG;Deutschland;FRUA03;Fruchtarten;KULART01411;Wiesen;.;t;ERN001;Erntemenge
41241;Ernte-u.Betriebsbericht: Feldfrüchte und Grünland;JAHR;Jahr;1950;DINSG;Deutschland insgesamt;DG;Deutschland;FRUA03;Fruchtarten;FRUART01211;Wintergerste;358589;t;ERN001;Erntemenge
41241;Ernte-u.Betriebsbericht: Feldfrüchte und Grünland;JAHR;Jahr;1956;DINSG;Deutschland insgesamt;DG;Deutschland;FRUA03;Fruchtarten;FRUART032;Zuckerrüben;8348329;t;ERN001;Erntemenge
41241;Ernte-u.Betriebsbericht: Feldfrüchte und Grünland;JAHR;Jahr;2002;DINSG;Deutschland insgesamt;DG;Deutschland;FRUA03;Fruchtarten;FRUART022;Ackerbohnen;64656;t;ERN001;Erntemenge
41241;Ernte-u.Betriebsbericht: Feldfrüchte und Grünland;JAHR;Jahr;1957;DINSG;Deutschland insgesamt;DG;Deutschland;FRUA03;Fruchtarten;FRUART062;Luzerne;.;t;ERN001;Erntemenge
41241;Ernte-u.Betriebsbericht: Feldfrüchte und Grünland;JAHR;Jahr;1976;DINSG;Deutschland insgesamt;DG;Deutschland;FRUA03;Fruchtarten;KULART01421;Mähweiden;.;t;ERN001;Erntemenge
41241;Ernte-u.Betriebsbericht: Feldfrüchte und Grünland;JAHR;Jahr;1995;DINSG;Deutschland insgesamt;DG;Deutschland;FRUA03;Fruchtarten;FRUART01111W;Weichweizen;17725506;t;ERN001;Erntemenge
41241;Ernte-u.Betriebsbericht: Feldfrüchte und Grünland;JAHR;Jahr;1981;DINSG;Deutschland insgesamt;DG;Deutschland;FRUA03;Fruchtarten;FRUART05112;Sommerraps, Winter- und Sommerrübsen;14025;t;ERN001;Erntemenge
41241;Ernte-u.Betriebsbericht: Feldfrüchte und Grünland;JAHR;Jahr;1961;DINSG;Deutschland insgesamt;DG;Deutschland;FRUA03;Fruchtarten;FRUART0112;Roggen;2514558;t;ERN001;Erntemenge
41241;Ernte-u.Betriebsbericht: Feldfrüchte und Grünland;JAHR;Jahr;1977;DINSG;Deutschland insgesamt;DG;Deutschland;FRUA03;Fruchtarten;FRUART05111;Winterraps;265603;t;ERN001;Erntemenge
41241;Ernte-u.Betriebsbericht: Feldfrüchte und Grünland;JAHR;Jahr;1950;DINSG;Deutschland insgesamt;DG;Deutschland;FRUA03;Fruchtarten;FRUART01113;Hartweizen (Durum);.;t;ERN001;Erntemenge
41241;Ernte-u.Betriebsbericht: Feldfrüchte und Grünland;JAHR;Jahr;1996;DINSG;Deutschland insgesamt;DG;Deutschland;FRUA03;Fruchtarten;FRUART0511;Raps und Rübsen;1969826;t;ERN001;Erntemenge
41241;Ernte-u.Betriebsbericht: Feldfrüchte und Grünland;JAHR;Jahr;1991;DINSG;Deutschland insgesamt;DG;Deutschland;FRUA03;Fruchtarten;FRUART0123;Sommermenggetreide;272418;t;ERN001;Erntemenge
41241;Ernte-u.Betriebsbericht: Feldfrüchte und Grünland;JAHR;Jahr;1964;DINSG;Deutschland insgesamt;DG;Deutschland;FRUA03;Fruchtarten;FRUART031MUS;Mittelfrühe und späte Kartoffeln;19554396;t;ERN001;Erntemenge
41241;Ernte-u.Betriebsbericht: Feldfrüchte und Grünland;JAHR;Jahr;1995;DINSG;Deutschland insgesamt;DG;Deutschland;FRUA03;Fruchtarten;FRUART0122;Hafer;1420431;t;ERN001;Erntemenge
41241;Ernte-u.Betriebsbericht: Feldfrüchte und Grünland;JAHR;Jahr;1999;DINSG;Deutschland insgesamt;DG;Deutschland;FRUA03;Fruchtarten;FRUART031FSK;Frühe Speisekartoffeln;560656;t;ERN001;Erntemenge
41241;Ernte-u.Betriebsbericht: Feldfrüchte und Grünland;JAHR;Jahr;1996;DINSG;Deutschland insgesamt;DG;Deutschland;FRUA03;Fruchtarten;FRUART013CCM;Körnermais (einschl. CCM);2912620;t;ERN001;Erntemenge
41241;Ernte-u.Betriebsbericht: Feldfrüchte und Grünland;JAHR;Jahr;2006;DINSG;Deutschland insgesamt;DG;Deutschland;FRUA03;Fruchtarten;FRUART032;Zuckerrüben;20646600;t;ERN001;Erntemenge
41241;Ernte-u.Betriebsbericht: Feldfrüchte und Grünland;JAHR;Jahr;2007;DINSG;Deutschland insgesamt;DG;Deutschland;FRUA03;Fruchtarten;FRUART062;Luzerne;325882;t;ERN001;Erntemenge
41241;Ernte-u.Betriebsbericht: Feldfrüchte und Grünland;JAHR;Jahr;1976;DINSG;Deutschland insgesamt;DG;Deutschland;FRUA03;Fruchtarten;FRUART0111;Weizen;6701676;t;ERN001;Erntemenge
41241;Ernte-u.Betriebsbericht: Feldfrüchte und Grünland;JAHR;Jahr;1983;DINSG;Deutschland insgesamt;DG;Deutschland;FRUA03;Fruchtarten;FRUART01212;Sommergerste;2542103;t;ERN001;Erntemenge
41241;Ernte-u.Betriebsbericht: Feldfrüchte und Grünland;JAHR;Jahr;1990;DINSG;Deutschland insgesamt;DG;Deutschland;FRUA03;Fruchtarten;FRUART022;Ackerbohnen;134677;t;ERN001;Erntemenge
41241;Ernte-u.Betriebsbericht: Feldfrüchte und Grünland;JAHR;Jahr;1957;DINSG;Deutschland insgesamt;DG;Deutschland;FRUA03;Fruchtarten;FRUART01OKM;Getreide (ohne Körnermais und CCM);13554281;t;ERN001;Erntemenge
41241;Ernte-u.Betriebsbericht: Feldfrüchte und Grünland;JAHR;Jahr;1986;DINSG;Deutschland insgesamt;DG;Deutschland;FRUA03;Fruchtarten;FRUART033;Runkelrüben;9797882;t;ERN001;Erntemenge
41241;Ernte-u.Betriebsbericht: Feldfrüchte und Grünland;JAHR;Jahr;1955;DINSG;Deutschland insgesamt;DG;Deutschland;FRUA03;Fruchtarten;KULART01421;Mähweiden;.;t;ERN001;Erntemenge
41241;Ernte-u.Betriebsbericht: Feldfrüchte und Grünland;JAHR;Jahr;1991;DINSG;Deutschland insgesamt;DG;Deutschland;FRUA03;Fruchtarten;KULART01411;Wiesen;18013098;t;ERN001;Erntemenge
41241;Ernte-u.Betriebsbericht: Feldfrüchte und Grünland;JAHR;Jahr;1987;DINSG;Deutschland insgesamt;DG;Deutschland;FRUA03;Fruchtarten;FRUART063;Feldgras/Grasanbau auf dem Ackerland;852563;t;ERN001;Erntemenge
41241;Ernte-u.Betriebsbericht: Feldfrüchte und Grünland;JAHR;Jahr;1986;DINSG;Deutschland insgesamt;DG;Deutschland;FRUA03;Fruchtarten;FRUART013CCM;Körnermais (einschl. CCM);1302019;t;ERN001;Erntemenge
41241;Ernte-u.Betriebsbericht: Feldfrüchte und Grünland;JAHR;Jahr;1979;DINSG;Deutschland insgesamt;DG;Deutschland;FRUA03;Fruchtarten;KULART01421;Mähweiden;.;t;ERN001;Erntemenge
41241;Ernte-u.Betriebsbericht: Feldfrüchte und Grünland;JAHR;Jahr;1979;DINSG;Deutschland insgesamt;DG;Deutschland;FRUA03;Fruchtarten;FRUART01111W;Weichweizen;.;t;ERN001;Erntemenge
41241;Ernte-u.Betriebsbericht: Feldfrüchte und Grünland;JAHR;Jahr;1954;DINSG;Deutschland insgesamt;DG;Deutschland;FRUA03;Fruchtarten;FRUART0121;Gerste;1926056;t;ERN001;Erntemenge
41241;Ernte-u.Betriebsbericht: Feldfrüchte und Grünland;JAHR;Jahr;1960;DINSG;Deutschland insgesamt;DG;Deutschland;FRUA03;Fruchtarten;FRUART065;Raufutter;26380089;t;ERN001;Erntemenge
41241;Ernte-u.Betriebsbericht: Feldfrüchte und Grünland;JAHR;Jahr;1986;DINSG;Deutschland insgesamt;DG;Deutschland;FRUA03;Fruchtarten;FRUART01212;Sommergerste;2839919;t;ERN001;Erntemenge
41241;Ernte-u.Betriebsbericht: Feldfrüchte und Grünland;JAHR;Jahr;2009;DINSG;Deutschland insgesamt;DG;Deutschland;FRUA03;Fruchtarten;FRUART012;Futter- und Industriegetreide;15705800;t;ERN001;Erntemenge
41241;Ernte-u.Betriebsbericht: Feldfrüchte und Grünland;JAHR;Jahr;2006;DINSG;Deutschland insgesamt;DG;Deutschland;FRUA03;Fruchtarten;FRUART067;Lupinen;.;t;ERN001;Erntemenge
41241;Ernte-u.Betriebsbericht: Feldfrüchte und Grünland;JAHR;Jahr;1983;DINSG;Deutschland insgesamt;DG;Deutschland;FRUA03;Fruchtarten;FRUART0124;Triticale;.;t;ERN001;Erntemenge
41241;Ernte-u.Betriebsbericht: Feldfrüchte und Grünland;JAHR;Jahr;1980;DINSG;Deutschland insgesamt;DG;Deutschland;FRUA03;Fruchtarten;FRUART031MUS;Mittelfrühe und späte Kartoffeln;6153094;t;ERN001;Erntemenge
41241;Ernte-u.Betriebsbericht: Feldfrüchte und Grünland;JAHR;Jahr;1962;DINSG;Deutschland insgesamt;DG;Deutschland;FRUA03;Fruchtarten;FRUART01212;Sommergerste;2880496;t;ERN001;Erntemenge
41241;Ernte-u.Betriebsbericht: Feldfrüchte und Grünland;JAHR;Jahr;1972;DINSG;Deutschland insgesamt;DG;Deutschland;FRUA03;Fruchtarten;FRUART0513;Körnersonnenblumen;.;t;ERN001;Erntemenge
41241;Ernte-u.Betriebsbericht: Feldfrüchte und Grünland;JAHR;Jahr;1972;DINSG;Deutschland insgesamt;DG;Deutschland;FRUA03;Fruchtarten;FRUART065;Raufutter;31048350;t;ERN001;Erntemenge
41241;Ernte-u.Betriebsbericht: Feldfrüchte und Grünland;JAHR;Jahr;2007;DINSG;Deutschland insgesamt;DG;Deutschland;FRUA03;Fruchtarten;FRUART01112;Sommerweizen;150883;t;ERN001;Erntemenge
41241;Ernte-u.Betriebsbericht: Feldfrüchte und Grünland;JAHR;Jahr;1964;DINSG;Deutschland insgesamt;DG;Deutschland;FRUA03;Fruchtarten;FRUART0113;Wintermenggetreide;176430;t;ERN001;Erntemenge
41241;Ernte-u.Betriebsbericht: Feldfrüchte und Grünland;JAHR;Jahr;1975;DINSG;Deutschland insgesamt;DG;Deutschland;FRUA03;Fruchtarten;FRUART067;Lupinen;.;t;ERN001;Erntemenge
41241;Ernte-u.Betriebsbericht: Feldfrüchte und Grünland;JAHR;Jahr;1965;DINSG;Deutschland insgesamt;DG;Deutschland;FRUA03;Fruchtarten;FRUART0511;Raps und Rübsen;106538;t;ERN001;Erntemenge
41241;Ernte-u.Betriebsbericht: Feldfrüchte und Grünland;JAHR;Jahr;1989;DINSG;Deutschland insgesamt;DG;Deutschland;FRUA03;Fruchtarten;FRUART022;Ackerbohnen;165541;t;ERN001;Erntemenge
41241;Ernte-u.Betriebsbericht: Feldfrüchte und Grünland;JAHR;Jahr;1978;DINSG;Deutschland insgesamt;DG;Deutschland;FRUA03;Fruchtarten;FRUART012;Futter- und Industriegetreide;12656957;t;ERN001;Erntemenge
41241;Ernte-u.Betriebsbericht: Feldfrüchte und Grünland;JAHR;Jahr;1960;DINSG;Deutschland insgesamt;DG;Deutschland;FRUA03;Fruchtarten;FRUART031MUS;Mittelfrühe und späte Kartoffeln;23531897;t;ERN001;Erntemenge
41241;Ernte-u.Betriebsbericht: Feldfrüchte und Grünland;JAHR;Jahr;2003;DINSG;Deutschland insgesamt;DG;Deutschland;FRUA03;Fruchtarten;FRUART061;Klee, Kleegras und Klee-Luzerne-Gemisch;1075433;t;ERN001;Erntemenge
41241;Ernte-u.Betriebsbericht: Feldfrüchte und Grünland;JAHR;Jahr;1950;DINSG;Deutschland insgesamt;DG;Deutschland;FRUA03;Fruchtarten;FRUART063;Feldgras/Grasanbau auf dem Ackerland;726700;t;ERN001;Erntemenge
41241;Ernte-u.Betriebsbericht: Feldfrüchte und Grünland;JAHR;Jahr;1964;DINSG;Deutschland insgesamt;DG;Deutschland;FRUA03;Fruchtarten;KULART0141S;Wiesen und Mähweiden;18781926;t;ERN001;Erntemenge
41241;Ernte-u.Betriebsbericht: Feldfrüchte und Grünland;JAHR;Jahr;1997;DINSG;Deutschland insgesamt;DG;Deutschland;FRUA03;Fruchtarten;FRUART0513;Körnersonnenblumen;84960;t;ERN001;Erntemenge
41241;Ernte-u.Betriebsbericht: Feldfrüchte und Grünland;JAHR;Jahr;1970;DINSG;Deutschland insgesamt;DG;Deutschland;FRUA03;Fruchtarten;FRUART0113;Wintermenggetreide;120056;t;ERN001;Erntemenge
41241;Ernte-u.Betriebsbericht: Feldfrüchte und Grünland;JAHR;Jahr;2002;DINSG;Deutschland insgesamt;DG;Deutschland;FRUA03;Fruchtarten;FRUART031;Kartoffeln;11113856;t;ERN001;Erntemenge
41241;Ernte-u.Betriebsbericht: Feldfrüchte und Grünland;JAHR;Jahr;1982;DINSG;Deutschland insgesamt;DG;Deutschland;FRUA03;Fruchtarten;FRUART01111;Winterweizen;6957472;t;ERN001;Erntemenge
41241;Ernte-u.Betriebsbericht: Feldfrüchte und Grünland;JAHR;Jahr;1984;DINSG;Deutschland insgesamt;DG;Deutschland;FRUA03;Fruchtarten;FRUART01OKM;Getreide (ohne Körnermais und CCM);25462536;t;ERN001;Erntemenge
41241;Ernte-u.Betriebsbericht: Feldfrüchte und Grünland;JAHR;Jahr;1975;DINSG;Deutschland insgesamt;DG;Deutschland;FRUA03;Fruchtarten;FRUART01111W;Weichweizen;.;t;ERN001;Erntemenge
41241;Ernte-u.Betriebsbericht: Feldfrüchte und Grünland;JAHR;Jahr;1961;DINSG;Deutschland insgesamt;DG;Deutschland;FRUA03;Fruchtarten;FRUART01111W;Weichweizen;.;t;ERN001;Erntemenge
41241;Ernte-u.Betriebsbericht: Feldfrüchte und Grünland;JAHR;Jahr;1971;DINSG;Deutschland insgesamt;DG;Deutschland;FRUA03;Fruchtarten;FRUART0511;Raps und Rübsen;228283;t;ERN001;Erntemenge
41241;Ernte-u.Betriebsbericht: Feldfrüchte und Grünland;JAHR;Jahr;1954;DINSG;Deutschland insgesamt;DG;Deutschland;FRUA03;Fruchtarten;FRUART01112;Sommerweizen;538807;t;ERN001;Erntemenge
41241;Ernte-u.Betriebsbericht: Feldfrüchte und Grünland;JAHR;Jahr;1952;DINSG;Deutschland insgesamt;DG;Deutschland;FRUA03;Fruchtarten;FRUART0113;Wintermenggetreide;173282;t;ERN001;Erntemenge
41241;Ernte-u.Betriebsbericht: Feldfrüchte und Grünland;JAHR;Jahr;2006;DINSG;Deutschland insgesamt;DG;Deutschland;FRUA03;Fruchtarten;FRUART01111;Winterweizen;22128100;t;ERN001;Erntemenge
41241;Ernte-u.Betriebsbericht: Feldfrüchte und Grünland;JAHR;Jahr;1959;DINSG;Deutschland insgesamt;DG;Deutschland;FRUA03;Fruchtarten;FRUART01212;Sommergerste;1986206;t;ERN001;Erntemenge
41241;Ernte-u.Betriebsbericht: Feldfrüchte und Grünland;JAHR;Jahr;1953;DINSG;Deutschland insgesamt;DG;Deutschland;FRUA03;Fruchtarten;FRUART0511;Raps und Rübsen;31679;t;ERN001;Erntemenge
41241;Ernte-u.Betriebsbericht: Feldfrüchte und Grünland;JAHR;Jahr;1975;DINSG;Deutschland insgesamt;DG;Deutschland;FRUA03;Fruchtarten;FRUART032;Zuckerrüben;18203027;t;ERN001;Erntemenge
41241;Ernte-u.Betriebsbericht: Feldfrüchte und Grünland;JAHR;Jahr;1997;DINSG;Deutschland insgesamt;DG;Deutschland;FRUA03;Fruchtarten;FRUART065;Raufutter;37236418;t;ERN001;Erntemenge
41241;Ernte-u.Betriebsbericht: Feldfrüchte und Grünland;JAHR;Jahr;2005;DINSG;Deutschland insgesamt;DG;Deutschland;FRUA03;Fruchtarten;FRUART011;Brotgetreide;26534800;t;ERN001;Erntemenge
41241;Ernte-u.Betriebsbericht: Feldfrüchte und Grünland;JAHR;Jahr;1998;DINSG;Deutschland insgesamt;DG;Deutschland;FRUA03;Fruchtarten;FRUART01111;Winterweizen;19878113;t;ERN001;Erntemenge
41241;Ernte-u.Betriebsbericht: Feldfrüchte und Grünland;JAHR;Jahr;1976;DINSG;Deutschland insgesamt;DG;Deutschland;FRUA03;Fruchtarten;FRUART062;Luzerne;.;t;ERN001;Erntemenge
41241;Ernte-u.Betriebsbericht: Feldfrüchte und Grünland;JAHR;Jahr;1955;DINSG;Deutschland insgesamt;DG;Deutschland;FRUA03;Fruchtarten;FRUART0123;Sommermenggetreide;866928;t;ERN001;Erntemenge
41241;Ernte-u.Betriebsbericht: Feldfrüchte und Grünland;JAHR;Jahr;2001;DINSG;Deutschland insgesamt;DG;Deutschland;FRUA03;Fruchtarten;FRUART05111;Winterraps;4112376;t;ERN001;Erntemenge
41241;Ernte-u.Betriebsbericht: Feldfrüchte und Grünland;JAHR;Jahr;1979;DINSG;Deutschland insgesamt;DG;Deutschland;FRUA03;Fruchtarten;FRUART064;Silomais (einschl. Lieschkolbenschrot);31765072;t;ERN001;Erntemenge
41241;Ernte-u.Betriebsbericht: Feldfrüchte und Grünland;JAHR;Jahr;1985;DINSG;Deutschland insgesamt;DG;Deutschland;FRUA03;Fruchtarten;FRUART012;Futter- und Industriegetreide;12968308;t;ERN001;Erntemenge
41241;Ernte-u.Betriebsbericht: Feldfrüchte und Grünland;JAHR;Jahr;1974;DINSG;Deutschland insgesamt;DG;Deutschland;FRUA03;Fruchtarten;FRUART01111;Winterweizen;6739466;t;ERN001;Erntemenge
41241;Ernte-u.Betriebsbericht: Feldfrüchte und Grünland;JAHR;Jahr;1965;DINSG;Deutschland insgesamt;DG;Deutschland;FRUA03;Fruchtarten;FRUART061;Klee, Kleegras und Klee-Luzerne-Gemisch;3830304;t;ERN001;Erntemenge
41241;Ernte-u.Betriebsbericht: Feldfrüchte und Grünland;JAHR;Jahr;1982;DINSG;Deutschland insgesamt;DG;Deutschland;FRUA03;Fruchtarten;FRUART067;Lupinen;.;t;ERN001;Erntemenge
41241;Ernte-u.Betriebsbericht: Feldfrüchte und Grünland;JAHR;Jahr;2001;DINSG;Deutschland insgesamt;DG;Deutschland;FRUA03;Fruchtarten;FRUART0112;Roggen;5132349;t;ERN001;Erntemenge
41241;Ernte-u.Betriebsbericht: Feldfrüchte und Grünland;JAHR;Jahr;1959;DINSG;Deutschland insgesamt;DG;Deutschland;FRUA03;Fruchtarten;FRUART01111W;Weichweizen;.;t;ERN001;Erntemenge
41241;Ernte-u.Betriebsbericht: Feldfrüchte und Grünland;JAHR;Jahr;1973;DINSG;Deutschland insgesamt;DG;Deutschland;FRUA03;Fruchtarten;FRUART0123;Sommermenggetreide;1109294;t;ERN001;Erntemenge
41241;Ernte-u.Betriebsbericht: Feldfrüchte und Grünland;JAHR;Jahr;1989;DINSG;Deutschland insgesamt;DG;Deutschland;FRUA03;Fruchtarten;FRUART0122;Hafer;1533678;t;ERN001;Erntemenge
41241;Ernte-u.Betriebsbericht: Feldfrüchte und Grünland;JAHR;Jahr;1964;DINSG;Deutschland insgesamt;DG;Deutschland;FRUA03;Fruchtarten;FRUART031;Kartoffeln;20623985;t;ERN001;Erntemenge
41241;Ernte-u.Betriebsbericht: Feldfrüchte und Grünland;JAHR;Jahr;1968;DINSG;Deutschland insgesamt;DG;Deutschland;FRUA03;Fruchtarten;FRUART063;Feldgras/Grasanbau auf dem Ackerland;1248700;t;ERN001;Erntemenge
41241;Ernte-u.Betriebsbericht: Feldfrüchte und Grünland;JAHR;Jahr;1994;DINSG;Deutschland insgesamt;DG;Deutschland;FRUA03;Fruchtarten;FRUART063;Feldgras/Grasanbau auf dem Ackerland;1836821;t;ERN001;Erntemenge
41241;Ernte-u.Betriebsbericht: Feldfrüchte und Grünland;JAHR;Jahr;1984;DINSG;Deutschland insgesamt;DG;Deutschland;FRUA03;Fruchtarten;FRUART0513;Körnersonnenblumen;.;t;ERN001;Erntemenge
41241;Ernte-u.Betriebsbericht: Feldfrüchte und Grünland;JAHR;Jahr;1993;DINSG;Deutschland insgesamt;DG;Deutschland;FRUA03;Fruchtarten;FRUART033;Runkelrüben;3693618;t;ERN001;Erntemenge
41241;Ernte-u.Betriebsbericht: Feldfrüchte und Grünland;JAHR;Jahr;1956;DINSG;Deutschland insgesamt;DG;Deutschland;FRUA03;Fruchtarten;FRUART067;Lupinen;.;t;ERN001;Erntemenge
41241;Ernte-u.Betriebsbericht: Feldfrüchte und Grünland;JAHR;Jahr;1959;DINSG;Deutschland insgesamt;DG;Deutschland;FRUA03;Fruchtarten;FRUART012;Futter- und Industriegetreide;5783454;t;ERN001;Erntemenge
41241;Ernte-u.Betriebsbericht: Feldfrüchte und Grünland;JAHR;Jahr;2009;DINSG;Deutschland insgesamt;DG;Deutschland;FRUA03;Fruchtarten;FRUART021;Futtererbsen;165900;t;ERN001;Erntemenge
41241;Ernte-u.Betriebsbericht: Feldfrüchte und Grünland;JAHR;Jahr;1978;DINSG;Deutschland insgesamt;DG;Deutschland;FRUA03;Fruchtarten;FRUART0511;Raps und Rübsen;330967;t;ERN001;Erntemenge
41241;Ernte-u.Betriebsbericht: Feldfrüchte und Grünland;JAHR;Jahr;1971;DINSG;Deutschland insgesamt;DG;Deutschland;FRUA03;Fruchtarten;FRUART022;Ackerbohnen;59934;t;ERN001;Erntemenge
41241;Ernte-u.Betriebsbericht: Feldfrüchte und Grünland;JAHR;Jahr;2006;DINSG;Deutschland insgesamt;DG;Deutschland;FRUA03;Fruchtarten;FRUART0513;Körnersonnenblumen;61900;t;ERN001;Erntemenge
41241;Ernte-u.Betriebsbericht: Feldfrüchte und Grünland;JAHR;Jahr;1957;DINSG;Deutschland insgesamt;DG;Deutschland;FRUA03;Fruchtarten;FRUART05112;Sommerraps, Winter- und Sommerrübsen;20334;t;ERN001;Erntemenge
41241;Ernte-u.Betriebsbericht: Feldfrüchte und Grünland;JAHR;Jahr;1994;DINSG;Deutschland insgesamt;DG;Deutschland;FRUA03;Fruchtarten;FRUART01112;Sommerweizen;382676;t;ERN001;Erntemenge
41241;Ernte-u.Betriebsbericht: Feldfrüchte und Grünland;JAHR;Jahr;1967;DINSG;Deutschland insgesamt;DG;Deutschland;FRUA03;Fruchtarten;FRUART033;Runkelrüben;21305489;t;ERN001;Erntemenge
41241;Ernte-u.Betriebsbericht: Feldfrüchte und Grünland;JAHR;Jahr;1970;DINSG;Deutschland insgesamt;DG;Deutschland;FRUA03;Fruchtarten;FRUART01112;Sommerweizen;551491;t;ERN001;Erntemenge
41241;Ernte-u.Betriebsbericht: Feldfrüchte und Grünland;JAHR;Jahr;1960;DINSG;Deutschland insgesamt;DG;Deutschland;FRUA03;Fruchtarten;FRUART021;Futtererbsen;.;t;ERN001;Erntemenge
41241;Ernte-u.Betriebsbericht: Feldfrüchte und Grünland;JAHR;Jahr;1966;DINSG;Deutschland insgesamt;DG;Deutschland;FRUA03;Fruchtarten;FRUART013CCM;Körnermais (einschl. CCM);126926;t;ERN001;Erntemenge
41241;Ernte-u.Betriebsbericht: Feldfrüchte und Grünland;JAHR;Jahr;1990;DINSG;Deutschland insgesamt;DG;Deutschland;FRUA03;Fruchtarten;FRUART01113;Hartweizen (Durum);.;t;ERN001;Erntemenge
41241;Ernte-u.Betriebsbericht: Feldfrüchte und Grünland;JAHR;Jahr;1990;DINSG;Deutschland insgesamt;DG;Deutschland;FRUA03;Fruchtarten;FRUART0513;Körnersonnenblumen;.;t;ERN001;Erntemenge
41241;Ernte-u.Betriebsbericht: Feldfrüchte und Grünland;JAHR;Jahr;2004;DINSG;Deutschland insgesamt;DG;Deutschland;FRUA03;Fruchtarten;FRUART0122;Hafer;1185792;t;ERN001;Erntemenge
41241;Ernte-u.Betriebsbericht: Feldfrüchte und Grünland;JAHR;Jahr;1991;DINSG;Deutschland insgesamt;DG;Deutschland;FRUA03;Fruchtarten;FRUART061;Klee, Kleegras und Klee-Luzerne-Gemisch;2321799;t;ERN001;Erntemenge
41241;Ernte-u.Betriebsbericht: Feldfrüchte und Grünland;JAHR;Jahr;1956;DINSG;Deutschland insgesamt;DG;Deutschland;FRUA03;Fruchtarten;FRUART01EKM;Getreide (einschl. Körnermais und CCM);13208162;t;ERN001;Erntemenge
41241;Ernte-u.Betriebsbericht: Feldfrüchte und Grünland;JAHR;Jahr;1990;DINSG;Deutschland insgesamt;DG;Deutschland;FRUA03;Fruchtarten;FRUART031;Kartoffeln;14038504;t;ERN001;Erntemenge
41241;Ernte-u.Betriebsbericht: Feldfrüchte und Grünland;JAHR;Jahr;1971;DINSG;Deutschland insgesamt;DG;Deutschland;FRUA03;Fruchtarten;FRUART01111W;Weichweizen;.;t;ERN001;Erntemenge
41241;Ernte-u.Betriebsbericht: Feldfrüchte und Grünland;JAHR;Jahr;1953;DINSG;Deutschland insgesamt;DG;Deutschland;FRUA03;Fruchtarten;FRUART065;Raufutter;25139184;t;ERN001;Erntemenge
41241;Ernte-u.Betriebsbericht: Feldfrüchte und Grünland;JAHR;Jahr;1964;DINSG;Deutschland insgesamt;DG;Deutschland;FRUA03;Fruchtarten;FRUART032;Zuckerrüben;12862644;t;ERN001;Erntemenge
41241;Ernte-u.Betriebsbericht: Feldfrüchte und Grünland;JAHR;Jahr;1985;DINSG;Deutschland insgesamt;DG;Deutschland;FRUA03;Fruchtarten;FRUART011;Brotgetreide;11742398;t;ERN001;Erntemenge
41241;Ernte-u.Betriebsbericht: Feldfrüchte und Grünland;JAHR;Jahr;1956;DINSG;Deutschland insgesamt;DG;Deutschland;FRUA03;Fruchtarten;FRUART01111W;Weichweizen;.;t;ERN001;Erntemenge
41241;Ernte-u.Betriebsbericht: Feldfrüchte und Grünland;JAHR;Jahr;1963;DINSG;Deutschland insgesamt;DG;Deutschland;FRUA03;Fruchtarten;KULART01421;Mähweiden;.;t;ERN001;Erntemenge
41241;Ernte-u.Betriebsbericht: Feldfrüchte und Grünland;JAHR;Jahr;1999;DINSG;Deutschland insgesamt;DG;Deutschland;FRUA03;Fruchtarten;FRUART012;Futter- und Industriegetreide;17203768;t;ERN001;Erntemenge
41241;Ernte-u.Betriebsbericht: Feldfrüchte und Grünland;JAHR;Jahr;1958;DINSG;Deutschland insgesamt;DG;Deutschland;FRUA03;Fruchtarten;FRUART0111;Weizen;3720684;t;ERN001;Erntemenge
41241;Ernte-u.Betriebsbericht: Feldfrüchte und Grünland;JAHR;Jahr;1976;DINSG;Deutschland insgesamt;DG;Deutschland;FRUA03;Fruchtarten;FRUART05111;Winterraps;206809;t;ERN001;Erntemenge
41241;Ernte-u.Betriebsbericht: Feldfrüchte und Grünland;JAHR;Jahr;2007;DINSG;Deutschland insgesamt;DG;Deutschland;FRUA03;Fruchtarten;FRUART065;Raufutter;39032554;t;ERN001;Erntemenge
41241;Ernte-u.Betriebsbericht: Feldfrüchte und Grünland;JAHR;Jahr;1996;DINSG;Deutschland insgesamt;DG;Deutschland;FRUA03;Fruchtarten;FRUART021;Futtererbsen;300879;t;ERN001;Erntemenge
41241;Ernte-u.Betriebsbericht: Feldfrüchte und Grünland;JAHR;Jahr;1968;DINSG;Deutschland insgesamt;DG;Deutschland;FRUA03;Fruchtarten;FRUART064;Silomais (einschl. Lieschkolbenschrot);5015090;t;ERN001;Erntemenge
41241;Ernte-u.Betriebsbericht: Feldfrüchte und Grünland;JAHR;Jahr;1958;DINSG;Deutschland insgesamt;DG;Deutschland;FRUA03;Fruchtarten;FRUART0122;Hafer;2171955;t;ERN001;Erntemenge
41241;Ernte-u.Betriebsbericht: Feldfrüchte und Grünland;JAHR;Jahr;1994;DINSG;Deutschland insgesamt;DG;Deutschland;FRUA03;Fruchtarten;FRUART05112;Sommerraps, Winter- und Sommerrübsen;158650;t;ERN001;Erntemenge
41241;Ernte-u.Betriebsbericht: Feldfrüchte und Grünland;JAHR;Jahr;1978;DINSG;Deutschland insgesamt;DG;Deutschland;FRUA03;Fruchtarten;FRUART033;Runkelrüben;18677788;t;ERN001;Erntemenge
41241;Ernte-u.Betriebsbericht: Feldfrüchte und Grünland;JAHR;Jahr;1952;DINSG;Deutschland insgesamt;DG;Deutschland;FRUA03;Fruchtarten;FRUART01EKM;Getreide (einschl. Körnermais und CCM);11562622;t;ERN001;Erntemenge
41241;Ernte-u.Betriebsbericht: Feldfrüchte und Grünland;JAHR;Jahr;2002;DINSG;Deutschland insgesamt;DG;Deutschland;FRUA03;Fruchtarten;FRUART0124;Triticale;3068295;t;ERN001;Erntemenge
41241;Ernte-u.Betriebsbericht: Feldfrüchte und Grünland;JAHR;Jahr;1971;DINSG;Deutschland insgesamt;DG;Deutschland;FRUA03;Fruchtarten;FRUART067;Lupinen;.;t;ERN001;Erntemenge
41241;Ernte-u.Betriebsbericht: Feldfrüchte und Grünland;JAHR;Jahr;1954;DINSG;Deutschland insgesamt;DG;Deutschland;FRUA03;Fruchtarten;FRUART063;Feldgras/Grasanbau auf dem Ackerland;733594;t;ERN001;Erntemenge
41241;Ernte-u.Betriebsbericht: Feldfrüchte und Grünland;JAHR;Jahr;1970;DINSG;Deutschland insgesamt;DG;Deutschland;FRUA03;Fruchtarten;FRUART01212;Sommergerste;2938697;t;ERN001;Erntemenge
41241;Ernte-u.Betriebsbericht: Feldfrüchte und Grünland;JAHR;Jahr;2006;DINSG;Deutschland insgesamt;DG;Deutschland;FRUA03;Fruchtarten;FRUART05112;Sommerraps, Winter- und Sommerrübsen;39600;t;ERN001;Erntemenge
41241;Ernte-u.Betriebsbericht: Feldfrüchte und Grünland;JAHR;Jahr;1992;DINSG;Deutschland insgesamt;DG;Deutschland;FRUA03;Fruchtarten;FRUART0111;Weizen;15541661;t;ERN001;Erntemenge
41241;Ernte-u.Betriebsbericht: Feldfrüchte und Grünland;JAHR;Jahr;1955;DINSG;Deutschland insgesamt;DG;Deutschland;FRUA03;Fruchtarten;FRUART01112;Sommerweizen;429223;t;ERN001;Erntemenge
41241;Ernte-u.Betriebsbericht: Feldfrüchte und Grünland;JAHR;Jahr;1998;DINSG;Deutschland insgesamt;DG;Deutschland;FRUA03;Fruchtarten;FRUART01OKM;Getreide (ohne Körnermais und CCM);41793388;t;ERN001;Erntemenge
41241;Ernte-u.Betriebsbericht: Feldfrüchte und Grünland;JAHR;Jahr;1960;DINSG;Deutschland insgesamt;DG;Deutschland;FRUA03;Fruchtarten;FRUART022;Ackerbohnen;24696;t;ERN001;Erntemenge
41241;Ernte-u.Betriebsbericht: Feldfrüchte und Grünland;JAHR;Jahr;2003;DINSG;Deutschland insgesamt;DG;Deutschland;FRUA03;Fruchtarten;FRUART01212;Sommergerste;3616946;t;ERN001;Erntemenge
41241;Ernte-u.Betriebsbericht: Feldfrüchte und Grünland;JAHR;Jahr;1983;DINSG;Deutschland insgesamt;DG;Deutschland;FRUA03;Fruchtarten;FRUART01111;Winterweizen;8567913;t;ERN001;Erntemenge
41241;Ernte-u.Betriebsbericht: Feldfrüchte und Grünland;JAHR;Jahr;1973;DINSG;Deutschland insgesamt;DG;Deutschland;FRUA03;Fruchtarten;FRUART01211;Wintergerste;2852719;t;ERN001;Erntemenge
41241;Ernte-u.Betriebsbericht: Feldfrüchte und Grünland;JAHR;Jahr;1993;DINSG;Deutschland insgesamt;DG;Deutschland;FRUA03;Fruchtarten;FRUART065;Raufutter;37337871;t;ERN001;Erntemenge
41241;Ernte-u.Betriebsbericht: Feldfrüchte und Grünland;JAHR;Jahr;1986;DINSG;Deutschland insgesamt;DG;Deutschland;FRUA03;Fruchtarten;FRUART0511;Raps und Rübsen;968885;t;ERN001;Erntemenge
41241;Ernte-u.Betriebsbericht: Feldfrüchte und Grünland;JAHR;Jahr;1957;DINSG;Deutschland insgesamt;DG;Deutschland;FRUA03;Fruchtarten;FRUART031FSK;Frühe Speisekartoffeln;989158;t;ERN001;Erntemenge
41241;Ernte-u.Betriebsbericht: Feldfrüchte und Grünland;JAHR;Jahr;1971;DINSG;Deutschland insgesamt;DG;Deutschland;FRUA03;Fruchtarten;FRUART032;Zuckerrüben;14409485;t;ERN001;Erntemenge
41241;Ernte-u.Betriebsbericht: Feldfrüchte und Grünland;JAHR;Jahr;1984;DINSG;Deutschland insgesamt;DG;Deutschland;FRUA03;Fruchtarten;KULART01421;Mähweiden;.;t;ERN001;Erntemenge
41241;Ernte-u.Betriebsbericht: Feldfrüchte und Grünland;JAHR;Jahr;1950;DINSG;Deutschland insgesamt;DG;Deutschland;FRUA03;Fruchtarten;FRUART01OKM;Getreide (ohne Körnermais und CCM);10258531;t;ERN001;Erntemenge
41241;Ernte-u.Betriebsbericht: Feldfrüchte und Grünland;JAHR;Jahr;1977;DINSG;Deutschland insgesamt;DG;Deutschland;FRUA03;Fruchtarten;KULART01411;Wiesen;.;t;ERN001;Erntemenge
41241;Ernte-u.Betriebsbericht: Feldfrüchte und Grünland;JAHR;Jahr;1950;DINSG;Deutschland insgesamt;DG;Deutschland;FRUA03;Fruchtarten;FRUART031;Kartoffeln;28194108;t;ERN001;Erntemenge
41241;Ernte-u.Betriebsbericht: Feldfrüchte und Grünland;JAHR;Jahr;1984;DINSG;Deutschland insgesamt;DG;Deutschland;FRUA03;Fruchtarten;FRUART0124;Triticale;.;t;ERN001;Erntemenge
41241;Ernte-u.Betriebsbericht: Feldfrüchte und Grünland;JAHR;Jahr;1972;DINSG;Deutschland insgesamt;DG;Deutschland;FRUA03;Fruchtarten;FRUART031FSK;Frühe Speisekartoffeln;802987;t;ERN001;Erntemenge
41241;Ernte-u.Betriebsbericht: Feldfrüchte und Grünland;JAHR;Jahr;2003;DINSG;Deutschland insgesamt;DG;Deutschland;FRUA03;Fruchtarten;FRUART033;Runkelrüben;487078;t;ERN001;Erntemenge
41241;Ernte-u.Betriebsbericht: Feldfrüchte und Grünland;JAHR;Jahr;1970;DINSG;Deutschland insgesamt;DG;Deutschland;FRUA03;Fruchtarten;FRUART0123;Sommermenggetreide;1106340;t;ERN001;Erntemenge
41241;Ernte-u.Betriebsbericht: Feldfrüchte und Grünland;JAHR;Jahr;1973;DINSG;Deutschland insgesamt;DG;Deutschland;FRUA03;Fruchtarten;FRUART01113;Hartweizen (Durum);.;t;ERN001;Erntemenge
41241;Ernte-u.Betriebsbericht: Feldfrüchte und Grünland;JAHR;Jahr;1967;DINSG;Deutschland insgesamt;DG;Deutschland;FRUA03;Fruchtarten;FRUART0113;Wintermenggetreide;154635;t;ERN001;Erntemenge
41241;Ernte-u.Betriebsbericht: Feldfrüchte und Grünland;JAHR;Jahr;1953;DINSG;Deutschland insgesamt;DG;Deutschland;FRUA03;Fruchtarten;FRUART022;Ackerbohnen;36298;t;ERN001;Erntemenge
41241;Ernte-u.Betriebsbericht: Feldfrüchte und Grünland;JAHR;Jahr;1991;DINSG;Deutschland insgesamt;DG;Deutschland;FRUA03;Fruchtarten;FRUART01212;Sommergerste;5123829;t;ERN001;Erntemenge
41241;Ernte-u.Betriebsbericht: Feldfrüchte und Grünland;JAHR;Jahr;1985;DINSG;Deutschland insgesamt;DG;Deutschland;FRUA03;Fruchtarten;FRUART033;Runkelrüben;10810162;t;ERN001;Erntemenge
41241;Ernte-u.Betriebsbericht: Feldfrüchte und Grünland;JAHR;Jahr;1953;DINSG;Deutschland insgesamt;DG;Deutschland;FRUA03;Fruchtarten;FRUART0121;Gerste;2077727;t;ERN001;Erntemenge
41241;Ernte-u.Betriebsbericht: Feldfrüchte und Grünland;JAHR;Jahr;2003;DINSG;Deutschland insgesamt;DG;Deutschland;FRUA03;Fruchtarten;FRUART031FSK;Frühe Speisekartoffeln;453095;t;ERN001;Erntemenge
41241;Ernte-u.Betriebsbericht: Feldfrüchte und Grünland;JAHR;Jahr;2000;DINSG;Deutschland insgesamt;DG;Deutschland;FRUA03;Fruchtarten;FRUART01211;Wintergerste;9232088;t;ERN001;Erntemenge
41241;Ernte-u.Betriebsbericht: Feldfrüchte und Grünland;JAHR;Jahr;2000;DINSG;Deutschland insgesamt;DG;Deutschland;FRUA03;Fruchtarten;KULART01421;Mähweiden;18491784;t;ERN001;Erntemenge
41241;Ernte-u.Betriebsbericht: Feldfrüchte und Grünland;JAHR;Jahr;1959;DINSG;Deutschland insgesamt;DG;Deutschland;FRUA03;Fruchtarten;FRUART0113;Wintermenggetreide;203270;t;ERN001;Erntemenge
41241;Ernte-u.Betriebsbericht: Feldfrüchte und Grünland;JAHR;Jahr;1966;DINSG;Deutschland insgesamt;DG;Deutschland;FRUA03;Fruchtarten;FRUART0122;Hafer;2340374;t;ERN001;Erntemenge
41241;Ernte-u.Betriebsbericht: Feldfrüchte und Grünland;JAHR;Jahr;1992;DINSG;Deutschland insgesamt;DG;Deutschland;FRUA03;Fruchtarten;FRUART0124;Triticale;890239;t;ERN001;Erntemenge
41241;Ernte-u.Betriebsbericht: Feldfrüchte und Grünland;JAHR;Jahr;1967;DINSG;Deutschland insgesamt;DG;Deutschland;FRUA03;Fruchtarten;FRUART01OKM;Getreide (ohne Körnermais und CCM);17829941;t;ERN001;Erntemenge
41241;Ernte-u.Betriebsbericht: Feldfrüchte und Grünland;JAHR;Jahr;1978;DINSG;Deutschland insgesamt;DG;Deutschland;FRUA03;Fruchtarten;FRUART0513;Körnersonnenblumen;.;t;ERN001;Erntemenge
41241;Ernte-u.Betriebsbericht: Feldfrüchte und Grünland;JAHR;Jahr;1994;DINSG;Deutschland insgesamt;DG;Deutschland;FRUA03;Fruchtarten;FRUART01EKM;Getreide (einschl. Körnermais und CCM);36328712;t;ERN001;Erntemenge
41241;Ernte-u.Betriebsbericht: Feldfrüchte und Grünland;JAHR;Jahr;1989;DINSG;Deutschland insgesamt;DG;Deutschland;FRUA03;Fruchtarten;FRUART021;Futtererbsen;.;t;ERN001;Erntemenge
41241;Ernte-u.Betriebsbericht: Feldfrüchte und Grünland;JAHR;Jahr;2007;DINSG;Deutschland insgesamt;DG;Deutschland;FRUA03;Fruchtarten;FRUART0123;Sommermenggetreide;76573;t;ERN001;Erntemenge
41241;Ernte-u.Betriebsbericht: Feldfrüchte und Grünland;JAHR;Jahr;1962;DINSG;Deutschland insgesamt;DG;Deutschland;FRUA03;Fruchtarten;FRUART0123;Sommermenggetreide;1389702;t;ERN001;Erntemenge
41241;Ernte-u.Betriebsbericht: Feldfrüchte und Grünland;JAHR;Jahr;2001;DINSG;Deutschland insgesamt;DG;Deutschland;FRUA03;Fruchtarten;FRUART061;Klee, Kleegras und Klee-Luzerne-Gemisch;1615804;t;ERN001;Erntemenge
41241;Ernte-u.Betriebsbericht: Feldfrüchte und Grünland;JAHR;Jahr;1975;DINSG;Deutschland insgesamt;DG;Deutschland;FRUA03;Fruchtarten;FRUART064;Silomais (einschl. Lieschkolbenschrot);19169453;t;ERN001;Erntemenge
41241;Ernte-u.Betriebsbericht: Feldfrüchte und Grünland;JAHR;Jahr;1970;DINSG;Deutschland insgesamt;DG;Deutschland;FRUA03;Fruchtarten;FRUART05111;Winterraps;166581;t;ERN001;Erntemenge
41241;Ernte-u.Betriebsbericht: Feldfrüchte und Grünland;JAHR;Jahr;2001;DINSG;Deutschland insgesamt;DG;Deutschland;FRUA03;Fruchtarten;FRUART01111W;Weichweizen;22813999;t;ERN001;Erntemenge
41241;Ernte-u.Betriebsbericht: Feldfrüchte und Grünland;JAHR;Jahr;1960;DINSG;Deutschland insgesamt;DG;Deutschland;FRUA03;Fruchtarten;KULART01411;Wiesen;.;t;ERN001;Erntemenge
41241;Ernte-u.Betriebsbericht: Feldfrüchte und Grünland;JAHR;Jahr;2002;DINSG;Deutschland insgesamt;DG;Deutschland;FRUA03;Fruchtarten;FRUART031FSK;Frühe Speisekartoffeln;485581;t;ERN001;Erntemenge
41241;Ernte-u.Betriebsbericht: Feldfrüchte und Grünland;JAHR;Jahr;1969;DINSG;Deutschland insgesamt;DG;Deutschland;FRUA03;Fruchtarten;FRUART01211;Wintergerste;1687003;t;ERN001;Erntemenge
41241;Ernte-u.Betriebsbericht: Feldfrüchte und Grünland;JAHR;Jahr;1964;DINSG;Deutschland insgesamt;DG;Deutschland;FRUA03;Fruchtarten;FRUART067;Lupinen;.;t;ERN001;Erntemenge
41241;Ernte-u.Betriebsbericht: Feldfrüchte und Grünland;JAHR;Jahr;1952;DINSG;Deutschland insgesamt;DG;Deutschland;FRUA03;Fruchtarten;FRUART0513;Körnersonnenblumen;.;t;ERN001;Erntemenge
41241;Ernte-u.Betriebsbericht: Feldfrüchte und Grünland;JAHR;Jahr;1997;DINSG;Deutschland insgesamt;DG;Deutschland;FRUA03;Fruchtarten;FRUART0123;Sommermenggetreide;207074;t;ERN001;Erntemenge
41241;Ernte-u.Betriebsbericht: Feldfrüchte und Grünland;JAHR;Jahr;1969;DINSG;Deutschland insgesamt;DG;Deutschland;FRUA03;Fruchtarten;KULART01421;Mähweiden;.;t;ERN001;Erntemenge
41241;Ernte-u.Betriebsbericht: Feldfrüchte und Grünland;JAHR;Jahr;2007;DINSG;Deutschland insgesamt;DG;Deutschland;FRUA03;Fruchtarten;FRUART031MUS;Mittelfrühe und späte Kartoffeln;11129733;t;ERN001;Erntemenge
41241;Ernte-u.Betriebsbericht: Feldfrüchte und Grünland;JAHR;Jahr;1956;DINSG;Deutschland insgesamt;DG;Deutschland;FRUA03;Fruchtarten;FRUART01OKM;Getreide (ohne Körnermais und CCM);13187758;t;ERN001;Erntemenge
41241;Ernte-u.Betriebsbericht: Feldfrüchte und Grünland;JAHR;Jahr;1979;DINSG;Deutschland insgesamt;DG;Deutschland;FRUA03;Fruchtarten;FRUART013CCM;Körnermais (einschl. CCM);740954;t;ERN001;Erntemenge
41241;Ernte-u.Betriebsbericht: Feldfrüchte und Grünland;JAHR;Jahr;1969;DINSG;Deutschland insgesamt;DG;Deutschland;FRUA03;Fruchtarten;FRUART061;Klee, Kleegras und Klee-Luzerne-Gemisch;3296745;t;ERN001;Erntemenge
41241;Ernte-u.Betriebsbericht: Feldfrüchte und Grünland;JAHR;Jahr;1983;DINSG;Deutschland insgesamt;DG;Deutschland;FRUA03;Fruchtarten;FRUART061;Klee, Kleegras und Klee-Luzerne-Gemisch;1446332;t;ERN001;Erntemenge
41241;Ernte-u.Betriebsbericht: Feldfrüchte und Grünland;JAHR;Jahr;1979;DINSG;Deutschland insgesamt;DG;Deutschland;FRUA03;Fruchtarten;FRUART01113;Hartweizen (Durum);.;t;ERN001;Erntemenge
41241;Ernte-u.Betriebsbericht: Feldfrüchte und Grünland;JAHR;Jahr;2000;DINSG;Deutschland insgesamt;DG;Deutschland;FRUA03;Fruchtarten;FRUART01113;Hartweizen (Durum);43441;t;ERN001;Erntemenge
41241;Ernte-u.Betriebsbericht: Feldfrüchte und Grünland;JAHR;Jahr;1979;DINSG;Deutschland insgesamt;DG;Deutschland;FRUA03;Fruchtarten;FRUART0121;Gerste;8184185;t;ERN001;Erntemenge
41241;Ernte-u.Betriebsbericht: Feldfrüchte und Grünland;JAHR;Jahr;1951;DINSG;Deutschland insgesamt;DG;Deutschland;FRUA03;Fruchtarten;FRUART013CCM;Körnermais (einschl. CCM);21027;t;ERN001;Erntemenge
41241;Ernte-u.Betriebsbericht: Feldfrüchte und Grünland;JAHR;Jahr;1969;DINSG;Deutschland insgesamt;DG;Deutschland;FRUA03;Fruchtarten;FRUART01113;Hartweizen (Durum);.;t;ERN001;Erntemenge
41241;Ernte-u.Betriebsbericht: Feldfrüchte und Grünland;JAHR;Jahr;1975;DINSG;Deutschland insgesamt;DG;Deutschland;FRUA03;Fruchtarten;FRUART0122;Hafer;3444864;t;ERN001;Erntemenge
41241;Ernte-u.Betriebsbericht: Feldfrüchte und Grünland;JAHR;Jahr;1994;DINSG;Deutschland insgesamt;DG;Deutschland;FRUA03;Fruchtarten;FRUART013CCM;Körnermais (einschl. CCM);2445993;t;ERN001;Erntemenge
41241;Ernte-u.Betriebsbericht: Feldfrüchte und Grünland;JAHR;Jahr;2002;DINSG;Deutschland insgesamt;DG;Deutschland;FRUA03;Fruchtarten;FRUART0111;Weizen;20817740;t;ERN001;Erntemenge
41241;Ernte-u.Betriebsbericht: Feldfrüchte und Grünland;JAHR;Jahr;2008;DINSG;Deutschland insgesamt;DG;Deutschland;FRUA03;Fruchtarten;FRUART062;Luzerne;287600;t;ERN001;Erntemenge
41241;Ernte-u.Betriebsbericht: Feldfrüchte und Grünland;JAHR;Jahr;1995;DINSG;Deutschland insgesamt;DG;Deutschland;FRUA03;Fruchtarten;FRUART0511;Raps und Rübsen;3103295;t;ERN001;Erntemenge
41241;Ernte-u.Betriebsbericht: Feldfrüchte und Grünland;JAHR;Jahr;1987;DINSG;Deutschland insgesamt;DG;Deutschland;FRUA03;Fruchtarten;FRUART01212;Sommergerste;2480799;t;ERN001;Erntemenge
41241;Ernte-u.Betriebsbericht: Feldfrüchte und Grünland;JAHR;Jahr;2003;DINSG;Deutschland insgesamt;DG;Deutschland;FRUA03;Fruchtarten;FRUART011;Brotgetreide;21590214;t;ERN001;Erntemenge
41241;Ernte-u.Betriebsbericht: Feldfrüchte und Grünland;JAHR;Jahr;1976;DINSG;Deutschland insgesamt;DG;Deutschland;FRUA03;Fruchtarten;FRUART01212;Sommergerste;2989312;t;ERN001;Erntemenge
41241;Ernte-u.Betriebsbericht: Feldfrüchte und Grünland;JAHR;Jahr;1979;DINSG;Deutschland insgesamt;DG;Deutschland;FRUA03;Fruchtarten;FRUART061;Klee, Kleegras und Klee-Luzerne-Gemisch;1835981;t;ERN001;Erntemenge
41241;Ernte-u.Betriebsbericht: Feldfrüchte und Grünland;JAHR;Jahr;1971;DINSG;Deutschland insgesamt;DG;Deutschland;FRUA03;Fruchtarten;KULART01411;Wiesen;.;t;ERN001;Erntemenge
41241;Ernte-u.Betriebsbericht: Feldfrüchte und Grünland;JAHR;Jahr;1958;DINSG;Deutschland insgesamt;DG;Deutschland;FRUA03;Fruchtarten;FRUART01113;Hartweizen (Durum);.;t;ERN001;Erntemenge
41241;Ernte-u.Betriebsbericht: Feldfrüchte und Grünland;JAHR;Jahr;1982;DINSG;Deutschland insgesamt;DG;Deutschland;FRUA03;Fruchtarten;FRUART064;Silomais (einschl. Lieschkolbenschrot);39399096;t;ERN001;Erntemenge
41241;Ernte-u.Betriebsbericht: Feldfrüchte und Grünland;JAHR;Jahr;1954;DINSG;Deutschland insgesamt;DG;Deutschland;FRUA03;Fruchtarten;FRUART0112;Roggen;4124841;t;ERN001;Erntemenge
41241;Ernte-u.Betriebsbericht: Feldfrüchte und Grünland;JAHR;Jahr;1965;DINSG;Deutschland insgesamt;DG;Deutschland;FRUA03;Fruchtarten;FRUART064;Silomais (einschl. Lieschkolbenschrot);3397041;t;ERN001;Erntemenge
41241;Ernte-u.Betriebsbericht: Feldfrüchte und Grünland;JAHR;Jahr;1999;DINSG;Deutschland insgesamt;DG;Deutschland;FRUA03;Fruchtarten;FRUART01111W;Weichweizen;19550745;t;ERN001;Erntemenge
41241;Ernte-u.Betriebsbericht: Feldfrüchte und Grünland;JAHR;Jahr;1988;DINSG;Deutschland insgesamt;DG;Deutschland;FRUA03;Fruchtarten;FRUART013CCM;Körnermais (einschl. CCM);1535492;t;ERN001;Erntemenge
41241;Ernte-u.Betriebsbericht: Feldfrüchte und Grünland;JAHR;Jahr;1979;DINSG;Deutschland insgesamt;DG;Deutschland;FRUA03;Fruchtarten;FRUART01211;Wintergerste;4880921;t;ERN001;Erntemenge
41241;Ernte-u.Betriebsbericht: Feldfrüchte und Grünland;JAHR;Jahr;1952;DINSG;Deutschland insgesamt;DG;Deutschland;FRUA03;Fruchtarten;FRUART0121;Gerste;1763110;t;ERN001;Erntemenge
41241;Ernte-u.Betriebsbericht: Feldfrüchte und Grünland;JAHR;Jahr;2005;DINSG;Deutschland insgesamt;DG;Deutschland;FRUA03;Fruchtarten;FRUART0511;Raps und Rübsen;5051700;t;ERN001;Erntemenge
41241;Ernte-u.Betriebsbericht: Feldfrüchte und Grünland;JAHR;Jahr;1951;DINSG;Deutschland insgesamt;DG;Deutschland;FRUA03;Fruchtarten;FRUART0513;Körnersonnenblumen;.;t;ERN001;Erntemenge
41241;Ernte-u.Betriebsbericht: Feldfrüchte und Grünland;JAHR;Jahr;1996;DINSG;Deutschland insgesamt;DG;Deutschland;FRUA03;Fruchtarten;FRUART065;Raufutter;36598540;t;ERN001;Erntemenge
41241;Ernte-u.Betriebsbericht: Feldfrüchte und Grünland;JAHR;Jahr;1971;DINSG;Deutschland insgesamt;DG;Deutschland;FRUA03;Fruchtarten;FRUART031FSK;Frühe Speisekartoffeln;774666;t;ERN001;Erntemenge
41241;Ernte-u.Betriebsbericht: Feldfrüchte und Grünland;JAHR;Jahr;2006;DINSG;Deutschland insgesamt;DG;Deutschland;FRUA03;Fruchtarten;FRUART033;Runkelrüben;.;t;ERN001;Erntemenge
41241;Ernte-u.Betriebsbericht: Feldfrüchte und Grünland;JAHR;Jahr;1989;DINSG;Deutschland insgesamt;DG;Deutschland;FRUA03;Fruchtarten;FRUART01111;Winterweizen;10722415;t;ERN001;Erntemenge
41241;Ernte-u.Betriebsbericht: Feldfrüchte und Grünland;JAHR;Jahr;1993;DINSG;Deutschland insgesamt;DG;Deutschland;FRUA03;Fruchtarten;FRUART031MUS;Mittelfrühe und späte Kartoffeln;11600366;t;ERN001;Erntemenge
41241;Ernte-u.Betriebsbericht: Feldfrüchte und Grünland;JAHR;Jahr;1956;DINSG;Deutschland insgesamt;DG;Deutschland;FRUA03;Fruchtarten;FRUART01212;Sommergerste;1897093;t;ERN001;Erntemenge
41241;Ernte-u.Betriebsbericht: Feldfrüchte und Grünland;JAHR;Jahr;1983;DINSG;Deutschland insgesamt;DG;Deutschland;FRUA03;Fruchtarten;FRUART01EKM;Getreide (einschl. Körnermais und CCM);23010904;t;ERN001;Erntemenge
41241;Ernte-u.Betriebsbericht: Feldfrüchte und Grünland;JAHR;Jahr;1976;DINSG;Deutschland insgesamt;DG;Deutschland;FRUA03;Fruchtarten;FRUART031MUS;Mittelfrühe und späte Kartoffeln;9199332;t;ERN001;Erntemenge
41241;Ernte-u.Betriebsbericht: Feldfrüchte und Grünland;JAHR;Jahr;1984;DINSG;Deutschland insgesamt;DG;Deutschland;FRUA03;Fruchtarten;FRUART05112;Sommerraps, Winter- und Sommerrübsen;18057;t;ERN001;Erntemenge
41241;Ernte-u.Betriebsbericht: Feldfrüchte und Grünland;JAHR;Jahr;1981;DINSG;Deutschland insgesamt;DG;Deutschland;FRUA03;Fruchtarten;FRUART01212;Sommergerste;2817323;t;ERN001;Erntemenge
41241;Ernte-u.Betriebsbericht: Feldfrüchte und Grünland;JAHR;Jahr;1994;DINSG;Deutschland insgesamt;DG;Deutschland;FRUA03;Fruchtarten;FRUART0511;Raps und Rübsen;2895544;t;ERN001;Erntemenge
41241;Ernte-u.Betriebsbericht: Feldfrüchte und Grünland;JAHR;Jahr;1967;DINSG;Deutschland insgesamt;DG;Deutschland;FRUA03;Fruchtarten;KULART0141S;Wiesen und Mähweiden;23838397;t;ERN001;Erntemenge
41241;Ernte-u.Betriebsbericht: Feldfrüchte und Grünland;JAHR;Jahr;1974;DINSG;Deutschland insgesamt;DG;Deutschland;FRUA03;Fruchtarten;FRUART067;Lupinen;.;t;ERN001;Erntemenge
41241;Ernte-u.Betriebsbericht: Feldfrüchte und Grünland;JAHR;Jahr;2002;DINSG;Deutschland insgesamt;DG;Deutschland;FRUA03;Fruchtarten;FRUART01111W;Weichweizen;20791984;t;ERN001;Erntemenge
41241;Ernte-u.Betriebsbericht: Feldfrüchte und Grünland;JAHR;Jahr;1961;DINSG;Deutschland insgesamt;DG;Deutschland;FRUA03;Fruchtarten;FRUART01OKM;Getreide (ohne Körnermais und CCM);12391488;t;ERN001;Erntemenge
41241;Ernte-u.Betriebsbericht: Feldfrüchte und Grünland;JAHR;Jahr;1991;DINSG;Deutschland insgesamt;DG;Deutschland;FRUA03;Fruchtarten;FRUART031MUS;Mittelfrühe und späte Kartoffeln;9604120;t;ERN001;Erntemenge
41241;Ernte-u.Betriebsbericht: Feldfrüchte und Grünland;JAHR;Jahr;1980;DINSG;Deutschland insgesamt;DG;Deutschland;FRUA03;Fruchtarten;FRUART031FSK;Frühe Speisekartoffeln;541020;t;ERN001;Erntemenge
41241;Ernte-u.Betriebsbericht: Feldfrüchte und Grünland;JAHR;Jahr;1992;DINSG;Deutschland insgesamt;DG;Deutschland;FRUA03;Fruchtarten;FRUART033;Runkelrüben;4339216;t;ERN001;Erntemenge
41241;Ernte-u.Betriebsbericht: Feldfrüchte und Grünland;JAHR;Jahr;2007;DINSG;Deutschland insgesamt;DG;Deutschland;FRUA03;Fruchtarten;KULART01421;Mähweiden;18888095;t;ERN001;Erntemenge
41241;Ernte-u.Betriebsbericht: Feldfrüchte und Grünland;JAHR;Jahr;1951;DINSG;Deutschland insgesamt;DG;Deutschland;FRUA03;Fruchtarten;FRUART063;Feldgras/Grasanbau auf dem Ackerland;830104;t;ERN001;Erntemenge
41241;Ernte-u.Betriebsbericht: Feldfrüchte und Grünland;JAHR;Jahr;2004;DINSG;Deutschland insgesamt;DG;Deutschland;FRUA03;Fruchtarten;FRUART061;Klee, Kleegras und Klee-Luzerne-Gemisch;1572553;t;ERN001;Erntemenge
41241;Ernte-u.Betriebsbericht: Feldfrüchte und Grünland;JAHR;Jahr;1974;DINSG;Deutschland insgesamt;DG;Deutschland;FRUA03;Fruchtarten;FRUART0122;Hafer;3481773;t;ERN001;Erntemenge
41241;Ernte-u.Betriebsbericht: Feldfrüchte und Grünland;JAHR;Jahr;1988;DINSG;Deutschland insgesamt;DG;Deutschland;FRUA03;Fruchtarten;FRUART0123;Sommermenggetreide;295844;t;ERN001;Erntemenge
41241;Ernte-u.Betriebsbericht: Feldfrüchte und Grünland;JAHR;Jahr;2000;DINSG;Deutschland insgesamt;DG;Deutschland;FRUA03;Fruchtarten;FRUART064;Silomais (einschl. Lieschkolbenschrot);52006421;t;ERN001;Erntemenge
41241;Ernte-u.Betriebsbericht: Feldfrüchte und Grünland;JAHR;Jahr;1965;DINSG;Deutschland insgesamt;DG;Deutschland;FRUA03;Fruchtarten;FRUART031FSK;Frühe Speisekartoffeln;901025;t;ERN001;Erntemenge
41241;Ernte-u.Betriebsbericht: Feldfrüchte und Grünland;JAHR;Jahr;1989;DINSG;Deutschland insgesamt;DG;Deutschland;FRUA03;Fruchtarten;FRUART01EKM;Getreide (einschl. Körnermais und CCM);26113146;t;ERN001;Erntemenge
41241;Ernte-u.Betriebsbericht: Feldfrüchte und Grünland;JAHR;Jahr;1985;DINSG;Deutschland insgesamt;DG;Deutschland;FRUA03;Fruchtarten;FRUART031MUS;Mittelfrühe und späte Kartoffeln;7275541;t;ERN001;Erntemenge
41241;Ernte-u.Betriebsbericht: Feldfrüchte und Grünland;JAHR;Jahr;1963;DINSG;Deutschland insgesamt;DG;Deutschland;FRUA03;Fruchtarten;FRUART01EKM;Getreide (einschl. Körnermais und CCM);15434373;t;ERN001;Erntemenge
41241;Ernte-u.Betriebsbericht: Feldfrüchte und Grünland;JAHR;Jahr;1961;DINSG;Deutschland insgesamt;DG;Deutschland;FRUA03;Fruchtarten;FRUART067;Lupinen;.;t;ERN001;Erntemenge
41241;Ernte-u.Betriebsbericht: Feldfrüchte und Grünland;JAHR;Jahr;1986;DINSG;Deutschland insgesamt;DG;Deutschland;FRUA03;Fruchtarten;FRUART061;Klee, Kleegras und Klee-Luzerne-Gemisch;1576034;t;ERN001;Erntemenge
41241;Ernte-u.Betriebsbericht: Feldfrüchte und Grünland;JAHR;Jahr;1967;DINSG;Deutschland insgesamt;DG;Deutschland;FRUA03;Fruchtarten;KULART01411;Wiesen;.;t;ERN001;Erntemenge
41241;Ernte-u.Betriebsbericht: Feldfrüchte und Grünland;JAHR;Jahr;1968;DINSG;Deutschland insgesamt;DG;Deutschland;FRUA03;Fruchtarten;FRUART033;Runkelrüben;35742328;t;ERN001;Erntemenge
41241;Ernte-u.Betriebsbericht: Feldfrüchte und Grünland;JAHR;Jahr;1974;DINSG;Deutschland insgesamt;DG;Deutschland;FRUA03;Fruchtarten;FRUART032;Zuckerrüben;16499098;t;ERN001;Erntemenge
41241;Ernte-u.Betriebsbericht: Feldfrüchte und Grünland;JAHR;Jahr;1966;DINSG;Deutschland insgesamt;DG;Deutschland;FRUA03;Fruchtarten;FRUART031FSK;Frühe Speisekartoffeln;896947;t;ERN001;Erntemenge
41241;Ernte-u.Betriebsbericht: Feldfrüchte und Grünland;JAHR;Jahr;1983;DINSG;Deutschland insgesamt;DG;Deutschland;FRUA03;Fruchtarten;FRUART0111;Weizen;8998024;t;ERN001;Erntemenge
41241;Ernte-u.Betriebsbericht: Feldfrüchte und Grünland;JAHR;Jahr;1989;DINSG;Deutschland insgesamt;DG;Deutschland;FRUA03;Fruchtarten;FRUART065;Raufutter;30073074;t;ERN001;Erntemenge
41241;Ernte-u.Betriebsbericht: Feldfrüchte und Grünland;JAHR;Jahr;1957;DINSG;Deutschland insgesamt;DG;Deutschland;FRUA03;Fruchtarten;FRUART032;Zuckerrüben;9691763;t;ERN001;Erntemenge
41241;Ernte-u.Betriebsbericht: Feldfrüchte und Grünland;JAHR;Jahr;2006;DINSG;Deutschland insgesamt;DG;Deutschland;FRUA03;Fruchtarten;FRUART011;Brotgetreide;25118700;t;ERN001;Erntemenge
41241;Ernte-u.Betriebsbericht: Feldfrüchte und Grünland;JAHR;Jahr;1990;DINSG;Deutschland insgesamt;DG;Deutschland;FRUA03;Fruchtarten;FRUART061;Klee, Kleegras und Klee-Luzerne-Gemisch;2918855;t;ERN001;Erntemenge
41241;Ernte-u.Betriebsbericht: Feldfrüchte und Grünland;JAHR;Jahr;1977;DINSG;Deutschland insgesamt;DG;Deutschland;FRUA03;Fruchtarten;KULART0141S;Wiesen und Mähweiden;27269606;t;ERN001;Erntemenge
41241;Ernte-u.Betriebsbericht: Feldfrüchte und Grünland;JAHR;Jahr;1976;DINSG;Deutschland insgesamt;DG;Deutschland;FRUA03;Fruchtarten;FRUART0113;Wintermenggetreide;88658;t;ERN001;Erntemenge
41241;Ernte-u.Betriebsbericht: Feldfrüchte und Grünland;JAHR;Jahr;1978;DINSG;Deutschland insgesamt;DG;Deutschland;FRUA03;Fruchtarten;FRUART064;Silomais (einschl. Lieschkolbenschrot);25445343;t;ERN001;Erntemenge
41241;Ernte-u.Betriebsbericht: Feldfrüchte und Grünland;JAHR;Jahr;1969;DINSG;Deutschland insgesamt;DG;Deutschland;FRUA03;Fruchtarten;FRUART01EKM;Getreide (einschl. Körnermais und CCM);18930889;t;ERN001;Erntemenge
41241;Ernte-u.Betriebsbericht: Feldfrüchte und Grünland;JAHR;Jahr;1961;DINSG;Deutschland insgesamt;DG;Deutschland;FRUA03;Fruchtarten;FRUART032;Zuckerrüben;9253405;t;ERN001;Erntemenge
41241;Ernte-u.Betriebsbericht: Feldfrüchte und Grünland;JAHR;Jahr;1988;DINSG;Deutschland insgesamt;DG;Deutschland;FRUA03;Fruchtarten;FRUART011;Brotgetreide;13556046;t;ERN001;Erntemenge
41241;Ernte-u.Betriebsbericht: Feldfrüchte und Grünland;JAHR;Jahr;1971;DINSG;Deutschland insgesamt;DG;Deutschland;FRUA03;Fruchtarten;KULART0141S;Wiesen und Mähweiden;26229372;t;ERN001;Erntemenge
41241;Ernte-u.Betriebsbericht: Feldfrüchte und Grünland;JAHR;Jahr;1957;DINSG;Deutschland insgesamt;DG;Deutschland;FRUA03;Fruchtarten;FRUART067;Lupinen;.;t;ERN001;Erntemenge
41241;Ernte-u.Betriebsbericht: Feldfrüchte und Grünland;JAHR;Jahr;2000;DINSG;Deutschland insgesamt;DG;Deutschland;FRUA03;Fruchtarten;FRUART05112;Sommerraps, Winter- und Sommerrübsen;58728;t;ERN001;Erntemenge
41241;Ernte-u.Betriebsbericht: Feldfrüchte und Grünland;JAHR;Jahr;1997;DINSG;Deutschland insgesamt;DG;Deutschland;FRUA03;Fruchtarten;FRUART062;Luzerne;320430;t;ERN001;Erntemenge
41241;Ernte-u.Betriebsbericht: Feldfrüchte und Grünland;JAHR;Jahr;1992;DINSG;Deutschland insgesamt;DG;Deutschland;FRUA03;Fruchtarten;FRUART011;Brotgetreide;18014583;t;ERN001;Erntemenge
41241;Ernte-u.Betriebsbericht: Feldfrüchte und Grünland;JAHR;Jahr;1970;DINSG;Deutschland insgesamt;DG;Deutschland;FRUA03;Fruchtarten;FRUART022;Ackerbohnen;61558;t;ERN001;Erntemenge
41241;Ernte-u.Betriebsbericht: Feldfrüchte und Grünland;JAHR;Jahr;1997;DINSG;Deutschland insgesamt;DG;Deutschland;FRUA03;Fruchtarten;FRUART01112;Sommerweizen;364131;t;ERN001;Erntemenge
41241;Ernte-u.Betriebsbericht: Feldfrüchte und Grünland;JAHR;Jahr;1977;DINSG;Deutschland insgesamt;DG;Deutschland;FRUA03;Fruchtarten;FRUART0513;Körnersonnenblumen;.;t;ERN001;Erntemenge
41241;Ernte-u.Betriebsbericht: Feldfrüchte und Grünland;JAHR;Jahr;1980;DINSG;Deutschland insgesamt;DG;Deutschland;FRUA03;Fruchtarten;FRUART0112;Roggen;2098299;t;ERN001;Erntemenge
41241;Ernte-u.Betriebsbericht: Feldfrüchte und Grünland;JAHR;Jahr;1978;DINSG;Deutschland insgesamt;DG;Deutschland;FRUA03;Fruchtarten;FRUART01OKM;Getreide (ohne Körnermais und CCM);23323274;t;ERN001;Erntemenge
41241;Ernte-u.Betriebsbericht: Feldfrüchte und Grünland;JAHR;Jahr;1968;DINSG;Deutschland insgesamt;DG;Deutschland;FRUA03;Fruchtarten;FRUART011;Brotgetreide;9545523;t;ERN001;Erntemenge
41241;Ernte-u.Betriebsbericht: Feldfrüchte und Grünland;JAHR;Jahr;1981;DINSG;Deutschland insgesamt;DG;Deutschland;FRUA03;Fruchtarten;FRUART032;Zuckerrüben;24380000;t;ERN001;Erntemenge
41241;Ernte-u.Betriebsbericht: Feldfrüchte und Grünland;JAHR;Jahr;2001;DINSG;Deutschland insgesamt;DG;Deutschland;FRUA03;Fruchtarten;KULART01421;Mähweiden;18360670;t;ERN001;Erntemenge
41241;Ernte-u.Betriebsbericht: Feldfrüchte und Grünland;JAHR;Jahr;1985;DINSG;Deutschland insgesamt;DG;Deutschland;FRUA03;Fruchtarten;FRUART0124;Triticale;.;t;ERN001;Erntemenge
41241;Ernte-u.Betriebsbericht: Feldfrüchte und Grünland;JAHR;Jahr;1979;DINSG;Deutschland insgesamt;DG;Deutschland;FRUA03;Fruchtarten;FRUART031MUS;Mittelfrühe und späte Kartoffeln;8200072;t;ERN001;Erntemenge
41241;Ernte-u.Betriebsbericht: Feldfrüchte und Grünland;JAHR;Jahr;1954;DINSG;Deutschland insgesamt;DG;Deutschland;FRUA03;Fruchtarten;FRUART067;Lupinen;.;t;ERN001;Erntemenge
41241;Ernte-u.Betriebsbericht: Feldfrüchte und Grünland;JAHR;Jahr;1995;DINSG;Deutschland insgesamt;DG;Deutschland;FRUA03;Fruchtarten;FRUART033;Runkelrüben;2168433;t;ERN001;Erntemenge
41241;Ernte-u.Betriebsbericht: Feldfrüchte und Grünland;JAHR;Jahr;1950;DINSG;Deutschland insgesamt;DG;Deutschland;FRUA03;Fruchtarten;FRUART0113;Wintermenggetreide;158421;t;ERN001;Erntemenge
41241;Ernte-u.Betriebsbericht: Feldfrüchte und Grünland;JAHR;Jahr;1998;DINSG;Deutschland insgesamt;DG;Deutschland;FRUA03;Fruchtarten;FRUART01111W;Weichweizen;20127530;t;ERN001;Erntemenge
41241;Ernte-u.Betriebsbericht: Feldfrüchte und Grünland;JAHR;Jahr;1959;DINSG;Deutschland insgesamt;DG;Deutschland;FRUA03;Fruchtarten;FRUART031FSK;Frühe Speisekartoffeln;821519;t;ERN001;Erntemenge
41241;Ernte-u.Betriebsbericht: Feldfrüchte und Grünland;JAHR;Jahr;1959;DINSG;Deutschland insgesamt;DG;Deutschland;FRUA03;Fruchtarten;FRUART01EKM;Getreide (einschl. Körnermais und CCM);14409567;t;ERN001;Erntemenge
41241;Ernte-u.Betriebsbericht: Feldfrüchte und Grünland;JAHR;Jahr;1963;DINSG;Deutschland insgesamt;DG;Deutschland;FRUA03;Fruchtarten;FRUART01111;Winterweizen;4195002;t;ERN001;Erntemenge
41241;Ernte-u.Betriebsbericht: Feldfrüchte und Grünland;JAHR;Jahr;1978;DINSG;Deutschland insgesamt;DG;Deutschland;FRUA03;Fruchtarten;KULART0141S;Wiesen und Mähweiden;28140351;t;ERN001;Erntemenge
41241;Ernte-u.Betriebsbericht: Feldfrüchte und Grünland;JAHR;Jahr;1979;DINSG;Deutschland insgesamt;DG;Deutschland;FRUA03;Fruchtarten;FRUART0112;Roggen;2113933;t;ERN001;Erntemenge
41241;Ernte-u.Betriebsbericht: Feldfrüchte und Grünland;JAHR;Jahr;1963;DINSG;Deutschland insgesamt;DG;Deutschland;FRUA03;Fruchtarten;FRUART0123;Sommermenggetreide;1230376;t;ERN001;Erntemenge
41241;Ernte-u.Betriebsbericht: Feldfrüchte und Grünland;JAHR;Jahr;1993;DINSG;Deutschland insgesamt;DG;Deutschland;FRUA03;Fruchtarten;FRUART01EKM;Getreide (einschl. Körnermais und CCM);35547425;t;ERN001;Erntemenge
41241;Ernte-u.Betriebsbericht: Feldfrüchte und Grünland;JAHR;Jahr;1997;DINSG;Deutschland insgesamt;DG;Deutschland;FRUA03;Fruchtarten;KULART01411;Wiesen;16895639;t;ERN001;Erntemenge
41241;Ernte-u.Betriebsbericht: Feldfrüchte und Grünland;JAHR;Jahr;2005;DINSG;Deutschland insgesamt;DG;Deutschland;FRUA03;Fruchtarten;FRUART062;Luzerne;268700;t;ERN001;Erntemenge
41241;Ernte-u.Betriebsbericht: Feldfrüchte und Grünland;JAHR;Jahr;1971;DINSG;Deutschland insgesamt;DG;Deutschland;FRUA03;Fruchtarten;FRUART063;Feldgras/Grasanbau auf dem Ackerland;928566;t;ERN001;Erntemenge
41241;Ernte-u.Betriebsbericht: Feldfrüchte und Grünland;JAHR;Jahr;1993;DINSG;Deutschland insgesamt;DG;Deutschland;FRUA03;Fruchtarten;FRUART0111;Weizen;15766533;t;ERN001;Erntemenge
41241;Ernte-u.Betriebsbericht: Feldfrüchte und Grünland;JAHR;Jahr;1978;DINSG;Deutschland insgesamt;DG;Deutschland;FRUA03;Fruchtarten;FRUART0121;Gerste;8607882;t;ERN001;Erntemenge
41241;Ernte-u.Betriebsbericht: Feldfrüchte und Grünland;JAHR;Jahr;1979;DINSG;Deutschland insgesamt;DG;Deutschland;FRUA03;Fruchtarten;FRUART0511;Raps und Rübsen;321456;t;ERN001;Erntemenge
41241;Ernte-u.Betriebsbericht: Feldfrüchte und Grünland;JAHR;Jahr;1959;DINSG;Deutschland insgesamt;DG;Deutschland;FRUA03;Fruchtarten;FRUART0122;Hafer;2038937;t;ERN001;Erntemenge
41241;Ernte-u.Betriebsbericht: Feldfrüchte und Grünland;JAHR;Jahr;1988;DINSG;Deutschland insgesamt;DG;Deutschland;FRUA03;Fruchtarten;FRUART033;Runkelrüben;7587284;t;ERN001;Erntemenge
41241;Ernte-u.Betriebsbericht: Feldfrüchte und Grünland;JAHR;Jahr;1981;DINSG;Deutschland insgesamt;DG;Deutschland;FRUA03;Fruchtarten;FRUART067;Lupinen;.;t;ERN001;Erntemenge
41241;Ernte-u.Betriebsbericht: Feldfrüchte und Grünland;JAHR;Jahr;1966;DINSG;Deutschland insgesamt;DG;Deutschland;FRUA03;Fruchtarten;KULART0141S;Wiesen und Mähweiden;23411386;t;ERN001;Erntemenge
41241;Ernte-u.Betriebsbericht: Feldfrüchte und Grünland;JAHR;Jahr;2003;DINSG;Deutschland insgesamt;DG;Deutschland;FRUA03;Fruchtarten;FRUART0111;Weizen;19259811;t;ERN001;Erntemenge
41241;Ernte-u.Betriebsbericht: Feldfrüchte und Grünland;JAHR;Jahr;2005;DINSG;Deutschland insgesamt;DG;Deutschland;FRUA03;Fruchtarten;FRUART01111;Winterweizen;23349400;t;ERN001;Erntemenge
41241;Ernte-u.Betriebsbericht: Feldfrüchte und Grünland;JAHR;Jahr;1966;DINSG;Deutschland insgesamt;DG;Deutschland;FRUA03;Fruchtarten;FRUART061;Klee, Kleegras und Klee-Luzerne-Gemisch;4044701;t;ERN001;Erntemenge
41241;Ernte-u.Betriebsbericht: Feldfrüchte und Grünland;JAHR;Jahr;1987;DINSG;Deutschland insgesamt;DG;Deutschland;FRUA03;Fruchtarten;FRUART01OKM;Getreide (ohne Körnermais und CCM);22553401;t;ERN001;Erntemenge
41241;Ernte-u.Betriebsbericht: Feldfrüchte und Grünland;JAHR;Jahr;1993;DINSG;Deutschland insgesamt;DG;Deutschland;FRUA03;Fruchtarten;FRUART061;Klee, Kleegras und Klee-Luzerne-Gemisch;2267479;t;ERN001;Erntemenge
41241;Ernte-u.Betriebsbericht: Feldfrüchte und Grünland;JAHR;Jahr;1957;DINSG;Deutschland insgesamt;DG;Deutschland;FRUA03;Fruchtarten;FRUART0111;Weizen;3869709;t;ERN001;Erntemenge
41241;Ernte-u.Betriebsbericht: Feldfrüchte und Grünland;JAHR;Jahr;1972;DINSG;Deutschland insgesamt;DG;Deutschland;FRUA03;Fruchtarten;FRUART01111;Winterweizen;5860252;t;ERN001;Erntemenge
41241;Ernte-u.Betriebsbericht: Feldfrüchte und Grünland;JAHR;Jahr;2007;DINSG;Deutschland insgesamt;DG;Deutschland;FRUA03;Fruchtarten;FRUART012;Futter- und Industriegetreide;13250188;t;ERN001;Erntemenge
41241;Ernte-u.Betriebsbericht: Feldfrüchte und Grünland;JAHR;Jahr;2004;DINSG;Deutschland insgesamt;DG;Deutschland;FRUA03;Fruchtarten;FRUART021;Futtererbsen;464212;t;ERN001;Erntemenge
41241;Ernte-u.Betriebsbericht: Feldfrüchte und Grünland;JAHR;Jahr;1959;DINSG;Deutschland insgesamt;DG;Deutschland;FRUA03;Fruchtarten;FRUART061;Klee, Kleegras und Klee-Luzerne-Gemisch;4171748;t;ERN001;Erntemenge
41241;Ernte-u.Betriebsbericht: Feldfrüchte und Grünland;JAHR;Jahr;2008;DINSG;Deutschland insgesamt;DG;Deutschland;FRUA03;Fruchtarten;FRUART01112;Sommerweizen;239500;t;ERN001;Erntemenge
41241;Ernte-u.Betriebsbericht: Feldfrüchte und Grünland;JAHR;Jahr;1982;DINSG;Deutschland insgesamt;DG;Deutschland;FRUA03;Fruchtarten;KULART01411;Wiesen;.;t;ERN001;Erntemenge
41241;Ernte-u.Betriebsbericht: Feldfrüchte und Grünland;JAHR;Jahr;1957;DINSG;Deutschland insgesamt;DG;Deutschland;FRUA03;Fruchtarten;FRUART0124;Triticale;.;t;ERN001;Erntemenge
41241;Ernte-u.Betriebsbericht: Feldfrüchte und Grünland;JAHR;Jahr;2003;DINSG;Deutschland insgesamt;DG;Deutschland;FRUA03;Fruchtarten;FRUART0124;Triticale;2480365;t;ERN001;Erntemenge
41241;Ernte-u.Betriebsbericht: Feldfrüchte und Grünland;JAHR;Jahr;1965;DINSG;Deutschland insgesamt;DG;Deutschland;FRUA03;Fruchtarten;FRUART01212;Sommergerste;2171202;t;ERN001;Erntemenge
41241;Ernte-u.Betriebsbericht: Feldfrüchte und Grünland;JAHR;Jahr;1974;DINSG;Deutschland insgesamt;DG;Deutschland;FRUA03;Fruchtarten;KULART01421;Mähweiden;.;t;ERN001;Erntemenge
41241;Ernte-u.Betriebsbericht: Feldfrüchte und Grünland;JAHR;Jahr;2003;DINSG;Deutschland insgesamt;DG;Deutschland;FRUA03;Fruchtarten;FRUART01OKM;Getreide (ohne Körnermais und CCM);36004397;t;ERN001;Erntemenge
41241;Ernte-u.Betriebsbericht: Feldfrüchte und Grünland;JAHR;Jahr;1962;DINSG;Deutschland insgesamt;DG;Deutschland;FRUA03;Fruchtarten;KULART01421;Mähweiden;.;t;ERN001;Erntemenge
41241;Ernte-u.Betriebsbericht: Feldfrüchte und Grünland;JAHR;Jahr;1995;DINSG;Deutschland insgesamt;DG;Deutschland;FRUA03;Fruchtarten;FRUART05112;Sommerraps, Winter- und Sommerrübsen;79266;t;ERN001;Erntemenge
41241;Ernte-u.Betriebsbericht: Feldfrüchte und Grünland;JAHR;Jahr;1995;DINSG;Deutschland insgesamt;DG;Deutschland;FRUA03;Fruchtarten;FRUART011;Brotgetreide;22335863;t;ERN001;Erntemenge
41241;Ernte-u.Betriebsbericht: Feldfrüchte und Grünland;JAHR;Jahr;1996;DINSG;Deutschland insgesamt;DG;Deutschland;FRUA03;Fruchtarten;FRUART0123;Sommermenggetreide;219832;t;ERN001;Erntemenge
41241;Ernte-u.Betriebsbericht: Feldfrüchte und Grünland;JAHR;Jahr;1977;DINSG;Deutschland insgesamt;DG;Deutschland;FRUA03;Fruchtarten;FRUART067;Lupinen;.;t;ERN001;Erntemenge
41241;Ernte-u.Betriebsbericht: Feldfrüchte und Grünland;JAHR;Jahr;1985;DINSG;Deutschland insgesamt;DG;Deutschland;FRUA03;Fruchtarten;FRUART013CCM;Körnermais (einschl. CCM);1203793;t;ERN001;Erntemenge
41241;Ernte-u.Betriebsbericht: Feldfrüchte und Grünland;JAHR;Jahr;1958;DINSG;Deutschland insgesamt;DG;Deutschland;FRUA03;Fruchtarten;FRUART064;Silomais (einschl. Lieschkolbenschrot);1735039;t;ERN001;Erntemenge
41241;Ernte-u.Betriebsbericht: Feldfrüchte und Grünland;JAHR;Jahr;1983;DINSG;Deutschland insgesamt;DG;Deutschland;FRUA03;Fruchtarten;FRUART05112;Sommerraps, Winter- und Sommerrübsen;17093;t;ERN001;Erntemenge
41241;Ernte-u.Betriebsbericht: Feldfrüchte und Grünland;JAHR;Jahr;1950;DINSG;Deutschland insgesamt;DG;Deutschland;FRUA03;Fruchtarten;FRUART022;Ackerbohnen;42190;t;ERN001;Erntemenge
41241;Ernte-u.Betriebsbericht: Feldfrüchte und Grünland;JAHR;Jahr;2008;DINSG;Deutschland insgesamt;DG;Deutschland;FRUA03;Fruchtarten;FRUART031;Kartoffeln;11369000;t;ERN001;Erntemenge
41241;Ernte-u.Betriebsbericht: Feldfrüchte und Grünland;JAHR;Jahr;1963;DINSG;Deutschland insgesamt;DG;Deutschland;FRUA03;Fruchtarten;FRUART031FSK;Frühe Speisekartoffeln;1352642;t;ERN001;Erntemenge
41241;Ernte-u.Betriebsbericht: Feldfrüchte und Grünland;JAHR;Jahr;2001;DINSG;Deutschland insgesamt;DG;Deutschland;FRUA03;Fruchtarten;FRUART065;Raufutter;38303076;t;ERN001;Erntemenge
41241;Ernte-u.Betriebsbericht: Feldfrüchte und Grünland;JAHR;Jahr;1998;DINSG;Deutschland insgesamt;DG;Deutschland;FRUA03;Fruchtarten;FRUART05111;Winterraps;3289612;t;ERN001;Erntemenge
41241;Ernte-u.Betriebsbericht: Feldfrüchte und Grünland;JAHR;Jahr;1985;DINSG;Deutschland insgesamt;DG;Deutschland;FRUA03;Fruchtarten;FRUART0511;Raps und Rübsen;802763;t;ERN001;Erntemenge
41241;Ernte-u.Betriebsbericht: Feldfrüchte und Grünland;JAHR;Jahr;1985;DINSG;Deutschland insgesamt;DG;Deutschland;FRUA03;Fruchtarten;FRUART064;Silomais (einschl. Lieschkolbenschrot);44386961;t;ERN001;Erntemenge
41241;Ernte-u.Betriebsbericht: Feldfrüchte und Grünland;JAHR;Jahr;1999;DINSG;Deutschland insgesamt;DG;Deutschland;FRUA03;Fruchtarten;FRUART021;Futtererbsen;610039;t;ERN001;Erntemenge
41241;Ernte-u.Betriebsbericht: Feldfrüchte und Grünland;JAHR;Jahr;2005;DINSG;Deutschland insgesamt;DG;Deutschland;FRUA03;Fruchtarten;FRUART031FSK;Frühe Speisekartoffeln;476900;t;ERN001;Erntemenge
41241;Ernte-u.Betriebsbericht: Feldfrüchte und Grünland;JAHR;Jahr;1968;DINSG;Deutschland insgesamt;DG;Deutschland;FRUA03;Fruchtarten;FRUART01211;Wintergerste;1903177;t;ERN001;Erntemenge
41241;Ernte-u.Betriebsbericht: Feldfrüchte und Grünland;JAHR;Jahr;1971;DINSG;Deutschland insgesamt;DG;Deutschland;FRUA03;Fruchtarten;FRUART0123;Sommermenggetreide;1210313;t;ERN001;Erntemenge
41241;Ernte-u.Betriebsbericht: Feldfrüchte und Grünland;JAHR;Jahr;1987;DINSG;Deutschland insgesamt;DG;Deutschland;FRUA03;Fruchtarten;FRUART0123;Sommermenggetreide;397861;t;ERN001;Erntemenge
41241;Ernte-u.Betriebsbericht: Feldfrüchte und Grünland;JAHR;Jahr;1958;DINSG;Deutschland insgesamt;DG;Deutschland;FRUA03;Fruchtarten;KULART01421;Mähweiden;.;t;ERN001;Erntemenge
41241;Ernte-u.Betriebsbericht: Feldfrüchte und Grünland;JAHR;Jahr;1962;DINSG;Deutschland insgesamt;DG;Deutschland;FRUA03;Fruchtarten;FRUART064;Silomais (einschl. Lieschkolbenschrot);1851676;t;ERN001;Erntemenge
41241;Ernte-u.Betriebsbericht: Feldfrüchte und Grünland;JAHR;Jahr;1969;DINSG;Deutschland insgesamt;DG;Deutschland;FRUA03;Fruchtarten;FRUART065;Raufutter;28142714;t;ERN001;Erntemenge
41241;Ernte-u.Betriebsbericht: Feldfrüchte und Grünland;JAHR;Jahr;1968;DINSG;Deutschland insgesamt;DG;Deutschland;FRUA03;Fruchtarten;FRUART01113;Hartweizen (Durum);.;t;ERN001;Erntemenge
41241;Ernte-u.Betriebsbericht: Feldfrüchte und Grünland;JAHR;Jahr;1965;DINSG;Deutschland insgesamt;DG;Deutschland;FRUA03;Fruchtarten;FRUART0122;Hafer;2052011;t;ERN001;Erntemenge
41241;Ernte-u.Betriebsbericht: Feldfrüchte und Grünland;JAHR;Jahr;1993;DINSG;Deutschland insgesamt;DG;Deutschland;FRUA03;Fruchtarten;FRUART0124;Triticale;1147077;t;ERN001;Erntemenge
41241;Ernte-u.Betriebsbericht: Feldfrüchte und Grünland;JAHR;Jahr;1977;DINSG;Deutschland insgesamt;DG;Deutschland;FRUA03;Fruchtarten;FRUART032;Zuckerrüben;20206311;t;ERN001;Erntemenge
41241;Ernte-u.Betriebsbericht: Feldfrüchte und Grünland;JAHR;Jahr;1950;DINSG;Deutschland insgesamt;DG;Deutschland;FRUA03;Fruchtarten;FRUART05111;Winterraps;71337;t;ERN001;Erntemenge
41241;Ernte-u.Betriebsbericht: Feldfrüchte und Grünland;JAHR;Jahr;1987;DINSG;Deutschland insgesamt;DG;Deutschland;FRUA03;Fruchtarten;FRUART05111;Winterraps;1247718;t;ERN001;Erntemenge
41241;Ernte-u.Betriebsbericht: Feldfrüchte und Grünland;JAHR;Jahr;1954;DINSG;Deutschland insgesamt;DG;Deutschland;FRUA03;Fruchtarten;FRUART032;Zuckerrüben;9015145;t;ERN001;Erntemenge
41241;Ernte-u.Betriebsbericht: Feldfrüchte und Grünland;JAHR;Jahr;1984;DINSG;Deutschland insgesamt;DG;Deutschland;FRUA03;Fruchtarten;FRUART0111;Weizen;10223297;t;ERN001;Erntemenge
41241;Ernte-u.Betriebsbericht: Feldfrüchte und Grünland;JAHR;Jahr;1984;DINSG;Deutschland insgesamt;DG;Deutschland;FRUA03;Fruchtarten;FRUART067;Lupinen;.;t;ERN001;Erntemenge
41241;Ernte-u.Betriebsbericht: Feldfrüchte und Grünland;JAHR;Jahr;1978;DINSG;Deutschland insgesamt;DG;Deutschland;FRUA03;Fruchtarten;FRUART01EKM;Getreide (einschl. Körnermais und CCM);23940419;t;ERN001;Erntemenge
41241;Ernte-u.Betriebsbericht: Feldfrüchte und Grünland;JAHR;Jahr;1970;DINSG;Deutschland insgesamt;DG;Deutschland;FRUA03;Fruchtarten;FRUART01111W;Weichweizen;.;t;ERN001;Erntemenge
41241;Ernte-u.Betriebsbericht: Feldfrüchte und Grünland;JAHR;Jahr;1990;DINSG;Deutschland insgesamt;DG;Deutschland;FRUA03;Fruchtarten;FRUART0111;Weizen;15241870;t;ERN001;Erntemenge
41241;Ernte-u.Betriebsbericht: Feldfrüchte und Grünland;JAHR;Jahr;1966;DINSG;Deutschland insgesamt;DG;Deutschland;FRUA03;Fruchtarten;KULART01411;Wiesen;.;t;ERN001;Erntemenge
41241;Ernte-u.Betriebsbericht: Feldfrüchte und Grünland;JAHR;Jahr;1963;DINSG;Deutschland insgesamt;DG;Deutschland;FRUA03;Fruchtarten;FRUART061;Klee, Kleegras und Klee-Luzerne-Gemisch;4351306;t;ERN001;Erntemenge
41241;Ernte-u.Betriebsbericht: Feldfrüchte und Grünland;JAHR;Jahr;1977;DINSG;Deutschland insgesamt;DG;Deutschland;FRUA03;Fruchtarten;FRUART013CCM;Körnermais (einschl. CCM);579273;t;ERN001;Erntemenge
41241;Ernte-u.Betriebsbericht: Feldfrüchte und Grünland;JAHR;Jahr;1974;DINSG;Deutschland insgesamt;DG;Deutschland;FRUA03;Fruchtarten;FRUART01EKM;Getreide (einschl. Körnermais und CCM);22653285;t;ERN001;Erntemenge
41241;Ernte-u.Betriebsbericht: Feldfrüchte und Grünland;JAHR;Jahr;1975;DINSG;Deutschland insgesamt;DG;Deutschland;FRUA03;Fruchtarten;FRUART0113;Wintermenggetreide;102447;t;ERN001;Erntemenge
41241;Ernte-u.Betriebsbericht: Feldfrüchte und Grünland;JAHR;Jahr;2006;DINSG;Deutschland insgesamt;DG;Deutschland;FRUA03;Fruchtarten;FRUART0123;Sommermenggetreide;102300;t;ERN001;Erntemenge
41241;Ernte-u.Betriebsbericht: Feldfrüchte und Grünland;JAHR;Jahr;1996;DINSG;Deutschland insgesamt;DG;Deutschland;FRUA03;Fruchtarten;FRUART061;Klee, Kleegras und Klee-Luzerne-Gemisch;2016186;t;ERN001;Erntemenge
41241;Ernte-u.Betriebsbericht: Feldfrüchte und Grünland;JAHR;Jahr;1979;DINSG;Deutschland insgesamt;DG;Deutschland;FRUA03;Fruchtarten;FRUART05112;Sommerraps, Winter- und Sommerrübsen;16099;t;ERN001;Erntemenge
41241;Ernte-u.Betriebsbericht: Feldfrüchte und Grünland;JAHR;Jahr;1951;DINSG;Deutschland insgesamt;DG;Deutschland;FRUA03;Fruchtarten;FRUART032;Zuckerrüben;7293066;t;ERN001;Erntemenge
41241;Ernte-u.Betriebsbericht: Feldfrüchte und Grünland;JAHR;Jahr;2000;DINSG;Deutschland insgesamt;DG;Deutschland;FRUA03;Fruchtarten;FRUART033;Runkelrüben;959083;t;ERN001;Erntemenge
41241;Ernte-u.Betriebsbericht: Feldfrüchte und Grünland;JAHR;Jahr;1973;DINSG;Deutschland insgesamt;DG;Deutschland;FRUA03;Fruchtarten;FRUART022;Ackerbohnen;53010;t;ERN001;Erntemenge
41241;Ernte-u.Betriebsbericht: Feldfrüchte und Grünland;JAHR;Jahr;2007;DINSG;Deutschland insgesamt;DG;Deutschland;FRUA03;Fruchtarten;FRUART021;Futtererbsen;177487;t;ERN001;Erntemenge
41241;Ernte-u.Betriebsbericht: Feldfrüchte und Grünland;JAHR;Jahr;1969;DINSG;Deutschland insgesamt;DG;Deutschland;FRUA03;Fruchtarten;FRUART0113;Wintermenggetreide;129809;t;ERN001;Erntemenge
41241;Ernte-u.Betriebsbericht: Feldfrüchte und Grünland;JAHR;Jahr;1970;DINSG;Deutschland insgesamt;DG;Deutschland;FRUA03;Fruchtarten;FRUART031;Kartoffeln;16250042;t;ERN001;Erntemenge
41241;Ernte-u.Betriebsbericht: Feldfrüchte und Grünland;JAHR;Jahr;1960;DINSG;Deutschland insgesamt;DG;Deutschland;FRUA03;Fruchtarten;FRUART0511;Raps und Rübsen;69285;t;ERN001;Erntemenge
41241;Ernte-u.Betriebsbericht: Feldfrüchte und Grünland;JAHR;Jahr;1980;DINSG;Deutschland insgesamt;DG;Deutschland;FRUA03;Fruchtarten;FRUART0121;Gerste;8826381;t;ERN001;Erntemenge
41241;Ernte-u.Betriebsbericht: Feldfrüchte und Grünland;JAHR;Jahr;1965;DINSG;Deutschland insgesamt;DG;Deutschland;FRUA03;Fruchtarten;FRUART033;Runkelrüben;16770180;t;ERN001;Erntemenge
41241;Ernte-u.Betriebsbericht: Feldfrüchte und Grünland;JAHR;Jahr;1984;DINSG;Deutschland insgesamt;DG;Deutschland;FRUA03;Fruchtarten;FRUART01211;Wintergerste;7532898;t;ERN001;Erntemenge
41241;Ernte-u.Betriebsbericht: Feldfrüchte und Grünland;JAHR;Jahr;1982;DINSG;Deutschland insgesamt;DG;Deutschland;FRUA03;Fruchtarten;FRUART01EKM;Getreide (einschl. Körnermais und CCM);24624904;t;ERN001;Erntemenge
41241;Ernte-u.Betriebsbericht: Feldfrüchte und Grünland;JAHR;Jahr;1978;DINSG;Deutschland insgesamt;DG;Deutschland;FRUA03;Fruchtarten;KULART01411;Wiesen;.;t;ERN001;Erntemenge
41241;Ernte-u.Betriebsbericht: Feldfrüchte und Grünland;JAHR;Jahr;1980;DINSG;Deutschland insgesamt;DG;Deutschland;FRUA03;Fruchtarten;FRUART01212;Sommergerste;2889298;t;ERN001;Erntemenge
41241;Ernte-u.Betriebsbericht: Feldfrüchte und Grünland;JAHR;Jahr;1973;DINSG;Deutschland insgesamt;DG;Deutschland;FRUA03;Fruchtarten;KULART01421;Mähweiden;.;t;ERN001;Erntemenge
41241;Ernte-u.Betriebsbericht: Feldfrüchte und Grünland;JAHR;Jahr;1988;DINSG;Deutschland insgesamt;DG;Deutschland;FRUA03;Fruchtarten;FRUART064;Silomais (einschl. Lieschkolbenschrot);45702234;t;ERN001;Erntemenge
41241;Ernte-u.Betriebsbericht: Feldfrüchte und Grünland;JAHR;Jahr;1998;DINSG;Deutschland insgesamt;DG;Deutschland;FRUA03;Fruchtarten;FRUART011;Brotgetreide;25016529;t;ERN001;Erntemenge
41241;Ernte-u.Betriebsbericht: Feldfrüchte und Grünland;JAHR;Jahr;1984;DINSG;Deutschland insgesamt;DG;Deutschland;FRUA03;Fruchtarten;FRUART01113;Hartweizen (Durum);.;t;ERN001;Erntemenge
41241;Ernte-u.Betriebsbericht: Feldfrüchte und Grünland;JAHR;Jahr;1992;DINSG;Deutschland insgesamt;DG;Deutschland;FRUA03;Fruchtarten;FRUART01212;Sommergerste;3610982;t;ERN001;Erntemenge
41241;Ernte-u.Betriebsbericht: Feldfrüchte und Grünland;JAHR;Jahr;1951;DINSG;Deutschland insgesamt;DG;Deutschland;FRUA03;Fruchtarten;FRUART067;Lupinen;.;t;ERN001;Erntemenge
41241;Ernte-u.Betriebsbericht: Feldfrüchte und Grünland;JAHR;Jahr;2004;DINSG;Deutschland insgesamt;DG;Deutschland;FRUA03;Fruchtarten;FRUART065;Raufutter;37280428;t;ERN001;Erntemenge
41241;Ernte-u.Betriebsbericht: Feldfrüchte und Grünland;JAHR;Jahr;1958;DINSG;Deutschland insgesamt;DG;Deutschland;FRUA03;Fruchtarten;FRUART033;Runkelrüben;24084871;t;ERN001;Erntemenge
41241;Ernte-u.Betriebsbericht: Feldfrüchte und Grünland;JAHR;Jahr;1974;DINSG;Deutschland insgesamt;DG;Deutschland;FRUA03;Fruchtarten;FRUART063;Feldgras/Grasanbau auf dem Ackerland;1196584;t;ERN001;Erntemenge
41241;Ernte-u.Betriebsbericht: Feldfrüchte und Grünland;JAHR;Jahr;1985;DINSG;Deutschland insgesamt;DG;Deutschland;FRUA03;Fruchtarten;KULART01421;Mähweiden;.;t;ERN001;Erntemenge
41241;Ernte-u.Betriebsbericht: Feldfrüchte und Grünland;JAHR;Jahr;1953;DINSG;Deutschland insgesamt;DG;Deutschland;FRUA03;Fruchtarten;FRUART0112;Roggen;3299468;t;ERN001;Erntemenge
41241;Ernte-u.Betriebsbericht: Feldfrüchte und Grünland;JAHR;Jahr;2003;DINSG;Deutschland insgesamt;DG;Deutschland;FRUA03;Fruchtarten;FRUART05111;Winterraps;3556107;t;ERN001;Erntemenge
41241;Ernte-u.Betriebsbericht: Feldfrüchte und Grünland;JAHR;Jahr;1969;DINSG;Deutschland insgesamt;DG;Deutschland;FRUA03;Fruchtarten;FRUART021;Futtererbsen;.;t;ERN001;Erntemenge
41241;Ernte-u.Betriebsbericht: Feldfrüchte und Grünland;JAHR;Jahr;1980;DINSG;Deutschland insgesamt;DG;Deutschland;FRUA03;Fruchtarten;FRUART022;Ackerbohnen;14102;t;ERN001;Erntemenge
41241;Ernte-u.Betriebsbericht: Feldfrüchte und Grünland;JAHR;Jahr;1989;DINSG;Deutschland insgesamt;DG;Deutschland;FRUA03;Fruchtarten;FRUART061;Klee, Kleegras und Klee-Luzerne-Gemisch;1451749;t;ERN001;Erntemenge
41241;Ernte-u.Betriebsbericht: Feldfrüchte und Grünland;JAHR;Jahr;1962;DINSG;Deutschland insgesamt;DG;Deutschland;FRUA03;Fruchtarten;FRUART01111W;Weichweizen;.;t;ERN001;Erntemenge
41241;Ernte-u.Betriebsbericht: Feldfrüchte und Grünland;JAHR;Jahr;1958;DINSG;Deutschland insgesamt;DG;Deutschland;FRUA03;Fruchtarten;FRUART01111W;Weichweizen;.;t;ERN001;Erntemenge
41241;Ernte-u.Betriebsbericht: Feldfrüchte und Grünland;JAHR;Jahr;1992;DINSG;Deutschland insgesamt;DG;Deutschland;FRUA03;Fruchtarten;FRUART064;Silomais (einschl. Lieschkolbenschrot);49229364;t;ERN001;Erntemenge
41241;Ernte-u.Betriebsbericht: Feldfrüchte und Grünland;JAHR;Jahr;2000;DINSG;Deutschland insgesamt;DG;Deutschland;FRUA03;Fruchtarten;FRUART011;Brotgetreide;25829675;t;ERN001;Erntemenge
41241;Ernte-u.Betriebsbericht: Feldfrüchte und Grünland;JAHR;Jahr;2004;DINSG;Deutschland insgesamt;DG;Deutschland;FRUA03;Fruchtarten;FRUART0511;Raps und Rübsen;5276589;t;ERN001;Erntemenge
41241;Ernte-u.Betriebsbericht: Feldfrüchte und Grünland;JAHR;Jahr;1952;DINSG;Deutschland insgesamt;DG;Deutschland;FRUA03;Fruchtarten;FRUART01111;Winterweizen;3162815;t;ERN001;Erntemenge
41241;Ernte-u.Betriebsbericht: Feldfrüchte und Grünland;JAHR;Jahr;1993;DINSG;Deutschland insgesamt;DG;Deutschland;FRUA03;Fruchtarten;KULART01421;Mähweiden;13451996;t;ERN001;Erntemenge
41241;Ernte-u.Betriebsbericht: Feldfrüchte und Grünland;JAHR;Jahr;1965;DINSG;Deutschland insgesamt;DG;Deutschland;FRUA03;Fruchtarten;FRUART011;Brotgetreide;7305100;t;ERN001;Erntemenge
41241;Ernte-u.Betriebsbericht: Feldfrüchte und Grünland;JAHR;Jahr;1984;DINSG;Deutschland insgesamt;DG;Deutschland;FRUA03;Fruchtarten;FRUART032;Zuckerrüben;20060000;t;ERN001;Erntemenge
41241;Ernte-u.Betriebsbericht: Feldfrüchte und Grünland;JAHR;Jahr;1999;DINSG;Deutschland insgesamt;DG;Deutschland;FRUA03;Fruchtarten;FRUART065;Raufutter;37830069;t;ERN001;Erntemenge
41241;Ernte-u.Betriebsbericht: Feldfrüchte und Grünland;JAHR;Jahr;1982;DINSG;Deutschland insgesamt;DG;Deutschland;FRUA03;Fruchtarten;KULART0141S;Wiesen und Mähweiden;26820721;t;ERN001;Erntemenge
41241;Ernte-u.Betriebsbericht: Feldfrüchte und Grünland;JAHR;Jahr;1990;DINSG;Deutschland insgesamt;DG;Deutschland;FRUA03;Fruchtarten;FRUART0124;Triticale;388854;t;ERN001;Erntemenge
41241;Ernte-u.Betriebsbericht: Feldfrüchte und Grünland;JAHR;Jahr;1958;DINSG;Deutschland insgesamt;DG;Deutschland;FRUA03;Fruchtarten;FRUART01EKM;Getreide (einschl. Körnermais und CCM);13169882;t;ERN001;Erntemenge
41241;Ernte-u.Betriebsbericht: Feldfrüchte und Grünland;JAHR;Jahr;1966;DINSG;Deutschland insgesamt;DG;Deutschland;FRUA03;Fruchtarten;FRUART0113;Wintermenggetreide;129557;t;ERN001;Erntemenge
41241;Ernte-u.Betriebsbericht: Feldfrüchte und Grünland;JAHR;Jahr;1996;DINSG;Deutschland insgesamt;DG;Deutschland;FRUA03;Fruchtarten;FRUART01112;Sommerweizen;251798;t;ERN001;Erntemenge
41241;Ernte-u.Betriebsbericht: Feldfrüchte und Grünland;JAHR;Jahr;1964;DINSG;Deutschland insgesamt;DG;Deutschland;FRUA03;Fruchtarten;FRUART01111W;Weichweizen;.;t;ERN001;Erntemenge
41241;Ernte-u.Betriebsbericht: Feldfrüchte und Grünland;JAHR;Jahr;2009;DINSG;Deutschland insgesamt;DG;Deutschland;FRUA03;Fruchtarten;FRUART0122;Hafer;825600;t;ERN001;Erntemenge
41241;Ernte-u.Betriebsbericht: Feldfrüchte und Grünland;JAHR;Jahr;1959;DINSG;Deutschland insgesamt;DG;Deutschland;FRUA03;Fruchtarten;FRUART05112;Sommerraps, Winter- und Sommerrübsen;12206;t;ERN001;Erntemenge
41241;Ernte-u.Betriebsbericht: Feldfrüchte und Grünland;JAHR;Jahr;1951;DINSG;Deutschland insgesamt;DG;Deutschland;FRUA03;Fruchtarten;FRUART031MUS;Mittelfrühe und späte Kartoffeln;23122446;t;ERN001;Erntemenge
41241;Ernte-u.Betriebsbericht: Feldfrüchte und Grünland;JAHR;Jahr;1960;DINSG;Deutschland insgesamt;DG;Deutschland;FRUA03;Fruchtarten;FRUART01112;Sommerweizen;333391;t;ERN001;Erntemenge
41241;Ernte-u.Betriebsbericht: Feldfrüchte und Grünland;JAHR;Jahr;1955;DINSG;Deutschland insgesamt;DG;Deutschland;FRUA03;Fruchtarten;FRUART064;Silomais (einschl. Lieschkolbenschrot);1731261;t;ERN001;Erntemenge
41241;Ernte-u.Betriebsbericht: Feldfrüchte und Grünland;JAHR;Jahr;2009;DINSG;Deutschland insgesamt;DG;Deutschland;FRUA03;Fruchtarten;FRUART01212;Sommergerste;2205400;t;ERN001;Erntemenge
41241;Ernte-u.Betriebsbericht: Feldfrüchte und Grünland;JAHR;Jahr;1951;DINSG;Deutschland insgesamt;DG;Deutschland;FRUA03;Fruchtarten;FRUART0112;Roggen;3060560;t;ERN001;Erntemenge
41241;Ernte-u.Betriebsbericht: Feldfrüchte und Grünland;JAHR;Jahr;1951;DINSG;Deutschland insgesamt;DG;Deutschland;FRUA03;Fruchtarten;KULART01421;Mähweiden;.;t;ERN001;Erntemenge
41241;Ernte-u.Betriebsbericht: Feldfrüchte und Grünland;JAHR;Jahr;1999;DINSG;Deutschland insgesamt;DG;Deutschland;FRUA03;Fruchtarten;FRUART0122;Hafer;1339205;t;ERN001;Erntemenge
41241;Ernte-u.Betriebsbericht: Feldfrüchte und Grünland;JAHR;Jahr;1956;DINSG;Deutschland insgesamt;DG;Deutschland;FRUA03;Fruchtarten;FRUART0124;Triticale;.;t;ERN001;Erntemenge
41241;Ernte-u.Betriebsbericht: Feldfrüchte und Grünland;JAHR;Jahr;1969;DINSG;Deutschland insgesamt;DG;Deutschland;FRUA03;Fruchtarten;FRUART022;Ackerbohnen;78063;t;ERN001;Erntemenge
41241;Ernte-u.Betriebsbericht: Feldfrüchte und Grünland;JAHR;Jahr;1983;DINSG;Deutschland insgesamt;DG;Deutschland;FRUA03;Fruchtarten;FRUART012;Futter- und Industriegetreide;11432859;t;ERN001;Erntemenge
41241;Ernte-u.Betriebsbericht: Feldfrüchte und Grünland;JAHR;Jahr;1980;DINSG;Deutschland insgesamt;DG;Deutschland;FRUA03;Fruchtarten;FRUART021;Futtererbsen;.;t;ERN001;Erntemenge
41241;Ernte-u.Betriebsbericht: Feldfrüchte und Grünland;JAHR;Jahr;1999;DINSG;Deutschland insgesamt;DG;Deutschland;FRUA03;Fruchtarten;KULART01421;Mähweiden;16757475;t;ERN001;Erntemenge
41241;Ernte-u.Betriebsbericht: Feldfrüchte und Grünland;JAHR;Jahr;1966;DINSG;Deutschland insgesamt;DG;Deutschland;FRUA03;Fruchtarten;FRUART031;Kartoffeln;18839385;t;ERN001;Erntemenge
41241;Ernte-u.Betriebsbericht: Feldfrüchte und Grünland;JAHR;Jahr;1977;DINSG;Deutschland insgesamt;DG;Deutschland;FRUA03;Fruchtarten;FRUART0121;Gerste;7582485;t;ERN001;Erntemenge
41241;Ernte-u.Betriebsbericht: Feldfrüchte und Grünland;JAHR;Jahr;1994;DINSG;Deutschland insgesamt;DG;Deutschland;FRUA03;Fruchtarten;FRUART022;Ackerbohnen;90680;t;ERN001;Erntemenge
41241;Ernte-u.Betriebsbericht: Feldfrüchte und Grünland;JAHR;Jahr;1992;DINSG;Deutschland insgesamt;DG;Deutschland;FRUA03;Fruchtarten;FRUART0511;Raps und Rübsen;2616811;t;ERN001;Erntemenge
41241;Ernte-u.Betriebsbericht: Feldfrüchte und Grünland;JAHR;Jahr;1983;DINSG;Deutschland insgesamt;DG;Deutschland;FRUA03;Fruchtarten;FRUART01OKM;Getreide (ohne Körnermais und CCM);22077335;t;ERN001;Erntemenge
41241;Ernte-u.Betriebsbericht: Feldfrüchte und Grünland;JAHR;Jahr;1951;DINSG;Deutschland insgesamt;DG;Deutschland;FRUA03;Fruchtarten;FRUART011;Brotgetreide;6189463;t;ERN001;Erntemenge
41241;Ernte-u.Betriebsbericht: Feldfrüchte und Grünland;JAHR;Jahr;1991;DINSG;Deutschland insgesamt;DG;Deutschland;FRUA03;Fruchtarten;FRUART031;Kartoffeln;10200971;t;ERN001;Erntemenge
41241;Ernte-u.Betriebsbericht: Feldfrüchte und Grünland;JAHR;Jahr;2009;DINSG;Deutschland insgesamt;DG;Deutschland;FRUA03;Fruchtarten;FRUART064;Silomais (einschl. Lieschkolbenschrot);73553400;t;ERN001;Erntemenge
41241;Ernte-u.Betriebsbericht: Feldfrüchte und Grünland;JAHR;Jahr;1956;DINSG;Deutschland insgesamt;DG;Deutschland;FRUA03;Fruchtarten;FRUART062;Luzerne;.;t;ERN001;Erntemenge
41241;Ernte-u.Betriebsbericht: Feldfrüchte und Grünland;JAHR;Jahr;1984;DINSG;Deutschland insgesamt;DG;Deutschland;FRUA03;Fruchtarten;FRUART031;Kartoffeln;7272361;t;ERN001;Erntemenge
41241;Ernte-u.Betriebsbericht: Feldfrüchte und Grünland;JAHR;Jahr;1965;DINSG;Deutschland insgesamt;DG;Deutschland;FRUA03;Fruchtarten;FRUART012;Futter- und Industriegetreide;6485195;t;ERN001;Erntemenge
41241;Ernte-u.Betriebsbericht: Feldfrüchte und Grünland;JAHR;Jahr;2002;DINSG;Deutschland insgesamt;DG;Deutschland;FRUA03;Fruchtarten;FRUART0511;Raps und Rübsen;3848696;t;ERN001;Erntemenge
41241;Ernte-u.Betriebsbericht: Feldfrüchte und Grünland;JAHR;Jahr;1987;DINSG;Deutschland insgesamt;DG;Deutschland;FRUA03;Fruchtarten;FRUART022;Ackerbohnen;194647;t;ERN001;Erntemenge
41241;Ernte-u.Betriebsbericht: Feldfrüchte und Grünland;JAHR;Jahr;1996;DINSG;Deutschland insgesamt;DG;Deutschland;FRUA03;Fruchtarten;KULART01421;Mähweiden;15463221;t;ERN001;Erntemenge
41241;Ernte-u.Betriebsbericht: Feldfrüchte und Grünland;JAHR;Jahr;1954;DINSG;Deutschland insgesamt;DG;Deutschland;FRUA03;Fruchtarten;FRUART013CCM;Körnermais (einschl. CCM);20483;t;ERN001;Erntemenge
41241;Ernte-u.Betriebsbericht: Feldfrüchte und Grünland;JAHR;Jahr;1961;DINSG;Deutschland insgesamt;DG;Deutschland;FRUA03;Fruchtarten;FRUART05112;Sommerraps, Winter- und Sommerrübsen;17164;t;ERN001;Erntemenge
41241;Ernte-u.Betriebsbericht: Feldfrüchte und Grünland;JAHR;Jahr;2001;DINSG;Deutschland insgesamt;DG;Deutschland;FRUA03;Fruchtarten;FRUART01112;Sommerweizen;248408;t;ERN001;Erntemenge
41241;Ernte-u.Betriebsbericht: Feldfrüchte und Grünland;JAHR;Jahr;1962;DINSG;Deutschland insgesamt;DG;Deutschland;FRUA03;Fruchtarten;FRUART021;Futtererbsen;.;t;ERN001;Erntemenge
41241;Ernte-u.Betriebsbericht: Feldfrüchte und Grünland;JAHR;Jahr;1950;DINSG;Deutschland insgesamt;DG;Deutschland;FRUA03;Fruchtarten;FRUART0121;Gerste;1478333;t;ERN001;Erntemenge
41241;Ernte-u.Betriebsbericht: Feldfrüchte und Grünland;JAHR;Jahr;2004;DINSG;Deutschland insgesamt;DG;Deutschland;FRUA03;Fruchtarten;FRUART0123;Sommermenggetreide;113250;t;ERN001;Erntemenge
41241;Ernte-u.Betriebsbericht: Feldfrüchte und Grünland;JAHR;Jahr;1981;DINSG;Deutschland insgesamt;DG;Deutschland;FRUA03;Fruchtarten;FRUART0112;Roggen;1729015;t;ERN001;Erntemenge
41241;Ernte-u.Betriebsbericht: Feldfrüchte und Grünland;JAHR;Jahr;1996;DINSG;Deutschland insgesamt;DG;Deutschland;FRUA03;Fruchtarten;FRUART01111W;Weichweizen;18875006;t;ERN001;Erntemenge
41241;Ernte-u.Betriebsbericht: Feldfrüchte und Grünland;JAHR;Jahr;1998;DINSG;Deutschland insgesamt;DG;Deutschland;FRUA03;Fruchtarten;FRUART032;Zuckerrüben;26787164;t;ERN001;Erntemenge
41241;Ernte-u.Betriebsbericht: Feldfrüchte und Grünland;JAHR;Jahr;1967;DINSG;Deutschland insgesamt;DG;Deutschland;FRUA03;Fruchtarten;FRUART01111W;Weichweizen;.;t;ERN001;Erntemenge
41241;Ernte-u.Betriebsbericht: Feldfrüchte und Grünland;JAHR;Jahr;1958;DINSG;Deutschland insgesamt;DG;Deutschland;FRUA03;Fruchtarten;FRUART012;Futter- und Industriegetreide;5492940;t;ERN001;Erntemenge
41241;Ernte-u.Betriebsbericht: Feldfrüchte und Grünland;JAHR;Jahr;1982;DINSG;Deutschland insgesamt;DG;Deutschland;FRUA03;Fruchtarten;FRUART01111W;Weichweizen;.;t;ERN001;Erntemenge
41241;Ernte-u.Betriebsbericht: Feldfrüchte und Grünland;JAHR;Jahr;1976;DINSG;Deutschland insgesamt;DG;Deutschland;FRUA03;Fruchtarten;FRUART0513;Körnersonnenblumen;.;t;ERN001;Erntemenge
41241;Ernte-u.Betriebsbericht: Feldfrüchte und Grünland;JAHR;Jahr;2005;DINSG;Deutschland insgesamt;DG;Deutschland;FRUA03;Fruchtarten;FRUART032;Zuckerrüben;25284700;t;ERN001;Erntemenge
41241;Ernte-u.Betriebsbericht: Feldfrüchte und Grünland;JAHR;Jahr;1955;DINSG;Deutschland insgesamt;DG;Deutschland;FRUA03;Fruchtarten;FRUART021;Futtererbsen;.;t;ERN001;Erntemenge
41241;Ernte-u.Betriebsbericht: Feldfrüchte und Grünland;JAHR;Jahr;1989;DINSG;Deutschland insgesamt;DG;Deutschland;FRUA03;Fruchtarten;KULART01411;Wiesen;.;t;ERN001;Erntemenge
41241;Ernte-u.Betriebsbericht: Feldfrüchte und Grünland;JAHR;Jahr;1954;DINSG;Deutschland insgesamt;DG;Deutschland;FRUA03;Fruchtarten;FRUART031FSK;Frühe Speisekartoffeln;1206258;t;ERN001;Erntemenge
41241;Ernte-u.Betriebsbericht: Feldfrüchte und Grünland;JAHR;Jahr;1988;DINSG;Deutschland insgesamt;DG;Deutschland;FRUA03;Fruchtarten;FRUART01211;Wintergerste;6470681;t;ERN001;Erntemenge
41241;Ernte-u.Betriebsbericht: Feldfrüchte und Grünland;JAHR;Jahr;1978;DINSG;Deutschland insgesamt;DG;Deutschland;FRUA03;Fruchtarten;FRUART0112;Roggen;2457234;t;ERN001;Erntemenge
41241;Ernte-u.Betriebsbericht: Feldfrüchte und Grünland;JAHR;Jahr;1992;DINSG;Deutschland insgesamt;DG;Deutschland;FRUA03;Fruchtarten;FRUART05111;Winterraps;2522659;t;ERN001;Erntemenge
41241;Ernte-u.Betriebsbericht: Feldfrüchte und Grünland;JAHR;Jahr;1997;DINSG;Deutschland insgesamt;DG;Deutschland;FRUA03;Fruchtarten;FRUART031FSK;Frühe Speisekartoffeln;540558;t;ERN001;Erntemenge
41241;Ernte-u.Betriebsbericht: Feldfrüchte und Grünland;JAHR;Jahr;1998;DINSG;Deutschland insgesamt;DG;Deutschland;FRUA03;Fruchtarten;FRUART067;Lupinen;.;t;ERN001;Erntemenge
41241;Ernte-u.Betriebsbericht: Feldfrüchte und Grünland;JAHR;Jahr;1988;DINSG;Deutschland insgesamt;DG;Deutschland;FRUA03;Fruchtarten;FRUART01113;Hartweizen (Durum);60470;t;ERN001;Erntemenge
41241;Ernte-u.Betriebsbericht: Feldfrüchte und Grünland;JAHR;Jahr;1973;DINSG;Deutschland insgesamt;DG;Deutschland;FRUA03;Fruchtarten;FRUART065;Raufutter;30194613;t;ERN001;Erntemenge
41241;Ernte-u.Betriebsbericht: Feldfrüchte und Grünland;JAHR;Jahr;1951;DINSG;Deutschland insgesamt;DG;Deutschland;FRUA03;Fruchtarten;FRUART033;Runkelrüben;23764546;t;ERN001;Erntemenge
41241;Ernte-u.Betriebsbericht: Feldfrüchte und Grünland;JAHR;Jahr;2005;DINSG;Deutschland insgesamt;DG;Deutschland;FRUA03;Fruchtarten;FRUART067;Lupinen;.;t;ERN001;Erntemenge
41241;Ernte-u.Betriebsbericht: Feldfrüchte und Grünland;JAHR;Jahr;1954;DINSG;Deutschland insgesamt;DG;Deutschland;FRUA03;Fruchtarten;FRUART01211;Wintergerste;175390;t;ERN001;Erntemenge
41241;Ernte-u.Betriebsbericht: Feldfrüchte und Grünland;JAHR;Jahr;1990;DINSG;Deutschland insgesamt;DG;Deutschland;FRUA03;Fruchtarten;KULART01411;Wiesen;20765018;t;ERN001;Erntemenge
41241;Ernte-u.Betriebsbericht: Feldfrüchte und Grünland;JAHR;Jahr;1957;DINSG;Deutschland insgesamt;DG;Deutschland;FRUA03;Fruchtarten;FRUART01211;Wintergerste;637258;t;ERN001;Erntemenge
41241;Ernte-u.Betriebsbericht: Feldfrüchte und Grünland;JAHR;Jahr;1959;DINSG;Deutschland insgesamt;DG;Deutschland;FRUA03;Fruchtarten;FRUART031MUS;Mittelfrühe und späte Kartoffeln;21898431;t;ERN001;Erntemenge
41241;Ernte-u.Betriebsbericht: Feldfrüchte und Grünland;JAHR;Jahr;1956;DINSG;Deutschland insgesamt;DG;Deutschland;FRUA03;Fruchtarten;FRUART0111;Weizen;3490595;t;ERN001;Erntemenge
41241;Ernte-u.Betriebsbericht: Feldfrüchte und Grünland;JAHR;Jahr;1954;DINSG;Deutschland insgesamt;DG;Deutschland;FRUA03;Fruchtarten;FRUART01113;Hartweizen (Durum);.;t;ERN001;Erntemenge
41241;Ernte-u.Betriebsbericht: Feldfrüchte und Grünland;JAHR;Jahr;1954;DINSG;Deutschland insgesamt;DG;Deutschland;FRUA03;Fruchtarten;KULART01421;Mähweiden;.;t;ERN001;Erntemenge
41241;Ernte-u.Betriebsbericht: Feldfrüchte und Grünland;JAHR;Jahr;1981;DINSG;Deutschland insgesamt;DG;Deutschland;FRUA03;Fruchtarten;FRUART062;Luzerne;.;t;ERN001;Erntemenge
41241;Ernte-u.Betriebsbericht: Feldfrüchte und Grünland;JAHR;Jahr;1973;DINSG;Deutschland insgesamt;DG;Deutschland;FRUA03;Fruchtarten;FRUART0113;Wintermenggetreide;116353;t;ERN001;Erntemenge
41241;Ernte-u.Betriebsbericht: Feldfrüchte und Grünland;JAHR;Jahr;2000;DINSG;Deutschland insgesamt;DG;Deutschland;FRUA03;Fruchtarten;FRUART013CCM;Körnermais (einschl. CCM);3324018;t;ERN001;Erntemenge
41241;Ernte-u.Betriebsbericht: Feldfrüchte und Grünland;JAHR;Jahr;1957;DINSG;Deutschland insgesamt;DG;Deutschland;FRUA03;Fruchtarten;FRUART01113;Hartweizen (Durum);.;t;ERN001;Erntemenge
41241;Ernte-u.Betriebsbericht: Feldfrüchte und Grünland;JAHR;Jahr;1961;DINSG;Deutschland insgesamt;DG;Deutschland;FRUA03;Fruchtarten;FRUART01212;Sommergerste;1863040;t;ERN001;Erntemenge
41241;Ernte-u.Betriebsbericht: Feldfrüchte und Grünland;JAHR;Jahr;1988;DINSG;Deutschland insgesamt;DG;Deutschland;FRUA03;Fruchtarten;FRUART063;Feldgras/Grasanbau auf dem Ackerland;910593;t;ERN001;Erntemenge
41241;Ernte-u.Betriebsbericht: Feldfrüchte und Grünland;JAHR;Jahr;1979;DINSG;Deutschland insgesamt;DG;Deutschland;FRUA03;Fruchtarten;FRUART012;Futter- und Industriegetreide;11880773;t;ERN001;Erntemenge
41241;Ernte-u.Betriebsbericht: Feldfrüchte und Grünland;JAHR;Jahr;1986;DINSG;Deutschland insgesamt;DG;Deutschland;FRUA03;Fruchtarten;FRUART0111;Weizen;10406196;t;ERN001;Erntemenge
41241;Ernte-u.Betriebsbericht: Feldfrüchte und Grünland;JAHR;Jahr;1976;DINSG;Deutschland insgesamt;DG;Deutschland;FRUA03;Fruchtarten;FRUART021;Futtererbsen;.;t;ERN001;Erntemenge
41241;Ernte-u.Betriebsbericht: Feldfrüchte und Grünland;JAHR;Jahr;1969;DINSG;Deutschland insgesamt;DG;Deutschland;FRUA03;Fruchtarten;FRUART0121;Gerste;5130388;t;ERN001;Erntemenge
41241;Ernte-u.Betriebsbericht: Feldfrüchte und Grünland;JAHR;Jahr;1999;DINSG;Deutschland insgesamt;DG;Deutschland;FRUA03;Fruchtarten;FRUART01113;Hartweizen (Durum);64621;t;ERN001;Erntemenge
41241;Ernte-u.Betriebsbericht: Feldfrüchte und Grünland;JAHR;Jahr;1951;DINSG;Deutschland insgesamt;DG;Deutschland;FRUA03;Fruchtarten;FRUART01211;Wintergerste;426189;t;ERN001;Erntemenge
41241;Ernte-u.Betriebsbericht: Feldfrüchte und Grünland;JAHR;Jahr;1962;DINSG;Deutschland insgesamt;DG;Deutschland;FRUA03;Fruchtarten;FRUART012;Futter- und Industriegetreide;7466895;t;ERN001;Erntemenge
41241;Ernte-u.Betriebsbericht: Feldfrüchte und Grünland;JAHR;Jahr;1980;DINSG;Deutschland insgesamt;DG;Deutschland;FRUA03;Fruchtarten;FRUART065;Raufutter;28679833;t;ERN001;Erntemenge
41241;Ernte-u.Betriebsbericht: Feldfrüchte und Grünland;JAHR;Jahr;1987;DINSG;Deutschland insgesamt;DG;Deutschland;FRUA03;Fruchtarten;FRUART031;Kartoffeln;6836080;t;ERN001;Erntemenge
41241;Ernte-u.Betriebsbericht: Feldfrüchte und Grünland;JAHR;Jahr;1968;DINSG;Deutschland insgesamt;DG;Deutschland;FRUA03;Fruchtarten;FRUART0513;Körnersonnenblumen;.;t;ERN001;Erntemenge
41241;Ernte-u.Betriebsbericht: Feldfrüchte und Grünland;JAHR;Jahr;1967;DINSG;Deutschland insgesamt;DG;Deutschland;FRUA03;Fruchtarten;FRUART063;Feldgras/Grasanbau auf dem Ackerland;1262907;t;ERN001;Erntemenge
41241;Ernte-u.Betriebsbericht: Feldfrüchte und Grünland;JAHR;Jahr;1981;DINSG;Deutschland insgesamt;DG;Deutschland;FRUA03;Fruchtarten;FRUART0121;Gerste;8686628;t;ERN001;Erntemenge
41241;Ernte-u.Betriebsbericht: Feldfrüchte und Grünland;JAHR;Jahr;2008;DINSG;Deutschland insgesamt;DG;Deutschland;FRUA03;Fruchtarten;FRUART032;Zuckerrüben;23002600;t;ERN001;Erntemenge
41241;Ernte-u.Betriebsbericht: Feldfrüchte und Grünland;JAHR;Jahr;1980;DINSG;Deutschland insgesamt;DG;Deutschland;FRUA03;Fruchtarten;FRUART0513;Körnersonnenblumen;.;t;ERN001;Erntemenge
41241;Ernte-u.Betriebsbericht: Feldfrüchte und Grünland;JAHR;Jahr;1988;DINSG;Deutschland insgesamt;DG;Deutschland;FRUA03;Fruchtarten;FRUART0511;Raps und Rübsen;1216116;t;ERN001;Erntemenge
41241;Ernte-u.Betriebsbericht: Feldfrüchte und Grünland;JAHR;Jahr;1951;DINSG;Deutschland insgesamt;DG;Deutschland;FRUA03;Fruchtarten;FRUART01113;Hartweizen (Durum);.;t;ERN001;Erntemenge
41241;Ernte-u.Betriebsbericht: Feldfrüchte und Grünland;JAHR;Jahr;2004;DINSG;Deutschland insgesamt;DG;Deutschland;FRUA03;Fruchtarten;FRUART01111W;Weichweizen;25377117;t;ERN001;Erntemenge
41241;Ernte-u.Betriebsbericht: Feldfrüchte und Grünland;JAHR;Jahr;1972;DINSG;Deutschland insgesamt;DG;Deutschland;FRUA03;Fruchtarten;FRUART011;Brotgetreide;9652515;t;ERN001;Erntemenge
41241;Ernte-u.Betriebsbericht: Feldfrüchte und Grünland;JAHR;Jahr;2009;DINSG;Deutschland insgesamt;DG;Deutschland;FRUA03;Fruchtarten;FRUART0113;Wintermenggetreide;54800;t;ERN001;Erntemenge
41241;Ernte-u.Betriebsbericht: Feldfrüchte und Grünland;JAHR;Jahr;1982;DINSG;Deutschland insgesamt;DG;Deutschland;FRUA03;Fruchtarten;FRUART031MUS;Mittelfrühe und späte Kartoffeln;6517720;t;ERN001;Erntemenge
41241;Ernte-u.Betriebsbericht: Feldfrüchte und Grünland;JAHR;Jahr;1977;DINSG;Deutschland insgesamt;DG;Deutschland;FRUA03;Fruchtarten;FRUART062;Luzerne;.;t;ERN001;Erntemenge
41241;Ernte-u.Betriebsbericht: Feldfrüchte und Grünland;JAHR;Jahr;1954;DINSG;Deutschland insgesamt;DG;Deutschland;FRUA03;Fruchtarten;FRUART05111;Winterraps;10679;t;ERN001;Erntemenge
41241;Ernte-u.Betriebsbericht: Feldfrüchte und Grünland;JAHR;Jahr;1995;DINSG;Deutschland insgesamt;DG;Deutschland;FRUA03;Fruchtarten;FRUART05111;Winterraps;3024027;t;ERN001;Erntemenge
41241;Ernte-u.Betriebsbericht: Feldfrüchte und Grünland;JAHR;Jahr;1955;DINSG;Deutschland insgesamt;DG;Deutschland;FRUA03;Fruchtarten;KULART0141S;Wiesen und Mähweiden;20189153;t;ERN001;Erntemenge
41241;Ernte-u.Betriebsbericht: Feldfrüchte und Grünland;JAHR;Jahr;1971;DINSG;Deutschland insgesamt;DG;Deutschland;FRUA03;Fruchtarten;FRUART01EKM;Getreide (einschl. Körnermais und CCM);20945348;t;ERN001;Erntemenge
41241;Ernte-u.Betriebsbericht: Feldfrüchte und Grünland;JAHR;Jahr;1972;DINSG;Deutschland insgesamt;DG;Deutschland;FRUA03;Fruchtarten;FRUART05112;Sommerraps, Winter- und Sommerrübsen;17459;t;ERN001;Erntemenge
41241;Ernte-u.Betriebsbericht: Feldfrüchte und Grünland;JAHR;Jahr;2006;DINSG;Deutschland insgesamt;DG;Deutschland;FRUA03;Fruchtarten;FRUART01OKM;Getreide (ohne Körnermais und CCM);40254500;t;ERN001;Erntemenge
41241;Ernte-u.Betriebsbericht: Feldfrüchte und Grünland;JAHR;Jahr;2004;DINSG;Deutschland insgesamt;DG;Deutschland;FRUA03;Fruchtarten;FRUART01113;Hartweizen (Durum);50093;t;ERN001;Erntemenge
41241;Ernte-u.Betriebsbericht: Feldfrüchte und Grünland;JAHR;Jahr;2008;DINSG;Deutschland insgesamt;DG;Deutschland;FRUA03;Fruchtarten;FRUART0122;Hafer;793200;t;ERN001;Erntemenge
41241;Ernte-u.Betriebsbericht: Feldfrüchte und Grünland;JAHR;Jahr;1997;DINSG;Deutschland insgesamt;DG;Deutschland;FRUA03;Fruchtarten;FRUART013CCM;Körnermais (einschl. CCM);3188356;t;ERN001;Erntemenge
41241;Ernte-u.Betriebsbericht: Feldfrüchte und Grünland;JAHR;Jahr;1960;DINSG;Deutschland insgesamt;DG;Deutschland;FRUA03;Fruchtarten;FRUART062;Luzerne;.;t;ERN001;Erntemenge
41241;Ernte-u.Betriebsbericht: Feldfrüchte und Grünland;JAHR;Jahr;1968;DINSG;Deutschland insgesamt;DG;Deutschland;FRUA03;Fruchtarten;FRUART01212;Sommergerste;3070725;t;ERN001;Erntemenge
41241;Ernte-u.Betriebsbericht: Feldfrüchte und Grünland;JAHR;Jahr;1961;DINSG;Deutschland insgesamt;DG;Deutschland;FRUA03;Fruchtarten;FRUART0511;Raps und Rübsen;74413;t;ERN001;Erntemenge
41241;Ernte-u.Betriebsbericht: Feldfrüchte und Grünland;JAHR;Jahr;1987;DINSG;Deutschland insgesamt;DG;Deutschland;FRUA03;Fruchtarten;FRUART0124;Triticale;.;t;ERN001;Erntemenge
41241;Ernte-u.Betriebsbericht: Feldfrüchte und Grünland;JAHR;Jahr;1999;DINSG;Deutschland insgesamt;DG;Deutschland;FRUA03;Fruchtarten;FRUART01211;Wintergerste;9026119;t;ERN001;Erntemenge
41241;Ernte-u.Betriebsbericht: Feldfrüchte und Grünland;JAHR;Jahr;2008;DINSG;Deutschland insgesamt;DG;Deutschland;FRUA03;Fruchtarten;FRUART067;Lupinen;.;t;ERN001;Erntemenge
41241;Ernte-u.Betriebsbericht: Feldfrüchte und Grünland;JAHR;Jahr;1953;DINSG;Deutschland insgesamt;DG;Deutschland;FRUA03;Fruchtarten;FRUART062;Luzerne;.;t;ERN001;Erntemenge
41241;Ernte-u.Betriebsbericht: Feldfrüchte und Grünland;JAHR;Jahr;2000;DINSG;Deutschland insgesamt;DG;Deutschland;FRUA03;Fruchtarten;FRUART031FSK;Frühe Speisekartoffeln;558783;t;ERN001;Erntemenge
41241;Ernte-u.Betriebsbericht: Feldfrüchte und Grünland;JAHR;Jahr;1985;DINSG;Deutschland insgesamt;DG;Deutschland;FRUA03;Fruchtarten;FRUART0111;Weizen;9865885;t;ERN001;Erntemenge
41241;Ernte-u.Betriebsbericht: Feldfrüchte und Grünland;JAHR;Jahr;1965;DINSG;Deutschland insgesamt;DG;Deutschland;FRUA03;Fruchtarten;FRUART0123;Sommermenggetreide;1068719;t;ERN001;Erntemenge
41241;Ernte-u.Betriebsbericht: Feldfrüchte und Grünland;JAHR;Jahr;1970;DINSG;Deutschland insgesamt;DG;Deutschland;FRUA03;Fruchtarten;FRUART061;Klee, Kleegras und Klee-Luzerne-Gemisch;3028208;t;ERN001;Erntemenge
41241;Ernte-u.Betriebsbericht: Feldfrüchte und Grünland;JAHR;Jahr;2000;DINSG;Deutschland insgesamt;DG;Deutschland;FRUA03;Fruchtarten;FRUART0124;Triticale;2799805;t;ERN001;Erntemenge
41241;Ernte-u.Betriebsbericht: Feldfrüchte und Grünland;JAHR;Jahr;1996;DINSG;Deutschland insgesamt;DG;Deutschland;FRUA03;Fruchtarten;FRUART031MUS;Mittelfrühe und späte Kartoffeln;12454411;t;ERN001;Erntemenge
41241;Ernte-u.Betriebsbericht: Feldfrüchte und Grünland;JAHR;Jahr;1990;DINSG;Deutschland insgesamt;DG;Deutschland;FRUA03;Fruchtarten;FRUART012;Futter- und Industriegetreide;16741214;t;ERN001;Erntemenge
41241;Ernte-u.Betriebsbericht: Feldfrüchte und Grünland;JAHR;Jahr;1959;DINSG;Deutschland insgesamt;DG;Deutschland;FRUA03;Fruchtarten;FRUART01111;Winterweizen;4146622;t;ERN001;Erntemenge
41241;Ernte-u.Betriebsbericht: Feldfrüchte und Grünland;JAHR;Jahr;1955;DINSG;Deutschland insgesamt;DG;Deutschland;FRUA03;Fruchtarten;KULART01411;Wiesen;.;t;ERN001;Erntemenge
41241;Ernte-u.Betriebsbericht: Feldfrüchte und Grünland;JAHR;Jahr;1964;DINSG;Deutschland insgesamt;DG;Deutschland;FRUA03;Fruchtarten;FRUART05112;Sommerraps, Winter- und Sommerrübsen;16322;t;ERN001;Erntemenge
41241;Ernte-u.Betriebsbericht: Feldfrüchte und Grünland;JAHR;Jahr;1984;DINSG;Deutschland insgesamt;DG;Deutschland;FRUA03;Fruchtarten;FRUART062;Luzerne;.;t;ERN001;Erntemenge
41241;Ernte-u.Betriebsbericht: Feldfrüchte und Grünland;JAHR;Jahr;2005;DINSG;Deutschland insgesamt;DG;Deutschland;FRUA03;Fruchtarten;KULART01411;Wiesen;15444500;t;ERN001;Erntemenge
41241;Ernte-u.Betriebsbericht: Feldfrüchte und Grünland;JAHR;Jahr;1977;DINSG;Deutschland insgesamt;DG;Deutschland;FRUA03;Fruchtarten;FRUART031FSK;Frühe Speisekartoffeln;770803;t;ERN001;Erntemenge
41241;Ernte-u.Betriebsbericht: Feldfrüchte und Grünland;JAHR;Jahr;1972;DINSG;Deutschland insgesamt;DG;Deutschland;FRUA03;Fruchtarten;FRUART033;Runkelrüben;26141074;t;ERN001;Erntemenge
41241;Ernte-u.Betriebsbericht: Feldfrüchte und Grünland;JAHR;Jahr;1989;DINSG;Deutschland insgesamt;DG;Deutschland;FRUA03;Fruchtarten;KULART0141S;Wiesen und Mähweiden;27779930;t;ERN001;Erntemenge
41241;Ernte-u.Betriebsbericht: Feldfrüchte und Grünland;JAHR;Jahr;1974;DINSG;Deutschland insgesamt;DG;Deutschland;FRUA03;Fruchtarten;FRUART031FSK;Frühe Speisekartoffeln;874634;t;ERN001;Erntemenge
41241;Ernte-u.Betriebsbericht: Feldfrüchte und Grünland;JAHR;Jahr;1972;DINSG;Deutschland insgesamt;DG;Deutschland;FRUA03;Fruchtarten;FRUART0122;Hafer;2887487;t;ERN001;Erntemenge
41241;Ernte-u.Betriebsbericht: Feldfrüchte und Grünland;JAHR;Jahr;1977;DINSG;Deutschland insgesamt;DG;Deutschland;FRUA03;Fruchtarten;FRUART01112;Sommerweizen;726155;t;ERN001;Erntemenge
41241;Ernte-u.Betriebsbericht: Feldfrüchte und Grünland;JAHR;Jahr;2000;DINSG;Deutschland insgesamt;DG;Deutschland;FRUA03;Fruchtarten;FRUART0111;Weizen;21621548;t;ERN001;Erntemenge
41241;Ernte-u.Betriebsbericht: Feldfrüchte und Grünland;JAHR;Jahr;1959;DINSG;Deutschland insgesamt;DG;Deutschland;FRUA03;Fruchtarten;FRUART031;Kartoffeln;22719950;t;ERN001;Erntemenge
41241;Ernte-u.Betriebsbericht: Feldfrüchte und Grünland;JAHR;Jahr;2001;DINSG;Deutschland insgesamt;DG;Deutschland;FRUA03;Fruchtarten;FRUART022;Ackerbohnen;80808;t;ERN001;Erntemenge
41241;Ernte-u.Betriebsbericht: Feldfrüchte und Grünland;JAHR;Jahr;1952;DINSG;Deutschland insgesamt;DG;Deutschland;FRUA03;Fruchtarten;FRUART065;Raufutter;22102986;t;ERN001;Erntemenge
41241;Ernte-u.Betriebsbericht: Feldfrüchte und Grünland;JAHR;Jahr;1986;DINSG;Deutschland insgesamt;DG;Deutschland;FRUA03;Fruchtarten;FRUART012;Futter- und Industriegetreide;12064070;t;ERN001;Erntemenge
41241;Ernte-u.Betriebsbericht: Feldfrüchte und Grünland;JAHR;Jahr;1967;DINSG;Deutschland insgesamt;DG;Deutschland;FRUA03;Fruchtarten;FRUART01111;Winterweizen;5118522;t;ERN001;Erntemenge
41241;Ernte-u.Betriebsbericht: Feldfrüchte und Grünland;JAHR;Jahr;2005;DINSG;Deutschland insgesamt;DG;Deutschland;FRUA03;Fruchtarten;FRUART0123;Sommermenggetreide;109500;t;ERN001;Erntemenge
41241;Ernte-u.Betriebsbericht: Feldfrüchte und Grünland;JAHR;Jahr;1994;DINSG;Deutschland insgesamt;DG;Deutschland;FRUA03;Fruchtarten;FRUART0123;Sommermenggetreide;209508;t;ERN001;Erntemenge
41241;Ernte-u.Betriebsbericht: Feldfrüchte und Grünland;JAHR;Jahr;1983;DINSG;Deutschland insgesamt;DG;Deutschland;FRUA03;Fruchtarten;FRUART021;Futtererbsen;.;t;ERN001;Erntemenge
41241;Ernte-u.Betriebsbericht: Feldfrüchte und Grünland;JAHR;Jahr;1966;DINSG;Deutschland insgesamt;DG;Deutschland;FRUA03;Fruchtarten;FRUART022;Ackerbohnen;68961;t;ERN001;Erntemenge
41241;Ernte-u.Betriebsbericht: Feldfrüchte und Grünland;JAHR;Jahr;1968;DINSG;Deutschland insgesamt;DG;Deutschland;FRUA03;Fruchtarten;FRUART0122;Hafer;2893214;t;ERN001;Erntemenge
41241;Ernte-u.Betriebsbericht: Feldfrüchte und Grünland;JAHR;Jahr;1963;DINSG;Deutschland insgesamt;DG;Deutschland;FRUA03;Fruchtarten;FRUART031;Kartoffeln;25812413;t;ERN001;Erntemenge
41241;Ernte-u.Betriebsbericht: Feldfrüchte und Grünland;JAHR;Jahr;1971;DINSG;Deutschland insgesamt;DG;Deutschland;FRUA03;Fruchtarten;FRUART01112;Sommerweizen;832335;t;ERN001;Erntemenge
41241;Ernte-u.Betriebsbericht: Feldfrüchte und Grünland;JAHR;Jahr;2008;DINSG;Deutschland insgesamt;DG;Deutschland;FRUA03;Fruchtarten;FRUART013CCM;Körnermais (einschl. CCM);5105900;t;ERN001;Erntemenge
41241;Ernte-u.Betriebsbericht: Feldfrüchte und Grünland;JAHR;Jahr;1995;DINSG;Deutschland insgesamt;DG;Deutschland;FRUA03;Fruchtarten;FRUART063;Feldgras/Grasanbau auf dem Ackerland;1873568;t;ERN001;Erntemenge
41241;Ernte-u.Betriebsbericht: Feldfrüchte und Grünland;JAHR;Jahr;1968;DINSG;Deutschland insgesamt;DG;Deutschland;FRUA03;Fruchtarten;FRUART031FSK;Frühe Speisekartoffeln;854326;t;ERN001;Erntemenge
41241;Ernte-u.Betriebsbericht: Feldfrüchte und Grünland;JAHR;Jahr;1960;DINSG;Deutschland insgesamt;DG;Deutschland;FRUA03;Fruchtarten;FRUART0124;Triticale;.;t;ERN001;Erntemenge
41241;Ernte-u.Betriebsbericht: Feldfrüchte und Grünland;JAHR;Jahr;1976;DINSG;Deutschland insgesamt;DG;Deutschland;FRUA03;Fruchtarten;FRUART065;Raufutter;25356882;t;ERN001;Erntemenge
41241;Ernte-u.Betriebsbericht: Feldfrüchte und Grünland;JAHR;Jahr;1997;DINSG;Deutschland insgesamt;DG;Deutschland;FRUA03;Fruchtarten;KULART0141S;Wiesen und Mähweiden;32896215;t;ERN001;Erntemenge
41241;Ernte-u.Betriebsbericht: Feldfrüchte und Grünland;JAHR;Jahr;1991;DINSG;Deutschland insgesamt;DG;Deutschland;FRUA03;Fruchtarten;FRUART01OKM;Getreide (ohne Körnermais und CCM);37330871;t;ERN001;Erntemenge
41241;Ernte-u.Betriebsbericht: Feldfrüchte und Grünland;JAHR;Jahr;1983;DINSG;Deutschland insgesamt;DG;Deutschland;FRUA03;Fruchtarten;FRUART031FSK;Frühe Speisekartoffeln;424424;t;ERN001;Erntemenge
41241;Ernte-u.Betriebsbericht: Feldfrüchte und Grünland;JAHR;Jahr;2002;DINSG;Deutschland insgesamt;DG;Deutschland;FRUA03;Fruchtarten;FRUART063;Feldgras/Grasanbau auf dem Ackerland;1788782;t;ERN001;Erntemenge
41241;Ernte-u.Betriebsbericht: Feldfrüchte und Grünland;JAHR;Jahr;1985;DINSG;Deutschland insgesamt;DG;Deutschland;FRUA03;Fruchtarten;FRUART01112;Sommerweizen;443779;t;ERN001;Erntemenge
41241;Ernte-u.Betriebsbericht: Feldfrüchte und Grünland;JAHR;Jahr;2005;DINSG;Deutschland insgesamt;DG;Deutschland;FRUA03;Fruchtarten;FRUART013CCM;Körnermais (einschl. CCM);4082700;t;ERN001;Erntemenge
41241;Ernte-u.Betriebsbericht: Feldfrüchte und Grünland;JAHR;Jahr;1979;DINSG;Deutschland insgesamt;DG;Deutschland;FRUA03;Fruchtarten;FRUART021;Futtererbsen;.;t;ERN001;Erntemenge
41241;Ernte-u.Betriebsbericht: Feldfrüchte und Grünland;JAHR;Jahr;1953;DINSG;Deutschland insgesamt;DG;Deutschland;FRUA03;Fruchtarten;FRUART05112;Sommerraps, Winter- und Sommerrübsen;5069;t;ERN001;Erntemenge
41241;Ernte-u.Betriebsbericht: Feldfrüchte und Grünland;JAHR;Jahr;1981;DINSG;Deutschland insgesamt;DG;Deutschland;FRUA03;Fruchtarten;FRUART05111;Winterraps;348986;t;ERN001;Erntemenge
41241;Ernte-u.Betriebsbericht: Feldfrüchte und Grünland;JAHR;Jahr;2003;DINSG;Deutschland insgesamt;DG;Deutschland;FRUA03;Fruchtarten;FRUART0511;Raps und Rübsen;3633936;t;ERN001;Erntemenge
41241;Ernte-u.Betriebsbericht: Feldfrüchte und Grünland;JAHR;Jahr;1968;DINSG;Deutschland insgesamt;DG;Deutschland;FRUA03;Fruchtarten;FRUART05111;Winterraps;155641;t;ERN001;Erntemenge
41241;Ernte-u.Betriebsbericht: Feldfrüchte und Grünland;JAHR;Jahr;1987;DINSG;Deutschland insgesamt;DG;Deutschland;FRUA03;Fruchtarten;FRUART01111W;Weichweizen;.;t;ERN001;Erntemenge
41241;Ernte-u.Betriebsbericht: Feldfrüchte und Grünland;JAHR;Jahr;2007;DINSG;Deutschland insgesamt;DG;Deutschland;FRUA03;Fruchtarten;FRUART061;Klee, Kleegras und Klee-Luzerne-Gemisch;1846819;t;ERN001;Erntemenge
41241;Ernte-u.Betriebsbericht: Feldfrüchte und Grünland;JAHR;Jahr;1993;DINSG;Deutschland insgesamt;DG;Deutschland;FRUA03;Fruchtarten;FRUART01112;Sommerweizen;327483;t;ERN001;Erntemenge
41241;Ernte-u.Betriebsbericht: Feldfrüchte und Grünland;JAHR;Jahr;1995;DINSG;Deutschland insgesamt;DG;Deutschland;FRUA03;Fruchtarten;FRUART01212;Sommergerste;2849372;t;ERN001;Erntemenge
41241;Ernte-u.Betriebsbericht: Feldfrüchte und Grünland;JAHR;Jahr;1960;DINSG;Deutschland insgesamt;DG;Deutschland;FRUA03;Fruchtarten;FRUART013CCM;Körnermais (einschl. CCM);19567;t;ERN001;Erntemenge
41241;Ernte-u.Betriebsbericht: Feldfrüchte und Grünland;JAHR;Jahr;1991;DINSG;Deutschland insgesamt;DG;Deutschland;FRUA03;Fruchtarten;FRUART0124;Triticale;716550;t;ERN001;Erntemenge
41241;Ernte-u.Betriebsbericht: Feldfrüchte und Grünland;JAHR;Jahr;2004;DINSG;Deutschland insgesamt;DG;Deutschland;FRUA03;Fruchtarten;KULART01421;Mähweiden;18641961;t;ERN001;Erntemenge
41241;Ernte-u.Betriebsbericht: Feldfrüchte und Grünland;JAHR;Jahr;2007;DINSG;Deutschland insgesamt;DG;Deutschland;FRUA03;Fruchtarten;FRUART01211;Wintergerste;8279666;t;ERN001;Erntemenge
41241;Ernte-u.Betriebsbericht: Feldfrüchte und Grünland;JAHR;Jahr;1961;DINSG;Deutschland insgesamt;DG;Deutschland;FRUA03;Fruchtarten;FRUART0124;Triticale;.;t;ERN001;Erntemenge
41241;Ernte-u.Betriebsbericht: Feldfrüchte und Grünland;JAHR;Jahr;2005;DINSG;Deutschland insgesamt;DG;Deutschland;FRUA03;Fruchtarten;FRUART01EKM;Getreide (einschl. Körnermais und CCM);45980200;t;ERN001;Erntemenge
41241;Ernte-u.Betriebsbericht: Feldfrüchte und Grünland;JAHR;Jahr;1975;DINSG;Deutschland insgesamt;DG;Deutschland;FRUA03;Fruchtarten;FRUART011;Brotgetreide;9241892;t;ERN001;Erntemenge
41241;Ernte-u.Betriebsbericht: Feldfrüchte und Grünland;JAHR;Jahr;2009;DINSG;Deutschland insgesamt;DG;Deutschland;FRUA03;Fruchtarten;FRUART011;Brotgetreide;29515200;t;ERN001;Erntemenge
41241;Ernte-u.Betriebsbericht: Feldfrüchte und Grünland;JAHR;Jahr;2008;DINSG;Deutschland insgesamt;DG;Deutschland;FRUA03;Fruchtarten;FRUART031FSK;Frühe Speisekartoffeln;457500;t;ERN001;Erntemenge
41241;Ernte-u.Betriebsbericht: Feldfrüchte und Grünland;JAHR;Jahr;2007;DINSG;Deutschland insgesamt;DG;Deutschland;FRUA03;Fruchtarten;FRUART01113;Hartweizen (Durum);37966;t;ERN001;Erntemenge
41241;Ernte-u.Betriebsbericht: Feldfrüchte und Grünland;JAHR;Jahr;1962;DINSG;Deutschland insgesamt;DG;Deutschland;FRUA03;Fruchtarten;FRUART01211;Wintergerste;863791;t;ERN001;Erntemenge
41241;Ernte-u.Betriebsbericht: Feldfrüchte und Grünland;JAHR;Jahr;1960;DINSG;Deutschland insgesamt;DG;Deutschland;FRUA03;Fruchtarten;FRUART01EKM;Getreide (einschl. Körnermais und CCM);15531295;t;ERN001;Erntemenge
41241;Ernte-u.Betriebsbericht: Feldfrüchte und Grünland;JAHR;Jahr;1991;DINSG;Deutschland insgesamt;DG;Deutschland;FRUA03;Fruchtarten;FRUART062;Luzerne;910906;t;ERN001;Erntemenge
41241;Ernte-u.Betriebsbericht: Feldfrüchte und Grünland;JAHR;Jahr;1952;DINSG;Deutschland insgesamt;DG;Deutschland;FRUA03;Fruchtarten;KULART01411;Wiesen;.;t;ERN001;Erntemenge
41241;Ernte-u.Betriebsbericht: Feldfrüchte und Grünland;JAHR;Jahr;1974;DINSG;Deutschland insgesamt;DG;Deutschland;FRUA03;Fruchtarten;FRUART0113;Wintermenggetreide;105895;t;ERN001;Erntemenge
41241;Ernte-u.Betriebsbericht: Feldfrüchte und Grünland;JAHR;Jahr;1965;DINSG;Deutschland insgesamt;DG;Deutschland;FRUA03;Fruchtarten;FRUART05111;Winterraps;94932;t;ERN001;Erntemenge
41241;Ernte-u.Betriebsbericht: Feldfrüchte und Grünland;JAHR;Jahr;1986;DINSG;Deutschland insgesamt;DG;Deutschland;FRUA03;Fruchtarten;FRUART021;Futtererbsen;.;t;ERN001;Erntemenge
41241;Ernte-u.Betriebsbericht: Feldfrüchte und Grünland;JAHR;Jahr;1998;DINSG;Deutschland insgesamt;DG;Deutschland;FRUA03;Fruchtarten;FRUART063;Feldgras/Grasanbau auf dem Ackerland;2032310;t;ERN001;Erntemenge
41241;Ernte-u.Betriebsbericht: Feldfrüchte und Grünland;JAHR;Jahr;1988;DINSG;Deutschland insgesamt;DG;Deutschland;FRUA03;Fruchtarten;KULART01421;Mähweiden;.;t;ERN001;Erntemenge
41241;Ernte-u.Betriebsbericht: Feldfrüchte und Grünland;JAHR;Jahr;1989;DINSG;Deutschland insgesamt;DG;Deutschland;FRUA03;Fruchtarten;FRUART012;Futter- und Industriegetreide;11662264;t;ERN001;Erntemenge
41241;Ernte-u.Betriebsbericht: Feldfrüchte und Grünland;JAHR;Jahr;1960;DINSG;Deutschland insgesamt;DG;Deutschland;FRUA03;Fruchtarten;FRUART031;Kartoffeln;24558918;t;ERN001;Erntemenge
41241;Ernte-u.Betriebsbericht: Feldfrüchte und Grünland;JAHR;Jahr;1962;DINSG;Deutschland insgesamt;DG;Deutschland;FRUA03;Fruchtarten;FRUART01113;Hartweizen (Durum);.;t;ERN001;Erntemenge
41241;Ernte-u.Betriebsbericht: Feldfrüchte und Grünland;JAHR;Jahr;1963;DINSG;Deutschland insgesamt;DG;Deutschland;FRUA03;Fruchtarten;FRUART022;Ackerbohnen;50077;t;ERN001;Erntemenge
41241;Ernte-u.Betriebsbericht: Feldfrüchte und Grünland;JAHR;Jahr;1968;DINSG;Deutschland insgesamt;DG;Deutschland;FRUA03;Fruchtarten;FRUART0113;Wintermenggetreide;157716;t;ERN001;Erntemenge
41241;Ernte-u.Betriebsbericht: Feldfrüchte und Grünland;JAHR;Jahr;1955;DINSG;Deutschland insgesamt;DG;Deutschland;FRUA03;Fruchtarten;FRUART012;Futter- und Industriegetreide;5457300;t;ERN001;Erntemenge
41241;Ernte-u.Betriebsbericht: Feldfrüchte und Grünland;JAHR;Jahr;1979;DINSG;Deutschland insgesamt;DG;Deutschland;FRUA03;Fruchtarten;FRUART01212;Sommergerste;3303264;t;ERN001;Erntemenge
41241;Ernte-u.Betriebsbericht: Feldfrüchte und Grünland;JAHR;Jahr;2009;DINSG;Deutschland insgesamt;DG;Deutschland;FRUA03;Fruchtarten;FRUART0513;Körnersonnenblumen;56900;t;ERN001;Erntemenge
41241;Ernte-u.Betriebsbericht: Feldfrüchte und Grünland;JAHR;Jahr;1993;DINSG;Deutschland insgesamt;DG;Deutschland;FRUA03;Fruchtarten;FRUART012;Futter- und Industriegetreide;14093909;t;ERN001;Erntemenge
41241;Ernte-u.Betriebsbericht: Feldfrüchte und Grünland;JAHR;Jahr;1960;DINSG;Deutschland insgesamt;DG;Deutschland;FRUA03;Fruchtarten;FRUART0111;Weizen;4964885;t;ERN001;Erntemenge
41241;Ernte-u.Betriebsbericht: Feldfrüchte und Grünland;JAHR;Jahr;1990;DINSG;Deutschland insgesamt;DG;Deutschland;FRUA03;Fruchtarten;FRUART021;Futtererbsen;76715;t;ERN001;Erntemenge
41241;Ernte-u.Betriebsbericht: Feldfrüchte und Grünland;JAHR;Jahr;1952;DINSG;Deutschland insgesamt;DG;Deutschland;FRUA03;Fruchtarten;FRUART021;Futtererbsen;.;t;ERN001;Erntemenge
41241;Ernte-u.Betriebsbericht: Feldfrüchte und Grünland;JAHR;Jahr;1973;DINSG;Deutschland insgesamt;DG;Deutschland;FRUA03;Fruchtarten;FRUART061;Klee, Kleegras und Klee-Luzerne-Gemisch;2443962;t;ERN001;Erntemenge
41241;Ernte-u.Betriebsbericht: Feldfrüchte und Grünland;JAHR;Jahr;2003;DINSG;Deutschland insgesamt;DG;Deutschland;FRUA03;Fruchtarten;FRUART064;Silomais (einschl. Lieschkolbenschrot);44562062;t;ERN001;Erntemenge
41241;Ernte-u.Betriebsbericht: Feldfrüchte und Grünland;JAHR;Jahr;1999;DINSG;Deutschland insgesamt;DG;Deutschland;FRUA03;Fruchtarten;FRUART0113;Wintermenggetreide;47266;t;ERN001;Erntemenge
41241;Ernte-u.Betriebsbericht: Feldfrüchte und Grünland;JAHR;Jahr;1983;DINSG;Deutschland insgesamt;DG;Deutschland;FRUA03;Fruchtarten;FRUART065;Raufutter;27574572;t;ERN001;Erntemenge
41241;Ernte-u.Betriebsbericht: Feldfrüchte und Grünland;JAHR;Jahr;1982;DINSG;Deutschland insgesamt;DG;Deutschland;FRUA03;Fruchtarten;FRUART0112;Roggen;1639360;t;ERN001;Erntemenge
41241;Ernte-u.Betriebsbericht: Feldfrüchte und Grünland;JAHR;Jahr;1984;DINSG;Deutschland insgesamt;DG;Deutschland;FRUA03;Fruchtarten;FRUART05111;Winterraps;643791;t;ERN001;Erntemenge
41241;Ernte-u.Betriebsbericht: Feldfrüchte und Grünland;JAHR;Jahr;2005;DINSG;Deutschland insgesamt;DG;Deutschland;FRUA03;Fruchtarten;KULART0141S;Wiesen und Mähweiden;34675600;t;ERN001;Erntemenge
41241;Ernte-u.Betriebsbericht: Feldfrüchte und Grünland;JAHR;Jahr;1952;DINSG;Deutschland insgesamt;DG;Deutschland;FRUA03;Fruchtarten;FRUART0112;Roggen;3143020;t;ERN001;Erntemenge
41241;Ernte-u.Betriebsbericht: Feldfrüchte und Grünland;JAHR;Jahr;1964;DINSG;Deutschland insgesamt;DG;Deutschland;FRUA03;Fruchtarten;FRUART063;Feldgras/Grasanbau auf dem Ackerland;911045;t;ERN001;Erntemenge
41241;Ernte-u.Betriebsbericht: Feldfrüchte und Grünland;JAHR;Jahr;1977;DINSG;Deutschland insgesamt;DG;Deutschland;FRUA03;Fruchtarten;FRUART0112;Roggen;2539550;t;ERN001;Erntemenge
41241;Ernte-u.Betriebsbericht: Feldfrüchte und Grünland;JAHR;Jahr;1994;DINSG;Deutschland insgesamt;DG;Deutschland;FRUA03;Fruchtarten;FRUART031;Kartoffeln;9668572;t;ERN001;Erntemenge
41241;Ernte-u.Betriebsbericht: Feldfrüchte und Grünland;JAHR;Jahr;1975;DINSG;Deutschland insgesamt;DG;Deutschland;FRUA03;Fruchtarten;FRUART033;Runkelrüben;22137942;t;ERN001;Erntemenge
41241;Ernte-u.Betriebsbericht: Feldfrüchte und Grünland;JAHR;Jahr;1997;DINSG;Deutschland insgesamt;DG;Deutschland;FRUA03;Fruchtarten;FRUART022;Ackerbohnen;91593;t;ERN001;Erntemenge
41241;Ernte-u.Betriebsbericht: Feldfrüchte und Grünland;JAHR;Jahr;1998;DINSG;Deutschland insgesamt;DG;Deutschland;FRUA03;Fruchtarten;FRUART01212;Sommergerste;3309102;t;ERN001;Erntemenge
41241;Ernte-u.Betriebsbericht: Feldfrüchte und Grünland;JAHR;Jahr;2008;DINSG;Deutschland insgesamt;DG;Deutschland;FRUA03;Fruchtarten;KULART0141S;Wiesen und Mähweiden;32088200;t;ERN001;Erntemenge
41241;Ernte-u.Betriebsbericht: Feldfrüchte und Grünland;JAHR;Jahr;1991;DINSG;Deutschland insgesamt;DG;Deutschland;FRUA03;Fruchtarten;FRUART0111;Weizen;16611967;t;ERN001;Erntemenge
41241;Ernte-u.Betriebsbericht: Feldfrüchte und Grünland;JAHR;Jahr;1959;DINSG;Deutschland insgesamt;DG;Deutschland;FRUA03;Fruchtarten;FRUART022;Ackerbohnen;21422;t;ERN001;Erntemenge
41241;Ernte-u.Betriebsbericht: Feldfrüchte und Grünland;JAHR;Jahr;1950;DINSG;Deutschland insgesamt;DG;Deutschland;FRUA03;Fruchtarten;FRUART01212;Sommergerste;1119744;t;ERN001;Erntemenge
41241;Ernte-u.Betriebsbericht: Feldfrüchte und Grünland;JAHR;Jahr;1956;DINSG;Deutschland insgesamt;DG;Deutschland;FRUA03;Fruchtarten;FRUART031;Kartoffeln;27013722;t;ERN001;Erntemenge
41241;Ernte-u.Betriebsbericht: Feldfrüchte und Grünland;JAHR;Jahr;1964;DINSG;Deutschland insgesamt;DG;Deutschland;FRUA03;Fruchtarten;FRUART01OKM;Getreide (ohne Körnermais und CCM);16487447;t;ERN001;Erntemenge
41241;Ernte-u.Betriebsbericht: Feldfrüchte und Grünland;JAHR;Jahr;1974;DINSG;Deutschland insgesamt;DG;Deutschland;FRUA03;Fruchtarten;FRUART01112;Sommerweizen;1021289;t;ERN001;Erntemenge
41241;Ernte-u.Betriebsbericht: Feldfrüchte und Grünland;JAHR;Jahr;1979;DINSG;Deutschland insgesamt;DG;Deutschland;FRUA03;Fruchtarten;FRUART065;Raufutter;29511270;t;ERN001;Erntemenge
41241;Ernte-u.Betriebsbericht: Feldfrüchte und Grünland;JAHR;Jahr;2007;DINSG;Deutschland insgesamt;DG;Deutschland;FRUA03;Fruchtarten;FRUART0122;Hafer;727926;t;ERN001;Erntemenge
41241;Ernte-u.Betriebsbericht: Feldfrüchte und Grünland;JAHR;Jahr;1989;DINSG;Deutschland insgesamt;DG;Deutschland;FRUA03;Fruchtarten;FRUART0123;Sommermenggetreide;255358;t;ERN001;Erntemenge
41241;Ernte-u.Betriebsbericht: Feldfrüchte und Grünland;JAHR;Jahr;1956;DINSG;Deutschland insgesamt;DG;Deutschland;FRUA03;Fruchtarten;FRUART031MUS;Mittelfrühe und späte Kartoffeln;25864464;t;ERN001;Erntemenge
41241;Ernte-u.Betriebsbericht: Feldfrüchte und Grünland;JAHR;Jahr;1967;DINSG;Deutschland insgesamt;DG;Deutschland;FRUA03;Fruchtarten;FRUART067;Lupinen;.;t;ERN001;Erntemenge
41241;Ernte-u.Betriebsbericht: Feldfrüchte und Grünland;JAHR;Jahr;1980;DINSG;Deutschland insgesamt;DG;Deutschland;FRUA03;Fruchtarten;FRUART061;Klee, Kleegras und Klee-Luzerne-Gemisch;1671891;t;ERN001;Erntemenge
41241;Ernte-u.Betriebsbericht: Feldfrüchte und Grünland;JAHR;Jahr;2001;DINSG;Deutschland insgesamt;DG;Deutschland;FRUA03;Fruchtarten;FRUART0111;Weizen;22837837;t;ERN001;Erntemenge
41241;Ernte-u.Betriebsbericht: Feldfrüchte und Grünland;JAHR;Jahr;1973;DINSG;Deutschland insgesamt;DG;Deutschland;FRUA03;Fruchtarten;FRUART0122;Hafer;3045408;t;ERN001;Erntemenge
41241;Ernte-u.Betriebsbericht: Feldfrüchte und Grünland;JAHR;Jahr;1952;DINSG;Deutschland insgesamt;DG;Deutschland;FRUA03;Fruchtarten;KULART0141S;Wiesen und Mähweiden;16342767;t;ERN001;Erntemenge
41241;Ernte-u.Betriebsbericht: Feldfrüchte und Grünland;JAHR;Jahr;1953;DINSG;Deutschland insgesamt;DG;Deutschland;FRUA03;Fruchtarten;FRUART031;Kartoffeln;24786716;t;ERN001;Erntemenge
41241;Ernte-u.Betriebsbericht: Feldfrüchte und Grünland;JAHR;Jahr;1994;DINSG;Deutschland insgesamt;DG;Deutschland;FRUA03;Fruchtarten;FRUART062;Luzerne;528510;t;ERN001;Erntemenge
41241;Ernte-u.Betriebsbericht: Feldfrüchte und Grünland;JAHR;Jahr;1960;DINSG;Deutschland insgesamt;DG;Deutschland;FRUA03;Fruchtarten;FRUART031FSK;Frühe Speisekartoffeln;1027021;t;ERN001;Erntemenge
41241;Ernte-u.Betriebsbericht: Feldfrüchte und Grünland;JAHR;Jahr;2008;DINSG;Deutschland insgesamt;DG;Deutschland;FRUA03;Fruchtarten;KULART01411;Wiesen;13793900;t;ERN001;Erntemenge
41241;Ernte-u.Betriebsbericht: Feldfrüchte und Grünland;JAHR;Jahr;1967;DINSG;Deutschland insgesamt;DG;Deutschland;FRUA03;Fruchtarten;FRUART0122;Hafer;2718432;t;ERN001;Erntemenge
41241;Ernte-u.Betriebsbericht: Feldfrüchte und Grünland;JAHR;Jahr;1995;DINSG;Deutschland insgesamt;DG;Deutschland;FRUA03;Fruchtarten;FRUART0123;Sommermenggetreide;178707;t;ERN001;Erntemenge
41241;Ernte-u.Betriebsbericht: Feldfrüchte und Grünland;JAHR;Jahr;1956;DINSG;Deutschland insgesamt;DG;Deutschland;FRUA03;Fruchtarten;FRUART022;Ackerbohnen;33315;t;ERN001;Erntemenge
41241;Ernte-u.Betriebsbericht: Feldfrüchte und Grünland;JAHR;Jahr;1955;DINSG;Deutschland insgesamt;DG;Deutschland;FRUA03;Fruchtarten;FRUART0111;Weizen;3401533;t;ERN001;Erntemenge
41241;Ernte-u.Betriebsbericht: Feldfrüchte und Grünland;JAHR;Jahr;1966;DINSG;Deutschland insgesamt;DG;Deutschland;FRUA03;Fruchtarten;FRUART01112;Sommerweizen;664083;t;ERN001;Erntemenge
41241;Ernte-u.Betriebsbericht: Feldfrüchte und Grünland;JAHR;Jahr;1981;DINSG;Deutschland insgesamt;DG;Deutschland;FRUA03;Fruchtarten;FRUART0513;Körnersonnenblumen;.;t;ERN001;Erntemenge
41241;Ernte-u.Betriebsbericht: Feldfrüchte und Grünland;JAHR;Jahr;1972;DINSG;Deutschland insgesamt;DG;Deutschland;FRUA03;Fruchtarten;FRUART01OKM;Getreide (ohne Körnermais und CCM);19679524;t;ERN001;Erntemenge
41241;Ernte-u.Betriebsbericht: Feldfrüchte und Grünland;JAHR;Jahr;1957;DINSG;Deutschland insgesamt;DG;Deutschland;FRUA03;Fruchtarten;FRUART05111;Winterraps;47269;t;ERN001;Erntemenge
41241;Ernte-u.Betriebsbericht: Feldfrüchte und Grünland;JAHR;Jahr;1994;DINSG;Deutschland insgesamt;DG;Deutschland;FRUA03;Fruchtarten;FRUART01111;Winterweizen;16039732;t;ERN001;Erntemenge
41241;Ernte-u.Betriebsbericht: Feldfrüchte und Grünland;JAHR;Jahr;1967;DINSG;Deutschland insgesamt;DG;Deutschland;FRUA03;Fruchtarten;FRUART032;Zuckerrüben;13696607;t;ERN001;Erntemenge
41241;Ernte-u.Betriebsbericht: Feldfrüchte und Grünland;JAHR;Jahr;1982;DINSG;Deutschland insgesamt;DG;Deutschland;FRUA03;Fruchtarten;FRUART011;Brotgetreide;10334247;t;ERN001;Erntemenge
41241;Ernte-u.Betriebsbericht: Feldfrüchte und Grünland;JAHR;Jahr;1987;DINSG;Deutschland insgesamt;DG;Deutschland;FRUA03;Fruchtarten;FRUART062;Luzerne;.;t;ERN001;Erntemenge
41241;Ernte-u.Betriebsbericht: Feldfrüchte und Grünland;JAHR;Jahr;2008;DINSG;Deutschland insgesamt;DG;Deutschland;FRUA03;Fruchtarten;FRUART01EKM;Getreide (einschl. Körnermais und CCM);50104900;t;ERN001;Erntemenge
41241;Ernte-u.Betriebsbericht: Feldfrüchte und Grünland;JAHR;Jahr;1968;DINSG;Deutschland insgesamt;DG;Deutschland;FRUA03;Fruchtarten;FRUART013CCM;Körnermais (einschl. CCM);287096;t;ERN001;Erntemenge
41241;Ernte-u.Betriebsbericht: Feldfrüchte und Grünland;JAHR;Jahr;1996;DINSG;Deutschland insgesamt;DG;Deutschland;FRUA03;Fruchtarten;FRUART012;Futter- und Industriegetreide;16027389;t;ERN001;Erntemenge
41241;Ernte-u.Betriebsbericht: Feldfrüchte und Grünland;JAHR;Jahr;2006;DINSG;Deutschland insgesamt;DG;Deutschland;FRUA03;Fruchtarten;FRUART064;Silomais (einschl. Lieschkolbenschrot);53112100;t;ERN001;Erntemenge
41241;Ernte-u.Betriebsbericht: Feldfrüchte und Grünland;JAHR;Jahr;2009;DINSG;Deutschland insgesamt;DG;Deutschland;FRUA03;Fruchtarten;FRUART01OKM;Getreide (ohne Körnermais und CCM);45221000;t;ERN001;Erntemenge
41241;Ernte-u.Betriebsbericht: Feldfrüchte und Grünland;JAHR;Jahr;1990;DINSG;Deutschland insgesamt;DG;Deutschland;FRUA03;Fruchtarten;FRUART01112;Sommerweizen;246101;t;ERN001;Erntemenge
41241;Ernte-u.Betriebsbericht: Feldfrüchte und Grünland;JAHR;Jahr;1962;DINSG;Deutschland insgesamt;DG;Deutschland;FRUA03;Fruchtarten;FRUART031MUS;Mittelfrühe und späte Kartoffeln;24081887;t;ERN001;Erntemenge
41241;Ernte-u.Betriebsbericht: Feldfrüchte und Grünland;JAHR;Jahr;1953;DINSG;Deutschland insgesamt;DG;Deutschland;FRUA03;Fruchtarten;FRUART01111W;Weichweizen;.;t;ERN001;Erntemenge
41241;Ernte-u.Betriebsbericht: Feldfrüchte und Grünland;JAHR;Jahr;1993;DINSG;Deutschland insgesamt;DG;Deutschland;FRUA03;Fruchtarten;FRUART021;Futtererbsen;133977;t;ERN001;Erntemenge
41241;Ernte-u.Betriebsbericht: Feldfrüchte und Grünland;JAHR;Jahr;1972;DINSG;Deutschland insgesamt;DG;Deutschland;FRUA03;Fruchtarten;FRUART064;Silomais (einschl. Lieschkolbenschrot);12395571;t;ERN001;Erntemenge
41241;Ernte-u.Betriebsbericht: Feldfrüchte und Grünland;JAHR;Jahr;2009;DINSG;Deutschland insgesamt;DG;Deutschland;FRUA03;Fruchtarten;FRUART05112;Sommerraps, Winter- und Sommerrübsen;17900;t;ERN001;Erntemenge
41241;Ernte-u.Betriebsbericht: Feldfrüchte und Grünland;JAHR;Jahr;1982;DINSG;Deutschland insgesamt;DG;Deutschland;FRUA03;Fruchtarten;FRUART0121;Gerste;9459636;t;ERN001;Erntemenge
41241;Ernte-u.Betriebsbericht: Feldfrüchte und Grünland;JAHR;Jahr;2002;DINSG;Deutschland insgesamt;DG;Deutschland;FRUA03;Fruchtarten;FRUART067;Lupinen;.;t;ERN001;Erntemenge
41241;Ernte-u.Betriebsbericht: Feldfrüchte und Grünland;JAHR;Jahr;1976;DINSG;Deutschland insgesamt;DG;Deutschland;FRUA03;Fruchtarten;FRUART0121;Gerste;6486833;t;ERN001;Erntemenge
41241;Ernte-u.Betriebsbericht: Feldfrüchte und Grünland;JAHR;Jahr;1986;DINSG;Deutschland insgesamt;DG;Deutschland;FRUA03;Fruchtarten;FRUART01111;Winterweizen;9953614;t;ERN001;Erntemenge
41241;Ernte-u.Betriebsbericht: Feldfrüchte und Grünland;JAHR;Jahr;1986;DINSG;Deutschland insgesamt;DG;Deutschland;FRUA03;Fruchtarten;FRUART065;Raufutter;29441984;t;ERN001;Erntemenge
41241;Ernte-u.Betriebsbericht: Feldfrüchte und Grünland;JAHR;Jahr;1987;DINSG;Deutschland insgesamt;DG;Deutschland;FRUA03;Fruchtarten;FRUART0511;Raps und Rübsen;1264609;t;ERN001;Erntemenge
41241;Ernte-u.Betriebsbericht: Feldfrüchte und Grünland;JAHR;Jahr;1950;DINSG;Deutschland insgesamt;DG;Deutschland;FRUA03;Fruchtarten;FRUART0513;Körnersonnenblumen;.;t;ERN001;Erntemenge
41241;Ernte-u.Betriebsbericht: Feldfrüchte und Grünland;JAHR;Jahr;1980;DINSG;Deutschland insgesamt;DG;Deutschland;FRUA03;Fruchtarten;FRUART01OKM;Getreide (ohne Körnermais und CCM);22415633;t;ERN001;Erntemenge
41241;Ernte-u.Betriebsbericht: Feldfrüchte und Grünland;JAHR;Jahr;1974;DINSG;Deutschland insgesamt;DG;Deutschland;FRUA03;Fruchtarten;FRUART013CCM;Körnermais (einschl. CCM);520936;t;ERN001;Erntemenge
41241;Ernte-u.Betriebsbericht: Feldfrüchte und Grünland;JAHR;Jahr;2008;DINSG;Deutschland insgesamt;DG;Deutschland;FRUA03;Fruchtarten;FRUART0113;Wintermenggetreide;53400;t;ERN001;Erntemenge
41241;Ernte-u.Betriebsbericht: Feldfrüchte und Grünland;JAHR;Jahr;1961;DINSG;Deutschland insgesamt;DG;Deutschland;FRUA03;Fruchtarten;FRUART063;Feldgras/Grasanbau auf dem Ackerland;1111677;t;ERN001;Erntemenge
41241;Ernte-u.Betriebsbericht: Feldfrüchte und Grünland;JAHR;Jahr;1970;DINSG;Deutschland insgesamt;DG;Deutschland;FRUA03;Fruchtarten;FRUART01113;Hartweizen (Durum);.;t;ERN001;Erntemenge
41241;Ernte-u.Betriebsbericht: Feldfrüchte und Grünland;JAHR;Jahr;1958;DINSG;Deutschland insgesamt;DG;Deutschland;FRUA03;Fruchtarten;FRUART0123;Sommermenggetreide;897658;t;ERN001;Erntemenge
41241;Ernte-u.Betriebsbericht: Feldfrüchte und Grünland;JAHR;Jahr;1978;DINSG;Deutschland insgesamt;DG;Deutschland;FRUA03;Fruchtarten;FRUART011;Brotgetreide;10666317;t;ERN001;Erntemenge
41241;Ernte-u.Betriebsbericht: Feldfrüchte und Grünland;JAHR;Jahr;1986;DINSG;Deutschland insgesamt;DG;Deutschland;FRUA03;Fruchtarten;FRUART0124;Triticale;.;t;ERN001;Erntemenge
41241;Ernte-u.Betriebsbericht: Feldfrüchte und Grünland;JAHR;Jahr;2002;DINSG;Deutschland insgesamt;DG;Deutschland;FRUA03;Fruchtarten;FRUART01111;Winterweizen;20543318;t;ERN001;Erntemenge
41241;Ernte-u.Betriebsbericht: Feldfrüchte und Grünland;JAHR;Jahr;1997;DINSG;Deutschland insgesamt;DG;Deutschland;FRUA03;Fruchtarten;FRUART031;Kartoffeln;11659284;t;ERN001;Erntemenge
41241;Ernte-u.Betriebsbericht: Feldfrüchte und Grünland;JAHR;Jahr;1969;DINSG;Deutschland insgesamt;DG;Deutschland;FRUA03;Fruchtarten;FRUART0513;Körnersonnenblumen;.;t;ERN001;Erntemenge
41241;Ernte-u.Betriebsbericht: Feldfrüchte und Grünland;JAHR;Jahr;1973;DINSG;Deutschland insgesamt;DG;Deutschland;FRUA03;Fruchtarten;FRUART01111W;Weichweizen;.;t;ERN001;Erntemenge
41241;Ernte-u.Betriebsbericht: Feldfrüchte und Grünland;JAHR;Jahr;1950;DINSG;Deutschland insgesamt;DG;Deutschland;FRUA03;Fruchtarten;FRUART062;Luzerne;.;t;ERN001;Erntemenge
41241;Ernte-u.Betriebsbericht: Feldfrüchte und Grünland;JAHR;Jahr;1990;DINSG;Deutschland insgesamt;DG;Deutschland;FRUA03;Fruchtarten;FRUART065;Raufutter;38499373;t;ERN001;Erntemenge
41241;Ernte-u.Betriebsbericht: Feldfrüchte und Grünland;JAHR;Jahr;1993;DINSG;Deutschland insgesamt;DG;Deutschland;FRUA03;Fruchtarten;FRUART0511;Raps und Rübsen;2847674;t;ERN001;Erntemenge
41241;Ernte-u.Betriebsbericht: Feldfrüchte und Grünland;JAHR;Jahr;2002;DINSG;Deutschland insgesamt;DG;Deutschland;FRUA03;Fruchtarten;FRUART032;Zuckerrüben;26794334;t;ERN001;Erntemenge
41241;Ernte-u.Betriebsbericht: Feldfrüchte und Grünland;JAHR;Jahr;1951;DINSG;Deutschland insgesamt;DG;Deutschland;FRUA03;Fruchtarten;FRUART0121;Gerste;1694480;t;ERN001;Erntemenge
41241;Ernte-u.Betriebsbericht: Feldfrüchte und Grünland;JAHR;Jahr;1982;DINSG;Deutschland insgesamt;DG;Deutschland;FRUA03;Fruchtarten;FRUART01112;Sommerweizen;1674136;t;ERN001;Erntemenge
41241;Ernte-u.Betriebsbericht: Feldfrüchte und Grünland;JAHR;Jahr;1982;DINSG;Deutschland insgesamt;DG;Deutschland;FRUA03;Fruchtarten;FRUART033;Runkelrüben;13478655;t;ERN001;Erntemenge
41241;Ernte-u.Betriebsbericht: Feldfrüchte und Grünland;JAHR;Jahr;1964;DINSG;Deutschland insgesamt;DG;Deutschland;FRUA03;Fruchtarten;FRUART0123;Sommermenggetreide;1276261;t;ERN001;Erntemenge
41241;Ernte-u.Betriebsbericht: Feldfrüchte und Grünland;JAHR;Jahr;1978;DINSG;Deutschland insgesamt;DG;Deutschland;FRUA03;Fruchtarten;FRUART01111;Winterweizen;7388767;t;ERN001;Erntemenge
41241;Ernte-u.Betriebsbericht: Feldfrüchte und Grünland;JAHR;Jahr;2001;DINSG;Deutschland insgesamt;DG;Deutschland;FRUA03;Fruchtarten;FRUART0124;Triticale;3418892;t;ERN001;Erntemenge
41241;Ernte-u.Betriebsbericht: Feldfrüchte und Grünland;JAHR;Jahr;1975;DINSG;Deutschland insgesamt;DG;Deutschland;FRUA03;Fruchtarten;FRUART0513;Körnersonnenblumen;.;t;ERN001;Erntemenge
41241;Ernte-u.Betriebsbericht: Feldfrüchte und Grünland;JAHR;Jahr;2009;DINSG;Deutschland insgesamt;DG;Deutschland;FRUA03;Fruchtarten;FRUART033;Runkelrüben;.;t;ERN001;Erntemenge
41241;Ernte-u.Betriebsbericht: Feldfrüchte und Grünland;JAHR;Jahr;1998;DINSG;Deutschland insgesamt;DG;Deutschland;FRUA03;Fruchtarten;FRUART0122;Hafer;1279370;t;ERN001;Erntemenge
41241;Ernte-u.Betriebsbericht: Feldfrüchte und Grünland;JAHR;Jahr;1955;DINSG;Deutschland insgesamt;DG;Deutschland;FRUA03;Fruchtarten;FRUART0124;Triticale;.;t;ERN001;Erntemenge
41241;Ernte-u.Betriebsbericht: Feldfrüchte und Grünland;JAHR;Jahr;1957;DINSG;Deutschland insgesamt;DG;Deutschland;FRUA03;Fruchtarten;FRUART063;Feldgras/Grasanbau auf dem Ackerland;814780;t;ERN001;Erntemenge
41241;Ernte-u.Betriebsbericht: Feldfrüchte und Grünland;JAHR;Jahr;1960;DINSG;Deutschland insgesamt;DG;Deutschland;FRUA03;Fruchtarten;KULART0141S;Wiesen und Mähweiden;20954434;t;ERN001;Erntemenge
41241;Ernte-u.Betriebsbericht: Feldfrüchte und Grünland;JAHR;Jahr;1962;DINSG;Deutschland insgesamt;DG;Deutschland;FRUA03;Fruchtarten;FRUART0511;Raps und Rübsen;115325;t;ERN001;Erntemenge
41241;Ernte-u.Betriebsbericht: Feldfrüchte und Grünland;JAHR;Jahr;1976;DINSG;Deutschland insgesamt;DG;Deutschland;FRUA03;Fruchtarten;FRUART061;Klee, Kleegras und Klee-Luzerne-Gemisch;1797584;t;ERN001;Erntemenge
41241;Ernte-u.Betriebsbericht: Feldfrüchte und Grünland;JAHR;Jahr;1952;DINSG;Deutschland insgesamt;DG;Deutschland;FRUA03;Fruchtarten;FRUART012;Futter- und Industriegetreide;4916866;t;ERN001;Erntemenge
41241;Ernte-u.Betriebsbericht: Feldfrüchte und Grünland;JAHR;Jahr;1980;DINSG;Deutschland insgesamt;DG;Deutschland;FRUA03;Fruchtarten;FRUART013CCM;Körnermais (einschl. CCM);671632;t;ERN001;Erntemenge
41241;Ernte-u.Betriebsbericht: Feldfrüchte und Grünland;JAHR;Jahr;2000;DINSG;Deutschland insgesamt;DG;Deutschland;FRUA03;Fruchtarten;FRUART0513;Körnersonnenblumen;63861;t;ERN001;Erntemenge
41241;Ernte-u.Betriebsbericht: Feldfrüchte und Grünland;JAHR;Jahr;1970;DINSG;Deutschland insgesamt;DG;Deutschland;FRUA03;Fruchtarten;FRUART031MUS;Mittelfrühe und späte Kartoffeln;15483852;t;ERN001;Erntemenge
41241;Ernte-u.Betriebsbericht: Feldfrüchte und Grünland;JAHR;Jahr;1974;DINSG;Deutschland insgesamt;DG;Deutschland;FRUA03;Fruchtarten;KULART0141S;Wiesen und Mähweiden;27095026;t;ERN001;Erntemenge
41241;Ernte-u.Betriebsbericht: Feldfrüchte und Grünland;JAHR;Jahr;1962;DINSG;Deutschland insgesamt;DG;Deutschland;FRUA03;Fruchtarten;FRUART0124;Triticale;.;t;ERN001;Erntemenge
41241;Ernte-u.Betriebsbericht: Feldfrüchte und Grünland;JAHR;Jahr;2003;DINSG;Deutschland insgesamt;DG;Deutschland;FRUA03;Fruchtarten;FRUART05112;Sommerraps, Winter- und Sommerrübsen;77828;t;ERN001;Erntemenge
41241;Ernte-u.Betriebsbericht: Feldfrüchte und Grünland;JAHR;Jahr;1987;DINSG;Deutschland insgesamt;DG;Deutschland;FRUA03;Fruchtarten;KULART01421;Mähweiden;.;t;ERN001;Erntemenge
41241;Ernte-u.Betriebsbericht: Feldfrüchte und Grünland;JAHR;Jahr;1952;DINSG;Deutschland insgesamt;DG;Deutschland;FRUA03;Fruchtarten;FRUART05111;Winterraps;49731;t;ERN001;Erntemenge
41241;Ernte-u.Betriebsbericht: Feldfrüchte und Grünland;JAHR;Jahr;1992;DINSG;Deutschland insgesamt;DG;Deutschland;FRUA03;Fruchtarten;FRUART0123;Sommermenggetreide;204044;t;ERN001;Erntemenge
41241;Ernte-u.Betriebsbericht: Feldfrüchte und Grünland;JAHR;Jahr;1995;DINSG;Deutschland insgesamt;DG;Deutschland;FRUA03;Fruchtarten;FRUART01OKM;Getreide (ohne Körnermais und CCM);37469307;t;ERN001;Erntemenge
41241;Ernte-u.Betriebsbericht: Feldfrüchte und Grünland;JAHR;Jahr;1975;DINSG;Deutschland insgesamt;DG;Deutschland;FRUA03;Fruchtarten;FRUART065;Raufutter;30447067;t;ERN001;Erntemenge
41241;Ernte-u.Betriebsbericht: Feldfrüchte und Grünland;JAHR;Jahr;1965;DINSG;Deutschland insgesamt;DG;Deutschland;FRUA03;Fruchtarten;FRUART0513;Körnersonnenblumen;.;t;ERN001;Erntemenge
41241;Ernte-u.Betriebsbericht: Feldfrüchte und Grünland;JAHR;Jahr;1950;DINSG;Deutschland insgesamt;DG;Deutschland;FRUA03;Fruchtarten;FRUART065;Raufutter;22280927;t;ERN001;Erntemenge
41241;Ernte-u.Betriebsbericht: Feldfrüchte und Grünland;JAHR;Jahr;2006;DINSG;Deutschland insgesamt;DG;Deutschland;FRUA03;Fruchtarten;FRUART012;Futter- und Industriegetreide;15135800;t;ERN001;Erntemenge
41241;Ernte-u.Betriebsbericht: Feldfrüchte und Grünland;JAHR;Jahr;1970;DINSG;Deutschland insgesamt;DG;Deutschland;FRUA03;Fruchtarten;FRUART0111;Weizen;5661689;t;ERN001;Erntemenge
41241;Ernte-u.Betriebsbericht: Feldfrüchte und Grünland;JAHR;Jahr;2003;DINSG;Deutschland insgesamt;DG;Deutschland;FRUA03;Fruchtarten;FRUART067;Lupinen;.;t;ERN001;Erntemenge
41241;Ernte-u.Betriebsbericht: Feldfrüchte und Grünland;JAHR;Jahr;1970;DINSG;Deutschland insgesamt;DG;Deutschland;FRUA03;Fruchtarten;FRUART05112;Sommerraps, Winter- und Sommerrübsen;18439;t;ERN001;Erntemenge
41241;Ernte-u.Betriebsbericht: Feldfrüchte und Grünland;JAHR;Jahr;1953;DINSG;Deutschland insgesamt;DG;Deutschland;FRUA03;Fruchtarten;FRUART0122;Hafer;2578517;t;ERN001;Erntemenge
41241;Ernte-u.Betriebsbericht: Feldfrüchte und Grünland;JAHR;Jahr;1956;DINSG;Deutschland insgesamt;DG;Deutschland;FRUA03;Fruchtarten;FRUART0511;Raps und Rübsen;38950;t;ERN001;Erntemenge
41241;Ernte-u.Betriebsbericht: Feldfrüchte und Grünland;JAHR;Jahr;2003;DINSG;Deutschland insgesamt;DG;Deutschland;FRUA03;Fruchtarten;FRUART013CCM;Körnermais (einschl. CCM);3421642;t;ERN001;Erntemenge
41241;Ernte-u.Betriebsbericht: Feldfrüchte und Grünland;JAHR;Jahr;1969;DINSG;Deutschland insgesamt;DG;Deutschland;FRUA03;Fruchtarten;FRUART01212;Sommergerste;3443385;t;ERN001;Erntemenge
41241;Ernte-u.Betriebsbericht: Feldfrüchte und Grünland;JAHR;Jahr;1978;DINSG;Deutschland insgesamt;DG;Deutschland;FRUA03;Fruchtarten;FRUART067;Lupinen;.;t;ERN001;Erntemenge
41241;Ernte-u.Betriebsbericht: Feldfrüchte und Grünland;JAHR;Jahr;1997;DINSG;Deutschland insgesamt;DG;Deutschland;FRUA03;Fruchtarten;FRUART0124;Triticale;2620531;t;ERN001;Erntemenge
41241;Ernte-u.Betriebsbericht: Feldfrüchte und Grünland;JAHR;Jahr;2007;DINSG;Deutschland insgesamt;DG;Deutschland;FRUA03;Fruchtarten;FRUART01OKM;Getreide (ohne Körnermais und CCM);36822829;t;ERN001;Erntemenge
41241;Ernte-u.Betriebsbericht: Feldfrüchte und Grünland;JAHR;Jahr;1979;DINSG;Deutschland insgesamt;DG;Deutschland;FRUA03;Fruchtarten;FRUART01112;Sommerweizen;616840;t;ERN001;Erntemenge
41241;Ernte-u.Betriebsbericht: Feldfrüchte und Grünland;JAHR;Jahr;1997;DINSG;Deutschland insgesamt;DG;Deutschland;FRUA03;Fruchtarten;FRUART01211;Wintergerste;9239151;t;ERN001;Erntemenge
41241;Ernte-u.Betriebsbericht: Feldfrüchte und Grünland;JAHR;Jahr;1999;DINSG;Deutschland insgesamt;DG;Deutschland;FRUA03;Fruchtarten;FRUART031MUS;Mittelfrühe und späte Kartoffeln;11007782;t;ERN001;Erntemenge
41241;Ernte-u.Betriebsbericht: Feldfrüchte und Grünland;JAHR;Jahr;1996;DINSG;Deutschland insgesamt;DG;Deutschland;FRUA03;Fruchtarten;FRUART033;Runkelrüben;1980302;t;ERN001;Erntemenge
41241;Ernte-u.Betriebsbericht: Feldfrüchte und Grünland;JAHR;Jahr;1983;DINSG;Deutschland insgesamt;DG;Deutschland;FRUA03;Fruchtarten;FRUART0121;Gerste;8943756;t;ERN001;Erntemenge
41241;Ernte-u.Betriebsbericht: Feldfrüchte und Grünland;JAHR;Jahr;1974;DINSG;Deutschland insgesamt;DG;Deutschland;FRUA03;Fruchtarten;FRUART01OKM;Getreide (ohne Körnermais und CCM);22132349;t;ERN001;Erntemenge
41241;Ernte-u.Betriebsbericht: Feldfrüchte und Grünland;JAHR;Jahr;1953;DINSG;Deutschland insgesamt;DG;Deutschland;FRUA03;Fruchtarten;KULART01411;Wiesen;.;t;ERN001;Erntemenge
41241;Ernte-u.Betriebsbericht: Feldfrüchte und Grünland;JAHR;Jahr;1997;DINSG;Deutschland insgesamt;DG;Deutschland;FRUA03;Fruchtarten;FRUART063;Feldgras/Grasanbau auf dem Ackerland;1990191;t;ERN001;Erntemenge
41241;Ernte-u.Betriebsbericht: Feldfrüchte und Grünland;JAHR;Jahr;1994;DINSG;Deutschland insgesamt;DG;Deutschland;FRUA03;Fruchtarten;FRUART031FSK;Frühe Speisekartoffeln;517705;t;ERN001;Erntemenge
41241;Ernte-u.Betriebsbericht: Feldfrüchte und Grünland;JAHR;Jahr;1997;DINSG;Deutschland insgesamt;DG;Deutschland;FRUA03;Fruchtarten;FRUART01113;Hartweizen (Durum);33522;t;ERN001;Erntemenge
41241;Ernte-u.Betriebsbericht: Feldfrüchte und Grünland;JAHR;Jahr;2002;DINSG;Deutschland insgesamt;DG;Deutschland;FRUA03;Fruchtarten;FRUART0112;Roggen;3665996;t;ERN001;Erntemenge
41241;Ernte-u.Betriebsbericht: Feldfrüchte und Grünland;JAHR;Jahr;2000;DINSG;Deutschland insgesamt;DG;Deutschland;FRUA03;Fruchtarten;FRUART065;Raufutter;38921416;t;ERN001;Erntemenge
41241;Ernte-u.Betriebsbericht: Feldfrüchte und Grünland;JAHR;Jahr;1979;DINSG;Deutschland insgesamt;DG;Deutschland;FRUA03;Fruchtarten;FRUART062;Luzerne;.;t;ERN001;Erntemenge
41241;Ernte-u.Betriebsbericht: Feldfrüchte und Grünland;JAHR;Jahr;1964;DINSG;Deutschland insgesamt;DG;Deutschland;FRUA03;Fruchtarten;FRUART033;Runkelrüben;18597230;t;ERN001;Erntemenge
41241;Ernte-u.Betriebsbericht: Feldfrüchte und Grünland;JAHR;Jahr;1976;DINSG;Deutschland insgesamt;DG;Deutschland;FRUA03;Fruchtarten;FRUART01211;Wintergerste;3497521;t;ERN001;Erntemenge
41241;Ernte-u.Betriebsbericht: Feldfrüchte und Grünland;JAHR;Jahr;1964;DINSG;Deutschland insgesamt;DG;Deutschland;FRUA03;Fruchtarten;FRUART0511;Raps und Rübsen;108718;t;ERN001;Erntemenge
41241;Ernte-u.Betriebsbericht: Feldfrüchte und Grünland;JAHR;Jahr;1997;DINSG;Deutschland insgesamt;DG;Deutschland;FRUA03;Fruchtarten;FRUART0111;Weizen;19826755;t;ERN001;Erntemenge
41241;Ernte-u.Betriebsbericht: Feldfrüchte und Grünland;JAHR;Jahr;1987;DINSG;Deutschland insgesamt;DG;Deutschland;FRUA03;Fruchtarten;FRUART031FSK;Frühe Speisekartoffeln;593679;t;ERN001;Erntemenge
41241;Ernte-u.Betriebsbericht: Feldfrüchte und Grünland;JAHR;Jahr;1953;DINSG;Deutschland insgesamt;DG;Deutschland;FRUA03;Fruchtarten;FRUART01OKM;Getreide (ohne Körnermais und CCM);12001626;t;ERN001;Erntemenge
41241;Ernte-u.Betriebsbericht: Feldfrüchte und Grünland;JAHR;Jahr;1989;DINSG;Deutschland insgesamt;DG;Deutschland;FRUA03;Fruchtarten;FRUART0124;Triticale;156752;t;ERN001;Erntemenge
41241;Ernte-u.Betriebsbericht: Feldfrüchte und Grünland;JAHR;Jahr;1958;DINSG;Deutschland insgesamt;DG;Deutschland;FRUA03;Fruchtarten;FRUART01112;Sommerweizen;291362;t;ERN001;Erntemenge
41241;Ernte-u.Betriebsbericht: Feldfrüchte und Grünland;JAHR;Jahr;1982;DINSG;Deutschland insgesamt;DG;Deutschland;FRUA03;Fruchtarten;FRUART065;Raufutter;29355888;t;ERN001;Erntemenge
41241;Ernte-u.Betriebsbericht: Feldfrüchte und Grünland;JAHR;Jahr;1973;DINSG;Deutschland insgesamt;DG;Deutschland;FRUA03;Fruchtarten;FRUART0513;Körnersonnenblumen;.;t;ERN001;Erntemenge
41241;Ernte-u.Betriebsbericht: Feldfrüchte und Grünland;JAHR;Jahr;1965;DINSG;Deutschland insgesamt;DG;Deutschland;FRUA03;Fruchtarten;FRUART063;Feldgras/Grasanbau auf dem Ackerland;1117813;t;ERN001;Erntemenge
41241;Ernte-u.Betriebsbericht: Feldfrüchte und Grünland;JAHR;Jahr;1963;DINSG;Deutschland insgesamt;DG;Deutschland;FRUA03;Fruchtarten;FRUART031MUS;Mittelfrühe und späte Kartoffeln;24459771;t;ERN001;Erntemenge
41241;Ernte-u.Betriebsbericht: Feldfrüchte und Grünland;JAHR;Jahr;1994;DINSG;Deutschland insgesamt;DG;Deutschland;FRUA03;Fruchtarten;FRUART01212;Sommergerste;3367748;t;ERN001;Erntemenge
41241;Ernte-u.Betriebsbericht: Feldfrüchte und Grünland;JAHR;Jahr;1968;DINSG;Deutschland insgesamt;DG;Deutschland;FRUA03;Fruchtarten;FRUART065;Raufutter;28319143;t;ERN001;Erntemenge
41241;Ernte-u.Betriebsbericht: Feldfrüchte und Grünland;JAHR;Jahr;1976;DINSG;Deutschland insgesamt;DG;Deutschland;FRUA03;Fruchtarten;FRUART01113;Hartweizen (Durum);.;t;ERN001;Erntemenge
41241;Ernte-u.Betriebsbericht: Feldfrüchte und Grünland;JAHR;Jahr;1994;DINSG;Deutschland insgesamt;DG;Deutschland;FRUA03;Fruchtarten;FRUART05111;Winterraps;2736894;t;ERN001;Erntemenge
41241;Ernte-u.Betriebsbericht: Feldfrüchte und Grünland;JAHR;Jahr;1978;DINSG;Deutschland insgesamt;DG;Deutschland;FRUA03;Fruchtarten;FRUART032;Zuckerrüben;18777000;t;ERN001;Erntemenge
41241;Ernte-u.Betriebsbericht: Feldfrüchte und Grünland;JAHR;Jahr;1993;DINSG;Deutschland insgesamt;DG;Deutschland;FRUA03;Fruchtarten;FRUART031;Kartoffeln;12260248;t;ERN001;Erntemenge
41241;Ernte-u.Betriebsbericht: Feldfrüchte und Grünland;JAHR;Jahr;1994;DINSG;Deutschland insgesamt;DG;Deutschland;FRUA03;Fruchtarten;FRUART061;Klee, Kleegras und Klee-Luzerne-Gemisch;2129160;t;ERN001;Erntemenge
41241;Ernte-u.Betriebsbericht: Feldfrüchte und Grünland;JAHR;Jahr;1954;DINSG;Deutschland insgesamt;DG;Deutschland;FRUA03;Fruchtarten;FRUART062;Luzerne;.;t;ERN001;Erntemenge
41241;Ernte-u.Betriebsbericht: Feldfrüchte und Grünland;JAHR;Jahr;1953;DINSG;Deutschland insgesamt;DG;Deutschland;FRUA03;Fruchtarten;FRUART032;Zuckerrüben;8424923;t;ERN001;Erntemenge
41241;Ernte-u.Betriebsbericht: Feldfrüchte und Grünland;JAHR;Jahr;1973;DINSG;Deutschland insgesamt;DG;Deutschland;FRUA03;Fruchtarten;FRUART05111;Winterraps;202614;t;ERN001;Erntemenge
41241;Ernte-u.Betriebsbericht: Feldfrüchte und Grünland;JAHR;Jahr;1955;DINSG;Deutschland insgesamt;DG;Deutschland;FRUA03;Fruchtarten;FRUART01211;Wintergerste;460214;t;ERN001;Erntemenge
41241;Ernte-u.Betriebsbericht: Feldfrüchte und Grünland;JAHR;Jahr;1955;DINSG;Deutschland insgesamt;DG;Deutschland;FRUA03;Fruchtarten;FRUART01113;Hartweizen (Durum);.;t;ERN001;Erntemenge
41241;Ernte-u.Betriebsbericht: Feldfrüchte und Grünland;JAHR;Jahr;1966;DINSG;Deutschland insgesamt;DG;Deutschland;FRUA03;Fruchtarten;KULART01421;Mähweiden;.;t;ERN001;Erntemenge
41241;Ernte-u.Betriebsbericht: Feldfrüchte und Grünland;JAHR;Jahr;2007;DINSG;Deutschland insgesamt;DG;Deutschland;FRUA03;Fruchtarten;KULART0141S;Wiesen und Mähweiden;34053719;t;ERN001;Erntemenge
41241;Ernte-u.Betriebsbericht: Feldfrüchte und Grünland;JAHR;Jahr;1996;DINSG;Deutschland insgesamt;DG;Deutschland;FRUA03;Fruchtarten;FRUART011;Brotgetreide;23195609;t;ERN001;Erntemenge
41241;Ernte-u.Betriebsbericht: Feldfrüchte und Grünland;JAHR;Jahr;1957;DINSG;Deutschland insgesamt;DG;Deutschland;FRUA03;Fruchtarten;FRUART0513;Körnersonnenblumen;.;t;ERN001;Erntemenge
41241;Ernte-u.Betriebsbericht: Feldfrüchte und Grünland;JAHR;Jahr;1953;DINSG;Deutschland insgesamt;DG;Deutschland;FRUA03;Fruchtarten;FRUART067;Lupinen;.;t;ERN001;Erntemenge
41241;Ernte-u.Betriebsbericht: Feldfrüchte und Grünland;JAHR;Jahr;1974;DINSG;Deutschland insgesamt;DG;Deutschland;FRUA03;Fruchtarten;FRUART022;Ackerbohnen;70695;t;ERN001;Erntemenge
41241;Ernte-u.Betriebsbericht: Feldfrüchte und Grünland;JAHR;Jahr;1973;DINSG;Deutschland insgesamt;DG;Deutschland;FRUA03;Fruchtarten;FRUART01212;Sommergerste;3769342;t;ERN001;Erntemenge
41241;Ernte-u.Betriebsbericht: Feldfrüchte und Grünland;JAHR;Jahr;1985;DINSG;Deutschland insgesamt;DG;Deutschland;FRUA03;Fruchtarten;FRUART01111W;Weichweizen;.;t;ERN001;Erntemenge
41241;Ernte-u.Betriebsbericht: Feldfrüchte und Grünland;JAHR;Jahr;1990;DINSG;Deutschland insgesamt;DG;Deutschland;FRUA03;Fruchtarten;FRUART01111;Winterweizen;14948632;t;ERN001;Erntemenge
41241;Ernte-u.Betriebsbericht: Feldfrüchte und Grünland;JAHR;Jahr;1990;DINSG;Deutschland insgesamt;DG;Deutschland;FRUA03;Fruchtarten;FRUART0511;Raps und Rübsen;2088213;t;ERN001;Erntemenge
41241;Ernte-u.Betriebsbericht: Feldfrüchte und Grünland;JAHR;Jahr;1978;DINSG;Deutschland insgesamt;DG;Deutschland;FRUA03;Fruchtarten;FRUART01111W;Weichweizen;.;t;ERN001;Erntemenge
41241;Ernte-u.Betriebsbericht: Feldfrüchte und Grünland;JAHR;Jahr;1967;DINSG;Deutschland insgesamt;DG;Deutschland;FRUA03;Fruchtarten;FRUART0112;Roggen;3162476;t;ERN001;Erntemenge
41241;Ernte-u.Betriebsbericht: Feldfrüchte und Grünland;JAHR;Jahr;1956;DINSG;Deutschland insgesamt;DG;Deutschland;FRUA03;Fruchtarten;FRUART012;Futter- und Industriegetreide;5783697;t;ERN001;Erntemenge
41241;Ernte-u.Betriebsbericht: Feldfrüchte und Grünland;JAHR;Jahr;1991;DINSG;Deutschland insgesamt;DG;Deutschland;FRUA03;Fruchtarten;FRUART05112;Sommerraps, Winter- und Sommerrübsen;39292;t;ERN001;Erntemenge
41241;Ernte-u.Betriebsbericht: Feldfrüchte und Grünland;JAHR;Jahr;1985;DINSG;Deutschland insgesamt;DG;Deutschland;FRUA03;Fruchtarten;FRUART032;Zuckerrüben;20813000;t;ERN001;Erntemenge
41241;Ernte-u.Betriebsbericht: Feldfrüchte und Grünland;JAHR;Jahr;1991;DINSG;Deutschland insgesamt;DG;Deutschland;FRUA03;Fruchtarten;FRUART01EKM;Getreide (einschl. Körnermais und CCM);39267858;t;ERN001;Erntemenge
41241;Ernte-u.Betriebsbericht: Feldfrüchte und Grünland;JAHR;Jahr;1957;DINSG;Deutschland insgesamt;DG;Deutschland;FRUA03;Fruchtarten;FRUART0121;Gerste;2513552;t;ERN001;Erntemenge
41241;Ernte-u.Betriebsbericht: Feldfrüchte und Grünland;JAHR;Jahr;1959;DINSG;Deutschland insgesamt;DG;Deutschland;FRUA03;Fruchtarten;FRUART0112;Roggen;3887198;t;ERN001;Erntemenge
41241;Ernte-u.Betriebsbericht: Feldfrüchte und Grünland;JAHR;Jahr;1986;DINSG;Deutschland insgesamt;DG;Deutschland;FRUA03;Fruchtarten;FRUART062;Luzerne;.;t;ERN001;Erntemenge
41241;Ernte-u.Betriebsbericht: Feldfrüchte und Grünland;JAHR;Jahr;1995;DINSG;Deutschland insgesamt;DG;Deutschland;FRUA03;Fruchtarten;KULART01411;Wiesen;17248437;t;ERN001;Erntemenge
41241;Ernte-u.Betriebsbericht: Feldfrüchte und Grünland;JAHR;Jahr;1964;DINSG;Deutschland insgesamt;DG;Deutschland;FRUA03;Fruchtarten;FRUART011;Brotgetreide;8987795;t;ERN001;Erntemenge
41241;Ernte-u.Betriebsbericht: Feldfrüchte und Grünland;JAHR;Jahr;1952;DINSG;Deutschland insgesamt;DG;Deutschland;FRUA03;Fruchtarten;FRUART01212;Sommergerste;1269012;t;ERN001;Erntemenge
41241;Ernte-u.Betriebsbericht: Feldfrüchte und Grünland;JAHR;Jahr;1983;DINSG;Deutschland insgesamt;DG;Deutschland;FRUA03;Fruchtarten;FRUART0112;Roggen;1599259;t;ERN001;Erntemenge
41241;Ernte-u.Betriebsbericht: Feldfrüchte und Grünland;JAHR;Jahr;1995;DINSG;Deutschland insgesamt;DG;Deutschland;FRUA03;Fruchtarten;FRUART012;Futter- und Industriegetreide;15133444;t;ERN001;Erntemenge
41241;Ernte-u.Betriebsbericht: Feldfrüchte und Grünland;JAHR;Jahr;1998;DINSG;Deutschland insgesamt;DG;Deutschland;FRUA03;Fruchtarten;FRUART0113;Wintermenggetreide;54238;t;ERN001;Erntemenge
41241;Ernte-u.Betriebsbericht: Feldfrüchte und Grünland;JAHR;Jahr;1989;DINSG;Deutschland insgesamt;DG;Deutschland;FRUA03;Fruchtarten;FRUART064;Silomais (einschl. Lieschkolbenschrot);44814956;t;ERN001;Erntemenge
41241;Ernte-u.Betriebsbericht: Feldfrüchte und Grünland;JAHR;Jahr;1992;DINSG;Deutschland insgesamt;DG;Deutschland;FRUA03;Fruchtarten;FRUART067;Lupinen;.;t;ERN001;Erntemenge
41241;Ernte-u.Betriebsbericht: Feldfrüchte und Grünland;JAHR;Jahr;1957;DINSG;Deutschland insgesamt;DG;Deutschland;FRUA03;Fruchtarten;FRUART033;Runkelrüben;22427634;t;ERN001;Erntemenge
41241;Ernte-u.Betriebsbericht: Feldfrüchte und Grünland;JAHR;Jahr;1950;DINSG;Deutschland insgesamt;DG;Deutschland;FRUA03;Fruchtarten;FRUART021;Futtererbsen;.;t;ERN001;Erntemenge
41241;Ernte-u.Betriebsbericht: Feldfrüchte und Grünland;JAHR;Jahr;1965;DINSG;Deutschland insgesamt;DG;Deutschland;FRUA03;Fruchtarten;FRUART01111;Winterweizen;3927905;t;ERN001;Erntemenge
41241;Ernte-u.Betriebsbericht: Feldfrüchte und Grünland;JAHR;Jahr;2003;DINSG;Deutschland insgesamt;DG;Deutschland;FRUA03;Fruchtarten;KULART01421;Mähweiden;14455972;t;ERN001;Erntemenge
41241;Ernte-u.Betriebsbericht: Feldfrüchte und Grünland;JAHR;Jahr;1958;DINSG;Deutschland insgesamt;DG;Deutschland;FRUA03;Fruchtarten;FRUART063;Feldgras/Grasanbau auf dem Ackerland;968176;t;ERN001;Erntemenge
41241;Ernte-u.Betriebsbericht: Feldfrüchte und Grünland;JAHR;Jahr;1970;DINSG;Deutschland insgesamt;DG;Deutschland;FRUA03;Fruchtarten;FRUART012;Futter- und Industriegetreide;8344217;t;ERN001;Erntemenge
41241;Ernte-u.Betriebsbericht: Feldfrüchte und Grünland;JAHR;Jahr;1962;DINSG;Deutschland insgesamt;DG;Deutschland;FRUA03;Fruchtarten;FRUART061;Klee, Kleegras und Klee-Luzerne-Gemisch;3681896;t;ERN001;Erntemenge
41241;Ernte-u.Betriebsbericht: Feldfrüchte und Grünland;JAHR;Jahr;1970;DINSG;Deutschland insgesamt;DG;Deutschland;FRUA03;Fruchtarten;KULART01421;Mähweiden;.;t;ERN001;Erntemenge
41241;Ernte-u.Betriebsbericht: Feldfrüchte und Grünland;JAHR;Jahr;2003;DINSG;Deutschland insgesamt;DG;Deutschland;FRUA03;Fruchtarten;FRUART01111;Winterweizen;18566288;t;ERN001;Erntemenge
41241;Ernte-u.Betriebsbericht: Feldfrüchte und Grünland;JAHR;Jahr;1978;DINSG;Deutschland insgesamt;DG;Deutschland;FRUA03;Fruchtarten;FRUART031FSK;Frühe Speisekartoffeln;812373;t;ERN001;Erntemenge
41241;Ernte-u.Betriebsbericht: Feldfrüchte und Grünland;JAHR;Jahr;1988;DINSG;Deutschland insgesamt;DG;Deutschland;FRUA03;Fruchtarten;FRUART012;Futter- und Industriegetreide;12020782;t;ERN001;Erntemenge
41241;Ernte-u.Betriebsbericht: Feldfrüchte und Grünland;JAHR;Jahr;1985;DINSG;Deutschland insgesamt;DG;Deutschland;FRUA03;Fruchtarten;FRUART067;Lupinen;.;t;ERN001;Erntemenge
41241;Ernte-u.Betriebsbericht: Feldfrüchte und Grünland;JAHR;Jahr;1999;DINSG;Deutschland insgesamt;DG;Deutschland;FRUA03;Fruchtarten;FRUART022;Ackerbohnen;95936;t;ERN001;Erntemenge
41241;Ernte-u.Betriebsbericht: Feldfrüchte und Grünland;JAHR;Jahr;1961;DINSG;Deutschland insgesamt;DG;Deutschland;FRUA03;Fruchtarten;FRUART031;Kartoffeln;21515630;t;ERN001;Erntemenge
41241;Ernte-u.Betriebsbericht: Feldfrüchte und Grünland;JAHR;Jahr;1961;DINSG;Deutschland insgesamt;DG;Deutschland;FRUA03;Fruchtarten;FRUART0122;Hafer;1912907;t;ERN001;Erntemenge
41241;Ernte-u.Betriebsbericht: Feldfrüchte und Grünland;JAHR;Jahr;1954;DINSG;Deutschland insgesamt;DG;Deutschland;FRUA03;Fruchtarten;FRUART0124;Triticale;.;t;ERN001;Erntemenge
41241;Ernte-u.Betriebsbericht: Feldfrüchte und Grünland;JAHR;Jahr;1975;DINSG;Deutschland insgesamt;DG;Deutschland;FRUA03;Fruchtarten;FRUART0121;Gerste;6970573;t;ERN001;Erntemenge
41241;Ernte-u.Betriebsbericht: Feldfrüchte und Grünland;JAHR;Jahr;1955;DINSG;Deutschland insgesamt;DG;Deutschland;FRUA03;Fruchtarten;FRUART061;Klee, Kleegras und Klee-Luzerne-Gemisch;5757381;t;ERN001;Erntemenge
41241;Ernte-u.Betriebsbericht: Feldfrüchte und Grünland;JAHR;Jahr;1991;DINSG;Deutschland insgesamt;DG;Deutschland;FRUA03;Fruchtarten;FRUART0513;Körnersonnenblumen;.;t;ERN001;Erntemenge
41241;Ernte-u.Betriebsbericht: Feldfrüchte und Grünland;JAHR;Jahr;1999;DINSG;Deutschland insgesamt;DG;Deutschland;FRUA03;Fruchtarten;FRUART0511;Raps und Rübsen;4284600;t;ERN001;Erntemenge
41241;Ernte-u.Betriebsbericht: Feldfrüchte und Grünland;JAHR;Jahr;1954;DINSG;Deutschland insgesamt;DG;Deutschland;FRUA03;Fruchtarten;FRUART031;Kartoffeln;27066702;t;ERN001;Erntemenge
41241;Ernte-u.Betriebsbericht: Feldfrüchte und Grünland;JAHR;Jahr;1965;DINSG;Deutschland insgesamt;DG;Deutschland;FRUA03;Fruchtarten;FRUART01EKM;Getreide (einschl. Körnermais und CCM);13886697;t;ERN001;Erntemenge
41241;Ernte-u.Betriebsbericht: Feldfrüchte und Grünland;JAHR;Jahr;2009;DINSG;Deutschland insgesamt;DG;Deutschland;FRUA03;Fruchtarten;FRUART01111W;Weichweizen;25125400;t;ERN001;Erntemenge
41241;Ernte-u.Betriebsbericht: Feldfrüchte und Grünland;JAHR;Jahr;1971;DINSG;Deutschland insgesamt;DG;Deutschland;FRUA03;Fruchtarten;FRUART0113;Wintermenggetreide;156304;t;ERN001;Erntemenge
41241;Ernte-u.Betriebsbericht: Feldfrüchte und Grünland;JAHR;Jahr;1954;DINSG;Deutschland insgesamt;DG;Deutschland;FRUA03;Fruchtarten;FRUART0111;Weizen;2914412;t;ERN001;Erntemenge
41241;Ernte-u.Betriebsbericht: Feldfrüchte und Grünland;JAHR;Jahr;2003;DINSG;Deutschland insgesamt;DG;Deutschland;FRUA03;Fruchtarten;FRUART01EKM;Getreide (einschl. Körnermais und CCM);39426039;t;ERN001;Erntemenge
41241;Ernte-u.Betriebsbericht: Feldfrüchte und Grünland;JAHR;Jahr;2007;DINSG;Deutschland insgesamt;DG;Deutschland;FRUA03;Fruchtarten;FRUART064;Silomais (einschl. Lieschkolbenschrot);69199057;t;ERN001;Erntemenge
41241;Ernte-u.Betriebsbericht: Feldfrüchte und Grünland;JAHR;Jahr;1987;DINSG;Deutschland insgesamt;DG;Deutschland;FRUA03;Fruchtarten;FRUART01EKM;Getreide (einschl. Körnermais und CCM);23770189;t;ERN001;Erntemenge
41241;Ernte-u.Betriebsbericht: Feldfrüchte und Grünland;JAHR;Jahr;1981;DINSG;Deutschland insgesamt;DG;Deutschland;FRUA03;Fruchtarten;FRUART01211;Wintergerste;5869305;t;ERN001;Erntemenge
41241;Ernte-u.Betriebsbericht: Feldfrüchte und Grünland;JAHR;Jahr;1963;DINSG;Deutschland insgesamt;DG;Deutschland;FRUA03;Fruchtarten;FRUART01112;Sommerweizen;660993;t;ERN001;Erntemenge
41241;Ernte-u.Betriebsbericht: Feldfrüchte und Grünland;JAHR;Jahr;1953;DINSG;Deutschland insgesamt;DG;Deutschland;FRUA03;Fruchtarten;KULART0141S;Wiesen und Mähweiden;18986459;t;ERN001;Erntemenge
41241;Ernte-u.Betriebsbericht: Feldfrüchte und Grünland;JAHR;Jahr;1979;DINSG;Deutschland insgesamt;DG;Deutschland;FRUA03;Fruchtarten;FRUART0111;Weizen;8061086;t;ERN001;Erntemenge
41241;Ernte-u.Betriebsbericht: Feldfrüchte und Grünland;JAHR;Jahr;1966;DINSG;Deutschland insgesamt;DG;Deutschland;FRUA03;Fruchtarten;FRUART05112;Sommerraps, Winter- und Sommerrübsen;12581;t;ERN001;Erntemenge
41241;Ernte-u.Betriebsbericht: Feldfrüchte und Grünland;JAHR;Jahr;1985;DINSG;Deutschland insgesamt;DG;Deutschland;FRUA03;Fruchtarten;FRUART031FSK;Frühe Speisekartoffeln;629843;t;ERN001;Erntemenge
41241;Ernte-u.Betriebsbericht: Feldfrüchte und Grünland;JAHR;Jahr;1969;DINSG;Deutschland insgesamt;DG;Deutschland;FRUA03;Fruchtarten;KULART01411;Wiesen;.;t;ERN001;Erntemenge
41241;Ernte-u.Betriebsbericht: Feldfrüchte und Grünland;JAHR;Jahr;2007;DINSG;Deutschland insgesamt;DG;Deutschland;FRUA03;Fruchtarten;KULART01411;Wiesen;15165623;t;ERN001;Erntemenge
41241;Ernte-u.Betriebsbericht: Feldfrüchte und Grünland;JAHR;Jahr;1971;DINSG;Deutschland insgesamt;DG;Deutschland;FRUA03;Fruchtarten;FRUART064;Silomais (einschl. Lieschkolbenschrot);9483856;t;ERN001;Erntemenge
41241;Ernte-u.Betriebsbericht: Feldfrüchte und Grünland;JAHR;Jahr;1995;DINSG;Deutschland insgesamt;DG;Deutschland;FRUA03;Fruchtarten;KULART0141S;Wiesen und Mähweiden;32911861;t;ERN001;Erntemenge
41241;Ernte-u.Betriebsbericht: Feldfrüchte und Grünland;JAHR;Jahr;1974;DINSG;Deutschland insgesamt;DG;Deutschland;FRUA03;Fruchtarten;FRUART0123;Sommermenggetreide;1175980;t;ERN001;Erntemenge
41241;Ernte-u.Betriebsbericht: Feldfrüchte und Grünland;JAHR;Jahr;2006;DINSG;Deutschland insgesamt;DG;Deutschland;FRUA03;Fruchtarten;FRUART01212;Sommergerste;2515400;t;ERN001;Erntemenge
41241;Ernte-u.Betriebsbericht: Feldfrüchte und Grünland;JAHR;Jahr;1980;DINSG;Deutschland insgesamt;DG;Deutschland;FRUA03;Fruchtarten;FRUART0124;Triticale;.;t;ERN001;Erntemenge
41241;Ernte-u.Betriebsbericht: Feldfrüchte und Grünland;JAHR;Jahr;2006;DINSG;Deutschland insgesamt;DG;Deutschland;FRUA03;Fruchtarten;FRUART05111;Winterraps;5296900;t;ERN001;Erntemenge
41241;Ernte-u.Betriebsbericht: Feldfrüchte und Grünland;JAHR;Jahr;1968;DINSG;Deutschland insgesamt;DG;Deutschland;FRUA03;Fruchtarten;FRUART021;Futtererbsen;.;t;ERN001;Erntemenge
41241;Ernte-u.Betriebsbericht: Feldfrüchte und Grünland;JAHR;Jahr;1983;DINSG;Deutschland insgesamt;DG;Deutschland;FRUA03;Fruchtarten;FRUART01112;Sommerweizen;430111;t;ERN001;Erntemenge
41241;Ernte-u.Betriebsbericht: Feldfrüchte und Grünland;JAHR;Jahr;1981;DINSG;Deutschland insgesamt;DG;Deutschland;FRUA03;Fruchtarten;FRUART022;Ackerbohnen;13657;t;ERN001;Erntemenge
41241;Ernte-u.Betriebsbericht: Feldfrüchte und Grünland;JAHR;Jahr;2007;DINSG;Deutschland insgesamt;DG;Deutschland;FRUA03;Fruchtarten;FRUART01111W;Weichweizen;20790110;t;ERN001;Erntemenge
41241;Ernte-u.Betriebsbericht: Feldfrüchte und Grünland;JAHR;Jahr;1972;DINSG;Deutschland insgesamt;DG;Deutschland;FRUA03;Fruchtarten;FRUART0511;Raps und Rübsen;248712;t;ERN001;Erntemenge
41241;Ernte-u.Betriebsbericht: Feldfrüchte und Grünland;JAHR;Jahr;2007;DINSG;Deutschland insgesamt;DG;Deutschland;FRUA03;Fruchtarten;FRUART0113;Wintermenggetreide;46283;t;ERN001;Erntemenge
41241;Ernte-u.Betriebsbericht: Feldfrüchte und Grünland;JAHR;Jahr;1977;DINSG;Deutschland insgesamt;DG;Deutschland;FRUA03;Fruchtarten;FRUART011;Brotgetreide;9859876;t;ERN001;Erntemenge
41241;Ernte-u.Betriebsbericht: Feldfrüchte und Grünland;JAHR;Jahr;2004;DINSG;Deutschland insgesamt;DG;Deutschland;FRUA03;Fruchtarten;FRUART062;Luzerne;216908;t;ERN001;Erntemenge
41241;Ernte-u.Betriebsbericht: Feldfrüchte und Grünland;JAHR;Jahr;2001;DINSG;Deutschland insgesamt;DG;Deutschland;FRUA03;Fruchtarten;FRUART031MUS;Mittelfrühe und späte Kartoffeln;11034434;t;ERN001;Erntemenge
41241;Ernte-u.Betriebsbericht: Feldfrüchte und Grünland;JAHR;Jahr;1988;DINSG;Deutschland insgesamt;DG;Deutschland;FRUA03;Fruchtarten;FRUART0122;Hafer;2038508;t;ERN001;Erntemenge
41241;Ernte-u.Betriebsbericht: Feldfrüchte und Grünland;JAHR;Jahr;2003;DINSG;Deutschland insgesamt;DG;Deutschland;FRUA03;Fruchtarten;FRUART032;Zuckerrüben;23715735;t;ERN001;Erntemenge
41241;Ernte-u.Betriebsbericht: Feldfrüchte und Grünland;JAHR;Jahr;1983;DINSG;Deutschland insgesamt;DG;Deutschland;FRUA03;Fruchtarten;FRUART0513;Körnersonnenblumen;.;t;ERN001;Erntemenge
41241;Ernte-u.Betriebsbericht: Feldfrüchte und Grünland;JAHR;Jahr;1999;DINSG;Deutschland insgesamt;DG;Deutschland;FRUA03;Fruchtarten;FRUART031;Kartoffeln;11568439;t;ERN001;Erntemenge
41241;Ernte-u.Betriebsbericht: Feldfrüchte und Grünland;JAHR;Jahr;2008;DINSG;Deutschland insgesamt;DG;Deutschland;FRUA03;Fruchtarten;FRUART0511;Raps und Rübsen;5154700;t;ERN001;Erntemenge
41241;Ernte-u.Betriebsbericht: Feldfrüchte und Grünland;JAHR;Jahr;1988;DINSG;Deutschland insgesamt;DG;Deutschland;FRUA03;Fruchtarten;FRUART021;Futtererbsen;.;t;ERN001;Erntemenge
41241;Ernte-u.Betriebsbericht: Feldfrüchte und Grünland;JAHR;Jahr;1987;DINSG;Deutschland insgesamt;DG;Deutschland;FRUA03;Fruchtarten;FRUART0111;Weizen;9931568;t;ERN001;Erntemenge
41241;Ernte-u.Betriebsbericht: Feldfrüchte und Grünland;JAHR;Jahr;2003;DINSG;Deutschland insgesamt;DG;Deutschland;FRUA03;Fruchtarten;FRUART0123;Sommermenggetreide;136598;t;ERN001;Erntemenge
41241;Ernte-u.Betriebsbericht: Feldfrüchte und Grünland;JAHR;Jahr;1977;DINSG;Deutschland insgesamt;DG;Deutschland;FRUA03;Fruchtarten;FRUART01211;Wintergerste;4237877;t;ERN001;Erntemenge
41241;Ernte-u.Betriebsbericht: Feldfrüchte und Grünland;JAHR;Jahr;1987;DINSG;Deutschland insgesamt;DG;Deutschland;FRUA03;Fruchtarten;FRUART01111;Winterweizen;9549498;t;ERN001;Erntemenge
41241;Ernte-u.Betriebsbericht: Feldfrüchte und Grünland;JAHR;Jahr;1961;DINSG;Deutschland insgesamt;DG;Deutschland;FRUA03;Fruchtarten;FRUART022;Ackerbohnen;34310;t;ERN001;Erntemenge
41241;Ernte-u.Betriebsbericht: Feldfrüchte und Grünland;JAHR;Jahr;1974;DINSG;Deutschland insgesamt;DG;Deutschland;FRUA03;Fruchtarten;FRUART031;Kartoffeln;14548488;t;ERN001;Erntemenge
41241;Ernte-u.Betriebsbericht: Feldfrüchte und Grünland;JAHR;Jahr;1954;DINSG;Deutschland insgesamt;DG;Deutschland;FRUA03;Fruchtarten;FRUART01OKM;Getreide (ohne Körnermais und CCM);12652685;t;ERN001;Erntemenge
41241;Ernte-u.Betriebsbericht: Feldfrüchte und Grünland;JAHR;Jahr;1973;DINSG;Deutschland insgesamt;DG;Deutschland;FRUA03;Fruchtarten;KULART01411;Wiesen;.;t;ERN001;Erntemenge
41241;Ernte-u.Betriebsbericht: Feldfrüchte und Grünland;JAHR;Jahr;1976;DINSG;Deutschland insgesamt;DG;Deutschland;FRUA03;Fruchtarten;FRUART01111W;Weichweizen;.;t;ERN001;Erntemenge
41241;Ernte-u.Betriebsbericht: Feldfrüchte und Grünland;JAHR;Jahr;2006;DINSG;Deutschland insgesamt;DG;Deutschland;FRUA03;Fruchtarten;KULART01411;Wiesen;14583900;t;ERN001;Erntemenge
41241;Ernte-u.Betriebsbericht: Feldfrüchte und Grünland;JAHR;Jahr;1992;DINSG;Deutschland insgesamt;DG;Deutschland;FRUA03;Fruchtarten;FRUART031FSK;Frühe Speisekartoffeln;650188;t;ERN001;Erntemenge
41241;Ernte-u.Betriebsbericht: Feldfrüchte und Grünland;JAHR;Jahr;2002;DINSG;Deutschland insgesamt;DG;Deutschland;FRUA03;Fruchtarten;FRUART01EKM;Getreide (einschl. Körnermais und CCM);43391325;t;ERN001;Erntemenge
41241;Ernte-u.Betriebsbericht: Feldfrüchte und Grünland;JAHR;Jahr;1977;DINSG;Deutschland insgesamt;DG;Deutschland;FRUA03;Fruchtarten;FRUART01113;Hartweizen (Durum);.;t;ERN001;Erntemenge
41241;Ernte-u.Betriebsbericht: Feldfrüchte und Grünland;JAHR;Jahr;1967;DINSG;Deutschland insgesamt;DG;Deutschland;FRUA03;Fruchtarten;FRUART013CCM;Körnermais (einschl. CCM);196464;t;ERN001;Erntemenge
41241;Ernte-u.Betriebsbericht: Feldfrüchte und Grünland;JAHR;Jahr;1981;DINSG;Deutschland insgesamt;DG;Deutschland;FRUA03;Fruchtarten;FRUART01113;Hartweizen (Durum);.;t;ERN001;Erntemenge
41241;Ernte-u.Betriebsbericht: Feldfrüchte und Grünland;JAHR;Jahr;2001;DINSG;Deutschland insgesamt;DG;Deutschland;FRUA03;Fruchtarten;FRUART064;Silomais (einschl. Lieschkolbenschrot);50196867;t;ERN001;Erntemenge
41241;Ernte-u.Betriebsbericht: Feldfrüchte und Grünland;JAHR;Jahr;2000;DINSG;Deutschland insgesamt;DG;Deutschland;FRUA03;Fruchtarten;FRUART012;Futter- und Industriegetreide;16117541;t;ERN001;Erntemenge
41241;Ernte-u.Betriebsbericht: Feldfrüchte und Grünland;JAHR;Jahr;1975;DINSG;Deutschland insgesamt;DG;Deutschland;FRUA03;Fruchtarten;FRUART061;Klee, Kleegras und Klee-Luzerne-Gemisch;2360446;t;ERN001;Erntemenge
41241;Ernte-u.Betriebsbericht: Feldfrüchte und Grünland;JAHR;Jahr;1978;DINSG;Deutschland insgesamt;DG;Deutschland;FRUA03;Fruchtarten;FRUART063;Feldgras/Grasanbau auf dem Ackerland;1031517;t;ERN001;Erntemenge
41241;Ernte-u.Betriebsbericht: Feldfrüchte und Grünland;JAHR;Jahr;2005;DINSG;Deutschland insgesamt;DG;Deutschland;FRUA03;Fruchtarten;FRUART0122;Hafer;963600;t;ERN001;Erntemenge
41241;Ernte-u.Betriebsbericht: Feldfrüchte und Grünland;JAHR;Jahr;1986;DINSG;Deutschland insgesamt;DG;Deutschland;FRUA03;Fruchtarten;FRUART05112;Sommerraps, Winter- und Sommerrübsen;23003;t;ERN001;Erntemenge
41241;Ernte-u.Betriebsbericht: Feldfrüchte und Grünland;JAHR;Jahr;1954;DINSG;Deutschland insgesamt;DG;Deutschland;FRUA03;Fruchtarten;KULART0141S;Wiesen und Mähweiden;18280104;t;ERN001;Erntemenge
41241;Ernte-u.Betriebsbericht: Feldfrüchte und Grünland;JAHR;Jahr;1961;DINSG;Deutschland insgesamt;DG;Deutschland;FRUA03;Fruchtarten;FRUART031MUS;Mittelfrühe und späte Kartoffeln;20591190;t;ERN001;Erntemenge
41241;Ernte-u.Betriebsbericht: Feldfrüchte und Grünland;JAHR;Jahr;1971;DINSG;Deutschland insgesamt;DG;Deutschland;FRUA03;Fruchtarten;FRUART0122;Hafer;3037130;t;ERN001;Erntemenge
41241;Ernte-u.Betriebsbericht: Feldfrüchte und Grünland;JAHR;Jahr;1969;DINSG;Deutschland insgesamt;DG;Deutschland;FRUA03;Fruchtarten;FRUART064;Silomais (einschl. Lieschkolbenschrot);6077789;t;ERN001;Erntemenge
41241;Ernte-u.Betriebsbericht: Feldfrüchte und Grünland;JAHR;Jahr;1979;DINSG;Deutschland insgesamt;DG;Deutschland;FRUA03;Fruchtarten;FRUART0124;Triticale;.;t;ERN001;Erntemenge
41241;Ernte-u.Betriebsbericht: Feldfrüchte und Grünland;JAHR;Jahr;1965;DINSG;Deutschland insgesamt;DG;Deutschland;FRUA03;Fruchtarten;FRUART0121;Gerste;3364465;t;ERN001;Erntemenge
41241;Ernte-u.Betriebsbericht: Feldfrüchte und Grünland;JAHR;Jahr;1977;DINSG;Deutschland insgesamt;DG;Deutschland;FRUA03;Fruchtarten;FRUART033;Runkelrüben;22177298;t;ERN001;Erntemenge
41241;Ernte-u.Betriebsbericht: Feldfrüchte und Grünland;JAHR;Jahr;1950;DINSG;Deutschland insgesamt;DG;Deutschland;FRUA03;Fruchtarten;FRUART05112;Sommerraps, Winter- und Sommerrübsen;9369;t;ERN001;Erntemenge
41241;Ernte-u.Betriebsbericht: Feldfrüchte und Grünland;JAHR;Jahr;1950;DINSG;Deutschland insgesamt;DG;Deutschland;FRUA03;Fruchtarten;FRUART012;Futter- und Industriegetreide;4426507;t;ERN001;Erntemenge
41241;Ernte-u.Betriebsbericht: Feldfrüchte und Grünland;JAHR;Jahr;1975;DINSG;Deutschland insgesamt;DG;Deutschland;FRUA03;Fruchtarten;FRUART01OKM;Getreide (ohne Körnermais und CCM);20724393;t;ERN001;Erntemenge
41241;Ernte-u.Betriebsbericht: Feldfrüchte und Grünland;JAHR;Jahr;1970;DINSG;Deutschland insgesamt;DG;Deutschland;FRUA03;Fruchtarten;FRUART021;Futtererbsen;.;t;ERN001;Erntemenge
41241;Ernte-u.Betriebsbericht: Feldfrüchte und Grünland;JAHR;Jahr;1950;DINSG;Deutschland insgesamt;DG;Deutschland;FRUA03;Fruchtarten;KULART01421;Mähweiden;.;t;ERN001;Erntemenge
41241;Ernte-u.Betriebsbericht: Feldfrüchte und Grünland;JAHR;Jahr;1965;DINSG;Deutschland insgesamt;DG;Deutschland;FRUA03;Fruchtarten;FRUART067;Lupinen;.;t;ERN001;Erntemenge
41241;Ernte-u.Betriebsbericht: Feldfrüchte und Grünland;JAHR;Jahr;1980;DINSG;Deutschland insgesamt;DG;Deutschland;FRUA03;Fruchtarten;FRUART0111;Weizen;8156026;t;ERN001;Erntemenge
41241;Ernte-u.Betriebsbericht: Feldfrüchte und Grünland;JAHR;Jahr;1994;DINSG;Deutschland insgesamt;DG;Deutschland;FRUA03;Fruchtarten;KULART01411;Wiesen;17752980;t;ERN001;Erntemenge
41241;Ernte-u.Betriebsbericht: Feldfrüchte und Grünland;JAHR;Jahr;1981;DINSG;Deutschland insgesamt;DG;Deutschland;FRUA03;Fruchtarten;FRUART031;Kartoffeln;7585418;t;ERN001;Erntemenge
41241;Ernte-u.Betriebsbericht: Feldfrüchte und Grünland;JAHR;Jahr;1951;DINSG;Deutschland insgesamt;DG;Deutschland;FRUA03;Fruchtarten;FRUART05111;Winterraps;73989;t;ERN001;Erntemenge
41241;Ernte-u.Betriebsbericht: Feldfrüchte und Grünland;JAHR;Jahr;1990;DINSG;Deutschland insgesamt;DG;Deutschland;FRUA03;Fruchtarten;FRUART01EKM;Getreide (einschl. Körnermais und CCM);37579589;t;ERN001;Erntemenge
41241;Ernte-u.Betriebsbericht: Feldfrüchte und Grünland;JAHR;Jahr;1968;DINSG;Deutschland insgesamt;DG;Deutschland;FRUA03;Fruchtarten;FRUART012;Futter- und Industriegetreide;9236578;t;ERN001;Erntemenge
41241;Ernte-u.Betriebsbericht: Feldfrüchte und Grünland;JAHR;Jahr;1982;DINSG;Deutschland insgesamt;DG;Deutschland;FRUA03;Fruchtarten;FRUART061;Klee, Kleegras und Klee-Luzerne-Gemisch;1641372;t;ERN001;Erntemenge
41241;Ernte-u.Betriebsbericht: Feldfrüchte und Grünland;JAHR;Jahr;1989;DINSG;Deutschland insgesamt;DG;Deutschland;FRUA03;Fruchtarten;FRUART01212;Sommergerste;2718173;t;ERN001;Erntemenge
41241;Ernte-u.Betriebsbericht: Feldfrüchte und Grünland;JAHR;Jahr;1991;DINSG;Deutschland insgesamt;DG;Deutschland;FRUA03;Fruchtarten;FRUART01111;Winterweizen;16184341;t;ERN001;Erntemenge
41241;Ernte-u.Betriebsbericht: Feldfrüchte und Grünland;JAHR;Jahr;1994;DINSG;Deutschland insgesamt;DG;Deutschland;FRUA03;Fruchtarten;FRUART01111W;Weichweizen;16422408;t;ERN001;Erntemenge
41241;Ernte-u.Betriebsbericht: Feldfrüchte und Grünland;JAHR;Jahr;1996;DINSG;Deutschland insgesamt;DG;Deutschland;FRUA03;Fruchtarten;FRUART064;Silomais (einschl. Lieschkolbenschrot);57657230;t;ERN001;Erntemenge
41241;Ernte-u.Betriebsbericht: Feldfrüchte und Grünland;JAHR;Jahr;1953;DINSG;Deutschland insgesamt;DG;Deutschland;FRUA03;Fruchtarten;FRUART01212;Sommergerste;1541742;t;ERN001;Erntemenge
41241;Ernte-u.Betriebsbericht: Feldfrüchte und Grünland;JAHR;Jahr;1996;DINSG;Deutschland insgesamt;DG;Deutschland;FRUA03;Fruchtarten;FRUART031FSK;Frühe Speisekartoffeln;645156;t;ERN001;Erntemenge
41241;Ernte-u.Betriebsbericht: Feldfrüchte und Grünland;JAHR;Jahr;1971;DINSG;Deutschland insgesamt;DG;Deutschland;FRUA03;Fruchtarten;FRUART05112;Sommerraps, Winter- und Sommerrübsen;23341;t;ERN001;Erntemenge
41241;Ernte-u.Betriebsbericht: Feldfrüchte und Grünland;JAHR;Jahr;1957;DINSG;Deutschland insgesamt;DG;Deutschland;FRUA03;Fruchtarten;FRUART011;Brotgetreide;7890896;t;ERN001;Erntemenge
41241;Ernte-u.Betriebsbericht: Feldfrüchte und Grünland;JAHR;Jahr;1993;DINSG;Deutschland insgesamt;DG;Deutschland;FRUA03;Fruchtarten;FRUART0112;Roggen;2983550;t;ERN001;Erntemenge
41241;Ernte-u.Betriebsbericht: Feldfrüchte und Grünland;JAHR;Jahr;1972;DINSG;Deutschland insgesamt;DG;Deutschland;FRUA03;Fruchtarten;FRUART0124;Triticale;.;t;ERN001;Erntemenge
41241;Ernte-u.Betriebsbericht: Feldfrüchte und Grünland;JAHR;Jahr;1988;DINSG;Deutschland insgesamt;DG;Deutschland;FRUA03;Fruchtarten;FRUART0113;Wintermenggetreide;54429;t;ERN001;Erntemenge
41241;Ernte-u.Betriebsbericht: Feldfrüchte und Grünland;JAHR;Jahr;1984;DINSG;Deutschland insgesamt;DG;Deutschland;FRUA03;Fruchtarten;FRUART011;Brotgetreide;12206048;t;ERN001;Erntemenge
41241;Ernte-u.Betriebsbericht: Feldfrüchte und Grünland;JAHR;Jahr;1959;DINSG;Deutschland insgesamt;DG;Deutschland;FRUA03;Fruchtarten;FRUART0121;Gerste;2843144;t;ERN001;Erntemenge
41241;Ernte-u.Betriebsbericht: Feldfrüchte und Grünland;JAHR;Jahr;2006;DINSG;Deutschland insgesamt;DG;Deutschland;FRUA03;Fruchtarten;KULART0141S;Wiesen und Mähweiden;31942800;t;ERN001;Erntemenge
41241;Ernte-u.Betriebsbericht: Feldfrüchte und Grünland;JAHR;Jahr;1965;DINSG;Deutschland insgesamt;DG;Deutschland;FRUA03;Fruchtarten;FRUART031MUS;Mittelfrühe und späte Kartoffeln;17193606;t;ERN001;Erntemenge
41241;Ernte-u.Betriebsbericht: Feldfrüchte und Grünland;JAHR;Jahr;1965;DINSG;Deutschland insgesamt;DG;Deutschland;FRUA03;Fruchtarten;FRUART032;Zuckerrüben;10938821;t;ERN001;Erntemenge
41241;Ernte-u.Betriebsbericht: Feldfrüchte und Grünland;JAHR;Jahr;1956;DINSG;Deutschland insgesamt;DG;Deutschland;FRUA03;Fruchtarten;FRUART01211;Wintergerste;429338;t;ERN001;Erntemenge
41241;Ernte-u.Betriebsbericht: Feldfrüchte und Grünland;JAHR;Jahr;1966;DINSG;Deutschland insgesamt;DG;Deutschland;FRUA03;Fruchtarten;FRUART062;Luzerne;.;t;ERN001;Erntemenge
41241;Ernte-u.Betriebsbericht: Feldfrüchte und Grünland;JAHR;Jahr;1993;DINSG;Deutschland insgesamt;DG;Deutschland;FRUA03;Fruchtarten;FRUART062;Luzerne;636845;t;ERN001;Erntemenge
41241;Ernte-u.Betriebsbericht: Feldfrüchte und Grünland;JAHR;Jahr;1956;DINSG;Deutschland insgesamt;DG;Deutschland;FRUA03;Fruchtarten;FRUART01113;Hartweizen (Durum);.;t;ERN001;Erntemenge
41241;Ernte-u.Betriebsbericht: Feldfrüchte und Grünland;JAHR;Jahr;2001;DINSG;Deutschland insgesamt;DG;Deutschland;FRUA03;Fruchtarten;FRUART0511;Raps und Rübsen;4160093;t;ERN001;Erntemenge
41241;Ernte-u.Betriebsbericht: Feldfrüchte und Grünland;JAHR;Jahr;1963;DINSG;Deutschland insgesamt;DG;Deutschland;FRUA03;Fruchtarten;FRUART0113;Wintermenggetreide;178828;t;ERN001;Erntemenge
41241;Ernte-u.Betriebsbericht: Feldfrüchte und Grünland;JAHR;Jahr;1990;DINSG;Deutschland insgesamt;DG;Deutschland;FRUA03;Fruchtarten;FRUART05112;Sommerraps, Winter- und Sommerrübsen;.;t;ERN001;Erntemenge
41241;Ernte-u.Betriebsbericht: Feldfrüchte und Grünland;JAHR;Jahr;1957;DINSG;Deutschland insgesamt;DG;Deutschland;FRUA03;Fruchtarten;FRUART0112;Roggen;3840337;t;ERN001;Erntemenge
41241;Ernte-u.Betriebsbericht: Feldfrüchte und Grünland;JAHR;Jahr;1974;DINSG;Deutschland insgesamt;DG;Deutschland;FRUA03;Fruchtarten;FRUART05111;Winterraps;285325;t;ERN001;Erntemenge
41241;Ernte-u.Betriebsbericht: Feldfrüchte und Grünland;JAHR;Jahr;1992;DINSG;Deutschland insgesamt;DG;Deutschland;FRUA03;Fruchtarten;FRUART032;Zuckerrüben;27149872;t;ERN001;Erntemenge
41241;Ernte-u.Betriebsbericht: Feldfrüchte und Grünland;JAHR;Jahr;1953;DINSG;Deutschland insgesamt;DG;Deutschland;FRUA03;Fruchtarten;FRUART0113;Wintermenggetreide;179740;t;ERN001;Erntemenge
41241;Ernte-u.Betriebsbericht: Feldfrüchte und Grünland;JAHR;Jahr;1951;DINSG;Deutschland insgesamt;DG;Deutschland;FRUA03;Fruchtarten;FRUART064;Silomais (einschl. Lieschkolbenschrot);1518316;t;ERN001;Erntemenge
41241;Ernte-u.Betriebsbericht: Feldfrüchte und Grünland;JAHR;Jahr;2004;DINSG;Deutschland insgesamt;DG;Deutschland;FRUA03;Fruchtarten;FRUART022;Ackerbohnen;64097;t;ERN001;Erntemenge
41241;Ernte-u.Betriebsbericht: Feldfrüchte und Grünland;JAHR;Jahr;2007;DINSG;Deutschland insgesamt;DG;Deutschland;FRUA03;Fruchtarten;FRUART031FSK;Frühe Speisekartoffeln;514035;t;ERN001;Erntemenge
41241;Ernte-u.Betriebsbericht: Feldfrüchte und Grünland;JAHR;Jahr;1981;DINSG;Deutschland insgesamt;DG;Deutschland;FRUA03;Fruchtarten;FRUART013CCM;Körnermais (einschl. CCM);832094;t;ERN001;Erntemenge
41241;Ernte-u.Betriebsbericht: Feldfrüchte und Grünland;JAHR;Jahr;1950;DINSG;Deutschland insgesamt;DG;Deutschland;FRUA03;Fruchtarten;FRUART01EKM;Getreide (einschl. Körnermais und CCM);10275753;t;ERN001;Erntemenge
41241;Ernte-u.Betriebsbericht: Feldfrüchte und Grünland;JAHR;Jahr;1966;DINSG;Deutschland insgesamt;DG;Deutschland;FRUA03;Fruchtarten;FRUART0123;Sommermenggetreide;1129490;t;ERN001;Erntemenge
41241;Ernte-u.Betriebsbericht: Feldfrüchte und Grünland;JAHR;Jahr;1996;DINSG;Deutschland insgesamt;DG;Deutschland;FRUA03;Fruchtarten;FRUART0122;Hafer;1605993;t;ERN001;Erntemenge
41241;Ernte-u.Betriebsbericht: Feldfrüchte und Grünland;JAHR;Jahr;1966;DINSG;Deutschland insgesamt;DG;Deutschland;FRUA03;Fruchtarten;FRUART01EKM;Getreide (einschl. Körnermais und CCM);14824953;t;ERN001;Erntemenge
41241;Ernte-u.Betriebsbericht: Feldfrüchte und Grünland;JAHR;Jahr;1992;DINSG;Deutschland insgesamt;DG;Deutschland;FRUA03;Fruchtarten;FRUART01111W;Weichweizen;.;t;ERN001;Erntemenge
41241;Ernte-u.Betriebsbericht: Feldfrüchte und Grünland;JAHR;Jahr;1954;DINSG;Deutschland insgesamt;DG;Deutschland;FRUA03;Fruchtarten;KULART01411;Wiesen;.;t;ERN001;Erntemenge
41241;Ernte-u.Betriebsbericht: Feldfrüchte und Grünland;JAHR;Jahr;1965;DINSG;Deutschland insgesamt;DG;Deutschland;FRUA03;Fruchtarten;KULART01421;Mähweiden;.;t;ERN001;Erntemenge
41241;Ernte-u.Betriebsbericht: Feldfrüchte und Grünland;JAHR;Jahr;1958;DINSG;Deutschland insgesamt;DG;Deutschland;FRUA03;Fruchtarten;FRUART067;Lupinen;.;t;ERN001;Erntemenge
41241;Ernte-u.Betriebsbericht: Feldfrüchte und Grünland;JAHR;Jahr;1991;DINSG;Deutschland insgesamt;DG;Deutschland;FRUA03;Fruchtarten;FRUART033;Runkelrüben;4414065;t;ERN001;Erntemenge
41241;Ernte-u.Betriebsbericht: Feldfrüchte und Grünland;JAHR;Jahr;1967;DINSG;Deutschland insgesamt;DG;Deutschland;FRUA03;Fruchtarten;FRUART05112;Sommerraps, Winter- und Sommerrübsen;15074;t;ERN001;Erntemenge
41241;Ernte-u.Betriebsbericht: Feldfrüchte und Grünland;JAHR;Jahr;1992;DINSG;Deutschland insgesamt;DG;Deutschland;FRUA03;Fruchtarten;FRUART063;Feldgras/Grasanbau auf dem Ackerland;1503771;t;ERN001;Erntemenge
41241;Ernte-u.Betriebsbericht: Feldfrüchte und Grünland;JAHR;Jahr;2009;DINSG;Deutschland insgesamt;DG;Deutschland;FRUA03;Fruchtarten;FRUART031FSK;Frühe Speisekartoffeln;495700;t;ERN001;Erntemenge
41241;Ernte-u.Betriebsbericht: Feldfrüchte und Grünland;JAHR;Jahr;1984;DINSG;Deutschland insgesamt;DG;Deutschland;FRUA03;Fruchtarten;FRUART033;Runkelrüben;10884146;t;ERN001;Erntemenge
41241;Ernte-u.Betriebsbericht: Feldfrüchte und Grünland;JAHR;Jahr;1989;DINSG;Deutschland insgesamt;DG;Deutschland;FRUA03;Fruchtarten;FRUART0511;Raps und Rübsen;1450159;t;ERN001;Erntemenge
41241;Ernte-u.Betriebsbericht: Feldfrüchte und Grünland;JAHR;Jahr;1996;DINSG;Deutschland insgesamt;DG;Deutschland;FRUA03;Fruchtarten;FRUART01211;Wintergerste;7925919;t;ERN001;Erntemenge
41241;Ernte-u.Betriebsbericht: Feldfrüchte und Grünland;JAHR;Jahr;1990;DINSG;Deutschland insgesamt;DG;Deutschland;FRUA03;Fruchtarten;FRUART0123;Sommermenggetreide;255088;t;ERN001;Erntemenge
41241;Ernte-u.Betriebsbericht: Feldfrüchte und Grünland;JAHR;Jahr;1983;DINSG;Deutschland insgesamt;DG;Deutschland;FRUA03;Fruchtarten;FRUART013CCM;Körnermais (einschl. CCM);933569;t;ERN001;Erntemenge
41241;Ernte-u.Betriebsbericht: Feldfrüchte und Grünland;JAHR;Jahr;1974;DINSG;Deutschland insgesamt;DG;Deutschland;FRUA03;Fruchtarten;KULART01411;Wiesen;.;t;ERN001;Erntemenge
41241;Ernte-u.Betriebsbericht: Feldfrüchte und Grünland;JAHR;Jahr;1986;DINSG;Deutschland insgesamt;DG;Deutschland;FRUA03;Fruchtarten;FRUART01EKM;Getreide (einschl. Körnermais und CCM);25589947;t;ERN001;Erntemenge
41241;Ernte-u.Betriebsbericht: Feldfrüchte und Grünland;JAHR;Jahr;1985;DINSG;Deutschland insgesamt;DG;Deutschland;FRUA03;Fruchtarten;FRUART063;Feldgras/Grasanbau auf dem Ackerland;924144;t;ERN001;Erntemenge
41241;Ernte-u.Betriebsbericht: Feldfrüchte und Grünland;JAHR;Jahr;1962;DINSG;Deutschland insgesamt;DG;Deutschland;FRUA03;Fruchtarten;FRUART065;Raufutter;24196780;t;ERN001;Erntemenge
41241;Ernte-u.Betriebsbericht: Feldfrüchte und Grünland;JAHR;Jahr;1970;DINSG;Deutschland insgesamt;DG;Deutschland;FRUA03;Fruchtarten;FRUART01EKM;Getreide (einschl. Körnermais und CCM);17297368;t;ERN001;Erntemenge
41241;Ernte-u.Betriebsbericht: Feldfrüchte und Grünland;JAHR;Jahr;1960;DINSG;Deutschland insgesamt;DG;Deutschland;FRUA03;Fruchtarten;FRUART01211;Wintergerste;953142;t;ERN001;Erntemenge
41241;Ernte-u.Betriebsbericht: Feldfrüchte und Grünland;JAHR;Jahr;1951;DINSG;Deutschland insgesamt;DG;Deutschland;FRUA03;Fruchtarten;FRUART031FSK;Frühe Speisekartoffeln;1207861;t;ERN001;Erntemenge
41241;Ernte-u.Betriebsbericht: Feldfrüchte und Grünland;JAHR;Jahr;2000;DINSG;Deutschland insgesamt;DG;Deutschland;FRUA03;Fruchtarten;FRUART01112;Sommerweizen;253433;t;ERN001;Erntemenge
41241;Ernte-u.Betriebsbericht: Feldfrüchte und Grünland;JAHR;Jahr;2007;DINSG;Deutschland insgesamt;DG;Deutschland;FRUA03;Fruchtarten;FRUART033;Runkelrüben;.;t;ERN001;Erntemenge
41241;Ernte-u.Betriebsbericht: Feldfrüchte und Grünland;JAHR;Jahr;1996;DINSG;Deutschland insgesamt;DG;Deutschland;FRUA03;Fruchtarten;FRUART01113;Hartweizen (Durum);46677;t;ERN001;Erntemenge
41241;Ernte-u.Betriebsbericht: Feldfrüchte und Grünland;JAHR;Jahr;1990;DINSG;Deutschland insgesamt;DG;Deutschland;FRUA03;Fruchtarten;FRUART01111W;Weichweizen;.;t;ERN001;Erntemenge
41241;Ernte-u.Betriebsbericht: Feldfrüchte und Grünland;JAHR;Jahr;2006;DINSG;Deutschland insgesamt;DG;Deutschland;FRUA03;Fruchtarten;FRUART0111;Weizen;22427900;t;ERN001;Erntemenge
41241;Ernte-u.Betriebsbericht: Feldfrüchte und Grünland;JAHR;Jahr;2009;DINSG;Deutschland insgesamt;DG;Deutschland;FRUA03;Fruchtarten;FRUART0121;Gerste;12288100;t;ERN001;Erntemenge
41241;Ernte-u.Betriebsbericht: Feldfrüchte und Grünland;JAHR;Jahr;1962;DINSG;Deutschland insgesamt;DG;Deutschland;FRUA03;Fruchtarten;FRUART0111;Weizen;4591519;t;ERN001;Erntemenge
41241;Ernte-u.Betriebsbericht: Feldfrüchte und Grünland;JAHR;Jahr;2009;DINSG;Deutschland insgesamt;DG;Deutschland;FRUA03;Fruchtarten;FRUART01211;Wintergerste;10082700;t;ERN001;Erntemenge
41241;Ernte-u.Betriebsbericht: Feldfrüchte und Grünland;JAHR;Jahr;1960;DINSG;Deutschland insgesamt;DG;Deutschland;FRUA03;Fruchtarten;FRUART01113;Hartweizen (Durum);.;t;ERN001;Erntemenge
41241;Ernte-u.Betriebsbericht: Feldfrüchte und Grünland;JAHR;Jahr;2000;DINSG;Deutschland insgesamt;DG;Deutschland;FRUA03;Fruchtarten;FRUART021;Futtererbsen;408899;t;ERN001;Erntemenge
41241;Ernte-u.Betriebsbericht: Feldfrüchte und Grünland;JAHR;Jahr;1955;DINSG;Deutschland insgesamt;DG;Deutschland;FRUA03;Fruchtarten;FRUART065;Raufutter;26673387;t;ERN001;Erntemenge
41241;Ernte-u.Betriebsbericht: Feldfrüchte und Grünland;JAHR;Jahr;2008;DINSG;Deutschland insgesamt;DG;Deutschland;FRUA03;Fruchtarten;FRUART063;Feldgras/Grasanbau auf dem Ackerland;3168600;t;ERN001;Erntemenge
41241;Ernte-u.Betriebsbericht: Feldfrüchte und Grünland;JAHR;Jahr;1970;DINSG;Deutschland insgesamt;DG;Deutschland;FRUA03;Fruchtarten;FRUART065;Raufutter;31644456;t;ERN001;Erntemenge
41241;Ernte-u.Betriebsbericht: Feldfrüchte und Grünland;JAHR;Jahr;1993;DINSG;Deutschland insgesamt;DG;Deutschland;FRUA03;Fruchtarten;FRUART0121;Gerste;11005635;t;ERN001;Erntemenge
41241;Ernte-u.Betriebsbericht: Feldfrüchte und Grünland;JAHR;Jahr;1987;DINSG;Deutschland insgesamt;DG;Deutschland;FRUA03;Fruchtarten;FRUART05112;Sommerraps, Winter- und Sommerrübsen;16892;t;ERN001;Erntemenge
41241;Ernte-u.Betriebsbericht: Feldfrüchte und Grünland;JAHR;Jahr;1958;DINSG;Deutschland insgesamt;DG;Deutschland;FRUA03;Fruchtarten;FRUART0511;Raps und Rübsen;57722;t;ERN001;Erntemenge
41241;Ernte-u.Betriebsbericht: Feldfrüchte und Grünland;JAHR;Jahr;1963;DINSG;Deutschland insgesamt;DG;Deutschland;FRUA03;Fruchtarten;FRUART013CCM;Körnermais (einschl. CCM);47691;t;ERN001;Erntemenge
41241;Ernte-u.Betriebsbericht: Feldfrüchte und Grünland;JAHR;Jahr;2006;DINSG;Deutschland insgesamt;DG;Deutschland;FRUA03;Fruchtarten;FRUART0124;Triticale;2237100;t;ERN001;Erntemenge
41241;Ernte-u.Betriebsbericht: Feldfrüchte und Grünland;JAHR;Jahr;2009;DINSG;Deutschland insgesamt;DG;Deutschland;FRUA03;Fruchtarten;FRUART01113;Hartweizen (Durum);64900;t;ERN001;Erntemenge
41241;Ernte-u.Betriebsbericht: Feldfrüchte und Grünland;JAHR;Jahr;1975;DINSG;Deutschland insgesamt;DG;Deutschland;FRUA03;Fruchtarten;FRUART0112;Roggen;2125420;t;ERN001;Erntemenge
41241;Ernte-u.Betriebsbericht: Feldfrüchte und Grünland;JAHR;Jahr;2005;DINSG;Deutschland insgesamt;DG;Deutschland;FRUA03;Fruchtarten;FRUART061;Klee, Kleegras und Klee-Luzerne-Gemisch;1737800;t;ERN001;Erntemenge
41241;Ernte-u.Betriebsbericht: Feldfrüchte und Grünland;JAHR;Jahr;1964;DINSG;Deutschland insgesamt;DG;Deutschland;FRUA03;Fruchtarten;FRUART01111;Winterweizen;4623831;t;ERN001;Erntemenge
41241;Ernte-u.Betriebsbericht: Feldfrüchte und Grünland;JAHR;Jahr;1994;DINSG;Deutschland insgesamt;DG;Deutschland;FRUA03;Fruchtarten;FRUART01OKM;Getreide (ohne Körnermais und CCM);33882719;t;ERN001;Erntemenge
41241;Ernte-u.Betriebsbericht: Feldfrüchte und Grünland;JAHR;Jahr;1950;DINSG;Deutschland insgesamt;DG;Deutschland;FRUA03;Fruchtarten;FRUART0112;Roggen;3047005;t;ERN001;Erntemenge
41241;Ernte-u.Betriebsbericht: Feldfrüchte und Grünland;JAHR;Jahr;1976;DINSG;Deutschland insgesamt;DG;Deutschland;FRUA03;Fruchtarten;FRUART012;Futter- und Industriegetreide;9763507;t;ERN001;Erntemenge
41241;Ernte-u.Betriebsbericht: Feldfrüchte und Grünland;JAHR;Jahr;1973;DINSG;Deutschland insgesamt;DG;Deutschland;FRUA03;Fruchtarten;FRUART067;Lupinen;.;t;ERN001;Erntemenge
41241;Ernte-u.Betriebsbericht: Feldfrüchte und Grünland;JAHR;Jahr;2004;DINSG;Deutschland insgesamt;DG;Deutschland;FRUA03;Fruchtarten;FRUART031;Kartoffeln;13043559;t;ERN001;Erntemenge
41241;Ernte-u.Betriebsbericht: Feldfrüchte und Grünland;JAHR;Jahr;1994;DINSG;Deutschland insgesamt;DG;Deutschland;FRUA03;Fruchtarten;KULART0141S;Wiesen und Mähweiden;32468568;t;ERN001;Erntemenge
41241;Ernte-u.Betriebsbericht: Feldfrüchte und Grünland;JAHR;Jahr;1991;DINSG;Deutschland insgesamt;DG;Deutschland;FRUA03;Fruchtarten;FRUART011;Brotgetreide;19981172;t;ERN001;Erntemenge
41241;Ernte-u.Betriebsbericht: Feldfrüchte und Grünland;JAHR;Jahr;2002;DINSG;Deutschland insgesamt;DG;Deutschland;FRUA03;Fruchtarten;FRUART0121;Gerste;10927970;t;ERN001;Erntemenge
41241;Ernte-u.Betriebsbericht: Feldfrüchte und Grünland;JAHR;Jahr;2005;DINSG;Deutschland insgesamt;DG;Deutschland;FRUA03;Fruchtarten;FRUART01212;Sommergerste;2794700;t;ERN001;Erntemenge
41241;Ernte-u.Betriebsbericht: Feldfrüchte und Grünland;JAHR;Jahr;1955;DINSG;Deutschland insgesamt;DG;Deutschland;FRUA03;Fruchtarten;FRUART0513;Körnersonnenblumen;.;t;ERN001;Erntemenge
41241;Ernte-u.Betriebsbericht: Feldfrüchte und Grünland;JAHR;Jahr;1954;DINSG;Deutschland insgesamt;DG;Deutschland;FRUA03;Fruchtarten;FRUART022;Ackerbohnen;31916;t;ERN001;Erntemenge
41241;Ernte-u.Betriebsbericht: Feldfrüchte und Grünland;JAHR;Jahr;1969;DINSG;Deutschland insgesamt;DG;Deutschland;FRUA03;Fruchtarten;FRUART0112;Roggen;2888981;t;ERN001;Erntemenge
41241;Ernte-u.Betriebsbericht: Feldfrüchte und Grünland;JAHR;Jahr;1978;DINSG;Deutschland insgesamt;DG;Deutschland;FRUA03;Fruchtarten;FRUART0122;Hafer;3202449;t;ERN001;Erntemenge
41241;Ernte-u.Betriebsbericht: Feldfrüchte und Grünland;JAHR;Jahr;1984;DINSG;Deutschland insgesamt;DG;Deutschland;FRUA03;Fruchtarten;FRUART0123;Sommermenggetreide;465610;t;ERN001;Erntemenge
41241;Ernte-u.Betriebsbericht: Feldfrüchte und Grünland;JAHR;Jahr;1980;DINSG;Deutschland insgesamt;DG;Deutschland;FRUA03;Fruchtarten;FRUART01113;Hartweizen (Durum);.;t;ERN001;Erntemenge
41241;Ernte-u.Betriebsbericht: Feldfrüchte und Grünland;JAHR;Jahr;1965;DINSG;Deutschland insgesamt;DG;Deutschland;FRUA03;Fruchtarten;FRUART013CCM;Körnermais (einschl. CCM);96402;t;ERN001;Erntemenge
41241;Ernte-u.Betriebsbericht: Feldfrüchte und Grünland;JAHR;Jahr;2007;DINSG;Deutschland insgesamt;DG;Deutschland;FRUA03;Fruchtarten;FRUART05111;Winterraps;5301097;t;ERN001;Erntemenge
41241;Ernte-u.Betriebsbericht: Feldfrüchte und Grünland;JAHR;Jahr;1995;DINSG;Deutschland insgesamt;DG;Deutschland;FRUA03;Fruchtarten;FRUART021;Futtererbsen;216435;t;ERN001;Erntemenge
41241;Ernte-u.Betriebsbericht: Feldfrüchte und Grünland;JAHR;Jahr;1982;DINSG;Deutschland insgesamt;DG;Deutschland;FRUA03;Fruchtarten;FRUART0511;Raps und Rübsen;534681;t;ERN001;Erntemenge
41241;Ernte-u.Betriebsbericht: Feldfrüchte und Grünland;JAHR;Jahr;1980;DINSG;Deutschland insgesamt;DG;Deutschland;FRUA03;Fruchtarten;FRUART01211;Wintergerste;5937083;t;ERN001;Erntemenge
41241;Ernte-u.Betriebsbericht: Feldfrüchte und Grünland;JAHR;Jahr;1981;DINSG;Deutschland insgesamt;DG;Deutschland;FRUA03;Fruchtarten;FRUART0113;Wintermenggetreide;64490;t;ERN001;Erntemenge
41241;Ernte-u.Betriebsbericht: Feldfrüchte und Grünland;JAHR;Jahr;1984;DINSG;Deutschland insgesamt;DG;Deutschland;FRUA03;Fruchtarten;FRUART01112;Sommerweizen;426420;t;ERN001;Erntemenge
41241;Ernte-u.Betriebsbericht: Feldfrüchte und Grünland;JAHR;Jahr;1988;DINSG;Deutschland insgesamt;DG;Deutschland;FRUA03;Fruchtarten;FRUART065;Raufutter;30270976;t;ERN001;Erntemenge
41241;Ernte-u.Betriebsbericht: Feldfrüchte und Grünland;JAHR;Jahr;1974;DINSG;Deutschland insgesamt;DG;Deutschland;FRUA03;Fruchtarten;FRUART062;Luzerne;.;t;ERN001;Erntemenge
41241;Ernte-u.Betriebsbericht: Feldfrüchte und Grünland;JAHR;Jahr;1973;DINSG;Deutschland insgesamt;DG;Deutschland;FRUA03;Fruchtarten;FRUART032;Zuckerrüben;15857858;t;ERN001;Erntemenge
41241;Ernte-u.Betriebsbericht: Feldfrüchte und Grünland;JAHR;Jahr;2007;DINSG;Deutschland insgesamt;DG;Deutschland;FRUA03;Fruchtarten;FRUART011;Brotgetreide;23572641;t;ERN001;Erntemenge
41241;Ernte-u.Betriebsbericht: Feldfrüchte und Grünland;JAHR;Jahr;1958;DINSG;Deutschland insgesamt;DG;Deutschland;FRUA03;Fruchtarten;FRUART032;Zuckerrüben;11236773;t;ERN001;Erntemenge
41241;Ernte-u.Betriebsbericht: Feldfrüchte und Grünland;JAHR;Jahr;1959;DINSG;Deutschland insgesamt;DG;Deutschland;FRUA03;Fruchtarten;FRUART062;Luzerne;.;t;ERN001;Erntemenge
41241;Ernte-u.Betriebsbericht: Feldfrüchte und Grünland;JAHR;Jahr;1964;DINSG;Deutschland insgesamt;DG;Deutschland;FRUA03;Fruchtarten;FRUART01EKM;Getreide (einschl. Körnermais und CCM);16550057;t;ERN001;Erntemenge
41241;Ernte-u.Betriebsbericht: Feldfrüchte und Grünland;JAHR;Jahr;1961;DINSG;Deutschland insgesamt;DG;Deutschland;FRUA03;Fruchtarten;FRUART01113;Hartweizen (Durum);.;t;ERN001;Erntemenge
41241;Ernte-u.Betriebsbericht: Feldfrüchte und Grünland;JAHR;Jahr;2005;DINSG;Deutschland insgesamt;DG;Deutschland;FRUA03;Fruchtarten;FRUART01111W;Weichweizen;23641900;t;ERN001;Erntemenge
41241;Ernte-u.Betriebsbericht: Feldfrüchte und Grünland;JAHR;Jahr;1978;DINSG;Deutschland insgesamt;DG;Deutschland;FRUA03;Fruchtarten;FRUART0113;Wintermenggetreide;91394;t;ERN001;Erntemenge
41241;Ernte-u.Betriebsbericht: Feldfrüchte und Grünland;JAHR;Jahr;1964;DINSG;Deutschland insgesamt;DG;Deutschland;FRUA03;Fruchtarten;FRUART0111;Weizen;5202594;t;ERN001;Erntemenge
41241;Ernte-u.Betriebsbericht: Feldfrüchte und Grünland;JAHR;Jahr;2008;DINSG;Deutschland insgesamt;DG;Deutschland;FRUA03;Fruchtarten;FRUART011;Brotgetreide;29786200;t;ERN001;Erntemenge
41241;Ernte-u.Betriebsbericht: Feldfrüchte und Grünland;JAHR;Jahr;1964;DINSG;Deutschland insgesamt;DG;Deutschland;FRUA03;Fruchtarten;FRUART01112;Sommerweizen;578763;t;ERN001;Erntemenge
41241;Ernte-u.Betriebsbericht: Feldfrüchte und Grünland;JAHR;Jahr;1976;DINSG;Deutschland insgesamt;DG;Deutschland;FRUA03;Fruchtarten;FRUART011;Brotgetreide;8890375;t;ERN001;Erntemenge
41241;Ernte-u.Betriebsbericht: Feldfrüchte und Grünland;JAHR;Jahr;1959;DINSG;Deutschland insgesamt;DG;Deutschland;FRUA03;Fruchtarten;FRUART0513;Körnersonnenblumen;.;t;ERN001;Erntemenge
41241;Ernte-u.Betriebsbericht: Feldfrüchte und Grünland;JAHR;Jahr;1982;DINSG;Deutschland insgesamt;DG;Deutschland;FRUA03;Fruchtarten;FRUART01211;Wintergerste;5012184;t;ERN001;Erntemenge
41241;Ernte-u.Betriebsbericht: Feldfrüchte und Grünland;JAHR;Jahr;1997;DINSG;Deutschland insgesamt;DG;Deutschland;FRUA03;Fruchtarten;FRUART0511;Raps und Rübsen;2866510;t;ERN001;Erntemenge
41241;Ernte-u.Betriebsbericht: Feldfrüchte und Grünland;JAHR;Jahr;1986;DINSG;Deutschland insgesamt;DG;Deutschland;FRUA03;Fruchtarten;FRUART0123;Sommermenggetreide;410978;t;ERN001;Erntemenge
41241;Ernte-u.Betriebsbericht: Feldfrüchte und Grünland;JAHR;Jahr;1988;DINSG;Deutschland insgesamt;DG;Deutschland;FRUA03;Fruchtarten;FRUART01EKM;Getreide (einschl. Körnermais und CCM);27112320;t;ERN001;Erntemenge
41241;Ernte-u.Betriebsbericht: Feldfrüchte und Grünland;JAHR;Jahr;2004;DINSG;Deutschland insgesamt;DG;Deutschland;FRUA03;Fruchtarten;FRUART0111;Weizen;25427210;t;ERN001;Erntemenge
41241;Ernte-u.Betriebsbericht: Feldfrüchte und Grünland;JAHR;Jahr;1969;DINSG;Deutschland insgesamt;DG;Deutschland;FRUA03;Fruchtarten;FRUART0111;Weizen;5999948;t;ERN001;Erntemenge
41241;Ernte-u.Betriebsbericht: Feldfrüchte und Grünland;JAHR;Jahr;1952;DINSG;Deutschland insgesamt;DG;Deutschland;FRUA03;Fruchtarten;FRUART064;Silomais (einschl. Lieschkolbenschrot);899118;t;ERN001;Erntemenge
41241;Ernte-u.Betriebsbericht: Feldfrüchte und Grünland;JAHR;Jahr;1954;DINSG;Deutschland insgesamt;DG;Deutschland;FRUA03;Fruchtarten;FRUART01212;Sommergerste;1750666;t;ERN001;Erntemenge
41241;Ernte-u.Betriebsbericht: Feldfrüchte und Grünland;JAHR;Jahr;2005;DINSG;Deutschland insgesamt;DG;Deutschland;FRUA03;Fruchtarten;KULART01421;Mähweiden;19231200;t;ERN001;Erntemenge
41241;Ernte-u.Betriebsbericht: Feldfrüchte und Grünland;JAHR;Jahr;1982;DINSG;Deutschland insgesamt;DG;Deutschland;FRUA03;Fruchtarten;FRUART01113;Hartweizen (Durum);.;t;ERN001;Erntemenge
41241;Ernte-u.Betriebsbericht: Feldfrüchte und Grünland;JAHR;Jahr;1994;DINSG;Deutschland insgesamt;DG;Deutschland;FRUA03;Fruchtarten;FRUART0122;Hafer;1663039;t;ERN001;Erntemenge
41241;Ernte-u.Betriebsbericht: Feldfrüchte und Grünland;JAHR;Jahr;1971;DINSG;Deutschland insgesamt;DG;Deutschland;FRUA03;Fruchtarten;FRUART0513;Körnersonnenblumen;.;t;ERN001;Erntemenge
41241;Ernte-u.Betriebsbericht: Feldfrüchte und Grünland;JAHR;Jahr;1973;DINSG;Deutschland insgesamt;DG;Deutschland;FRUA03;Fruchtarten;FRUART0112;Roggen;2576359;t;ERN001;Erntemenge
41241;Ernte-u.Betriebsbericht: Feldfrüchte und Grünland;JAHR;Jahr;1971;DINSG;Deutschland insgesamt;DG;Deutschland;FRUA03;Fruchtarten;FRUART01111;Winterweizen;6309539;t;ERN001;Erntemenge
41241;Ernte-u.Betriebsbericht: Feldfrüchte und Grünland;JAHR;Jahr;1995;DINSG;Deutschland insgesamt;DG;Deutschland;FRUA03;Fruchtarten;FRUART064;Silomais (einschl. Lieschkolbenschrot);49489572;t;ERN001;Erntemenge
41241;Ernte-u.Betriebsbericht: Feldfrüchte und Grünland;JAHR;Jahr;1961;DINSG;Deutschland insgesamt;DG;Deutschland;FRUA03;Fruchtarten;FRUART01211;Wintergerste;859456;t;ERN001;Erntemenge
41241;Ernte-u.Betriebsbericht: Feldfrüchte und Grünland;JAHR;Jahr;1985;DINSG;Deutschland insgesamt;DG;Deutschland;FRUA03;Fruchtarten;FRUART01EKM;Getreide (einschl. Körnermais und CCM);25914499;t;ERN001;Erntemenge
41241;Ernte-u.Betriebsbericht: Feldfrüchte und Grünland;JAHR;Jahr;1976;DINSG;Deutschland insgesamt;DG;Deutschland;FRUA03;Fruchtarten;FRUART013CCM;Körnermais (einschl. CCM);479642;t;ERN001;Erntemenge
41241;Ernte-u.Betriebsbericht: Feldfrüchte und Grünland;JAHR;Jahr;1989;DINSG;Deutschland insgesamt;DG;Deutschland;FRUA03;Fruchtarten;FRUART01111W;Weichweizen;.;t;ERN001;Erntemenge
41241;Ernte-u.Betriebsbericht: Feldfrüchte und Grünland;JAHR;Jahr;1969;DINSG;Deutschland insgesamt;DG;Deutschland;FRUA03;Fruchtarten;FRUART013CCM;Körnermais (einschl. CCM);400434;t;ERN001;Erntemenge
41241;Ernte-u.Betriebsbericht: Feldfrüchte und Grünland;JAHR;Jahr;1973;DINSG;Deutschland insgesamt;DG;Deutschland;FRUA03;Fruchtarten;FRUART031;Kartoffeln;13676482;t;ERN001;Erntemenge
41241;Ernte-u.Betriebsbericht: Feldfrüchte und Grünland;JAHR;Jahr;1955;DINSG;Deutschland insgesamt;DG;Deutschland;FRUA03;Fruchtarten;FRUART0121;Gerste;2085858;t;ERN001;Erntemenge
41241;Ernte-u.Betriebsbericht: Feldfrüchte und Grünland;JAHR;Jahr;1974;DINSG;Deutschland insgesamt;DG;Deutschland;FRUA03;Fruchtarten;FRUART061;Klee, Kleegras und Klee-Luzerne-Gemisch;2461959;t;ERN001;Erntemenge
41241;Ernte-u.Betriebsbericht: Feldfrüchte und Grünland;JAHR;Jahr;2002;DINSG;Deutschland insgesamt;DG;Deutschland;FRUA03;Fruchtarten;FRUART064;Silomais (einschl. Lieschkolbenschrot);50864068;t;ERN001;Erntemenge
41241;Ernte-u.Betriebsbericht: Feldfrüchte und Grünland;JAHR;Jahr;1996;DINSG;Deutschland insgesamt;DG;Deutschland;FRUA03;Fruchtarten;KULART01411;Wiesen;16933286;t;ERN001;Erntemenge
41241;Ernte-u.Betriebsbericht: Feldfrüchte und Grünland;JAHR;Jahr;1951;DINSG;Deutschland insgesamt;DG;Deutschland;FRUA03;Fruchtarten;FRUART01212;Sommergerste;1268291;t;ERN001;Erntemenge
41241;Ernte-u.Betriebsbericht: Feldfrüchte und Grünland;JAHR;Jahr;1991;DINSG;Deutschland insgesamt;DG;Deutschland;FRUA03;Fruchtarten;FRUART067;Lupinen;.;t;ERN001;Erntemenge
41241;Ernte-u.Betriebsbericht: Feldfrüchte und Grünland;JAHR;Jahr;1970;DINSG;Deutschland insgesamt;DG;Deutschland;FRUA03;Fruchtarten;FRUART0511;Raps und Rübsen;185020;t;ERN001;Erntemenge
41241;Ernte-u.Betriebsbericht: Feldfrüchte und Grünland;JAHR;Jahr;2005;DINSG;Deutschland insgesamt;DG;Deutschland;FRUA03;Fruchtarten;FRUART0113;Wintermenggetreide;48500;t;ERN001;Erntemenge
41241;Ernte-u.Betriebsbericht: Feldfrüchte und Grünland;JAHR;Jahr;1983;DINSG;Deutschland insgesamt;DG;Deutschland;FRUA03;Fruchtarten;FRUART011;Brotgetreide;10644476;t;ERN001;Erntemenge
41241;Ernte-u.Betriebsbericht: Feldfrüchte und Grünland;JAHR;Jahr;1989;DINSG;Deutschland insgesamt;DG;Deutschland;FRUA03;Fruchtarten;FRUART01OKM;Getreide (ohne Körnermais und CCM);24539879;t;ERN001;Erntemenge
41241;Ernte-u.Betriebsbericht: Feldfrüchte und Grünland;JAHR;Jahr;1956;DINSG;Deutschland insgesamt;DG;Deutschland;FRUA03;Fruchtarten;FRUART0123;Sommermenggetreide;971551;t;ERN001;Erntemenge
41241;Ernte-u.Betriebsbericht: Feldfrüchte und Grünland;JAHR;Jahr;1967;DINSG;Deutschland insgesamt;DG;Deutschland;FRUA03;Fruchtarten;FRUART062;Luzerne;.;t;ERN001;Erntemenge
41241;Ernte-u.Betriebsbericht: Feldfrüchte und Grünland;JAHR;Jahr;1974;DINSG;Deutschland insgesamt;DG;Deutschland;FRUA03;Fruchtarten;FRUART031MUS;Mittelfrühe und späte Kartoffeln;13673854;t;ERN001;Erntemenge
41241;Ernte-u.Betriebsbericht: Feldfrüchte und Grünland;JAHR;Jahr;1966;DINSG;Deutschland insgesamt;DG;Deutschland;FRUA03;Fruchtarten;FRUART032;Zuckerrüben;12467917;t;ERN001;Erntemenge
41241;Ernte-u.Betriebsbericht: Feldfrüchte und Grünland;JAHR;Jahr;1984;DINSG;Deutschland insgesamt;DG;Deutschland;FRUA03;Fruchtarten;FRUART0511;Raps und Rübsen;661848;t;ERN001;Erntemenge
41241;Ernte-u.Betriebsbericht: Feldfrüchte und Grünland;JAHR;Jahr;1981;DINSG;Deutschland insgesamt;DG;Deutschland;FRUA03;Fruchtarten;FRUART0122;Hafer;2677961;t;ERN001;Erntemenge
41241;Ernte-u.Betriebsbericht: Feldfrüchte und Grünland;JAHR;Jahr;1972;DINSG;Deutschland insgesamt;DG;Deutschland;FRUA03;Fruchtarten;KULART01411;Wiesen;.;t;ERN001;Erntemenge
41241;Ernte-u.Betriebsbericht: Feldfrüchte und Grünland;JAHR;Jahr;1976;DINSG;Deutschland insgesamt;DG;Deutschland;FRUA03;Fruchtarten;FRUART033;Runkelrüben;18989425;t;ERN001;Erntemenge
41241;Ernte-u.Betriebsbericht: Feldfrüchte und Grünland;JAHR;Jahr;1955;DINSG;Deutschland insgesamt;DG;Deutschland;FRUA03;Fruchtarten;FRUART01OKM;Getreide (ohne Körnermais und CCM);12545309;t;ERN001;Erntemenge
41241;Ernte-u.Betriebsbericht: Feldfrüchte und Grünland;JAHR;Jahr;1985;DINSG;Deutschland insgesamt;DG;Deutschland;FRUA03;Fruchtarten;FRUART0121;Gerste;9690485;t;ERN001;Erntemenge
41241;Ernte-u.Betriebsbericht: Feldfrüchte und Grünland;JAHR;Jahr;1991;DINSG;Deutschland insgesamt;DG;Deutschland;FRUA03;Fruchtarten;FRUART032;Zuckerrüben;25925733;t;ERN001;Erntemenge
41241;Ernte-u.Betriebsbericht: Feldfrüchte und Grünland;JAHR;Jahr;1967;DINSG;Deutschland insgesamt;DG;Deutschland;FRUA03;Fruchtarten;FRUART05111;Winterraps;109517;t;ERN001;Erntemenge
41241;Ernte-u.Betriebsbericht: Feldfrüchte und Grünland;JAHR;Jahr;1977;DINSG;Deutschland insgesamt;DG;Deutschland;FRUA03;Fruchtarten;FRUART063;Feldgras/Grasanbau auf dem Ackerland;899763;t;ERN001;Erntemenge
41241;Ernte-u.Betriebsbericht: Feldfrüchte und Grünland;JAHR;Jahr;2009;DINSG;Deutschland insgesamt;DG;Deutschland;FRUA03;Fruchtarten;FRUART0112;Roggen;4270000;t;ERN001;Erntemenge
41241;Ernte-u.Betriebsbericht: Feldfrüchte und Grünland;JAHR;Jahr;1955;DINSG;Deutschland insgesamt;DG;Deutschland;FRUA03;Fruchtarten;FRUART031;Kartoffeln;23094119;t;ERN001;Erntemenge
41241;Ernte-u.Betriebsbericht: Feldfrüchte und Grünland;JAHR;Jahr;1992;DINSG;Deutschland insgesamt;DG;Deutschland;FRUA03;Fruchtarten;FRUART062;Luzerne;592095;t;ERN001;Erntemenge
41241;Ernte-u.Betriebsbericht: Feldfrüchte und Grünland;JAHR;Jahr;1956;DINSG;Deutschland insgesamt;DG;Deutschland;FRUA03;Fruchtarten;FRUART061;Klee, Kleegras und Klee-Luzerne-Gemisch;4683002;t;ERN001;Erntemenge
41241;Ernte-u.Betriebsbericht: Feldfrüchte und Grünland;JAHR;Jahr;1996;DINSG;Deutschland insgesamt;DG;Deutschland;FRUA03;Fruchtarten;FRUART01212;Sommergerste;4148131;t;ERN001;Erntemenge
41241;Ernte-u.Betriebsbericht: Feldfrüchte und Grünland;JAHR;Jahr;1968;DINSG;Deutschland insgesamt;DG;Deutschland;FRUA03;Fruchtarten;KULART01421;Mähweiden;.;t;ERN001;Erntemenge
41241;Ernte-u.Betriebsbericht: Feldfrüchte und Grünland;JAHR;Jahr;1987;DINSG;Deutschland insgesamt;DG;Deutschland;FRUA03;Fruchtarten;FRUART021;Futtererbsen;.;t;ERN001;Erntemenge
41241;Ernte-u.Betriebsbericht: Feldfrüchte und Grünland;JAHR;Jahr;1998;DINSG;Deutschland insgesamt;DG;Deutschland;FRUA03;Fruchtarten;FRUART0513;Körnersonnenblumen;85399;t;ERN001;Erntemenge
41241;Ernte-u.Betriebsbericht: Feldfrüchte und Grünland;JAHR;Jahr;1972;DINSG;Deutschland insgesamt;DG;Deutschland;FRUA03;Fruchtarten;FRUART01212;Sommergerste;3603917;t;ERN001;Erntemenge
41241;Ernte-u.Betriebsbericht: Feldfrüchte und Grünland;JAHR;Jahr;1962;DINSG;Deutschland insgesamt;DG;Deutschland;FRUA03;Fruchtarten;FRUART022;Ackerbohnen;45788;t;ERN001;Erntemenge
41241;Ernte-u.Betriebsbericht: Feldfrüchte und Grünland;JAHR;Jahr;1988;DINSG;Deutschland insgesamt;DG;Deutschland;FRUA03;Fruchtarten;FRUART05111;Winterraps;1191936;t;ERN001;Erntemenge
41241;Ernte-u.Betriebsbericht: Feldfrüchte und Grünland;JAHR;Jahr;1994;DINSG;Deutschland insgesamt;DG;Deutschland;FRUA03;Fruchtarten;FRUART012;Futter- und Industriegetreide;13899969;t;ERN001;Erntemenge
41241;Ernte-u.Betriebsbericht: Feldfrüchte und Grünland;JAHR;Jahr;2004;DINSG;Deutschland insgesamt;DG;Deutschland;FRUA03;Fruchtarten;FRUART0124;Triticale;3289780;t;ERN001;Erntemenge
41241;Ernte-u.Betriebsbericht: Feldfrüchte und Grünland;JAHR;Jahr;1967;DINSG;Deutschland insgesamt;DG;Deutschland;FRUA03;Fruchtarten;FRUART0513;Körnersonnenblumen;.;t;ERN001;Erntemenge
41241;Ernte-u.Betriebsbericht: Feldfrüchte und Grünland;JAHR;Jahr;1958;DINSG;Deutschland insgesamt;DG;Deutschland;FRUA03;Fruchtarten;FRUART031MUS;Mittelfrühe und späte Kartoffeln;21905556;t;ERN001;Erntemenge
41241;Ernte-u.Betriebsbericht: Feldfrüchte und Grünland;JAHR;Jahr;1958;DINSG;Deutschland insgesamt;DG;Deutschland;FRUA03;Fruchtarten;FRUART011;Brotgetreide;7664049;t;ERN001;Erntemenge
41241;Ernte-u.Betriebsbericht: Feldfrüchte und Grünland;JAHR;Jahr;1975;DINSG;Deutschland insgesamt;DG;Deutschland;FRUA03;Fruchtarten;FRUART01212;Sommergerste;3701789;t;ERN001;Erntemenge
41241;Ernte-u.Betriebsbericht: Feldfrüchte und Grünland;JAHR;Jahr;1993;DINSG;Deutschland insgesamt;DG;Deutschland;FRUA03;Fruchtarten;KULART01411;Wiesen;18878450;t;ERN001;Erntemenge
41241;Ernte-u.Betriebsbericht: Feldfrüchte und Grünland;JAHR;Jahr;2001;DINSG;Deutschland insgesamt;DG;Deutschland;FRUA03;Fruchtarten;FRUART012;Futter- und Industriegetreide;18183157;t;ERN001;Erntemenge
41241;Ernte-u.Betriebsbericht: Feldfrüchte und Grünland;JAHR;Jahr;1990;DINSG;Deutschland insgesamt;DG;Deutschland;FRUA03;Fruchtarten;KULART01421;Mähweiden;.;t;ERN001;Erntemenge
41241;Ernte-u.Betriebsbericht: Feldfrüchte und Grünland;JAHR;Jahr;1963;DINSG;Deutschland insgesamt;DG;Deutschland;FRUA03;Fruchtarten;FRUART065;Raufutter;26703278;t;ERN001;Erntemenge
41241;Ernte-u.Betriebsbericht: Feldfrüchte und Grünland;JAHR;Jahr;1984;DINSG;Deutschland insgesamt;DG;Deutschland;FRUA03;Fruchtarten;FRUART063;Feldgras/Grasanbau auf dem Ackerland;983339;t;ERN001;Erntemenge
41241;Ernte-u.Betriebsbericht: Feldfrüchte und Grünland;JAHR;Jahr;1954;DINSG;Deutschland insgesamt;DG;Deutschland;FRUA03;Fruchtarten;FRUART0511;Raps und Rübsen;15413;t;ERN001;Erntemenge
41241;Ernte-u.Betriebsbericht: Feldfrüchte und Grünland;JAHR;Jahr;1990;DINSG;Deutschland insgesamt;DG;Deutschland;FRUA03;Fruchtarten;FRUART011;Brotgetreide;19286617;t;ERN001;Erntemenge
41241;Ernte-u.Betriebsbericht: Feldfrüchte und Grünland;JAHR;Jahr;1969;DINSG;Deutschland insgesamt;DG;Deutschland;FRUA03;Fruchtarten;FRUART031FSK;Frühe Speisekartoffeln;693958;t;ERN001;Erntemenge
41241;Ernte-u.Betriebsbericht: Feldfrüchte und Grünland;JAHR;Jahr;1982;DINSG;Deutschland insgesamt;DG;Deutschland;FRUA03;Fruchtarten;FRUART0124;Triticale;.;t;ERN001;Erntemenge
41241;Ernte-u.Betriebsbericht: Feldfrüchte und Grünland;JAHR;Jahr;2008;DINSG;Deutschland insgesamt;DG;Deutschland;FRUA03;Fruchtarten;FRUART01113;Hartweizen (Durum);38700;t;ERN001;Erntemenge
41241;Ernte-u.Betriebsbericht: Feldfrüchte und Grünland;JAHR;Jahr;1988;DINSG;Deutschland insgesamt;DG;Deutschland;FRUA03;Fruchtarten;FRUART01212;Sommergerste;3116529;t;ERN001;Erntemenge
41241;Ernte-u.Betriebsbericht: Feldfrüchte und Grünland;JAHR;Jahr;1992;DINSG;Deutschland insgesamt;DG;Deutschland;FRUA03;Fruchtarten;FRUART05112;Sommerraps, Winter- und Sommerrübsen;94152;t;ERN001;Erntemenge
41241;Ernte-u.Betriebsbericht: Feldfrüchte und Grünland;JAHR;Jahr;1967;DINSG;Deutschland insgesamt;DG;Deutschland;FRUA03;Fruchtarten;FRUART031MUS;Mittelfrühe und späte Kartoffeln;20355613;t;ERN001;Erntemenge
41241;Ernte-u.Betriebsbericht: Feldfrüchte und Grünland;JAHR;Jahr;1999;DINSG;Deutschland insgesamt;DG;Deutschland;FRUA03;Fruchtarten;FRUART013CCM;Körnermais (einschl. CCM);3256916;t;ERN001;Erntemenge
41241;Ernte-u.Betriebsbericht: Feldfrüchte und Grünland;JAHR;Jahr;1983;DINSG;Deutschland insgesamt;DG;Deutschland;FRUA03;Fruchtarten;FRUART033;Runkelrüben;9714890;t;ERN001;Erntemenge
41241;Ernte-u.Betriebsbericht: Feldfrüchte und Grünland;JAHR;Jahr;2004;DINSG;Deutschland insgesamt;DG;Deutschland;FRUA03;Fruchtarten;FRUART05111;Winterraps;5236922;t;ERN001;Erntemenge
41241;Ernte-u.Betriebsbericht: Feldfrüchte und Grünland;JAHR;Jahr;1960;DINSG;Deutschland insgesamt;DG;Deutschland;FRUA03;Fruchtarten;FRUART0112;Roggen;3797890;t;ERN001;Erntemenge
41241;Ernte-u.Betriebsbericht: Feldfrüchte und Grünland;JAHR;Jahr;1993;DINSG;Deutschland insgesamt;DG;Deutschland;FRUA03;Fruchtarten;KULART0141S;Wiesen und Mähweiden;32330446;t;ERN001;Erntemenge
41241;Ernte-u.Betriebsbericht: Feldfrüchte und Grünland;JAHR;Jahr;1959;DINSG;Deutschland insgesamt;DG;Deutschland;FRUA03;Fruchtarten;FRUART032;Zuckerrüben;8169350;t;ERN001;Erntemenge
41241;Ernte-u.Betriebsbericht: Feldfrüchte und Grünland;JAHR;Jahr;2000;DINSG;Deutschland insgesamt;DG;Deutschland;FRUA03;Fruchtarten;FRUART0112;Roggen;4154095;t;ERN001;Erntemenge
41241;Ernte-u.Betriebsbericht: Feldfrüchte und Grünland;JAHR;Jahr;1972;DINSG;Deutschland insgesamt;DG;Deutschland;FRUA03;Fruchtarten;FRUART0123;Sommermenggetreide;1142660;t;ERN001;Erntemenge
41241;Ernte-u.Betriebsbericht: Feldfrüchte und Grünland;JAHR;Jahr;1975;DINSG;Deutschland insgesamt;DG;Deutschland;FRUA03;Fruchtarten;KULART01411;Wiesen;.;t;ERN001;Erntemenge
41241;Ernte-u.Betriebsbericht: Feldfrüchte und Grünland;JAHR;Jahr;1997;DINSG;Deutschland insgesamt;DG;Deutschland;FRUA03;Fruchtarten;FRUART01OKM;Getreide (ohne Körnermais und CCM);42297325;t;ERN001;Erntemenge
41241;Ernte-u.Betriebsbericht: Feldfrüchte und Grünland;JAHR;Jahr;1966;DINSG;Deutschland insgesamt;DG;Deutschland;FRUA03;Fruchtarten;FRUART067;Lupinen;.;t;ERN001;Erntemenge
41241;Ernte-u.Betriebsbericht: Feldfrüchte und Grünland;JAHR;Jahr;1959;DINSG;Deutschland insgesamt;DG;Deutschland;FRUA03;Fruchtarten;FRUART067;Lupinen;.;t;ERN001;Erntemenge
41241;Ernte-u.Betriebsbericht: Feldfrüchte und Grünland;JAHR;Jahr;1966;DINSG;Deutschland insgesamt;DG;Deutschland;FRUA03;Fruchtarten;FRUART0511;Raps und Rübsen;98731;t;ERN001;Erntemenge
41241;Ernte-u.Betriebsbericht: Feldfrüchte und Grünland;JAHR;Jahr;1973;DINSG;Deutschland insgesamt;DG;Deutschland;FRUA03;Fruchtarten;FRUART01OKM;Getreide (ohne Körnermais und CCM);20603886;t;ERN001;Erntemenge
41241;Ernte-u.Betriebsbericht: Feldfrüchte und Grünland;JAHR;Jahr;1995;DINSG;Deutschland insgesamt;DG;Deutschland;FRUA03;Fruchtarten;FRUART01113;Hartweizen (Durum);37805;t;ERN001;Erntemenge
41241;Ernte-u.Betriebsbericht: Feldfrüchte und Grünland;JAHR;Jahr;1969;DINSG;Deutschland insgesamt;DG;Deutschland;FRUA03;Fruchtarten;FRUART012;Futter- und Industriegetreide;9511717;t;ERN001;Erntemenge
41241;Ernte-u.Betriebsbericht: Feldfrüchte und Grünland;JAHR;Jahr;1981;DINSG;Deutschland insgesamt;DG;Deutschland;FRUA03;Fruchtarten;FRUART061;Klee, Kleegras und Klee-Luzerne-Gemisch;1728198;t;ERN001;Erntemenge
41241;Ernte-u.Betriebsbericht: Feldfrüchte und Grünland;JAHR;Jahr;1980;DINSG;Deutschland insgesamt;DG;Deutschland;FRUA03;Fruchtarten;FRUART031;Kartoffeln;6694114;t;ERN001;Erntemenge
41241;Ernte-u.Betriebsbericht: Feldfrüchte und Grünland;JAHR;Jahr;1977;DINSG;Deutschland insgesamt;DG;Deutschland;FRUA03;Fruchtarten;FRUART0111;Weizen;7235013;t;ERN001;Erntemenge
41241;Ernte-u.Betriebsbericht: Feldfrüchte und Grünland;JAHR;Jahr;1957;DINSG;Deutschland insgesamt;DG;Deutschland;FRUA03;Fruchtarten;FRUART01112;Sommerweizen;430279;t;ERN001;Erntemenge
41241;Ernte-u.Betriebsbericht: Feldfrüchte und Grünland;JAHR;Jahr;2007;DINSG;Deutschland insgesamt;DG;Deutschland;FRUA03;Fruchtarten;FRUART0513;Körnersonnenblumen;50862;t;ERN001;Erntemenge
41241;Ernte-u.Betriebsbericht: Feldfrüchte und Grünland;JAHR;Jahr;2008;DINSG;Deutschland insgesamt;DG;Deutschland;FRUA03;Fruchtarten;FRUART01211;Wintergerste;9369400;t;ERN001;Erntemenge
41241;Ernte-u.Betriebsbericht: Feldfrüchte und Grünland;JAHR;Jahr;2005;DINSG;Deutschland insgesamt;DG;Deutschland;FRUA03;Fruchtarten;FRUART031MUS;Mittelfrühe und späte Kartoffeln;11147400;t;ERN001;Erntemenge
41241;Ernte-u.Betriebsbericht: Feldfrüchte und Grünland;JAHR;Jahr;1951;DINSG;Deutschland insgesamt;DG;Deutschland;FRUA03;Fruchtarten;KULART01411;Wiesen;.;t;ERN001;Erntemenge
41241;Ernte-u.Betriebsbericht: Feldfrüchte und Grünland;JAHR;Jahr;1985;DINSG;Deutschland insgesamt;DG;Deutschland;FRUA03;Fruchtarten;FRUART01111;Winterweizen;9422106;t;ERN001;Erntemenge
41241;Ernte-u.Betriebsbericht: Feldfrüchte und Grünland;JAHR;Jahr;1975;DINSG;Deutschland insgesamt;DG;Deutschland;FRUA03;Fruchtarten;KULART0141S;Wiesen und Mähweiden;27020779;t;ERN001;Erntemenge
41241;Ernte-u.Betriebsbericht: Feldfrüchte und Grünland;JAHR;Jahr;1951;DINSG;Deutschland insgesamt;DG;Deutschland;FRUA03;Fruchtarten;FRUART01EKM;Getreide (einschl. Körnermais und CCM);11255109;t;ERN001;Erntemenge
41241;Ernte-u.Betriebsbericht: Feldfrüchte und Grünland;JAHR;Jahr;1999;DINSG;Deutschland insgesamt;DG;Deutschland;FRUA03;Fruchtarten;FRUART01112;Sommerweizen;900809;t;ERN001;Erntemenge
41241;Ernte-u.Betriebsbericht: Feldfrüchte und Grünland;JAHR;Jahr;2002;DINSG;Deutschland insgesamt;DG;Deutschland;FRUA03;Fruchtarten;FRUART05112;Sommerraps, Winter- und Sommerrübsen;37555;t;ERN001;Erntemenge
41241;Ernte-u.Betriebsbericht: Feldfrüchte und Grünland;JAHR;Jahr;2001;DINSG;Deutschland insgesamt;DG;Deutschland;FRUA03;Fruchtarten;FRUART01EKM;Getreide (einschl. Körnermais und CCM);49709326;t;ERN001;Erntemenge
41241;Ernte-u.Betriebsbericht: Feldfrüchte und Grünland;JAHR;Jahr;1976;DINSG;Deutschland insgesamt;DG;Deutschland;FRUA03;Fruchtarten;FRUART031FSK;Frühe Speisekartoffeln;608790;t;ERN001;Erntemenge
41241;Ernte-u.Betriebsbericht: Feldfrüchte und Grünland;JAHR;Jahr;1999;DINSG;Deutschland insgesamt;DG;Deutschland;FRUA03;Fruchtarten;FRUART0123;Sommermenggetreide;189666;t;ERN001;Erntemenge
41241;Ernte-u.Betriebsbericht: Feldfrüchte und Grünland;JAHR;Jahr;1979;DINSG;Deutschland insgesamt;DG;Deutschland;FRUA03;Fruchtarten;FRUART022;Ackerbohnen;15819;t;ERN001;Erntemenge
41241;Ernte-u.Betriebsbericht: Feldfrüchte und Grünland;JAHR;Jahr;1963;DINSG;Deutschland insgesamt;DG;Deutschland;FRUA03;Fruchtarten;FRUART0122;Hafer;2321013;t;ERN001;Erntemenge
41241;Ernte-u.Betriebsbericht: Feldfrüchte und Grünland;JAHR;Jahr;1951;DINSG;Deutschland insgesamt;DG;Deutschland;FRUA03;Fruchtarten;KULART0141S;Wiesen und Mähweiden;19753564;t;ERN001;Erntemenge
41241;Ernte-u.Betriebsbericht: Feldfrüchte und Grünland;JAHR;Jahr;2003;DINSG;Deutschland insgesamt;DG;Deutschland;FRUA03;Fruchtarten;FRUART0122;Hafer;1201647;t;ERN001;Erntemenge
41241;Ernte-u.Betriebsbericht: Feldfrüchte und Grünland;JAHR;Jahr;2008;DINSG;Deutschland insgesamt;DG;Deutschland;FRUA03;Fruchtarten;FRUART033;Runkelrüben;.;t;ERN001;Erntemenge
41241;Ernte-u.Betriebsbericht: Feldfrüchte und Grünland;JAHR;Jahr;1994;DINSG;Deutschland insgesamt;DG;Deutschland;FRUA03;Fruchtarten;FRUART021;Futtererbsen;151074;t;ERN001;Erntemenge
41241;Ernte-u.Betriebsbericht: Feldfrüchte und Grünland;JAHR;Jahr;1968;DINSG;Deutschland insgesamt;DG;Deutschland;FRUA03;Fruchtarten;FRUART05112;Sommerraps, Winter- und Sommerrübsen;14270;t;ERN001;Erntemenge
41241;Ernte-u.Betriebsbericht: Feldfrüchte und Grünland;JAHR;Jahr;1997;DINSG;Deutschland insgesamt;DG;Deutschland;FRUA03;Fruchtarten;FRUART031MUS;Mittelfrühe und späte Kartoffeln;11118726;t;ERN001;Erntemenge
41241;Ernte-u.Betriebsbericht: Feldfrüchte und Grünland;JAHR;Jahr;2009;DINSG;Deutschland insgesamt;DG;Deutschland;FRUA03;Fruchtarten;FRUART063;Feldgras/Grasanbau auf dem Ackerland;3100600;t;ERN001;Erntemenge
41241;Ernte-u.Betriebsbericht: Feldfrüchte und Grünland;JAHR;Jahr;1965;DINSG;Deutschland insgesamt;DG;Deutschland;FRUA03;Fruchtarten;FRUART0113;Wintermenggetreide;132401;t;ERN001;Erntemenge
41241;Ernte-u.Betriebsbericht: Feldfrüchte und Grünland;JAHR;Jahr;1951;DINSG;Deutschland insgesamt;DG;Deutschland;FRUA03;Fruchtarten;FRUART0113;Wintermenggetreide;163428;t;ERN001;Erntemenge
41241;Ernte-u.Betriebsbericht: Feldfrüchte und Grünland;JAHR;Jahr;1951;DINSG;Deutschland insgesamt;DG;Deutschland;FRUA03;Fruchtarten;FRUART012;Futter- und Industriegetreide;5044619;t;ERN001;Erntemenge
41241;Ernte-u.Betriebsbericht: Feldfrüchte und Grünland;JAHR;Jahr;1995;DINSG;Deutschland insgesamt;DG;Deutschland;FRUA03;Fruchtarten;FRUART01211;Wintergerste;9041771;t;ERN001;Erntemenge
41241;Ernte-u.Betriebsbericht: Feldfrüchte und Grünland;JAHR;Jahr;1999;DINSG;Deutschland insgesamt;DG;Deutschland;FRUA03;Fruchtarten;FRUART061;Klee, Kleegras und Klee-Luzerne-Gemisch;1857344;t;ERN001;Erntemenge
41241;Ernte-u.Betriebsbericht: Feldfrüchte und Grünland;JAHR;Jahr;1981;DINSG;Deutschland insgesamt;DG;Deutschland;FRUA03;Fruchtarten;FRUART01112;Sommerweizen;616251;t;ERN001;Erntemenge
41241;Ernte-u.Betriebsbericht: Feldfrüchte und Grünland;JAHR;Jahr;2001;DINSG;Deutschland insgesamt;DG;Deutschland;FRUA03;Fruchtarten;FRUART021;Futtererbsen;559633;t;ERN001;Erntemenge
41241;Ernte-u.Betriebsbericht: Feldfrüchte und Grünland;JAHR;Jahr;2007;DINSG;Deutschland insgesamt;DG;Deutschland;FRUA03;Fruchtarten;FRUART013CCM;Körnermais (einschl. CCM);3809320;t;ERN001;Erntemenge
41241;Ernte-u.Betriebsbericht: Feldfrüchte und Grünland;JAHR;Jahr;1985;DINSG;Deutschland insgesamt;DG;Deutschland;FRUA03;Fruchtarten;FRUART0513;Körnersonnenblumen;.;t;ERN001;Erntemenge
41241;Ernte-u.Betriebsbericht: Feldfrüchte und Grünland;JAHR;Jahr;1987;DINSG;Deutschland insgesamt;DG;Deutschland;FRUA03;Fruchtarten;FRUART065;Raufutter;29550332;t;ERN001;Erntemenge
41241;Ernte-u.Betriebsbericht: Feldfrüchte und Grünland;JAHR;Jahr;1960;DINSG;Deutschland insgesamt;DG;Deutschland;FRUA03;Fruchtarten;FRUART063;Feldgras/Grasanbau auf dem Ackerland;903115;t;ERN001;Erntemenge
41241;Ernte-u.Betriebsbericht: Feldfrüchte und Grünland;JAHR;Jahr;1985;DINSG;Deutschland insgesamt;DG;Deutschland;FRUA03;Fruchtarten;FRUART0112;Roggen;1821379;t;ERN001;Erntemenge
41241;Ernte-u.Betriebsbericht: Feldfrüchte und Grünland;JAHR;Jahr;2001;DINSG;Deutschland insgesamt;DG;Deutschland;FRUA03;Fruchtarten;FRUART01111;Winterweizen;22565591;t;ERN001;Erntemenge
41241;Ernte-u.Betriebsbericht: Feldfrüchte und Grünland;JAHR;Jahr;1975;DINSG;Deutschland insgesamt;DG;Deutschland;FRUA03;Fruchtarten;FRUART012;Futter- und Industriegetreide;11482501;t;ERN001;Erntemenge
41241;Ernte-u.Betriebsbericht: Feldfrüchte und Grünland;JAHR;Jahr;1988;DINSG;Deutschland insgesamt;DG;Deutschland;FRUA03;Fruchtarten;FRUART031MUS;Mittelfrühe und späte Kartoffeln;6864328;t;ERN001;Erntemenge
41241;Ernte-u.Betriebsbericht: Feldfrüchte und Grünland;JAHR;Jahr;1996;DINSG;Deutschland insgesamt;DG;Deutschland;FRUA03;Fruchtarten;FRUART0113;Wintermenggetreide;60071;t;ERN001;Erntemenge
41241;Ernte-u.Betriebsbericht: Feldfrüchte und Grünland;JAHR;Jahr;1967;DINSG;Deutschland insgesamt;DG;Deutschland;FRUA03;Fruchtarten;FRUART01EKM;Getreide (einschl. Körnermais und CCM);18026405;t;ERN001;Erntemenge
41241;Ernte-u.Betriebsbericht: Feldfrüchte und Grünland;JAHR;Jahr;1998;DINSG;Deutschland insgesamt;DG;Deutschland;FRUA03;Fruchtarten;FRUART031;Kartoffeln;11337580;t;ERN001;Erntemenge
41241;Ernte-u.Betriebsbericht: Feldfrüchte und Grünland;JAHR;Jahr;1972;DINSG;Deutschland insgesamt;DG;Deutschland;FRUA03;Fruchtarten;FRUART067;Lupinen;.;t;ERN001;Erntemenge
41241;Ernte-u.Betriebsbericht: Feldfrüchte und Grünland;JAHR;Jahr;1955;DINSG;Deutschland insgesamt;DG;Deutschland;FRUA03;Fruchtarten;FRUART022;Ackerbohnen;34155;t;ERN001;Erntemenge
41241;Ernte-u.Betriebsbericht: Feldfrüchte und Grünland;JAHR;Jahr;2006;DINSG;Deutschland insgesamt;DG;Deutschland;FRUA03;Fruchtarten;FRUART061;Klee, Kleegras und Klee-Luzerne-Gemisch;1753900;t;ERN001;Erntemenge
41241;Ernte-u.Betriebsbericht: Feldfrüchte und Grünland;JAHR;Jahr;2005;DINSG;Deutschland insgesamt;DG;Deutschland;FRUA03;Fruchtarten;FRUART031;Kartoffeln;11624200;t;ERN001;Erntemenge
41241;Ernte-u.Betriebsbericht: Feldfrüchte und Grünland;JAHR;Jahr;1965;DINSG;Deutschland insgesamt;DG;Deutschland;FRUA03;Fruchtarten;FRUART05112;Sommerraps, Winter- und Sommerrübsen;11606;t;ERN001;Erntemenge
41241;Ernte-u.Betriebsbericht: Feldfrüchte und Grünland;JAHR;Jahr;1986;DINSG;Deutschland insgesamt;DG;Deutschland;FRUA03;Fruchtarten;FRUART022;Ackerbohnen;106415;t;ERN001;Erntemenge
41241;Ernte-u.Betriebsbericht: Feldfrüchte und Grünland;JAHR;Jahr;2000;DINSG;Deutschland insgesamt;DG;Deutschland;FRUA03;Fruchtarten;FRUART061;Klee, Kleegras und Klee-Luzerne-Gemisch;1689830;t;ERN001;Erntemenge
41241;Ernte-u.Betriebsbericht: Feldfrüchte und Grünland;JAHR;Jahr;1959;DINSG;Deutschland insgesamt;DG;Deutschland;FRUA03;Fruchtarten;FRUART01112;Sommerweizen;375837;t;ERN001;Erntemenge
41241;Ernte-u.Betriebsbericht: Feldfrüchte und Grünland;JAHR;Jahr;1956;DINSG;Deutschland insgesamt;DG;Deutschland;FRUA03;Fruchtarten;FRUART013CCM;Körnermais (einschl. CCM);20404;t;ERN001;Erntemenge
41241;Ernte-u.Betriebsbericht: Feldfrüchte und Grünland;JAHR;Jahr;1976;DINSG;Deutschland insgesamt;DG;Deutschland;FRUA03;Fruchtarten;FRUART0122;Hafer;2497285;t;ERN001;Erntemenge
41241;Ernte-u.Betriebsbericht: Feldfrüchte und Grünland;JAHR;Jahr;1998;DINSG;Deutschland insgesamt;DG;Deutschland;FRUA03;Fruchtarten;FRUART062;Luzerne;310898;t;ERN001;Erntemenge
41241;Ernte-u.Betriebsbericht: Feldfrüchte und Grünland;JAHR;Jahr;1993;DINSG;Deutschland insgesamt;DG;Deutschland;FRUA03;Fruchtarten;FRUART05111;Winterraps;2734896;t;ERN001;Erntemenge
41241;Ernte-u.Betriebsbericht: Feldfrüchte und Grünland;JAHR;Jahr;1989;DINSG;Deutschland insgesamt;DG;Deutschland;FRUA03;Fruchtarten;FRUART05112;Sommerraps, Winter- und Sommerrübsen;25244;t;ERN001;Erntemenge
41241;Ernte-u.Betriebsbericht: Feldfrüchte und Grünland;JAHR;Jahr;1963;DINSG;Deutschland insgesamt;DG;Deutschland;FRUA03;Fruchtarten;FRUART021;Futtererbsen;.;t;ERN001;Erntemenge
41241;Ernte-u.Betriebsbericht: Feldfrüchte und Grünland;JAHR;Jahr;1992;DINSG;Deutschland insgesamt;DG;Deutschland;FRUA03;Fruchtarten;KULART01421;Mähweiden;11610902;t;ERN001;Erntemenge
41241;Ernte-u.Betriebsbericht: Feldfrüchte und Grünland;JAHR;Jahr;1950;DINSG;Deutschland insgesamt;DG;Deutschland;FRUA03;Fruchtarten;FRUART061;Klee, Kleegras und Klee-Luzerne-Gemisch;5228268;t;ERN001;Erntemenge
41241;Ernte-u.Betriebsbericht: Feldfrüchte und Grünland;JAHR;Jahr;1997;DINSG;Deutschland insgesamt;DG;Deutschland;FRUA03;Fruchtarten;FRUART032;Zuckerrüben;25768883;t;ERN001;Erntemenge
41241;Ernte-u.Betriebsbericht: Feldfrüchte und Grünland;JAHR;Jahr;2003;DINSG;Deutschland insgesamt;DG;Deutschland;FRUA03;Fruchtarten;FRUART063;Feldgras/Grasanbau auf dem Ackerland;1272558;t;ERN001;Erntemenge
41241;Ernte-u.Betriebsbericht: Feldfrüchte und Grünland;JAHR;Jahr;1972;DINSG;Deutschland insgesamt;DG;Deutschland;FRUA03;Fruchtarten;FRUART032;Zuckerrüben;14655759;t;ERN001;Erntemenge
41241;Ernte-u.Betriebsbericht: Feldfrüchte und Grünland;JAHR;Jahr;1973;DINSG;Deutschland insgesamt;DG;Deutschland;FRUA03;Fruchtarten;FRUART062;Luzerne;.;t;ERN001;Erntemenge
41241;Ernte-u.Betriebsbericht: Feldfrüchte und Grünland;JAHR;Jahr;2002;DINSG;Deutschland insgesamt;DG;Deutschland;FRUA03;Fruchtarten;FRUART033;Runkelrüben;721202;t;ERN001;Erntemenge
41241;Ernte-u.Betriebsbericht: Feldfrüchte und Grünland;JAHR;Jahr;1990;DINSG;Deutschland insgesamt;DG;Deutschland;FRUA03;Fruchtarten;FRUART031MUS;Mittelfrühe und späte Kartoffeln;13171568;t;ERN001;Erntemenge
41241;Ernte-u.Betriebsbericht: Feldfrüchte und Grünland;JAHR;Jahr;1982;DINSG;Deutschland insgesamt;DG;Deutschland;FRUA03;Fruchtarten;FRUART0111;Weizen;8631608;t;ERN001;Erntemenge
41241;Ernte-u.Betriebsbericht: Feldfrüchte und Grünland;JAHR;Jahr;2002;DINSG;Deutschland insgesamt;DG;Deutschland;FRUA03;Fruchtarten;FRUART01112;Sommerweizen;248666;t;ERN001;Erntemenge
41241;Ernte-u.Betriebsbericht: Feldfrüchte und Grünland;JAHR;Jahr;1988;DINSG;Deutschland insgesamt;DG;Deutschland;FRUA03;Fruchtarten;KULART01411;Wiesen;.;t;ERN001;Erntemenge
41241;Ernte-u.Betriebsbericht: Feldfrüchte und Grünland;JAHR;Jahr;2008;DINSG;Deutschland insgesamt;DG;Deutschland;FRUA03;Fruchtarten;FRUART01OKM;Getreide (ohne Körnermais und CCM);44999000;t;ERN001;Erntemenge
41241;Ernte-u.Betriebsbericht: Feldfrüchte und Grünland;JAHR;Jahr;1971;DINSG;Deutschland insgesamt;DG;Deutschland;FRUA03;Fruchtarten;KULART01421;Mähweiden;.;t;ERN001;Erntemenge
41241;Ernte-u.Betriebsbericht: Feldfrüchte und Grünland;JAHR;Jahr;1968;DINSG;Deutschland insgesamt;DG;Deutschland;FRUA03;Fruchtarten;FRUART0123;Sommermenggetreide;1369462;t;ERN001;Erntemenge
41241;Ernte-u.Betriebsbericht: Feldfrüchte und Grünland;JAHR;Jahr;2009;DINSG;Deutschland insgesamt;DG;Deutschland;FRUA03;Fruchtarten;KULART01411;Wiesen;14287700;t;ERN001;Erntemenge
41241;Ernte-u.Betriebsbericht: Feldfrüchte und Grünland;JAHR;Jahr;1953;DINSG;Deutschland insgesamt;DG;Deutschland;FRUA03;Fruchtarten;FRUART0513;Körnersonnenblumen;.;t;ERN001;Erntemenge
41241;Ernte-u.Betriebsbericht: Feldfrüchte und Grünland;JAHR;Jahr;1952;DINSG;Deutschland insgesamt;DG;Deutschland;FRUA03;Fruchtarten;FRUART0111;Weizen;3312897;t;ERN001;Erntemenge
41241;Ernte-u.Betriebsbericht: Feldfrüchte und Grünland;JAHR;Jahr;1997;DINSG;Deutschland insgesamt;DG;Deutschland;FRUA03;Fruchtarten;FRUART067;Lupinen;.;t;ERN001;Erntemenge
41241;Ernte-u.Betriebsbericht: Feldfrüchte und Grünland;JAHR;Jahr;1998;DINSG;Deutschland insgesamt;DG;Deutschland;FRUA03;Fruchtarten;FRUART01211;Wintergerste;9203161;t;ERN001;Erntemenge
41241;Ernte-u.Betriebsbericht: Feldfrüchte und Grünland;JAHR;Jahr;1991;DINSG;Deutschland insgesamt;DG;Deutschland;FRUA03;Fruchtarten;FRUART0112;Roggen;3323460;t;ERN001;Erntemenge
41241;Ernte-u.Betriebsbericht: Feldfrüchte und Grünland;JAHR;Jahr;1969;DINSG;Deutschland insgesamt;DG;Deutschland;FRUA03;Fruchtarten;KULART0141S;Wiesen und Mähweiden;23596810;t;ERN001;Erntemenge
41241;Ernte-u.Betriebsbericht: Feldfrüchte und Grünland;JAHR;Jahr;1998;DINSG;Deutschland insgesamt;DG;Deutschland;FRUA03;Fruchtarten;FRUART01113;Hartweizen (Durum);59962;t;ERN001;Erntemenge
41241;Ernte-u.Betriebsbericht: Feldfrüchte und Grünland;JAHR;Jahr;1976;DINSG;Deutschland insgesamt;DG;Deutschland;FRUA03;Fruchtarten;FRUART064;Silomais (einschl. Lieschkolbenschrot);17088736;t;ERN001;Erntemenge
41241;Ernte-u.Betriebsbericht: Feldfrüchte und Grünland;JAHR;Jahr;1974;DINSG;Deutschland insgesamt;DG;Deutschland;FRUA03;Fruchtarten;FRUART01211;Wintergerste;3359041;t;ERN001;Erntemenge
41241;Ernte-u.Betriebsbericht: Feldfrüchte und Grünland;JAHR;Jahr;1960;DINSG;Deutschland insgesamt;DG;Deutschland;FRUA03;Fruchtarten;FRUART0121;Gerste;3221208;t;ERN001;Erntemenge
41241;Ernte-u.Betriebsbericht: Feldfrüchte und Grünland;JAHR;Jahr;1952;DINSG;Deutschland insgesamt;DG;Deutschland;FRUA03;Fruchtarten;FRUART011;Brotgetreide;6629199;t;ERN001;Erntemenge
41241;Ernte-u.Betriebsbericht: Feldfrüchte und Grünland;JAHR;Jahr;1972;DINSG;Deutschland insgesamt;DG;Deutschland;FRUA03;Fruchtarten;FRUART01EKM;Getreide (einschl. Körnermais und CCM);20243304;t;ERN001;Erntemenge
41241;Ernte-u.Betriebsbericht: Feldfrüchte und Grünland;JAHR;Jahr;1990;DINSG;Deutschland insgesamt;DG;Deutschland;FRUA03;Fruchtarten;FRUART033;Runkelrüben;7313626;t;ERN001;Erntemenge
41241;Ernte-u.Betriebsbericht: Feldfrüchte und Grünland;JAHR;Jahr;1952;DINSG;Deutschland insgesamt;DG;Deutschland;FRUA03;Fruchtarten;FRUART013CCM;Körnermais (einschl. CCM);16557;t;ERN001;Erntemenge
41241;Ernte-u.Betriebsbericht: Feldfrüchte und Grünland;JAHR;Jahr;1953;DINSG;Deutschland insgesamt;DG;Deutschland;FRUA03;Fruchtarten;FRUART05111;Winterraps;26610;t;ERN001;Erntemenge
41241;Ernte-u.Betriebsbericht: Feldfrüchte und Grünland;JAHR;Jahr;1974;DINSG;Deutschland insgesamt;DG;Deutschland;FRUA03;Fruchtarten;FRUART01113;Hartweizen (Durum);.;t;ERN001;Erntemenge
41241;Ernte-u.Betriebsbericht: Feldfrüchte und Grünland;JAHR;Jahr;1973;DINSG;Deutschland insgesamt;DG;Deutschland;FRUA03;Fruchtarten;FRUART0121;Gerste;6622061;t;ERN001;Erntemenge
41241;Ernte-u.Betriebsbericht: Feldfrüchte und Grünland;JAHR;Jahr;1952;DINSG;Deutschland insgesamt;DG;Deutschland;FRUA03;Fruchtarten;FRUART0124;Triticale;.;t;ERN001;Erntemenge
41241;Ernte-u.Betriebsbericht: Feldfrüchte und Grünland;JAHR;Jahr;1980;DINSG;Deutschland insgesamt;DG;Deutschland;FRUA03;Fruchtarten;FRUART062;Luzerne;.;t;ERN001;Erntemenge
41241;Ernte-u.Betriebsbericht: Feldfrüchte und Grünland;JAHR;Jahr;1968;DINSG;Deutschland insgesamt;DG;Deutschland;FRUA03;Fruchtarten;FRUART061;Klee, Kleegras und Klee-Luzerne-Gemisch;3498413;t;ERN001;Erntemenge
41241;Ernte-u.Betriebsbericht: Feldfrüchte und Grünland;JAHR;Jahr;1994;DINSG;Deutschland insgesamt;DG;Deutschland;FRUA03;Fruchtarten;FRUART065;Raufutter;36963059;t;ERN001;Erntemenge
41241;Ernte-u.Betriebsbericht: Feldfrüchte und Grünland;JAHR;Jahr;1983;DINSG;Deutschland insgesamt;DG;Deutschland;FRUA03;Fruchtarten;FRUART0113;Wintermenggetreide;47193;t;ERN001;Erntemenge
41241;Ernte-u.Betriebsbericht: Feldfrüchte und Grünland;JAHR;Jahr;1977;DINSG;Deutschland insgesamt;DG;Deutschland;FRUA03;Fruchtarten;FRUART0124;Triticale;.;t;ERN001;Erntemenge
41241;Ernte-u.Betriebsbericht: Feldfrüchte und Grünland;JAHR;Jahr;1998;DINSG;Deutschland insgesamt;DG;Deutschland;FRUA03;Fruchtarten;FRUART0112;Roggen;4774799;t;ERN001;Erntemenge
41241;Ernte-u.Betriebsbericht: Feldfrüchte und Grünland;JAHR;Jahr;1996;DINSG;Deutschland insgesamt;DG;Deutschland;FRUA03;Fruchtarten;FRUART05111;Winterraps;1835676;t;ERN001;Erntemenge
41241;Ernte-u.Betriebsbericht: Feldfrüchte und Grünland;JAHR;Jahr;1969;DINSG;Deutschland insgesamt;DG;Deutschland;FRUA03;Fruchtarten;FRUART01111W;Weichweizen;.;t;ERN001;Erntemenge
41241;Ernte-u.Betriebsbericht: Feldfrüchte und Grünland;JAHR;Jahr;1956;DINSG;Deutschland insgesamt;DG;Deutschland;FRUA03;Fruchtarten;FRUART065;Raufutter;25279740;t;ERN001;Erntemenge
41241;Ernte-u.Betriebsbericht: Feldfrüchte und Grünland;JAHR;Jahr;2005;DINSG;Deutschland insgesamt;DG;Deutschland;FRUA03;Fruchtarten;FRUART01OKM;Getreide (ohne Körnermais und CCM);41897500;t;ERN001;Erntemenge
41241;Ernte-u.Betriebsbericht: Feldfrüchte und Grünland;JAHR;Jahr;1967;DINSG;Deutschland insgesamt;DG;Deutschland;FRUA03;Fruchtarten;FRUART01212;Sommergerste;3014036;t;ERN001;Erntemenge
41241;Ernte-u.Betriebsbericht: Feldfrüchte und Grünland;JAHR;Jahr;1952;DINSG;Deutschland insgesamt;DG;Deutschland;FRUA03;Fruchtarten;KULART01421;Mähweiden;.;t;ERN001;Erntemenge
41241;Ernte-u.Betriebsbericht: Feldfrüchte und Grünland;JAHR;Jahr;1951;DINSG;Deutschland insgesamt;DG;Deutschland;FRUA03;Fruchtarten;FRUART01111W;Weichweizen;.;t;ERN001;Erntemenge
41241;Ernte-u.Betriebsbericht: Feldfrüchte und Grünland;JAHR;Jahr;1993;DINSG;Deutschland insgesamt;DG;Deutschland;FRUA03;Fruchtarten;FRUART01111;Winterweizen;15392859;t;ERN001;Erntemenge
41241;Ernte-u.Betriebsbericht: Feldfrüchte und Grünland;JAHR;Jahr;2002;DINSG;Deutschland insgesamt;DG;Deutschland;FRUA03;Fruchtarten;FRUART011;Brotgetreide;24534305;t;ERN001;Erntemenge
41241;Ernte-u.Betriebsbericht: Feldfrüchte und Grünland;JAHR;Jahr;2006;DINSG;Deutschland insgesamt;DG;Deutschland;FRUA03;Fruchtarten;FRUART0511;Raps und Rübsen;5336500;t;ERN001;Erntemenge
41241;Ernte-u.Betriebsbericht: Feldfrüchte und Grünland;JAHR;Jahr;1972;DINSG;Deutschland insgesamt;DG;Deutschland;FRUA03;Fruchtarten;FRUART05111;Winterraps;231253;t;ERN001;Erntemenge
41241;Ernte-u.Betriebsbericht: Feldfrüchte und Grünland;JAHR;Jahr;1979;DINSG;Deutschland insgesamt;DG;Deutschland;FRUA03;Fruchtarten;FRUART031;Kartoffeln;8715649;t;ERN001;Erntemenge
41241;Ernte-u.Betriebsbericht: Feldfrüchte und Grünland;JAHR;Jahr;2008;DINSG;Deutschland insgesamt;DG;Deutschland;FRUA03;Fruchtarten;FRUART0123;Sommermenggetreide;71100;t;ERN001;Erntemenge
41241;Ernte-u.Betriebsbericht: Feldfrüchte und Grünland;JAHR;Jahr;1961;DINSG;Deutschland insgesamt;DG;Deutschland;FRUA03;Fruchtarten;FRUART0123;Sommermenggetreide;1052677;t;ERN001;Erntemenge
41241;Ernte-u.Betriebsbericht: Feldfrüchte und Grünland;JAHR;Jahr;1967;DINSG;Deutschland insgesamt;DG;Deutschland;FRUA03;Fruchtarten;FRUART031;Kartoffeln;21293532;t;ERN001;Erntemenge
41241;Ernte-u.Betriebsbericht: Feldfrüchte und Grünland;JAHR;Jahr;1982;DINSG;Deutschland insgesamt;DG;Deutschland;FRUA03;Fruchtarten;FRUART012;Futter- und Industriegetreide;13236432;t;ERN001;Erntemenge
41241;Ernte-u.Betriebsbericht: Feldfrüchte und Grünland;JAHR;Jahr;1989;DINSG;Deutschland insgesamt;DG;Deutschland;FRUA03;Fruchtarten;FRUART031FSK;Frühe Speisekartoffeln;584952;t;ERN001;Erntemenge
41241;Ernte-u.Betriebsbericht: Feldfrüchte und Grünland;JAHR;Jahr;1953;DINSG;Deutschland insgesamt;DG;Deutschland;FRUA03;Fruchtarten;FRUART063;Feldgras/Grasanbau auf dem Ackerland;842154;t;ERN001;Erntemenge
41241;Ernte-u.Betriebsbericht: Feldfrüchte und Grünland;JAHR;Jahr;2000;DINSG;Deutschland insgesamt;DG;Deutschland;FRUA03;Fruchtarten;FRUART0121;Gerste;12105820;t;ERN001;Erntemenge
41241;Ernte-u.Betriebsbericht: Feldfrüchte und Grünland;JAHR;Jahr;1980;DINSG;Deutschland insgesamt;DG;Deutschland;FRUA03;Fruchtarten;KULART01411;Wiesen;.;t;ERN001;Erntemenge
41241;Ernte-u.Betriebsbericht: Feldfrüchte und Grünland;JAHR;Jahr;1962;DINSG;Deutschland insgesamt;DG;Deutschland;FRUA03;Fruchtarten;FRUART031FSK;Frühe Speisekartoffeln;1021713;t;ERN001;Erntemenge
41241;Ernte-u.Betriebsbericht: Feldfrüchte und Grünland;JAHR;Jahr;1991;DINSG;Deutschland insgesamt;DG;Deutschland;FRUA03;Fruchtarten;FRUART063;Feldgras/Grasanbau auf dem Ackerland;2012006;t;ERN001;Erntemenge
41241;Ernte-u.Betriebsbericht: Feldfrüchte und Grünland;JAHR;Jahr;2006;DINSG;Deutschland insgesamt;DG;Deutschland;FRUA03;Fruchtarten;FRUART021;Futtererbsen;287700;t;ERN001;Erntemenge
41241;Ernte-u.Betriebsbericht: Feldfrüchte und Grünland;JAHR;Jahr;1958;DINSG;Deutschland insgesamt;DG;Deutschland;FRUA03;Fruchtarten;FRUART01211;Wintergerste;631771;t;ERN001;Erntemenge
41241;Ernte-u.Betriebsbericht: Feldfrüchte und Grünland;JAHR;Jahr;1952;DINSG;Deutschland insgesamt;DG;Deutschland;FRUA03;Fruchtarten;FRUART033;Runkelrüben;18629221;t;ERN001;Erntemenge
41241;Ernte-u.Betriebsbericht: Feldfrüchte und Grünland;JAHR;Jahr;1988;DINSG;Deutschland insgesamt;DG;Deutschland;FRUA03;Fruchtarten;KULART0141S;Wiesen und Mähweiden;27846733;t;ERN001;Erntemenge
41241;Ernte-u.Betriebsbericht: Feldfrüchte und Grünland;JAHR;Jahr;2004;DINSG;Deutschland insgesamt;DG;Deutschland;FRUA03;Fruchtarten;KULART01411;Wiesen;14952918;t;ERN001;Erntemenge
41241;Ernte-u.Betriebsbericht: Feldfrüchte und Grünland;JAHR;Jahr;1976;DINSG;Deutschland insgesamt;DG;Deutschland;FRUA03;Fruchtarten;FRUART01OKM;Getreide (ohne Körnermais und CCM);18653882;t;ERN001;Erntemenge
41241;Ernte-u.Betriebsbericht: Feldfrüchte und Grünland;JAHR;Jahr;1986;DINSG;Deutschland insgesamt;DG;Deutschland;FRUA03;Fruchtarten;FRUART01112;Sommerweizen;452582;t;ERN001;Erntemenge
41241;Ernte-u.Betriebsbericht: Feldfrüchte und Grünland;JAHR;Jahr;1989;DINSG;Deutschland insgesamt;DG;Deutschland;FRUA03;Fruchtarten;FRUART011;Brotgetreide;12877615;t;ERN001;Erntemenge
41241;Ernte-u.Betriebsbericht: Feldfrüchte und Grünland;JAHR;Jahr;2009;DINSG;Deutschland insgesamt;DG;Deutschland;FRUA03;Fruchtarten;KULART0141S;Wiesen und Mähweiden;32313700;t;ERN001;Erntemenge
41241;Ernte-u.Betriebsbericht: Feldfrüchte und Grünland;JAHR;Jahr;1962;DINSG;Deutschland insgesamt;DG;Deutschland;FRUA03;Fruchtarten;FRUART01112;Sommerweizen;907645;t;ERN001;Erntemenge
41241;Ernte-u.Betriebsbericht: Feldfrüchte und Grünland;JAHR;Jahr;1992;DINSG;Deutschland insgesamt;DG;Deutschland;FRUA03;Fruchtarten;FRUART013CCM;Körnermais (einschl. CCM);2139031;t;ERN001;Erntemenge
41241;Ernte-u.Betriebsbericht: Feldfrüchte und Grünland;JAHR;Jahr;1981;DINSG;Deutschland insgesamt;DG;Deutschland;FRUA03;Fruchtarten;FRUART01111W;Weichweizen;.;t;ERN001;Erntemenge
41241;Ernte-u.Betriebsbericht: Feldfrüchte und Grünland;JAHR;Jahr;1952;DINSG;Deutschland insgesamt;DG;Deutschland;FRUA03;Fruchtarten;FRUART01OKM;Getreide (ohne Körnermais und CCM);11546065;t;ERN001;Erntemenge
41241;Ernte-u.Betriebsbericht: Feldfrüchte und Grünland;JAHR;Jahr;1961;DINSG;Deutschland insgesamt;DG;Deutschland;FRUA03;Fruchtarten;FRUART062;Luzerne;.;t;ERN001;Erntemenge
41241;Ernte-u.Betriebsbericht: Feldfrüchte und Grünland;JAHR;Jahr;1960;DINSG;Deutschland insgesamt;DG;Deutschland;FRUA03;Fruchtarten;FRUART032;Zuckerrüben;12324795;t;ERN001;Erntemenge
41241;Ernte-u.Betriebsbericht: Feldfrüchte und Grünland;JAHR;Jahr;1975;DINSG;Deutschland insgesamt;DG;Deutschland;FRUA03;Fruchtarten;FRUART021;Futtererbsen;.;t;ERN001;Erntemenge
41241;Ernte-u.Betriebsbericht: Feldfrüchte und Grünland;JAHR;Jahr;1968;DINSG;Deutschland insgesamt;DG;Deutschland;FRUA03;Fruchtarten;FRUART01OKM;Getreide (ohne Körnermais und CCM);18782101;t;ERN001;Erntemenge
41241;Ernte-u.Betriebsbericht: Feldfrüchte und Grünland;JAHR;Jahr;1955;DINSG;Deutschland insgesamt;DG;Deutschland;FRUA03;Fruchtarten;FRUART01111W;Weichweizen;.;t;ERN001;Erntemenge
41241;Ernte-u.Betriebsbericht: Feldfrüchte und Grünland;JAHR;Jahr;1958;DINSG;Deutschland insgesamt;DG;Deutschland;FRUA03;Fruchtarten;FRUART0124;Triticale;.;t;ERN001;Erntemenge
41241;Ernte-u.Betriebsbericht: Feldfrüchte und Grünland;JAHR;Jahr;2005;DINSG;Deutschland insgesamt;DG;Deutschland;FRUA03;Fruchtarten;FRUART022;Ackerbohnen;59600;t;ERN001;Erntemenge
41241;Ernte-u.Betriebsbericht: Feldfrüchte und Grünland;JAHR;Jahr;1990;DINSG;Deutschland insgesamt;DG;Deutschland;FRUA03;Fruchtarten;FRUART064;Silomais (einschl. Lieschkolbenschrot);55222103;t;ERN001;Erntemenge
41241;Ernte-u.Betriebsbericht: Feldfrüchte und Grünland;JAHR;Jahr;2005;DINSG;Deutschland insgesamt;DG;Deutschland;FRUA03;Fruchtarten;FRUART05112;Sommerraps, Winter- und Sommerrübsen;46700;t;ERN001;Erntemenge
41241;Ernte-u.Betriebsbericht: Feldfrüchte und Grünland;JAHR;Jahr;1951;DINSG;Deutschland insgesamt;DG;Deutschland;FRUA03;Fruchtarten;FRUART0122;Hafer;2863748;t;ERN001;Erntemenge
41241;Ernte-u.Betriebsbericht: Feldfrüchte und Grünland;JAHR;Jahr;1983;DINSG;Deutschland insgesamt;DG;Deutschland;FRUA03;Fruchtarten;FRUART064;Silomais (einschl. Lieschkolbenschrot);33416394;t;ERN001;Erntemenge
41241;Ernte-u.Betriebsbericht: Feldfrüchte und Grünland;JAHR;Jahr;1978;DINSG;Deutschland insgesamt;DG;Deutschland;FRUA03;Fruchtarten;FRUART01112;Sommerweizen;728922;t;ERN001;Erntemenge
41241;Ernte-u.Betriebsbericht: Feldfrüchte und Grünland;JAHR;Jahr;1954;DINSG;Deutschland insgesamt;DG;Deutschland;FRUA03;Fruchtarten;FRUART031MUS;Mittelfrühe und späte Kartoffeln;25860444;t;ERN001;Erntemenge
41241;Ernte-u.Betriebsbericht: Feldfrüchte und Grünland;JAHR;Jahr;1964;DINSG;Deutschland insgesamt;DG;Deutschland;FRUA03;Fruchtarten;FRUART0124;Triticale;.;t;ERN001;Erntemenge
41241;Ernte-u.Betriebsbericht: Feldfrüchte und Grünland;JAHR;Jahr;1969;DINSG;Deutschland insgesamt;DG;Deutschland;FRUA03;Fruchtarten;FRUART05111;Winterraps;141432;t;ERN001;Erntemenge
41241;Ernte-u.Betriebsbericht: Feldfrüchte und Grünland;JAHR;Jahr;1960;DINSG;Deutschland insgesamt;DG;Deutschland;FRUA03;Fruchtarten;FRUART01OKM;Getreide (ohne Körnermais und CCM);15511728;t;ERN001;Erntemenge
41241;Ernte-u.Betriebsbericht: Feldfrüchte und Grünland;JAHR;Jahr;2004;DINSG;Deutschland insgesamt;DG;Deutschland;FRUA03;Fruchtarten;FRUART01EKM;Getreide (einschl. Körnermais und CCM);51097001;t;ERN001;Erntemenge
41241;Ernte-u.Betriebsbericht: Feldfrüchte und Grünland;JAHR;Jahr;2001;DINSG;Deutschland insgesamt;DG;Deutschland;FRUA03;Fruchtarten;FRUART0123;Sommermenggetreide;118645;t;ERN001;Erntemenge
41241;Ernte-u.Betriebsbericht: Feldfrüchte und Grünland;JAHR;Jahr;1964;DINSG;Deutschland insgesamt;DG;Deutschland;FRUA03;Fruchtarten;FRUART064;Silomais (einschl. Lieschkolbenschrot);1855152;t;ERN001;Erntemenge
41241;Ernte-u.Betriebsbericht: Feldfrüchte und Grünland;JAHR;Jahr;1998;DINSG;Deutschland insgesamt;DG;Deutschland;FRUA03;Fruchtarten;FRUART0121;Gerste;12512262;t;ERN001;Erntemenge
41241;Ernte-u.Betriebsbericht: Feldfrüchte und Grünland;JAHR;Jahr;1989;DINSG;Deutschland insgesamt;DG;Deutschland;FRUA03;Fruchtarten;FRUART033;Runkelrüben;6569687;t;ERN001;Erntemenge
41241;Ernte-u.Betriebsbericht: Feldfrüchte und Grünland;JAHR;Jahr;1956;DINSG;Deutschland insgesamt;DG;Deutschland;FRUA03;Fruchtarten;KULART0141S;Wiesen und Mähweiden;19822789;t;ERN001;Erntemenge
41241;Ernte-u.Betriebsbericht: Feldfrüchte und Grünland;JAHR;Jahr;1995;DINSG;Deutschland insgesamt;DG;Deutschland;FRUA03;Fruchtarten;FRUART0111;Weizen;17763312;t;ERN001;Erntemenge
41241;Ernte-u.Betriebsbericht: Feldfrüchte und Grünland;JAHR;Jahr;2009;DINSG;Deutschland insgesamt;DG;Deutschland;FRUA03;Fruchtarten;FRUART032;Zuckerrüben;25919000;t;ERN001;Erntemenge
41241;Ernte-u.Betriebsbericht: Feldfrüchte und Grünland;JAHR;Jahr;1957;DINSG;Deutschland insgesamt;DG;Deutschland;FRUA03;Fruchtarten;FRUART064;Silomais (einschl. Lieschkolbenschrot);1637000;t;ERN001;Erntemenge
41241;Ernte-u.Betriebsbericht: Feldfrüchte und Grünland;JAHR;Jahr;1971;DINSG;Deutschland insgesamt;DG;Deutschland;FRUA03;Fruchtarten;FRUART011;Brotgetreide;10330090;t;ERN001;Erntemenge
41241;Ernte-u.Betriebsbericht: Feldfrüchte und Grünland;JAHR;Jahr;1992;DINSG;Deutschland insgesamt;DG;Deutschland;FRUA03;Fruchtarten;FRUART01OKM;Getreide (ohne Körnermais und CCM);32619431;t;ERN001;Erntemenge
41241;Ernte-u.Betriebsbericht: Feldfrüchte und Grünland;JAHR;Jahr;1995;DINSG;Deutschland insgesamt;DG;Deutschland;FRUA03;Fruchtarten;FRUART0124;Triticale;1643162;t;ERN001;Erntemenge
41241;Ernte-u.Betriebsbericht: Feldfrüchte und Grünland;JAHR;Jahr;2007;DINSG;Deutschland insgesamt;DG;Deutschland;FRUA03;Fruchtarten;FRUART0121;Gerste;10384218;t;ERN001;Erntemenge
41241;Ernte-u.Betriebsbericht: Feldfrüchte und Grünland;JAHR;Jahr;1982;DINSG;Deutschland insgesamt;DG;Deutschland;FRUA03;Fruchtarten;FRUART021;Futtererbsen;.;t;ERN001;Erntemenge
41241;Ernte-u.Betriebsbericht: Feldfrüchte und Grünland;JAHR;Jahr;1967;DINSG;Deutschland insgesamt;DG;Deutschland;FRUA03;Fruchtarten;FRUART022;Ackerbohnen;81294;t;ERN001;Erntemenge
41241;Ernte-u.Betriebsbericht: Feldfrüchte und Grünland;JAHR;Jahr;1950;DINSG;Deutschland insgesamt;DG;Deutschland;FRUA03;Fruchtarten;FRUART01111;Winterweizen;2477847;t;ERN001;Erntemenge
41241;Ernte-u.Betriebsbericht: Feldfrüchte und Grünland;JAHR;Jahr;2009;DINSG;Deutschland insgesamt;DG;Deutschland;FRUA03;Fruchtarten;FRUART067;Lupinen;.;t;ERN001;Erntemenge
41241;Ernte-u.Betriebsbericht: Feldfrüchte und Grünland;JAHR;Jahr;1980;DINSG;Deutschland insgesamt;DG;Deutschland;FRUA03;Fruchtarten;KULART0141S;Wiesen und Mähweiden;26268375;t;ERN001;Erntemenge
41241;Ernte-u.Betriebsbericht: Feldfrüchte und Grünland;JAHR;Jahr;1991;DINSG;Deutschland insgesamt;DG;Deutschland;FRUA03;Fruchtarten;FRUART0121;Gerste;14493757;t;ERN001;Erntemenge
41241;Ernte-u.Betriebsbericht: Feldfrüchte und Grünland;JAHR;Jahr;1967;DINSG;Deutschland insgesamt;DG;Deutschland;FRUA03;Fruchtarten;FRUART0121;Gerste;4734118;t;ERN001;Erntemenge
41241;Ernte-u.Betriebsbericht: Feldfrüchte und Grünland;JAHR;Jahr;1955;DINSG;Deutschland insgesamt;DG;Deutschland;FRUA03;Fruchtarten;FRUART0112;Roggen;3519528;t;ERN001;Erntemenge
41241;Ernte-u.Betriebsbericht: Feldfrüchte und Grünland;JAHR;Jahr;1956;DINSG;Deutschland insgesamt;DG;Deutschland;FRUA03;Fruchtarten;FRUART021;Futtererbsen;.;t;ERN001;Erntemenge
41241;Ernte-u.Betriebsbericht: Feldfrüchte und Grünland;JAHR;Jahr;1965;DINSG;Deutschland insgesamt;DG;Deutschland;FRUA03;Fruchtarten;FRUART01111W;Weichweizen;.;t;ERN001;Erntemenge
41241;Ernte-u.Betriebsbericht: Feldfrüchte und Grünland;JAHR;Jahr;1950;DINSG;Deutschland insgesamt;DG;Deutschland;FRUA03;Fruchtarten;FRUART031MUS;Mittelfrühe und späte Kartoffeln;26604055;t;ERN001;Erntemenge
41241;Ernte-u.Betriebsbericht: Feldfrüchte und Grünland;JAHR;Jahr;1996;DINSG;Deutschland insgesamt;DG;Deutschland;FRUA03;Fruchtarten;KULART0141S;Wiesen und Mähweiden;32396507;t;ERN001;Erntemenge
41241;Ernte-u.Betriebsbericht: Feldfrüchte und Grünland;JAHR;Jahr;1972;DINSG;Deutschland insgesamt;DG;Deutschland;FRUA03;Fruchtarten;FRUART013CCM;Körnermais (einschl. CCM);563780;t;ERN001;Erntemenge
41241;Ernte-u.Betriebsbericht: Feldfrüchte und Grünland;JAHR;Jahr;1986;DINSG;Deutschland insgesamt;DG;Deutschland;FRUA03;Fruchtarten;FRUART031;Kartoffeln;7390277;t;ERN001;Erntemenge
41241;Ernte-u.Betriebsbericht: Feldfrüchte und Grünland;JAHR;Jahr;1987;DINSG;Deutschland insgesamt;DG;Deutschland;FRUA03;Fruchtarten;FRUART061;Klee, Kleegras und Klee-Luzerne-Gemisch;1518443;t;ERN001;Erntemenge
41241;Ernte-u.Betriebsbericht: Feldfrüchte und Grünland;JAHR;Jahr;1966;DINSG;Deutschland insgesamt;DG;Deutschland;FRUA03;Fruchtarten;FRUART01111;Winterweizen;3869100;t;ERN001;Erntemenge
41241;Ernte-u.Betriebsbericht: Feldfrüchte und Grünland;JAHR;Jahr;1960;DINSG;Deutschland insgesamt;DG;Deutschland;FRUA03;Fruchtarten;FRUART067;Lupinen;.;t;ERN001;Erntemenge
41241;Ernte-u.Betriebsbericht: Feldfrüchte und Grünland;JAHR;Jahr;1963;DINSG;Deutschland insgesamt;DG;Deutschland;FRUA03;Fruchtarten;FRUART012;Futter- und Industriegetreide;7113011;t;ERN001;Erntemenge
41241;Ernte-u.Betriebsbericht: Feldfrüchte und Grünland;JAHR;Jahr;1989;DINSG;Deutschland insgesamt;DG;Deutschland;FRUA03;Fruchtarten;FRUART0111;Weizen;11032155;t;ERN001;Erntemenge
41241;Ernte-u.Betriebsbericht: Feldfrüchte und Grünland;JAHR;Jahr;2007;DINSG;Deutschland insgesamt;DG;Deutschland;FRUA03;Fruchtarten;FRUART01212;Sommergerste;2104552;t;ERN001;Erntemenge
41241;Ernte-u.Betriebsbericht: Feldfrüchte und Grünland;JAHR;Jahr;1972;DINSG;Deutschland insgesamt;DG;Deutschland;FRUA03;Fruchtarten;KULART0141S;Wiesen und Mähweiden;27444116;t;ERN001;Erntemenge
41241;Ernte-u.Betriebsbericht: Feldfrüchte und Grünland;JAHR;Jahr;2006;DINSG;Deutschland insgesamt;DG;Deutschland;FRUA03;Fruchtarten;FRUART065;Raufutter;36286500;t;ERN001;Erntemenge
41241;Ernte-u.Betriebsbericht: Feldfrüchte und Grünland;JAHR;Jahr;1971;DINSG;Deutschland insgesamt;DG;Deutschland;FRUA03;Fruchtarten;FRUART033;Runkelrüben;26599442;t;ERN001;Erntemenge
41241;Ernte-u.Betriebsbericht: Feldfrüchte und Grünland;JAHR;Jahr;1993;DINSG;Deutschland insgesamt;DG;Deutschland;FRUA03;Fruchtarten;FRUART022;Ackerbohnen;83197;t;ERN001;Erntemenge
41241;Ernte-u.Betriebsbericht: Feldfrüchte und Grünland;JAHR;Jahr;1970;DINSG;Deutschland insgesamt;DG;Deutschland;FRUA03;Fruchtarten;FRUART0124;Triticale;.;t;ERN001;Erntemenge
41241;Ernte-u.Betriebsbericht: Feldfrüchte und Grünland;JAHR;Jahr;2009;DINSG;Deutschland insgesamt;DG;Deutschland;FRUA03;Fruchtarten;FRUART05111;Winterraps;6288800;t;ERN001;Erntemenge
41241;Ernte-u.Betriebsbericht: Feldfrüchte und Grünland;JAHR;Jahr;1972;DINSG;Deutschland insgesamt;DG;Deutschland;FRUA03;Fruchtarten;FRUART063;Feldgras/Grasanbau auf dem Ackerland;965571;t;ERN001;Erntemenge
41241;Ernte-u.Betriebsbericht: Feldfrüchte und Grünland;JAHR;Jahr;1992;DINSG;Deutschland insgesamt;DG;Deutschland;FRUA03;Fruchtarten;FRUART031MUS;Mittelfrühe und späte Kartoffeln;10246807;t;ERN001;Erntemenge
41241;Ernte-u.Betriebsbericht: Feldfrüchte und Grünland;JAHR;Jahr;1979;DINSG;Deutschland insgesamt;DG;Deutschland;FRUA03;Fruchtarten;FRUART063;Feldgras/Grasanbau auf dem Ackerland;730690;t;ERN001;Erntemenge
41241;Ernte-u.Betriebsbericht: Feldfrüchte und Grünland;JAHR;Jahr;1997;DINSG;Deutschland insgesamt;DG;Deutschland;FRUA03;Fruchtarten;FRUART0112;Roggen;4580140;t;ERN001;Erntemenge
41241;Ernte-u.Betriebsbericht: Feldfrüchte und Grünland;JAHR;Jahr;1958;DINSG;Deutschland insgesamt;DG;Deutschland;FRUA03;Fruchtarten;FRUART01111;Winterweizen;3429322;t;ERN001;Erntemenge
41241;Ernte-u.Betriebsbericht: Feldfrüchte und Grünland;JAHR;Jahr;1950;DINSG;Deutschland insgesamt;DG;Deutschland;FRUA03;Fruchtarten;KULART0141S;Wiesen und Mähweiden;16325959;t;ERN001;Erntemenge
41241;Ernte-u.Betriebsbericht: Feldfrüchte und Grünland;JAHR;Jahr;1960;DINSG;Deutschland insgesamt;DG;Deutschland;FRUA03;Fruchtarten;FRUART011;Brotgetreide;9015556;t;ERN001;Erntemenge
41241;Ernte-u.Betriebsbericht: Feldfrüchte und Grünland;JAHR;Jahr;2009;DINSG;Deutschland insgesamt;DG;Deutschland;FRUA03;Fruchtarten;FRUART01112;Sommerweizen;208900;t;ERN001;Erntemenge
41241;Ernte-u.Betriebsbericht: Feldfrüchte und Grünland;JAHR;Jahr;1965;DINSG;Deutschland insgesamt;DG;Deutschland;FRUA03;Fruchtarten;FRUART062;Luzerne;.;t;ERN001;Erntemenge
41241;Ernte-u.Betriebsbericht: Feldfrüchte und Grünland;JAHR;Jahr;1966;DINSG;Deutschland insgesamt;DG;Deutschland;FRUA03;Fruchtarten;FRUART01212;Sommergerste;2598108;t;ERN001;Erntemenge
41241;Ernte-u.Betriebsbericht: Feldfrüchte und Grünland;JAHR;Jahr;1975;DINSG;Deutschland insgesamt;DG;Deutschland;FRUA03;Fruchtarten;FRUART0111;Weizen;7014025;t;ERN001;Erntemenge
41241;Ernte-u.Betriebsbericht: Feldfrüchte und Grünland;JAHR;Jahr;2005;DINSG;Deutschland insgesamt;DG;Deutschland;FRUA03;Fruchtarten;FRUART0513;Körnersonnenblumen;67100;t;ERN001;Erntemenge
41241;Ernte-u.Betriebsbericht: Feldfrüchte und Grünland;JAHR;Jahr;1951;DINSG;Deutschland insgesamt;DG;Deutschland;FRUA03;Fruchtarten;FRUART0511;Raps und Rübsen;86350;t;ERN001;Erntemenge
41241;Ernte-u.Betriebsbericht: Feldfrüchte und Grünland;JAHR;Jahr;1976;DINSG;Deutschland insgesamt;DG;Deutschland;FRUA03;Fruchtarten;FRUART01112;Sommerweizen;818531;t;ERN001;Erntemenge
41241;Ernte-u.Betriebsbericht: Feldfrüchte und Grünland;JAHR;Jahr;2006;DINSG;Deutschland insgesamt;DG;Deutschland;FRUA03;Fruchtarten;FRUART0121;Gerste;11966600;t;ERN001;Erntemenge
41241;Ernte-u.Betriebsbericht: Feldfrüchte und Grünland;JAHR;Jahr;2004;DINSG;Deutschland insgesamt;DG;Deutschland;FRUA03;Fruchtarten;FRUART01OKM;Getreide (ohne Körnermais und CCM);46897144;t;ERN001;Erntemenge
41241;Ernte-u.Betriebsbericht: Feldfrüchte und Grünland;JAHR;Jahr;1996;DINSG;Deutschland insgesamt;DG;Deutschland;FRUA03;Fruchtarten;FRUART067;Lupinen;.;t;ERN001;Erntemenge
41241;Ernte-u.Betriebsbericht: Feldfrüchte und Grünland;JAHR;Jahr;1994;DINSG;Deutschland insgesamt;DG;Deutschland;FRUA03;Fruchtarten;FRUART01211;Wintergerste;7534768;t;ERN001;Erntemenge
41241;Ernte-u.Betriebsbericht: Feldfrüchte und Grünland;JAHR;Jahr;1984;DINSG;Deutschland insgesamt;DG;Deutschland;FRUA03;Fruchtarten;FRUART0113;Wintermenggetreide;51968;t;ERN001;Erntemenge
41241;Ernte-u.Betriebsbericht: Feldfrüchte und Grünland;JAHR;Jahr;1956;DINSG;Deutschland insgesamt;DG;Deutschland;FRUA03;Fruchtarten;KULART01411;Wiesen;.;t;ERN001;Erntemenge
41241;Ernte-u.Betriebsbericht: Feldfrüchte und Grünland;JAHR;Jahr;1974;DINSG;Deutschland insgesamt;DG;Deutschland;FRUA03;Fruchtarten;FRUART012;Futter- und Industriegetreide;11706227;t;ERN001;Erntemenge
41241;Ernte-u.Betriebsbericht: Feldfrüchte und Grünland;JAHR;Jahr;1967;DINSG;Deutschland insgesamt;DG;Deutschland;FRUA03;Fruchtarten;FRUART0124;Triticale;.;t;ERN001;Erntemenge
41241;Ernte-u.Betriebsbericht: Feldfrüchte und Grünland;JAHR;Jahr;1960;DINSG;Deutschland insgesamt;DG;Deutschland;FRUA03;Fruchtarten;FRUART0513;Körnersonnenblumen;.;t;ERN001;Erntemenge
41241;Ernte-u.Betriebsbericht: Feldfrüchte und Grünland;JAHR;Jahr;1971;DINSG;Deutschland insgesamt;DG;Deutschland;FRUA03;Fruchtarten;FRUART01OKM;Getreide (ohne Körnermais und CCM);20351124;t;ERN001;Erntemenge
41241;Ernte-u.Betriebsbericht: Feldfrüchte und Grünland;JAHR;Jahr;1953;DINSG;Deutschland insgesamt;DG;Deutschland;FRUA03;Fruchtarten;FRUART033;Runkelrüben;23573364;t;ERN001;Erntemenge
41241;Ernte-u.Betriebsbericht: Feldfrüchte und Grünland;JAHR;Jahr;1971;DINSG;Deutschland insgesamt;DG;Deutschland;FRUA03;Fruchtarten;FRUART021;Futtererbsen;.;t;ERN001;Erntemenge
41241;Ernte-u.Betriebsbericht: Feldfrüchte und Grünland;JAHR;Jahr;2006;DINSG;Deutschland insgesamt;DG;Deutschland;FRUA03;Fruchtarten;FRUART01EKM;Getreide (einschl. Körnermais und CCM);43474800;t;ERN001;Erntemenge
41241;Ernte-u.Betriebsbericht: Feldfrüchte und Grünland;JAHR;Jahr;2006;DINSG;Deutschland insgesamt;DG;Deutschland;FRUA03;Fruchtarten;FRUART01211;Wintergerste;9451200;t;ERN001;Erntemenge
41241;Ernte-u.Betriebsbericht: Feldfrüchte und Grünland;JAHR;Jahr;1980;DINSG;Deutschland insgesamt;DG;Deutschland;FRUA03;Fruchtarten;FRUART01112;Sommerweizen;544308;t;ERN001;Erntemenge
41241;Ernte-u.Betriebsbericht: Feldfrüchte und Grünland;JAHR;Jahr;1994;DINSG;Deutschland insgesamt;DG;Deutschland;FRUA03;Fruchtarten;FRUART01113;Hartweizen (Durum);58102;t;ERN001;Erntemenge
41241;Ernte-u.Betriebsbericht: Feldfrüchte und Grünland;JAHR;Jahr;1973;DINSG;Deutschland insgesamt;DG;Deutschland;FRUA03;Fruchtarten;FRUART05112;Sommerraps, Winter- und Sommerrübsen;19707;t;ERN001;Erntemenge
41241;Ernte-u.Betriebsbericht: Feldfrüchte und Grünland;JAHR;Jahr;1951;DINSG;Deutschland insgesamt;DG;Deutschland;FRUA03;Fruchtarten;FRUART061;Klee, Kleegras und Klee-Luzerne-Gemisch;6878062;t;ERN001;Erntemenge
41241;Ernte-u.Betriebsbericht: Feldfrüchte und Grünland;JAHR;Jahr;2006;DINSG;Deutschland insgesamt;DG;Deutschland;FRUA03;Fruchtarten;FRUART01113;Hartweizen (Durum);62000;t;ERN001;Erntemenge
41241;Ernte-u.Betriebsbericht: Feldfrüchte und Grünland;JAHR;Jahr;1977;DINSG;Deutschland insgesamt;DG;Deutschland;FRUA03;Fruchtarten;FRUART031MUS;Mittelfrühe und späte Kartoffeln;10597119;t;ERN001;Erntemenge
41241;Ernte-u.Betriebsbericht: Feldfrüchte und Grünland;JAHR;Jahr;1973;DINSG;Deutschland insgesamt;DG;Deutschland;FRUA03;Fruchtarten;FRUART01EKM;Getreide (einschl. Körnermais und CCM);21177068;t;ERN001;Erntemenge
41241;Ernte-u.Betriebsbericht: Feldfrüchte und Grünland;JAHR;Jahr;2007;DINSG;Deutschland insgesamt;DG;Deutschland;FRUA03;Fruchtarten;FRUART0112;Roggen;2698282;t;ERN001;Erntemenge
41241;Ernte-u.Betriebsbericht: Feldfrüchte und Grünland;JAHR;Jahr;1988;DINSG;Deutschland insgesamt;DG;Deutschland;FRUA03;Fruchtarten;FRUART0121;Gerste;9587210;t;ERN001;Erntemenge
41241;Ernte-u.Betriebsbericht: Feldfrüchte und Grünland;JAHR;Jahr;1972;DINSG;Deutschland insgesamt;DG;Deutschland;FRUA03;Fruchtarten;FRUART062;Luzerne;.;t;ERN001;Erntemenge
41241;Ernte-u.Betriebsbericht: Feldfrüchte und Grünland;JAHR;Jahr;2004;DINSG;Deutschland insgesamt;DG;Deutschland;FRUA03;Fruchtarten;FRUART063;Feldgras/Grasanbau auf dem Ackerland;1896089;t;ERN001;Erntemenge
41241;Ernte-u.Betriebsbericht: Feldfrüchte und Grünland;JAHR;Jahr;1980;DINSG;Deutschland insgesamt;DG;Deutschland;FRUA03;Fruchtarten;FRUART05111;Winterraps;360156;t;ERN001;Erntemenge
41241;Ernte-u.Betriebsbericht: Feldfrüchte und Grünland;JAHR;Jahr;1987;DINSG;Deutschland insgesamt;DG;Deutschland;FRUA03;Fruchtarten;FRUART0513;Körnersonnenblumen;.;t;ERN001;Erntemenge
41241;Ernte-u.Betriebsbericht: Feldfrüchte und Grünland;JAHR;Jahr;1952;DINSG;Deutschland insgesamt;DG;Deutschland;FRUA03;Fruchtarten;FRUART01211;Wintergerste;494098;t;ERN001;Erntemenge
41241;Ernte-u.Betriebsbericht: Feldfrüchte und Grünland;JAHR;Jahr;1995;DINSG;Deutschland insgesamt;DG;Deutschland;FRUA03;Fruchtarten;FRUART013CCM;Körnermais (einschl. CCM);2394565;t;ERN001;Erntemenge
41241;Ernte-u.Betriebsbericht: Feldfrüchte und Grünland;JAHR;Jahr;1986;DINSG;Deutschland insgesamt;DG;Deutschland;FRUA03;Fruchtarten;FRUART063;Feldgras/Grasanbau auf dem Ackerland;996243;t;ERN001;Erntemenge
41241;Ernte-u.Betriebsbericht: Feldfrüchte und Grünland;JAHR;Jahr;1981;DINSG;Deutschland insgesamt;DG;Deutschland;FRUA03;Fruchtarten;FRUART012;Futter- und Industriegetreide;11887009;t;ERN001;Erntemenge
41241;Ernte-u.Betriebsbericht: Feldfrüchte und Grünland;JAHR;Jahr;1968;DINSG;Deutschland insgesamt;DG;Deutschland;FRUA03;Fruchtarten;FRUART031;Kartoffeln;19195690;t;ERN001;Erntemenge
41241;Ernte-u.Betriebsbericht: Feldfrüchte und Grünland;JAHR;Jahr;1961;DINSG;Deutschland insgesamt;DG;Deutschland;FRUA03;Fruchtarten;FRUART065;Raufutter;28313821;t;ERN001;Erntemenge
41241;Ernte-u.Betriebsbericht: Feldfrüchte und Grünland;JAHR;Jahr;1964;DINSG;Deutschland insgesamt;DG;Deutschland;FRUA03;Fruchtarten;FRUART031FSK;Frühe Speisekartoffeln;1069589;t;ERN001;Erntemenge
41241;Ernte-u.Betriebsbericht: Feldfrüchte und Grünland;JAHR;Jahr;1977;DINSG;Deutschland insgesamt;DG;Deutschland;FRUA03;Fruchtarten;FRUART01OKM;Getreide (ohne Körnermais und CCM);21031795;t;ERN001;Erntemenge
41241;Ernte-u.Betriebsbericht: Feldfrüchte und Grünland;JAHR;Jahr;1998;DINSG;Deutschland insgesamt;DG;Deutschland;FRUA03;Fruchtarten;KULART01411;Wiesen;17283037;t;ERN001;Erntemenge
41241;Ernte-u.Betriebsbericht: Feldfrüchte und Grünland;JAHR;Jahr;1959;DINSG;Deutschland insgesamt;DG;Deutschland;FRUA03;Fruchtarten;KULART01421;Mähweiden;.;t;ERN001;Erntemenge
41241;Ernte-u.Betriebsbericht: Feldfrüchte und Grünland;JAHR;Jahr;1989;DINSG;Deutschland insgesamt;DG;Deutschland;FRUA03;Fruchtarten;FRUART067;Lupinen;.;t;ERN001;Erntemenge
41241;Ernte-u.Betriebsbericht: Feldfrüchte und Grünland;JAHR;Jahr;1955;DINSG;Deutschland insgesamt;DG;Deutschland;FRUA03;Fruchtarten;FRUART05111;Winterraps;12437;t;ERN001;Erntemenge
41241;Ernte-u.Betriebsbericht: Feldfrüchte und Grünland;JAHR;Jahr;1969;DINSG;Deutschland insgesamt;DG;Deutschland;FRUA03;Fruchtarten;FRUART0511;Raps und Rübsen;158144;t;ERN001;Erntemenge
41241;Ernte-u.Betriebsbericht: Feldfrüchte und Grünland;JAHR;Jahr;1990;DINSG;Deutschland insgesamt;DG;Deutschland;FRUA03;Fruchtarten;FRUART063;Feldgras/Grasanbau auf dem Ackerland;3686953;t;ERN001;Erntemenge
41241;Ernte-u.Betriebsbericht: Feldfrüchte und Grünland;JAHR;Jahr;1950;DINSG;Deutschland insgesamt;DG;Deutschland;FRUA03;Fruchtarten;FRUART064;Silomais (einschl. Lieschkolbenschrot);1628111;t;ERN001;Erntemenge
41241;Ernte-u.Betriebsbericht: Feldfrüchte und Grünland;JAHR;Jahr;1952;DINSG;Deutschland insgesamt;DG;Deutschland;FRUA03;Fruchtarten;FRUART01113;Hartweizen (Durum);.;t;ERN001;Erntemenge
41241;Ernte-u.Betriebsbericht: Feldfrüchte und Grünland;JAHR;Jahr;2003;DINSG;Deutschland insgesamt;DG;Deutschland;FRUA03;Fruchtarten;FRUART022;Ackerbohnen;60848;t;ERN001;Erntemenge
41241;Ernte-u.Betriebsbericht: Feldfrüchte und Grünland;JAHR;Jahr;1985;DINSG;Deutschland insgesamt;DG;Deutschland;FRUA03;Fruchtarten;FRUART022;Ackerbohnen;55057;t;ERN001;Erntemenge
41241;Ernte-u.Betriebsbericht: Feldfrüchte und Grünland;JAHR;Jahr;2003;DINSG;Deutschland insgesamt;DG;Deutschland;FRUA03;Fruchtarten;FRUART01112;Sommerweizen;658824;t;ERN001;Erntemenge
41241;Ernte-u.Betriebsbericht: Feldfrüchte und Grünland;JAHR;Jahr;2000;DINSG;Deutschland insgesamt;DG;Deutschland;FRUA03;Fruchtarten;FRUART031;Kartoffeln;13192951;t;ERN001;Erntemenge
41241;Ernte-u.Betriebsbericht: Feldfrüchte und Grünland;JAHR;Jahr;2004;DINSG;Deutschland insgesamt;DG;Deutschland;FRUA03;Fruchtarten;KULART0141S;Wiesen und Mähweiden;33594879;t;ERN001;Erntemenge
41241;Ernte-u.Betriebsbericht: Feldfrüchte und Grünland;JAHR;Jahr;1966;DINSG;Deutschland insgesamt;DG;Deutschland;FRUA03;Fruchtarten;FRUART0111;Weizen;4533183;t;ERN001;Erntemenge
41241;Ernte-u.Betriebsbericht: Feldfrüchte und Grünland;JAHR;Jahr;1967;DINSG;Deutschland insgesamt;DG;Deutschland;FRUA03;Fruchtarten;FRUART012;Futter- und Industriegetreide;8693812;t;ERN001;Erntemenge
41241;Ernte-u.Betriebsbericht: Feldfrüchte und Grünland;JAHR;Jahr;1982;DINSG;Deutschland insgesamt;DG;Deutschland;FRUA03;Fruchtarten;FRUART031;Kartoffeln;7049081;t;ERN001;Erntemenge
41241;Ernte-u.Betriebsbericht: Feldfrüchte und Grünland;JAHR;Jahr;2001;DINSG;Deutschland insgesamt;DG;Deutschland;FRUA03;Fruchtarten;FRUART0122;Hafer;1151033;t;ERN001;Erntemenge
41241;Ernte-u.Betriebsbericht: Feldfrüchte und Grünland;JAHR;Jahr;1997;DINSG;Deutschland insgesamt;DG;Deutschland;FRUA03;Fruchtarten;FRUART01212;Sommergerste;4159669;t;ERN001;Erntemenge
41241;Ernte-u.Betriebsbericht: Feldfrüchte und Grünland;JAHR;Jahr;1997;DINSG;Deutschland insgesamt;DG;Deutschland;FRUA03;Fruchtarten;FRUART05111;Winterraps;2759916;t;ERN001;Erntemenge
41241;Ernte-u.Betriebsbericht: Feldfrüchte und Grünland;JAHR;Jahr;1960;DINSG;Deutschland insgesamt;DG;Deutschland;FRUA03;Fruchtarten;FRUART01212;Sommergerste;2268066;t;ERN001;Erntemenge
41241;Ernte-u.Betriebsbericht: Feldfrüchte und Grünland;JAHR;Jahr;1964;DINSG;Deutschland insgesamt;DG;Deutschland;FRUA03;Fruchtarten;FRUART021;Futtererbsen;.;t;ERN001;Erntemenge
41241;Ernte-u.Betriebsbericht: Feldfrüchte und Grünland;JAHR;Jahr;1950;DINSG;Deutschland insgesamt;DG;Deutschland;FRUA03;Fruchtarten;FRUART013CCM;Körnermais (einschl. CCM);17222;t;ERN001;Erntemenge
41241;Ernte-u.Betriebsbericht: Feldfrüchte und Grünland;JAHR;Jahr;2007;DINSG;Deutschland insgesamt;DG;Deutschland;FRUA03;Fruchtarten;FRUART032;Zuckerrüben;25139137;t;ERN001;Erntemenge
41241;Ernte-u.Betriebsbericht: Feldfrüchte und Grünland;JAHR;Jahr;1989;DINSG;Deutschland insgesamt;DG;Deutschland;FRUA03;Fruchtarten;FRUART032;Zuckerrüben;20767000;t;ERN001;Erntemenge
41241;Ernte-u.Betriebsbericht: Feldfrüchte und Grünland;JAHR;Jahr;1962;DINSG;Deutschland insgesamt;DG;Deutschland;FRUA03;Fruchtarten;FRUART0112;Roggen;2965577;t;ERN001;Erntemenge
41241;Ernte-u.Betriebsbericht: Feldfrüchte und Grünland;JAHR;Jahr;1997;DINSG;Deutschland insgesamt;DG;Deutschland;FRUA03;Fruchtarten;FRUART064;Silomais (einschl. Lieschkolbenschrot);56843632;t;ERN001;Erntemenge
41241;Ernte-u.Betriebsbericht: Feldfrüchte und Grünland;JAHR;Jahr;1981;DINSG;Deutschland insgesamt;DG;Deutschland;FRUA03;Fruchtarten;KULART01411;Wiesen;.;t;ERN001;Erntemenge
41241;Ernte-u.Betriebsbericht: Feldfrüchte und Grünland;JAHR;Jahr;1987;DINSG;Deutschland insgesamt;DG;Deutschland;FRUA03;Fruchtarten;FRUART013CCM;Körnermais (einschl. CCM);1216788;t;ERN001;Erntemenge
41241;Ernte-u.Betriebsbericht: Feldfrüchte und Grünland;JAHR;Jahr;1957;DINSG;Deutschland insgesamt;DG;Deutschland;FRUA03;Fruchtarten;FRUART065;Raufutter;25395100;t;ERN001;Erntemenge
41241;Ernte-u.Betriebsbericht: Feldfrüchte und Grünland;JAHR;Jahr;2008;DINSG;Deutschland insgesamt;DG;Deutschland;FRUA03;Fruchtarten;FRUART031MUS;Mittelfrühe und späte Kartoffeln;10911400;t;ERN001;Erntemenge
41241;Ernte-u.Betriebsbericht: Feldfrüchte und Grünland;JAHR;Jahr;1976;DINSG;Deutschland insgesamt;DG;Deutschland;FRUA03;Fruchtarten;FRUART0124;Triticale;.;t;ERN001;Erntemenge
41241;Ernte-u.Betriebsbericht: Feldfrüchte und Grünland;JAHR;Jahr;1958;DINSG;Deutschland insgesamt;DG;Deutschland;FRUA03;Fruchtarten;FRUART031FSK;Frühe Speisekartoffeln;962856;t;ERN001;Erntemenge
41241;Ernte-u.Betriebsbericht: Feldfrüchte und Grünland;JAHR;Jahr;1978;DINSG;Deutschland insgesamt;DG;Deutschland;FRUA03;Fruchtarten;FRUART031MUS;Mittelfrühe und späte Kartoffeln;9697409;t;ERN001;Erntemenge
41241;Ernte-u.Betriebsbericht: Feldfrüchte und Grünland;JAHR;Jahr;1963;DINSG;Deutschland insgesamt;DG;Deutschland;FRUA03;Fruchtarten;FRUART01211;Wintergerste;1032213;t;ERN001;Erntemenge
41241;Ernte-u.Betriebsbericht: Feldfrüchte und Grünland;JAHR;Jahr;1958;DINSG;Deutschland insgesamt;DG;Deutschland;FRUA03;Fruchtarten;FRUART0113;Wintermenggetreide;191945;t;ERN001;Erntemenge
41241;Ernte-u.Betriebsbericht: Feldfrüchte und Grünland;JAHR;Jahr;1977;DINSG;Deutschland insgesamt;DG;Deutschland;FRUA03;Fruchtarten;FRUART0511;Raps und Rübsen;281740;t;ERN001;Erntemenge
41241;Ernte-u.Betriebsbericht: Feldfrüchte und Grünland;JAHR;Jahr;1971;DINSG;Deutschland insgesamt;DG;Deutschland;FRUA03;Fruchtarten;FRUART0112;Roggen;3031912;t;ERN001;Erntemenge
41241;Ernte-u.Betriebsbericht: Feldfrüchte und Grünland;JAHR;Jahr;1981;DINSG;Deutschland insgesamt;DG;Deutschland;FRUA03;Fruchtarten;FRUART01OKM;Getreide (ohne Körnermais und CCM);21993780;t;ERN001;Erntemenge
41241;Ernte-u.Betriebsbericht: Feldfrüchte und Grünland;JAHR;Jahr;1963;DINSG;Deutschland insgesamt;DG;Deutschland;FRUA03;Fruchtarten;FRUART01113;Hartweizen (Durum);.;t;ERN001;Erntemenge
41241;Ernte-u.Betriebsbericht: Feldfrüchte und Grünland;JAHR;Jahr;1994;DINSG;Deutschland insgesamt;DG;Deutschland;FRUA03;Fruchtarten;KULART01421;Mähweiden;14715588;t;ERN001;Erntemenge
41241;Ernte-u.Betriebsbericht: Feldfrüchte und Grünland;JAHR;Jahr;1988;DINSG;Deutschland insgesamt;DG;Deutschland;FRUA03;Fruchtarten;FRUART0112;Roggen;1579428;t;ERN001;Erntemenge
41241;Ernte-u.Betriebsbericht: Feldfrüchte und Grünland;JAHR;Jahr;1971;DINSG;Deutschland insgesamt;DG;Deutschland;FRUA03;Fruchtarten;FRUART065;Raufutter;29871047;t;ERN001;Erntemenge
41241;Ernte-u.Betriebsbericht: Feldfrüchte und Grünland;JAHR;Jahr;1978;DINSG;Deutschland insgesamt;DG;Deutschland;FRUA03;Fruchtarten;FRUART031;Kartoffeln;10509782;t;ERN001;Erntemenge
41241;Ernte-u.Betriebsbericht: Feldfrüchte und Grünland;JAHR;Jahr;1966;DINSG;Deutschland insgesamt;DG;Deutschland;FRUA03;Fruchtarten;FRUART05111;Winterraps;86150;t;ERN001;Erntemenge
41241;Ernte-u.Betriebsbericht: Feldfrüchte und Grünland;JAHR;Jahr;1993;DINSG;Deutschland insgesamt;DG;Deutschland;FRUA03;Fruchtarten;FRUART0113;Wintermenggetreide;46983;t;ERN001;Erntemenge
41241;Ernte-u.Betriebsbericht: Feldfrüchte und Grünland;JAHR;Jahr;2007;DINSG;Deutschland insgesamt;DG;Deutschland;FRUA03;Fruchtarten;FRUART063;Feldgras/Grasanbau auf dem Ackerland;2806134;t;ERN001;Erntemenge
41241;Ernte-u.Betriebsbericht: Feldfrüchte und Grünland;JAHR;Jahr;1954;DINSG;Deutschland insgesamt;DG;Deutschland;FRUA03;Fruchtarten;FRUART065;Raufutter;24289987;t;ERN001;Erntemenge
41241;Ernte-u.Betriebsbericht: Feldfrüchte und Grünland;JAHR;Jahr;1981;DINSG;Deutschland insgesamt;DG;Deutschland;FRUA03;Fruchtarten;KULART0141S;Wiesen und Mähweiden;27131089;t;ERN001;Erntemenge
41241;Ernte-u.Betriebsbericht: Feldfrüchte und Grünland;JAHR;Jahr;1956;DINSG;Deutschland insgesamt;DG;Deutschland;FRUA03;Fruchtarten;FRUART031FSK;Frühe Speisekartoffeln;1149258;t;ERN001;Erntemenge
41241;Ernte-u.Betriebsbericht: Feldfrüchte und Grünland;JAHR;Jahr;1979;DINSG;Deutschland insgesamt;DG;Deutschland;FRUA03;Fruchtarten;FRUART0513;Körnersonnenblumen;.;t;ERN001;Erntemenge
41241;Ernte-u.Betriebsbericht: Feldfrüchte und Grünland;JAHR;Jahr;1983;DINSG;Deutschland insgesamt;DG;Deutschland;FRUA03;Fruchtarten;FRUART01211;Wintergerste;6401653;t;ERN001;Erntemenge
41241;Ernte-u.Betriebsbericht: Feldfrüchte und Grünland;JAHR;Jahr;1959;DINSG;Deutschland insgesamt;DG;Deutschland;FRUA03;Fruchtarten;FRUART0124;Triticale;.;t;ERN001;Erntemenge
41241;Ernte-u.Betriebsbericht: Feldfrüchte und Grünland;JAHR;Jahr;1973;DINSG;Deutschland insgesamt;DG;Deutschland;FRUA03;Fruchtarten;FRUART031FSK;Frühe Speisekartoffeln;832970;t;ERN001;Erntemenge
41241;Ernte-u.Betriebsbericht: Feldfrüchte und Grünland;JAHR;Jahr;1987;DINSG;Deutschland insgesamt;DG;Deutschland;FRUA03;Fruchtarten;KULART01411;Wiesen;.;t;ERN001;Erntemenge
41241;Ernte-u.Betriebsbericht: Feldfrüchte und Grünland;JAHR;Jahr;1983;DINSG;Deutschland insgesamt;DG;Deutschland;FRUA03;Fruchtarten;FRUART01113;Hartweizen (Durum);.;t;ERN001;Erntemenge
41241;Ernte-u.Betriebsbericht: Feldfrüchte und Grünland;JAHR;Jahr;1991;DINSG;Deutschland insgesamt;DG;Deutschland;FRUA03;Fruchtarten;FRUART01112;Sommerweizen;348119;t;ERN001;Erntemenge
41241;Ernte-u.Betriebsbericht: Feldfrüchte und Grünland;JAHR;Jahr;1974;DINSG;Deutschland insgesamt;DG;Deutschland;FRUA03;Fruchtarten;FRUART021;Futtererbsen;.;t;ERN001;Erntemenge
41241;Ernte-u.Betriebsbericht: Feldfrüchte und Grünland;JAHR;Jahr;1993;DINSG;Deutschland insgesamt;DG;Deutschland;FRUA03;Fruchtarten;FRUART063;Feldgras/Grasanbau auf dem Ackerland;2103101;t;ERN001;Erntemenge
41241;Ernte-u.Betriebsbericht: Feldfrüchte und Grünland;JAHR;Jahr;1977;DINSG;Deutschland insgesamt;DG;Deutschland;FRUA03;Fruchtarten;FRUART012;Futter- und Industriegetreide;11171919;t;ERN001;Erntemenge
41241;Ernte-u.Betriebsbericht: Feldfrüchte und Grünland;JAHR;Jahr;1991;DINSG;Deutschland insgesamt;DG;Deutschland;FRUA03;Fruchtarten;FRUART05111;Winterraps;2933008;t;ERN001;Erntemenge
41241;Ernte-u.Betriebsbericht: Feldfrüchte und Grünland;JAHR;Jahr;1970;DINSG;Deutschland insgesamt;DG;Deutschland;FRUA03;Fruchtarten;FRUART0121;Gerste;4754032;t;ERN001;Erntemenge
41241;Ernte-u.Betriebsbericht: Feldfrüchte und Grünland;JAHR;Jahr;1969;DINSG;Deutschland insgesamt;DG;Deutschland;FRUA03;Fruchtarten;FRUART031MUS;Mittelfrühe und späte Kartoffeln;15290640;t;ERN001;Erntemenge
41241;Ernte-u.Betriebsbericht: Feldfrüchte und Grünland;JAHR;Jahr;1973;DINSG;Deutschland insgesamt;DG;Deutschland;FRUA03;Fruchtarten;FRUART01111;Winterweizen;6181696;t;ERN001;Erntemenge
41241;Ernte-u.Betriebsbericht: Feldfrüchte und Grünland;JAHR;Jahr;1984;DINSG;Deutschland insgesamt;DG;Deutschland;FRUA03;Fruchtarten;FRUART031MUS;Mittelfrühe und späte Kartoffeln;6732746;t;ERN001;Erntemenge
41241;Ernte-u.Betriebsbericht: Feldfrüchte und Grünland;JAHR;Jahr;2006;DINSG;Deutschland insgesamt;DG;Deutschland;FRUA03;Fruchtarten;FRUART022;Ackerbohnen;49100;t;ERN001;Erntemenge
41241;Ernte-u.Betriebsbericht: Feldfrüchte und Grünland;JAHR;Jahr;1950;DINSG;Deutschland insgesamt;DG;Deutschland;FRUA03;Fruchtarten;FRUART033;Runkelrüben;26647558;t;ERN001;Erntemenge
41241;Ernte-u.Betriebsbericht: Feldfrüchte und Grünland;JAHR;Jahr;2003;DINSG;Deutschland insgesamt;DG;Deutschland;FRUA03;Fruchtarten;FRUART031;Kartoffeln;9915679;t;ERN001;Erntemenge
41241;Ernte-u.Betriebsbericht: Feldfrüchte und Grünland;JAHR;Jahr;2009;DINSG;Deutschland insgesamt;DG;Deutschland;FRUA03;Fruchtarten;FRUART013CCM;Körnermais (einschl. CCM);4527200;t;ERN001;Erntemenge
41241;Ernte-u.Betriebsbericht: Feldfrüchte und Grünland;JAHR;Jahr;1985;DINSG;Deutschland insgesamt;DG;Deutschland;FRUA03;Fruchtarten;FRUART031;Kartoffeln;7905384;t;ERN001;Erntemenge
41241;Ernte-u.Betriebsbericht: Feldfrüchte und Grünland;JAHR;Jahr;1957;DINSG;Deutschland insgesamt;DG;Deutschland;FRUA03;Fruchtarten;FRUART0122;Hafer;2250279;t;ERN001;Erntemenge
41241;Ernte-u.Betriebsbericht: Feldfrüchte und Grünland;JAHR;Jahr;1959;DINSG;Deutschland insgesamt;DG;Deutschland;FRUA03;Fruchtarten;FRUART0111;Weizen;4522459;t;ERN001;Erntemenge
41241;Ernte-u.Betriebsbericht: Feldfrüchte und Grünland;JAHR;Jahr;1996;DINSG;Deutschland insgesamt;DG;Deutschland;FRUA03;Fruchtarten;FRUART0513;Körnersonnenblumen;103228;t;ERN001;Erntemenge
41241;Ernte-u.Betriebsbericht: Feldfrüchte und Grünland;JAHR;Jahr;1961;DINSG;Deutschland insgesamt;DG;Deutschland;FRUA03;Fruchtarten;FRUART021;Futtererbsen;.;t;ERN001;Erntemenge
41241;Ernte-u.Betriebsbericht: Feldfrüchte und Grünland;JAHR;Jahr;1992;DINSG;Deutschland insgesamt;DG;Deutschland;FRUA03;Fruchtarten;FRUART0122;Hafer;1314113;t;ERN001;Erntemenge
41241;Ernte-u.Betriebsbericht: Feldfrüchte und Grünland;JAHR;Jahr;1988;DINSG;Deutschland insgesamt;DG;Deutschland;FRUA03;Fruchtarten;FRUART022;Ackerbohnen;216602;t;ERN001;Erntemenge
41241;Ernte-u.Betriebsbericht: Feldfrüchte und Grünland;JAHR;Jahr;1987;DINSG;Deutschland insgesamt;DG;Deutschland;FRUA03;Fruchtarten;KULART0141S;Wiesen und Mähweiden;27179326;t;ERN001;Erntemenge
41241;Ernte-u.Betriebsbericht: Feldfrüchte und Grünland;JAHR;Jahr;1964;DINSG;Deutschland insgesamt;DG;Deutschland;FRUA03;Fruchtarten;FRUART012;Futter- und Industriegetreide;7499652;t;ERN001;Erntemenge
41241;Ernte-u.Betriebsbericht: Feldfrüchte und Grünland;JAHR;Jahr;1987;DINSG;Deutschland insgesamt;DG;Deutschland;FRUA03;Fruchtarten;FRUART01112;Sommerweizen;382070;t;ERN001;Erntemenge
41241;Ernte-u.Betriebsbericht: Feldfrüchte und Grünland;JAHR;Jahr;1952;DINSG;Deutschland insgesamt;DG;Deutschland;FRUA03;Fruchtarten;FRUART05112;Sommerraps, Winter- und Sommerrübsen;6356;t;ERN001;Erntemenge
41241;Ernte-u.Betriebsbericht: Feldfrüchte und Grünland;JAHR;Jahr;1986;DINSG;Deutschland insgesamt;DG;Deutschland;FRUA03;Fruchtarten;FRUART031MUS;Mittelfrühe und späte Kartoffeln;6834674;t;ERN001;Erntemenge
41241;Ernte-u.Betriebsbericht: Feldfrüchte und Grünland;JAHR;Jahr;1992;DINSG;Deutschland insgesamt;DG;Deutschland;FRUA03;Fruchtarten;FRUART022;Ackerbohnen;55796;t;ERN001;Erntemenge
41241;Ernte-u.Betriebsbericht: Feldfrüchte und Grünland;JAHR;Jahr;1965;DINSG;Deutschland insgesamt;DG;Deutschland;FRUA03;Fruchtarten;FRUART01112;Sommerweizen;419785;t;ERN001;Erntemenge
41241;Ernte-u.Betriebsbericht: Feldfrüchte und Grünland;JAHR;Jahr;1953;DINSG;Deutschland insgesamt;DG;Deutschland;FRUA03;Fruchtarten;FRUART011;Brotgetreide;6676484;t;ERN001;Erntemenge
41241;Ernte-u.Betriebsbericht: Feldfrüchte und Grünland;JAHR;Jahr;1974;DINSG;Deutschland insgesamt;DG;Deutschland;FRUA03;Fruchtarten;FRUART0111;Weizen;7760755;t;ERN001;Erntemenge
41241;Ernte-u.Betriebsbericht: Feldfrüchte und Grünland;JAHR;Jahr;1975;DINSG;Deutschland insgesamt;DG;Deutschland;FRUA03;Fruchtarten;FRUART062;Luzerne;.;t;ERN001;Erntemenge
41241;Ernte-u.Betriebsbericht: Feldfrüchte und Grünland;JAHR;Jahr;1958;DINSG;Deutschland insgesamt;DG;Deutschland;FRUA03;Fruchtarten;FRUART062;Luzerne;.;t;ERN001;Erntemenge
41241;Ernte-u.Betriebsbericht: Feldfrüchte und Grünland;JAHR;Jahr;1970;DINSG;Deutschland insgesamt;DG;Deutschland;FRUA03;Fruchtarten;FRUART011;Brotgetreide;8446593;t;ERN001;Erntemenge
41241;Ernte-u.Betriebsbericht: Feldfrüchte und Grünland;JAHR;Jahr;1958;DINSG;Deutschland insgesamt;DG;Deutschland;FRUA03;Fruchtarten;FRUART05112;Sommerraps, Winter- und Sommerrübsen;13102;t;ERN001;Erntemenge
41241;Ernte-u.Betriebsbericht: Feldfrüchte und Grünland;JAHR;Jahr;1962;DINSG;Deutschland insgesamt;DG;Deutschland;FRUA03;Fruchtarten;FRUART062;Luzerne;.;t;ERN001;Erntemenge
41241;Ernte-u.Betriebsbericht: Feldfrüchte und Grünland;JAHR;Jahr;1952;DINSG;Deutschland insgesamt;DG;Deutschland;FRUA03;Fruchtarten;FRUART0511;Raps und Rübsen;56087;t;ERN001;Erntemenge
41241;Ernte-u.Betriebsbericht: Feldfrüchte und Grünland;JAHR;Jahr;1961;DINSG;Deutschland insgesamt;DG;Deutschland;FRUA03;Fruchtarten;FRUART0121;Gerste;2722496;t;ERN001;Erntemenge
41241;Ernte-u.Betriebsbericht: Feldfrüchte und Grünland;JAHR;Jahr;1954;DINSG;Deutschland insgesamt;DG;Deutschland;FRUA03;Fruchtarten;FRUART0123;Sommermenggetreide;1010633;t;ERN001;Erntemenge
41241;Ernte-u.Betriebsbericht: Feldfrüchte und Grünland;JAHR;Jahr;1979;DINSG;Deutschland insgesamt;DG;Deutschland;FRUA03;Fruchtarten;FRUART01111;Winterweizen;7444246;t;ERN001;Erntemenge
41241;Ernte-u.Betriebsbericht: Feldfrüchte und Grünland;JAHR;Jahr;1969;DINSG;Deutschland insgesamt;DG;Deutschland;FRUA03;Fruchtarten;FRUART063;Feldgras/Grasanbau auf dem Ackerland;1249159;t;ERN001;Erntemenge
41241;Ernte-u.Betriebsbericht: Feldfrüchte und Grünland;JAHR;Jahr;1969;DINSG;Deutschland insgesamt;DG;Deutschland;FRUA03;Fruchtarten;FRUART01111;Winterweizen;5341811;t;ERN001;Erntemenge
41241;Ernte-u.Betriebsbericht: Feldfrüchte und Grünland;JAHR;Jahr;1996;DINSG;Deutschland insgesamt;DG;Deutschland;FRUA03;Fruchtarten;FRUART032;Zuckerrüben;26064135;t;ERN001;Erntemenge
41241;Ernte-u.Betriebsbericht: Feldfrüchte und Grünland;JAHR;Jahr;1979;DINSG;Deutschland insgesamt;DG;Deutschland;FRUA03;Fruchtarten;FRUART01EKM;Getreide (einschl. Körnermais und CCM);22872088;t;ERN001;Erntemenge
41241;Ernte-u.Betriebsbericht: Feldfrüchte und Grünland;JAHR;Jahr;1979;DINSG;Deutschland insgesamt;DG;Deutschland;FRUA03;Fruchtarten;FRUART0123;Sommermenggetreide;702563;t;ERN001;Erntemenge
41241;Ernte-u.Betriebsbericht: Feldfrüchte und Grünland;JAHR;Jahr;1983;DINSG;Deutschland insgesamt;DG;Deutschland;FRUA03;Fruchtarten;FRUART0122;Hafer;2067742;t;ERN001;Erntemenge
41241;Ernte-u.Betriebsbericht: Feldfrüchte und Grünland;JAHR;Jahr;1957;DINSG;Deutschland insgesamt;DG;Deutschland;FRUA03;Fruchtarten;FRUART021;Futtererbsen;.;t;ERN001;Erntemenge
41241;Ernte-u.Betriebsbericht: Feldfrüchte und Grünland;JAHR;Jahr;2003;DINSG;Deutschland insgesamt;DG;Deutschland;FRUA03;Fruchtarten;KULART01411;Wiesen;11831592;t;ERN001;Erntemenge
41241;Ernte-u.Betriebsbericht: Feldfrüchte und Grünland;JAHR;Jahr;2002;DINSG;Deutschland insgesamt;DG;Deutschland;FRUA03;Fruchtarten;FRUART0113;Wintermenggetreide;50569;t;ERN001;Erntemenge
41241;Ernte-u.Betriebsbericht: Feldfrüchte und Grünland;JAHR;Jahr;1997;DINSG;Deutschland insgesamt;DG;Deutschland;FRUA03;Fruchtarten;FRUART0121;Gerste;13398820;t;ERN001;Erntemenge
41241;Ernte-u.Betriebsbericht: Feldfrüchte und Grünland;JAHR;Jahr;1961;DINSG;Deutschland insgesamt;DG;Deutschland;FRUA03;Fruchtarten;KULART0141S;Wiesen und Mähweiden;22269422;t;ERN001;Erntemenge
41241;Ernte-u.Betriebsbericht: Feldfrüchte und Grünland;JAHR;Jahr;1989;DINSG;Deutschland insgesamt;DG;Deutschland;FRUA03;Fruchtarten;FRUART01211;Wintergerste;6998303;t;ERN001;Erntemenge
41241;Ernte-u.Betriebsbericht: Feldfrüchte und Grünland;JAHR;Jahr;2002;DINSG;Deutschland insgesamt;DG;Deutschland;FRUA03;Fruchtarten;FRUART05111;Winterraps;3811141;t;ERN001;Erntemenge
41241;Ernte-u.Betriebsbericht: Feldfrüchte und Grünland;JAHR;Jahr;1999;DINSG;Deutschland insgesamt;DG;Deutschland;FRUA03;Fruchtarten;FRUART01111;Winterweizen;18649936;t;ERN001;Erntemenge
41241;Ernte-u.Betriebsbericht: Feldfrüchte und Grünland;JAHR;Jahr;1982;DINSG;Deutschland insgesamt;DG;Deutschland;FRUA03;Fruchtarten;FRUART062;Luzerne;.;t;ERN001;Erntemenge
41241;Ernte-u.Betriebsbericht: Feldfrüchte und Grünland;JAHR;Jahr;1951;DINSG;Deutschland insgesamt;DG;Deutschland;FRUA03;Fruchtarten;FRUART01111;Winterweizen;2751223;t;ERN001;Erntemenge
41241;Ernte-u.Betriebsbericht: Feldfrüchte und Grünland;JAHR;Jahr;1954;DINSG;Deutschland insgesamt;DG;Deutschland;FRUA03;Fruchtarten;FRUART021;Futtererbsen;.;t;ERN001;Erntemenge
41241;Ernte-u.Betriebsbericht: Feldfrüchte und Grünland;JAHR;Jahr;1989;DINSG;Deutschland insgesamt;DG;Deutschland;FRUA03;Fruchtarten;FRUART01113;Hartweizen (Durum);66229;t;ERN001;Erntemenge
41241;Ernte-u.Betriebsbericht: Feldfrüchte und Grünland;JAHR;Jahr;1953;DINSG;Deutschland insgesamt;DG;Deutschland;FRUA03;Fruchtarten;FRUART01211;Wintergerste;535985;t;ERN001;Erntemenge
41241;Ernte-u.Betriebsbericht: Feldfrüchte und Grünland;JAHR;Jahr;2004;DINSG;Deutschland insgesamt;DG;Deutschland;FRUA03;Fruchtarten;FRUART01212;Sommergerste;3357169;t;ERN001;Erntemenge
41241;Ernte-u.Betriebsbericht: Feldfrüchte und Grünland;JAHR;Jahr;1961;DINSG;Deutschland insgesamt;DG;Deutschland;FRUA03;Fruchtarten;KULART01411;Wiesen;.;t;ERN001;Erntemenge
41241;Ernte-u.Betriebsbericht: Feldfrüchte und Grünland;JAHR;Jahr;1989;DINSG;Deutschland insgesamt;DG;Deutschland;FRUA03;Fruchtarten;FRUART013CCM;Körnermais (einschl. CCM);1573267;t;ERN001;Erntemenge
41241;Ernte-u.Betriebsbericht: Feldfrüchte und Grünland;JAHR;Jahr;1993;DINSG;Deutschland insgesamt;DG;Deutschland;FRUA03;Fruchtarten;FRUART013CCM;Körnermais (einschl. CCM);2656450;t;ERN001;Erntemenge
41241;Ernte-u.Betriebsbericht: Feldfrüchte und Grünland;JAHR;Jahr;1966;DINSG;Deutschland insgesamt;DG;Deutschland;FRUA03;Fruchtarten;FRUART01OKM;Getreide (ohne Körnermais und CCM);14698027;t;ERN001;Erntemenge
41241;Ernte-u.Betriebsbericht: Feldfrüchte und Grünland;JAHR;Jahr;1996;DINSG;Deutschland insgesamt;DG;Deutschland;FRUA03;Fruchtarten;FRUART063;Feldgras/Grasanbau auf dem Ackerland;1807743;t;ERN001;Erntemenge
41241;Ernte-u.Betriebsbericht: Feldfrüchte und Grünland;JAHR;Jahr;1981;DINSG;Deutschland insgesamt;DG;Deutschland;FRUA03;Fruchtarten;FRUART031FSK;Frühe Speisekartoffeln;500916;t;ERN001;Erntemenge
41241;Ernte-u.Betriebsbericht: Feldfrüchte und Grünland;JAHR;Jahr;1970;DINSG;Deutschland insgesamt;DG;Deutschland;FRUA03;Fruchtarten;FRUART033;Runkelrüben;29691295;t;ERN001;Erntemenge
41241;Ernte-u.Betriebsbericht: Feldfrüchte und Grünland;JAHR;Jahr;1980;DINSG;Deutschland insgesamt;DG;Deutschland;FRUA03;Fruchtarten;FRUART01111W;Weichweizen;.;t;ERN001;Erntemenge
41241;Ernte-u.Betriebsbericht: Feldfrüchte und Grünland;JAHR;Jahr;1957;DINSG;Deutschland insgesamt;DG;Deutschland;FRUA03;Fruchtarten;FRUART012;Futter- und Industriegetreide;5663385;t;ERN001;Erntemenge
41241;Ernte-u.Betriebsbericht: Feldfrüchte und Grünland;JAHR;Jahr;2004;DINSG;Deutschland insgesamt;DG;Deutschland;FRUA03;Fruchtarten;FRUART032;Zuckerrüben;27158966;t;ERN001;Erntemenge
41241;Ernte-u.Betriebsbericht: Feldfrüchte und Grünland;JAHR;Jahr;1980;DINSG;Deutschland insgesamt;DG;Deutschland;FRUA03;Fruchtarten;FRUART0123;Sommermenggetreide;591450;t;ERN001;Erntemenge
41241;Ernte-u.Betriebsbericht: Feldfrüchte und Grünland;JAHR;Jahr;1984;DINSG;Deutschland insgesamt;DG;Deutschland;FRUA03;Fruchtarten;FRUART012;Futter- und Industriegetreide;13256488;t;ERN001;Erntemenge
41241;Ernte-u.Betriebsbericht: Feldfrüchte und Grünland;JAHR;Jahr;2003;DINSG;Deutschland insgesamt;DG;Deutschland;FRUA03;Fruchtarten;FRUART01111W;Weichweizen;19225112;t;ERN001;Erntemenge
41241;Ernte-u.Betriebsbericht: Feldfrüchte und Grünland;JAHR;Jahr;1985;DINSG;Deutschland insgesamt;DG;Deutschland;FRUA03;Fruchtarten;FRUART0113;Wintermenggetreide;55134;t;ERN001;Erntemenge
41241;Ernte-u.Betriebsbericht: Feldfrüchte und Grünland;JAHR;Jahr;1954;DINSG;Deutschland insgesamt;DG;Deutschland;FRUA03;Fruchtarten;FRUART01111W;Weichweizen;.;t;ERN001;Erntemenge
41241;Ernte-u.Betriebsbericht: Feldfrüchte und Grünland;JAHR;Jahr;1968;DINSG;Deutschland insgesamt;DG;Deutschland;FRUA03;Fruchtarten;FRUART022;Ackerbohnen;76966;t;ERN001;Erntemenge
41241;Ernte-u.Betriebsbericht: Feldfrüchte und Grünland;JAHR;Jahr;1961;DINSG;Deutschland insgesamt;DG;Deutschland;FRUA03;Fruchtarten;FRUART0513;Körnersonnenblumen;.;t;ERN001;Erntemenge
41241;Ernte-u.Betriebsbericht: Feldfrüchte und Grünland;JAHR;Jahr;1981;DINSG;Deutschland insgesamt;DG;Deutschland;FRUA03;Fruchtarten;FRUART021;Futtererbsen;.;t;ERN001;Erntemenge
41241;Ernte-u.Betriebsbericht: Feldfrüchte und Grünland;JAHR;Jahr;2001;DINSG;Deutschland insgesamt;DG;Deutschland;FRUA03;Fruchtarten;FRUART031FSK;Frühe Speisekartoffeln;468410;t;ERN001;Erntemenge
41241;Ernte-u.Betriebsbericht: Feldfrüchte und Grünland;JAHR;Jahr;1965;DINSG;Deutschland insgesamt;DG;Deutschland;FRUA03;Fruchtarten;FRUART031;Kartoffeln;18094631;t;ERN001;Erntemenge
41241;Ernte-u.Betriebsbericht: Feldfrüchte und Grünland;JAHR;Jahr;1983;DINSG;Deutschland insgesamt;DG;Deutschland;FRUA03;Fruchtarten;FRUART031MUS;Mittelfrühe und späte Kartoffeln;5244735;t;ERN001;Erntemenge
41241;Ernte-u.Betriebsbericht: Feldfrüchte und Grünland;JAHR;Jahr;2007;DINSG;Deutschland insgesamt;DG;Deutschland;FRUA03;Fruchtarten;FRUART05112;Sommerraps, Winter- und Sommerrübsen;19420;t;ERN001;Erntemenge
41241;Ernte-u.Betriebsbericht: Feldfrüchte und Grünland;JAHR;Jahr;1984;DINSG;Deutschland insgesamt;DG;Deutschland;FRUA03;Fruchtarten;FRUART01111;Winterweizen;9796877;t;ERN001;Erntemenge
41241;Ernte-u.Betriebsbericht: Feldfrüchte und Grünland;JAHR;Jahr;1995;DINSG;Deutschland insgesamt;DG;Deutschland;FRUA03;Fruchtarten;FRUART022;Ackerbohnen;86190;t;ERN001;Erntemenge
41241;Ernte-u.Betriebsbericht: Feldfrüchte und Grünland;JAHR;Jahr;1962;DINSG;Deutschland insgesamt;DG;Deutschland;FRUA03;Fruchtarten;FRUART05112;Sommerraps, Winter- und Sommerrübsen;17363;t;ERN001;Erntemenge
41241;Ernte-u.Betriebsbericht: Feldfrüchte und Grünland;JAHR;Jahr;1974;DINSG;Deutschland insgesamt;DG;Deutschland;FRUA03;Fruchtarten;FRUART065;Raufutter;30753569;t;ERN001;Erntemenge
41241;Ernte-u.Betriebsbericht: Feldfrüchte und Grünland;JAHR;Jahr;1996;DINSG;Deutschland insgesamt;DG;Deutschland;FRUA03;Fruchtarten;FRUART0112;Roggen;4213855;t;ERN001;Erntemenge
41241;Ernte-u.Betriebsbericht: Feldfrüchte und Grünland;JAHR;Jahr;1990;DINSG;Deutschland insgesamt;DG;Deutschland;FRUA03;Fruchtarten;FRUART05111;Winterraps;.;t;ERN001;Erntemenge
41241;Ernte-u.Betriebsbericht: Feldfrüchte und Grünland;JAHR;Jahr;1963;DINSG;Deutschland insgesamt;DG;Deutschland;FRUA03;Fruchtarten;FRUART0112;Roggen;3238848;t;ERN001;Erntemenge
41241;Ernte-u.Betriebsbericht: Feldfrüchte und Grünland;JAHR;Jahr;1974;DINSG;Deutschland insgesamt;DG;Deutschland;FRUA03;Fruchtarten;FRUART05112;Sommerraps, Winter- und Sommerrübsen;15743;t;ERN001;Erntemenge
41241;Ernte-u.Betriebsbericht: Feldfrüchte und Grünland;JAHR;Jahr;1992;DINSG;Deutschland insgesamt;DG;Deutschland;FRUA03;Fruchtarten;FRUART031;Kartoffeln;10896995;t;ERN001;Erntemenge
41241;Ernte-u.Betriebsbericht: Feldfrüchte und Grünland;JAHR;Jahr;1999;DINSG;Deutschland insgesamt;DG;Deutschland;FRUA03;Fruchtarten;FRUART01OKM;Getreide (ohne Körnermais und CCM);41195113;t;ERN001;Erntemenge
41241;Ernte-u.Betriebsbericht: Feldfrüchte und Grünland;JAHR;Jahr;2004;DINSG;Deutschland insgesamt;DG;Deutschland;FRUA03;Fruchtarten;FRUART067;Lupinen;.;t;ERN001;Erntemenge
41241;Ernte-u.Betriebsbericht: Feldfrüchte und Grünland;JAHR;Jahr;1958;DINSG;Deutschland insgesamt;DG;Deutschland;FRUA03;Fruchtarten;FRUART031;Kartoffeln;22868412;t;ERN001;Erntemenge
41241;Ernte-u.Betriebsbericht: Feldfrüchte und Grünland;JAHR;Jahr;1956;DINSG;Deutschland insgesamt;DG;Deutschland;FRUA03;Fruchtarten;FRUART01112;Sommerweizen;421351;t;ERN001;Erntemenge
41241;Ernte-u.Betriebsbericht: Feldfrüchte und Grünland;JAHR;Jahr;1951;DINSG;Deutschland insgesamt;DG;Deutschland;FRUA03;Fruchtarten;FRUART065;Raufutter;27461730;t;ERN001;Erntemenge
41241;Ernte-u.Betriebsbericht: Feldfrüchte und Grünland;JAHR;Jahr;1970;DINSG;Deutschland insgesamt;DG;Deutschland;FRUA03;Fruchtarten;KULART01411;Wiesen;.;t;ERN001;Erntemenge
41241;Ernte-u.Betriebsbericht: Feldfrüchte und Grünland;JAHR;Jahr;1951;DINSG;Deutschland insgesamt;DG;Deutschland;FRUA03;Fruchtarten;FRUART01OKM;Getreide (ohne Körnermais und CCM);11234082;t;ERN001;Erntemenge
41241;Ernte-u.Betriebsbericht: Feldfrüchte und Grünland;JAHR;Jahr;1999;DINSG;Deutschland insgesamt;DG;Deutschland;FRUA03;Fruchtarten;FRUART032;Zuckerrüben;27568807;t;ERN001;Erntemenge
41241;Ernte-u.Betriebsbericht: Feldfrüchte und Grünland;JAHR;Jahr;1987;DINSG;Deutschland insgesamt;DG;Deutschland;FRUA03;Fruchtarten;FRUART0112;Roggen;1598979;t;ERN001;Erntemenge
41241;Ernte-u.Betriebsbericht: Feldfrüchte und Grünland;JAHR;Jahr;1977;DINSG;Deutschland insgesamt;DG;Deutschland;FRUA03;Fruchtarten;FRUART01212;Sommergerste;3344608;t;ERN001;Erntemenge
41241;Ernte-u.Betriebsbericht: Feldfrüchte und Grünland;JAHR;Jahr;1994;DINSG;Deutschland insgesamt;DG;Deutschland;FRUA03;Fruchtarten;FRUART0113;Wintermenggetreide;51636;t;ERN001;Erntemenge
41241;Ernte-u.Betriebsbericht: Feldfrüchte und Grünland;JAHR;Jahr;2009;DINSG;Deutschland insgesamt;DG;Deutschland;FRUA03;Fruchtarten;FRUART031MUS;Mittelfrühe und späte Kartoffeln;11187400;t;ERN001;Erntemenge
41241;Ernte-u.Betriebsbericht: Feldfrüchte und Grünland;JAHR;Jahr;1955;DINSG;Deutschland insgesamt;DG;Deutschland;FRUA03;Fruchtarten;FRUART031FSK;Frühe Speisekartoffeln;995747;t;ERN001;Erntemenge
41241;Ernte-u.Betriebsbericht: Feldfrüchte und Grünland;JAHR;Jahr;1989;DINSG;Deutschland insgesamt;DG;Deutschland;FRUA03;Fruchtarten;FRUART063;Feldgras/Grasanbau auf dem Ackerland;841395;t;ERN001;Erntemenge
41241;Ernte-u.Betriebsbericht: Feldfrüchte und Grünland;JAHR;Jahr;1953;DINSG;Deutschland insgesamt;DG;Deutschland;FRUA03;Fruchtarten;FRUART013CCM;Körnermais (einschl. CCM);19819;t;ERN001;Erntemenge
41241;Ernte-u.Betriebsbericht: Feldfrüchte und Grünland;JAHR;Jahr;2003;DINSG;Deutschland insgesamt;DG;Deutschland;FRUA03;Fruchtarten;KULART0141S;Wiesen und Mähweiden;26287565;t;ERN001;Erntemenge
41241;Ernte-u.Betriebsbericht: Feldfrüchte und Grünland;JAHR;Jahr;1965;DINSG;Deutschland insgesamt;DG;Deutschland;FRUA03;Fruchtarten;FRUART0111;Weizen;4347690;t;ERN001;Erntemenge
41241;Ernte-u.Betriebsbericht: Feldfrüchte und Grünland;JAHR;Jahr;1977;DINSG;Deutschland insgesamt;DG;Deutschland;FRUA03;Fruchtarten;FRUART021;Futtererbsen;.;t;ERN001;Erntemenge
41241;Ernte-u.Betriebsbericht: Feldfrüchte und Grünland;JAHR;Jahr;1975;DINSG;Deutschland insgesamt;DG;Deutschland;FRUA03;Fruchtarten;FRUART031MUS;Mittelfrühe und späte Kartoffeln;10108829;t;ERN001;Erntemenge
41241;Ernte-u.Betriebsbericht: Feldfrüchte und Grünland;JAHR;Jahr;2004;DINSG;Deutschland insgesamt;DG;Deutschland;FRUA03;Fruchtarten;FRUART0513;Körnersonnenblumen;69652;t;ERN001;Erntemenge
41241;Ernte-u.Betriebsbericht: Feldfrüchte und Grünland;JAHR;Jahr;2009;DINSG;Deutschland insgesamt;DG;Deutschland;FRUA03;Fruchtarten;FRUART061;Klee, Kleegras und Klee-Luzerne-Gemisch;1807700;t;ERN001;Erntemenge
41241;Ernte-u.Betriebsbericht: Feldfrüchte und Grünland;JAHR;Jahr;1978;DINSG;Deutschland insgesamt;DG;Deutschland;FRUA03;Fruchtarten;FRUART062;Luzerne;.;t;ERN001;Erntemenge
41241;Ernte-u.Betriebsbericht: Feldfrüchte und Grünland;JAHR;Jahr;2005;DINSG;Deutschland insgesamt;DG;Deutschland;FRUA03;Fruchtarten;FRUART0121;Gerste;11613800;t;ERN001;Erntemenge
41241;Ernte-u.Betriebsbericht: Feldfrüchte und Grünland;JAHR;Jahr;1986;DINSG;Deutschland insgesamt;DG;Deutschland;FRUA03;Fruchtarten;FRUART05111;Winterraps;945881;t;ERN001;Erntemenge
41241;Ernte-u.Betriebsbericht: Feldfrüchte und Grünland;JAHR;Jahr;1953;DINSG;Deutschland insgesamt;DG;Deutschland;FRUA03;Fruchtarten;FRUART01113;Hartweizen (Durum);.;t;ERN001;Erntemenge
41241;Ernte-u.Betriebsbericht: Feldfrüchte und Grünland;JAHR;Jahr;1999;DINSG;Deutschland insgesamt;DG;Deutschland;FRUA03;Fruchtarten;FRUART067;Lupinen;.;t;ERN001;Erntemenge
41241;Ernte-u.Betriebsbericht: Feldfrüchte und Grünland;JAHR;Jahr;1990;DINSG;Deutschland insgesamt;DG;Deutschland;FRUA03;Fruchtarten;FRUART0122;Hafer;2105259;t;ERN001;Erntemenge
41241;Ernte-u.Betriebsbericht: Feldfrüchte und Grünland;JAHR;Jahr;1975;DINSG;Deutschland insgesamt;DG;Deutschland;FRUA03;Fruchtarten;FRUART05111;Winterraps;181344;t;ERN001;Erntemenge
41241;Ernte-u.Betriebsbericht: Feldfrüchte und Grünland;JAHR;Jahr;1955;DINSG;Deutschland insgesamt;DG;Deutschland;FRUA03;Fruchtarten;FRUART062;Luzerne;.;t;ERN001;Erntemenge
41241;Ernte-u.Betriebsbericht: Feldfrüchte und Grünland;JAHR;Jahr;1950;DINSG;Deutschland insgesamt;DG;Deutschland;FRUA03;Fruchtarten;FRUART011;Brotgetreide;5832024;t;ERN001;Erntemenge
41241;Ernte-u.Betriebsbericht: Feldfrüchte und Grünland;JAHR;Jahr;1973;DINSG;Deutschland insgesamt;DG;Deutschland;FRUA03;Fruchtarten;FRUART011;Brotgetreide;9827123;t;ERN001;Erntemenge
41241;Ernte-u.Betriebsbericht: Feldfrüchte und Grünland;JAHR;Jahr;1972;DINSG;Deutschland insgesamt;DG;Deutschland;FRUA03;Fruchtarten;FRUART0112;Roggen;2917102;t;ERN001;Erntemenge
41241;Ernte-u.Betriebsbericht: Feldfrüchte und Grünland;JAHR;Jahr;1965;DINSG;Deutschland insgesamt;DG;Deutschland;FRUA03;Fruchtarten;FRUART022;Ackerbohnen;59256;t;ERN001;Erntemenge
41241;Ernte-u.Betriebsbericht: Feldfrüchte und Grünland;JAHR;Jahr;1984;DINSG;Deutschland insgesamt;DG;Deutschland;FRUA03;Fruchtarten;FRUART021;Futtererbsen;.;t;ERN001;Erntemenge
41241;Ernte-u.Betriebsbericht: Feldfrüchte und Grünland;JAHR;Jahr;1987;DINSG;Deutschland insgesamt;DG;Deutschland;FRUA03;Fruchtarten;FRUART012;Futter- und Industriegetreide;10977122;t;ERN001;Erntemenge
41241;Ernte-u.Betriebsbericht: Feldfrüchte und Grünland;JAHR;Jahr;1951;DINSG;Deutschland insgesamt;DG;Deutschland;FRUA03;Fruchtarten;FRUART05112;Sommerraps, Winter- und Sommerrübsen;12349;t;ERN001;Erntemenge
41241;Ernte-u.Betriebsbericht: Feldfrüchte und Grünland;JAHR;Jahr;1966;DINSG;Deutschland insgesamt;DG;Deutschland;FRUA03;Fruchtarten;FRUART01111W;Weichweizen;.;t;ERN001;Erntemenge
41241;Ernte-u.Betriebsbericht: Feldfrüchte und Grünland;JAHR;Jahr;1956;DINSG;Deutschland insgesamt;DG;Deutschland;FRUA03;Fruchtarten;FRUART0122;Hafer;2485715;t;ERN001;Erntemenge
41241;Ernte-u.Betriebsbericht: Feldfrüchte und Grünland;JAHR;Jahr;1962;DINSG;Deutschland insgesamt;DG;Deutschland;FRUA03;Fruchtarten;FRUART031;Kartoffeln;25103600;t;ERN001;Erntemenge
41241;Ernte-u.Betriebsbericht: Feldfrüchte und Grünland;JAHR;Jahr;1962;DINSG;Deutschland insgesamt;DG;Deutschland;FRUA03;Fruchtarten;FRUART01EKM;Getreide (einschl. Körnermais und CCM);15230553;t;ERN001;Erntemenge
41241;Ernte-u.Betriebsbericht: Feldfrüchte und Grünland;JAHR;Jahr;1950;DINSG;Deutschland insgesamt;DG;Deutschland;FRUA03;Fruchtarten;FRUART0111;Weizen;2626598;t;ERN001;Erntemenge
41241;Ernte-u.Betriebsbericht: Feldfrüchte und Grünland;JAHR;Jahr;1952;DINSG;Deutschland insgesamt;DG;Deutschland;FRUA03;Fruchtarten;FRUART062;Luzerne;.;t;ERN001;Erntemenge
41241;Ernte-u.Betriebsbericht: Feldfrüchte und Grünland;JAHR;Jahr;2007;DINSG;Deutschland insgesamt;DG;Deutschland;FRUA03;Fruchtarten;FRUART067;Lupinen;.;t;ERN001;Erntemenge
41241;Ernte-u.Betriebsbericht: Feldfrüchte und Grünland;JAHR;Jahr;1995;DINSG;Deutschland insgesamt;DG;Deutschland;FRUA03;Fruchtarten;FRUART031;Kartoffeln;9898277;t;ERN001;Erntemenge
41241;Ernte-u.Betriebsbericht: Feldfrüchte und Grünland;JAHR;Jahr;1953;DINSG;Deutschland insgesamt;DG;Deutschland;FRUA03;Fruchtarten;KULART01421;Mähweiden;.;t;ERN001;Erntemenge
41241;Ernte-u.Betriebsbericht: Feldfrüchte und Grünland;JAHR;Jahr;1998;DINSG;Deutschland insgesamt;DG;Deutschland;FRUA03;Fruchtarten;FRUART022;Ackerbohnen;93575;t;ERN001;Erntemenge
41241;Ernte-u.Betriebsbericht: Feldfrüchte und Grünland;JAHR;Jahr;1989;DINSG;Deutschland insgesamt;DG;Deutschland;FRUA03;Fruchtarten;KULART01421;Mähweiden;.;t;ERN001;Erntemenge
41241;Ernte-u.Betriebsbericht: Feldfrüchte und Grünland;JAHR;Jahr;1971;DINSG;Deutschland insgesamt;DG;Deutschland;FRUA03;Fruchtarten;FRUART061;Klee, Kleegras und Klee-Luzerne-Gemisch;2713109;t;ERN001;Erntemenge
41241;Ernte-u.Betriebsbericht: Feldfrüchte und Grünland;JAHR;Jahr;2002;DINSG;Deutschland insgesamt;DG;Deutschland;FRUA03;Fruchtarten;FRUART0122;Hafer;1015851;t;ERN001;Erntemenge
41241;Ernte-u.Betriebsbericht: Feldfrüchte und Grünland;JAHR;Jahr;2005;DINSG;Deutschland insgesamt;DG;Deutschland;FRUA03;Fruchtarten;FRUART01211;Wintergerste;8819100;t;ERN001;Erntemenge
41241;Ernte-u.Betriebsbericht: Feldfrüchte und Grünland;JAHR;Jahr;1959;DINSG;Deutschland insgesamt;DG;Deutschland;FRUA03;Fruchtarten;FRUART063;Feldgras/Grasanbau auf dem Ackerland;848222;t;ERN001;Erntemenge
41241;Ernte-u.Betriebsbericht: Feldfrüchte und Grünland;JAHR;Jahr;1984;DINSG;Deutschland insgesamt;DG;Deutschland;FRUA03;Fruchtarten;FRUART0122;Hafer;2506891;t;ERN001;Erntemenge
41241;Ernte-u.Betriebsbericht: Feldfrüchte und Grünland;JAHR;Jahr;2006;DINSG;Deutschland insgesamt;DG;Deutschland;FRUA03;Fruchtarten;KULART01421;Mähweiden;17358900;t;ERN001;Erntemenge
41241;Ernte-u.Betriebsbericht: Feldfrüchte und Grünland;JAHR;Jahr;1978;DINSG;Deutschland insgesamt;DG;Deutschland;FRUA03;Fruchtarten;FRUART0123;Sommermenggetreide;846626;t;ERN001;Erntemenge
41241;Ernte-u.Betriebsbericht: Feldfrüchte und Grünland;JAHR;Jahr;1972;DINSG;Deutschland insgesamt;DG;Deutschland;FRUA03;Fruchtarten;FRUART01211;Wintergerste;2392945;t;ERN001;Erntemenge
41241;Ernte-u.Betriebsbericht: Feldfrüchte und Grünland;JAHR;Jahr;1981;DINSG;Deutschland insgesamt;DG;Deutschland;FRUA03;Fruchtarten;FRUART065;Raufutter;29675406;t;ERN001;Erntemenge
41241;Ernte-u.Betriebsbericht: Feldfrüchte und Grünland;JAHR;Jahr;1966;DINSG;Deutschland insgesamt;DG;Deutschland;FRUA03;Fruchtarten;FRUART063;Feldgras/Grasanbau auf dem Ackerland;1238428;t;ERN001;Erntemenge
41241;Ernte-u.Betriebsbericht: Feldfrüchte und Grünland;JAHR;Jahr;1988;DINSG;Deutschland insgesamt;DG;Deutschland;FRUA03;Fruchtarten;FRUART031;Kartoffeln;7433749;t;ERN001;Erntemenge
41241;Ernte-u.Betriebsbericht: Feldfrüchte und Grünland;JAHR;Jahr;2003;DINSG;Deutschland insgesamt;DG;Deutschland;FRUA03;Fruchtarten;FRUART0113;Wintermenggetreide;52987;t;ERN001;Erntemenge
41241;Ernte-u.Betriebsbericht: Feldfrüchte und Grünland;JAHR;Jahr;2005;DINSG;Deutschland insgesamt;DG;Deutschland;FRUA03;Fruchtarten;FRUART01113;Hartweizen (Durum);50800;t;ERN001;Erntemenge
41241;Ernte-u.Betriebsbericht: Feldfrüchte und Grünland;JAHR;Jahr;1961;DINSG;Deutschland insgesamt;DG;Deutschland;FRUA03;Fruchtarten;FRUART013CCM;Körnermais (einschl. CCM);23220;t;ERN001;Erntemenge
41241;Ernte-u.Betriebsbericht: Feldfrüchte und Grünland;JAHR;Jahr;1950;DINSG;Deutschland insgesamt;DG;Deutschland;FRUA03;Fruchtarten;KULART01411;Wiesen;.;t;ERN001;Erntemenge
41241;Ernte-u.Betriebsbericht: Feldfrüchte und Grünland;JAHR;Jahr;1961;DINSG;Deutschland insgesamt;DG;Deutschland;FRUA03;Fruchtarten;FRUART012;Futter- und Industriegetreide;5688080;t;ERN001;Erntemenge
41241;Ernte-u.Betriebsbericht: Feldfrüchte und Grünland;JAHR;Jahr;1963;DINSG;Deutschland insgesamt;DG;Deutschland;FRUA03;Fruchtarten;FRUART05112;Sommerraps, Winter- und Sommerrübsen;18819;t;ERN001;Erntemenge
41241;Ernte-u.Betriebsbericht: Feldfrüchte und Grünland;JAHR;Jahr;1986;DINSG;Deutschland insgesamt;DG;Deutschland;FRUA03;Fruchtarten;FRUART0513;Körnersonnenblumen;.;t;ERN001;Erntemenge
41241;Ernte-u.Betriebsbericht: Feldfrüchte und Grünland;JAHR;Jahr;1951;DINSG;Deutschland insgesamt;DG;Deutschland;FRUA03;Fruchtarten;FRUART021;Futtererbsen;.;t;ERN001;Erntemenge
41241;Ernte-u.Betriebsbericht: Feldfrüchte und Grünland;JAHR;Jahr;1957;DINSG;Deutschland insgesamt;DG;Deutschland;FRUA03;Fruchtarten;FRUART0113;Wintermenggetreide;180850;t;ERN001;Erntemenge
41241;Ernte-u.Betriebsbericht: Feldfrüchte und Grünland;JAHR;Jahr;1999;DINSG;Deutschland insgesamt;DG;Deutschland;FRUA03;Fruchtarten;FRUART05112;Sommerraps, Winter- und Sommerrübsen;103982;t;ERN001;Erntemenge
41241;Ernte-u.Betriebsbericht: Feldfrüchte und Grünland;JAHR;Jahr;1972;DINSG;Deutschland insgesamt;DG;Deutschland;FRUA03;Fruchtarten;FRUART01113;Hartweizen (Durum);.;t;ERN001;Erntemenge
41241;Ernte-u.Betriebsbericht: Feldfrüchte und Grünland;JAHR;Jahr;1973;DINSG;Deutschland insgesamt;DG;Deutschland;FRUA03;Fruchtarten;FRUART033;Runkelrüben;24031834;t;ERN001;Erntemenge
41241;Ernte-u.Betriebsbericht: Feldfrüchte und Grünland;JAHR;Jahr;1969;DINSG;Deutschland insgesamt;DG;Deutschland;FRUA03;Fruchtarten;FRUART0124;Triticale;.;t;ERN001;Erntemenge
41241;Ernte-u.Betriebsbericht: Feldfrüchte und Grünland;JAHR;Jahr;1954;DINSG;Deutschland insgesamt;DG;Deutschland;FRUA03;Fruchtarten;FRUART012;Futter- und Industriegetreide;5434596;t;ERN001;Erntemenge
41241;Ernte-u.Betriebsbericht: Feldfrüchte und Grünland;JAHR;Jahr;1976;DINSG;Deutschland insgesamt;DG;Deutschland;FRUA03;Fruchtarten;FRUART0511;Raps und Rübsen;221530;t;ERN001;Erntemenge
41241;Ernte-u.Betriebsbericht: Feldfrüchte und Grünland;JAHR;Jahr;1988;DINSG;Deutschland insgesamt;DG;Deutschland;FRUA03;Fruchtarten;FRUART01111;Winterweizen;11515072;t;ERN001;Erntemenge
41241;Ernte-u.Betriebsbericht: Feldfrüchte und Grünland;JAHR;Jahr;1974;DINSG;Deutschland insgesamt;DG;Deutschland;FRUA03;Fruchtarten;FRUART01111W;Weichweizen;.;t;ERN001;Erntemenge
41241;Ernte-u.Betriebsbericht: Feldfrüchte und Grünland;JAHR;Jahr;1996;DINSG;Deutschland insgesamt;DG;Deutschland;FRUA03;Fruchtarten;FRUART0121;Gerste;12074051;t;ERN001;Erntemenge
41241;Ernte-u.Betriebsbericht: Feldfrüchte und Grünland;JAHR;Jahr;1966;DINSG;Deutschland insgesamt;DG;Deutschland;FRUA03;Fruchtarten;FRUART0124;Triticale;.;t;ERN001;Erntemenge
41241;Ernte-u.Betriebsbericht: Feldfrüchte und Grünland;JAHR;Jahr;1969;DINSG;Deutschland insgesamt;DG;Deutschland;FRUA03;Fruchtarten;FRUART032;Zuckerrüben;12941284;t;ERN001;Erntemenge
41241;Ernte-u.Betriebsbericht: Feldfrüchte und Grünland;JAHR;Jahr;1992;DINSG;Deutschland insgesamt;DG;Deutschland;FRUA03;Fruchtarten;FRUART01112;Sommerweizen;276279;t;ERN001;Erntemenge
41241;Ernte-u.Betriebsbericht: Feldfrüchte und Grünland;JAHR;Jahr;1982;DINSG;Deutschland insgesamt;DG;Deutschland;FRUA03;Fruchtarten;FRUART01OKM;Getreide (ohne Körnermais und CCM);23570679;t;ERN001;Erntemenge
41241;Ernte-u.Betriebsbericht: Feldfrüchte und Grünland;JAHR;Jahr;1977;DINSG;Deutschland insgesamt;DG;Deutschland;FRUA03;Fruchtarten;FRUART065;Raufutter;30172773;t;ERN001;Erntemenge
41241;Ernte-u.Betriebsbericht: Feldfrüchte und Grünland;JAHR;Jahr;1970;DINSG;Deutschland insgesamt;DG;Deutschland;FRUA03;Fruchtarten;FRUART01OKM;Getreide (ohne Körnermais und CCM);16790810;t;ERN001;Erntemenge
41241;Ernte-u.Betriebsbericht: Feldfrüchte und Grünland;JAHR;Jahr;1970;DINSG;Deutschland insgesamt;DG;Deutschland;FRUA03;Fruchtarten;FRUART0513;Körnersonnenblumen;.;t;ERN001;Erntemenge
41241;Ernte-u.Betriebsbericht: Feldfrüchte und Grünland;JAHR;Jahr;1962;DINSG;Deutschland insgesamt;DG;Deutschland;FRUA03;Fruchtarten;FRUART0121;Gerste;3744287;t;ERN001;Erntemenge
41241;Ernte-u.Betriebsbericht: Feldfrüchte und Grünland;JAHR;Jahr;2001;DINSG;Deutschland insgesamt;DG;Deutschland;FRUA03;Fruchtarten;FRUART063;Feldgras/Grasanbau auf dem Ackerland;1922675;t;ERN001;Erntemenge
41241;Ernte-u.Betriebsbericht: Feldfrüchte und Grünland;JAHR;Jahr;1953;DINSG;Deutschland insgesamt;DG;Deutschland;FRUA03;Fruchtarten;FRUART0123;Sommermenggetreide;668898;t;ERN001;Erntemenge
41241;Ernte-u.Betriebsbericht: Feldfrüchte und Grünland;JAHR;Jahr;1991;DINSG;Deutschland insgesamt;DG;Deutschland;FRUA03;Fruchtarten;FRUART012;Futter- und Industriegetreide;17349699;t;ERN001;Erntemenge
41241;Ernte-u.Betriebsbericht: Feldfrüchte und Grünland;JAHR;Jahr;1970;DINSG;Deutschland insgesamt;DG;Deutschland;FRUA03;Fruchtarten;KULART0141S;Wiesen und Mähweiden;27476903;t;ERN001;Erntemenge
41241;Ernte-u.Betriebsbericht: Feldfrüchte und Grünland;JAHR;Jahr;1971;DINSG;Deutschland insgesamt;DG;Deutschland;FRUA03;Fruchtarten;FRUART0121;Gerste;5773591;t;ERN001;Erntemenge
41241;Ernte-u.Betriebsbericht: Feldfrüchte und Grünland;JAHR;Jahr;1987;DINSG;Deutschland insgesamt;DG;Deutschland;FRUA03;Fruchtarten;FRUART0121;Gerste;8571290;t;ERN001;Erntemenge
41241;Ernte-u.Betriebsbericht: Feldfrüchte und Grünland;JAHR;Jahr;1985;DINSG;Deutschland insgesamt;DG;Deutschland;FRUA03;Fruchtarten;FRUART062;Luzerne;.;t;ERN001;Erntemenge
41241;Ernte-u.Betriebsbericht: Feldfrüchte und Grünland;JAHR;Jahr;1980;DINSG;Deutschland insgesamt;DG;Deutschland;FRUA03;Fruchtarten;FRUART011;Brotgetreide;10340131;t;ERN001;Erntemenge
41241;Ernte-u.Betriebsbericht: Feldfrüchte und Grünland;JAHR;Jahr;1972;DINSG;Deutschland insgesamt;DG;Deutschland;FRUA03;Fruchtarten;FRUART01111W;Weichweizen;.;t;ERN001;Erntemenge
41241;Ernte-u.Betriebsbericht: Feldfrüchte und Grünland;JAHR;Jahr;1975;DINSG;Deutschland insgesamt;DG;Deutschland;FRUA03;Fruchtarten;FRUART0124;Triticale;.;t;ERN001;Erntemenge
41241;Ernte-u.Betriebsbericht: Feldfrüchte und Grünland;JAHR;Jahr;1950;DINSG;Deutschland insgesamt;DG;Deutschland;FRUA03;Fruchtarten;FRUART0124;Triticale;.;t;ERN001;Erntemenge
41241;Ernte-u.Betriebsbericht: Feldfrüchte und Grünland;JAHR;Jahr;2000;DINSG;Deutschland insgesamt;DG;Deutschland;FRUA03;Fruchtarten;FRUART01111;Winterweizen;21324674;t;ERN001;Erntemenge
41241;Ernte-u.Betriebsbericht: Feldfrüchte und Grünland;JAHR;Jahr;1998;DINSG;Deutschland insgesamt;DG;Deutschland;FRUA03;Fruchtarten;KULART0141S;Wiesen und Mähweiden;34613623;t;ERN001;Erntemenge
41241;Ernte-u.Betriebsbericht: Feldfrüchte und Grünland;JAHR;Jahr;1969;DINSG;Deutschland insgesamt;DG;Deutschland;FRUA03;Fruchtarten;FRUART067;Lupinen;.;t;ERN001;Erntemenge
41241;Ernte-u.Betriebsbericht: Feldfrüchte und Grünland;JAHR;Jahr;1967;DINSG;Deutschland insgesamt;DG;Deutschland;FRUA03;Fruchtarten;FRUART0511;Raps und Rübsen;124591;t;ERN001;Erntemenge
41241;Ernte-u.Betriebsbericht: Feldfrüchte und Grünland;JAHR;Jahr;2006;DINSG;Deutschland insgesamt;DG;Deutschland;FRUA03;Fruchtarten;FRUART0112;Roggen;2643700;t;ERN001;Erntemenge
41241;Ernte-u.Betriebsbericht: Feldfrüchte und Grünland;JAHR;Jahr;1993;DINSG;Deutschland insgesamt;DG;Deutschland;FRUA03;Fruchtarten;FRUART0122;Hafer;1730605;t;ERN001;Erntemenge
41241;Ernte-u.Betriebsbericht: Feldfrüchte und Grünland;JAHR;Jahr;1995;DINSG;Deutschland insgesamt;DG;Deutschland;FRUA03;Fruchtarten;FRUART0513;Körnersonnenblumen;111114;t;ERN001;Erntemenge
41241;Ernte-u.Betriebsbericht: Feldfrüchte und Grünland;JAHR;Jahr;1968;DINSG;Deutschland insgesamt;DG;Deutschland;FRUA03;Fruchtarten;FRUART01111;Winterweizen;5577398;t;ERN001;Erntemenge
41241;Ernte-u.Betriebsbericht: Feldfrüchte und Grünland;JAHR;Jahr;2000;DINSG;Deutschland insgesamt;DG;Deutschland;FRUA03;Fruchtarten;FRUART022;Ackerbohnen;61740;t;ERN001;Erntemenge
41241;Ernte-u.Betriebsbericht: Feldfrüchte und Grünland;JAHR;Jahr;2008;DINSG;Deutschland insgesamt;DG;Deutschland;FRUA03;Fruchtarten;FRUART064;Silomais (einschl. Lieschkolbenschrot);70950300;t;ERN001;Erntemenge
41241;Ernte-u.Betriebsbericht: Feldfrüchte und Grünland;JAHR;Jahr;1970;DINSG;Deutschland insgesamt;DG;Deutschland;FRUA03;Fruchtarten;FRUART064;Silomais (einschl. Lieschkolbenschrot);8479087;t;ERN001;Erntemenge
41241;Ernte-u.Betriebsbericht: Feldfrüchte und Grünland;JAHR;Jahr;1981;DINSG;Deutschland insgesamt;DG;Deutschland;FRUA03;Fruchtarten;FRUART031MUS;Mittelfrühe und späte Kartoffeln;7084502;t;ERN001;Erntemenge
41241;Ernte-u.Betriebsbericht: Feldfrüchte und Grünland;JAHR;Jahr;1975;DINSG;Deutschland insgesamt;DG;Deutschland;FRUA03;Fruchtarten;KULART01421;Mähweiden;.;t;ERN001;Erntemenge
41241;Ernte-u.Betriebsbericht: Feldfrüchte und Grünland;JAHR;Jahr;1968;DINSG;Deutschland insgesamt;DG;Deutschland;FRUA03;Fruchtarten;KULART01411;Wiesen;.;t;ERN001;Erntemenge
41241;Ernte-u.Betriebsbericht: Feldfrüchte und Grünland;JAHR;Jahr;1962;DINSG;Deutschland insgesamt;DG;Deutschland;FRUA03;Fruchtarten;KULART0141S;Wiesen und Mähweiden;19577758;t;ERN001;Erntemenge
41241;Ernte-u.Betriebsbericht: Feldfrüchte und Grünland;JAHR;Jahr;1987;DINSG;Deutschland insgesamt;DG;Deutschland;FRUA03;Fruchtarten;FRUART033;Runkelrüben;8933712;t;ERN001;Erntemenge
41241;Ernte-u.Betriebsbericht: Feldfrüchte und Grünland;JAHR;Jahr;1967;DINSG;Deutschland insgesamt;DG;Deutschland;FRUA03;Fruchtarten;FRUART061;Klee, Kleegras und Klee-Luzerne-Gemisch;3802849;t;ERN001;Erntemenge
41241;Ernte-u.Betriebsbericht: Feldfrüchte und Grünland;JAHR;Jahr;1982;DINSG;Deutschland insgesamt;DG;Deutschland;FRUA03;Fruchtarten;FRUART05112;Sommerraps, Winter- und Sommerrübsen;19059;t;ERN001;Erntemenge
41241;Ernte-u.Betriebsbericht: Feldfrüchte und Grünland;JAHR;Jahr;1973;DINSG;Deutschland insgesamt;DG;Deutschland;FRUA03;Fruchtarten;FRUART0124;Triticale;.;t;ERN001;Erntemenge
41241;Ernte-u.Betriebsbericht: Feldfrüchte und Grünland;JAHR;Jahr;1969;DINSG;Deutschland insgesamt;DG;Deutschland;FRUA03;Fruchtarten;FRUART033;Runkelrüben;31354834;t;ERN001;Erntemenge
41241;Ernte-u.Betriebsbericht: Feldfrüchte und Grünland;JAHR;Jahr;1981;DINSG;Deutschland insgesamt;DG;Deutschland;FRUA03;Fruchtarten;FRUART0123;Sommermenggetreide;522420;t;ERN001;Erntemenge
41241;Ernte-u.Betriebsbericht: Feldfrüchte und Grünland;JAHR;Jahr;1992;DINSG;Deutschland insgesamt;DG;Deutschland;FRUA03;Fruchtarten;FRUART01111;Winterweizen;15195970;t;ERN001;Erntemenge
41241;Ernte-u.Betriebsbericht: Feldfrüchte und Grünland;JAHR;Jahr;2009;DINSG;Deutschland insgesamt;DG;Deutschland;FRUA03;Fruchtarten;FRUART0111;Weizen;25190300;t;ERN001;Erntemenge
41241;Ernte-u.Betriebsbericht: Feldfrüchte und Grünland;JAHR;Jahr;1977;DINSG;Deutschland insgesamt;DG;Deutschland;FRUA03;Fruchtarten;FRUART064;Silomais (einschl. Lieschkolbenschrot);25630887;t;ERN001;Erntemenge
41241;Ernte-u.Betriebsbericht: Feldfrüchte und Grünland;JAHR;Jahr;1992;DINSG;Deutschland insgesamt;DG;Deutschland;FRUA03;Fruchtarten;FRUART061;Klee, Kleegras und Klee-Luzerne-Gemisch;2126610;t;ERN001;Erntemenge
41241;Ernte-u.Betriebsbericht: Feldfrüchte und Grünland;JAHR;Jahr;1955;DINSG;Deutschland insgesamt;DG;Deutschland;FRUA03;Fruchtarten;FRUART032;Zuckerrüben;8937818;t;ERN001;Erntemenge
41241;Ernte-u.Betriebsbericht: Feldfrüchte und Grünland;JAHR;Jahr;1985;DINSG;Deutschland insgesamt;DG;Deutschland;FRUA03;Fruchtarten;FRUART05112;Sommerraps, Winter- und Sommerrübsen;20911;t;ERN001;Erntemenge
41241;Ernte-u.Betriebsbericht: Feldfrüchte und Grünland;JAHR;Jahr;1999;DINSG;Deutschland insgesamt;DG;Deutschland;FRUA03;Fruchtarten;FRUART062;Luzerne;268246;t;ERN001;Erntemenge
41241;Ernte-u.Betriebsbericht: Feldfrüchte und Grünland;JAHR;Jahr;2004;DINSG;Deutschland insgesamt;DG;Deutschland;FRUA03;Fruchtarten;FRUART01111;Winterweizen;25088446;t;ERN001;Erntemenge
41241;Ernte-u.Betriebsbericht: Feldfrüchte und Grünland;JAHR;Jahr;1962;DINSG;Deutschland insgesamt;DG;Deutschland;FRUA03;Fruchtarten;FRUART067;Lupinen;.;t;ERN001;Erntemenge
41241;Ernte-u.Betriebsbericht: Feldfrüchte und Grünland;JAHR;Jahr;1989;DINSG;Deutschland insgesamt;DG;Deutschland;FRUA03;Fruchtarten;FRUART0513;Körnersonnenblumen;.;t;ERN001;Erntemenge
41241;Ernte-u.Betriebsbericht: Feldfrüchte und Grünland;JAHR;Jahr;1985;DINSG;Deutschland insgesamt;DG;Deutschland;FRUA03;Fruchtarten;FRUART061;Klee, Kleegras und Klee-Luzerne-Gemisch;1540706;t;ERN001;Erntemenge
41241;Ernte-u.Betriebsbericht: Feldfrüchte und Grünland;JAHR;Jahr;1965;DINSG;Deutschland insgesamt;DG;Deutschland;FRUA03;Fruchtarten;KULART01411;Wiesen;.;t;ERN001;Erntemenge
41241;Ernte-u.Betriebsbericht: Feldfrüchte und Grünland;JAHR;Jahr;1955;DINSG;Deutschland insgesamt;DG;Deutschland;FRUA03;Fruchtarten;FRUART067;Lupinen;.;t;ERN001;Erntemenge
41241;Ernte-u.Betriebsbericht: Feldfrüchte und Grünland;JAHR;Jahr;1994;DINSG;Deutschland insgesamt;DG;Deutschland;FRUA03;Fruchtarten;FRUART011;Brotgetreide;19982750;t;ERN001;Erntemenge
41241;Ernte-u.Betriebsbericht: Feldfrüchte und Grünland;JAHR;Jahr;1984;DINSG;Deutschland insgesamt;DG;Deutschland;FRUA03;Fruchtarten;FRUART013CCM;Körnermais (einschl. CCM);1026409;t;ERN001;Erntemenge
41241;Ernte-u.Betriebsbericht: Feldfrüchte und Grünland;JAHR;Jahr;1970;DINSG;Deutschland insgesamt;DG;Deutschland;FRUA03;Fruchtarten;FRUART063;Feldgras/Grasanbau auf dem Ackerland;1139345;t;ERN001;Erntemenge
41241;Ernte-u.Betriebsbericht: Feldfrüchte und Grünland;JAHR;Jahr;1960;DINSG;Deutschland insgesamt;DG;Deutschland;FRUA03;Fruchtarten;FRUART01111W;Weichweizen;.;t;ERN001;Erntemenge
41241;Ernte-u.Betriebsbericht: Feldfrüchte und Grünland;JAHR;Jahr;1972;DINSG;Deutschland insgesamt;DG;Deutschland;FRUA03;Fruchtarten;KULART01421;Mähweiden;.;t;ERN001;Erntemenge
41241;Ernte-u.Betriebsbericht: Feldfrüchte und Grünland;JAHR;Jahr;2001;DINSG;Deutschland insgesamt;DG;Deutschland;FRUA03;Fruchtarten;FRUART011;Brotgetreide;28021655;t;ERN001;Erntemenge
41241;Ernte-u.Betriebsbericht: Feldfrüchte und Grünland;JAHR;Jahr;1998;DINSG;Deutschland insgesamt;DG;Deutschland;FRUA03;Fruchtarten;FRUART013CCM;Körnermais (einschl. CCM);2781464;t;ERN001;Erntemenge
41241;Ernte-u.Betriebsbericht: Feldfrüchte und Grünland;JAHR;Jahr;2006;DINSG;Deutschland insgesamt;DG;Deutschland;FRUA03;Fruchtarten;FRUART062;Luzerne;268800;t;ERN001;Erntemenge
41241;Ernte-u.Betriebsbericht: Feldfrüchte und Grünland;JAHR;Jahr;1963;DINSG;Deutschland insgesamt;DG;Deutschland;FRUA03;Fruchtarten;FRUART064;Silomais (einschl. Lieschkolbenschrot);2020853;t;ERN001;Erntemenge
41241;Ernte-u.Betriebsbericht: Feldfrüchte und Grünland;JAHR;Jahr;1984;DINSG;Deutschland insgesamt;DG;Deutschland;FRUA03;Fruchtarten;FRUART064;Silomais (einschl. Lieschkolbenschrot);37918664;t;ERN001;Erntemenge
41241;Ernte-u.Betriebsbericht: Feldfrüchte und Grünland;JAHR;Jahr;1998;DINSG;Deutschland insgesamt;DG;Deutschland;FRUA03;Fruchtarten;FRUART031FSK;Frühe Speisekartoffeln;477133;t;ERN001;Erntemenge
41241;Ernte-u.Betriebsbericht: Feldfrüchte und Grünland;JAHR;Jahr;1964;DINSG;Deutschland insgesamt;DG;Deutschland;FRUA03;Fruchtarten;FRUART01211;Wintergerste;1216158;t;ERN001;Erntemenge
41241;Ernte-u.Betriebsbericht: Feldfrüchte und Grünland;JAHR;Jahr;2002;DINSG;Deutschland insgesamt;DG;Deutschland;FRUA03;Fruchtarten;KULART01421;Mähweiden;18608247;t;ERN001;Erntemenge
41241;Ernte-u.Betriebsbericht: Feldfrüchte und Grünland;JAHR;Jahr;1953;DINSG;Deutschland insgesamt;DG;Deutschland;FRUA03;Fruchtarten;FRUART031FSK;Frühe Speisekartoffeln;1059393;t;ERN001;Erntemenge
41241;Ernte-u.Betriebsbericht: Feldfrüchte und Grünland;JAHR;Jahr;1952;DINSG;Deutschland insgesamt;DG;Deutschland;FRUA03;Fruchtarten;FRUART063;Feldgras/Grasanbau auf dem Ackerland;689387;t;ERN001;Erntemenge
41241;Ernte-u.Betriebsbericht: Feldfrüchte und Grünland;JAHR;Jahr;1978;DINSG;Deutschland insgesamt;DG;Deutschland;FRUA03;Fruchtarten;KULART01421;Mähweiden;.;t;ERN001;Erntemenge
41241;Ernte-u.Betriebsbericht: Feldfrüchte und Grünland;JAHR;Jahr;2008;DINSG;Deutschland insgesamt;DG;Deutschland;FRUA03;Fruchtarten;FRUART012;Futter- und Industriegetreide;15212800;t;ERN001;Erntemenge
41241;Ernte-u.Betriebsbericht: Feldfrüchte und Grünland;JAHR;Jahr;1964;DINSG;Deutschland insgesamt;DG;Deutschland;FRUA03;Fruchtarten;FRUART01113;Hartweizen (Durum);.;t;ERN001;Erntemenge
41241;Ernte-u.Betriebsbericht: Feldfrüchte und Grünland;JAHR;Jahr;1998;DINSG;Deutschland insgesamt;DG;Deutschland;FRUA03;Fruchtarten;FRUART021;Futtererbsen;589378;t;ERN001;Erntemenge
41241;Ernte-u.Betriebsbericht: Feldfrüchte und Grünland;JAHR;Jahr;1982;DINSG;Deutschland insgesamt;DG;Deutschland;FRUA03;Fruchtarten;FRUART01212;Sommergerste;4447452;t;ERN001;Erntemenge
41241;Ernte-u.Betriebsbericht: Feldfrüchte und Grünland;JAHR;Jahr;1978;DINSG;Deutschland insgesamt;DG;Deutschland;FRUA03;Fruchtarten;FRUART01211;Wintergerste;5203449;t;ERN001;Erntemenge
41241;Ernte-u.Betriebsbericht: Feldfrüchte und Grünland;JAHR;Jahr;2004;DINSG;Deutschland insgesamt;DG;Deutschland;FRUA03;Fruchtarten;FRUART0112;Roggen;3829957;t;ERN001;Erntemenge
41241;Ernte-u.Betriebsbericht: Feldfrüchte und Grünland;JAHR;Jahr;1986;DINSG;Deutschland insgesamt;DG;Deutschland;FRUA03;Fruchtarten;FRUART0122;Hafer;2275956;t;ERN001;Erntemenge
41241;Ernte-u.Betriebsbericht: Feldfrüchte und Grünland;JAHR;Jahr;1992;DINSG;Deutschland insgesamt;DG;Deutschland;FRUA03;Fruchtarten;FRUART01EKM;Getreide (einschl. Körnermais und CCM);34758462;t;ERN001;Erntemenge
41241;Ernte-u.Betriebsbericht: Feldfrüchte und Grünland;JAHR;Jahr;2000;DINSG;Deutschland insgesamt;DG;Deutschland;FRUA03;Fruchtarten;FRUART0113;Wintermenggetreide;54032;t;ERN001;Erntemenge
41241;Ernte-u.Betriebsbericht: Feldfrüchte und Grünland;JAHR;Jahr;1993;DINSG;Deutschland insgesamt;DG;Deutschland;FRUA03;Fruchtarten;FRUART0513;Körnersonnenblumen;.;t;ERN001;Erntemenge
41241;Ernte-u.Betriebsbericht: Feldfrüchte und Grünland;JAHR;Jahr;2005;DINSG;Deutschland insgesamt;DG;Deutschland;FRUA03;Fruchtarten;FRUART021;Futtererbsen;346300;t;ERN001;Erntemenge
41241;Ernte-u.Betriebsbericht: Feldfrüchte und Grünland;JAHR;Jahr;1959;DINSG;Deutschland insgesamt;DG;Deutschland;FRUA03;Fruchtarten;FRUART064;Silomais (einschl. Lieschkolbenschrot);1179620;t;ERN001;Erntemenge
41241;Ernte-u.Betriebsbericht: Feldfrüchte und Grünland;JAHR;Jahr;1951;DINSG;Deutschland insgesamt;DG;Deutschland;FRUA03;Fruchtarten;FRUART0123;Sommermenggetreide;486391;t;ERN001;Erntemenge
41241;Ernte-u.Betriebsbericht: Feldfrüchte und Grünland;JAHR;Jahr;1978;DINSG;Deutschland insgesamt;DG;Deutschland;FRUA03;Fruchtarten;FRUART01113;Hartweizen (Durum);.;t;ERN001;Erntemenge
41241;Ernte-u.Betriebsbericht: Feldfrüchte und Grünland;JAHR;Jahr;1994;DINSG;Deutschland insgesamt;DG;Deutschland;FRUA03;Fruchtarten;FRUART0121;Gerste;10902517;t;ERN001;Erntemenge
41241;Ernte-u.Betriebsbericht: Feldfrüchte und Grünland;JAHR;Jahr;1969;DINSG;Deutschland insgesamt;DG;Deutschland;FRUA03;Fruchtarten;FRUART011;Brotgetreide;9018738;t;ERN001;Erntemenge
41241;Ernte-u.Betriebsbericht: Feldfrüchte und Grünland;JAHR;Jahr;1980;DINSG;Deutschland insgesamt;DG;Deutschland;FRUA03;Fruchtarten;FRUART032;Zuckerrüben;19122000;t;ERN001;Erntemenge
41241;Ernte-u.Betriebsbericht: Feldfrüchte und Grünland;JAHR;Jahr;1967;DINSG;Deutschland insgesamt;DG;Deutschland;FRUA03;Fruchtarten;FRUART01113;Hartweizen (Durum);.;t;ERN001;Erntemenge
41241;Ernte-u.Betriebsbericht: Feldfrüchte und Grünland;JAHR;Jahr;1975;DINSG;Deutschland insgesamt;DG;Deutschland;FRUA03;Fruchtarten;FRUART0511;Raps und Rübsen;199042;t;ERN001;Erntemenge
41241;Ernte-u.Betriebsbericht: Feldfrüchte und Grünland;JAHR;Jahr;1985;DINSG;Deutschland insgesamt;DG;Deutschland;FRUA03;Fruchtarten;FRUART01212;Sommergerste;3339408;t;ERN001;Erntemenge
41241;Ernte-u.Betriebsbericht: Feldfrüchte und Grünland;JAHR;Jahr;1980;DINSG;Deutschland insgesamt;DG;Deutschland;FRUA03;Fruchtarten;FRUART067;Lupinen;.;t;ERN001;Erntemenge
41241;Ernte-u.Betriebsbericht: Feldfrüchte und Grünland;JAHR;Jahr;1976;DINSG;Deutschland insgesamt;DG;Deutschland;FRUA03;Fruchtarten;FRUART067;Lupinen;.;t;ERN001;Erntemenge
41241;Ernte-u.Betriebsbericht: Feldfrüchte und Grünland;JAHR;Jahr;1995;DINSG;Deutschland insgesamt;DG;Deutschland;FRUA03;Fruchtarten;FRUART065;Raufutter;37357347;t;ERN001;Erntemenge
41241;Ernte-u.Betriebsbericht: Feldfrüchte und Grünland;JAHR;Jahr;1964;DINSG;Deutschland insgesamt;DG;Deutschland;FRUA03;Fruchtarten;FRUART0121;Gerste;3915449;t;ERN001;Erntemenge
41241;Ernte-u.Betriebsbericht: Feldfrüchte und Grünland;JAHR;Jahr;1966;DINSG;Deutschland insgesamt;DG;Deutschland;FRUA03;Fruchtarten;FRUART031MUS;Mittelfrühe und späte Kartoffeln;17942438;t;ERN001;Erntemenge
41241;Ernte-u.Betriebsbericht: Feldfrüchte und Grünland;JAHR;Jahr;1951;DINSG;Deutschland insgesamt;DG;Deutschland;FRUA03;Fruchtarten;FRUART022;Ackerbohnen;40157;t;ERN001;Erntemenge
41241;Ernte-u.Betriebsbericht: Feldfrüchte und Grünland;JAHR;Jahr;2009;DINSG;Deutschland insgesamt;DG;Deutschland;FRUA03;Fruchtarten;FRUART0124;Triticale;2514400;t;ERN001;Erntemenge
41241;Ernte-u.Betriebsbericht: Feldfrüchte und Grünland;JAHR;Jahr;1962;DINSG;Deutschland insgesamt;DG;Deutschland;FRUA03;Fruchtarten;FRUART0513;Körnersonnenblumen;.;t;ERN001;Erntemenge
41241;Ernte-u.Betriebsbericht: Feldfrüchte und Grünland;JAHR;Jahr;1958;DINSG;Deutschland insgesamt;DG;Deutschland;FRUA03;Fruchtarten;FRUART01OKM;Getreide (ohne Körnermais und CCM);13156989;t;ERN001;Erntemenge
41241;Ernte-u.Betriebsbericht: Feldfrüchte und Grünland;JAHR;Jahr;2002;DINSG;Deutschland insgesamt;DG;Deutschland;FRUA03;Fruchtarten;FRUART065;Raufutter;38443204;t;ERN001;Erntemenge
41241;Ernte-u.Betriebsbericht: Feldfrüchte und Grünland;JAHR;Jahr;2009;DINSG;Deutschland insgesamt;DG;Deutschland;FRUA03;Fruchtarten;FRUART031;Kartoffeln;11683100;t;ERN001;Erntemenge
41241;Ernte-u.Betriebsbericht: Feldfrüchte und Grünland;JAHR;Jahr;1955;DINSG;Deutschland insgesamt;DG;Deutschland;FRUA03;Fruchtarten;FRUART0122;Hafer;2504514;t;ERN001;Erntemenge
41241;Ernte-u.Betriebsbericht: Feldfrüchte und Grünland;JAHR;Jahr;1978;DINSG;Deutschland insgesamt;DG;Deutschland;FRUA03;Fruchtarten;FRUART05111;Winterraps;314788;t;ERN001;Erntemenge
41241;Ernte-u.Betriebsbericht: Feldfrüchte und Grünland;JAHR;Jahr;1999;DINSG;Deutschland insgesamt;DG;Deutschland;FRUA03;Fruchtarten;FRUART0124;Triticale;2373914;t;ERN001;Erntemenge
41241;Ernte-u.Betriebsbericht: Feldfrüchte und Grünland;JAHR;Jahr;1989;DINSG;Deutschland insgesamt;DG;Deutschland;FRUA03;Fruchtarten;FRUART031MUS;Mittelfrühe und späte Kartoffeln;6865674;t;ERN001;Erntemenge
41241;Ernte-u.Betriebsbericht: Feldfrüchte und Grünland;JAHR;Jahr;1963;DINSG;Deutschland insgesamt;DG;Deutschland;FRUA03;Fruchtarten;FRUART0121;Gerste;3561622;t;ERN001;Erntemenge
41241;Ernte-u.Betriebsbericht: Feldfrüchte und Grünland;JAHR;Jahr;1987;DINSG;Deutschland insgesamt;DG;Deutschland;FRUA03;Fruchtarten;FRUART0113;Wintermenggetreide;45742;t;ERN001;Erntemenge
41241;Ernte-u.Betriebsbericht: Feldfrüchte und Grünland;JAHR;Jahr;1993;DINSG;Deutschland insgesamt;DG;Deutschland;FRUA03;Fruchtarten;FRUART01OKM;Getreide (ohne Körnermais und CCM);32890975;t;ERN001;Erntemenge
41241;Ernte-u.Betriebsbericht: Feldfrüchte und Grünland;JAHR;Jahr;1975;DINSG;Deutschland insgesamt;DG;Deutschland;FRUA03;Fruchtarten;FRUART01113;Hartweizen (Durum);.;t;ERN001;Erntemenge
41241;Ernte-u.Betriebsbericht: Feldfrüchte und Grünland;JAHR;Jahr;2005;DINSG;Deutschland insgesamt;DG;Deutschland;FRUA03;Fruchtarten;FRUART0112;Roggen;2793500;t;ERN001;Erntemenge
41241;Ernte-u.Betriebsbericht: Feldfrüchte und Grünland;JAHR;Jahr;1994;DINSG;Deutschland insgesamt;DG;Deutschland;FRUA03;Fruchtarten;FRUART0112;Roggen;3450605;t;ERN001;Erntemenge
41241;Ernte-u.Betriebsbericht: Feldfrüchte und Grünland;JAHR;Jahr;1966;DINSG;Deutschland insgesamt;DG;Deutschland;FRUA03;Fruchtarten;FRUART033;Runkelrüben;19429012;t;ERN001;Erntemenge
41241;Ernte-u.Betriebsbericht: Feldfrüchte und Grünland;JAHR;Jahr;2003;DINSG;Deutschland insgesamt;DG;Deutschland;FRUA03;Fruchtarten;FRUART0121;Gerste;10595573;t;ERN001;Erntemenge
41241;Ernte-u.Betriebsbericht: Feldfrüchte und Grünland;JAHR;Jahr;1993;DINSG;Deutschland insgesamt;DG;Deutschland;FRUA03;Fruchtarten;FRUART01212;Sommergerste;3406071;t;ERN001;Erntemenge
41241;Ernte-u.Betriebsbericht: Feldfrüchte und Grünland;JAHR;Jahr;1977;DINSG;Deutschland insgesamt;DG;Deutschland;FRUA03;Fruchtarten;FRUART0123;Sommermenggetreide;875080;t;ERN001;Erntemenge
41241;Ernte-u.Betriebsbericht: Feldfrüchte und Grünland;JAHR;Jahr;1997;DINSG;Deutschland insgesamt;DG;Deutschland;FRUA03;Fruchtarten;FRUART011;Brotgetreide;24471889;t;ERN001;Erntemenge
41241;Ernte-u.Betriebsbericht: Feldfrüchte und Grünland;JAHR;Jahr;1985;DINSG;Deutschland insgesamt;DG;Deutschland;FRUA03;Fruchtarten;FRUART0122;Hafer;2806453;t;ERN001;Erntemenge
41241;Ernte-u.Betriebsbericht: Feldfrüchte und Grünland;JAHR;Jahr;1967;DINSG;Deutschland insgesamt;DG;Deutschland;FRUA03;Fruchtarten;FRUART01211;Wintergerste;1720082;t;ERN001;Erntemenge
41241;Ernte-u.Betriebsbericht: Feldfrüchte und Grünland;JAHR;Jahr;1996;DINSG;Deutschland insgesamt;DG;Deutschland;FRUA03;Fruchtarten;FRUART05112;Sommerraps, Winter- und Sommerrübsen;134149;t;ERN001;Erntemenge
41241;Ernte-u.Betriebsbericht: Feldfrüchte und Grünland;JAHR;Jahr;1956;DINSG;Deutschland insgesamt;DG;Deutschland;FRUA03;Fruchtarten;FRUART064;Silomais (einschl. Lieschkolbenschrot);1701251;t;ERN001;Erntemenge
41241;Ernte-u.Betriebsbericht: Feldfrüchte und Grünland;JAHR;Jahr;1971;DINSG;Deutschland insgesamt;DG;Deutschland;FRUA03;Fruchtarten;FRUART05111;Winterraps;204942;t;ERN001;Erntemenge
41241;Ernte-u.Betriebsbericht: Feldfrüchte und Grünland;JAHR;Jahr;2009;DINSG;Deutschland insgesamt;DG;Deutschland;FRUA03;Fruchtarten;FRUART062;Luzerne;319800;t;ERN001;Erntemenge
41241;Ernte-u.Betriebsbericht: Feldfrüchte und Grünland;JAHR;Jahr;1965;DINSG;Deutschland insgesamt;DG;Deutschland;FRUA03;Fruchtarten;FRUART0112;Roggen;2825009;t;ERN001;Erntemenge
41241;Ernte-u.Betriebsbericht: Feldfrüchte und Grünland;JAHR;Jahr;1976;DINSG;Deutschland insgesamt;DG;Deutschland;FRUA03;Fruchtarten;FRUART032;Zuckerrüben;18010662;t;ERN001;Erntemenge
41241;Ernte-u.Betriebsbericht: Feldfrüchte und Grünland;JAHR;Jahr;2004;DINSG;Deutschland insgesamt;DG;Deutschland;FRUA03;Fruchtarten;FRUART011;Brotgetreide;29315452;t;ERN001;Erntemenge
41241;Ernte-u.Betriebsbericht: Feldfrüchte und Grünland;JAHR;Jahr;1981;DINSG;Deutschland insgesamt;DG;Deutschland;FRUA03;Fruchtarten;FRUART01111;Winterweizen;7697015;t;ERN001;Erntemenge
41241;Ernte-u.Betriebsbericht: Feldfrüchte und Grünland;JAHR;Jahr;1997;DINSG;Deutschland insgesamt;DG;Deutschland;FRUA03;Fruchtarten;FRUART01111W;Weichweizen;19793233;t;ERN001;Erntemenge
41241;Ernte-u.Betriebsbericht: Feldfrüchte und Grünland;JAHR;Jahr;1953;DINSG;Deutschland insgesamt;DG;Deutschland;FRUA03;Fruchtarten;FRUART01112;Sommerweizen;380168;t;ERN001;Erntemenge
41241;Ernte-u.Betriebsbericht: Feldfrüchte und Grünland;JAHR;Jahr;1995;DINSG;Deutschland insgesamt;DG;Deutschland;FRUA03;Fruchtarten;FRUART01EKM;Getreide (einschl. Körnermais und CCM);39863872;t;ERN001;Erntemenge
41241;Ernte-u.Betriebsbericht: Feldfrüchte und Grünland;JAHR;Jahr;1979;DINSG;Deutschland insgesamt;DG;Deutschland;FRUA03;Fruchtarten;KULART0141S;Wiesen und Mähweiden;26944598;t;ERN001;Erntemenge
41241;Ernte-u.Betriebsbericht: Feldfrüchte und Grünland;JAHR;Jahr;2008;DINSG;Deutschland insgesamt;DG;Deutschland;FRUA03;Fruchtarten;FRUART021;Futtererbsen;140600;t;ERN001;Erntemenge
41241;Ernte-u.Betriebsbericht: Feldfrüchte und Grünland;JAHR;Jahr;1963;DINSG;Deutschland insgesamt;DG;Deutschland;FRUA03;Fruchtarten;FRUART0513;Körnersonnenblumen;.;t;ERN001;Erntemenge
41241;Ernte-u.Betriebsbericht: Feldfrüchte und Grünland;JAHR;Jahr;1986;DINSG;Deutschland insgesamt;DG;Deutschland;FRUA03;Fruchtarten;KULART01421;Mähweiden;.;t;ERN001;Erntemenge
41241;Ernte-u.Betriebsbericht: Feldfrüchte und Grünland;JAHR;Jahr;1988;DINSG;Deutschland insgesamt;DG;Deutschland;FRUA03;Fruchtarten;FRUART05112;Sommerraps, Winter- und Sommerrübsen;24180;t;ERN001;Erntemenge
41241;Ernte-u.Betriebsbericht: Feldfrüchte und Grünland;JAHR;Jahr;1972;DINSG;Deutschland insgesamt;DG;Deutschland;FRUA03;Fruchtarten;FRUART022;Ackerbohnen;43959;t;ERN001;Erntemenge
41241;Ernte-u.Betriebsbericht: Feldfrüchte und Grünland;JAHR;Jahr;1975;DINSG;Deutschland insgesamt;DG;Deutschland;FRUA03;Fruchtarten;FRUART01211;Wintergerste;3268784;t;ERN001;Erntemenge
41241;Ernte-u.Betriebsbericht: Feldfrüchte und Grünland;JAHR;Jahr;1991;DINSG;Deutschland insgesamt;DG;Deutschland;FRUA03;Fruchtarten;FRUART064;Silomais (einschl. Lieschkolbenschrot);52067276;t;ERN001;Erntemenge
41241;Ernte-u.Betriebsbericht: Feldfrüchte und Grünland;JAHR;Jahr;1952;DINSG;Deutschland insgesamt;DG;Deutschland;FRUA03;Fruchtarten;FRUART032;Zuckerrüben;6847630;t;ERN001;Erntemenge
41241;Ernte-u.Betriebsbericht: Feldfrüchte und Grünland;JAHR;Jahr;1972;DINSG;Deutschland insgesamt;DG;Deutschland;FRUA03;Fruchtarten;FRUART0111;Weizen;6607967;t;ERN001;Erntemenge
41241;Ernte-u.Betriebsbericht: Feldfrüchte und Grünland;JAHR;Jahr;2007;DINSG;Deutschland insgesamt;DG;Deutschland;FRUA03;Fruchtarten;FRUART01111;Winterweizen;20639227;t;ERN001;Erntemenge
41241;Ernte-u.Betriebsbericht: Feldfrüchte und Grünland;JAHR;Jahr;2002;DINSG;Deutschland insgesamt;DG;Deutschland;FRUA03;Fruchtarten;FRUART0513;Körnersonnenblumen;51849;t;ERN001;Erntemenge
41241;Ernte-u.Betriebsbericht: Feldfrüchte und Grünland;JAHR;Jahr;1961;DINSG;Deutschland insgesamt;DG;Deutschland;FRUA03;Fruchtarten;FRUART01112;Sommerweizen;536773;t;ERN001;Erntemenge
41241;Ernte-u.Betriebsbericht: Feldfrüchte und Grünland;JAHR;Jahr;1998;DINSG;Deutschland insgesamt;DG;Deutschland;FRUA03;Fruchtarten;FRUART065;Raufutter;38949928;t;ERN001;Erntemenge
41241;Ernte-u.Betriebsbericht: Feldfrüchte und Grünland;JAHR;Jahr;1983;DINSG;Deutschland insgesamt;DG;Deutschland;FRUA03;Fruchtarten;FRUART032;Zuckerrüben;16295000;t;ERN001;Erntemenge
41241;Ernte-u.Betriebsbericht: Feldfrüchte und Grünland;JAHR;Jahr;1968;DINSG;Deutschland insgesamt;DG;Deutschland;FRUA03;Fruchtarten;FRUART0111;Weizen;6198380;t;ERN001;Erntemenge
41241;Ernte-u.Betriebsbericht: Feldfrüchte und Grünland;JAHR;Jahr;1966;DINSG;Deutschland insgesamt;DG;Deutschland;FRUA03;Fruchtarten;FRUART011;Brotgetreide;7358876;t;ERN001;Erntemenge
41241;Ernte-u.Betriebsbericht: Feldfrüchte und Grünland;JAHR;Jahr;1979;DINSG;Deutschland insgesamt;DG;Deutschland;FRUA03;Fruchtarten;KULART01411;Wiesen;.;t;ERN001;Erntemenge
41241;Ernte-u.Betriebsbericht: Feldfrüchte und Grünland;JAHR;Jahr;1973;DINSG;Deutschland insgesamt;DG;Deutschland;FRUA03;Fruchtarten;FRUART063;Feldgras/Grasanbau auf dem Ackerland;879418;t;ERN001;Erntemenge
41241;Ernte-u.Betriebsbericht: Feldfrüchte und Grünland;JAHR;Jahr;1965;DINSG;Deutschland insgesamt;DG;Deutschland;FRUA03;Fruchtarten;KULART0141S;Wiesen und Mähweiden;22428485;t;ERN001;Erntemenge
41241;Ernte-u.Betriebsbericht: Feldfrüchte und Grünland;JAHR;Jahr;1957;DINSG;Deutschland insgesamt;DG;Deutschland;FRUA03;Fruchtarten;KULART01411;Wiesen;.;t;ERN001;Erntemenge
41241;Ernte-u.Betriebsbericht: Feldfrüchte und Grünland;JAHR;Jahr;2004;DINSG;Deutschland insgesamt;DG;Deutschland;FRUA03;Fruchtarten;FRUART05112;Sommerraps, Winter- und Sommerrübsen;39668;t;ERN001;Erntemenge
41241;Ernte-u.Betriebsbericht: Feldfrüchte und Grünland;JAHR;Jahr;1960;DINSG;Deutschland insgesamt;DG;Deutschland;FRUA03;Fruchtarten;FRUART0113;Wintermenggetreide;252781;t;ERN001;Erntemenge
41241;Ernte-u.Betriebsbericht: Feldfrüchte und Grünland;JAHR;Jahr;2003;DINSG;Deutschland insgesamt;DG;Deutschland;FRUA03;Fruchtarten;FRUART031MUS;Mittelfrühe und späte Kartoffeln;9462584;t;ERN001;Erntemenge
41241;Ernte-u.Betriebsbericht: Feldfrüchte und Grünland;JAHR;Jahr;2005;DINSG;Deutschland insgesamt;DG;Deutschland;FRUA03;Fruchtarten;FRUART065;Raufutter;39087900;t;ERN001;Erntemenge
41241;Ernte-u.Betriebsbericht: Feldfrüchte und Grünland;JAHR;Jahr;1957;DINSG;Deutschland insgesamt;DG;Deutschland;FRUA03;Fruchtarten;FRUART01EKM;Getreide (einschl. Körnermais und CCM);13570271;t;ERN001;Erntemenge
41241;Ernte-u.Betriebsbericht: Feldfrüchte und Grünland;JAHR;Jahr;2008;DINSG;Deutschland insgesamt;DG;Deutschland;FRUA03;Fruchtarten;FRUART05111;Winterraps;5138000;t;ERN001;Erntemenge
41241;Ernte-u.Betriebsbericht: Feldfrüchte und Grünland;JAHR;Jahr;1983;DINSG;Deutschland insgesamt;DG;Deutschland;FRUA03;Fruchtarten;FRUART067;Lupinen;.;t;ERN001;Erntemenge
41241;Ernte-u.Betriebsbericht: Feldfrüchte und Grünland;JAHR;Jahr;1967;DINSG;Deutschland insgesamt;DG;Deutschland;FRUA03;Fruchtarten;FRUART031FSK;Frühe Speisekartoffeln;937919;t;ERN001;Erntemenge
41241;Ernte-u.Betriebsbericht: Feldfrüchte und Grünland;JAHR;Jahr;1999;DINSG;Deutschland insgesamt;DG;Deutschland;FRUA03;Fruchtarten;FRUART0111;Weizen;19615366;t;ERN001;Erntemenge
41241;Ernte-u.Betriebsbericht: Feldfrüchte und Grünland;JAHR;Jahr;1995;DINSG;Deutschland insgesamt;DG;Deutschland;FRUA03;Fruchtarten;FRUART01112;Sommerweizen;212529;t;ERN001;Erntemenge
41241;Ernte-u.Betriebsbericht: Feldfrüchte und Grünland;JAHR;Jahr;1956;DINSG;Deutschland insgesamt;DG;Deutschland;FRUA03;Fruchtarten;FRUART0113;Wintermenggetreide;162926;t;ERN001;Erntemenge
41241;Ernte-u.Betriebsbericht: Feldfrüchte und Grünland;JAHR;Jahr;1964;DINSG;Deutschland insgesamt;DG;Deutschland;FRUA03;Fruchtarten;FRUART061;Klee, Kleegras und Klee-Luzerne-Gemisch;3503611;t;ERN001;Erntemenge
41241;Ernte-u.Betriebsbericht: Feldfrüchte und Grünland;JAHR;Jahr;1984;DINSG;Deutschland insgesamt;DG;Deutschland;FRUA03;Fruchtarten;FRUART031FSK;Frühe Speisekartoffeln;539615;t;ERN001;Erntemenge
41241;Ernte-u.Betriebsbericht: Feldfrüchte und Grünland;JAHR;Jahr;1988;DINSG;Deutschland insgesamt;DG;Deutschland;FRUA03;Fruchtarten;FRUART061;Klee, Kleegras und Klee-Luzerne-Gemisch;1513650;t;ERN001;Erntemenge
41241;Ernte-u.Betriebsbericht: Feldfrüchte und Grünland;JAHR;Jahr;1995;DINSG;Deutschland insgesamt;DG;Deutschland;FRUA03;Fruchtarten;FRUART031MUS;Mittelfrühe und späte Kartoffeln;9333826;t;ERN001;Erntemenge
41241;Ernte-u.Betriebsbericht: Feldfrüchte und Grünland;JAHR;Jahr;1994;DINSG;Deutschland insgesamt;DG;Deutschland;FRUA03;Fruchtarten;FRUART033;Runkelrüben;2335511;t;ERN001;Erntemenge
41241;Ernte-u.Betriebsbericht: Feldfrüchte und Grünland;JAHR;Jahr;1957;DINSG;Deutschland insgesamt;DG;Deutschland;FRUA03;Fruchtarten;FRUART01111;Winterweizen;3439430;t;ERN001;Erntemenge
41241;Ernte-u.Betriebsbericht: Feldfrüchte und Grünland;JAHR;Jahr;2008;DINSG;Deutschland insgesamt;DG;Deutschland;FRUA03;Fruchtarten;FRUART01212;Sommergerste;2597700;t;ERN001;Erntemenge
41241;Ernte-u.Betriebsbericht: Feldfrüchte und Grünland;JAHR;Jahr;1990;DINSG;Deutschland insgesamt;DG;Deutschland;FRUA03;Fruchtarten;FRUART031FSK;Frühe Speisekartoffeln;866936;t;ERN001;Erntemenge
41241;Ernte-u.Betriebsbericht: Feldfrüchte und Grünland;JAHR;Jahr;1973;DINSG;Deutschland insgesamt;DG;Deutschland;FRUA03;Fruchtarten;KULART0141S;Wiesen und Mähweiden;26871233;t;ERN001;Erntemenge
41241;Ernte-u.Betriebsbericht: Feldfrüchte und Grünland;JAHR;Jahr;2001;DINSG;Deutschland insgesamt;DG;Deutschland;FRUA03;Fruchtarten;FRUART033;Runkelrüben;760431;t;ERN001;Erntemenge
41241;Ernte-u.Betriebsbericht: Feldfrüchte und Grünland;JAHR;Jahr;1991;DINSG;Deutschland insgesamt;DG;Deutschland;FRUA03;Fruchtarten;FRUART0113;Wintermenggetreide;45745;t;ERN001;Erntemenge
41241;Ernte-u.Betriebsbericht: Feldfrüchte und Grünland;JAHR;Jahr;2006;DINSG;Deutschland insgesamt;DG;Deutschland;FRUA03;Fruchtarten;FRUART031MUS;Mittelfrühe und späte Kartoffeln;9583800;t;ERN001;Erntemenge
41241;Ernte-u.Betriebsbericht: Feldfrüchte und Grünland;JAHR;Jahr;2000;DINSG;Deutschland insgesamt;DG;Deutschland;FRUA03;Fruchtarten;KULART0141S;Wiesen und Mähweiden;35070172;t;ERN001;Erntemenge
41241;Ernte-u.Betriebsbericht: Feldfrüchte und Grünland;JAHR;Jahr;1979;DINSG;Deutschland insgesamt;DG;Deutschland;FRUA03;Fruchtarten;FRUART067;Lupinen;.;t;ERN001;Erntemenge
41241;Ernte-u.Betriebsbericht: Feldfrüchte und Grünland;JAHR;Jahr;1980;DINSG;Deutschland insgesamt;DG;Deutschland;FRUA03;Fruchtarten;FRUART063;Feldgras/Grasanbau auf dem Ackerland;739567;t;ERN001;Erntemenge
41241;Ernte-u.Betriebsbericht: Feldfrüchte und Grünland;JAHR;Jahr;1961;DINSG;Deutschland insgesamt;DG;Deutschland;FRUA03;Fruchtarten;FRUART0113;Wintermenggetreide;150359;t;ERN001;Erntemenge
41241;Ernte-u.Betriebsbericht: Feldfrüchte und Grünland;JAHR;Jahr;1968;DINSG;Deutschland insgesamt;DG;Deutschland;FRUA03;Fruchtarten;FRUART0511;Raps und Rübsen;169911;t;ERN001;Erntemenge
41241;Ernte-u.Betriebsbericht: Feldfrüchte und Grünland;JAHR;Jahr;1967;DINSG;Deutschland insgesamt;DG;Deutschland;FRUA03;Fruchtarten;FRUART065;Raufutter;28904153;t;ERN001;Erntemenge
41241;Ernte-u.Betriebsbericht: Feldfrüchte und Grünland;JAHR;Jahr;1977;DINSG;Deutschland insgesamt;DG;Deutschland;FRUA03;Fruchtarten;FRUART05112;Sommerraps, Winter- und Sommerrübsen;16137;t;ERN001;Erntemenge
41241;Ernte-u.Betriebsbericht: Feldfrüchte und Grünland;JAHR;Jahr;2001;DINSG;Deutschland insgesamt;DG;Deutschland;FRUA03;Fruchtarten;FRUART0113;Wintermenggetreide;51469;t;ERN001;Erntemenge
41241;Ernte-u.Betriebsbericht: Feldfrüchte und Grünland;JAHR;Jahr;1952;DINSG;Deutschland insgesamt;DG;Deutschland;FRUA03;Fruchtarten;FRUART0123;Sommermenggetreide;514342;t;ERN001;Erntemenge
41241;Ernte-u.Betriebsbericht: Feldfrüchte und Grünland;JAHR;Jahr;1989;DINSG;Deutschland insgesamt;DG;Deutschland;FRUA03;Fruchtarten;FRUART0121;Gerste;9716476;t;ERN001;Erntemenge
41241;Ernte-u.Betriebsbericht: Feldfrüchte und Grünland;JAHR;Jahr;1980;DINSG;Deutschland insgesamt;DG;Deutschland;FRUA03;Fruchtarten;FRUART0511;Raps und Rübsen;377415;t;ERN001;Erntemenge
41241;Ernte-u.Betriebsbericht: Feldfrüchte und Grünland;JAHR;Jahr;1994;DINSG;Deutschland insgesamt;DG;Deutschland;FRUA03;Fruchtarten;FRUART064;Silomais (einschl. Lieschkolbenschrot);47693367;t;ERN001;Erntemenge
41241;Ernte-u.Betriebsbericht: Feldfrüchte und Grünland;JAHR;Jahr;1980;DINSG;Deutschland insgesamt;DG;Deutschland;FRUA03;Fruchtarten;KULART01421;Mähweiden;.;t;ERN001;Erntemenge
41241;Ernte-u.Betriebsbericht: Feldfrüchte und Grünland;JAHR;Jahr;2009;DINSG;Deutschland insgesamt;DG;Deutschland;FRUA03;Fruchtarten;FRUART022;Ackerbohnen;47500;t;ERN001;Erntemenge
41241;Ernte-u.Betriebsbericht: Feldfrüchte und Grünland;JAHR;Jahr;1998;DINSG;Deutschland insgesamt;DG;Deutschland;FRUA03;Fruchtarten;FRUART0111;Weizen;20187491;t;ERN001;Erntemenge
41241;Ernte-u.Betriebsbericht: Feldfrüchte und Grünland;JAHR;Jahr;1995;DINSG;Deutschland insgesamt;DG;Deutschland;FRUA03;Fruchtarten;FRUART0121;Gerste;11891143;t;ERN001;Erntemenge
41241;Ernte-u.Betriebsbericht: Feldfrüchte und Grünland;JAHR;Jahr;1974;DINSG;Deutschland insgesamt;DG;Deutschland;FRUA03;Fruchtarten;FRUART0511;Raps und Rübsen;301068;t;ERN001;Erntemenge
41241;Ernte-u.Betriebsbericht: Feldfrüchte und Grünland;JAHR;Jahr;1955;DINSG;Deutschland insgesamt;DG;Deutschland;FRUA03;Fruchtarten;FRUART0113;Wintermenggetreide;166948;t;ERN001;Erntemenge
41241;Ernte-u.Betriebsbericht: Feldfrüchte und Grünland;JAHR;Jahr;1988;DINSG;Deutschland insgesamt;DG;Deutschland;FRUA03;Fruchtarten;FRUART0513;Körnersonnenblumen;.;t;ERN001;Erntemenge
41241;Ernte-u.Betriebsbericht: Feldfrüchte und Grünland;JAHR;Jahr;1959;DINSG;Deutschland insgesamt;DG;Deutschland;FRUA03;Fruchtarten;FRUART011;Brotgetreide;8612927;t;ERN001;Erntemenge
41241;Ernte-u.Betriebsbericht: Feldfrüchte und Grünland;JAHR;Jahr;2006;DINSG;Deutschland insgesamt;DG;Deutschland;FRUA03;Fruchtarten;FRUART031;Kartoffeln;10030600;t;ERN001;Erntemenge
41241;Ernte-u.Betriebsbericht: Feldfrüchte und Grünland;JAHR;Jahr;1978;DINSG;Deutschland insgesamt;DG;Deutschland;FRUA03;Fruchtarten;FRUART013CCM;Körnermais (einschl. CCM);617145;t;ERN001;Erntemenge
41241;Ernte-u.Betriebsbericht: Feldfrüchte und Grünland;JAHR;Jahr;1974;DINSG;Deutschland insgesamt;DG;Deutschland;FRUA03;Fruchtarten;FRUART0124;Triticale;.;t;ERN001;Erntemenge
41241;Ernte-u.Betriebsbericht: Feldfrüchte und Grünland;JAHR;Jahr;1984;DINSG;Deutschland insgesamt;DG;Deutschland;FRUA03;Fruchtarten;FRUART01EKM;Getreide (einschl. Körnermais und CCM);26488945;t;ERN001;Erntemenge
41241;Ernte-u.Betriebsbericht: Feldfrüchte und Grünland;JAHR;Jahr;1983;DINSG;Deutschland insgesamt;DG;Deutschland;FRUA03;Fruchtarten;KULART01421;Mähweiden;.;t;ERN001;Erntemenge
41241;Ernte-u.Betriebsbericht: Feldfrüchte und Grünland;JAHR;Jahr;1979;DINSG;Deutschland insgesamt;DG;Deutschland;FRUA03;Fruchtarten;FRUART032;Zuckerrüben;18340000;t;ERN001;Erntemenge
41241;Ernte-u.Betriebsbericht: Feldfrüchte und Grünland;JAHR;Jahr;1976;DINSG;Deutschland insgesamt;DG;Deutschland;FRUA03;Fruchtarten;KULART01411;Wiesen;.;t;ERN001;Erntemenge
41241;Ernte-u.Betriebsbericht: Feldfrüchte und Grünland;JAHR;Jahr;1990;DINSG;Deutschland insgesamt;DG;Deutschland;FRUA03;Fruchtarten;FRUART067;Lupinen;.;t;ERN001;Erntemenge
41241;Ernte-u.Betriebsbericht: Feldfrüchte und Grünland;JAHR;Jahr;1960;DINSG;Deutschland insgesamt;DG;Deutschland;FRUA03;Fruchtarten;FRUART064;Silomais (einschl. Lieschkolbenschrot);1834434;t;ERN001;Erntemenge
41241;Ernte-u.Betriebsbericht: Feldfrüchte und Grünland;JAHR;Jahr;1987;DINSG;Deutschland insgesamt;DG;Deutschland;FRUA03;Fruchtarten;FRUART064;Silomais (einschl. Lieschkolbenschrot);40858242;t;ERN001;Erntemenge
41241;Ernte-u.Betriebsbericht: Feldfrüchte und Grünland;JAHR;Jahr;2008;DINSG;Deutschland insgesamt;DG;Deutschland;FRUA03;Fruchtarten;FRUART0124;Triticale;2381500;t;ERN001;Erntemenge
41241;Ernte-u.Betriebsbericht: Feldfrüchte und Grünland;JAHR;Jahr;1954;DINSG;Deutschland insgesamt;DG;Deutschland;FRUA03;Fruchtarten;FRUART0122;Hafer;2497907;t;ERN001;Erntemenge
41241;Ernte-u.Betriebsbericht: Feldfrüchte und Grünland;JAHR;Jahr;1994;DINSG;Deutschland insgesamt;DG;Deutschland;FRUA03;Fruchtarten;FRUART0513;Körnersonnenblumen;310623;t;ERN001;Erntemenge
41241;Ernte-u.Betriebsbericht: Feldfrüchte und Grünland;JAHR;Jahr;1953;DINSG;Deutschland insgesamt;DG;Deutschland;FRUA03;Fruchtarten;FRUART064;Silomais (einschl. Lieschkolbenschrot);1474114;t;ERN001;Erntemenge
41241;Ernte-u.Betriebsbericht: Feldfrüchte und Grünland;JAHR;Jahr;1986;DINSG;Deutschland insgesamt;DG;Deutschland;FRUA03;Fruchtarten;FRUART01211;Wintergerste;6537217;t;ERN001;Erntemenge
41241;Ernte-u.Betriebsbericht: Feldfrüchte und Grünland;JAHR;Jahr;1957;DINSG;Deutschland insgesamt;DG;Deutschland;FRUA03;Fruchtarten;KULART0141S;Wiesen und Mähweiden;19762780;t;ERN001;Erntemenge
41241;Ernte-u.Betriebsbericht: Feldfrüchte und Grünland;JAHR;Jahr;1990;DINSG;Deutschland insgesamt;DG;Deutschland;FRUA03;Fruchtarten;FRUART032;Zuckerrüben;30599703;t;ERN001;Erntemenge
41241;Ernte-u.Betriebsbericht: Feldfrüchte und Grünland;JAHR;Jahr;1958;DINSG;Deutschland insgesamt;DG;Deutschland;FRUA03;Fruchtarten;FRUART01212;Sommergerste;1791556;t;ERN001;Erntemenge
41241;Ernte-u.Betriebsbericht: Feldfrüchte und Grünland;JAHR;Jahr;2000;DINSG;Deutschland insgesamt;DG;Deutschland;FRUA03;Fruchtarten;FRUART0122;Hafer;1087222;t;ERN001;Erntemenge
41241;Ernte-u.Betriebsbericht: Feldfrüchte und Grünland;JAHR;Jahr;1976;DINSG;Deutschland insgesamt;DG;Deutschland;FRUA03;Fruchtarten;FRUART0123;Sommermenggetreide;779389;t;ERN001;Erntemenge
41241;Ernte-u.Betriebsbericht: Feldfrüchte und Grünland;JAHR;Jahr;2001;DINSG;Deutschland insgesamt;DG;Deutschland;FRUA03;Fruchtarten;FRUART013CCM;Körnermais (einschl. CCM);3504514;t;ERN001;Erntemenge
41241;Ernte-u.Betriebsbericht: Feldfrüchte und Grünland;JAHR;Jahr;1961;DINSG;Deutschland insgesamt;DG;Deutschland;FRUA03;Fruchtarten;FRUART061;Klee, Kleegras und Klee-Luzerne-Gemisch;4932722;t;ERN001;Erntemenge
41241;Ernte-u.Betriebsbericht: Feldfrüchte und Grünland;JAHR;Jahr;2000;DINSG;Deutschland insgesamt;DG;Deutschland;FRUA03;Fruchtarten;FRUART062;Luzerne;251575;t;ERN001;Erntemenge
41241;Ernte-u.Betriebsbericht: Feldfrüchte und Grünland;JAHR;Jahr;1959;DINSG;Deutschland insgesamt;DG;Deutschland;FRUA03;Fruchtarten;FRUART01113;Hartweizen (Durum);.;t;ERN001;Erntemenge
41241;Ernte-u.Betriebsbericht: Feldfrüchte und Grünland;JAHR;Jahr;1950;DINSG;Deutschland insgesamt;DG;Deutschland;FRUA03;Fruchtarten;FRUART0511;Raps und Rübsen;80717;t;ERN001;Erntemenge
41241;Ernte-u.Betriebsbericht: Feldfrüchte und Grünland;JAHR;Jahr;1986;DINSG;Deutschland insgesamt;DG;Deutschland;FRUA03;Fruchtarten;FRUART01113;Hartweizen (Durum);.;t;ERN001;Erntemenge
41241;Ernte-u.Betriebsbericht: Feldfrüchte und Grünland;JAHR;Jahr;1986;DINSG;Deutschland insgesamt;DG;Deutschland;FRUA03;Fruchtarten;FRUART067;Lupinen;.;t;ERN001;Erntemenge
41241;Ernte-u.Betriebsbericht: Feldfrüchte und Grünland;JAHR;Jahr;1982;DINSG;Deutschland insgesamt;DG;Deutschland;FRUA03;Fruchtarten;FRUART0123;Sommermenggetreide;663834;t;ERN001;Erntemenge
41241;Ernte-u.Betriebsbericht: Feldfrüchte und Grünland;JAHR;Jahr;2008;DINSG;Deutschland insgesamt;DG;Deutschland;FRUA03;Fruchtarten;FRUART0111;Weizen;25988600;t;ERN001;Erntemenge
41241;Ernte-u.Betriebsbericht: Feldfrüchte und Grünland;JAHR;Jahr;1989;DINSG;Deutschland insgesamt;DG;Deutschland;FRUA03;Fruchtarten;FRUART05111;Winterraps;1424915;t;ERN001;Erntemenge
41241;Ernte-u.Betriebsbericht: Feldfrüchte und Grünland;JAHR;Jahr;1993;DINSG;Deutschland insgesamt;DG;Deutschland;FRUA03;Fruchtarten;FRUART05112;Sommerraps, Winter- und Sommerrübsen;112778;t;ERN001;Erntemenge
41241;Ernte-u.Betriebsbericht: Feldfrüchte und Grünland;JAHR;Jahr;2000;DINSG;Deutschland insgesamt;DG;Deutschland;FRUA03;Fruchtarten;FRUART01111W;Weichweizen;21578107;t;ERN001;Erntemenge
41241;Ernte-u.Betriebsbericht: Feldfrüchte und Grünland;JAHR;Jahr;1975;DINSG;Deutschland insgesamt;DG;Deutschland;FRUA03;Fruchtarten;FRUART022;Ackerbohnen;53113;t;ERN001;Erntemenge
41241;Ernte-u.Betriebsbericht: Feldfrüchte und Grünland;JAHR;Jahr;1997;DINSG;Deutschland insgesamt;DG;Deutschland;FRUA03;Fruchtarten;FRUART033;Runkelrüben;1660166;t;ERN001;Erntemenge
41241;Ernte-u.Betriebsbericht: Feldfrüchte und Grünland;JAHR;Jahr;1964;DINSG;Deutschland insgesamt;DG;Deutschland;FRUA03;Fruchtarten;KULART01421;Mähweiden;.;t;ERN001;Erntemenge
41241;Ernte-u.Betriebsbericht: Feldfrüchte und Grünland;JAHR;Jahr;1959;DINSG;Deutschland insgesamt;DG;Deutschland;FRUA03;Fruchtarten;FRUART033;Runkelrüben;15037498;t;ERN001;Erntemenge
41241;Ernte-u.Betriebsbericht: Feldfrüchte und Grünland;JAHR;Jahr;1952;DINSG;Deutschland insgesamt;DG;Deutschland;FRUA03;Fruchtarten;FRUART067;Lupinen;.;t;ERN001;Erntemenge
41241;Ernte-u.Betriebsbericht: Feldfrüchte und Grünland;JAHR;Jahr;2002;DINSG;Deutschland insgesamt;DG;Deutschland;FRUA03;Fruchtarten;FRUART012;Futter- und Industriegetreide;15118572;t;ERN001;Erntemenge
41241;Ernte-u.Betriebsbericht: Feldfrüchte und Grünland;JAHR;Jahr;1972;DINSG;Deutschland insgesamt;DG;Deutschland;FRUA03;Fruchtarten;FRUART031;Kartoffeln;15038212;t;ERN001;Erntemenge
41241;Ernte-u.Betriebsbericht: Feldfrüchte und Grünland;JAHR;Jahr;1971;DINSG;Deutschland insgesamt;DG;Deutschland;FRUA03;Fruchtarten;FRUART01212;Sommergerste;3573602;t;ERN001;Erntemenge
41241;Ernte-u.Betriebsbericht: Feldfrüchte und Grünland;JAHR;Jahr;1970;DINSG;Deutschland insgesamt;DG;Deutschland;FRUA03;Fruchtarten;FRUART031FSK;Frühe Speisekartoffeln;766190;t;ERN001;Erntemenge
41241;Ernte-u.Betriebsbericht: Feldfrüchte und Grünland;JAHR;Jahr;2002;DINSG;Deutschland insgesamt;DG;Deutschland;FRUA03;Fruchtarten;FRUART01113;Hartweizen (Durum);25756;t;ERN001;Erntemenge
41241;Ernte-u.Betriebsbericht: Feldfrüchte und Grünland;JAHR;Jahr;1967;DINSG;Deutschland insgesamt;DG;Deutschland;FRUA03;Fruchtarten;KULART01421;Mähweiden;.;t;ERN001;Erntemenge
41241;Ernte-u.Betriebsbericht: Feldfrüchte und Grünland;JAHR;Jahr;1963;DINSG;Deutschland insgesamt;DG;Deutschland;FRUA03;Fruchtarten;FRUART033;Runkelrüben;22435943;t;ERN001;Erntemenge
41241;Ernte-u.Betriebsbericht: Feldfrüchte und Grünland;JAHR;Jahr;1972;DINSG;Deutschland insgesamt;DG;Deutschland;FRUA03;Fruchtarten;FRUART031MUS;Mittelfrühe und späte Kartoffeln;14235225;t;ERN001;Erntemenge
41241;Ernte-u.Betriebsbericht: Feldfrüchte und Grünland;JAHR;Jahr;1969;DINSG;Deutschland insgesamt;DG;Deutschland;FRUA03;Fruchtarten;FRUART01OKM;Getreide (ohne Körnermais und CCM);18530455;t;ERN001;Erntemenge
41241;Ernte-u.Betriebsbericht: Feldfrüchte und Grünland;JAHR;Jahr;1968;DINSG;Deutschland insgesamt;DG;Deutschland;FRUA03;Fruchtarten;FRUART0124;Triticale;.;t;ERN001;Erntemenge
41241;Ernte-u.Betriebsbericht: Feldfrüchte und Grünland;JAHR;Jahr;1960;DINSG;Deutschland insgesamt;DG;Deutschland;FRUA03;Fruchtarten;FRUART05111;Winterraps;57139;t;ERN001;Erntemenge
41241;Ernte-u.Betriebsbericht: Feldfrüchte und Grünland;JAHR;Jahr;1959;DINSG;Deutschland insgesamt;DG;Deutschland;FRUA03;Fruchtarten;FRUART01211;Wintergerste;856938;t;ERN001;Erntemenge
41241;Ernte-u.Betriebsbericht: Feldfrüchte und Grünland;JAHR;Jahr;2004;DINSG;Deutschland insgesamt;DG;Deutschland;FRUA03;Fruchtarten;FRUART031FSK;Frühe Speisekartoffeln;513878;t;ERN001;Erntemenge
41241;Ernte-u.Betriebsbericht: Feldfrüchte und Grünland;JAHR;Jahr;2002;DINSG;Deutschland insgesamt;DG;Deutschland;FRUA03;Fruchtarten;FRUART01211;Wintergerste;8264564;t;ERN001;Erntemenge
41241;Ernte-u.Betriebsbericht: Feldfrüchte und Grünland;JAHR;Jahr;1998;DINSG;Deutschland insgesamt;DG;Deutschland;FRUA03;Fruchtarten;FRUART0124;Triticale;2814118;t;ERN001;Erntemenge
41241;Ernte-u.Betriebsbericht: Feldfrüchte und Grünland;JAHR;Jahr;1992;DINSG;Deutschland insgesamt;DG;Deutschland;FRUA03;Fruchtarten;KULART01411;Wiesen;18311816;t;ERN001;Erntemenge
41241;Ernte-u.Betriebsbericht: Feldfrüchte und Grünland;JAHR;Jahr;1976;DINSG;Deutschland insgesamt;DG;Deutschland;FRUA03;Fruchtarten;FRUART063;Feldgras/Grasanbau auf dem Ackerland;980635;t;ERN001;Erntemenge
41241;Ernte-u.Betriebsbericht: Feldfrüchte und Grünland;JAHR;Jahr;1995;DINSG;Deutschland insgesamt;DG;Deutschland;FRUA03;Fruchtarten;FRUART061;Klee, Kleegras und Klee-Luzerne-Gemisch;2143817;t;ERN001;Erntemenge
41241;Ernte-u.Betriebsbericht: Feldfrüchte und Grünland;JAHR;Jahr;1974;DINSG;Deutschland insgesamt;DG;Deutschland;FRUA03;Fruchtarten;FRUART01212;Sommergerste;3689433;t;ERN001;Erntemenge
41241;Ernte-u.Betriebsbericht: Feldfrüchte und Grünland;JAHR;Jahr;1960;DINSG;Deutschland insgesamt;DG;Deutschland;FRUA03;Fruchtarten;FRUART0122;Hafer;2178582;t;ERN001;Erntemenge
41241;Ernte-u.Betriebsbericht: Feldfrüchte und Grünland;JAHR;Jahr;1971;DINSG;Deutschland insgesamt;DG;Deutschland;FRUA03;Fruchtarten;FRUART012;Futter- und Industriegetreide;10021034;t;ERN001;Erntemenge
41241;Ernte-u.Betriebsbericht: Feldfrüchte und Grünland;JAHR;Jahr;1957;DINSG;Deutschland insgesamt;DG;Deutschland;FRUA03;Fruchtarten;FRUART061;Klee, Kleegras und Klee-Luzerne-Gemisch;4817540;t;ERN001;Erntemenge
41241;Ernte-u.Betriebsbericht: Feldfrüchte und Grünland;JAHR;Jahr;1976;DINSG;Deutschland insgesamt;DG;Deutschland;FRUA03;Fruchtarten;KULART0141S;Wiesen und Mähweiden;22578663;t;ERN001;Erntemenge
41241;Ernte-u.Betriebsbericht: Feldfrüchte und Grünland;JAHR;Jahr;1982;DINSG;Deutschland insgesamt;DG;Deutschland;FRUA03;Fruchtarten;FRUART022;Ackerbohnen;20673;t;ERN001;Erntemenge
41241;Ernte-u.Betriebsbericht: Feldfrüchte und Grünland;JAHR;Jahr;1967;DINSG;Deutschland insgesamt;DG;Deutschland;FRUA03;Fruchtarten;FRUART021;Futtererbsen;.;t;ERN001;Erntemenge
41241;Ernte-u.Betriebsbericht: Feldfrüchte und Grünland;JAHR;Jahr;1977;DINSG;Deutschland insgesamt;DG;Deutschland;FRUA03;Fruchtarten;FRUART01111W;Weichweizen;.;t;ERN001;Erntemenge
41241;Ernte-u.Betriebsbericht: Feldfrüchte und Grünland;JAHR;Jahr;2000;DINSG;Deutschland insgesamt;DG;Deutschland;FRUA03;Fruchtarten;FRUART01EKM;Getreide (einschl. Körnermais und CCM);45271235;t;ERN001;Erntemenge
41241;Ernte-u.Betriebsbericht: Feldfrüchte und Grünland;JAHR;Jahr;2003;DINSG;Deutschland insgesamt;DG;Deutschland;FRUA03;Fruchtarten;FRUART0513;Körnersonnenblumen;73403;t;ERN001;Erntemenge
41241;Ernte-u.Betriebsbericht: Feldfrüchte und Grünland;JAHR;Jahr;1970;DINSG;Deutschland insgesamt;DG;Deutschland;FRUA03;Fruchtarten;FRUART013CCM;Körnermais (einschl. CCM);506558;t;ERN001;Erntemenge
41241;Ernte-u.Betriebsbericht: Feldfrüchte und Grünland;JAHR;Jahr;1950;DINSG;Deutschland insgesamt;DG;Deutschland;FRUA03;Fruchtarten;FRUART01112;Sommerweizen;148751;t;ERN001;Erntemenge
41241;Ernte-u.Betriebsbericht: Feldfrüchte und Grünland;JAHR;Jahr;1968;DINSG;Deutschland insgesamt;DG;Deutschland;FRUA03;Fruchtarten;FRUART062;Luzerne;.;t;ERN001;Erntemenge
41241;Ernte-u.Betriebsbericht: Feldfrüchte und Grünland;JAHR;Jahr;1991;DINSG;Deutschland insgesamt;DG;Deutschland;FRUA03;Fruchtarten;FRUART0122;Hafer;1866974;t;ERN001;Erntemenge
41241;Ernte-u.Betriebsbericht: Feldfrüchte und Grünland;JAHR;Jahr;1954;DINSG;Deutschland insgesamt;DG;Deutschland;FRUA03;Fruchtarten;FRUART061;Klee, Kleegras und Klee-Luzerne-Gemisch;5276289;t;ERN001;Erntemenge
41241;Ernte-u.Betriebsbericht: Feldfrüchte und Grünland;JAHR;Jahr;1993;DINSG;Deutschland insgesamt;DG;Deutschland;FRUA03;Fruchtarten;FRUART032;Zuckerrüben;28605780;t;ERN001;Erntemenge
41241;Ernte-u.Betriebsbericht: Feldfrüchte und Grünland;JAHR;Jahr;1968;DINSG;Deutschland insgesamt;DG;Deutschland;FRUA03;Fruchtarten;KULART0141S;Wiesen und Mähweiden;23572030;t;ERN001;Erntemenge
41241;Ernte-u.Betriebsbericht: Feldfrüchte und Grünland;JAHR;Jahr;1986;DINSG;Deutschland insgesamt;DG;Deutschland;FRUA03;Fruchtarten;FRUART032;Zuckerrüben;20260000;t;ERN001;Erntemenge
41241;Ernte-u.Betriebsbericht: Feldfrüchte und Grünland;JAHR;Jahr;1955;DINSG;Deutschland insgesamt;DG;Deutschland;FRUA03;Fruchtarten;FRUART01212;Sommergerste;1625644;t;ERN001;Erntemenge
41241;Ernte-u.Betriebsbericht: Feldfrüchte und Grünland;JAHR;Jahr;1989;DINSG;Deutschland insgesamt;DG;Deutschland;FRUA03;Fruchtarten;FRUART0112;Roggen;1797166;t;ERN001;Erntemenge
41241;Ernte-u.Betriebsbericht: Feldfrüchte und Grünland;JAHR;Jahr;1970;DINSG;Deutschland insgesamt;DG;Deutschland;FRUA03;Fruchtarten;FRUART01111;Winterweizen;5110198;t;ERN001;Erntemenge
41241;Ernte-u.Betriebsbericht: Feldfrüchte und Grünland;JAHR;Jahr;1983;DINSG;Deutschland insgesamt;DG;Deutschland;FRUA03;Fruchtarten;FRUART01111W;Weichweizen;.;t;ERN001;Erntemenge
41241;Ernte-u.Betriebsbericht: Feldfrüchte und Grünland;JAHR;Jahr;1992;DINSG;Deutschland insgesamt;DG;Deutschland;FRUA03;Fruchtarten;FRUART0113;Wintermenggetreide;50456;t;ERN001;Erntemenge
41241;Ernte-u.Betriebsbericht: Feldfrüchte und Grünland;JAHR;Jahr;1963;DINSG;Deutschland insgesamt;DG;Deutschland;FRUA03;Fruchtarten;FRUART011;Brotgetreide;8273671;t;ERN001;Erntemenge
41241;Ernte-u.Betriebsbericht: Feldfrüchte und Grünland;JAHR;Jahr;1990;DINSG;Deutschland insgesamt;DG;Deutschland;FRUA03;Fruchtarten;FRUART013CCM;Körnermais (einschl. CCM);1551758;t;ERN001;Erntemenge
41241;Ernte-u.Betriebsbericht: Feldfrüchte und Grünland;JAHR;Jahr;1988;DINSG;Deutschland insgesamt;DG;Deutschland;FRUA03;Fruchtarten;FRUART01OKM;Getreide (ohne Körnermais und CCM);25576828;t;ERN001;Erntemenge
41241;Ernte-u.Betriebsbericht: Feldfrüchte und Grünland;JAHR;Jahr;1993;DINSG;Deutschland insgesamt;DG;Deutschland;FRUA03;Fruchtarten;FRUART067;Lupinen;.;t;ERN001;Erntemenge
41241;Ernte-u.Betriebsbericht: Feldfrüchte und Grünland;JAHR;Jahr;1967;DINSG;Deutschland insgesamt;DG;Deutschland;FRUA03;Fruchtarten;FRUART0111;Weizen;5819018;t;ERN001;Erntemenge
41241;Ernte-u.Betriebsbericht: Feldfrüchte und Grünland;JAHR;Jahr;1956;DINSG;Deutschland insgesamt;DG;Deutschland;FRUA03;Fruchtarten;FRUART011;Brotgetreide;7404061;t;ERN001;Erntemenge
41241;Ernte-u.Betriebsbericht: Feldfrüchte und Grünland;JAHR;Jahr;2004;DINSG;Deutschland insgesamt;DG;Deutschland;FRUA03;Fruchtarten;FRUART0121;Gerste;12992870;t;ERN001;Erntemenge
41241;Ernte-u.Betriebsbericht: Feldfrüchte und Grünland;JAHR;Jahr;1998;DINSG;Deutschland insgesamt;DG;Deutschland;FRUA03;Fruchtarten;FRUART061;Klee, Kleegras und Klee-Luzerne-Gemisch;1993097;t;ERN001;Erntemenge
41241;Ernte-u.Betriebsbericht: Feldfrüchte und Grünland;JAHR;Jahr;1990;DINSG;Deutschland insgesamt;DG;Deutschland;FRUA03;Fruchtarten;FRUART01212;Sommergerste;4182023;t;ERN001;Erntemenge
41241;Ernte-u.Betriebsbericht: Feldfrüchte und Grünland;JAHR;Jahr;1963;DINSG;Deutschland insgesamt;DG;Deutschland;FRUA03;Fruchtarten;FRUART01111W;Weichweizen;.;t;ERN001;Erntemenge
41241;Ernte-u.Betriebsbericht: Feldfrüchte und Grünland;JAHR;Jahr;1952;DINSG;Deutschland insgesamt;DG;Deutschland;FRUA03;Fruchtarten;FRUART031MUS;Mittelfrühe und späte Kartoffeln;23033259;t;ERN001;Erntemenge
41241;Ernte-u.Betriebsbericht: Feldfrüchte und Grünland;JAHR;Jahr;1964;DINSG;Deutschland insgesamt;DG;Deutschland;FRUA03;Fruchtarten;FRUART0112;Roggen;3608771;t;ERN001;Erntemenge
41241;Ernte-u.Betriebsbericht: Feldfrüchte und Grünland;JAHR;Jahr;1962;DINSG;Deutschland insgesamt;DG;Deutschland;FRUA03;Fruchtarten;FRUART01111;Winterweizen;3683874;t;ERN001;Erntemenge
41241;Ernte-u.Betriebsbericht: Feldfrüchte und Grünland;JAHR;Jahr;1991;DINSG;Deutschland insgesamt;DG;Deutschland;FRUA03;Fruchtarten;KULART01421;Mähweiden;12225297;t;ERN001;Erntemenge
41241;Ernte-u.Betriebsbericht: Feldfrüchte und Grünland;JAHR;Jahr;1960;DINSG;Deutschland insgesamt;DG;Deutschland;FRUA03;Fruchtarten;FRUART033;Runkelrüben;25293978;t;ERN001;Erntemenge
41241;Ernte-u.Betriebsbericht: Feldfrüchte und Grünland;JAHR;Jahr;1992;DINSG;Deutschland insgesamt;DG;Deutschland;FRUA03;Fruchtarten;KULART0141S;Wiesen und Mähweiden;29922718;t;ERN001;Erntemenge
41241;Ernte-u.Betriebsbericht: Feldfrüchte und Grünland;JAHR;Jahr;2009;DINSG;Deutschland insgesamt;DG;Deutschland;FRUA03;Fruchtarten;FRUART0511;Raps und Rübsen;6306700;t;ERN001;Erntemenge
41241;Ernte-u.Betriebsbericht: Feldfrüchte und Grünland;JAHR;Jahr;1964;DINSG;Deutschland insgesamt;DG;Deutschland;FRUA03;Fruchtarten;FRUART013CCM;Körnermais (einschl. CCM);62610;t;ERN001;Erntemenge
41241;Ernte-u.Betriebsbericht: Feldfrüchte und Grünland;JAHR;Jahr;2003;DINSG;Deutschland insgesamt;DG;Deutschland;FRUA03;Fruchtarten;FRUART062;Luzerne;145710;t;ERN001;Erntemenge
41241;Ernte-u.Betriebsbericht: Feldfrüchte und Grünland;JAHR;Jahr;1996;DINSG;Deutschland insgesamt;DG;Deutschland;FRUA03;Fruchtarten;FRUART01OKM;Getreide (ohne Körnermais und CCM);39222998;t;ERN001;Erntemenge
41241;Ernte-u.Betriebsbericht: Feldfrüchte und Grünland;JAHR;Jahr;1970;DINSG;Deutschland insgesamt;DG;Deutschland;FRUA03;Fruchtarten;FRUART0112;Roggen;2664848;t;ERN001;Erntemenge
41241;Ernte-u.Betriebsbericht: Feldfrüchte und Grünland;JAHR;Jahr;2005;DINSG;Deutschland insgesamt;DG;Deutschland;FRUA03;Fruchtarten;FRUART05111;Winterraps;5005000;t;ERN001;Erntemenge
41241;Ernte-u.Betriebsbericht: Feldfrüchte und Grünland;JAHR;Jahr;1964;DINSG;Deutschland insgesamt;DG;Deutschland;FRUA03;Fruchtarten;FRUART065;Raufutter;23196582;t;ERN001;Erntemenge
41241;Ernte-u.Betriebsbericht: Feldfrüchte und Grünland;JAHR;Jahr;1983;DINSG;Deutschland insgesamt;DG;Deutschland;FRUA03;Fruchtarten;FRUART063;Feldgras/Grasanbau auf dem Ackerland;760583;t;ERN001;Erntemenge
41241;Ernte-u.Betriebsbericht: Feldfrüchte und Grünland;JAHR;Jahr;2000;DINSG;Deutschland insgesamt;DG;Deutschland;FRUA03;Fruchtarten;KULART01411;Wiesen;16578388;t;ERN001;Erntemenge
41241;Ernte-u.Betriebsbericht: Feldfrüchte und Grünland;JAHR;Jahr;1957;DINSG;Deutschland insgesamt;DG;Deutschland;FRUA03;Fruchtarten;FRUART01111W;Weichweizen;.;t;ERN001;Erntemenge
41241;Ernte-u.Betriebsbericht: Feldfrüchte und Grünland;JAHR;Jahr;1969;DINSG;Deutschland insgesamt;DG;Deutschland;FRUA03;Fruchtarten;FRUART05112;Sommerraps, Winter- und Sommerrübsen;16712;t;ERN001;Erntemenge
41241;Ernte-u.Betriebsbericht: Feldfrüchte und Grünland;JAHR;Jahr;1954;DINSG;Deutschland insgesamt;DG;Deutschland;FRUA03;Fruchtarten;FRUART01111;Winterweizen;2375605;t;ERN001;Erntemenge
41241;Ernte-u.Betriebsbericht: Feldfrüchte und Grünland;JAHR;Jahr;1973;DINSG;Deutschland insgesamt;DG;Deutschland;FRUA03;Fruchtarten;FRUART0111;Weizen;7134411;t;ERN001;Erntemenge
41241;Ernte-u.Betriebsbericht: Feldfrüchte und Grünland;JAHR;Jahr;1984;DINSG;Deutschland insgesamt;DG;Deutschland;FRUA03;Fruchtarten;KULART0141S;Wiesen und Mähweiden;27004767;t;ERN001;Erntemenge
41241;Ernte-u.Betriebsbericht: Feldfrüchte und Grünland;JAHR;Jahr;1998;DINSG;Deutschland insgesamt;DG;Deutschland;FRUA03;Fruchtarten;FRUART01112;Sommerweizen;249417;t;ERN001;Erntemenge
41241;Ernte-u.Betriebsbericht: Feldfrüchte und Grünland;JAHR;Jahr;1978;DINSG;Deutschland insgesamt;DG;Deutschland;FRUA03;Fruchtarten;FRUART022;Ackerbohnen;21801;t;ERN001;Erntemenge
41241;Ernte-u.Betriebsbericht: Feldfrüchte und Grünland;JAHR;Jahr;2005;DINSG;Deutschland insgesamt;DG;Deutschland;FRUA03;Fruchtarten;FRUART012;Futter- und Industriegetreide;15362700;t;ERN001;Erntemenge
41241;Ernte-u.Betriebsbericht: Feldfrüchte und Grünland;JAHR;Jahr;1986;DINSG;Deutschland insgesamt;DG;Deutschland;FRUA03;Fruchtarten;FRUART0113;Wintermenggetreide;49374;t;ERN001;Erntemenge
41241;Ernte-u.Betriebsbericht: Feldfrüchte und Grünland;JAHR;Jahr;1995;DINSG;Deutschland insgesamt;DG;Deutschland;FRUA03;Fruchtarten;FRUART0112;Roggen;4521270;t;ERN001;Erntemenge
41241;Ernte-u.Betriebsbericht: Feldfrüchte und Grünland;JAHR;Jahr;1956;DINSG;Deutschland insgesamt;DG;Deutschland;FRUA03;Fruchtarten;FRUART033;Runkelrüben;20958223;t;ERN001;Erntemenge
41241;Ernte-u.Betriebsbericht: Feldfrüchte und Grünland;JAHR;Jahr;2001;DINSG;Deutschland insgesamt;DG;Deutschland;FRUA03;Fruchtarten;FRUART05112;Sommerraps, Winter- und Sommerrübsen;47719;t;ERN001;Erntemenge
41241;Ernte-u.Betriebsbericht: Feldfrüchte und Grünland;JAHR;Jahr;1975;DINSG;Deutschland insgesamt;DG;Deutschland;FRUA03;Fruchtarten;FRUART031;Kartoffeln;10853192;t;ERN001;Erntemenge
41241;Ernte-u.Betriebsbericht: Feldfrüchte und Grünland;JAHR;Jahr;2002;DINSG;Deutschland insgesamt;DG;Deutschland;FRUA03;Fruchtarten;FRUART021;Futtererbsen;413227;t;ERN001;Erntemenge
41241;Ernte-u.Betriebsbericht: Feldfrüchte und Grünland;JAHR;Jahr;1958;DINSG;Deutschland insgesamt;DG;Deutschland;FRUA03;Fruchtarten;FRUART013CCM;Körnermais (einschl. CCM);12893;t;ERN001;Erntemenge
41241;Ernte-u.Betriebsbericht: Feldfrüchte und Grünland;JAHR;Jahr;1968;DINSG;Deutschland insgesamt;DG;Deutschland;FRUA03;Fruchtarten;FRUART01EKM;Getreide (einschl. Körnermais und CCM);19069197;t;ERN001;Erntemenge
