statistics_code;statistics_label;time_code;time_label;time;1_variable_code;1_variable_label;1_variable_attribute_code;1_variable_attribute_label;2_variable_code;2_variable_label;2_variable_attribute_code;2_variable_attribute_label;value;value_unit;value_variable_code;value_variable_label
41241;Ernte-u.Betriebsbericht: Feldfrüchte und Grünland;JAHR;Jahr;2011;DINSG;Deutschland insgesamt;DG;Deutschland;FRUA04;Fruchtarten;FRUART01EKM1;Getreide zur Körnergew. (einschl. Körnermais, CCM);41920400;t;ERN001;Erntemenge
41241;Ernte-u.Betriebsbericht: Feldfrüchte und Grünland;JAHR;Jahr;2011;DINSG;Deutschland insgesamt;DG;Deutschland;FRUA04;Fruchtarten;FRUART01EKM1;Getreide zur Körnergew. (einschl. Körnermais, CCM);64,6;dt/ha;ERT001;Ertrag je Hektar
41241;Ernte-u.Betriebsbericht: Feldfrüchte und Grünland;JAHR;Jahr;2011;DINSG;Deutschland insgesamt;DG;Deutschland;FRUA04;Fruchtarten;FRUART01EKM1;Getreide zur Körnergew. (einschl. Körnermais, CCM);6491000;ha;FLC016;Anbaufläche
41241;Ernte-u.Betriebsbericht: Feldfrüchte und Grünland;JAHR;Jahr;2023;DINSG;Deutschland insgesamt;DG;Deutschland;FRUA04;Fruchtarten;FRUART02LG;Leguminosen zur Ganzpflanzenernte (z.B. Klee);2545700;t;ERN001;Erntemenge
41241;Ernte-u.Betriebsbericht: Feldfrüchte und Grünland;JAHR;Jahr;2023;DINSG;Deutschland insgesamt;DG;Deutschland;FRUA04;Fruchtarten;FRUART02LG;Leguminosen zur Ganzpflanzenernte (z.B. Klee);71,9;dt/ha;ERT001;Ertrag je Hektar
41241;Ernte-u.Betriebsbericht: Feldfrüchte und Grünland;JAHR;Jahr;2023;DINSG;Deutschland insgesamt;DG;Deutschland;FRUA04;Fruchtarten;FRUART02LG;Leguminosen zur Ganzpflanzenernte (z.B. Klee);354300;ha;FLC016;Anbaufläche
41241;Ernte-u.Betriebsbericht: Feldfrüchte und Grünland;JAHR;Jahr;2023;DINSG;Deutschland insgesamt;DG;Deutschland;FRUA04;Fruchtarten;FRUART024OF;Erbsen (ohne Frischerbsen);265900;t;ERN001;Erntemenge
41241;Ernte-u.Betriebsbericht: Feldfrüchte und Grünland;JAHR;Jahr;2023;DINSG;Deutschland insgesamt;DG;Deutschland;FRUA04;Fruchtarten;FRUART024OF;Erbsen (ohne Frischerbsen);22,5;dt/ha;ERT001;Ertrag je Hektar
41241;Ernte-u.Betriebsbericht: Feldfrüchte und Grünland;JAHR;Jahr;2023;DINSG;Deutschland insgesamt;DG;Deutschland;FRUA04;Fruchtarten;FRUART024OF;Erbsen (ohne Frischerbsen);118100;ha;FLC016;Anbaufläche
41241;Ernte-u.Betriebsbericht: Feldfrüchte und Grünland;JAHR;Jahr;2023;DINSG;Deutschland insgesamt;DG;Deutschland;FRUA04;Fruchtarten;FRUART0111;Weizen;21535900;t;ERN001;Erntemenge
41241;Ernte-u.Betriebsbericht: Feldfrüchte und Grünland;JAHR;Jahr;2023;DINSG;Deutschland insgesamt;DG;Deutschland;FRUA04;Fruchtarten;FRUART0111;Weizen;74,3;dt/ha;ERT001;Ertrag je Hektar
41241;Ernte-u.Betriebsbericht: Feldfrüchte und Grünland;JAHR;Jahr;2023;DINSG;Deutschland insgesamt;DG;Deutschland;FRUA04;Fruchtarten;FRUART0111;Weizen;2897800;ha;FLC016;Anbaufläche
41241;Ernte-u.Betriebsbericht: Feldfrüchte und Grünland;JAHR;Jahr;2011;DINSG;Deutschland insgesamt;DG;Deutschland;FRUA04;Fruchtarten;FRUART031;Kartoffeln;11837200;t;ERN001;Erntemenge
41241;Ernte-u.Betriebsbericht: Feldfrüchte und Grünland;JAHR;Jahr;2011;DINSG;Deutschland insgesamt;DG;Deutschland;FRUA04;Fruchtarten;FRUART031;Kartoffeln;457,6;dt/ha;ERT001;Ertrag je Hektar
41241;Ernte-u.Betriebsbericht: Feldfrüchte und Grünland;JAHR;Jahr;2011;DINSG;Deutschland insgesamt;DG;Deutschland;FRUA04;Fruchtarten;FRUART031;Kartoffeln;258700;ha;FLC016;Anbaufläche
41241;Ernte-u.Betriebsbericht: Feldfrüchte und Grünland;JAHR;Jahr;2017;DINSG;Deutschland insgesamt;DG;Deutschland;FRUA04;Fruchtarten;FRUART0631;Feldgras/Grasanbau auf dem Ackerland (inkl.Misch.);2096200;t;ERN001;Erntemenge
41241;Ernte-u.Betriebsbericht: Feldfrüchte und Grünland;JAHR;Jahr;2017;DINSG;Deutschland insgesamt;DG;Deutschland;FRUA04;Fruchtarten;FRUART0631;Feldgras/Grasanbau auf dem Ackerland (inkl.Misch.);76,1;dt/ha;ERT001;Ertrag je Hektar
41241;Ernte-u.Betriebsbericht: Feldfrüchte und Grünland;JAHR;Jahr;2017;DINSG;Deutschland insgesamt;DG;Deutschland;FRUA04;Fruchtarten;FRUART0631;Feldgras/Grasanbau auf dem Ackerland (inkl.Misch.);275500;ha;FLC016;Anbaufläche
41241;Ernte-u.Betriebsbericht: Feldfrüchte und Grünland;JAHR;Jahr;2013;DINSG;Deutschland insgesamt;DG;Deutschland;FRUA04;Fruchtarten;FRUART01OKM1;Getreide zur Körnergew. (ohne Körnermais, CCM);43369900;t;ERN001;Erntemenge
41241;Ernte-u.Betriebsbericht: Feldfrüchte und Grünland;JAHR;Jahr;2013;DINSG;Deutschland insgesamt;DG;Deutschland;FRUA04;Fruchtarten;FRUART01OKM1;Getreide zur Körnergew. (ohne Körnermais, CCM);71,9;dt/ha;ERT001;Ertrag je Hektar
41241;Ernte-u.Betriebsbericht: Feldfrüchte und Grünland;JAHR;Jahr;2013;DINSG;Deutschland insgesamt;DG;Deutschland;FRUA04;Fruchtarten;FRUART01OKM1;Getreide zur Körnergew. (ohne Körnermais, CCM);6029000;ha;FLC016;Anbaufläche
41241;Ernte-u.Betriebsbericht: Feldfrüchte und Grünland;JAHR;Jahr;2018;DINSG;Deutschland insgesamt;DG;Deutschland;FRUA04;Fruchtarten;FRUART031;Kartoffeln;8920800;t;ERN001;Erntemenge
41241;Ernte-u.Betriebsbericht: Feldfrüchte und Grünland;JAHR;Jahr;2018;DINSG;Deutschland insgesamt;DG;Deutschland;FRUA04;Fruchtarten;FRUART031;Kartoffeln;353,8;dt/ha;ERT001;Ertrag je Hektar
41241;Ernte-u.Betriebsbericht: Feldfrüchte und Grünland;JAHR;Jahr;2018;DINSG;Deutschland insgesamt;DG;Deutschland;FRUA04;Fruchtarten;FRUART031;Kartoffeln;252200;ha;FLC016;Anbaufläche
41241;Ernte-u.Betriebsbericht: Feldfrüchte und Grünland;JAHR;Jahr;2011;DINSG;Deutschland insgesamt;DG;Deutschland;FRUA04;Fruchtarten;FRUART01111DE;Winterweizen (einschließlich Dinkel und Einkorn);22396300;t;ERN001;Erntemenge
41241;Ernte-u.Betriebsbericht: Feldfrüchte und Grünland;JAHR;Jahr;2011;DINSG;Deutschland insgesamt;DG;Deutschland;FRUA04;Fruchtarten;FRUART01111DE;Winterweizen (einschließlich Dinkel und Einkorn);70,6;dt/ha;ERT001;Ertrag je Hektar
41241;Ernte-u.Betriebsbericht: Feldfrüchte und Grünland;JAHR;Jahr;2011;DINSG;Deutschland insgesamt;DG;Deutschland;FRUA04;Fruchtarten;FRUART01111DE;Winterweizen (einschließlich Dinkel und Einkorn);3172800;ha;FLC016;Anbaufläche
41241;Ernte-u.Betriebsbericht: Feldfrüchte und Grünland;JAHR;Jahr;2026;DINSG;Deutschland insgesamt;DG;Deutschland;FRUA04;Fruchtarten;FRUART05112;Sommerraps, Winter- und Sommerrübsen;6400;t;ERN001;Erntemenge
41241;Ernte-u.Betriebsbericht: Feldfrüchte und Grünland;JAHR;Jahr;2026;DINSG;Deutschland insgesamt;DG;Deutschland;FRUA04;Fruchtarten;FRUART05112;Sommerraps, Winter- und Sommerrübsen;15,8;dt/ha;ERT001;Ertrag je Hektar
41241;Ernte-u.Betriebsbericht: Feldfrüchte und Grünland;JAHR;Jahr;2026;DINSG;Deutschland insgesamt;DG;Deutschland;FRUA04;Fruchtarten;FRUART05112;Sommerraps, Winter- und Sommerrübsen;4000;ha;FLC016;Anbaufläche
41241;Ernte-u.Betriebsbericht: Feldfrüchte und Grünland;JAHR;Jahr;2018;DINSG;Deutschland insgesamt;DG;Deutschland;FRUA04;Fruchtarten;FRUART01EKM1;Getreide zur Körnergew. (einschl. Körnermais, CCM);37948100;t;ERN001;Erntemenge
41241;Ernte-u.Betriebsbericht: Feldfrüchte und Grünland;JAHR;Jahr;2018;DINSG;Deutschland insgesamt;DG;Deutschland;FRUA04;Fruchtarten;FRUART01EKM1;Getreide zur Körnergew. (einschl. Körnermais, CCM);61,8;dt/ha;ERT001;Ertrag je Hektar
41241;Ernte-u.Betriebsbericht: Feldfrüchte und Grünland;JAHR;Jahr;2018;DINSG;Deutschland insgesamt;DG;Deutschland;FRUA04;Fruchtarten;FRUART01EKM1;Getreide zur Körnergew. (einschl. Körnermais, CCM);6141700;ha;FLC016;Anbaufläche
41241;Ernte-u.Betriebsbericht: Feldfrüchte und Grünland;JAHR;Jahr;2022;DINSG;Deutschland insgesamt;DG;Deutschland;FRUA04;Fruchtarten;FRUART01121;Roggen und Wintermenggetreide;3132300;t;ERN001;Erntemenge
41241;Ernte-u.Betriebsbericht: Feldfrüchte und Grünland;JAHR;Jahr;2022;DINSG;Deutschland insgesamt;DG;Deutschland;FRUA04;Fruchtarten;FRUART01121;Roggen und Wintermenggetreide;53,2;dt/ha;ERT001;Ertrag je Hektar
41241;Ernte-u.Betriebsbericht: Feldfrüchte und Grünland;JAHR;Jahr;2022;DINSG;Deutschland insgesamt;DG;Deutschland;FRUA04;Fruchtarten;FRUART01121;Roggen und Wintermenggetreide;588500;ha;FLC016;Anbaufläche
41241;Ernte-u.Betriebsbericht: Feldfrüchte und Grünland;JAHR;Jahr;2026;DINSG;Deutschland insgesamt;DG;Deutschland;FRUA04;Fruchtarten;FRUART01211;Wintergerste;9808200;t;ERN001;Erntemenge
41241;Ernte-u.Betriebsbericht: Feldfrüchte und Grünland;JAHR;Jahr;2026;DINSG;Deutschland insgesamt;DG;Deutschland;FRUA04;Fruchtarten;FRUART01211;Wintergerste;77,8;dt/ha;ERT001;Ertrag je Hektar
41241;Ernte-u.Betriebsbericht: Feldfrüchte und Grünland;JAHR;Jahr;2026;DINSG;Deutschland insgesamt;DG;Deutschland;FRUA04;Fruchtarten;FRUART01211;Wintergerste;1260200;ha;FLC016;Anbaufläche
41241;Ernte-u.Betriebsbericht: Feldfrüchte und Grünland;JAHR;Jahr;2019;DINSG;Deutschland insgesamt;DG;Deutschland;FRUA04;Fruchtarten;FRUART0121;Gerste;11591500;t;ERN001;Erntemenge
41241;Ernte-u.Betriebsbericht: Feldfrüchte und Grünland;JAHR;Jahr;2019;DINSG;Deutschland insgesamt;DG;Deutschland;FRUA04;Fruchtarten;FRUART0121;Gerste;67,8;dt/ha;ERT001;Ertrag je Hektar
41241;Ernte-u.Betriebsbericht: Feldfrüchte und Grünland;JAHR;Jahr;2019;DINSG;Deutschland insgesamt;DG;Deutschland;FRUA04;Fruchtarten;FRUART0121;Gerste;1708800;ha;FLC016;Anbaufläche
41241;Ernte-u.Betriebsbericht: Feldfrüchte und Grünland;JAHR;Jahr;2023;DINSG;Deutschland insgesamt;DG;Deutschland;FRUA04;Fruchtarten;FRUART082;Weiden (einschließlich Mähweiden und Almen);15266800;t;ERN001;Erntemenge
41241;Ernte-u.Betriebsbericht: Feldfrüchte und Grünland;JAHR;Jahr;2023;DINSG;Deutschland insgesamt;DG;Deutschland;FRUA04;Fruchtarten;FRUART082;Weiden (einschließlich Mähweiden und Almen);61,7;dt/ha;ERT001;Ertrag je Hektar
41241;Ernte-u.Betriebsbericht: Feldfrüchte und Grünland;JAHR;Jahr;2023;DINSG;Deutschland insgesamt;DG;Deutschland;FRUA04;Fruchtarten;FRUART082;Weiden (einschließlich Mähweiden und Almen);2475700;ha;FLC016;Anbaufläche
41241;Ernte-u.Betriebsbericht: Feldfrüchte und Grünland;JAHR;Jahr;2022;DINSG;Deutschland insgesamt;DG;Deutschland;FRUA04;Fruchtarten;FRUART0515;Sonnenblumen;161200;t;ERN001;Erntemenge
41241;Ernte-u.Betriebsbericht: Feldfrüchte und Grünland;JAHR;Jahr;2022;DINSG;Deutschland insgesamt;DG;Deutschland;FRUA04;Fruchtarten;FRUART0515;Sonnenblumen;18,8;dt/ha;ERT001;Ertrag je Hektar
41241;Ernte-u.Betriebsbericht: Feldfrüchte und Grünland;JAHR;Jahr;2022;DINSG;Deutschland insgesamt;DG;Deutschland;FRUA04;Fruchtarten;FRUART0515;Sonnenblumen;85600;ha;FLC016;Anbaufläche
41241;Ernte-u.Betriebsbericht: Feldfrüchte und Grünland;JAHR;Jahr;2019;DINSG;Deutschland insgesamt;DG;Deutschland;FRUA04;Fruchtarten;FRUART013CCM1;Körnermais/Mais zum Ausreifen (einschl. CCM);3664800;t;ERN001;Erntemenge
41241;Ernte-u.Betriebsbericht: Feldfrüchte und Grünland;JAHR;Jahr;2019;DINSG;Deutschland insgesamt;DG;Deutschland;FRUA04;Fruchtarten;FRUART013CCM1;Körnermais/Mais zum Ausreifen (einschl. CCM);88,1;dt/ha;ERT001;Ertrag je Hektar
41241;Ernte-u.Betriebsbericht: Feldfrüchte und Grünland;JAHR;Jahr;2019;DINSG;Deutschland insgesamt;DG;Deutschland;FRUA04;Fruchtarten;FRUART013CCM1;Körnermais/Mais zum Ausreifen (einschl. CCM);416000;ha;FLC016;Anbaufläche
41241;Ernte-u.Betriebsbericht: Feldfrüchte und Grünland;JAHR;Jahr;2015;DINSG;Deutschland insgesamt;DG;Deutschland;FRUA04;Fruchtarten;FRUART0124;Triticale;2598300;t;ERN001;Erntemenge
41241;Ernte-u.Betriebsbericht: Feldfrüchte und Grünland;JAHR;Jahr;2015;DINSG;Deutschland insgesamt;DG;Deutschland;FRUA04;Fruchtarten;FRUART0124;Triticale;64,7;dt/ha;ERT001;Ertrag je Hektar
41241;Ernte-u.Betriebsbericht: Feldfrüchte und Grünland;JAHR;Jahr;2015;DINSG;Deutschland insgesamt;DG;Deutschland;FRUA04;Fruchtarten;FRUART0124;Triticale;401600;ha;FLC016;Anbaufläche
41241;Ernte-u.Betriebsbericht: Feldfrüchte und Grünland;JAHR;Jahr;2016;DINSG;Deutschland insgesamt;DG;Deutschland;FRUA04;Fruchtarten;FRUART082;Weiden (einschließlich Mähweiden und Almen);17828100;t;ERN001;Erntemenge
41241;Ernte-u.Betriebsbericht: Feldfrüchte und Grünland;JAHR;Jahr;2016;DINSG;Deutschland insgesamt;DG;Deutschland;FRUA04;Fruchtarten;FRUART082;Weiden (einschließlich Mähweiden und Almen);67,8;dt/ha;ERT001;Ertrag je Hektar
41241;Ernte-u.Betriebsbericht: Feldfrüchte und Grünland;JAHR;Jahr;2016;DINSG;Deutschland insgesamt;DG;Deutschland;FRUA04;Fruchtarten;FRUART082;Weiden (einschließlich Mähweiden und Almen);2630600;ha;FLC016;Anbaufläche
41241;Ernte-u.Betriebsbericht: Feldfrüchte und Grünland;JAHR;Jahr;2018;DINSG;Deutschland insgesamt;DG;Deutschland;FRUA04;Fruchtarten;FRUART01121;Roggen und Wintermenggetreide;2201400;t;ERN001;Erntemenge
41241;Ernte-u.Betriebsbericht: Feldfrüchte und Grünland;JAHR;Jahr;2018;DINSG;Deutschland insgesamt;DG;Deutschland;FRUA04;Fruchtarten;FRUART01121;Roggen und Wintermenggetreide;42,1;dt/ha;ERT001;Ertrag je Hektar
41241;Ernte-u.Betriebsbericht: Feldfrüchte und Grünland;JAHR;Jahr;2018;DINSG;Deutschland insgesamt;DG;Deutschland;FRUA04;Fruchtarten;FRUART01121;Roggen und Wintermenggetreide;523000;ha;FLC016;Anbaufläche
41241;Ernte-u.Betriebsbericht: Feldfrüchte und Grünland;JAHR;Jahr;2023;DINSG;Deutschland insgesamt;DG;Deutschland;FRUA04;Fruchtarten;FRUART0122;Hafer;452000;t;ERN001;Erntemenge
41241;Ernte-u.Betriebsbericht: Feldfrüchte und Grünland;JAHR;Jahr;2023;DINSG;Deutschland insgesamt;DG;Deutschland;FRUA04;Fruchtarten;FRUART0122;Hafer;32,4;dt/ha;ERT001;Ertrag je Hektar
41241;Ernte-u.Betriebsbericht: Feldfrüchte und Grünland;JAHR;Jahr;2023;DINSG;Deutschland insgesamt;DG;Deutschland;FRUA04;Fruchtarten;FRUART0122;Hafer;139500;ha;FLC016;Anbaufläche
41241;Ernte-u.Betriebsbericht: Feldfrüchte und Grünland;JAHR;Jahr;2010;DINSG;Deutschland insgesamt;DG;Deutschland;FRUA04;Fruchtarten;FRUART0124;Triticale;2156963;t;ERN001;Erntemenge
41241;Ernte-u.Betriebsbericht: Feldfrüchte und Grünland;JAHR;Jahr;2010;DINSG;Deutschland insgesamt;DG;Deutschland;FRUA04;Fruchtarten;FRUART0124;Triticale;54,3;dt/ha;ERT001;Ertrag je Hektar
41241;Ernte-u.Betriebsbericht: Feldfrüchte und Grünland;JAHR;Jahr;2010;DINSG;Deutschland insgesamt;DG;Deutschland;FRUA04;Fruchtarten;FRUART0124;Triticale;397517;ha;FLC016;Anbaufläche
41241;Ernte-u.Betriebsbericht: Feldfrüchte und Grünland;JAHR;Jahr;2014;DINSG;Deutschland insgesamt;DG;Deutschland;FRUA04;Fruchtarten;FRUART0121;Gerste;11562800;t;ERN001;Erntemenge
41241;Ernte-u.Betriebsbericht: Feldfrüchte und Grünland;JAHR;Jahr;2014;DINSG;Deutschland insgesamt;DG;Deutschland;FRUA04;Fruchtarten;FRUART0121;Gerste;73,5;dt/ha;ERT001;Ertrag je Hektar
41241;Ernte-u.Betriebsbericht: Feldfrüchte und Grünland;JAHR;Jahr;2014;DINSG;Deutschland insgesamt;DG;Deutschland;FRUA04;Fruchtarten;FRUART0121;Gerste;1573700;ha;FLC016;Anbaufläche
41241;Ernte-u.Betriebsbericht: Feldfrüchte und Grünland;JAHR;Jahr;2013;DINSG;Deutschland insgesamt;DG;Deutschland;FRUA04;Fruchtarten;FRUART01111D;Dinkel;-;t;ERN001;Erntemenge
41241;Ernte-u.Betriebsbericht: Feldfrüchte und Grünland;JAHR;Jahr;2013;DINSG;Deutschland insgesamt;DG;Deutschland;FRUA04;Fruchtarten;FRUART01111D;Dinkel;-;dt/ha;ERT001;Ertrag je Hektar
41241;Ernte-u.Betriebsbericht: Feldfrüchte und Grünland;JAHR;Jahr;2013;DINSG;Deutschland insgesamt;DG;Deutschland;FRUA04;Fruchtarten;FRUART01111D;Dinkel;-;ha;FLC016;Anbaufläche
41241;Ernte-u.Betriebsbericht: Feldfrüchte und Grünland;JAHR;Jahr;2026;DINSG;Deutschland insgesamt;DG;Deutschland;FRUA04;Fruchtarten;FRUART01111DE;Winterweizen (einschließlich Dinkel und Einkorn);20216700;t;ERN001;Erntemenge
41241;Ernte-u.Betriebsbericht: Feldfrüchte und Grünland;JAHR;Jahr;2026;DINSG;Deutschland insgesamt;DG;Deutschland;FRUA04;Fruchtarten;FRUART01111DE;Winterweizen (einschließlich Dinkel und Einkorn);72,6;dt/ha;ERT001;Ertrag je Hektar
41241;Ernte-u.Betriebsbericht: Feldfrüchte und Grünland;JAHR;Jahr;2026;DINSG;Deutschland insgesamt;DG;Deutschland;FRUA04;Fruchtarten;FRUART01111DE;Winterweizen (einschließlich Dinkel und Einkorn);2783000;ha;FLC016;Anbaufläche
41241;Ernte-u.Betriebsbericht: Feldfrüchte und Grünland;JAHR;Jahr;2010;DINSG;Deutschland insgesamt;DG;Deutschland;FRUA04;Fruchtarten;FRUART01112OH;Sommerweizen (ohne Hartweizen);218713;t;ERN001;Erntemenge
41241;Ernte-u.Betriebsbericht: Feldfrüchte und Grünland;JAHR;Jahr;2010;DINSG;Deutschland insgesamt;DG;Deutschland;FRUA04;Fruchtarten;FRUART01112OH;Sommerweizen (ohne Hartweizen);51,2;dt/ha;ERT001;Ertrag je Hektar
41241;Ernte-u.Betriebsbericht: Feldfrüchte und Grünland;JAHR;Jahr;2010;DINSG;Deutschland insgesamt;DG;Deutschland;FRUA04;Fruchtarten;FRUART01112OH;Sommerweizen (ohne Hartweizen);42714;ha;FLC016;Anbaufläche
41241;Ernte-u.Betriebsbericht: Feldfrüchte und Grünland;JAHR;Jahr;2020;DINSG;Deutschland insgesamt;DG;Deutschland;FRUA04;Fruchtarten;FRUART01111D;Dinkel;-;t;ERN001;Erntemenge
41241;Ernte-u.Betriebsbericht: Feldfrüchte und Grünland;JAHR;Jahr;2020;DINSG;Deutschland insgesamt;DG;Deutschland;FRUA04;Fruchtarten;FRUART01111D;Dinkel;-;dt/ha;ERT001;Ertrag je Hektar
41241;Ernte-u.Betriebsbericht: Feldfrüchte und Grünland;JAHR;Jahr;2020;DINSG;Deutschland insgesamt;DG;Deutschland;FRUA04;Fruchtarten;FRUART01111D;Dinkel;-;ha;FLC016;Anbaufläche
41241;Ernte-u.Betriebsbericht: Feldfrüchte und Grünland;JAHR;Jahr;2011;DINSG;Deutschland insgesamt;DG;Deutschland;FRUA04;Fruchtarten;FRUART064G1;Silomais/Grünmais einschl. Lieschkolbenschrot;96793300;t;ERN001;Erntemenge
41241;Ernte-u.Betriebsbericht: Feldfrüchte und Grünland;JAHR;Jahr;2011;DINSG;Deutschland insgesamt;DG;Deutschland;FRUA04;Fruchtarten;FRUART064G1;Silomais/Grünmais einschl. Lieschkolbenschrot;476,1;dt/ha;ERT001;Ertrag je Hektar
41241;Ernte-u.Betriebsbericht: Feldfrüchte und Grünland;JAHR;Jahr;2011;DINSG;Deutschland insgesamt;DG;Deutschland;FRUA04;Fruchtarten;FRUART064G1;Silomais/Grünmais einschl. Lieschkolbenschrot;2028800;ha;FLC016;Anbaufläche
41241;Ernte-u.Betriebsbericht: Feldfrüchte und Grünland;JAHR;Jahr;2014;DINSG;Deutschland insgesamt;DG;Deutschland;FRUA04;Fruchtarten;FRUART022;Ackerbohnen;87600;t;ERN001;Erntemenge
41241;Ernte-u.Betriebsbericht: Feldfrüchte und Grünland;JAHR;Jahr;2014;DINSG;Deutschland insgesamt;DG;Deutschland;FRUA04;Fruchtarten;FRUART022;Ackerbohnen;42,7;dt/ha;ERT001;Ertrag je Hektar
41241;Ernte-u.Betriebsbericht: Feldfrüchte und Grünland;JAHR;Jahr;2014;DINSG;Deutschland insgesamt;DG;Deutschland;FRUA04;Fruchtarten;FRUART022;Ackerbohnen;20500;ha;FLC016;Anbaufläche
41241;Ernte-u.Betriebsbericht: Feldfrüchte und Grünland;JAHR;Jahr;2020;DINSG;Deutschland insgesamt;DG;Deutschland;FRUA04;Fruchtarten;FRUART024OF;Erbsen (ohne Frischerbsen);297500;t;ERN001;Erntemenge
41241;Ernte-u.Betriebsbericht: Feldfrüchte und Grünland;JAHR;Jahr;2020;DINSG;Deutschland insgesamt;DG;Deutschland;FRUA04;Fruchtarten;FRUART024OF;Erbsen (ohne Frischerbsen);36,0;dt/ha;ERT001;Ertrag je Hektar
41241;Ernte-u.Betriebsbericht: Feldfrüchte und Grünland;JAHR;Jahr;2020;DINSG;Deutschland insgesamt;DG;Deutschland;FRUA04;Fruchtarten;FRUART024OF;Erbsen (ohne Frischerbsen);82600;ha;FLC016;Anbaufläche
41241;Ernte-u.Betriebsbericht: Feldfrüchte und Grünland;JAHR;Jahr;2020;DINSG;Deutschland insgesamt;DG;Deutschland;FRUA04;Fruchtarten;FRUART013CCM1;Körnermais/Mais zum Ausreifen (einschl. CCM);4020000;t;ERN001;Erntemenge
41241;Ernte-u.Betriebsbericht: Feldfrüchte und Grünland;JAHR;Jahr;2020;DINSG;Deutschland insgesamt;DG;Deutschland;FRUA04;Fruchtarten;FRUART013CCM1;Körnermais/Mais zum Ausreifen (einschl. CCM);95,9;dt/ha;ERT001;Ertrag je Hektar
41241;Ernte-u.Betriebsbericht: Feldfrüchte und Grünland;JAHR;Jahr;2020;DINSG;Deutschland insgesamt;DG;Deutschland;FRUA04;Fruchtarten;FRUART013CCM1;Körnermais/Mais zum Ausreifen (einschl. CCM);419300;ha;FLC016;Anbaufläche
41241;Ernte-u.Betriebsbericht: Feldfrüchte und Grünland;JAHR;Jahr;2019;DINSG;Deutschland insgesamt;DG;Deutschland;FRUA04;Fruchtarten;FRUART01212;Sommergerste;1828700;t;ERN001;Erntemenge
41241;Ernte-u.Betriebsbericht: Feldfrüchte und Grünland;JAHR;Jahr;2019;DINSG;Deutschland insgesamt;DG;Deutschland;FRUA04;Fruchtarten;FRUART01212;Sommergerste;51,2;dt/ha;ERT001;Ertrag je Hektar
41241;Ernte-u.Betriebsbericht: Feldfrüchte und Grünland;JAHR;Jahr;2019;DINSG;Deutschland insgesamt;DG;Deutschland;FRUA04;Fruchtarten;FRUART01212;Sommergerste;356900;ha;FLC016;Anbaufläche
41241;Ernte-u.Betriebsbericht: Feldfrüchte und Grünland;JAHR;Jahr;2024;DINSG;Deutschland insgesamt;DG;Deutschland;FRUA04;Fruchtarten;FRUART025;Sojabohnen;131800;t;ERN001;Erntemenge
41241;Ernte-u.Betriebsbericht: Feldfrüchte und Grünland;JAHR;Jahr;2024;DINSG;Deutschland insgesamt;DG;Deutschland;FRUA04;Fruchtarten;FRUART025;Sojabohnen;32,6;dt/ha;ERT001;Ertrag je Hektar
41241;Ernte-u.Betriebsbericht: Feldfrüchte und Grünland;JAHR;Jahr;2024;DINSG;Deutschland insgesamt;DG;Deutschland;FRUA04;Fruchtarten;FRUART025;Sojabohnen;40500;ha;FLC016;Anbaufläche
41241;Ernte-u.Betriebsbericht: Feldfrüchte und Grünland;JAHR;Jahr;2026;DINSG;Deutschland insgesamt;DG;Deutschland;FRUA04;Fruchtarten;FRUART062;Luzerne;800900;t;ERN001;Erntemenge
41241;Ernte-u.Betriebsbericht: Feldfrüchte und Grünland;JAHR;Jahr;2026;DINSG;Deutschland insgesamt;DG;Deutschland;FRUA04;Fruchtarten;FRUART062;Luzerne;64,5;dt/ha;ERT001;Ertrag je Hektar
41241;Ernte-u.Betriebsbericht: Feldfrüchte und Grünland;JAHR;Jahr;2026;DINSG;Deutschland insgesamt;DG;Deutschland;FRUA04;Fruchtarten;FRUART062;Luzerne;124200;ha;FLC016;Anbaufläche
41241;Ernte-u.Betriebsbericht: Feldfrüchte und Grünland;JAHR;Jahr;2025;DINSG;Deutschland insgesamt;DG;Deutschland;FRUA04;Fruchtarten;FRUART032;Zuckerrüben;32326600;t;ERN001;Erntemenge
41241;Ernte-u.Betriebsbericht: Feldfrüchte und Grünland;JAHR;Jahr;2025;DINSG;Deutschland insgesamt;DG;Deutschland;FRUA04;Fruchtarten;FRUART032;Zuckerrüben;834,4;dt/ha;ERT001;Ertrag je Hektar
41241;Ernte-u.Betriebsbericht: Feldfrüchte und Grünland;JAHR;Jahr;2025;DINSG;Deutschland insgesamt;DG;Deutschland;FRUA04;Fruchtarten;FRUART032;Zuckerrüben;387400;ha;FLC016;Anbaufläche
41241;Ernte-u.Betriebsbericht: Feldfrüchte und Grünland;JAHR;Jahr;2016;DINSG;Deutschland insgesamt;DG;Deutschland;FRUA04;Fruchtarten;FRUART067S;Süßlupinen;50000;t;ERN001;Erntemenge
41241;Ernte-u.Betriebsbericht: Feldfrüchte und Grünland;JAHR;Jahr;2016;DINSG;Deutschland insgesamt;DG;Deutschland;FRUA04;Fruchtarten;FRUART067S;Süßlupinen;17,5;dt/ha;ERT001;Ertrag je Hektar
41241;Ernte-u.Betriebsbericht: Feldfrüchte und Grünland;JAHR;Jahr;2016;DINSG;Deutschland insgesamt;DG;Deutschland;FRUA04;Fruchtarten;FRUART067S;Süßlupinen;28600;ha;FLC016;Anbaufläche
41241;Ernte-u.Betriebsbericht: Feldfrüchte und Grünland;JAHR;Jahr;2023;DINSG;Deutschland insgesamt;DG;Deutschland;FRUA04;Fruchtarten;FRUART05112;Sommerraps, Winter- und Sommerrübsen;7700;t;ERN001;Erntemenge
41241;Ernte-u.Betriebsbericht: Feldfrüchte und Grünland;JAHR;Jahr;2023;DINSG;Deutschland insgesamt;DG;Deutschland;FRUA04;Fruchtarten;FRUART05112;Sommerraps, Winter- und Sommerrübsen;22,5;dt/ha;ERT001;Ertrag je Hektar
41241;Ernte-u.Betriebsbericht: Feldfrüchte und Grünland;JAHR;Jahr;2023;DINSG;Deutschland insgesamt;DG;Deutschland;FRUA04;Fruchtarten;FRUART05112;Sommerraps, Winter- und Sommerrübsen;3400;ha;FLC016;Anbaufläche
41241;Ernte-u.Betriebsbericht: Feldfrüchte und Grünland;JAHR;Jahr;2023;DINSG;Deutschland insgesamt;DG;Deutschland;FRUA04;Fruchtarten;FRUART01111DE;Winterweizen (einschließlich Dinkel und Einkorn);21167500;t;ERN001;Erntemenge
41241;Ernte-u.Betriebsbericht: Feldfrüchte und Grünland;JAHR;Jahr;2023;DINSG;Deutschland insgesamt;DG;Deutschland;FRUA04;Fruchtarten;FRUART01111DE;Winterweizen (einschließlich Dinkel und Einkorn);74,9;dt/ha;ERT001;Ertrag je Hektar
41241;Ernte-u.Betriebsbericht: Feldfrüchte und Grünland;JAHR;Jahr;2023;DINSG;Deutschland insgesamt;DG;Deutschland;FRUA04;Fruchtarten;FRUART01111DE;Winterweizen (einschließlich Dinkel und Einkorn);2826000;ha;FLC016;Anbaufläche
41241;Ernte-u.Betriebsbericht: Feldfrüchte und Grünland;JAHR;Jahr;2010;DINSG;Deutschland insgesamt;DG;Deutschland;FRUA04;Fruchtarten;FRUART0111;Weizen;23782955;t;ERN001;Erntemenge
41241;Ernte-u.Betriebsbericht: Feldfrüchte und Grünland;JAHR;Jahr;2010;DINSG;Deutschland insgesamt;DG;Deutschland;FRUA04;Fruchtarten;FRUART0111;Weizen;72,1;dt/ha;ERT001;Ertrag je Hektar
41241;Ernte-u.Betriebsbericht: Feldfrüchte und Grünland;JAHR;Jahr;2010;DINSG;Deutschland insgesamt;DG;Deutschland;FRUA04;Fruchtarten;FRUART0111;Weizen;3297699;ha;FLC016;Anbaufläche
41241;Ernte-u.Betriebsbericht: Feldfrüchte und Grünland;JAHR;Jahr;2016;DINSG;Deutschland insgesamt;DG;Deutschland;FRUA04;Fruchtarten;FRUART013CCM1;Körnermais/Mais zum Ausreifen (einschl. CCM);4017800;t;ERN001;Erntemenge
41241;Ernte-u.Betriebsbericht: Feldfrüchte und Grünland;JAHR;Jahr;2016;DINSG;Deutschland insgesamt;DG;Deutschland;FRUA04;Fruchtarten;FRUART013CCM1;Körnermais/Mais zum Ausreifen (einschl. CCM);96,5;dt/ha;ERT001;Ertrag je Hektar
41241;Ernte-u.Betriebsbericht: Feldfrüchte und Grünland;JAHR;Jahr;2016;DINSG;Deutschland insgesamt;DG;Deutschland;FRUA04;Fruchtarten;FRUART013CCM1;Körnermais/Mais zum Ausreifen (einschl. CCM);416300;ha;FLC016;Anbaufläche
41241;Ernte-u.Betriebsbericht: Feldfrüchte und Grünland;JAHR;Jahr;2011;DINSG;Deutschland insgesamt;DG;Deutschland;FRUA04;Fruchtarten;FRUART032;Zuckerrüben;29577500;t;ERN001;Erntemenge
41241;Ernte-u.Betriebsbericht: Feldfrüchte und Grünland;JAHR;Jahr;2011;DINSG;Deutschland insgesamt;DG;Deutschland;FRUA04;Fruchtarten;FRUART032;Zuckerrüben;743,0;dt/ha;ERT001;Ertrag je Hektar
41241;Ernte-u.Betriebsbericht: Feldfrüchte und Grünland;JAHR;Jahr;2011;DINSG;Deutschland insgesamt;DG;Deutschland;FRUA04;Fruchtarten;FRUART032;Zuckerrüben;398100;ha;FLC016;Anbaufläche
41241;Ernte-u.Betriebsbericht: Feldfrüchte und Grünland;JAHR;Jahr;2019;DINSG;Deutschland insgesamt;DG;Deutschland;FRUA04;Fruchtarten;FRUART024OF;Erbsen (ohne Frischerbsen);228200;t;ERN001;Erntemenge
41241;Ernte-u.Betriebsbericht: Feldfrüchte und Grünland;JAHR;Jahr;2019;DINSG;Deutschland insgesamt;DG;Deutschland;FRUA04;Fruchtarten;FRUART024OF;Erbsen (ohne Frischerbsen);30,6;dt/ha;ERT001;Ertrag je Hektar
41241;Ernte-u.Betriebsbericht: Feldfrüchte und Grünland;JAHR;Jahr;2019;DINSG;Deutschland insgesamt;DG;Deutschland;FRUA04;Fruchtarten;FRUART024OF;Erbsen (ohne Frischerbsen);74600;ha;FLC016;Anbaufläche
41241;Ernte-u.Betriebsbericht: Feldfrüchte und Grünland;JAHR;Jahr;2017;DINSG;Deutschland insgesamt;DG;Deutschland;FRUA04;Fruchtarten;FRUART025;Sojabohnen;65700;t;ERN001;Erntemenge
41241;Ernte-u.Betriebsbericht: Feldfrüchte und Grünland;JAHR;Jahr;2017;DINSG;Deutschland insgesamt;DG;Deutschland;FRUA04;Fruchtarten;FRUART025;Sojabohnen;34,4;dt/ha;ERT001;Ertrag je Hektar
41241;Ernte-u.Betriebsbericht: Feldfrüchte und Grünland;JAHR;Jahr;2017;DINSG;Deutschland insgesamt;DG;Deutschland;FRUA04;Fruchtarten;FRUART025;Sojabohnen;19100;ha;FLC016;Anbaufläche
41241;Ernte-u.Betriebsbericht: Feldfrüchte und Grünland;JAHR;Jahr;2019;DINSG;Deutschland insgesamt;DG;Deutschland;FRUA04;Fruchtarten;FRUART062;Luzerne;-;t;ERN001;Erntemenge
41241;Ernte-u.Betriebsbericht: Feldfrüchte und Grünland;JAHR;Jahr;2019;DINSG;Deutschland insgesamt;DG;Deutschland;FRUA04;Fruchtarten;FRUART062;Luzerne;-;dt/ha;ERT001;Ertrag je Hektar
41241;Ernte-u.Betriebsbericht: Feldfrüchte und Grünland;JAHR;Jahr;2019;DINSG;Deutschland insgesamt;DG;Deutschland;FRUA04;Fruchtarten;FRUART062;Luzerne;-;ha;FLC016;Anbaufläche
41241;Ernte-u.Betriebsbericht: Feldfrüchte und Grünland;JAHR;Jahr;2010;DINSG;Deutschland insgesamt;DG;Deutschland;FRUA04;Fruchtarten;FRUART025;Sojabohnen;.;t;ERN001;Erntemenge
41241;Ernte-u.Betriebsbericht: Feldfrüchte und Grünland;JAHR;Jahr;2010;DINSG;Deutschland insgesamt;DG;Deutschland;FRUA04;Fruchtarten;FRUART025;Sojabohnen;.;dt/ha;ERT001;Ertrag je Hektar
41241;Ernte-u.Betriebsbericht: Feldfrüchte und Grünland;JAHR;Jahr;2010;DINSG;Deutschland insgesamt;DG;Deutschland;FRUA04;Fruchtarten;FRUART025;Sojabohnen;.;ha;FLC016;Anbaufläche
41241;Ernte-u.Betriebsbericht: Feldfrüchte und Grünland;JAHR;Jahr;2018;DINSG;Deutschland insgesamt;DG;Deutschland;FRUA04;Fruchtarten;FRUART032;Zuckerrüben;26191400;t;ERN001;Erntemenge
41241;Ernte-u.Betriebsbericht: Feldfrüchte und Grünland;JAHR;Jahr;2018;DINSG;Deutschland insgesamt;DG;Deutschland;FRUA04;Fruchtarten;FRUART032;Zuckerrüben;632,8;dt/ha;ERT001;Ertrag je Hektar
41241;Ernte-u.Betriebsbericht: Feldfrüchte und Grünland;JAHR;Jahr;2018;DINSG;Deutschland insgesamt;DG;Deutschland;FRUA04;Fruchtarten;FRUART032;Zuckerrüben;413900;ha;FLC016;Anbaufläche
41241;Ernte-u.Betriebsbericht: Feldfrüchte und Grünland;JAHR;Jahr;2011;DINSG;Deutschland insgesamt;DG;Deutschland;FRUA04;Fruchtarten;FRUART067S;Süßlupinen;27600;t;ERN001;Erntemenge
41241;Ernte-u.Betriebsbericht: Feldfrüchte und Grünland;JAHR;Jahr;2011;DINSG;Deutschland insgesamt;DG;Deutschland;FRUA04;Fruchtarten;FRUART067S;Süßlupinen;12,8;dt/ha;ERT001;Ertrag je Hektar
41241;Ernte-u.Betriebsbericht: Feldfrüchte und Grünland;JAHR;Jahr;2011;DINSG;Deutschland insgesamt;DG;Deutschland;FRUA04;Fruchtarten;FRUART067S;Süßlupinen;21500;ha;FLC016;Anbaufläche
41241;Ernte-u.Betriebsbericht: Feldfrüchte und Grünland;JAHR;Jahr;2026;DINSG;Deutschland insgesamt;DG;Deutschland;FRUA04;Fruchtarten;FRUART024OF;Erbsen (ohne Frischerbsen);454800;t;ERN001;Erntemenge
41241;Ernte-u.Betriebsbericht: Feldfrüchte und Grünland;JAHR;Jahr;2026;DINSG;Deutschland insgesamt;DG;Deutschland;FRUA04;Fruchtarten;FRUART024OF;Erbsen (ohne Frischerbsen);31,3;dt/ha;ERT001;Ertrag je Hektar
41241;Ernte-u.Betriebsbericht: Feldfrüchte und Grünland;JAHR;Jahr;2026;DINSG;Deutschland insgesamt;DG;Deutschland;FRUA04;Fruchtarten;FRUART024OF;Erbsen (ohne Frischerbsen);145400;ha;FLC016;Anbaufläche
41241;Ernte-u.Betriebsbericht: Feldfrüchte und Grünland;JAHR;Jahr;2021;DINSG;Deutschland insgesamt;DG;Deutschland;FRUA04;Fruchtarten;FRUART022;Ackerbohnen;235900;t;ERN001;Erntemenge
41241;Ernte-u.Betriebsbericht: Feldfrüchte und Grünland;JAHR;Jahr;2021;DINSG;Deutschland insgesamt;DG;Deutschland;FRUA04;Fruchtarten;FRUART022;Ackerbohnen;41,0;dt/ha;ERT001;Ertrag je Hektar
41241;Ernte-u.Betriebsbericht: Feldfrüchte und Grünland;JAHR;Jahr;2021;DINSG;Deutschland insgesamt;DG;Deutschland;FRUA04;Fruchtarten;FRUART022;Ackerbohnen;57600;ha;FLC016;Anbaufläche
41241;Ernte-u.Betriebsbericht: Feldfrüchte und Grünland;JAHR;Jahr;2023;DINSG;Deutschland insgesamt;DG;Deutschland;FRUA04;Fruchtarten;FRUART081;Wiesen (Schnittnutzung);13524500;t;ERN001;Erntemenge
41241;Ernte-u.Betriebsbericht: Feldfrüchte und Grünland;JAHR;Jahr;2023;DINSG;Deutschland insgesamt;DG;Deutschland;FRUA04;Fruchtarten;FRUART081;Wiesen (Schnittnutzung);68,3;dt/ha;ERT001;Ertrag je Hektar
41241;Ernte-u.Betriebsbericht: Feldfrüchte und Grünland;JAHR;Jahr;2023;DINSG;Deutschland insgesamt;DG;Deutschland;FRUA04;Fruchtarten;FRUART081;Wiesen (Schnittnutzung);1981200;ha;FLC016;Anbaufläche
41241;Ernte-u.Betriebsbericht: Feldfrüchte und Grünland;JAHR;Jahr;2019;DINSG;Deutschland insgesamt;DG;Deutschland;FRUA04;Fruchtarten;FRUART0122;Hafer;519300;t;ERN001;Erntemenge
41241;Ernte-u.Betriebsbericht: Feldfrüchte und Grünland;JAHR;Jahr;2019;DINSG;Deutschland insgesamt;DG;Deutschland;FRUA04;Fruchtarten;FRUART0122;Hafer;41,1;dt/ha;ERT001;Ertrag je Hektar
41241;Ernte-u.Betriebsbericht: Feldfrüchte und Grünland;JAHR;Jahr;2019;DINSG;Deutschland insgesamt;DG;Deutschland;FRUA04;Fruchtarten;FRUART0122;Hafer;126300;ha;FLC016;Anbaufläche
41241;Ernte-u.Betriebsbericht: Feldfrüchte und Grünland;JAHR;Jahr;2025;DINSG;Deutschland insgesamt;DG;Deutschland;FRUA04;Fruchtarten;FRUART065;Raufutter;33233500;t;ERN001;Erntemenge
41241;Ernte-u.Betriebsbericht: Feldfrüchte und Grünland;JAHR;Jahr;2025;DINSG;Deutschland insgesamt;DG;Deutschland;FRUA04;Fruchtarten;FRUART065;Raufutter;64,3;dt/ha;ERT001;Ertrag je Hektar
41241;Ernte-u.Betriebsbericht: Feldfrüchte und Grünland;JAHR;Jahr;2025;DINSG;Deutschland insgesamt;DG;Deutschland;FRUA04;Fruchtarten;FRUART065;Raufutter;5165900;ha;FLC016;Anbaufläche
41241;Ernte-u.Betriebsbericht: Feldfrüchte und Grünland;JAHR;Jahr;2013;DINSG;Deutschland insgesamt;DG;Deutschland;FRUA04;Fruchtarten;FRUART01112OH;Sommerweizen (ohne Hartweizen);332400;t;ERN001;Erntemenge
41241;Ernte-u.Betriebsbericht: Feldfrüchte und Grünland;JAHR;Jahr;2013;DINSG;Deutschland insgesamt;DG;Deutschland;FRUA04;Fruchtarten;FRUART01112OH;Sommerweizen (ohne Hartweizen);62,2;dt/ha;ERT001;Ertrag je Hektar
41241;Ernte-u.Betriebsbericht: Feldfrüchte und Grünland;JAHR;Jahr;2013;DINSG;Deutschland insgesamt;DG;Deutschland;FRUA04;Fruchtarten;FRUART01112OH;Sommerweizen (ohne Hartweizen);53400;ha;FLC016;Anbaufläche
41241;Ernte-u.Betriebsbericht: Feldfrüchte und Grünland;JAHR;Jahr;2015;DINSG;Deutschland insgesamt;DG;Deutschland;FRUA04;Fruchtarten;FRUART0123;Sommermenggetreide;62000;t;ERN001;Erntemenge
41241;Ernte-u.Betriebsbericht: Feldfrüchte und Grünland;JAHR;Jahr;2015;DINSG;Deutschland insgesamt;DG;Deutschland;FRUA04;Fruchtarten;FRUART0123;Sommermenggetreide;43,6;dt/ha;ERT001;Ertrag je Hektar
41241;Ernte-u.Betriebsbericht: Feldfrüchte und Grünland;JAHR;Jahr;2015;DINSG;Deutschland insgesamt;DG;Deutschland;FRUA04;Fruchtarten;FRUART0123;Sommermenggetreide;14200;ha;FLC016;Anbaufläche
41241;Ernte-u.Betriebsbericht: Feldfrüchte und Grünland;JAHR;Jahr;2012;DINSG;Deutschland insgesamt;DG;Deutschland;FRUA04;Fruchtarten;FRUART0631;Feldgras/Grasanbau auf dem Ackerland (inkl.Misch.);2783700;t;ERN001;Erntemenge
41241;Ernte-u.Betriebsbericht: Feldfrüchte und Grünland;JAHR;Jahr;2012;DINSG;Deutschland insgesamt;DG;Deutschland;FRUA04;Fruchtarten;FRUART0631;Feldgras/Grasanbau auf dem Ackerland (inkl.Misch.);72,0;dt/ha;ERT001;Ertrag je Hektar
41241;Ernte-u.Betriebsbericht: Feldfrüchte und Grünland;JAHR;Jahr;2012;DINSG;Deutschland insgesamt;DG;Deutschland;FRUA04;Fruchtarten;FRUART0631;Feldgras/Grasanbau auf dem Ackerland (inkl.Misch.);386500;ha;FLC016;Anbaufläche
41241;Ernte-u.Betriebsbericht: Feldfrüchte und Grünland;JAHR;Jahr;2016;DINSG;Deutschland insgesamt;DG;Deutschland;FRUA04;Fruchtarten;FRUART024OF;Erbsen (ohne Frischerbsen);290200;t;ERN001;Erntemenge
41241;Ernte-u.Betriebsbericht: Feldfrüchte und Grünland;JAHR;Jahr;2016;DINSG;Deutschland insgesamt;DG;Deutschland;FRUA04;Fruchtarten;FRUART024OF;Erbsen (ohne Frischerbsen);33,1;dt/ha;ERT001;Ertrag je Hektar
41241;Ernte-u.Betriebsbericht: Feldfrüchte und Grünland;JAHR;Jahr;2016;DINSG;Deutschland insgesamt;DG;Deutschland;FRUA04;Fruchtarten;FRUART024OF;Erbsen (ohne Frischerbsen);87500;ha;FLC016;Anbaufläche
41241;Ernte-u.Betriebsbericht: Feldfrüchte und Grünland;JAHR;Jahr;2019;DINSG;Deutschland insgesamt;DG;Deutschland;FRUA04;Fruchtarten;FRUART02LG;Leguminosen zur Ganzpflanzenernte (z.B. Klee);2039200;t;ERN001;Erntemenge
41241;Ernte-u.Betriebsbericht: Feldfrüchte und Grünland;JAHR;Jahr;2019;DINSG;Deutschland insgesamt;DG;Deutschland;FRUA04;Fruchtarten;FRUART02LG;Leguminosen zur Ganzpflanzenernte (z.B. Klee);66,6;dt/ha;ERT001;Ertrag je Hektar
41241;Ernte-u.Betriebsbericht: Feldfrüchte und Grünland;JAHR;Jahr;2019;DINSG;Deutschland insgesamt;DG;Deutschland;FRUA04;Fruchtarten;FRUART02LG;Leguminosen zur Ganzpflanzenernte (z.B. Klee);306100;ha;FLC016;Anbaufläche
41241;Ernte-u.Betriebsbericht: Feldfrüchte und Grünland;JAHR;Jahr;2010;DINSG;Deutschland insgesamt;DG;Deutschland;FRUA04;Fruchtarten;FRUART0123;Sommermenggetreide;61915;t;ERN001;Erntemenge
41241;Ernte-u.Betriebsbericht: Feldfrüchte und Grünland;JAHR;Jahr;2010;DINSG;Deutschland insgesamt;DG;Deutschland;FRUA04;Fruchtarten;FRUART0123;Sommermenggetreide;39,2;dt/ha;ERT001;Ertrag je Hektar
41241;Ernte-u.Betriebsbericht: Feldfrüchte und Grünland;JAHR;Jahr;2010;DINSG;Deutschland insgesamt;DG;Deutschland;FRUA04;Fruchtarten;FRUART0123;Sommermenggetreide;15808;ha;FLC016;Anbaufläche
41241;Ernte-u.Betriebsbericht: Feldfrüchte und Grünland;JAHR;Jahr;2014;DINSG;Deutschland insgesamt;DG;Deutschland;FRUA04;Fruchtarten;FRUART0515;Sonnenblumen;46000;t;ERN001;Erntemenge
41241;Ernte-u.Betriebsbericht: Feldfrüchte und Grünland;JAHR;Jahr;2014;DINSG;Deutschland insgesamt;DG;Deutschland;FRUA04;Fruchtarten;FRUART0515;Sonnenblumen;23,0;dt/ha;ERT001;Ertrag je Hektar
41241;Ernte-u.Betriebsbericht: Feldfrüchte und Grünland;JAHR;Jahr;2014;DINSG;Deutschland insgesamt;DG;Deutschland;FRUA04;Fruchtarten;FRUART0515;Sonnenblumen;20000;ha;FLC016;Anbaufläche
41241;Ernte-u.Betriebsbericht: Feldfrüchte und Grünland;JAHR;Jahr;2014;DINSG;Deutschland insgesamt;DG;Deutschland;FRUA04;Fruchtarten;FRUART0122;Hafer;627100;t;ERN001;Erntemenge
41241;Ernte-u.Betriebsbericht: Feldfrüchte und Grünland;JAHR;Jahr;2014;DINSG;Deutschland insgesamt;DG;Deutschland;FRUA04;Fruchtarten;FRUART0122;Hafer;50,6;dt/ha;ERT001;Ertrag je Hektar
41241;Ernte-u.Betriebsbericht: Feldfrüchte und Grünland;JAHR;Jahr;2014;DINSG;Deutschland insgesamt;DG;Deutschland;FRUA04;Fruchtarten;FRUART0122;Hafer;123800;ha;FLC016;Anbaufläche
41241;Ernte-u.Betriebsbericht: Feldfrüchte und Grünland;JAHR;Jahr;2023;DINSG;Deutschland insgesamt;DG;Deutschland;FRUA04;Fruchtarten;FRUART01G;Getreide zur Ganzpflanzenernte;2705000;t;ERN001;Erntemenge
41241;Ernte-u.Betriebsbericht: Feldfrüchte und Grünland;JAHR;Jahr;2023;DINSG;Deutschland insgesamt;DG;Deutschland;FRUA04;Fruchtarten;FRUART01G;Getreide zur Ganzpflanzenernte;279,0;dt/ha;ERT001;Ertrag je Hektar
41241;Ernte-u.Betriebsbericht: Feldfrüchte und Grünland;JAHR;Jahr;2023;DINSG;Deutschland insgesamt;DG;Deutschland;FRUA04;Fruchtarten;FRUART01G;Getreide zur Ganzpflanzenernte;96900;ha;FLC016;Anbaufläche
41241;Ernte-u.Betriebsbericht: Feldfrüchte und Grünland;JAHR;Jahr;2023;DINSG;Deutschland insgesamt;DG;Deutschland;FRUA04;Fruchtarten;FRUART0121;Gerste;10999900;t;ERN001;Erntemenge
41241;Ernte-u.Betriebsbericht: Feldfrüchte und Grünland;JAHR;Jahr;2023;DINSG;Deutschland insgesamt;DG;Deutschland;FRUA04;Fruchtarten;FRUART0121;Gerste;68,2;dt/ha;ERT001;Ertrag je Hektar
41241;Ernte-u.Betriebsbericht: Feldfrüchte und Grünland;JAHR;Jahr;2023;DINSG;Deutschland insgesamt;DG;Deutschland;FRUA04;Fruchtarten;FRUART0121;Gerste;1612200;ha;FLC016;Anbaufläche
41241;Ernte-u.Betriebsbericht: Feldfrüchte und Grünland;JAHR;Jahr;2019;DINSG;Deutschland insgesamt;DG;Deutschland;FRUA04;Fruchtarten;FRUART01111DE;Winterweizen (einschließlich Dinkel und Einkorn);22756200;t;ERN001;Erntemenge
41241;Ernte-u.Betriebsbericht: Feldfrüchte und Grünland;JAHR;Jahr;2019;DINSG;Deutschland insgesamt;DG;Deutschland;FRUA04;Fruchtarten;FRUART01111DE;Winterweizen (einschließlich Dinkel und Einkorn);74,5;dt/ha;ERT001;Ertrag je Hektar
41241;Ernte-u.Betriebsbericht: Feldfrüchte und Grünland;JAHR;Jahr;2019;DINSG;Deutschland insgesamt;DG;Deutschland;FRUA04;Fruchtarten;FRUART01111DE;Winterweizen (einschließlich Dinkel und Einkorn);3054900;ha;FLC016;Anbaufläche
41241;Ernte-u.Betriebsbericht: Feldfrüchte und Grünland;JAHR;Jahr;2025;DINSG;Deutschland insgesamt;DG;Deutschland;FRUA04;Fruchtarten;FRUART01112OH;Sommerweizen (ohne Hartweizen);243400;t;ERN001;Erntemenge
41241;Ernte-u.Betriebsbericht: Feldfrüchte und Grünland;JAHR;Jahr;2025;DINSG;Deutschland insgesamt;DG;Deutschland;FRUA04;Fruchtarten;FRUART01112OH;Sommerweizen (ohne Hartweizen);51,0;dt/ha;ERT001;Ertrag je Hektar
41241;Ernte-u.Betriebsbericht: Feldfrüchte und Grünland;JAHR;Jahr;2025;DINSG;Deutschland insgesamt;DG;Deutschland;FRUA04;Fruchtarten;FRUART01112OH;Sommerweizen (ohne Hartweizen);47700;ha;FLC016;Anbaufläche
41241;Ernte-u.Betriebsbericht: Feldfrüchte und Grünland;JAHR;Jahr;2012;DINSG;Deutschland insgesamt;DG;Deutschland;FRUA04;Fruchtarten;FRUART062;Luzerne;-;t;ERN001;Erntemenge
41241;Ernte-u.Betriebsbericht: Feldfrüchte und Grünland;JAHR;Jahr;2012;DINSG;Deutschland insgesamt;DG;Deutschland;FRUA04;Fruchtarten;FRUART062;Luzerne;-;dt/ha;ERT001;Ertrag je Hektar
41241;Ernte-u.Betriebsbericht: Feldfrüchte und Grünland;JAHR;Jahr;2012;DINSG;Deutschland insgesamt;DG;Deutschland;FRUA04;Fruchtarten;FRUART062;Luzerne;-;ha;FLC016;Anbaufläche
41241;Ernte-u.Betriebsbericht: Feldfrüchte und Grünland;JAHR;Jahr;2019;DINSG;Deutschland insgesamt;DG;Deutschland;FRUA04;Fruchtarten;FRUART05112;Sommerraps, Winter- und Sommerrübsen;5400;t;ERN001;Erntemenge
41241;Ernte-u.Betriebsbericht: Feldfrüchte und Grünland;JAHR;Jahr;2019;DINSG;Deutschland insgesamt;DG;Deutschland;FRUA04;Fruchtarten;FRUART05112;Sommerraps, Winter- und Sommerrübsen;13,4;dt/ha;ERT001;Ertrag je Hektar
41241;Ernte-u.Betriebsbericht: Feldfrüchte und Grünland;JAHR;Jahr;2019;DINSG;Deutschland insgesamt;DG;Deutschland;FRUA04;Fruchtarten;FRUART05112;Sommerraps, Winter- und Sommerrübsen;4000;ha;FLC016;Anbaufläche
41241;Ernte-u.Betriebsbericht: Feldfrüchte und Grünland;JAHR;Jahr;2015;DINSG;Deutschland insgesamt;DG;Deutschland;FRUA04;Fruchtarten;FRUART0111;Weizen;26549500;t;ERN001;Erntemenge
41241;Ernte-u.Betriebsbericht: Feldfrüchte und Grünland;JAHR;Jahr;2015;DINSG;Deutschland insgesamt;DG;Deutschland;FRUA04;Fruchtarten;FRUART0111;Weizen;80,9;dt/ha;ERT001;Ertrag je Hektar
41241;Ernte-u.Betriebsbericht: Feldfrüchte und Grünland;JAHR;Jahr;2015;DINSG;Deutschland insgesamt;DG;Deutschland;FRUA04;Fruchtarten;FRUART0111;Weizen;3282700;ha;FLC016;Anbaufläche
41241;Ernte-u.Betriebsbericht: Feldfrüchte und Grünland;JAHR;Jahr;2019;DINSG;Deutschland insgesamt;DG;Deutschland;FRUA04;Fruchtarten;FRUART0515;Sonnenblumen;46000;t;ERN001;Erntemenge
41241;Ernte-u.Betriebsbericht: Feldfrüchte und Grünland;JAHR;Jahr;2019;DINSG;Deutschland insgesamt;DG;Deutschland;FRUA04;Fruchtarten;FRUART0515;Sonnenblumen;20,5;dt/ha;ERT001;Ertrag je Hektar
41241;Ernte-u.Betriebsbericht: Feldfrüchte und Grünland;JAHR;Jahr;2019;DINSG;Deutschland insgesamt;DG;Deutschland;FRUA04;Fruchtarten;FRUART0515;Sonnenblumen;22500;ha;FLC016;Anbaufläche
41241;Ernte-u.Betriebsbericht: Feldfrüchte und Grünland;JAHR;Jahr;2014;DINSG;Deutschland insgesamt;DG;Deutschland;FRUA04;Fruchtarten;FRUART02LG;Leguminosen zur Ganzpflanzenernte (z.B. Klee);2134400;t;ERN001;Erntemenge
41241;Ernte-u.Betriebsbericht: Feldfrüchte und Grünland;JAHR;Jahr;2014;DINSG;Deutschland insgesamt;DG;Deutschland;FRUA04;Fruchtarten;FRUART02LG;Leguminosen zur Ganzpflanzenernte (z.B. Klee);77,9;dt/ha;ERT001;Ertrag je Hektar
41241;Ernte-u.Betriebsbericht: Feldfrüchte und Grünland;JAHR;Jahr;2014;DINSG;Deutschland insgesamt;DG;Deutschland;FRUA04;Fruchtarten;FRUART02LG;Leguminosen zur Ganzpflanzenernte (z.B. Klee);273800;ha;FLC016;Anbaufläche
41241;Ernte-u.Betriebsbericht: Feldfrüchte und Grünland;JAHR;Jahr;2025;DINSG;Deutschland insgesamt;DG;Deutschland;FRUA04;Fruchtarten;FRUART031;Kartoffeln;13870700;t;ERN001;Erntemenge
41241;Ernte-u.Betriebsbericht: Feldfrüchte und Grünland;JAHR;Jahr;2025;DINSG;Deutschland insgesamt;DG;Deutschland;FRUA04;Fruchtarten;FRUART031;Kartoffeln;459,6;dt/ha;ERT001;Ertrag je Hektar
41241;Ernte-u.Betriebsbericht: Feldfrüchte und Grünland;JAHR;Jahr;2025;DINSG;Deutschland insgesamt;DG;Deutschland;FRUA04;Fruchtarten;FRUART031;Kartoffeln;301800;ha;FLC016;Anbaufläche
41241;Ernte-u.Betriebsbericht: Feldfrüchte und Grünland;JAHR;Jahr;2019;DINSG;Deutschland insgesamt;DG;Deutschland;FRUA04;Fruchtarten;FRUART01111E;Winterweizen (einschließlich Einkorn);-;t;ERN001;Erntemenge
41241;Ernte-u.Betriebsbericht: Feldfrüchte und Grünland;JAHR;Jahr;2019;DINSG;Deutschland insgesamt;DG;Deutschland;FRUA04;Fruchtarten;FRUART01111E;Winterweizen (einschließlich Einkorn);-;dt/ha;ERT001;Ertrag je Hektar
41241;Ernte-u.Betriebsbericht: Feldfrüchte und Grünland;JAHR;Jahr;2019;DINSG;Deutschland insgesamt;DG;Deutschland;FRUA04;Fruchtarten;FRUART01111E;Winterweizen (einschließlich Einkorn);-;ha;FLC016;Anbaufläche
41241;Ernte-u.Betriebsbericht: Feldfrüchte und Grünland;JAHR;Jahr;2019;DINSG;Deutschland insgesamt;DG;Deutschland;FRUA04;Fruchtarten;FRUART01EKM1;Getreide zur Körnergew. (einschl. Körnermais, CCM);44302400;t;ERN001;Erntemenge
41241;Ernte-u.Betriebsbericht: Feldfrüchte und Grünland;JAHR;Jahr;2019;DINSG;Deutschland insgesamt;DG;Deutschland;FRUA04;Fruchtarten;FRUART01EKM1;Getreide zur Körnergew. (einschl. Körnermais, CCM);69,5;dt/ha;ERT001;Ertrag je Hektar
41241;Ernte-u.Betriebsbericht: Feldfrüchte und Grünland;JAHR;Jahr;2019;DINSG;Deutschland insgesamt;DG;Deutschland;FRUA04;Fruchtarten;FRUART01EKM1;Getreide zur Körnergew. (einschl. Körnermais, CCM);6372500;ha;FLC016;Anbaufläche
41241;Ernte-u.Betriebsbericht: Feldfrüchte und Grünland;JAHR;Jahr;2012;DINSG;Deutschland insgesamt;DG;Deutschland;FRUA04;Fruchtarten;FRUART01121;Roggen und Wintermenggetreide;3878400;t;ERN001;Erntemenge
41241;Ernte-u.Betriebsbericht: Feldfrüchte und Grünland;JAHR;Jahr;2012;DINSG;Deutschland insgesamt;DG;Deutschland;FRUA04;Fruchtarten;FRUART01121;Roggen und Wintermenggetreide;54,7;dt/ha;ERT001;Ertrag je Hektar
41241;Ernte-u.Betriebsbericht: Feldfrüchte und Grünland;JAHR;Jahr;2012;DINSG;Deutschland insgesamt;DG;Deutschland;FRUA04;Fruchtarten;FRUART01121;Roggen und Wintermenggetreide;708500;ha;FLC016;Anbaufläche
41241;Ernte-u.Betriebsbericht: Feldfrüchte und Grünland;JAHR;Jahr;2023;DINSG;Deutschland insgesamt;DG;Deutschland;FRUA04;Fruchtarten;FRUART05111;Winterraps;4210300;t;ERN001;Erntemenge
41241;Ernte-u.Betriebsbericht: Feldfrüchte und Grünland;JAHR;Jahr;2023;DINSG;Deutschland insgesamt;DG;Deutschland;FRUA04;Fruchtarten;FRUART05111;Winterraps;35,8;dt/ha;ERT001;Ertrag je Hektar
41241;Ernte-u.Betriebsbericht: Feldfrüchte und Grünland;JAHR;Jahr;2023;DINSG;Deutschland insgesamt;DG;Deutschland;FRUA04;Fruchtarten;FRUART05111;Winterraps;1174800;ha;FLC016;Anbaufläche
41241;Ernte-u.Betriebsbericht: Feldfrüchte und Grünland;JAHR;Jahr;2020;DINSG;Deutschland insgesamt;DG;Deutschland;FRUA04;Fruchtarten;FRUART082;Weiden (einschließlich Mähweiden und Almen);15370400;t;ERN001;Erntemenge
41241;Ernte-u.Betriebsbericht: Feldfrüchte und Grünland;JAHR;Jahr;2020;DINSG;Deutschland insgesamt;DG;Deutschland;FRUA04;Fruchtarten;FRUART082;Weiden (einschließlich Mähweiden und Almen);59,0;dt/ha;ERT001;Ertrag je Hektar
41241;Ernte-u.Betriebsbericht: Feldfrüchte und Grünland;JAHR;Jahr;2020;DINSG;Deutschland insgesamt;DG;Deutschland;FRUA04;Fruchtarten;FRUART082;Weiden (einschließlich Mähweiden und Almen);2605200;ha;FLC016;Anbaufläche
41241;Ernte-u.Betriebsbericht: Feldfrüchte und Grünland;JAHR;Jahr;2013;DINSG;Deutschland insgesamt;DG;Deutschland;FRUA04;Fruchtarten;FRUART0511;Raps und Rübsen;5784300;t;ERN001;Erntemenge
41241;Ernte-u.Betriebsbericht: Feldfrüchte und Grünland;JAHR;Jahr;2013;DINSG;Deutschland insgesamt;DG;Deutschland;FRUA04;Fruchtarten;FRUART0511;Raps und Rübsen;39,5;dt/ha;ERT001;Ertrag je Hektar
41241;Ernte-u.Betriebsbericht: Feldfrüchte und Grünland;JAHR;Jahr;2013;DINSG;Deutschland insgesamt;DG;Deutschland;FRUA04;Fruchtarten;FRUART0511;Raps und Rübsen;1465600;ha;FLC016;Anbaufläche
41241;Ernte-u.Betriebsbericht: Feldfrüchte und Grünland;JAHR;Jahr;2020;DINSG;Deutschland insgesamt;DG;Deutschland;FRUA04;Fruchtarten;FRUART0631;Feldgras/Grasanbau auf dem Ackerland (inkl.Misch.);2153500;t;ERN001;Erntemenge
41241;Ernte-u.Betriebsbericht: Feldfrüchte und Grünland;JAHR;Jahr;2020;DINSG;Deutschland insgesamt;DG;Deutschland;FRUA04;Fruchtarten;FRUART0631;Feldgras/Grasanbau auf dem Ackerland (inkl.Misch.);68,1;dt/ha;ERT001;Ertrag je Hektar
41241;Ernte-u.Betriebsbericht: Feldfrüchte und Grünland;JAHR;Jahr;2020;DINSG;Deutschland insgesamt;DG;Deutschland;FRUA04;Fruchtarten;FRUART0631;Feldgras/Grasanbau auf dem Ackerland (inkl.Misch.);316100;ha;FLC016;Anbaufläche
41241;Ernte-u.Betriebsbericht: Feldfrüchte und Grünland;JAHR;Jahr;2010;DINSG;Deutschland insgesamt;DG;Deutschland;FRUA04;Fruchtarten;FRUART022;Ackerbohnen;49922;t;ERN001;Erntemenge
41241;Ernte-u.Betriebsbericht: Feldfrüchte und Grünland;JAHR;Jahr;2010;DINSG;Deutschland insgesamt;DG;Deutschland;FRUA04;Fruchtarten;FRUART022;Ackerbohnen;30,6;dt/ha;ERT001;Ertrag je Hektar
41241;Ernte-u.Betriebsbericht: Feldfrüchte und Grünland;JAHR;Jahr;2010;DINSG;Deutschland insgesamt;DG;Deutschland;FRUA04;Fruchtarten;FRUART022;Ackerbohnen;16293;ha;FLC016;Anbaufläche
41241;Ernte-u.Betriebsbericht: Feldfrüchte und Grünland;JAHR;Jahr;2015;DINSG;Deutschland insgesamt;DG;Deutschland;FRUA04;Fruchtarten;FRUART01113;Hartweizen (Durum);87300;t;ERN001;Erntemenge
41241;Ernte-u.Betriebsbericht: Feldfrüchte und Grünland;JAHR;Jahr;2015;DINSG;Deutschland insgesamt;DG;Deutschland;FRUA04;Fruchtarten;FRUART01113;Hartweizen (Durum);46,5;dt/ha;ERT001;Ertrag je Hektar
41241;Ernte-u.Betriebsbericht: Feldfrüchte und Grünland;JAHR;Jahr;2015;DINSG;Deutschland insgesamt;DG;Deutschland;FRUA04;Fruchtarten;FRUART01113;Hartweizen (Durum);18800;ha;FLC016;Anbaufläche
41241;Ernte-u.Betriebsbericht: Feldfrüchte und Grünland;JAHR;Jahr;2019;DINSG;Deutschland insgesamt;DG;Deutschland;FRUA04;Fruchtarten;FRUART082;Weiden (einschließlich Mähweiden und Almen);14533900;t;ERN001;Erntemenge
41241;Ernte-u.Betriebsbericht: Feldfrüchte und Grünland;JAHR;Jahr;2019;DINSG;Deutschland insgesamt;DG;Deutschland;FRUA04;Fruchtarten;FRUART082;Weiden (einschließlich Mähweiden und Almen);55,6;dt/ha;ERT001;Ertrag je Hektar
41241;Ernte-u.Betriebsbericht: Feldfrüchte und Grünland;JAHR;Jahr;2019;DINSG;Deutschland insgesamt;DG;Deutschland;FRUA04;Fruchtarten;FRUART082;Weiden (einschließlich Mähweiden und Almen);2615200;ha;FLC016;Anbaufläche
41241;Ernte-u.Betriebsbericht: Feldfrüchte und Grünland;JAHR;Jahr;2019;DINSG;Deutschland insgesamt;DG;Deutschland;FRUA04;Fruchtarten;FRUART01113;Hartweizen (Durum);154700;t;ERN001;Erntemenge
41241;Ernte-u.Betriebsbericht: Feldfrüchte und Grünland;JAHR;Jahr;2019;DINSG;Deutschland insgesamt;DG;Deutschland;FRUA04;Fruchtarten;FRUART01113;Hartweizen (Durum);49,2;dt/ha;ERT001;Ertrag je Hektar
41241;Ernte-u.Betriebsbericht: Feldfrüchte und Grünland;JAHR;Jahr;2019;DINSG;Deutschland insgesamt;DG;Deutschland;FRUA04;Fruchtarten;FRUART01113;Hartweizen (Durum);31500;ha;FLC016;Anbaufläche
41241;Ernte-u.Betriebsbericht: Feldfrüchte und Grünland;JAHR;Jahr;2017;DINSG;Deutschland insgesamt;DG;Deutschland;FRUA04;Fruchtarten;FRUART022;Ackerbohnen;188800;t;ERN001;Erntemenge
41241;Ernte-u.Betriebsbericht: Feldfrüchte und Grünland;JAHR;Jahr;2017;DINSG;Deutschland insgesamt;DG;Deutschland;FRUA04;Fruchtarten;FRUART022;Ackerbohnen;40,7;dt/ha;ERT001;Ertrag je Hektar
41241;Ernte-u.Betriebsbericht: Feldfrüchte und Grünland;JAHR;Jahr;2017;DINSG;Deutschland insgesamt;DG;Deutschland;FRUA04;Fruchtarten;FRUART022;Ackerbohnen;46400;ha;FLC016;Anbaufläche
41241;Ernte-u.Betriebsbericht: Feldfrüchte und Grünland;JAHR;Jahr;2015;DINSG;Deutschland insgesamt;DG;Deutschland;FRUA04;Fruchtarten;FRUART067S;Süßlupinen;38300;t;ERN001;Erntemenge
41241;Ernte-u.Betriebsbericht: Feldfrüchte und Grünland;JAHR;Jahr;2015;DINSG;Deutschland insgesamt;DG;Deutschland;FRUA04;Fruchtarten;FRUART067S;Süßlupinen;12,9;dt/ha;ERT001;Ertrag je Hektar
41241;Ernte-u.Betriebsbericht: Feldfrüchte und Grünland;JAHR;Jahr;2015;DINSG;Deutschland insgesamt;DG;Deutschland;FRUA04;Fruchtarten;FRUART067S;Süßlupinen;29600;ha;FLC016;Anbaufläche
41241;Ernte-u.Betriebsbericht: Feldfrüchte und Grünland;JAHR;Jahr;2014;DINSG;Deutschland insgesamt;DG;Deutschland;FRUA04;Fruchtarten;FRUART031;Kartoffeln;11607300;t;ERN001;Erntemenge
41241;Ernte-u.Betriebsbericht: Feldfrüchte und Grünland;JAHR;Jahr;2014;DINSG;Deutschland insgesamt;DG;Deutschland;FRUA04;Fruchtarten;FRUART031;Kartoffeln;474,2;dt/ha;ERT001;Ertrag je Hektar
41241;Ernte-u.Betriebsbericht: Feldfrüchte und Grünland;JAHR;Jahr;2014;DINSG;Deutschland insgesamt;DG;Deutschland;FRUA04;Fruchtarten;FRUART031;Kartoffeln;244800;ha;FLC016;Anbaufläche
41241;Ernte-u.Betriebsbericht: Feldfrüchte und Grünland;JAHR;Jahr;2024;DINSG;Deutschland insgesamt;DG;Deutschland;FRUA04;Fruchtarten;FRUART0124;Triticale;1510900;t;ERN001;Erntemenge
41241;Ernte-u.Betriebsbericht: Feldfrüchte und Grünland;JAHR;Jahr;2024;DINSG;Deutschland insgesamt;DG;Deutschland;FRUA04;Fruchtarten;FRUART0124;Triticale;56,9;dt/ha;ERT001;Ertrag je Hektar
41241;Ernte-u.Betriebsbericht: Feldfrüchte und Grünland;JAHR;Jahr;2024;DINSG;Deutschland insgesamt;DG;Deutschland;FRUA04;Fruchtarten;FRUART0124;Triticale;265700;ha;FLC016;Anbaufläche
41241;Ernte-u.Betriebsbericht: Feldfrüchte und Grünland;JAHR;Jahr;2015;DINSG;Deutschland insgesamt;DG;Deutschland;FRUA04;Fruchtarten;FRUART05111;Winterraps;5007600;t;ERN001;Erntemenge
41241;Ernte-u.Betriebsbericht: Feldfrüchte und Grünland;JAHR;Jahr;2015;DINSG;Deutschland insgesamt;DG;Deutschland;FRUA04;Fruchtarten;FRUART05111;Winterraps;39,1;dt/ha;ERT001;Ertrag je Hektar
41241;Ernte-u.Betriebsbericht: Feldfrüchte und Grünland;JAHR;Jahr;2015;DINSG;Deutschland insgesamt;DG;Deutschland;FRUA04;Fruchtarten;FRUART05111;Winterraps;1281800;ha;FLC016;Anbaufläche
41241;Ernte-u.Betriebsbericht: Feldfrüchte und Grünland;JAHR;Jahr;2011;DINSG;Deutschland insgesamt;DG;Deutschland;FRUA04;Fruchtarten;FRUART013CCM1;Körnermais/Mais zum Ausreifen (einschl. CCM);5183600;t;ERN001;Erntemenge
41241;Ernte-u.Betriebsbericht: Feldfrüchte und Grünland;JAHR;Jahr;2011;DINSG;Deutschland insgesamt;DG;Deutschland;FRUA04;Fruchtarten;FRUART013CCM1;Körnermais/Mais zum Ausreifen (einschl. CCM);107,2;dt/ha;ERT001;Ertrag je Hektar
41241;Ernte-u.Betriebsbericht: Feldfrüchte und Grünland;JAHR;Jahr;2011;DINSG;Deutschland insgesamt;DG;Deutschland;FRUA04;Fruchtarten;FRUART013CCM1;Körnermais/Mais zum Ausreifen (einschl. CCM);487900;ha;FLC016;Anbaufläche
41241;Ernte-u.Betriebsbericht: Feldfrüchte und Grünland;JAHR;Jahr;2021;DINSG;Deutschland insgesamt;DG;Deutschland;FRUA04;Fruchtarten;FRUART025;Sojabohnen;106600;t;ERN001;Erntemenge
41241;Ernte-u.Betriebsbericht: Feldfrüchte und Grünland;JAHR;Jahr;2021;DINSG;Deutschland insgesamt;DG;Deutschland;FRUA04;Fruchtarten;FRUART025;Sojabohnen;31,2;dt/ha;ERT001;Ertrag je Hektar
41241;Ernte-u.Betriebsbericht: Feldfrüchte und Grünland;JAHR;Jahr;2021;DINSG;Deutschland insgesamt;DG;Deutschland;FRUA04;Fruchtarten;FRUART025;Sojabohnen;34200;ha;FLC016;Anbaufläche
41241;Ernte-u.Betriebsbericht: Feldfrüchte und Grünland;JAHR;Jahr;2022;DINSG;Deutschland insgesamt;DG;Deutschland;FRUA04;Fruchtarten;FRUART032;Zuckerrüben;28201400;t;ERN001;Erntemenge
41241;Ernte-u.Betriebsbericht: Feldfrüchte und Grünland;JAHR;Jahr;2022;DINSG;Deutschland insgesamt;DG;Deutschland;FRUA04;Fruchtarten;FRUART032;Zuckerrüben;711,7;dt/ha;ERT001;Ertrag je Hektar
41241;Ernte-u.Betriebsbericht: Feldfrüchte und Grünland;JAHR;Jahr;2022;DINSG;Deutschland insgesamt;DG;Deutschland;FRUA04;Fruchtarten;FRUART032;Zuckerrüben;396300;ha;FLC016;Anbaufläche
41241;Ernte-u.Betriebsbericht: Feldfrüchte und Grünland;JAHR;Jahr;2026;DINSG;Deutschland insgesamt;DG;Deutschland;FRUA04;Fruchtarten;FRUART013CCM1;Körnermais/Mais zum Ausreifen (einschl. CCM);3961600;t;ERN001;Erntemenge
41241;Ernte-u.Betriebsbericht: Feldfrüchte und Grünland;JAHR;Jahr;2026;DINSG;Deutschland insgesamt;DG;Deutschland;FRUA04;Fruchtarten;FRUART013CCM1;Körnermais/Mais zum Ausreifen (einschl. CCM);77,6;dt/ha;ERT001;Ertrag je Hektar
41241;Ernte-u.Betriebsbericht: Feldfrüchte und Grünland;JAHR;Jahr;2026;DINSG;Deutschland insgesamt;DG;Deutschland;FRUA04;Fruchtarten;FRUART013CCM1;Körnermais/Mais zum Ausreifen (einschl. CCM);510400;ha;FLC016;Anbaufläche
41241;Ernte-u.Betriebsbericht: Feldfrüchte und Grünland;JAHR;Jahr;2013;DINSG;Deutschland insgesamt;DG;Deutschland;FRUA04;Fruchtarten;FRUART024OF;Erbsen (ohne Frischerbsen);129500;t;ERN001;Erntemenge
41241;Ernte-u.Betriebsbericht: Feldfrüchte und Grünland;JAHR;Jahr;2013;DINSG;Deutschland insgesamt;DG;Deutschland;FRUA04;Fruchtarten;FRUART024OF;Erbsen (ohne Frischerbsen);34,1;dt/ha;ERT001;Ertrag je Hektar
41241;Ernte-u.Betriebsbericht: Feldfrüchte und Grünland;JAHR;Jahr;2013;DINSG;Deutschland insgesamt;DG;Deutschland;FRUA04;Fruchtarten;FRUART024OF;Erbsen (ohne Frischerbsen);37900;ha;FLC016;Anbaufläche
41241;Ernte-u.Betriebsbericht: Feldfrüchte und Grünland;JAHR;Jahr;2025;DINSG;Deutschland insgesamt;DG;Deutschland;FRUA04;Fruchtarten;FRUART022;Ackerbohnen;227400;t;ERN001;Erntemenge
41241;Ernte-u.Betriebsbericht: Feldfrüchte und Grünland;JAHR;Jahr;2025;DINSG;Deutschland insgesamt;DG;Deutschland;FRUA04;Fruchtarten;FRUART022;Ackerbohnen;34,2;dt/ha;ERT001;Ertrag je Hektar
41241;Ernte-u.Betriebsbericht: Feldfrüchte und Grünland;JAHR;Jahr;2025;DINSG;Deutschland insgesamt;DG;Deutschland;FRUA04;Fruchtarten;FRUART022;Ackerbohnen;66500;ha;FLC016;Anbaufläche
41241;Ernte-u.Betriebsbericht: Feldfrüchte und Grünland;JAHR;Jahr;2017;DINSG;Deutschland insgesamt;DG;Deutschland;FRUA04;Fruchtarten;FRUART01EKM1;Getreide zur Körnergew. (einschl. Körnermais, CCM);45556800;t;ERN001;Erntemenge
41241;Ernte-u.Betriebsbericht: Feldfrüchte und Grünland;JAHR;Jahr;2017;DINSG;Deutschland insgesamt;DG;Deutschland;FRUA04;Fruchtarten;FRUART01EKM1;Getreide zur Körnergew. (einschl. Körnermais, CCM);72,7;dt/ha;ERT001;Ertrag je Hektar
41241;Ernte-u.Betriebsbericht: Feldfrüchte und Grünland;JAHR;Jahr;2017;DINSG;Deutschland insgesamt;DG;Deutschland;FRUA04;Fruchtarten;FRUART01EKM1;Getreide zur Körnergew. (einschl. Körnermais, CCM);6266600;ha;FLC016;Anbaufläche
41241;Ernte-u.Betriebsbericht: Feldfrüchte und Grünland;JAHR;Jahr;2014;DINSG;Deutschland insgesamt;DG;Deutschland;FRUA04;Fruchtarten;FRUART01111DE;Winterweizen (einschließlich Dinkel und Einkorn);27415100;t;ERN001;Erntemenge
41241;Ernte-u.Betriebsbericht: Feldfrüchte und Grünland;JAHR;Jahr;2014;DINSG;Deutschland insgesamt;DG;Deutschland;FRUA04;Fruchtarten;FRUART01111DE;Winterweizen (einschließlich Dinkel und Einkorn);86,8;dt/ha;ERT001;Ertrag je Hektar
41241;Ernte-u.Betriebsbericht: Feldfrüchte und Grünland;JAHR;Jahr;2014;DINSG;Deutschland insgesamt;DG;Deutschland;FRUA04;Fruchtarten;FRUART01111DE;Winterweizen (einschließlich Dinkel und Einkorn);3159000;ha;FLC016;Anbaufläche
41241;Ernte-u.Betriebsbericht: Feldfrüchte und Grünland;JAHR;Jahr;2022;DINSG;Deutschland insgesamt;DG;Deutschland;FRUA04;Fruchtarten;FRUART064G1;Silomais/Grünmais einschl. Lieschkolbenschrot;73206700;t;ERN001;Erntemenge
41241;Ernte-u.Betriebsbericht: Feldfrüchte und Grünland;JAHR;Jahr;2022;DINSG;Deutschland insgesamt;DG;Deutschland;FRUA04;Fruchtarten;FRUART064G1;Silomais/Grünmais einschl. Lieschkolbenschrot;360,9;dt/ha;ERT001;Ertrag je Hektar
41241;Ernte-u.Betriebsbericht: Feldfrüchte und Grünland;JAHR;Jahr;2022;DINSG;Deutschland insgesamt;DG;Deutschland;FRUA04;Fruchtarten;FRUART064G1;Silomais/Grünmais einschl. Lieschkolbenschrot;2028300;ha;FLC016;Anbaufläche
41241;Ernte-u.Betriebsbericht: Feldfrüchte und Grünland;JAHR;Jahr;2023;DINSG;Deutschland insgesamt;DG;Deutschland;FRUA04;Fruchtarten;FRUART01113;Hartweizen (Durum);238000;t;ERN001;Erntemenge
41241;Ernte-u.Betriebsbericht: Feldfrüchte und Grünland;JAHR;Jahr;2023;DINSG;Deutschland insgesamt;DG;Deutschland;FRUA04;Fruchtarten;FRUART01113;Hartweizen (Durum);57,5;dt/ha;ERT001;Ertrag je Hektar
41241;Ernte-u.Betriebsbericht: Feldfrüchte und Grünland;JAHR;Jahr;2023;DINSG;Deutschland insgesamt;DG;Deutschland;FRUA04;Fruchtarten;FRUART01113;Hartweizen (Durum);41400;ha;FLC016;Anbaufläche
41241;Ernte-u.Betriebsbericht: Feldfrüchte und Grünland;JAHR;Jahr;2025;DINSG;Deutschland insgesamt;DG;Deutschland;FRUA04;Fruchtarten;FRUART0511;Raps und Rübsen;3980200;t;ERN001;Erntemenge
41241;Ernte-u.Betriebsbericht: Feldfrüchte und Grünland;JAHR;Jahr;2025;DINSG;Deutschland insgesamt;DG;Deutschland;FRUA04;Fruchtarten;FRUART0511;Raps und Rübsen;36,4;dt/ha;ERT001;Ertrag je Hektar
41241;Ernte-u.Betriebsbericht: Feldfrüchte und Grünland;JAHR;Jahr;2025;DINSG;Deutschland insgesamt;DG;Deutschland;FRUA04;Fruchtarten;FRUART0511;Raps und Rübsen;1094900;ha;FLC016;Anbaufläche
41241;Ernte-u.Betriebsbericht: Feldfrüchte und Grünland;JAHR;Jahr;2010;DINSG;Deutschland insgesamt;DG;Deutschland;FRUA04;Fruchtarten;FRUART067S;Süßlupinen;30578;t;ERN001;Erntemenge
41241;Ernte-u.Betriebsbericht: Feldfrüchte und Grünland;JAHR;Jahr;2010;DINSG;Deutschland insgesamt;DG;Deutschland;FRUA04;Fruchtarten;FRUART067S;Süßlupinen;12,7;dt/ha;ERT001;Ertrag je Hektar
41241;Ernte-u.Betriebsbericht: Feldfrüchte und Grünland;JAHR;Jahr;2010;DINSG;Deutschland insgesamt;DG;Deutschland;FRUA04;Fruchtarten;FRUART067S;Süßlupinen;24006;ha;FLC016;Anbaufläche
41241;Ernte-u.Betriebsbericht: Feldfrüchte und Grünland;JAHR;Jahr;2013;DINSG;Deutschland insgesamt;DG;Deutschland;FRUA04;Fruchtarten;FRUART025;Sojabohnen;.;t;ERN001;Erntemenge
41241;Ernte-u.Betriebsbericht: Feldfrüchte und Grünland;JAHR;Jahr;2013;DINSG;Deutschland insgesamt;DG;Deutschland;FRUA04;Fruchtarten;FRUART025;Sojabohnen;.;dt/ha;ERT001;Ertrag je Hektar
41241;Ernte-u.Betriebsbericht: Feldfrüchte und Grünland;JAHR;Jahr;2013;DINSG;Deutschland insgesamt;DG;Deutschland;FRUA04;Fruchtarten;FRUART025;Sojabohnen;.;ha;FLC016;Anbaufläche
41241;Ernte-u.Betriebsbericht: Feldfrüchte und Grünland;JAHR;Jahr;2018;DINSG;Deutschland insgesamt;DG;Deutschland;FRUA04;Fruchtarten;FRUART0511;Raps und Rübsen;3677200;t;ERN001;Erntemenge
41241;Ernte-u.Betriebsbericht: Feldfrüchte und Grünland;JAHR;Jahr;2018;DINSG;Deutschland insgesamt;DG;Deutschland;FRUA04;Fruchtarten;FRUART0511;Raps und Rübsen;29,9;dt/ha;ERT001;Ertrag je Hektar
41241;Ernte-u.Betriebsbericht: Feldfrüchte und Grünland;JAHR;Jahr;2018;DINSG;Deutschland insgesamt;DG;Deutschland;FRUA04;Fruchtarten;FRUART0511;Raps und Rübsen;1228300;ha;FLC016;Anbaufläche
41241;Ernte-u.Betriebsbericht: Feldfrüchte und Grünland;JAHR;Jahr;2019;DINSG;Deutschland insgesamt;DG;Deutschland;FRUA04;Fruchtarten;FRUART05111;Winterraps;2824800;t;ERN001;Erntemenge
41241;Ernte-u.Betriebsbericht: Feldfrüchte und Grünland;JAHR;Jahr;2019;DINSG;Deutschland insgesamt;DG;Deutschland;FRUA04;Fruchtarten;FRUART05111;Winterraps;33,1;dt/ha;ERT001;Ertrag je Hektar
41241;Ernte-u.Betriebsbericht: Feldfrüchte und Grünland;JAHR;Jahr;2019;DINSG;Deutschland insgesamt;DG;Deutschland;FRUA04;Fruchtarten;FRUART05111;Winterraps;852800;ha;FLC016;Anbaufläche
41241;Ernte-u.Betriebsbericht: Feldfrüchte und Grünland;JAHR;Jahr;2012;DINSG;Deutschland insgesamt;DG;Deutschland;FRUA04;Fruchtarten;FRUART082;Weiden (einschließlich Mähweiden und Almen);18176100;t;ERN001;Erntemenge
41241;Ernte-u.Betriebsbericht: Feldfrüchte und Grünland;JAHR;Jahr;2012;DINSG;Deutschland insgesamt;DG;Deutschland;FRUA04;Fruchtarten;FRUART082;Weiden (einschließlich Mähweiden und Almen);69,9;dt/ha;ERT001;Ertrag je Hektar
41241;Ernte-u.Betriebsbericht: Feldfrüchte und Grünland;JAHR;Jahr;2012;DINSG;Deutschland insgesamt;DG;Deutschland;FRUA04;Fruchtarten;FRUART082;Weiden (einschließlich Mähweiden und Almen);2599100;ha;FLC016;Anbaufläche
41241;Ernte-u.Betriebsbericht: Feldfrüchte und Grünland;JAHR;Jahr;2020;DINSG;Deutschland insgesamt;DG;Deutschland;FRUA04;Fruchtarten;FRUART0511;Raps und Rübsen;3527300;t;ERN001;Erntemenge
41241;Ernte-u.Betriebsbericht: Feldfrüchte und Grünland;JAHR;Jahr;2020;DINSG;Deutschland insgesamt;DG;Deutschland;FRUA04;Fruchtarten;FRUART0511;Raps und Rübsen;36,8;dt/ha;ERT001;Ertrag je Hektar
41241;Ernte-u.Betriebsbericht: Feldfrüchte und Grünland;JAHR;Jahr;2020;DINSG;Deutschland insgesamt;DG;Deutschland;FRUA04;Fruchtarten;FRUART0511;Raps und Rübsen;957700;ha;FLC016;Anbaufläche
41241;Ernte-u.Betriebsbericht: Feldfrüchte und Grünland;JAHR;Jahr;2023;DINSG;Deutschland insgesamt;DG;Deutschland;FRUA04;Fruchtarten;FRUART01211;Wintergerste;9583200;t;ERN001;Erntemenge
41241;Ernte-u.Betriebsbericht: Feldfrüchte und Grünland;JAHR;Jahr;2023;DINSG;Deutschland insgesamt;DG;Deutschland;FRUA04;Fruchtarten;FRUART01211;Wintergerste;74,3;dt/ha;ERT001;Ertrag je Hektar
41241;Ernte-u.Betriebsbericht: Feldfrüchte und Grünland;JAHR;Jahr;2023;DINSG;Deutschland insgesamt;DG;Deutschland;FRUA04;Fruchtarten;FRUART01211;Wintergerste;1290600;ha;FLC016;Anbaufläche
41241;Ernte-u.Betriebsbericht: Feldfrüchte und Grünland;JAHR;Jahr;2022;DINSG;Deutschland insgesamt;DG;Deutschland;FRUA04;Fruchtarten;FRUART0121;Gerste;11207100;t;ERN001;Erntemenge
41241;Ernte-u.Betriebsbericht: Feldfrüchte und Grünland;JAHR;Jahr;2022;DINSG;Deutschland insgesamt;DG;Deutschland;FRUA04;Fruchtarten;FRUART0121;Gerste;70,8;dt/ha;ERT001;Ertrag je Hektar
41241;Ernte-u.Betriebsbericht: Feldfrüchte und Grünland;JAHR;Jahr;2022;DINSG;Deutschland insgesamt;DG;Deutschland;FRUA04;Fruchtarten;FRUART0121;Gerste;1582600;ha;FLC016;Anbaufläche
41241;Ernte-u.Betriebsbericht: Feldfrüchte und Grünland;JAHR;Jahr;2019;DINSG;Deutschland insgesamt;DG;Deutschland;FRUA04;Fruchtarten;FRUART01111D;Dinkel;-;t;ERN001;Erntemenge
41241;Ernte-u.Betriebsbericht: Feldfrüchte und Grünland;JAHR;Jahr;2019;DINSG;Deutschland insgesamt;DG;Deutschland;FRUA04;Fruchtarten;FRUART01111D;Dinkel;-;dt/ha;ERT001;Ertrag je Hektar
41241;Ernte-u.Betriebsbericht: Feldfrüchte und Grünland;JAHR;Jahr;2019;DINSG;Deutschland insgesamt;DG;Deutschland;FRUA04;Fruchtarten;FRUART01111D;Dinkel;-;ha;FLC016;Anbaufläche
41241;Ernte-u.Betriebsbericht: Feldfrüchte und Grünland;JAHR;Jahr;2023;DINSG;Deutschland insgesamt;DG;Deutschland;FRUA04;Fruchtarten;FRUART013CCM1;Körnermais/Mais zum Ausreifen (einschl. CCM);4498900;t;ERN001;Erntemenge
41241;Ernte-u.Betriebsbericht: Feldfrüchte und Grünland;JAHR;Jahr;2023;DINSG;Deutschland insgesamt;DG;Deutschland;FRUA04;Fruchtarten;FRUART013CCM1;Körnermais/Mais zum Ausreifen (einschl. CCM);96,5;dt/ha;ERT001;Ertrag je Hektar
41241;Ernte-u.Betriebsbericht: Feldfrüchte und Grünland;JAHR;Jahr;2023;DINSG;Deutschland insgesamt;DG;Deutschland;FRUA04;Fruchtarten;FRUART013CCM1;Körnermais/Mais zum Ausreifen (einschl. CCM);466400;ha;FLC016;Anbaufläche
41241;Ernte-u.Betriebsbericht: Feldfrüchte und Grünland;JAHR;Jahr;2020;DINSG;Deutschland insgesamt;DG;Deutschland;FRUA04;Fruchtarten;FRUART01G;Getreide zur Ganzpflanzenernte;3131100;t;ERN001;Erntemenge
41241;Ernte-u.Betriebsbericht: Feldfrüchte und Grünland;JAHR;Jahr;2020;DINSG;Deutschland insgesamt;DG;Deutschland;FRUA04;Fruchtarten;FRUART01G;Getreide zur Ganzpflanzenernte;249,2;dt/ha;ERT001;Ertrag je Hektar
41241;Ernte-u.Betriebsbericht: Feldfrüchte und Grünland;JAHR;Jahr;2020;DINSG;Deutschland insgesamt;DG;Deutschland;FRUA04;Fruchtarten;FRUART01G;Getreide zur Ganzpflanzenernte;125600;ha;FLC016;Anbaufläche
41241;Ernte-u.Betriebsbericht: Feldfrüchte und Grünland;JAHR;Jahr;2026;DINSG;Deutschland insgesamt;DG;Deutschland;FRUA04;Fruchtarten;FRUART01EKM1;Getreide zur Körnergew. (einschl. Körnermais, CCM);41350400;t;ERN001;Erntemenge
41241;Ernte-u.Betriebsbericht: Feldfrüchte und Grünland;JAHR;Jahr;2026;DINSG;Deutschland insgesamt;DG;Deutschland;FRUA04;Fruchtarten;FRUART01EKM1;Getreide zur Körnergew. (einschl. Körnermais, CCM);69,9;dt/ha;ERT001;Ertrag je Hektar
41241;Ernte-u.Betriebsbericht: Feldfrüchte und Grünland;JAHR;Jahr;2026;DINSG;Deutschland insgesamt;DG;Deutschland;FRUA04;Fruchtarten;FRUART01EKM1;Getreide zur Körnergew. (einschl. Körnermais, CCM);5915300;ha;FLC016;Anbaufläche
41241;Ernte-u.Betriebsbericht: Feldfrüchte und Grünland;JAHR;Jahr;2020;DINSG;Deutschland insgesamt;DG;Deutschland;FRUA04;Fruchtarten;FRUART081;Wiesen (Schnittnutzung);10999900;t;ERN001;Erntemenge
41241;Ernte-u.Betriebsbericht: Feldfrüchte und Grünland;JAHR;Jahr;2020;DINSG;Deutschland insgesamt;DG;Deutschland;FRUA04;Fruchtarten;FRUART081;Wiesen (Schnittnutzung);57,9;dt/ha;ERT001;Ertrag je Hektar
41241;Ernte-u.Betriebsbericht: Feldfrüchte und Grünland;JAHR;Jahr;2020;DINSG;Deutschland insgesamt;DG;Deutschland;FRUA04;Fruchtarten;FRUART081;Wiesen (Schnittnutzung);1900200;ha;FLC016;Anbaufläche
41241;Ernte-u.Betriebsbericht: Feldfrüchte und Grünland;JAHR;Jahr;2026;DINSG;Deutschland insgesamt;DG;Deutschland;FRUA04;Fruchtarten;FRUART0515;Sonnenblumen;228900;t;ERN001;Erntemenge
41241;Ernte-u.Betriebsbericht: Feldfrüchte und Grünland;JAHR;Jahr;2026;DINSG;Deutschland insgesamt;DG;Deutschland;FRUA04;Fruchtarten;FRUART0515;Sonnenblumen;22,7;dt/ha;ERT001;Ertrag je Hektar
41241;Ernte-u.Betriebsbericht: Feldfrüchte und Grünland;JAHR;Jahr;2026;DINSG;Deutschland insgesamt;DG;Deutschland;FRUA04;Fruchtarten;FRUART0515;Sonnenblumen;100700;ha;FLC016;Anbaufläche
41241;Ernte-u.Betriebsbericht: Feldfrüchte und Grünland;JAHR;Jahr;2015;DINSG;Deutschland insgesamt;DG;Deutschland;FRUA04;Fruchtarten;FRUART062;Luzerne;-;t;ERN001;Erntemenge
41241;Ernte-u.Betriebsbericht: Feldfrüchte und Grünland;JAHR;Jahr;2015;DINSG;Deutschland insgesamt;DG;Deutschland;FRUA04;Fruchtarten;FRUART062;Luzerne;-;dt/ha;ERT001;Ertrag je Hektar
41241;Ernte-u.Betriebsbericht: Feldfrüchte und Grünland;JAHR;Jahr;2015;DINSG;Deutschland insgesamt;DG;Deutschland;FRUA04;Fruchtarten;FRUART062;Luzerne;-;ha;FLC016;Anbaufläche
41241;Ernte-u.Betriebsbericht: Feldfrüchte und Grünland;JAHR;Jahr;2017;DINSG;Deutschland insgesamt;DG;Deutschland;FRUA04;Fruchtarten;FRUART01111DE;Winterweizen (einschließlich Dinkel und Einkorn);24079900;t;ERN001;Erntemenge
41241;Ernte-u.Betriebsbericht: Feldfrüchte und Grünland;JAHR;Jahr;2017;DINSG;Deutschland insgesamt;DG;Deutschland;FRUA04;Fruchtarten;FRUART01111DE;Winterweizen (einschließlich Dinkel und Einkorn);76,9;dt/ha;ERT001;Ertrag je Hektar
41241;Ernte-u.Betriebsbericht: Feldfrüchte und Grünland;JAHR;Jahr;2017;DINSG;Deutschland insgesamt;DG;Deutschland;FRUA04;Fruchtarten;FRUART01111DE;Winterweizen (einschließlich Dinkel und Einkorn);3130900;ha;FLC016;Anbaufläche
41241;Ernte-u.Betriebsbericht: Feldfrüchte und Grünland;JAHR;Jahr;2014;DINSG;Deutschland insgesamt;DG;Deutschland;FRUA04;Fruchtarten;FRUART032;Zuckerrüben;29748100;t;ERN001;Erntemenge
41241;Ernte-u.Betriebsbericht: Feldfrüchte und Grünland;JAHR;Jahr;2014;DINSG;Deutschland insgesamt;DG;Deutschland;FRUA04;Fruchtarten;FRUART032;Zuckerrüben;798,6;dt/ha;ERT001;Ertrag je Hektar
41241;Ernte-u.Betriebsbericht: Feldfrüchte und Grünland;JAHR;Jahr;2014;DINSG;Deutschland insgesamt;DG;Deutschland;FRUA04;Fruchtarten;FRUART032;Zuckerrüben;372500;ha;FLC016;Anbaufläche
41241;Ernte-u.Betriebsbericht: Feldfrüchte und Grünland;JAHR;Jahr;2025;DINSG;Deutschland insgesamt;DG;Deutschland;FRUA04;Fruchtarten;FRUART01EKM1;Getreide zur Körnergew. (einschl. Körnermais, CCM);45257600;t;ERN001;Erntemenge
41241;Ernte-u.Betriebsbericht: Feldfrüchte und Grünland;JAHR;Jahr;2025;DINSG;Deutschland insgesamt;DG;Deutschland;FRUA04;Fruchtarten;FRUART01EKM1;Getreide zur Körnergew. (einschl. Körnermais, CCM);75,5;dt/ha;ERT001;Ertrag je Hektar
41241;Ernte-u.Betriebsbericht: Feldfrüchte und Grünland;JAHR;Jahr;2025;DINSG;Deutschland insgesamt;DG;Deutschland;FRUA04;Fruchtarten;FRUART01EKM1;Getreide zur Körnergew. (einschl. Körnermais, CCM);5993500;ha;FLC016;Anbaufläche
41241;Ernte-u.Betriebsbericht: Feldfrüchte und Grünland;JAHR;Jahr;2022;DINSG;Deutschland insgesamt;DG;Deutschland;FRUA04;Fruchtarten;FRUART02LG;Leguminosen zur Ganzpflanzenernte (z.B. Klee);2398600;t;ERN001;Erntemenge
41241;Ernte-u.Betriebsbericht: Feldfrüchte und Grünland;JAHR;Jahr;2022;DINSG;Deutschland insgesamt;DG;Deutschland;FRUA04;Fruchtarten;FRUART02LG;Leguminosen zur Ganzpflanzenernte (z.B. Klee);69,4;dt/ha;ERT001;Ertrag je Hektar
41241;Ernte-u.Betriebsbericht: Feldfrüchte und Grünland;JAHR;Jahr;2022;DINSG;Deutschland insgesamt;DG;Deutschland;FRUA04;Fruchtarten;FRUART02LG;Leguminosen zur Ganzpflanzenernte (z.B. Klee);345700;ha;FLC016;Anbaufläche
41241;Ernte-u.Betriebsbericht: Feldfrüchte und Grünland;JAHR;Jahr;2024;DINSG;Deutschland insgesamt;DG;Deutschland;FRUA04;Fruchtarten;FRUART0123;Sommermenggetreide;36200;t;ERN001;Erntemenge
41241;Ernte-u.Betriebsbericht: Feldfrüchte und Grünland;JAHR;Jahr;2024;DINSG;Deutschland insgesamt;DG;Deutschland;FRUA04;Fruchtarten;FRUART0123;Sommermenggetreide;42,1;dt/ha;ERT001;Ertrag je Hektar
41241;Ernte-u.Betriebsbericht: Feldfrüchte und Grünland;JAHR;Jahr;2024;DINSG;Deutschland insgesamt;DG;Deutschland;FRUA04;Fruchtarten;FRUART0123;Sommermenggetreide;8600;ha;FLC016;Anbaufläche
41241;Ernte-u.Betriebsbericht: Feldfrüchte und Grünland;JAHR;Jahr;2014;DINSG;Deutschland insgesamt;DG;Deutschland;FRUA04;Fruchtarten;FRUART064G1;Silomais/Grünmais einschl. Lieschkolbenschrot;99203700;t;ERN001;Erntemenge
41241;Ernte-u.Betriebsbericht: Feldfrüchte und Grünland;JAHR;Jahr;2014;DINSG;Deutschland insgesamt;DG;Deutschland;FRUA04;Fruchtarten;FRUART064G1;Silomais/Grünmais einschl. Lieschkolbenschrot;473,3;dt/ha;ERT001;Ertrag je Hektar
41241;Ernte-u.Betriebsbericht: Feldfrüchte und Grünland;JAHR;Jahr;2014;DINSG;Deutschland insgesamt;DG;Deutschland;FRUA04;Fruchtarten;FRUART064G1;Silomais/Grünmais einschl. Lieschkolbenschrot;2092600;ha;FLC016;Anbaufläche
41241;Ernte-u.Betriebsbericht: Feldfrüchte und Grünland;JAHR;Jahr;2015;DINSG;Deutschland insgesamt;DG;Deutschland;FRUA04;Fruchtarten;FRUART01212;Sommergerste;1999100;t;ERN001;Erntemenge
41241;Ernte-u.Betriebsbericht: Feldfrüchte und Grünland;JAHR;Jahr;2015;DINSG;Deutschland insgesamt;DG;Deutschland;FRUA04;Fruchtarten;FRUART01212;Sommergerste;54,2;dt/ha;ERT001;Ertrag je Hektar
41241;Ernte-u.Betriebsbericht: Feldfrüchte und Grünland;JAHR;Jahr;2015;DINSG;Deutschland insgesamt;DG;Deutschland;FRUA04;Fruchtarten;FRUART01212;Sommergerste;368900;ha;FLC016;Anbaufläche
41241;Ernte-u.Betriebsbericht: Feldfrüchte und Grünland;JAHR;Jahr;2022;DINSG;Deutschland insgesamt;DG;Deutschland;FRUA04;Fruchtarten;FRUART0111;Weizen;22587300;t;ERN001;Erntemenge
41241;Ernte-u.Betriebsbericht: Feldfrüchte und Grünland;JAHR;Jahr;2022;DINSG;Deutschland insgesamt;DG;Deutschland;FRUA04;Fruchtarten;FRUART0111;Weizen;75,8;dt/ha;ERT001;Ertrag je Hektar
41241;Ernte-u.Betriebsbericht: Feldfrüchte und Grünland;JAHR;Jahr;2022;DINSG;Deutschland insgesamt;DG;Deutschland;FRUA04;Fruchtarten;FRUART0111;Weizen;2980900;ha;FLC016;Anbaufläche
41241;Ernte-u.Betriebsbericht: Feldfrüchte und Grünland;JAHR;Jahr;2022;DINSG;Deutschland insgesamt;DG;Deutschland;FRUA04;Fruchtarten;FRUART031;Kartoffeln;10683400;t;ERN001;Erntemenge
41241;Ernte-u.Betriebsbericht: Feldfrüchte und Grünland;JAHR;Jahr;2022;DINSG;Deutschland insgesamt;DG;Deutschland;FRUA04;Fruchtarten;FRUART031;Kartoffeln;401,1;dt/ha;ERT001;Ertrag je Hektar
41241;Ernte-u.Betriebsbericht: Feldfrüchte und Grünland;JAHR;Jahr;2022;DINSG;Deutschland insgesamt;DG;Deutschland;FRUA04;Fruchtarten;FRUART031;Kartoffeln;266400;ha;FLC016;Anbaufläche
41241;Ernte-u.Betriebsbericht: Feldfrüchte und Grünland;JAHR;Jahr;2016;DINSG;Deutschland insgesamt;DG;Deutschland;FRUA04;Fruchtarten;FRUART01G;Getreide zur Ganzpflanzenernte;2598300;t;ERN001;Erntemenge
41241;Ernte-u.Betriebsbericht: Feldfrüchte und Grünland;JAHR;Jahr;2016;DINSG;Deutschland insgesamt;DG;Deutschland;FRUA04;Fruchtarten;FRUART01G;Getreide zur Ganzpflanzenernte;261,2;dt/ha;ERT001;Ertrag je Hektar
41241;Ernte-u.Betriebsbericht: Feldfrüchte und Grünland;JAHR;Jahr;2016;DINSG;Deutschland insgesamt;DG;Deutschland;FRUA04;Fruchtarten;FRUART01G;Getreide zur Ganzpflanzenernte;99500;ha;FLC016;Anbaufläche
41241;Ernte-u.Betriebsbericht: Feldfrüchte und Grünland;JAHR;Jahr;2016;DINSG;Deutschland insgesamt;DG;Deutschland;FRUA04;Fruchtarten;FRUART081;Wiesen (Schnittnutzung);12937900;t;ERN001;Erntemenge
41241;Ernte-u.Betriebsbericht: Feldfrüchte und Grünland;JAHR;Jahr;2016;DINSG;Deutschland insgesamt;DG;Deutschland;FRUA04;Fruchtarten;FRUART081;Wiesen (Schnittnutzung);68,9;dt/ha;ERT001;Ertrag je Hektar
41241;Ernte-u.Betriebsbericht: Feldfrüchte und Grünland;JAHR;Jahr;2016;DINSG;Deutschland insgesamt;DG;Deutschland;FRUA04;Fruchtarten;FRUART081;Wiesen (Schnittnutzung);1876800;ha;FLC016;Anbaufläche
41241;Ernte-u.Betriebsbericht: Feldfrüchte und Grünland;JAHR;Jahr;2015;DINSG;Deutschland insgesamt;DG;Deutschland;FRUA04;Fruchtarten;FRUART01211;Wintergerste;9630800;t;ERN001;Erntemenge
41241;Ernte-u.Betriebsbericht: Feldfrüchte und Grünland;JAHR;Jahr;2015;DINSG;Deutschland insgesamt;DG;Deutschland;FRUA04;Fruchtarten;FRUART01211;Wintergerste;76,9;dt/ha;ERT001;Ertrag je Hektar
41241;Ernte-u.Betriebsbericht: Feldfrüchte und Grünland;JAHR;Jahr;2015;DINSG;Deutschland insgesamt;DG;Deutschland;FRUA04;Fruchtarten;FRUART01211;Wintergerste;1252900;ha;FLC016;Anbaufläche
41241;Ernte-u.Betriebsbericht: Feldfrüchte und Grünland;JAHR;Jahr;2013;DINSG;Deutschland insgesamt;DG;Deutschland;FRUA04;Fruchtarten;FRUART01212;Sommergerste;1946100;t;ERN001;Erntemenge
41241;Ernte-u.Betriebsbericht: Feldfrüchte und Grünland;JAHR;Jahr;2013;DINSG;Deutschland insgesamt;DG;Deutschland;FRUA04;Fruchtarten;FRUART01212;Sommergerste;54,2;dt/ha;ERT001;Ertrag je Hektar
41241;Ernte-u.Betriebsbericht: Feldfrüchte und Grünland;JAHR;Jahr;2013;DINSG;Deutschland insgesamt;DG;Deutschland;FRUA04;Fruchtarten;FRUART01212;Sommergerste;359400;ha;FLC016;Anbaufläche
41241;Ernte-u.Betriebsbericht: Feldfrüchte und Grünland;JAHR;Jahr;2021;DINSG;Deutschland insgesamt;DG;Deutschland;FRUA04;Fruchtarten;FRUART0515;Sonnenblumen;99700;t;ERN001;Erntemenge
41241;Ernte-u.Betriebsbericht: Feldfrüchte und Grünland;JAHR;Jahr;2021;DINSG;Deutschland insgesamt;DG;Deutschland;FRUA04;Fruchtarten;FRUART0515;Sonnenblumen;26,1;dt/ha;ERT001;Ertrag je Hektar
41241;Ernte-u.Betriebsbericht: Feldfrüchte und Grünland;JAHR;Jahr;2021;DINSG;Deutschland insgesamt;DG;Deutschland;FRUA04;Fruchtarten;FRUART0515;Sonnenblumen;38300;ha;FLC016;Anbaufläche
41241;Ernte-u.Betriebsbericht: Feldfrüchte und Grünland;JAHR;Jahr;2018;DINSG;Deutschland insgesamt;DG;Deutschland;FRUA04;Fruchtarten;FRUART065;Raufutter;25299700;t;ERN001;Erntemenge
41241;Ernte-u.Betriebsbericht: Feldfrüchte und Grünland;JAHR;Jahr;2018;DINSG;Deutschland insgesamt;DG;Deutschland;FRUA04;Fruchtarten;FRUART065;Raufutter;49,7;dt/ha;ERT001;Ertrag je Hektar
41241;Ernte-u.Betriebsbericht: Feldfrüchte und Grünland;JAHR;Jahr;2018;DINSG;Deutschland insgesamt;DG;Deutschland;FRUA04;Fruchtarten;FRUART065;Raufutter;5094400;ha;FLC016;Anbaufläche
41241;Ernte-u.Betriebsbericht: Feldfrüchte und Grünland;JAHR;Jahr;2011;DINSG;Deutschland insgesamt;DG;Deutschland;FRUA04;Fruchtarten;FRUART065;Raufutter;33490700;t;ERN001;Erntemenge
41241;Ernte-u.Betriebsbericht: Feldfrüchte und Grünland;JAHR;Jahr;2011;DINSG;Deutschland insgesamt;DG;Deutschland;FRUA04;Fruchtarten;FRUART065;Raufutter;65,6;dt/ha;ERT001;Ertrag je Hektar
41241;Ernte-u.Betriebsbericht: Feldfrüchte und Grünland;JAHR;Jahr;2011;DINSG;Deutschland insgesamt;DG;Deutschland;FRUA04;Fruchtarten;FRUART065;Raufutter;5104100;ha;FLC016;Anbaufläche
41241;Ernte-u.Betriebsbericht: Feldfrüchte und Grünland;JAHR;Jahr;2024;DINSG;Deutschland insgesamt;DG;Deutschland;FRUA04;Fruchtarten;FRUART067S;Süßlupinen;57200;t;ERN001;Erntemenge
41241;Ernte-u.Betriebsbericht: Feldfrüchte und Grünland;JAHR;Jahr;2024;DINSG;Deutschland insgesamt;DG;Deutschland;FRUA04;Fruchtarten;FRUART067S;Süßlupinen;21,9;dt/ha;ERT001;Ertrag je Hektar
41241;Ernte-u.Betriebsbericht: Feldfrüchte und Grünland;JAHR;Jahr;2024;DINSG;Deutschland insgesamt;DG;Deutschland;FRUA04;Fruchtarten;FRUART067S;Süßlupinen;26100;ha;FLC016;Anbaufläche
41241;Ernte-u.Betriebsbericht: Feldfrüchte und Grünland;JAHR;Jahr;2013;DINSG;Deutschland insgesamt;DG;Deutschland;FRUA04;Fruchtarten;FRUART013CCM1;Körnermais/Mais zum Ausreifen (einschl. CCM);4387300;t;ERN001;Erntemenge
41241;Ernte-u.Betriebsbericht: Feldfrüchte und Grünland;JAHR;Jahr;2013;DINSG;Deutschland insgesamt;DG;Deutschland;FRUA04;Fruchtarten;FRUART013CCM1;Körnermais/Mais zum Ausreifen (einschl. CCM);89,1;dt/ha;ERT001;Ertrag je Hektar
41241;Ernte-u.Betriebsbericht: Feldfrüchte und Grünland;JAHR;Jahr;2013;DINSG;Deutschland insgesamt;DG;Deutschland;FRUA04;Fruchtarten;FRUART013CCM1;Körnermais/Mais zum Ausreifen (einschl. CCM);497000;ha;FLC016;Anbaufläche
41241;Ernte-u.Betriebsbericht: Feldfrüchte und Grünland;JAHR;Jahr;2018;DINSG;Deutschland insgesamt;DG;Deutschland;FRUA04;Fruchtarten;FRUART064G1;Silomais/Grünmais einschl. Lieschkolbenschrot;77485900;t;ERN001;Erntemenge
41241;Ernte-u.Betriebsbericht: Feldfrüchte und Grünland;JAHR;Jahr;2018;DINSG;Deutschland insgesamt;DG;Deutschland;FRUA04;Fruchtarten;FRUART064G1;Silomais/Grünmais einschl. Lieschkolbenschrot;352,9;dt/ha;ERT001;Ertrag je Hektar
41241;Ernte-u.Betriebsbericht: Feldfrüchte und Grünland;JAHR;Jahr;2018;DINSG;Deutschland insgesamt;DG;Deutschland;FRUA04;Fruchtarten;FRUART064G1;Silomais/Grünmais einschl. Lieschkolbenschrot;2195900;ha;FLC016;Anbaufläche
41241;Ernte-u.Betriebsbericht: Feldfrüchte und Grünland;JAHR;Jahr;2023;DINSG;Deutschland insgesamt;DG;Deutschland;FRUA04;Fruchtarten;FRUART01212;Sommergerste;1416700;t;ERN001;Erntemenge
41241;Ernte-u.Betriebsbericht: Feldfrüchte und Grünland;JAHR;Jahr;2023;DINSG;Deutschland insgesamt;DG;Deutschland;FRUA04;Fruchtarten;FRUART01212;Sommergerste;44,1;dt/ha;ERT001;Ertrag je Hektar
41241;Ernte-u.Betriebsbericht: Feldfrüchte und Grünland;JAHR;Jahr;2023;DINSG;Deutschland insgesamt;DG;Deutschland;FRUA04;Fruchtarten;FRUART01212;Sommergerste;321600;ha;FLC016;Anbaufläche
41241;Ernte-u.Betriebsbericht: Feldfrüchte und Grünland;JAHR;Jahr;2016;DINSG;Deutschland insgesamt;DG;Deutschland;FRUA04;Fruchtarten;FRUART01111DE;Winterweizen (einschließlich Dinkel und Einkorn);24089700;t;ERN001;Erntemenge
41241;Ernte-u.Betriebsbericht: Feldfrüchte und Grünland;JAHR;Jahr;2016;DINSG;Deutschland insgesamt;DG;Deutschland;FRUA04;Fruchtarten;FRUART01111DE;Winterweizen (einschließlich Dinkel und Einkorn);76,9;dt/ha;ERT001;Ertrag je Hektar
41241;Ernte-u.Betriebsbericht: Feldfrüchte und Grünland;JAHR;Jahr;2016;DINSG;Deutschland insgesamt;DG;Deutschland;FRUA04;Fruchtarten;FRUART01111DE;Winterweizen (einschließlich Dinkel und Einkorn);3131200;ha;FLC016;Anbaufläche
41241;Ernte-u.Betriebsbericht: Feldfrüchte und Grünland;JAHR;Jahr;2019;DINSG;Deutschland insgesamt;DG;Deutschland;FRUA04;Fruchtarten;FRUART01211;Wintergerste;9762800;t;ERN001;Erntemenge
41241;Ernte-u.Betriebsbericht: Feldfrüchte und Grünland;JAHR;Jahr;2019;DINSG;Deutschland insgesamt;DG;Deutschland;FRUA04;Fruchtarten;FRUART01211;Wintergerste;72,2;dt/ha;ERT001;Ertrag je Hektar
41241;Ernte-u.Betriebsbericht: Feldfrüchte und Grünland;JAHR;Jahr;2019;DINSG;Deutschland insgesamt;DG;Deutschland;FRUA04;Fruchtarten;FRUART01211;Wintergerste;1351900;ha;FLC016;Anbaufläche
41241;Ernte-u.Betriebsbericht: Feldfrüchte und Grünland;JAHR;Jahr;2022;DINSG;Deutschland insgesamt;DG;Deutschland;FRUA04;Fruchtarten;FRUART0122;Hafer;754700;t;ERN001;Erntemenge
41241;Ernte-u.Betriebsbericht: Feldfrüchte und Grünland;JAHR;Jahr;2022;DINSG;Deutschland insgesamt;DG;Deutschland;FRUA04;Fruchtarten;FRUART0122;Hafer;47,1;dt/ha;ERT001;Ertrag je Hektar
41241;Ernte-u.Betriebsbericht: Feldfrüchte und Grünland;JAHR;Jahr;2022;DINSG;Deutschland insgesamt;DG;Deutschland;FRUA04;Fruchtarten;FRUART0122;Hafer;160100;ha;FLC016;Anbaufläche
41241;Ernte-u.Betriebsbericht: Feldfrüchte und Grünland;JAHR;Jahr;2025;DINSG;Deutschland insgesamt;DG;Deutschland;FRUA04;Fruchtarten;FRUART0631;Feldgras/Grasanbau auf dem Ackerland (inkl.Misch.);2190600;t;ERN001;Erntemenge
41241;Ernte-u.Betriebsbericht: Feldfrüchte und Grünland;JAHR;Jahr;2025;DINSG;Deutschland insgesamt;DG;Deutschland;FRUA04;Fruchtarten;FRUART0631;Feldgras/Grasanbau auf dem Ackerland (inkl.Misch.);77,3;dt/ha;ERT001;Ertrag je Hektar
41241;Ernte-u.Betriebsbericht: Feldfrüchte und Grünland;JAHR;Jahr;2025;DINSG;Deutschland insgesamt;DG;Deutschland;FRUA04;Fruchtarten;FRUART0631;Feldgras/Grasanbau auf dem Ackerland (inkl.Misch.);283400;ha;FLC016;Anbaufläche
41241;Ernte-u.Betriebsbericht: Feldfrüchte und Grünland;JAHR;Jahr;2022;DINSG;Deutschland insgesamt;DG;Deutschland;FRUA04;Fruchtarten;FRUART065;Raufutter;30506300;t;ERN001;Erntemenge
41241;Ernte-u.Betriebsbericht: Feldfrüchte und Grünland;JAHR;Jahr;2022;DINSG;Deutschland insgesamt;DG;Deutschland;FRUA04;Fruchtarten;FRUART065;Raufutter;59,4;dt/ha;ERT001;Ertrag je Hektar
41241;Ernte-u.Betriebsbericht: Feldfrüchte und Grünland;JAHR;Jahr;2022;DINSG;Deutschland insgesamt;DG;Deutschland;FRUA04;Fruchtarten;FRUART065;Raufutter;5136600;ha;FLC016;Anbaufläche
41241;Ernte-u.Betriebsbericht: Feldfrüchte und Grünland;JAHR;Jahr;2022;DINSG;Deutschland insgesamt;DG;Deutschland;FRUA04;Fruchtarten;FRUART01112OH;Sommerweizen (ohne Hartweizen);279300;t;ERN001;Erntemenge
41241;Ernte-u.Betriebsbericht: Feldfrüchte und Grünland;JAHR;Jahr;2022;DINSG;Deutschland insgesamt;DG;Deutschland;FRUA04;Fruchtarten;FRUART01112OH;Sommerweizen (ohne Hartweizen);53,5;dt/ha;ERT001;Ertrag je Hektar
41241;Ernte-u.Betriebsbericht: Feldfrüchte und Grünland;JAHR;Jahr;2022;DINSG;Deutschland insgesamt;DG;Deutschland;FRUA04;Fruchtarten;FRUART01112OH;Sommerweizen (ohne Hartweizen);52200;ha;FLC016;Anbaufläche
41241;Ernte-u.Betriebsbericht: Feldfrüchte und Grünland;JAHR;Jahr;2017;DINSG;Deutschland insgesamt;DG;Deutschland;FRUA04;Fruchtarten;FRUART01G;Getreide zur Ganzpflanzenernte;2825000;t;ERN001;Erntemenge
41241;Ernte-u.Betriebsbericht: Feldfrüchte und Grünland;JAHR;Jahr;2017;DINSG;Deutschland insgesamt;DG;Deutschland;FRUA04;Fruchtarten;FRUART01G;Getreide zur Ganzpflanzenernte;288,7;dt/ha;ERT001;Ertrag je Hektar
41241;Ernte-u.Betriebsbericht: Feldfrüchte und Grünland;JAHR;Jahr;2017;DINSG;Deutschland insgesamt;DG;Deutschland;FRUA04;Fruchtarten;FRUART01G;Getreide zur Ganzpflanzenernte;97800;ha;FLC016;Anbaufläche
41241;Ernte-u.Betriebsbericht: Feldfrüchte und Grünland;JAHR;Jahr;2019;DINSG;Deutschland insgesamt;DG;Deutschland;FRUA04;Fruchtarten;FRUART065;Raufutter;30029700;t;ERN001;Erntemenge
41241;Ernte-u.Betriebsbericht: Feldfrüchte und Grünland;JAHR;Jahr;2019;DINSG;Deutschland insgesamt;DG;Deutschland;FRUA04;Fruchtarten;FRUART065;Raufutter;58,3;dt/ha;ERT001;Ertrag je Hektar
41241;Ernte-u.Betriebsbericht: Feldfrüchte und Grünland;JAHR;Jahr;2019;DINSG;Deutschland insgesamt;DG;Deutschland;FRUA04;Fruchtarten;FRUART065;Raufutter;5153200;ha;FLC016;Anbaufläche
41241;Ernte-u.Betriebsbericht: Feldfrüchte und Grünland;JAHR;Jahr;2012;DINSG;Deutschland insgesamt;DG;Deutschland;FRUA04;Fruchtarten;FRUART067S;Süßlupinen;31500;t;ERN001;Erntemenge
41241;Ernte-u.Betriebsbericht: Feldfrüchte und Grünland;JAHR;Jahr;2012;DINSG;Deutschland insgesamt;DG;Deutschland;FRUA04;Fruchtarten;FRUART067S;Süßlupinen;17,6;dt/ha;ERT001;Ertrag je Hektar
41241;Ernte-u.Betriebsbericht: Feldfrüchte und Grünland;JAHR;Jahr;2012;DINSG;Deutschland insgesamt;DG;Deutschland;FRUA04;Fruchtarten;FRUART067S;Süßlupinen;17900;ha;FLC016;Anbaufläche
41241;Ernte-u.Betriebsbericht: Feldfrüchte und Grünland;JAHR;Jahr;2017;DINSG;Deutschland insgesamt;DG;Deutschland;FRUA04;Fruchtarten;FRUART081;Wiesen (Schnittnutzung);13233900;t;ERN001;Erntemenge
41241;Ernte-u.Betriebsbericht: Feldfrüchte und Grünland;JAHR;Jahr;2017;DINSG;Deutschland insgesamt;DG;Deutschland;FRUA04;Fruchtarten;FRUART081;Wiesen (Schnittnutzung);71,8;dt/ha;ERT001;Ertrag je Hektar
41241;Ernte-u.Betriebsbericht: Feldfrüchte und Grünland;JAHR;Jahr;2017;DINSG;Deutschland insgesamt;DG;Deutschland;FRUA04;Fruchtarten;FRUART081;Wiesen (Schnittnutzung);1843300;ha;FLC016;Anbaufläche
41241;Ernte-u.Betriebsbericht: Feldfrüchte und Grünland;JAHR;Jahr;2022;DINSG;Deutschland insgesamt;DG;Deutschland;FRUA04;Fruchtarten;FRUART01211;Wintergerste;9231300;t;ERN001;Erntemenge
41241;Ernte-u.Betriebsbericht: Feldfrüchte und Grünland;JAHR;Jahr;2022;DINSG;Deutschland insgesamt;DG;Deutschland;FRUA04;Fruchtarten;FRUART01211;Wintergerste;76,2;dt/ha;ERT001;Ertrag je Hektar
41241;Ernte-u.Betriebsbericht: Feldfrüchte und Grünland;JAHR;Jahr;2022;DINSG;Deutschland insgesamt;DG;Deutschland;FRUA04;Fruchtarten;FRUART01211;Wintergerste;1211500;ha;FLC016;Anbaufläche
41241;Ernte-u.Betriebsbericht: Feldfrüchte und Grünland;JAHR;Jahr;2026;DINSG;Deutschland insgesamt;DG;Deutschland;FRUA04;Fruchtarten;FRUART01121;Roggen und Wintermenggetreide;2872400;t;ERN001;Erntemenge
41241;Ernte-u.Betriebsbericht: Feldfrüchte und Grünland;JAHR;Jahr;2026;DINSG;Deutschland insgesamt;DG;Deutschland;FRUA04;Fruchtarten;FRUART01121;Roggen und Wintermenggetreide;55,6;dt/ha;ERT001;Ertrag je Hektar
41241;Ernte-u.Betriebsbericht: Feldfrüchte und Grünland;JAHR;Jahr;2026;DINSG;Deutschland insgesamt;DG;Deutschland;FRUA04;Fruchtarten;FRUART01121;Roggen und Wintermenggetreide;516700;ha;FLC016;Anbaufläche
41241;Ernte-u.Betriebsbericht: Feldfrüchte und Grünland;JAHR;Jahr;2014;DINSG;Deutschland insgesamt;DG;Deutschland;FRUA04;Fruchtarten;FRUART01121;Roggen und Wintermenggetreide;3854400;t;ERN001;Erntemenge
41241;Ernte-u.Betriebsbericht: Feldfrüchte und Grünland;JAHR;Jahr;2014;DINSG;Deutschland insgesamt;DG;Deutschland;FRUA04;Fruchtarten;FRUART01121;Roggen und Wintermenggetreide;61,2;dt/ha;ERT001;Ertrag je Hektar
41241;Ernte-u.Betriebsbericht: Feldfrüchte und Grünland;JAHR;Jahr;2014;DINSG;Deutschland insgesamt;DG;Deutschland;FRUA04;Fruchtarten;FRUART01121;Roggen und Wintermenggetreide;629900;ha;FLC016;Anbaufläche
41241;Ernte-u.Betriebsbericht: Feldfrüchte und Grünland;JAHR;Jahr;2025;DINSG;Deutschland insgesamt;DG;Deutschland;FRUA04;Fruchtarten;FRUART05111;Winterraps;3974600;t;ERN001;Erntemenge
41241;Ernte-u.Betriebsbericht: Feldfrüchte und Grünland;JAHR;Jahr;2025;DINSG;Deutschland insgesamt;DG;Deutschland;FRUA04;Fruchtarten;FRUART05111;Winterraps;36,4;dt/ha;ERT001;Ertrag je Hektar
41241;Ernte-u.Betriebsbericht: Feldfrüchte und Grünland;JAHR;Jahr;2025;DINSG;Deutschland insgesamt;DG;Deutschland;FRUA04;Fruchtarten;FRUART05111;Winterraps;1092000;ha;FLC016;Anbaufläche
41241;Ernte-u.Betriebsbericht: Feldfrüchte und Grünland;JAHR;Jahr;2012;DINSG;Deutschland insgesamt;DG;Deutschland;FRUA04;Fruchtarten;FRUART065;Raufutter;35101200;t;ERN001;Erntemenge
41241;Ernte-u.Betriebsbericht: Feldfrüchte und Grünland;JAHR;Jahr;2012;DINSG;Deutschland insgesamt;DG;Deutschland;FRUA04;Fruchtarten;FRUART065;Raufutter;68,9;dt/ha;ERT001;Ertrag je Hektar
41241;Ernte-u.Betriebsbericht: Feldfrüchte und Grünland;JAHR;Jahr;2012;DINSG;Deutschland insgesamt;DG;Deutschland;FRUA04;Fruchtarten;FRUART065;Raufutter;5092200;ha;FLC016;Anbaufläche
41241;Ernte-u.Betriebsbericht: Feldfrüchte und Grünland;JAHR;Jahr;2016;DINSG;Deutschland insgesamt;DG;Deutschland;FRUA04;Fruchtarten;FRUART0123;Sommermenggetreide;45300;t;ERN001;Erntemenge
41241;Ernte-u.Betriebsbericht: Feldfrüchte und Grünland;JAHR;Jahr;2016;DINSG;Deutschland insgesamt;DG;Deutschland;FRUA04;Fruchtarten;FRUART0123;Sommermenggetreide;42,0;dt/ha;ERT001;Ertrag je Hektar
41241;Ernte-u.Betriebsbericht: Feldfrüchte und Grünland;JAHR;Jahr;2016;DINSG;Deutschland insgesamt;DG;Deutschland;FRUA04;Fruchtarten;FRUART0123;Sommermenggetreide;10800;ha;FLC016;Anbaufläche
41241;Ernte-u.Betriebsbericht: Feldfrüchte und Grünland;JAHR;Jahr;2015;DINSG;Deutschland insgesamt;DG;Deutschland;FRUA04;Fruchtarten;FRUART064G1;Silomais/Grünmais einschl. Lieschkolbenschrot;87218900;t;ERN001;Erntemenge
41241;Ernte-u.Betriebsbericht: Feldfrüchte und Grünland;JAHR;Jahr;2015;DINSG;Deutschland insgesamt;DG;Deutschland;FRUA04;Fruchtarten;FRUART064G1;Silomais/Grünmais einschl. Lieschkolbenschrot;413,6;dt/ha;ERT001;Ertrag je Hektar
41241;Ernte-u.Betriebsbericht: Feldfrüchte und Grünland;JAHR;Jahr;2015;DINSG;Deutschland insgesamt;DG;Deutschland;FRUA04;Fruchtarten;FRUART064G1;Silomais/Grünmais einschl. Lieschkolbenschrot;2100400;ha;FLC016;Anbaufläche
41241;Ernte-u.Betriebsbericht: Feldfrüchte und Grünland;JAHR;Jahr;2011;DINSG;Deutschland insgesamt;DG;Deutschland;FRUA04;Fruchtarten;FRUART01111D;Dinkel;-;t;ERN001;Erntemenge
41241;Ernte-u.Betriebsbericht: Feldfrüchte und Grünland;JAHR;Jahr;2011;DINSG;Deutschland insgesamt;DG;Deutschland;FRUA04;Fruchtarten;FRUART01111D;Dinkel;-;dt/ha;ERT001;Ertrag je Hektar
41241;Ernte-u.Betriebsbericht: Feldfrüchte und Grünland;JAHR;Jahr;2011;DINSG;Deutschland insgesamt;DG;Deutschland;FRUA04;Fruchtarten;FRUART01111D;Dinkel;-;ha;FLC016;Anbaufläche
41241;Ernte-u.Betriebsbericht: Feldfrüchte und Grünland;JAHR;Jahr;2023;DINSG;Deutschland insgesamt;DG;Deutschland;FRUA04;Fruchtarten;FRUART01112OH;Sommerweizen (ohne Hartweizen);130400;t;ERN001;Erntemenge
41241;Ernte-u.Betriebsbericht: Feldfrüchte und Grünland;JAHR;Jahr;2023;DINSG;Deutschland insgesamt;DG;Deutschland;FRUA04;Fruchtarten;FRUART01112OH;Sommerweizen (ohne Hartweizen);42,8;dt/ha;ERT001;Ertrag je Hektar
41241;Ernte-u.Betriebsbericht: Feldfrüchte und Grünland;JAHR;Jahr;2023;DINSG;Deutschland insgesamt;DG;Deutschland;FRUA04;Fruchtarten;FRUART01112OH;Sommerweizen (ohne Hartweizen);30400;ha;FLC016;Anbaufläche
41241;Ernte-u.Betriebsbericht: Feldfrüchte und Grünland;JAHR;Jahr;2013;DINSG;Deutschland insgesamt;DG;Deutschland;FRUA04;Fruchtarten;FRUART05111;Winterraps;5770800;t;ERN001;Erntemenge
41241;Ernte-u.Betriebsbericht: Feldfrüchte und Grünland;JAHR;Jahr;2013;DINSG;Deutschland insgesamt;DG;Deutschland;FRUA04;Fruchtarten;FRUART05111;Winterraps;39,5;dt/ha;ERT001;Ertrag je Hektar
41241;Ernte-u.Betriebsbericht: Feldfrüchte und Grünland;JAHR;Jahr;2013;DINSG;Deutschland insgesamt;DG;Deutschland;FRUA04;Fruchtarten;FRUART05111;Winterraps;1460000;ha;FLC016;Anbaufläche
41241;Ernte-u.Betriebsbericht: Feldfrüchte und Grünland;JAHR;Jahr;2025;DINSG;Deutschland insgesamt;DG;Deutschland;FRUA04;Fruchtarten;FRUART01111E;Winterweizen (einschließlich Einkorn);-;t;ERN001;Erntemenge
41241;Ernte-u.Betriebsbericht: Feldfrüchte und Grünland;JAHR;Jahr;2025;DINSG;Deutschland insgesamt;DG;Deutschland;FRUA04;Fruchtarten;FRUART01111E;Winterweizen (einschließlich Einkorn);-;dt/ha;ERT001;Ertrag je Hektar
41241;Ernte-u.Betriebsbericht: Feldfrüchte und Grünland;JAHR;Jahr;2025;DINSG;Deutschland insgesamt;DG;Deutschland;FRUA04;Fruchtarten;FRUART01111E;Winterweizen (einschließlich Einkorn);-;ha;FLC016;Anbaufläche
41241;Ernte-u.Betriebsbericht: Feldfrüchte und Grünland;JAHR;Jahr;2024;DINSG;Deutschland insgesamt;DG;Deutschland;FRUA04;Fruchtarten;FRUART0122;Hafer;696800;t;ERN001;Erntemenge
41241;Ernte-u.Betriebsbericht: Feldfrüchte und Grünland;JAHR;Jahr;2024;DINSG;Deutschland insgesamt;DG;Deutschland;FRUA04;Fruchtarten;FRUART0122;Hafer;44,6;dt/ha;ERT001;Ertrag je Hektar
41241;Ernte-u.Betriebsbericht: Feldfrüchte und Grünland;JAHR;Jahr;2024;DINSG;Deutschland insgesamt;DG;Deutschland;FRUA04;Fruchtarten;FRUART0122;Hafer;156200;ha;FLC016;Anbaufläche
41241;Ernte-u.Betriebsbericht: Feldfrüchte und Grünland;JAHR;Jahr;2022;DINSG;Deutschland insgesamt;DG;Deutschland;FRUA04;Fruchtarten;FRUART0511;Raps und Rübsen;4294900;t;ERN001;Erntemenge
41241;Ernte-u.Betriebsbericht: Feldfrüchte und Grünland;JAHR;Jahr;2022;DINSG;Deutschland insgesamt;DG;Deutschland;FRUA04;Fruchtarten;FRUART0511;Raps und Rübsen;39,5;dt/ha;ERT001;Ertrag je Hektar
41241;Ernte-u.Betriebsbericht: Feldfrüchte und Grünland;JAHR;Jahr;2022;DINSG;Deutschland insgesamt;DG;Deutschland;FRUA04;Fruchtarten;FRUART0511;Raps und Rübsen;1088200;ha;FLC016;Anbaufläche
41241;Ernte-u.Betriebsbericht: Feldfrüchte und Grünland;JAHR;Jahr;2013;DINSG;Deutschland insgesamt;DG;Deutschland;FRUA04;Fruchtarten;FRUART01113;Hartweizen (Durum);52700;t;ERN001;Erntemenge
41241;Ernte-u.Betriebsbericht: Feldfrüchte und Grünland;JAHR;Jahr;2013;DINSG;Deutschland insgesamt;DG;Deutschland;FRUA04;Fruchtarten;FRUART01113;Hartweizen (Durum);61,3;dt/ha;ERT001;Ertrag je Hektar
41241;Ernte-u.Betriebsbericht: Feldfrüchte und Grünland;JAHR;Jahr;2013;DINSG;Deutschland insgesamt;DG;Deutschland;FRUA04;Fruchtarten;FRUART01113;Hartweizen (Durum);8600;ha;FLC016;Anbaufläche
41241;Ernte-u.Betriebsbericht: Feldfrüchte und Grünland;JAHR;Jahr;2026;DINSG;Deutschland insgesamt;DG;Deutschland;FRUA04;Fruchtarten;FRUART031;Kartoffeln;10428500;t;ERN001;Erntemenge
41241;Ernte-u.Betriebsbericht: Feldfrüchte und Grünland;JAHR;Jahr;2026;DINSG;Deutschland insgesamt;DG;Deutschland;FRUA04;Fruchtarten;FRUART031;Kartoffeln;388,7;dt/ha;ERT001;Ertrag je Hektar
41241;Ernte-u.Betriebsbericht: Feldfrüchte und Grünland;JAHR;Jahr;2026;DINSG;Deutschland insgesamt;DG;Deutschland;FRUA04;Fruchtarten;FRUART031;Kartoffeln;268300;ha;FLC016;Anbaufläche
41241;Ernte-u.Betriebsbericht: Feldfrüchte und Grünland;JAHR;Jahr;2025;DINSG;Deutschland insgesamt;DG;Deutschland;FRUA04;Fruchtarten;FRUART01113;Hartweizen (Durum);338700;t;ERN001;Erntemenge
41241;Ernte-u.Betriebsbericht: Feldfrüchte und Grünland;JAHR;Jahr;2025;DINSG;Deutschland insgesamt;DG;Deutschland;FRUA04;Fruchtarten;FRUART01113;Hartweizen (Durum);65,0;dt/ha;ERT001;Ertrag je Hektar
41241;Ernte-u.Betriebsbericht: Feldfrüchte und Grünland;JAHR;Jahr;2025;DINSG;Deutschland insgesamt;DG;Deutschland;FRUA04;Fruchtarten;FRUART01113;Hartweizen (Durum);52100;ha;FLC016;Anbaufläche
41241;Ernte-u.Betriebsbericht: Feldfrüchte und Grünland;JAHR;Jahr;2016;DINSG;Deutschland insgesamt;DG;Deutschland;FRUA04;Fruchtarten;FRUART05111;Winterraps;4573700;t;ERN001;Erntemenge
41241;Ernte-u.Betriebsbericht: Feldfrüchte und Grünland;JAHR;Jahr;2016;DINSG;Deutschland insgesamt;DG;Deutschland;FRUA04;Fruchtarten;FRUART05111;Winterraps;34,6;dt/ha;ERT001;Ertrag je Hektar
41241;Ernte-u.Betriebsbericht: Feldfrüchte und Grünland;JAHR;Jahr;2016;DINSG;Deutschland insgesamt;DG;Deutschland;FRUA04;Fruchtarten;FRUART05111;Winterraps;1322700;ha;FLC016;Anbaufläche
41241;Ernte-u.Betriebsbericht: Feldfrüchte und Grünland;JAHR;Jahr;2025;DINSG;Deutschland insgesamt;DG;Deutschland;FRUA04;Fruchtarten;FRUART025;Sojabohnen;130800;t;ERN001;Erntemenge
41241;Ernte-u.Betriebsbericht: Feldfrüchte und Grünland;JAHR;Jahr;2025;DINSG;Deutschland insgesamt;DG;Deutschland;FRUA04;Fruchtarten;FRUART025;Sojabohnen;30,2;dt/ha;ERT001;Ertrag je Hektar
41241;Ernte-u.Betriebsbericht: Feldfrüchte und Grünland;JAHR;Jahr;2025;DINSG;Deutschland insgesamt;DG;Deutschland;FRUA04;Fruchtarten;FRUART025;Sojabohnen;43300;ha;FLC016;Anbaufläche
41241;Ernte-u.Betriebsbericht: Feldfrüchte und Grünland;JAHR;Jahr;2016;DINSG;Deutschland insgesamt;DG;Deutschland;FRUA04;Fruchtarten;FRUART0631;Feldgras/Grasanbau auf dem Ackerland (inkl.Misch.);2107600;t;ERN001;Erntemenge
41241;Ernte-u.Betriebsbericht: Feldfrüchte und Grünland;JAHR;Jahr;2016;DINSG;Deutschland insgesamt;DG;Deutschland;FRUA04;Fruchtarten;FRUART0631;Feldgras/Grasanbau auf dem Ackerland (inkl.Misch.);75,5;dt/ha;ERT001;Ertrag je Hektar
41241;Ernte-u.Betriebsbericht: Feldfrüchte und Grünland;JAHR;Jahr;2016;DINSG;Deutschland insgesamt;DG;Deutschland;FRUA04;Fruchtarten;FRUART0631;Feldgras/Grasanbau auf dem Ackerland (inkl.Misch.);279300;ha;FLC016;Anbaufläche
41241;Ernte-u.Betriebsbericht: Feldfrüchte und Grünland;JAHR;Jahr;2024;DINSG;Deutschland insgesamt;DG;Deutschland;FRUA04;Fruchtarten;FRUART01EKM1;Getreide zur Körnergew. (einschl. Körnermais, CCM);38975400;t;ERN001;Erntemenge
41241;Ernte-u.Betriebsbericht: Feldfrüchte und Grünland;JAHR;Jahr;2024;DINSG;Deutschland insgesamt;DG;Deutschland;FRUA04;Fruchtarten;FRUART01EKM1;Getreide zur Körnergew. (einschl. Körnermais, CCM);67,9;dt/ha;ERT001;Ertrag je Hektar
41241;Ernte-u.Betriebsbericht: Feldfrüchte und Grünland;JAHR;Jahr;2024;DINSG;Deutschland insgesamt;DG;Deutschland;FRUA04;Fruchtarten;FRUART01EKM1;Getreide zur Körnergew. (einschl. Körnermais, CCM);5739600;ha;FLC016;Anbaufläche
41241;Ernte-u.Betriebsbericht: Feldfrüchte und Grünland;JAHR;Jahr;2013;DINSG;Deutschland insgesamt;DG;Deutschland;FRUA04;Fruchtarten;FRUART01211;Wintergerste;8397600;t;ERN001;Erntemenge
41241;Ernte-u.Betriebsbericht: Feldfrüchte und Grünland;JAHR;Jahr;2013;DINSG;Deutschland insgesamt;DG;Deutschland;FRUA04;Fruchtarten;FRUART01211;Wintergerste;69,3;dt/ha;ERT001;Ertrag je Hektar
41241;Ernte-u.Betriebsbericht: Feldfrüchte und Grünland;JAHR;Jahr;2013;DINSG;Deutschland insgesamt;DG;Deutschland;FRUA04;Fruchtarten;FRUART01211;Wintergerste;1211000;ha;FLC016;Anbaufläche
41241;Ernte-u.Betriebsbericht: Feldfrüchte und Grünland;JAHR;Jahr;2018;DINSG;Deutschland insgesamt;DG;Deutschland;FRUA04;Fruchtarten;FRUART0122;Hafer;577600;t;ERN001;Erntemenge
41241;Ernte-u.Betriebsbericht: Feldfrüchte und Grünland;JAHR;Jahr;2018;DINSG;Deutschland insgesamt;DG;Deutschland;FRUA04;Fruchtarten;FRUART0122;Hafer;41,1;dt/ha;ERT001;Ertrag je Hektar
41241;Ernte-u.Betriebsbericht: Feldfrüchte und Grünland;JAHR;Jahr;2018;DINSG;Deutschland insgesamt;DG;Deutschland;FRUA04;Fruchtarten;FRUART0122;Hafer;140400;ha;FLC016;Anbaufläche
41241;Ernte-u.Betriebsbericht: Feldfrüchte und Grünland;JAHR;Jahr;2010;DINSG;Deutschland insgesamt;DG;Deutschland;FRUA04;Fruchtarten;FRUART01113;Hartweizen (Durum);111747;t;ERN001;Erntemenge
41241;Ernte-u.Betriebsbericht: Feldfrüchte und Grünland;JAHR;Jahr;2010;DINSG;Deutschland insgesamt;DG;Deutschland;FRUA04;Fruchtarten;FRUART01113;Hartweizen (Durum);53,1;dt/ha;ERT001;Ertrag je Hektar
41241;Ernte-u.Betriebsbericht: Feldfrüchte und Grünland;JAHR;Jahr;2010;DINSG;Deutschland insgesamt;DG;Deutschland;FRUA04;Fruchtarten;FRUART01113;Hartweizen (Durum);21059;ha;FLC016;Anbaufläche
41241;Ernte-u.Betriebsbericht: Feldfrüchte und Grünland;JAHR;Jahr;2025;DINSG;Deutschland insgesamt;DG;Deutschland;FRUA04;Fruchtarten;FRUART01211;Wintergerste;9514900;t;ERN001;Erntemenge
41241;Ernte-u.Betriebsbericht: Feldfrüchte und Grünland;JAHR;Jahr;2025;DINSG;Deutschland insgesamt;DG;Deutschland;FRUA04;Fruchtarten;FRUART01211;Wintergerste;78,6;dt/ha;ERT001;Ertrag je Hektar
41241;Ernte-u.Betriebsbericht: Feldfrüchte und Grünland;JAHR;Jahr;2025;DINSG;Deutschland insgesamt;DG;Deutschland;FRUA04;Fruchtarten;FRUART01211;Wintergerste;1210000;ha;FLC016;Anbaufläche
41241;Ernte-u.Betriebsbericht: Feldfrüchte und Grünland;JAHR;Jahr;2026;DINSG;Deutschland insgesamt;DG;Deutschland;FRUA04;Fruchtarten;FRUART01OKM1;Getreide zur Körnergew. (ohne Körnermais, CCM);37388900;t;ERN001;Erntemenge
41241;Ernte-u.Betriebsbericht: Feldfrüchte und Grünland;JAHR;Jahr;2026;DINSG;Deutschland insgesamt;DG;Deutschland;FRUA04;Fruchtarten;FRUART01OKM1;Getreide zur Körnergew. (ohne Körnermais, CCM);69,2;dt/ha;ERT001;Ertrag je Hektar
41241;Ernte-u.Betriebsbericht: Feldfrüchte und Grünland;JAHR;Jahr;2026;DINSG;Deutschland insgesamt;DG;Deutschland;FRUA04;Fruchtarten;FRUART01OKM1;Getreide zur Körnergew. (ohne Körnermais, CCM);5404900;ha;FLC016;Anbaufläche
41241;Ernte-u.Betriebsbericht: Feldfrüchte und Grünland;JAHR;Jahr;2025;DINSG;Deutschland insgesamt;DG;Deutschland;FRUA04;Fruchtarten;FRUART013CCM1;Körnermais/Mais zum Ausreifen (einschl. CCM);4944800;t;ERN001;Erntemenge
41241;Ernte-u.Betriebsbericht: Feldfrüchte und Grünland;JAHR;Jahr;2025;DINSG;Deutschland insgesamt;DG;Deutschland;FRUA04;Fruchtarten;FRUART013CCM1;Körnermais/Mais zum Ausreifen (einschl. CCM);100,9;dt/ha;ERT001;Ertrag je Hektar
41241;Ernte-u.Betriebsbericht: Feldfrüchte und Grünland;JAHR;Jahr;2025;DINSG;Deutschland insgesamt;DG;Deutschland;FRUA04;Fruchtarten;FRUART013CCM1;Körnermais/Mais zum Ausreifen (einschl. CCM);489900;ha;FLC016;Anbaufläche
41241;Ernte-u.Betriebsbericht: Feldfrüchte und Grünland;JAHR;Jahr;2019;DINSG;Deutschland insgesamt;DG;Deutschland;FRUA04;Fruchtarten;FRUART031;Kartoffeln;10602200;t;ERN001;Erntemenge
41241;Ernte-u.Betriebsbericht: Feldfrüchte und Grünland;JAHR;Jahr;2019;DINSG;Deutschland insgesamt;DG;Deutschland;FRUA04;Fruchtarten;FRUART031;Kartoffeln;390,3;dt/ha;ERT001;Ertrag je Hektar
41241;Ernte-u.Betriebsbericht: Feldfrüchte und Grünland;JAHR;Jahr;2019;DINSG;Deutschland insgesamt;DG;Deutschland;FRUA04;Fruchtarten;FRUART031;Kartoffeln;271600;ha;FLC016;Anbaufläche
41241;Ernte-u.Betriebsbericht: Feldfrüchte und Grünland;JAHR;Jahr;2016;DINSG;Deutschland insgesamt;DG;Deutschland;FRUA04;Fruchtarten;FRUART0111;Weizen;24463800;t;ERN001;Erntemenge
41241;Ernte-u.Betriebsbericht: Feldfrüchte und Grünland;JAHR;Jahr;2016;DINSG;Deutschland insgesamt;DG;Deutschland;FRUA04;Fruchtarten;FRUART0111;Weizen;76,4;dt/ha;ERT001;Ertrag je Hektar
41241;Ernte-u.Betriebsbericht: Feldfrüchte und Grünland;JAHR;Jahr;2016;DINSG;Deutschland insgesamt;DG;Deutschland;FRUA04;Fruchtarten;FRUART0111;Weizen;3201700;ha;FLC016;Anbaufläche
41241;Ernte-u.Betriebsbericht: Feldfrüchte und Grünland;JAHR;Jahr;2016;DINSG;Deutschland insgesamt;DG;Deutschland;FRUA04;Fruchtarten;FRUART01EKM1;Getreide zur Körnergew. (einschl. Körnermais, CCM);45364500;t;ERN001;Erntemenge
41241;Ernte-u.Betriebsbericht: Feldfrüchte und Grünland;JAHR;Jahr;2016;DINSG;Deutschland insgesamt;DG;Deutschland;FRUA04;Fruchtarten;FRUART01EKM1;Getreide zur Körnergew. (einschl. Körnermais, CCM);71,8;dt/ha;ERT001;Ertrag je Hektar
41241;Ernte-u.Betriebsbericht: Feldfrüchte und Grünland;JAHR;Jahr;2016;DINSG;Deutschland insgesamt;DG;Deutschland;FRUA04;Fruchtarten;FRUART01EKM1;Getreide zur Körnergew. (einschl. Körnermais, CCM);6316400;ha;FLC016;Anbaufläche
41241;Ernte-u.Betriebsbericht: Feldfrüchte und Grünland;JAHR;Jahr;2010;DINSG;Deutschland insgesamt;DG;Deutschland;FRUA04;Fruchtarten;FRUART01G;Getreide zur Ganzpflanzenernte;1607228;t;ERN001;Erntemenge
41241;Ernte-u.Betriebsbericht: Feldfrüchte und Grünland;JAHR;Jahr;2010;DINSG;Deutschland insgesamt;DG;Deutschland;FRUA04;Fruchtarten;FRUART01G;Getreide zur Ganzpflanzenernte;248,2;dt/ha;ERT001;Ertrag je Hektar
41241;Ernte-u.Betriebsbericht: Feldfrüchte und Grünland;JAHR;Jahr;2010;DINSG;Deutschland insgesamt;DG;Deutschland;FRUA04;Fruchtarten;FRUART01G;Getreide zur Ganzpflanzenernte;64760;ha;FLC016;Anbaufläche
41241;Ernte-u.Betriebsbericht: Feldfrüchte und Grünland;JAHR;Jahr;2022;DINSG;Deutschland insgesamt;DG;Deutschland;FRUA04;Fruchtarten;FRUART0123;Sommermenggetreide;30500;t;ERN001;Erntemenge
41241;Ernte-u.Betriebsbericht: Feldfrüchte und Grünland;JAHR;Jahr;2022;DINSG;Deutschland insgesamt;DG;Deutschland;FRUA04;Fruchtarten;FRUART0123;Sommermenggetreide;37,3;dt/ha;ERT001;Ertrag je Hektar
41241;Ernte-u.Betriebsbericht: Feldfrüchte und Grünland;JAHR;Jahr;2022;DINSG;Deutschland insgesamt;DG;Deutschland;FRUA04;Fruchtarten;FRUART0123;Sommermenggetreide;8200;ha;FLC016;Anbaufläche
41241;Ernte-u.Betriebsbericht: Feldfrüchte und Grünland;JAHR;Jahr;2018;DINSG;Deutschland insgesamt;DG;Deutschland;FRUA04;Fruchtarten;FRUART02LG;Leguminosen zur Ganzpflanzenernte (z.B. Klee);1666800;t;ERN001;Erntemenge
41241;Ernte-u.Betriebsbericht: Feldfrüchte und Grünland;JAHR;Jahr;2018;DINSG;Deutschland insgesamt;DG;Deutschland;FRUA04;Fruchtarten;FRUART02LG;Leguminosen zur Ganzpflanzenernte (z.B. Klee);58,8;dt/ha;ERT001;Ertrag je Hektar
41241;Ernte-u.Betriebsbericht: Feldfrüchte und Grünland;JAHR;Jahr;2018;DINSG;Deutschland insgesamt;DG;Deutschland;FRUA04;Fruchtarten;FRUART02LG;Leguminosen zur Ganzpflanzenernte (z.B. Klee);283300;ha;FLC016;Anbaufläche
41241;Ernte-u.Betriebsbericht: Feldfrüchte und Grünland;JAHR;Jahr;2024;DINSG;Deutschland insgesamt;DG;Deutschland;FRUA04;Fruchtarten;FRUART0111;Weizen;18526700;t;ERN001;Erntemenge
41241;Ernte-u.Betriebsbericht: Feldfrüchte und Grünland;JAHR;Jahr;2024;DINSG;Deutschland insgesamt;DG;Deutschland;FRUA04;Fruchtarten;FRUART0111;Weizen;70,8;dt/ha;ERT001;Ertrag je Hektar
41241;Ernte-u.Betriebsbericht: Feldfrüchte und Grünland;JAHR;Jahr;2024;DINSG;Deutschland insgesamt;DG;Deutschland;FRUA04;Fruchtarten;FRUART0111;Weizen;2615200;ha;FLC016;Anbaufläche
41241;Ernte-u.Betriebsbericht: Feldfrüchte und Grünland;JAHR;Jahr;2022;DINSG;Deutschland insgesamt;DG;Deutschland;FRUA04;Fruchtarten;FRUART01113;Hartweizen (Durum);218400;t;ERN001;Erntemenge
41241;Ernte-u.Betriebsbericht: Feldfrüchte und Grünland;JAHR;Jahr;2022;DINSG;Deutschland insgesamt;DG;Deutschland;FRUA04;Fruchtarten;FRUART01113;Hartweizen (Durum);53,5;dt/ha;ERT001;Ertrag je Hektar
41241;Ernte-u.Betriebsbericht: Feldfrüchte und Grünland;JAHR;Jahr;2022;DINSG;Deutschland insgesamt;DG;Deutschland;FRUA04;Fruchtarten;FRUART01113;Hartweizen (Durum);40800;ha;FLC016;Anbaufläche
41241;Ernte-u.Betriebsbericht: Feldfrüchte und Grünland;JAHR;Jahr;2010;DINSG;Deutschland insgesamt;DG;Deutschland;FRUA04;Fruchtarten;FRUART081;Wiesen (Schnittnutzung);12439764;t;ERN001;Erntemenge
41241;Ernte-u.Betriebsbericht: Feldfrüchte und Grünland;JAHR;Jahr;2010;DINSG;Deutschland insgesamt;DG;Deutschland;FRUA04;Fruchtarten;FRUART081;Wiesen (Schnittnutzung);65,5;dt/ha;ERT001;Ertrag je Hektar
41241;Ernte-u.Betriebsbericht: Feldfrüchte und Grünland;JAHR;Jahr;2010;DINSG;Deutschland insgesamt;DG;Deutschland;FRUA04;Fruchtarten;FRUART081;Wiesen (Schnittnutzung);1899197;ha;FLC016;Anbaufläche
41241;Ernte-u.Betriebsbericht: Feldfrüchte und Grünland;JAHR;Jahr;2015;DINSG;Deutschland insgesamt;DG;Deutschland;FRUA04;Fruchtarten;FRUART0515;Sonnenblumen;35300;t;ERN001;Erntemenge
41241;Ernte-u.Betriebsbericht: Feldfrüchte und Grünland;JAHR;Jahr;2015;DINSG;Deutschland insgesamt;DG;Deutschland;FRUA04;Fruchtarten;FRUART0515;Sonnenblumen;19,2;dt/ha;ERT001;Ertrag je Hektar
41241;Ernte-u.Betriebsbericht: Feldfrüchte und Grünland;JAHR;Jahr;2015;DINSG;Deutschland insgesamt;DG;Deutschland;FRUA04;Fruchtarten;FRUART0515;Sonnenblumen;18400;ha;FLC016;Anbaufläche
41241;Ernte-u.Betriebsbericht: Feldfrüchte und Grünland;JAHR;Jahr;2010;DINSG;Deutschland insgesamt;DG;Deutschland;FRUA04;Fruchtarten;FRUART01211;Wintergerste;8621638;t;ERN001;Erntemenge
41241;Ernte-u.Betriebsbericht: Feldfrüchte und Grünland;JAHR;Jahr;2010;DINSG;Deutschland insgesamt;DG;Deutschland;FRUA04;Fruchtarten;FRUART01211;Wintergerste;66,6;dt/ha;ERT001;Ertrag je Hektar
41241;Ernte-u.Betriebsbericht: Feldfrüchte und Grünland;JAHR;Jahr;2010;DINSG;Deutschland insgesamt;DG;Deutschland;FRUA04;Fruchtarten;FRUART01211;Wintergerste;1294769;ha;FLC016;Anbaufläche
41241;Ernte-u.Betriebsbericht: Feldfrüchte und Grünland;JAHR;Jahr;2024;DINSG;Deutschland insgesamt;DG;Deutschland;FRUA04;Fruchtarten;FRUART082;Weiden (einschließlich Mähweiden und Almen);15142600;t;ERN001;Erntemenge
41241;Ernte-u.Betriebsbericht: Feldfrüchte und Grünland;JAHR;Jahr;2024;DINSG;Deutschland insgesamt;DG;Deutschland;FRUA04;Fruchtarten;FRUART082;Weiden (einschließlich Mähweiden und Almen);62,4;dt/ha;ERT001;Ertrag je Hektar
41241;Ernte-u.Betriebsbericht: Feldfrüchte und Grünland;JAHR;Jahr;2024;DINSG;Deutschland insgesamt;DG;Deutschland;FRUA04;Fruchtarten;FRUART082;Weiden (einschließlich Mähweiden und Almen);2427500;ha;FLC016;Anbaufläche
41241;Ernte-u.Betriebsbericht: Feldfrüchte und Grünland;JAHR;Jahr;2018;DINSG;Deutschland insgesamt;DG;Deutschland;FRUA04;Fruchtarten;FRUART01212;Sommergerste;2209200;t;ERN001;Erntemenge
41241;Ernte-u.Betriebsbericht: Feldfrüchte und Grünland;JAHR;Jahr;2018;DINSG;Deutschland insgesamt;DG;Deutschland;FRUA04;Fruchtarten;FRUART01212;Sommergerste;49,5;dt/ha;ERT001;Ertrag je Hektar
41241;Ernte-u.Betriebsbericht: Feldfrüchte und Grünland;JAHR;Jahr;2018;DINSG;Deutschland insgesamt;DG;Deutschland;FRUA04;Fruchtarten;FRUART01212;Sommergerste;445900;ha;FLC016;Anbaufläche
41241;Ernte-u.Betriebsbericht: Feldfrüchte und Grünland;JAHR;Jahr;2022;DINSG;Deutschland insgesamt;DG;Deutschland;FRUA04;Fruchtarten;FRUART022;Ackerbohnen;249500;t;ERN001;Erntemenge
41241;Ernte-u.Betriebsbericht: Feldfrüchte und Grünland;JAHR;Jahr;2022;DINSG;Deutschland insgesamt;DG;Deutschland;FRUA04;Fruchtarten;FRUART022;Ackerbohnen;35,1;dt/ha;ERT001;Ertrag je Hektar
41241;Ernte-u.Betriebsbericht: Feldfrüchte und Grünland;JAHR;Jahr;2022;DINSG;Deutschland insgesamt;DG;Deutschland;FRUA04;Fruchtarten;FRUART022;Ackerbohnen;71100;ha;FLC016;Anbaufläche
41241;Ernte-u.Betriebsbericht: Feldfrüchte und Grünland;JAHR;Jahr;2017;DINSG;Deutschland insgesamt;DG;Deutschland;FRUA04;Fruchtarten;FRUART082;Weiden (einschließlich Mähweiden und Almen);17382600;t;ERN001;Erntemenge
41241;Ernte-u.Betriebsbericht: Feldfrüchte und Grünland;JAHR;Jahr;2017;DINSG;Deutschland insgesamt;DG;Deutschland;FRUA04;Fruchtarten;FRUART082;Weiden (einschließlich Mähweiden und Almen);65,2;dt/ha;ERT001;Ertrag je Hektar
41241;Ernte-u.Betriebsbericht: Feldfrüchte und Grünland;JAHR;Jahr;2017;DINSG;Deutschland insgesamt;DG;Deutschland;FRUA04;Fruchtarten;FRUART082;Weiden (einschließlich Mähweiden und Almen);2664400;ha;FLC016;Anbaufläche
41241;Ernte-u.Betriebsbericht: Feldfrüchte und Grünland;JAHR;Jahr;2022;DINSG;Deutschland insgesamt;DG;Deutschland;FRUA04;Fruchtarten;FRUART024OF;Erbsen (ohne Frischerbsen);322600;t;ERN001;Erntemenge
41241;Ernte-u.Betriebsbericht: Feldfrüchte und Grünland;JAHR;Jahr;2022;DINSG;Deutschland insgesamt;DG;Deutschland;FRUA04;Fruchtarten;FRUART024OF;Erbsen (ohne Frischerbsen);30,2;dt/ha;ERT001;Ertrag je Hektar
41241;Ernte-u.Betriebsbericht: Feldfrüchte und Grünland;JAHR;Jahr;2022;DINSG;Deutschland insgesamt;DG;Deutschland;FRUA04;Fruchtarten;FRUART024OF;Erbsen (ohne Frischerbsen);106900;ha;FLC016;Anbaufläche
41241;Ernte-u.Betriebsbericht: Feldfrüchte und Grünland;JAHR;Jahr;2015;DINSG;Deutschland insgesamt;DG;Deutschland;FRUA04;Fruchtarten;FRUART01111D;Dinkel;-;t;ERN001;Erntemenge
41241;Ernte-u.Betriebsbericht: Feldfrüchte und Grünland;JAHR;Jahr;2015;DINSG;Deutschland insgesamt;DG;Deutschland;FRUA04;Fruchtarten;FRUART01111D;Dinkel;-;dt/ha;ERT001;Ertrag je Hektar
41241;Ernte-u.Betriebsbericht: Feldfrüchte und Grünland;JAHR;Jahr;2015;DINSG;Deutschland insgesamt;DG;Deutschland;FRUA04;Fruchtarten;FRUART01111D;Dinkel;-;ha;FLC016;Anbaufläche
41241;Ernte-u.Betriebsbericht: Feldfrüchte und Grünland;JAHR;Jahr;2010;DINSG;Deutschland insgesamt;DG;Deutschland;FRUA04;Fruchtarten;FRUART024OF;Erbsen (ohne Frischerbsen);171966;t;ERN001;Erntemenge
41241;Ernte-u.Betriebsbericht: Feldfrüchte und Grünland;JAHR;Jahr;2010;DINSG;Deutschland insgesamt;DG;Deutschland;FRUA04;Fruchtarten;FRUART024OF;Erbsen (ohne Frischerbsen);30,0;dt/ha;ERT001;Ertrag je Hektar
41241;Ernte-u.Betriebsbericht: Feldfrüchte und Grünland;JAHR;Jahr;2010;DINSG;Deutschland insgesamt;DG;Deutschland;FRUA04;Fruchtarten;FRUART024OF;Erbsen (ohne Frischerbsen);57228;ha;FLC016;Anbaufläche
41241;Ernte-u.Betriebsbericht: Feldfrüchte und Grünland;JAHR;Jahr;2024;DINSG;Deutschland insgesamt;DG;Deutschland;FRUA04;Fruchtarten;FRUART01G;Getreide zur Ganzpflanzenernte;3449200;t;ERN001;Erntemenge
41241;Ernte-u.Betriebsbericht: Feldfrüchte und Grünland;JAHR;Jahr;2024;DINSG;Deutschland insgesamt;DG;Deutschland;FRUA04;Fruchtarten;FRUART01G;Getreide zur Ganzpflanzenernte;280,2;dt/ha;ERT001;Ertrag je Hektar
41241;Ernte-u.Betriebsbericht: Feldfrüchte und Grünland;JAHR;Jahr;2024;DINSG;Deutschland insgesamt;DG;Deutschland;FRUA04;Fruchtarten;FRUART01G;Getreide zur Ganzpflanzenernte;123100;ha;FLC016;Anbaufläche
41241;Ernte-u.Betriebsbericht: Feldfrüchte und Grünland;JAHR;Jahr;2025;DINSG;Deutschland insgesamt;DG;Deutschland;FRUA04;Fruchtarten;FRUART05112;Sommerraps, Winter- und Sommerrübsen;5700;t;ERN001;Erntemenge
41241;Ernte-u.Betriebsbericht: Feldfrüchte und Grünland;JAHR;Jahr;2025;DINSG;Deutschland insgesamt;DG;Deutschland;FRUA04;Fruchtarten;FRUART05112;Sommerraps, Winter- und Sommerrübsen;19,4;dt/ha;ERT001;Ertrag je Hektar
41241;Ernte-u.Betriebsbericht: Feldfrüchte und Grünland;JAHR;Jahr;2025;DINSG;Deutschland insgesamt;DG;Deutschland;FRUA04;Fruchtarten;FRUART05112;Sommerraps, Winter- und Sommerrübsen;2900;ha;FLC016;Anbaufläche
41241;Ernte-u.Betriebsbericht: Feldfrüchte und Grünland;JAHR;Jahr;2016;DINSG;Deutschland insgesamt;DG;Deutschland;FRUA04;Fruchtarten;FRUART0124;Triticale;2397300;t;ERN001;Erntemenge
41241;Ernte-u.Betriebsbericht: Feldfrüchte und Grünland;JAHR;Jahr;2016;DINSG;Deutschland insgesamt;DG;Deutschland;FRUA04;Fruchtarten;FRUART0124;Triticale;60,5;dt/ha;ERT001;Ertrag je Hektar
41241;Ernte-u.Betriebsbericht: Feldfrüchte und Grünland;JAHR;Jahr;2016;DINSG;Deutschland insgesamt;DG;Deutschland;FRUA04;Fruchtarten;FRUART0124;Triticale;396100;ha;FLC016;Anbaufläche
41241;Ernte-u.Betriebsbericht: Feldfrüchte und Grünland;JAHR;Jahr;2015;DINSG;Deutschland insgesamt;DG;Deutschland;FRUA04;Fruchtarten;FRUART022;Ackerbohnen;133200;t;ERN001;Erntemenge
41241;Ernte-u.Betriebsbericht: Feldfrüchte und Grünland;JAHR;Jahr;2015;DINSG;Deutschland insgesamt;DG;Deutschland;FRUA04;Fruchtarten;FRUART022;Ackerbohnen;35,4;dt/ha;ERT001;Ertrag je Hektar
41241;Ernte-u.Betriebsbericht: Feldfrüchte und Grünland;JAHR;Jahr;2015;DINSG;Deutschland insgesamt;DG;Deutschland;FRUA04;Fruchtarten;FRUART022;Ackerbohnen;37600;ha;FLC016;Anbaufläche
41241;Ernte-u.Betriebsbericht: Feldfrüchte und Grünland;JAHR;Jahr;2013;DINSG;Deutschland insgesamt;DG;Deutschland;FRUA04;Fruchtarten;FRUART05112;Sommerraps, Winter- und Sommerrübsen;13400;t;ERN001;Erntemenge
41241;Ernte-u.Betriebsbericht: Feldfrüchte und Grünland;JAHR;Jahr;2013;DINSG;Deutschland insgesamt;DG;Deutschland;FRUA04;Fruchtarten;FRUART05112;Sommerraps, Winter- und Sommerrübsen;24,0;dt/ha;ERT001;Ertrag je Hektar
41241;Ernte-u.Betriebsbericht: Feldfrüchte und Grünland;JAHR;Jahr;2013;DINSG;Deutschland insgesamt;DG;Deutschland;FRUA04;Fruchtarten;FRUART05112;Sommerraps, Winter- und Sommerrübsen;5600;ha;FLC016;Anbaufläche
41241;Ernte-u.Betriebsbericht: Feldfrüchte und Grünland;JAHR;Jahr;2012;DINSG;Deutschland insgesamt;DG;Deutschland;FRUA04;Fruchtarten;FRUART031;Kartoffeln;10665600;t;ERN001;Erntemenge
41241;Ernte-u.Betriebsbericht: Feldfrüchte und Grünland;JAHR;Jahr;2012;DINSG;Deutschland insgesamt;DG;Deutschland;FRUA04;Fruchtarten;FRUART031;Kartoffeln;447,5;dt/ha;ERT001;Ertrag je Hektar
41241;Ernte-u.Betriebsbericht: Feldfrüchte und Grünland;JAHR;Jahr;2012;DINSG;Deutschland insgesamt;DG;Deutschland;FRUA04;Fruchtarten;FRUART031;Kartoffeln;238300;ha;FLC016;Anbaufläche
41241;Ernte-u.Betriebsbericht: Feldfrüchte und Grünland;JAHR;Jahr;2023;DINSG;Deutschland insgesamt;DG;Deutschland;FRUA04;Fruchtarten;FRUART0515;Sonnenblumen;170100;t;ERN001;Erntemenge
41241;Ernte-u.Betriebsbericht: Feldfrüchte und Grünland;JAHR;Jahr;2023;DINSG;Deutschland insgesamt;DG;Deutschland;FRUA04;Fruchtarten;FRUART0515;Sonnenblumen;24,7;dt/ha;ERT001;Ertrag je Hektar
41241;Ernte-u.Betriebsbericht: Feldfrüchte und Grünland;JAHR;Jahr;2023;DINSG;Deutschland insgesamt;DG;Deutschland;FRUA04;Fruchtarten;FRUART0515;Sonnenblumen;68900;ha;FLC016;Anbaufläche
41241;Ernte-u.Betriebsbericht: Feldfrüchte und Grünland;JAHR;Jahr;2024;DINSG;Deutschland insgesamt;DG;Deutschland;FRUA04;Fruchtarten;FRUART0121;Gerste;10610000;t;ERN001;Erntemenge
41241;Ernte-u.Betriebsbericht: Feldfrüchte und Grünland;JAHR;Jahr;2024;DINSG;Deutschland insgesamt;DG;Deutschland;FRUA04;Fruchtarten;FRUART0121;Gerste;63,9;dt/ha;ERT001;Ertrag je Hektar
41241;Ernte-u.Betriebsbericht: Feldfrüchte und Grünland;JAHR;Jahr;2024;DINSG;Deutschland insgesamt;DG;Deutschland;FRUA04;Fruchtarten;FRUART0121;Gerste;1660000;ha;FLC016;Anbaufläche
41241;Ernte-u.Betriebsbericht: Feldfrüchte und Grünland;JAHR;Jahr;2013;DINSG;Deutschland insgesamt;DG;Deutschland;FRUA04;Fruchtarten;FRUART0631;Feldgras/Grasanbau auf dem Ackerland (inkl.Misch.);2477100;t;ERN001;Erntemenge
41241;Ernte-u.Betriebsbericht: Feldfrüchte und Grünland;JAHR;Jahr;2013;DINSG;Deutschland insgesamt;DG;Deutschland;FRUA04;Fruchtarten;FRUART0631;Feldgras/Grasanbau auf dem Ackerland (inkl.Misch.);68,7;dt/ha;ERT001;Ertrag je Hektar
41241;Ernte-u.Betriebsbericht: Feldfrüchte und Grünland;JAHR;Jahr;2013;DINSG;Deutschland insgesamt;DG;Deutschland;FRUA04;Fruchtarten;FRUART0631;Feldgras/Grasanbau auf dem Ackerland (inkl.Misch.);360300;ha;FLC016;Anbaufläche
41241;Ernte-u.Betriebsbericht: Feldfrüchte und Grünland;JAHR;Jahr;2025;DINSG;Deutschland insgesamt;DG;Deutschland;FRUA04;Fruchtarten;FRUART01111D;Dinkel;-;t;ERN001;Erntemenge
41241;Ernte-u.Betriebsbericht: Feldfrüchte und Grünland;JAHR;Jahr;2025;DINSG;Deutschland insgesamt;DG;Deutschland;FRUA04;Fruchtarten;FRUART01111D;Dinkel;-;dt/ha;ERT001;Ertrag je Hektar
41241;Ernte-u.Betriebsbericht: Feldfrüchte und Grünland;JAHR;Jahr;2025;DINSG;Deutschland insgesamt;DG;Deutschland;FRUA04;Fruchtarten;FRUART01111D;Dinkel;-;ha;FLC016;Anbaufläche
41241;Ernte-u.Betriebsbericht: Feldfrüchte und Grünland;JAHR;Jahr;2023;DINSG;Deutschland insgesamt;DG;Deutschland;FRUA04;Fruchtarten;FRUART062;Luzerne;-;t;ERN001;Erntemenge
41241;Ernte-u.Betriebsbericht: Feldfrüchte und Grünland;JAHR;Jahr;2023;DINSG;Deutschland insgesamt;DG;Deutschland;FRUA04;Fruchtarten;FRUART062;Luzerne;-;dt/ha;ERT001;Ertrag je Hektar
41241;Ernte-u.Betriebsbericht: Feldfrüchte und Grünland;JAHR;Jahr;2023;DINSG;Deutschland insgesamt;DG;Deutschland;FRUA04;Fruchtarten;FRUART062;Luzerne;-;ha;FLC016;Anbaufläche
41241;Ernte-u.Betriebsbericht: Feldfrüchte und Grünland;JAHR;Jahr;2016;DINSG;Deutschland insgesamt;DG;Deutschland;FRUA04;Fruchtarten;FRUART05112;Sommerraps, Winter- und Sommerrübsen;5900;t;ERN001;Erntemenge
41241;Ernte-u.Betriebsbericht: Feldfrüchte und Grünland;JAHR;Jahr;2016;DINSG;Deutschland insgesamt;DG;Deutschland;FRUA04;Fruchtarten;FRUART05112;Sommerraps, Winter- und Sommerrübsen;19,9;dt/ha;ERT001;Ertrag je Hektar
41241;Ernte-u.Betriebsbericht: Feldfrüchte und Grünland;JAHR;Jahr;2016;DINSG;Deutschland insgesamt;DG;Deutschland;FRUA04;Fruchtarten;FRUART05112;Sommerraps, Winter- und Sommerrübsen;3000;ha;FLC016;Anbaufläche
41241;Ernte-u.Betriebsbericht: Feldfrüchte und Grünland;JAHR;Jahr;2022;DINSG;Deutschland insgesamt;DG;Deutschland;FRUA04;Fruchtarten;FRUART0631;Feldgras/Grasanbau auf dem Ackerland (inkl.Misch.);1982600;t;ERN001;Erntemenge
41241;Ernte-u.Betriebsbericht: Feldfrüchte und Grünland;JAHR;Jahr;2022;DINSG;Deutschland insgesamt;DG;Deutschland;FRUA04;Fruchtarten;FRUART0631;Feldgras/Grasanbau auf dem Ackerland (inkl.Misch.);66,5;dt/ha;ERT001;Ertrag je Hektar
41241;Ernte-u.Betriebsbericht: Feldfrüchte und Grünland;JAHR;Jahr;2022;DINSG;Deutschland insgesamt;DG;Deutschland;FRUA04;Fruchtarten;FRUART0631;Feldgras/Grasanbau auf dem Ackerland (inkl.Misch.);298300;ha;FLC016;Anbaufläche
41241;Ernte-u.Betriebsbericht: Feldfrüchte und Grünland;JAHR;Jahr;2018;DINSG;Deutschland insgesamt;DG;Deutschland;FRUA04;Fruchtarten;FRUART0121;Gerste;9583600;t;ERN001;Erntemenge
41241;Ernte-u.Betriebsbericht: Feldfrüchte und Grünland;JAHR;Jahr;2018;DINSG;Deutschland insgesamt;DG;Deutschland;FRUA04;Fruchtarten;FRUART0121;Gerste;57,7;dt/ha;ERT001;Ertrag je Hektar
41241;Ernte-u.Betriebsbericht: Feldfrüchte und Grünland;JAHR;Jahr;2018;DINSG;Deutschland insgesamt;DG;Deutschland;FRUA04;Fruchtarten;FRUART0121;Gerste;1662000;ha;FLC016;Anbaufläche
41241;Ernte-u.Betriebsbericht: Feldfrüchte und Grünland;JAHR;Jahr;2010;DINSG;Deutschland insgesamt;DG;Deutschland;FRUA04;Fruchtarten;FRUART013CCM1;Körnermais/Mais zum Ausreifen (einschl. CCM);4211501;t;ERN001;Erntemenge
41241;Ernte-u.Betriebsbericht: Feldfrüchte und Grünland;JAHR;Jahr;2010;DINSG;Deutschland insgesamt;DG;Deutschland;FRUA04;Fruchtarten;FRUART013CCM1;Körnermais/Mais zum Ausreifen (einschl. CCM);90,9;dt/ha;ERT001;Ertrag je Hektar
41241;Ernte-u.Betriebsbericht: Feldfrüchte und Grünland;JAHR;Jahr;2010;DINSG;Deutschland insgesamt;DG;Deutschland;FRUA04;Fruchtarten;FRUART013CCM1;Körnermais/Mais zum Ausreifen (einschl. CCM);466591;ha;FLC016;Anbaufläche
41241;Ernte-u.Betriebsbericht: Feldfrüchte und Grünland;JAHR;Jahr;2018;DINSG;Deutschland insgesamt;DG;Deutschland;FRUA04;Fruchtarten;FRUART025;Sojabohnen;58700;t;ERN001;Erntemenge
41241;Ernte-u.Betriebsbericht: Feldfrüchte und Grünland;JAHR;Jahr;2018;DINSG;Deutschland insgesamt;DG;Deutschland;FRUA04;Fruchtarten;FRUART025;Sojabohnen;24,4;dt/ha;ERT001;Ertrag je Hektar
41241;Ernte-u.Betriebsbericht: Feldfrüchte und Grünland;JAHR;Jahr;2018;DINSG;Deutschland insgesamt;DG;Deutschland;FRUA04;Fruchtarten;FRUART025;Sojabohnen;24100;ha;FLC016;Anbaufläche
41241;Ernte-u.Betriebsbericht: Feldfrüchte und Grünland;JAHR;Jahr;2012;DINSG;Deutschland insgesamt;DG;Deutschland;FRUA04;Fruchtarten;FRUART032;Zuckerrüben;27686800;t;ERN001;Erntemenge
41241;Ernte-u.Betriebsbericht: Feldfrüchte und Grünland;JAHR;Jahr;2012;DINSG;Deutschland insgesamt;DG;Deutschland;FRUA04;Fruchtarten;FRUART032;Zuckerrüben;688,5;dt/ha;ERT001;Ertrag je Hektar
41241;Ernte-u.Betriebsbericht: Feldfrüchte und Grünland;JAHR;Jahr;2012;DINSG;Deutschland insgesamt;DG;Deutschland;FRUA04;Fruchtarten;FRUART032;Zuckerrüben;402100;ha;FLC016;Anbaufläche
41241;Ernte-u.Betriebsbericht: Feldfrüchte und Grünland;JAHR;Jahr;2015;DINSG;Deutschland insgesamt;DG;Deutschland;FRUA04;Fruchtarten;FRUART024OF;Erbsen (ohne Frischerbsen);276800;t;ERN001;Erntemenge
41241;Ernte-u.Betriebsbericht: Feldfrüchte und Grünland;JAHR;Jahr;2015;DINSG;Deutschland insgesamt;DG;Deutschland;FRUA04;Fruchtarten;FRUART024OF;Erbsen (ohne Frischerbsen);35,0;dt/ha;ERT001;Ertrag je Hektar
41241;Ernte-u.Betriebsbericht: Feldfrüchte und Grünland;JAHR;Jahr;2015;DINSG;Deutschland insgesamt;DG;Deutschland;FRUA04;Fruchtarten;FRUART024OF;Erbsen (ohne Frischerbsen);79100;ha;FLC016;Anbaufläche
41241;Ernte-u.Betriebsbericht: Feldfrüchte und Grünland;JAHR;Jahr;2019;DINSG;Deutschland insgesamt;DG;Deutschland;FRUA04;Fruchtarten;FRUART032;Zuckerrüben;29728300;t;ERN001;Erntemenge
41241;Ernte-u.Betriebsbericht: Feldfrüchte und Grünland;JAHR;Jahr;2019;DINSG;Deutschland insgesamt;DG;Deutschland;FRUA04;Fruchtarten;FRUART032;Zuckerrüben;727,4;dt/ha;ERT001;Ertrag je Hektar
41241;Ernte-u.Betriebsbericht: Feldfrüchte und Grünland;JAHR;Jahr;2019;DINSG;Deutschland insgesamt;DG;Deutschland;FRUA04;Fruchtarten;FRUART032;Zuckerrüben;408700;ha;FLC016;Anbaufläche
41241;Ernte-u.Betriebsbericht: Feldfrüchte und Grünland;JAHR;Jahr;2011;DINSG;Deutschland insgesamt;DG;Deutschland;FRUA04;Fruchtarten;FRUART025;Sojabohnen;.;t;ERN001;Erntemenge
41241;Ernte-u.Betriebsbericht: Feldfrüchte und Grünland;JAHR;Jahr;2011;DINSG;Deutschland insgesamt;DG;Deutschland;FRUA04;Fruchtarten;FRUART025;Sojabohnen;.;dt/ha;ERT001;Ertrag je Hektar
41241;Ernte-u.Betriebsbericht: Feldfrüchte und Grünland;JAHR;Jahr;2011;DINSG;Deutschland insgesamt;DG;Deutschland;FRUA04;Fruchtarten;FRUART025;Sojabohnen;.;ha;FLC016;Anbaufläche
41241;Ernte-u.Betriebsbericht: Feldfrüchte und Grünland;JAHR;Jahr;2018;DINSG;Deutschland insgesamt;DG;Deutschland;FRUA04;Fruchtarten;FRUART024OF;Erbsen (ohne Frischerbsen);197100;t;ERN001;Erntemenge
41241;Ernte-u.Betriebsbericht: Feldfrüchte und Grünland;JAHR;Jahr;2018;DINSG;Deutschland insgesamt;DG;Deutschland;FRUA04;Fruchtarten;FRUART024OF;Erbsen (ohne Frischerbsen);27,9;dt/ha;ERT001;Ertrag je Hektar
41241;Ernte-u.Betriebsbericht: Feldfrüchte und Grünland;JAHR;Jahr;2018;DINSG;Deutschland insgesamt;DG;Deutschland;FRUA04;Fruchtarten;FRUART024OF;Erbsen (ohne Frischerbsen);70700;ha;FLC016;Anbaufläche
41241;Ernte-u.Betriebsbericht: Feldfrüchte und Grünland;JAHR;Jahr;2022;DINSG;Deutschland insgesamt;DG;Deutschland;FRUA04;Fruchtarten;FRUART0124;Triticale;1929700;t;ERN001;Erntemenge
41241;Ernte-u.Betriebsbericht: Feldfrüchte und Grünland;JAHR;Jahr;2022;DINSG;Deutschland insgesamt;DG;Deutschland;FRUA04;Fruchtarten;FRUART0124;Triticale;59,5;dt/ha;ERT001;Ertrag je Hektar
41241;Ernte-u.Betriebsbericht: Feldfrüchte und Grünland;JAHR;Jahr;2022;DINSG;Deutschland insgesamt;DG;Deutschland;FRUA04;Fruchtarten;FRUART0124;Triticale;324400;ha;FLC016;Anbaufläche
41241;Ernte-u.Betriebsbericht: Feldfrüchte und Grünland;JAHR;Jahr;2012;DINSG;Deutschland insgesamt;DG;Deutschland;FRUA04;Fruchtarten;FRUART01EKM1;Getreide zur Körnergew. (einschl. Körnermais, CCM);45396600;t;ERN001;Erntemenge
41241;Ernte-u.Betriebsbericht: Feldfrüchte und Grünland;JAHR;Jahr;2012;DINSG;Deutschland insgesamt;DG;Deutschland;FRUA04;Fruchtarten;FRUART01EKM1;Getreide zur Körnergew. (einschl. Körnermais, CCM);69,7;dt/ha;ERT001;Ertrag je Hektar
41241;Ernte-u.Betriebsbericht: Feldfrüchte und Grünland;JAHR;Jahr;2012;DINSG;Deutschland insgesamt;DG;Deutschland;FRUA04;Fruchtarten;FRUART01EKM1;Getreide zur Körnergew. (einschl. Körnermais, CCM);6517900;ha;FLC016;Anbaufläche
41241;Ernte-u.Betriebsbericht: Feldfrüchte und Grünland;JAHR;Jahr;2024;DINSG;Deutschland insgesamt;DG;Deutschland;FRUA04;Fruchtarten;FRUART02LG;Leguminosen zur Ganzpflanzenernte (z.B. Klee);3059300;t;ERN001;Erntemenge
41241;Ernte-u.Betriebsbericht: Feldfrüchte und Grünland;JAHR;Jahr;2024;DINSG;Deutschland insgesamt;DG;Deutschland;FRUA04;Fruchtarten;FRUART02LG;Leguminosen zur Ganzpflanzenernte (z.B. Klee);79,0;dt/ha;ERT001;Ertrag je Hektar
41241;Ernte-u.Betriebsbericht: Feldfrüchte und Grünland;JAHR;Jahr;2024;DINSG;Deutschland insgesamt;DG;Deutschland;FRUA04;Fruchtarten;FRUART02LG;Leguminosen zur Ganzpflanzenernte (z.B. Klee);387400;ha;FLC016;Anbaufläche
41241;Ernte-u.Betriebsbericht: Feldfrüchte und Grünland;JAHR;Jahr;2024;DINSG;Deutschland insgesamt;DG;Deutschland;FRUA04;Fruchtarten;FRUART01111DE;Winterweizen (einschließlich Dinkel und Einkorn);17785000;t;ERN001;Erntemenge
41241;Ernte-u.Betriebsbericht: Feldfrüchte und Grünland;JAHR;Jahr;2024;DINSG;Deutschland insgesamt;DG;Deutschland;FRUA04;Fruchtarten;FRUART01111DE;Winterweizen (einschließlich Dinkel und Einkorn);71,7;dt/ha;ERT001;Ertrag je Hektar
41241;Ernte-u.Betriebsbericht: Feldfrüchte und Grünland;JAHR;Jahr;2024;DINSG;Deutschland insgesamt;DG;Deutschland;FRUA04;Fruchtarten;FRUART01111DE;Winterweizen (einschließlich Dinkel und Einkorn);2482000;ha;FLC016;Anbaufläche
41241;Ernte-u.Betriebsbericht: Feldfrüchte und Grünland;JAHR;Jahr;2014;DINSG;Deutschland insgesamt;DG;Deutschland;FRUA04;Fruchtarten;FRUART0511;Raps und Rübsen;6247400;t;ERN001;Erntemenge
41241;Ernte-u.Betriebsbericht: Feldfrüchte und Grünland;JAHR;Jahr;2014;DINSG;Deutschland insgesamt;DG;Deutschland;FRUA04;Fruchtarten;FRUART0511;Raps und Rübsen;44,8;dt/ha;ERT001;Ertrag je Hektar
41241;Ernte-u.Betriebsbericht: Feldfrüchte und Grünland;JAHR;Jahr;2014;DINSG;Deutschland insgesamt;DG;Deutschland;FRUA04;Fruchtarten;FRUART0511;Raps und Rübsen;1394200;ha;FLC016;Anbaufläche
41241;Ernte-u.Betriebsbericht: Feldfrüchte und Grünland;JAHR;Jahr;2010;DINSG;Deutschland insgesamt;DG;Deutschland;FRUA04;Fruchtarten;FRUART082;Weiden (einschließlich Mähweiden und Almen);16023644;t;ERN001;Erntemenge
41241;Ernte-u.Betriebsbericht: Feldfrüchte und Grünland;JAHR;Jahr;2010;DINSG;Deutschland insgesamt;DG;Deutschland;FRUA04;Fruchtarten;FRUART082;Weiden (einschließlich Mähweiden und Almen);63,0;dt/ha;ERT001;Ertrag je Hektar
41241;Ernte-u.Betriebsbericht: Feldfrüchte und Grünland;JAHR;Jahr;2010;DINSG;Deutschland insgesamt;DG;Deutschland;FRUA04;Fruchtarten;FRUART082;Weiden (einschließlich Mähweiden und Almen);2544741;ha;FLC016;Anbaufläche
41241;Ernte-u.Betriebsbericht: Feldfrüchte und Grünland;JAHR;Jahr;2026;DINSG;Deutschland insgesamt;DG;Deutschland;FRUA04;Fruchtarten;FRUART065;Raufutter;...;t;ERN001;Erntemenge
41241;Ernte-u.Betriebsbericht: Feldfrüchte und Grünland;JAHR;Jahr;2026;DINSG;Deutschland insgesamt;DG;Deutschland;FRUA04;Fruchtarten;FRUART065;Raufutter;...;dt/ha;ERT001;Ertrag je Hektar
41241;Ernte-u.Betriebsbericht: Feldfrüchte und Grünland;JAHR;Jahr;2026;DINSG;Deutschland insgesamt;DG;Deutschland;FRUA04;Fruchtarten;FRUART065;Raufutter;5127700;ha;FLC016;Anbaufläche
41241;Ernte-u.Betriebsbericht: Feldfrüchte und Grünland;JAHR;Jahr;2024;DINSG;Deutschland insgesamt;DG;Deutschland;FRUA04;Fruchtarten;FRUART081;Wiesen (Schnittnutzung);14255600;t;ERN001;Erntemenge
41241;Ernte-u.Betriebsbericht: Feldfrüchte und Grünland;JAHR;Jahr;2024;DINSG;Deutschland insgesamt;DG;Deutschland;FRUA04;Fruchtarten;FRUART081;Wiesen (Schnittnutzung);70,4;dt/ha;ERT001;Ertrag je Hektar
41241;Ernte-u.Betriebsbericht: Feldfrüchte und Grünland;JAHR;Jahr;2024;DINSG;Deutschland insgesamt;DG;Deutschland;FRUA04;Fruchtarten;FRUART081;Wiesen (Schnittnutzung);2024700;ha;FLC016;Anbaufläche
41241;Ernte-u.Betriebsbericht: Feldfrüchte und Grünland;JAHR;Jahr;2020;DINSG;Deutschland insgesamt;DG;Deutschland;FRUA04;Fruchtarten;FRUART01EKM1;Getreide zur Körnergew. (einschl. Körnermais, CCM);43265000;t;ERN001;Erntemenge
41241;Ernte-u.Betriebsbericht: Feldfrüchte und Grünland;JAHR;Jahr;2020;DINSG;Deutschland insgesamt;DG;Deutschland;FRUA04;Fruchtarten;FRUART01EKM1;Getreide zur Körnergew. (einschl. Körnermais, CCM);71,3;dt/ha;ERT001;Ertrag je Hektar
41241;Ernte-u.Betriebsbericht: Feldfrüchte und Grünland;JAHR;Jahr;2020;DINSG;Deutschland insgesamt;DG;Deutschland;FRUA04;Fruchtarten;FRUART01EKM1;Getreide zur Körnergew. (einschl. Körnermais, CCM);6065100;ha;FLC016;Anbaufläche
41241;Ernte-u.Betriebsbericht: Feldfrüchte und Grünland;JAHR;Jahr;2023;DINSG;Deutschland insgesamt;DG;Deutschland;FRUA04;Fruchtarten;FRUART031;Kartoffeln;11607300;t;ERN001;Erntemenge
41241;Ernte-u.Betriebsbericht: Feldfrüchte und Grünland;JAHR;Jahr;2023;DINSG;Deutschland insgesamt;DG;Deutschland;FRUA04;Fruchtarten;FRUART031;Kartoffeln;438,5;dt/ha;ERT001;Ertrag je Hektar
41241;Ernte-u.Betriebsbericht: Feldfrüchte und Grünland;JAHR;Jahr;2023;DINSG;Deutschland insgesamt;DG;Deutschland;FRUA04;Fruchtarten;FRUART031;Kartoffeln;264700;ha;FLC016;Anbaufläche
41241;Ernte-u.Betriebsbericht: Feldfrüchte und Grünland;JAHR;Jahr;2019;DINSG;Deutschland insgesamt;DG;Deutschland;FRUA04;Fruchtarten;FRUART0123;Sommermenggetreide;31700;t;ERN001;Erntemenge
41241;Ernte-u.Betriebsbericht: Feldfrüchte und Grünland;JAHR;Jahr;2019;DINSG;Deutschland insgesamt;DG;Deutschland;FRUA04;Fruchtarten;FRUART0123;Sommermenggetreide;35,8;dt/ha;ERT001;Ertrag je Hektar
41241;Ernte-u.Betriebsbericht: Feldfrüchte und Grünland;JAHR;Jahr;2019;DINSG;Deutschland insgesamt;DG;Deutschland;FRUA04;Fruchtarten;FRUART0123;Sommermenggetreide;8900;ha;FLC016;Anbaufläche
41241;Ernte-u.Betriebsbericht: Feldfrüchte und Grünland;JAHR;Jahr;2024;DINSG;Deutschland insgesamt;DG;Deutschland;FRUA04;Fruchtarten;FRUART05112;Sommerraps, Winter- und Sommerrübsen;4500;t;ERN001;Erntemenge
41241;Ernte-u.Betriebsbericht: Feldfrüchte und Grünland;JAHR;Jahr;2024;DINSG;Deutschland insgesamt;DG;Deutschland;FRUA04;Fruchtarten;FRUART05112;Sommerraps, Winter- und Sommerrübsen;16,9;dt/ha;ERT001;Ertrag je Hektar
41241;Ernte-u.Betriebsbericht: Feldfrüchte und Grünland;JAHR;Jahr;2024;DINSG;Deutschland insgesamt;DG;Deutschland;FRUA04;Fruchtarten;FRUART05112;Sommerraps, Winter- und Sommerrübsen;2600;ha;FLC016;Anbaufläche
41241;Ernte-u.Betriebsbericht: Feldfrüchte und Grünland;JAHR;Jahr;2015;DINSG;Deutschland insgesamt;DG;Deutschland;FRUA04;Fruchtarten;FRUART01111E;Winterweizen (einschließlich Einkorn);-;t;ERN001;Erntemenge
41241;Ernte-u.Betriebsbericht: Feldfrüchte und Grünland;JAHR;Jahr;2015;DINSG;Deutschland insgesamt;DG;Deutschland;FRUA04;Fruchtarten;FRUART01111E;Winterweizen (einschließlich Einkorn);-;dt/ha;ERT001;Ertrag je Hektar
41241;Ernte-u.Betriebsbericht: Feldfrüchte und Grünland;JAHR;Jahr;2015;DINSG;Deutschland insgesamt;DG;Deutschland;FRUA04;Fruchtarten;FRUART01111E;Winterweizen (einschließlich Einkorn);-;ha;FLC016;Anbaufläche
41241;Ernte-u.Betriebsbericht: Feldfrüchte und Grünland;JAHR;Jahr;2025;DINSG;Deutschland insgesamt;DG;Deutschland;FRUA04;Fruchtarten;FRUART0123;Sommermenggetreide;23700;t;ERN001;Erntemenge
41241;Ernte-u.Betriebsbericht: Feldfrüchte und Grünland;JAHR;Jahr;2025;DINSG;Deutschland insgesamt;DG;Deutschland;FRUA04;Fruchtarten;FRUART0123;Sommermenggetreide;32,4;dt/ha;ERT001;Ertrag je Hektar
41241;Ernte-u.Betriebsbericht: Feldfrüchte und Grünland;JAHR;Jahr;2025;DINSG;Deutschland insgesamt;DG;Deutschland;FRUA04;Fruchtarten;FRUART0123;Sommermenggetreide;7300;ha;FLC016;Anbaufläche
41241;Ernte-u.Betriebsbericht: Feldfrüchte und Grünland;JAHR;Jahr;2012;DINSG;Deutschland insgesamt;DG;Deutschland;FRUA04;Fruchtarten;FRUART0124;Triticale;2294800;t;ERN001;Erntemenge
41241;Ernte-u.Betriebsbericht: Feldfrüchte und Grünland;JAHR;Jahr;2012;DINSG;Deutschland insgesamt;DG;Deutschland;FRUA04;Fruchtarten;FRUART0124;Triticale;61,8;dt/ha;ERT001;Ertrag je Hektar
41241;Ernte-u.Betriebsbericht: Feldfrüchte und Grünland;JAHR;Jahr;2012;DINSG;Deutschland insgesamt;DG;Deutschland;FRUA04;Fruchtarten;FRUART0124;Triticale;371400;ha;FLC016;Anbaufläche
41241;Ernte-u.Betriebsbericht: Feldfrüchte und Grünland;JAHR;Jahr;2013;DINSG;Deutschland insgesamt;DG;Deutschland;FRUA04;Fruchtarten;FRUART081;Wiesen (Schnittnutzung);11434800;t;ERN001;Erntemenge
41241;Ernte-u.Betriebsbericht: Feldfrüchte und Grünland;JAHR;Jahr;2013;DINSG;Deutschland insgesamt;DG;Deutschland;FRUA04;Fruchtarten;FRUART081;Wiesen (Schnittnutzung);62,6;dt/ha;ERT001;Ertrag je Hektar
41241;Ernte-u.Betriebsbericht: Feldfrüchte und Grünland;JAHR;Jahr;2013;DINSG;Deutschland insgesamt;DG;Deutschland;FRUA04;Fruchtarten;FRUART081;Wiesen (Schnittnutzung);1826800;ha;FLC016;Anbaufläche
41241;Ernte-u.Betriebsbericht: Feldfrüchte und Grünland;JAHR;Jahr;2012;DINSG;Deutschland insgesamt;DG;Deutschland;FRUA04;Fruchtarten;FRUART05112;Sommerraps, Winter- und Sommerrübsen;14600;t;ERN001;Erntemenge
41241;Ernte-u.Betriebsbericht: Feldfrüchte und Grünland;JAHR;Jahr;2012;DINSG;Deutschland insgesamt;DG;Deutschland;FRUA04;Fruchtarten;FRUART05112;Sommerraps, Winter- und Sommerrübsen;21,7;dt/ha;ERT001;Ertrag je Hektar
41241;Ernte-u.Betriebsbericht: Feldfrüchte und Grünland;JAHR;Jahr;2012;DINSG;Deutschland insgesamt;DG;Deutschland;FRUA04;Fruchtarten;FRUART05112;Sommerraps, Winter- und Sommerrübsen;6700;ha;FLC016;Anbaufläche
41241;Ernte-u.Betriebsbericht: Feldfrüchte und Grünland;JAHR;Jahr;2021;DINSG;Deutschland insgesamt;DG;Deutschland;FRUA04;Fruchtarten;FRUART0122;Hafer;766500;t;ERN001;Erntemenge
41241;Ernte-u.Betriebsbericht: Feldfrüchte und Grünland;JAHR;Jahr;2021;DINSG;Deutschland insgesamt;DG;Deutschland;FRUA04;Fruchtarten;FRUART0122;Hafer;43,2;dt/ha;ERT001;Ertrag je Hektar
41241;Ernte-u.Betriebsbericht: Feldfrüchte und Grünland;JAHR;Jahr;2021;DINSG;Deutschland insgesamt;DG;Deutschland;FRUA04;Fruchtarten;FRUART0122;Hafer;177300;ha;FLC016;Anbaufläche
41241;Ernte-u.Betriebsbericht: Feldfrüchte und Grünland;JAHR;Jahr;2015;DINSG;Deutschland insgesamt;DG;Deutschland;FRUA04;Fruchtarten;FRUART065;Raufutter;31984500;t;ERN001;Erntemenge
41241;Ernte-u.Betriebsbericht: Feldfrüchte und Grünland;JAHR;Jahr;2015;DINSG;Deutschland insgesamt;DG;Deutschland;FRUA04;Fruchtarten;FRUART065;Raufutter;63,7;dt/ha;ERT001;Ertrag je Hektar
41241;Ernte-u.Betriebsbericht: Feldfrüchte und Grünland;JAHR;Jahr;2015;DINSG;Deutschland insgesamt;DG;Deutschland;FRUA04;Fruchtarten;FRUART065;Raufutter;5021200;ha;FLC016;Anbaufläche
41241;Ernte-u.Betriebsbericht: Feldfrüchte und Grünland;JAHR;Jahr;2020;DINSG;Deutschland insgesamt;DG;Deutschland;FRUA04;Fruchtarten;FRUART05112;Sommerraps, Winter- und Sommerrübsen;5100;t;ERN001;Erntemenge
41241;Ernte-u.Betriebsbericht: Feldfrüchte und Grünland;JAHR;Jahr;2020;DINSG;Deutschland insgesamt;DG;Deutschland;FRUA04;Fruchtarten;FRUART05112;Sommerraps, Winter- und Sommerrübsen;15,3;dt/ha;ERT001;Ertrag je Hektar
41241;Ernte-u.Betriebsbericht: Feldfrüchte und Grünland;JAHR;Jahr;2020;DINSG;Deutschland insgesamt;DG;Deutschland;FRUA04;Fruchtarten;FRUART05112;Sommerraps, Winter- und Sommerrübsen;3300;ha;FLC016;Anbaufläche
41241;Ernte-u.Betriebsbericht: Feldfrüchte und Grünland;JAHR;Jahr;2015;DINSG;Deutschland insgesamt;DG;Deutschland;FRUA04;Fruchtarten;FRUART0122;Hafer;566300;t;ERN001;Erntemenge
41241;Ernte-u.Betriebsbericht: Feldfrüchte und Grünland;JAHR;Jahr;2015;DINSG;Deutschland insgesamt;DG;Deutschland;FRUA04;Fruchtarten;FRUART0122;Hafer;45,1;dt/ha;ERT001;Ertrag je Hektar
41241;Ernte-u.Betriebsbericht: Feldfrüchte und Grünland;JAHR;Jahr;2015;DINSG;Deutschland insgesamt;DG;Deutschland;FRUA04;Fruchtarten;FRUART0122;Hafer;125700;ha;FLC016;Anbaufläche
41241;Ernte-u.Betriebsbericht: Feldfrüchte und Grünland;JAHR;Jahr;2017;DINSG;Deutschland insgesamt;DG;Deutschland;FRUA04;Fruchtarten;FRUART01111E;Winterweizen (einschließlich Einkorn);-;t;ERN001;Erntemenge
41241;Ernte-u.Betriebsbericht: Feldfrüchte und Grünland;JAHR;Jahr;2017;DINSG;Deutschland insgesamt;DG;Deutschland;FRUA04;Fruchtarten;FRUART01111E;Winterweizen (einschließlich Einkorn);-;dt/ha;ERT001;Ertrag je Hektar
41241;Ernte-u.Betriebsbericht: Feldfrüchte und Grünland;JAHR;Jahr;2017;DINSG;Deutschland insgesamt;DG;Deutschland;FRUA04;Fruchtarten;FRUART01111E;Winterweizen (einschließlich Einkorn);-;ha;FLC016;Anbaufläche
41241;Ernte-u.Betriebsbericht: Feldfrüchte und Grünland;JAHR;Jahr;2013;DINSG;Deutschland insgesamt;DG;Deutschland;FRUA04;Fruchtarten;FRUART01G;Getreide zur Ganzpflanzenernte;1616500;t;ERN001;Erntemenge
41241;Ernte-u.Betriebsbericht: Feldfrüchte und Grünland;JAHR;Jahr;2013;DINSG;Deutschland insgesamt;DG;Deutschland;FRUA04;Fruchtarten;FRUART01G;Getreide zur Ganzpflanzenernte;239,7;dt/ha;ERT001;Ertrag je Hektar
41241;Ernte-u.Betriebsbericht: Feldfrüchte und Grünland;JAHR;Jahr;2013;DINSG;Deutschland insgesamt;DG;Deutschland;FRUA04;Fruchtarten;FRUART01G;Getreide zur Ganzpflanzenernte;67400;ha;FLC016;Anbaufläche
41241;Ernte-u.Betriebsbericht: Feldfrüchte und Grünland;JAHR;Jahr;2014;DINSG;Deutschland insgesamt;DG;Deutschland;FRUA04;Fruchtarten;FRUART01OKM1;Getreide zur Körnergew. (ohne Körnermais, CCM);46868300;t;ERN001;Erntemenge
41241;Ernte-u.Betriebsbericht: Feldfrüchte und Grünland;JAHR;Jahr;2014;DINSG;Deutschland insgesamt;DG;Deutschland;FRUA04;Fruchtarten;FRUART01OKM1;Getreide zur Körnergew. (ohne Körnermais, CCM);78,4;dt/ha;ERT001;Ertrag je Hektar
41241;Ernte-u.Betriebsbericht: Feldfrüchte und Grünland;JAHR;Jahr;2014;DINSG;Deutschland insgesamt;DG;Deutschland;FRUA04;Fruchtarten;FRUART01OKM1;Getreide zur Körnergew. (ohne Körnermais, CCM);5979300;ha;FLC016;Anbaufläche
41241;Ernte-u.Betriebsbericht: Feldfrüchte und Grünland;JAHR;Jahr;2021;DINSG;Deutschland insgesamt;DG;Deutschland;FRUA04;Fruchtarten;FRUART01111D;Dinkel;-;t;ERN001;Erntemenge
41241;Ernte-u.Betriebsbericht: Feldfrüchte und Grünland;JAHR;Jahr;2021;DINSG;Deutschland insgesamt;DG;Deutschland;FRUA04;Fruchtarten;FRUART01111D;Dinkel;-;dt/ha;ERT001;Ertrag je Hektar
41241;Ernte-u.Betriebsbericht: Feldfrüchte und Grünland;JAHR;Jahr;2021;DINSG;Deutschland insgesamt;DG;Deutschland;FRUA04;Fruchtarten;FRUART01111D;Dinkel;-;ha;FLC016;Anbaufläche
41241;Ernte-u.Betriebsbericht: Feldfrüchte und Grünland;JAHR;Jahr;2021;DINSG;Deutschland insgesamt;DG;Deutschland;FRUA04;Fruchtarten;FRUART081;Wiesen (Schnittnutzung);13404400;t;ERN001;Erntemenge
41241;Ernte-u.Betriebsbericht: Feldfrüchte und Grünland;JAHR;Jahr;2021;DINSG;Deutschland insgesamt;DG;Deutschland;FRUA04;Fruchtarten;FRUART081;Wiesen (Schnittnutzung);69,7;dt/ha;ERT001;Ertrag je Hektar
41241;Ernte-u.Betriebsbericht: Feldfrüchte und Grünland;JAHR;Jahr;2021;DINSG;Deutschland insgesamt;DG;Deutschland;FRUA04;Fruchtarten;FRUART081;Wiesen (Schnittnutzung);1922300;ha;FLC016;Anbaufläche
41241;Ernte-u.Betriebsbericht: Feldfrüchte und Grünland;JAHR;Jahr;2021;DINSG;Deutschland insgesamt;DG;Deutschland;FRUA04;Fruchtarten;FRUART01G;Getreide zur Ganzpflanzenernte;3276300;t;ERN001;Erntemenge
41241;Ernte-u.Betriebsbericht: Feldfrüchte und Grünland;JAHR;Jahr;2021;DINSG;Deutschland insgesamt;DG;Deutschland;FRUA04;Fruchtarten;FRUART01G;Getreide zur Ganzpflanzenernte;304,1;dt/ha;ERT001;Ertrag je Hektar
41241;Ernte-u.Betriebsbericht: Feldfrüchte und Grünland;JAHR;Jahr;2021;DINSG;Deutschland insgesamt;DG;Deutschland;FRUA04;Fruchtarten;FRUART01G;Getreide zur Ganzpflanzenernte;107700;ha;FLC016;Anbaufläche
41241;Ernte-u.Betriebsbericht: Feldfrüchte und Grünland;JAHR;Jahr;2011;DINSG;Deutschland insgesamt;DG;Deutschland;FRUA04;Fruchtarten;FRUART022;Ackerbohnen;61400;t;ERN001;Erntemenge
41241;Ernte-u.Betriebsbericht: Feldfrüchte und Grünland;JAHR;Jahr;2011;DINSG;Deutschland insgesamt;DG;Deutschland;FRUA04;Fruchtarten;FRUART022;Ackerbohnen;35,6;dt/ha;ERT001;Ertrag je Hektar
41241;Ernte-u.Betriebsbericht: Feldfrüchte und Grünland;JAHR;Jahr;2011;DINSG;Deutschland insgesamt;DG;Deutschland;FRUA04;Fruchtarten;FRUART022;Ackerbohnen;17300;ha;FLC016;Anbaufläche
41241;Ernte-u.Betriebsbericht: Feldfrüchte und Grünland;JAHR;Jahr;2018;DINSG;Deutschland insgesamt;DG;Deutschland;FRUA04;Fruchtarten;FRUART0515;Sonnenblumen;35500;t;ERN001;Erntemenge
41241;Ernte-u.Betriebsbericht: Feldfrüchte und Grünland;JAHR;Jahr;2018;DINSG;Deutschland insgesamt;DG;Deutschland;FRUA04;Fruchtarten;FRUART0515;Sonnenblumen;18,2;dt/ha;ERT001;Ertrag je Hektar
41241;Ernte-u.Betriebsbericht: Feldfrüchte und Grünland;JAHR;Jahr;2018;DINSG;Deutschland insgesamt;DG;Deutschland;FRUA04;Fruchtarten;FRUART0515;Sonnenblumen;19500;ha;FLC016;Anbaufläche
41241;Ernte-u.Betriebsbericht: Feldfrüchte und Grünland;JAHR;Jahr;2026;DINSG;Deutschland insgesamt;DG;Deutschland;FRUA04;Fruchtarten;FRUART0631;Feldgras/Grasanbau auf dem Ackerland (inkl.Misch.);...;t;ERN001;Erntemenge
41241;Ernte-u.Betriebsbericht: Feldfrüchte und Grünland;JAHR;Jahr;2026;DINSG;Deutschland insgesamt;DG;Deutschland;FRUA04;Fruchtarten;FRUART0631;Feldgras/Grasanbau auf dem Ackerland (inkl.Misch.);...;dt/ha;ERT001;Ertrag je Hektar
41241;Ernte-u.Betriebsbericht: Feldfrüchte und Grünland;JAHR;Jahr;2026;DINSG;Deutschland insgesamt;DG;Deutschland;FRUA04;Fruchtarten;FRUART0631;Feldgras/Grasanbau auf dem Ackerland (inkl.Misch.);293600;ha;FLC016;Anbaufläche
41241;Ernte-u.Betriebsbericht: Feldfrüchte und Grünland;JAHR;Jahr;2015;DINSG;Deutschland insgesamt;DG;Deutschland;FRUA04;Fruchtarten;FRUART02LG;Leguminosen zur Ganzpflanzenernte (z.B. Klee);1728100;t;ERN001;Erntemenge
41241;Ernte-u.Betriebsbericht: Feldfrüchte und Grünland;JAHR;Jahr;2015;DINSG;Deutschland insgesamt;DG;Deutschland;FRUA04;Fruchtarten;FRUART02LG;Leguminosen zur Ganzpflanzenernte (z.B. Klee);66,9;dt/ha;ERT001;Ertrag je Hektar
41241;Ernte-u.Betriebsbericht: Feldfrüchte und Grünland;JAHR;Jahr;2015;DINSG;Deutschland insgesamt;DG;Deutschland;FRUA04;Fruchtarten;FRUART02LG;Leguminosen zur Ganzpflanzenernte (z.B. Klee);258400;ha;FLC016;Anbaufläche
41241;Ernte-u.Betriebsbericht: Feldfrüchte und Grünland;JAHR;Jahr;2020;DINSG;Deutschland insgesamt;DG;Deutschland;FRUA04;Fruchtarten;FRUART01111DE;Winterweizen (einschließlich Dinkel und Einkorn);21751600;t;ERN001;Erntemenge
41241;Ernte-u.Betriebsbericht: Feldfrüchte und Grünland;JAHR;Jahr;2020;DINSG;Deutschland insgesamt;DG;Deutschland;FRUA04;Fruchtarten;FRUART01111DE;Winterweizen (einschließlich Dinkel und Einkorn);78,8;dt/ha;ERT001;Ertrag je Hektar
41241;Ernte-u.Betriebsbericht: Feldfrüchte und Grünland;JAHR;Jahr;2020;DINSG;Deutschland insgesamt;DG;Deutschland;FRUA04;Fruchtarten;FRUART01111DE;Winterweizen (einschließlich Dinkel und Einkorn);2758700;ha;FLC016;Anbaufläche
41241;Ernte-u.Betriebsbericht: Feldfrüchte und Grünland;JAHR;Jahr;2015;DINSG;Deutschland insgesamt;DG;Deutschland;FRUA04;Fruchtarten;FRUART031;Kartoffeln;10370200;t;ERN001;Erntemenge
41241;Ernte-u.Betriebsbericht: Feldfrüchte und Grünland;JAHR;Jahr;2015;DINSG;Deutschland insgesamt;DG;Deutschland;FRUA04;Fruchtarten;FRUART031;Kartoffeln;438,1;dt/ha;ERT001;Ertrag je Hektar
41241;Ernte-u.Betriebsbericht: Feldfrüchte und Grünland;JAHR;Jahr;2015;DINSG;Deutschland insgesamt;DG;Deutschland;FRUA04;Fruchtarten;FRUART031;Kartoffeln;236700;ha;FLC016;Anbaufläche
41241;Ernte-u.Betriebsbericht: Feldfrüchte und Grünland;JAHR;Jahr;2021;DINSG;Deutschland insgesamt;DG;Deutschland;FRUA04;Fruchtarten;FRUART0111;Weizen;21459200;t;ERN001;Erntemenge
41241;Ernte-u.Betriebsbericht: Feldfrüchte und Grünland;JAHR;Jahr;2021;DINSG;Deutschland insgesamt;DG;Deutschland;FRUA04;Fruchtarten;FRUART0111;Weizen;73,0;dt/ha;ERT001;Ertrag je Hektar
41241;Ernte-u.Betriebsbericht: Feldfrüchte und Grünland;JAHR;Jahr;2021;DINSG;Deutschland insgesamt;DG;Deutschland;FRUA04;Fruchtarten;FRUART0111;Weizen;2939000;ha;FLC016;Anbaufläche
41241;Ernte-u.Betriebsbericht: Feldfrüchte und Grünland;JAHR;Jahr;2018;DINSG;Deutschland insgesamt;DG;Deutschland;FRUA04;Fruchtarten;FRUART022;Ackerbohnen;160800;t;ERN001;Erntemenge
41241;Ernte-u.Betriebsbericht: Feldfrüchte und Grünland;JAHR;Jahr;2018;DINSG;Deutschland insgesamt;DG;Deutschland;FRUA04;Fruchtarten;FRUART022;Ackerbohnen;29,1;dt/ha;ERT001;Ertrag je Hektar
41241;Ernte-u.Betriebsbericht: Feldfrüchte und Grünland;JAHR;Jahr;2018;DINSG;Deutschland insgesamt;DG;Deutschland;FRUA04;Fruchtarten;FRUART022;Ackerbohnen;55300;ha;FLC016;Anbaufläche
41241;Ernte-u.Betriebsbericht: Feldfrüchte und Grünland;JAHR;Jahr;2010;DINSG;Deutschland insgesamt;DG;Deutschland;FRUA04;Fruchtarten;FRUART01EKM1;Getreide zur Körnergew. (einschl. Körnermais, CCM);44038739;t;ERN001;Erntemenge
41241;Ernte-u.Betriebsbericht: Feldfrüchte und Grünland;JAHR;Jahr;2010;DINSG;Deutschland insgesamt;DG;Deutschland;FRUA04;Fruchtarten;FRUART01EKM1;Getreide zur Körnergew. (einschl. Körnermais, CCM);66,9;dt/ha;ERT001;Ertrag je Hektar
41241;Ernte-u.Betriebsbericht: Feldfrüchte und Grünland;JAHR;Jahr;2010;DINSG;Deutschland insgesamt;DG;Deutschland;FRUA04;Fruchtarten;FRUART01EKM1;Getreide zur Körnergew. (einschl. Körnermais, CCM);6587483;ha;FLC016;Anbaufläche
41241;Ernte-u.Betriebsbericht: Feldfrüchte und Grünland;JAHR;Jahr;2012;DINSG;Deutschland insgesamt;DG;Deutschland;FRUA04;Fruchtarten;FRUART01OKM1;Getreide zur Körnergew. (ohne Körnermais, CCM);39881900;t;ERN001;Erntemenge
41241;Ernte-u.Betriebsbericht: Feldfrüchte und Grünland;JAHR;Jahr;2012;DINSG;Deutschland insgesamt;DG;Deutschland;FRUA04;Fruchtarten;FRUART01OKM1;Getreide zur Körnergew. (ohne Körnermais, CCM);66,6;dt/ha;ERT001;Ertrag je Hektar
41241;Ernte-u.Betriebsbericht: Feldfrüchte und Grünland;JAHR;Jahr;2012;DINSG;Deutschland insgesamt;DG;Deutschland;FRUA04;Fruchtarten;FRUART01OKM1;Getreide zur Körnergew. (ohne Körnermais, CCM);5991700;ha;FLC016;Anbaufläche
41241;Ernte-u.Betriebsbericht: Feldfrüchte und Grünland;JAHR;Jahr;2019;DINSG;Deutschland insgesamt;DG;Deutschland;FRUA04;Fruchtarten;FRUART0111;Weizen;23062600;t;ERN001;Erntemenge
41241;Ernte-u.Betriebsbericht: Feldfrüchte und Grünland;JAHR;Jahr;2019;DINSG;Deutschland insgesamt;DG;Deutschland;FRUA04;Fruchtarten;FRUART0111;Weizen;74,0;dt/ha;ERT001;Ertrag je Hektar
41241;Ernte-u.Betriebsbericht: Feldfrüchte und Grünland;JAHR;Jahr;2019;DINSG;Deutschland insgesamt;DG;Deutschland;FRUA04;Fruchtarten;FRUART0111;Weizen;3118100;ha;FLC016;Anbaufläche
41241;Ernte-u.Betriebsbericht: Feldfrüchte und Grünland;JAHR;Jahr;2026;DINSG;Deutschland insgesamt;DG;Deutschland;FRUA04;Fruchtarten;FRUART022;Ackerbohnen;243500;t;ERN001;Erntemenge
41241;Ernte-u.Betriebsbericht: Feldfrüchte und Grünland;JAHR;Jahr;2026;DINSG;Deutschland insgesamt;DG;Deutschland;FRUA04;Fruchtarten;FRUART022;Ackerbohnen;35,3;dt/ha;ERT001;Ertrag je Hektar
41241;Ernte-u.Betriebsbericht: Feldfrüchte und Grünland;JAHR;Jahr;2026;DINSG;Deutschland insgesamt;DG;Deutschland;FRUA04;Fruchtarten;FRUART022;Ackerbohnen;69000;ha;FLC016;Anbaufläche
41241;Ernte-u.Betriebsbericht: Feldfrüchte und Grünland;JAHR;Jahr;2020;DINSG;Deutschland insgesamt;DG;Deutschland;FRUA04;Fruchtarten;FRUART0515;Sonnenblumen;58000;t;ERN001;Erntemenge
41241;Ernte-u.Betriebsbericht: Feldfrüchte und Grünland;JAHR;Jahr;2020;DINSG;Deutschland insgesamt;DG;Deutschland;FRUA04;Fruchtarten;FRUART0515;Sonnenblumen;20,6;dt/ha;ERT001;Ertrag je Hektar
41241;Ernte-u.Betriebsbericht: Feldfrüchte und Grünland;JAHR;Jahr;2020;DINSG;Deutschland insgesamt;DG;Deutschland;FRUA04;Fruchtarten;FRUART0515;Sonnenblumen;28200;ha;FLC016;Anbaufläche
41241;Ernte-u.Betriebsbericht: Feldfrüchte und Grünland;JAHR;Jahr;2026;DINSG;Deutschland insgesamt;DG;Deutschland;FRUA04;Fruchtarten;FRUART01112OH;Sommerweizen (ohne Hartweizen);238800;t;ERN001;Erntemenge
41241;Ernte-u.Betriebsbericht: Feldfrüchte und Grünland;JAHR;Jahr;2026;DINSG;Deutschland insgesamt;DG;Deutschland;FRUA04;Fruchtarten;FRUART01112OH;Sommerweizen (ohne Hartweizen);49,4;dt/ha;ERT001;Ertrag je Hektar
41241;Ernte-u.Betriebsbericht: Feldfrüchte und Grünland;JAHR;Jahr;2026;DINSG;Deutschland insgesamt;DG;Deutschland;FRUA04;Fruchtarten;FRUART01112OH;Sommerweizen (ohne Hartweizen);48400;ha;FLC016;Anbaufläche
41241;Ernte-u.Betriebsbericht: Feldfrüchte und Grünland;JAHR;Jahr;2025;DINSG;Deutschland insgesamt;DG;Deutschland;FRUA04;Fruchtarten;FRUART01121;Roggen und Wintermenggetreide;3034900;t;ERN001;Erntemenge
41241;Ernte-u.Betriebsbericht: Feldfrüchte und Grünland;JAHR;Jahr;2025;DINSG;Deutschland insgesamt;DG;Deutschland;FRUA04;Fruchtarten;FRUART01121;Roggen und Wintermenggetreide;56,3;dt/ha;ERT001;Ertrag je Hektar
41241;Ernte-u.Betriebsbericht: Feldfrüchte und Grünland;JAHR;Jahr;2025;DINSG;Deutschland insgesamt;DG;Deutschland;FRUA04;Fruchtarten;FRUART01121;Roggen und Wintermenggetreide;539300;ha;FLC016;Anbaufläche
41241;Ernte-u.Betriebsbericht: Feldfrüchte und Grünland;JAHR;Jahr;2025;DINSG;Deutschland insgesamt;DG;Deutschland;FRUA04;Fruchtarten;FRUART0124;Triticale;1830800;t;ERN001;Erntemenge
41241;Ernte-u.Betriebsbericht: Feldfrüchte und Grünland;JAHR;Jahr;2025;DINSG;Deutschland insgesamt;DG;Deutschland;FRUA04;Fruchtarten;FRUART0124;Triticale;63,5;dt/ha;ERT001;Ertrag je Hektar
41241;Ernte-u.Betriebsbericht: Feldfrüchte und Grünland;JAHR;Jahr;2025;DINSG;Deutschland insgesamt;DG;Deutschland;FRUA04;Fruchtarten;FRUART0124;Triticale;288200;ha;FLC016;Anbaufläche
41241;Ernte-u.Betriebsbericht: Feldfrüchte und Grünland;JAHR;Jahr;2010;DINSG;Deutschland insgesamt;DG;Deutschland;FRUA04;Fruchtarten;FRUART0631;Feldgras/Grasanbau auf dem Ackerland (inkl.Misch.);2532662;t;ERN001;Erntemenge
41241;Ernte-u.Betriebsbericht: Feldfrüchte und Grünland;JAHR;Jahr;2010;DINSG;Deutschland insgesamt;DG;Deutschland;FRUA04;Fruchtarten;FRUART0631;Feldgras/Grasanbau auf dem Ackerland (inkl.Misch.);65,5;dt/ha;ERT001;Ertrag je Hektar
41241;Ernte-u.Betriebsbericht: Feldfrüchte und Grünland;JAHR;Jahr;2010;DINSG;Deutschland insgesamt;DG;Deutschland;FRUA04;Fruchtarten;FRUART0631;Feldgras/Grasanbau auf dem Ackerland (inkl.Misch.);386854;ha;FLC016;Anbaufläche
41241;Ernte-u.Betriebsbericht: Feldfrüchte und Grünland;JAHR;Jahr;2013;DINSG;Deutschland insgesamt;DG;Deutschland;FRUA04;Fruchtarten;FRUART01121;Roggen und Wintermenggetreide;4689100;t;ERN001;Erntemenge
41241;Ernte-u.Betriebsbericht: Feldfrüchte und Grünland;JAHR;Jahr;2013;DINSG;Deutschland insgesamt;DG;Deutschland;FRUA04;Fruchtarten;FRUART01121;Roggen und Wintermenggetreide;59,8;dt/ha;ERT001;Ertrag je Hektar
41241;Ernte-u.Betriebsbericht: Feldfrüchte und Grünland;JAHR;Jahr;2013;DINSG;Deutschland insgesamt;DG;Deutschland;FRUA04;Fruchtarten;FRUART01121;Roggen und Wintermenggetreide;784600;ha;FLC016;Anbaufläche
41241;Ernte-u.Betriebsbericht: Feldfrüchte und Grünland;JAHR;Jahr;2024;DINSG;Deutschland insgesamt;DG;Deutschland;FRUA04;Fruchtarten;FRUART05111;Winterraps;3627200;t;ERN001;Erntemenge
41241;Ernte-u.Betriebsbericht: Feldfrüchte und Grünland;JAHR;Jahr;2024;DINSG;Deutschland insgesamt;DG;Deutschland;FRUA04;Fruchtarten;FRUART05111;Winterraps;33,4;dt/ha;ERT001;Ertrag je Hektar
41241;Ernte-u.Betriebsbericht: Feldfrüchte und Grünland;JAHR;Jahr;2024;DINSG;Deutschland insgesamt;DG;Deutschland;FRUA04;Fruchtarten;FRUART05111;Winterraps;1085700;ha;FLC016;Anbaufläche
41241;Ernte-u.Betriebsbericht: Feldfrüchte und Grünland;JAHR;Jahr;2022;DINSG;Deutschland insgesamt;DG;Deutschland;FRUA04;Fruchtarten;FRUART01212;Sommergerste;1975900;t;ERN001;Erntemenge
41241;Ernte-u.Betriebsbericht: Feldfrüchte und Grünland;JAHR;Jahr;2022;DINSG;Deutschland insgesamt;DG;Deutschland;FRUA04;Fruchtarten;FRUART01212;Sommergerste;53,2;dt/ha;ERT001;Ertrag je Hektar
41241;Ernte-u.Betriebsbericht: Feldfrüchte und Grünland;JAHR;Jahr;2022;DINSG;Deutschland insgesamt;DG;Deutschland;FRUA04;Fruchtarten;FRUART01212;Sommergerste;371100;ha;FLC016;Anbaufläche
41241;Ernte-u.Betriebsbericht: Feldfrüchte und Grünland;JAHR;Jahr;2018;DINSG;Deutschland insgesamt;DG;Deutschland;FRUA04;Fruchtarten;FRUART01113;Hartweizen (Durum);138100;t;ERN001;Erntemenge
41241;Ernte-u.Betriebsbericht: Feldfrüchte und Grünland;JAHR;Jahr;2018;DINSG;Deutschland insgesamt;DG;Deutschland;FRUA04;Fruchtarten;FRUART01113;Hartweizen (Durum);45,8;dt/ha;ERT001;Ertrag je Hektar
41241;Ernte-u.Betriebsbericht: Feldfrüchte und Grünland;JAHR;Jahr;2018;DINSG;Deutschland insgesamt;DG;Deutschland;FRUA04;Fruchtarten;FRUART01113;Hartweizen (Durum);30200;ha;FLC016;Anbaufläche
41241;Ernte-u.Betriebsbericht: Feldfrüchte und Grünland;JAHR;Jahr;2020;DINSG;Deutschland insgesamt;DG;Deutschland;FRUA04;Fruchtarten;FRUART01OKM1;Getreide zur Körnergew. (ohne Körnermais, CCM);39245000;t;ERN001;Erntemenge
41241;Ernte-u.Betriebsbericht: Feldfrüchte und Grünland;JAHR;Jahr;2020;DINSG;Deutschland insgesamt;DG;Deutschland;FRUA04;Fruchtarten;FRUART01OKM1;Getreide zur Körnergew. (ohne Körnermais, CCM);69,5;dt/ha;ERT001;Ertrag je Hektar
41241;Ernte-u.Betriebsbericht: Feldfrüchte und Grünland;JAHR;Jahr;2020;DINSG;Deutschland insgesamt;DG;Deutschland;FRUA04;Fruchtarten;FRUART01OKM1;Getreide zur Körnergew. (ohne Körnermais, CCM);5645800;ha;FLC016;Anbaufläche
41241;Ernte-u.Betriebsbericht: Feldfrüchte und Grünland;JAHR;Jahr;2019;DINSG;Deutschland insgesamt;DG;Deutschland;FRUA04;Fruchtarten;FRUART0124;Triticale;2194900;t;ERN001;Erntemenge
41241;Ernte-u.Betriebsbericht: Feldfrüchte und Grünland;JAHR;Jahr;2019;DINSG;Deutschland insgesamt;DG;Deutschland;FRUA04;Fruchtarten;FRUART0124;Triticale;61,3;dt/ha;ERT001;Ertrag je Hektar
41241;Ernte-u.Betriebsbericht: Feldfrüchte und Grünland;JAHR;Jahr;2019;DINSG;Deutschland insgesamt;DG;Deutschland;FRUA04;Fruchtarten;FRUART0124;Triticale;358200;ha;FLC016;Anbaufläche
41241;Ernte-u.Betriebsbericht: Feldfrüchte und Grünland;JAHR;Jahr;2012;DINSG;Deutschland insgesamt;DG;Deutschland;FRUA04;Fruchtarten;FRUART05111;Winterraps;4806600;t;ERN001;Erntemenge
41241;Ernte-u.Betriebsbericht: Feldfrüchte und Grünland;JAHR;Jahr;2012;DINSG;Deutschland insgesamt;DG;Deutschland;FRUA04;Fruchtarten;FRUART05111;Winterraps;37,0;dt/ha;ERT001;Ertrag je Hektar
41241;Ernte-u.Betriebsbericht: Feldfrüchte und Grünland;JAHR;Jahr;2012;DINSG;Deutschland insgesamt;DG;Deutschland;FRUA04;Fruchtarten;FRUART05111;Winterraps;1299500;ha;FLC016;Anbaufläche
41241;Ernte-u.Betriebsbericht: Feldfrüchte und Grünland;JAHR;Jahr;2013;DINSG;Deutschland insgesamt;DG;Deutschland;FRUA04;Fruchtarten;FRUART082;Weiden (einschließlich Mähweiden und Almen);17057900;t;ERN001;Erntemenge
41241;Ernte-u.Betriebsbericht: Feldfrüchte und Grünland;JAHR;Jahr;2013;DINSG;Deutschland insgesamt;DG;Deutschland;FRUA04;Fruchtarten;FRUART082;Weiden (einschließlich Mähweiden und Almen);66,0;dt/ha;ERT001;Ertrag je Hektar
41241;Ernte-u.Betriebsbericht: Feldfrüchte und Grünland;JAHR;Jahr;2013;DINSG;Deutschland insgesamt;DG;Deutschland;FRUA04;Fruchtarten;FRUART082;Weiden (einschließlich Mähweiden und Almen);2584600;ha;FLC016;Anbaufläche
41241;Ernte-u.Betriebsbericht: Feldfrüchte und Grünland;JAHR;Jahr;2012;DINSG;Deutschland insgesamt;DG;Deutschland;FRUA04;Fruchtarten;FRUART0123;Sommermenggetreide;151500;t;ERN001;Erntemenge
41241;Ernte-u.Betriebsbericht: Feldfrüchte und Grünland;JAHR;Jahr;2012;DINSG;Deutschland insgesamt;DG;Deutschland;FRUA04;Fruchtarten;FRUART0123;Sommermenggetreide;47,5;dt/ha;ERT001;Ertrag je Hektar
41241;Ernte-u.Betriebsbericht: Feldfrüchte und Grünland;JAHR;Jahr;2012;DINSG;Deutschland insgesamt;DG;Deutschland;FRUA04;Fruchtarten;FRUART0123;Sommermenggetreide;31900;ha;FLC016;Anbaufläche
41241;Ernte-u.Betriebsbericht: Feldfrüchte und Grünland;JAHR;Jahr;2019;DINSG;Deutschland insgesamt;DG;Deutschland;FRUA04;Fruchtarten;FRUART067S;Süßlupinen;25600;t;ERN001;Erntemenge
41241;Ernte-u.Betriebsbericht: Feldfrüchte und Grünland;JAHR;Jahr;2019;DINSG;Deutschland insgesamt;DG;Deutschland;FRUA04;Fruchtarten;FRUART067S;Süßlupinen;12,2;dt/ha;ERT001;Ertrag je Hektar
41241;Ernte-u.Betriebsbericht: Feldfrüchte und Grünland;JAHR;Jahr;2019;DINSG;Deutschland insgesamt;DG;Deutschland;FRUA04;Fruchtarten;FRUART067S;Süßlupinen;21000;ha;FLC016;Anbaufläche
41241;Ernte-u.Betriebsbericht: Feldfrüchte und Grünland;JAHR;Jahr;2014;DINSG;Deutschland insgesamt;DG;Deutschland;FRUA04;Fruchtarten;FRUART025;Sojabohnen;.;t;ERN001;Erntemenge
41241;Ernte-u.Betriebsbericht: Feldfrüchte und Grünland;JAHR;Jahr;2014;DINSG;Deutschland insgesamt;DG;Deutschland;FRUA04;Fruchtarten;FRUART025;Sojabohnen;.;dt/ha;ERT001;Ertrag je Hektar
41241;Ernte-u.Betriebsbericht: Feldfrüchte und Grünland;JAHR;Jahr;2014;DINSG;Deutschland insgesamt;DG;Deutschland;FRUA04;Fruchtarten;FRUART025;Sojabohnen;.;ha;FLC016;Anbaufläche
41241;Ernte-u.Betriebsbericht: Feldfrüchte und Grünland;JAHR;Jahr;2021;DINSG;Deutschland insgesamt;DG;Deutschland;FRUA04;Fruchtarten;FRUART0121;Gerste;10411100;t;ERN001;Erntemenge
41241;Ernte-u.Betriebsbericht: Feldfrüchte und Grünland;JAHR;Jahr;2021;DINSG;Deutschland insgesamt;DG;Deutschland;FRUA04;Fruchtarten;FRUART0121;Gerste;67,6;dt/ha;ERT001;Ertrag je Hektar
41241;Ernte-u.Betriebsbericht: Feldfrüchte und Grünland;JAHR;Jahr;2021;DINSG;Deutschland insgesamt;DG;Deutschland;FRUA04;Fruchtarten;FRUART0121;Gerste;1539500;ha;FLC016;Anbaufläche
41241;Ernte-u.Betriebsbericht: Feldfrüchte und Grünland;JAHR;Jahr;2011;DINSG;Deutschland insgesamt;DG;Deutschland;FRUA04;Fruchtarten;FRUART01111E;Winterweizen (einschließlich Einkorn);-;t;ERN001;Erntemenge
41241;Ernte-u.Betriebsbericht: Feldfrüchte und Grünland;JAHR;Jahr;2011;DINSG;Deutschland insgesamt;DG;Deutschland;FRUA04;Fruchtarten;FRUART01111E;Winterweizen (einschließlich Einkorn);-;dt/ha;ERT001;Ertrag je Hektar
41241;Ernte-u.Betriebsbericht: Feldfrüchte und Grünland;JAHR;Jahr;2011;DINSG;Deutschland insgesamt;DG;Deutschland;FRUA04;Fruchtarten;FRUART01111E;Winterweizen (einschließlich Einkorn);-;ha;FLC016;Anbaufläche
41241;Ernte-u.Betriebsbericht: Feldfrüchte und Grünland;JAHR;Jahr;2014;DINSG;Deutschland insgesamt;DG;Deutschland;FRUA04;Fruchtarten;FRUART01113;Hartweizen (Durum);73600;t;ERN001;Erntemenge
41241;Ernte-u.Betriebsbericht: Feldfrüchte und Grünland;JAHR;Jahr;2014;DINSG;Deutschland insgesamt;DG;Deutschland;FRUA04;Fruchtarten;FRUART01113;Hartweizen (Durum);65,3;dt/ha;ERT001;Ertrag je Hektar
41241;Ernte-u.Betriebsbericht: Feldfrüchte und Grünland;JAHR;Jahr;2014;DINSG;Deutschland insgesamt;DG;Deutschland;FRUA04;Fruchtarten;FRUART01113;Hartweizen (Durum);11300;ha;FLC016;Anbaufläche
41241;Ernte-u.Betriebsbericht: Feldfrüchte und Grünland;JAHR;Jahr;2022;DINSG;Deutschland insgesamt;DG;Deutschland;FRUA04;Fruchtarten;FRUART01111DE;Winterweizen (einschließlich Dinkel und Einkorn);22089600;t;ERN001;Erntemenge
41241;Ernte-u.Betriebsbericht: Feldfrüchte und Grünland;JAHR;Jahr;2022;DINSG;Deutschland insgesamt;DG;Deutschland;FRUA04;Fruchtarten;FRUART01111DE;Winterweizen (einschließlich Dinkel und Einkorn);76,5;dt/ha;ERT001;Ertrag je Hektar
41241;Ernte-u.Betriebsbericht: Feldfrüchte und Grünland;JAHR;Jahr;2022;DINSG;Deutschland insgesamt;DG;Deutschland;FRUA04;Fruchtarten;FRUART01111DE;Winterweizen (einschließlich Dinkel und Einkorn);2887900;ha;FLC016;Anbaufläche
41241;Ernte-u.Betriebsbericht: Feldfrüchte und Grünland;JAHR;Jahr;2020;DINSG;Deutschland insgesamt;DG;Deutschland;FRUA04;Fruchtarten;FRUART05111;Winterraps;3522200;t;ERN001;Erntemenge
41241;Ernte-u.Betriebsbericht: Feldfrüchte und Grünland;JAHR;Jahr;2020;DINSG;Deutschland insgesamt;DG;Deutschland;FRUA04;Fruchtarten;FRUART05111;Winterraps;36,9;dt/ha;ERT001;Ertrag je Hektar
41241;Ernte-u.Betriebsbericht: Feldfrüchte und Grünland;JAHR;Jahr;2020;DINSG;Deutschland insgesamt;DG;Deutschland;FRUA04;Fruchtarten;FRUART05111;Winterraps;954400;ha;FLC016;Anbaufläche
41241;Ernte-u.Betriebsbericht: Feldfrüchte und Grünland;JAHR;Jahr;2018;DINSG;Deutschland insgesamt;DG;Deutschland;FRUA04;Fruchtarten;FRUART01OKM1;Getreide zur Körnergew. (ohne Körnermais, CCM);34603800;t;ERN001;Erntemenge
41241;Ernte-u.Betriebsbericht: Feldfrüchte und Grünland;JAHR;Jahr;2018;DINSG;Deutschland insgesamt;DG;Deutschland;FRUA04;Fruchtarten;FRUART01OKM1;Getreide zur Körnergew. (ohne Körnermais, CCM);60,4;dt/ha;ERT001;Ertrag je Hektar
41241;Ernte-u.Betriebsbericht: Feldfrüchte und Grünland;JAHR;Jahr;2018;DINSG;Deutschland insgesamt;DG;Deutschland;FRUA04;Fruchtarten;FRUART01OKM1;Getreide zur Körnergew. (ohne Körnermais, CCM);5730800;ha;FLC016;Anbaufläche
41241;Ernte-u.Betriebsbericht: Feldfrüchte und Grünland;JAHR;Jahr;2026;DINSG;Deutschland insgesamt;DG;Deutschland;FRUA04;Fruchtarten;FRUART01113;Hartweizen (Durum);361300;t;ERN001;Erntemenge
41241;Ernte-u.Betriebsbericht: Feldfrüchte und Grünland;JAHR;Jahr;2026;DINSG;Deutschland insgesamt;DG;Deutschland;FRUA04;Fruchtarten;FRUART01113;Hartweizen (Durum);59,8;dt/ha;ERT001;Ertrag je Hektar
41241;Ernte-u.Betriebsbericht: Feldfrüchte und Grünland;JAHR;Jahr;2026;DINSG;Deutschland insgesamt;DG;Deutschland;FRUA04;Fruchtarten;FRUART01113;Hartweizen (Durum);60400;ha;FLC016;Anbaufläche
41241;Ernte-u.Betriebsbericht: Feldfrüchte und Grünland;JAHR;Jahr;2015;DINSG;Deutschland insgesamt;DG;Deutschland;FRUA04;Fruchtarten;FRUART0121;Gerste;11629900;t;ERN001;Erntemenge
41241;Ernte-u.Betriebsbericht: Feldfrüchte und Grünland;JAHR;Jahr;2015;DINSG;Deutschland insgesamt;DG;Deutschland;FRUA04;Fruchtarten;FRUART0121;Gerste;71,7;dt/ha;ERT001;Ertrag je Hektar
41241;Ernte-u.Betriebsbericht: Feldfrüchte und Grünland;JAHR;Jahr;2015;DINSG;Deutschland insgesamt;DG;Deutschland;FRUA04;Fruchtarten;FRUART0121;Gerste;1621800;ha;FLC016;Anbaufläche
41241;Ernte-u.Betriebsbericht: Feldfrüchte und Grünland;JAHR;Jahr;2017;DINSG;Deutschland insgesamt;DG;Deutschland;FRUA04;Fruchtarten;FRUART0511;Raps und Rübsen;4275600;t;ERN001;Erntemenge
41241;Ernte-u.Betriebsbericht: Feldfrüchte und Grünland;JAHR;Jahr;2017;DINSG;Deutschland insgesamt;DG;Deutschland;FRUA04;Fruchtarten;FRUART0511;Raps und Rübsen;32,7;dt/ha;ERT001;Ertrag je Hektar
41241;Ernte-u.Betriebsbericht: Feldfrüchte und Grünland;JAHR;Jahr;2017;DINSG;Deutschland insgesamt;DG;Deutschland;FRUA04;Fruchtarten;FRUART0511;Raps und Rübsen;1308900;ha;FLC016;Anbaufläche
41241;Ernte-u.Betriebsbericht: Feldfrüchte und Grünland;JAHR;Jahr;2026;DINSG;Deutschland insgesamt;DG;Deutschland;FRUA04;Fruchtarten;FRUART0511;Raps und Rübsen;3507500;t;ERN001;Erntemenge
41241;Ernte-u.Betriebsbericht: Feldfrüchte und Grünland;JAHR;Jahr;2026;DINSG;Deutschland insgesamt;DG;Deutschland;FRUA04;Fruchtarten;FRUART0511;Raps und Rübsen;31,0;dt/ha;ERT001;Ertrag je Hektar
41241;Ernte-u.Betriebsbericht: Feldfrüchte und Grünland;JAHR;Jahr;2026;DINSG;Deutschland insgesamt;DG;Deutschland;FRUA04;Fruchtarten;FRUART0511;Raps und Rübsen;1132100;ha;FLC016;Anbaufläche
41241;Ernte-u.Betriebsbericht: Feldfrüchte und Grünland;JAHR;Jahr;2021;DINSG;Deutschland insgesamt;DG;Deutschland;FRUA04;Fruchtarten;FRUART01121;Roggen und Wintermenggetreide;3325600;t;ERN001;Erntemenge
41241;Ernte-u.Betriebsbericht: Feldfrüchte und Grünland;JAHR;Jahr;2021;DINSG;Deutschland insgesamt;DG;Deutschland;FRUA04;Fruchtarten;FRUART01121;Roggen und Wintermenggetreide;52,7;dt/ha;ERT001;Ertrag je Hektar
41241;Ernte-u.Betriebsbericht: Feldfrüchte und Grünland;JAHR;Jahr;2021;DINSG;Deutschland insgesamt;DG;Deutschland;FRUA04;Fruchtarten;FRUART01121;Roggen und Wintermenggetreide;631000;ha;FLC016;Anbaufläche
41241;Ernte-u.Betriebsbericht: Feldfrüchte und Grünland;JAHR;Jahr;2021;DINSG;Deutschland insgesamt;DG;Deutschland;FRUA04;Fruchtarten;FRUART01111DE;Winterweizen (einschließlich Dinkel und Einkorn);21094400;t;ERN001;Erntemenge
41241;Ernte-u.Betriebsbericht: Feldfrüchte und Grünland;JAHR;Jahr;2021;DINSG;Deutschland insgesamt;DG;Deutschland;FRUA04;Fruchtarten;FRUART01111DE;Winterweizen (einschließlich Dinkel und Einkorn);73,5;dt/ha;ERT001;Ertrag je Hektar
41241;Ernte-u.Betriebsbericht: Feldfrüchte und Grünland;JAHR;Jahr;2021;DINSG;Deutschland insgesamt;DG;Deutschland;FRUA04;Fruchtarten;FRUART01111DE;Winterweizen (einschließlich Dinkel und Einkorn);2870800;ha;FLC016;Anbaufläche
41241;Ernte-u.Betriebsbericht: Feldfrüchte und Grünland;JAHR;Jahr;2017;DINSG;Deutschland insgesamt;DG;Deutschland;FRUA04;Fruchtarten;FRUART01121;Roggen und Wintermenggetreide;2737400;t;ERN001;Erntemenge
41241;Ernte-u.Betriebsbericht: Feldfrüchte und Grünland;JAHR;Jahr;2017;DINSG;Deutschland insgesamt;DG;Deutschland;FRUA04;Fruchtarten;FRUART01121;Roggen und Wintermenggetreide;50,9;dt/ha;ERT001;Ertrag je Hektar
41241;Ernte-u.Betriebsbericht: Feldfrüchte und Grünland;JAHR;Jahr;2017;DINSG;Deutschland insgesamt;DG;Deutschland;FRUA04;Fruchtarten;FRUART01121;Roggen und Wintermenggetreide;537300;ha;FLC016;Anbaufläche
41241;Ernte-u.Betriebsbericht: Feldfrüchte und Grünland;JAHR;Jahr;2021;DINSG;Deutschland insgesamt;DG;Deutschland;FRUA04;Fruchtarten;FRUART01111E;Winterweizen (einschließlich Einkorn);-;t;ERN001;Erntemenge
41241;Ernte-u.Betriebsbericht: Feldfrüchte und Grünland;JAHR;Jahr;2021;DINSG;Deutschland insgesamt;DG;Deutschland;FRUA04;Fruchtarten;FRUART01111E;Winterweizen (einschließlich Einkorn);-;dt/ha;ERT001;Ertrag je Hektar
41241;Ernte-u.Betriebsbericht: Feldfrüchte und Grünland;JAHR;Jahr;2021;DINSG;Deutschland insgesamt;DG;Deutschland;FRUA04;Fruchtarten;FRUART01111E;Winterweizen (einschließlich Einkorn);-;ha;FLC016;Anbaufläche
41241;Ernte-u.Betriebsbericht: Feldfrüchte und Grünland;JAHR;Jahr;2025;DINSG;Deutschland insgesamt;DG;Deutschland;FRUA04;Fruchtarten;FRUART067S;Süßlupinen;50600;t;ERN001;Erntemenge
41241;Ernte-u.Betriebsbericht: Feldfrüchte und Grünland;JAHR;Jahr;2025;DINSG;Deutschland insgesamt;DG;Deutschland;FRUA04;Fruchtarten;FRUART067S;Süßlupinen;18,1;dt/ha;ERT001;Ertrag je Hektar
41241;Ernte-u.Betriebsbericht: Feldfrüchte und Grünland;JAHR;Jahr;2025;DINSG;Deutschland insgesamt;DG;Deutschland;FRUA04;Fruchtarten;FRUART067S;Süßlupinen;28000;ha;FLC016;Anbaufläche
41241;Ernte-u.Betriebsbericht: Feldfrüchte und Grünland;JAHR;Jahr;2023;DINSG;Deutschland insgesamt;DG;Deutschland;FRUA04;Fruchtarten;FRUART065;Raufutter;33451100;t;ERN001;Erntemenge
41241;Ernte-u.Betriebsbericht: Feldfrüchte und Grünland;JAHR;Jahr;2023;DINSG;Deutschland insgesamt;DG;Deutschland;FRUA04;Fruchtarten;FRUART065;Raufutter;65,7;dt/ha;ERT001;Ertrag je Hektar
41241;Ernte-u.Betriebsbericht: Feldfrüchte und Grünland;JAHR;Jahr;2023;DINSG;Deutschland insgesamt;DG;Deutschland;FRUA04;Fruchtarten;FRUART065;Raufutter;5094700;ha;FLC016;Anbaufläche
41241;Ernte-u.Betriebsbericht: Feldfrüchte und Grünland;JAHR;Jahr;2026;DINSG;Deutschland insgesamt;DG;Deutschland;FRUA04;Fruchtarten;FRUART032;Zuckerrüben;...;t;ERN001;Erntemenge
41241;Ernte-u.Betriebsbericht: Feldfrüchte und Grünland;JAHR;Jahr;2026;DINSG;Deutschland insgesamt;DG;Deutschland;FRUA04;Fruchtarten;FRUART032;Zuckerrüben;...;dt/ha;ERT001;Ertrag je Hektar
41241;Ernte-u.Betriebsbericht: Feldfrüchte und Grünland;JAHR;Jahr;2026;DINSG;Deutschland insgesamt;DG;Deutschland;FRUA04;Fruchtarten;FRUART032;Zuckerrüben;334800;ha;FLC016;Anbaufläche
41241;Ernte-u.Betriebsbericht: Feldfrüchte und Grünland;JAHR;Jahr;2014;DINSG;Deutschland insgesamt;DG;Deutschland;FRUA04;Fruchtarten;FRUART01212;Sommergerste;2067000;t;ERN001;Erntemenge
41241;Ernte-u.Betriebsbericht: Feldfrüchte und Grünland;JAHR;Jahr;2014;DINSG;Deutschland insgesamt;DG;Deutschland;FRUA04;Fruchtarten;FRUART01212;Sommergerste;59,8;dt/ha;ERT001;Ertrag je Hektar
41241;Ernte-u.Betriebsbericht: Feldfrüchte und Grünland;JAHR;Jahr;2014;DINSG;Deutschland insgesamt;DG;Deutschland;FRUA04;Fruchtarten;FRUART01212;Sommergerste;345900;ha;FLC016;Anbaufläche
41241;Ernte-u.Betriebsbericht: Feldfrüchte und Grünland;JAHR;Jahr;2022;DINSG;Deutschland insgesamt;DG;Deutschland;FRUA04;Fruchtarten;FRUART01OKM1;Getreide zur Körnergew. (ohne Körnermais, CCM);39641500;t;ERN001;Erntemenge
41241;Ernte-u.Betriebsbericht: Feldfrüchte und Grünland;JAHR;Jahr;2022;DINSG;Deutschland insgesamt;DG;Deutschland;FRUA04;Fruchtarten;FRUART01OKM1;Getreide zur Körnergew. (ohne Körnermais, CCM);70,2;dt/ha;ERT001;Ertrag je Hektar
41241;Ernte-u.Betriebsbericht: Feldfrüchte und Grünland;JAHR;Jahr;2022;DINSG;Deutschland insgesamt;DG;Deutschland;FRUA04;Fruchtarten;FRUART01OKM1;Getreide zur Körnergew. (ohne Körnermais, CCM);5644600;ha;FLC016;Anbaufläche
41241;Ernte-u.Betriebsbericht: Feldfrüchte und Grünland;JAHR;Jahr;2011;DINSG;Deutschland insgesamt;DG;Deutschland;FRUA04;Fruchtarten;FRUART0515;Sonnenblumen;53200;t;ERN001;Erntemenge
41241;Ernte-u.Betriebsbericht: Feldfrüchte und Grünland;JAHR;Jahr;2011;DINSG;Deutschland insgesamt;DG;Deutschland;FRUA04;Fruchtarten;FRUART0515;Sonnenblumen;19,8;dt/ha;ERT001;Ertrag je Hektar
41241;Ernte-u.Betriebsbericht: Feldfrüchte und Grünland;JAHR;Jahr;2011;DINSG;Deutschland insgesamt;DG;Deutschland;FRUA04;Fruchtarten;FRUART0515;Sonnenblumen;26800;ha;FLC016;Anbaufläche
41241;Ernte-u.Betriebsbericht: Feldfrüchte und Grünland;JAHR;Jahr;2026;DINSG;Deutschland insgesamt;DG;Deutschland;FRUA04;Fruchtarten;FRUART01212;Sommergerste;1505900;t;ERN001;Erntemenge
41241;Ernte-u.Betriebsbericht: Feldfrüchte und Grünland;JAHR;Jahr;2026;DINSG;Deutschland insgesamt;DG;Deutschland;FRUA04;Fruchtarten;FRUART01212;Sommergerste;53,9;dt/ha;ERT001;Ertrag je Hektar
41241;Ernte-u.Betriebsbericht: Feldfrüchte und Grünland;JAHR;Jahr;2026;DINSG;Deutschland insgesamt;DG;Deutschland;FRUA04;Fruchtarten;FRUART01212;Sommergerste;279400;ha;FLC016;Anbaufläche
41241;Ernte-u.Betriebsbericht: Feldfrüchte und Grünland;JAHR;Jahr;2021;DINSG;Deutschland insgesamt;DG;Deutschland;FRUA04;Fruchtarten;FRUART02LG;Leguminosen zur Ganzpflanzenernte (z.B. Klee);2627500;t;ERN001;Erntemenge
41241;Ernte-u.Betriebsbericht: Feldfrüchte und Grünland;JAHR;Jahr;2021;DINSG;Deutschland insgesamt;DG;Deutschland;FRUA04;Fruchtarten;FRUART02LG;Leguminosen zur Ganzpflanzenernte (z.B. Klee);77,8;dt/ha;ERT001;Ertrag je Hektar
41241;Ernte-u.Betriebsbericht: Feldfrüchte und Grünland;JAHR;Jahr;2021;DINSG;Deutschland insgesamt;DG;Deutschland;FRUA04;Fruchtarten;FRUART02LG;Leguminosen zur Ganzpflanzenernte (z.B. Klee);337700;ha;FLC016;Anbaufläche
41241;Ernte-u.Betriebsbericht: Feldfrüchte und Grünland;JAHR;Jahr;2016;DINSG;Deutschland insgesamt;DG;Deutschland;FRUA04;Fruchtarten;FRUART062;Luzerne;-;t;ERN001;Erntemenge
41241;Ernte-u.Betriebsbericht: Feldfrüchte und Grünland;JAHR;Jahr;2016;DINSG;Deutschland insgesamt;DG;Deutschland;FRUA04;Fruchtarten;FRUART062;Luzerne;-;dt/ha;ERT001;Ertrag je Hektar
41241;Ernte-u.Betriebsbericht: Feldfrüchte und Grünland;JAHR;Jahr;2016;DINSG;Deutschland insgesamt;DG;Deutschland;FRUA04;Fruchtarten;FRUART062;Luzerne;-;ha;FLC016;Anbaufläche
41241;Ernte-u.Betriebsbericht: Feldfrüchte und Grünland;JAHR;Jahr;2012;DINSG;Deutschland insgesamt;DG;Deutschland;FRUA04;Fruchtarten;FRUART0111;Weizen;22409300;t;ERN001;Erntemenge
41241;Ernte-u.Betriebsbericht: Feldfrüchte und Grünland;JAHR;Jahr;2012;DINSG;Deutschland insgesamt;DG;Deutschland;FRUA04;Fruchtarten;FRUART0111;Weizen;73,3;dt/ha;ERT001;Ertrag je Hektar
41241;Ernte-u.Betriebsbericht: Feldfrüchte und Grünland;JAHR;Jahr;2012;DINSG;Deutschland insgesamt;DG;Deutschland;FRUA04;Fruchtarten;FRUART0111;Weizen;3056700;ha;FLC016;Anbaufläche
41241;Ernte-u.Betriebsbericht: Feldfrüchte und Grünland;JAHR;Jahr;2013;DINSG;Deutschland insgesamt;DG;Deutschland;FRUA04;Fruchtarten;FRUART01111E;Winterweizen (einschließlich Einkorn);-;t;ERN001;Erntemenge
41241;Ernte-u.Betriebsbericht: Feldfrüchte und Grünland;JAHR;Jahr;2013;DINSG;Deutschland insgesamt;DG;Deutschland;FRUA04;Fruchtarten;FRUART01111E;Winterweizen (einschließlich Einkorn);-;dt/ha;ERT001;Ertrag je Hektar
41241;Ernte-u.Betriebsbericht: Feldfrüchte und Grünland;JAHR;Jahr;2013;DINSG;Deutschland insgesamt;DG;Deutschland;FRUA04;Fruchtarten;FRUART01111E;Winterweizen (einschließlich Einkorn);-;ha;FLC016;Anbaufläche
41241;Ernte-u.Betriebsbericht: Feldfrüchte und Grünland;JAHR;Jahr;2015;DINSG;Deutschland insgesamt;DG;Deutschland;FRUA04;Fruchtarten;FRUART032;Zuckerrüben;22572000;t;ERN001;Erntemenge
41241;Ernte-u.Betriebsbericht: Feldfrüchte und Grünland;JAHR;Jahr;2015;DINSG;Deutschland insgesamt;DG;Deutschland;FRUA04;Fruchtarten;FRUART032;Zuckerrüben;721,7;dt/ha;ERT001;Ertrag je Hektar
41241;Ernte-u.Betriebsbericht: Feldfrüchte und Grünland;JAHR;Jahr;2015;DINSG;Deutschland insgesamt;DG;Deutschland;FRUA04;Fruchtarten;FRUART032;Zuckerrüben;312800;ha;FLC016;Anbaufläche
41241;Ernte-u.Betriebsbericht: Feldfrüchte und Grünland;JAHR;Jahr;2019;DINSG;Deutschland insgesamt;DG;Deutschland;FRUA04;Fruchtarten;FRUART064G1;Silomais/Grünmais einschl. Lieschkolbenschrot;86692200;t;ERN001;Erntemenge
41241;Ernte-u.Betriebsbericht: Feldfrüchte und Grünland;JAHR;Jahr;2019;DINSG;Deutschland insgesamt;DG;Deutschland;FRUA04;Fruchtarten;FRUART064G1;Silomais/Grünmais einschl. Lieschkolbenschrot;390,0;dt/ha;ERT001;Ertrag je Hektar
41241;Ernte-u.Betriebsbericht: Feldfrüchte und Grünland;JAHR;Jahr;2019;DINSG;Deutschland insgesamt;DG;Deutschland;FRUA04;Fruchtarten;FRUART064G1;Silomais/Grünmais einschl. Lieschkolbenschrot;2222700;ha;FLC016;Anbaufläche
41241;Ernte-u.Betriebsbericht: Feldfrüchte und Grünland;JAHR;Jahr;2010;DINSG;Deutschland insgesamt;DG;Deutschland;FRUA04;Fruchtarten;FRUART01212;Sommergerste;1705280;t;ERN001;Erntemenge
41241;Ernte-u.Betriebsbericht: Feldfrüchte und Grünland;JAHR;Jahr;2010;DINSG;Deutschland insgesamt;DG;Deutschland;FRUA04;Fruchtarten;FRUART01212;Sommergerste;49,2;dt/ha;ERT001;Ertrag je Hektar
41241;Ernte-u.Betriebsbericht: Feldfrüchte und Grünland;JAHR;Jahr;2010;DINSG;Deutschland insgesamt;DG;Deutschland;FRUA04;Fruchtarten;FRUART01212;Sommergerste;346553;ha;FLC016;Anbaufläche
41241;Ernte-u.Betriebsbericht: Feldfrüchte und Grünland;JAHR;Jahr;2020;DINSG;Deutschland insgesamt;DG;Deutschland;FRUA04;Fruchtarten;FRUART062;Luzerne;-;t;ERN001;Erntemenge
41241;Ernte-u.Betriebsbericht: Feldfrüchte und Grünland;JAHR;Jahr;2020;DINSG;Deutschland insgesamt;DG;Deutschland;FRUA04;Fruchtarten;FRUART062;Luzerne;-;dt/ha;ERT001;Ertrag je Hektar
41241;Ernte-u.Betriebsbericht: Feldfrüchte und Grünland;JAHR;Jahr;2020;DINSG;Deutschland insgesamt;DG;Deutschland;FRUA04;Fruchtarten;FRUART062;Luzerne;-;ha;FLC016;Anbaufläche
41241;Ernte-u.Betriebsbericht: Feldfrüchte und Grünland;JAHR;Jahr;2016;DINSG;Deutschland insgesamt;DG;Deutschland;FRUA04;Fruchtarten;FRUART01OKM1;Getreide zur Körnergew. (ohne Körnermais, CCM);41346700;t;ERN001;Erntemenge
41241;Ernte-u.Betriebsbericht: Feldfrüchte und Grünland;JAHR;Jahr;2016;DINSG;Deutschland insgesamt;DG;Deutschland;FRUA04;Fruchtarten;FRUART01OKM1;Getreide zur Körnergew. (ohne Körnermais, CCM);70,1;dt/ha;ERT001;Ertrag je Hektar
41241;Ernte-u.Betriebsbericht: Feldfrüchte und Grünland;JAHR;Jahr;2016;DINSG;Deutschland insgesamt;DG;Deutschland;FRUA04;Fruchtarten;FRUART01OKM1;Getreide zur Körnergew. (ohne Körnermais, CCM);5900000;ha;FLC016;Anbaufläche
41241;Ernte-u.Betriebsbericht: Feldfrüchte und Grünland;JAHR;Jahr;2018;DINSG;Deutschland insgesamt;DG;Deutschland;FRUA04;Fruchtarten;FRUART01211;Wintergerste;7374300;t;ERN001;Erntemenge
41241;Ernte-u.Betriebsbericht: Feldfrüchte und Grünland;JAHR;Jahr;2018;DINSG;Deutschland insgesamt;DG;Deutschland;FRUA04;Fruchtarten;FRUART01211;Wintergerste;60,6;dt/ha;ERT001;Ertrag je Hektar
41241;Ernte-u.Betriebsbericht: Feldfrüchte und Grünland;JAHR;Jahr;2018;DINSG;Deutschland insgesamt;DG;Deutschland;FRUA04;Fruchtarten;FRUART01211;Wintergerste;1216100;ha;FLC016;Anbaufläche
41241;Ernte-u.Betriebsbericht: Feldfrüchte und Grünland;JAHR;Jahr;2017;DINSG;Deutschland insgesamt;DG;Deutschland;FRUA04;Fruchtarten;FRUART01113;Hartweizen (Durum);170400;t;ERN001;Erntemenge
41241;Ernte-u.Betriebsbericht: Feldfrüchte und Grünland;JAHR;Jahr;2017;DINSG;Deutschland insgesamt;DG;Deutschland;FRUA04;Fruchtarten;FRUART01113;Hartweizen (Durum);57,5;dt/ha;ERT001;Ertrag je Hektar
41241;Ernte-u.Betriebsbericht: Feldfrüchte und Grünland;JAHR;Jahr;2017;DINSG;Deutschland insgesamt;DG;Deutschland;FRUA04;Fruchtarten;FRUART01113;Hartweizen (Durum);29600;ha;FLC016;Anbaufläche
41241;Ernte-u.Betriebsbericht: Feldfrüchte und Grünland;JAHR;Jahr;2022;DINSG;Deutschland insgesamt;DG;Deutschland;FRUA04;Fruchtarten;FRUART01EKM1;Getreide zur Körnergew. (einschl. Körnermais, CCM);43478900;t;ERN001;Erntemenge
41241;Ernte-u.Betriebsbericht: Feldfrüchte und Grünland;JAHR;Jahr;2022;DINSG;Deutschland insgesamt;DG;Deutschland;FRUA04;Fruchtarten;FRUART01EKM1;Getreide zur Körnergew. (einschl. Körnermais, CCM);71,3;dt/ha;ERT001;Ertrag je Hektar
41241;Ernte-u.Betriebsbericht: Feldfrüchte und Grünland;JAHR;Jahr;2022;DINSG;Deutschland insgesamt;DG;Deutschland;FRUA04;Fruchtarten;FRUART01EKM1;Getreide zur Körnergew. (einschl. Körnermais, CCM);6101300;ha;FLC016;Anbaufläche
41241;Ernte-u.Betriebsbericht: Feldfrüchte und Grünland;JAHR;Jahr;2012;DINSG;Deutschland insgesamt;DG;Deutschland;FRUA04;Fruchtarten;FRUART013CCM1;Körnermais/Mais zum Ausreifen (einschl. CCM);5514700;t;ERN001;Erntemenge
41241;Ernte-u.Betriebsbericht: Feldfrüchte und Grünland;JAHR;Jahr;2012;DINSG;Deutschland insgesamt;DG;Deutschland;FRUA04;Fruchtarten;FRUART013CCM1;Körnermais/Mais zum Ausreifen (einschl. CCM);105,5;dt/ha;ERT001;Ertrag je Hektar
41241;Ernte-u.Betriebsbericht: Feldfrüchte und Grünland;JAHR;Jahr;2012;DINSG;Deutschland insgesamt;DG;Deutschland;FRUA04;Fruchtarten;FRUART013CCM1;Körnermais/Mais zum Ausreifen (einschl. CCM);526200;ha;FLC016;Anbaufläche
41241;Ernte-u.Betriebsbericht: Feldfrüchte und Grünland;JAHR;Jahr;2021;DINSG;Deutschland insgesamt;DG;Deutschland;FRUA04;Fruchtarten;FRUART0124;Triticale;1908600;t;ERN001;Erntemenge
41241;Ernte-u.Betriebsbericht: Feldfrüchte und Grünland;JAHR;Jahr;2021;DINSG;Deutschland insgesamt;DG;Deutschland;FRUA04;Fruchtarten;FRUART0124;Triticale;58,1;dt/ha;ERT001;Ertrag je Hektar
41241;Ernte-u.Betriebsbericht: Feldfrüchte und Grünland;JAHR;Jahr;2021;DINSG;Deutschland insgesamt;DG;Deutschland;FRUA04;Fruchtarten;FRUART0124;Triticale;328300;ha;FLC016;Anbaufläche
41241;Ernte-u.Betriebsbericht: Feldfrüchte und Grünland;JAHR;Jahr;2025;DINSG;Deutschland insgesamt;DG;Deutschland;FRUA04;Fruchtarten;FRUART0121;Gerste;11336600;t;ERN001;Erntemenge
41241;Ernte-u.Betriebsbericht: Feldfrüchte und Grünland;JAHR;Jahr;2025;DINSG;Deutschland insgesamt;DG;Deutschland;FRUA04;Fruchtarten;FRUART0121;Gerste;74,4;dt/ha;ERT001;Ertrag je Hektar
41241;Ernte-u.Betriebsbericht: Feldfrüchte und Grünland;JAHR;Jahr;2025;DINSG;Deutschland insgesamt;DG;Deutschland;FRUA04;Fruchtarten;FRUART0121;Gerste;1523000;ha;FLC016;Anbaufläche
41241;Ernte-u.Betriebsbericht: Feldfrüchte und Grünland;JAHR;Jahr;2017;DINSG;Deutschland insgesamt;DG;Deutschland;FRUA04;Fruchtarten;FRUART02LG;Leguminosen zur Ganzpflanzenernte (z.B. Klee);2299200;t;ERN001;Erntemenge
41241;Ernte-u.Betriebsbericht: Feldfrüchte und Grünland;JAHR;Jahr;2017;DINSG;Deutschland insgesamt;DG;Deutschland;FRUA04;Fruchtarten;FRUART02LG;Leguminosen zur Ganzpflanzenernte (z.B. Klee);83,8;dt/ha;ERT001;Ertrag je Hektar
41241;Ernte-u.Betriebsbericht: Feldfrüchte und Grünland;JAHR;Jahr;2017;DINSG;Deutschland insgesamt;DG;Deutschland;FRUA04;Fruchtarten;FRUART02LG;Leguminosen zur Ganzpflanzenernte (z.B. Klee);274500;ha;FLC016;Anbaufläche
41241;Ernte-u.Betriebsbericht: Feldfrüchte und Grünland;JAHR;Jahr;2016;DINSG;Deutschland insgesamt;DG;Deutschland;FRUA04;Fruchtarten;FRUART01111E;Winterweizen (einschließlich Einkorn);-;t;ERN001;Erntemenge
41241;Ernte-u.Betriebsbericht: Feldfrüchte und Grünland;JAHR;Jahr;2016;DINSG;Deutschland insgesamt;DG;Deutschland;FRUA04;Fruchtarten;FRUART01111E;Winterweizen (einschließlich Einkorn);-;dt/ha;ERT001;Ertrag je Hektar
41241;Ernte-u.Betriebsbericht: Feldfrüchte und Grünland;JAHR;Jahr;2016;DINSG;Deutschland insgesamt;DG;Deutschland;FRUA04;Fruchtarten;FRUART01111E;Winterweizen (einschließlich Einkorn);-;ha;FLC016;Anbaufläche
41241;Ernte-u.Betriebsbericht: Feldfrüchte und Grünland;JAHR;Jahr;2012;DINSG;Deutschland insgesamt;DG;Deutschland;FRUA04;Fruchtarten;FRUART0122;Hafer;756500;t;ERN001;Erntemenge
41241;Ernte-u.Betriebsbericht: Feldfrüchte und Grünland;JAHR;Jahr;2012;DINSG;Deutschland insgesamt;DG;Deutschland;FRUA04;Fruchtarten;FRUART0122;Hafer;52,0;dt/ha;ERT001;Ertrag je Hektar
41241;Ernte-u.Betriebsbericht: Feldfrüchte und Grünland;JAHR;Jahr;2012;DINSG;Deutschland insgesamt;DG;Deutschland;FRUA04;Fruchtarten;FRUART0122;Hafer;145400;ha;FLC016;Anbaufläche
41241;Ernte-u.Betriebsbericht: Feldfrüchte und Grünland;JAHR;Jahr;2024;DINSG;Deutschland insgesamt;DG;Deutschland;FRUA04;Fruchtarten;FRUART01OKM1;Getreide zur Körnergew. (ohne Körnermais, CCM);33964900;t;ERN001;Erntemenge
41241;Ernte-u.Betriebsbericht: Feldfrüchte und Grünland;JAHR;Jahr;2024;DINSG;Deutschland insgesamt;DG;Deutschland;FRUA04;Fruchtarten;FRUART01OKM1;Getreide zur Körnergew. (ohne Körnermais, CCM);64,8;dt/ha;ERT001;Ertrag je Hektar
41241;Ernte-u.Betriebsbericht: Feldfrüchte und Grünland;JAHR;Jahr;2024;DINSG;Deutschland insgesamt;DG;Deutschland;FRUA04;Fruchtarten;FRUART01OKM1;Getreide zur Körnergew. (ohne Körnermais, CCM);5241200;ha;FLC016;Anbaufläche
41241;Ernte-u.Betriebsbericht: Feldfrüchte und Grünland;JAHR;Jahr;2010;DINSG;Deutschland insgesamt;DG;Deutschland;FRUA04;Fruchtarten;FRUART01121;Roggen und Wintermenggetreide;2900438;t;ERN001;Erntemenge
41241;Ernte-u.Betriebsbericht: Feldfrüchte und Grünland;JAHR;Jahr;2010;DINSG;Deutschland insgesamt;DG;Deutschland;FRUA04;Fruchtarten;FRUART01121;Roggen und Wintermenggetreide;46,3;dt/ha;ERT001;Ertrag je Hektar
41241;Ernte-u.Betriebsbericht: Feldfrüchte und Grünland;JAHR;Jahr;2010;DINSG;Deutschland insgesamt;DG;Deutschland;FRUA04;Fruchtarten;FRUART01121;Roggen und Wintermenggetreide;627112;ha;FLC016;Anbaufläche
41241;Ernte-u.Betriebsbericht: Feldfrüchte und Grünland;JAHR;Jahr;2017;DINSG;Deutschland insgesamt;DG;Deutschland;FRUA04;Fruchtarten;FRUART062;Luzerne;-;t;ERN001;Erntemenge
41241;Ernte-u.Betriebsbericht: Feldfrüchte und Grünland;JAHR;Jahr;2017;DINSG;Deutschland insgesamt;DG;Deutschland;FRUA04;Fruchtarten;FRUART062;Luzerne;-;dt/ha;ERT001;Ertrag je Hektar
41241;Ernte-u.Betriebsbericht: Feldfrüchte und Grünland;JAHR;Jahr;2017;DINSG;Deutschland insgesamt;DG;Deutschland;FRUA04;Fruchtarten;FRUART062;Luzerne;-;ha;FLC016;Anbaufläche
41241;Ernte-u.Betriebsbericht: Feldfrüchte und Grünland;JAHR;Jahr;2016;DINSG;Deutschland insgesamt;DG;Deutschland;FRUA04;Fruchtarten;FRUART032;Zuckerrüben;25497200;t;ERN001;Erntemenge
41241;Ernte-u.Betriebsbericht: Feldfrüchte und Grünland;JAHR;Jahr;2016;DINSG;Deutschland insgesamt;DG;Deutschland;FRUA04;Fruchtarten;FRUART032;Zuckerrüben;762,3;dt/ha;ERT001;Ertrag je Hektar
41241;Ernte-u.Betriebsbericht: Feldfrüchte und Grünland;JAHR;Jahr;2016;DINSG;Deutschland insgesamt;DG;Deutschland;FRUA04;Fruchtarten;FRUART032;Zuckerrüben;334500;ha;FLC016;Anbaufläche
41241;Ernte-u.Betriebsbericht: Feldfrüchte und Grünland;JAHR;Jahr;2016;DINSG;Deutschland insgesamt;DG;Deutschland;FRUA04;Fruchtarten;FRUART0515;Sonnenblumen;35700;t;ERN001;Erntemenge
41241;Ernte-u.Betriebsbericht: Feldfrüchte und Grünland;JAHR;Jahr;2016;DINSG;Deutschland insgesamt;DG;Deutschland;FRUA04;Fruchtarten;FRUART0515;Sonnenblumen;21,4;dt/ha;ERT001;Ertrag je Hektar
41241;Ernte-u.Betriebsbericht: Feldfrüchte und Grünland;JAHR;Jahr;2016;DINSG;Deutschland insgesamt;DG;Deutschland;FRUA04;Fruchtarten;FRUART0515;Sonnenblumen;16700;ha;FLC016;Anbaufläche
41241;Ernte-u.Betriebsbericht: Feldfrüchte und Grünland;JAHR;Jahr;2011;DINSG;Deutschland insgesamt;DG;Deutschland;FRUA04;Fruchtarten;FRUART024OF;Erbsen (ohne Frischerbsen);154600;t;ERN001;Erntemenge
41241;Ernte-u.Betriebsbericht: Feldfrüchte und Grünland;JAHR;Jahr;2011;DINSG;Deutschland insgesamt;DG;Deutschland;FRUA04;Fruchtarten;FRUART024OF;Erbsen (ohne Frischerbsen);27,7;dt/ha;ERT001;Ertrag je Hektar
41241;Ernte-u.Betriebsbericht: Feldfrüchte und Grünland;JAHR;Jahr;2011;DINSG;Deutschland insgesamt;DG;Deutschland;FRUA04;Fruchtarten;FRUART024OF;Erbsen (ohne Frischerbsen);55800;ha;FLC016;Anbaufläche
41241;Ernte-u.Betriebsbericht: Feldfrüchte und Grünland;JAHR;Jahr;2025;DINSG;Deutschland insgesamt;DG;Deutschland;FRUA04;Fruchtarten;FRUART01G;Getreide zur Ganzpflanzenernte;2588100;t;ERN001;Erntemenge
41241;Ernte-u.Betriebsbericht: Feldfrüchte und Grünland;JAHR;Jahr;2025;DINSG;Deutschland insgesamt;DG;Deutschland;FRUA04;Fruchtarten;FRUART01G;Getreide zur Ganzpflanzenernte;299,8;dt/ha;ERT001;Ertrag je Hektar
41241;Ernte-u.Betriebsbericht: Feldfrüchte und Grünland;JAHR;Jahr;2025;DINSG;Deutschland insgesamt;DG;Deutschland;FRUA04;Fruchtarten;FRUART01G;Getreide zur Ganzpflanzenernte;86300;ha;FLC016;Anbaufläche
41241;Ernte-u.Betriebsbericht: Feldfrüchte und Grünland;JAHR;Jahr;2023;DINSG;Deutschland insgesamt;DG;Deutschland;FRUA04;Fruchtarten;FRUART0631;Feldgras/Grasanbau auf dem Ackerland (inkl.Misch.);2114200;t;ERN001;Erntemenge
41241;Ernte-u.Betriebsbericht: Feldfrüchte und Grünland;JAHR;Jahr;2023;DINSG;Deutschland insgesamt;DG;Deutschland;FRUA04;Fruchtarten;FRUART0631;Feldgras/Grasanbau auf dem Ackerland (inkl.Misch.);74,6;dt/ha;ERT001;Ertrag je Hektar
41241;Ernte-u.Betriebsbericht: Feldfrüchte und Grünland;JAHR;Jahr;2023;DINSG;Deutschland insgesamt;DG;Deutschland;FRUA04;Fruchtarten;FRUART0631;Feldgras/Grasanbau auf dem Ackerland (inkl.Misch.);283500;ha;FLC016;Anbaufläche
41241;Ernte-u.Betriebsbericht: Feldfrüchte und Grünland;JAHR;Jahr;2012;DINSG;Deutschland insgesamt;DG;Deutschland;FRUA04;Fruchtarten;FRUART02LG;Leguminosen zur Ganzpflanzenernte (z.B. Klee);2075500;t;ERN001;Erntemenge
41241;Ernte-u.Betriebsbericht: Feldfrüchte und Grünland;JAHR;Jahr;2012;DINSG;Deutschland insgesamt;DG;Deutschland;FRUA04;Fruchtarten;FRUART02LG;Leguminosen zur Ganzpflanzenernte (z.B. Klee);75,8;dt/ha;ERT001;Ertrag je Hektar
41241;Ernte-u.Betriebsbericht: Feldfrüchte und Grünland;JAHR;Jahr;2012;DINSG;Deutschland insgesamt;DG;Deutschland;FRUA04;Fruchtarten;FRUART02LG;Leguminosen zur Ganzpflanzenernte (z.B. Klee);273700;ha;FLC016;Anbaufläche
41241;Ernte-u.Betriebsbericht: Feldfrüchte und Grünland;JAHR;Jahr;2020;DINSG;Deutschland insgesamt;DG;Deutschland;FRUA04;Fruchtarten;FRUART031;Kartoffeln;11715100;t;ERN001;Erntemenge
41241;Ernte-u.Betriebsbericht: Feldfrüchte und Grünland;JAHR;Jahr;2020;DINSG;Deutschland insgesamt;DG;Deutschland;FRUA04;Fruchtarten;FRUART031;Kartoffeln;428,3;dt/ha;ERT001;Ertrag je Hektar
41241;Ernte-u.Betriebsbericht: Feldfrüchte und Grünland;JAHR;Jahr;2020;DINSG;Deutschland insgesamt;DG;Deutschland;FRUA04;Fruchtarten;FRUART031;Kartoffeln;273500;ha;FLC016;Anbaufläche
41241;Ernte-u.Betriebsbericht: Feldfrüchte und Grünland;JAHR;Jahr;2025;DINSG;Deutschland insgesamt;DG;Deutschland;FRUA04;Fruchtarten;FRUART081;Wiesen (Schnittnutzung);13270800;t;ERN001;Erntemenge
41241;Ernte-u.Betriebsbericht: Feldfrüchte und Grünland;JAHR;Jahr;2025;DINSG;Deutschland insgesamt;DG;Deutschland;FRUA04;Fruchtarten;FRUART081;Wiesen (Schnittnutzung);67,7;dt/ha;ERT001;Ertrag je Hektar
41241;Ernte-u.Betriebsbericht: Feldfrüchte und Grünland;JAHR;Jahr;2025;DINSG;Deutschland insgesamt;DG;Deutschland;FRUA04;Fruchtarten;FRUART081;Wiesen (Schnittnutzung);1959400;ha;FLC016;Anbaufläche
41241;Ernte-u.Betriebsbericht: Feldfrüchte und Grünland;JAHR;Jahr;2014;DINSG;Deutschland insgesamt;DG;Deutschland;FRUA04;Fruchtarten;FRUART05112;Sommerraps, Winter- und Sommerrübsen;5700;t;ERN001;Erntemenge
41241;Ernte-u.Betriebsbericht: Feldfrüchte und Grünland;JAHR;Jahr;2014;DINSG;Deutschland insgesamt;DG;Deutschland;FRUA04;Fruchtarten;FRUART05112;Sommerraps, Winter- und Sommerrübsen;24,5;dt/ha;ERT001;Ertrag je Hektar
41241;Ernte-u.Betriebsbericht: Feldfrüchte und Grünland;JAHR;Jahr;2014;DINSG;Deutschland insgesamt;DG;Deutschland;FRUA04;Fruchtarten;FRUART05112;Sommerraps, Winter- und Sommerrübsen;2300;ha;FLC016;Anbaufläche
41241;Ernte-u.Betriebsbericht: Feldfrüchte und Grünland;JAHR;Jahr;2023;DINSG;Deutschland insgesamt;DG;Deutschland;FRUA04;Fruchtarten;FRUART022;Ackerbohnen;175300;t;ERN001;Erntemenge
41241;Ernte-u.Betriebsbericht: Feldfrüchte und Grünland;JAHR;Jahr;2023;DINSG;Deutschland insgesamt;DG;Deutschland;FRUA04;Fruchtarten;FRUART022;Ackerbohnen;28,8;dt/ha;ERT001;Ertrag je Hektar
41241;Ernte-u.Betriebsbericht: Feldfrüchte und Grünland;JAHR;Jahr;2023;DINSG;Deutschland insgesamt;DG;Deutschland;FRUA04;Fruchtarten;FRUART022;Ackerbohnen;60900;ha;FLC016;Anbaufläche
41241;Ernte-u.Betriebsbericht: Feldfrüchte und Grünland;JAHR;Jahr;2017;DINSG;Deutschland insgesamt;DG;Deutschland;FRUA04;Fruchtarten;FRUART0111;Weizen;24481600;t;ERN001;Erntemenge
41241;Ernte-u.Betriebsbericht: Feldfrüchte und Grünland;JAHR;Jahr;2017;DINSG;Deutschland insgesamt;DG;Deutschland;FRUA04;Fruchtarten;FRUART0111;Weizen;76,4;dt/ha;ERT001;Ertrag je Hektar
41241;Ernte-u.Betriebsbericht: Feldfrüchte und Grünland;JAHR;Jahr;2017;DINSG;Deutschland insgesamt;DG;Deutschland;FRUA04;Fruchtarten;FRUART0111;Weizen;3202600;ha;FLC016;Anbaufläche
41241;Ernte-u.Betriebsbericht: Feldfrüchte und Grünland;JAHR;Jahr;2017;DINSG;Deutschland insgesamt;DG;Deutschland;FRUA04;Fruchtarten;FRUART01112OH;Sommerweizen (ohne Hartweizen);231200;t;ERN001;Erntemenge
41241;Ernte-u.Betriebsbericht: Feldfrüchte und Grünland;JAHR;Jahr;2017;DINSG;Deutschland insgesamt;DG;Deutschland;FRUA04;Fruchtarten;FRUART01112OH;Sommerweizen (ohne Hartweizen);55,0;dt/ha;ERT001;Ertrag je Hektar
41241;Ernte-u.Betriebsbericht: Feldfrüchte und Grünland;JAHR;Jahr;2017;DINSG;Deutschland insgesamt;DG;Deutschland;FRUA04;Fruchtarten;FRUART01112OH;Sommerweizen (ohne Hartweizen);42100;ha;FLC016;Anbaufläche
41241;Ernte-u.Betriebsbericht: Feldfrüchte und Grünland;JAHR;Jahr;2020;DINSG;Deutschland insgesamt;DG;Deutschland;FRUA04;Fruchtarten;FRUART0121;Gerste;10769200;t;ERN001;Erntemenge
41241;Ernte-u.Betriebsbericht: Feldfrüchte und Grünland;JAHR;Jahr;2020;DINSG;Deutschland insgesamt;DG;Deutschland;FRUA04;Fruchtarten;FRUART0121;Gerste;64,6;dt/ha;ERT001;Ertrag je Hektar
41241;Ernte-u.Betriebsbericht: Feldfrüchte und Grünland;JAHR;Jahr;2020;DINSG;Deutschland insgesamt;DG;Deutschland;FRUA04;Fruchtarten;FRUART0121;Gerste;1667300;ha;FLC016;Anbaufläche
41241;Ernte-u.Betriebsbericht: Feldfrüchte und Grünland;JAHR;Jahr;2014;DINSG;Deutschland insgesamt;DG;Deutschland;FRUA04;Fruchtarten;FRUART01211;Wintergerste;9495800;t;ERN001;Erntemenge
41241;Ernte-u.Betriebsbericht: Feldfrüchte und Grünland;JAHR;Jahr;2014;DINSG;Deutschland insgesamt;DG;Deutschland;FRUA04;Fruchtarten;FRUART01211;Wintergerste;77,3;dt/ha;ERT001;Ertrag je Hektar
41241;Ernte-u.Betriebsbericht: Feldfrüchte und Grünland;JAHR;Jahr;2014;DINSG;Deutschland insgesamt;DG;Deutschland;FRUA04;Fruchtarten;FRUART01211;Wintergerste;1227800;ha;FLC016;Anbaufläche
41241;Ernte-u.Betriebsbericht: Feldfrüchte und Grünland;JAHR;Jahr;2023;DINSG;Deutschland insgesamt;DG;Deutschland;FRUA04;Fruchtarten;FRUART064G1;Silomais/Grünmais einschl. Lieschkolbenschrot;84270000;t;ERN001;Erntemenge
41241;Ernte-u.Betriebsbericht: Feldfrüchte und Grünland;JAHR;Jahr;2023;DINSG;Deutschland insgesamt;DG;Deutschland;FRUA04;Fruchtarten;FRUART064G1;Silomais/Grünmais einschl. Lieschkolbenschrot;421,3;dt/ha;ERT001;Ertrag je Hektar
41241;Ernte-u.Betriebsbericht: Feldfrüchte und Grünland;JAHR;Jahr;2023;DINSG;Deutschland insgesamt;DG;Deutschland;FRUA04;Fruchtarten;FRUART064G1;Silomais/Grünmais einschl. Lieschkolbenschrot;2000000;ha;FLC016;Anbaufläche
41241;Ernte-u.Betriebsbericht: Feldfrüchte und Grünland;JAHR;Jahr;2018;DINSG;Deutschland insgesamt;DG;Deutschland;FRUA04;Fruchtarten;FRUART067S;Süßlupinen;22300;t;ERN001;Erntemenge
41241;Ernte-u.Betriebsbericht: Feldfrüchte und Grünland;JAHR;Jahr;2018;DINSG;Deutschland insgesamt;DG;Deutschland;FRUA04;Fruchtarten;FRUART067S;Süßlupinen;9,5;dt/ha;ERT001;Ertrag je Hektar
41241;Ernte-u.Betriebsbericht: Feldfrüchte und Grünland;JAHR;Jahr;2018;DINSG;Deutschland insgesamt;DG;Deutschland;FRUA04;Fruchtarten;FRUART067S;Süßlupinen;23400;ha;FLC016;Anbaufläche
41241;Ernte-u.Betriebsbericht: Feldfrüchte und Grünland;JAHR;Jahr;2018;DINSG;Deutschland insgesamt;DG;Deutschland;FRUA04;Fruchtarten;FRUART081;Wiesen (Schnittnutzung);9642200;t;ERN001;Erntemenge
41241;Ernte-u.Betriebsbericht: Feldfrüchte und Grünland;JAHR;Jahr;2018;DINSG;Deutschland insgesamt;DG;Deutschland;FRUA04;Fruchtarten;FRUART081;Wiesen (Schnittnutzung);51,8;dt/ha;ERT001;Ertrag je Hektar
41241;Ernte-u.Betriebsbericht: Feldfrüchte und Grünland;JAHR;Jahr;2018;DINSG;Deutschland insgesamt;DG;Deutschland;FRUA04;Fruchtarten;FRUART081;Wiesen (Schnittnutzung);1863100;ha;FLC016;Anbaufläche
41241;Ernte-u.Betriebsbericht: Feldfrüchte und Grünland;JAHR;Jahr;2018;DINSG;Deutschland insgesamt;DG;Deutschland;FRUA04;Fruchtarten;FRUART01G;Getreide zur Ganzpflanzenernte;1987400;t;ERN001;Erntemenge
41241;Ernte-u.Betriebsbericht: Feldfrüchte und Grünland;JAHR;Jahr;2018;DINSG;Deutschland insgesamt;DG;Deutschland;FRUA04;Fruchtarten;FRUART01G;Getreide zur Ganzpflanzenernte;229,5;dt/ha;ERT001;Ertrag je Hektar
41241;Ernte-u.Betriebsbericht: Feldfrüchte und Grünland;JAHR;Jahr;2018;DINSG;Deutschland insgesamt;DG;Deutschland;FRUA04;Fruchtarten;FRUART01G;Getreide zur Ganzpflanzenernte;86600;ha;FLC016;Anbaufläche
41241;Ernte-u.Betriebsbericht: Feldfrüchte und Grünland;JAHR;Jahr;2015;DINSG;Deutschland insgesamt;DG;Deutschland;FRUA04;Fruchtarten;FRUART0511;Raps und Rübsen;5016800;t;ERN001;Erntemenge
41241;Ernte-u.Betriebsbericht: Feldfrüchte und Grünland;JAHR;Jahr;2015;DINSG;Deutschland insgesamt;DG;Deutschland;FRUA04;Fruchtarten;FRUART0511;Raps und Rübsen;39,0;dt/ha;ERT001;Ertrag je Hektar
41241;Ernte-u.Betriebsbericht: Feldfrüchte und Grünland;JAHR;Jahr;2015;DINSG;Deutschland insgesamt;DG;Deutschland;FRUA04;Fruchtarten;FRUART0511;Raps und Rübsen;1285500;ha;FLC016;Anbaufläche
41241;Ernte-u.Betriebsbericht: Feldfrüchte und Grünland;JAHR;Jahr;2017;DINSG;Deutschland insgesamt;DG;Deutschland;FRUA04;Fruchtarten;FRUART05111;Winterraps;4268400;t;ERN001;Erntemenge
41241;Ernte-u.Betriebsbericht: Feldfrüchte und Grünland;JAHR;Jahr;2017;DINSG;Deutschland insgesamt;DG;Deutschland;FRUA04;Fruchtarten;FRUART05111;Winterraps;32,7;dt/ha;ERT001;Ertrag je Hektar
41241;Ernte-u.Betriebsbericht: Feldfrüchte und Grünland;JAHR;Jahr;2017;DINSG;Deutschland insgesamt;DG;Deutschland;FRUA04;Fruchtarten;FRUART05111;Winterraps;1304900;ha;FLC016;Anbaufläche
41241;Ernte-u.Betriebsbericht: Feldfrüchte und Grünland;JAHR;Jahr;2015;DINSG;Deutschland insgesamt;DG;Deutschland;FRUA04;Fruchtarten;FRUART01111DE;Winterweizen (einschließlich Dinkel und Einkorn);26169900;t;ERN001;Erntemenge
41241;Ernte-u.Betriebsbericht: Feldfrüchte und Grünland;JAHR;Jahr;2015;DINSG;Deutschland insgesamt;DG;Deutschland;FRUA04;Fruchtarten;FRUART01111DE;Winterweizen (einschließlich Dinkel und Einkorn);81,5;dt/ha;ERT001;Ertrag je Hektar
41241;Ernte-u.Betriebsbericht: Feldfrüchte und Grünland;JAHR;Jahr;2015;DINSG;Deutschland insgesamt;DG;Deutschland;FRUA04;Fruchtarten;FRUART01111DE;Winterweizen (einschließlich Dinkel und Einkorn);3210400;ha;FLC016;Anbaufläche
41241;Ernte-u.Betriebsbericht: Feldfrüchte und Grünland;JAHR;Jahr;2021;DINSG;Deutschland insgesamt;DG;Deutschland;FRUA04;Fruchtarten;FRUART01112OH;Sommerweizen (ohne Hartweizen);157900;t;ERN001;Erntemenge
41241;Ernte-u.Betriebsbericht: Feldfrüchte und Grünland;JAHR;Jahr;2021;DINSG;Deutschland insgesamt;DG;Deutschland;FRUA04;Fruchtarten;FRUART01112OH;Sommerweizen (ohne Hartweizen);51,4;dt/ha;ERT001;Ertrag je Hektar
41241;Ernte-u.Betriebsbericht: Feldfrüchte und Grünland;JAHR;Jahr;2021;DINSG;Deutschland insgesamt;DG;Deutschland;FRUA04;Fruchtarten;FRUART01112OH;Sommerweizen (ohne Hartweizen);30700;ha;FLC016;Anbaufläche
41241;Ernte-u.Betriebsbericht: Feldfrüchte und Grünland;JAHR;Jahr;2020;DINSG;Deutschland insgesamt;DG;Deutschland;FRUA04;Fruchtarten;FRUART064G1;Silomais/Grünmais einschl. Lieschkolbenschrot;97486700;t;ERN001;Erntemenge
41241;Ernte-u.Betriebsbericht: Feldfrüchte und Grünland;JAHR;Jahr;2020;DINSG;Deutschland insgesamt;DG;Deutschland;FRUA04;Fruchtarten;FRUART064G1;Silomais/Grünmais einschl. Lieschkolbenschrot;423,9;dt/ha;ERT001;Ertrag je Hektar
41241;Ernte-u.Betriebsbericht: Feldfrüchte und Grünland;JAHR;Jahr;2020;DINSG;Deutschland insgesamt;DG;Deutschland;FRUA04;Fruchtarten;FRUART064G1;Silomais/Grünmais einschl. Lieschkolbenschrot;2299700;ha;FLC016;Anbaufläche
41241;Ernte-u.Betriebsbericht: Feldfrüchte und Grünland;JAHR;Jahr;2026;DINSG;Deutschland insgesamt;DG;Deutschland;FRUA04;Fruchtarten;FRUART0124;Triticale;1644600;t;ERN001;Erntemenge
41241;Ernte-u.Betriebsbericht: Feldfrüchte und Grünland;JAHR;Jahr;2026;DINSG;Deutschland insgesamt;DG;Deutschland;FRUA04;Fruchtarten;FRUART0124;Triticale;59,4;dt/ha;ERT001;Ertrag je Hektar
41241;Ernte-u.Betriebsbericht: Feldfrüchte und Grünland;JAHR;Jahr;2026;DINSG;Deutschland insgesamt;DG;Deutschland;FRUA04;Fruchtarten;FRUART0124;Triticale;276900;ha;FLC016;Anbaufläche
41241;Ernte-u.Betriebsbericht: Feldfrüchte und Grünland;JAHR;Jahr;2010;DINSG;Deutschland insgesamt;DG;Deutschland;FRUA04;Fruchtarten;FRUART0511;Raps und Rübsen;5697595;t;ERN001;Erntemenge
41241;Ernte-u.Betriebsbericht: Feldfrüchte und Grünland;JAHR;Jahr;2010;DINSG;Deutschland insgesamt;DG;Deutschland;FRUA04;Fruchtarten;FRUART0511;Raps und Rübsen;39,0;dt/ha;ERT001;Ertrag je Hektar
41241;Ernte-u.Betriebsbericht: Feldfrüchte und Grünland;JAHR;Jahr;2010;DINSG;Deutschland insgesamt;DG;Deutschland;FRUA04;Fruchtarten;FRUART0511;Raps und Rübsen;1461197;ha;FLC016;Anbaufläche
41241;Ernte-u.Betriebsbericht: Feldfrüchte und Grünland;JAHR;Jahr;2023;DINSG;Deutschland insgesamt;DG;Deutschland;FRUA04;Fruchtarten;FRUART01111E;Winterweizen (einschließlich Einkorn);-;t;ERN001;Erntemenge
41241;Ernte-u.Betriebsbericht: Feldfrüchte und Grünland;JAHR;Jahr;2023;DINSG;Deutschland insgesamt;DG;Deutschland;FRUA04;Fruchtarten;FRUART01111E;Winterweizen (einschließlich Einkorn);-;dt/ha;ERT001;Ertrag je Hektar
41241;Ernte-u.Betriebsbericht: Feldfrüchte und Grünland;JAHR;Jahr;2023;DINSG;Deutschland insgesamt;DG;Deutschland;FRUA04;Fruchtarten;FRUART01111E;Winterweizen (einschließlich Einkorn);-;ha;FLC016;Anbaufläche
41241;Ernte-u.Betriebsbericht: Feldfrüchte und Grünland;JAHR;Jahr;2010;DINSG;Deutschland insgesamt;DG;Deutschland;FRUA04;Fruchtarten;FRUART062;Luzerne;-;t;ERN001;Erntemenge
41241;Ernte-u.Betriebsbericht: Feldfrüchte und Grünland;JAHR;Jahr;2010;DINSG;Deutschland insgesamt;DG;Deutschland;FRUA04;Fruchtarten;FRUART062;Luzerne;-;dt/ha;ERT001;Ertrag je Hektar
41241;Ernte-u.Betriebsbericht: Feldfrüchte und Grünland;JAHR;Jahr;2010;DINSG;Deutschland insgesamt;DG;Deutschland;FRUA04;Fruchtarten;FRUART062;Luzerne;-;ha;FLC016;Anbaufläche
41241;Ernte-u.Betriebsbericht: Feldfrüchte und Grünland;JAHR;Jahr;2013;DINSG;Deutschland insgesamt;DG;Deutschland;FRUA04;Fruchtarten;FRUART067S;Süßlupinen;31100;t;ERN001;Erntemenge
41241;Ernte-u.Betriebsbericht: Feldfrüchte und Grünland;JAHR;Jahr;2013;DINSG;Deutschland insgesamt;DG;Deutschland;FRUA04;Fruchtarten;FRUART067S;Süßlupinen;17,9;dt/ha;ERT001;Ertrag je Hektar
41241;Ernte-u.Betriebsbericht: Feldfrüchte und Grünland;JAHR;Jahr;2013;DINSG;Deutschland insgesamt;DG;Deutschland;FRUA04;Fruchtarten;FRUART067S;Süßlupinen;17400;ha;FLC016;Anbaufläche
41241;Ernte-u.Betriebsbericht: Feldfrüchte und Grünland;JAHR;Jahr;2020;DINSG;Deutschland insgesamt;DG;Deutschland;FRUA04;Fruchtarten;FRUART065;Raufutter;30866800;t;ERN001;Erntemenge
41241;Ernte-u.Betriebsbericht: Feldfrüchte und Grünland;JAHR;Jahr;2020;DINSG;Deutschland insgesamt;DG;Deutschland;FRUA04;Fruchtarten;FRUART065;Raufutter;59,9;dt/ha;ERT001;Ertrag je Hektar
41241;Ernte-u.Betriebsbericht: Feldfrüchte und Grünland;JAHR;Jahr;2020;DINSG;Deutschland insgesamt;DG;Deutschland;FRUA04;Fruchtarten;FRUART065;Raufutter;5152900;ha;FLC016;Anbaufläche
41241;Ernte-u.Betriebsbericht: Feldfrüchte und Grünland;JAHR;Jahr;2017;DINSG;Deutschland insgesamt;DG;Deutschland;FRUA04;Fruchtarten;FRUART0123;Sommermenggetreide;43300;t;ERN001;Erntemenge
41241;Ernte-u.Betriebsbericht: Feldfrüchte und Grünland;JAHR;Jahr;2017;DINSG;Deutschland insgesamt;DG;Deutschland;FRUA04;Fruchtarten;FRUART0123;Sommermenggetreide;37,9;dt/ha;ERT001;Ertrag je Hektar
41241;Ernte-u.Betriebsbericht: Feldfrüchte und Grünland;JAHR;Jahr;2017;DINSG;Deutschland insgesamt;DG;Deutschland;FRUA04;Fruchtarten;FRUART0123;Sommermenggetreide;11400;ha;FLC016;Anbaufläche
41241;Ernte-u.Betriebsbericht: Feldfrüchte und Grünland;JAHR;Jahr;2021;DINSG;Deutschland insgesamt;DG;Deutschland;FRUA04;Fruchtarten;FRUART01113;Hartweizen (Durum);206900;t;ERN001;Erntemenge
41241;Ernte-u.Betriebsbericht: Feldfrüchte und Grünland;JAHR;Jahr;2021;DINSG;Deutschland insgesamt;DG;Deutschland;FRUA04;Fruchtarten;FRUART01113;Hartweizen (Durum);55,1;dt/ha;ERT001;Ertrag je Hektar
41241;Ernte-u.Betriebsbericht: Feldfrüchte und Grünland;JAHR;Jahr;2021;DINSG;Deutschland insgesamt;DG;Deutschland;FRUA04;Fruchtarten;FRUART01113;Hartweizen (Durum);37500;ha;FLC016;Anbaufläche
41241;Ernte-u.Betriebsbericht: Feldfrüchte und Grünland;JAHR;Jahr;2015;DINSG;Deutschland insgesamt;DG;Deutschland;FRUA04;Fruchtarten;FRUART01EKM1;Getreide zur Körnergew. (einschl. Körnermais, CCM);48866800;t;ERN001;Erntemenge
41241;Ernte-u.Betriebsbericht: Feldfrüchte und Grünland;JAHR;Jahr;2015;DINSG;Deutschland insgesamt;DG;Deutschland;FRUA04;Fruchtarten;FRUART01EKM1;Getreide zur Körnergew. (einschl. Körnermais, CCM);75,1;dt/ha;ERT001;Ertrag je Hektar
41241;Ernte-u.Betriebsbericht: Feldfrüchte und Grünland;JAHR;Jahr;2015;DINSG;Deutschland insgesamt;DG;Deutschland;FRUA04;Fruchtarten;FRUART01EKM1;Getreide zur Körnergew. (einschl. Körnermais, CCM);6517500;ha;FLC016;Anbaufläche
41241;Ernte-u.Betriebsbericht: Feldfrüchte und Grünland;JAHR;Jahr;2021;DINSG;Deutschland insgesamt;DG;Deutschland;FRUA04;Fruchtarten;FRUART01211;Wintergerste;8891400;t;ERN001;Erntemenge
41241;Ernte-u.Betriebsbericht: Feldfrüchte und Grünland;JAHR;Jahr;2021;DINSG;Deutschland insgesamt;DG;Deutschland;FRUA04;Fruchtarten;FRUART01211;Wintergerste;71,6;dt/ha;ERT001;Ertrag je Hektar
41241;Ernte-u.Betriebsbericht: Feldfrüchte und Grünland;JAHR;Jahr;2021;DINSG;Deutschland insgesamt;DG;Deutschland;FRUA04;Fruchtarten;FRUART01211;Wintergerste;1241100;ha;FLC016;Anbaufläche
41241;Ernte-u.Betriebsbericht: Feldfrüchte und Grünland;JAHR;Jahr;2011;DINSG;Deutschland insgesamt;DG;Deutschland;FRUA04;Fruchtarten;FRUART05112;Sommerraps, Winter- und Sommerrübsen;39100;t;ERN001;Erntemenge
41241;Ernte-u.Betriebsbericht: Feldfrüchte und Grünland;JAHR;Jahr;2011;DINSG;Deutschland insgesamt;DG;Deutschland;FRUA04;Fruchtarten;FRUART05112;Sommerraps, Winter- und Sommerrübsen;18,5;dt/ha;ERT001;Ertrag je Hektar
41241;Ernte-u.Betriebsbericht: Feldfrüchte und Grünland;JAHR;Jahr;2011;DINSG;Deutschland insgesamt;DG;Deutschland;FRUA04;Fruchtarten;FRUART05112;Sommerraps, Winter- und Sommerrübsen;21200;ha;FLC016;Anbaufläche
41241;Ernte-u.Betriebsbericht: Feldfrüchte und Grünland;JAHR;Jahr;2012;DINSG;Deutschland insgesamt;DG;Deutschland;FRUA04;Fruchtarten;FRUART0121;Gerste;10391300;t;ERN001;Erntemenge
41241;Ernte-u.Betriebsbericht: Feldfrüchte und Grünland;JAHR;Jahr;2012;DINSG;Deutschland insgesamt;DG;Deutschland;FRUA04;Fruchtarten;FRUART0121;Gerste;61,9;dt/ha;ERT001;Ertrag je Hektar
41241;Ernte-u.Betriebsbericht: Feldfrüchte und Grünland;JAHR;Jahr;2012;DINSG;Deutschland insgesamt;DG;Deutschland;FRUA04;Fruchtarten;FRUART0121;Gerste;1677800;ha;FLC016;Anbaufläche
41241;Ernte-u.Betriebsbericht: Feldfrüchte und Grünland;JAHR;Jahr;2025;DINSG;Deutschland insgesamt;DG;Deutschland;FRUA04;Fruchtarten;FRUART0122;Hafer;934800;t;ERN001;Erntemenge
41241;Ernte-u.Betriebsbericht: Feldfrüchte und Grünland;JAHR;Jahr;2025;DINSG;Deutschland insgesamt;DG;Deutschland;FRUA04;Fruchtarten;FRUART0122;Hafer;49,9;dt/ha;ERT001;Ertrag je Hektar
41241;Ernte-u.Betriebsbericht: Feldfrüchte und Grünland;JAHR;Jahr;2025;DINSG;Deutschland insgesamt;DG;Deutschland;FRUA04;Fruchtarten;FRUART0122;Hafer;187300;ha;FLC016;Anbaufläche
41241;Ernte-u.Betriebsbericht: Feldfrüchte und Grünland;JAHR;Jahr;2023;DINSG;Deutschland insgesamt;DG;Deutschland;FRUA04;Fruchtarten;FRUART0511;Raps und Rübsen;4218000;t;ERN001;Erntemenge
41241;Ernte-u.Betriebsbericht: Feldfrüchte und Grünland;JAHR;Jahr;2023;DINSG;Deutschland insgesamt;DG;Deutschland;FRUA04;Fruchtarten;FRUART0511;Raps und Rübsen;35,8;dt/ha;ERT001;Ertrag je Hektar
41241;Ernte-u.Betriebsbericht: Feldfrüchte und Grünland;JAHR;Jahr;2023;DINSG;Deutschland insgesamt;DG;Deutschland;FRUA04;Fruchtarten;FRUART0511;Raps und Rübsen;1178200;ha;FLC016;Anbaufläche
41241;Ernte-u.Betriebsbericht: Feldfrüchte und Grünland;JAHR;Jahr;2021;DINSG;Deutschland insgesamt;DG;Deutschland;FRUA04;Fruchtarten;FRUART0123;Sommermenggetreide;26000;t;ERN001;Erntemenge
41241;Ernte-u.Betriebsbericht: Feldfrüchte und Grünland;JAHR;Jahr;2021;DINSG;Deutschland insgesamt;DG;Deutschland;FRUA04;Fruchtarten;FRUART0123;Sommermenggetreide;36,4;dt/ha;ERT001;Ertrag je Hektar
41241;Ernte-u.Betriebsbericht: Feldfrüchte und Grünland;JAHR;Jahr;2021;DINSG;Deutschland insgesamt;DG;Deutschland;FRUA04;Fruchtarten;FRUART0123;Sommermenggetreide;7200;ha;FLC016;Anbaufläche
41241;Ernte-u.Betriebsbericht: Feldfrüchte und Grünland;JAHR;Jahr;2022;DINSG;Deutschland insgesamt;DG;Deutschland;FRUA04;Fruchtarten;FRUART067S;Süßlupinen;53000;t;ERN001;Erntemenge
41241;Ernte-u.Betriebsbericht: Feldfrüchte und Grünland;JAHR;Jahr;2022;DINSG;Deutschland insgesamt;DG;Deutschland;FRUA04;Fruchtarten;FRUART067S;Süßlupinen;16,7;dt/ha;ERT001;Ertrag je Hektar
41241;Ernte-u.Betriebsbericht: Feldfrüchte und Grünland;JAHR;Jahr;2022;DINSG;Deutschland insgesamt;DG;Deutschland;FRUA04;Fruchtarten;FRUART067S;Süßlupinen;31700;ha;FLC016;Anbaufläche
41241;Ernte-u.Betriebsbericht: Feldfrüchte und Grünland;JAHR;Jahr;2013;DINSG;Deutschland insgesamt;DG;Deutschland;FRUA04;Fruchtarten;FRUART065;Raufutter;32861300;t;ERN001;Erntemenge
41241;Ernte-u.Betriebsbericht: Feldfrüchte und Grünland;JAHR;Jahr;2013;DINSG;Deutschland insgesamt;DG;Deutschland;FRUA04;Fruchtarten;FRUART065;Raufutter;65,1;dt/ha;ERT001;Ertrag je Hektar
41241;Ernte-u.Betriebsbericht: Feldfrüchte und Grünland;JAHR;Jahr;2013;DINSG;Deutschland insgesamt;DG;Deutschland;FRUA04;Fruchtarten;FRUART065;Raufutter;5045500;ha;FLC016;Anbaufläche
41241;Ernte-u.Betriebsbericht: Feldfrüchte und Grünland;JAHR;Jahr;2014;DINSG;Deutschland insgesamt;DG;Deutschland;FRUA04;Fruchtarten;FRUART01EKM1;Getreide zur Körnergew. (einschl. Körnermais, CCM);52010400;t;ERN001;Erntemenge
41241;Ernte-u.Betriebsbericht: Feldfrüchte und Grünland;JAHR;Jahr;2014;DINSG;Deutschland insgesamt;DG;Deutschland;FRUA04;Fruchtarten;FRUART01EKM1;Getreide zur Körnergew. (einschl. Körnermais, CCM);80,5;dt/ha;ERT001;Ertrag je Hektar
41241;Ernte-u.Betriebsbericht: Feldfrüchte und Grünland;JAHR;Jahr;2014;DINSG;Deutschland insgesamt;DG;Deutschland;FRUA04;Fruchtarten;FRUART01EKM1;Getreide zur Körnergew. (einschl. Körnermais, CCM);6460600;ha;FLC016;Anbaufläche
41241;Ernte-u.Betriebsbericht: Feldfrüchte und Grünland;JAHR;Jahr;2011;DINSG;Deutschland insgesamt;DG;Deutschland;FRUA04;Fruchtarten;FRUART01G;Getreide zur Ganzpflanzenernte;1367200;t;ERN001;Erntemenge
41241;Ernte-u.Betriebsbericht: Feldfrüchte und Grünland;JAHR;Jahr;2011;DINSG;Deutschland insgesamt;DG;Deutschland;FRUA04;Fruchtarten;FRUART01G;Getreide zur Ganzpflanzenernte;202,0;dt/ha;ERT001;Ertrag je Hektar
41241;Ernte-u.Betriebsbericht: Feldfrüchte und Grünland;JAHR;Jahr;2011;DINSG;Deutschland insgesamt;DG;Deutschland;FRUA04;Fruchtarten;FRUART01G;Getreide zur Ganzpflanzenernte;67700;ha;FLC016;Anbaufläche
41241;Ernte-u.Betriebsbericht: Feldfrüchte und Grünland;JAHR;Jahr;2011;DINSG;Deutschland insgesamt;DG;Deutschland;FRUA04;Fruchtarten;FRUART081;Wiesen (Schnittnutzung);11532300;t;ERN001;Erntemenge
41241;Ernte-u.Betriebsbericht: Feldfrüchte und Grünland;JAHR;Jahr;2011;DINSG;Deutschland insgesamt;DG;Deutschland;FRUA04;Fruchtarten;FRUART081;Wiesen (Schnittnutzung);63,6;dt/ha;ERT001;Ertrag je Hektar
41241;Ernte-u.Betriebsbericht: Feldfrüchte und Grünland;JAHR;Jahr;2011;DINSG;Deutschland insgesamt;DG;Deutschland;FRUA04;Fruchtarten;FRUART081;Wiesen (Schnittnutzung);1812700;ha;FLC016;Anbaufläche
41241;Ernte-u.Betriebsbericht: Feldfrüchte und Grünland;JAHR;Jahr;2010;DINSG;Deutschland insgesamt;DG;Deutschland;FRUA04;Fruchtarten;FRUART01OKM1;Getreide zur Körnergew. (ohne Körnermais, CCM);39827238;t;ERN001;Erntemenge
41241;Ernte-u.Betriebsbericht: Feldfrüchte und Grünland;JAHR;Jahr;2010;DINSG;Deutschland insgesamt;DG;Deutschland;FRUA04;Fruchtarten;FRUART01OKM1;Getreide zur Körnergew. (ohne Körnermais, CCM);65,1;dt/ha;ERT001;Ertrag je Hektar
41241;Ernte-u.Betriebsbericht: Feldfrüchte und Grünland;JAHR;Jahr;2010;DINSG;Deutschland insgesamt;DG;Deutschland;FRUA04;Fruchtarten;FRUART01OKM1;Getreide zur Körnergew. (ohne Körnermais, CCM);6120891;ha;FLC016;Anbaufläche
41241;Ernte-u.Betriebsbericht: Feldfrüchte und Grünland;JAHR;Jahr;2014;DINSG;Deutschland insgesamt;DG;Deutschland;FRUA04;Fruchtarten;FRUART024OF;Erbsen (ohne Frischerbsen);155300;t;ERN001;Erntemenge
41241;Ernte-u.Betriebsbericht: Feldfrüchte und Grünland;JAHR;Jahr;2014;DINSG;Deutschland insgesamt;DG;Deutschland;FRUA04;Fruchtarten;FRUART024OF;Erbsen (ohne Frischerbsen);37,2;dt/ha;ERT001;Ertrag je Hektar
41241;Ernte-u.Betriebsbericht: Feldfrüchte und Grünland;JAHR;Jahr;2014;DINSG;Deutschland insgesamt;DG;Deutschland;FRUA04;Fruchtarten;FRUART024OF;Erbsen (ohne Frischerbsen);41700;ha;FLC016;Anbaufläche
41241;Ernte-u.Betriebsbericht: Feldfrüchte und Grünland;JAHR;Jahr;2018;DINSG;Deutschland insgesamt;DG;Deutschland;FRUA04;Fruchtarten;FRUART01111DE;Winterweizen (einschließlich Dinkel und Einkorn);19595000;t;ERN001;Erntemenge
41241;Ernte-u.Betriebsbericht: Feldfrüchte und Grünland;JAHR;Jahr;2018;DINSG;Deutschland insgesamt;DG;Deutschland;FRUA04;Fruchtarten;FRUART01111DE;Winterweizen (einschließlich Dinkel und Einkorn);67,7;dt/ha;ERT001;Ertrag je Hektar
41241;Ernte-u.Betriebsbericht: Feldfrüchte und Grünland;JAHR;Jahr;2018;DINSG;Deutschland insgesamt;DG;Deutschland;FRUA04;Fruchtarten;FRUART01111DE;Winterweizen (einschließlich Dinkel und Einkorn);2893300;ha;FLC016;Anbaufläche
41241;Ernte-u.Betriebsbericht: Feldfrüchte und Grünland;JAHR;Jahr;2017;DINSG;Deutschland insgesamt;DG;Deutschland;FRUA04;Fruchtarten;FRUART01111D;Dinkel;-;t;ERN001;Erntemenge
41241;Ernte-u.Betriebsbericht: Feldfrüchte und Grünland;JAHR;Jahr;2017;DINSG;Deutschland insgesamt;DG;Deutschland;FRUA04;Fruchtarten;FRUART01111D;Dinkel;-;dt/ha;ERT001;Ertrag je Hektar
41241;Ernte-u.Betriebsbericht: Feldfrüchte und Grünland;JAHR;Jahr;2017;DINSG;Deutschland insgesamt;DG;Deutschland;FRUA04;Fruchtarten;FRUART01111D;Dinkel;-;ha;FLC016;Anbaufläche
41241;Ernte-u.Betriebsbericht: Feldfrüchte und Grünland;JAHR;Jahr;2015;DINSG;Deutschland insgesamt;DG;Deutschland;FRUA04;Fruchtarten;FRUART013CCM1;Körnermais/Mais zum Ausreifen (einschl. CCM);3973000;t;ERN001;Erntemenge
41241;Ernte-u.Betriebsbericht: Feldfrüchte und Grünland;JAHR;Jahr;2015;DINSG;Deutschland insgesamt;DG;Deutschland;FRUA04;Fruchtarten;FRUART013CCM1;Körnermais/Mais zum Ausreifen (einschl. CCM);88,8;dt/ha;ERT001;Ertrag je Hektar
41241;Ernte-u.Betriebsbericht: Feldfrüchte und Grünland;JAHR;Jahr;2015;DINSG;Deutschland insgesamt;DG;Deutschland;FRUA04;Fruchtarten;FRUART013CCM1;Körnermais/Mais zum Ausreifen (einschl. CCM);455500;ha;FLC016;Anbaufläche
41241;Ernte-u.Betriebsbericht: Feldfrüchte und Grünland;JAHR;Jahr;2020;DINSG;Deutschland insgesamt;DG;Deutschland;FRUA04;Fruchtarten;FRUART0122;Hafer;721900;t;ERN001;Erntemenge
41241;Ernte-u.Betriebsbericht: Feldfrüchte und Grünland;JAHR;Jahr;2020;DINSG;Deutschland insgesamt;DG;Deutschland;FRUA04;Fruchtarten;FRUART0122;Hafer;46,0;dt/ha;ERT001;Ertrag je Hektar
41241;Ernte-u.Betriebsbericht: Feldfrüchte und Grünland;JAHR;Jahr;2020;DINSG;Deutschland insgesamt;DG;Deutschland;FRUA04;Fruchtarten;FRUART0122;Hafer;157100;ha;FLC016;Anbaufläche
41241;Ernte-u.Betriebsbericht: Feldfrüchte und Grünland;JAHR;Jahr;2021;DINSG;Deutschland insgesamt;DG;Deutschland;FRUA04;Fruchtarten;FRUART082;Weiden (einschließlich Mähweiden und Almen);16822000;t;ERN001;Erntemenge
41241;Ernte-u.Betriebsbericht: Feldfrüchte und Grünland;JAHR;Jahr;2021;DINSG;Deutschland insgesamt;DG;Deutschland;FRUA04;Fruchtarten;FRUART082;Weiden (einschließlich Mähweiden und Almen);65,7;dt/ha;ERT001;Ertrag je Hektar
41241;Ernte-u.Betriebsbericht: Feldfrüchte und Grünland;JAHR;Jahr;2021;DINSG;Deutschland insgesamt;DG;Deutschland;FRUA04;Fruchtarten;FRUART082;Weiden (einschließlich Mähweiden und Almen);2559900;ha;FLC016;Anbaufläche
41241;Ernte-u.Betriebsbericht: Feldfrüchte und Grünland;JAHR;Jahr;2018;DINSG;Deutschland insgesamt;DG;Deutschland;FRUA04;Fruchtarten;FRUART082;Weiden (einschließlich Mähweiden und Almen);12517400;t;ERN001;Erntemenge
41241;Ernte-u.Betriebsbericht: Feldfrüchte und Grünland;JAHR;Jahr;2018;DINSG;Deutschland insgesamt;DG;Deutschland;FRUA04;Fruchtarten;FRUART082;Weiden (einschließlich Mähweiden und Almen);47,1;dt/ha;ERT001;Ertrag je Hektar
41241;Ernte-u.Betriebsbericht: Feldfrüchte und Grünland;JAHR;Jahr;2018;DINSG;Deutschland insgesamt;DG;Deutschland;FRUA04;Fruchtarten;FRUART082;Weiden (einschließlich Mähweiden und Almen);2656600;ha;FLC016;Anbaufläche
41241;Ernte-u.Betriebsbericht: Feldfrüchte und Grünland;JAHR;Jahr;2024;DINSG;Deutschland insgesamt;DG;Deutschland;FRUA04;Fruchtarten;FRUART0515;Sonnenblumen;134200;t;ERN001;Erntemenge
41241;Ernte-u.Betriebsbericht: Feldfrüchte und Grünland;JAHR;Jahr;2024;DINSG;Deutschland insgesamt;DG;Deutschland;FRUA04;Fruchtarten;FRUART0515;Sonnenblumen;26,1;dt/ha;ERT001;Ertrag je Hektar
41241;Ernte-u.Betriebsbericht: Feldfrüchte und Grünland;JAHR;Jahr;2024;DINSG;Deutschland insgesamt;DG;Deutschland;FRUA04;Fruchtarten;FRUART0515;Sonnenblumen;51400;ha;FLC016;Anbaufläche
41241;Ernte-u.Betriebsbericht: Feldfrüchte und Grünland;JAHR;Jahr;2024;DINSG;Deutschland insgesamt;DG;Deutschland;FRUA04;Fruchtarten;FRUART01111D;Dinkel;-;t;ERN001;Erntemenge
41241;Ernte-u.Betriebsbericht: Feldfrüchte und Grünland;JAHR;Jahr;2024;DINSG;Deutschland insgesamt;DG;Deutschland;FRUA04;Fruchtarten;FRUART01111D;Dinkel;-;dt/ha;ERT001;Ertrag je Hektar
41241;Ernte-u.Betriebsbericht: Feldfrüchte und Grünland;JAHR;Jahr;2024;DINSG;Deutschland insgesamt;DG;Deutschland;FRUA04;Fruchtarten;FRUART01111D;Dinkel;-;ha;FLC016;Anbaufläche
41241;Ernte-u.Betriebsbericht: Feldfrüchte und Grünland;JAHR;Jahr;2025;DINSG;Deutschland insgesamt;DG;Deutschland;FRUA04;Fruchtarten;FRUART0111;Weizen;23152000;t;ERN001;Erntemenge
41241;Ernte-u.Betriebsbericht: Feldfrüchte und Grünland;JAHR;Jahr;2025;DINSG;Deutschland insgesamt;DG;Deutschland;FRUA04;Fruchtarten;FRUART0111;Weizen;78,3;dt/ha;ERT001;Ertrag je Hektar
41241;Ernte-u.Betriebsbericht: Feldfrüchte und Grünland;JAHR;Jahr;2025;DINSG;Deutschland insgesamt;DG;Deutschland;FRUA04;Fruchtarten;FRUART0111;Weizen;2958400;ha;FLC016;Anbaufläche
41241;Ernte-u.Betriebsbericht: Feldfrüchte und Grünland;JAHR;Jahr;2017;DINSG;Deutschland insgesamt;DG;Deutschland;FRUA04;Fruchtarten;FRUART05112;Sommerraps, Winter- und Sommerrübsen;7200;t;ERN001;Erntemenge
41241;Ernte-u.Betriebsbericht: Feldfrüchte und Grünland;JAHR;Jahr;2017;DINSG;Deutschland insgesamt;DG;Deutschland;FRUA04;Fruchtarten;FRUART05112;Sommerraps, Winter- und Sommerrübsen;18,1;dt/ha;ERT001;Ertrag je Hektar
41241;Ernte-u.Betriebsbericht: Feldfrüchte und Grünland;JAHR;Jahr;2017;DINSG;Deutschland insgesamt;DG;Deutschland;FRUA04;Fruchtarten;FRUART05112;Sommerraps, Winter- und Sommerrübsen;4000;ha;FLC016;Anbaufläche
41241;Ernte-u.Betriebsbericht: Feldfrüchte und Grünland;JAHR;Jahr;2014;DINSG;Deutschland insgesamt;DG;Deutschland;FRUA04;Fruchtarten;FRUART01112OH;Sommerweizen (ohne Hartweizen);296100;t;ERN001;Erntemenge
41241;Ernte-u.Betriebsbericht: Feldfrüchte und Grünland;JAHR;Jahr;2014;DINSG;Deutschland insgesamt;DG;Deutschland;FRUA04;Fruchtarten;FRUART01112OH;Sommerweizen (ohne Hartweizen);60,0;dt/ha;ERT001;Ertrag je Hektar
41241;Ernte-u.Betriebsbericht: Feldfrüchte und Grünland;JAHR;Jahr;2014;DINSG;Deutschland insgesamt;DG;Deutschland;FRUA04;Fruchtarten;FRUART01112OH;Sommerweizen (ohne Hartweizen);49400;ha;FLC016;Anbaufläche
41241;Ernte-u.Betriebsbericht: Feldfrüchte und Grünland;JAHR;Jahr;2016;DINSG;Deutschland insgesamt;DG;Deutschland;FRUA04;Fruchtarten;FRUART022;Ackerbohnen;153700;t;ERN001;Erntemenge
41241;Ernte-u.Betriebsbericht: Feldfrüchte und Grünland;JAHR;Jahr;2016;DINSG;Deutschland insgesamt;DG;Deutschland;FRUA04;Fruchtarten;FRUART022;Ackerbohnen;39,7;dt/ha;ERT001;Ertrag je Hektar
41241;Ernte-u.Betriebsbericht: Feldfrüchte und Grünland;JAHR;Jahr;2016;DINSG;Deutschland insgesamt;DG;Deutschland;FRUA04;Fruchtarten;FRUART022;Ackerbohnen;38800;ha;FLC016;Anbaufläche
41241;Ernte-u.Betriebsbericht: Feldfrüchte und Grünland;JAHR;Jahr;2026;DINSG;Deutschland insgesamt;DG;Deutschland;FRUA04;Fruchtarten;FRUART0123;Sommermenggetreide;18100;t;ERN001;Erntemenge
41241;Ernte-u.Betriebsbericht: Feldfrüchte und Grünland;JAHR;Jahr;2026;DINSG;Deutschland insgesamt;DG;Deutschland;FRUA04;Fruchtarten;FRUART0123;Sommermenggetreide;31,0;dt/ha;ERT001;Ertrag je Hektar
41241;Ernte-u.Betriebsbericht: Feldfrüchte und Grünland;JAHR;Jahr;2026;DINSG;Deutschland insgesamt;DG;Deutschland;FRUA04;Fruchtarten;FRUART0123;Sommermenggetreide;5800;ha;FLC016;Anbaufläche
41241;Ernte-u.Betriebsbericht: Feldfrüchte und Grünland;JAHR;Jahr;2013;DINSG;Deutschland insgesamt;DG;Deutschland;FRUA04;Fruchtarten;FRUART031;Kartoffeln;9669700;t;ERN001;Erntemenge
41241;Ernte-u.Betriebsbericht: Feldfrüchte und Grünland;JAHR;Jahr;2013;DINSG;Deutschland insgesamt;DG;Deutschland;FRUA04;Fruchtarten;FRUART031;Kartoffeln;398,3;dt/ha;ERT001;Ertrag je Hektar
41241;Ernte-u.Betriebsbericht: Feldfrüchte und Grünland;JAHR;Jahr;2013;DINSG;Deutschland insgesamt;DG;Deutschland;FRUA04;Fruchtarten;FRUART031;Kartoffeln;242800;ha;FLC016;Anbaufläche
41241;Ernte-u.Betriebsbericht: Feldfrüchte und Grünland;JAHR;Jahr;2023;DINSG;Deutschland insgesamt;DG;Deutschland;FRUA04;Fruchtarten;FRUART01111D;Dinkel;-;t;ERN001;Erntemenge
41241;Ernte-u.Betriebsbericht: Feldfrüchte und Grünland;JAHR;Jahr;2023;DINSG;Deutschland insgesamt;DG;Deutschland;FRUA04;Fruchtarten;FRUART01111D;Dinkel;-;dt/ha;ERT001;Ertrag je Hektar
41241;Ernte-u.Betriebsbericht: Feldfrüchte und Grünland;JAHR;Jahr;2023;DINSG;Deutschland insgesamt;DG;Deutschland;FRUA04;Fruchtarten;FRUART01111D;Dinkel;-;ha;FLC016;Anbaufläche
41241;Ernte-u.Betriebsbericht: Feldfrüchte und Grünland;JAHR;Jahr;2016;DINSG;Deutschland insgesamt;DG;Deutschland;FRUA04;Fruchtarten;FRUART01111D;Dinkel;-;t;ERN001;Erntemenge
41241;Ernte-u.Betriebsbericht: Feldfrüchte und Grünland;JAHR;Jahr;2016;DINSG;Deutschland insgesamt;DG;Deutschland;FRUA04;Fruchtarten;FRUART01111D;Dinkel;-;dt/ha;ERT001;Ertrag je Hektar
41241;Ernte-u.Betriebsbericht: Feldfrüchte und Grünland;JAHR;Jahr;2016;DINSG;Deutschland insgesamt;DG;Deutschland;FRUA04;Fruchtarten;FRUART01111D;Dinkel;-;ha;FLC016;Anbaufläche
41241;Ernte-u.Betriebsbericht: Feldfrüchte und Grünland;JAHR;Jahr;2017;DINSG;Deutschland insgesamt;DG;Deutschland;FRUA04;Fruchtarten;FRUART024OF;Erbsen (ohne Frischerbsen);298100;t;ERN001;Erntemenge
41241;Ernte-u.Betriebsbericht: Feldfrüchte und Grünland;JAHR;Jahr;2017;DINSG;Deutschland insgesamt;DG;Deutschland;FRUA04;Fruchtarten;FRUART024OF;Erbsen (ohne Frischerbsen);34,9;dt/ha;ERT001;Ertrag je Hektar
41241;Ernte-u.Betriebsbericht: Feldfrüchte und Grünland;JAHR;Jahr;2017;DINSG;Deutschland insgesamt;DG;Deutschland;FRUA04;Fruchtarten;FRUART024OF;Erbsen (ohne Frischerbsen);85500;ha;FLC016;Anbaufläche
41241;Ernte-u.Betriebsbericht: Feldfrüchte und Grünland;JAHR;Jahr;2022;DINSG;Deutschland insgesamt;DG;Deutschland;FRUA04;Fruchtarten;FRUART025;Sojabohnen;120500;t;ERN001;Erntemenge
41241;Ernte-u.Betriebsbericht: Feldfrüchte und Grünland;JAHR;Jahr;2022;DINSG;Deutschland insgesamt;DG;Deutschland;FRUA04;Fruchtarten;FRUART025;Sojabohnen;23,4;dt/ha;ERT001;Ertrag je Hektar
41241;Ernte-u.Betriebsbericht: Feldfrüchte und Grünland;JAHR;Jahr;2022;DINSG;Deutschland insgesamt;DG;Deutschland;FRUA04;Fruchtarten;FRUART025;Sojabohnen;51500;ha;FLC016;Anbaufläche
41241;Ernte-u.Betriebsbericht: Feldfrüchte und Grünland;JAHR;Jahr;2017;DINSG;Deutschland insgesamt;DG;Deutschland;FRUA04;Fruchtarten;FRUART0124;Triticale;2317000;t;ERN001;Erntemenge
41241;Ernte-u.Betriebsbericht: Feldfrüchte und Grünland;JAHR;Jahr;2017;DINSG;Deutschland insgesamt;DG;Deutschland;FRUA04;Fruchtarten;FRUART0124;Triticale;59,6;dt/ha;ERT001;Ertrag je Hektar
41241;Ernte-u.Betriebsbericht: Feldfrüchte und Grünland;JAHR;Jahr;2017;DINSG;Deutschland insgesamt;DG;Deutschland;FRUA04;Fruchtarten;FRUART0124;Triticale;389000;ha;FLC016;Anbaufläche
41241;Ernte-u.Betriebsbericht: Feldfrüchte und Grünland;JAHR;Jahr;2024;DINSG;Deutschland insgesamt;DG;Deutschland;FRUA04;Fruchtarten;FRUART062;Luzerne;-;t;ERN001;Erntemenge
41241;Ernte-u.Betriebsbericht: Feldfrüchte und Grünland;JAHR;Jahr;2024;DINSG;Deutschland insgesamt;DG;Deutschland;FRUA04;Fruchtarten;FRUART062;Luzerne;-;dt/ha;ERT001;Ertrag je Hektar
41241;Ernte-u.Betriebsbericht: Feldfrüchte und Grünland;JAHR;Jahr;2024;DINSG;Deutschland insgesamt;DG;Deutschland;FRUA04;Fruchtarten;FRUART062;Luzerne;-;ha;FLC016;Anbaufläche
41241;Ernte-u.Betriebsbericht: Feldfrüchte und Grünland;JAHR;Jahr;2023;DINSG;Deutschland insgesamt;DG;Deutschland;FRUA04;Fruchtarten;FRUART032;Zuckerrüben;31558200;t;ERN001;Erntemenge
41241;Ernte-u.Betriebsbericht: Feldfrüchte und Grünland;JAHR;Jahr;2023;DINSG;Deutschland insgesamt;DG;Deutschland;FRUA04;Fruchtarten;FRUART032;Zuckerrüben;797,3;dt/ha;ERT001;Ertrag je Hektar
41241;Ernte-u.Betriebsbericht: Feldfrüchte und Grünland;JAHR;Jahr;2023;DINSG;Deutschland insgesamt;DG;Deutschland;FRUA04;Fruchtarten;FRUART032;Zuckerrüben;395800;ha;FLC016;Anbaufläche
41241;Ernte-u.Betriebsbericht: Feldfrüchte und Grünland;JAHR;Jahr;2020;DINSG;Deutschland insgesamt;DG;Deutschland;FRUA04;Fruchtarten;FRUART0111;Weizen;22172100;t;ERN001;Erntemenge
41241;Ernte-u.Betriebsbericht: Feldfrüchte und Grünland;JAHR;Jahr;2020;DINSG;Deutschland insgesamt;DG;Deutschland;FRUA04;Fruchtarten;FRUART0111;Weizen;78,2;dt/ha;ERT001;Ertrag je Hektar
41241;Ernte-u.Betriebsbericht: Feldfrüchte und Grünland;JAHR;Jahr;2020;DINSG;Deutschland insgesamt;DG;Deutschland;FRUA04;Fruchtarten;FRUART0111;Weizen;2835500;ha;FLC016;Anbaufläche
41241;Ernte-u.Betriebsbericht: Feldfrüchte und Grünland;JAHR;Jahr;2021;DINSG;Deutschland insgesamt;DG;Deutschland;FRUA04;Fruchtarten;FRUART01212;Sommergerste;1519700;t;ERN001;Erntemenge
41241;Ernte-u.Betriebsbericht: Feldfrüchte und Grünland;JAHR;Jahr;2021;DINSG;Deutschland insgesamt;DG;Deutschland;FRUA04;Fruchtarten;FRUART01212;Sommergerste;50,9;dt/ha;ERT001;Ertrag je Hektar
41241;Ernte-u.Betriebsbericht: Feldfrüchte und Grünland;JAHR;Jahr;2021;DINSG;Deutschland insgesamt;DG;Deutschland;FRUA04;Fruchtarten;FRUART01212;Sommergerste;298400;ha;FLC016;Anbaufläche
41241;Ernte-u.Betriebsbericht: Feldfrüchte und Grünland;JAHR;Jahr;2022;DINSG;Deutschland insgesamt;DG;Deutschland;FRUA04;Fruchtarten;FRUART01G;Getreide zur Ganzpflanzenernte;2083800;t;ERN001;Erntemenge
41241;Ernte-u.Betriebsbericht: Feldfrüchte und Grünland;JAHR;Jahr;2022;DINSG;Deutschland insgesamt;DG;Deutschland;FRUA04;Fruchtarten;FRUART01G;Getreide zur Ganzpflanzenernte;265,0;dt/ha;ERT001;Ertrag je Hektar
41241;Ernte-u.Betriebsbericht: Feldfrüchte und Grünland;JAHR;Jahr;2022;DINSG;Deutschland insgesamt;DG;Deutschland;FRUA04;Fruchtarten;FRUART01G;Getreide zur Ganzpflanzenernte;78600;ha;FLC016;Anbaufläche
41241;Ernte-u.Betriebsbericht: Feldfrüchte und Grünland;JAHR;Jahr;2011;DINSG;Deutschland insgesamt;DG;Deutschland;FRUA04;Fruchtarten;FRUART05111;Winterraps;3830400;t;ERN001;Erntemenge
41241;Ernte-u.Betriebsbericht: Feldfrüchte und Grünland;JAHR;Jahr;2011;DINSG;Deutschland insgesamt;DG;Deutschland;FRUA04;Fruchtarten;FRUART05111;Winterraps;29,3;dt/ha;ERT001;Ertrag je Hektar
41241;Ernte-u.Betriebsbericht: Feldfrüchte und Grünland;JAHR;Jahr;2011;DINSG;Deutschland insgesamt;DG;Deutschland;FRUA04;Fruchtarten;FRUART05111;Winterraps;1307400;ha;FLC016;Anbaufläche
41241;Ernte-u.Betriebsbericht: Feldfrüchte und Grünland;JAHR;Jahr;2022;DINSG;Deutschland insgesamt;DG;Deutschland;FRUA04;Fruchtarten;FRUART081;Wiesen (Schnittnutzung);11871400;t;ERN001;Erntemenge
41241;Ernte-u.Betriebsbericht: Feldfrüchte und Grünland;JAHR;Jahr;2022;DINSG;Deutschland insgesamt;DG;Deutschland;FRUA04;Fruchtarten;FRUART081;Wiesen (Schnittnutzung);60,2;dt/ha;ERT001;Ertrag je Hektar
41241;Ernte-u.Betriebsbericht: Feldfrüchte und Grünland;JAHR;Jahr;2022;DINSG;Deutschland insgesamt;DG;Deutschland;FRUA04;Fruchtarten;FRUART081;Wiesen (Schnittnutzung);1973100;ha;FLC016;Anbaufläche
41241;Ernte-u.Betriebsbericht: Feldfrüchte und Grünland;JAHR;Jahr;2014;DINSG;Deutschland insgesamt;DG;Deutschland;FRUA04;Fruchtarten;FRUART0631;Feldgras/Grasanbau auf dem Ackerland (inkl.Misch.);2798100;t;ERN001;Erntemenge
41241;Ernte-u.Betriebsbericht: Feldfrüchte und Grünland;JAHR;Jahr;2014;DINSG;Deutschland insgesamt;DG;Deutschland;FRUA04;Fruchtarten;FRUART0631;Feldgras/Grasanbau auf dem Ackerland (inkl.Misch.);80,6;dt/ha;ERT001;Ertrag je Hektar
41241;Ernte-u.Betriebsbericht: Feldfrüchte und Grünland;JAHR;Jahr;2014;DINSG;Deutschland insgesamt;DG;Deutschland;FRUA04;Fruchtarten;FRUART0631;Feldgras/Grasanbau auf dem Ackerland (inkl.Misch.);347100;ha;FLC016;Anbaufläche
41241;Ernte-u.Betriebsbericht: Feldfrüchte und Grünland;JAHR;Jahr;2016;DINSG;Deutschland insgesamt;DG;Deutschland;FRUA04;Fruchtarten;FRUART0121;Gerste;10730500;t;ERN001;Erntemenge
41241;Ernte-u.Betriebsbericht: Feldfrüchte und Grünland;JAHR;Jahr;2016;DINSG;Deutschland insgesamt;DG;Deutschland;FRUA04;Fruchtarten;FRUART0121;Gerste;66,9;dt/ha;ERT001;Ertrag je Hektar
41241;Ernte-u.Betriebsbericht: Feldfrüchte und Grünland;JAHR;Jahr;2016;DINSG;Deutschland insgesamt;DG;Deutschland;FRUA04;Fruchtarten;FRUART0121;Gerste;1605000;ha;FLC016;Anbaufläche
41241;Ernte-u.Betriebsbericht: Feldfrüchte und Grünland;JAHR;Jahr;2026;DINSG;Deutschland insgesamt;DG;Deutschland;FRUA04;Fruchtarten;FRUART067S;Süßlupinen;39500;t;ERN001;Erntemenge
41241;Ernte-u.Betriebsbericht: Feldfrüchte und Grünland;JAHR;Jahr;2026;DINSG;Deutschland insgesamt;DG;Deutschland;FRUA04;Fruchtarten;FRUART067S;Süßlupinen;15,5;dt/ha;ERT001;Ertrag je Hektar
41241;Ernte-u.Betriebsbericht: Feldfrüchte und Grünland;JAHR;Jahr;2026;DINSG;Deutschland insgesamt;DG;Deutschland;FRUA04;Fruchtarten;FRUART067S;Süßlupinen;25500;ha;FLC016;Anbaufläche
41241;Ernte-u.Betriebsbericht: Feldfrüchte und Grünland;JAHR;Jahr;2021;DINSG;Deutschland insgesamt;DG;Deutschland;FRUA04;Fruchtarten;FRUART01EKM1;Getreide zur Körnergew. (einschl. Körnermais, CCM);42359500;t;ERN001;Erntemenge
41241;Ernte-u.Betriebsbericht: Feldfrüchte und Grünland;JAHR;Jahr;2021;DINSG;Deutschland insgesamt;DG;Deutschland;FRUA04;Fruchtarten;FRUART01EKM1;Getreide zur Körnergew. (einschl. Körnermais, CCM);70,0;dt/ha;ERT001;Ertrag je Hektar
41241;Ernte-u.Betriebsbericht: Feldfrüchte und Grünland;JAHR;Jahr;2021;DINSG;Deutschland insgesamt;DG;Deutschland;FRUA04;Fruchtarten;FRUART01EKM1;Getreide zur Körnergew. (einschl. Körnermais, CCM);6053000;ha;FLC016;Anbaufläche
41241;Ernte-u.Betriebsbericht: Feldfrüchte und Grünland;JAHR;Jahr;2013;DINSG;Deutschland insgesamt;DG;Deutschland;FRUA04;Fruchtarten;FRUART062;Luzerne;-;t;ERN001;Erntemenge
41241;Ernte-u.Betriebsbericht: Feldfrüchte und Grünland;JAHR;Jahr;2013;DINSG;Deutschland insgesamt;DG;Deutschland;FRUA04;Fruchtarten;FRUART062;Luzerne;-;dt/ha;ERT001;Ertrag je Hektar
41241;Ernte-u.Betriebsbericht: Feldfrüchte und Grünland;JAHR;Jahr;2013;DINSG;Deutschland insgesamt;DG;Deutschland;FRUA04;Fruchtarten;FRUART062;Luzerne;-;ha;FLC016;Anbaufläche
41241;Ernte-u.Betriebsbericht: Feldfrüchte und Grünland;JAHR;Jahr;2025;DINSG;Deutschland insgesamt;DG;Deutschland;FRUA04;Fruchtarten;FRUART024OF;Erbsen (ohne Frischerbsen);443000;t;ERN001;Erntemenge
41241;Ernte-u.Betriebsbericht: Feldfrüchte und Grünland;JAHR;Jahr;2025;DINSG;Deutschland insgesamt;DG;Deutschland;FRUA04;Fruchtarten;FRUART024OF;Erbsen (ohne Frischerbsen);32,0;dt/ha;ERT001;Ertrag je Hektar
41241;Ernte-u.Betriebsbericht: Feldfrüchte und Grünland;JAHR;Jahr;2025;DINSG;Deutschland insgesamt;DG;Deutschland;FRUA04;Fruchtarten;FRUART024OF;Erbsen (ohne Frischerbsen);138400;ha;FLC016;Anbaufläche
41241;Ernte-u.Betriebsbericht: Feldfrüchte und Grünland;JAHR;Jahr;2021;DINSG;Deutschland insgesamt;DG;Deutschland;FRUA04;Fruchtarten;FRUART067S;Süßlupinen;53400;t;ERN001;Erntemenge
41241;Ernte-u.Betriebsbericht: Feldfrüchte und Grünland;JAHR;Jahr;2021;DINSG;Deutschland insgesamt;DG;Deutschland;FRUA04;Fruchtarten;FRUART067S;Süßlupinen;18,4;dt/ha;ERT001;Ertrag je Hektar
41241;Ernte-u.Betriebsbericht: Feldfrüchte und Grünland;JAHR;Jahr;2021;DINSG;Deutschland insgesamt;DG;Deutschland;FRUA04;Fruchtarten;FRUART067S;Süßlupinen;29000;ha;FLC016;Anbaufläche
41241;Ernte-u.Betriebsbericht: Feldfrüchte und Grünland;JAHR;Jahr;2011;DINSG;Deutschland insgesamt;DG;Deutschland;FRUA04;Fruchtarten;FRUART0121;Gerste;8733800;t;ERN001;Erntemenge
41241;Ernte-u.Betriebsbericht: Feldfrüchte und Grünland;JAHR;Jahr;2011;DINSG;Deutschland insgesamt;DG;Deutschland;FRUA04;Fruchtarten;FRUART0121;Gerste;54,7;dt/ha;ERT001;Ertrag je Hektar
41241;Ernte-u.Betriebsbericht: Feldfrüchte und Grünland;JAHR;Jahr;2011;DINSG;Deutschland insgesamt;DG;Deutschland;FRUA04;Fruchtarten;FRUART0121;Gerste;1598100;ha;FLC016;Anbaufläche
41241;Ernte-u.Betriebsbericht: Feldfrüchte und Grünland;JAHR;Jahr;2016;DINSG;Deutschland insgesamt;DG;Deutschland;FRUA04;Fruchtarten;FRUART01121;Roggen und Wintermenggetreide;3173800;t;ERN001;Erntemenge
41241;Ernte-u.Betriebsbericht: Feldfrüchte und Grünland;JAHR;Jahr;2016;DINSG;Deutschland insgesamt;DG;Deutschland;FRUA04;Fruchtarten;FRUART01121;Roggen und Wintermenggetreide;55,6;dt/ha;ERT001;Ertrag je Hektar
41241;Ernte-u.Betriebsbericht: Feldfrüchte und Grünland;JAHR;Jahr;2016;DINSG;Deutschland insgesamt;DG;Deutschland;FRUA04;Fruchtarten;FRUART01121;Roggen und Wintermenggetreide;570900;ha;FLC016;Anbaufläche
41241;Ernte-u.Betriebsbericht: Feldfrüchte und Grünland;JAHR;Jahr;2024;DINSG;Deutschland insgesamt;DG;Deutschland;FRUA04;Fruchtarten;FRUART01112OH;Sommerweizen (ohne Hartweizen);456200;t;ERN001;Erntemenge
41241;Ernte-u.Betriebsbericht: Feldfrüchte und Grünland;JAHR;Jahr;2024;DINSG;Deutschland insgesamt;DG;Deutschland;FRUA04;Fruchtarten;FRUART01112OH;Sommerweizen (ohne Hartweizen);53,9;dt/ha;ERT001;Ertrag je Hektar
41241;Ernte-u.Betriebsbericht: Feldfrüchte und Grünland;JAHR;Jahr;2024;DINSG;Deutschland insgesamt;DG;Deutschland;FRUA04;Fruchtarten;FRUART01112OH;Sommerweizen (ohne Hartweizen);84700;ha;FLC016;Anbaufläche
41241;Ernte-u.Betriebsbericht: Feldfrüchte und Grünland;JAHR;Jahr;2010;DINSG;Deutschland insgesamt;DG;Deutschland;FRUA04;Fruchtarten;FRUART064G1;Silomais/Grünmais einschl. Lieschkolbenschrot;72150763;t;ERN001;Erntemenge
41241;Ernte-u.Betriebsbericht: Feldfrüchte und Grünland;JAHR;Jahr;2010;DINSG;Deutschland insgesamt;DG;Deutschland;FRUA04;Fruchtarten;FRUART064G1;Silomais/Grünmais einschl. Lieschkolbenschrot;393,8;dt/ha;ERT001;Ertrag je Hektar
41241;Ernte-u.Betriebsbericht: Feldfrüchte und Grünland;JAHR;Jahr;2010;DINSG;Deutschland insgesamt;DG;Deutschland;FRUA04;Fruchtarten;FRUART064G1;Silomais/Grünmais einschl. Lieschkolbenschrot;1828904;ha;FLC016;Anbaufläche
41241;Ernte-u.Betriebsbericht: Feldfrüchte und Grünland;JAHR;Jahr;2025;DINSG;Deutschland insgesamt;DG;Deutschland;FRUA04;Fruchtarten;FRUART02LG;Leguminosen zur Ganzpflanzenernte (z.B. Klee);2757700;t;ERN001;Erntemenge
41241;Ernte-u.Betriebsbericht: Feldfrüchte und Grünland;JAHR;Jahr;2025;DINSG;Deutschland insgesamt;DG;Deutschland;FRUA04;Fruchtarten;FRUART02LG;Leguminosen zur Ganzpflanzenernte (z.B. Klee);71,1;dt/ha;ERT001;Ertrag je Hektar
41241;Ernte-u.Betriebsbericht: Feldfrüchte und Grünland;JAHR;Jahr;2025;DINSG;Deutschland insgesamt;DG;Deutschland;FRUA04;Fruchtarten;FRUART02LG;Leguminosen zur Ganzpflanzenernte (z.B. Klee);387700;ha;FLC016;Anbaufläche
41241;Ernte-u.Betriebsbericht: Feldfrüchte und Grünland;JAHR;Jahr;2011;DINSG;Deutschland insgesamt;DG;Deutschland;FRUA04;Fruchtarten;FRUART01113;Hartweizen (Durum);72600;t;ERN001;Erntemenge
41241;Ernte-u.Betriebsbericht: Feldfrüchte und Grünland;JAHR;Jahr;2011;DINSG;Deutschland insgesamt;DG;Deutschland;FRUA04;Fruchtarten;FRUART01113;Hartweizen (Durum);47,3;dt/ha;ERT001;Ertrag je Hektar
41241;Ernte-u.Betriebsbericht: Feldfrüchte und Grünland;JAHR;Jahr;2011;DINSG;Deutschland insgesamt;DG;Deutschland;FRUA04;Fruchtarten;FRUART01113;Hartweizen (Durum);15300;ha;FLC016;Anbaufläche
41241;Ernte-u.Betriebsbericht: Feldfrüchte und Grünland;JAHR;Jahr;2020;DINSG;Deutschland insgesamt;DG;Deutschland;FRUA04;Fruchtarten;FRUART01121;Roggen und Wintermenggetreide;3513400;t;ERN001;Erntemenge
41241;Ernte-u.Betriebsbericht: Feldfrüchte und Grünland;JAHR;Jahr;2020;DINSG;Deutschland insgesamt;DG;Deutschland;FRUA04;Fruchtarten;FRUART01121;Roggen und Wintermenggetreide;55,2;dt/ha;ERT001;Ertrag je Hektar
41241;Ernte-u.Betriebsbericht: Feldfrüchte und Grünland;JAHR;Jahr;2020;DINSG;Deutschland insgesamt;DG;Deutschland;FRUA04;Fruchtarten;FRUART01121;Roggen und Wintermenggetreide;636000;ha;FLC016;Anbaufläche
41241;Ernte-u.Betriebsbericht: Feldfrüchte und Grünland;JAHR;Jahr;2025;DINSG;Deutschland insgesamt;DG;Deutschland;FRUA04;Fruchtarten;FRUART01111DE;Winterweizen (einschließlich Dinkel und Einkorn);22569900;t;ERN001;Erntemenge
41241;Ernte-u.Betriebsbericht: Feldfrüchte und Grünland;JAHR;Jahr;2025;DINSG;Deutschland insgesamt;DG;Deutschland;FRUA04;Fruchtarten;FRUART01111DE;Winterweizen (einschließlich Dinkel und Einkorn);79,0;dt/ha;ERT001;Ertrag je Hektar
41241;Ernte-u.Betriebsbericht: Feldfrüchte und Grünland;JAHR;Jahr;2025;DINSG;Deutschland insgesamt;DG;Deutschland;FRUA04;Fruchtarten;FRUART01111DE;Winterweizen (einschließlich Dinkel und Einkorn);2858600;ha;FLC016;Anbaufläche
41241;Ernte-u.Betriebsbericht: Feldfrüchte und Grünland;JAHR;Jahr;2021;DINSG;Deutschland insgesamt;DG;Deutschland;FRUA04;Fruchtarten;FRUART062;Luzerne;-;t;ERN001;Erntemenge
41241;Ernte-u.Betriebsbericht: Feldfrüchte und Grünland;JAHR;Jahr;2021;DINSG;Deutschland insgesamt;DG;Deutschland;FRUA04;Fruchtarten;FRUART062;Luzerne;-;dt/ha;ERT001;Ertrag je Hektar
41241;Ernte-u.Betriebsbericht: Feldfrüchte und Grünland;JAHR;Jahr;2021;DINSG;Deutschland insgesamt;DG;Deutschland;FRUA04;Fruchtarten;FRUART062;Luzerne;-;ha;FLC016;Anbaufläche
41241;Ernte-u.Betriebsbericht: Feldfrüchte und Grünland;JAHR;Jahr;2016;DINSG;Deutschland insgesamt;DG;Deutschland;FRUA04;Fruchtarten;FRUART065;Raufutter;34926600;t;ERN001;Erntemenge
41241;Ernte-u.Betriebsbericht: Feldfrüchte und Grünland;JAHR;Jahr;2016;DINSG;Deutschland insgesamt;DG;Deutschland;FRUA04;Fruchtarten;FRUART065;Raufutter;69,2;dt/ha;ERT001;Ertrag je Hektar
41241;Ernte-u.Betriebsbericht: Feldfrüchte und Grünland;JAHR;Jahr;2016;DINSG;Deutschland insgesamt;DG;Deutschland;FRUA04;Fruchtarten;FRUART065;Raufutter;5048500;ha;FLC016;Anbaufläche
41241;Ernte-u.Betriebsbericht: Feldfrüchte und Grünland;JAHR;Jahr;2014;DINSG;Deutschland insgesamt;DG;Deutschland;FRUA04;Fruchtarten;FRUART081;Wiesen (Schnittnutzung);12884800;t;ERN001;Erntemenge
41241;Ernte-u.Betriebsbericht: Feldfrüchte und Grünland;JAHR;Jahr;2014;DINSG;Deutschland insgesamt;DG;Deutschland;FRUA04;Fruchtarten;FRUART081;Wiesen (Schnittnutzung);70,4;dt/ha;ERT001;Ertrag je Hektar
41241;Ernte-u.Betriebsbericht: Feldfrüchte und Grünland;JAHR;Jahr;2014;DINSG;Deutschland insgesamt;DG;Deutschland;FRUA04;Fruchtarten;FRUART081;Wiesen (Schnittnutzung);1829600;ha;FLC016;Anbaufläche
41241;Ernte-u.Betriebsbericht: Feldfrüchte und Grünland;JAHR;Jahr;2019;DINSG;Deutschland insgesamt;DG;Deutschland;FRUA04;Fruchtarten;FRUART0631;Feldgras/Grasanbau auf dem Ackerland (inkl.Misch.);1986200;t;ERN001;Erntemenge
41241;Ernte-u.Betriebsbericht: Feldfrüchte und Grünland;JAHR;Jahr;2019;DINSG;Deutschland insgesamt;DG;Deutschland;FRUA04;Fruchtarten;FRUART0631;Feldgras/Grasanbau auf dem Ackerland (inkl.Misch.);62,7;dt/ha;ERT001;Ertrag je Hektar
41241;Ernte-u.Betriebsbericht: Feldfrüchte und Grünland;JAHR;Jahr;2019;DINSG;Deutschland insgesamt;DG;Deutschland;FRUA04;Fruchtarten;FRUART0631;Feldgras/Grasanbau auf dem Ackerland (inkl.Misch.);316500;ha;FLC016;Anbaufläche
41241;Ernte-u.Betriebsbericht: Feldfrüchte und Grünland;JAHR;Jahr;2017;DINSG;Deutschland insgesamt;DG;Deutschland;FRUA04;Fruchtarten;FRUART01212;Sommergerste;1834100;t;ERN001;Erntemenge
41241;Ernte-u.Betriebsbericht: Feldfrüchte und Grünland;JAHR;Jahr;2017;DINSG;Deutschland insgesamt;DG;Deutschland;FRUA04;Fruchtarten;FRUART01212;Sommergerste;54,0;dt/ha;ERT001;Ertrag je Hektar
41241;Ernte-u.Betriebsbericht: Feldfrüchte und Grünland;JAHR;Jahr;2017;DINSG;Deutschland insgesamt;DG;Deutschland;FRUA04;Fruchtarten;FRUART01212;Sommergerste;339500;ha;FLC016;Anbaufläche
41241;Ernte-u.Betriebsbericht: Feldfrüchte und Grünland;JAHR;Jahr;2018;DINSG;Deutschland insgesamt;DG;Deutschland;FRUA04;Fruchtarten;FRUART0124;Triticale;1935500;t;ERN001;Erntemenge
41241;Ernte-u.Betriebsbericht: Feldfrüchte und Grünland;JAHR;Jahr;2018;DINSG;Deutschland insgesamt;DG;Deutschland;FRUA04;Fruchtarten;FRUART0124;Triticale;54,1;dt/ha;ERT001;Ertrag je Hektar
41241;Ernte-u.Betriebsbericht: Feldfrüchte und Grünland;JAHR;Jahr;2018;DINSG;Deutschland insgesamt;DG;Deutschland;FRUA04;Fruchtarten;FRUART0124;Triticale;357700;ha;FLC016;Anbaufläche
41241;Ernte-u.Betriebsbericht: Feldfrüchte und Grünland;JAHR;Jahr;2020;DINSG;Deutschland insgesamt;DG;Deutschland;FRUA04;Fruchtarten;FRUART02LG;Leguminosen zur Ganzpflanzenernte (z.B. Klee);2343000;t;ERN001;Erntemenge
41241;Ernte-u.Betriebsbericht: Feldfrüchte und Grünland;JAHR;Jahr;2020;DINSG;Deutschland insgesamt;DG;Deutschland;FRUA04;Fruchtarten;FRUART02LG;Leguminosen zur Ganzpflanzenernte (z.B. Klee);70,7;dt/ha;ERT001;Ertrag je Hektar
41241;Ernte-u.Betriebsbericht: Feldfrüchte und Grünland;JAHR;Jahr;2020;DINSG;Deutschland insgesamt;DG;Deutschland;FRUA04;Fruchtarten;FRUART02LG;Leguminosen zur Ganzpflanzenernte (z.B. Klee);331300;ha;FLC016;Anbaufläche
41241;Ernte-u.Betriebsbericht: Feldfrüchte und Grünland;JAHR;Jahr;2011;DINSG;Deutschland insgesamt;DG;Deutschland;FRUA04;Fruchtarten;FRUART01211;Wintergerste;6675600;t;ERN001;Erntemenge
41241;Ernte-u.Betriebsbericht: Feldfrüchte und Grünland;JAHR;Jahr;2011;DINSG;Deutschland insgesamt;DG;Deutschland;FRUA04;Fruchtarten;FRUART01211;Wintergerste;56,7;dt/ha;ERT001;Ertrag je Hektar
41241;Ernte-u.Betriebsbericht: Feldfrüchte und Grünland;JAHR;Jahr;2011;DINSG;Deutschland insgesamt;DG;Deutschland;FRUA04;Fruchtarten;FRUART01211;Wintergerste;1177700;ha;FLC016;Anbaufläche
41241;Ernte-u.Betriebsbericht: Feldfrüchte und Grünland;JAHR;Jahr;2023;DINSG;Deutschland insgesamt;DG;Deutschland;FRUA04;Fruchtarten;FRUART01EKM1;Getreide zur Körnergew. (einschl. Körnermais, CCM);42462800;t;ERN001;Erntemenge
41241;Ernte-u.Betriebsbericht: Feldfrüchte und Grünland;JAHR;Jahr;2023;DINSG;Deutschland insgesamt;DG;Deutschland;FRUA04;Fruchtarten;FRUART01EKM1;Getreide zur Körnergew. (einschl. Körnermais, CCM);70,1;dt/ha;ERT001;Ertrag je Hektar
41241;Ernte-u.Betriebsbericht: Feldfrüchte und Grünland;JAHR;Jahr;2023;DINSG;Deutschland insgesamt;DG;Deutschland;FRUA04;Fruchtarten;FRUART01EKM1;Getreide zur Körnergew. (einschl. Körnermais, CCM);6059900;ha;FLC016;Anbaufläche
41241;Ernte-u.Betriebsbericht: Feldfrüchte und Grünland;JAHR;Jahr;2013;DINSG;Deutschland insgesamt;DG;Deutschland;FRUA04;Fruchtarten;FRUART0124;Triticale;2609000;t;ERN001;Erntemenge
41241;Ernte-u.Betriebsbericht: Feldfrüchte und Grünland;JAHR;Jahr;2013;DINSG;Deutschland insgesamt;DG;Deutschland;FRUA04;Fruchtarten;FRUART0124;Triticale;65,7;dt/ha;ERT001;Ertrag je Hektar
41241;Ernte-u.Betriebsbericht: Feldfrüchte und Grünland;JAHR;Jahr;2013;DINSG;Deutschland insgesamt;DG;Deutschland;FRUA04;Fruchtarten;FRUART0124;Triticale;396900;ha;FLC016;Anbaufläche
41241;Ernte-u.Betriebsbericht: Feldfrüchte und Grünland;JAHR;Jahr;2021;DINSG;Deutschland insgesamt;DG;Deutschland;FRUA04;Fruchtarten;FRUART024OF;Erbsen (ohne Frischerbsen);299100;t;ERN001;Erntemenge
41241;Ernte-u.Betriebsbericht: Feldfrüchte und Grünland;JAHR;Jahr;2021;DINSG;Deutschland insgesamt;DG;Deutschland;FRUA04;Fruchtarten;FRUART024OF;Erbsen (ohne Frischerbsen);30,6;dt/ha;ERT001;Ertrag je Hektar
41241;Ernte-u.Betriebsbericht: Feldfrüchte und Grünland;JAHR;Jahr;2021;DINSG;Deutschland insgesamt;DG;Deutschland;FRUA04;Fruchtarten;FRUART024OF;Erbsen (ohne Frischerbsen);97700;ha;FLC016;Anbaufläche
41241;Ernte-u.Betriebsbericht: Feldfrüchte und Grünland;JAHR;Jahr;2014;DINSG;Deutschland insgesamt;DG;Deutschland;FRUA04;Fruchtarten;FRUART01G;Getreide zur Ganzpflanzenernte;2606000;t;ERN001;Erntemenge
41241;Ernte-u.Betriebsbericht: Feldfrüchte und Grünland;JAHR;Jahr;2014;DINSG;Deutschland insgesamt;DG;Deutschland;FRUA04;Fruchtarten;FRUART01G;Getreide zur Ganzpflanzenernte;295,1;dt/ha;ERT001;Ertrag je Hektar
41241;Ernte-u.Betriebsbericht: Feldfrüchte und Grünland;JAHR;Jahr;2014;DINSG;Deutschland insgesamt;DG;Deutschland;FRUA04;Fruchtarten;FRUART01G;Getreide zur Ganzpflanzenernte;88300;ha;FLC016;Anbaufläche
41241;Ernte-u.Betriebsbericht: Feldfrüchte und Grünland;JAHR;Jahr;2024;DINSG;Deutschland insgesamt;DG;Deutschland;FRUA04;Fruchtarten;FRUART065;Raufutter;34824600;t;ERN001;Erntemenge
41241;Ernte-u.Betriebsbericht: Feldfrüchte und Grünland;JAHR;Jahr;2024;DINSG;Deutschland insgesamt;DG;Deutschland;FRUA04;Fruchtarten;FRUART065;Raufutter;67,8;dt/ha;ERT001;Ertrag je Hektar
41241;Ernte-u.Betriebsbericht: Feldfrüchte und Grünland;JAHR;Jahr;2024;DINSG;Deutschland insgesamt;DG;Deutschland;FRUA04;Fruchtarten;FRUART065;Raufutter;5140100;ha;FLC016;Anbaufläche
41241;Ernte-u.Betriebsbericht: Feldfrüchte und Grünland;JAHR;Jahr;2026;DINSG;Deutschland insgesamt;DG;Deutschland;FRUA04;Fruchtarten;FRUART025;Sojabohnen;133800;t;ERN001;Erntemenge
41241;Ernte-u.Betriebsbericht: Feldfrüchte und Grünland;JAHR;Jahr;2026;DINSG;Deutschland insgesamt;DG;Deutschland;FRUA04;Fruchtarten;FRUART025;Sojabohnen;25,6;dt/ha;ERT001;Ertrag je Hektar
41241;Ernte-u.Betriebsbericht: Feldfrüchte und Grünland;JAHR;Jahr;2026;DINSG;Deutschland insgesamt;DG;Deutschland;FRUA04;Fruchtarten;FRUART025;Sojabohnen;52300;ha;FLC016;Anbaufläche
41241;Ernte-u.Betriebsbericht: Feldfrüchte und Grünland;JAHR;Jahr;2016;DINSG;Deutschland insgesamt;DG;Deutschland;FRUA04;Fruchtarten;FRUART064G1;Silomais/Grünmais einschl. Lieschkolbenschrot;92087700;t;ERN001;Erntemenge
41241;Ernte-u.Betriebsbericht: Feldfrüchte und Grünland;JAHR;Jahr;2016;DINSG;Deutschland insgesamt;DG;Deutschland;FRUA04;Fruchtarten;FRUART064G1;Silomais/Grünmais einschl. Lieschkolbenschrot;430,8;dt/ha;ERT001;Ertrag je Hektar
41241;Ernte-u.Betriebsbericht: Feldfrüchte und Grünland;JAHR;Jahr;2016;DINSG;Deutschland insgesamt;DG;Deutschland;FRUA04;Fruchtarten;FRUART064G1;Silomais/Grünmais einschl. Lieschkolbenschrot;2137600;ha;FLC016;Anbaufläche
41241;Ernte-u.Betriebsbericht: Feldfrüchte und Grünland;JAHR;Jahr;2012;DINSG;Deutschland insgesamt;DG;Deutschland;FRUA04;Fruchtarten;FRUART01112OH;Sommerweizen (ohne Hartweizen);955200;t;ERN001;Erntemenge
41241;Ernte-u.Betriebsbericht: Feldfrüchte und Grünland;JAHR;Jahr;2012;DINSG;Deutschland insgesamt;DG;Deutschland;FRUA04;Fruchtarten;FRUART01112OH;Sommerweizen (ohne Hartweizen);62,7;dt/ha;ERT001;Ertrag je Hektar
41241;Ernte-u.Betriebsbericht: Feldfrüchte und Grünland;JAHR;Jahr;2012;DINSG;Deutschland insgesamt;DG;Deutschland;FRUA04;Fruchtarten;FRUART01112OH;Sommerweizen (ohne Hartweizen);152300;ha;FLC016;Anbaufläche
41241;Ernte-u.Betriebsbericht: Feldfrüchte und Grünland;JAHR;Jahr;2016;DINSG;Deutschland insgesamt;DG;Deutschland;FRUA04;Fruchtarten;FRUART031;Kartoffeln;10772100;t;ERN001;Erntemenge
41241;Ernte-u.Betriebsbericht: Feldfrüchte und Grünland;JAHR;Jahr;2016;DINSG;Deutschland insgesamt;DG;Deutschland;FRUA04;Fruchtarten;FRUART031;Kartoffeln;444,2;dt/ha;ERT001;Ertrag je Hektar
41241;Ernte-u.Betriebsbericht: Feldfrüchte und Grünland;JAHR;Jahr;2016;DINSG;Deutschland insgesamt;DG;Deutschland;FRUA04;Fruchtarten;FRUART031;Kartoffeln;242500;ha;FLC016;Anbaufläche
41241;Ernte-u.Betriebsbericht: Feldfrüchte und Grünland;JAHR;Jahr;2012;DINSG;Deutschland insgesamt;DG;Deutschland;FRUA04;Fruchtarten;FRUART0515;Sonnenblumen;62800;t;ERN001;Erntemenge
41241;Ernte-u.Betriebsbericht: Feldfrüchte und Grünland;JAHR;Jahr;2012;DINSG;Deutschland insgesamt;DG;Deutschland;FRUA04;Fruchtarten;FRUART0515;Sonnenblumen;23,8;dt/ha;ERT001;Ertrag je Hektar
41241;Ernte-u.Betriebsbericht: Feldfrüchte und Grünland;JAHR;Jahr;2012;DINSG;Deutschland insgesamt;DG;Deutschland;FRUA04;Fruchtarten;FRUART0515;Sonnenblumen;26400;ha;FLC016;Anbaufläche
41241;Ernte-u.Betriebsbericht: Feldfrüchte und Grünland;JAHR;Jahr;2012;DINSG;Deutschland insgesamt;DG;Deutschland;FRUA04;Fruchtarten;FRUART022;Ackerbohnen;61300;t;ERN001;Erntemenge
41241;Ernte-u.Betriebsbericht: Feldfrüchte und Grünland;JAHR;Jahr;2012;DINSG;Deutschland insgesamt;DG;Deutschland;FRUA04;Fruchtarten;FRUART022;Ackerbohnen;38,9;dt/ha;ERT001;Ertrag je Hektar
41241;Ernte-u.Betriebsbericht: Feldfrüchte und Grünland;JAHR;Jahr;2012;DINSG;Deutschland insgesamt;DG;Deutschland;FRUA04;Fruchtarten;FRUART022;Ackerbohnen;15800;ha;FLC016;Anbaufläche
41241;Ernte-u.Betriebsbericht: Feldfrüchte und Grünland;JAHR;Jahr;2019;DINSG;Deutschland insgesamt;DG;Deutschland;FRUA04;Fruchtarten;FRUART022;Ackerbohnen;159500;t;ERN001;Erntemenge
41241;Ernte-u.Betriebsbericht: Feldfrüchte und Grünland;JAHR;Jahr;2019;DINSG;Deutschland insgesamt;DG;Deutschland;FRUA04;Fruchtarten;FRUART022;Ackerbohnen;32,5;dt/ha;ERT001;Ertrag je Hektar
41241;Ernte-u.Betriebsbericht: Feldfrüchte und Grünland;JAHR;Jahr;2019;DINSG;Deutschland insgesamt;DG;Deutschland;FRUA04;Fruchtarten;FRUART022;Ackerbohnen;49200;ha;FLC016;Anbaufläche
41241;Ernte-u.Betriebsbericht: Feldfrüchte und Grünland;JAHR;Jahr;2021;DINSG;Deutschland insgesamt;DG;Deutschland;FRUA04;Fruchtarten;FRUART05112;Sommerraps, Winter- und Sommerrübsen;8100;t;ERN001;Erntemenge
41241;Ernte-u.Betriebsbericht: Feldfrüchte und Grünland;JAHR;Jahr;2021;DINSG;Deutschland insgesamt;DG;Deutschland;FRUA04;Fruchtarten;FRUART05112;Sommerraps, Winter- und Sommerrübsen;21,4;dt/ha;ERT001;Ertrag je Hektar
41241;Ernte-u.Betriebsbericht: Feldfrüchte und Grünland;JAHR;Jahr;2021;DINSG;Deutschland insgesamt;DG;Deutschland;FRUA04;Fruchtarten;FRUART05112;Sommerraps, Winter- und Sommerrübsen;3800;ha;FLC016;Anbaufläche
41241;Ernte-u.Betriebsbericht: Feldfrüchte und Grünland;JAHR;Jahr;2018;DINSG;Deutschland insgesamt;DG;Deutschland;FRUA04;Fruchtarten;FRUART0111;Weizen;20263500;t;ERN001;Erntemenge
41241;Ernte-u.Betriebsbericht: Feldfrüchte und Grünland;JAHR;Jahr;2018;DINSG;Deutschland insgesamt;DG;Deutschland;FRUA04;Fruchtarten;FRUART0111;Weizen;66,7;dt/ha;ERT001;Ertrag je Hektar
41241;Ernte-u.Betriebsbericht: Feldfrüchte und Grünland;JAHR;Jahr;2018;DINSG;Deutschland insgesamt;DG;Deutschland;FRUA04;Fruchtarten;FRUART0111;Weizen;3036300;ha;FLC016;Anbaufläche
41241;Ernte-u.Betriebsbericht: Feldfrüchte und Grünland;JAHR;Jahr;2016;DINSG;Deutschland insgesamt;DG;Deutschland;FRUA04;Fruchtarten;FRUART0122;Hafer;535900;t;ERN001;Erntemenge
41241;Ernte-u.Betriebsbericht: Feldfrüchte und Grünland;JAHR;Jahr;2016;DINSG;Deutschland insgesamt;DG;Deutschland;FRUA04;Fruchtarten;FRUART0122;Hafer;46,4;dt/ha;ERT001;Ertrag je Hektar
41241;Ernte-u.Betriebsbericht: Feldfrüchte und Grünland;JAHR;Jahr;2016;DINSG;Deutschland insgesamt;DG;Deutschland;FRUA04;Fruchtarten;FRUART0122;Hafer;115500;ha;FLC016;Anbaufläche
41241;Ernte-u.Betriebsbericht: Feldfrüchte und Grünland;JAHR;Jahr;2026;DINSG;Deutschland insgesamt;DG;Deutschland;FRUA04;Fruchtarten;FRUART064G1;Silomais/Grünmais einschl. Lieschkolbenschrot;70551900;t;ERN001;Erntemenge
41241;Ernte-u.Betriebsbericht: Feldfrüchte und Grünland;JAHR;Jahr;2026;DINSG;Deutschland insgesamt;DG;Deutschland;FRUA04;Fruchtarten;FRUART064G1;Silomais/Grünmais einschl. Lieschkolbenschrot;363,5;dt/ha;ERT001;Ertrag je Hektar
41241;Ernte-u.Betriebsbericht: Feldfrüchte und Grünland;JAHR;Jahr;2026;DINSG;Deutschland insgesamt;DG;Deutschland;FRUA04;Fruchtarten;FRUART064G1;Silomais/Grünmais einschl. Lieschkolbenschrot;1940700;ha;FLC016;Anbaufläche
41241;Ernte-u.Betriebsbericht: Feldfrüchte und Grünland;JAHR;Jahr;2012;DINSG;Deutschland insgesamt;DG;Deutschland;FRUA04;Fruchtarten;FRUART064G1;Silomais/Grünmais einschl. Lieschkolbenschrot;94789400;t;ERN001;Erntemenge
41241;Ernte-u.Betriebsbericht: Feldfrüchte und Grünland;JAHR;Jahr;2012;DINSG;Deutschland insgesamt;DG;Deutschland;FRUA04;Fruchtarten;FRUART064G1;Silomais/Grünmais einschl. Lieschkolbenschrot;464,3;dt/ha;ERT001;Ertrag je Hektar
41241;Ernte-u.Betriebsbericht: Feldfrüchte und Grünland;JAHR;Jahr;2012;DINSG;Deutschland insgesamt;DG;Deutschland;FRUA04;Fruchtarten;FRUART064G1;Silomais/Grünmais einschl. Lieschkolbenschrot;2038000;ha;FLC016;Anbaufläche
41241;Ernte-u.Betriebsbericht: Feldfrüchte und Grünland;JAHR;Jahr;2011;DINSG;Deutschland insgesamt;DG;Deutschland;FRUA04;Fruchtarten;FRUART0122;Hafer;627400;t;ERN001;Erntemenge
41241;Ernte-u.Betriebsbericht: Feldfrüchte und Grünland;JAHR;Jahr;2011;DINSG;Deutschland insgesamt;DG;Deutschland;FRUA04;Fruchtarten;FRUART0122;Hafer;43,7;dt/ha;ERT001;Ertrag je Hektar
41241;Ernte-u.Betriebsbericht: Feldfrüchte und Grünland;JAHR;Jahr;2011;DINSG;Deutschland insgesamt;DG;Deutschland;FRUA04;Fruchtarten;FRUART0122;Hafer;143400;ha;FLC016;Anbaufläche
41241;Ernte-u.Betriebsbericht: Feldfrüchte und Grünland;JAHR;Jahr;2016;DINSG;Deutschland insgesamt;DG;Deutschland;FRUA04;Fruchtarten;FRUART02LG;Leguminosen zur Ganzpflanzenernte (z.B. Klee);2053000;t;ERN001;Erntemenge
41241;Ernte-u.Betriebsbericht: Feldfrüchte und Grünland;JAHR;Jahr;2016;DINSG;Deutschland insgesamt;DG;Deutschland;FRUA04;Fruchtarten;FRUART02LG;Leguminosen zur Ganzpflanzenernte (z.B. Klee);78,4;dt/ha;ERT001;Ertrag je Hektar
41241;Ernte-u.Betriebsbericht: Feldfrüchte und Grünland;JAHR;Jahr;2016;DINSG;Deutschland insgesamt;DG;Deutschland;FRUA04;Fruchtarten;FRUART02LG;Leguminosen zur Ganzpflanzenernte (z.B. Klee);261800;ha;FLC016;Anbaufläche
41241;Ernte-u.Betriebsbericht: Feldfrüchte und Grünland;JAHR;Jahr;2017;DINSG;Deutschland insgesamt;DG;Deutschland;FRUA04;Fruchtarten;FRUART0515;Sonnenblumen;39600;t;ERN001;Erntemenge
41241;Ernte-u.Betriebsbericht: Feldfrüchte und Grünland;JAHR;Jahr;2017;DINSG;Deutschland insgesamt;DG;Deutschland;FRUA04;Fruchtarten;FRUART0515;Sonnenblumen;21,9;dt/ha;ERT001;Ertrag je Hektar
41241;Ernte-u.Betriebsbericht: Feldfrüchte und Grünland;JAHR;Jahr;2017;DINSG;Deutschland insgesamt;DG;Deutschland;FRUA04;Fruchtarten;FRUART0515;Sonnenblumen;18000;ha;FLC016;Anbaufläche
41241;Ernte-u.Betriebsbericht: Feldfrüchte und Grünland;JAHR;Jahr;2025;DINSG;Deutschland insgesamt;DG;Deutschland;FRUA04;Fruchtarten;FRUART082;Weiden (einschließlich Mähweiden und Almen);15014400;t;ERN001;Erntemenge
41241;Ernte-u.Betriebsbericht: Feldfrüchte und Grünland;JAHR;Jahr;2025;DINSG;Deutschland insgesamt;DG;Deutschland;FRUA04;Fruchtarten;FRUART082;Weiden (einschließlich Mähweiden und Almen);59,2;dt/ha;ERT001;Ertrag je Hektar
41241;Ernte-u.Betriebsbericht: Feldfrüchte und Grünland;JAHR;Jahr;2025;DINSG;Deutschland insgesamt;DG;Deutschland;FRUA04;Fruchtarten;FRUART082;Weiden (einschließlich Mähweiden und Almen);2535400;ha;FLC016;Anbaufläche
41241;Ernte-u.Betriebsbericht: Feldfrüchte und Grünland;JAHR;Jahr;2020;DINSG;Deutschland insgesamt;DG;Deutschland;FRUA04;Fruchtarten;FRUART032;Zuckerrüben;28618100;t;ERN001;Erntemenge
41241;Ernte-u.Betriebsbericht: Feldfrüchte und Grünland;JAHR;Jahr;2020;DINSG;Deutschland insgesamt;DG;Deutschland;FRUA04;Fruchtarten;FRUART032;Zuckerrüben;741,5;dt/ha;ERT001;Ertrag je Hektar
41241;Ernte-u.Betriebsbericht: Feldfrüchte und Grünland;JAHR;Jahr;2020;DINSG;Deutschland insgesamt;DG;Deutschland;FRUA04;Fruchtarten;FRUART032;Zuckerrüben;386000;ha;FLC016;Anbaufläche
41241;Ernte-u.Betriebsbericht: Feldfrüchte und Grünland;JAHR;Jahr;2013;DINSG;Deutschland insgesamt;DG;Deutschland;FRUA04;Fruchtarten;FRUART0111;Weizen;25019100;t;ERN001;Erntemenge
41241;Ernte-u.Betriebsbericht: Feldfrüchte und Grünland;JAHR;Jahr;2013;DINSG;Deutschland insgesamt;DG;Deutschland;FRUA04;Fruchtarten;FRUART0111;Weizen;80,0;dt/ha;ERT001;Ertrag je Hektar
41241;Ernte-u.Betriebsbericht: Feldfrüchte und Grünland;JAHR;Jahr;2013;DINSG;Deutschland insgesamt;DG;Deutschland;FRUA04;Fruchtarten;FRUART0111;Weizen;3128200;ha;FLC016;Anbaufläche
41241;Ernte-u.Betriebsbericht: Feldfrüchte und Grünland;JAHR;Jahr;2011;DINSG;Deutschland insgesamt;DG;Deutschland;FRUA04;Fruchtarten;FRUART0511;Raps und Rübsen;3869500;t;ERN001;Erntemenge
41241;Ernte-u.Betriebsbericht: Feldfrüchte und Grünland;JAHR;Jahr;2011;DINSG;Deutschland insgesamt;DG;Deutschland;FRUA04;Fruchtarten;FRUART0511;Raps und Rübsen;29,1;dt/ha;ERT001;Ertrag je Hektar
41241;Ernte-u.Betriebsbericht: Feldfrüchte und Grünland;JAHR;Jahr;2011;DINSG;Deutschland insgesamt;DG;Deutschland;FRUA04;Fruchtarten;FRUART0511;Raps und Rübsen;1328600;ha;FLC016;Anbaufläche
41241;Ernte-u.Betriebsbericht: Feldfrüchte und Grünland;JAHR;Jahr;2014;DINSG;Deutschland insgesamt;DG;Deutschland;FRUA04;Fruchtarten;FRUART082;Weiden (einschließlich Mähweiden und Almen);19508100;t;ERN001;Erntemenge
41241;Ernte-u.Betriebsbericht: Feldfrüchte und Grünland;JAHR;Jahr;2014;DINSG;Deutschland insgesamt;DG;Deutschland;FRUA04;Fruchtarten;FRUART082;Weiden (einschließlich Mähweiden und Almen);74,4;dt/ha;ERT001;Ertrag je Hektar
41241;Ernte-u.Betriebsbericht: Feldfrüchte und Grünland;JAHR;Jahr;2014;DINSG;Deutschland insgesamt;DG;Deutschland;FRUA04;Fruchtarten;FRUART082;Weiden (einschließlich Mähweiden und Almen);2620300;ha;FLC016;Anbaufläche
41241;Ernte-u.Betriebsbericht: Feldfrüchte und Grünland;JAHR;Jahr;2018;DINSG;Deutschland insgesamt;DG;Deutschland;FRUA04;Fruchtarten;FRUART0123;Sommermenggetreide;42200;t;ERN001;Erntemenge
41241;Ernte-u.Betriebsbericht: Feldfrüchte und Grünland;JAHR;Jahr;2018;DINSG;Deutschland insgesamt;DG;Deutschland;FRUA04;Fruchtarten;FRUART0123;Sommermenggetreide;37,4;dt/ha;ERT001;Ertrag je Hektar
41241;Ernte-u.Betriebsbericht: Feldfrüchte und Grünland;JAHR;Jahr;2018;DINSG;Deutschland insgesamt;DG;Deutschland;FRUA04;Fruchtarten;FRUART0123;Sommermenggetreide;11300;ha;FLC016;Anbaufläche
41241;Ernte-u.Betriebsbericht: Feldfrüchte und Grünland;JAHR;Jahr;2025;DINSG;Deutschland insgesamt;DG;Deutschland;FRUA04;Fruchtarten;FRUART01212;Sommergerste;1821700;t;ERN001;Erntemenge
41241;Ernte-u.Betriebsbericht: Feldfrüchte und Grünland;JAHR;Jahr;2025;DINSG;Deutschland insgesamt;DG;Deutschland;FRUA04;Fruchtarten;FRUART01212;Sommergerste;58,2;dt/ha;ERT001;Ertrag je Hektar
41241;Ernte-u.Betriebsbericht: Feldfrüchte und Grünland;JAHR;Jahr;2025;DINSG;Deutschland insgesamt;DG;Deutschland;FRUA04;Fruchtarten;FRUART01212;Sommergerste;313000;ha;FLC016;Anbaufläche
41241;Ernte-u.Betriebsbericht: Feldfrüchte und Grünland;JAHR;Jahr;2011;DINSG;Deutschland insgesamt;DG;Deutschland;FRUA04;Fruchtarten;FRUART02LG;Leguminosen zur Ganzpflanzenernte (z.B. Klee);1922900;t;ERN001;Erntemenge
41241;Ernte-u.Betriebsbericht: Feldfrüchte und Grünland;JAHR;Jahr;2011;DINSG;Deutschland insgesamt;DG;Deutschland;FRUA04;Fruchtarten;FRUART02LG;Leguminosen zur Ganzpflanzenernte (z.B. Klee);73,0;dt/ha;ERT001;Ertrag je Hektar
41241;Ernte-u.Betriebsbericht: Feldfrüchte und Grünland;JAHR;Jahr;2011;DINSG;Deutschland insgesamt;DG;Deutschland;FRUA04;Fruchtarten;FRUART02LG;Leguminosen zur Ganzpflanzenernte (z.B. Klee);263500;ha;FLC016;Anbaufläche
41241;Ernte-u.Betriebsbericht: Feldfrüchte und Grünland;JAHR;Jahr;2017;DINSG;Deutschland insgesamt;DG;Deutschland;FRUA04;Fruchtarten;FRUART01211;Wintergerste;9019300;t;ERN001;Erntemenge
41241;Ernte-u.Betriebsbericht: Feldfrüchte und Grünland;JAHR;Jahr;2017;DINSG;Deutschland insgesamt;DG;Deutschland;FRUA04;Fruchtarten;FRUART01211;Wintergerste;73,5;dt/ha;ERT001;Ertrag je Hektar
41241;Ernte-u.Betriebsbericht: Feldfrüchte und Grünland;JAHR;Jahr;2017;DINSG;Deutschland insgesamt;DG;Deutschland;FRUA04;Fruchtarten;FRUART01211;Wintergerste;1226600;ha;FLC016;Anbaufläche
41241;Ernte-u.Betriebsbericht: Feldfrüchte und Grünland;JAHR;Jahr;2015;DINSG;Deutschland insgesamt;DG;Deutschland;FRUA04;Fruchtarten;FRUART025;Sojabohnen;.;t;ERN001;Erntemenge
41241;Ernte-u.Betriebsbericht: Feldfrüchte und Grünland;JAHR;Jahr;2015;DINSG;Deutschland insgesamt;DG;Deutschland;FRUA04;Fruchtarten;FRUART025;Sojabohnen;.;dt/ha;ERT001;Ertrag je Hektar
41241;Ernte-u.Betriebsbericht: Feldfrüchte und Grünland;JAHR;Jahr;2015;DINSG;Deutschland insgesamt;DG;Deutschland;FRUA04;Fruchtarten;FRUART025;Sojabohnen;.;ha;FLC016;Anbaufläche
41241;Ernte-u.Betriebsbericht: Feldfrüchte und Grünland;JAHR;Jahr;2024;DINSG;Deutschland insgesamt;DG;Deutschland;FRUA04;Fruchtarten;FRUART013CCM1;Körnermais/Mais zum Ausreifen (einschl. CCM);5010500;t;ERN001;Erntemenge
41241;Ernte-u.Betriebsbericht: Feldfrüchte und Grünland;JAHR;Jahr;2024;DINSG;Deutschland insgesamt;DG;Deutschland;FRUA04;Fruchtarten;FRUART013CCM1;Körnermais/Mais zum Ausreifen (einschl. CCM);100,5;dt/ha;ERT001;Ertrag je Hektar
41241;Ernte-u.Betriebsbericht: Feldfrüchte und Grünland;JAHR;Jahr;2024;DINSG;Deutschland insgesamt;DG;Deutschland;FRUA04;Fruchtarten;FRUART013CCM1;Körnermais/Mais zum Ausreifen (einschl. CCM);498400;ha;FLC016;Anbaufläche
41241;Ernte-u.Betriebsbericht: Feldfrüchte und Grünland;JAHR;Jahr;2011;DINSG;Deutschland insgesamt;DG;Deutschland;FRUA04;Fruchtarten;FRUART01212;Sommergerste;2058100;t;ERN001;Erntemenge
41241;Ernte-u.Betriebsbericht: Feldfrüchte und Grünland;JAHR;Jahr;2011;DINSG;Deutschland insgesamt;DG;Deutschland;FRUA04;Fruchtarten;FRUART01212;Sommergerste;49,0;dt/ha;ERT001;Ertrag je Hektar
41241;Ernte-u.Betriebsbericht: Feldfrüchte und Grünland;JAHR;Jahr;2011;DINSG;Deutschland insgesamt;DG;Deutschland;FRUA04;Fruchtarten;FRUART01212;Sommergerste;420300;ha;FLC016;Anbaufläche
41241;Ernte-u.Betriebsbericht: Feldfrüchte und Grünland;JAHR;Jahr;2021;DINSG;Deutschland insgesamt;DG;Deutschland;FRUA04;Fruchtarten;FRUART05111;Winterraps;3496600;t;ERN001;Erntemenge
41241;Ernte-u.Betriebsbericht: Feldfrüchte und Grünland;JAHR;Jahr;2021;DINSG;Deutschland insgesamt;DG;Deutschland;FRUA04;Fruchtarten;FRUART05111;Winterraps;35,1;dt/ha;ERT001;Ertrag je Hektar
41241;Ernte-u.Betriebsbericht: Feldfrüchte und Grünland;JAHR;Jahr;2021;DINSG;Deutschland insgesamt;DG;Deutschland;FRUA04;Fruchtarten;FRUART05111;Winterraps;997100;ha;FLC016;Anbaufläche
41241;Ernte-u.Betriebsbericht: Feldfrüchte und Grünland;JAHR;Jahr;2013;DINSG;Deutschland insgesamt;DG;Deutschland;FRUA04;Fruchtarten;FRUART0123;Sommermenggetreide;81300;t;ERN001;Erntemenge
41241;Ernte-u.Betriebsbericht: Feldfrüchte und Grünland;JAHR;Jahr;2013;DINSG;Deutschland insgesamt;DG;Deutschland;FRUA04;Fruchtarten;FRUART0123;Sommermenggetreide;46,7;dt/ha;ERT001;Ertrag je Hektar
41241;Ernte-u.Betriebsbericht: Feldfrüchte und Grünland;JAHR;Jahr;2013;DINSG;Deutschland insgesamt;DG;Deutschland;FRUA04;Fruchtarten;FRUART0123;Sommermenggetreide;17400;ha;FLC016;Anbaufläche
41241;Ernte-u.Betriebsbericht: Feldfrüchte und Grünland;JAHR;Jahr;2024;DINSG;Deutschland insgesamt;DG;Deutschland;FRUA04;Fruchtarten;FRUART01121;Roggen und Wintermenggetreide;2584400;t;ERN001;Erntemenge
41241;Ernte-u.Betriebsbericht: Feldfrüchte und Grünland;JAHR;Jahr;2024;DINSG;Deutschland insgesamt;DG;Deutschland;FRUA04;Fruchtarten;FRUART01121;Roggen und Wintermenggetreide;48,3;dt/ha;ERT001;Ertrag je Hektar
41241;Ernte-u.Betriebsbericht: Feldfrüchte und Grünland;JAHR;Jahr;2024;DINSG;Deutschland insgesamt;DG;Deutschland;FRUA04;Fruchtarten;FRUART01121;Roggen und Wintermenggetreide;535600;ha;FLC016;Anbaufläche
41241;Ernte-u.Betriebsbericht: Feldfrüchte und Grünland;JAHR;Jahr;2011;DINSG;Deutschland insgesamt;DG;Deutschland;FRUA04;Fruchtarten;FRUART01112OH;Sommerweizen (ohne Hartweizen);313900;t;ERN001;Erntemenge
41241;Ernte-u.Betriebsbericht: Feldfrüchte und Grünland;JAHR;Jahr;2011;DINSG;Deutschland insgesamt;DG;Deutschland;FRUA04;Fruchtarten;FRUART01112OH;Sommerweizen (ohne Hartweizen);52,3;dt/ha;ERT001;Ertrag je Hektar
41241;Ernte-u.Betriebsbericht: Feldfrüchte und Grünland;JAHR;Jahr;2011;DINSG;Deutschland insgesamt;DG;Deutschland;FRUA04;Fruchtarten;FRUART01112OH;Sommerweizen (ohne Hartweizen);60100;ha;FLC016;Anbaufläche
41241;Ernte-u.Betriebsbericht: Feldfrüchte und Grünland;JAHR;Jahr;2010;DINSG;Deutschland insgesamt;DG;Deutschland;FRUA04;Fruchtarten;FRUART05112;Sommerraps, Winter- und Sommerrübsen;9466;t;ERN001;Erntemenge
41241;Ernte-u.Betriebsbericht: Feldfrüchte und Grünland;JAHR;Jahr;2010;DINSG;Deutschland insgesamt;DG;Deutschland;FRUA04;Fruchtarten;FRUART05112;Sommerraps, Winter- und Sommerrübsen;24,5;dt/ha;ERT001;Ertrag je Hektar
41241;Ernte-u.Betriebsbericht: Feldfrüchte und Grünland;JAHR;Jahr;2010;DINSG;Deutschland insgesamt;DG;Deutschland;FRUA04;Fruchtarten;FRUART05112;Sommerraps, Winter- und Sommerrübsen;3866;ha;FLC016;Anbaufläche
41241;Ernte-u.Betriebsbericht: Feldfrüchte und Grünland;JAHR;Jahr;2015;DINSG;Deutschland insgesamt;DG;Deutschland;FRUA04;Fruchtarten;FRUART082;Weiden (einschließlich Mähweiden und Almen);17535000;t;ERN001;Erntemenge
41241;Ernte-u.Betriebsbericht: Feldfrüchte und Grünland;JAHR;Jahr;2015;DINSG;Deutschland insgesamt;DG;Deutschland;FRUA04;Fruchtarten;FRUART082;Weiden (einschließlich Mähweiden und Almen);66,1;dt/ha;ERT001;Ertrag je Hektar
41241;Ernte-u.Betriebsbericht: Feldfrüchte und Grünland;JAHR;Jahr;2015;DINSG;Deutschland insgesamt;DG;Deutschland;FRUA04;Fruchtarten;FRUART082;Weiden (einschließlich Mähweiden und Almen);2651000;ha;FLC016;Anbaufläche
41241;Ernte-u.Betriebsbericht: Feldfrüchte und Grünland;JAHR;Jahr;2016;DINSG;Deutschland insgesamt;DG;Deutschland;FRUA04;Fruchtarten;FRUART0511;Raps und Rübsen;4579600;t;ERN001;Erntemenge
41241;Ernte-u.Betriebsbericht: Feldfrüchte und Grünland;JAHR;Jahr;2016;DINSG;Deutschland insgesamt;DG;Deutschland;FRUA04;Fruchtarten;FRUART0511;Raps und Rübsen;34,5;dt/ha;ERT001;Ertrag je Hektar
41241;Ernte-u.Betriebsbericht: Feldfrüchte und Grünland;JAHR;Jahr;2016;DINSG;Deutschland insgesamt;DG;Deutschland;FRUA04;Fruchtarten;FRUART0511;Raps und Rübsen;1325700;ha;FLC016;Anbaufläche
41241;Ernte-u.Betriebsbericht: Feldfrüchte und Grünland;JAHR;Jahr;2022;DINSG;Deutschland insgesamt;DG;Deutschland;FRUA04;Fruchtarten;FRUART01111D;Dinkel;-;t;ERN001;Erntemenge
41241;Ernte-u.Betriebsbericht: Feldfrüchte und Grünland;JAHR;Jahr;2022;DINSG;Deutschland insgesamt;DG;Deutschland;FRUA04;Fruchtarten;FRUART01111D;Dinkel;-;dt/ha;ERT001;Ertrag je Hektar
41241;Ernte-u.Betriebsbericht: Feldfrüchte und Grünland;JAHR;Jahr;2022;DINSG;Deutschland insgesamt;DG;Deutschland;FRUA04;Fruchtarten;FRUART01111D;Dinkel;-;ha;FLC016;Anbaufläche
41241;Ernte-u.Betriebsbericht: Feldfrüchte und Grünland;JAHR;Jahr;2016;DINSG;Deutschland insgesamt;DG;Deutschland;FRUA04;Fruchtarten;FRUART025;Sojabohnen;43200;t;ERN001;Erntemenge
41241;Ernte-u.Betriebsbericht: Feldfrüchte und Grünland;JAHR;Jahr;2016;DINSG;Deutschland insgesamt;DG;Deutschland;FRUA04;Fruchtarten;FRUART025;Sojabohnen;27,4;dt/ha;ERT001;Ertrag je Hektar
41241;Ernte-u.Betriebsbericht: Feldfrüchte und Grünland;JAHR;Jahr;2016;DINSG;Deutschland insgesamt;DG;Deutschland;FRUA04;Fruchtarten;FRUART025;Sojabohnen;15800;ha;FLC016;Anbaufläche
41241;Ernte-u.Betriebsbericht: Feldfrüchte und Grünland;JAHR;Jahr;2014;DINSG;Deutschland insgesamt;DG;Deutschland;FRUA04;Fruchtarten;FRUART01111E;Winterweizen (einschließlich Einkorn);-;t;ERN001;Erntemenge
41241;Ernte-u.Betriebsbericht: Feldfrüchte und Grünland;JAHR;Jahr;2014;DINSG;Deutschland insgesamt;DG;Deutschland;FRUA04;Fruchtarten;FRUART01111E;Winterweizen (einschließlich Einkorn);-;dt/ha;ERT001;Ertrag je Hektar
41241;Ernte-u.Betriebsbericht: Feldfrüchte und Grünland;JAHR;Jahr;2014;DINSG;Deutschland insgesamt;DG;Deutschland;FRUA04;Fruchtarten;FRUART01111E;Winterweizen (einschließlich Einkorn);-;ha;FLC016;Anbaufläche
41241;Ernte-u.Betriebsbericht: Feldfrüchte und Grünland;JAHR;Jahr;2025;DINSG;Deutschland insgesamt;DG;Deutschland;FRUA04;Fruchtarten;FRUART062;Luzerne;-;t;ERN001;Erntemenge
41241;Ernte-u.Betriebsbericht: Feldfrüchte und Grünland;JAHR;Jahr;2025;DINSG;Deutschland insgesamt;DG;Deutschland;FRUA04;Fruchtarten;FRUART062;Luzerne;-;dt/ha;ERT001;Ertrag je Hektar
41241;Ernte-u.Betriebsbericht: Feldfrüchte und Grünland;JAHR;Jahr;2025;DINSG;Deutschland insgesamt;DG;Deutschland;FRUA04;Fruchtarten;FRUART062;Luzerne;-;ha;FLC016;Anbaufläche
41241;Ernte-u.Betriebsbericht: Feldfrüchte und Grünland;JAHR;Jahr;2011;DINSG;Deutschland insgesamt;DG;Deutschland;FRUA04;Fruchtarten;FRUART0123;Sommermenggetreide;67700;t;ERN001;Erntemenge
41241;Ernte-u.Betriebsbericht: Feldfrüchte und Grünland;JAHR;Jahr;2011;DINSG;Deutschland insgesamt;DG;Deutschland;FRUA04;Fruchtarten;FRUART0123;Sommermenggetreide;41,8;dt/ha;ERT001;Ertrag je Hektar
41241;Ernte-u.Betriebsbericht: Feldfrüchte und Grünland;JAHR;Jahr;2011;DINSG;Deutschland insgesamt;DG;Deutschland;FRUA04;Fruchtarten;FRUART0123;Sommermenggetreide;16200;ha;FLC016;Anbaufläche
41241;Ernte-u.Betriebsbericht: Feldfrüchte und Grünland;JAHR;Jahr;2021;DINSG;Deutschland insgesamt;DG;Deutschland;FRUA04;Fruchtarten;FRUART065;Raufutter;35425600;t;ERN001;Erntemenge
41241;Ernte-u.Betriebsbericht: Feldfrüchte und Grünland;JAHR;Jahr;2021;DINSG;Deutschland insgesamt;DG;Deutschland;FRUA04;Fruchtarten;FRUART065;Raufutter;68,9;dt/ha;ERT001;Ertrag je Hektar
41241;Ernte-u.Betriebsbericht: Feldfrüchte und Grünland;JAHR;Jahr;2021;DINSG;Deutschland insgesamt;DG;Deutschland;FRUA04;Fruchtarten;FRUART065;Raufutter;5142800;ha;FLC016;Anbaufläche
41241;Ernte-u.Betriebsbericht: Feldfrüchte und Grünland;JAHR;Jahr;2018;DINSG;Deutschland insgesamt;DG;Deutschland;FRUA04;Fruchtarten;FRUART062;Luzerne;-;t;ERN001;Erntemenge
41241;Ernte-u.Betriebsbericht: Feldfrüchte und Grünland;JAHR;Jahr;2018;DINSG;Deutschland insgesamt;DG;Deutschland;FRUA04;Fruchtarten;FRUART062;Luzerne;-;dt/ha;ERT001;Ertrag je Hektar
41241;Ernte-u.Betriebsbericht: Feldfrüchte und Grünland;JAHR;Jahr;2018;DINSG;Deutschland insgesamt;DG;Deutschland;FRUA04;Fruchtarten;FRUART062;Luzerne;-;ha;FLC016;Anbaufläche
41241;Ernte-u.Betriebsbericht: Feldfrüchte und Grünland;JAHR;Jahr;2024;DINSG;Deutschland insgesamt;DG;Deutschland;FRUA04;Fruchtarten;FRUART032;Zuckerrüben;36682200;t;ERN001;Erntemenge
41241;Ernte-u.Betriebsbericht: Feldfrüchte und Grünland;JAHR;Jahr;2024;DINSG;Deutschland insgesamt;DG;Deutschland;FRUA04;Fruchtarten;FRUART032;Zuckerrüben;839,0;dt/ha;ERT001;Ertrag je Hektar
41241;Ernte-u.Betriebsbericht: Feldfrüchte und Grünland;JAHR;Jahr;2024;DINSG;Deutschland insgesamt;DG;Deutschland;FRUA04;Fruchtarten;FRUART032;Zuckerrüben;437200;ha;FLC016;Anbaufläche
41241;Ernte-u.Betriebsbericht: Feldfrüchte und Grünland;JAHR;Jahr;2014;DINSG;Deutschland insgesamt;DG;Deutschland;FRUA04;Fruchtarten;FRUART013CCM1;Körnermais/Mais zum Ausreifen (einschl. CCM);5142100;t;ERN001;Erntemenge
41241;Ernte-u.Betriebsbericht: Feldfrüchte und Grünland;JAHR;Jahr;2014;DINSG;Deutschland insgesamt;DG;Deutschland;FRUA04;Fruchtarten;FRUART013CCM1;Körnermais/Mais zum Ausreifen (einschl. CCM);107,6;dt/ha;ERT001;Ertrag je Hektar
41241;Ernte-u.Betriebsbericht: Feldfrüchte und Grünland;JAHR;Jahr;2014;DINSG;Deutschland insgesamt;DG;Deutschland;FRUA04;Fruchtarten;FRUART013CCM1;Körnermais/Mais zum Ausreifen (einschl. CCM);481300;ha;FLC016;Anbaufläche
41241;Ernte-u.Betriebsbericht: Feldfrüchte und Grünland;JAHR;Jahr;2011;DINSG;Deutschland insgesamt;DG;Deutschland;FRUA04;Fruchtarten;FRUART01OKM1;Getreide zur Körnergew. (ohne Körnermais, CCM);36736800;t;ERN001;Erntemenge
41241;Ernte-u.Betriebsbericht: Feldfrüchte und Grünland;JAHR;Jahr;2011;DINSG;Deutschland insgesamt;DG;Deutschland;FRUA04;Fruchtarten;FRUART01OKM1;Getreide zur Körnergew. (ohne Körnermais, CCM);61,2;dt/ha;ERT001;Ertrag je Hektar
41241;Ernte-u.Betriebsbericht: Feldfrüchte und Grünland;JAHR;Jahr;2011;DINSG;Deutschland insgesamt;DG;Deutschland;FRUA04;Fruchtarten;FRUART01OKM1;Getreide zur Körnergew. (ohne Körnermais, CCM);6003100;ha;FLC016;Anbaufläche
41241;Ernte-u.Betriebsbericht: Feldfrüchte und Grünland;JAHR;Jahr;2024;DINSG;Deutschland insgesamt;DG;Deutschland;FRUA04;Fruchtarten;FRUART064G1;Silomais/Grünmais einschl. Lieschkolbenschrot;90925600;t;ERN001;Erntemenge
41241;Ernte-u.Betriebsbericht: Feldfrüchte und Grünland;JAHR;Jahr;2024;DINSG;Deutschland insgesamt;DG;Deutschland;FRUA04;Fruchtarten;FRUART064G1;Silomais/Grünmais einschl. Lieschkolbenschrot;443,8;dt/ha;ERT001;Ertrag je Hektar
41241;Ernte-u.Betriebsbericht: Feldfrüchte und Grünland;JAHR;Jahr;2024;DINSG;Deutschland insgesamt;DG;Deutschland;FRUA04;Fruchtarten;FRUART064G1;Silomais/Grünmais einschl. Lieschkolbenschrot;2048700;ha;FLC016;Anbaufläche
41241;Ernte-u.Betriebsbericht: Feldfrüchte und Grünland;JAHR;Jahr;2010;DINSG;Deutschland insgesamt;DG;Deutschland;FRUA04;Fruchtarten;FRUART032;Zuckerrüben;23431929;t;ERN001;Erntemenge
41241;Ernte-u.Betriebsbericht: Feldfrüchte und Grünland;JAHR;Jahr;2010;DINSG;Deutschland insgesamt;DG;Deutschland;FRUA04;Fruchtarten;FRUART032;Zuckerrüben;643,5;dt/ha;ERT001;Ertrag je Hektar
41241;Ernte-u.Betriebsbericht: Feldfrüchte und Grünland;JAHR;Jahr;2010;DINSG;Deutschland insgesamt;DG;Deutschland;FRUA04;Fruchtarten;FRUART032;Zuckerrüben;364120;ha;FLC016;Anbaufläche
41241;Ernte-u.Betriebsbericht: Feldfrüchte und Grünland;JAHR;Jahr;2018;DINSG;Deutschland insgesamt;DG;Deutschland;FRUA04;Fruchtarten;FRUART01111D;Dinkel;-;t;ERN001;Erntemenge
41241;Ernte-u.Betriebsbericht: Feldfrüchte und Grünland;JAHR;Jahr;2018;DINSG;Deutschland insgesamt;DG;Deutschland;FRUA04;Fruchtarten;FRUART01111D;Dinkel;-;dt/ha;ERT001;Ertrag je Hektar
41241;Ernte-u.Betriebsbericht: Feldfrüchte und Grünland;JAHR;Jahr;2018;DINSG;Deutschland insgesamt;DG;Deutschland;FRUA04;Fruchtarten;FRUART01111D;Dinkel;-;ha;FLC016;Anbaufläche
41241;Ernte-u.Betriebsbericht: Feldfrüchte und Grünland;JAHR;Jahr;2017;DINSG;Deutschland insgesamt;DG;Deutschland;FRUA04;Fruchtarten;FRUART032;Zuckerrüben;34059900;t;ERN001;Erntemenge
41241;Ernte-u.Betriebsbericht: Feldfrüchte und Grünland;JAHR;Jahr;2017;DINSG;Deutschland insgesamt;DG;Deutschland;FRUA04;Fruchtarten;FRUART032;Zuckerrüben;837,5;dt/ha;ERT001;Ertrag je Hektar
41241;Ernte-u.Betriebsbericht: Feldfrüchte und Grünland;JAHR;Jahr;2017;DINSG;Deutschland insgesamt;DG;Deutschland;FRUA04;Fruchtarten;FRUART032;Zuckerrüben;406700;ha;FLC016;Anbaufläche
41241;Ernte-u.Betriebsbericht: Feldfrüchte und Grünland;JAHR;Jahr;2026;DINSG;Deutschland insgesamt;DG;Deutschland;FRUA04;Fruchtarten;FRUART081;Wiesen (Schnittnutzung);...;t;ERN001;Erntemenge
41241;Ernte-u.Betriebsbericht: Feldfrüchte und Grünland;JAHR;Jahr;2026;DINSG;Deutschland insgesamt;DG;Deutschland;FRUA04;Fruchtarten;FRUART081;Wiesen (Schnittnutzung);...;dt/ha;ERT001;Ertrag je Hektar
41241;Ernte-u.Betriebsbericht: Feldfrüchte und Grünland;JAHR;Jahr;2026;DINSG;Deutschland insgesamt;DG;Deutschland;FRUA04;Fruchtarten;FRUART081;Wiesen (Schnittnutzung);...;ha;FLC016;Anbaufläche
41241;Ernte-u.Betriebsbericht: Feldfrüchte und Grünland;JAHR;Jahr;2011;DINSG;Deutschland insgesamt;DG;Deutschland;FRUA04;Fruchtarten;FRUART0631;Feldgras/Grasanbau auf dem Ackerland (inkl.Misch.);2692300;t;ERN001;Erntemenge
41241;Ernte-u.Betriebsbericht: Feldfrüchte und Grünland;JAHR;Jahr;2011;DINSG;Deutschland insgesamt;DG;Deutschland;FRUA04;Fruchtarten;FRUART0631;Feldgras/Grasanbau auf dem Ackerland (inkl.Misch.);67,7;dt/ha;ERT001;Ertrag je Hektar
41241;Ernte-u.Betriebsbericht: Feldfrüchte und Grünland;JAHR;Jahr;2011;DINSG;Deutschland insgesamt;DG;Deutschland;FRUA04;Fruchtarten;FRUART0631;Feldgras/Grasanbau auf dem Ackerland (inkl.Misch.);397500;ha;FLC016;Anbaufläche
41241;Ernte-u.Betriebsbericht: Feldfrüchte und Grünland;JAHR;Jahr;2011;DINSG;Deutschland insgesamt;DG;Deutschland;FRUA04;Fruchtarten;FRUART0111;Weizen;22782700;t;ERN001;Erntemenge
41241;Ernte-u.Betriebsbericht: Feldfrüchte und Grünland;JAHR;Jahr;2011;DINSG;Deutschland insgesamt;DG;Deutschland;FRUA04;Fruchtarten;FRUART0111;Weizen;70,1;dt/ha;ERT001;Ertrag je Hektar
41241;Ernte-u.Betriebsbericht: Feldfrüchte und Grünland;JAHR;Jahr;2011;DINSG;Deutschland insgesamt;DG;Deutschland;FRUA04;Fruchtarten;FRUART0111;Weizen;3248200;ha;FLC016;Anbaufläche
41241;Ernte-u.Betriebsbericht: Feldfrüchte und Grünland;JAHR;Jahr;2026;DINSG;Deutschland insgesamt;DG;Deutschland;FRUA04;Fruchtarten;FRUART01G;Getreide zur Ganzpflanzenernte;2528800;t;ERN001;Erntemenge
41241;Ernte-u.Betriebsbericht: Feldfrüchte und Grünland;JAHR;Jahr;2026;DINSG;Deutschland insgesamt;DG;Deutschland;FRUA04;Fruchtarten;FRUART01G;Getreide zur Ganzpflanzenernte;270,8;dt/ha;ERT001;Ertrag je Hektar
41241;Ernte-u.Betriebsbericht: Feldfrüchte und Grünland;JAHR;Jahr;2026;DINSG;Deutschland insgesamt;DG;Deutschland;FRUA04;Fruchtarten;FRUART01G;Getreide zur Ganzpflanzenernte;93400;ha;FLC016;Anbaufläche
41241;Ernte-u.Betriebsbericht: Feldfrüchte und Grünland;JAHR;Jahr;2010;DINSG;Deutschland insgesamt;DG;Deutschland;FRUA04;Fruchtarten;FRUART0515;Sonnenblumen;47240;t;ERN001;Erntemenge
41241;Ernte-u.Betriebsbericht: Feldfrüchte und Grünland;JAHR;Jahr;2010;DINSG;Deutschland insgesamt;DG;Deutschland;FRUA04;Fruchtarten;FRUART0515;Sonnenblumen;18,9;dt/ha;ERT001;Ertrag je Hektar
41241;Ernte-u.Betriebsbericht: Feldfrüchte und Grünland;JAHR;Jahr;2010;DINSG;Deutschland insgesamt;DG;Deutschland;FRUA04;Fruchtarten;FRUART0515;Sonnenblumen;24973;ha;FLC016;Anbaufläche
41241;Ernte-u.Betriebsbericht: Feldfrüchte und Grünland;JAHR;Jahr;2017;DINSG;Deutschland insgesamt;DG;Deutschland;FRUA04;Fruchtarten;FRUART013CCM1;Körnermais/Mais zum Ausreifen (einschl. CCM);4547600;t;ERN001;Erntemenge
41241;Ernte-u.Betriebsbericht: Feldfrüchte und Grünland;JAHR;Jahr;2017;DINSG;Deutschland insgesamt;DG;Deutschland;FRUA04;Fruchtarten;FRUART013CCM1;Körnermais/Mais zum Ausreifen (einschl. CCM);105,3;dt/ha;ERT001;Ertrag je Hektar
41241;Ernte-u.Betriebsbericht: Feldfrüchte und Grünland;JAHR;Jahr;2017;DINSG;Deutschland insgesamt;DG;Deutschland;FRUA04;Fruchtarten;FRUART013CCM1;Körnermais/Mais zum Ausreifen (einschl. CCM);432000;ha;FLC016;Anbaufläche
41241;Ernte-u.Betriebsbericht: Feldfrüchte und Grünland;JAHR;Jahr;2022;DINSG;Deutschland insgesamt;DG;Deutschland;FRUA04;Fruchtarten;FRUART05112;Sommerraps, Winter- und Sommerrübsen;13800;t;ERN001;Erntemenge
41241;Ernte-u.Betriebsbericht: Feldfrüchte und Grünland;JAHR;Jahr;2022;DINSG;Deutschland insgesamt;DG;Deutschland;FRUA04;Fruchtarten;FRUART05112;Sommerraps, Winter- und Sommerrübsen;20,5;dt/ha;ERT001;Ertrag je Hektar
41241;Ernte-u.Betriebsbericht: Feldfrüchte und Grünland;JAHR;Jahr;2022;DINSG;Deutschland insgesamt;DG;Deutschland;FRUA04;Fruchtarten;FRUART05112;Sommerraps, Winter- und Sommerrübsen;6700;ha;FLC016;Anbaufläche
41241;Ernte-u.Betriebsbericht: Feldfrüchte und Grünland;JAHR;Jahr;2013;DINSG;Deutschland insgesamt;DG;Deutschland;FRUA04;Fruchtarten;FRUART0122;Hafer;627700;t;ERN001;Erntemenge
41241;Ernte-u.Betriebsbericht: Feldfrüchte und Grünland;JAHR;Jahr;2013;DINSG;Deutschland insgesamt;DG;Deutschland;FRUA04;Fruchtarten;FRUART0122;Hafer;47,7;dt/ha;ERT001;Ertrag je Hektar
41241;Ernte-u.Betriebsbericht: Feldfrüchte und Grünland;JAHR;Jahr;2013;DINSG;Deutschland insgesamt;DG;Deutschland;FRUA04;Fruchtarten;FRUART0122;Hafer;131500;ha;FLC016;Anbaufläche
41241;Ernte-u.Betriebsbericht: Feldfrüchte und Grünland;JAHR;Jahr;2023;DINSG;Deutschland insgesamt;DG;Deutschland;FRUA04;Fruchtarten;FRUART067S;Süßlupinen;45500;t;ERN001;Erntemenge
41241;Ernte-u.Betriebsbericht: Feldfrüchte und Grünland;JAHR;Jahr;2023;DINSG;Deutschland insgesamt;DG;Deutschland;FRUA04;Fruchtarten;FRUART067S;Süßlupinen;17,9;dt/ha;ERT001;Ertrag je Hektar
41241;Ernte-u.Betriebsbericht: Feldfrüchte und Grünland;JAHR;Jahr;2023;DINSG;Deutschland insgesamt;DG;Deutschland;FRUA04;Fruchtarten;FRUART067S;Süßlupinen;25400;ha;FLC016;Anbaufläche
41241;Ernte-u.Betriebsbericht: Feldfrüchte und Grünland;JAHR;Jahr;2015;DINSG;Deutschland insgesamt;DG;Deutschland;FRUA04;Fruchtarten;FRUART01112OH;Sommerweizen (ohne Hartweizen);292400;t;ERN001;Erntemenge
41241;Ernte-u.Betriebsbericht: Feldfrüchte und Grünland;JAHR;Jahr;2015;DINSG;Deutschland insgesamt;DG;Deutschland;FRUA04;Fruchtarten;FRUART01112OH;Sommerweizen (ohne Hartweizen);54,7;dt/ha;ERT001;Ertrag je Hektar
41241;Ernte-u.Betriebsbericht: Feldfrüchte und Grünland;JAHR;Jahr;2015;DINSG;Deutschland insgesamt;DG;Deutschland;FRUA04;Fruchtarten;FRUART01112OH;Sommerweizen (ohne Hartweizen);53500;ha;FLC016;Anbaufläche
41241;Ernte-u.Betriebsbericht: Feldfrüchte und Grünland;JAHR;Jahr;2022;DINSG;Deutschland insgesamt;DG;Deutschland;FRUA04;Fruchtarten;FRUART082;Weiden (einschließlich Mähweiden und Almen);14253800;t;ERN001;Erntemenge
41241;Ernte-u.Betriebsbericht: Feldfrüchte und Grünland;JAHR;Jahr;2022;DINSG;Deutschland insgesamt;DG;Deutschland;FRUA04;Fruchtarten;FRUART082;Weiden (einschließlich Mähweiden und Almen);56,6;dt/ha;ERT001;Ertrag je Hektar
41241;Ernte-u.Betriebsbericht: Feldfrüchte und Grünland;JAHR;Jahr;2022;DINSG;Deutschland insgesamt;DG;Deutschland;FRUA04;Fruchtarten;FRUART082;Weiden (einschließlich Mähweiden und Almen);2519500;ha;FLC016;Anbaufläche
41241;Ernte-u.Betriebsbericht: Feldfrüchte und Grünland;JAHR;Jahr;2026;DINSG;Deutschland insgesamt;DG;Deutschland;FRUA04;Fruchtarten;FRUART01111D;Dinkel;826500;t;ERN001;Erntemenge
41241;Ernte-u.Betriebsbericht: Feldfrüchte und Grünland;JAHR;Jahr;2026;DINSG;Deutschland insgesamt;DG;Deutschland;FRUA04;Fruchtarten;FRUART01111D;Dinkel;53,5;dt/ha;ERT001;Ertrag je Hektar
41241;Ernte-u.Betriebsbericht: Feldfrüchte und Grünland;JAHR;Jahr;2026;DINSG;Deutschland insgesamt;DG;Deutschland;FRUA04;Fruchtarten;FRUART01111D;Dinkel;154400;ha;FLC016;Anbaufläche
41241;Ernte-u.Betriebsbericht: Feldfrüchte und Grünland;JAHR;Jahr;2019;DINSG;Deutschland insgesamt;DG;Deutschland;FRUA04;Fruchtarten;FRUART01G;Getreide zur Ganzpflanzenernte;3310400;t;ERN001;Erntemenge
41241;Ernte-u.Betriebsbericht: Feldfrüchte und Grünland;JAHR;Jahr;2019;DINSG;Deutschland insgesamt;DG;Deutschland;FRUA04;Fruchtarten;FRUART01G;Getreide zur Ganzpflanzenernte;285,5;dt/ha;ERT001;Ertrag je Hektar
41241;Ernte-u.Betriebsbericht: Feldfrüchte und Grünland;JAHR;Jahr;2019;DINSG;Deutschland insgesamt;DG;Deutschland;FRUA04;Fruchtarten;FRUART01G;Getreide zur Ganzpflanzenernte;115900;ha;FLC016;Anbaufläche
41241;Ernte-u.Betriebsbericht: Feldfrüchte und Grünland;JAHR;Jahr;2013;DINSG;Deutschland insgesamt;DG;Deutschland;FRUA04;Fruchtarten;FRUART02LG;Leguminosen zur Ganzpflanzenernte (z.B. Klee);1891600;t;ERN001;Erntemenge
41241;Ernte-u.Betriebsbericht: Feldfrüchte und Grünland;JAHR;Jahr;2013;DINSG;Deutschland insgesamt;DG;Deutschland;FRUA04;Fruchtarten;FRUART02LG;Leguminosen zur Ganzpflanzenernte (z.B. Klee);69,1;dt/ha;ERT001;Ertrag je Hektar
41241;Ernte-u.Betriebsbericht: Feldfrüchte und Grünland;JAHR;Jahr;2013;DINSG;Deutschland insgesamt;DG;Deutschland;FRUA04;Fruchtarten;FRUART02LG;Leguminosen zur Ganzpflanzenernte (z.B. Klee);273900;ha;FLC016;Anbaufläche
41241;Ernte-u.Betriebsbericht: Feldfrüchte und Grünland;JAHR;Jahr;2019;DINSG;Deutschland insgesamt;DG;Deutschland;FRUA04;Fruchtarten;FRUART081;Wiesen (Schnittnutzung);11470400;t;ERN001;Erntemenge
41241;Ernte-u.Betriebsbericht: Feldfrüchte und Grünland;JAHR;Jahr;2019;DINSG;Deutschland insgesamt;DG;Deutschland;FRUA04;Fruchtarten;FRUART081;Wiesen (Schnittnutzung);59,9;dt/ha;ERT001;Ertrag je Hektar
41241;Ernte-u.Betriebsbericht: Feldfrüchte und Grünland;JAHR;Jahr;2019;DINSG;Deutschland insgesamt;DG;Deutschland;FRUA04;Fruchtarten;FRUART081;Wiesen (Schnittnutzung);1915300;ha;FLC016;Anbaufläche
41241;Ernte-u.Betriebsbericht: Feldfrüchte und Grünland;JAHR;Jahr;2024;DINSG;Deutschland insgesamt;DG;Deutschland;FRUA04;Fruchtarten;FRUART024OF;Erbsen (ohne Frischerbsen);376000;t;ERN001;Erntemenge
41241;Ernte-u.Betriebsbericht: Feldfrüchte und Grünland;JAHR;Jahr;2024;DINSG;Deutschland insgesamt;DG;Deutschland;FRUA04;Fruchtarten;FRUART024OF;Erbsen (ohne Frischerbsen);29,1;dt/ha;ERT001;Ertrag je Hektar
41241;Ernte-u.Betriebsbericht: Feldfrüchte und Grünland;JAHR;Jahr;2024;DINSG;Deutschland insgesamt;DG;Deutschland;FRUA04;Fruchtarten;FRUART024OF;Erbsen (ohne Frischerbsen);129300;ha;FLC016;Anbaufläche
41241;Ernte-u.Betriebsbericht: Feldfrüchte und Grünland;JAHR;Jahr;2011;DINSG;Deutschland insgesamt;DG;Deutschland;FRUA04;Fruchtarten;FRUART062;Luzerne;-;t;ERN001;Erntemenge
41241;Ernte-u.Betriebsbericht: Feldfrüchte und Grünland;JAHR;Jahr;2011;DINSG;Deutschland insgesamt;DG;Deutschland;FRUA04;Fruchtarten;FRUART062;Luzerne;-;dt/ha;ERT001;Ertrag je Hektar
41241;Ernte-u.Betriebsbericht: Feldfrüchte und Grünland;JAHR;Jahr;2011;DINSG;Deutschland insgesamt;DG;Deutschland;FRUA04;Fruchtarten;FRUART062;Luzerne;-;ha;FLC016;Anbaufläche
41241;Ernte-u.Betriebsbericht: Feldfrüchte und Grünland;JAHR;Jahr;2012;DINSG;Deutschland insgesamt;DG;Deutschland;FRUA04;Fruchtarten;FRUART024OF;Erbsen (ohne Frischerbsen);138800;t;ERN001;Erntemenge
41241;Ernte-u.Betriebsbericht: Feldfrüchte und Grünland;JAHR;Jahr;2012;DINSG;Deutschland insgesamt;DG;Deutschland;FRUA04;Fruchtarten;FRUART024OF;Erbsen (ohne Frischerbsen);31,0;dt/ha;ERT001;Ertrag je Hektar
41241;Ernte-u.Betriebsbericht: Feldfrüchte und Grünland;JAHR;Jahr;2012;DINSG;Deutschland insgesamt;DG;Deutschland;FRUA04;Fruchtarten;FRUART024OF;Erbsen (ohne Frischerbsen);44800;ha;FLC016;Anbaufläche
41241;Ernte-u.Betriebsbericht: Feldfrüchte und Grünland;JAHR;Jahr;2014;DINSG;Deutschland insgesamt;DG;Deutschland;FRUA04;Fruchtarten;FRUART01111D;Dinkel;-;t;ERN001;Erntemenge
41241;Ernte-u.Betriebsbericht: Feldfrüchte und Grünland;JAHR;Jahr;2014;DINSG;Deutschland insgesamt;DG;Deutschland;FRUA04;Fruchtarten;FRUART01111D;Dinkel;-;dt/ha;ERT001;Ertrag je Hektar
41241;Ernte-u.Betriebsbericht: Feldfrüchte und Grünland;JAHR;Jahr;2014;DINSG;Deutschland insgesamt;DG;Deutschland;FRUA04;Fruchtarten;FRUART01111D;Dinkel;-;ha;FLC016;Anbaufläche
41241;Ernte-u.Betriebsbericht: Feldfrüchte und Grünland;JAHR;Jahr;2023;DINSG;Deutschland insgesamt;DG;Deutschland;FRUA04;Fruchtarten;FRUART025;Sojabohnen;129000;t;ERN001;Erntemenge
41241;Ernte-u.Betriebsbericht: Feldfrüchte und Grünland;JAHR;Jahr;2023;DINSG;Deutschland insgesamt;DG;Deutschland;FRUA04;Fruchtarten;FRUART025;Sojabohnen;28,8;dt/ha;ERT001;Ertrag je Hektar
41241;Ernte-u.Betriebsbericht: Feldfrüchte und Grünland;JAHR;Jahr;2023;DINSG;Deutschland insgesamt;DG;Deutschland;FRUA04;Fruchtarten;FRUART025;Sojabohnen;44800;ha;FLC016;Anbaufläche
41241;Ernte-u.Betriebsbericht: Feldfrüchte und Grünland;JAHR;Jahr;2018;DINSG;Deutschland insgesamt;DG;Deutschland;FRUA04;Fruchtarten;FRUART0631;Feldgras/Grasanbau auf dem Ackerland (inkl.Misch.);1473300;t;ERN001;Erntemenge
41241;Ernte-u.Betriebsbericht: Feldfrüchte und Grünland;JAHR;Jahr;2018;DINSG;Deutschland insgesamt;DG;Deutschland;FRUA04;Fruchtarten;FRUART0631;Feldgras/Grasanbau auf dem Ackerland (inkl.Misch.);50,6;dt/ha;ERT001;Ertrag je Hektar
41241;Ernte-u.Betriebsbericht: Feldfrüchte und Grünland;JAHR;Jahr;2018;DINSG;Deutschland insgesamt;DG;Deutschland;FRUA04;Fruchtarten;FRUART0631;Feldgras/Grasanbau auf dem Ackerland (inkl.Misch.);291400;ha;FLC016;Anbaufläche
41241;Ernte-u.Betriebsbericht: Feldfrüchte und Grünland;JAHR;Jahr;2011;DINSG;Deutschland insgesamt;DG;Deutschland;FRUA04;Fruchtarten;FRUART0124;Triticale;2004300;t;ERN001;Erntemenge
41241;Ernte-u.Betriebsbericht: Feldfrüchte und Grünland;JAHR;Jahr;2011;DINSG;Deutschland insgesamt;DG;Deutschland;FRUA04;Fruchtarten;FRUART0124;Triticale;52,3;dt/ha;ERT001;Ertrag je Hektar
41241;Ernte-u.Betriebsbericht: Feldfrüchte und Grünland;JAHR;Jahr;2011;DINSG;Deutschland insgesamt;DG;Deutschland;FRUA04;Fruchtarten;FRUART0124;Triticale;383400;ha;FLC016;Anbaufläche
41241;Ernte-u.Betriebsbericht: Feldfrüchte und Grünland;JAHR;Jahr;2015;DINSG;Deutschland insgesamt;DG;Deutschland;FRUA04;Fruchtarten;FRUART05112;Sommerraps, Winter- und Sommerrübsen;9200;t;ERN001;Erntemenge
41241;Ernte-u.Betriebsbericht: Feldfrüchte und Grünland;JAHR;Jahr;2015;DINSG;Deutschland insgesamt;DG;Deutschland;FRUA04;Fruchtarten;FRUART05112;Sommerraps, Winter- und Sommerrübsen;24,8;dt/ha;ERT001;Ertrag je Hektar
41241;Ernte-u.Betriebsbericht: Feldfrüchte und Grünland;JAHR;Jahr;2015;DINSG;Deutschland insgesamt;DG;Deutschland;FRUA04;Fruchtarten;FRUART05112;Sommerraps, Winter- und Sommerrübsen;3700;ha;FLC016;Anbaufläche
41241;Ernte-u.Betriebsbericht: Feldfrüchte und Grünland;JAHR;Jahr;2022;DINSG;Deutschland insgesamt;DG;Deutschland;FRUA04;Fruchtarten;FRUART013CCM1;Körnermais/Mais zum Ausreifen (einschl. CCM);3837400;t;ERN001;Erntemenge
41241;Ernte-u.Betriebsbericht: Feldfrüchte und Grünland;JAHR;Jahr;2022;DINSG;Deutschland insgesamt;DG;Deutschland;FRUA04;Fruchtarten;FRUART013CCM1;Körnermais/Mais zum Ausreifen (einschl. CCM);84,0;dt/ha;ERT001;Ertrag je Hektar
41241;Ernte-u.Betriebsbericht: Feldfrüchte und Grünland;JAHR;Jahr;2022;DINSG;Deutschland insgesamt;DG;Deutschland;FRUA04;Fruchtarten;FRUART013CCM1;Körnermais/Mais zum Ausreifen (einschl. CCM);456700;ha;FLC016;Anbaufläche
41241;Ernte-u.Betriebsbericht: Feldfrüchte und Grünland;JAHR;Jahr;2020;DINSG;Deutschland insgesamt;DG;Deutschland;FRUA04;Fruchtarten;FRUART01112OH;Sommerweizen (ohne Hartweizen);237500;t;ERN001;Erntemenge
41241;Ernte-u.Betriebsbericht: Feldfrüchte und Grünland;JAHR;Jahr;2020;DINSG;Deutschland insgesamt;DG;Deutschland;FRUA04;Fruchtarten;FRUART01112OH;Sommerweizen (ohne Hartweizen);55,5;dt/ha;ERT001;Ertrag je Hektar
41241;Ernte-u.Betriebsbericht: Feldfrüchte und Grünland;JAHR;Jahr;2020;DINSG;Deutschland insgesamt;DG;Deutschland;FRUA04;Fruchtarten;FRUART01112OH;Sommerweizen (ohne Hartweizen);42800;ha;FLC016;Anbaufläche
41241;Ernte-u.Betriebsbericht: Feldfrüchte und Grünland;JAHR;Jahr;2013;DINSG;Deutschland insgesamt;DG;Deutschland;FRUA04;Fruchtarten;FRUART01EKM1;Getreide zur Körnergew. (einschl. Körnermais, CCM);47757200;t;ERN001;Erntemenge
41241;Ernte-u.Betriebsbericht: Feldfrüchte und Grünland;JAHR;Jahr;2013;DINSG;Deutschland insgesamt;DG;Deutschland;FRUA04;Fruchtarten;FRUART01EKM1;Getreide zur Körnergew. (einschl. Körnermais, CCM);73,2;dt/ha;ERT001;Ertrag je Hektar
41241;Ernte-u.Betriebsbericht: Feldfrüchte und Grünland;JAHR;Jahr;2013;DINSG;Deutschland insgesamt;DG;Deutschland;FRUA04;Fruchtarten;FRUART01EKM1;Getreide zur Körnergew. (einschl. Körnermais, CCM);6526000;ha;FLC016;Anbaufläche
41241;Ernte-u.Betriebsbericht: Feldfrüchte und Grünland;JAHR;Jahr;2024;DINSG;Deutschland insgesamt;DG;Deutschland;FRUA04;Fruchtarten;FRUART031;Kartoffeln;12703300;t;ERN001;Erntemenge
41241;Ernte-u.Betriebsbericht: Feldfrüchte und Grünland;JAHR;Jahr;2024;DINSG;Deutschland insgesamt;DG;Deutschland;FRUA04;Fruchtarten;FRUART031;Kartoffeln;450,2;dt/ha;ERT001;Ertrag je Hektar
41241;Ernte-u.Betriebsbericht: Feldfrüchte und Grünland;JAHR;Jahr;2024;DINSG;Deutschland insgesamt;DG;Deutschland;FRUA04;Fruchtarten;FRUART031;Kartoffeln;282200;ha;FLC016;Anbaufläche
41241;Ernte-u.Betriebsbericht: Feldfrüchte und Grünland;JAHR;Jahr;2021;DINSG;Deutschland insgesamt;DG;Deutschland;FRUA04;Fruchtarten;FRUART013CCM1;Körnermais/Mais zum Ausreifen (einschl. CCM);4462400;t;ERN001;Erntemenge
41241;Ernte-u.Betriebsbericht: Feldfrüchte und Grünland;JAHR;Jahr;2021;DINSG;Deutschland insgesamt;DG;Deutschland;FRUA04;Fruchtarten;FRUART013CCM1;Körnermais/Mais zum Ausreifen (einschl. CCM);103,6;dt/ha;ERT001;Ertrag je Hektar
41241;Ernte-u.Betriebsbericht: Feldfrüchte und Grünland;JAHR;Jahr;2021;DINSG;Deutschland insgesamt;DG;Deutschland;FRUA04;Fruchtarten;FRUART013CCM1;Körnermais/Mais zum Ausreifen (einschl. CCM);430700;ha;FLC016;Anbaufläche
41241;Ernte-u.Betriebsbericht: Feldfrüchte und Grünland;JAHR;Jahr;2018;DINSG;Deutschland insgesamt;DG;Deutschland;FRUA04;Fruchtarten;FRUART01111E;Winterweizen (einschließlich Einkorn);-;t;ERN001;Erntemenge
41241;Ernte-u.Betriebsbericht: Feldfrüchte und Grünland;JAHR;Jahr;2018;DINSG;Deutschland insgesamt;DG;Deutschland;FRUA04;Fruchtarten;FRUART01111E;Winterweizen (einschließlich Einkorn);-;dt/ha;ERT001;Ertrag je Hektar
41241;Ernte-u.Betriebsbericht: Feldfrüchte und Grünland;JAHR;Jahr;2018;DINSG;Deutschland insgesamt;DG;Deutschland;FRUA04;Fruchtarten;FRUART01111E;Winterweizen (einschließlich Einkorn);-;ha;FLC016;Anbaufläche
41241;Ernte-u.Betriebsbericht: Feldfrüchte und Grünland;JAHR;Jahr;2014;DINSG;Deutschland insgesamt;DG;Deutschland;FRUA04;Fruchtarten;FRUART065;Raufutter;37325400;t;ERN001;Erntemenge
41241;Ernte-u.Betriebsbericht: Feldfrüchte und Grünland;JAHR;Jahr;2014;DINSG;Deutschland insgesamt;DG;Deutschland;FRUA04;Fruchtarten;FRUART065;Raufutter;73,6;dt/ha;ERT001;Ertrag je Hektar
41241;Ernte-u.Betriebsbericht: Feldfrüchte und Grünland;JAHR;Jahr;2014;DINSG;Deutschland insgesamt;DG;Deutschland;FRUA04;Fruchtarten;FRUART065;Raufutter;5070900;ha;FLC016;Anbaufläche
41241;Ernte-u.Betriebsbericht: Feldfrüchte und Grünland;JAHR;Jahr;2013;DINSG;Deutschland insgesamt;DG;Deutschland;FRUA04;Fruchtarten;FRUART01111DE;Winterweizen (einschließlich Dinkel und Einkorn);24634100;t;ERN001;Erntemenge
41241;Ernte-u.Betriebsbericht: Feldfrüchte und Grünland;JAHR;Jahr;2013;DINSG;Deutschland insgesamt;DG;Deutschland;FRUA04;Fruchtarten;FRUART01111DE;Winterweizen (einschließlich Dinkel und Einkorn);80,3;dt/ha;ERT001;Ertrag je Hektar
41241;Ernte-u.Betriebsbericht: Feldfrüchte und Grünland;JAHR;Jahr;2013;DINSG;Deutschland insgesamt;DG;Deutschland;FRUA04;Fruchtarten;FRUART01111DE;Winterweizen (einschließlich Dinkel und Einkorn);3066200;ha;FLC016;Anbaufläche
41241;Ernte-u.Betriebsbericht: Feldfrüchte und Grünland;JAHR;Jahr;2017;DINSG;Deutschland insgesamt;DG;Deutschland;FRUA04;Fruchtarten;FRUART067S;Süßlupinen;52800;t;ERN001;Erntemenge
41241;Ernte-u.Betriebsbericht: Feldfrüchte und Grünland;JAHR;Jahr;2017;DINSG;Deutschland insgesamt;DG;Deutschland;FRUA04;Fruchtarten;FRUART067S;Süßlupinen;18,2;dt/ha;ERT001;Ertrag je Hektar
41241;Ernte-u.Betriebsbericht: Feldfrüchte und Grünland;JAHR;Jahr;2017;DINSG;Deutschland insgesamt;DG;Deutschland;FRUA04;Fruchtarten;FRUART067S;Süßlupinen;29000;ha;FLC016;Anbaufläche
41241;Ernte-u.Betriebsbericht: Feldfrüchte und Grünland;JAHR;Jahr;2018;DINSG;Deutschland insgesamt;DG;Deutschland;FRUA04;Fruchtarten;FRUART05112;Sommerraps, Winter- und Sommerrübsen;6700;t;ERN001;Erntemenge
41241;Ernte-u.Betriebsbericht: Feldfrüchte und Grünland;JAHR;Jahr;2018;DINSG;Deutschland insgesamt;DG;Deutschland;FRUA04;Fruchtarten;FRUART05112;Sommerraps, Winter- und Sommerrübsen;17,3;dt/ha;ERT001;Ertrag je Hektar
41241;Ernte-u.Betriebsbericht: Feldfrüchte und Grünland;JAHR;Jahr;2018;DINSG;Deutschland insgesamt;DG;Deutschland;FRUA04;Fruchtarten;FRUART05112;Sommerraps, Winter- und Sommerrübsen;3900;ha;FLC016;Anbaufläche
41241;Ernte-u.Betriebsbericht: Feldfrüchte und Grünland;JAHR;Jahr;2012;DINSG;Deutschland insgesamt;DG;Deutschland;FRUA04;Fruchtarten;FRUART081;Wiesen (Schnittnutzung);12065800;t;ERN001;Erntemenge
41241;Ernte-u.Betriebsbericht: Feldfrüchte und Grünland;JAHR;Jahr;2012;DINSG;Deutschland insgesamt;DG;Deutschland;FRUA04;Fruchtarten;FRUART081;Wiesen (Schnittnutzung);65,8;dt/ha;ERT001;Ertrag je Hektar
41241;Ernte-u.Betriebsbericht: Feldfrüchte und Grünland;JAHR;Jahr;2012;DINSG;Deutschland insgesamt;DG;Deutschland;FRUA04;Fruchtarten;FRUART081;Wiesen (Schnittnutzung);1832900;ha;FLC016;Anbaufläche
41241;Ernte-u.Betriebsbericht: Feldfrüchte und Grünland;JAHR;Jahr;2024;DINSG;Deutschland insgesamt;DG;Deutschland;FRUA04;Fruchtarten;FRUART0511;Raps und Rübsen;3631700;t;ERN001;Erntemenge
41241;Ernte-u.Betriebsbericht: Feldfrüchte und Grünland;JAHR;Jahr;2024;DINSG;Deutschland insgesamt;DG;Deutschland;FRUA04;Fruchtarten;FRUART0511;Raps und Rübsen;33,4;dt/ha;ERT001;Ertrag je Hektar
41241;Ernte-u.Betriebsbericht: Feldfrüchte und Grünland;JAHR;Jahr;2024;DINSG;Deutschland insgesamt;DG;Deutschland;FRUA04;Fruchtarten;FRUART0511;Raps und Rübsen;1088300;ha;FLC016;Anbaufläche
41241;Ernte-u.Betriebsbericht: Feldfrüchte und Grünland;JAHR;Jahr;2013;DINSG;Deutschland insgesamt;DG;Deutschland;FRUA04;Fruchtarten;FRUART0121;Gerste;10343600;t;ERN001;Erntemenge
41241;Ernte-u.Betriebsbericht: Feldfrüchte und Grünland;JAHR;Jahr;2013;DINSG;Deutschland insgesamt;DG;Deutschland;FRUA04;Fruchtarten;FRUART0121;Gerste;65,9;dt/ha;ERT001;Ertrag je Hektar
41241;Ernte-u.Betriebsbericht: Feldfrüchte und Grünland;JAHR;Jahr;2013;DINSG;Deutschland insgesamt;DG;Deutschland;FRUA04;Fruchtarten;FRUART0121;Gerste;1570400;ha;FLC016;Anbaufläche
41241;Ernte-u.Betriebsbericht: Feldfrüchte und Grünland;JAHR;Jahr;2012;DINSG;Deutschland insgesamt;DG;Deutschland;FRUA04;Fruchtarten;FRUART01G;Getreide zur Ganzpflanzenernte;1357400;t;ERN001;Erntemenge
41241;Ernte-u.Betriebsbericht: Feldfrüchte und Grünland;JAHR;Jahr;2012;DINSG;Deutschland insgesamt;DG;Deutschland;FRUA04;Fruchtarten;FRUART01G;Getreide zur Ganzpflanzenernte;228,7;dt/ha;ERT001;Ertrag je Hektar
41241;Ernte-u.Betriebsbericht: Feldfrüchte und Grünland;JAHR;Jahr;2012;DINSG;Deutschland insgesamt;DG;Deutschland;FRUA04;Fruchtarten;FRUART01G;Getreide zur Ganzpflanzenernte;59400;ha;FLC016;Anbaufläche
41241;Ernte-u.Betriebsbericht: Feldfrüchte und Grünland;JAHR;Jahr;2020;DINSG;Deutschland insgesamt;DG;Deutschland;FRUA04;Fruchtarten;FRUART022;Ackerbohnen;235800;t;ERN001;Erntemenge
41241;Ernte-u.Betriebsbericht: Feldfrüchte und Grünland;JAHR;Jahr;2020;DINSG;Deutschland insgesamt;DG;Deutschland;FRUA04;Fruchtarten;FRUART022;Ackerbohnen;40,2;dt/ha;ERT001;Ertrag je Hektar
41241;Ernte-u.Betriebsbericht: Feldfrüchte und Grünland;JAHR;Jahr;2020;DINSG;Deutschland insgesamt;DG;Deutschland;FRUA04;Fruchtarten;FRUART022;Ackerbohnen;58700;ha;FLC016;Anbaufläche
41241;Ernte-u.Betriebsbericht: Feldfrüchte und Grünland;JAHR;Jahr;2019;DINSG;Deutschland insgesamt;DG;Deutschland;FRUA04;Fruchtarten;FRUART01112OH;Sommerweizen (ohne Hartweizen);151700;t;ERN001;Erntemenge
41241;Ernte-u.Betriebsbericht: Feldfrüchte und Grünland;JAHR;Jahr;2019;DINSG;Deutschland insgesamt;DG;Deutschland;FRUA04;Fruchtarten;FRUART01112OH;Sommerweizen (ohne Hartweizen);47,7;dt/ha;ERT001;Ertrag je Hektar
41241;Ernte-u.Betriebsbericht: Feldfrüchte und Grünland;JAHR;Jahr;2019;DINSG;Deutschland insgesamt;DG;Deutschland;FRUA04;Fruchtarten;FRUART01112OH;Sommerweizen (ohne Hartweizen);31800;ha;FLC016;Anbaufläche
41241;Ernte-u.Betriebsbericht: Feldfrüchte und Grünland;JAHR;Jahr;2019;DINSG;Deutschland insgesamt;DG;Deutschland;FRUA04;Fruchtarten;FRUART0511;Raps und Rübsen;2830200;t;ERN001;Erntemenge
41241;Ernte-u.Betriebsbericht: Feldfrüchte und Grünland;JAHR;Jahr;2019;DINSG;Deutschland insgesamt;DG;Deutschland;FRUA04;Fruchtarten;FRUART0511;Raps und Rübsen;33,0;dt/ha;ERT001;Ertrag je Hektar
41241;Ernte-u.Betriebsbericht: Feldfrüchte und Grünland;JAHR;Jahr;2019;DINSG;Deutschland insgesamt;DG;Deutschland;FRUA04;Fruchtarten;FRUART0511;Raps und Rübsen;856800;ha;FLC016;Anbaufläche
41241;Ernte-u.Betriebsbericht: Feldfrüchte und Grünland;JAHR;Jahr;2022;DINSG;Deutschland insgesamt;DG;Deutschland;FRUA04;Fruchtarten;FRUART062;Luzerne;-;t;ERN001;Erntemenge
41241;Ernte-u.Betriebsbericht: Feldfrüchte und Grünland;JAHR;Jahr;2022;DINSG;Deutschland insgesamt;DG;Deutschland;FRUA04;Fruchtarten;FRUART062;Luzerne;-;dt/ha;ERT001;Ertrag je Hektar
41241;Ernte-u.Betriebsbericht: Feldfrüchte und Grünland;JAHR;Jahr;2022;DINSG;Deutschland insgesamt;DG;Deutschland;FRUA04;Fruchtarten;FRUART062;Luzerne;-;ha;FLC016;Anbaufläche
41241;Ernte-u.Betriebsbericht: Feldfrüchte und Grünland;JAHR;Jahr;2016;DINSG;Deutschland insgesamt;DG;Deutschland;FRUA04;Fruchtarten;FRUART01112OH;Sommerweizen (ohne Hartweizen);239500;t;ERN001;Erntemenge
41241;Ernte-u.Betriebsbericht: Feldfrüchte und Grünland;JAHR;Jahr;2016;DINSG;Deutschland insgesamt;DG;Deutschland;FRUA04;Fruchtarten;FRUART01112OH;Sommerweizen (ohne Hartweizen);52,9;dt/ha;ERT001;Ertrag je Hektar
41241;Ernte-u.Betriebsbericht: Feldfrüchte und Grünland;JAHR;Jahr;2016;DINSG;Deutschland insgesamt;DG;Deutschland;FRUA04;Fruchtarten;FRUART01112OH;Sommerweizen (ohne Hartweizen);45300;ha;FLC016;Anbaufläche
41241;Ernte-u.Betriebsbericht: Feldfrüchte und Grünland;JAHR;Jahr;2012;DINSG;Deutschland insgesamt;DG;Deutschland;FRUA04;Fruchtarten;FRUART01111DE;Winterweizen (einschließlich Dinkel und Einkorn);21396600;t;ERN001;Erntemenge
41241;Ernte-u.Betriebsbericht: Feldfrüchte und Grünland;JAHR;Jahr;2012;DINSG;Deutschland insgesamt;DG;Deutschland;FRUA04;Fruchtarten;FRUART01111DE;Winterweizen (einschließlich Dinkel und Einkorn);74,0;dt/ha;ERT001;Ertrag je Hektar
41241;Ernte-u.Betriebsbericht: Feldfrüchte und Grünland;JAHR;Jahr;2012;DINSG;Deutschland insgesamt;DG;Deutschland;FRUA04;Fruchtarten;FRUART01111DE;Winterweizen (einschließlich Dinkel und Einkorn);2892700;ha;FLC016;Anbaufläche
41241;Ernte-u.Betriebsbericht: Feldfrüchte und Grünland;JAHR;Jahr;2026;DINSG;Deutschland insgesamt;DG;Deutschland;FRUA04;Fruchtarten;FRUART01111E;Winterweizen (einschließlich Einkorn);19390200;t;ERN001;Erntemenge
41241;Ernte-u.Betriebsbericht: Feldfrüchte und Grünland;JAHR;Jahr;2026;DINSG;Deutschland insgesamt;DG;Deutschland;FRUA04;Fruchtarten;FRUART01111E;Winterweizen (einschließlich Einkorn);73,8;dt/ha;ERT001;Ertrag je Hektar
41241;Ernte-u.Betriebsbericht: Feldfrüchte und Grünland;JAHR;Jahr;2026;DINSG;Deutschland insgesamt;DG;Deutschland;FRUA04;Fruchtarten;FRUART01111E;Winterweizen (einschließlich Einkorn);2628600;ha;FLC016;Anbaufläche
41241;Ernte-u.Betriebsbericht: Feldfrüchte und Grünland;JAHR;Jahr;2014;DINSG;Deutschland insgesamt;DG;Deutschland;FRUA04;Fruchtarten;FRUART0111;Weizen;27784700;t;ERN001;Erntemenge
41241;Ernte-u.Betriebsbericht: Feldfrüchte und Grünland;JAHR;Jahr;2014;DINSG;Deutschland insgesamt;DG;Deutschland;FRUA04;Fruchtarten;FRUART0111;Weizen;86,3;dt/ha;ERT001;Ertrag je Hektar
41241;Ernte-u.Betriebsbericht: Feldfrüchte und Grünland;JAHR;Jahr;2014;DINSG;Deutschland insgesamt;DG;Deutschland;FRUA04;Fruchtarten;FRUART0111;Weizen;3219700;ha;FLC016;Anbaufläche
41241;Ernte-u.Betriebsbericht: Feldfrüchte und Grünland;JAHR;Jahr;2020;DINSG;Deutschland insgesamt;DG;Deutschland;FRUA04;Fruchtarten;FRUART01211;Wintergerste;8776600;t;ERN001;Erntemenge
41241;Ernte-u.Betriebsbericht: Feldfrüchte und Grünland;JAHR;Jahr;2020;DINSG;Deutschland insgesamt;DG;Deutschland;FRUA04;Fruchtarten;FRUART01211;Wintergerste;67,3;dt/ha;ERT001;Ertrag je Hektar
41241;Ernte-u.Betriebsbericht: Feldfrüchte und Grünland;JAHR;Jahr;2020;DINSG;Deutschland insgesamt;DG;Deutschland;FRUA04;Fruchtarten;FRUART01211;Wintergerste;1304100;ha;FLC016;Anbaufläche
41241;Ernte-u.Betriebsbericht: Feldfrüchte und Grünland;JAHR;Jahr;2019;DINSG;Deutschland insgesamt;DG;Deutschland;FRUA04;Fruchtarten;FRUART025;Sojabohnen;84100;t;ERN001;Erntemenge
41241;Ernte-u.Betriebsbericht: Feldfrüchte und Grünland;JAHR;Jahr;2019;DINSG;Deutschland insgesamt;DG;Deutschland;FRUA04;Fruchtarten;FRUART025;Sojabohnen;29,1;dt/ha;ERT001;Ertrag je Hektar
41241;Ernte-u.Betriebsbericht: Feldfrüchte und Grünland;JAHR;Jahr;2019;DINSG;Deutschland insgesamt;DG;Deutschland;FRUA04;Fruchtarten;FRUART025;Sojabohnen;28900;ha;FLC016;Anbaufläche
41241;Ernte-u.Betriebsbericht: Feldfrüchte und Grünland;JAHR;Jahr;2012;DINSG;Deutschland insgesamt;DG;Deutschland;FRUA04;Fruchtarten;FRUART025;Sojabohnen;.;t;ERN001;Erntemenge
41241;Ernte-u.Betriebsbericht: Feldfrüchte und Grünland;JAHR;Jahr;2012;DINSG;Deutschland insgesamt;DG;Deutschland;FRUA04;Fruchtarten;FRUART025;Sojabohnen;.;dt/ha;ERT001;Ertrag je Hektar
41241;Ernte-u.Betriebsbericht: Feldfrüchte und Grünland;JAHR;Jahr;2012;DINSG;Deutschland insgesamt;DG;Deutschland;FRUA04;Fruchtarten;FRUART025;Sojabohnen;.;ha;FLC016;Anbaufläche
41241;Ernte-u.Betriebsbericht: Feldfrüchte und Grünland;JAHR;Jahr;2026;DINSG;Deutschland insgesamt;DG;Deutschland;FRUA04;Fruchtarten;FRUART02LG;Leguminosen zur Ganzpflanzenernte (z.B. Klee);...;t;ERN001;Erntemenge
41241;Ernte-u.Betriebsbericht: Feldfrüchte und Grünland;JAHR;Jahr;2026;DINSG;Deutschland insgesamt;DG;Deutschland;FRUA04;Fruchtarten;FRUART02LG;Leguminosen zur Ganzpflanzenernte (z.B. Klee);...;dt/ha;ERT001;Ertrag je Hektar
41241;Ernte-u.Betriebsbericht: Feldfrüchte und Grünland;JAHR;Jahr;2026;DINSG;Deutschland insgesamt;DG;Deutschland;FRUA04;Fruchtarten;FRUART02LG;Leguminosen zur Ganzpflanzenernte (z.B. Klee);401100;ha;FLC016;Anbaufläche
41241;Ernte-u.Betriebsbericht: Feldfrüchte und Grünland;JAHR;Jahr;2011;DINSG;Deutschland insgesamt;DG;Deutschland;FRUA04;Fruchtarten;FRUART082;Weiden (einschließlich Mähweiden und Almen);17343200;t;ERN001;Erntemenge
41241;Ernte-u.Betriebsbericht: Feldfrüchte und Grünland;JAHR;Jahr;2011;DINSG;Deutschland insgesamt;DG;Deutschland;FRUA04;Fruchtarten;FRUART082;Weiden (einschließlich Mähweiden und Almen);65,9;dt/ha;ERT001;Ertrag je Hektar
41241;Ernte-u.Betriebsbericht: Feldfrüchte und Grünland;JAHR;Jahr;2011;DINSG;Deutschland insgesamt;DG;Deutschland;FRUA04;Fruchtarten;FRUART082;Weiden (einschließlich Mähweiden und Almen);2630500;ha;FLC016;Anbaufläche
41241;Ernte-u.Betriebsbericht: Feldfrüchte und Grünland;JAHR;Jahr;2026;DINSG;Deutschland insgesamt;DG;Deutschland;FRUA04;Fruchtarten;FRUART0111;Weizen;20816800;t;ERN001;Erntemenge
41241;Ernte-u.Betriebsbericht: Feldfrüchte und Grünland;JAHR;Jahr;2026;DINSG;Deutschland insgesamt;DG;Deutschland;FRUA04;Fruchtarten;FRUART0111;Weizen;72,0;dt/ha;ERT001;Ertrag je Hektar
41241;Ernte-u.Betriebsbericht: Feldfrüchte und Grünland;JAHR;Jahr;2026;DINSG;Deutschland insgesamt;DG;Deutschland;FRUA04;Fruchtarten;FRUART0111;Weizen;2891700;ha;FLC016;Anbaufläche
41241;Ernte-u.Betriebsbericht: Feldfrüchte und Grünland;JAHR;Jahr;2010;DINSG;Deutschland insgesamt;DG;Deutschland;FRUA04;Fruchtarten;FRUART01111DE;Winterweizen (einschließlich Dinkel und Einkorn);23452496;t;ERN001;Erntemenge
41241;Ernte-u.Betriebsbericht: Feldfrüchte und Grünland;JAHR;Jahr;2010;DINSG;Deutschland insgesamt;DG;Deutschland;FRUA04;Fruchtarten;FRUART01111DE;Winterweizen (einschließlich Dinkel und Einkorn);72,5;dt/ha;ERT001;Ertrag je Hektar
41241;Ernte-u.Betriebsbericht: Feldfrüchte und Grünland;JAHR;Jahr;2010;DINSG;Deutschland insgesamt;DG;Deutschland;FRUA04;Fruchtarten;FRUART01111DE;Winterweizen (einschließlich Dinkel und Einkorn);3233926;ha;FLC016;Anbaufläche
41241;Ernte-u.Betriebsbericht: Feldfrüchte und Grünland;JAHR;Jahr;2013;DINSG;Deutschland insgesamt;DG;Deutschland;FRUA04;Fruchtarten;FRUART0515;Sonnenblumen;46100;t;ERN001;Erntemenge
41241;Ernte-u.Betriebsbericht: Feldfrüchte und Grünland;JAHR;Jahr;2013;DINSG;Deutschland insgesamt;DG;Deutschland;FRUA04;Fruchtarten;FRUART0515;Sonnenblumen;21,0;dt/ha;ERT001;Ertrag je Hektar
41241;Ernte-u.Betriebsbericht: Feldfrüchte und Grünland;JAHR;Jahr;2013;DINSG;Deutschland insgesamt;DG;Deutschland;FRUA04;Fruchtarten;FRUART0515;Sonnenblumen;21900;ha;FLC016;Anbaufläche
41241;Ernte-u.Betriebsbericht: Feldfrüchte und Grünland;JAHR;Jahr;2025;DINSG;Deutschland insgesamt;DG;Deutschland;FRUA04;Fruchtarten;FRUART01OKM1;Getreide zur Körnergew. (ohne Körnermais, CCM);40312800;t;ERN001;Erntemenge
41241;Ernte-u.Betriebsbericht: Feldfrüchte und Grünland;JAHR;Jahr;2025;DINSG;Deutschland insgesamt;DG;Deutschland;FRUA04;Fruchtarten;FRUART01OKM1;Getreide zur Körnergew. (ohne Körnermais, CCM);73,2;dt/ha;ERT001;Ertrag je Hektar
41241;Ernte-u.Betriebsbericht: Feldfrüchte und Grünland;JAHR;Jahr;2025;DINSG;Deutschland insgesamt;DG;Deutschland;FRUA04;Fruchtarten;FRUART01OKM1;Getreide zur Körnergew. (ohne Körnermais, CCM);5503600;ha;FLC016;Anbaufläche
41241;Ernte-u.Betriebsbericht: Feldfrüchte und Grünland;JAHR;Jahr;2025;DINSG;Deutschland insgesamt;DG;Deutschland;FRUA04;Fruchtarten;FRUART064G1;Silomais/Grünmais einschl. Lieschkolbenschrot;87509400;t;ERN001;Erntemenge
41241;Ernte-u.Betriebsbericht: Feldfrüchte und Grünland;JAHR;Jahr;2025;DINSG;Deutschland insgesamt;DG;Deutschland;FRUA04;Fruchtarten;FRUART064G1;Silomais/Grünmais einschl. Lieschkolbenschrot;445,8;dt/ha;ERT001;Ertrag je Hektar
41241;Ernte-u.Betriebsbericht: Feldfrüchte und Grünland;JAHR;Jahr;2025;DINSG;Deutschland insgesamt;DG;Deutschland;FRUA04;Fruchtarten;FRUART064G1;Silomais/Grünmais einschl. Lieschkolbenschrot;1963100;ha;FLC016;Anbaufläche
41241;Ernte-u.Betriebsbericht: Feldfrüchte und Grünland;JAHR;Jahr;2020;DINSG;Deutschland insgesamt;DG;Deutschland;FRUA04;Fruchtarten;FRUART0123;Sommermenggetreide;32200;t;ERN001;Erntemenge
41241;Ernte-u.Betriebsbericht: Feldfrüchte und Grünland;JAHR;Jahr;2020;DINSG;Deutschland insgesamt;DG;Deutschland;FRUA04;Fruchtarten;FRUART0123;Sommermenggetreide;37,1;dt/ha;ERT001;Ertrag je Hektar
41241;Ernte-u.Betriebsbericht: Feldfrüchte und Grünland;JAHR;Jahr;2020;DINSG;Deutschland insgesamt;DG;Deutschland;FRUA04;Fruchtarten;FRUART0123;Sommermenggetreide;8700;ha;FLC016;Anbaufläche
41241;Ernte-u.Betriebsbericht: Feldfrüchte und Grünland;JAHR;Jahr;2010;DINSG;Deutschland insgesamt;DG;Deutschland;FRUA04;Fruchtarten;FRUART01111D;Dinkel;-;t;ERN001;Erntemenge
41241;Ernte-u.Betriebsbericht: Feldfrüchte und Grünland;JAHR;Jahr;2010;DINSG;Deutschland insgesamt;DG;Deutschland;FRUA04;Fruchtarten;FRUART01111D;Dinkel;-;dt/ha;ERT001;Ertrag je Hektar
41241;Ernte-u.Betriebsbericht: Feldfrüchte und Grünland;JAHR;Jahr;2010;DINSG;Deutschland insgesamt;DG;Deutschland;FRUA04;Fruchtarten;FRUART01111D;Dinkel;-;ha;FLC016;Anbaufläche
41241;Ernte-u.Betriebsbericht: Feldfrüchte und Grünland;JAHR;Jahr;2013;DINSG;Deutschland insgesamt;DG;Deutschland;FRUA04;Fruchtarten;FRUART064G1;Silomais/Grünmais einschl. Lieschkolbenschrot;78249000;t;ERN001;Erntemenge
41241;Ernte-u.Betriebsbericht: Feldfrüchte und Grünland;JAHR;Jahr;2013;DINSG;Deutschland insgesamt;DG;Deutschland;FRUA04;Fruchtarten;FRUART064G1;Silomais/Grünmais einschl. Lieschkolbenschrot;389,7;dt/ha;ERT001;Ertrag je Hektar
41241;Ernte-u.Betriebsbericht: Feldfrüchte und Grünland;JAHR;Jahr;2013;DINSG;Deutschland insgesamt;DG;Deutschland;FRUA04;Fruchtarten;FRUART064G1;Silomais/Grünmais einschl. Lieschkolbenschrot;2003200;ha;FLC016;Anbaufläche
41241;Ernte-u.Betriebsbericht: Feldfrüchte und Grünland;JAHR;Jahr;2020;DINSG;Deutschland insgesamt;DG;Deutschland;FRUA04;Fruchtarten;FRUART067S;Süßlupinen;34100;t;ERN001;Erntemenge
41241;Ernte-u.Betriebsbericht: Feldfrüchte und Grünland;JAHR;Jahr;2020;DINSG;Deutschland insgesamt;DG;Deutschland;FRUA04;Fruchtarten;FRUART067S;Süßlupinen;15,3;dt/ha;ERT001;Ertrag je Hektar
41241;Ernte-u.Betriebsbericht: Feldfrüchte und Grünland;JAHR;Jahr;2020;DINSG;Deutschland insgesamt;DG;Deutschland;FRUA04;Fruchtarten;FRUART067S;Süßlupinen;22300;ha;FLC016;Anbaufläche
41241;Ernte-u.Betriebsbericht: Feldfrüchte und Grünland;JAHR;Jahr;2012;DINSG;Deutschland insgesamt;DG;Deutschland;FRUA04;Fruchtarten;FRUART01113;Hartweizen (Durum);57400;t;ERN001;Erntemenge
41241;Ernte-u.Betriebsbericht: Feldfrüchte und Grünland;JAHR;Jahr;2012;DINSG;Deutschland insgesamt;DG;Deutschland;FRUA04;Fruchtarten;FRUART01113;Hartweizen (Durum);49,2;dt/ha;ERT001;Ertrag je Hektar
41241;Ernte-u.Betriebsbericht: Feldfrüchte und Grünland;JAHR;Jahr;2012;DINSG;Deutschland insgesamt;DG;Deutschland;FRUA04;Fruchtarten;FRUART01113;Hartweizen (Durum);11700;ha;FLC016;Anbaufläche
41241;Ernte-u.Betriebsbericht: Feldfrüchte und Grünland;JAHR;Jahr;2024;DINSG;Deutschland insgesamt;DG;Deutschland;FRUA04;Fruchtarten;FRUART01111E;Winterweizen (einschließlich Einkorn);-;t;ERN001;Erntemenge
41241;Ernte-u.Betriebsbericht: Feldfrüchte und Grünland;JAHR;Jahr;2024;DINSG;Deutschland insgesamt;DG;Deutschland;FRUA04;Fruchtarten;FRUART01111E;Winterweizen (einschließlich Einkorn);-;dt/ha;ERT001;Ertrag je Hektar
41241;Ernte-u.Betriebsbericht: Feldfrüchte und Grünland;JAHR;Jahr;2024;DINSG;Deutschland insgesamt;DG;Deutschland;FRUA04;Fruchtarten;FRUART01111E;Winterweizen (einschließlich Einkorn);-;ha;FLC016;Anbaufläche
41241;Ernte-u.Betriebsbericht: Feldfrüchte und Grünland;JAHR;Jahr;2024;DINSG;Deutschland insgesamt;DG;Deutschland;FRUA04;Fruchtarten;FRUART01113;Hartweizen (Durum);285500;t;ERN001;Erntemenge
41241;Ernte-u.Betriebsbericht: Feldfrüchte und Grünland;JAHR;Jahr;2024;DINSG;Deutschland insgesamt;DG;Deutschland;FRUA04;Fruchtarten;FRUART01113;Hartweizen (Durum);58,9;dt/ha;ERT001;Ertrag je Hektar
41241;Ernte-u.Betriebsbericht: Feldfrüchte und Grünland;JAHR;Jahr;2024;DINSG;Deutschland insgesamt;DG;Deutschland;FRUA04;Fruchtarten;FRUART01113;Hartweizen (Durum);48500;ha;FLC016;Anbaufläche
41241;Ernte-u.Betriebsbericht: Feldfrüchte und Grünland;JAHR;Jahr;2023;DINSG;Deutschland insgesamt;DG;Deutschland;FRUA04;Fruchtarten;FRUART0124;Triticale;1832400;t;ERN001;Erntemenge
41241;Ernte-u.Betriebsbericht: Feldfrüchte und Grünland;JAHR;Jahr;2023;DINSG;Deutschland insgesamt;DG;Deutschland;FRUA04;Fruchtarten;FRUART0124;Triticale;58,8;dt/ha;ERT001;Ertrag je Hektar
41241;Ernte-u.Betriebsbericht: Feldfrüchte und Grünland;JAHR;Jahr;2023;DINSG;Deutschland insgesamt;DG;Deutschland;FRUA04;Fruchtarten;FRUART0124;Triticale;311500;ha;FLC016;Anbaufläche
41241;Ernte-u.Betriebsbericht: Feldfrüchte und Grünland;JAHR;Jahr;2019;DINSG;Deutschland insgesamt;DG;Deutschland;FRUA04;Fruchtarten;FRUART01OKM1;Getreide zur Körnergew. (ohne Körnermais, CCM);40637600;t;ERN001;Erntemenge
41241;Ernte-u.Betriebsbericht: Feldfrüchte und Grünland;JAHR;Jahr;2019;DINSG;Deutschland insgesamt;DG;Deutschland;FRUA04;Fruchtarten;FRUART01OKM1;Getreide zur Körnergew. (ohne Körnermais, CCM);68,2;dt/ha;ERT001;Ertrag je Hektar
41241;Ernte-u.Betriebsbericht: Feldfrüchte und Grünland;JAHR;Jahr;2019;DINSG;Deutschland insgesamt;DG;Deutschland;FRUA04;Fruchtarten;FRUART01OKM1;Getreide zur Körnergew. (ohne Körnermais, CCM);5956500;ha;FLC016;Anbaufläche
41241;Ernte-u.Betriebsbericht: Feldfrüchte und Grünland;JAHR;Jahr;2010;DINSG;Deutschland insgesamt;DG;Deutschland;FRUA04;Fruchtarten;FRUART0122;Hafer;598049;t;ERN001;Erntemenge
41241;Ernte-u.Betriebsbericht: Feldfrüchte und Grünland;JAHR;Jahr;2010;DINSG;Deutschland insgesamt;DG;Deutschland;FRUA04;Fruchtarten;FRUART0122;Hafer;42,3;dt/ha;ERT001;Ertrag je Hektar
41241;Ernte-u.Betriebsbericht: Feldfrüchte und Grünland;JAHR;Jahr;2010;DINSG;Deutschland insgesamt;DG;Deutschland;FRUA04;Fruchtarten;FRUART0122;Hafer;141433;ha;FLC016;Anbaufläche
41241;Ernte-u.Betriebsbericht: Feldfrüchte und Grünland;JAHR;Jahr;2014;DINSG;Deutschland insgesamt;DG;Deutschland;FRUA04;Fruchtarten;FRUART0123;Sommermenggetreide;67100;t;ERN001;Erntemenge
41241;Ernte-u.Betriebsbericht: Feldfrüchte und Grünland;JAHR;Jahr;2014;DINSG;Deutschland insgesamt;DG;Deutschland;FRUA04;Fruchtarten;FRUART0123;Sommermenggetreide;47,6;dt/ha;ERT001;Ertrag je Hektar
41241;Ernte-u.Betriebsbericht: Feldfrüchte und Grünland;JAHR;Jahr;2014;DINSG;Deutschland insgesamt;DG;Deutschland;FRUA04;Fruchtarten;FRUART0123;Sommermenggetreide;14100;ha;FLC016;Anbaufläche
41241;Ernte-u.Betriebsbericht: Feldfrüchte und Grünland;JAHR;Jahr;2014;DINSG;Deutschland insgesamt;DG;Deutschland;FRUA04;Fruchtarten;FRUART062;Luzerne;-;t;ERN001;Erntemenge
41241;Ernte-u.Betriebsbericht: Feldfrüchte und Grünland;JAHR;Jahr;2014;DINSG;Deutschland insgesamt;DG;Deutschland;FRUA04;Fruchtarten;FRUART062;Luzerne;-;dt/ha;ERT001;Ertrag je Hektar
41241;Ernte-u.Betriebsbericht: Feldfrüchte und Grünland;JAHR;Jahr;2014;DINSG;Deutschland insgesamt;DG;Deutschland;FRUA04;Fruchtarten;FRUART062;Luzerne;-;ha;FLC016;Anbaufläche
41241;Ernte-u.Betriebsbericht: Feldfrüchte und Grünland;JAHR;Jahr;2016;DINSG;Deutschland insgesamt;DG;Deutschland;FRUA04;Fruchtarten;FRUART01212;Sommergerste;1771200;t;ERN001;Erntemenge
41241;Ernte-u.Betriebsbericht: Feldfrüchte und Grünland;JAHR;Jahr;2016;DINSG;Deutschland insgesamt;DG;Deutschland;FRUA04;Fruchtarten;FRUART01212;Sommergerste;52,4;dt/ha;ERT001;Ertrag je Hektar
41241;Ernte-u.Betriebsbericht: Feldfrüchte und Grünland;JAHR;Jahr;2016;DINSG;Deutschland insgesamt;DG;Deutschland;FRUA04;Fruchtarten;FRUART01212;Sommergerste;337800;ha;FLC016;Anbaufläche
41241;Ernte-u.Betriebsbericht: Feldfrüchte und Grünland;JAHR;Jahr;2019;DINSG;Deutschland insgesamt;DG;Deutschland;FRUA04;Fruchtarten;FRUART01121;Roggen und Wintermenggetreide;3237600;t;ERN001;Erntemenge
41241;Ernte-u.Betriebsbericht: Feldfrüchte und Grünland;JAHR;Jahr;2019;DINSG;Deutschland insgesamt;DG;Deutschland;FRUA04;Fruchtarten;FRUART01121;Roggen und Wintermenggetreide;50,9;dt/ha;ERT001;Ertrag je Hektar
41241;Ernte-u.Betriebsbericht: Feldfrüchte und Grünland;JAHR;Jahr;2019;DINSG;Deutschland insgesamt;DG;Deutschland;FRUA04;Fruchtarten;FRUART01121;Roggen und Wintermenggetreide;636300;ha;FLC016;Anbaufläche
41241;Ernte-u.Betriebsbericht: Feldfrüchte und Grünland;JAHR;Jahr;2018;DINSG;Deutschland insgesamt;DG;Deutschland;FRUA04;Fruchtarten;FRUART01112OH;Sommerweizen (ohne Hartweizen);530500;t;ERN001;Erntemenge
41241;Ernte-u.Betriebsbericht: Feldfrüchte und Grünland;JAHR;Jahr;2018;DINSG;Deutschland insgesamt;DG;Deutschland;FRUA04;Fruchtarten;FRUART01112OH;Sommerweizen (ohne Hartweizen);47,0;dt/ha;ERT001;Ertrag je Hektar
41241;Ernte-u.Betriebsbericht: Feldfrüchte und Grünland;JAHR;Jahr;2018;DINSG;Deutschland insgesamt;DG;Deutschland;FRUA04;Fruchtarten;FRUART01112OH;Sommerweizen (ohne Hartweizen);112900;ha;FLC016;Anbaufläche
41241;Ernte-u.Betriebsbericht: Feldfrüchte und Grünland;JAHR;Jahr;2012;DINSG;Deutschland insgesamt;DG;Deutschland;FRUA04;Fruchtarten;FRUART01211;Wintergerste;7079400;t;ERN001;Erntemenge
41241;Ernte-u.Betriebsbericht: Feldfrüchte und Grünland;JAHR;Jahr;2012;DINSG;Deutschland insgesamt;DG;Deutschland;FRUA04;Fruchtarten;FRUART01211;Wintergerste;64,9;dt/ha;ERT001;Ertrag je Hektar
41241;Ernte-u.Betriebsbericht: Feldfrüchte und Grünland;JAHR;Jahr;2012;DINSG;Deutschland insgesamt;DG;Deutschland;FRUA04;Fruchtarten;FRUART01211;Wintergerste;1090100;ha;FLC016;Anbaufläche
41241;Ernte-u.Betriebsbericht: Feldfrüchte und Grünland;JAHR;Jahr;2024;DINSG;Deutschland insgesamt;DG;Deutschland;FRUA04;Fruchtarten;FRUART01211;Wintergerste;8736000;t;ERN001;Erntemenge
41241;Ernte-u.Betriebsbericht: Feldfrüchte und Grünland;JAHR;Jahr;2024;DINSG;Deutschland insgesamt;DG;Deutschland;FRUA04;Fruchtarten;FRUART01211;Wintergerste;67,2;dt/ha;ERT001;Ertrag je Hektar
41241;Ernte-u.Betriebsbericht: Feldfrüchte und Grünland;JAHR;Jahr;2024;DINSG;Deutschland insgesamt;DG;Deutschland;FRUA04;Fruchtarten;FRUART01211;Wintergerste;1299200;ha;FLC016;Anbaufläche
41241;Ernte-u.Betriebsbericht: Feldfrüchte und Grünland;JAHR;Jahr;2013;DINSG;Deutschland insgesamt;DG;Deutschland;FRUA04;Fruchtarten;FRUART032;Zuckerrüben;22828700;t;ERN001;Erntemenge
41241;Ernte-u.Betriebsbericht: Feldfrüchte und Grünland;JAHR;Jahr;2013;DINSG;Deutschland insgesamt;DG;Deutschland;FRUA04;Fruchtarten;FRUART032;Zuckerrüben;638,8;dt/ha;ERT001;Ertrag je Hektar
41241;Ernte-u.Betriebsbericht: Feldfrüchte und Grünland;JAHR;Jahr;2013;DINSG;Deutschland insgesamt;DG;Deutschland;FRUA04;Fruchtarten;FRUART032;Zuckerrüben;357400;ha;FLC016;Anbaufläche
41241;Ernte-u.Betriebsbericht: Feldfrüchte und Grünland;JAHR;Jahr;2025;DINSG;Deutschland insgesamt;DG;Deutschland;FRUA04;Fruchtarten;FRUART0515;Sonnenblumen;142800;t;ERN001;Erntemenge
41241;Ernte-u.Betriebsbericht: Feldfrüchte und Grünland;JAHR;Jahr;2025;DINSG;Deutschland insgesamt;DG;Deutschland;FRUA04;Fruchtarten;FRUART0515;Sonnenblumen;23,1;dt/ha;ERT001;Ertrag je Hektar
41241;Ernte-u.Betriebsbericht: Feldfrüchte und Grünland;JAHR;Jahr;2025;DINSG;Deutschland insgesamt;DG;Deutschland;FRUA04;Fruchtarten;FRUART0515;Sonnenblumen;61900;ha;FLC016;Anbaufläche
41241;Ernte-u.Betriebsbericht: Feldfrüchte und Grünland;JAHR;Jahr;2026;DINSG;Deutschland insgesamt;DG;Deutschland;FRUA04;Fruchtarten;FRUART0122;Hafer;722900;t;ERN001;Erntemenge
41241;Ernte-u.Betriebsbericht: Feldfrüchte und Grünland;JAHR;Jahr;2026;DINSG;Deutschland insgesamt;DG;Deutschland;FRUA04;Fruchtarten;FRUART0122;Hafer;41,5;dt/ha;ERT001;Ertrag je Hektar
41241;Ernte-u.Betriebsbericht: Feldfrüchte und Grünland;JAHR;Jahr;2026;DINSG;Deutschland insgesamt;DG;Deutschland;FRUA04;Fruchtarten;FRUART0122;Hafer;174100;ha;FLC016;Anbaufläche
41241;Ernte-u.Betriebsbericht: Feldfrüchte und Grünland;JAHR;Jahr;2017;DINSG;Deutschland insgesamt;DG;Deutschland;FRUA04;Fruchtarten;FRUART0121;Gerste;10853400;t;ERN001;Erntemenge
41241;Ernte-u.Betriebsbericht: Feldfrüchte und Grünland;JAHR;Jahr;2017;DINSG;Deutschland insgesamt;DG;Deutschland;FRUA04;Fruchtarten;FRUART0121;Gerste;69,3;dt/ha;ERT001;Ertrag je Hektar
41241;Ernte-u.Betriebsbericht: Feldfrüchte und Grünland;JAHR;Jahr;2017;DINSG;Deutschland insgesamt;DG;Deutschland;FRUA04;Fruchtarten;FRUART0121;Gerste;1566100;ha;FLC016;Anbaufläche
41241;Ernte-u.Betriebsbericht: Feldfrüchte und Grünland;JAHR;Jahr;2021;DINSG;Deutschland insgesamt;DG;Deutschland;FRUA04;Fruchtarten;FRUART032;Zuckerrüben;31945400;t;ERN001;Erntemenge
41241;Ernte-u.Betriebsbericht: Feldfrüchte und Grünland;JAHR;Jahr;2021;DINSG;Deutschland insgesamt;DG;Deutschland;FRUA04;Fruchtarten;FRUART032;Zuckerrüben;817,7;dt/ha;ERT001;Ertrag je Hektar
41241;Ernte-u.Betriebsbericht: Feldfrüchte und Grünland;JAHR;Jahr;2021;DINSG;Deutschland insgesamt;DG;Deutschland;FRUA04;Fruchtarten;FRUART032;Zuckerrüben;390700;ha;FLC016;Anbaufläche
41241;Ernte-u.Betriebsbericht: Feldfrüchte und Grünland;JAHR;Jahr;2020;DINSG;Deutschland insgesamt;DG;Deutschland;FRUA04;Fruchtarten;FRUART01113;Hartweizen (Durum);183000;t;ERN001;Erntemenge
41241;Ernte-u.Betriebsbericht: Feldfrüchte und Grünland;JAHR;Jahr;2020;DINSG;Deutschland insgesamt;DG;Deutschland;FRUA04;Fruchtarten;FRUART01113;Hartweizen (Durum);53,8;dt/ha;ERT001;Ertrag je Hektar
41241;Ernte-u.Betriebsbericht: Feldfrüchte und Grünland;JAHR;Jahr;2020;DINSG;Deutschland insgesamt;DG;Deutschland;FRUA04;Fruchtarten;FRUART01113;Hartweizen (Durum);34000;ha;FLC016;Anbaufläche
41241;Ernte-u.Betriebsbericht: Feldfrüchte und Grünland;JAHR;Jahr;2021;DINSG;Deutschland insgesamt;DG;Deutschland;FRUA04;Fruchtarten;FRUART0631;Feldgras/Grasanbau auf dem Ackerland (inkl.Misch.);2571800;t;ERN001;Erntemenge
41241;Ernte-u.Betriebsbericht: Feldfrüchte und Grünland;JAHR;Jahr;2021;DINSG;Deutschland insgesamt;DG;Deutschland;FRUA04;Fruchtarten;FRUART0631;Feldgras/Grasanbau auf dem Ackerland (inkl.Misch.);79,7;dt/ha;ERT001;Ertrag je Hektar
41241;Ernte-u.Betriebsbericht: Feldfrüchte und Grünland;JAHR;Jahr;2021;DINSG;Deutschland insgesamt;DG;Deutschland;FRUA04;Fruchtarten;FRUART0631;Feldgras/Grasanbau auf dem Ackerland (inkl.Misch.);322800;ha;FLC016;Anbaufläche
41241;Ernte-u.Betriebsbericht: Feldfrüchte und Grünland;JAHR;Jahr;2018;DINSG;Deutschland insgesamt;DG;Deutschland;FRUA04;Fruchtarten;FRUART05111;Winterraps;3670600;t;ERN001;Erntemenge
41241;Ernte-u.Betriebsbericht: Feldfrüchte und Grünland;JAHR;Jahr;2018;DINSG;Deutschland insgesamt;DG;Deutschland;FRUA04;Fruchtarten;FRUART05111;Winterraps;30,0;dt/ha;ERT001;Ertrag je Hektar
41241;Ernte-u.Betriebsbericht: Feldfrüchte und Grünland;JAHR;Jahr;2018;DINSG;Deutschland insgesamt;DG;Deutschland;FRUA04;Fruchtarten;FRUART05111;Winterraps;1224400;ha;FLC016;Anbaufläche
41241;Ernte-u.Betriebsbericht: Feldfrüchte und Grünland;JAHR;Jahr;2012;DINSG;Deutschland insgesamt;DG;Deutschland;FRUA04;Fruchtarten;FRUART01111D;Dinkel;-;t;ERN001;Erntemenge
41241;Ernte-u.Betriebsbericht: Feldfrüchte und Grünland;JAHR;Jahr;2012;DINSG;Deutschland insgesamt;DG;Deutschland;FRUA04;Fruchtarten;FRUART01111D;Dinkel;-;dt/ha;ERT001;Ertrag je Hektar
41241;Ernte-u.Betriebsbericht: Feldfrüchte und Grünland;JAHR;Jahr;2012;DINSG;Deutschland insgesamt;DG;Deutschland;FRUA04;Fruchtarten;FRUART01111D;Dinkel;-;ha;FLC016;Anbaufläche
41241;Ernte-u.Betriebsbericht: Feldfrüchte und Grünland;JAHR;Jahr;2010;DINSG;Deutschland insgesamt;DG;Deutschland;FRUA04;Fruchtarten;FRUART02LG;Leguminosen zur Ganzpflanzenernte (z.B. Klee);1785937;t;ERN001;Erntemenge
41241;Ernte-u.Betriebsbericht: Feldfrüchte und Grünland;JAHR;Jahr;2010;DINSG;Deutschland insgesamt;DG;Deutschland;FRUA04;Fruchtarten;FRUART02LG;Leguminosen zur Ganzpflanzenernte (z.B. Klee);72,6;dt/ha;ERT001;Ertrag je Hektar
41241;Ernte-u.Betriebsbericht: Feldfrüchte und Grünland;JAHR;Jahr;2010;DINSG;Deutschland insgesamt;DG;Deutschland;FRUA04;Fruchtarten;FRUART02LG;Leguminosen zur Ganzpflanzenernte (z.B. Klee);245994;ha;FLC016;Anbaufläche
41241;Ernte-u.Betriebsbericht: Feldfrüchte und Grünland;JAHR;Jahr;2021;DINSG;Deutschland insgesamt;DG;Deutschland;FRUA04;Fruchtarten;FRUART064G1;Silomais/Grünmais einschl. Lieschkolbenschrot;104839300;t;ERN001;Erntemenge
41241;Ernte-u.Betriebsbericht: Feldfrüchte und Grünland;JAHR;Jahr;2021;DINSG;Deutschland insgesamt;DG;Deutschland;FRUA04;Fruchtarten;FRUART064G1;Silomais/Grünmais einschl. Lieschkolbenschrot;472,3;dt/ha;ERT001;Ertrag je Hektar
41241;Ernte-u.Betriebsbericht: Feldfrüchte und Grünland;JAHR;Jahr;2021;DINSG;Deutschland insgesamt;DG;Deutschland;FRUA04;Fruchtarten;FRUART064G1;Silomais/Grünmais einschl. Lieschkolbenschrot;2219600;ha;FLC016;Anbaufläche
41241;Ernte-u.Betriebsbericht: Feldfrüchte und Grünland;JAHR;Jahr;2020;DINSG;Deutschland insgesamt;DG;Deutschland;FRUA04;Fruchtarten;FRUART025;Sojabohnen;90500;t;ERN001;Erntemenge
41241;Ernte-u.Betriebsbericht: Feldfrüchte und Grünland;JAHR;Jahr;2020;DINSG;Deutschland insgesamt;DG;Deutschland;FRUA04;Fruchtarten;FRUART025;Sojabohnen;26,8;dt/ha;ERT001;Ertrag je Hektar
41241;Ernte-u.Betriebsbericht: Feldfrüchte und Grünland;JAHR;Jahr;2020;DINSG;Deutschland insgesamt;DG;Deutschland;FRUA04;Fruchtarten;FRUART025;Sojabohnen;33800;ha;FLC016;Anbaufläche
41241;Ernte-u.Betriebsbericht: Feldfrüchte und Grünland;JAHR;Jahr;2015;DINSG;Deutschland insgesamt;DG;Deutschland;FRUA04;Fruchtarten;FRUART01G;Getreide zur Ganzpflanzenernte;2810100;t;ERN001;Erntemenge
41241;Ernte-u.Betriebsbericht: Feldfrüchte und Grünland;JAHR;Jahr;2015;DINSG;Deutschland insgesamt;DG;Deutschland;FRUA04;Fruchtarten;FRUART01G;Getreide zur Ganzpflanzenernte;263,7;dt/ha;ERT001;Ertrag je Hektar
41241;Ernte-u.Betriebsbericht: Feldfrüchte und Grünland;JAHR;Jahr;2015;DINSG;Deutschland insgesamt;DG;Deutschland;FRUA04;Fruchtarten;FRUART01G;Getreide zur Ganzpflanzenernte;106600;ha;FLC016;Anbaufläche
41241;Ernte-u.Betriebsbericht: Feldfrüchte und Grünland;JAHR;Jahr;2015;DINSG;Deutschland insgesamt;DG;Deutschland;FRUA04;Fruchtarten;FRUART081;Wiesen (Schnittnutzung);10727100;t;ERN001;Erntemenge
41241;Ernte-u.Betriebsbericht: Feldfrüchte und Grünland;JAHR;Jahr;2015;DINSG;Deutschland insgesamt;DG;Deutschland;FRUA04;Fruchtarten;FRUART081;Wiesen (Schnittnutzung);58,2;dt/ha;ERT001;Ertrag je Hektar
41241;Ernte-u.Betriebsbericht: Feldfrüchte und Grünland;JAHR;Jahr;2015;DINSG;Deutschland insgesamt;DG;Deutschland;FRUA04;Fruchtarten;FRUART081;Wiesen (Schnittnutzung);1844000;ha;FLC016;Anbaufläche
41241;Ernte-u.Betriebsbericht: Feldfrüchte und Grünland;JAHR;Jahr;2010;DINSG;Deutschland insgesamt;DG;Deutschland;FRUA04;Fruchtarten;FRUART065;Raufutter;32782007;t;ERN001;Erntemenge
41241;Ernte-u.Betriebsbericht: Feldfrüchte und Grünland;JAHR;Jahr;2010;DINSG;Deutschland insgesamt;DG;Deutschland;FRUA04;Fruchtarten;FRUART065;Raufutter;64,6;dt/ha;ERT001;Ertrag je Hektar
41241;Ernte-u.Betriebsbericht: Feldfrüchte und Grünland;JAHR;Jahr;2010;DINSG;Deutschland insgesamt;DG;Deutschland;FRUA04;Fruchtarten;FRUART065;Raufutter;5076786;ha;FLC016;Anbaufläche
41241;Ernte-u.Betriebsbericht: Feldfrüchte und Grünland;JAHR;Jahr;2011;DINSG;Deutschland insgesamt;DG;Deutschland;FRUA04;Fruchtarten;FRUART01121;Roggen und Wintermenggetreide;2520900;t;ERN001;Erntemenge
41241;Ernte-u.Betriebsbericht: Feldfrüchte und Grünland;JAHR;Jahr;2011;DINSG;Deutschland insgesamt;DG;Deutschland;FRUA04;Fruchtarten;FRUART01121;Roggen und Wintermenggetreide;41,1;dt/ha;ERT001;Ertrag je Hektar
41241;Ernte-u.Betriebsbericht: Feldfrüchte und Grünland;JAHR;Jahr;2011;DINSG;Deutschland insgesamt;DG;Deutschland;FRUA04;Fruchtarten;FRUART01121;Roggen und Wintermenggetreide;613700;ha;FLC016;Anbaufläche
41241;Ernte-u.Betriebsbericht: Feldfrüchte und Grünland;JAHR;Jahr;2017;DINSG;Deutschland insgesamt;DG;Deutschland;FRUA04;Fruchtarten;FRUART01OKM1;Getreide zur Körnergew. (ohne Körnermais, CCM);41009100;t;ERN001;Erntemenge
41241;Ernte-u.Betriebsbericht: Feldfrüchte und Grünland;JAHR;Jahr;2017;DINSG;Deutschland insgesamt;DG;Deutschland;FRUA04;Fruchtarten;FRUART01OKM1;Getreide zur Körnergew. (ohne Körnermais, CCM);70,3;dt/ha;ERT001;Ertrag je Hektar
41241;Ernte-u.Betriebsbericht: Feldfrüchte und Grünland;JAHR;Jahr;2017;DINSG;Deutschland insgesamt;DG;Deutschland;FRUA04;Fruchtarten;FRUART01OKM1;Getreide zur Körnergew. (ohne Körnermais, CCM);5834600;ha;FLC016;Anbaufläche
41241;Ernte-u.Betriebsbericht: Feldfrüchte und Grünland;JAHR;Jahr;2020;DINSG;Deutschland insgesamt;DG;Deutschland;FRUA04;Fruchtarten;FRUART01212;Sommergerste;1992600;t;ERN001;Erntemenge
41241;Ernte-u.Betriebsbericht: Feldfrüchte und Grünland;JAHR;Jahr;2020;DINSG;Deutschland insgesamt;DG;Deutschland;FRUA04;Fruchtarten;FRUART01212;Sommergerste;54,9;dt/ha;ERT001;Ertrag je Hektar
41241;Ernte-u.Betriebsbericht: Feldfrüchte und Grünland;JAHR;Jahr;2020;DINSG;Deutschland insgesamt;DG;Deutschland;FRUA04;Fruchtarten;FRUART01212;Sommergerste;363300;ha;FLC016;Anbaufläche
41241;Ernte-u.Betriebsbericht: Feldfrüchte und Grünland;JAHR;Jahr;2023;DINSG;Deutschland insgesamt;DG;Deutschland;FRUA04;Fruchtarten;FRUART01121;Roggen und Wintermenggetreide;3124200;t;ERN001;Erntemenge
41241;Ernte-u.Betriebsbericht: Feldfrüchte und Grünland;JAHR;Jahr;2023;DINSG;Deutschland insgesamt;DG;Deutschland;FRUA04;Fruchtarten;FRUART01121;Roggen und Wintermenggetreide;50,0;dt/ha;ERT001;Ertrag je Hektar
41241;Ernte-u.Betriebsbericht: Feldfrüchte und Grünland;JAHR;Jahr;2023;DINSG;Deutschland insgesamt;DG;Deutschland;FRUA04;Fruchtarten;FRUART01121;Roggen und Wintermenggetreide;625400;ha;FLC016;Anbaufläche
41241;Ernte-u.Betriebsbericht: Feldfrüchte und Grünland;JAHR;Jahr;2022;DINSG;Deutschland insgesamt;DG;Deutschland;FRUA04;Fruchtarten;FRUART01111E;Winterweizen (einschließlich Einkorn);-;t;ERN001;Erntemenge
41241;Ernte-u.Betriebsbericht: Feldfrüchte und Grünland;JAHR;Jahr;2022;DINSG;Deutschland insgesamt;DG;Deutschland;FRUA04;Fruchtarten;FRUART01111E;Winterweizen (einschließlich Einkorn);-;dt/ha;ERT001;Ertrag je Hektar
41241;Ernte-u.Betriebsbericht: Feldfrüchte und Grünland;JAHR;Jahr;2022;DINSG;Deutschland insgesamt;DG;Deutschland;FRUA04;Fruchtarten;FRUART01111E;Winterweizen (einschließlich Einkorn);-;ha;FLC016;Anbaufläche
41241;Ernte-u.Betriebsbericht: Feldfrüchte und Grünland;JAHR;Jahr;2017;DINSG;Deutschland insgesamt;DG;Deutschland;FRUA04;Fruchtarten;FRUART065;Raufutter;35011900;t;ERN001;Erntemenge
41241;Ernte-u.Betriebsbericht: Feldfrüchte und Grünland;JAHR;Jahr;2017;DINSG;Deutschland insgesamt;DG;Deutschland;FRUA04;Fruchtarten;FRUART065;Raufutter;69,2;dt/ha;ERT001;Ertrag je Hektar
41241;Ernte-u.Betriebsbericht: Feldfrüchte und Grünland;JAHR;Jahr;2017;DINSG;Deutschland insgesamt;DG;Deutschland;FRUA04;Fruchtarten;FRUART065;Raufutter;5057700;ha;FLC016;Anbaufläche
41241;Ernte-u.Betriebsbericht: Feldfrüchte und Grünland;JAHR;Jahr;2024;DINSG;Deutschland insgesamt;DG;Deutschland;FRUA04;Fruchtarten;FRUART0631;Feldgras/Grasanbau auf dem Ackerland (inkl.Misch.);2367100;t;ERN001;Erntemenge
41241;Ernte-u.Betriebsbericht: Feldfrüchte und Grünland;JAHR;Jahr;2024;DINSG;Deutschland insgesamt;DG;Deutschland;FRUA04;Fruchtarten;FRUART0631;Feldgras/Grasanbau auf dem Ackerland (inkl.Misch.);78,8;dt/ha;ERT001;Ertrag je Hektar
41241;Ernte-u.Betriebsbericht: Feldfrüchte und Grünland;JAHR;Jahr;2024;DINSG;Deutschland insgesamt;DG;Deutschland;FRUA04;Fruchtarten;FRUART0631;Feldgras/Grasanbau auf dem Ackerland (inkl.Misch.);300400;ha;FLC016;Anbaufläche
41241;Ernte-u.Betriebsbericht: Feldfrüchte und Grünland;JAHR;Jahr;2015;DINSG;Deutschland insgesamt;DG;Deutschland;FRUA04;Fruchtarten;FRUART01121;Roggen und Wintermenggetreide;3487800;t;ERN001;Erntemenge
41241;Ernte-u.Betriebsbericht: Feldfrüchte und Grünland;JAHR;Jahr;2015;DINSG;Deutschland insgesamt;DG;Deutschland;FRUA04;Fruchtarten;FRUART01121;Roggen und Wintermenggetreide;56,6;dt/ha;ERT001;Ertrag je Hektar
41241;Ernte-u.Betriebsbericht: Feldfrüchte und Grünland;JAHR;Jahr;2015;DINSG;Deutschland insgesamt;DG;Deutschland;FRUA04;Fruchtarten;FRUART01121;Roggen und Wintermenggetreide;616000;ha;FLC016;Anbaufläche
41241;Ernte-u.Betriebsbericht: Feldfrüchte und Grünland;JAHR;Jahr;2026;DINSG;Deutschland insgesamt;DG;Deutschland;FRUA04;Fruchtarten;FRUART05111;Winterraps;3501100;t;ERN001;Erntemenge
41241;Ernte-u.Betriebsbericht: Feldfrüchte und Grünland;JAHR;Jahr;2026;DINSG;Deutschland insgesamt;DG;Deutschland;FRUA04;Fruchtarten;FRUART05111;Winterraps;31,0;dt/ha;ERT001;Ertrag je Hektar
41241;Ernte-u.Betriebsbericht: Feldfrüchte und Grünland;JAHR;Jahr;2026;DINSG;Deutschland insgesamt;DG;Deutschland;FRUA04;Fruchtarten;FRUART05111;Winterraps;1128100;ha;FLC016;Anbaufläche
41241;Ernte-u.Betriebsbericht: Feldfrüchte und Grünland;JAHR;Jahr;2021;DINSG;Deutschland insgesamt;DG;Deutschland;FRUA04;Fruchtarten;FRUART01OKM1;Getreide zur Körnergew. (ohne Körnermais, CCM);37897000;t;ERN001;Erntemenge
41241;Ernte-u.Betriebsbericht: Feldfrüchte und Grünland;JAHR;Jahr;2021;DINSG;Deutschland insgesamt;DG;Deutschland;FRUA04;Fruchtarten;FRUART01OKM1;Getreide zur Körnergew. (ohne Körnermais, CCM);67,4;dt/ha;ERT001;Ertrag je Hektar
41241;Ernte-u.Betriebsbericht: Feldfrüchte und Grünland;JAHR;Jahr;2021;DINSG;Deutschland insgesamt;DG;Deutschland;FRUA04;Fruchtarten;FRUART01OKM1;Getreide zur Körnergew. (ohne Körnermais, CCM);5622300;ha;FLC016;Anbaufläche
41241;Ernte-u.Betriebsbericht: Feldfrüchte und Grünland;JAHR;Jahr;2012;DINSG;Deutschland insgesamt;DG;Deutschland;FRUA04;Fruchtarten;FRUART0511;Raps und Rübsen;4821100;t;ERN001;Erntemenge
41241;Ernte-u.Betriebsbericht: Feldfrüchte und Grünland;JAHR;Jahr;2012;DINSG;Deutschland insgesamt;DG;Deutschland;FRUA04;Fruchtarten;FRUART0511;Raps und Rübsen;36,9;dt/ha;ERT001;Ertrag je Hektar
41241;Ernte-u.Betriebsbericht: Feldfrüchte und Grünland;JAHR;Jahr;2012;DINSG;Deutschland insgesamt;DG;Deutschland;FRUA04;Fruchtarten;FRUART0511;Raps und Rübsen;1306200;ha;FLC016;Anbaufläche
41241;Ernte-u.Betriebsbericht: Feldfrüchte und Grünland;JAHR;Jahr;2014;DINSG;Deutschland insgesamt;DG;Deutschland;FRUA04;Fruchtarten;FRUART05111;Winterraps;6241700;t;ERN001;Erntemenge
41241;Ernte-u.Betriebsbericht: Feldfrüchte und Grünland;JAHR;Jahr;2014;DINSG;Deutschland insgesamt;DG;Deutschland;FRUA04;Fruchtarten;FRUART05111;Winterraps;44,8;dt/ha;ERT001;Ertrag je Hektar
41241;Ernte-u.Betriebsbericht: Feldfrüchte und Grünland;JAHR;Jahr;2014;DINSG;Deutschland insgesamt;DG;Deutschland;FRUA04;Fruchtarten;FRUART05111;Winterraps;1391900;ha;FLC016;Anbaufläche
41241;Ernte-u.Betriebsbericht: Feldfrüchte und Grünland;JAHR;Jahr;2020;DINSG;Deutschland insgesamt;DG;Deutschland;FRUA04;Fruchtarten;FRUART0124;Triticale;2036300;t;ERN001;Erntemenge
41241;Ernte-u.Betriebsbericht: Feldfrüchte und Grünland;JAHR;Jahr;2020;DINSG;Deutschland insgesamt;DG;Deutschland;FRUA04;Fruchtarten;FRUART0124;Triticale;59,7;dt/ha;ERT001;Ertrag je Hektar
41241;Ernte-u.Betriebsbericht: Feldfrüchte und Grünland;JAHR;Jahr;2020;DINSG;Deutschland insgesamt;DG;Deutschland;FRUA04;Fruchtarten;FRUART0124;Triticale;341300;ha;FLC016;Anbaufläche
41241;Ernte-u.Betriebsbericht: Feldfrüchte und Grünland;JAHR;Jahr;2010;DINSG;Deutschland insgesamt;DG;Deutschland;FRUA04;Fruchtarten;FRUART01111E;Winterweizen (einschließlich Einkorn);-;t;ERN001;Erntemenge
41241;Ernte-u.Betriebsbericht: Feldfrüchte und Grünland;JAHR;Jahr;2010;DINSG;Deutschland insgesamt;DG;Deutschland;FRUA04;Fruchtarten;FRUART01111E;Winterweizen (einschließlich Einkorn);-;dt/ha;ERT001;Ertrag je Hektar
41241;Ernte-u.Betriebsbericht: Feldfrüchte und Grünland;JAHR;Jahr;2010;DINSG;Deutschland insgesamt;DG;Deutschland;FRUA04;Fruchtarten;FRUART01111E;Winterweizen (einschließlich Einkorn);-;ha;FLC016;Anbaufläche
41241;Ernte-u.Betriebsbericht: Feldfrüchte und Grünland;JAHR;Jahr;2010;DINSG;Deutschland insgesamt;DG;Deutschland;FRUA04;Fruchtarten;FRUART0121;Gerste;10326918;t;ERN001;Erntemenge
41241;Ernte-u.Betriebsbericht: Feldfrüchte und Grünland;JAHR;Jahr;2010;DINSG;Deutschland insgesamt;DG;Deutschland;FRUA04;Fruchtarten;FRUART0121;Gerste;62,9;dt/ha;ERT001;Ertrag je Hektar
41241;Ernte-u.Betriebsbericht: Feldfrüchte und Grünland;JAHR;Jahr;2010;DINSG;Deutschland insgesamt;DG;Deutschland;FRUA04;Fruchtarten;FRUART0121;Gerste;1641322;ha;FLC016;Anbaufläche
41241;Ernte-u.Betriebsbericht: Feldfrüchte und Grünland;JAHR;Jahr;2023;DINSG;Deutschland insgesamt;DG;Deutschland;FRUA04;Fruchtarten;FRUART0123;Sommermenggetreide;19500;t;ERN001;Erntemenge
41241;Ernte-u.Betriebsbericht: Feldfrüchte und Grünland;JAHR;Jahr;2023;DINSG;Deutschland insgesamt;DG;Deutschland;FRUA04;Fruchtarten;FRUART0123;Sommermenggetreide;27,7;dt/ha;ERT001;Ertrag je Hektar
41241;Ernte-u.Betriebsbericht: Feldfrüchte und Grünland;JAHR;Jahr;2023;DINSG;Deutschland insgesamt;DG;Deutschland;FRUA04;Fruchtarten;FRUART0123;Sommermenggetreide;7000;ha;FLC016;Anbaufläche
41241;Ernte-u.Betriebsbericht: Feldfrüchte und Grünland;JAHR;Jahr;2014;DINSG;Deutschland insgesamt;DG;Deutschland;FRUA04;Fruchtarten;FRUART067S;Süßlupinen;40800;t;ERN001;Erntemenge
41241;Ernte-u.Betriebsbericht: Feldfrüchte und Grünland;JAHR;Jahr;2014;DINSG;Deutschland insgesamt;DG;Deutschland;FRUA04;Fruchtarten;FRUART067S;Süßlupinen;19,0;dt/ha;ERT001;Ertrag je Hektar
41241;Ernte-u.Betriebsbericht: Feldfrüchte und Grünland;JAHR;Jahr;2014;DINSG;Deutschland insgesamt;DG;Deutschland;FRUA04;Fruchtarten;FRUART067S;Süßlupinen;21400;ha;FLC016;Anbaufläche
41241;Ernte-u.Betriebsbericht: Feldfrüchte und Grünland;JAHR;Jahr;2010;DINSG;Deutschland insgesamt;DG;Deutschland;FRUA04;Fruchtarten;FRUART031;Kartoffeln;10143090;t;ERN001;Erntemenge
41241;Ernte-u.Betriebsbericht: Feldfrüchte und Grünland;JAHR;Jahr;2010;DINSG;Deutschland insgesamt;DG;Deutschland;FRUA04;Fruchtarten;FRUART031;Kartoffeln;398,8;dt/ha;ERT001;Ertrag je Hektar
41241;Ernte-u.Betriebsbericht: Feldfrüchte und Grünland;JAHR;Jahr;2010;DINSG;Deutschland insgesamt;DG;Deutschland;FRUA04;Fruchtarten;FRUART031;Kartoffeln;254367;ha;FLC016;Anbaufläche
41241;Ernte-u.Betriebsbericht: Feldfrüchte und Grünland;JAHR;Jahr;2021;DINSG;Deutschland insgesamt;DG;Deutschland;FRUA04;Fruchtarten;FRUART0511;Raps und Rübsen;3504600;t;ERN001;Erntemenge
41241;Ernte-u.Betriebsbericht: Feldfrüchte und Grünland;JAHR;Jahr;2021;DINSG;Deutschland insgesamt;DG;Deutschland;FRUA04;Fruchtarten;FRUART0511;Raps und Rübsen;35,0;dt/ha;ERT001;Ertrag je Hektar
41241;Ernte-u.Betriebsbericht: Feldfrüchte und Grünland;JAHR;Jahr;2021;DINSG;Deutschland insgesamt;DG;Deutschland;FRUA04;Fruchtarten;FRUART0511;Raps und Rübsen;1000900;ha;FLC016;Anbaufläche
41241;Ernte-u.Betriebsbericht: Feldfrüchte und Grünland;JAHR;Jahr;2016;DINSG;Deutschland insgesamt;DG;Deutschland;FRUA04;Fruchtarten;FRUART01211;Wintergerste;8959300;t;ERN001;Erntemenge
41241;Ernte-u.Betriebsbericht: Feldfrüchte und Grünland;JAHR;Jahr;2016;DINSG;Deutschland insgesamt;DG;Deutschland;FRUA04;Fruchtarten;FRUART01211;Wintergerste;70,7;dt/ha;ERT001;Ertrag je Hektar
41241;Ernte-u.Betriebsbericht: Feldfrüchte und Grünland;JAHR;Jahr;2016;DINSG;Deutschland insgesamt;DG;Deutschland;FRUA04;Fruchtarten;FRUART01211;Wintergerste;1267200;ha;FLC016;Anbaufläche
41241;Ernte-u.Betriebsbericht: Feldfrüchte und Grünland;JAHR;Jahr;2018;DINSG;Deutschland insgesamt;DG;Deutschland;FRUA04;Fruchtarten;FRUART013CCM1;Körnermais/Mais zum Ausreifen (einschl. CCM);3344300;t;ERN001;Erntemenge
41241;Ernte-u.Betriebsbericht: Feldfrüchte und Grünland;JAHR;Jahr;2018;DINSG;Deutschland insgesamt;DG;Deutschland;FRUA04;Fruchtarten;FRUART013CCM1;Körnermais/Mais zum Ausreifen (einschl. CCM);81,4;dt/ha;ERT001;Ertrag je Hektar
41241;Ernte-u.Betriebsbericht: Feldfrüchte und Grünland;JAHR;Jahr;2018;DINSG;Deutschland insgesamt;DG;Deutschland;FRUA04;Fruchtarten;FRUART013CCM1;Körnermais/Mais zum Ausreifen (einschl. CCM);410900;ha;FLC016;Anbaufläche
41241;Ernte-u.Betriebsbericht: Feldfrüchte und Grünland;JAHR;Jahr;2012;DINSG;Deutschland insgesamt;DG;Deutschland;FRUA04;Fruchtarten;FRUART01212;Sommergerste;3311900;t;ERN001;Erntemenge
41241;Ernte-u.Betriebsbericht: Feldfrüchte und Grünland;JAHR;Jahr;2012;DINSG;Deutschland insgesamt;DG;Deutschland;FRUA04;Fruchtarten;FRUART01212;Sommergerste;56,4;dt/ha;ERT001;Ertrag je Hektar
41241;Ernte-u.Betriebsbericht: Feldfrüchte und Grünland;JAHR;Jahr;2012;DINSG;Deutschland insgesamt;DG;Deutschland;FRUA04;Fruchtarten;FRUART01212;Sommergerste;587700;ha;FLC016;Anbaufläche
41241;Ernte-u.Betriebsbericht: Feldfrüchte und Grünland;JAHR;Jahr;2020;DINSG;Deutschland insgesamt;DG;Deutschland;FRUA04;Fruchtarten;FRUART01111E;Winterweizen (einschließlich Einkorn);-;t;ERN001;Erntemenge
41241;Ernte-u.Betriebsbericht: Feldfrüchte und Grünland;JAHR;Jahr;2020;DINSG;Deutschland insgesamt;DG;Deutschland;FRUA04;Fruchtarten;FRUART01111E;Winterweizen (einschließlich Einkorn);-;dt/ha;ERT001;Ertrag je Hektar
41241;Ernte-u.Betriebsbericht: Feldfrüchte und Grünland;JAHR;Jahr;2020;DINSG;Deutschland insgesamt;DG;Deutschland;FRUA04;Fruchtarten;FRUART01111E;Winterweizen (einschließlich Einkorn);-;ha;FLC016;Anbaufläche
41241;Ernte-u.Betriebsbericht: Feldfrüchte und Grünland;JAHR;Jahr;2013;DINSG;Deutschland insgesamt;DG;Deutschland;FRUA04;Fruchtarten;FRUART022;Ackerbohnen;59700;t;ERN001;Erntemenge
41241;Ernte-u.Betriebsbericht: Feldfrüchte und Grünland;JAHR;Jahr;2013;DINSG;Deutschland insgesamt;DG;Deutschland;FRUA04;Fruchtarten;FRUART022;Ackerbohnen;36,3;dt/ha;ERT001;Ertrag je Hektar
41241;Ernte-u.Betriebsbericht: Feldfrüchte und Grünland;JAHR;Jahr;2013;DINSG;Deutschland insgesamt;DG;Deutschland;FRUA04;Fruchtarten;FRUART022;Ackerbohnen;16500;ha;FLC016;Anbaufläche
41241;Ernte-u.Betriebsbericht: Feldfrüchte und Grünland;JAHR;Jahr;2017;DINSG;Deutschland insgesamt;DG;Deutschland;FRUA04;Fruchtarten;FRUART031;Kartoffeln;11720000;t;ERN001;Erntemenge
41241;Ernte-u.Betriebsbericht: Feldfrüchte und Grünland;JAHR;Jahr;2017;DINSG;Deutschland insgesamt;DG;Deutschland;FRUA04;Fruchtarten;FRUART031;Kartoffeln;467,9;dt/ha;ERT001;Ertrag je Hektar
41241;Ernte-u.Betriebsbericht: Feldfrüchte und Grünland;JAHR;Jahr;2017;DINSG;Deutschland insgesamt;DG;Deutschland;FRUA04;Fruchtarten;FRUART031;Kartoffeln;250500;ha;FLC016;Anbaufläche
41241;Ernte-u.Betriebsbericht: Feldfrüchte und Grünland;JAHR;Jahr;2015;DINSG;Deutschland insgesamt;DG;Deutschland;FRUA04;Fruchtarten;FRUART01OKM1;Getreide zur Körnergew. (ohne Körnermais, CCM);44893800;t;ERN001;Erntemenge
41241;Ernte-u.Betriebsbericht: Feldfrüchte und Grünland;JAHR;Jahr;2015;DINSG;Deutschland insgesamt;DG;Deutschland;FRUA04;Fruchtarten;FRUART01OKM1;Getreide zur Körnergew. (ohne Körnermais, CCM);74,1;dt/ha;ERT001;Ertrag je Hektar
41241;Ernte-u.Betriebsbericht: Feldfrüchte und Grünland;JAHR;Jahr;2015;DINSG;Deutschland insgesamt;DG;Deutschland;FRUA04;Fruchtarten;FRUART01OKM1;Getreide zur Körnergew. (ohne Körnermais, CCM);6062000;ha;FLC016;Anbaufläche
41241;Ernte-u.Betriebsbericht: Feldfrüchte und Grünland;JAHR;Jahr;2014;DINSG;Deutschland insgesamt;DG;Deutschland;FRUA04;Fruchtarten;FRUART0124;Triticale;2972200;t;ERN001;Erntemenge
41241;Ernte-u.Betriebsbericht: Feldfrüchte und Grünland;JAHR;Jahr;2014;DINSG;Deutschland insgesamt;DG;Deutschland;FRUA04;Fruchtarten;FRUART0124;Triticale;71,1;dt/ha;ERT001;Ertrag je Hektar
41241;Ernte-u.Betriebsbericht: Feldfrüchte und Grünland;JAHR;Jahr;2014;DINSG;Deutschland insgesamt;DG;Deutschland;FRUA04;Fruchtarten;FRUART0124;Triticale;418200;ha;FLC016;Anbaufläche
41241;Ernte-u.Betriebsbericht: Feldfrüchte und Grünland;JAHR;Jahr;2024;DINSG;Deutschland insgesamt;DG;Deutschland;FRUA04;Fruchtarten;FRUART01212;Sommergerste;1873900;t;ERN001;Erntemenge
41241;Ernte-u.Betriebsbericht: Feldfrüchte und Grünland;JAHR;Jahr;2024;DINSG;Deutschland insgesamt;DG;Deutschland;FRUA04;Fruchtarten;FRUART01212;Sommergerste;51,9;dt/ha;ERT001;Ertrag je Hektar
41241;Ernte-u.Betriebsbericht: Feldfrüchte und Grünland;JAHR;Jahr;2024;DINSG;Deutschland insgesamt;DG;Deutschland;FRUA04;Fruchtarten;FRUART01212;Sommergerste;360800;ha;FLC016;Anbaufläche
41241;Ernte-u.Betriebsbericht: Feldfrüchte und Grünland;JAHR;Jahr;2015;DINSG;Deutschland insgesamt;DG;Deutschland;FRUA04;Fruchtarten;FRUART0631;Feldgras/Grasanbau auf dem Ackerland (inkl.Misch.);1994300;t;ERN001;Erntemenge
41241;Ernte-u.Betriebsbericht: Feldfrüchte und Grünland;JAHR;Jahr;2015;DINSG;Deutschland insgesamt;DG;Deutschland;FRUA04;Fruchtarten;FRUART0631;Feldgras/Grasanbau auf dem Ackerland (inkl.Misch.);74,5;dt/ha;ERT001;Ertrag je Hektar
41241;Ernte-u.Betriebsbericht: Feldfrüchte und Grünland;JAHR;Jahr;2015;DINSG;Deutschland insgesamt;DG;Deutschland;FRUA04;Fruchtarten;FRUART0631;Feldgras/Grasanbau auf dem Ackerland (inkl.Misch.);267800;ha;FLC016;Anbaufläche
41241;Ernte-u.Betriebsbericht: Feldfrüchte und Grünland;JAHR;Jahr;2026;DINSG;Deutschland insgesamt;DG;Deutschland;FRUA04;Fruchtarten;FRUART0121;Gerste;11314100;t;ERN001;Erntemenge
41241;Ernte-u.Betriebsbericht: Feldfrüchte und Grünland;JAHR;Jahr;2026;DINSG;Deutschland insgesamt;DG;Deutschland;FRUA04;Fruchtarten;FRUART0121;Gerste;73,5;dt/ha;ERT001;Ertrag je Hektar
41241;Ernte-u.Betriebsbericht: Feldfrüchte und Grünland;JAHR;Jahr;2026;DINSG;Deutschland insgesamt;DG;Deutschland;FRUA04;Fruchtarten;FRUART0121;Gerste;1539600;ha;FLC016;Anbaufläche
41241;Ernte-u.Betriebsbericht: Feldfrüchte und Grünland;JAHR;Jahr;2017;DINSG;Deutschland insgesamt;DG;Deutschland;FRUA04;Fruchtarten;FRUART064G1;Silomais/Grünmais einschl. Lieschkolbenschrot;99473400;t;ERN001;Erntemenge
41241;Ernte-u.Betriebsbericht: Feldfrüchte und Grünland;JAHR;Jahr;2017;DINSG;Deutschland insgesamt;DG;Deutschland;FRUA04;Fruchtarten;FRUART064G1;Silomais/Grünmais einschl. Lieschkolbenschrot;474,6;dt/ha;ERT001;Ertrag je Hektar
41241;Ernte-u.Betriebsbericht: Feldfrüchte und Grünland;JAHR;Jahr;2017;DINSG;Deutschland insgesamt;DG;Deutschland;FRUA04;Fruchtarten;FRUART064G1;Silomais/Grünmais einschl. Lieschkolbenschrot;2095900;ha;FLC016;Anbaufläche
41241;Ernte-u.Betriebsbericht: Feldfrüchte und Grünland;JAHR;Jahr;2016;DINSG;Deutschland insgesamt;DG;Deutschland;FRUA04;Fruchtarten;FRUART01113;Hartweizen (Durum);134600;t;ERN001;Erntemenge
41241;Ernte-u.Betriebsbericht: Feldfrüchte und Grünland;JAHR;Jahr;2016;DINSG;Deutschland insgesamt;DG;Deutschland;FRUA04;Fruchtarten;FRUART01113;Hartweizen (Durum);53,3;dt/ha;ERT001;Ertrag je Hektar
41241;Ernte-u.Betriebsbericht: Feldfrüchte und Grünland;JAHR;Jahr;2016;DINSG;Deutschland insgesamt;DG;Deutschland;FRUA04;Fruchtarten;FRUART01113;Hartweizen (Durum);25300;ha;FLC016;Anbaufläche
41241;Ernte-u.Betriebsbericht: Feldfrüchte und Grünland;JAHR;Jahr;2017;DINSG;Deutschland insgesamt;DG;Deutschland;FRUA04;Fruchtarten;FRUART0122;Hafer;576500;t;ERN001;Erntemenge
41241;Ernte-u.Betriebsbericht: Feldfrüchte und Grünland;JAHR;Jahr;2017;DINSG;Deutschland insgesamt;DG;Deutschland;FRUA04;Fruchtarten;FRUART0122;Hafer;45,0;dt/ha;ERT001;Ertrag je Hektar
41241;Ernte-u.Betriebsbericht: Feldfrüchte und Grünland;JAHR;Jahr;2017;DINSG;Deutschland insgesamt;DG;Deutschland;FRUA04;Fruchtarten;FRUART0122;Hafer;128100;ha;FLC016;Anbaufläche
41241;Ernte-u.Betriebsbericht: Feldfrüchte und Grünland;JAHR;Jahr;2012;DINSG;Deutschland insgesamt;DG;Deutschland;FRUA04;Fruchtarten;FRUART01111E;Winterweizen (einschließlich Einkorn);-;t;ERN001;Erntemenge
41241;Ernte-u.Betriebsbericht: Feldfrüchte und Grünland;JAHR;Jahr;2012;DINSG;Deutschland insgesamt;DG;Deutschland;FRUA04;Fruchtarten;FRUART01111E;Winterweizen (einschließlich Einkorn);-;dt/ha;ERT001;Ertrag je Hektar
41241;Ernte-u.Betriebsbericht: Feldfrüchte und Grünland;JAHR;Jahr;2012;DINSG;Deutschland insgesamt;DG;Deutschland;FRUA04;Fruchtarten;FRUART01111E;Winterweizen (einschließlich Einkorn);-;ha;FLC016;Anbaufläche
41241;Ernte-u.Betriebsbericht: Feldfrüchte und Grünland;JAHR;Jahr;2021;DINSG;Deutschland insgesamt;DG;Deutschland;FRUA04;Fruchtarten;FRUART031;Kartoffeln;11312100;t;ERN001;Erntemenge
41241;Ernte-u.Betriebsbericht: Feldfrüchte und Grünland;JAHR;Jahr;2021;DINSG;Deutschland insgesamt;DG;Deutschland;FRUA04;Fruchtarten;FRUART031;Kartoffeln;437,9;dt/ha;ERT001;Ertrag je Hektar
41241;Ernte-u.Betriebsbericht: Feldfrüchte und Grünland;JAHR;Jahr;2021;DINSG;Deutschland insgesamt;DG;Deutschland;FRUA04;Fruchtarten;FRUART031;Kartoffeln;258300;ha;FLC016;Anbaufläche
41241;Ernte-u.Betriebsbericht: Feldfrüchte und Grünland;JAHR;Jahr;2022;DINSG;Deutschland insgesamt;DG;Deutschland;FRUA04;Fruchtarten;FRUART05111;Winterraps;4281200;t;ERN001;Erntemenge
41241;Ernte-u.Betriebsbericht: Feldfrüchte und Grünland;JAHR;Jahr;2022;DINSG;Deutschland insgesamt;DG;Deutschland;FRUA04;Fruchtarten;FRUART05111;Winterraps;39,6;dt/ha;ERT001;Ertrag je Hektar
41241;Ernte-u.Betriebsbericht: Feldfrüchte und Grünland;JAHR;Jahr;2022;DINSG;Deutschland insgesamt;DG;Deutschland;FRUA04;Fruchtarten;FRUART05111;Winterraps;1081500;ha;FLC016;Anbaufläche
41241;Ernte-u.Betriebsbericht: Feldfrüchte und Grünland;JAHR;Jahr;2023;DINSG;Deutschland insgesamt;DG;Deutschland;FRUA04;Fruchtarten;FRUART01OKM1;Getreide zur Körnergew. (ohne Körnermais, CCM);37963900;t;ERN001;Erntemenge
41241;Ernte-u.Betriebsbericht: Feldfrüchte und Grünland;JAHR;Jahr;2023;DINSG;Deutschland insgesamt;DG;Deutschland;FRUA04;Fruchtarten;FRUART01OKM1;Getreide zur Körnergew. (ohne Körnermais, CCM);67,9;dt/ha;ERT001;Ertrag je Hektar
41241;Ernte-u.Betriebsbericht: Feldfrüchte und Grünland;JAHR;Jahr;2023;DINSG;Deutschland insgesamt;DG;Deutschland;FRUA04;Fruchtarten;FRUART01OKM1;Getreide zur Körnergew. (ohne Körnermais, CCM);5593500;ha;FLC016;Anbaufläche
41241;Ernte-u.Betriebsbericht: Feldfrüchte und Grünland;JAHR;Jahr;2026;DINSG;Deutschland insgesamt;DG;Deutschland;FRUA04;Fruchtarten;FRUART082;Weiden (einschließlich Mähweiden und Almen);...;t;ERN001;Erntemenge
41241;Ernte-u.Betriebsbericht: Feldfrüchte und Grünland;JAHR;Jahr;2026;DINSG;Deutschland insgesamt;DG;Deutschland;FRUA04;Fruchtarten;FRUART082;Weiden (einschließlich Mähweiden und Almen);...;dt/ha;ERT001;Ertrag je Hektar
41241;Ernte-u.Betriebsbericht: Feldfrüchte und Grünland;JAHR;Jahr;2026;DINSG;Deutschland insgesamt;DG;Deutschland;FRUA04;Fruchtarten;FRUART082;Weiden (einschließlich Mähweiden und Almen);...;ha;FLC016;Anbaufläche
41241;Ernte-u.Betriebsbericht: Feldfrüchte und Grünland;JAHR;Jahr;2010;DINSG;Deutschland insgesamt;DG;Deutschland;FRUA04;Fruchtarten;FRUART05111;Winterraps;5688130;t;ERN001;Erntemenge
41241;Ernte-u.Betriebsbericht: Feldfrüchte und Grünland;JAHR;Jahr;2010;DINSG;Deutschland insgesamt;DG;Deutschland;FRUA04;Fruchtarten;FRUART05111;Winterraps;39,0;dt/ha;ERT001;Ertrag je Hektar
41241;Ernte-u.Betriebsbericht: Feldfrüchte und Grünland;JAHR;Jahr;2010;DINSG;Deutschland insgesamt;DG;Deutschland;FRUA04;Fruchtarten;FRUART05111;Winterraps;1457331;ha;FLC016;Anbaufläche
41241;Ernte-u.Betriebsbericht: Feldfrüchte und Grünland;JAHR;Jahr;2024;DINSG;Deutschland insgesamt;DG;Deutschland;FRUA04;Fruchtarten;FRUART022;Ackerbohnen;244100;t;ERN001;Erntemenge
41241;Ernte-u.Betriebsbericht: Feldfrüchte und Grünland;JAHR;Jahr;2024;DINSG;Deutschland insgesamt;DG;Deutschland;FRUA04;Fruchtarten;FRUART022;Ackerbohnen;39,6;dt/ha;ERT001;Ertrag je Hektar
41241;Ernte-u.Betriebsbericht: Feldfrüchte und Grünland;JAHR;Jahr;2024;DINSG;Deutschland insgesamt;DG;Deutschland;FRUA04;Fruchtarten;FRUART022;Ackerbohnen;61700;ha;FLC016;Anbaufläche
