statistics_code;statistics_label;time_code;time_label;time;1_variable_code;1_variable_label;1_variable_attribute_code;1_variable_attribute_label;2_variable_code;2_variable_label;2_variable_attribute_code;2_variable_attribute_label;3_variable_code;3_variable_label;3_variable_attribute_code;3_variable_attribute_label;value;value_unit;value_variable_code;value_variable_label
61521;Kaufwerte für landwirtschaftliche Grundstücke;JAHR;Jahr;1992;DINSG;Deutschland insgesamt;DG;Deutschland;EMZKL1;Größenklassen der Ertragsmesszahlen;EMZA50B60;50 bis unter 60;FLNGK1;Größenklassen der veräußerten Fläche;FLCHA020B050;2 bis unter 5 ha;19958;EUR/ha;KAU004;Durchschnittlicher Kaufwert
61521;Kaufwerte für landwirtschaftliche Grundstücke;JAHR;Jahr;2020;DINSG;Deutschland insgesamt;DG;Deutschland;EMZKL1;Größenklassen der Ertragsmesszahlen;EMZA50B60;50 bis unter 60;FLNGK1;Größenklassen der veräußerten Fläche;FLCHA050UM;5 und mehr ha;29923;EUR/ha;KAU004;Durchschnittlicher Kaufwert
61521;Kaufwerte für landwirtschaftliche Grundstücke;JAHR;Jahr;2000;DINSG;Deutschland insgesamt;DG;Deutschland;EMZKL1;Größenklassen der Ertragsmesszahlen;EMZA60UM;60 und mehr;FLNGK1;Größenklassen der veräußerten Fläche;FLCHA025B001;0,25 bis unter 1 ha;20256;EUR/ha;KAU004;Durchschnittlicher Kaufwert
61521;Kaufwerte für landwirtschaftliche Grundstücke;JAHR;Jahr;2004;DINSG;Deutschland insgesamt;DG;Deutschland;EMZKL1;Größenklassen der Ertragsmesszahlen;;Insgesamt;FLNGK1;Größenklassen der veräußerten Fläche;FLCHA050UM;5 und mehr ha;7245;EUR/ha;KAU004;Durchschnittlicher Kaufwert
61521;Kaufwerte für landwirtschaftliche Grundstücke;JAHR;Jahr;2001;DINSG;Deutschland insgesamt;DG;Deutschland;EMZKL1;Größenklassen der Ertragsmesszahlen;EMZA30B40;30 bis unter 40;FLNGK1;Größenklassen der veräußerten Fläche;FLCHA020B050;2 bis unter 5 ha;9999;EUR/ha;KAU004;Durchschnittlicher Kaufwert
61521;Kaufwerte für landwirtschaftliche Grundstücke;JAHR;Jahr;2007;DINSG;Deutschland insgesamt;DG;Deutschland;EMZKL1;Größenklassen der Ertragsmesszahlen;EMZA40B50;40 bis unter 50;FLNGK1;Größenklassen der veräußerten Fläche;FLCHA025B001;0,25 bis unter 1 ha;12381;EUR/ha;KAU004;Durchschnittlicher Kaufwert
61521;Kaufwerte für landwirtschaftliche Grundstücke;JAHR;Jahr;2004;DINSG;Deutschland insgesamt;DG;Deutschland;EMZKL1;Größenklassen der Ertragsmesszahlen;EMZA40B50;40 bis unter 50;FLNGK1;Größenklassen der veräußerten Fläche;FLCHA010B020;1 bis unter 2 ha;12792;EUR/ha;KAU004;Durchschnittlicher Kaufwert
61521;Kaufwerte für landwirtschaftliche Grundstücke;JAHR;Jahr;1993;DINSG;Deutschland insgesamt;DG;Deutschland;EMZKL1;Größenklassen der Ertragsmesszahlen;EMZA50B60;50 bis unter 60;FLNGK1;Größenklassen der veräußerten Fläche;FLCHA020B050;2 bis unter 5 ha;18900;EUR/ha;KAU004;Durchschnittlicher Kaufwert
61521;Kaufwerte für landwirtschaftliche Grundstücke;JAHR;Jahr;2006;DINSG;Deutschland insgesamt;DG;Deutschland;EMZKL1;Größenklassen der Ertragsmesszahlen;;Insgesamt;FLNGK1;Größenklassen der veräußerten Fläche;FLCHA025B001;0,25 bis unter 1 ha;13246;EUR/ha;KAU004;Durchschnittlicher Kaufwert
61521;Kaufwerte für landwirtschaftliche Grundstücke;JAHR;Jahr;2005;DINSG;Deutschland insgesamt;DG;Deutschland;EMZKL1;Größenklassen der Ertragsmesszahlen;EMZA40B50;40 bis unter 50;FLNGK1;Größenklassen der veräußerten Fläche;FLCHA025B001;0,25 bis unter 1 ha;11971;EUR/ha;KAU004;Durchschnittlicher Kaufwert
61521;Kaufwerte für landwirtschaftliche Grundstücke;JAHR;Jahr;2004;DINSG;Deutschland insgesamt;DG;Deutschland;EMZKL1;Größenklassen der Ertragsmesszahlen;;Insgesamt;FLNGK1;Größenklassen der veräußerten Fläche;FLCHA010B020;1 bis unter 2 ha;12582;EUR/ha;KAU004;Durchschnittlicher Kaufwert
61521;Kaufwerte für landwirtschaftliche Grundstücke;JAHR;Jahr;2002;DINSG;Deutschland insgesamt;DG;Deutschland;EMZKL1;Größenklassen der Ertragsmesszahlen;EMZA30B40;30 bis unter 40;FLNGK1;Größenklassen der veräußerten Fläche;FLCHA020B050;2 bis unter 5 ha;9767;EUR/ha;KAU004;Durchschnittlicher Kaufwert
61521;Kaufwerte für landwirtschaftliche Grundstücke;JAHR;Jahr;1997;DINSG;Deutschland insgesamt;DG;Deutschland;EMZKL1;Größenklassen der Ertragsmesszahlen;EMZA60UM;60 und mehr;FLNGK1;Größenklassen der veräußerten Fläche;;Insgesamt;15666;EUR/ha;KAU004;Durchschnittlicher Kaufwert
61521;Kaufwerte für landwirtschaftliche Grundstücke;JAHR;Jahr;1992;DINSG;Deutschland insgesamt;DG;Deutschland;EMZKL1;Größenklassen der Ertragsmesszahlen;;Insgesamt;FLNGK1;Größenklassen der veräußerten Fläche;;Insgesamt;12201;EUR/ha;KAU004;Durchschnittlicher Kaufwert
61521;Kaufwerte für landwirtschaftliche Grundstücke;JAHR;Jahr;1998;DINSG;Deutschland insgesamt;DG;Deutschland;EMZKL1;Größenklassen der Ertragsmesszahlen;;Insgesamt;FLNGK1;Größenklassen der veräußerten Fläche;FLCHA020B050;2 bis unter 5 ha;13513;EUR/ha;KAU004;Durchschnittlicher Kaufwert
61521;Kaufwerte für landwirtschaftliche Grundstücke;JAHR;Jahr;1997;DINSG;Deutschland insgesamt;DG;Deutschland;EMZKL1;Größenklassen der Ertragsmesszahlen;EMZA60UM;60 und mehr;FLNGK1;Größenklassen der veräußerten Fläche;FLCHA025B001;0,25 bis unter 1 ha;22108;EUR/ha;KAU004;Durchschnittlicher Kaufwert
61521;Kaufwerte für landwirtschaftliche Grundstücke;JAHR;Jahr;1992;DINSG;Deutschland insgesamt;DG;Deutschland;EMZKL1;Größenklassen der Ertragsmesszahlen;EMZA50B60;50 bis unter 60;FLNGK1;Größenklassen der veräußerten Fläche;;Insgesamt;15675;EUR/ha;KAU004;Durchschnittlicher Kaufwert
61521;Kaufwerte für landwirtschaftliche Grundstücke;JAHR;Jahr;2010;DINSG;Deutschland insgesamt;DG;Deutschland;EMZKL1;Größenklassen der Ertragsmesszahlen;;Insgesamt;FLNGK1;Größenklassen der veräußerten Fläche;FLCHA010B020;1 bis unter 2 ha;13707;EUR/ha;KAU004;Durchschnittlicher Kaufwert
61521;Kaufwerte für landwirtschaftliche Grundstücke;JAHR;Jahr;1996;DINSG;Deutschland insgesamt;DG;Deutschland;EMZKL1;Größenklassen der Ertragsmesszahlen;EMZA40B50;40 bis unter 50;FLNGK1;Größenklassen der veräußerten Fläche;FLCHA050UM;5 und mehr ha;5032;EUR/ha;KAU004;Durchschnittlicher Kaufwert
61521;Kaufwerte für landwirtschaftliche Grundstücke;JAHR;Jahr;2019;DINSG;Deutschland insgesamt;DG;Deutschland;EMZKL1;Größenklassen der Ertragsmesszahlen;EMZA40B50;40 bis unter 50;FLNGK1;Größenklassen der veräußerten Fläche;FLCHA050UM;5 und mehr ha;24947;EUR/ha;KAU004;Durchschnittlicher Kaufwert
61521;Kaufwerte für landwirtschaftliche Grundstücke;JAHR;Jahr;1999;DINSG;Deutschland insgesamt;DG;Deutschland;EMZKL1;Größenklassen der Ertragsmesszahlen;EMZA30B40;30 bis unter 40;FLNGK1;Größenklassen der veräußerten Fläche;FLCHA050UM;5 und mehr ha;4696;EUR/ha;KAU004;Durchschnittlicher Kaufwert
61521;Kaufwerte für landwirtschaftliche Grundstücke;JAHR;Jahr;2014;DINSG;Deutschland insgesamt;DG;Deutschland;EMZKL1;Größenklassen der Ertragsmesszahlen;;Insgesamt;FLNGK1;Größenklassen der veräußerten Fläche;FLCHA050UM;5 und mehr ha;16434;EUR/ha;KAU004;Durchschnittlicher Kaufwert
61521;Kaufwerte für landwirtschaftliche Grundstücke;JAHR;Jahr;1997;DINSG;Deutschland insgesamt;DG;Deutschland;EMZKL1;Größenklassen der Ertragsmesszahlen;EMZA60UM;60 und mehr;FLNGK1;Größenklassen der veräußerten Fläche;FLCHA010B020;1 bis unter 2 ha;19874;EUR/ha;KAU004;Durchschnittlicher Kaufwert
61521;Kaufwerte für landwirtschaftliche Grundstücke;JAHR;Jahr;1997;DINSG;Deutschland insgesamt;DG;Deutschland;EMZKL1;Größenklassen der Ertragsmesszahlen;EMZU30;unter 30;FLNGK1;Größenklassen der veräußerten Fläche;;Insgesamt;8797;EUR/ha;KAU004;Durchschnittlicher Kaufwert
61521;Kaufwerte für landwirtschaftliche Grundstücke;JAHR;Jahr;1991;DINSG;Deutschland insgesamt;DG;Deutschland;EMZKL1;Größenklassen der Ertragsmesszahlen;EMZA50B60;50 bis unter 60;FLNGK1;Größenklassen der veräußerten Fläche;FLCHA050UM;5 und mehr ha;10182;EUR/ha;KAU004;Durchschnittlicher Kaufwert
61521;Kaufwerte für landwirtschaftliche Grundstücke;JAHR;Jahr;2010;DINSG;Deutschland insgesamt;DG;Deutschland;EMZKL1;Größenklassen der Ertragsmesszahlen;;Insgesamt;FLNGK1;Größenklassen der veräußerten Fläche;FLCHA025B001;0,25 bis unter 1 ha;13962;EUR/ha;KAU004;Durchschnittlicher Kaufwert
61521;Kaufwerte für landwirtschaftliche Grundstücke;JAHR;Jahr;1994;DINSG;Deutschland insgesamt;DG;Deutschland;EMZKL1;Größenklassen der Ertragsmesszahlen;EMZA40B50;40 bis unter 50;FLNGK1;Größenklassen der veräußerten Fläche;FLCHA050UM;5 und mehr ha;6354;EUR/ha;KAU004;Durchschnittlicher Kaufwert
61521;Kaufwerte für landwirtschaftliche Grundstücke;JAHR;Jahr;2017;DINSG;Deutschland insgesamt;DG;Deutschland;EMZKL1;Größenklassen der Ertragsmesszahlen;EMZA40B50;40 bis unter 50;FLNGK1;Größenklassen der veräußerten Fläche;FLCHA050UM;5 und mehr ha;23235;EUR/ha;KAU004;Durchschnittlicher Kaufwert
61521;Kaufwerte für landwirtschaftliche Grundstücke;JAHR;Jahr;2014;DINSG;Deutschland insgesamt;DG;Deutschland;EMZKL1;Größenklassen der Ertragsmesszahlen;EMZA50B60;50 bis unter 60;FLNGK1;Größenklassen der veräußerten Fläche;FLCHA050UM;5 und mehr ha;23155;EUR/ha;KAU004;Durchschnittlicher Kaufwert
61521;Kaufwerte für landwirtschaftliche Grundstücke;JAHR;Jahr;2010;DINSG;Deutschland insgesamt;DG;Deutschland;EMZKL1;Größenklassen der Ertragsmesszahlen;EMZA60UM;60 und mehr;FLNGK1;Größenklassen der veräußerten Fläche;FLCHA025B001;0,25 bis unter 1 ha;20009;EUR/ha;KAU004;Durchschnittlicher Kaufwert
61521;Kaufwerte für landwirtschaftliche Grundstücke;JAHR;Jahr;2011;DINSG;Deutschland insgesamt;DG;Deutschland;EMZKL1;Größenklassen der Ertragsmesszahlen;EMZA50B60;50 bis unter 60;FLNGK1;Größenklassen der veräußerten Fläche;;Insgesamt;18709;EUR/ha;KAU004;Durchschnittlicher Kaufwert
61521;Kaufwerte für landwirtschaftliche Grundstücke;JAHR;Jahr;2014;DINSG;Deutschland insgesamt;DG;Deutschland;EMZKL1;Größenklassen der Ertragsmesszahlen;;Insgesamt;FLNGK1;Größenklassen der veräußerten Fläche;;Insgesamt;18099;EUR/ha;KAU004;Durchschnittlicher Kaufwert
61521;Kaufwerte für landwirtschaftliche Grundstücke;JAHR;Jahr;2017;DINSG;Deutschland insgesamt;DG;Deutschland;EMZKL1;Größenklassen der Ertragsmesszahlen;EMZA60UM;60 und mehr;FLNGK1;Größenklassen der veräußerten Fläche;FLCHA020B050;2 bis unter 5 ha;37014;EUR/ha;KAU004;Durchschnittlicher Kaufwert
61521;Kaufwerte für landwirtschaftliche Grundstücke;JAHR;Jahr;1991;DINSG;Deutschland insgesamt;DG;Deutschland;EMZKL1;Größenklassen der Ertragsmesszahlen;EMZA50B60;50 bis unter 60;FLNGK1;Größenklassen der veräußerten Fläche;FLCHA020B050;2 bis unter 5 ha;20764;EUR/ha;KAU004;Durchschnittlicher Kaufwert
61521;Kaufwerte für landwirtschaftliche Grundstücke;JAHR;Jahr;1991;DINSG;Deutschland insgesamt;DG;Deutschland;EMZKL1;Größenklassen der Ertragsmesszahlen;EMZA40B50;40 bis unter 50;FLNGK1;Größenklassen der veräußerten Fläche;FLCHA001B025;0,1 bis unter 0,25 ha;18975;EUR/ha;KAU004;Durchschnittlicher Kaufwert
61521;Kaufwerte für landwirtschaftliche Grundstücke;JAHR;Jahr;2000;DINSG;Deutschland insgesamt;DG;Deutschland;EMZKL1;Größenklassen der Ertragsmesszahlen;EMZA30B40;30 bis unter 40;FLNGK1;Größenklassen der veräußerten Fläche;FLCHA020B050;2 bis unter 5 ha;9956;EUR/ha;KAU004;Durchschnittlicher Kaufwert
61521;Kaufwerte für landwirtschaftliche Grundstücke;JAHR;Jahr;2003;DINSG;Deutschland insgesamt;DG;Deutschland;EMZKL1;Größenklassen der Ertragsmesszahlen;EMZA40B50;40 bis unter 50;FLNGK1;Größenklassen der veräußerten Fläche;FLCHA010B020;1 bis unter 2 ha;13467;EUR/ha;KAU004;Durchschnittlicher Kaufwert
61521;Kaufwerte für landwirtschaftliche Grundstücke;JAHR;Jahr;1994;DINSG;Deutschland insgesamt;DG;Deutschland;EMZKL1;Größenklassen der Ertragsmesszahlen;EMZA50B60;50 bis unter 60;FLNGK1;Größenklassen der veräußerten Fläche;FLCHA020B050;2 bis unter 5 ha;17371;EUR/ha;KAU004;Durchschnittlicher Kaufwert
61521;Kaufwerte für landwirtschaftliche Grundstücke;JAHR;Jahr;2006;DINSG;Deutschland insgesamt;DG;Deutschland;EMZKL1;Größenklassen der Ertragsmesszahlen;EMZA40B50;40 bis unter 50;FLNGK1;Größenklassen der veräußerten Fläche;FLCHA010B020;1 bis unter 2 ha;12034;EUR/ha;KAU004;Durchschnittlicher Kaufwert
61521;Kaufwerte für landwirtschaftliche Grundstücke;JAHR;Jahr;2003;DINSG;Deutschland insgesamt;DG;Deutschland;EMZKL1;Größenklassen der Ertragsmesszahlen;EMZA30B40;30 bis unter 40;FLNGK1;Größenklassen der veräußerten Fläche;FLCHA020B050;2 bis unter 5 ha;9772;EUR/ha;KAU004;Durchschnittlicher Kaufwert
61521;Kaufwerte für landwirtschaftliche Grundstücke;JAHR;Jahr;2006;DINSG;Deutschland insgesamt;DG;Deutschland;EMZKL1;Größenklassen der Ertragsmesszahlen;EMZA40B50;40 bis unter 50;FLNGK1;Größenklassen der veräußerten Fläche;FLCHA025B001;0,25 bis unter 1 ha;12328;EUR/ha;KAU004;Durchschnittlicher Kaufwert
61521;Kaufwerte für landwirtschaftliche Grundstücke;JAHR;Jahr;2019;DINSG;Deutschland insgesamt;DG;Deutschland;EMZKL1;Größenklassen der Ertragsmesszahlen;;Insgesamt;FLNGK1;Größenklassen der veräußerten Fläche;FLCHA050UM;5 und mehr ha;24242;EUR/ha;KAU004;Durchschnittlicher Kaufwert
61521;Kaufwerte für landwirtschaftliche Grundstücke;JAHR;Jahr;2009;DINSG;Deutschland insgesamt;DG;Deutschland;EMZKL1;Größenklassen der Ertragsmesszahlen;EMZA40B50;40 bis unter 50;FLNGK1;Größenklassen der veräußerten Fläche;FLCHA025B001;0,25 bis unter 1 ha;13120;EUR/ha;KAU004;Durchschnittlicher Kaufwert
61521;Kaufwerte für landwirtschaftliche Grundstücke;JAHR;Jahr;2004;DINSG;Deutschland insgesamt;DG;Deutschland;EMZKL1;Größenklassen der Ertragsmesszahlen;EMZA30B40;30 bis unter 40;FLNGK1;Größenklassen der veräußerten Fläche;FLCHA020B050;2 bis unter 5 ha;9099;EUR/ha;KAU004;Durchschnittlicher Kaufwert
61521;Kaufwerte für landwirtschaftliche Grundstücke;JAHR;Jahr;2004;DINSG;Deutschland insgesamt;DG;Deutschland;EMZKL1;Größenklassen der Ertragsmesszahlen;;Insgesamt;FLNGK1;Größenklassen der veräußerten Fläche;FLCHA025B001;0,25 bis unter 1 ha;13418;EUR/ha;KAU004;Durchschnittlicher Kaufwert
61521;Kaufwerte für landwirtschaftliche Grundstücke;JAHR;Jahr;1995;DINSG;Deutschland insgesamt;DG;Deutschland;EMZKL1;Größenklassen der Ertragsmesszahlen;EMZA50B60;50 bis unter 60;FLNGK1;Größenklassen der veräußerten Fläche;FLCHA020B050;2 bis unter 5 ha;18495;EUR/ha;KAU004;Durchschnittlicher Kaufwert
61521;Kaufwerte für landwirtschaftliche Grundstücke;JAHR;Jahr;2010;DINSG;Deutschland insgesamt;DG;Deutschland;EMZKL1;Größenklassen der Ertragsmesszahlen;EMZA50B60;50 bis unter 60;FLNGK1;Größenklassen der veräußerten Fläche;FLCHA001B025;0,1 bis unter 0,25 ha;21134;EUR/ha;KAU004;Durchschnittlicher Kaufwert
61521;Kaufwerte für landwirtschaftliche Grundstücke;JAHR;Jahr;2012;DINSG;Deutschland insgesamt;DG;Deutschland;EMZKL1;Größenklassen der Ertragsmesszahlen;EMZA30B40;30 bis unter 40;FLNGK1;Größenklassen der veräußerten Fläche;FLCHA025B001;0,25 bis unter 1 ha;11703;EUR/ha;KAU004;Durchschnittlicher Kaufwert
61521;Kaufwerte für landwirtschaftliche Grundstücke;JAHR;Jahr;2010;DINSG;Deutschland insgesamt;DG;Deutschland;EMZKL1;Größenklassen der Ertragsmesszahlen;EMZA30B40;30 bis unter 40;FLNGK1;Größenklassen der veräußerten Fläche;FLCHA010B020;1 bis unter 2 ha;10411;EUR/ha;KAU004;Durchschnittlicher Kaufwert
61521;Kaufwerte für landwirtschaftliche Grundstücke;JAHR;Jahr;2011;DINSG;Deutschland insgesamt;DG;Deutschland;EMZKL1;Größenklassen der Ertragsmesszahlen;EMZA40B50;40 bis unter 50;FLNGK1;Größenklassen der veräußerten Fläche;;Insgesamt;14358;EUR/ha;KAU004;Durchschnittlicher Kaufwert
61521;Kaufwerte für landwirtschaftliche Grundstücke;JAHR;Jahr;1998;DINSG;Deutschland insgesamt;DG;Deutschland;EMZKL1;Größenklassen der Ertragsmesszahlen;EMZA30B40;30 bis unter 40;FLNGK1;Größenklassen der veräußerten Fläche;;Insgesamt;6869;EUR/ha;KAU004;Durchschnittlicher Kaufwert
61521;Kaufwerte für landwirtschaftliche Grundstücke;JAHR;Jahr;2015;DINSG;Deutschland insgesamt;DG;Deutschland;EMZKL1;Größenklassen der Ertragsmesszahlen;EMZA60UM;60 und mehr;FLNGK1;Größenklassen der veräußerten Fläche;FLCHA001B025;0,1 bis unter 0,25 ha;30287;EUR/ha;KAU004;Durchschnittlicher Kaufwert
61521;Kaufwerte für landwirtschaftliche Grundstücke;JAHR;Jahr;2000;DINSG;Deutschland insgesamt;DG;Deutschland;EMZKL1;Größenklassen der Ertragsmesszahlen;EMZA60UM;60 und mehr;FLNGK1;Größenklassen der veräußerten Fläche;;Insgesamt;17018;EUR/ha;KAU004;Durchschnittlicher Kaufwert
61521;Kaufwerte für landwirtschaftliche Grundstücke;JAHR;Jahr;2011;DINSG;Deutschland insgesamt;DG;Deutschland;EMZKL1;Größenklassen der Ertragsmesszahlen;EMZA30B40;30 bis unter 40;FLNGK1;Größenklassen der veräußerten Fläche;FLCHA025B001;0,25 bis unter 1 ha;10783;EUR/ha;KAU004;Durchschnittlicher Kaufwert
61521;Kaufwerte für landwirtschaftliche Grundstücke;JAHR;Jahr;1993;DINSG;Deutschland insgesamt;DG;Deutschland;EMZKL1;Größenklassen der Ertragsmesszahlen;EMZA50B60;50 bis unter 60;FLNGK1;Größenklassen der veräußerten Fläche;FLCHA050UM;5 und mehr ha;10776;EUR/ha;KAU004;Durchschnittlicher Kaufwert
61521;Kaufwerte für landwirtschaftliche Grundstücke;JAHR;Jahr;2016;DINSG;Deutschland insgesamt;DG;Deutschland;EMZKL1;Größenklassen der Ertragsmesszahlen;EMZA50B60;50 bis unter 60;FLNGK1;Größenklassen der veräußerten Fläche;FLCHA050UM;5 und mehr ha;25299;EUR/ha;KAU004;Durchschnittlicher Kaufwert
61521;Kaufwerte für landwirtschaftliche Grundstücke;JAHR;Jahr;1995;DINSG;Deutschland insgesamt;DG;Deutschland;EMZKL1;Größenklassen der Ertragsmesszahlen;EMZA40B50;40 bis unter 50;FLNGK1;Größenklassen der veräußerten Fläche;FLCHA001B025;0,1 bis unter 0,25 ha;20406;EUR/ha;KAU004;Durchschnittlicher Kaufwert
61521;Kaufwerte für landwirtschaftliche Grundstücke;JAHR;Jahr;2009;DINSG;Deutschland insgesamt;DG;Deutschland;EMZKL1;Größenklassen der Ertragsmesszahlen;;Insgesamt;FLNGK1;Größenklassen der veräußerten Fläche;FLCHA050UM;5 und mehr ha;9215;EUR/ha;KAU004;Durchschnittlicher Kaufwert
61521;Kaufwerte für landwirtschaftliche Grundstücke;JAHR;Jahr;2019;DINSG;Deutschland insgesamt;DG;Deutschland;EMZKL1;Größenklassen der Ertragsmesszahlen;;Insgesamt;FLNGK1;Größenklassen der veräußerten Fläche;;Insgesamt;26439;EUR/ha;KAU004;Durchschnittlicher Kaufwert
61521;Kaufwerte für landwirtschaftliche Grundstücke;JAHR;Jahr;2005;DINSG;Deutschland insgesamt;DG;Deutschland;EMZKL1;Größenklassen der Ertragsmesszahlen;EMZA40B50;40 bis unter 50;FLNGK1;Größenklassen der veräußerten Fläche;FLCHA010B020;1 bis unter 2 ha;12256;EUR/ha;KAU004;Durchschnittlicher Kaufwert
61521;Kaufwerte für landwirtschaftliche Grundstücke;JAHR;Jahr;1992;DINSG;Deutschland insgesamt;DG;Deutschland;EMZKL1;Größenklassen der Ertragsmesszahlen;EMZA40B50;40 bis unter 50;FLNGK1;Größenklassen der veräußerten Fläche;FLCHA001B025;0,1 bis unter 0,25 ha;17393;EUR/ha;KAU004;Durchschnittlicher Kaufwert
61521;Kaufwerte für landwirtschaftliche Grundstücke;JAHR;Jahr;2000;DINSG;Deutschland insgesamt;DG;Deutschland;EMZKL1;Größenklassen der Ertragsmesszahlen;EMZA50B60;50 bis unter 60;FLNGK1;Größenklassen der veräußerten Fläche;;Insgesamt;12843;EUR/ha;KAU004;Durchschnittlicher Kaufwert
61521;Kaufwerte für landwirtschaftliche Grundstücke;JAHR;Jahr;2000;DINSG;Deutschland insgesamt;DG;Deutschland;EMZKL1;Größenklassen der Ertragsmesszahlen;EMZU30;unter 30;FLNGK1;Größenklassen der veräußerten Fläche;;Insgesamt;6777;EUR/ha;KAU004;Durchschnittlicher Kaufwert
61521;Kaufwerte für landwirtschaftliche Grundstücke;JAHR;Jahr;2002;DINSG;Deutschland insgesamt;DG;Deutschland;EMZKL1;Größenklassen der Ertragsmesszahlen;EMZA40B50;40 bis unter 50;FLNGK1;Größenklassen der veräußerten Fläche;FLCHA010B020;1 bis unter 2 ha;13507;EUR/ha;KAU004;Durchschnittlicher Kaufwert
61521;Kaufwerte für landwirtschaftliche Grundstücke;JAHR;Jahr;2005;DINSG;Deutschland insgesamt;DG;Deutschland;EMZKL1;Größenklassen der Ertragsmesszahlen;EMZA50B60;50 bis unter 60;FLNGK1;Größenklassen der veräußerten Fläche;;Insgesamt;12537;EUR/ha;KAU004;Durchschnittlicher Kaufwert
61521;Kaufwerte für landwirtschaftliche Grundstücke;JAHR;Jahr;2018;DINSG;Deutschland insgesamt;DG;Deutschland;EMZKL1;Größenklassen der Ertragsmesszahlen;EMZA60UM;60 und mehr;FLNGK1;Größenklassen der veräußerten Fläche;;Insgesamt;36883;EUR/ha;KAU004;Durchschnittlicher Kaufwert
61521;Kaufwerte für landwirtschaftliche Grundstücke;JAHR;Jahr;2001;DINSG;Deutschland insgesamt;DG;Deutschland;EMZKL1;Größenklassen der Ertragsmesszahlen;EMZA40B50;40 bis unter 50;FLNGK1;Größenklassen der veräußerten Fläche;FLCHA025B001;0,25 bis unter 1 ha;13388;EUR/ha;KAU004;Durchschnittlicher Kaufwert
61521;Kaufwerte für landwirtschaftliche Grundstücke;JAHR;Jahr;2004;DINSG;Deutschland insgesamt;DG;Deutschland;EMZKL1;Größenklassen der Ertragsmesszahlen;EMZA40B50;40 bis unter 50;FLNGK1;Größenklassen der veräußerten Fläche;FLCHA025B001;0,25 bis unter 1 ha;12544;EUR/ha;KAU004;Durchschnittlicher Kaufwert
61521;Kaufwerte für landwirtschaftliche Grundstücke;JAHR;Jahr;2020;DINSG;Deutschland insgesamt;DG;Deutschland;EMZKL1;Größenklassen der Ertragsmesszahlen;EMZA60UM;60 und mehr;FLNGK1;Größenklassen der veräußerten Fläche;FLCHA010B020;1 bis unter 2 ha;40563;EUR/ha;KAU004;Durchschnittlicher Kaufwert
61521;Kaufwerte für landwirtschaftliche Grundstücke;JAHR;Jahr;2008;DINSG;Deutschland insgesamt;DG;Deutschland;EMZKL1;Größenklassen der Ertragsmesszahlen;EMZA40B50;40 bis unter 50;FLNGK1;Größenklassen der veräußerten Fläche;FLCHA010B020;1 bis unter 2 ha;12681;EUR/ha;KAU004;Durchschnittlicher Kaufwert
61521;Kaufwerte für landwirtschaftliche Grundstücke;JAHR;Jahr;2012;DINSG;Deutschland insgesamt;DG;Deutschland;EMZKL1;Größenklassen der Ertragsmesszahlen;;Insgesamt;FLNGK1;Größenklassen der veräußerten Fläche;FLCHA010B020;1 bis unter 2 ha;16376;EUR/ha;KAU004;Durchschnittlicher Kaufwert
61521;Kaufwerte für landwirtschaftliche Grundstücke;JAHR;Jahr;2018;DINSG;Deutschland insgesamt;DG;Deutschland;EMZKL1;Größenklassen der Ertragsmesszahlen;EMZA50B60;50 bis unter 60;FLNGK1;Größenklassen der veräußerten Fläche;FLCHA050UM;5 und mehr ha;30899;EUR/ha;KAU004;Durchschnittlicher Kaufwert
61521;Kaufwerte für landwirtschaftliche Grundstücke;JAHR;Jahr;1991;DINSG;Deutschland insgesamt;DG;Deutschland;EMZKL1;Größenklassen der Ertragsmesszahlen;;Insgesamt;FLNGK1;Größenklassen der veräußerten Fläche;FLCHA050UM;5 und mehr ha;9643;EUR/ha;KAU004;Durchschnittlicher Kaufwert
61521;Kaufwerte für landwirtschaftliche Grundstücke;JAHR;Jahr;2009;DINSG;Deutschland insgesamt;DG;Deutschland;EMZKL1;Größenklassen der Ertragsmesszahlen;EMZU30;unter 30;FLNGK1;Größenklassen der veräußerten Fläche;;Insgesamt;8511;EUR/ha;KAU004;Durchschnittlicher Kaufwert
61521;Kaufwerte für landwirtschaftliche Grundstücke;JAHR;Jahr;2011;DINSG;Deutschland insgesamt;DG;Deutschland;EMZKL1;Größenklassen der Ertragsmesszahlen;;Insgesamt;FLNGK1;Größenklassen der veräußerten Fläche;FLCHA001B025;0,1 bis unter 0,25 ha;19072;EUR/ha;KAU004;Durchschnittlicher Kaufwert
61521;Kaufwerte für landwirtschaftliche Grundstücke;JAHR;Jahr;2020;DINSG;Deutschland insgesamt;DG;Deutschland;EMZKL1;Größenklassen der Ertragsmesszahlen;EMZU30;unter 30;FLNGK1;Größenklassen der veräußerten Fläche;FLCHA001B025;0,1 bis unter 0,25 ha;20069;EUR/ha;KAU004;Durchschnittlicher Kaufwert
61521;Kaufwerte für landwirtschaftliche Grundstücke;JAHR;Jahr;1992;DINSG;Deutschland insgesamt;DG;Deutschland;EMZKL1;Größenklassen der Ertragsmesszahlen;EMZA40B50;40 bis unter 50;FLNGK1;Größenklassen der veräußerten Fläche;FLCHA050UM;5 und mehr ha;7678;EUR/ha;KAU004;Durchschnittlicher Kaufwert
61521;Kaufwerte für landwirtschaftliche Grundstücke;JAHR;Jahr;2015;DINSG;Deutschland insgesamt;DG;Deutschland;EMZKL1;Größenklassen der Ertragsmesszahlen;EMZA40B50;40 bis unter 50;FLNGK1;Größenklassen der veräußerten Fläche;FLCHA050UM;5 und mehr ha;21605;EUR/ha;KAU004;Durchschnittlicher Kaufwert
61521;Kaufwerte für landwirtschaftliche Grundstücke;JAHR;Jahr;2007;DINSG;Deutschland insgesamt;DG;Deutschland;EMZKL1;Größenklassen der Ertragsmesszahlen;EMZA30B40;30 bis unter 40;FLNGK1;Größenklassen der veräußerten Fläche;FLCHA020B050;2 bis unter 5 ha;8692;EUR/ha;KAU004;Durchschnittlicher Kaufwert
61521;Kaufwerte für landwirtschaftliche Grundstücke;JAHR;Jahr;2008;DINSG;Deutschland insgesamt;DG;Deutschland;EMZKL1;Größenklassen der Ertragsmesszahlen;EMZA60UM;60 und mehr;FLNGK1;Größenklassen der veräußerten Fläche;FLCHA020B050;2 bis unter 5 ha;18334;EUR/ha;KAU004;Durchschnittlicher Kaufwert
61521;Kaufwerte für landwirtschaftliche Grundstücke;JAHR;Jahr;2012;DINSG;Deutschland insgesamt;DG;Deutschland;EMZKL1;Größenklassen der Ertragsmesszahlen;EMZA50B60;50 bis unter 60;FLNGK1;Größenklassen der veräußerten Fläche;FLCHA050UM;5 und mehr ha;15946;EUR/ha;KAU004;Durchschnittlicher Kaufwert
61521;Kaufwerte für landwirtschaftliche Grundstücke;JAHR;Jahr;2014;DINSG;Deutschland insgesamt;DG;Deutschland;EMZKL1;Größenklassen der Ertragsmesszahlen;;Insgesamt;FLNGK1;Größenklassen der veräußerten Fläche;FLCHA025B001;0,25 bis unter 1 ha;18798;EUR/ha;KAU004;Durchschnittlicher Kaufwert
61521;Kaufwerte für landwirtschaftliche Grundstücke;JAHR;Jahr;1991;DINSG;Deutschland insgesamt;DG;Deutschland;EMZKL1;Größenklassen der Ertragsmesszahlen;;Insgesamt;FLNGK1;Größenklassen der veräußerten Fläche;FLCHA025B001;0,25 bis unter 1 ha;17994;EUR/ha;KAU004;Durchschnittlicher Kaufwert
61521;Kaufwerte für landwirtschaftliche Grundstücke;JAHR;Jahr;1998;DINSG;Deutschland insgesamt;DG;Deutschland;EMZKL1;Größenklassen der Ertragsmesszahlen;EMZA40B50;40 bis unter 50;FLNGK1;Größenklassen der veräußerten Fläche;;Insgesamt;7858;EUR/ha;KAU004;Durchschnittlicher Kaufwert
61521;Kaufwerte für landwirtschaftliche Grundstücke;JAHR;Jahr;2013;DINSG;Deutschland insgesamt;DG;Deutschland;EMZKL1;Größenklassen der Ertragsmesszahlen;EMZA50B60;50 bis unter 60;FLNGK1;Größenklassen der veräußerten Fläche;FLCHA001B025;0,1 bis unter 0,25 ha;20800;EUR/ha;KAU004;Durchschnittlicher Kaufwert
61521;Kaufwerte für landwirtschaftliche Grundstücke;JAHR;Jahr;2011;DINSG;Deutschland insgesamt;DG;Deutschland;EMZKL1;Größenklassen der Ertragsmesszahlen;EMZU30;unter 30;FLNGK1;Größenklassen der veräußerten Fläche;FLCHA050UM;5 und mehr ha;8709;EUR/ha;KAU004;Durchschnittlicher Kaufwert
61521;Kaufwerte für landwirtschaftliche Grundstücke;JAHR;Jahr;2006;DINSG;Deutschland insgesamt;DG;Deutschland;EMZKL1;Größenklassen der Ertragsmesszahlen;EMZA30B40;30 bis unter 40;FLNGK1;Größenklassen der veräußerten Fläche;;Insgesamt;6317;EUR/ha;KAU004;Durchschnittlicher Kaufwert
61521;Kaufwerte für landwirtschaftliche Grundstücke;JAHR;Jahr;2008;DINSG;Deutschland insgesamt;DG;Deutschland;EMZKL1;Größenklassen der Ertragsmesszahlen;EMZA30B40;30 bis unter 40;FLNGK1;Größenklassen der veräußerten Fläche;FLCHA020B050;2 bis unter 5 ha;9012;EUR/ha;KAU004;Durchschnittlicher Kaufwert
61521;Kaufwerte für landwirtschaftliche Grundstücke;JAHR;Jahr;2000;DINSG;Deutschland insgesamt;DG;Deutschland;EMZKL1;Größenklassen der Ertragsmesszahlen;EMZA30B40;30 bis unter 40;FLNGK1;Größenklassen der veräußerten Fläche;;Insgesamt;6410;EUR/ha;KAU004;Durchschnittlicher Kaufwert
61521;Kaufwerte für landwirtschaftliche Grundstücke;JAHR;Jahr;2011;DINSG;Deutschland insgesamt;DG;Deutschland;EMZKL1;Größenklassen der Ertragsmesszahlen;EMZA60UM;60 und mehr;FLNGK1;Größenklassen der veräußerten Fläche;;Insgesamt;20450;EUR/ha;KAU004;Durchschnittlicher Kaufwert
61521;Kaufwerte für landwirtschaftliche Grundstücke;JAHR;Jahr;2011;DINSG;Deutschland insgesamt;DG;Deutschland;EMZKL1;Größenklassen der Ertragsmesszahlen;EMZA30B40;30 bis unter 40;FLNGK1;Größenklassen der veräußerten Fläche;;Insgesamt;10675;EUR/ha;KAU004;Durchschnittlicher Kaufwert
61521;Kaufwerte für landwirtschaftliche Grundstücke;JAHR;Jahr;2017;DINSG;Deutschland insgesamt;DG;Deutschland;EMZKL1;Größenklassen der Ertragsmesszahlen;EMZU30;unter 30;FLNGK1;Größenklassen der veräußerten Fläche;FLCHA050UM;5 und mehr ha;17928;EUR/ha;KAU004;Durchschnittlicher Kaufwert
61521;Kaufwerte für landwirtschaftliche Grundstücke;JAHR;Jahr;2014;DINSG;Deutschland insgesamt;DG;Deutschland;EMZKL1;Größenklassen der Ertragsmesszahlen;EMZA30B40;30 bis unter 40;FLNGK1;Größenklassen der veräußerten Fläche;FLCHA025B001;0,25 bis unter 1 ha;14741;EUR/ha;KAU004;Durchschnittlicher Kaufwert
61521;Kaufwerte für landwirtschaftliche Grundstücke;JAHR;Jahr;2015;DINSG;Deutschland insgesamt;DG;Deutschland;EMZKL1;Größenklassen der Ertragsmesszahlen;EMZA50B60;50 bis unter 60;FLNGK1;Größenklassen der veräußerten Fläche;FLCHA001B025;0,1 bis unter 0,25 ha;24602;EUR/ha;KAU004;Durchschnittlicher Kaufwert
61521;Kaufwerte für landwirtschaftliche Grundstücke;JAHR;Jahr;2000;DINSG;Deutschland insgesamt;DG;Deutschland;EMZKL1;Größenklassen der Ertragsmesszahlen;EMZA60UM;60 und mehr;FLNGK1;Größenklassen der veräußerten Fläche;FLCHA050UM;5 und mehr ha;14973;EUR/ha;KAU004;Durchschnittlicher Kaufwert
61521;Kaufwerte für landwirtschaftliche Grundstücke;JAHR;Jahr;1998;DINSG;Deutschland insgesamt;DG;Deutschland;EMZKL1;Größenklassen der Ertragsmesszahlen;EMZA40B50;40 bis unter 50;FLNGK1;Größenklassen der veräußerten Fläche;FLCHA001B025;0,1 bis unter 0,25 ha;16971;EUR/ha;KAU004;Durchschnittlicher Kaufwert
61521;Kaufwerte für landwirtschaftliche Grundstücke;JAHR;Jahr;1995;DINSG;Deutschland insgesamt;DG;Deutschland;EMZKL1;Größenklassen der Ertragsmesszahlen;EMZA60UM;60 und mehr;FLNGK1;Größenklassen der veräußerten Fläche;FLCHA020B050;2 bis unter 5 ha;18150;EUR/ha;KAU004;Durchschnittlicher Kaufwert
61521;Kaufwerte für landwirtschaftliche Grundstücke;JAHR;Jahr;2019;DINSG;Deutschland insgesamt;DG;Deutschland;EMZKL1;Größenklassen der Ertragsmesszahlen;EMZU30;unter 30;FLNGK1;Größenklassen der veräußerten Fläche;FLCHA020B050;2 bis unter 5 ha;23912;EUR/ha;KAU004;Durchschnittlicher Kaufwert
61521;Kaufwerte für landwirtschaftliche Grundstücke;JAHR;Jahr;2002;DINSG;Deutschland insgesamt;DG;Deutschland;EMZKL1;Größenklassen der Ertragsmesszahlen;;Insgesamt;FLNGK1;Größenklassen der veräußerten Fläche;FLCHA025B001;0,25 bis unter 1 ha;14290;EUR/ha;KAU004;Durchschnittlicher Kaufwert
61521;Kaufwerte für landwirtschaftliche Grundstücke;JAHR;Jahr;2010;DINSG;Deutschland insgesamt;DG;Deutschland;EMZKL1;Größenklassen der Ertragsmesszahlen;EMZU30;unter 30;FLNGK1;Größenklassen der veräußerten Fläche;FLCHA010B020;1 bis unter 2 ha;9900;EUR/ha;KAU004;Durchschnittlicher Kaufwert
61521;Kaufwerte für landwirtschaftliche Grundstücke;JAHR;Jahr;2012;DINSG;Deutschland insgesamt;DG;Deutschland;EMZKL1;Größenklassen der Ertragsmesszahlen;EMZA30B40;30 bis unter 40;FLNGK1;Größenklassen der veräußerten Fläche;FLCHA010B020;1 bis unter 2 ha;13205;EUR/ha;KAU004;Durchschnittlicher Kaufwert
61521;Kaufwerte für landwirtschaftliche Grundstücke;JAHR;Jahr;1994;DINSG;Deutschland insgesamt;DG;Deutschland;EMZKL1;Größenklassen der Ertragsmesszahlen;EMZA40B50;40 bis unter 50;FLNGK1;Größenklassen der veräußerten Fläche;FLCHA001B025;0,1 bis unter 0,25 ha;18055;EUR/ha;KAU004;Durchschnittlicher Kaufwert
61521;Kaufwerte für landwirtschaftliche Grundstücke;JAHR;Jahr;1992;DINSG;Deutschland insgesamt;DG;Deutschland;EMZKL1;Größenklassen der Ertragsmesszahlen;EMZA40B50;40 bis unter 50;FLNGK1;Größenklassen der veräußerten Fläche;;Insgesamt;11394;EUR/ha;KAU004;Durchschnittlicher Kaufwert
61521;Kaufwerte für landwirtschaftliche Grundstücke;JAHR;Jahr;2010;DINSG;Deutschland insgesamt;DG;Deutschland;EMZKL1;Größenklassen der Ertragsmesszahlen;EMZA60UM;60 und mehr;FLNGK1;Größenklassen der veräußerten Fläche;FLCHA010B020;1 bis unter 2 ha;19963;EUR/ha;KAU004;Durchschnittlicher Kaufwert
61521;Kaufwerte für landwirtschaftliche Grundstücke;JAHR;Jahr;2002;DINSG;Deutschland insgesamt;DG;Deutschland;EMZKL1;Größenklassen der Ertragsmesszahlen;;Insgesamt;FLNGK1;Größenklassen der veräußerten Fläche;FLCHA010B020;1 bis unter 2 ha;13329;EUR/ha;KAU004;Durchschnittlicher Kaufwert
61521;Kaufwerte für landwirtschaftliche Grundstücke;JAHR;Jahr;2018;DINSG;Deutschland insgesamt;DG;Deutschland;EMZKL1;Größenklassen der Ertragsmesszahlen;EMZA30B40;30 bis unter 40;FLNGK1;Größenklassen der veräußerten Fläche;FLCHA025B001;0,25 bis unter 1 ha;19567;EUR/ha;KAU004;Durchschnittlicher Kaufwert
61521;Kaufwerte für landwirtschaftliche Grundstücke;JAHR;Jahr;2009;DINSG;Deutschland insgesamt;DG;Deutschland;EMZKL1;Größenklassen der Ertragsmesszahlen;EMZA30B40;30 bis unter 40;FLNGK1;Größenklassen der veräußerten Fläche;FLCHA020B050;2 bis unter 5 ha;10261;EUR/ha;KAU004;Durchschnittlicher Kaufwert
61521;Kaufwerte für landwirtschaftliche Grundstücke;JAHR;Jahr;2000;DINSG;Deutschland insgesamt;DG;Deutschland;EMZKL1;Größenklassen der Ertragsmesszahlen;EMZA40B50;40 bis unter 50;FLNGK1;Größenklassen der veräußerten Fläche;FLCHA010B020;1 bis unter 2 ha;13203;EUR/ha;KAU004;Durchschnittlicher Kaufwert
61521;Kaufwerte für landwirtschaftliche Grundstücke;JAHR;Jahr;1997;DINSG;Deutschland insgesamt;DG;Deutschland;EMZKL1;Größenklassen der Ertragsmesszahlen;EMZA50B60;50 bis unter 60;FLNGK1;Größenklassen der veräußerten Fläche;;Insgesamt;14818;EUR/ha;KAU004;Durchschnittlicher Kaufwert
61521;Kaufwerte für landwirtschaftliche Grundstücke;JAHR;Jahr;1997;DINSG;Deutschland insgesamt;DG;Deutschland;EMZKL1;Größenklassen der Ertragsmesszahlen;EMZA50B60;50 bis unter 60;FLNGK1;Größenklassen der veräußerten Fläche;FLCHA020B050;2 bis unter 5 ha;18268;EUR/ha;KAU004;Durchschnittlicher Kaufwert
61521;Kaufwerte für landwirtschaftliche Grundstücke;JAHR;Jahr;2008;DINSG;Deutschland insgesamt;DG;Deutschland;EMZKL1;Größenklassen der Ertragsmesszahlen;;Insgesamt;FLNGK1;Größenklassen der veräußerten Fläche;FLCHA010B020;1 bis unter 2 ha;12505;EUR/ha;KAU004;Durchschnittlicher Kaufwert
61521;Kaufwerte für landwirtschaftliche Grundstücke;JAHR;Jahr;1993;DINSG;Deutschland insgesamt;DG;Deutschland;EMZKL1;Größenklassen der Ertragsmesszahlen;EMZU30;unter 30;FLNGK1;Größenklassen der veräußerten Fläche;FLCHA010B020;1 bis unter 2 ha;12916;EUR/ha;KAU004;Durchschnittlicher Kaufwert
61521;Kaufwerte für landwirtschaftliche Grundstücke;JAHR;Jahr;2003;DINSG;Deutschland insgesamt;DG;Deutschland;EMZKL1;Größenklassen der Ertragsmesszahlen;EMZA40B50;40 bis unter 50;FLNGK1;Größenklassen der veräußerten Fläche;FLCHA025B001;0,25 bis unter 1 ha;13218;EUR/ha;KAU004;Durchschnittlicher Kaufwert
61521;Kaufwerte für landwirtschaftliche Grundstücke;JAHR;Jahr;2007;DINSG;Deutschland insgesamt;DG;Deutschland;EMZKL1;Größenklassen der Ertragsmesszahlen;EMZA60UM;60 und mehr;FLNGK1;Größenklassen der veräußerten Fläche;FLCHA020B050;2 bis unter 5 ha;17313;EUR/ha;KAU004;Durchschnittlicher Kaufwert
61521;Kaufwerte für landwirtschaftliche Grundstücke;JAHR;Jahr;2006;DINSG;Deutschland insgesamt;DG;Deutschland;EMZKL1;Größenklassen der Ertragsmesszahlen;;Insgesamt;FLNGK1;Größenklassen der veräußerten Fläche;FLCHA010B020;1 bis unter 2 ha;12094;EUR/ha;KAU004;Durchschnittlicher Kaufwert
61521;Kaufwerte für landwirtschaftliche Grundstücke;JAHR;Jahr;1993;DINSG;Deutschland insgesamt;DG;Deutschland;EMZKL1;Größenklassen der Ertragsmesszahlen;EMZA40B50;40 bis unter 50;FLNGK1;Größenklassen der veräußerten Fläche;FLCHA001B025;0,1 bis unter 0,25 ha;17618;EUR/ha;KAU004;Durchschnittlicher Kaufwert
61521;Kaufwerte für landwirtschaftliche Grundstücke;JAHR;Jahr;2011;DINSG;Deutschland insgesamt;DG;Deutschland;EMZKL1;Größenklassen der Ertragsmesszahlen;EMZU30;unter 30;FLNGK1;Größenklassen der veräußerten Fläche;;Insgesamt;9887;EUR/ha;KAU004;Durchschnittlicher Kaufwert
61521;Kaufwerte für landwirtschaftliche Grundstücke;JAHR;Jahr;2005;DINSG;Deutschland insgesamt;DG;Deutschland;EMZKL1;Größenklassen der Ertragsmesszahlen;EMZA40B50;40 bis unter 50;FLNGK1;Größenklassen der veräußerten Fläche;;Insgesamt;8236;EUR/ha;KAU004;Durchschnittlicher Kaufwert
61521;Kaufwerte für landwirtschaftliche Grundstücke;JAHR;Jahr;2006;DINSG;Deutschland insgesamt;DG;Deutschland;EMZKL1;Größenklassen der Ertragsmesszahlen;EMZA40B50;40 bis unter 50;FLNGK1;Größenklassen der veräußerten Fläche;;Insgesamt;8328;EUR/ha;KAU004;Durchschnittlicher Kaufwert
61521;Kaufwerte für landwirtschaftliche Grundstücke;JAHR;Jahr;2019;DINSG;Deutschland insgesamt;DG;Deutschland;EMZKL1;Größenklassen der Ertragsmesszahlen;EMZA30B40;30 bis unter 40;FLNGK1;Größenklassen der veräußerten Fläche;FLCHA025B001;0,25 bis unter 1 ha;19828;EUR/ha;KAU004;Durchschnittlicher Kaufwert
61521;Kaufwerte für landwirtschaftliche Grundstücke;JAHR;Jahr;1996;DINSG;Deutschland insgesamt;DG;Deutschland;EMZKL1;Größenklassen der Ertragsmesszahlen;EMZA50B60;50 bis unter 60;FLNGK1;Größenklassen der veräußerten Fläche;FLCHA020B050;2 bis unter 5 ha;19041;EUR/ha;KAU004;Durchschnittlicher Kaufwert
61521;Kaufwerte für landwirtschaftliche Grundstücke;JAHR;Jahr;2001;DINSG;Deutschland insgesamt;DG;Deutschland;EMZKL1;Größenklassen der Ertragsmesszahlen;EMZA40B50;40 bis unter 50;FLNGK1;Größenklassen der veräußerten Fläche;FLCHA010B020;1 bis unter 2 ha;13236;EUR/ha;KAU004;Durchschnittlicher Kaufwert
61521;Kaufwerte für landwirtschaftliche Grundstücke;JAHR;Jahr;1993;DINSG;Deutschland insgesamt;DG;Deutschland;EMZKL1;Größenklassen der Ertragsmesszahlen;EMZU30;unter 30;FLNGK1;Größenklassen der veräußerten Fläche;;Insgesamt;8936;EUR/ha;KAU004;Durchschnittlicher Kaufwert
61521;Kaufwerte für landwirtschaftliche Grundstücke;JAHR;Jahr;2010;DINSG;Deutschland insgesamt;DG;Deutschland;EMZKL1;Größenklassen der Ertragsmesszahlen;EMZA50B60;50 bis unter 60;FLNGK1;Größenklassen der veräußerten Fläche;FLCHA050UM;5 und mehr ha;13837;EUR/ha;KAU004;Durchschnittlicher Kaufwert
61521;Kaufwerte für landwirtschaftliche Grundstücke;JAHR;Jahr;2015;DINSG;Deutschland insgesamt;DG;Deutschland;EMZKL1;Größenklassen der Ertragsmesszahlen;EMZU30;unter 30;FLNGK1;Größenklassen der veräußerten Fläche;;Insgesamt;14839;EUR/ha;KAU004;Durchschnittlicher Kaufwert
61521;Kaufwerte für landwirtschaftliche Grundstücke;JAHR;Jahr;2007;DINSG;Deutschland insgesamt;DG;Deutschland;EMZKL1;Größenklassen der Ertragsmesszahlen;EMZA40B50;40 bis unter 50;FLNGK1;Größenklassen der veräußerten Fläche;FLCHA010B020;1 bis unter 2 ha;12117;EUR/ha;KAU004;Durchschnittlicher Kaufwert
61521;Kaufwerte für landwirtschaftliche Grundstücke;JAHR;Jahr;2011;DINSG;Deutschland insgesamt;DG;Deutschland;EMZKL1;Größenklassen der Ertragsmesszahlen;EMZU30;unter 30;FLNGK1;Größenklassen der veräußerten Fläche;FLCHA025B001;0,25 bis unter 1 ha;10229;EUR/ha;KAU004;Durchschnittlicher Kaufwert
61521;Kaufwerte für landwirtschaftliche Grundstücke;JAHR;Jahr;2002;DINSG;Deutschland insgesamt;DG;Deutschland;EMZKL1;Größenklassen der Ertragsmesszahlen;EMZA40B50;40 bis unter 50;FLNGK1;Größenklassen der veräußerten Fläche;FLCHA025B001;0,25 bis unter 1 ha;14461;EUR/ha;KAU004;Durchschnittlicher Kaufwert
61521;Kaufwerte für landwirtschaftliche Grundstücke;JAHR;Jahr;2000;DINSG;Deutschland insgesamt;DG;Deutschland;EMZKL1;Größenklassen der Ertragsmesszahlen;EMZA60UM;60 und mehr;FLNGK1;Größenklassen der veräußerten Fläche;FLCHA010B020;1 bis unter 2 ha;19802;EUR/ha;KAU004;Durchschnittlicher Kaufwert
61521;Kaufwerte für landwirtschaftliche Grundstücke;JAHR;Jahr;2011;DINSG;Deutschland insgesamt;DG;Deutschland;EMZKL1;Größenklassen der Ertragsmesszahlen;EMZA30B40;30 bis unter 40;FLNGK1;Größenklassen der veräußerten Fläche;FLCHA010B020;1 bis unter 2 ha;11350;EUR/ha;KAU004;Durchschnittlicher Kaufwert
61521;Kaufwerte für landwirtschaftliche Grundstücke;JAHR;Jahr;2002;DINSG;Deutschland insgesamt;DG;Deutschland;EMZKL1;Größenklassen der Ertragsmesszahlen;EMZA60UM;60 und mehr;FLNGK1;Größenklassen der veräußerten Fläche;FLCHA050UM;5 und mehr ha;11751;EUR/ha;KAU004;Durchschnittlicher Kaufwert
61521;Kaufwerte für landwirtschaftliche Grundstücke;JAHR;Jahr;2017;DINSG;Deutschland insgesamt;DG;Deutschland;EMZKL1;Größenklassen der Ertragsmesszahlen;EMZA30B40;30 bis unter 40;FLNGK1;Größenklassen der veräußerten Fläche;;Insgesamt;19345;EUR/ha;KAU004;Durchschnittlicher Kaufwert
61521;Kaufwerte für landwirtschaftliche Grundstücke;JAHR;Jahr;2008;DINSG;Deutschland insgesamt;DG;Deutschland;EMZKL1;Größenklassen der Ertragsmesszahlen;EMZA40B50;40 bis unter 50;FLNGK1;Größenklassen der veräußerten Fläche;FLCHA025B001;0,25 bis unter 1 ha;12416;EUR/ha;KAU004;Durchschnittlicher Kaufwert
61521;Kaufwerte für landwirtschaftliche Grundstücke;JAHR;Jahr;2017;DINSG;Deutschland insgesamt;DG;Deutschland;EMZKL1;Größenklassen der Ertragsmesszahlen;EMZA30B40;30 bis unter 40;FLNGK1;Größenklassen der veräußerten Fläche;FLCHA010B020;1 bis unter 2 ha;21012;EUR/ha;KAU004;Durchschnittlicher Kaufwert
61521;Kaufwerte für landwirtschaftliche Grundstücke;JAHR;Jahr;1994;DINSG;Deutschland insgesamt;DG;Deutschland;EMZKL1;Größenklassen der Ertragsmesszahlen;EMZA60UM;60 und mehr;FLNGK1;Größenklassen der veräußerten Fläche;FLCHA020B050;2 bis unter 5 ha;17898;EUR/ha;KAU004;Durchschnittlicher Kaufwert
61521;Kaufwerte für landwirtschaftliche Grundstücke;JAHR;Jahr;2020;DINSG;Deutschland insgesamt;DG;Deutschland;EMZKL1;Größenklassen der Ertragsmesszahlen;EMZA60UM;60 und mehr;FLNGK1;Größenklassen der veräußerten Fläche;FLCHA025B001;0,25 bis unter 1 ha;34141;EUR/ha;KAU004;Durchschnittlicher Kaufwert
61521;Kaufwerte für landwirtschaftliche Grundstücke;JAHR;Jahr;2012;DINSG;Deutschland insgesamt;DG;Deutschland;EMZKL1;Größenklassen der Ertragsmesszahlen;EMZA30B40;30 bis unter 40;FLNGK1;Größenklassen der veräußerten Fläche;;Insgesamt;11379;EUR/ha;KAU004;Durchschnittlicher Kaufwert
61521;Kaufwerte für landwirtschaftliche Grundstücke;JAHR;Jahr;2011;DINSG;Deutschland insgesamt;DG;Deutschland;EMZKL1;Größenklassen der Ertragsmesszahlen;EMZA60UM;60 und mehr;FLNGK1;Größenklassen der veräußerten Fläche;FLCHA025B001;0,25 bis unter 1 ha;21877;EUR/ha;KAU004;Durchschnittlicher Kaufwert
61521;Kaufwerte für landwirtschaftliche Grundstücke;JAHR;Jahr;1996;DINSG;Deutschland insgesamt;DG;Deutschland;EMZKL1;Größenklassen der Ertragsmesszahlen;EMZA60UM;60 und mehr;FLNGK1;Größenklassen der veräußerten Fläche;FLCHA025B001;0,25 bis unter 1 ha;21696;EUR/ha;KAU004;Durchschnittlicher Kaufwert
61521;Kaufwerte für landwirtschaftliche Grundstücke;JAHR;Jahr;2000;DINSG;Deutschland insgesamt;DG;Deutschland;EMZKL1;Größenklassen der Ertragsmesszahlen;;Insgesamt;FLNGK1;Größenklassen der veräußerten Fläche;FLCHA025B001;0,25 bis unter 1 ha;14164;EUR/ha;KAU004;Durchschnittlicher Kaufwert
61521;Kaufwerte für landwirtschaftliche Grundstücke;JAHR;Jahr;2020;DINSG;Deutschland insgesamt;DG;Deutschland;EMZKL1;Größenklassen der Ertragsmesszahlen;EMZA60UM;60 und mehr;FLNGK1;Größenklassen der veräußerten Fläche;FLCHA050UM;5 und mehr ha;35805;EUR/ha;KAU004;Durchschnittlicher Kaufwert
61521;Kaufwerte für landwirtschaftliche Grundstücke;JAHR;Jahr;2020;DINSG;Deutschland insgesamt;DG;Deutschland;EMZKL1;Größenklassen der Ertragsmesszahlen;EMZA30B40;30 bis unter 40;FLNGK1;Größenklassen der veräußerten Fläche;FLCHA050UM;5 und mehr ha;19540;EUR/ha;KAU004;Durchschnittlicher Kaufwert
61521;Kaufwerte für landwirtschaftliche Grundstücke;JAHR;Jahr;2013;DINSG;Deutschland insgesamt;DG;Deutschland;EMZKL1;Größenklassen der Ertragsmesszahlen;EMZA30B40;30 bis unter 40;FLNGK1;Größenklassen der veräußerten Fläche;FLCHA025B001;0,25 bis unter 1 ha;13254;EUR/ha;KAU004;Durchschnittlicher Kaufwert
61521;Kaufwerte für landwirtschaftliche Grundstücke;JAHR;Jahr;1999;DINSG;Deutschland insgesamt;DG;Deutschland;EMZKL1;Größenklassen der Ertragsmesszahlen;EMZA40B50;40 bis unter 50;FLNGK1;Größenklassen der veräußerten Fläche;FLCHA001B025;0,1 bis unter 0,25 ha;20094;EUR/ha;KAU004;Durchschnittlicher Kaufwert
61521;Kaufwerte für landwirtschaftliche Grundstücke;JAHR;Jahr;2014;DINSG;Deutschland insgesamt;DG;Deutschland;EMZKL1;Größenklassen der Ertragsmesszahlen;EMZA50B60;50 bis unter 60;FLNGK1;Größenklassen der veräußerten Fläche;FLCHA001B025;0,1 bis unter 0,25 ha;23885;EUR/ha;KAU004;Durchschnittlicher Kaufwert
61521;Kaufwerte für landwirtschaftliche Grundstücke;JAHR;Jahr;2016;DINSG;Deutschland insgesamt;DG;Deutschland;EMZKL1;Größenklassen der Ertragsmesszahlen;EMZA60UM;60 und mehr;FLNGK1;Größenklassen der veräußerten Fläche;FLCHA020B050;2 bis unter 5 ha;35254;EUR/ha;KAU004;Durchschnittlicher Kaufwert
61521;Kaufwerte für landwirtschaftliche Grundstücke;JAHR;Jahr;2017;DINSG;Deutschland insgesamt;DG;Deutschland;EMZKL1;Größenklassen der Ertragsmesszahlen;EMZU30;unter 30;FLNGK1;Größenklassen der veräußerten Fläche;FLCHA020B050;2 bis unter 5 ha;22163;EUR/ha;KAU004;Durchschnittlicher Kaufwert
61521;Kaufwerte für landwirtschaftliche Grundstücke;JAHR;Jahr;1991;DINSG;Deutschland insgesamt;DG;Deutschland;EMZKL1;Größenklassen der Ertragsmesszahlen;EMZU30;unter 30;FLNGK1;Größenklassen der veräußerten Fläche;FLCHA010B020;1 bis unter 2 ha;12477;EUR/ha;KAU004;Durchschnittlicher Kaufwert
61521;Kaufwerte für landwirtschaftliche Grundstücke;JAHR;Jahr;2012;DINSG;Deutschland insgesamt;DG;Deutschland;EMZKL1;Größenklassen der Ertragsmesszahlen;;Insgesamt;FLNGK1;Größenklassen der veräußerten Fläche;FLCHA025B001;0,25 bis unter 1 ha;15361;EUR/ha;KAU004;Durchschnittlicher Kaufwert
61521;Kaufwerte für landwirtschaftliche Grundstücke;JAHR;Jahr;2000;DINSG;Deutschland insgesamt;DG;Deutschland;EMZKL1;Größenklassen der Ertragsmesszahlen;EMZA40B50;40 bis unter 50;FLNGK1;Größenklassen der veräußerten Fläche;;Insgesamt;7762;EUR/ha;KAU004;Durchschnittlicher Kaufwert
61521;Kaufwerte für landwirtschaftliche Grundstücke;JAHR;Jahr;1996;DINSG;Deutschland insgesamt;DG;Deutschland;EMZKL1;Größenklassen der Ertragsmesszahlen;;Insgesamt;FLNGK1;Größenklassen der veräußerten Fläche;FLCHA050UM;5 und mehr ha;7311;EUR/ha;KAU004;Durchschnittlicher Kaufwert
61521;Kaufwerte für landwirtschaftliche Grundstücke;JAHR;Jahr;1992;DINSG;Deutschland insgesamt;DG;Deutschland;EMZKL1;Größenklassen der Ertragsmesszahlen;;Insgesamt;FLNGK1;Größenklassen der veräußerten Fläche;FLCHA020B050;2 bis unter 5 ha;14834;EUR/ha;KAU004;Durchschnittlicher Kaufwert
61521;Kaufwerte für landwirtschaftliche Grundstücke;JAHR;Jahr;2015;DINSG;Deutschland insgesamt;DG;Deutschland;EMZKL1;Größenklassen der Ertragsmesszahlen;;Insgesamt;FLNGK1;Größenklassen der veräußerten Fläche;FLCHA020B050;2 bis unter 5 ha;22574;EUR/ha;KAU004;Durchschnittlicher Kaufwert
61521;Kaufwerte für landwirtschaftliche Grundstücke;JAHR;Jahr;2001;DINSG;Deutschland insgesamt;DG;Deutschland;EMZKL1;Größenklassen der Ertragsmesszahlen;EMZA60UM;60 und mehr;FLNGK1;Größenklassen der veräußerten Fläche;FLCHA010B020;1 bis unter 2 ha;19733;EUR/ha;KAU004;Durchschnittlicher Kaufwert
61521;Kaufwerte für landwirtschaftliche Grundstücke;JAHR;Jahr;2019;DINSG;Deutschland insgesamt;DG;Deutschland;EMZKL1;Größenklassen der Ertragsmesszahlen;EMZA30B40;30 bis unter 40;FLNGK1;Größenklassen der veräußerten Fläche;FLCHA010B020;1 bis unter 2 ha;22969;EUR/ha;KAU004;Durchschnittlicher Kaufwert
61521;Kaufwerte für landwirtschaftliche Grundstücke;JAHR;Jahr;2009;DINSG;Deutschland insgesamt;DG;Deutschland;EMZKL1;Größenklassen der Ertragsmesszahlen;EMZA60UM;60 und mehr;FLNGK1;Größenklassen der veräußerten Fläche;FLCHA025B001;0,25 bis unter 1 ha;20180;EUR/ha;KAU004;Durchschnittlicher Kaufwert
61521;Kaufwerte für landwirtschaftliche Grundstücke;JAHR;Jahr;2003;DINSG;Deutschland insgesamt;DG;Deutschland;EMZKL1;Größenklassen der Ertragsmesszahlen;EMZA60UM;60 und mehr;FLNGK1;Größenklassen der veräußerten Fläche;FLCHA050UM;5 und mehr ha;11578;EUR/ha;KAU004;Durchschnittlicher Kaufwert
61521;Kaufwerte für landwirtschaftliche Grundstücke;JAHR;Jahr;2013;DINSG;Deutschland insgesamt;DG;Deutschland;EMZKL1;Größenklassen der Ertragsmesszahlen;EMZU30;unter 30;FLNGK1;Größenklassen der veräußerten Fläche;FLCHA025B001;0,25 bis unter 1 ha;11786;EUR/ha;KAU004;Durchschnittlicher Kaufwert
61521;Kaufwerte für landwirtschaftliche Grundstücke;JAHR;Jahr;1997;DINSG;Deutschland insgesamt;DG;Deutschland;EMZKL1;Größenklassen der Ertragsmesszahlen;EMZA40B50;40 bis unter 50;FLNGK1;Größenklassen der veräußerten Fläche;;Insgesamt;8135;EUR/ha;KAU004;Durchschnittlicher Kaufwert
61521;Kaufwerte für landwirtschaftliche Grundstücke;JAHR;Jahr;1993;DINSG;Deutschland insgesamt;DG;Deutschland;EMZKL1;Größenklassen der Ertragsmesszahlen;EMZA40B50;40 bis unter 50;FLNGK1;Größenklassen der veräußerten Fläche;;Insgesamt;10144;EUR/ha;KAU004;Durchschnittlicher Kaufwert
61521;Kaufwerte für landwirtschaftliche Grundstücke;JAHR;Jahr;2007;DINSG;Deutschland insgesamt;DG;Deutschland;EMZKL1;Größenklassen der Ertragsmesszahlen;EMZA40B50;40 bis unter 50;FLNGK1;Größenklassen der veräußerten Fläche;FLCHA050UM;5 und mehr ha;7618;EUR/ha;KAU004;Durchschnittlicher Kaufwert
61521;Kaufwerte für landwirtschaftliche Grundstücke;JAHR;Jahr;1993;DINSG;Deutschland insgesamt;DG;Deutschland;EMZKL1;Größenklassen der Ertragsmesszahlen;;Insgesamt;FLNGK1;Größenklassen der veräußerten Fläche;FLCHA010B020;1 bis unter 2 ha;15467;EUR/ha;KAU004;Durchschnittlicher Kaufwert
61521;Kaufwerte für landwirtschaftliche Grundstücke;JAHR;Jahr;2019;DINSG;Deutschland insgesamt;DG;Deutschland;EMZKL1;Größenklassen der Ertragsmesszahlen;EMZA40B50;40 bis unter 50;FLNGK1;Größenklassen der veräußerten Fläche;FLCHA001B025;0,1 bis unter 0,25 ha;22503;EUR/ha;KAU004;Durchschnittlicher Kaufwert
61521;Kaufwerte für landwirtschaftliche Grundstücke;JAHR;Jahr;2016;DINSG;Deutschland insgesamt;DG;Deutschland;EMZKL1;Größenklassen der Ertragsmesszahlen;EMZU30;unter 30;FLNGK1;Größenklassen der veräußerten Fläche;FLCHA020B050;2 bis unter 5 ha;20257;EUR/ha;KAU004;Durchschnittlicher Kaufwert
61521;Kaufwerte für landwirtschaftliche Grundstücke;JAHR;Jahr;2015;DINSG;Deutschland insgesamt;DG;Deutschland;EMZKL1;Größenklassen der Ertragsmesszahlen;EMZU30;unter 30;FLNGK1;Größenklassen der veräußerten Fläche;FLCHA010B020;1 bis unter 2 ha;16903;EUR/ha;KAU004;Durchschnittlicher Kaufwert
61521;Kaufwerte für landwirtschaftliche Grundstücke;JAHR;Jahr;1997;DINSG;Deutschland insgesamt;DG;Deutschland;EMZKL1;Größenklassen der Ertragsmesszahlen;EMZU30;unter 30;FLNGK1;Größenklassen der veräußerten Fläche;FLCHA020B050;2 bis unter 5 ha;11241;EUR/ha;KAU004;Durchschnittlicher Kaufwert
61521;Kaufwerte für landwirtschaftliche Grundstücke;JAHR;Jahr;2015;DINSG;Deutschland insgesamt;DG;Deutschland;EMZKL1;Größenklassen der Ertragsmesszahlen;;Insgesamt;FLNGK1;Größenklassen der veräußerten Fläche;FLCHA001B025;0,1 bis unter 0,25 ha;21258;EUR/ha;KAU004;Durchschnittlicher Kaufwert
61521;Kaufwerte für landwirtschaftliche Grundstücke;JAHR;Jahr;1991;DINSG;Deutschland insgesamt;DG;Deutschland;EMZKL1;Größenklassen der Ertragsmesszahlen;EMZA30B40;30 bis unter 40;FLNGK1;Größenklassen der veräußerten Fläche;FLCHA050UM;5 und mehr ha;7410;EUR/ha;KAU004;Durchschnittlicher Kaufwert
61521;Kaufwerte für landwirtschaftliche Grundstücke;JAHR;Jahr;1996;DINSG;Deutschland insgesamt;DG;Deutschland;EMZKL1;Größenklassen der Ertragsmesszahlen;EMZU30;unter 30;FLNGK1;Größenklassen der veräußerten Fläche;FLCHA010B020;1 bis unter 2 ha;10800;EUR/ha;KAU004;Durchschnittlicher Kaufwert
61521;Kaufwerte für landwirtschaftliche Grundstücke;JAHR;Jahr;1992;DINSG;Deutschland insgesamt;DG;Deutschland;EMZKL1;Größenklassen der Ertragsmesszahlen;;Insgesamt;FLNGK1;Größenklassen der veräußerten Fläche;FLCHA001B025;0,1 bis unter 0,25 ha;21921;EUR/ha;KAU004;Durchschnittlicher Kaufwert
61521;Kaufwerte für landwirtschaftliche Grundstücke;JAHR;Jahr;2014;DINSG;Deutschland insgesamt;DG;Deutschland;EMZKL1;Größenklassen der Ertragsmesszahlen;EMZA30B40;30 bis unter 40;FLNGK1;Größenklassen der veräußerten Fläche;FLCHA050UM;5 und mehr ha;14480;EUR/ha;KAU004;Durchschnittlicher Kaufwert
61521;Kaufwerte für landwirtschaftliche Grundstücke;JAHR;Jahr;2014;DINSG;Deutschland insgesamt;DG;Deutschland;EMZKL1;Größenklassen der Ertragsmesszahlen;EMZU30;unter 30;FLNGK1;Größenklassen der veräußerten Fläche;FLCHA025B001;0,25 bis unter 1 ha;13375;EUR/ha;KAU004;Durchschnittlicher Kaufwert
61521;Kaufwerte für landwirtschaftliche Grundstücke;JAHR;Jahr;1997;DINSG;Deutschland insgesamt;DG;Deutschland;EMZKL1;Größenklassen der Ertragsmesszahlen;;Insgesamt;FLNGK1;Größenklassen der veräußerten Fläche;FLCHA050UM;5 und mehr ha;6999;EUR/ha;KAU004;Durchschnittlicher Kaufwert
61521;Kaufwerte für landwirtschaftliche Grundstücke;JAHR;Jahr;2020;DINSG;Deutschland insgesamt;DG;Deutschland;EMZKL1;Größenklassen der Ertragsmesszahlen;EMZA30B40;30 bis unter 40;FLNGK1;Größenklassen der veräußerten Fläche;FLCHA001B025;0,1 bis unter 0,25 ha;23237;EUR/ha;KAU004;Durchschnittlicher Kaufwert
61521;Kaufwerte für landwirtschaftliche Grundstücke;JAHR;Jahr;2009;DINSG;Deutschland insgesamt;DG;Deutschland;EMZKL1;Größenklassen der Ertragsmesszahlen;;Insgesamt;FLNGK1;Größenklassen der veräußerten Fläche;FLCHA020B050;2 bis unter 5 ha;13099;EUR/ha;KAU004;Durchschnittlicher Kaufwert
61521;Kaufwerte für landwirtschaftliche Grundstücke;JAHR;Jahr;2016;DINSG;Deutschland insgesamt;DG;Deutschland;EMZKL1;Größenklassen der Ertragsmesszahlen;;Insgesamt;FLNGK1;Größenklassen der veräußerten Fläche;FLCHA010B020;1 bis unter 2 ha;26224;EUR/ha;KAU004;Durchschnittlicher Kaufwert
61521;Kaufwerte für landwirtschaftliche Grundstücke;JAHR;Jahr;2017;DINSG;Deutschland insgesamt;DG;Deutschland;EMZKL1;Größenklassen der Ertragsmesszahlen;EMZA50B60;50 bis unter 60;FLNGK1;Größenklassen der veräußerten Fläche;;Insgesamt;31038;EUR/ha;KAU004;Durchschnittlicher Kaufwert
61521;Kaufwerte für landwirtschaftliche Grundstücke;JAHR;Jahr;1998;DINSG;Deutschland insgesamt;DG;Deutschland;EMZKL1;Größenklassen der Ertragsmesszahlen;EMZU30;unter 30;FLNGK1;Größenklassen der veräußerten Fläche;FLCHA020B050;2 bis unter 5 ha;10496;EUR/ha;KAU004;Durchschnittlicher Kaufwert
61521;Kaufwerte für landwirtschaftliche Grundstücke;JAHR;Jahr;2018;DINSG;Deutschland insgesamt;DG;Deutschland;EMZKL1;Größenklassen der Ertragsmesszahlen;EMZA40B50;40 bis unter 50;FLNGK1;Größenklassen der veräußerten Fläche;FLCHA001B025;0,1 bis unter 0,25 ha;21925;EUR/ha;KAU004;Durchschnittlicher Kaufwert
61521;Kaufwerte für landwirtschaftliche Grundstücke;JAHR;Jahr;2014;DINSG;Deutschland insgesamt;DG;Deutschland;EMZKL1;Größenklassen der Ertragsmesszahlen;EMZU30;unter 30;FLNGK1;Größenklassen der veräußerten Fläche;FLCHA010B020;1 bis unter 2 ha;15269;EUR/ha;KAU004;Durchschnittlicher Kaufwert
61521;Kaufwerte für landwirtschaftliche Grundstücke;JAHR;Jahr;2018;DINSG;Deutschland insgesamt;DG;Deutschland;EMZKL1;Größenklassen der Ertragsmesszahlen;EMZA30B40;30 bis unter 40;FLNGK1;Größenklassen der veräußerten Fläche;FLCHA010B020;1 bis unter 2 ha;22277;EUR/ha;KAU004;Durchschnittlicher Kaufwert
61521;Kaufwerte für landwirtschaftliche Grundstücke;JAHR;Jahr;1992;DINSG;Deutschland insgesamt;DG;Deutschland;EMZKL1;Größenklassen der Ertragsmesszahlen;EMZU30;unter 30;FLNGK1;Größenklassen der veräußerten Fläche;FLCHA025B001;0,25 bis unter 1 ha;12055;EUR/ha;KAU004;Durchschnittlicher Kaufwert
61521;Kaufwerte für landwirtschaftliche Grundstücke;JAHR;Jahr;2002;DINSG;Deutschland insgesamt;DG;Deutschland;EMZKL1;Größenklassen der Ertragsmesszahlen;EMZA50B60;50 bis unter 60;FLNGK1;Größenklassen der veräußerten Fläche;FLCHA050UM;5 und mehr ha;10209;EUR/ha;KAU004;Durchschnittlicher Kaufwert
61521;Kaufwerte für landwirtschaftliche Grundstücke;JAHR;Jahr;1997;DINSG;Deutschland insgesamt;DG;Deutschland;EMZKL1;Größenklassen der Ertragsmesszahlen;EMZA50B60;50 bis unter 60;FLNGK1;Größenklassen der veräußerten Fläche;FLCHA050UM;5 und mehr ha;10885;EUR/ha;KAU004;Durchschnittlicher Kaufwert
61521;Kaufwerte für landwirtschaftliche Grundstücke;JAHR;Jahr;2014;DINSG;Deutschland insgesamt;DG;Deutschland;EMZKL1;Größenklassen der Ertragsmesszahlen;EMZA60UM;60 und mehr;FLNGK1;Größenklassen der veräußerten Fläche;;Insgesamt;25914;EUR/ha;KAU004;Durchschnittlicher Kaufwert
61521;Kaufwerte für landwirtschaftliche Grundstücke;JAHR;Jahr;2013;DINSG;Deutschland insgesamt;DG;Deutschland;EMZKL1;Größenklassen der Ertragsmesszahlen;EMZA40B50;40 bis unter 50;FLNGK1;Größenklassen der veräußerten Fläche;FLCHA050UM;5 und mehr ha;17137;EUR/ha;KAU004;Durchschnittlicher Kaufwert
61521;Kaufwerte für landwirtschaftliche Grundstücke;JAHR;Jahr;2012;DINSG;Deutschland insgesamt;DG;Deutschland;EMZKL1;Größenklassen der Ertragsmesszahlen;EMZA40B50;40 bis unter 50;FLNGK1;Größenklassen der veräußerten Fläche;;Insgesamt;15143;EUR/ha;KAU004;Durchschnittlicher Kaufwert
61521;Kaufwerte für landwirtschaftliche Grundstücke;JAHR;Jahr;1999;DINSG;Deutschland insgesamt;DG;Deutschland;EMZKL1;Größenklassen der Ertragsmesszahlen;EMZA30B40;30 bis unter 40;FLNGK1;Größenklassen der veräußerten Fläche;FLCHA001B025;0,1 bis unter 0,25 ha;14572;EUR/ha;KAU004;Durchschnittlicher Kaufwert
61521;Kaufwerte für landwirtschaftliche Grundstücke;JAHR;Jahr;2004;DINSG;Deutschland insgesamt;DG;Deutschland;EMZKL1;Größenklassen der Ertragsmesszahlen;EMZA60UM;60 und mehr;FLNGK1;Größenklassen der veräußerten Fläche;;Insgesamt;15368;EUR/ha;KAU004;Durchschnittlicher Kaufwert
61521;Kaufwerte für landwirtschaftliche Grundstücke;JAHR;Jahr;2009;DINSG;Deutschland insgesamt;DG;Deutschland;EMZKL1;Größenklassen der Ertragsmesszahlen;EMZA60UM;60 und mehr;FLNGK1;Größenklassen der veräußerten Fläche;FLCHA020B050;2 bis unter 5 ha;18927;EUR/ha;KAU004;Durchschnittlicher Kaufwert
61521;Kaufwerte für landwirtschaftliche Grundstücke;JAHR;Jahr;2002;DINSG;Deutschland insgesamt;DG;Deutschland;EMZKL1;Größenklassen der Ertragsmesszahlen;EMZU30;unter 30;FLNGK1;Größenklassen der veräußerten Fläche;FLCHA001B025;0,1 bis unter 0,25 ha;11748;EUR/ha;KAU004;Durchschnittlicher Kaufwert
61521;Kaufwerte für landwirtschaftliche Grundstücke;JAHR;Jahr;1997;DINSG;Deutschland insgesamt;DG;Deutschland;EMZKL1;Größenklassen der Ertragsmesszahlen;EMZA30B40;30 bis unter 40;FLNGK1;Größenklassen der veräußerten Fläche;;Insgesamt;7251;EUR/ha;KAU004;Durchschnittlicher Kaufwert
61521;Kaufwerte für landwirtschaftliche Grundstücke;JAHR;Jahr;2017;DINSG;Deutschland insgesamt;DG;Deutschland;EMZKL1;Größenklassen der Ertragsmesszahlen;EMZA40B50;40 bis unter 50;FLNGK1;Größenklassen der veräußerten Fläche;;Insgesamt;25200;EUR/ha;KAU004;Durchschnittlicher Kaufwert
61521;Kaufwerte für landwirtschaftliche Grundstücke;JAHR;Jahr;2016;DINSG;Deutschland insgesamt;DG;Deutschland;EMZKL1;Größenklassen der Ertragsmesszahlen;EMZA40B50;40 bis unter 50;FLNGK1;Größenklassen der veräußerten Fläche;;Insgesamt;23371;EUR/ha;KAU004;Durchschnittlicher Kaufwert
61521;Kaufwerte für landwirtschaftliche Grundstücke;JAHR;Jahr;1992;DINSG;Deutschland insgesamt;DG;Deutschland;EMZKL1;Größenklassen der Ertragsmesszahlen;EMZA30B40;30 bis unter 40;FLNGK1;Größenklassen der veräußerten Fläche;;Insgesamt;9318;EUR/ha;KAU004;Durchschnittlicher Kaufwert
61521;Kaufwerte für landwirtschaftliche Grundstücke;JAHR;Jahr;1993;DINSG;Deutschland insgesamt;DG;Deutschland;EMZKL1;Größenklassen der Ertragsmesszahlen;EMZA30B40;30 bis unter 40;FLNGK1;Größenklassen der veräußerten Fläche;;Insgesamt;9336;EUR/ha;KAU004;Durchschnittlicher Kaufwert
61521;Kaufwerte für landwirtschaftliche Grundstücke;JAHR;Jahr;1991;DINSG;Deutschland insgesamt;DG;Deutschland;EMZKL1;Größenklassen der Ertragsmesszahlen;EMZU30;unter 30;FLNGK1;Größenklassen der veräußerten Fläche;FLCHA025B001;0,25 bis unter 1 ha;12326;EUR/ha;KAU004;Durchschnittlicher Kaufwert
61521;Kaufwerte für landwirtschaftliche Grundstücke;JAHR;Jahr;2009;DINSG;Deutschland insgesamt;DG;Deutschland;EMZKL1;Größenklassen der Ertragsmesszahlen;;Insgesamt;FLNGK1;Größenklassen der veräußerten Fläche;FLCHA001B025;0,1 bis unter 0,25 ha;18184;EUR/ha;KAU004;Durchschnittlicher Kaufwert
61521;Kaufwerte für landwirtschaftliche Grundstücke;JAHR;Jahr;2006;DINSG;Deutschland insgesamt;DG;Deutschland;EMZKL1;Größenklassen der Ertragsmesszahlen;EMZA60UM;60 und mehr;FLNGK1;Größenklassen der veräußerten Fläche;FLCHA050UM;5 und mehr ha;13214;EUR/ha;KAU004;Durchschnittlicher Kaufwert
61521;Kaufwerte für landwirtschaftliche Grundstücke;JAHR;Jahr;2017;DINSG;Deutschland insgesamt;DG;Deutschland;EMZKL1;Größenklassen der Ertragsmesszahlen;EMZA40B50;40 bis unter 50;FLNGK1;Größenklassen der veräußerten Fläche;FLCHA001B025;0,1 bis unter 0,25 ha;28302;EUR/ha;KAU004;Durchschnittlicher Kaufwert
61521;Kaufwerte für landwirtschaftliche Grundstücke;JAHR;Jahr;1996;DINSG;Deutschland insgesamt;DG;Deutschland;EMZKL1;Größenklassen der Ertragsmesszahlen;EMZA60UM;60 und mehr;FLNGK1;Größenklassen der veräußerten Fläche;FLCHA020B050;2 bis unter 5 ha;16857;EUR/ha;KAU004;Durchschnittlicher Kaufwert
61521;Kaufwerte für landwirtschaftliche Grundstücke;JAHR;Jahr;2011;DINSG;Deutschland insgesamt;DG;Deutschland;EMZKL1;Größenklassen der Ertragsmesszahlen;EMZA60UM;60 und mehr;FLNGK1;Größenklassen der veräußerten Fläche;FLCHA010B020;1 bis unter 2 ha;22015;EUR/ha;KAU004;Durchschnittlicher Kaufwert
61521;Kaufwerte für landwirtschaftliche Grundstücke;JAHR;Jahr;2001;DINSG;Deutschland insgesamt;DG;Deutschland;EMZKL1;Größenklassen der Ertragsmesszahlen;EMZU30;unter 30;FLNGK1;Größenklassen der veräußerten Fläche;FLCHA001B025;0,1 bis unter 0,25 ha;12072;EUR/ha;KAU004;Durchschnittlicher Kaufwert
61521;Kaufwerte für landwirtschaftliche Grundstücke;JAHR;Jahr;1995;DINSG;Deutschland insgesamt;DG;Deutschland;EMZKL1;Größenklassen der Ertragsmesszahlen;EMZU30;unter 30;FLNGK1;Größenklassen der veräußerten Fläche;FLCHA010B020;1 bis unter 2 ha;12327;EUR/ha;KAU004;Durchschnittlicher Kaufwert
61521;Kaufwerte für landwirtschaftliche Grundstücke;JAHR;Jahr;2006;DINSG;Deutschland insgesamt;DG;Deutschland;EMZKL1;Größenklassen der Ertragsmesszahlen;EMZA50B60;50 bis unter 60;FLNGK1;Größenklassen der veräußerten Fläche;;Insgesamt;12293;EUR/ha;KAU004;Durchschnittlicher Kaufwert
61521;Kaufwerte für landwirtschaftliche Grundstücke;JAHR;Jahr;2020;DINSG;Deutschland insgesamt;DG;Deutschland;EMZKL1;Größenklassen der Ertragsmesszahlen;EMZA40B50;40 bis unter 50;FLNGK1;Größenklassen der veräußerten Fläche;FLCHA001B025;0,1 bis unter 0,25 ha;22267;EUR/ha;KAU004;Durchschnittlicher Kaufwert
61521;Kaufwerte für landwirtschaftliche Grundstücke;JAHR;Jahr;2018;DINSG;Deutschland insgesamt;DG;Deutschland;EMZKL1;Größenklassen der Ertragsmesszahlen;;Insgesamt;FLNGK1;Größenklassen der veräußerten Fläche;FLCHA025B001;0,25 bis unter 1 ha;25266;EUR/ha;KAU004;Durchschnittlicher Kaufwert
61521;Kaufwerte für landwirtschaftliche Grundstücke;JAHR;Jahr;1995;DINSG;Deutschland insgesamt;DG;Deutschland;EMZKL1;Größenklassen der Ertragsmesszahlen;;Insgesamt;FLNGK1;Größenklassen der veräußerten Fläche;FLCHA025B001;0,25 bis unter 1 ha;16942;EUR/ha;KAU004;Durchschnittlicher Kaufwert
61521;Kaufwerte für landwirtschaftliche Grundstücke;JAHR;Jahr;2013;DINSG;Deutschland insgesamt;DG;Deutschland;EMZKL1;Größenklassen der Ertragsmesszahlen;EMZU30;unter 30;FLNGK1;Größenklassen der veräußerten Fläche;FLCHA020B050;2 bis unter 5 ha;16062;EUR/ha;KAU004;Durchschnittlicher Kaufwert
61521;Kaufwerte für landwirtschaftliche Grundstücke;JAHR;Jahr;2018;DINSG;Deutschland insgesamt;DG;Deutschland;EMZKL1;Größenklassen der Ertragsmesszahlen;EMZA60UM;60 und mehr;FLNGK1;Größenklassen der veräußerten Fläche;FLCHA020B050;2 bis unter 5 ha;41890;EUR/ha;KAU004;Durchschnittlicher Kaufwert
61521;Kaufwerte für landwirtschaftliche Grundstücke;JAHR;Jahr;2018;DINSG;Deutschland insgesamt;DG;Deutschland;EMZKL1;Größenklassen der Ertragsmesszahlen;EMZA30B40;30 bis unter 40;FLNGK1;Größenklassen der veräußerten Fläche;FLCHA050UM;5 und mehr ha;17444;EUR/ha;KAU004;Durchschnittlicher Kaufwert
61521;Kaufwerte für landwirtschaftliche Grundstücke;JAHR;Jahr;2000;DINSG;Deutschland insgesamt;DG;Deutschland;EMZKL1;Größenklassen der Ertragsmesszahlen;EMZA40B50;40 bis unter 50;FLNGK1;Größenklassen der veräußerten Fläche;FLCHA025B001;0,25 bis unter 1 ha;12966;EUR/ha;KAU004;Durchschnittlicher Kaufwert
61521;Kaufwerte für landwirtschaftliche Grundstücke;JAHR;Jahr;1996;DINSG;Deutschland insgesamt;DG;Deutschland;EMZKL1;Größenklassen der Ertragsmesszahlen;;Insgesamt;FLNGK1;Größenklassen der veräußerten Fläche;;Insgesamt;10394;EUR/ha;KAU004;Durchschnittlicher Kaufwert
61521;Kaufwerte für landwirtschaftliche Grundstücke;JAHR;Jahr;2005;DINSG;Deutschland insgesamt;DG;Deutschland;EMZKL1;Größenklassen der Ertragsmesszahlen;;Insgesamt;FLNGK1;Größenklassen der veräußerten Fläche;FLCHA050UM;5 und mehr ha;6937;EUR/ha;KAU004;Durchschnittlicher Kaufwert
61521;Kaufwerte für landwirtschaftliche Grundstücke;JAHR;Jahr;1999;DINSG;Deutschland insgesamt;DG;Deutschland;EMZKL1;Größenklassen der Ertragsmesszahlen;EMZA50B60;50 bis unter 60;FLNGK1;Größenklassen der veräußerten Fläche;FLCHA010B020;1 bis unter 2 ha;18078;EUR/ha;KAU004;Durchschnittlicher Kaufwert
61521;Kaufwerte für landwirtschaftliche Grundstücke;JAHR;Jahr;2017;DINSG;Deutschland insgesamt;DG;Deutschland;EMZKL1;Größenklassen der Ertragsmesszahlen;EMZU30;unter 30;FLNGK1;Größenklassen der veräußerten Fläche;FLCHA025B001;0,25 bis unter 1 ha;17341;EUR/ha;KAU004;Durchschnittlicher Kaufwert
61521;Kaufwerte für landwirtschaftliche Grundstücke;JAHR;Jahr;2003;DINSG;Deutschland insgesamt;DG;Deutschland;EMZKL1;Größenklassen der Ertragsmesszahlen;EMZA60UM;60 und mehr;FLNGK1;Größenklassen der veräußerten Fläche;;Insgesamt;14921;EUR/ha;KAU004;Durchschnittlicher Kaufwert
61521;Kaufwerte für landwirtschaftliche Grundstücke;JAHR;Jahr;2003;DINSG;Deutschland insgesamt;DG;Deutschland;EMZKL1;Größenklassen der Ertragsmesszahlen;;Insgesamt;FLNGK1;Größenklassen der veräußerten Fläche;FLCHA050UM;5 und mehr ha;6926;EUR/ha;KAU004;Durchschnittlicher Kaufwert
61521;Kaufwerte für landwirtschaftliche Grundstücke;JAHR;Jahr;2000;DINSG;Deutschland insgesamt;DG;Deutschland;EMZKL1;Größenklassen der Ertragsmesszahlen;;Insgesamt;FLNGK1;Größenklassen der veräußerten Fläche;FLCHA020B050;2 bis unter 5 ha;12644;EUR/ha;KAU004;Durchschnittlicher Kaufwert
61521;Kaufwerte für landwirtschaftliche Grundstücke;JAHR;Jahr;2005;DINSG;Deutschland insgesamt;DG;Deutschland;EMZKL1;Größenklassen der Ertragsmesszahlen;;Insgesamt;FLNGK1;Größenklassen der veräußerten Fläche;;Insgesamt;8692;EUR/ha;KAU004;Durchschnittlicher Kaufwert
61521;Kaufwerte für landwirtschaftliche Grundstücke;JAHR;Jahr;2003;DINSG;Deutschland insgesamt;DG;Deutschland;EMZKL1;Größenklassen der Ertragsmesszahlen;EMZA40B50;40 bis unter 50;FLNGK1;Größenklassen der veräußerten Fläche;FLCHA050UM;5 und mehr ha;6354;EUR/ha;KAU004;Durchschnittlicher Kaufwert
61521;Kaufwerte für landwirtschaftliche Grundstücke;JAHR;Jahr;1992;DINSG;Deutschland insgesamt;DG;Deutschland;EMZKL1;Größenklassen der Ertragsmesszahlen;EMZU30;unter 30;FLNGK1;Größenklassen der veräußerten Fläche;FLCHA010B020;1 bis unter 2 ha;12029;EUR/ha;KAU004;Durchschnittlicher Kaufwert
61521;Kaufwerte für landwirtschaftliche Grundstücke;JAHR;Jahr;2011;DINSG;Deutschland insgesamt;DG;Deutschland;EMZKL1;Größenklassen der Ertragsmesszahlen;EMZU30;unter 30;FLNGK1;Größenklassen der veräußerten Fläche;FLCHA010B020;1 bis unter 2 ha;10743;EUR/ha;KAU004;Durchschnittlicher Kaufwert
61521;Kaufwerte für landwirtschaftliche Grundstücke;JAHR;Jahr;2019;DINSG;Deutschland insgesamt;DG;Deutschland;EMZKL1;Größenklassen der Ertragsmesszahlen;EMZA60UM;60 und mehr;FLNGK1;Größenklassen der veräußerten Fläche;FLCHA020B050;2 bis unter 5 ha;40456;EUR/ha;KAU004;Durchschnittlicher Kaufwert
61521;Kaufwerte für landwirtschaftliche Grundstücke;JAHR;Jahr;2006;DINSG;Deutschland insgesamt;DG;Deutschland;EMZKL1;Größenklassen der Ertragsmesszahlen;EMZA50B60;50 bis unter 60;FLNGK1;Größenklassen der veräußerten Fläche;FLCHA050UM;5 und mehr ha;9142;EUR/ha;KAU004;Durchschnittlicher Kaufwert
61521;Kaufwerte für landwirtschaftliche Grundstücke;JAHR;Jahr;2012;DINSG;Deutschland insgesamt;DG;Deutschland;EMZKL1;Größenklassen der Ertragsmesszahlen;EMZA50B60;50 bis unter 60;FLNGK1;Größenklassen der veräußerten Fläche;FLCHA001B025;0,1 bis unter 0,25 ha;22060;EUR/ha;KAU004;Durchschnittlicher Kaufwert
61521;Kaufwerte für landwirtschaftliche Grundstücke;JAHR;Jahr;2008;DINSG;Deutschland insgesamt;DG;Deutschland;EMZKL1;Größenklassen der Ertragsmesszahlen;;Insgesamt;FLNGK1;Größenklassen der veräußerten Fläche;FLCHA025B001;0,25 bis unter 1 ha;12858;EUR/ha;KAU004;Durchschnittlicher Kaufwert
61521;Kaufwerte für landwirtschaftliche Grundstücke;JAHR;Jahr;1997;DINSG;Deutschland insgesamt;DG;Deutschland;EMZKL1;Größenklassen der Ertragsmesszahlen;EMZA30B40;30 bis unter 40;FLNGK1;Größenklassen der veräußerten Fläche;FLCHA001B025;0,1 bis unter 0,25 ha;15277;EUR/ha;KAU004;Durchschnittlicher Kaufwert
61521;Kaufwerte für landwirtschaftliche Grundstücke;JAHR;Jahr;2001;DINSG;Deutschland insgesamt;DG;Deutschland;EMZKL1;Größenklassen der Ertragsmesszahlen;;Insgesamt;FLNGK1;Größenklassen der veräußerten Fläche;FLCHA001B025;0,1 bis unter 0,25 ha;19958;EUR/ha;KAU004;Durchschnittlicher Kaufwert
61521;Kaufwerte für landwirtschaftliche Grundstücke;JAHR;Jahr;2020;DINSG;Deutschland insgesamt;DG;Deutschland;EMZKL1;Größenklassen der Ertragsmesszahlen;EMZA50B60;50 bis unter 60;FLNGK1;Größenklassen der veräußerten Fläche;FLCHA010B020;1 bis unter 2 ha;44400;EUR/ha;KAU004;Durchschnittlicher Kaufwert
61521;Kaufwerte für landwirtschaftliche Grundstücke;JAHR;Jahr;2010;DINSG;Deutschland insgesamt;DG;Deutschland;EMZKL1;Größenklassen der Ertragsmesszahlen;EMZA50B60;50 bis unter 60;FLNGK1;Größenklassen der veräußerten Fläche;;Insgesamt;15915;EUR/ha;KAU004;Durchschnittlicher Kaufwert
61521;Kaufwerte für landwirtschaftliche Grundstücke;JAHR;Jahr;2012;DINSG;Deutschland insgesamt;DG;Deutschland;EMZKL1;Größenklassen der Ertragsmesszahlen;EMZA50B60;50 bis unter 60;FLNGK1;Größenklassen der veräußerten Fläche;;Insgesamt;18178;EUR/ha;KAU004;Durchschnittlicher Kaufwert
61521;Kaufwerte für landwirtschaftliche Grundstücke;JAHR;Jahr;2018;DINSG;Deutschland insgesamt;DG;Deutschland;EMZKL1;Größenklassen der Ertragsmesszahlen;EMZU30;unter 30;FLNGK1;Größenklassen der veräußerten Fläche;FLCHA010B020;1 bis unter 2 ha;22191;EUR/ha;KAU004;Durchschnittlicher Kaufwert
61521;Kaufwerte für landwirtschaftliche Grundstücke;JAHR;Jahr;2001;DINSG;Deutschland insgesamt;DG;Deutschland;EMZKL1;Größenklassen der Ertragsmesszahlen;EMZA50B60;50 bis unter 60;FLNGK1;Größenklassen der veräußerten Fläche;FLCHA010B020;1 bis unter 2 ha;16753;EUR/ha;KAU004;Durchschnittlicher Kaufwert
61521;Kaufwerte für landwirtschaftliche Grundstücke;JAHR;Jahr;2009;DINSG;Deutschland insgesamt;DG;Deutschland;EMZKL1;Größenklassen der Ertragsmesszahlen;EMZA40B50;40 bis unter 50;FLNGK1;Größenklassen der veräußerten Fläche;FLCHA010B020;1 bis unter 2 ha;13617;EUR/ha;KAU004;Durchschnittlicher Kaufwert
61521;Kaufwerte für landwirtschaftliche Grundstücke;JAHR;Jahr;2016;DINSG;Deutschland insgesamt;DG;Deutschland;EMZKL1;Größenklassen der Ertragsmesszahlen;EMZA50B60;50 bis unter 60;FLNGK1;Größenklassen der veräußerten Fläche;;Insgesamt;29631;EUR/ha;KAU004;Durchschnittlicher Kaufwert
61521;Kaufwerte für landwirtschaftliche Grundstücke;JAHR;Jahr;2020;DINSG;Deutschland insgesamt;DG;Deutschland;EMZKL1;Größenklassen der Ertragsmesszahlen;EMZA50B60;50 bis unter 60;FLNGK1;Größenklassen der veräußerten Fläche;FLCHA025B001;0,25 bis unter 1 ha;32419;EUR/ha;KAU004;Durchschnittlicher Kaufwert
61521;Kaufwerte für landwirtschaftliche Grundstücke;JAHR;Jahr;2019;DINSG;Deutschland insgesamt;DG;Deutschland;EMZKL1;Größenklassen der Ertragsmesszahlen;;Insgesamt;FLNGK1;Größenklassen der veräußerten Fläche;FLCHA001B025;0,1 bis unter 0,25 ha;25017;EUR/ha;KAU004;Durchschnittlicher Kaufwert
61521;Kaufwerte für landwirtschaftliche Grundstücke;JAHR;Jahr;2010;DINSG;Deutschland insgesamt;DG;Deutschland;EMZKL1;Größenklassen der Ertragsmesszahlen;EMZU30;unter 30;FLNGK1;Größenklassen der veräußerten Fläche;FLCHA025B001;0,25 bis unter 1 ha;10114;EUR/ha;KAU004;Durchschnittlicher Kaufwert
61521;Kaufwerte für landwirtschaftliche Grundstücke;JAHR;Jahr;2009;DINSG;Deutschland insgesamt;DG;Deutschland;EMZKL1;Größenklassen der Ertragsmesszahlen;EMZA50B60;50 bis unter 60;FLNGK1;Größenklassen der veräußerten Fläche;FLCHA001B025;0,1 bis unter 0,25 ha;21970;EUR/ha;KAU004;Durchschnittlicher Kaufwert
61521;Kaufwerte für landwirtschaftliche Grundstücke;JAHR;Jahr;2008;DINSG;Deutschland insgesamt;DG;Deutschland;EMZKL1;Größenklassen der Ertragsmesszahlen;EMZA30B40;30 bis unter 40;FLNGK1;Größenklassen der veräußerten Fläche;FLCHA050UM;5 und mehr ha;5986;EUR/ha;KAU004;Durchschnittlicher Kaufwert
61521;Kaufwerte für landwirtschaftliche Grundstücke;JAHR;Jahr;1994;DINSG;Deutschland insgesamt;DG;Deutschland;EMZKL1;Größenklassen der Ertragsmesszahlen;EMZU30;unter 30;FLNGK1;Größenklassen der veräußerten Fläche;FLCHA020B050;2 bis unter 5 ha;11383;EUR/ha;KAU004;Durchschnittlicher Kaufwert
61521;Kaufwerte für landwirtschaftliche Grundstücke;JAHR;Jahr;1996;DINSG;Deutschland insgesamt;DG;Deutschland;EMZKL1;Größenklassen der Ertragsmesszahlen;;Insgesamt;FLNGK1;Größenklassen der veräußerten Fläche;FLCHA001B025;0,1 bis unter 0,25 ha;22141;EUR/ha;KAU004;Durchschnittlicher Kaufwert
61521;Kaufwerte für landwirtschaftliche Grundstücke;JAHR;Jahr;2018;DINSG;Deutschland insgesamt;DG;Deutschland;EMZKL1;Größenklassen der Ertragsmesszahlen;;Insgesamt;FLNGK1;Größenklassen der veräußerten Fläche;;Insgesamt;25485;EUR/ha;KAU004;Durchschnittlicher Kaufwert
61521;Kaufwerte für landwirtschaftliche Grundstücke;JAHR;Jahr;1999;DINSG;Deutschland insgesamt;DG;Deutschland;EMZKL1;Größenklassen der Ertragsmesszahlen;;Insgesamt;FLNGK1;Größenklassen der veräußerten Fläche;FLCHA025B001;0,25 bis unter 1 ha;15108;EUR/ha;KAU004;Durchschnittlicher Kaufwert
61521;Kaufwerte für landwirtschaftliche Grundstücke;JAHR;Jahr;2020;DINSG;Deutschland insgesamt;DG;Deutschland;EMZKL1;Größenklassen der Ertragsmesszahlen;EMZA40B50;40 bis unter 50;FLNGK1;Größenklassen der veräußerten Fläche;FLCHA020B050;2 bis unter 5 ha;33354;EUR/ha;KAU004;Durchschnittlicher Kaufwert
61521;Kaufwerte für landwirtschaftliche Grundstücke;JAHR;Jahr;2004;DINSG;Deutschland insgesamt;DG;Deutschland;EMZKL1;Größenklassen der Ertragsmesszahlen;EMZA50B60;50 bis unter 60;FLNGK1;Größenklassen der veräußerten Fläche;FLCHA025B001;0,25 bis unter 1 ha;15704;EUR/ha;KAU004;Durchschnittlicher Kaufwert
61521;Kaufwerte für landwirtschaftliche Grundstücke;JAHR;Jahr;2005;DINSG;Deutschland insgesamt;DG;Deutschland;EMZKL1;Größenklassen der Ertragsmesszahlen;EMZA30B40;30 bis unter 40;FLNGK1;Größenklassen der veräußerten Fläche;FLCHA010B020;1 bis unter 2 ha;9142;EUR/ha;KAU004;Durchschnittlicher Kaufwert
61521;Kaufwerte für landwirtschaftliche Grundstücke;JAHR;Jahr;2005;DINSG;Deutschland insgesamt;DG;Deutschland;EMZKL1;Größenklassen der Ertragsmesszahlen;;Insgesamt;FLNGK1;Größenklassen der veräußerten Fläche;FLCHA001B025;0,1 bis unter 0,25 ha;18058;EUR/ha;KAU004;Durchschnittlicher Kaufwert
61521;Kaufwerte für landwirtschaftliche Grundstücke;JAHR;Jahr;2002;DINSG;Deutschland insgesamt;DG;Deutschland;EMZKL1;Größenklassen der Ertragsmesszahlen;EMZA50B60;50 bis unter 60;FLNGK1;Größenklassen der veräußerten Fläche;FLCHA010B020;1 bis unter 2 ha;17062;EUR/ha;KAU004;Durchschnittlicher Kaufwert
61521;Kaufwerte für landwirtschaftliche Grundstücke;JAHR;Jahr;2006;DINSG;Deutschland insgesamt;DG;Deutschland;EMZKL1;Größenklassen der Ertragsmesszahlen;EMZA30B40;30 bis unter 40;FLNGK1;Größenklassen der veräußerten Fläche;FLCHA010B020;1 bis unter 2 ha;8823;EUR/ha;KAU004;Durchschnittlicher Kaufwert
61521;Kaufwerte für landwirtschaftliche Grundstücke;JAHR;Jahr;2005;DINSG;Deutschland insgesamt;DG;Deutschland;EMZKL1;Größenklassen der Ertragsmesszahlen;;Insgesamt;FLNGK1;Größenklassen der veräußerten Fläche;FLCHA020B050;2 bis unter 5 ha;10813;EUR/ha;KAU004;Durchschnittlicher Kaufwert
61521;Kaufwerte für landwirtschaftliche Grundstücke;JAHR;Jahr;2003;DINSG;Deutschland insgesamt;DG;Deutschland;EMZKL1;Größenklassen der Ertragsmesszahlen;EMZA50B60;50 bis unter 60;FLNGK1;Größenklassen der veräußerten Fläche;FLCHA025B001;0,25 bis unter 1 ha;17430;EUR/ha;KAU004;Durchschnittlicher Kaufwert
61521;Kaufwerte für landwirtschaftliche Grundstücke;JAHR;Jahr;2004;DINSG;Deutschland insgesamt;DG;Deutschland;EMZKL1;Größenklassen der Ertragsmesszahlen;EMZA30B40;30 bis unter 40;FLNGK1;Größenklassen der veräußerten Fläche;FLCHA050UM;5 und mehr ha;5063;EUR/ha;KAU004;Durchschnittlicher Kaufwert
61521;Kaufwerte für landwirtschaftliche Grundstücke;JAHR;Jahr;1995;DINSG;Deutschland insgesamt;DG;Deutschland;EMZKL1;Größenklassen der Ertragsmesszahlen;EMZU30;unter 30;FLNGK1;Größenklassen der veräußerten Fläche;FLCHA025B001;0,25 bis unter 1 ha;12314;EUR/ha;KAU004;Durchschnittlicher Kaufwert
61521;Kaufwerte für landwirtschaftliche Grundstücke;JAHR;Jahr;1993;DINSG;Deutschland insgesamt;DG;Deutschland;EMZKL1;Größenklassen der Ertragsmesszahlen;EMZU30;unter 30;FLNGK1;Größenklassen der veräußerten Fläche;FLCHA050UM;5 und mehr ha;6284;EUR/ha;KAU004;Durchschnittlicher Kaufwert
61521;Kaufwerte für landwirtschaftliche Grundstücke;JAHR;Jahr;1997;DINSG;Deutschland insgesamt;DG;Deutschland;EMZKL1;Größenklassen der Ertragsmesszahlen;EMZU30;unter 30;FLNGK1;Größenklassen der veräußerten Fläche;FLCHA050UM;5 und mehr ha;7091;EUR/ha;KAU004;Durchschnittlicher Kaufwert
61521;Kaufwerte für landwirtschaftliche Grundstücke;JAHR;Jahr;2010;DINSG;Deutschland insgesamt;DG;Deutschland;EMZKL1;Größenklassen der Ertragsmesszahlen;;Insgesamt;FLNGK1;Größenklassen der veräußerten Fläche;FLCHA050UM;5 und mehr ha;10613;EUR/ha;KAU004;Durchschnittlicher Kaufwert
61521;Kaufwerte für landwirtschaftliche Grundstücke;JAHR;Jahr;1999;DINSG;Deutschland insgesamt;DG;Deutschland;EMZKL1;Größenklassen der Ertragsmesszahlen;EMZU30;unter 30;FLNGK1;Größenklassen der veräußerten Fläche;FLCHA050UM;5 und mehr ha;4727;EUR/ha;KAU004;Durchschnittlicher Kaufwert
61521;Kaufwerte für landwirtschaftliche Grundstücke;JAHR;Jahr;1992;DINSG;Deutschland insgesamt;DG;Deutschland;EMZKL1;Größenklassen der Ertragsmesszahlen;EMZU30;unter 30;FLNGK1;Größenklassen der veräußerten Fläche;FLCHA050UM;5 und mehr ha;7985;EUR/ha;KAU004;Durchschnittlicher Kaufwert
61521;Kaufwerte für landwirtschaftliche Grundstücke;JAHR;Jahr;1998;DINSG;Deutschland insgesamt;DG;Deutschland;EMZKL1;Größenklassen der Ertragsmesszahlen;EMZU30;unter 30;FLNGK1;Größenklassen der veräußerten Fläche;FLCHA050UM;5 und mehr ha;6406;EUR/ha;KAU004;Durchschnittlicher Kaufwert
61521;Kaufwerte für landwirtschaftliche Grundstücke;JAHR;Jahr;1997;DINSG;Deutschland insgesamt;DG;Deutschland;EMZKL1;Größenklassen der Ertragsmesszahlen;;Insgesamt;FLNGK1;Größenklassen der veräußerten Fläche;;Insgesamt;9908;EUR/ha;KAU004;Durchschnittlicher Kaufwert
61521;Kaufwerte für landwirtschaftliche Grundstücke;JAHR;Jahr;2008;DINSG;Deutschland insgesamt;DG;Deutschland;EMZKL1;Größenklassen der Ertragsmesszahlen;EMZA50B60;50 bis unter 60;FLNGK1;Größenklassen der veräußerten Fläche;FLCHA001B025;0,1 bis unter 0,25 ha;19509;EUR/ha;KAU004;Durchschnittlicher Kaufwert
61521;Kaufwerte für landwirtschaftliche Grundstücke;JAHR;Jahr;1999;DINSG;Deutschland insgesamt;DG;Deutschland;EMZKL1;Größenklassen der Ertragsmesszahlen;EMZU30;unter 30;FLNGK1;Größenklassen der veräußerten Fläche;FLCHA010B020;1 bis unter 2 ha;10110;EUR/ha;KAU004;Durchschnittlicher Kaufwert
61521;Kaufwerte für landwirtschaftliche Grundstücke;JAHR;Jahr;2007;DINSG;Deutschland insgesamt;DG;Deutschland;EMZKL1;Größenklassen der Ertragsmesszahlen;EMZA30B40;30 bis unter 40;FLNGK1;Größenklassen der veräußerten Fläche;FLCHA025B001;0,25 bis unter 1 ha;9337;EUR/ha;KAU004;Durchschnittlicher Kaufwert
61521;Kaufwerte für landwirtschaftliche Grundstücke;JAHR;Jahr;1996;DINSG;Deutschland insgesamt;DG;Deutschland;EMZKL1;Größenklassen der Ertragsmesszahlen;;Insgesamt;FLNGK1;Größenklassen der veräußerten Fläche;FLCHA020B050;2 bis unter 5 ha;13722;EUR/ha;KAU004;Durchschnittlicher Kaufwert
61521;Kaufwerte für landwirtschaftliche Grundstücke;JAHR;Jahr;2019;DINSG;Deutschland insgesamt;DG;Deutschland;EMZKL1;Größenklassen der Ertragsmesszahlen;;Insgesamt;FLNGK1;Größenklassen der veräußerten Fläche;FLCHA020B050;2 bis unter 5 ha;31118;EUR/ha;KAU004;Durchschnittlicher Kaufwert
61521;Kaufwerte für landwirtschaftliche Grundstücke;JAHR;Jahr;2005;DINSG;Deutschland insgesamt;DG;Deutschland;EMZKL1;Größenklassen der Ertragsmesszahlen;EMZU30;unter 30;FLNGK1;Größenklassen der veräußerten Fläche;FLCHA001B025;0,1 bis unter 0,25 ha;11885;EUR/ha;KAU004;Durchschnittlicher Kaufwert
61521;Kaufwerte für landwirtschaftliche Grundstücke;JAHR;Jahr;2010;DINSG;Deutschland insgesamt;DG;Deutschland;EMZKL1;Größenklassen der Ertragsmesszahlen;EMZA50B60;50 bis unter 60;FLNGK1;Größenklassen der veräußerten Fläche;FLCHA020B050;2 bis unter 5 ha;18464;EUR/ha;KAU004;Durchschnittlicher Kaufwert
61521;Kaufwerte für landwirtschaftliche Grundstücke;JAHR;Jahr;2011;DINSG;Deutschland insgesamt;DG;Deutschland;EMZKL1;Größenklassen der Ertragsmesszahlen;EMZA50B60;50 bis unter 60;FLNGK1;Größenklassen der veräußerten Fläche;FLCHA001B025;0,1 bis unter 0,25 ha;22492;EUR/ha;KAU004;Durchschnittlicher Kaufwert
61521;Kaufwerte für landwirtschaftliche Grundstücke;JAHR;Jahr;2010;DINSG;Deutschland insgesamt;DG;Deutschland;EMZKL1;Größenklassen der Ertragsmesszahlen;EMZA30B40;30 bis unter 40;FLNGK1;Größenklassen der veräußerten Fläche;FLCHA025B001;0,25 bis unter 1 ha;10515;EUR/ha;KAU004;Durchschnittlicher Kaufwert
61521;Kaufwerte für landwirtschaftliche Grundstücke;JAHR;Jahr;1998;DINSG;Deutschland insgesamt;DG;Deutschland;EMZKL1;Größenklassen der Ertragsmesszahlen;EMZA40B50;40 bis unter 50;FLNGK1;Größenklassen der veräußerten Fläche;FLCHA050UM;5 und mehr ha;5235;EUR/ha;KAU004;Durchschnittlicher Kaufwert
61521;Kaufwerte für landwirtschaftliche Grundstücke;JAHR;Jahr;2006;DINSG;Deutschland insgesamt;DG;Deutschland;EMZKL1;Größenklassen der Ertragsmesszahlen;;Insgesamt;FLNGK1;Größenklassen der veräußerten Fläche;;Insgesamt;8909;EUR/ha;KAU004;Durchschnittlicher Kaufwert
61521;Kaufwerte für landwirtschaftliche Grundstücke;JAHR;Jahr;1998;DINSG;Deutschland insgesamt;DG;Deutschland;EMZKL1;Größenklassen der Ertragsmesszahlen;EMZA30B40;30 bis unter 40;FLNGK1;Größenklassen der veräußerten Fläche;FLCHA001B025;0,1 bis unter 0,25 ha;15195;EUR/ha;KAU004;Durchschnittlicher Kaufwert
61521;Kaufwerte für landwirtschaftliche Grundstücke;JAHR;Jahr;1995;DINSG;Deutschland insgesamt;DG;Deutschland;EMZKL1;Größenklassen der Ertragsmesszahlen;EMZA30B40;30 bis unter 40;FLNGK1;Größenklassen der veräußerten Fläche;FLCHA050UM;5 und mehr ha;6118;EUR/ha;KAU004;Durchschnittlicher Kaufwert
61521;Kaufwerte für landwirtschaftliche Grundstücke;JAHR;Jahr;1996;DINSG;Deutschland insgesamt;DG;Deutschland;EMZKL1;Größenklassen der Ertragsmesszahlen;EMZA50B60;50 bis unter 60;FLNGK1;Größenklassen der veräußerten Fläche;FLCHA025B001;0,25 bis unter 1 ha;20220;EUR/ha;KAU004;Durchschnittlicher Kaufwert
61521;Kaufwerte für landwirtschaftliche Grundstücke;JAHR;Jahr;2003;DINSG;Deutschland insgesamt;DG;Deutschland;EMZKL1;Größenklassen der Ertragsmesszahlen;EMZA50B60;50 bis unter 60;FLNGK1;Größenklassen der veräußerten Fläche;FLCHA001B025;0,1 bis unter 0,25 ha;21578;EUR/ha;KAU004;Durchschnittlicher Kaufwert
61521;Kaufwerte für landwirtschaftliche Grundstücke;JAHR;Jahr;1999;DINSG;Deutschland insgesamt;DG;Deutschland;EMZKL1;Größenklassen der Ertragsmesszahlen;;Insgesamt;FLNGK1;Größenklassen der veräußerten Fläche;FLCHA010B020;1 bis unter 2 ha;13803;EUR/ha;KAU004;Durchschnittlicher Kaufwert
61521;Kaufwerte für landwirtschaftliche Grundstücke;JAHR;Jahr;1991;DINSG;Deutschland insgesamt;DG;Deutschland;EMZKL1;Größenklassen der Ertragsmesszahlen;EMZA40B50;40 bis unter 50;FLNGK1;Größenklassen der veräußerten Fläche;FLCHA020B050;2 bis unter 5 ha;15352;EUR/ha;KAU004;Durchschnittlicher Kaufwert
61521;Kaufwerte für landwirtschaftliche Grundstücke;JAHR;Jahr;2000;DINSG;Deutschland insgesamt;DG;Deutschland;EMZKL1;Größenklassen der Ertragsmesszahlen;EMZA40B50;40 bis unter 50;FLNGK1;Größenklassen der veräußerten Fläche;FLCHA050UM;5 und mehr ha;5568;EUR/ha;KAU004;Durchschnittlicher Kaufwert
61521;Kaufwerte für landwirtschaftliche Grundstücke;JAHR;Jahr;2005;DINSG;Deutschland insgesamt;DG;Deutschland;EMZKL1;Größenklassen der Ertragsmesszahlen;EMZA50B60;50 bis unter 60;FLNGK1;Größenklassen der veräußerten Fläche;FLCHA010B020;1 bis unter 2 ha;15170;EUR/ha;KAU004;Durchschnittlicher Kaufwert
61521;Kaufwerte für landwirtschaftliche Grundstücke;JAHR;Jahr;1998;DINSG;Deutschland insgesamt;DG;Deutschland;EMZKL1;Größenklassen der Ertragsmesszahlen;;Insgesamt;FLNGK1;Größenklassen der veräußerten Fläche;FLCHA001B025;0,1 bis unter 0,25 ha;20489;EUR/ha;KAU004;Durchschnittlicher Kaufwert
61521;Kaufwerte für landwirtschaftliche Grundstücke;JAHR;Jahr;2010;DINSG;Deutschland insgesamt;DG;Deutschland;EMZKL1;Größenklassen der Ertragsmesszahlen;EMZU30;unter 30;FLNGK1;Größenklassen der veräußerten Fläche;FLCHA050UM;5 und mehr ha;8085;EUR/ha;KAU004;Durchschnittlicher Kaufwert
61521;Kaufwerte für landwirtschaftliche Grundstücke;JAHR;Jahr;2012;DINSG;Deutschland insgesamt;DG;Deutschland;EMZKL1;Größenklassen der Ertragsmesszahlen;EMZU30;unter 30;FLNGK1;Größenklassen der veräußerten Fläche;;Insgesamt;11179;EUR/ha;KAU004;Durchschnittlicher Kaufwert
61521;Kaufwerte für landwirtschaftliche Grundstücke;JAHR;Jahr;2003;DINSG;Deutschland insgesamt;DG;Deutschland;EMZKL1;Größenklassen der Ertragsmesszahlen;EMZA40B50;40 bis unter 50;FLNGK1;Größenklassen der veräußerten Fläche;FLCHA020B050;2 bis unter 5 ha;12188;EUR/ha;KAU004;Durchschnittlicher Kaufwert
61521;Kaufwerte für landwirtschaftliche Grundstücke;JAHR;Jahr;2003;DINSG;Deutschland insgesamt;DG;Deutschland;EMZKL1;Größenklassen der Ertragsmesszahlen;EMZA30B40;30 bis unter 40;FLNGK1;Größenklassen der veräußerten Fläche;FLCHA010B020;1 bis unter 2 ha;10294;EUR/ha;KAU004;Durchschnittlicher Kaufwert
61521;Kaufwerte für landwirtschaftliche Grundstücke;JAHR;Jahr;1994;DINSG;Deutschland insgesamt;DG;Deutschland;EMZKL1;Größenklassen der Ertragsmesszahlen;EMZA50B60;50 bis unter 60;FLNGK1;Größenklassen der veräußerten Fläche;FLCHA010B020;1 bis unter 2 ha;20308;EUR/ha;KAU004;Durchschnittlicher Kaufwert
61521;Kaufwerte für landwirtschaftliche Grundstücke;JAHR;Jahr;2009;DINSG;Deutschland insgesamt;DG;Deutschland;EMZKL1;Größenklassen der Ertragsmesszahlen;EMZU30;unter 30;FLNGK1;Größenklassen der veräußerten Fläche;FLCHA025B001;0,25 bis unter 1 ha;8639;EUR/ha;KAU004;Durchschnittlicher Kaufwert
61521;Kaufwerte für landwirtschaftliche Grundstücke;JAHR;Jahr;2018;DINSG;Deutschland insgesamt;DG;Deutschland;EMZKL1;Größenklassen der Ertragsmesszahlen;EMZU30;unter 30;FLNGK1;Größenklassen der veräußerten Fläche;FLCHA050UM;5 und mehr ha;17740;EUR/ha;KAU004;Durchschnittlicher Kaufwert
61521;Kaufwerte für landwirtschaftliche Grundstücke;JAHR;Jahr;1995;DINSG;Deutschland insgesamt;DG;Deutschland;EMZKL1;Größenklassen der Ertragsmesszahlen;EMZA30B40;30 bis unter 40;FLNGK1;Größenklassen der veräußerten Fläche;FLCHA025B001;0,25 bis unter 1 ha;12643;EUR/ha;KAU004;Durchschnittlicher Kaufwert
61521;Kaufwerte für landwirtschaftliche Grundstücke;JAHR;Jahr;1996;DINSG;Deutschland insgesamt;DG;Deutschland;EMZKL1;Größenklassen der Ertragsmesszahlen;EMZA50B60;50 bis unter 60;FLNGK1;Größenklassen der veräußerten Fläche;;Insgesamt;16251;EUR/ha;KAU004;Durchschnittlicher Kaufwert
61521;Kaufwerte für landwirtschaftliche Grundstücke;JAHR;Jahr;2004;DINSG;Deutschland insgesamt;DG;Deutschland;EMZKL1;Größenklassen der Ertragsmesszahlen;EMZA40B50;40 bis unter 50;FLNGK1;Größenklassen der veräußerten Fläche;FLCHA020B050;2 bis unter 5 ha;11729;EUR/ha;KAU004;Durchschnittlicher Kaufwert
61521;Kaufwerte für landwirtschaftliche Grundstücke;JAHR;Jahr;2001;DINSG;Deutschland insgesamt;DG;Deutschland;EMZKL1;Größenklassen der Ertragsmesszahlen;EMZA40B50;40 bis unter 50;FLNGK1;Größenklassen der veräußerten Fläche;FLCHA020B050;2 bis unter 5 ha;11955;EUR/ha;KAU004;Durchschnittlicher Kaufwert
61521;Kaufwerte für landwirtschaftliche Grundstücke;JAHR;Jahr;2007;DINSG;Deutschland insgesamt;DG;Deutschland;EMZKL1;Größenklassen der Ertragsmesszahlen;EMZU30;unter 30;FLNGK1;Größenklassen der veräußerten Fläche;FLCHA050UM;5 und mehr ha;5674;EUR/ha;KAU004;Durchschnittlicher Kaufwert
61521;Kaufwerte für landwirtschaftliche Grundstücke;JAHR;Jahr;2003;DINSG;Deutschland insgesamt;DG;Deutschland;EMZKL1;Größenklassen der Ertragsmesszahlen;;Insgesamt;FLNGK1;Größenklassen der veräußerten Fläche;FLCHA020B050;2 bis unter 5 ha;12600;EUR/ha;KAU004;Durchschnittlicher Kaufwert
61521;Kaufwerte für landwirtschaftliche Grundstücke;JAHR;Jahr;1996;DINSG;Deutschland insgesamt;DG;Deutschland;EMZKL1;Größenklassen der Ertragsmesszahlen;EMZU30;unter 30;FLNGK1;Größenklassen der veräußerten Fläche;;Insgesamt;8566;EUR/ha;KAU004;Durchschnittlicher Kaufwert
61521;Kaufwerte für landwirtschaftliche Grundstücke;JAHR;Jahr;2007;DINSG;Deutschland insgesamt;DG;Deutschland;EMZKL1;Größenklassen der Ertragsmesszahlen;EMZA50B60;50 bis unter 60;FLNGK1;Größenklassen der veräußerten Fläche;FLCHA010B020;1 bis unter 2 ha;15946;EUR/ha;KAU004;Durchschnittlicher Kaufwert
61521;Kaufwerte für landwirtschaftliche Grundstücke;JAHR;Jahr;2015;DINSG;Deutschland insgesamt;DG;Deutschland;EMZKL1;Größenklassen der Ertragsmesszahlen;EMZA50B60;50 bis unter 60;FLNGK1;Größenklassen der veräußerten Fläche;;Insgesamt;26521;EUR/ha;KAU004;Durchschnittlicher Kaufwert
61521;Kaufwerte für landwirtschaftliche Grundstücke;JAHR;Jahr;2004;DINSG;Deutschland insgesamt;DG;Deutschland;EMZKL1;Größenklassen der Ertragsmesszahlen;;Insgesamt;FLNGK1;Größenklassen der veräußerten Fläche;FLCHA020B050;2 bis unter 5 ha;11910;EUR/ha;KAU004;Durchschnittlicher Kaufwert
61521;Kaufwerte für landwirtschaftliche Grundstücke;JAHR;Jahr;2004;DINSG;Deutschland insgesamt;DG;Deutschland;EMZKL1;Größenklassen der Ertragsmesszahlen;;Insgesamt;FLNGK1;Größenklassen der veräußerten Fläche;;Insgesamt;9233;EUR/ha;KAU004;Durchschnittlicher Kaufwert
61521;Kaufwerte für landwirtschaftliche Grundstücke;JAHR;Jahr;2007;DINSG;Deutschland insgesamt;DG;Deutschland;EMZKL1;Größenklassen der Ertragsmesszahlen;EMZA50B60;50 bis unter 60;FLNGK1;Größenklassen der veräußerten Fläche;FLCHA025B001;0,25 bis unter 1 ha;16380;EUR/ha;KAU004;Durchschnittlicher Kaufwert
61521;Kaufwerte für landwirtschaftliche Grundstücke;JAHR;Jahr;1994;DINSG;Deutschland insgesamt;DG;Deutschland;EMZKL1;Größenklassen der Ertragsmesszahlen;EMZA60UM;60 und mehr;FLNGK1;Größenklassen der veräußerten Fläche;FLCHA001B025;0,1 bis unter 0,25 ha;32117;EUR/ha;KAU004;Durchschnittlicher Kaufwert
61521;Kaufwerte für landwirtschaftliche Grundstücke;JAHR;Jahr;1992;DINSG;Deutschland insgesamt;DG;Deutschland;EMZKL1;Größenklassen der Ertragsmesszahlen;EMZA50B60;50 bis unter 60;FLNGK1;Größenklassen der veräußerten Fläche;FLCHA001B025;0,1 bis unter 0,25 ha;24252;EUR/ha;KAU004;Durchschnittlicher Kaufwert
61521;Kaufwerte für landwirtschaftliche Grundstücke;JAHR;Jahr;2002;DINSG;Deutschland insgesamt;DG;Deutschland;EMZKL1;Größenklassen der Ertragsmesszahlen;EMZA60UM;60 und mehr;FLNGK1;Größenklassen der veräußerten Fläche;FLCHA001B025;0,1 bis unter 0,25 ha;30937;EUR/ha;KAU004;Durchschnittlicher Kaufwert
61521;Kaufwerte für landwirtschaftliche Grundstücke;JAHR;Jahr;2020;DINSG;Deutschland insgesamt;DG;Deutschland;EMZKL1;Größenklassen der Ertragsmesszahlen;;Insgesamt;FLNGK1;Größenklassen der veräußerten Fläche;FLCHA050UM;5 und mehr ha;24560;EUR/ha;KAU004;Durchschnittlicher Kaufwert
61521;Kaufwerte für landwirtschaftliche Grundstücke;JAHR;Jahr;1993;DINSG;Deutschland insgesamt;DG;Deutschland;EMZKL1;Größenklassen der Ertragsmesszahlen;EMZA40B50;40 bis unter 50;FLNGK1;Größenklassen der veräußerten Fläche;FLCHA020B050;2 bis unter 5 ha;13535;EUR/ha;KAU004;Durchschnittlicher Kaufwert
61521;Kaufwerte für landwirtschaftliche Grundstücke;JAHR;Jahr;2012;DINSG;Deutschland insgesamt;DG;Deutschland;EMZKL1;Größenklassen der Ertragsmesszahlen;EMZA60UM;60 und mehr;FLNGK1;Größenklassen der veräußerten Fläche;FLCHA010B020;1 bis unter 2 ha;23457;EUR/ha;KAU004;Durchschnittlicher Kaufwert
61521;Kaufwerte für landwirtschaftliche Grundstücke;JAHR;Jahr;2005;DINSG;Deutschland insgesamt;DG;Deutschland;EMZKL1;Größenklassen der Ertragsmesszahlen;EMZA30B40;30 bis unter 40;FLNGK1;Größenklassen der veräußerten Fläche;FLCHA025B001;0,25 bis unter 1 ha;9480;EUR/ha;KAU004;Durchschnittlicher Kaufwert
61521;Kaufwerte für landwirtschaftliche Grundstücke;JAHR;Jahr;2008;DINSG;Deutschland insgesamt;DG;Deutschland;EMZKL1;Größenklassen der Ertragsmesszahlen;EMZA30B40;30 bis unter 40;FLNGK1;Größenklassen der veräußerten Fläche;FLCHA025B001;0,25 bis unter 1 ha;9265;EUR/ha;KAU004;Durchschnittlicher Kaufwert
61521;Kaufwerte für landwirtschaftliche Grundstücke;JAHR;Jahr;2002;DINSG;Deutschland insgesamt;DG;Deutschland;EMZKL1;Größenklassen der Ertragsmesszahlen;;Insgesamt;FLNGK1;Größenklassen der veräußerten Fläche;FLCHA020B050;2 bis unter 5 ha;12467;EUR/ha;KAU004;Durchschnittlicher Kaufwert
61521;Kaufwerte für landwirtschaftliche Grundstücke;JAHR;Jahr;1995;DINSG;Deutschland insgesamt;DG;Deutschland;EMZKL1;Größenklassen der Ertragsmesszahlen;EMZA50B60;50 bis unter 60;FLNGK1;Größenklassen der veräußerten Fläche;FLCHA001B025;0,1 bis unter 0,25 ha;26446;EUR/ha;KAU004;Durchschnittlicher Kaufwert
61521;Kaufwerte für landwirtschaftliche Grundstücke;JAHR;Jahr;1997;DINSG;Deutschland insgesamt;DG;Deutschland;EMZKL1;Größenklassen der Ertragsmesszahlen;EMZA30B40;30 bis unter 40;FLNGK1;Größenklassen der veräußerten Fläche;FLCHA025B001;0,25 bis unter 1 ha;12207;EUR/ha;KAU004;Durchschnittlicher Kaufwert
61521;Kaufwerte für landwirtschaftliche Grundstücke;JAHR;Jahr;2011;DINSG;Deutschland insgesamt;DG;Deutschland;EMZKL1;Größenklassen der Ertragsmesszahlen;EMZA40B50;40 bis unter 50;FLNGK1;Größenklassen der veräußerten Fläche;FLCHA010B020;1 bis unter 2 ha;15760;EUR/ha;KAU004;Durchschnittlicher Kaufwert
61521;Kaufwerte für landwirtschaftliche Grundstücke;JAHR;Jahr;2013;DINSG;Deutschland insgesamt;DG;Deutschland;EMZKL1;Größenklassen der Ertragsmesszahlen;EMZA40B50;40 bis unter 50;FLNGK1;Größenklassen der veräußerten Fläche;FLCHA025B001;0,25 bis unter 1 ha;16227;EUR/ha;KAU004;Durchschnittlicher Kaufwert
61521;Kaufwerte für landwirtschaftliche Grundstücke;JAHR;Jahr;2005;DINSG;Deutschland insgesamt;DG;Deutschland;EMZKL1;Größenklassen der Ertragsmesszahlen;EMZA60UM;60 und mehr;FLNGK1;Größenklassen der veräußerten Fläche;FLCHA020B050;2 bis unter 5 ha;15561;EUR/ha;KAU004;Durchschnittlicher Kaufwert
61521;Kaufwerte für landwirtschaftliche Grundstücke;JAHR;Jahr;2007;DINSG;Deutschland insgesamt;DG;Deutschland;EMZKL1;Größenklassen der Ertragsmesszahlen;EMZA50B60;50 bis unter 60;FLNGK1;Größenklassen der veräußerten Fläche;FLCHA001B025;0,1 bis unter 0,25 ha;20498;EUR/ha;KAU004;Durchschnittlicher Kaufwert
61521;Kaufwerte für landwirtschaftliche Grundstücke;JAHR;Jahr;2009;DINSG;Deutschland insgesamt;DG;Deutschland;EMZKL1;Größenklassen der Ertragsmesszahlen;EMZU30;unter 30;FLNGK1;Größenklassen der veräußerten Fläche;FLCHA010B020;1 bis unter 2 ha;9660;EUR/ha;KAU004;Durchschnittlicher Kaufwert
61521;Kaufwerte für landwirtschaftliche Grundstücke;JAHR;Jahr;1997;DINSG;Deutschland insgesamt;DG;Deutschland;EMZKL1;Größenklassen der Ertragsmesszahlen;;Insgesamt;FLNGK1;Größenklassen der veräußerten Fläche;FLCHA001B025;0,1 bis unter 0,25 ha;22274;EUR/ha;KAU004;Durchschnittlicher Kaufwert
61521;Kaufwerte für landwirtschaftliche Grundstücke;JAHR;Jahr;2008;DINSG;Deutschland insgesamt;DG;Deutschland;EMZKL1;Größenklassen der Ertragsmesszahlen;;Insgesamt;FLNGK1;Größenklassen der veräußerten Fläche;FLCHA050UM;5 und mehr ha;8276;EUR/ha;KAU004;Durchschnittlicher Kaufwert
61521;Kaufwerte für landwirtschaftliche Grundstücke;JAHR;Jahr;2007;DINSG;Deutschland insgesamt;DG;Deutschland;EMZKL1;Größenklassen der Ertragsmesszahlen;EMZU30;unter 30;FLNGK1;Größenklassen der veräußerten Fläche;FLCHA025B001;0,25 bis unter 1 ha;8154;EUR/ha;KAU004;Durchschnittlicher Kaufwert
61521;Kaufwerte für landwirtschaftliche Grundstücke;JAHR;Jahr;1991;DINSG;Deutschland insgesamt;DG;Deutschland;EMZKL1;Größenklassen der Ertragsmesszahlen;EMZA30B40;30 bis unter 40;FLNGK1;Größenklassen der veräußerten Fläche;FLCHA001B025;0,1 bis unter 0,25 ha;15299;EUR/ha;KAU004;Durchschnittlicher Kaufwert
61521;Kaufwerte für landwirtschaftliche Grundstücke;JAHR;Jahr;2015;DINSG;Deutschland insgesamt;DG;Deutschland;EMZKL1;Größenklassen der Ertragsmesszahlen;EMZA40B50;40 bis unter 50;FLNGK1;Größenklassen der veräußerten Fläche;;Insgesamt;21942;EUR/ha;KAU004;Durchschnittlicher Kaufwert
61521;Kaufwerte für landwirtschaftliche Grundstücke;JAHR;Jahr;1994;DINSG;Deutschland insgesamt;DG;Deutschland;EMZKL1;Größenklassen der Ertragsmesszahlen;EMZA30B40;30 bis unter 40;FLNGK1;Größenklassen der veräußerten Fläche;;Insgesamt;8272;EUR/ha;KAU004;Durchschnittlicher Kaufwert
61521;Kaufwerte für landwirtschaftliche Grundstücke;JAHR;Jahr;2001;DINSG;Deutschland insgesamt;DG;Deutschland;EMZKL1;Größenklassen der Ertragsmesszahlen;EMZA40B50;40 bis unter 50;FLNGK1;Größenklassen der veräußerten Fläche;FLCHA050UM;5 und mehr ha;6014;EUR/ha;KAU004;Durchschnittlicher Kaufwert
61521;Kaufwerte für landwirtschaftliche Grundstücke;JAHR;Jahr;1998;DINSG;Deutschland insgesamt;DG;Deutschland;EMZKL1;Größenklassen der Ertragsmesszahlen;EMZA50B60;50 bis unter 60;FLNGK1;Größenklassen der veräußerten Fläche;FLCHA010B020;1 bis unter 2 ha;19264;EUR/ha;KAU004;Durchschnittlicher Kaufwert
61521;Kaufwerte für landwirtschaftliche Grundstücke;JAHR;Jahr;1992;DINSG;Deutschland insgesamt;DG;Deutschland;EMZKL1;Größenklassen der Ertragsmesszahlen;EMZA30B40;30 bis unter 40;FLNGK1;Größenklassen der veräußerten Fläche;FLCHA025B001;0,25 bis unter 1 ha;12782;EUR/ha;KAU004;Durchschnittlicher Kaufwert
61521;Kaufwerte für landwirtschaftliche Grundstücke;JAHR;Jahr;2000;DINSG;Deutschland insgesamt;DG;Deutschland;EMZKL1;Größenklassen der Ertragsmesszahlen;EMZA50B60;50 bis unter 60;FLNGK1;Größenklassen der veräußerten Fläche;FLCHA010B020;1 bis unter 2 ha;17819;EUR/ha;KAU004;Durchschnittlicher Kaufwert
61521;Kaufwerte für landwirtschaftliche Grundstücke;JAHR;Jahr;2004;DINSG;Deutschland insgesamt;DG;Deutschland;EMZKL1;Größenklassen der Ertragsmesszahlen;EMZA50B60;50 bis unter 60;FLNGK1;Größenklassen der veräußerten Fläche;;Insgesamt;12867;EUR/ha;KAU004;Durchschnittlicher Kaufwert
61521;Kaufwerte für landwirtschaftliche Grundstücke;JAHR;Jahr;2003;DINSG;Deutschland insgesamt;DG;Deutschland;EMZKL1;Größenklassen der Ertragsmesszahlen;EMZA50B60;50 bis unter 60;FLNGK1;Größenklassen der veräußerten Fläche;FLCHA010B020;1 bis unter 2 ha;17815;EUR/ha;KAU004;Durchschnittlicher Kaufwert
61521;Kaufwerte für landwirtschaftliche Grundstücke;JAHR;Jahr;2002;DINSG;Deutschland insgesamt;DG;Deutschland;EMZKL1;Größenklassen der Ertragsmesszahlen;EMZA30B40;30 bis unter 40;FLNGK1;Größenklassen der veräußerten Fläche;FLCHA001B025;0,1 bis unter 0,25 ha;13281;EUR/ha;KAU004;Durchschnittlicher Kaufwert
61521;Kaufwerte für landwirtschaftliche Grundstücke;JAHR;Jahr;2009;DINSG;Deutschland insgesamt;DG;Deutschland;EMZKL1;Größenklassen der Ertragsmesszahlen;EMZA50B60;50 bis unter 60;FLNGK1;Größenklassen der veräußerten Fläche;FLCHA010B020;1 bis unter 2 ha;18718;EUR/ha;KAU004;Durchschnittlicher Kaufwert
61521;Kaufwerte für landwirtschaftliche Grundstücke;JAHR;Jahr;2001;DINSG;Deutschland insgesamt;DG;Deutschland;EMZKL1;Größenklassen der Ertragsmesszahlen;EMZA30B40;30 bis unter 40;FLNGK1;Größenklassen der veräußerten Fläche;FLCHA010B020;1 bis unter 2 ha;10157;EUR/ha;KAU004;Durchschnittlicher Kaufwert
61521;Kaufwerte für landwirtschaftliche Grundstücke;JAHR;Jahr;1994;DINSG;Deutschland insgesamt;DG;Deutschland;EMZKL1;Größenklassen der Ertragsmesszahlen;EMZA50B60;50 bis unter 60;FLNGK1;Größenklassen der veräußerten Fläche;FLCHA025B001;0,25 bis unter 1 ha;20159;EUR/ha;KAU004;Durchschnittlicher Kaufwert
61521;Kaufwerte für landwirtschaftliche Grundstücke;JAHR;Jahr;2001;DINSG;Deutschland insgesamt;DG;Deutschland;EMZKL1;Größenklassen der Ertragsmesszahlen;EMZA50B60;50 bis unter 60;FLNGK1;Größenklassen der veräußerten Fläche;FLCHA001B025;0,1 bis unter 0,25 ha;22336;EUR/ha;KAU004;Durchschnittlicher Kaufwert
61521;Kaufwerte für landwirtschaftliche Grundstücke;JAHR;Jahr;2003;DINSG;Deutschland insgesamt;DG;Deutschland;EMZKL1;Größenklassen der Ertragsmesszahlen;EMZA30B40;30 bis unter 40;FLNGK1;Größenklassen der veräußerten Fläche;FLCHA025B001;0,25 bis unter 1 ha;10178;EUR/ha;KAU004;Durchschnittlicher Kaufwert
61521;Kaufwerte für landwirtschaftliche Grundstücke;JAHR;Jahr;2015;DINSG;Deutschland insgesamt;DG;Deutschland;EMZKL1;Größenklassen der Ertragsmesszahlen;;Insgesamt;FLNGK1;Größenklassen der veräußerten Fläche;FLCHA050UM;5 und mehr ha;18309;EUR/ha;KAU004;Durchschnittlicher Kaufwert
61521;Kaufwerte für landwirtschaftliche Grundstücke;JAHR;Jahr;2001;DINSG;Deutschland insgesamt;DG;Deutschland;EMZKL1;Größenklassen der Ertragsmesszahlen;EMZU30;unter 30;FLNGK1;Größenklassen der veräußerten Fläche;;Insgesamt;7738;EUR/ha;KAU004;Durchschnittlicher Kaufwert
61521;Kaufwerte für landwirtschaftliche Grundstücke;JAHR;Jahr;1999;DINSG;Deutschland insgesamt;DG;Deutschland;EMZKL1;Größenklassen der Ertragsmesszahlen;EMZU30;unter 30;FLNGK1;Größenklassen der veräußerten Fläche;FLCHA025B001;0,25 bis unter 1 ha;9968;EUR/ha;KAU004;Durchschnittlicher Kaufwert
61521;Kaufwerte für landwirtschaftliche Grundstücke;JAHR;Jahr;1992;DINSG;Deutschland insgesamt;DG;Deutschland;EMZKL1;Größenklassen der Ertragsmesszahlen;EMZA50B60;50 bis unter 60;FLNGK1;Größenklassen der veräußerten Fläche;FLCHA010B020;1 bis unter 2 ha;20896;EUR/ha;KAU004;Durchschnittlicher Kaufwert
61521;Kaufwerte für landwirtschaftliche Grundstücke;JAHR;Jahr;2009;DINSG;Deutschland insgesamt;DG;Deutschland;EMZKL1;Größenklassen der Ertragsmesszahlen;EMZU30;unter 30;FLNGK1;Größenklassen der veräußerten Fläche;FLCHA001B025;0,1 bis unter 0,25 ha;11636;EUR/ha;KAU004;Durchschnittlicher Kaufwert
61521;Kaufwerte für landwirtschaftliche Grundstücke;JAHR;Jahr;1993;DINSG;Deutschland insgesamt;DG;Deutschland;EMZKL1;Größenklassen der Ertragsmesszahlen;EMZA30B40;30 bis unter 40;FLNGK1;Größenklassen der veräußerten Fläche;FLCHA010B020;1 bis unter 2 ha;11614;EUR/ha;KAU004;Durchschnittlicher Kaufwert
61521;Kaufwerte für landwirtschaftliche Grundstücke;JAHR;Jahr;2002;DINSG;Deutschland insgesamt;DG;Deutschland;EMZKL1;Größenklassen der Ertragsmesszahlen;EMZA50B60;50 bis unter 60;FLNGK1;Größenklassen der veräußerten Fläche;FLCHA025B001;0,25 bis unter 1 ha;17111;EUR/ha;KAU004;Durchschnittlicher Kaufwert
61521;Kaufwerte für landwirtschaftliche Grundstücke;JAHR;Jahr;2005;DINSG;Deutschland insgesamt;DG;Deutschland;EMZKL1;Größenklassen der Ertragsmesszahlen;EMZA50B60;50 bis unter 60;FLNGK1;Größenklassen der veräußerten Fläche;FLCHA025B001;0,25 bis unter 1 ha;16381;EUR/ha;KAU004;Durchschnittlicher Kaufwert
61521;Kaufwerte für landwirtschaftliche Grundstücke;JAHR;Jahr;2006;DINSG;Deutschland insgesamt;DG;Deutschland;EMZKL1;Größenklassen der Ertragsmesszahlen;EMZU30;unter 30;FLNGK1;Größenklassen der veräußerten Fläche;FLCHA025B001;0,25 bis unter 1 ha;8574;EUR/ha;KAU004;Durchschnittlicher Kaufwert
61521;Kaufwerte für landwirtschaftliche Grundstücke;JAHR;Jahr;2002;DINSG;Deutschland insgesamt;DG;Deutschland;EMZKL1;Größenklassen der Ertragsmesszahlen;EMZA40B50;40 bis unter 50;FLNGK1;Größenklassen der veräußerten Fläche;FLCHA050UM;5 und mehr ha;6513;EUR/ha;KAU004;Durchschnittlicher Kaufwert
61521;Kaufwerte für landwirtschaftliche Grundstücke;JAHR;Jahr;1993;DINSG;Deutschland insgesamt;DG;Deutschland;EMZKL1;Größenklassen der Ertragsmesszahlen;;Insgesamt;FLNGK1;Größenklassen der veräußerten Fläche;;Insgesamt;11309;EUR/ha;KAU004;Durchschnittlicher Kaufwert
61521;Kaufwerte für landwirtschaftliche Grundstücke;JAHR;Jahr;2008;DINSG;Deutschland insgesamt;DG;Deutschland;EMZKL1;Größenklassen der Ertragsmesszahlen;EMZU30;unter 30;FLNGK1;Größenklassen der veräußerten Fläche;;Insgesamt;7310;EUR/ha;KAU004;Durchschnittlicher Kaufwert
61521;Kaufwerte für landwirtschaftliche Grundstücke;JAHR;Jahr;2008;DINSG;Deutschland insgesamt;DG;Deutschland;EMZKL1;Größenklassen der Ertragsmesszahlen;EMZA60UM;60 und mehr;FLNGK1;Größenklassen der veräußerten Fläche;FLCHA025B001;0,25 bis unter 1 ha;19476;EUR/ha;KAU004;Durchschnittlicher Kaufwert
61521;Kaufwerte für landwirtschaftliche Grundstücke;JAHR;Jahr;1999;DINSG;Deutschland insgesamt;DG;Deutschland;EMZKL1;Größenklassen der Ertragsmesszahlen;;Insgesamt;FLNGK1;Größenklassen der veräußerten Fläche;FLCHA001B025;0,1 bis unter 0,25 ha;21481;EUR/ha;KAU004;Durchschnittlicher Kaufwert
61521;Kaufwerte für landwirtschaftliche Grundstücke;JAHR;Jahr;2001;DINSG;Deutschland insgesamt;DG;Deutschland;EMZKL1;Größenklassen der Ertragsmesszahlen;;Insgesamt;FLNGK1;Größenklassen der veräußerten Fläche;FLCHA020B050;2 bis unter 5 ha;12639;EUR/ha;KAU004;Durchschnittlicher Kaufwert
61521;Kaufwerte für landwirtschaftliche Grundstücke;JAHR;Jahr;1997;DINSG;Deutschland insgesamt;DG;Deutschland;EMZKL1;Größenklassen der Ertragsmesszahlen;EMZA40B50;40 bis unter 50;FLNGK1;Größenklassen der veräußerten Fläche;FLCHA020B050;2 bis unter 5 ha;13080;EUR/ha;KAU004;Durchschnittlicher Kaufwert
61521;Kaufwerte für landwirtschaftliche Grundstücke;JAHR;Jahr;2017;DINSG;Deutschland insgesamt;DG;Deutschland;EMZKL1;Größenklassen der Ertragsmesszahlen;EMZA60UM;60 und mehr;FLNGK1;Größenklassen der veräußerten Fläche;FLCHA025B001;0,25 bis unter 1 ha;32944;EUR/ha;KAU004;Durchschnittlicher Kaufwert
61521;Kaufwerte für landwirtschaftliche Grundstücke;JAHR;Jahr;2014;DINSG;Deutschland insgesamt;DG;Deutschland;EMZKL1;Größenklassen der Ertragsmesszahlen;EMZA50B60;50 bis unter 60;FLNGK1;Größenklassen der veräußerten Fläche;FLCHA020B050;2 bis unter 5 ha;27765;EUR/ha;KAU004;Durchschnittlicher Kaufwert
61521;Kaufwerte für landwirtschaftliche Grundstücke;JAHR;Jahr;2010;DINSG;Deutschland insgesamt;DG;Deutschland;EMZKL1;Größenklassen der Ertragsmesszahlen;EMZU30;unter 30;FLNGK1;Größenklassen der veräußerten Fläche;;Insgesamt;8867;EUR/ha;KAU004;Durchschnittlicher Kaufwert
61521;Kaufwerte für landwirtschaftliche Grundstücke;JAHR;Jahr;2008;DINSG;Deutschland insgesamt;DG;Deutschland;EMZKL1;Größenklassen der Ertragsmesszahlen;EMZA30B40;30 bis unter 40;FLNGK1;Größenklassen der veräußerten Fläche;FLCHA010B020;1 bis unter 2 ha;9232;EUR/ha;KAU004;Durchschnittlicher Kaufwert
61521;Kaufwerte für landwirtschaftliche Grundstücke;JAHR;Jahr;1996;DINSG;Deutschland insgesamt;DG;Deutschland;EMZKL1;Größenklassen der Ertragsmesszahlen;EMZA40B50;40 bis unter 50;FLNGK1;Größenklassen der veräußerten Fläche;;Insgesamt;7941;EUR/ha;KAU004;Durchschnittlicher Kaufwert
61521;Kaufwerte für landwirtschaftliche Grundstücke;JAHR;Jahr;2014;DINSG;Deutschland insgesamt;DG;Deutschland;EMZKL1;Größenklassen der Ertragsmesszahlen;EMZU30;unter 30;FLNGK1;Größenklassen der veräußerten Fläche;;Insgesamt;13060;EUR/ha;KAU004;Durchschnittlicher Kaufwert
61521;Kaufwerte für landwirtschaftliche Grundstücke;JAHR;Jahr;2019;DINSG;Deutschland insgesamt;DG;Deutschland;EMZKL1;Größenklassen der Ertragsmesszahlen;EMZU30;unter 30;FLNGK1;Größenklassen der veräußerten Fläche;FLCHA010B020;1 bis unter 2 ha;20619;EUR/ha;KAU004;Durchschnittlicher Kaufwert
61521;Kaufwerte für landwirtschaftliche Grundstücke;JAHR;Jahr;1994;DINSG;Deutschland insgesamt;DG;Deutschland;EMZKL1;Größenklassen der Ertragsmesszahlen;EMZA40B50;40 bis unter 50;FLNGK1;Größenklassen der veräußerten Fläche;;Insgesamt;9665;EUR/ha;KAU004;Durchschnittlicher Kaufwert
61521;Kaufwerte für landwirtschaftliche Grundstücke;JAHR;Jahr;2016;DINSG;Deutschland insgesamt;DG;Deutschland;EMZKL1;Größenklassen der Ertragsmesszahlen;EMZA40B50;40 bis unter 50;FLNGK1;Größenklassen der veräußerten Fläche;FLCHA025B001;0,25 bis unter 1 ha;21537;EUR/ha;KAU004;Durchschnittlicher Kaufwert
61521;Kaufwerte für landwirtschaftliche Grundstücke;JAHR;Jahr;2014;DINSG;Deutschland insgesamt;DG;Deutschland;EMZKL1;Größenklassen der Ertragsmesszahlen;EMZA40B50;40 bis unter 50;FLNGK1;Größenklassen der veräußerten Fläche;FLCHA010B020;1 bis unter 2 ha;21716;EUR/ha;KAU004;Durchschnittlicher Kaufwert
61521;Kaufwerte für landwirtschaftliche Grundstücke;JAHR;Jahr;2007;DINSG;Deutschland insgesamt;DG;Deutschland;EMZKL1;Größenklassen der Ertragsmesszahlen;EMZA60UM;60 und mehr;FLNGK1;Größenklassen der veräußerten Fläche;FLCHA050UM;5 und mehr ha;13727;EUR/ha;KAU004;Durchschnittlicher Kaufwert
61521;Kaufwerte für landwirtschaftliche Grundstücke;JAHR;Jahr;1998;DINSG;Deutschland insgesamt;DG;Deutschland;EMZKL1;Größenklassen der Ertragsmesszahlen;EMZU30;unter 30;FLNGK1;Größenklassen der veräußerten Fläche;FLCHA025B001;0,25 bis unter 1 ha;11198;EUR/ha;KAU004;Durchschnittlicher Kaufwert
61521;Kaufwerte für landwirtschaftliche Grundstücke;JAHR;Jahr;2012;DINSG;Deutschland insgesamt;DG;Deutschland;EMZKL1;Größenklassen der Ertragsmesszahlen;EMZA30B40;30 bis unter 40;FLNGK1;Größenklassen der veräußerten Fläche;FLCHA020B050;2 bis unter 5 ha;12978;EUR/ha;KAU004;Durchschnittlicher Kaufwert
61521;Kaufwerte für landwirtschaftliche Grundstücke;JAHR;Jahr;2008;DINSG;Deutschland insgesamt;DG;Deutschland;EMZKL1;Größenklassen der Ertragsmesszahlen;EMZA60UM;60 und mehr;FLNGK1;Größenklassen der veräußerten Fläche;FLCHA001B025;0,1 bis unter 0,25 ha;25624;EUR/ha;KAU004;Durchschnittlicher Kaufwert
61521;Kaufwerte für landwirtschaftliche Grundstücke;JAHR;Jahr;2002;DINSG;Deutschland insgesamt;DG;Deutschland;EMZKL1;Größenklassen der Ertragsmesszahlen;EMZA30B40;30 bis unter 40;FLNGK1;Größenklassen der veräußerten Fläche;;Insgesamt;7039;EUR/ha;KAU004;Durchschnittlicher Kaufwert
61521;Kaufwerte für landwirtschaftliche Grundstücke;JAHR;Jahr;2007;DINSG;Deutschland insgesamt;DG;Deutschland;EMZKL1;Größenklassen der Ertragsmesszahlen;EMZA30B40;30 bis unter 40;FLNGK1;Größenklassen der veräußerten Fläche;FLCHA050UM;5 und mehr ha;5295;EUR/ha;KAU004;Durchschnittlicher Kaufwert
61521;Kaufwerte für landwirtschaftliche Grundstücke;JAHR;Jahr;1994;DINSG;Deutschland insgesamt;DG;Deutschland;EMZKL1;Größenklassen der Ertragsmesszahlen;EMZU30;unter 30;FLNGK1;Größenklassen der veräußerten Fläche;;Insgesamt;10036;EUR/ha;KAU004;Durchschnittlicher Kaufwert
61521;Kaufwerte für landwirtschaftliche Grundstücke;JAHR;Jahr;1999;DINSG;Deutschland insgesamt;DG;Deutschland;EMZKL1;Größenklassen der Ertragsmesszahlen;EMZA60UM;60 und mehr;FLNGK1;Größenklassen der veräußerten Fläche;FLCHA050UM;5 und mehr ha;12741;EUR/ha;KAU004;Durchschnittlicher Kaufwert
61521;Kaufwerte für landwirtschaftliche Grundstücke;JAHR;Jahr;2000;DINSG;Deutschland insgesamt;DG;Deutschland;EMZKL1;Größenklassen der Ertragsmesszahlen;EMZA50B60;50 bis unter 60;FLNGK1;Größenklassen der veräußerten Fläche;FLCHA025B001;0,25 bis unter 1 ha;17887;EUR/ha;KAU004;Durchschnittlicher Kaufwert
61521;Kaufwerte für landwirtschaftliche Grundstücke;JAHR;Jahr;1993;DINSG;Deutschland insgesamt;DG;Deutschland;EMZKL1;Größenklassen der Ertragsmesszahlen;EMZU30;unter 30;FLNGK1;Größenklassen der veräußerten Fläche;FLCHA020B050;2 bis unter 5 ha;12264;EUR/ha;KAU004;Durchschnittlicher Kaufwert
61521;Kaufwerte für landwirtschaftliche Grundstücke;JAHR;Jahr;2008;DINSG;Deutschland insgesamt;DG;Deutschland;EMZKL1;Größenklassen der Ertragsmesszahlen;EMZA30B40;30 bis unter 40;FLNGK1;Größenklassen der veräußerten Fläche;FLCHA001B025;0,1 bis unter 0,25 ha;13264;EUR/ha;KAU004;Durchschnittlicher Kaufwert
61521;Kaufwerte für landwirtschaftliche Grundstücke;JAHR;Jahr;2004;DINSG;Deutschland insgesamt;DG;Deutschland;EMZKL1;Größenklassen der Ertragsmesszahlen;EMZA30B40;30 bis unter 40;FLNGK1;Größenklassen der veräußerten Fläche;;Insgesamt;6595;EUR/ha;KAU004;Durchschnittlicher Kaufwert
61521;Kaufwerte für landwirtschaftliche Grundstücke;JAHR;Jahr;2018;DINSG;Deutschland insgesamt;DG;Deutschland;EMZKL1;Größenklassen der Ertragsmesszahlen;EMZA40B50;40 bis unter 50;FLNGK1;Größenklassen der veräußerten Fläche;FLCHA025B001;0,25 bis unter 1 ha;24080;EUR/ha;KAU004;Durchschnittlicher Kaufwert
61521;Kaufwerte für landwirtschaftliche Grundstücke;JAHR;Jahr;2008;DINSG;Deutschland insgesamt;DG;Deutschland;EMZKL1;Größenklassen der Ertragsmesszahlen;EMZU30;unter 30;FLNGK1;Größenklassen der veräußerten Fläche;FLCHA001B025;0,1 bis unter 0,25 ha;10392;EUR/ha;KAU004;Durchschnittlicher Kaufwert
61521;Kaufwerte für landwirtschaftliche Grundstücke;JAHR;Jahr;2012;DINSG;Deutschland insgesamt;DG;Deutschland;EMZKL1;Größenklassen der Ertragsmesszahlen;EMZA60UM;60 und mehr;FLNGK1;Größenklassen der veräußerten Fläche;FLCHA025B001;0,25 bis unter 1 ha;21999;EUR/ha;KAU004;Durchschnittlicher Kaufwert
61521;Kaufwerte für landwirtschaftliche Grundstücke;JAHR;Jahr;2001;DINSG;Deutschland insgesamt;DG;Deutschland;EMZKL1;Größenklassen der Ertragsmesszahlen;EMZU30;unter 30;FLNGK1;Größenklassen der veräußerten Fläche;FLCHA020B050;2 bis unter 5 ha;9928;EUR/ha;KAU004;Durchschnittlicher Kaufwert
61521;Kaufwerte für landwirtschaftliche Grundstücke;JAHR;Jahr;1998;DINSG;Deutschland insgesamt;DG;Deutschland;EMZKL1;Größenklassen der Ertragsmesszahlen;EMZU30;unter 30;FLNGK1;Größenklassen der veräußerten Fläche;;Insgesamt;8079;EUR/ha;KAU004;Durchschnittlicher Kaufwert
61521;Kaufwerte für landwirtschaftliche Grundstücke;JAHR;Jahr;2010;DINSG;Deutschland insgesamt;DG;Deutschland;EMZKL1;Größenklassen der Ertragsmesszahlen;EMZA60UM;60 und mehr;FLNGK1;Größenklassen der veräußerten Fläche;FLCHA020B050;2 bis unter 5 ha;19644;EUR/ha;KAU004;Durchschnittlicher Kaufwert
61521;Kaufwerte für landwirtschaftliche Grundstücke;JAHR;Jahr;2012;DINSG;Deutschland insgesamt;DG;Deutschland;EMZKL1;Größenklassen der Ertragsmesszahlen;EMZA50B60;50 bis unter 60;FLNGK1;Größenklassen der veräußerten Fläche;FLCHA020B050;2 bis unter 5 ha;21665;EUR/ha;KAU004;Durchschnittlicher Kaufwert
61521;Kaufwerte für landwirtschaftliche Grundstücke;JAHR;Jahr;2010;DINSG;Deutschland insgesamt;DG;Deutschland;EMZKL1;Größenklassen der Ertragsmesszahlen;EMZA30B40;30 bis unter 40;FLNGK1;Größenklassen der veräußerten Fläche;FLCHA020B050;2 bis unter 5 ha;11009;EUR/ha;KAU004;Durchschnittlicher Kaufwert
61521;Kaufwerte für landwirtschaftliche Grundstücke;JAHR;Jahr;2016;DINSG;Deutschland insgesamt;DG;Deutschland;EMZKL1;Größenklassen der Ertragsmesszahlen;EMZA40B50;40 bis unter 50;FLNGK1;Größenklassen der veräußerten Fläche;FLCHA010B020;1 bis unter 2 ha;30354;EUR/ha;KAU004;Durchschnittlicher Kaufwert
61521;Kaufwerte für landwirtschaftliche Grundstücke;JAHR;Jahr;1999;DINSG;Deutschland insgesamt;DG;Deutschland;EMZKL1;Größenklassen der Ertragsmesszahlen;EMZA40B50;40 bis unter 50;FLNGK1;Größenklassen der veräußerten Fläche;FLCHA020B050;2 bis unter 5 ha;12505;EUR/ha;KAU004;Durchschnittlicher Kaufwert
61521;Kaufwerte für landwirtschaftliche Grundstücke;JAHR;Jahr;2004;DINSG;Deutschland insgesamt;DG;Deutschland;EMZKL1;Größenklassen der Ertragsmesszahlen;EMZA30B40;30 bis unter 40;FLNGK1;Größenklassen der veräußerten Fläche;FLCHA001B025;0,1 bis unter 0,25 ha;14545;EUR/ha;KAU004;Durchschnittlicher Kaufwert
61521;Kaufwerte für landwirtschaftliche Grundstücke;JAHR;Jahr;2010;DINSG;Deutschland insgesamt;DG;Deutschland;EMZKL1;Größenklassen der Ertragsmesszahlen;EMZA30B40;30 bis unter 40;FLNGK1;Größenklassen der veräußerten Fläche;FLCHA050UM;5 und mehr ha;8833;EUR/ha;KAU004;Durchschnittlicher Kaufwert
61521;Kaufwerte für landwirtschaftliche Grundstücke;JAHR;Jahr;2009;DINSG;Deutschland insgesamt;DG;Deutschland;EMZKL1;Größenklassen der Ertragsmesszahlen;EMZA60UM;60 und mehr;FLNGK1;Größenklassen der veräußerten Fläche;FLCHA050UM;5 und mehr ha;14420;EUR/ha;KAU004;Durchschnittlicher Kaufwert
61521;Kaufwerte für landwirtschaftliche Grundstücke;JAHR;Jahr;1996;DINSG;Deutschland insgesamt;DG;Deutschland;EMZKL1;Größenklassen der Ertragsmesszahlen;EMZU30;unter 30;FLNGK1;Größenklassen der veräußerten Fläche;FLCHA025B001;0,25 bis unter 1 ha;11941;EUR/ha;KAU004;Durchschnittlicher Kaufwert
61521;Kaufwerte für landwirtschaftliche Grundstücke;JAHR;Jahr;1994;DINSG;Deutschland insgesamt;DG;Deutschland;EMZKL1;Größenklassen der Ertragsmesszahlen;EMZA60UM;60 und mehr;FLNGK1;Größenklassen der veräußerten Fläche;FLCHA010B020;1 bis unter 2 ha;21967;EUR/ha;KAU004;Durchschnittlicher Kaufwert
61521;Kaufwerte für landwirtschaftliche Grundstücke;JAHR;Jahr;1998;DINSG;Deutschland insgesamt;DG;Deutschland;EMZKL1;Größenklassen der Ertragsmesszahlen;EMZU30;unter 30;FLNGK1;Größenklassen der veräußerten Fläche;FLCHA010B020;1 bis unter 2 ha;11079;EUR/ha;KAU004;Durchschnittlicher Kaufwert
61521;Kaufwerte für landwirtschaftliche Grundstücke;JAHR;Jahr;1996;DINSG;Deutschland insgesamt;DG;Deutschland;EMZKL1;Größenklassen der Ertragsmesszahlen;EMZA50B60;50 bis unter 60;FLNGK1;Größenklassen der veräußerten Fläche;FLCHA010B020;1 bis unter 2 ha;20756;EUR/ha;KAU004;Durchschnittlicher Kaufwert
61521;Kaufwerte für landwirtschaftliche Grundstücke;JAHR;Jahr;2004;DINSG;Deutschland insgesamt;DG;Deutschland;EMZKL1;Größenklassen der Ertragsmesszahlen;EMZA40B50;40 bis unter 50;FLNGK1;Größenklassen der veräußerten Fläche;;Insgesamt;8520;EUR/ha;KAU004;Durchschnittlicher Kaufwert
61521;Kaufwerte für landwirtschaftliche Grundstücke;JAHR;Jahr;2004;DINSG;Deutschland insgesamt;DG;Deutschland;EMZKL1;Größenklassen der Ertragsmesszahlen;EMZU30;unter 30;FLNGK1;Größenklassen der veräußerten Fläche;FLCHA025B001;0,25 bis unter 1 ha;9062;EUR/ha;KAU004;Durchschnittlicher Kaufwert
61521;Kaufwerte für landwirtschaftliche Grundstücke;JAHR;Jahr;2003;DINSG;Deutschland insgesamt;DG;Deutschland;EMZKL1;Größenklassen der Ertragsmesszahlen;EMZA60UM;60 und mehr;FLNGK1;Größenklassen der veräußerten Fläche;FLCHA025B001;0,25 bis unter 1 ha;20827;EUR/ha;KAU004;Durchschnittlicher Kaufwert
61521;Kaufwerte für landwirtschaftliche Grundstücke;JAHR;Jahr;2006;DINSG;Deutschland insgesamt;DG;Deutschland;EMZKL1;Größenklassen der Ertragsmesszahlen;EMZA40B50;40 bis unter 50;FLNGK1;Größenklassen der veräußerten Fläche;FLCHA020B050;2 bis unter 5 ha;12031;EUR/ha;KAU004;Durchschnittlicher Kaufwert
61521;Kaufwerte für landwirtschaftliche Grundstücke;JAHR;Jahr;1991;DINSG;Deutschland insgesamt;DG;Deutschland;EMZKL1;Größenklassen der Ertragsmesszahlen;EMZU30;unter 30;FLNGK1;Größenklassen der veräußerten Fläche;FLCHA020B050;2 bis unter 5 ha;12153;EUR/ha;KAU004;Durchschnittlicher Kaufwert
61521;Kaufwerte für landwirtschaftliche Grundstücke;JAHR;Jahr;2006;DINSG;Deutschland insgesamt;DG;Deutschland;EMZKL1;Größenklassen der Ertragsmesszahlen;EMZU30;unter 30;FLNGK1;Größenklassen der veräußerten Fläche;FLCHA001B025;0,1 bis unter 0,25 ha;10651;EUR/ha;KAU004;Durchschnittlicher Kaufwert
61521;Kaufwerte für landwirtschaftliche Grundstücke;JAHR;Jahr;2019;DINSG;Deutschland insgesamt;DG;Deutschland;EMZKL1;Größenklassen der Ertragsmesszahlen;EMZU30;unter 30;FLNGK1;Größenklassen der veräußerten Fläche;;Insgesamt;20732;EUR/ha;KAU004;Durchschnittlicher Kaufwert
61521;Kaufwerte für landwirtschaftliche Grundstücke;JAHR;Jahr;1992;DINSG;Deutschland insgesamt;DG;Deutschland;EMZKL1;Größenklassen der Ertragsmesszahlen;EMZA50B60;50 bis unter 60;FLNGK1;Größenklassen der veräußerten Fläche;FLCHA025B001;0,25 bis unter 1 ha;21063;EUR/ha;KAU004;Durchschnittlicher Kaufwert
61521;Kaufwerte für landwirtschaftliche Grundstücke;JAHR;Jahr;2005;DINSG;Deutschland insgesamt;DG;Deutschland;EMZKL1;Größenklassen der Ertragsmesszahlen;EMZA50B60;50 bis unter 60;FLNGK1;Größenklassen der veräußerten Fläche;FLCHA001B025;0,1 bis unter 0,25 ha;22946;EUR/ha;KAU004;Durchschnittlicher Kaufwert
61521;Kaufwerte für landwirtschaftliche Grundstücke;JAHR;Jahr;1996;DINSG;Deutschland insgesamt;DG;Deutschland;EMZKL1;Größenklassen der Ertragsmesszahlen;EMZA60UM;60 und mehr;FLNGK1;Größenklassen der veräußerten Fläche;;Insgesamt;16503;EUR/ha;KAU004;Durchschnittlicher Kaufwert
61521;Kaufwerte für landwirtschaftliche Grundstücke;JAHR;Jahr;2017;DINSG;Deutschland insgesamt;DG;Deutschland;EMZKL1;Größenklassen der Ertragsmesszahlen;EMZA60UM;60 und mehr;FLNGK1;Größenklassen der veräußerten Fläche;FLCHA010B020;1 bis unter 2 ha;36712;EUR/ha;KAU004;Durchschnittlicher Kaufwert
61521;Kaufwerte für landwirtschaftliche Grundstücke;JAHR;Jahr;1995;DINSG;Deutschland insgesamt;DG;Deutschland;EMZKL1;Größenklassen der Ertragsmesszahlen;EMZA30B40;30 bis unter 40;FLNGK1;Größenklassen der veräußerten Fläche;FLCHA010B020;1 bis unter 2 ha;12532;EUR/ha;KAU004;Durchschnittlicher Kaufwert
61521;Kaufwerte für landwirtschaftliche Grundstücke;JAHR;Jahr;2017;DINSG;Deutschland insgesamt;DG;Deutschland;EMZKL1;Größenklassen der Ertragsmesszahlen;EMZU30;unter 30;FLNGK1;Größenklassen der veräußerten Fläche;;Insgesamt;19034;EUR/ha;KAU004;Durchschnittlicher Kaufwert
61521;Kaufwerte für landwirtschaftliche Grundstücke;JAHR;Jahr;1991;DINSG;Deutschland insgesamt;DG;Deutschland;EMZKL1;Größenklassen der Ertragsmesszahlen;EMZU30;unter 30;FLNGK1;Größenklassen der veräußerten Fläche;;Insgesamt;10334;EUR/ha;KAU004;Durchschnittlicher Kaufwert
61521;Kaufwerte für landwirtschaftliche Grundstücke;JAHR;Jahr;1998;DINSG;Deutschland insgesamt;DG;Deutschland;EMZKL1;Größenklassen der Ertragsmesszahlen;EMZU30;unter 30;FLNGK1;Größenklassen der veräußerten Fläche;FLCHA001B025;0,1 bis unter 0,25 ha;13127;EUR/ha;KAU004;Durchschnittlicher Kaufwert
61521;Kaufwerte für landwirtschaftliche Grundstücke;JAHR;Jahr;2013;DINSG;Deutschland insgesamt;DG;Deutschland;EMZKL1;Größenklassen der Ertragsmesszahlen;EMZA30B40;30 bis unter 40;FLNGK1;Größenklassen der veräußerten Fläche;;Insgesamt;13336;EUR/ha;KAU004;Durchschnittlicher Kaufwert
61521;Kaufwerte für landwirtschaftliche Grundstücke;JAHR;Jahr;1998;DINSG;Deutschland insgesamt;DG;Deutschland;EMZKL1;Größenklassen der Ertragsmesszahlen;EMZA50B60;50 bis unter 60;FLNGK1;Größenklassen der veräußerten Fläche;FLCHA025B001;0,25 bis unter 1 ha;18883;EUR/ha;KAU004;Durchschnittlicher Kaufwert
61521;Kaufwerte für landwirtschaftliche Grundstücke;JAHR;Jahr;2015;DINSG;Deutschland insgesamt;DG;Deutschland;EMZKL1;Größenklassen der Ertragsmesszahlen;EMZA30B40;30 bis unter 40;FLNGK1;Größenklassen der veräußerten Fläche;;Insgesamt;16141;EUR/ha;KAU004;Durchschnittlicher Kaufwert
61521;Kaufwerte für landwirtschaftliche Grundstücke;JAHR;Jahr;2017;DINSG;Deutschland insgesamt;DG;Deutschland;EMZKL1;Größenklassen der Ertragsmesszahlen;EMZA60UM;60 und mehr;FLNGK1;Größenklassen der veräußerten Fläche;FLCHA001B025;0,1 bis unter 0,25 ha;32127;EUR/ha;KAU004;Durchschnittlicher Kaufwert
61521;Kaufwerte für landwirtschaftliche Grundstücke;JAHR;Jahr;2006;DINSG;Deutschland insgesamt;DG;Deutschland;EMZKL1;Größenklassen der Ertragsmesszahlen;EMZU30;unter 30;FLNGK1;Größenklassen der veräußerten Fläche;FLCHA010B020;1 bis unter 2 ha;8125;EUR/ha;KAU004;Durchschnittlicher Kaufwert
61521;Kaufwerte für landwirtschaftliche Grundstücke;JAHR;Jahr;1997;DINSG;Deutschland insgesamt;DG;Deutschland;EMZKL1;Größenklassen der Ertragsmesszahlen;EMZA50B60;50 bis unter 60;FLNGK1;Größenklassen der veräußerten Fläche;FLCHA001B025;0,1 bis unter 0,25 ha;25182;EUR/ha;KAU004;Durchschnittlicher Kaufwert
61521;Kaufwerte für landwirtschaftliche Grundstücke;JAHR;Jahr;2016;DINSG;Deutschland insgesamt;DG;Deutschland;EMZKL1;Größenklassen der Ertragsmesszahlen;EMZA40B50;40 bis unter 50;FLNGK1;Größenklassen der veräußerten Fläche;FLCHA001B025;0,1 bis unter 0,25 ha;20109;EUR/ha;KAU004;Durchschnittlicher Kaufwert
61521;Kaufwerte für landwirtschaftliche Grundstücke;JAHR;Jahr;2011;DINSG;Deutschland insgesamt;DG;Deutschland;EMZKL1;Größenklassen der Ertragsmesszahlen;EMZA40B50;40 bis unter 50;FLNGK1;Größenklassen der veräußerten Fläche;FLCHA025B001;0,25 bis unter 1 ha;14534;EUR/ha;KAU004;Durchschnittlicher Kaufwert
61521;Kaufwerte für landwirtschaftliche Grundstücke;JAHR;Jahr;2010;DINSG;Deutschland insgesamt;DG;Deutschland;EMZKL1;Größenklassen der Ertragsmesszahlen;EMZA40B50;40 bis unter 50;FLNGK1;Größenklassen der veräußerten Fläche;FLCHA001B025;0,1 bis unter 0,25 ha;15784;EUR/ha;KAU004;Durchschnittlicher Kaufwert
61521;Kaufwerte für landwirtschaftliche Grundstücke;JAHR;Jahr;2017;DINSG;Deutschland insgesamt;DG;Deutschland;EMZKL1;Größenklassen der Ertragsmesszahlen;EMZA30B40;30 bis unter 40;FLNGK1;Größenklassen der veräußerten Fläche;FLCHA020B050;2 bis unter 5 ha;21944;EUR/ha;KAU004;Durchschnittlicher Kaufwert
61521;Kaufwerte für landwirtschaftliche Grundstücke;JAHR;Jahr;2008;DINSG;Deutschland insgesamt;DG;Deutschland;EMZKL1;Größenklassen der Ertragsmesszahlen;EMZA60UM;60 und mehr;FLNGK1;Größenklassen der veräußerten Fläche;FLCHA010B020;1 bis unter 2 ha;19218;EUR/ha;KAU004;Durchschnittlicher Kaufwert
61521;Kaufwerte für landwirtschaftliche Grundstücke;JAHR;Jahr;2002;DINSG;Deutschland insgesamt;DG;Deutschland;EMZKL1;Größenklassen der Ertragsmesszahlen;EMZA40B50;40 bis unter 50;FLNGK1;Größenklassen der veräußerten Fläche;;Insgesamt;8795;EUR/ha;KAU004;Durchschnittlicher Kaufwert
61521;Kaufwerte für landwirtschaftliche Grundstücke;JAHR;Jahr;1995;DINSG;Deutschland insgesamt;DG;Deutschland;EMZKL1;Größenklassen der Ertragsmesszahlen;EMZA30B40;30 bis unter 40;FLNGK1;Größenklassen der veräußerten Fläche;FLCHA001B025;0,1 bis unter 0,25 ha;15578;EUR/ha;KAU004;Durchschnittlicher Kaufwert
61521;Kaufwerte für landwirtschaftliche Grundstücke;JAHR;Jahr;2005;DINSG;Deutschland insgesamt;DG;Deutschland;EMZKL1;Größenklassen der Ertragsmesszahlen;EMZA30B40;30 bis unter 40;FLNGK1;Größenklassen der veräußerten Fläche;FLCHA050UM;5 und mehr ha;4829;EUR/ha;KAU004;Durchschnittlicher Kaufwert
61521;Kaufwerte für landwirtschaftliche Grundstücke;JAHR;Jahr;2013;DINSG;Deutschland insgesamt;DG;Deutschland;EMZKL1;Größenklassen der Ertragsmesszahlen;;Insgesamt;FLNGK1;Größenklassen der veräußerten Fläche;FLCHA050UM;5 und mehr ha;14860;EUR/ha;KAU004;Durchschnittlicher Kaufwert
61521;Kaufwerte für landwirtschaftliche Grundstücke;JAHR;Jahr;2020;DINSG;Deutschland insgesamt;DG;Deutschland;EMZKL1;Größenklassen der Ertragsmesszahlen;EMZA30B40;30 bis unter 40;FLNGK1;Größenklassen der veräußerten Fläche;FLCHA010B020;1 bis unter 2 ha;24797;EUR/ha;KAU004;Durchschnittlicher Kaufwert
61521;Kaufwerte für landwirtschaftliche Grundstücke;JAHR;Jahr;2006;DINSG;Deutschland insgesamt;DG;Deutschland;EMZKL1;Größenklassen der Ertragsmesszahlen;EMZA60UM;60 und mehr;FLNGK1;Größenklassen der veräußerten Fläche;FLCHA001B025;0,1 bis unter 0,25 ha;32694;EUR/ha;KAU004;Durchschnittlicher Kaufwert
61521;Kaufwerte für landwirtschaftliche Grundstücke;JAHR;Jahr;2004;DINSG;Deutschland insgesamt;DG;Deutschland;EMZKL1;Größenklassen der Ertragsmesszahlen;EMZU30;unter 30;FLNGK1;Größenklassen der veräußerten Fläche;FLCHA020B050;2 bis unter 5 ha;9592;EUR/ha;KAU004;Durchschnittlicher Kaufwert
61521;Kaufwerte für landwirtschaftliche Grundstücke;JAHR;Jahr;2012;DINSG;Deutschland insgesamt;DG;Deutschland;EMZKL1;Größenklassen der Ertragsmesszahlen;EMZU30;unter 30;FLNGK1;Größenklassen der veräußerten Fläche;FLCHA050UM;5 und mehr ha;10114;EUR/ha;KAU004;Durchschnittlicher Kaufwert
61521;Kaufwerte für landwirtschaftliche Grundstücke;JAHR;Jahr;2019;DINSG;Deutschland insgesamt;DG;Deutschland;EMZKL1;Größenklassen der Ertragsmesszahlen;EMZA60UM;60 und mehr;FLNGK1;Größenklassen der veräußerten Fläche;FLCHA025B001;0,25 bis unter 1 ha;33595;EUR/ha;KAU004;Durchschnittlicher Kaufwert
61521;Kaufwerte für landwirtschaftliche Grundstücke;JAHR;Jahr;2018;DINSG;Deutschland insgesamt;DG;Deutschland;EMZKL1;Größenklassen der Ertragsmesszahlen;EMZA30B40;30 bis unter 40;FLNGK1;Größenklassen der veräußerten Fläche;FLCHA001B025;0,1 bis unter 0,25 ha;17049;EUR/ha;KAU004;Durchschnittlicher Kaufwert
61521;Kaufwerte für landwirtschaftliche Grundstücke;JAHR;Jahr;2009;DINSG;Deutschland insgesamt;DG;Deutschland;EMZKL1;Größenklassen der Ertragsmesszahlen;EMZU30;unter 30;FLNGK1;Größenklassen der veräußerten Fläche;FLCHA050UM;5 und mehr ha;7768;EUR/ha;KAU004;Durchschnittlicher Kaufwert
61521;Kaufwerte für landwirtschaftliche Grundstücke;JAHR;Jahr;2016;DINSG;Deutschland insgesamt;DG;Deutschland;EMZKL1;Größenklassen der Ertragsmesszahlen;EMZU30;unter 30;FLNGK1;Größenklassen der veräußerten Fläche;;Insgesamt;17714;EUR/ha;KAU004;Durchschnittlicher Kaufwert
61521;Kaufwerte für landwirtschaftliche Grundstücke;JAHR;Jahr;1992;DINSG;Deutschland insgesamt;DG;Deutschland;EMZKL1;Größenklassen der Ertragsmesszahlen;EMZU30;unter 30;FLNGK1;Größenklassen der veräußerten Fläche;;Insgesamt;10127;EUR/ha;KAU004;Durchschnittlicher Kaufwert
61521;Kaufwerte für landwirtschaftliche Grundstücke;JAHR;Jahr;2016;DINSG;Deutschland insgesamt;DG;Deutschland;EMZKL1;Größenklassen der Ertragsmesszahlen;EMZU30;unter 30;FLNGK1;Größenklassen der veräußerten Fläche;FLCHA050UM;5 und mehr ha;17020;EUR/ha;KAU004;Durchschnittlicher Kaufwert
61521;Kaufwerte für landwirtschaftliche Grundstücke;JAHR;Jahr;2003;DINSG;Deutschland insgesamt;DG;Deutschland;EMZKL1;Größenklassen der Ertragsmesszahlen;EMZA50B60;50 bis unter 60;FLNGK1;Größenklassen der veräußerten Fläche;FLCHA050UM;5 und mehr ha;11042;EUR/ha;KAU004;Durchschnittlicher Kaufwert
61521;Kaufwerte für landwirtschaftliche Grundstücke;JAHR;Jahr;1993;DINSG;Deutschland insgesamt;DG;Deutschland;EMZKL1;Größenklassen der Ertragsmesszahlen;EMZU30;unter 30;FLNGK1;Größenklassen der veräußerten Fläche;FLCHA025B001;0,25 bis unter 1 ha;11507;EUR/ha;KAU004;Durchschnittlicher Kaufwert
61521;Kaufwerte für landwirtschaftliche Grundstücke;JAHR;Jahr;2004;DINSG;Deutschland insgesamt;DG;Deutschland;EMZKL1;Größenklassen der Ertragsmesszahlen;EMZA60UM;60 und mehr;FLNGK1;Größenklassen der veräußerten Fläche;FLCHA050UM;5 und mehr ha;12477;EUR/ha;KAU004;Durchschnittlicher Kaufwert
61521;Kaufwerte für landwirtschaftliche Grundstücke;JAHR;Jahr;2020;DINSG;Deutschland insgesamt;DG;Deutschland;EMZKL1;Größenklassen der Ertragsmesszahlen;EMZA30B40;30 bis unter 40;FLNGK1;Größenklassen der veräußerten Fläche;FLCHA020B050;2 bis unter 5 ha;25372;EUR/ha;KAU004;Durchschnittlicher Kaufwert
61521;Kaufwerte für landwirtschaftliche Grundstücke;JAHR;Jahr;2001;DINSG;Deutschland insgesamt;DG;Deutschland;EMZKL1;Größenklassen der Ertragsmesszahlen;EMZU30;unter 30;FLNGK1;Größenklassen der veräußerten Fläche;FLCHA050UM;5 und mehr ha;6248;EUR/ha;KAU004;Durchschnittlicher Kaufwert
61521;Kaufwerte für landwirtschaftliche Grundstücke;JAHR;Jahr;1994;DINSG;Deutschland insgesamt;DG;Deutschland;EMZKL1;Größenklassen der Ertragsmesszahlen;EMZA50B60;50 bis unter 60;FLNGK1;Größenklassen der veräußerten Fläche;;Insgesamt;15740;EUR/ha;KAU004;Durchschnittlicher Kaufwert
61521;Kaufwerte für landwirtschaftliche Grundstücke;JAHR;Jahr;2015;DINSG;Deutschland insgesamt;DG;Deutschland;EMZKL1;Größenklassen der Ertragsmesszahlen;;Insgesamt;FLNGK1;Größenklassen der veräußerten Fläche;FLCHA010B020;1 bis unter 2 ha;22215;EUR/ha;KAU004;Durchschnittlicher Kaufwert
61521;Kaufwerte für landwirtschaftliche Grundstücke;JAHR;Jahr;2019;DINSG;Deutschland insgesamt;DG;Deutschland;EMZKL1;Größenklassen der Ertragsmesszahlen;EMZA30B40;30 bis unter 40;FLNGK1;Größenklassen der veräußerten Fläche;FLCHA020B050;2 bis unter 5 ha;24865;EUR/ha;KAU004;Durchschnittlicher Kaufwert
61521;Kaufwerte für landwirtschaftliche Grundstücke;JAHR;Jahr;1992;DINSG;Deutschland insgesamt;DG;Deutschland;EMZKL1;Größenklassen der Ertragsmesszahlen;;Insgesamt;FLNGK1;Größenklassen der veräußerten Fläche;FLCHA010B020;1 bis unter 2 ha;16350;EUR/ha;KAU004;Durchschnittlicher Kaufwert
61521;Kaufwerte für landwirtschaftliche Grundstücke;JAHR;Jahr;1993;DINSG;Deutschland insgesamt;DG;Deutschland;EMZKL1;Größenklassen der Ertragsmesszahlen;;Insgesamt;FLNGK1;Größenklassen der veräußerten Fläche;FLCHA020B050;2 bis unter 5 ha;14135;EUR/ha;KAU004;Durchschnittlicher Kaufwert
61521;Kaufwerte für landwirtschaftliche Grundstücke;JAHR;Jahr;1993;DINSG;Deutschland insgesamt;DG;Deutschland;EMZKL1;Größenklassen der Ertragsmesszahlen;;Insgesamt;FLNGK1;Größenklassen der veräußerten Fläche;FLCHA025B001;0,25 bis unter 1 ha;15759;EUR/ha;KAU004;Durchschnittlicher Kaufwert
61521;Kaufwerte für landwirtschaftliche Grundstücke;JAHR;Jahr;2016;DINSG;Deutschland insgesamt;DG;Deutschland;EMZKL1;Größenklassen der Ertragsmesszahlen;;Insgesamt;FLNGK1;Größenklassen der veräußerten Fläche;FLCHA025B001;0,25 bis unter 1 ha;22074;EUR/ha;KAU004;Durchschnittlicher Kaufwert
61521;Kaufwerte für landwirtschaftliche Grundstücke;JAHR;Jahr;2016;DINSG;Deutschland insgesamt;DG;Deutschland;EMZKL1;Größenklassen der Ertragsmesszahlen;;Insgesamt;FLNGK1;Größenklassen der veräußerten Fläche;FLCHA020B050;2 bis unter 5 ha;25847;EUR/ha;KAU004;Durchschnittlicher Kaufwert
61521;Kaufwerte für landwirtschaftliche Grundstücke;JAHR;Jahr;2018;DINSG;Deutschland insgesamt;DG;Deutschland;EMZKL1;Größenklassen der Ertragsmesszahlen;EMZA50B60;50 bis unter 60;FLNGK1;Größenklassen der veräußerten Fläche;FLCHA020B050;2 bis unter 5 ha;41594;EUR/ha;KAU004;Durchschnittlicher Kaufwert
61521;Kaufwerte für landwirtschaftliche Grundstücke;JAHR;Jahr;2001;DINSG;Deutschland insgesamt;DG;Deutschland;EMZKL1;Größenklassen der Ertragsmesszahlen;EMZU30;unter 30;FLNGK1;Größenklassen der veräußerten Fläche;FLCHA025B001;0,25 bis unter 1 ha;9340;EUR/ha;KAU004;Durchschnittlicher Kaufwert
61521;Kaufwerte für landwirtschaftliche Grundstücke;JAHR;Jahr;2001;DINSG;Deutschland insgesamt;DG;Deutschland;EMZKL1;Größenklassen der Ertragsmesszahlen;;Insgesamt;FLNGK1;Größenklassen der veräußerten Fläche;;Insgesamt;9427;EUR/ha;KAU004;Durchschnittlicher Kaufwert
61521;Kaufwerte für landwirtschaftliche Grundstücke;JAHR;Jahr;2005;DINSG;Deutschland insgesamt;DG;Deutschland;EMZKL1;Größenklassen der Ertragsmesszahlen;EMZU30;unter 30;FLNGK1;Größenklassen der veräußerten Fläche;FLCHA050UM;5 und mehr ha;4726;EUR/ha;KAU004;Durchschnittlicher Kaufwert
61521;Kaufwerte für landwirtschaftliche Grundstücke;JAHR;Jahr;1996;DINSG;Deutschland insgesamt;DG;Deutschland;EMZKL1;Größenklassen der Ertragsmesszahlen;EMZA60UM;60 und mehr;FLNGK1;Größenklassen der veräußerten Fläche;FLCHA050UM;5 und mehr ha;13714;EUR/ha;KAU004;Durchschnittlicher Kaufwert
61521;Kaufwerte für landwirtschaftliche Grundstücke;JAHR;Jahr;2019;DINSG;Deutschland insgesamt;DG;Deutschland;EMZKL1;Größenklassen der Ertragsmesszahlen;EMZA50B60;50 bis unter 60;FLNGK1;Größenklassen der veräußerten Fläche;FLCHA001B025;0,1 bis unter 0,25 ha;31392;EUR/ha;KAU004;Durchschnittlicher Kaufwert
61521;Kaufwerte für landwirtschaftliche Grundstücke;JAHR;Jahr;2003;DINSG;Deutschland insgesamt;DG;Deutschland;EMZKL1;Größenklassen der Ertragsmesszahlen;EMZU30;unter 30;FLNGK1;Größenklassen der veräußerten Fläche;FLCHA001B025;0,1 bis unter 0,25 ha;14200;EUR/ha;KAU004;Durchschnittlicher Kaufwert
61521;Kaufwerte für landwirtschaftliche Grundstücke;JAHR;Jahr;2001;DINSG;Deutschland insgesamt;DG;Deutschland;EMZKL1;Größenklassen der Ertragsmesszahlen;EMZA60UM;60 und mehr;FLNGK1;Größenklassen der veräußerten Fläche;FLCHA020B050;2 bis unter 5 ha;17433;EUR/ha;KAU004;Durchschnittlicher Kaufwert
61521;Kaufwerte für landwirtschaftliche Grundstücke;JAHR;Jahr;1993;DINSG;Deutschland insgesamt;DG;Deutschland;EMZKL1;Größenklassen der Ertragsmesszahlen;EMZA60UM;60 und mehr;FLNGK1;Größenklassen der veräußerten Fläche;FLCHA020B050;2 bis unter 5 ha;19224;EUR/ha;KAU004;Durchschnittlicher Kaufwert
61521;Kaufwerte für landwirtschaftliche Grundstücke;JAHR;Jahr;1998;DINSG;Deutschland insgesamt;DG;Deutschland;EMZKL1;Größenklassen der Ertragsmesszahlen;EMZA50B60;50 bis unter 60;FLNGK1;Größenklassen der veräußerten Fläche;;Insgesamt;14324;EUR/ha;KAU004;Durchschnittlicher Kaufwert
61521;Kaufwerte für landwirtschaftliche Grundstücke;JAHR;Jahr;1991;DINSG;Deutschland insgesamt;DG;Deutschland;EMZKL1;Größenklassen der Ertragsmesszahlen;;Insgesamt;FLNGK1;Größenklassen der veräußerten Fläche;FLCHA010B020;1 bis unter 2 ha;17470;EUR/ha;KAU004;Durchschnittlicher Kaufwert
61521;Kaufwerte für landwirtschaftliche Grundstücke;JAHR;Jahr;2009;DINSG;Deutschland insgesamt;DG;Deutschland;EMZKL1;Größenklassen der Ertragsmesszahlen;;Insgesamt;FLNGK1;Größenklassen der veräußerten Fläche;FLCHA010B020;1 bis unter 2 ha;13498;EUR/ha;KAU004;Durchschnittlicher Kaufwert
61521;Kaufwerte für landwirtschaftliche Grundstücke;JAHR;Jahr;2008;DINSG;Deutschland insgesamt;DG;Deutschland;EMZKL1;Größenklassen der Ertragsmesszahlen;;Insgesamt;FLNGK1;Größenklassen der veräußerten Fläche;FLCHA001B025;0,1 bis unter 0,25 ha;17410;EUR/ha;KAU004;Durchschnittlicher Kaufwert
61521;Kaufwerte für landwirtschaftliche Grundstücke;JAHR;Jahr;2018;DINSG;Deutschland insgesamt;DG;Deutschland;EMZKL1;Größenklassen der Ertragsmesszahlen;EMZU30;unter 30;FLNGK1;Größenklassen der veräußerten Fläche;FLCHA001B025;0,1 bis unter 0,25 ha;17823;EUR/ha;KAU004;Durchschnittlicher Kaufwert
61521;Kaufwerte für landwirtschaftliche Grundstücke;JAHR;Jahr;2013;DINSG;Deutschland insgesamt;DG;Deutschland;EMZKL1;Größenklassen der Ertragsmesszahlen;;Insgesamt;FLNGK1;Größenklassen der veräußerten Fläche;FLCHA001B025;0,1 bis unter 0,25 ha;19452;EUR/ha;KAU004;Durchschnittlicher Kaufwert
61521;Kaufwerte für landwirtschaftliche Grundstücke;JAHR;Jahr;1995;DINSG;Deutschland insgesamt;DG;Deutschland;EMZKL1;Größenklassen der Ertragsmesszahlen;EMZU30;unter 30;FLNGK1;Größenklassen der veräußerten Fläche;FLCHA001B025;0,1 bis unter 0,25 ha;15134;EUR/ha;KAU004;Durchschnittlicher Kaufwert
61521;Kaufwerte für landwirtschaftliche Grundstücke;JAHR;Jahr;2011;DINSG;Deutschland insgesamt;DG;Deutschland;EMZKL1;Größenklassen der Ertragsmesszahlen;EMZA60UM;60 und mehr;FLNGK1;Größenklassen der veräußerten Fläche;FLCHA001B025;0,1 bis unter 0,25 ha;28395;EUR/ha;KAU004;Durchschnittlicher Kaufwert
61521;Kaufwerte für landwirtschaftliche Grundstücke;JAHR;Jahr;2020;DINSG;Deutschland insgesamt;DG;Deutschland;EMZKL1;Größenklassen der Ertragsmesszahlen;EMZA60UM;60 und mehr;FLNGK1;Größenklassen der veräußerten Fläche;;Insgesamt;36872;EUR/ha;KAU004;Durchschnittlicher Kaufwert
61521;Kaufwerte für landwirtschaftliche Grundstücke;JAHR;Jahr;2019;DINSG;Deutschland insgesamt;DG;Deutschland;EMZKL1;Größenklassen der Ertragsmesszahlen;EMZA60UM;60 und mehr;FLNGK1;Größenklassen der veräußerten Fläche;FLCHA010B020;1 bis unter 2 ha;39415;EUR/ha;KAU004;Durchschnittlicher Kaufwert
61521;Kaufwerte für landwirtschaftliche Grundstücke;JAHR;Jahr;2016;DINSG;Deutschland insgesamt;DG;Deutschland;EMZKL1;Größenklassen der Ertragsmesszahlen;EMZA60UM;60 und mehr;FLNGK1;Größenklassen der veräußerten Fläche;FLCHA050UM;5 und mehr ha;29209;EUR/ha;KAU004;Durchschnittlicher Kaufwert
61521;Kaufwerte für landwirtschaftliche Grundstücke;JAHR;Jahr;2013;DINSG;Deutschland insgesamt;DG;Deutschland;EMZKL1;Größenklassen der Ertragsmesszahlen;EMZU30;unter 30;FLNGK1;Größenklassen der veräußerten Fläche;FLCHA010B020;1 bis unter 2 ha;13625;EUR/ha;KAU004;Durchschnittlicher Kaufwert
61521;Kaufwerte für landwirtschaftliche Grundstücke;JAHR;Jahr;2014;DINSG;Deutschland insgesamt;DG;Deutschland;EMZKL1;Größenklassen der Ertragsmesszahlen;EMZU30;unter 30;FLNGK1;Größenklassen der veräußerten Fläche;FLCHA020B050;2 bis unter 5 ha;17922;EUR/ha;KAU004;Durchschnittlicher Kaufwert
61521;Kaufwerte für landwirtschaftliche Grundstücke;JAHR;Jahr;2014;DINSG;Deutschland insgesamt;DG;Deutschland;EMZKL1;Größenklassen der Ertragsmesszahlen;EMZA40B50;40 bis unter 50;FLNGK1;Größenklassen der veräußerten Fläche;FLCHA001B025;0,1 bis unter 0,25 ha;17791;EUR/ha;KAU004;Durchschnittlicher Kaufwert
61521;Kaufwerte für landwirtschaftliche Grundstücke;JAHR;Jahr;2001;DINSG;Deutschland insgesamt;DG;Deutschland;EMZKL1;Größenklassen der Ertragsmesszahlen;EMZA60UM;60 und mehr;FLNGK1;Größenklassen der veräußerten Fläche;FLCHA025B001;0,25 bis unter 1 ha;21475;EUR/ha;KAU004;Durchschnittlicher Kaufwert
61521;Kaufwerte für landwirtschaftliche Grundstücke;JAHR;Jahr;2014;DINSG;Deutschland insgesamt;DG;Deutschland;EMZKL1;Größenklassen der Ertragsmesszahlen;;Insgesamt;FLNGK1;Größenklassen der veräußerten Fläche;FLCHA010B020;1 bis unter 2 ha;20789;EUR/ha;KAU004;Durchschnittlicher Kaufwert
61521;Kaufwerte für landwirtschaftliche Grundstücke;JAHR;Jahr;2017;DINSG;Deutschland insgesamt;DG;Deutschland;EMZKL1;Größenklassen der Ertragsmesszahlen;EMZA30B40;30 bis unter 40;FLNGK1;Größenklassen der veräußerten Fläche;FLCHA025B001;0,25 bis unter 1 ha;20046;EUR/ha;KAU004;Durchschnittlicher Kaufwert
61521;Kaufwerte für landwirtschaftliche Grundstücke;JAHR;Jahr;1991;DINSG;Deutschland insgesamt;DG;Deutschland;EMZKL1;Größenklassen der Ertragsmesszahlen;EMZA40B50;40 bis unter 50;FLNGK1;Größenklassen der veräußerten Fläche;FLCHA050UM;5 und mehr ha;7981;EUR/ha;KAU004;Durchschnittlicher Kaufwert
61521;Kaufwerte für landwirtschaftliche Grundstücke;JAHR;Jahr;2014;DINSG;Deutschland insgesamt;DG;Deutschland;EMZKL1;Größenklassen der Ertragsmesszahlen;EMZA40B50;40 bis unter 50;FLNGK1;Größenklassen der veräußerten Fläche;FLCHA050UM;5 und mehr ha;18214;EUR/ha;KAU004;Durchschnittlicher Kaufwert
61521;Kaufwerte für landwirtschaftliche Grundstücke;JAHR;Jahr;2004;DINSG;Deutschland insgesamt;DG;Deutschland;EMZKL1;Größenklassen der Ertragsmesszahlen;EMZU30;unter 30;FLNGK1;Größenklassen der veräußerten Fläche;;Insgesamt;7241;EUR/ha;KAU004;Durchschnittlicher Kaufwert
61521;Kaufwerte für landwirtschaftliche Grundstücke;JAHR;Jahr;2012;DINSG;Deutschland insgesamt;DG;Deutschland;EMZKL1;Größenklassen der Ertragsmesszahlen;EMZA30B40;30 bis unter 40;FLNGK1;Größenklassen der veräußerten Fläche;FLCHA050UM;5 und mehr ha;10549;EUR/ha;KAU004;Durchschnittlicher Kaufwert
61521;Kaufwerte für landwirtschaftliche Grundstücke;JAHR;Jahr;2000;DINSG;Deutschland insgesamt;DG;Deutschland;EMZKL1;Größenklassen der Ertragsmesszahlen;;Insgesamt;FLNGK1;Größenklassen der veräußerten Fläche;FLCHA010B020;1 bis unter 2 ha;13641;EUR/ha;KAU004;Durchschnittlicher Kaufwert
61521;Kaufwerte für landwirtschaftliche Grundstücke;JAHR;Jahr;1998;DINSG;Deutschland insgesamt;DG;Deutschland;EMZKL1;Größenklassen der Ertragsmesszahlen;EMZA60UM;60 und mehr;FLNGK1;Größenklassen der veräußerten Fläche;FLCHA025B001;0,25 bis unter 1 ha;20975;EUR/ha;KAU004;Durchschnittlicher Kaufwert
61521;Kaufwerte für landwirtschaftliche Grundstücke;JAHR;Jahr;2003;DINSG;Deutschland insgesamt;DG;Deutschland;EMZKL1;Größenklassen der Ertragsmesszahlen;EMZU30;unter 30;FLNGK1;Größenklassen der veräußerten Fläche;;Insgesamt;7061;EUR/ha;KAU004;Durchschnittlicher Kaufwert
61521;Kaufwerte für landwirtschaftliche Grundstücke;JAHR;Jahr;2016;DINSG;Deutschland insgesamt;DG;Deutschland;EMZKL1;Größenklassen der Ertragsmesszahlen;EMZU30;unter 30;FLNGK1;Größenklassen der veräußerten Fläche;FLCHA025B001;0,25 bis unter 1 ha;15591;EUR/ha;KAU004;Durchschnittlicher Kaufwert
61521;Kaufwerte für landwirtschaftliche Grundstücke;JAHR;Jahr;1996;DINSG;Deutschland insgesamt;DG;Deutschland;EMZKL1;Größenklassen der Ertragsmesszahlen;EMZA60UM;60 und mehr;FLNGK1;Größenklassen der veräußerten Fläche;FLCHA010B020;1 bis unter 2 ha;20657;EUR/ha;KAU004;Durchschnittlicher Kaufwert
61521;Kaufwerte für landwirtschaftliche Grundstücke;JAHR;Jahr;1996;DINSG;Deutschland insgesamt;DG;Deutschland;EMZKL1;Größenklassen der Ertragsmesszahlen;EMZU30;unter 30;FLNGK1;Größenklassen der veräußerten Fläche;FLCHA020B050;2 bis unter 5 ha;11116;EUR/ha;KAU004;Durchschnittlicher Kaufwert
61521;Kaufwerte für landwirtschaftliche Grundstücke;JAHR;Jahr;2002;DINSG;Deutschland insgesamt;DG;Deutschland;EMZKL1;Größenklassen der Ertragsmesszahlen;;Insgesamt;FLNGK1;Größenklassen der veräußerten Fläche;;Insgesamt;9465;EUR/ha;KAU004;Durchschnittlicher Kaufwert
61521;Kaufwerte für landwirtschaftliche Grundstücke;JAHR;Jahr;2004;DINSG;Deutschland insgesamt;DG;Deutschland;EMZKL1;Größenklassen der Ertragsmesszahlen;EMZA50B60;50 bis unter 60;FLNGK1;Größenklassen der veräußerten Fläche;FLCHA050UM;5 und mehr ha;10492;EUR/ha;KAU004;Durchschnittlicher Kaufwert
61521;Kaufwerte für landwirtschaftliche Grundstücke;JAHR;Jahr;2020;DINSG;Deutschland insgesamt;DG;Deutschland;EMZKL1;Größenklassen der Ertragsmesszahlen;;Insgesamt;FLNGK1;Größenklassen der veräußerten Fläche;FLCHA025B001;0,25 bis unter 1 ha;26014;EUR/ha;KAU004;Durchschnittlicher Kaufwert
61521;Kaufwerte für landwirtschaftliche Grundstücke;JAHR;Jahr;2006;DINSG;Deutschland insgesamt;DG;Deutschland;EMZKL1;Größenklassen der Ertragsmesszahlen;EMZU30;unter 30;FLNGK1;Größenklassen der veräußerten Fläche;;Insgesamt;6179;EUR/ha;KAU004;Durchschnittlicher Kaufwert
61521;Kaufwerte für landwirtschaftliche Grundstücke;JAHR;Jahr;2005;DINSG;Deutschland insgesamt;DG;Deutschland;EMZKL1;Größenklassen der Ertragsmesszahlen;EMZU30;unter 30;FLNGK1;Größenklassen der veräußerten Fläche;;Insgesamt;6170;EUR/ha;KAU004;Durchschnittlicher Kaufwert
61521;Kaufwerte für landwirtschaftliche Grundstücke;JAHR;Jahr;2020;DINSG;Deutschland insgesamt;DG;Deutschland;EMZKL1;Größenklassen der Ertragsmesszahlen;EMZA30B40;30 bis unter 40;FLNGK1;Größenklassen der veräußerten Fläche;FLCHA025B001;0,25 bis unter 1 ha;21186;EUR/ha;KAU004;Durchschnittlicher Kaufwert
61521;Kaufwerte für landwirtschaftliche Grundstücke;JAHR;Jahr;1999;DINSG;Deutschland insgesamt;DG;Deutschland;EMZKL1;Größenklassen der Ertragsmesszahlen;EMZA30B40;30 bis unter 40;FLNGK1;Größenklassen der veräußerten Fläche;FLCHA010B020;1 bis unter 2 ha;10824;EUR/ha;KAU004;Durchschnittlicher Kaufwert
61521;Kaufwerte für landwirtschaftliche Grundstücke;JAHR;Jahr;1997;DINSG;Deutschland insgesamt;DG;Deutschland;EMZKL1;Größenklassen der Ertragsmesszahlen;EMZA30B40;30 bis unter 40;FLNGK1;Größenklassen der veräußerten Fläche;FLCHA010B020;1 bis unter 2 ha;11583;EUR/ha;KAU004;Durchschnittlicher Kaufwert
61521;Kaufwerte für landwirtschaftliche Grundstücke;JAHR;Jahr;2014;DINSG;Deutschland insgesamt;DG;Deutschland;EMZKL1;Größenklassen der Ertragsmesszahlen;EMZA60UM;60 und mehr;FLNGK1;Größenklassen der veräußerten Fläche;FLCHA020B050;2 bis unter 5 ha;27611;EUR/ha;KAU004;Durchschnittlicher Kaufwert
61521;Kaufwerte für landwirtschaftliche Grundstücke;JAHR;Jahr;2012;DINSG;Deutschland insgesamt;DG;Deutschland;EMZKL1;Größenklassen der Ertragsmesszahlen;EMZA40B50;40 bis unter 50;FLNGK1;Größenklassen der veräußerten Fläche;FLCHA001B025;0,1 bis unter 0,25 ha;16498;EUR/ha;KAU004;Durchschnittlicher Kaufwert
61521;Kaufwerte für landwirtschaftliche Grundstücke;JAHR;Jahr;1994;DINSG;Deutschland insgesamt;DG;Deutschland;EMZKL1;Größenklassen der Ertragsmesszahlen;;Insgesamt;FLNGK1;Größenklassen der veräußerten Fläche;FLCHA050UM;5 und mehr ha;8416;EUR/ha;KAU004;Durchschnittlicher Kaufwert
61521;Kaufwerte für landwirtschaftliche Grundstücke;JAHR;Jahr;1998;DINSG;Deutschland insgesamt;DG;Deutschland;EMZKL1;Größenklassen der Ertragsmesszahlen;EMZA50B60;50 bis unter 60;FLNGK1;Größenklassen der veräußerten Fläche;FLCHA020B050;2 bis unter 5 ha;18803;EUR/ha;KAU004;Durchschnittlicher Kaufwert
61521;Kaufwerte für landwirtschaftliche Grundstücke;JAHR;Jahr;2020;DINSG;Deutschland insgesamt;DG;Deutschland;EMZKL1;Größenklassen der Ertragsmesszahlen;EMZA40B50;40 bis unter 50;FLNGK1;Größenklassen der veräußerten Fläche;FLCHA050UM;5 und mehr ha;24737;EUR/ha;KAU004;Durchschnittlicher Kaufwert
61521;Kaufwerte für landwirtschaftliche Grundstücke;JAHR;Jahr;2008;DINSG;Deutschland insgesamt;DG;Deutschland;EMZKL1;Größenklassen der Ertragsmesszahlen;EMZA40B50;40 bis unter 50;FLNGK1;Größenklassen der veräußerten Fläche;FLCHA020B050;2 bis unter 5 ha;13144;EUR/ha;KAU004;Durchschnittlicher Kaufwert
61521;Kaufwerte für landwirtschaftliche Grundstücke;JAHR;Jahr;2015;DINSG;Deutschland insgesamt;DG;Deutschland;EMZKL1;Größenklassen der Ertragsmesszahlen;EMZA30B40;30 bis unter 40;FLNGK1;Größenklassen der veräußerten Fläche;FLCHA025B001;0,25 bis unter 1 ha;15518;EUR/ha;KAU004;Durchschnittlicher Kaufwert
61521;Kaufwerte für landwirtschaftliche Grundstücke;JAHR;Jahr;1995;DINSG;Deutschland insgesamt;DG;Deutschland;EMZKL1;Größenklassen der Ertragsmesszahlen;EMZA50B60;50 bis unter 60;FLNGK1;Größenklassen der veräußerten Fläche;FLCHA050UM;5 und mehr ha;10063;EUR/ha;KAU004;Durchschnittlicher Kaufwert
61521;Kaufwerte für landwirtschaftliche Grundstücke;JAHR;Jahr;2000;DINSG;Deutschland insgesamt;DG;Deutschland;EMZKL1;Größenklassen der Ertragsmesszahlen;EMZU30;unter 30;FLNGK1;Größenklassen der veräußerten Fläche;FLCHA001B025;0,1 bis unter 0,25 ha;12382;EUR/ha;KAU004;Durchschnittlicher Kaufwert
61521;Kaufwerte für landwirtschaftliche Grundstücke;JAHR;Jahr;2013;DINSG;Deutschland insgesamt;DG;Deutschland;EMZKL1;Größenklassen der Ertragsmesszahlen;EMZA30B40;30 bis unter 40;FLNGK1;Größenklassen der veräußerten Fläche;FLCHA010B020;1 bis unter 2 ha;14298;EUR/ha;KAU004;Durchschnittlicher Kaufwert
61521;Kaufwerte für landwirtschaftliche Grundstücke;JAHR;Jahr;2011;DINSG;Deutschland insgesamt;DG;Deutschland;EMZKL1;Größenklassen der Ertragsmesszahlen;EMZA30B40;30 bis unter 40;FLNGK1;Größenklassen der veräußerten Fläche;FLCHA050UM;5 und mehr ha;10256;EUR/ha;KAU004;Durchschnittlicher Kaufwert
61521;Kaufwerte für landwirtschaftliche Grundstücke;JAHR;Jahr;2007;DINSG;Deutschland insgesamt;DG;Deutschland;EMZKL1;Größenklassen der Ertragsmesszahlen;;Insgesamt;FLNGK1;Größenklassen der veräußerten Fläche;FLCHA001B025;0,1 bis unter 0,25 ha;18212;EUR/ha;KAU004;Durchschnittlicher Kaufwert
61521;Kaufwerte für landwirtschaftliche Grundstücke;JAHR;Jahr;2006;DINSG;Deutschland insgesamt;DG;Deutschland;EMZKL1;Größenklassen der Ertragsmesszahlen;EMZA30B40;30 bis unter 40;FLNGK1;Größenklassen der veräußerten Fläche;FLCHA050UM;5 und mehr ha;4936;EUR/ha;KAU004;Durchschnittlicher Kaufwert
61521;Kaufwerte für landwirtschaftliche Grundstücke;JAHR;Jahr;2009;DINSG;Deutschland insgesamt;DG;Deutschland;EMZKL1;Größenklassen der Ertragsmesszahlen;EMZA40B50;40 bis unter 50;FLNGK1;Größenklassen der veräußerten Fläche;FLCHA001B025;0,1 bis unter 0,25 ha;17000;EUR/ha;KAU004;Durchschnittlicher Kaufwert
61521;Kaufwerte für landwirtschaftliche Grundstücke;JAHR;Jahr;2013;DINSG;Deutschland insgesamt;DG;Deutschland;EMZKL1;Größenklassen der Ertragsmesszahlen;EMZA40B50;40 bis unter 50;FLNGK1;Größenklassen der veräußerten Fläche;FLCHA020B050;2 bis unter 5 ha;19796;EUR/ha;KAU004;Durchschnittlicher Kaufwert
61521;Kaufwerte für landwirtschaftliche Grundstücke;JAHR;Jahr;2001;DINSG;Deutschland insgesamt;DG;Deutschland;EMZKL1;Größenklassen der Ertragsmesszahlen;;Insgesamt;FLNGK1;Größenklassen der veräußerten Fläche;FLCHA010B020;1 bis unter 2 ha;13649;EUR/ha;KAU004;Durchschnittlicher Kaufwert
61521;Kaufwerte für landwirtschaftliche Grundstücke;JAHR;Jahr;1999;DINSG;Deutschland insgesamt;DG;Deutschland;EMZKL1;Größenklassen der Ertragsmesszahlen;EMZA50B60;50 bis unter 60;FLNGK1;Größenklassen der veräußerten Fläche;FLCHA001B025;0,1 bis unter 0,25 ha;24465;EUR/ha;KAU004;Durchschnittlicher Kaufwert
61521;Kaufwerte für landwirtschaftliche Grundstücke;JAHR;Jahr;2011;DINSG;Deutschland insgesamt;DG;Deutschland;EMZKL1;Größenklassen der Ertragsmesszahlen;EMZA40B50;40 bis unter 50;FLNGK1;Größenklassen der veräußerten Fläche;FLCHA020B050;2 bis unter 5 ha;15458;EUR/ha;KAU004;Durchschnittlicher Kaufwert
61521;Kaufwerte für landwirtschaftliche Grundstücke;JAHR;Jahr;1992;DINSG;Deutschland insgesamt;DG;Deutschland;EMZKL1;Größenklassen der Ertragsmesszahlen;EMZA60UM;60 und mehr;FLNGK1;Größenklassen der veräußerten Fläche;FLCHA001B025;0,1 bis unter 0,25 ha;36379;EUR/ha;KAU004;Durchschnittlicher Kaufwert
61521;Kaufwerte für landwirtschaftliche Grundstücke;JAHR;Jahr;1992;DINSG;Deutschland insgesamt;DG;Deutschland;EMZKL1;Größenklassen der Ertragsmesszahlen;EMZU30;unter 30;FLNGK1;Größenklassen der veräußerten Fläche;FLCHA001B025;0,1 bis unter 0,25 ha;13859;EUR/ha;KAU004;Durchschnittlicher Kaufwert
61521;Kaufwerte für landwirtschaftliche Grundstücke;JAHR;Jahr;2003;DINSG;Deutschland insgesamt;DG;Deutschland;EMZKL1;Größenklassen der Ertragsmesszahlen;EMZA60UM;60 und mehr;FLNGK1;Größenklassen der veräußerten Fläche;FLCHA020B050;2 bis unter 5 ha;17912;EUR/ha;KAU004;Durchschnittlicher Kaufwert
61521;Kaufwerte für landwirtschaftliche Grundstücke;JAHR;Jahr;1992;DINSG;Deutschland insgesamt;DG;Deutschland;EMZKL1;Größenklassen der Ertragsmesszahlen;;Insgesamt;FLNGK1;Größenklassen der veräußerten Fläche;FLCHA050UM;5 und mehr ha;8712;EUR/ha;KAU004;Durchschnittlicher Kaufwert
61521;Kaufwerte für landwirtschaftliche Grundstücke;JAHR;Jahr;1993;DINSG;Deutschland insgesamt;DG;Deutschland;EMZKL1;Größenklassen der Ertragsmesszahlen;EMZA30B40;30 bis unter 40;FLNGK1;Größenklassen der veräußerten Fläche;FLCHA001B025;0,1 bis unter 0,25 ha;13683;EUR/ha;KAU004;Durchschnittlicher Kaufwert
61521;Kaufwerte für landwirtschaftliche Grundstücke;JAHR;Jahr;2017;DINSG;Deutschland insgesamt;DG;Deutschland;EMZKL1;Größenklassen der Ertragsmesszahlen;;Insgesamt;FLNGK1;Größenklassen der veräußerten Fläche;FLCHA020B050;2 bis unter 5 ha;27958;EUR/ha;KAU004;Durchschnittlicher Kaufwert
61521;Kaufwerte für landwirtschaftliche Grundstücke;JAHR;Jahr;2015;DINSG;Deutschland insgesamt;DG;Deutschland;EMZKL1;Größenklassen der Ertragsmesszahlen;EMZA30B40;30 bis unter 40;FLNGK1;Größenklassen der veräußerten Fläche;FLCHA010B020;1 bis unter 2 ha;16925;EUR/ha;KAU004;Durchschnittlicher Kaufwert
61521;Kaufwerte für landwirtschaftliche Grundstücke;JAHR;Jahr;2015;DINSG;Deutschland insgesamt;DG;Deutschland;EMZKL1;Größenklassen der Ertragsmesszahlen;;Insgesamt;FLNGK1;Größenklassen der veräußerten Fläche;FLCHA025B001;0,25 bis unter 1 ha;20274;EUR/ha;KAU004;Durchschnittlicher Kaufwert
61521;Kaufwerte für landwirtschaftliche Grundstücke;JAHR;Jahr;2011;DINSG;Deutschland insgesamt;DG;Deutschland;EMZKL1;Größenklassen der Ertragsmesszahlen;EMZU30;unter 30;FLNGK1;Größenklassen der veräußerten Fläche;FLCHA020B050;2 bis unter 5 ha;12594;EUR/ha;KAU004;Durchschnittlicher Kaufwert
61521;Kaufwerte für landwirtschaftliche Grundstücke;JAHR;Jahr;1994;DINSG;Deutschland insgesamt;DG;Deutschland;EMZKL1;Größenklassen der Ertragsmesszahlen;;Insgesamt;FLNGK1;Größenklassen der veräußerten Fläche;FLCHA020B050;2 bis unter 5 ha;13439;EUR/ha;KAU004;Durchschnittlicher Kaufwert
61521;Kaufwerte für landwirtschaftliche Grundstücke;JAHR;Jahr;2004;DINSG;Deutschland insgesamt;DG;Deutschland;EMZKL1;Größenklassen der Ertragsmesszahlen;EMZA60UM;60 und mehr;FLNGK1;Größenklassen der veräußerten Fläche;FLCHA001B025;0,1 bis unter 0,25 ha;31014;EUR/ha;KAU004;Durchschnittlicher Kaufwert
61521;Kaufwerte für landwirtschaftliche Grundstücke;JAHR;Jahr;1991;DINSG;Deutschland insgesamt;DG;Deutschland;EMZKL1;Größenklassen der Ertragsmesszahlen;EMZA60UM;60 und mehr;FLNGK1;Größenklassen der veräußerten Fläche;FLCHA020B050;2 bis unter 5 ha;22955;EUR/ha;KAU004;Durchschnittlicher Kaufwert
61521;Kaufwerte für landwirtschaftliche Grundstücke;JAHR;Jahr;1991;DINSG;Deutschland insgesamt;DG;Deutschland;EMZKL1;Größenklassen der Ertragsmesszahlen;;Insgesamt;FLNGK1;Größenklassen der veräußerten Fläche;;Insgesamt;13441;EUR/ha;KAU004;Durchschnittlicher Kaufwert
61521;Kaufwerte für landwirtschaftliche Grundstücke;JAHR;Jahr;1992;DINSG;Deutschland insgesamt;DG;Deutschland;EMZKL1;Größenklassen der Ertragsmesszahlen;;Insgesamt;FLNGK1;Größenklassen der veräußerten Fläche;FLCHA025B001;0,25 bis unter 1 ha;17306;EUR/ha;KAU004;Durchschnittlicher Kaufwert
61521;Kaufwerte für landwirtschaftliche Grundstücke;JAHR;Jahr;2001;DINSG;Deutschland insgesamt;DG;Deutschland;EMZKL1;Größenklassen der Ertragsmesszahlen;EMZA60UM;60 und mehr;FLNGK1;Größenklassen der veräußerten Fläche;FLCHA050UM;5 und mehr ha;12605;EUR/ha;KAU004;Durchschnittlicher Kaufwert
61521;Kaufwerte für landwirtschaftliche Grundstücke;JAHR;Jahr;2013;DINSG;Deutschland insgesamt;DG;Deutschland;EMZKL1;Größenklassen der Ertragsmesszahlen;EMZA60UM;60 und mehr;FLNGK1;Größenklassen der veräußerten Fläche;FLCHA001B025;0,1 bis unter 0,25 ha;27274;EUR/ha;KAU004;Durchschnittlicher Kaufwert
61521;Kaufwerte für landwirtschaftliche Grundstücke;JAHR;Jahr;2017;DINSG;Deutschland insgesamt;DG;Deutschland;EMZKL1;Größenklassen der Ertragsmesszahlen;;Insgesamt;FLNGK1;Größenklassen der veräußerten Fläche;FLCHA050UM;5 und mehr ha;21856;EUR/ha;KAU004;Durchschnittlicher Kaufwert
61521;Kaufwerte für landwirtschaftliche Grundstücke;JAHR;Jahr;2017;DINSG;Deutschland insgesamt;DG;Deutschland;EMZKL1;Größenklassen der Ertragsmesszahlen;EMZA50B60;50 bis unter 60;FLNGK1;Größenklassen der veräußerten Fläche;FLCHA001B025;0,1 bis unter 0,25 ha;32321;EUR/ha;KAU004;Durchschnittlicher Kaufwert
61521;Kaufwerte für landwirtschaftliche Grundstücke;JAHR;Jahr;1991;DINSG;Deutschland insgesamt;DG;Deutschland;EMZKL1;Größenklassen der Ertragsmesszahlen;EMZA40B50;40 bis unter 50;FLNGK1;Größenklassen der veräußerten Fläche;FLCHA025B001;0,25 bis unter 1 ha;16703;EUR/ha;KAU004;Durchschnittlicher Kaufwert
61521;Kaufwerte für landwirtschaftliche Grundstücke;JAHR;Jahr;2019;DINSG;Deutschland insgesamt;DG;Deutschland;EMZKL1;Größenklassen der Ertragsmesszahlen;EMZU30;unter 30;FLNGK1;Größenklassen der veräußerten Fläche;FLCHA025B001;0,25 bis unter 1 ha;17438;EUR/ha;KAU004;Durchschnittlicher Kaufwert
61521;Kaufwerte für landwirtschaftliche Grundstücke;JAHR;Jahr;2000;DINSG;Deutschland insgesamt;DG;Deutschland;EMZKL1;Größenklassen der Ertragsmesszahlen;;Insgesamt;FLNGK1;Größenklassen der veräußerten Fläche;;Insgesamt;9081;EUR/ha;KAU004;Durchschnittlicher Kaufwert
61521;Kaufwerte für landwirtschaftliche Grundstücke;JAHR;Jahr;2020;DINSG;Deutschland insgesamt;DG;Deutschland;EMZKL1;Größenklassen der Ertragsmesszahlen;EMZA50B60;50 bis unter 60;FLNGK1;Größenklassen der veräußerten Fläche;FLCHA001B025;0,1 bis unter 0,25 ha;28012;EUR/ha;KAU004;Durchschnittlicher Kaufwert
61521;Kaufwerte für landwirtschaftliche Grundstücke;JAHR;Jahr;2005;DINSG;Deutschland insgesamt;DG;Deutschland;EMZKL1;Größenklassen der Ertragsmesszahlen;EMZA30B40;30 bis unter 40;FLNGK1;Größenklassen der veräußerten Fläche;FLCHA020B050;2 bis unter 5 ha;7939;EUR/ha;KAU004;Durchschnittlicher Kaufwert
61521;Kaufwerte für landwirtschaftliche Grundstücke;JAHR;Jahr;1999;DINSG;Deutschland insgesamt;DG;Deutschland;EMZKL1;Größenklassen der Ertragsmesszahlen;EMZU30;unter 30;FLNGK1;Größenklassen der veräußerten Fläche;FLCHA020B050;2 bis unter 5 ha;8841;EUR/ha;KAU004;Durchschnittlicher Kaufwert
61521;Kaufwerte für landwirtschaftliche Grundstücke;JAHR;Jahr;1997;DINSG;Deutschland insgesamt;DG;Deutschland;EMZKL1;Größenklassen der Ertragsmesszahlen;EMZA30B40;30 bis unter 40;FLNGK1;Größenklassen der veräußerten Fläche;FLCHA050UM;5 und mehr ha;4913;EUR/ha;KAU004;Durchschnittlicher Kaufwert
61521;Kaufwerte für landwirtschaftliche Grundstücke;JAHR;Jahr;2018;DINSG;Deutschland insgesamt;DG;Deutschland;EMZKL1;Größenklassen der Ertragsmesszahlen;EMZA40B50;40 bis unter 50;FLNGK1;Größenklassen der veräußerten Fläche;FLCHA010B020;1 bis unter 2 ha;29908;EUR/ha;KAU004;Durchschnittlicher Kaufwert
61521;Kaufwerte für landwirtschaftliche Grundstücke;JAHR;Jahr;2001;DINSG;Deutschland insgesamt;DG;Deutschland;EMZKL1;Größenklassen der Ertragsmesszahlen;EMZA30B40;30 bis unter 40;FLNGK1;Größenklassen der veräußerten Fläche;FLCHA025B001;0,25 bis unter 1 ha;10475;EUR/ha;KAU004;Durchschnittlicher Kaufwert
61521;Kaufwerte für landwirtschaftliche Grundstücke;JAHR;Jahr;2001;DINSG;Deutschland insgesamt;DG;Deutschland;EMZKL1;Größenklassen der Ertragsmesszahlen;;Insgesamt;FLNGK1;Größenklassen der veräußerten Fläche;FLCHA025B001;0,25 bis unter 1 ha;14700;EUR/ha;KAU004;Durchschnittlicher Kaufwert
61521;Kaufwerte für landwirtschaftliche Grundstücke;JAHR;Jahr;2009;DINSG;Deutschland insgesamt;DG;Deutschland;EMZKL1;Größenklassen der Ertragsmesszahlen;EMZA40B50;40 bis unter 50;FLNGK1;Größenklassen der veräußerten Fläche;FLCHA050UM;5 und mehr ha;9799;EUR/ha;KAU004;Durchschnittlicher Kaufwert
61521;Kaufwerte für landwirtschaftliche Grundstücke;JAHR;Jahr;1993;DINSG;Deutschland insgesamt;DG;Deutschland;EMZKL1;Größenklassen der Ertragsmesszahlen;EMZA60UM;60 und mehr;FLNGK1;Größenklassen der veräußerten Fläche;FLCHA050UM;5 und mehr ha;11791;EUR/ha;KAU004;Durchschnittlicher Kaufwert
61521;Kaufwerte für landwirtschaftliche Grundstücke;JAHR;Jahr;2009;DINSG;Deutschland insgesamt;DG;Deutschland;EMZKL1;Größenklassen der Ertragsmesszahlen;EMZA50B60;50 bis unter 60;FLNGK1;Größenklassen der veräußerten Fläche;FLCHA025B001;0,25 bis unter 1 ha;17335;EUR/ha;KAU004;Durchschnittlicher Kaufwert
61521;Kaufwerte für landwirtschaftliche Grundstücke;JAHR;Jahr;1998;DINSG;Deutschland insgesamt;DG;Deutschland;EMZKL1;Größenklassen der Ertragsmesszahlen;EMZA60UM;60 und mehr;FLNGK1;Größenklassen der veräußerten Fläche;FLCHA010B020;1 bis unter 2 ha;20182;EUR/ha;KAU004;Durchschnittlicher Kaufwert
61521;Kaufwerte für landwirtschaftliche Grundstücke;JAHR;Jahr;1995;DINSG;Deutschland insgesamt;DG;Deutschland;EMZKL1;Größenklassen der Ertragsmesszahlen;EMZA40B50;40 bis unter 50;FLNGK1;Größenklassen der veräußerten Fläche;FLCHA020B050;2 bis unter 5 ha;13773;EUR/ha;KAU004;Durchschnittlicher Kaufwert
61521;Kaufwerte für landwirtschaftliche Grundstücke;JAHR;Jahr;1994;DINSG;Deutschland insgesamt;DG;Deutschland;EMZKL1;Größenklassen der Ertragsmesszahlen;EMZA60UM;60 und mehr;FLNGK1;Größenklassen der veräußerten Fläche;;Insgesamt;16480;EUR/ha;KAU004;Durchschnittlicher Kaufwert
61521;Kaufwerte für landwirtschaftliche Grundstücke;JAHR;Jahr;2007;DINSG;Deutschland insgesamt;DG;Deutschland;EMZKL1;Größenklassen der Ertragsmesszahlen;EMZU30;unter 30;FLNGK1;Größenklassen der veräußerten Fläche;FLCHA020B050;2 bis unter 5 ha;8065;EUR/ha;KAU004;Durchschnittlicher Kaufwert
61521;Kaufwerte für landwirtschaftliche Grundstücke;JAHR;Jahr;1999;DINSG;Deutschland insgesamt;DG;Deutschland;EMZKL1;Größenklassen der Ertragsmesszahlen;EMZA30B40;30 bis unter 40;FLNGK1;Größenklassen der veräußerten Fläche;FLCHA025B001;0,25 bis unter 1 ha;11702;EUR/ha;KAU004;Durchschnittlicher Kaufwert
61521;Kaufwerte für landwirtschaftliche Grundstücke;JAHR;Jahr;2006;DINSG;Deutschland insgesamt;DG;Deutschland;EMZKL1;Größenklassen der Ertragsmesszahlen;EMZA30B40;30 bis unter 40;FLNGK1;Größenklassen der veräußerten Fläche;FLCHA001B025;0,1 bis unter 0,25 ha;11726;EUR/ha;KAU004;Durchschnittlicher Kaufwert
61521;Kaufwerte für landwirtschaftliche Grundstücke;JAHR;Jahr;1996;DINSG;Deutschland insgesamt;DG;Deutschland;EMZKL1;Größenklassen der Ertragsmesszahlen;EMZA40B50;40 bis unter 50;FLNGK1;Größenklassen der veräußerten Fläche;FLCHA001B025;0,1 bis unter 0,25 ha;19105;EUR/ha;KAU004;Durchschnittlicher Kaufwert
61521;Kaufwerte für landwirtschaftliche Grundstücke;JAHR;Jahr;2016;DINSG;Deutschland insgesamt;DG;Deutschland;EMZKL1;Größenklassen der Ertragsmesszahlen;EMZU30;unter 30;FLNGK1;Größenklassen der veräußerten Fläche;FLCHA010B020;1 bis unter 2 ha;17776;EUR/ha;KAU004;Durchschnittlicher Kaufwert
61521;Kaufwerte für landwirtschaftliche Grundstücke;JAHR;Jahr;2019;DINSG;Deutschland insgesamt;DG;Deutschland;EMZKL1;Größenklassen der Ertragsmesszahlen;EMZA60UM;60 und mehr;FLNGK1;Größenklassen der veräußerten Fläche;FLCHA050UM;5 und mehr ha;34738;EUR/ha;KAU004;Durchschnittlicher Kaufwert
61521;Kaufwerte für landwirtschaftliche Grundstücke;JAHR;Jahr;2020;DINSG;Deutschland insgesamt;DG;Deutschland;EMZKL1;Größenklassen der Ertragsmesszahlen;;Insgesamt;FLNGK1;Größenklassen der veräußerten Fläche;FLCHA010B020;1 bis unter 2 ha;30979;EUR/ha;KAU004;Durchschnittlicher Kaufwert
61521;Kaufwerte für landwirtschaftliche Grundstücke;JAHR;Jahr;2016;DINSG;Deutschland insgesamt;DG;Deutschland;EMZKL1;Größenklassen der Ertragsmesszahlen;EMZA50B60;50 bis unter 60;FLNGK1;Größenklassen der veräußerten Fläche;FLCHA020B050;2 bis unter 5 ha;35254;EUR/ha;KAU004;Durchschnittlicher Kaufwert
61521;Kaufwerte für landwirtschaftliche Grundstücke;JAHR;Jahr;2007;DINSG;Deutschland insgesamt;DG;Deutschland;EMZKL1;Größenklassen der Ertragsmesszahlen;EMZA60UM;60 und mehr;FLNGK1;Größenklassen der veräußerten Fläche;;Insgesamt;16134;EUR/ha;KAU004;Durchschnittlicher Kaufwert
61521;Kaufwerte für landwirtschaftliche Grundstücke;JAHR;Jahr;2012;DINSG;Deutschland insgesamt;DG;Deutschland;EMZKL1;Größenklassen der Ertragsmesszahlen;EMZA50B60;50 bis unter 60;FLNGK1;Größenklassen der veräußerten Fläche;FLCHA025B001;0,25 bis unter 1 ha;19148;EUR/ha;KAU004;Durchschnittlicher Kaufwert
61521;Kaufwerte für landwirtschaftliche Grundstücke;JAHR;Jahr;1992;DINSG;Deutschland insgesamt;DG;Deutschland;EMZKL1;Größenklassen der Ertragsmesszahlen;EMZA40B50;40 bis unter 50;FLNGK1;Größenklassen der veräußerten Fläche;FLCHA010B020;1 bis unter 2 ha;15857;EUR/ha;KAU004;Durchschnittlicher Kaufwert
61521;Kaufwerte für landwirtschaftliche Grundstücke;JAHR;Jahr;2015;DINSG;Deutschland insgesamt;DG;Deutschland;EMZKL1;Größenklassen der Ertragsmesszahlen;EMZA50B60;50 bis unter 60;FLNGK1;Größenklassen der veräußerten Fläche;FLCHA050UM;5 und mehr ha;23106;EUR/ha;KAU004;Durchschnittlicher Kaufwert
61521;Kaufwerte für landwirtschaftliche Grundstücke;JAHR;Jahr;1992;DINSG;Deutschland insgesamt;DG;Deutschland;EMZKL1;Größenklassen der Ertragsmesszahlen;EMZA50B60;50 bis unter 60;FLNGK1;Größenklassen der veräußerten Fläche;FLCHA050UM;5 und mehr ha;10905;EUR/ha;KAU004;Durchschnittlicher Kaufwert
61521;Kaufwerte für landwirtschaftliche Grundstücke;JAHR;Jahr;1995;DINSG;Deutschland insgesamt;DG;Deutschland;EMZKL1;Größenklassen der Ertragsmesszahlen;EMZA40B50;40 bis unter 50;FLNGK1;Größenklassen der veräußerten Fläche;FLCHA050UM;5 und mehr ha;5832;EUR/ha;KAU004;Durchschnittlicher Kaufwert
61521;Kaufwerte für landwirtschaftliche Grundstücke;JAHR;Jahr;1995;DINSG;Deutschland insgesamt;DG;Deutschland;EMZKL1;Größenklassen der Ertragsmesszahlen;EMZA40B50;40 bis unter 50;FLNGK1;Größenklassen der veräußerten Fläche;FLCHA025B001;0,25 bis unter 1 ha;16115;EUR/ha;KAU004;Durchschnittlicher Kaufwert
61521;Kaufwerte für landwirtschaftliche Grundstücke;JAHR;Jahr;1992;DINSG;Deutschland insgesamt;DG;Deutschland;EMZKL1;Größenklassen der Ertragsmesszahlen;EMZA60UM;60 und mehr;FLNGK1;Größenklassen der veräußerten Fläche;FLCHA025B001;0,25 bis unter 1 ha;26098;EUR/ha;KAU004;Durchschnittlicher Kaufwert
61521;Kaufwerte für landwirtschaftliche Grundstücke;JAHR;Jahr;2003;DINSG;Deutschland insgesamt;DG;Deutschland;EMZKL1;Größenklassen der Ertragsmesszahlen;EMZA50B60;50 bis unter 60;FLNGK1;Größenklassen der veräußerten Fläche;FLCHA020B050;2 bis unter 5 ha;16541;EUR/ha;KAU004;Durchschnittlicher Kaufwert
61521;Kaufwerte für landwirtschaftliche Grundstücke;JAHR;Jahr;1995;DINSG;Deutschland insgesamt;DG;Deutschland;EMZKL1;Größenklassen der Ertragsmesszahlen;EMZA40B50;40 bis unter 50;FLNGK1;Größenklassen der veräußerten Fläche;;Insgesamt;8798;EUR/ha;KAU004;Durchschnittlicher Kaufwert
61521;Kaufwerte für landwirtschaftliche Grundstücke;JAHR;Jahr;2019;DINSG;Deutschland insgesamt;DG;Deutschland;EMZKL1;Größenklassen der Ertragsmesszahlen;EMZA50B60;50 bis unter 60;FLNGK1;Größenklassen der veräußerten Fläche;;Insgesamt;35234;EUR/ha;KAU004;Durchschnittlicher Kaufwert
61521;Kaufwerte für landwirtschaftliche Grundstücke;JAHR;Jahr;1994;DINSG;Deutschland insgesamt;DG;Deutschland;EMZKL1;Größenklassen der Ertragsmesszahlen;EMZA40B50;40 bis unter 50;FLNGK1;Größenklassen der veräußerten Fläche;FLCHA025B001;0,25 bis unter 1 ha;15854;EUR/ha;KAU004;Durchschnittlicher Kaufwert
61521;Kaufwerte für landwirtschaftliche Grundstücke;JAHR;Jahr;2012;DINSG;Deutschland insgesamt;DG;Deutschland;EMZKL1;Größenklassen der Ertragsmesszahlen;EMZA60UM;60 und mehr;FLNGK1;Größenklassen der veräußerten Fläche;FLCHA020B050;2 bis unter 5 ha;23170;EUR/ha;KAU004;Durchschnittlicher Kaufwert
61521;Kaufwerte für landwirtschaftliche Grundstücke;JAHR;Jahr;2011;DINSG;Deutschland insgesamt;DG;Deutschland;EMZKL1;Größenklassen der Ertragsmesszahlen;;Insgesamt;FLNGK1;Größenklassen der veräußerten Fläche;FLCHA025B001;0,25 bis unter 1 ha;14474;EUR/ha;KAU004;Durchschnittlicher Kaufwert
61521;Kaufwerte für landwirtschaftliche Grundstücke;JAHR;Jahr;2011;DINSG;Deutschland insgesamt;DG;Deutschland;EMZKL1;Größenklassen der Ertragsmesszahlen;EMZA50B60;50 bis unter 60;FLNGK1;Größenklassen der veräußerten Fläche;FLCHA025B001;0,25 bis unter 1 ha;17568;EUR/ha;KAU004;Durchschnittlicher Kaufwert
61521;Kaufwerte für landwirtschaftliche Grundstücke;JAHR;Jahr;2014;DINSG;Deutschland insgesamt;DG;Deutschland;EMZKL1;Größenklassen der Ertragsmesszahlen;EMZU30;unter 30;FLNGK1;Größenklassen der veräußerten Fläche;FLCHA050UM;5 und mehr ha;11499;EUR/ha;KAU004;Durchschnittlicher Kaufwert
61521;Kaufwerte für landwirtschaftliche Grundstücke;JAHR;Jahr;2001;DINSG;Deutschland insgesamt;DG;Deutschland;EMZKL1;Größenklassen der Ertragsmesszahlen;EMZA40B50;40 bis unter 50;FLNGK1;Größenklassen der veräußerten Fläche;FLCHA001B025;0,1 bis unter 0,25 ha;17032;EUR/ha;KAU004;Durchschnittlicher Kaufwert
61521;Kaufwerte für landwirtschaftliche Grundstücke;JAHR;Jahr;2010;DINSG;Deutschland insgesamt;DG;Deutschland;EMZKL1;Größenklassen der Ertragsmesszahlen;EMZA50B60;50 bis unter 60;FLNGK1;Größenklassen der veräußerten Fläche;FLCHA010B020;1 bis unter 2 ha;18079;EUR/ha;KAU004;Durchschnittlicher Kaufwert
61521;Kaufwerte für landwirtschaftliche Grundstücke;JAHR;Jahr;1996;DINSG;Deutschland insgesamt;DG;Deutschland;EMZKL1;Größenklassen der Ertragsmesszahlen;EMZA40B50;40 bis unter 50;FLNGK1;Größenklassen der veräußerten Fläche;FLCHA025B001;0,25 bis unter 1 ha;16156;EUR/ha;KAU004;Durchschnittlicher Kaufwert
61521;Kaufwerte für landwirtschaftliche Grundstücke;JAHR;Jahr;2004;DINSG;Deutschland insgesamt;DG;Deutschland;EMZKL1;Größenklassen der Ertragsmesszahlen;EMZA50B60;50 bis unter 60;FLNGK1;Größenklassen der veräußerten Fläche;FLCHA020B050;2 bis unter 5 ha;16292;EUR/ha;KAU004;Durchschnittlicher Kaufwert
61521;Kaufwerte für landwirtschaftliche Grundstücke;JAHR;Jahr;2003;DINSG;Deutschland insgesamt;DG;Deutschland;EMZKL1;Größenklassen der Ertragsmesszahlen;EMZA30B40;30 bis unter 40;FLNGK1;Größenklassen der veräußerten Fläche;;Insgesamt;6690;EUR/ha;KAU004;Durchschnittlicher Kaufwert
61521;Kaufwerte für landwirtschaftliche Grundstücke;JAHR;Jahr;1993;DINSG;Deutschland insgesamt;DG;Deutschland;EMZKL1;Größenklassen der Ertragsmesszahlen;EMZA40B50;40 bis unter 50;FLNGK1;Größenklassen der veräußerten Fläche;FLCHA010B020;1 bis unter 2 ha;15575;EUR/ha;KAU004;Durchschnittlicher Kaufwert
61521;Kaufwerte für landwirtschaftliche Grundstücke;JAHR;Jahr;2005;DINSG;Deutschland insgesamt;DG;Deutschland;EMZKL1;Größenklassen der Ertragsmesszahlen;EMZA50B60;50 bis unter 60;FLNGK1;Größenklassen der veräußerten Fläche;FLCHA020B050;2 bis unter 5 ha;14462;EUR/ha;KAU004;Durchschnittlicher Kaufwert
61521;Kaufwerte für landwirtschaftliche Grundstücke;JAHR;Jahr;2010;DINSG;Deutschland insgesamt;DG;Deutschland;EMZKL1;Größenklassen der Ertragsmesszahlen;EMZA50B60;50 bis unter 60;FLNGK1;Größenklassen der veräußerten Fläche;FLCHA025B001;0,25 bis unter 1 ha;18106;EUR/ha;KAU004;Durchschnittlicher Kaufwert
61521;Kaufwerte für landwirtschaftliche Grundstücke;JAHR;Jahr;2005;DINSG;Deutschland insgesamt;DG;Deutschland;EMZKL1;Größenklassen der Ertragsmesszahlen;EMZA60UM;60 und mehr;FLNGK1;Größenklassen der veräußerten Fläche;FLCHA025B001;0,25 bis unter 1 ha;20216;EUR/ha;KAU004;Durchschnittlicher Kaufwert
61521;Kaufwerte für landwirtschaftliche Grundstücke;JAHR;Jahr;2013;DINSG;Deutschland insgesamt;DG;Deutschland;EMZKL1;Größenklassen der Ertragsmesszahlen;EMZA50B60;50 bis unter 60;FLNGK1;Größenklassen der veräußerten Fläche;FLCHA025B001;0,25 bis unter 1 ha;20268;EUR/ha;KAU004;Durchschnittlicher Kaufwert
61521;Kaufwerte für landwirtschaftliche Grundstücke;JAHR;Jahr;2020;DINSG;Deutschland insgesamt;DG;Deutschland;EMZKL1;Größenklassen der Ertragsmesszahlen;;Insgesamt;FLNGK1;Größenklassen der veräußerten Fläche;;Insgesamt;26777;EUR/ha;KAU004;Durchschnittlicher Kaufwert
61521;Kaufwerte für landwirtschaftliche Grundstücke;JAHR;Jahr;2003;DINSG;Deutschland insgesamt;DG;Deutschland;EMZKL1;Größenklassen der Ertragsmesszahlen;EMZU30;unter 30;FLNGK1;Größenklassen der veräußerten Fläche;FLCHA050UM;5 und mehr ha;5466;EUR/ha;KAU004;Durchschnittlicher Kaufwert
61521;Kaufwerte für landwirtschaftliche Grundstücke;JAHR;Jahr;2002;DINSG;Deutschland insgesamt;DG;Deutschland;EMZKL1;Größenklassen der Ertragsmesszahlen;EMZA50B60;50 bis unter 60;FLNGK1;Größenklassen der veräußerten Fläche;FLCHA020B050;2 bis unter 5 ha;16263;EUR/ha;KAU004;Durchschnittlicher Kaufwert
61521;Kaufwerte für landwirtschaftliche Grundstücke;JAHR;Jahr;2011;DINSG;Deutschland insgesamt;DG;Deutschland;EMZKL1;Größenklassen der Ertragsmesszahlen;EMZA50B60;50 bis unter 60;FLNGK1;Größenklassen der veräußerten Fläche;FLCHA010B020;1 bis unter 2 ha;20383;EUR/ha;KAU004;Durchschnittlicher Kaufwert
61521;Kaufwerte für landwirtschaftliche Grundstücke;JAHR;Jahr;2003;DINSG;Deutschland insgesamt;DG;Deutschland;EMZKL1;Größenklassen der Ertragsmesszahlen;;Insgesamt;FLNGK1;Größenklassen der veräußerten Fläche;FLCHA010B020;1 bis unter 2 ha;13266;EUR/ha;KAU004;Durchschnittlicher Kaufwert
61521;Kaufwerte für landwirtschaftliche Grundstücke;JAHR;Jahr;1992;DINSG;Deutschland insgesamt;DG;Deutschland;EMZKL1;Größenklassen der Ertragsmesszahlen;EMZA30B40;30 bis unter 40;FLNGK1;Größenklassen der veräußerten Fläche;FLCHA020B050;2 bis unter 5 ha;11417;EUR/ha;KAU004;Durchschnittlicher Kaufwert
61521;Kaufwerte für landwirtschaftliche Grundstücke;JAHR;Jahr;1999;DINSG;Deutschland insgesamt;DG;Deutschland;EMZKL1;Größenklassen der Ertragsmesszahlen;;Insgesamt;FLNGK1;Größenklassen der veräußerten Fläche;FLCHA020B050;2 bis unter 5 ha;12412;EUR/ha;KAU004;Durchschnittlicher Kaufwert
61521;Kaufwerte für landwirtschaftliche Grundstücke;JAHR;Jahr;1992;DINSG;Deutschland insgesamt;DG;Deutschland;EMZKL1;Größenklassen der Ertragsmesszahlen;EMZA40B50;40 bis unter 50;FLNGK1;Größenklassen der veräußerten Fläche;FLCHA025B001;0,25 bis unter 1 ha;15621;EUR/ha;KAU004;Durchschnittlicher Kaufwert
61521;Kaufwerte für landwirtschaftliche Grundstücke;JAHR;Jahr;2005;DINSG;Deutschland insgesamt;DG;Deutschland;EMZKL1;Größenklassen der Ertragsmesszahlen;EMZA60UM;60 und mehr;FLNGK1;Größenklassen der veräußerten Fläche;FLCHA010B020;1 bis unter 2 ha;17733;EUR/ha;KAU004;Durchschnittlicher Kaufwert
61521;Kaufwerte für landwirtschaftliche Grundstücke;JAHR;Jahr;2018;DINSG;Deutschland insgesamt;DG;Deutschland;EMZKL1;Größenklassen der Ertragsmesszahlen;EMZA40B50;40 bis unter 50;FLNGK1;Größenklassen der veräußerten Fläche;FLCHA050UM;5 und mehr ha;24050;EUR/ha;KAU004;Durchschnittlicher Kaufwert
61521;Kaufwerte für landwirtschaftliche Grundstücke;JAHR;Jahr;2002;DINSG;Deutschland insgesamt;DG;Deutschland;EMZKL1;Größenklassen der Ertragsmesszahlen;EMZA40B50;40 bis unter 50;FLNGK1;Größenklassen der veräußerten Fläche;FLCHA001B025;0,1 bis unter 0,25 ha;21018;EUR/ha;KAU004;Durchschnittlicher Kaufwert
61521;Kaufwerte für landwirtschaftliche Grundstücke;JAHR;Jahr;1998;DINSG;Deutschland insgesamt;DG;Deutschland;EMZKL1;Größenklassen der Ertragsmesszahlen;EMZA30B40;30 bis unter 40;FLNGK1;Größenklassen der veräußerten Fläche;FLCHA050UM;5 und mehr ha;4881;EUR/ha;KAU004;Durchschnittlicher Kaufwert
61521;Kaufwerte für landwirtschaftliche Grundstücke;JAHR;Jahr;1999;DINSG;Deutschland insgesamt;DG;Deutschland;EMZKL1;Größenklassen der Ertragsmesszahlen;EMZA60UM;60 und mehr;FLNGK1;Größenklassen der veräußerten Fläche;FLCHA020B050;2 bis unter 5 ha;17825;EUR/ha;KAU004;Durchschnittlicher Kaufwert
61521;Kaufwerte für landwirtschaftliche Grundstücke;JAHR;Jahr;2012;DINSG;Deutschland insgesamt;DG;Deutschland;EMZKL1;Größenklassen der Ertragsmesszahlen;EMZA50B60;50 bis unter 60;FLNGK1;Größenklassen der veräußerten Fläche;FLCHA010B020;1 bis unter 2 ha;21229;EUR/ha;KAU004;Durchschnittlicher Kaufwert
61521;Kaufwerte für landwirtschaftliche Grundstücke;JAHR;Jahr;1997;DINSG;Deutschland insgesamt;DG;Deutschland;EMZKL1;Größenklassen der Ertragsmesszahlen;EMZA60UM;60 und mehr;FLNGK1;Größenklassen der veräußerten Fläche;FLCHA001B025;0,1 bis unter 0,25 ha;33841;EUR/ha;KAU004;Durchschnittlicher Kaufwert
61521;Kaufwerte für landwirtschaftliche Grundstücke;JAHR;Jahr;2000;DINSG;Deutschland insgesamt;DG;Deutschland;EMZKL1;Größenklassen der Ertragsmesszahlen;EMZA50B60;50 bis unter 60;FLNGK1;Größenklassen der veräußerten Fläche;FLCHA020B050;2 bis unter 5 ha;17429;EUR/ha;KAU004;Durchschnittlicher Kaufwert
61521;Kaufwerte für landwirtschaftliche Grundstücke;JAHR;Jahr;1998;DINSG;Deutschland insgesamt;DG;Deutschland;EMZKL1;Größenklassen der Ertragsmesszahlen;EMZA40B50;40 bis unter 50;FLNGK1;Größenklassen der veräußerten Fläche;FLCHA025B001;0,25 bis unter 1 ha;14482;EUR/ha;KAU004;Durchschnittlicher Kaufwert
61521;Kaufwerte für landwirtschaftliche Grundstücke;JAHR;Jahr;2014;DINSG;Deutschland insgesamt;DG;Deutschland;EMZKL1;Größenklassen der Ertragsmesszahlen;EMZA40B50;40 bis unter 50;FLNGK1;Größenklassen der veräußerten Fläche;;Insgesamt;19435;EUR/ha;KAU004;Durchschnittlicher Kaufwert
61521;Kaufwerte für landwirtschaftliche Grundstücke;JAHR;Jahr;2006;DINSG;Deutschland insgesamt;DG;Deutschland;EMZKL1;Größenklassen der Ertragsmesszahlen;EMZA50B60;50 bis unter 60;FLNGK1;Größenklassen der veräußerten Fläche;FLCHA020B050;2 bis unter 5 ha;15784;EUR/ha;KAU004;Durchschnittlicher Kaufwert
61521;Kaufwerte für landwirtschaftliche Grundstücke;JAHR;Jahr;2002;DINSG;Deutschland insgesamt;DG;Deutschland;EMZKL1;Größenklassen der Ertragsmesszahlen;EMZA60UM;60 und mehr;FLNGK1;Größenklassen der veräußerten Fläche;;Insgesamt;14879;EUR/ha;KAU004;Durchschnittlicher Kaufwert
61521;Kaufwerte für landwirtschaftliche Grundstücke;JAHR;Jahr;2020;DINSG;Deutschland insgesamt;DG;Deutschland;EMZKL1;Größenklassen der Ertragsmesszahlen;EMZU30;unter 30;FLNGK1;Größenklassen der veräußerten Fläche;FLCHA010B020;1 bis unter 2 ha;21814;EUR/ha;KAU004;Durchschnittlicher Kaufwert
61521;Kaufwerte für landwirtschaftliche Grundstücke;JAHR;Jahr;2010;DINSG;Deutschland insgesamt;DG;Deutschland;EMZKL1;Größenklassen der Ertragsmesszahlen;;Insgesamt;FLNGK1;Größenklassen der veräußerten Fläche;FLCHA001B025;0,1 bis unter 0,25 ha;18710;EUR/ha;KAU004;Durchschnittlicher Kaufwert
61521;Kaufwerte für landwirtschaftliche Grundstücke;JAHR;Jahr;2007;DINSG;Deutschland insgesamt;DG;Deutschland;EMZKL1;Größenklassen der Ertragsmesszahlen;;Insgesamt;FLNGK1;Größenklassen der veräußerten Fläche;FLCHA025B001;0,25 bis unter 1 ha;12949;EUR/ha;KAU004;Durchschnittlicher Kaufwert
61521;Kaufwerte für landwirtschaftliche Grundstücke;JAHR;Jahr;2014;DINSG;Deutschland insgesamt;DG;Deutschland;EMZKL1;Größenklassen der Ertragsmesszahlen;EMZA50B60;50 bis unter 60;FLNGK1;Größenklassen der veräußerten Fläche;FLCHA025B001;0,25 bis unter 1 ha;23141;EUR/ha;KAU004;Durchschnittlicher Kaufwert
61521;Kaufwerte für landwirtschaftliche Grundstücke;JAHR;Jahr;1995;DINSG;Deutschland insgesamt;DG;Deutschland;EMZKL1;Größenklassen der Ertragsmesszahlen;EMZA30B40;30 bis unter 40;FLNGK1;Größenklassen der veräußerten Fläche;;Insgesamt;8467;EUR/ha;KAU004;Durchschnittlicher Kaufwert
61521;Kaufwerte für landwirtschaftliche Grundstücke;JAHR;Jahr;2016;DINSG;Deutschland insgesamt;DG;Deutschland;EMZKL1;Größenklassen der Ertragsmesszahlen;EMZA40B50;40 bis unter 50;FLNGK1;Größenklassen der veräußerten Fläche;FLCHA050UM;5 und mehr ha;21278;EUR/ha;KAU004;Durchschnittlicher Kaufwert
61521;Kaufwerte für landwirtschaftliche Grundstücke;JAHR;Jahr;2010;DINSG;Deutschland insgesamt;DG;Deutschland;EMZKL1;Größenklassen der Ertragsmesszahlen;EMZA40B50;40 bis unter 50;FLNGK1;Größenklassen der veräußerten Fläche;FLCHA020B050;2 bis unter 5 ha;14115;EUR/ha;KAU004;Durchschnittlicher Kaufwert
61521;Kaufwerte für landwirtschaftliche Grundstücke;JAHR;Jahr;1993;DINSG;Deutschland insgesamt;DG;Deutschland;EMZKL1;Größenklassen der Ertragsmesszahlen;EMZA40B50;40 bis unter 50;FLNGK1;Größenklassen der veräußerten Fläche;FLCHA050UM;5 und mehr ha;6956;EUR/ha;KAU004;Durchschnittlicher Kaufwert
61521;Kaufwerte für landwirtschaftliche Grundstücke;JAHR;Jahr;2006;DINSG;Deutschland insgesamt;DG;Deutschland;EMZKL1;Größenklassen der Ertragsmesszahlen;EMZA40B50;40 bis unter 50;FLNGK1;Größenklassen der veräußerten Fläche;FLCHA001B025;0,1 bis unter 0,25 ha;16600;EUR/ha;KAU004;Durchschnittlicher Kaufwert
61521;Kaufwerte für landwirtschaftliche Grundstücke;JAHR;Jahr;2010;DINSG;Deutschland insgesamt;DG;Deutschland;EMZKL1;Größenklassen der Ertragsmesszahlen;EMZU30;unter 30;FLNGK1;Größenklassen der veräußerten Fläche;FLCHA001B025;0,1 bis unter 0,25 ha;10948;EUR/ha;KAU004;Durchschnittlicher Kaufwert
61521;Kaufwerte für landwirtschaftliche Grundstücke;JAHR;Jahr;1993;DINSG;Deutschland insgesamt;DG;Deutschland;EMZKL1;Größenklassen der Ertragsmesszahlen;EMZA30B40;30 bis unter 40;FLNGK1;Größenklassen der veräußerten Fläche;FLCHA020B050;2 bis unter 5 ha;11129;EUR/ha;KAU004;Durchschnittlicher Kaufwert
61521;Kaufwerte für landwirtschaftliche Grundstücke;JAHR;Jahr;1992;DINSG;Deutschland insgesamt;DG;Deutschland;EMZKL1;Größenklassen der Ertragsmesszahlen;EMZA60UM;60 und mehr;FLNGK1;Größenklassen der veräußerten Fläche;FLCHA010B020;1 bis unter 2 ha;23881;EUR/ha;KAU004;Durchschnittlicher Kaufwert
61521;Kaufwerte für landwirtschaftliche Grundstücke;JAHR;Jahr;2019;DINSG;Deutschland insgesamt;DG;Deutschland;EMZKL1;Größenklassen der Ertragsmesszahlen;EMZA40B50;40 bis unter 50;FLNGK1;Größenklassen der veräußerten Fläche;;Insgesamt;27499;EUR/ha;KAU004;Durchschnittlicher Kaufwert
61521;Kaufwerte für landwirtschaftliche Grundstücke;JAHR;Jahr;2011;DINSG;Deutschland insgesamt;DG;Deutschland;EMZKL1;Größenklassen der Ertragsmesszahlen;;Insgesamt;FLNGK1;Größenklassen der veräußerten Fläche;FLCHA010B020;1 bis unter 2 ha;15002;EUR/ha;KAU004;Durchschnittlicher Kaufwert
61521;Kaufwerte für landwirtschaftliche Grundstücke;JAHR;Jahr;1999;DINSG;Deutschland insgesamt;DG;Deutschland;EMZKL1;Größenklassen der Ertragsmesszahlen;EMZA40B50;40 bis unter 50;FLNGK1;Größenklassen der veräußerten Fläche;FLCHA025B001;0,25 bis unter 1 ha;14090;EUR/ha;KAU004;Durchschnittlicher Kaufwert
61521;Kaufwerte für landwirtschaftliche Grundstücke;JAHR;Jahr;1993;DINSG;Deutschland insgesamt;DG;Deutschland;EMZKL1;Größenklassen der Ertragsmesszahlen;EMZA40B50;40 bis unter 50;FLNGK1;Größenklassen der veräußerten Fläche;FLCHA025B001;0,25 bis unter 1 ha;14706;EUR/ha;KAU004;Durchschnittlicher Kaufwert
61521;Kaufwerte für landwirtschaftliche Grundstücke;JAHR;Jahr;1997;DINSG;Deutschland insgesamt;DG;Deutschland;EMZKL1;Größenklassen der Ertragsmesszahlen;EMZA40B50;40 bis unter 50;FLNGK1;Größenklassen der veräußerten Fläche;FLCHA010B020;1 bis unter 2 ha;14964;EUR/ha;KAU004;Durchschnittlicher Kaufwert
61521;Kaufwerte für landwirtschaftliche Grundstücke;JAHR;Jahr;1994;DINSG;Deutschland insgesamt;DG;Deutschland;EMZKL1;Größenklassen der Ertragsmesszahlen;EMZA40B50;40 bis unter 50;FLNGK1;Größenklassen der veräußerten Fläche;FLCHA010B020;1 bis unter 2 ha;15842;EUR/ha;KAU004;Durchschnittlicher Kaufwert
61521;Kaufwerte für landwirtschaftliche Grundstücke;JAHR;Jahr;2003;DINSG;Deutschland insgesamt;DG;Deutschland;EMZKL1;Größenklassen der Ertragsmesszahlen;EMZA40B50;40 bis unter 50;FLNGK1;Größenklassen der veräußerten Fläche;FLCHA001B025;0,1 bis unter 0,25 ha;18115;EUR/ha;KAU004;Durchschnittlicher Kaufwert
61521;Kaufwerte für landwirtschaftliche Grundstücke;JAHR;Jahr;2002;DINSG;Deutschland insgesamt;DG;Deutschland;EMZKL1;Größenklassen der Ertragsmesszahlen;EMZA60UM;60 und mehr;FLNGK1;Größenklassen der veräußerten Fläche;FLCHA020B050;2 bis unter 5 ha;17421;EUR/ha;KAU004;Durchschnittlicher Kaufwert
61521;Kaufwerte für landwirtschaftliche Grundstücke;JAHR;Jahr;1991;DINSG;Deutschland insgesamt;DG;Deutschland;EMZKL1;Größenklassen der Ertragsmesszahlen;EMZA40B50;40 bis unter 50;FLNGK1;Größenklassen der veräußerten Fläche;FLCHA010B020;1 bis unter 2 ha;16481;EUR/ha;KAU004;Durchschnittlicher Kaufwert
61521;Kaufwerte für landwirtschaftliche Grundstücke;JAHR;Jahr;2002;DINSG;Deutschland insgesamt;DG;Deutschland;EMZKL1;Größenklassen der Ertragsmesszahlen;EMZU30;unter 30;FLNGK1;Größenklassen der veräußerten Fläche;;Insgesamt;6877;EUR/ha;KAU004;Durchschnittlicher Kaufwert
61521;Kaufwerte für landwirtschaftliche Grundstücke;JAHR;Jahr;2000;DINSG;Deutschland insgesamt;DG;Deutschland;EMZKL1;Größenklassen der Ertragsmesszahlen;EMZA40B50;40 bis unter 50;FLNGK1;Größenklassen der veräußerten Fläche;FLCHA001B025;0,1 bis unter 0,25 ha;17053;EUR/ha;KAU004;Durchschnittlicher Kaufwert
61521;Kaufwerte für landwirtschaftliche Grundstücke;JAHR;Jahr;2015;DINSG;Deutschland insgesamt;DG;Deutschland;EMZKL1;Größenklassen der Ertragsmesszahlen;EMZA60UM;60 und mehr;FLNGK1;Größenklassen der veräußerten Fläche;FLCHA010B020;1 bis unter 2 ha;30057;EUR/ha;KAU004;Durchschnittlicher Kaufwert
61521;Kaufwerte für landwirtschaftliche Grundstücke;JAHR;Jahr;2017;DINSG;Deutschland insgesamt;DG;Deutschland;EMZKL1;Größenklassen der Ertragsmesszahlen;EMZA50B60;50 bis unter 60;FLNGK1;Größenklassen der veräußerten Fläche;FLCHA050UM;5 und mehr ha;25148;EUR/ha;KAU004;Durchschnittlicher Kaufwert
61521;Kaufwerte für landwirtschaftliche Grundstücke;JAHR;Jahr;2011;DINSG;Deutschland insgesamt;DG;Deutschland;EMZKL1;Größenklassen der Ertragsmesszahlen;EMZU30;unter 30;FLNGK1;Größenklassen der veräußerten Fläche;FLCHA001B025;0,1 bis unter 0,25 ha;11417;EUR/ha;KAU004;Durchschnittlicher Kaufwert
61521;Kaufwerte für landwirtschaftliche Grundstücke;JAHR;Jahr;1994;DINSG;Deutschland insgesamt;DG;Deutschland;EMZKL1;Größenklassen der Ertragsmesszahlen;EMZA50B60;50 bis unter 60;FLNGK1;Größenklassen der veräußerten Fläche;FLCHA050UM;5 und mehr ha;12800;EUR/ha;KAU004;Durchschnittlicher Kaufwert
61521;Kaufwerte für landwirtschaftliche Grundstücke;JAHR;Jahr;2005;DINSG;Deutschland insgesamt;DG;Deutschland;EMZKL1;Größenklassen der Ertragsmesszahlen;;Insgesamt;FLNGK1;Größenklassen der veräußerten Fläche;FLCHA025B001;0,25 bis unter 1 ha;13129;EUR/ha;KAU004;Durchschnittlicher Kaufwert
61521;Kaufwerte für landwirtschaftliche Grundstücke;JAHR;Jahr;2016;DINSG;Deutschland insgesamt;DG;Deutschland;EMZKL1;Größenklassen der Ertragsmesszahlen;EMZA60UM;60 und mehr;FLNGK1;Größenklassen der veräußerten Fläche;;Insgesamt;31417;EUR/ha;KAU004;Durchschnittlicher Kaufwert
61521;Kaufwerte für landwirtschaftliche Grundstücke;JAHR;Jahr;2008;DINSG;Deutschland insgesamt;DG;Deutschland;EMZKL1;Größenklassen der Ertragsmesszahlen;EMZA50B60;50 bis unter 60;FLNGK1;Größenklassen der veräußerten Fläche;;Insgesamt;13216;EUR/ha;KAU004;Durchschnittlicher Kaufwert
61521;Kaufwerte für landwirtschaftliche Grundstücke;JAHR;Jahr;2007;DINSG;Deutschland insgesamt;DG;Deutschland;EMZKL1;Größenklassen der Ertragsmesszahlen;EMZU30;unter 30;FLNGK1;Größenklassen der veräußerten Fläche;;Insgesamt;6658;EUR/ha;KAU004;Durchschnittlicher Kaufwert
61521;Kaufwerte für landwirtschaftliche Grundstücke;JAHR;Jahr;2008;DINSG;Deutschland insgesamt;DG;Deutschland;EMZKL1;Größenklassen der Ertragsmesszahlen;EMZA40B50;40 bis unter 50;FLNGK1;Größenklassen der veräußerten Fläche;FLCHA001B025;0,1 bis unter 0,25 ha;16100;EUR/ha;KAU004;Durchschnittlicher Kaufwert
61521;Kaufwerte für landwirtschaftliche Grundstücke;JAHR;Jahr;2020;DINSG;Deutschland insgesamt;DG;Deutschland;EMZKL1;Größenklassen der Ertragsmesszahlen;EMZA60UM;60 und mehr;FLNGK1;Größenklassen der veräußerten Fläche;FLCHA001B025;0,1 bis unter 0,25 ha;32937;EUR/ha;KAU004;Durchschnittlicher Kaufwert
61521;Kaufwerte für landwirtschaftliche Grundstücke;JAHR;Jahr;2020;DINSG;Deutschland insgesamt;DG;Deutschland;EMZKL1;Größenklassen der Ertragsmesszahlen;EMZU30;unter 30;FLNGK1;Größenklassen der veräußerten Fläche;FLCHA050UM;5 und mehr ha;20857;EUR/ha;KAU004;Durchschnittlicher Kaufwert
61521;Kaufwerte für landwirtschaftliche Grundstücke;JAHR;Jahr;1999;DINSG;Deutschland insgesamt;DG;Deutschland;EMZKL1;Größenklassen der Ertragsmesszahlen;EMZA60UM;60 und mehr;FLNGK1;Größenklassen der veräußerten Fläche;;Insgesamt;15732;EUR/ha;KAU004;Durchschnittlicher Kaufwert
61521;Kaufwerte für landwirtschaftliche Grundstücke;JAHR;Jahr;2007;DINSG;Deutschland insgesamt;DG;Deutschland;EMZKL1;Größenklassen der Ertragsmesszahlen;EMZA50B60;50 bis unter 60;FLNGK1;Größenklassen der veräußerten Fläche;FLCHA050UM;5 und mehr ha;10854;EUR/ha;KAU004;Durchschnittlicher Kaufwert
61521;Kaufwerte für landwirtschaftliche Grundstücke;JAHR;Jahr;2000;DINSG;Deutschland insgesamt;DG;Deutschland;EMZKL1;Größenklassen der Ertragsmesszahlen;;Insgesamt;FLNGK1;Größenklassen der veräußerten Fläche;FLCHA001B025;0,1 bis unter 0,25 ha;19524;EUR/ha;KAU004;Durchschnittlicher Kaufwert
61521;Kaufwerte für landwirtschaftliche Grundstücke;JAHR;Jahr;2020;DINSG;Deutschland insgesamt;DG;Deutschland;EMZKL1;Größenklassen der Ertragsmesszahlen;EMZU30;unter 30;FLNGK1;Größenklassen der veräußerten Fläche;FLCHA025B001;0,25 bis unter 1 ha;20703;EUR/ha;KAU004;Durchschnittlicher Kaufwert
61521;Kaufwerte für landwirtschaftliche Grundstücke;JAHR;Jahr;2011;DINSG;Deutschland insgesamt;DG;Deutschland;EMZKL1;Größenklassen der Ertragsmesszahlen;EMZA30B40;30 bis unter 40;FLNGK1;Größenklassen der veräußerten Fläche;FLCHA001B025;0,1 bis unter 0,25 ha;13093;EUR/ha;KAU004;Durchschnittlicher Kaufwert
61521;Kaufwerte für landwirtschaftliche Grundstücke;JAHR;Jahr;2008;DINSG;Deutschland insgesamt;DG;Deutschland;EMZKL1;Größenklassen der Ertragsmesszahlen;EMZU30;unter 30;FLNGK1;Größenklassen der veräußerten Fläche;FLCHA020B050;2 bis unter 5 ha;8595;EUR/ha;KAU004;Durchschnittlicher Kaufwert
61521;Kaufwerte für landwirtschaftliche Grundstücke;JAHR;Jahr;1993;DINSG;Deutschland insgesamt;DG;Deutschland;EMZKL1;Größenklassen der Ertragsmesszahlen;EMZU30;unter 30;FLNGK1;Größenklassen der veräußerten Fläche;FLCHA001B025;0,1 bis unter 0,25 ha;12966;EUR/ha;KAU004;Durchschnittlicher Kaufwert
61521;Kaufwerte für landwirtschaftliche Grundstücke;JAHR;Jahr;2009;DINSG;Deutschland insgesamt;DG;Deutschland;EMZKL1;Größenklassen der Ertragsmesszahlen;EMZA50B60;50 bis unter 60;FLNGK1;Größenklassen der veräußerten Fläche;FLCHA020B050;2 bis unter 5 ha;16497;EUR/ha;KAU004;Durchschnittlicher Kaufwert
61521;Kaufwerte für landwirtschaftliche Grundstücke;JAHR;Jahr;1998;DINSG;Deutschland insgesamt;DG;Deutschland;EMZKL1;Größenklassen der Ertragsmesszahlen;EMZA40B50;40 bis unter 50;FLNGK1;Größenklassen der veräußerten Fläche;FLCHA010B020;1 bis unter 2 ha;14401;EUR/ha;KAU004;Durchschnittlicher Kaufwert
61521;Kaufwerte für landwirtschaftliche Grundstücke;JAHR;Jahr;2008;DINSG;Deutschland insgesamt;DG;Deutschland;EMZKL1;Größenklassen der Ertragsmesszahlen;EMZA30B40;30 bis unter 40;FLNGK1;Größenklassen der veräußerten Fläche;;Insgesamt;7166;EUR/ha;KAU004;Durchschnittlicher Kaufwert
61521;Kaufwerte für landwirtschaftliche Grundstücke;JAHR;Jahr;1999;DINSG;Deutschland insgesamt;DG;Deutschland;EMZKL1;Größenklassen der Ertragsmesszahlen;EMZA40B50;40 bis unter 50;FLNGK1;Größenklassen der veräußerten Fläche;FLCHA010B020;1 bis unter 2 ha;13343;EUR/ha;KAU004;Durchschnittlicher Kaufwert
61521;Kaufwerte für landwirtschaftliche Grundstücke;JAHR;Jahr;2020;DINSG;Deutschland insgesamt;DG;Deutschland;EMZKL1;Größenklassen der Ertragsmesszahlen;EMZA40B50;40 bis unter 50;FLNGK1;Größenklassen der veräußerten Fläche;FLCHA025B001;0,25 bis unter 1 ha;25452;EUR/ha;KAU004;Durchschnittlicher Kaufwert
61521;Kaufwerte für landwirtschaftliche Grundstücke;JAHR;Jahr;2019;DINSG;Deutschland insgesamt;DG;Deutschland;EMZKL1;Größenklassen der Ertragsmesszahlen;EMZU30;unter 30;FLNGK1;Größenklassen der veräußerten Fläche;FLCHA050UM;5 und mehr ha;20027;EUR/ha;KAU004;Durchschnittlicher Kaufwert
61521;Kaufwerte für landwirtschaftliche Grundstücke;JAHR;Jahr;2018;DINSG;Deutschland insgesamt;DG;Deutschland;EMZKL1;Größenklassen der Ertragsmesszahlen;;Insgesamt;FLNGK1;Größenklassen der veräußerten Fläche;FLCHA020B050;2 bis unter 5 ha;29913;EUR/ha;KAU004;Durchschnittlicher Kaufwert
61521;Kaufwerte für landwirtschaftliche Grundstücke;JAHR;Jahr;2019;DINSG;Deutschland insgesamt;DG;Deutschland;EMZKL1;Größenklassen der Ertragsmesszahlen;EMZA50B60;50 bis unter 60;FLNGK1;Größenklassen der veräußerten Fläche;FLCHA050UM;5 und mehr ha;30589;EUR/ha;KAU004;Durchschnittlicher Kaufwert
61521;Kaufwerte für landwirtschaftliche Grundstücke;JAHR;Jahr;1996;DINSG;Deutschland insgesamt;DG;Deutschland;EMZKL1;Größenklassen der Ertragsmesszahlen;EMZA50B60;50 bis unter 60;FLNGK1;Größenklassen der veräußerten Fläche;FLCHA050UM;5 und mehr ha;12685;EUR/ha;KAU004;Durchschnittlicher Kaufwert
61521;Kaufwerte für landwirtschaftliche Grundstücke;JAHR;Jahr;1995;DINSG;Deutschland insgesamt;DG;Deutschland;EMZKL1;Größenklassen der Ertragsmesszahlen;;Insgesamt;FLNGK1;Größenklassen der veräußerten Fläche;FLCHA020B050;2 bis unter 5 ha;14162;EUR/ha;KAU004;Durchschnittlicher Kaufwert
61521;Kaufwerte für landwirtschaftliche Grundstücke;JAHR;Jahr;2009;DINSG;Deutschland insgesamt;DG;Deutschland;EMZKL1;Größenklassen der Ertragsmesszahlen;;Insgesamt;FLNGK1;Größenklassen der veräußerten Fläche;FLCHA025B001;0,25 bis unter 1 ha;13444;EUR/ha;KAU004;Durchschnittlicher Kaufwert
61521;Kaufwerte für landwirtschaftliche Grundstücke;JAHR;Jahr;2018;DINSG;Deutschland insgesamt;DG;Deutschland;EMZKL1;Größenklassen der Ertragsmesszahlen;EMZU30;unter 30;FLNGK1;Größenklassen der veräußerten Fläche;;Insgesamt;19549;EUR/ha;KAU004;Durchschnittlicher Kaufwert
61521;Kaufwerte für landwirtschaftliche Grundstücke;JAHR;Jahr;2012;DINSG;Deutschland insgesamt;DG;Deutschland;EMZKL1;Größenklassen der Ertragsmesszahlen;;Insgesamt;FLNGK1;Größenklassen der veräußerten Fläche;FLCHA001B025;0,1 bis unter 0,25 ha;18681;EUR/ha;KAU004;Durchschnittlicher Kaufwert
61521;Kaufwerte für landwirtschaftliche Grundstücke;JAHR;Jahr;1999;DINSG;Deutschland insgesamt;DG;Deutschland;EMZKL1;Größenklassen der Ertragsmesszahlen;EMZA40B50;40 bis unter 50;FLNGK1;Größenklassen der veräußerten Fläche;FLCHA050UM;5 und mehr ha;5500;EUR/ha;KAU004;Durchschnittlicher Kaufwert
61521;Kaufwerte für landwirtschaftliche Grundstücke;JAHR;Jahr;1999;DINSG;Deutschland insgesamt;DG;Deutschland;EMZKL1;Größenklassen der Ertragsmesszahlen;EMZU30;unter 30;FLNGK1;Größenklassen der veräußerten Fläche;;Insgesamt;6358;EUR/ha;KAU004;Durchschnittlicher Kaufwert
61521;Kaufwerte für landwirtschaftliche Grundstücke;JAHR;Jahr;2016;DINSG;Deutschland insgesamt;DG;Deutschland;EMZKL1;Größenklassen der Ertragsmesszahlen;EMZA50B60;50 bis unter 60;FLNGK1;Größenklassen der veräußerten Fläche;FLCHA025B001;0,25 bis unter 1 ha;29353;EUR/ha;KAU004;Durchschnittlicher Kaufwert
61521;Kaufwerte für landwirtschaftliche Grundstücke;JAHR;Jahr;1995;DINSG;Deutschland insgesamt;DG;Deutschland;EMZKL1;Größenklassen der Ertragsmesszahlen;EMZA50B60;50 bis unter 60;FLNGK1;Größenklassen der veräußerten Fläche;;Insgesamt;14794;EUR/ha;KAU004;Durchschnittlicher Kaufwert
61521;Kaufwerte für landwirtschaftliche Grundstücke;JAHR;Jahr;2020;DINSG;Deutschland insgesamt;DG;Deutschland;EMZKL1;Größenklassen der Ertragsmesszahlen;EMZA30B40;30 bis unter 40;FLNGK1;Größenklassen der veräußerten Fläche;;Insgesamt;21371;EUR/ha;KAU004;Durchschnittlicher Kaufwert
61521;Kaufwerte für landwirtschaftliche Grundstücke;JAHR;Jahr;2013;DINSG;Deutschland insgesamt;DG;Deutschland;EMZKL1;Größenklassen der Ertragsmesszahlen;EMZU30;unter 30;FLNGK1;Größenklassen der veräußerten Fläche;FLCHA001B025;0,1 bis unter 0,25 ha;12804;EUR/ha;KAU004;Durchschnittlicher Kaufwert
61521;Kaufwerte für landwirtschaftliche Grundstücke;JAHR;Jahr;2014;DINSG;Deutschland insgesamt;DG;Deutschland;EMZKL1;Größenklassen der Ertragsmesszahlen;EMZA50B60;50 bis unter 60;FLNGK1;Größenklassen der veräußerten Fläche;FLCHA010B020;1 bis unter 2 ha;27477;EUR/ha;KAU004;Durchschnittlicher Kaufwert
61521;Kaufwerte für landwirtschaftliche Grundstücke;JAHR;Jahr;2000;DINSG;Deutschland insgesamt;DG;Deutschland;EMZKL1;Größenklassen der Ertragsmesszahlen;EMZA60UM;60 und mehr;FLNGK1;Größenklassen der veräußerten Fläche;FLCHA001B025;0,1 bis unter 0,25 ha;28455;EUR/ha;KAU004;Durchschnittlicher Kaufwert
61521;Kaufwerte für landwirtschaftliche Grundstücke;JAHR;Jahr;1995;DINSG;Deutschland insgesamt;DG;Deutschland;EMZKL1;Größenklassen der Ertragsmesszahlen;EMZU30;unter 30;FLNGK1;Größenklassen der veräußerten Fläche;;Insgesamt;9166;EUR/ha;KAU004;Durchschnittlicher Kaufwert
61521;Kaufwerte für landwirtschaftliche Grundstücke;JAHR;Jahr;1999;DINSG;Deutschland insgesamt;DG;Deutschland;EMZKL1;Größenklassen der Ertragsmesszahlen;;Insgesamt;FLNGK1;Größenklassen der veräußerten Fläche;;Insgesamt;8938;EUR/ha;KAU004;Durchschnittlicher Kaufwert
61521;Kaufwerte für landwirtschaftliche Grundstücke;JAHR;Jahr;2014;DINSG;Deutschland insgesamt;DG;Deutschland;EMZKL1;Größenklassen der Ertragsmesszahlen;EMZA40B50;40 bis unter 50;FLNGK1;Größenklassen der veräußerten Fläche;FLCHA020B050;2 bis unter 5 ha;22260;EUR/ha;KAU004;Durchschnittlicher Kaufwert
61521;Kaufwerte für landwirtschaftliche Grundstücke;JAHR;Jahr;2001;DINSG;Deutschland insgesamt;DG;Deutschland;EMZKL1;Größenklassen der Ertragsmesszahlen;;Insgesamt;FLNGK1;Größenklassen der veräußerten Fläche;FLCHA050UM;5 und mehr ha;7035;EUR/ha;KAU004;Durchschnittlicher Kaufwert
61521;Kaufwerte für landwirtschaftliche Grundstücke;JAHR;Jahr;1992;DINSG;Deutschland insgesamt;DG;Deutschland;EMZKL1;Größenklassen der Ertragsmesszahlen;EMZA60UM;60 und mehr;FLNGK1;Größenklassen der veräußerten Fläche;FLCHA050UM;5 und mehr ha;12060;EUR/ha;KAU004;Durchschnittlicher Kaufwert
61521;Kaufwerte für landwirtschaftliche Grundstücke;JAHR;Jahr;1996;DINSG;Deutschland insgesamt;DG;Deutschland;EMZKL1;Größenklassen der Ertragsmesszahlen;EMZA60UM;60 und mehr;FLNGK1;Größenklassen der veräußerten Fläche;FLCHA001B025;0,1 bis unter 0,25 ha;30839;EUR/ha;KAU004;Durchschnittlicher Kaufwert
61521;Kaufwerte für landwirtschaftliche Grundstücke;JAHR;Jahr;2001;DINSG;Deutschland insgesamt;DG;Deutschland;EMZKL1;Größenklassen der Ertragsmesszahlen;EMZU30;unter 30;FLNGK1;Größenklassen der veräußerten Fläche;FLCHA010B020;1 bis unter 2 ha;9960;EUR/ha;KAU004;Durchschnittlicher Kaufwert
61521;Kaufwerte für landwirtschaftliche Grundstücke;JAHR;Jahr;1995;DINSG;Deutschland insgesamt;DG;Deutschland;EMZKL1;Größenklassen der Ertragsmesszahlen;EMZA30B40;30 bis unter 40;FLNGK1;Größenklassen der veräußerten Fläche;FLCHA020B050;2 bis unter 5 ha;11400;EUR/ha;KAU004;Durchschnittlicher Kaufwert
61521;Kaufwerte für landwirtschaftliche Grundstücke;JAHR;Jahr;2008;DINSG;Deutschland insgesamt;DG;Deutschland;EMZKL1;Größenklassen der Ertragsmesszahlen;;Insgesamt;FLNGK1;Größenklassen der veräußerten Fläche;;Insgesamt;9955;EUR/ha;KAU004;Durchschnittlicher Kaufwert
61521;Kaufwerte für landwirtschaftliche Grundstücke;JAHR;Jahr;2006;DINSG;Deutschland insgesamt;DG;Deutschland;EMZKL1;Größenklassen der Ertragsmesszahlen;;Insgesamt;FLNGK1;Größenklassen der veräußerten Fläche;FLCHA001B025;0,1 bis unter 0,25 ha;19661;EUR/ha;KAU004;Durchschnittlicher Kaufwert
61521;Kaufwerte für landwirtschaftliche Grundstücke;JAHR;Jahr;2008;DINSG;Deutschland insgesamt;DG;Deutschland;EMZKL1;Größenklassen der Ertragsmesszahlen;EMZA40B50;40 bis unter 50;FLNGK1;Größenklassen der veräußerten Fläche;;Insgesamt;10281;EUR/ha;KAU004;Durchschnittlicher Kaufwert
61521;Kaufwerte für landwirtschaftliche Grundstücke;JAHR;Jahr;1991;DINSG;Deutschland insgesamt;DG;Deutschland;EMZKL1;Größenklassen der Ertragsmesszahlen;EMZU30;unter 30;FLNGK1;Größenklassen der veräußerten Fläche;FLCHA001B025;0,1 bis unter 0,25 ha;15234;EUR/ha;KAU004;Durchschnittlicher Kaufwert
61521;Kaufwerte für landwirtschaftliche Grundstücke;JAHR;Jahr;1997;DINSG;Deutschland insgesamt;DG;Deutschland;EMZKL1;Größenklassen der Ertragsmesszahlen;;Insgesamt;FLNGK1;Größenklassen der veräußerten Fläche;FLCHA020B050;2 bis unter 5 ha;13509;EUR/ha;KAU004;Durchschnittlicher Kaufwert
61521;Kaufwerte für landwirtschaftliche Grundstücke;JAHR;Jahr;2006;DINSG;Deutschland insgesamt;DG;Deutschland;EMZKL1;Größenklassen der Ertragsmesszahlen;EMZU30;unter 30;FLNGK1;Größenklassen der veräußerten Fläche;FLCHA020B050;2 bis unter 5 ha;7805;EUR/ha;KAU004;Durchschnittlicher Kaufwert
61521;Kaufwerte für landwirtschaftliche Grundstücke;JAHR;Jahr;2003;DINSG;Deutschland insgesamt;DG;Deutschland;EMZKL1;Größenklassen der Ertragsmesszahlen;EMZA40B50;40 bis unter 50;FLNGK1;Größenklassen der veräußerten Fläche;;Insgesamt;8346;EUR/ha;KAU004;Durchschnittlicher Kaufwert
61521;Kaufwerte für landwirtschaftliche Grundstücke;JAHR;Jahr;2013;DINSG;Deutschland insgesamt;DG;Deutschland;EMZKL1;Größenklassen der Ertragsmesszahlen;EMZU30;unter 30;FLNGK1;Größenklassen der veräußerten Fläche;;Insgesamt;11979;EUR/ha;KAU004;Durchschnittlicher Kaufwert
61521;Kaufwerte für landwirtschaftliche Grundstücke;JAHR;Jahr;1997;DINSG;Deutschland insgesamt;DG;Deutschland;EMZKL1;Größenklassen der Ertragsmesszahlen;EMZA40B50;40 bis unter 50;FLNGK1;Größenklassen der veräußerten Fläche;FLCHA050UM;5 und mehr ha;5501;EUR/ha;KAU004;Durchschnittlicher Kaufwert
61521;Kaufwerte für landwirtschaftliche Grundstücke;JAHR;Jahr;2019;DINSG;Deutschland insgesamt;DG;Deutschland;EMZKL1;Größenklassen der Ertragsmesszahlen;EMZA50B60;50 bis unter 60;FLNGK1;Größenklassen der veräußerten Fläche;FLCHA010B020;1 bis unter 2 ha;41739;EUR/ha;KAU004;Durchschnittlicher Kaufwert
61521;Kaufwerte für landwirtschaftliche Grundstücke;JAHR;Jahr;2003;DINSG;Deutschland insgesamt;DG;Deutschland;EMZKL1;Größenklassen der Ertragsmesszahlen;;Insgesamt;FLNGK1;Größenklassen der veräußerten Fläche;;Insgesamt;9184;EUR/ha;KAU004;Durchschnittlicher Kaufwert
61521;Kaufwerte für landwirtschaftliche Grundstücke;JAHR;Jahr;2009;DINSG;Deutschland insgesamt;DG;Deutschland;EMZKL1;Größenklassen der Ertragsmesszahlen;EMZA50B60;50 bis unter 60;FLNGK1;Größenklassen der veräußerten Fläche;FLCHA050UM;5 und mehr ha;12898;EUR/ha;KAU004;Durchschnittlicher Kaufwert
61521;Kaufwerte für landwirtschaftliche Grundstücke;JAHR;Jahr;1994;DINSG;Deutschland insgesamt;DG;Deutschland;EMZKL1;Größenklassen der Ertragsmesszahlen;;Insgesamt;FLNGK1;Größenklassen der veräußerten Fläche;;Insgesamt;11168;EUR/ha;KAU004;Durchschnittlicher Kaufwert
61521;Kaufwerte für landwirtschaftliche Grundstücke;JAHR;Jahr;2013;DINSG;Deutschland insgesamt;DG;Deutschland;EMZKL1;Größenklassen der Ertragsmesszahlen;EMZA50B60;50 bis unter 60;FLNGK1;Größenklassen der veräußerten Fläche;FLCHA010B020;1 bis unter 2 ha;24144;EUR/ha;KAU004;Durchschnittlicher Kaufwert
61521;Kaufwerte für landwirtschaftliche Grundstücke;JAHR;Jahr;2002;DINSG;Deutschland insgesamt;DG;Deutschland;EMZKL1;Größenklassen der Ertragsmesszahlen;;Insgesamt;FLNGK1;Größenklassen der veräußerten Fläche;FLCHA001B025;0,1 bis unter 0,25 ha;21433;EUR/ha;KAU004;Durchschnittlicher Kaufwert
61521;Kaufwerte für landwirtschaftliche Grundstücke;JAHR;Jahr;2009;DINSG;Deutschland insgesamt;DG;Deutschland;EMZKL1;Größenklassen der Ertragsmesszahlen;EMZA60UM;60 und mehr;FLNGK1;Größenklassen der veräußerten Fläche;FLCHA001B025;0,1 bis unter 0,25 ha;26124;EUR/ha;KAU004;Durchschnittlicher Kaufwert
61521;Kaufwerte für landwirtschaftliche Grundstücke;JAHR;Jahr;2017;DINSG;Deutschland insgesamt;DG;Deutschland;EMZKL1;Größenklassen der Ertragsmesszahlen;EMZA30B40;30 bis unter 40;FLNGK1;Größenklassen der veräußerten Fläche;FLCHA050UM;5 und mehr ha;18146;EUR/ha;KAU004;Durchschnittlicher Kaufwert
61521;Kaufwerte für landwirtschaftliche Grundstücke;JAHR;Jahr;1994;DINSG;Deutschland insgesamt;DG;Deutschland;EMZKL1;Größenklassen der Ertragsmesszahlen;EMZA30B40;30 bis unter 40;FLNGK1;Größenklassen der veräußerten Fläche;FLCHA050UM;5 und mehr ha;6306;EUR/ha;KAU004;Durchschnittlicher Kaufwert
61521;Kaufwerte für landwirtschaftliche Grundstücke;JAHR;Jahr;2019;DINSG;Deutschland insgesamt;DG;Deutschland;EMZKL1;Größenklassen der Ertragsmesszahlen;EMZA30B40;30 bis unter 40;FLNGK1;Größenklassen der veräußerten Fläche;;Insgesamt;20683;EUR/ha;KAU004;Durchschnittlicher Kaufwert
61521;Kaufwerte für landwirtschaftliche Grundstücke;JAHR;Jahr;2009;DINSG;Deutschland insgesamt;DG;Deutschland;EMZKL1;Größenklassen der Ertragsmesszahlen;EMZA60UM;60 und mehr;FLNGK1;Größenklassen der veräußerten Fläche;;Insgesamt;16893;EUR/ha;KAU004;Durchschnittlicher Kaufwert
61521;Kaufwerte für landwirtschaftliche Grundstücke;JAHR;Jahr;2007;DINSG;Deutschland insgesamt;DG;Deutschland;EMZKL1;Größenklassen der Ertragsmesszahlen;;Insgesamt;FLNGK1;Größenklassen der veräußerten Fläche;FLCHA050UM;5 und mehr ha;7362;EUR/ha;KAU004;Durchschnittlicher Kaufwert
61521;Kaufwerte für landwirtschaftliche Grundstücke;JAHR;Jahr;2012;DINSG;Deutschland insgesamt;DG;Deutschland;EMZKL1;Größenklassen der Ertragsmesszahlen;EMZA30B40;30 bis unter 40;FLNGK1;Größenklassen der veräußerten Fläche;FLCHA001B025;0,1 bis unter 0,25 ha;13288;EUR/ha;KAU004;Durchschnittlicher Kaufwert
61521;Kaufwerte für landwirtschaftliche Grundstücke;JAHR;Jahr;2010;DINSG;Deutschland insgesamt;DG;Deutschland;EMZKL1;Größenklassen der Ertragsmesszahlen;EMZA60UM;60 und mehr;FLNGK1;Größenklassen der veräußerten Fläche;FLCHA001B025;0,1 bis unter 0,25 ha;27599;EUR/ha;KAU004;Durchschnittlicher Kaufwert
61521;Kaufwerte für landwirtschaftliche Grundstücke;JAHR;Jahr;1994;DINSG;Deutschland insgesamt;DG;Deutschland;EMZKL1;Größenklassen der Ertragsmesszahlen;EMZA30B40;30 bis unter 40;FLNGK1;Größenklassen der veräußerten Fläche;FLCHA020B050;2 bis unter 5 ha;10411;EUR/ha;KAU004;Durchschnittlicher Kaufwert
61521;Kaufwerte für landwirtschaftliche Grundstücke;JAHR;Jahr;2019;DINSG;Deutschland insgesamt;DG;Deutschland;EMZKL1;Größenklassen der Ertragsmesszahlen;EMZA30B40;30 bis unter 40;FLNGK1;Größenklassen der veräußerten Fläche;FLCHA050UM;5 und mehr ha;19007;EUR/ha;KAU004;Durchschnittlicher Kaufwert
61521;Kaufwerte für landwirtschaftliche Grundstücke;JAHR;Jahr;1996;DINSG;Deutschland insgesamt;DG;Deutschland;EMZKL1;Größenklassen der Ertragsmesszahlen;EMZA30B40;30 bis unter 40;FLNGK1;Größenklassen der veräußerten Fläche;FLCHA050UM;5 und mehr ha;5295;EUR/ha;KAU004;Durchschnittlicher Kaufwert
61521;Kaufwerte für landwirtschaftliche Grundstücke;JAHR;Jahr;2014;DINSG;Deutschland insgesamt;DG;Deutschland;EMZKL1;Größenklassen der Ertragsmesszahlen;EMZA30B40;30 bis unter 40;FLNGK1;Größenklassen der veräußerten Fläche;;Insgesamt;15285;EUR/ha;KAU004;Durchschnittlicher Kaufwert
61521;Kaufwerte für landwirtschaftliche Grundstücke;JAHR;Jahr;2007;DINSG;Deutschland insgesamt;DG;Deutschland;EMZKL1;Größenklassen der Ertragsmesszahlen;EMZA40B50;40 bis unter 50;FLNGK1;Größenklassen der veräußerten Fläche;FLCHA001B025;0,1 bis unter 0,25 ha;16186;EUR/ha;KAU004;Durchschnittlicher Kaufwert
61521;Kaufwerte für landwirtschaftliche Grundstücke;JAHR;Jahr;2015;DINSG;Deutschland insgesamt;DG;Deutschland;EMZKL1;Größenklassen der Ertragsmesszahlen;EMZU30;unter 30;FLNGK1;Größenklassen der veräußerten Fläche;FLCHA001B025;0,1 bis unter 0,25 ha;14103;EUR/ha;KAU004;Durchschnittlicher Kaufwert
61521;Kaufwerte für landwirtschaftliche Grundstücke;JAHR;Jahr;2004;DINSG;Deutschland insgesamt;DG;Deutschland;EMZKL1;Größenklassen der Ertragsmesszahlen;;Insgesamt;FLNGK1;Größenklassen der veräußerten Fläche;FLCHA001B025;0,1 bis unter 0,25 ha;20239;EUR/ha;KAU004;Durchschnittlicher Kaufwert
61521;Kaufwerte für landwirtschaftliche Grundstücke;JAHR;Jahr;2015;DINSG;Deutschland insgesamt;DG;Deutschland;EMZKL1;Größenklassen der Ertragsmesszahlen;EMZA40B50;40 bis unter 50;FLNGK1;Größenklassen der veräußerten Fläche;FLCHA020B050;2 bis unter 5 ha;22949;EUR/ha;KAU004;Durchschnittlicher Kaufwert
61521;Kaufwerte für landwirtschaftliche Grundstücke;JAHR;Jahr;2008;DINSG;Deutschland insgesamt;DG;Deutschland;EMZKL1;Größenklassen der Ertragsmesszahlen;EMZA40B50;40 bis unter 50;FLNGK1;Größenklassen der veräußerten Fläche;FLCHA050UM;5 und mehr ha;8610;EUR/ha;KAU004;Durchschnittlicher Kaufwert
61521;Kaufwerte für landwirtschaftliche Grundstücke;JAHR;Jahr;2005;DINSG;Deutschland insgesamt;DG;Deutschland;EMZKL1;Größenklassen der Ertragsmesszahlen;EMZA60UM;60 und mehr;FLNGK1;Größenklassen der veräußerten Fläche;;Insgesamt;14265;EUR/ha;KAU004;Durchschnittlicher Kaufwert
61521;Kaufwerte für landwirtschaftliche Grundstücke;JAHR;Jahr;2011;DINSG;Deutschland insgesamt;DG;Deutschland;EMZKL1;Größenklassen der Ertragsmesszahlen;EMZA60UM;60 und mehr;FLNGK1;Größenklassen der veräußerten Fläche;FLCHA050UM;5 und mehr ha;19039;EUR/ha;KAU004;Durchschnittlicher Kaufwert
61521;Kaufwerte für landwirtschaftliche Grundstücke;JAHR;Jahr;1992;DINSG;Deutschland insgesamt;DG;Deutschland;EMZKL1;Größenklassen der Ertragsmesszahlen;EMZA60UM;60 und mehr;FLNGK1;Größenklassen der veräußerten Fläche;;Insgesamt;17105;EUR/ha;KAU004;Durchschnittlicher Kaufwert
61521;Kaufwerte für landwirtschaftliche Grundstücke;JAHR;Jahr;2015;DINSG;Deutschland insgesamt;DG;Deutschland;EMZKL1;Größenklassen der Ertragsmesszahlen;EMZA50B60;50 bis unter 60;FLNGK1;Größenklassen der veräußerten Fläche;FLCHA025B001;0,25 bis unter 1 ha;27564;EUR/ha;KAU004;Durchschnittlicher Kaufwert
61521;Kaufwerte für landwirtschaftliche Grundstücke;JAHR;Jahr;1994;DINSG;Deutschland insgesamt;DG;Deutschland;EMZKL1;Größenklassen der Ertragsmesszahlen;EMZA60UM;60 und mehr;FLNGK1;Größenklassen der veräußerten Fläche;FLCHA050UM;5 und mehr ha;12836;EUR/ha;KAU004;Durchschnittlicher Kaufwert
61521;Kaufwerte für landwirtschaftliche Grundstücke;JAHR;Jahr;2012;DINSG;Deutschland insgesamt;DG;Deutschland;EMZKL1;Größenklassen der Ertragsmesszahlen;;Insgesamt;FLNGK1;Größenklassen der veräußerten Fläche;FLCHA050UM;5 und mehr ha;13157;EUR/ha;KAU004;Durchschnittlicher Kaufwert
61521;Kaufwerte für landwirtschaftliche Grundstücke;JAHR;Jahr;1993;DINSG;Deutschland insgesamt;DG;Deutschland;EMZKL1;Größenklassen der Ertragsmesszahlen;EMZA60UM;60 und mehr;FLNGK1;Größenklassen der veräußerten Fläche;FLCHA010B020;1 bis unter 2 ha;21755;EUR/ha;KAU004;Durchschnittlicher Kaufwert
61521;Kaufwerte für landwirtschaftliche Grundstücke;JAHR;Jahr;2013;DINSG;Deutschland insgesamt;DG;Deutschland;EMZKL1;Größenklassen der Ertragsmesszahlen;EMZA60UM;60 und mehr;FLNGK1;Größenklassen der veräußerten Fläche;;Insgesamt;23002;EUR/ha;KAU004;Durchschnittlicher Kaufwert
61521;Kaufwerte für landwirtschaftliche Grundstücke;JAHR;Jahr;2020;DINSG;Deutschland insgesamt;DG;Deutschland;EMZKL1;Größenklassen der Ertragsmesszahlen;EMZA50B60;50 bis unter 60;FLNGK1;Größenklassen der veräußerten Fläche;;Insgesamt;34899;EUR/ha;KAU004;Durchschnittlicher Kaufwert
61521;Kaufwerte für landwirtschaftliche Grundstücke;JAHR;Jahr;1994;DINSG;Deutschland insgesamt;DG;Deutschland;EMZKL1;Größenklassen der Ertragsmesszahlen;;Insgesamt;FLNGK1;Größenklassen der veräußerten Fläche;FLCHA025B001;0,25 bis unter 1 ha;16584;EUR/ha;KAU004;Durchschnittlicher Kaufwert
61521;Kaufwerte für landwirtschaftliche Grundstücke;JAHR;Jahr;2017;DINSG;Deutschland insgesamt;DG;Deutschland;EMZKL1;Größenklassen der Ertragsmesszahlen;;Insgesamt;FLNGK1;Größenklassen der veräußerten Fläche;FLCHA025B001;0,25 bis unter 1 ha;24789;EUR/ha;KAU004;Durchschnittlicher Kaufwert
61521;Kaufwerte für landwirtschaftliche Grundstücke;JAHR;Jahr;2016;DINSG;Deutschland insgesamt;DG;Deutschland;EMZKL1;Größenklassen der Ertragsmesszahlen;EMZU30;unter 30;FLNGK1;Größenklassen der veräußerten Fläche;FLCHA001B025;0,1 bis unter 0,25 ha;15142;EUR/ha;KAU004;Durchschnittlicher Kaufwert
61521;Kaufwerte für landwirtschaftliche Grundstücke;JAHR;Jahr;2020;DINSG;Deutschland insgesamt;DG;Deutschland;EMZKL1;Größenklassen der Ertragsmesszahlen;;Insgesamt;FLNGK1;Größenklassen der veräußerten Fläche;FLCHA001B025;0,1 bis unter 0,25 ha;25563;EUR/ha;KAU004;Durchschnittlicher Kaufwert
61521;Kaufwerte für landwirtschaftliche Grundstücke;JAHR;Jahr;1997;DINSG;Deutschland insgesamt;DG;Deutschland;EMZKL1;Größenklassen der Ertragsmesszahlen;EMZU30;unter 30;FLNGK1;Größenklassen der veräußerten Fläche;FLCHA001B025;0,1 bis unter 0,25 ha;14438;EUR/ha;KAU004;Durchschnittlicher Kaufwert
61521;Kaufwerte für landwirtschaftliche Grundstücke;JAHR;Jahr;1998;DINSG;Deutschland insgesamt;DG;Deutschland;EMZKL1;Größenklassen der Ertragsmesszahlen;EMZA60UM;60 und mehr;FLNGK1;Größenklassen der veräußerten Fläche;FLCHA001B025;0,1 bis unter 0,25 ha;29141;EUR/ha;KAU004;Durchschnittlicher Kaufwert
61521;Kaufwerte für landwirtschaftliche Grundstücke;JAHR;Jahr;2017;DINSG;Deutschland insgesamt;DG;Deutschland;EMZKL1;Größenklassen der Ertragsmesszahlen;;Insgesamt;FLNGK1;Größenklassen der veräußerten Fläche;;Insgesamt;24064;EUR/ha;KAU004;Durchschnittlicher Kaufwert
61521;Kaufwerte für landwirtschaftliche Grundstücke;JAHR;Jahr;2016;DINSG;Deutschland insgesamt;DG;Deutschland;EMZKL1;Größenklassen der Ertragsmesszahlen;EMZA60UM;60 und mehr;FLNGK1;Größenklassen der veräußerten Fläche;FLCHA010B020;1 bis unter 2 ha;34660;EUR/ha;KAU004;Durchschnittlicher Kaufwert
61521;Kaufwerte für landwirtschaftliche Grundstücke;JAHR;Jahr;2004;DINSG;Deutschland insgesamt;DG;Deutschland;EMZKL1;Größenklassen der Ertragsmesszahlen;EMZU30;unter 30;FLNGK1;Größenklassen der veräußerten Fläche;FLCHA010B020;1 bis unter 2 ha;8505;EUR/ha;KAU004;Durchschnittlicher Kaufwert
61521;Kaufwerte für landwirtschaftliche Grundstücke;JAHR;Jahr;2016;DINSG;Deutschland insgesamt;DG;Deutschland;EMZKL1;Größenklassen der Ertragsmesszahlen;EMZA30B40;30 bis unter 40;FLNGK1;Größenklassen der veräußerten Fläche;FLCHA001B025;0,1 bis unter 0,25 ha;17142;EUR/ha;KAU004;Durchschnittlicher Kaufwert
61521;Kaufwerte für landwirtschaftliche Grundstücke;JAHR;Jahr;2014;DINSG;Deutschland insgesamt;DG;Deutschland;EMZKL1;Größenklassen der Ertragsmesszahlen;EMZA60UM;60 und mehr;FLNGK1;Größenklassen der veräußerten Fläche;FLCHA050UM;5 und mehr ha;24313;EUR/ha;KAU004;Durchschnittlicher Kaufwert
61521;Kaufwerte für landwirtschaftliche Grundstücke;JAHR;Jahr;2006;DINSG;Deutschland insgesamt;DG;Deutschland;EMZKL1;Größenklassen der Ertragsmesszahlen;EMZA40B50;40 bis unter 50;FLNGK1;Größenklassen der veräußerten Fläche;FLCHA050UM;5 und mehr ha;6411;EUR/ha;KAU004;Durchschnittlicher Kaufwert
61521;Kaufwerte für landwirtschaftliche Grundstücke;JAHR;Jahr;1998;DINSG;Deutschland insgesamt;DG;Deutschland;EMZKL1;Größenklassen der Ertragsmesszahlen;EMZA60UM;60 und mehr;FLNGK1;Größenklassen der veräußerten Fläche;FLCHA020B050;2 bis unter 5 ha;18317;EUR/ha;KAU004;Durchschnittlicher Kaufwert
61521;Kaufwerte für landwirtschaftliche Grundstücke;JAHR;Jahr;2019;DINSG;Deutschland insgesamt;DG;Deutschland;EMZKL1;Größenklassen der Ertragsmesszahlen;EMZA40B50;40 bis unter 50;FLNGK1;Größenklassen der veräußerten Fläche;FLCHA020B050;2 bis unter 5 ha;32772;EUR/ha;KAU004;Durchschnittlicher Kaufwert
61521;Kaufwerte für landwirtschaftliche Grundstücke;JAHR;Jahr;1995;DINSG;Deutschland insgesamt;DG;Deutschland;EMZKL1;Größenklassen der Ertragsmesszahlen;EMZA60UM;60 und mehr;FLNGK1;Größenklassen der veräußerten Fläche;FLCHA050UM;5 und mehr ha;13393;EUR/ha;KAU004;Durchschnittlicher Kaufwert
61521;Kaufwerte für landwirtschaftliche Grundstücke;JAHR;Jahr;2020;DINSG;Deutschland insgesamt;DG;Deutschland;EMZKL1;Größenklassen der Ertragsmesszahlen;;Insgesamt;FLNGK1;Größenklassen der veräußerten Fläche;FLCHA020B050;2 bis unter 5 ha;31664;EUR/ha;KAU004;Durchschnittlicher Kaufwert
61521;Kaufwerte für landwirtschaftliche Grundstücke;JAHR;Jahr;2016;DINSG;Deutschland insgesamt;DG;Deutschland;EMZKL1;Größenklassen der Ertragsmesszahlen;EMZA30B40;30 bis unter 40;FLNGK1;Größenklassen der veräußerten Fläche;FLCHA020B050;2 bis unter 5 ha;20316;EUR/ha;KAU004;Durchschnittlicher Kaufwert
61521;Kaufwerte für landwirtschaftliche Grundstücke;JAHR;Jahr;1991;DINSG;Deutschland insgesamt;DG;Deutschland;EMZKL1;Größenklassen der Ertragsmesszahlen;;Insgesamt;FLNGK1;Größenklassen der veräußerten Fläche;FLCHA001B025;0,1 bis unter 0,25 ha;24547;EUR/ha;KAU004;Durchschnittlicher Kaufwert
61521;Kaufwerte für landwirtschaftliche Grundstücke;JAHR;Jahr;2014;DINSG;Deutschland insgesamt;DG;Deutschland;EMZKL1;Größenklassen der Ertragsmesszahlen;;Insgesamt;FLNGK1;Größenklassen der veräußerten Fläche;FLCHA001B025;0,1 bis unter 0,25 ha;20064;EUR/ha;KAU004;Durchschnittlicher Kaufwert
61521;Kaufwerte für landwirtschaftliche Grundstücke;JAHR;Jahr;2020;DINSG;Deutschland insgesamt;DG;Deutschland;EMZKL1;Größenklassen der Ertragsmesszahlen;EMZU30;unter 30;FLNGK1;Größenklassen der veräußerten Fläche;;Insgesamt;22054;EUR/ha;KAU004;Durchschnittlicher Kaufwert
61521;Kaufwerte für landwirtschaftliche Grundstücke;JAHR;Jahr;2009;DINSG;Deutschland insgesamt;DG;Deutschland;EMZKL1;Größenklassen der Ertragsmesszahlen;EMZA30B40;30 bis unter 40;FLNGK1;Größenklassen der veräußerten Fläche;FLCHA050UM;5 und mehr ha;6665;EUR/ha;KAU004;Durchschnittlicher Kaufwert
61521;Kaufwerte für landwirtschaftliche Grundstücke;JAHR;Jahr;1995;DINSG;Deutschland insgesamt;DG;Deutschland;EMZKL1;Größenklassen der Ertragsmesszahlen;;Insgesamt;FLNGK1;Größenklassen der veräußerten Fläche;;Insgesamt;10880;EUR/ha;KAU004;Durchschnittlicher Kaufwert
61521;Kaufwerte für landwirtschaftliche Grundstücke;JAHR;Jahr;2005;DINSG;Deutschland insgesamt;DG;Deutschland;EMZKL1;Größenklassen der Ertragsmesszahlen;EMZU30;unter 30;FLNGK1;Größenklassen der veräußerten Fläche;FLCHA020B050;2 bis unter 5 ha;8652;EUR/ha;KAU004;Durchschnittlicher Kaufwert
61521;Kaufwerte für landwirtschaftliche Grundstücke;JAHR;Jahr;2017;DINSG;Deutschland insgesamt;DG;Deutschland;EMZKL1;Größenklassen der Ertragsmesszahlen;EMZA40B50;40 bis unter 50;FLNGK1;Größenklassen der veräußerten Fläche;FLCHA020B050;2 bis unter 5 ha;28992;EUR/ha;KAU004;Durchschnittlicher Kaufwert
61521;Kaufwerte für landwirtschaftliche Grundstücke;JAHR;Jahr;2012;DINSG;Deutschland insgesamt;DG;Deutschland;EMZKL1;Größenklassen der Ertragsmesszahlen;EMZA40B50;40 bis unter 50;FLNGK1;Größenklassen der veräußerten Fläche;FLCHA050UM;5 und mehr ha;14259;EUR/ha;KAU004;Durchschnittlicher Kaufwert
61521;Kaufwerte für landwirtschaftliche Grundstücke;JAHR;Jahr;2014;DINSG;Deutschland insgesamt;DG;Deutschland;EMZKL1;Größenklassen der Ertragsmesszahlen;EMZA60UM;60 und mehr;FLNGK1;Größenklassen der veräußerten Fläche;FLCHA025B001;0,25 bis unter 1 ha;26300;EUR/ha;KAU004;Durchschnittlicher Kaufwert
61521;Kaufwerte für landwirtschaftliche Grundstücke;JAHR;Jahr;2013;DINSG;Deutschland insgesamt;DG;Deutschland;EMZKL1;Größenklassen der Ertragsmesszahlen;EMZA60UM;60 und mehr;FLNGK1;Größenklassen der veräußerten Fläche;FLCHA050UM;5 und mehr ha;20300;EUR/ha;KAU004;Durchschnittlicher Kaufwert
61521;Kaufwerte für landwirtschaftliche Grundstücke;JAHR;Jahr;2017;DINSG;Deutschland insgesamt;DG;Deutschland;EMZKL1;Größenklassen der Ertragsmesszahlen;EMZA30B40;30 bis unter 40;FLNGK1;Größenklassen der veräußerten Fläche;FLCHA001B025;0,1 bis unter 0,25 ha;18703;EUR/ha;KAU004;Durchschnittlicher Kaufwert
61521;Kaufwerte für landwirtschaftliche Grundstücke;JAHR;Jahr;2006;DINSG;Deutschland insgesamt;DG;Deutschland;EMZKL1;Größenklassen der Ertragsmesszahlen;;Insgesamt;FLNGK1;Größenklassen der veräußerten Fläche;FLCHA050UM;5 und mehr ha;6912;EUR/ha;KAU004;Durchschnittlicher Kaufwert
61521;Kaufwerte für landwirtschaftliche Grundstücke;JAHR;Jahr;2013;DINSG;Deutschland insgesamt;DG;Deutschland;EMZKL1;Größenklassen der Ertragsmesszahlen;EMZA50B60;50 bis unter 60;FLNGK1;Größenklassen der veräußerten Fläche;;Insgesamt;21989;EUR/ha;KAU004;Durchschnittlicher Kaufwert
61521;Kaufwerte für landwirtschaftliche Grundstücke;JAHR;Jahr;2014;DINSG;Deutschland insgesamt;DG;Deutschland;EMZKL1;Größenklassen der Ertragsmesszahlen;EMZA30B40;30 bis unter 40;FLNGK1;Größenklassen der veräußerten Fläche;FLCHA001B025;0,1 bis unter 0,25 ha;14811;EUR/ha;KAU004;Durchschnittlicher Kaufwert
61521;Kaufwerte für landwirtschaftliche Grundstücke;JAHR;Jahr;2013;DINSG;Deutschland insgesamt;DG;Deutschland;EMZKL1;Größenklassen der Ertragsmesszahlen;EMZA30B40;30 bis unter 40;FLNGK1;Größenklassen der veräußerten Fläche;FLCHA050UM;5 und mehr ha;12542;EUR/ha;KAU004;Durchschnittlicher Kaufwert
61521;Kaufwerte für landwirtschaftliche Grundstücke;JAHR;Jahr;2002;DINSG;Deutschland insgesamt;DG;Deutschland;EMZKL1;Größenklassen der Ertragsmesszahlen;EMZU30;unter 30;FLNGK1;Größenklassen der veräußerten Fläche;FLCHA020B050;2 bis unter 5 ha;9427;EUR/ha;KAU004;Durchschnittlicher Kaufwert
61521;Kaufwerte für landwirtschaftliche Grundstücke;JAHR;Jahr;1991;DINSG;Deutschland insgesamt;DG;Deutschland;EMZKL1;Größenklassen der Ertragsmesszahlen;EMZA60UM;60 und mehr;FLNGK1;Größenklassen der veräußerten Fläche;FLCHA025B001;0,25 bis unter 1 ha;26385;EUR/ha;KAU004;Durchschnittlicher Kaufwert
61521;Kaufwerte für landwirtschaftliche Grundstücke;JAHR;Jahr;2016;DINSG;Deutschland insgesamt;DG;Deutschland;EMZKL1;Größenklassen der Ertragsmesszahlen;EMZA60UM;60 und mehr;FLNGK1;Größenklassen der veräußerten Fläche;FLCHA025B001;0,25 bis unter 1 ha;29928;EUR/ha;KAU004;Durchschnittlicher Kaufwert
61521;Kaufwerte für landwirtschaftliche Grundstücke;JAHR;Jahr;2013;DINSG;Deutschland insgesamt;DG;Deutschland;EMZKL1;Größenklassen der Ertragsmesszahlen;EMZA40B50;40 bis unter 50;FLNGK1;Größenklassen der veräußerten Fläche;;Insgesamt;17700;EUR/ha;KAU004;Durchschnittlicher Kaufwert
61521;Kaufwerte für landwirtschaftliche Grundstücke;JAHR;Jahr;2018;DINSG;Deutschland insgesamt;DG;Deutschland;EMZKL1;Größenklassen der Ertragsmesszahlen;EMZA50B60;50 bis unter 60;FLNGK1;Größenklassen der veräußerten Fläche;FLCHA010B020;1 bis unter 2 ha;42083;EUR/ha;KAU004;Durchschnittlicher Kaufwert
61521;Kaufwerte für landwirtschaftliche Grundstücke;JAHR;Jahr;2005;DINSG;Deutschland insgesamt;DG;Deutschland;EMZKL1;Größenklassen der Ertragsmesszahlen;EMZA50B60;50 bis unter 60;FLNGK1;Größenklassen der veräußerten Fläche;FLCHA050UM;5 und mehr ha;10259;EUR/ha;KAU004;Durchschnittlicher Kaufwert
61521;Kaufwerte für landwirtschaftliche Grundstücke;JAHR;Jahr;2012;DINSG;Deutschland insgesamt;DG;Deutschland;EMZKL1;Größenklassen der Ertragsmesszahlen;EMZA60UM;60 und mehr;FLNGK1;Größenklassen der veräußerten Fläche;;Insgesamt;21161;EUR/ha;KAU004;Durchschnittlicher Kaufwert
61521;Kaufwerte für landwirtschaftliche Grundstücke;JAHR;Jahr;2000;DINSG;Deutschland insgesamt;DG;Deutschland;EMZKL1;Größenklassen der Ertragsmesszahlen;EMZU30;unter 30;FLNGK1;Größenklassen der veräußerten Fläche;FLCHA025B001;0,25 bis unter 1 ha;9948;EUR/ha;KAU004;Durchschnittlicher Kaufwert
61521;Kaufwerte für landwirtschaftliche Grundstücke;JAHR;Jahr;1998;DINSG;Deutschland insgesamt;DG;Deutschland;EMZKL1;Größenklassen der Ertragsmesszahlen;;Insgesamt;FLNGK1;Größenklassen der veräußerten Fläche;FLCHA050UM;5 und mehr ha;6658;EUR/ha;KAU004;Durchschnittlicher Kaufwert
61521;Kaufwerte für landwirtschaftliche Grundstücke;JAHR;Jahr;1996;DINSG;Deutschland insgesamt;DG;Deutschland;EMZKL1;Größenklassen der Ertragsmesszahlen;EMZA30B40;30 bis unter 40;FLNGK1;Größenklassen der veräußerten Fläche;;Insgesamt;7808;EUR/ha;KAU004;Durchschnittlicher Kaufwert
61521;Kaufwerte für landwirtschaftliche Grundstücke;JAHR;Jahr;2020;DINSG;Deutschland insgesamt;DG;Deutschland;EMZKL1;Größenklassen der Ertragsmesszahlen;EMZA40B50;40 bis unter 50;FLNGK1;Größenklassen der veräußerten Fläche;;Insgesamt;27033;EUR/ha;KAU004;Durchschnittlicher Kaufwert
61521;Kaufwerte für landwirtschaftliche Grundstücke;JAHR;Jahr;2007;DINSG;Deutschland insgesamt;DG;Deutschland;EMZKL1;Größenklassen der Ertragsmesszahlen;;Insgesamt;FLNGK1;Größenklassen der veräußerten Fläche;;Insgesamt;9205;EUR/ha;KAU004;Durchschnittlicher Kaufwert
61521;Kaufwerte für landwirtschaftliche Grundstücke;JAHR;Jahr;2016;DINSG;Deutschland insgesamt;DG;Deutschland;EMZKL1;Größenklassen der Ertragsmesszahlen;EMZA40B50;40 bis unter 50;FLNGK1;Größenklassen der veräußerten Fläche;FLCHA020B050;2 bis unter 5 ha;26128;EUR/ha;KAU004;Durchschnittlicher Kaufwert
61521;Kaufwerte für landwirtschaftliche Grundstücke;JAHR;Jahr;2013;DINSG;Deutschland insgesamt;DG;Deutschland;EMZKL1;Größenklassen der Ertragsmesszahlen;EMZA30B40;30 bis unter 40;FLNGK1;Größenklassen der veräußerten Fläche;FLCHA001B025;0,1 bis unter 0,25 ha;15930;EUR/ha;KAU004;Durchschnittlicher Kaufwert
61521;Kaufwerte für landwirtschaftliche Grundstücke;JAHR;Jahr;2015;DINSG;Deutschland insgesamt;DG;Deutschland;EMZKL1;Größenklassen der Ertragsmesszahlen;EMZA30B40;30 bis unter 40;FLNGK1;Größenklassen der veräußerten Fläche;FLCHA020B050;2 bis unter 5 ha;17800;EUR/ha;KAU004;Durchschnittlicher Kaufwert
61521;Kaufwerte für landwirtschaftliche Grundstücke;JAHR;Jahr;1999;DINSG;Deutschland insgesamt;DG;Deutschland;EMZKL1;Größenklassen der Ertragsmesszahlen;EMZA30B40;30 bis unter 40;FLNGK1;Größenklassen der veräußerten Fläche;FLCHA020B050;2 bis unter 5 ha;9413;EUR/ha;KAU004;Durchschnittlicher Kaufwert
61521;Kaufwerte für landwirtschaftliche Grundstücke;JAHR;Jahr;2003;DINSG;Deutschland insgesamt;DG;Deutschland;EMZKL1;Größenklassen der Ertragsmesszahlen;EMZA50B60;50 bis unter 60;FLNGK1;Größenklassen der veräußerten Fläche;;Insgesamt;13731;EUR/ha;KAU004;Durchschnittlicher Kaufwert
61521;Kaufwerte für landwirtschaftliche Grundstücke;JAHR;Jahr;2019;DINSG;Deutschland insgesamt;DG;Deutschland;EMZKL1;Größenklassen der Ertragsmesszahlen;EMZA60UM;60 und mehr;FLNGK1;Größenklassen der veräußerten Fläche;FLCHA001B025;0,1 bis unter 0,25 ha;32600;EUR/ha;KAU004;Durchschnittlicher Kaufwert
61521;Kaufwerte für landwirtschaftliche Grundstücke;JAHR;Jahr;2004;DINSG;Deutschland insgesamt;DG;Deutschland;EMZKL1;Größenklassen der Ertragsmesszahlen;EMZA60UM;60 und mehr;FLNGK1;Größenklassen der veräußerten Fläche;FLCHA025B001;0,25 bis unter 1 ha;20826;EUR/ha;KAU004;Durchschnittlicher Kaufwert
61521;Kaufwerte für landwirtschaftliche Grundstücke;JAHR;Jahr;2013;DINSG;Deutschland insgesamt;DG;Deutschland;EMZKL1;Größenklassen der Ertragsmesszahlen;;Insgesamt;FLNGK1;Größenklassen der veräußerten Fläche;FLCHA010B020;1 bis unter 2 ha;18190;EUR/ha;KAU004;Durchschnittlicher Kaufwert
61521;Kaufwerte für landwirtschaftliche Grundstücke;JAHR;Jahr;1994;DINSG;Deutschland insgesamt;DG;Deutschland;EMZKL1;Größenklassen der Ertragsmesszahlen;EMZU30;unter 30;FLNGK1;Größenklassen der veräußerten Fläche;FLCHA001B025;0,1 bis unter 0,25 ha;11939;EUR/ha;KAU004;Durchschnittlicher Kaufwert
61521;Kaufwerte für landwirtschaftliche Grundstücke;JAHR;Jahr;2002;DINSG;Deutschland insgesamt;DG;Deutschland;EMZKL1;Größenklassen der Ertragsmesszahlen;EMZA50B60;50 bis unter 60;FLNGK1;Größenklassen der veräußerten Fläche;;Insgesamt;12991;EUR/ha;KAU004;Durchschnittlicher Kaufwert
61521;Kaufwerte für landwirtschaftliche Grundstücke;JAHR;Jahr;2002;DINSG;Deutschland insgesamt;DG;Deutschland;EMZKL1;Größenklassen der Ertragsmesszahlen;;Insgesamt;FLNGK1;Größenklassen der veräußerten Fläche;FLCHA050UM;5 und mehr ha;7168;EUR/ha;KAU004;Durchschnittlicher Kaufwert
61521;Kaufwerte für landwirtschaftliche Grundstücke;JAHR;Jahr;2016;DINSG;Deutschland insgesamt;DG;Deutschland;EMZKL1;Größenklassen der Ertragsmesszahlen;;Insgesamt;FLNGK1;Größenklassen der veräußerten Fläche;;Insgesamt;22310;EUR/ha;KAU004;Durchschnittlicher Kaufwert
61521;Kaufwerte für landwirtschaftliche Grundstücke;JAHR;Jahr;2003;DINSG;Deutschland insgesamt;DG;Deutschland;EMZKL1;Größenklassen der Ertragsmesszahlen;EMZU30;unter 30;FLNGK1;Größenklassen der veräußerten Fläche;FLCHA010B020;1 bis unter 2 ha;8907;EUR/ha;KAU004;Durchschnittlicher Kaufwert
61521;Kaufwerte für landwirtschaftliche Grundstücke;JAHR;Jahr;1998;DINSG;Deutschland insgesamt;DG;Deutschland;EMZKL1;Größenklassen der Ertragsmesszahlen;EMZA60UM;60 und mehr;FLNGK1;Größenklassen der veräußerten Fläche;FLCHA050UM;5 und mehr ha;12402;EUR/ha;KAU004;Durchschnittlicher Kaufwert
61521;Kaufwerte für landwirtschaftliche Grundstücke;JAHR;Jahr;2014;DINSG;Deutschland insgesamt;DG;Deutschland;EMZKL1;Größenklassen der Ertragsmesszahlen;;Insgesamt;FLNGK1;Größenklassen der veräußerten Fläche;FLCHA020B050;2 bis unter 5 ha;21379;EUR/ha;KAU004;Durchschnittlicher Kaufwert
61521;Kaufwerte für landwirtschaftliche Grundstücke;JAHR;Jahr;2007;DINSG;Deutschland insgesamt;DG;Deutschland;EMZKL1;Größenklassen der Ertragsmesszahlen;EMZA50B60;50 bis unter 60;FLNGK1;Größenklassen der veräußerten Fläche;;Insgesamt;13713;EUR/ha;KAU004;Durchschnittlicher Kaufwert
61521;Kaufwerte für landwirtschaftliche Grundstücke;JAHR;Jahr;2006;DINSG;Deutschland insgesamt;DG;Deutschland;EMZKL1;Größenklassen der Ertragsmesszahlen;EMZA60UM;60 und mehr;FLNGK1;Größenklassen der veräußerten Fläche;FLCHA010B020;1 bis unter 2 ha;19626;EUR/ha;KAU004;Durchschnittlicher Kaufwert
61521;Kaufwerte für landwirtschaftliche Grundstücke;JAHR;Jahr;1991;DINSG;Deutschland insgesamt;DG;Deutschland;EMZKL1;Größenklassen der Ertragsmesszahlen;;Insgesamt;FLNGK1;Größenklassen der veräußerten Fläche;FLCHA020B050;2 bis unter 5 ha;16036;EUR/ha;KAU004;Durchschnittlicher Kaufwert
61521;Kaufwerte für landwirtschaftliche Grundstücke;JAHR;Jahr;2000;DINSG;Deutschland insgesamt;DG;Deutschland;EMZKL1;Größenklassen der Ertragsmesszahlen;EMZA30B40;30 bis unter 40;FLNGK1;Größenklassen der veräußerten Fläche;FLCHA050UM;5 und mehr ha;4511;EUR/ha;KAU004;Durchschnittlicher Kaufwert
61521;Kaufwerte für landwirtschaftliche Grundstücke;JAHR;Jahr;2018;DINSG;Deutschland insgesamt;DG;Deutschland;EMZKL1;Größenklassen der Ertragsmesszahlen;EMZA50B60;50 bis unter 60;FLNGK1;Größenklassen der veräußerten Fläche;FLCHA025B001;0,25 bis unter 1 ha;36619;EUR/ha;KAU004;Durchschnittlicher Kaufwert
61521;Kaufwerte für landwirtschaftliche Grundstücke;JAHR;Jahr;2015;DINSG;Deutschland insgesamt;DG;Deutschland;EMZKL1;Größenklassen der Ertragsmesszahlen;EMZA50B60;50 bis unter 60;FLNGK1;Größenklassen der veräußerten Fläche;FLCHA010B020;1 bis unter 2 ha;30581;EUR/ha;KAU004;Durchschnittlicher Kaufwert
61521;Kaufwerte für landwirtschaftliche Grundstücke;JAHR;Jahr;2012;DINSG;Deutschland insgesamt;DG;Deutschland;EMZKL1;Größenklassen der Ertragsmesszahlen;EMZU30;unter 30;FLNGK1;Größenklassen der veräußerten Fläche;FLCHA001B025;0,1 bis unter 0,25 ha;11560;EUR/ha;KAU004;Durchschnittlicher Kaufwert
61521;Kaufwerte für landwirtschaftliche Grundstücke;JAHR;Jahr;2007;DINSG;Deutschland insgesamt;DG;Deutschland;EMZKL1;Größenklassen der Ertragsmesszahlen;EMZU30;unter 30;FLNGK1;Größenklassen der veräußerten Fläche;FLCHA010B020;1 bis unter 2 ha;8323;EUR/ha;KAU004;Durchschnittlicher Kaufwert
61521;Kaufwerte für landwirtschaftliche Grundstücke;JAHR;Jahr;2003;DINSG;Deutschland insgesamt;DG;Deutschland;EMZKL1;Größenklassen der Ertragsmesszahlen;EMZA60UM;60 und mehr;FLNGK1;Größenklassen der veräußerten Fläche;FLCHA010B020;1 bis unter 2 ha;19244;EUR/ha;KAU004;Durchschnittlicher Kaufwert
61521;Kaufwerte für landwirtschaftliche Grundstücke;JAHR;Jahr;1991;DINSG;Deutschland insgesamt;DG;Deutschland;EMZKL1;Größenklassen der Ertragsmesszahlen;EMZA60UM;60 und mehr;FLNGK1;Größenklassen der veräußerten Fläche;FLCHA010B020;1 bis unter 2 ha;24788;EUR/ha;KAU004;Durchschnittlicher Kaufwert
61521;Kaufwerte für landwirtschaftliche Grundstücke;JAHR;Jahr;2011;DINSG;Deutschland insgesamt;DG;Deutschland;EMZKL1;Größenklassen der Ertragsmesszahlen;;Insgesamt;FLNGK1;Größenklassen der veräußerten Fläche;FLCHA050UM;5 und mehr ha;12466;EUR/ha;KAU004;Durchschnittlicher Kaufwert
61521;Kaufwerte für landwirtschaftliche Grundstücke;JAHR;Jahr;2000;DINSG;Deutschland insgesamt;DG;Deutschland;EMZKL1;Größenklassen der Ertragsmesszahlen;EMZU30;unter 30;FLNGK1;Größenklassen der veräußerten Fläche;FLCHA010B020;1 bis unter 2 ha;9404;EUR/ha;KAU004;Durchschnittlicher Kaufwert
61521;Kaufwerte für landwirtschaftliche Grundstücke;JAHR;Jahr;1991;DINSG;Deutschland insgesamt;DG;Deutschland;EMZKL1;Größenklassen der Ertragsmesszahlen;EMZA60UM;60 und mehr;FLNGK1;Größenklassen der veräußerten Fläche;FLCHA050UM;5 und mehr ha;15917;EUR/ha;KAU004;Durchschnittlicher Kaufwert
61521;Kaufwerte für landwirtschaftliche Grundstücke;JAHR;Jahr;2007;DINSG;Deutschland insgesamt;DG;Deutschland;EMZKL1;Größenklassen der Ertragsmesszahlen;;Insgesamt;FLNGK1;Größenklassen der veräußerten Fläche;FLCHA010B020;1 bis unter 2 ha;11993;EUR/ha;KAU004;Durchschnittlicher Kaufwert
61521;Kaufwerte für landwirtschaftliche Grundstücke;JAHR;Jahr;2019;DINSG;Deutschland insgesamt;DG;Deutschland;EMZKL1;Größenklassen der Ertragsmesszahlen;EMZU30;unter 30;FLNGK1;Größenklassen der veräußerten Fläche;FLCHA001B025;0,1 bis unter 0,25 ha;16586;EUR/ha;KAU004;Durchschnittlicher Kaufwert
61521;Kaufwerte für landwirtschaftliche Grundstücke;JAHR;Jahr;2010;DINSG;Deutschland insgesamt;DG;Deutschland;EMZKL1;Größenklassen der Ertragsmesszahlen;EMZA60UM;60 und mehr;FLNGK1;Größenklassen der veräußerten Fläche;FLCHA050UM;5 und mehr ha;16706;EUR/ha;KAU004;Durchschnittlicher Kaufwert
61521;Kaufwerte für landwirtschaftliche Grundstücke;JAHR;Jahr;2019;DINSG;Deutschland insgesamt;DG;Deutschland;EMZKL1;Größenklassen der Ertragsmesszahlen;EMZA50B60;50 bis unter 60;FLNGK1;Größenklassen der veräußerten Fläche;FLCHA025B001;0,25 bis unter 1 ha;34149;EUR/ha;KAU004;Durchschnittlicher Kaufwert
61521;Kaufwerte für landwirtschaftliche Grundstücke;JAHR;Jahr;1994;DINSG;Deutschland insgesamt;DG;Deutschland;EMZKL1;Größenklassen der Ertragsmesszahlen;EMZA60UM;60 und mehr;FLNGK1;Größenklassen der veräußerten Fläche;FLCHA025B001;0,25 bis unter 1 ha;23569;EUR/ha;KAU004;Durchschnittlicher Kaufwert
61521;Kaufwerte für landwirtschaftliche Grundstücke;JAHR;Jahr;1996;DINSG;Deutschland insgesamt;DG;Deutschland;EMZKL1;Größenklassen der Ertragsmesszahlen;EMZA30B40;30 bis unter 40;FLNGK1;Größenklassen der veräußerten Fläche;FLCHA020B050;2 bis unter 5 ha;10974;EUR/ha;KAU004;Durchschnittlicher Kaufwert
61521;Kaufwerte für landwirtschaftliche Grundstücke;JAHR;Jahr;2016;DINSG;Deutschland insgesamt;DG;Deutschland;EMZKL1;Größenklassen der Ertragsmesszahlen;EMZA50B60;50 bis unter 60;FLNGK1;Größenklassen der veräußerten Fläche;FLCHA010B020;1 bis unter 2 ha;35922;EUR/ha;KAU004;Durchschnittlicher Kaufwert
61521;Kaufwerte für landwirtschaftliche Grundstücke;JAHR;Jahr;2015;DINSG;Deutschland insgesamt;DG;Deutschland;EMZKL1;Größenklassen der Ertragsmesszahlen;EMZA40B50;40 bis unter 50;FLNGK1;Größenklassen der veräußerten Fläche;FLCHA025B001;0,25 bis unter 1 ha;20177;EUR/ha;KAU004;Durchschnittlicher Kaufwert
61521;Kaufwerte für landwirtschaftliche Grundstücke;JAHR;Jahr;2014;DINSG;Deutschland insgesamt;DG;Deutschland;EMZKL1;Größenklassen der Ertragsmesszahlen;EMZA60UM;60 und mehr;FLNGK1;Größenklassen der veräußerten Fläche;FLCHA010B020;1 bis unter 2 ha;28681;EUR/ha;KAU004;Durchschnittlicher Kaufwert
61521;Kaufwerte für landwirtschaftliche Grundstücke;JAHR;Jahr;2008;DINSG;Deutschland insgesamt;DG;Deutschland;EMZKL1;Größenklassen der Ertragsmesszahlen;EMZA50B60;50 bis unter 60;FLNGK1;Größenklassen der veräußerten Fläche;FLCHA020B050;2 bis unter 5 ha;15742;EUR/ha;KAU004;Durchschnittlicher Kaufwert
61521;Kaufwerte für landwirtschaftliche Grundstücke;JAHR;Jahr;2003;DINSG;Deutschland insgesamt;DG;Deutschland;EMZKL1;Größenklassen der Ertragsmesszahlen;;Insgesamt;FLNGK1;Größenklassen der veräußerten Fläche;FLCHA025B001;0,25 bis unter 1 ha;13999;EUR/ha;KAU004;Durchschnittlicher Kaufwert
61521;Kaufwerte für landwirtschaftliche Grundstücke;JAHR;Jahr;2017;DINSG;Deutschland insgesamt;DG;Deutschland;EMZKL1;Größenklassen der Ertragsmesszahlen;EMZA50B60;50 bis unter 60;FLNGK1;Größenklassen der veräußerten Fläche;FLCHA010B020;1 bis unter 2 ha;36468;EUR/ha;KAU004;Durchschnittlicher Kaufwert
61521;Kaufwerte für landwirtschaftliche Grundstücke;JAHR;Jahr;2009;DINSG;Deutschland insgesamt;DG;Deutschland;EMZKL1;Größenklassen der Ertragsmesszahlen;EMZU30;unter 30;FLNGK1;Größenklassen der veräußerten Fläche;FLCHA020B050;2 bis unter 5 ha;9822;EUR/ha;KAU004;Durchschnittlicher Kaufwert
61521;Kaufwerte für landwirtschaftliche Grundstücke;JAHR;Jahr;2001;DINSG;Deutschland insgesamt;DG;Deutschland;EMZKL1;Größenklassen der Ertragsmesszahlen;EMZA50B60;50 bis unter 60;FLNGK1;Größenklassen der veräußerten Fläche;FLCHA050UM;5 und mehr ha;10404;EUR/ha;KAU004;Durchschnittlicher Kaufwert
61521;Kaufwerte für landwirtschaftliche Grundstücke;JAHR;Jahr;2013;DINSG;Deutschland insgesamt;DG;Deutschland;EMZKL1;Größenklassen der Ertragsmesszahlen;EMZA30B40;30 bis unter 40;FLNGK1;Größenklassen der veräußerten Fläche;FLCHA020B050;2 bis unter 5 ha;15330;EUR/ha;KAU004;Durchschnittlicher Kaufwert
61521;Kaufwerte für landwirtschaftliche Grundstücke;JAHR;Jahr;2017;DINSG;Deutschland insgesamt;DG;Deutschland;EMZKL1;Größenklassen der Ertragsmesszahlen;EMZA50B60;50 bis unter 60;FLNGK1;Größenklassen der veräußerten Fläche;FLCHA025B001;0,25 bis unter 1 ha;33122;EUR/ha;KAU004;Durchschnittlicher Kaufwert
61521;Kaufwerte für landwirtschaftliche Grundstücke;JAHR;Jahr;2013;DINSG;Deutschland insgesamt;DG;Deutschland;EMZKL1;Größenklassen der Ertragsmesszahlen;EMZA40B50;40 bis unter 50;FLNGK1;Größenklassen der veräußerten Fläche;FLCHA010B020;1 bis unter 2 ha;18440;EUR/ha;KAU004;Durchschnittlicher Kaufwert
61521;Kaufwerte für landwirtschaftliche Grundstücke;JAHR;Jahr;2014;DINSG;Deutschland insgesamt;DG;Deutschland;EMZKL1;Größenklassen der Ertragsmesszahlen;EMZA50B60;50 bis unter 60;FLNGK1;Größenklassen der veräußerten Fläche;;Insgesamt;24715;EUR/ha;KAU004;Durchschnittlicher Kaufwert
61521;Kaufwerte für landwirtschaftliche Grundstücke;JAHR;Jahr;1998;DINSG;Deutschland insgesamt;DG;Deutschland;EMZKL1;Größenklassen der Ertragsmesszahlen;EMZA30B40;30 bis unter 40;FLNGK1;Größenklassen der veräußerten Fläche;FLCHA020B050;2 bis unter 5 ha;10373;EUR/ha;KAU004;Durchschnittlicher Kaufwert
61521;Kaufwerte für landwirtschaftliche Grundstücke;JAHR;Jahr;2018;DINSG;Deutschland insgesamt;DG;Deutschland;EMZKL1;Größenklassen der Ertragsmesszahlen;EMZA50B60;50 bis unter 60;FLNGK1;Größenklassen der veräußerten Fläche;;Insgesamt;35450;EUR/ha;KAU004;Durchschnittlicher Kaufwert
61521;Kaufwerte für landwirtschaftliche Grundstücke;JAHR;Jahr;2017;DINSG;Deutschland insgesamt;DG;Deutschland;EMZKL1;Größenklassen der Ertragsmesszahlen;EMZA60UM;60 und mehr;FLNGK1;Größenklassen der veräußerten Fläche;FLCHA050UM;5 und mehr ha;33216;EUR/ha;KAU004;Durchschnittlicher Kaufwert
61521;Kaufwerte für landwirtschaftliche Grundstücke;JAHR;Jahr;2007;DINSG;Deutschland insgesamt;DG;Deutschland;EMZKL1;Größenklassen der Ertragsmesszahlen;EMZA60UM;60 und mehr;FLNGK1;Größenklassen der veräußerten Fläche;FLCHA025B001;0,25 bis unter 1 ha;19904;EUR/ha;KAU004;Durchschnittlicher Kaufwert
61521;Kaufwerte für landwirtschaftliche Grundstücke;JAHR;Jahr;2005;DINSG;Deutschland insgesamt;DG;Deutschland;EMZKL1;Größenklassen der Ertragsmesszahlen;EMZA40B50;40 bis unter 50;FLNGK1;Größenklassen der veräußerten Fläche;FLCHA001B025;0,1 bis unter 0,25 ha;15686;EUR/ha;KAU004;Durchschnittlicher Kaufwert
61521;Kaufwerte für landwirtschaftliche Grundstücke;JAHR;Jahr;1995;DINSG;Deutschland insgesamt;DG;Deutschland;EMZKL1;Größenklassen der Ertragsmesszahlen;EMZA40B50;40 bis unter 50;FLNGK1;Größenklassen der veräußerten Fläche;FLCHA010B020;1 bis unter 2 ha;16124;EUR/ha;KAU004;Durchschnittlicher Kaufwert
61521;Kaufwerte für landwirtschaftliche Grundstücke;JAHR;Jahr;1999;DINSG;Deutschland insgesamt;DG;Deutschland;EMZKL1;Größenklassen der Ertragsmesszahlen;EMZA60UM;60 und mehr;FLNGK1;Größenklassen der veräußerten Fläche;FLCHA001B025;0,1 bis unter 0,25 ha;30301;EUR/ha;KAU004;Durchschnittlicher Kaufwert
61521;Kaufwerte für landwirtschaftliche Grundstücke;JAHR;Jahr;1994;DINSG;Deutschland insgesamt;DG;Deutschland;EMZKL1;Größenklassen der Ertragsmesszahlen;EMZA50B60;50 bis unter 60;FLNGK1;Größenklassen der veräußerten Fläche;FLCHA001B025;0,1 bis unter 0,25 ha;24289;EUR/ha;KAU004;Durchschnittlicher Kaufwert
61521;Kaufwerte für landwirtschaftliche Grundstücke;JAHR;Jahr;1996;DINSG;Deutschland insgesamt;DG;Deutschland;EMZKL1;Größenklassen der Ertragsmesszahlen;EMZA40B50;40 bis unter 50;FLNGK1;Größenklassen der veräußerten Fläche;FLCHA010B020;1 bis unter 2 ha;14831;EUR/ha;KAU004;Durchschnittlicher Kaufwert
61521;Kaufwerte für landwirtschaftliche Grundstücke;JAHR;Jahr;2004;DINSG;Deutschland insgesamt;DG;Deutschland;EMZKL1;Größenklassen der Ertragsmesszahlen;EMZA40B50;40 bis unter 50;FLNGK1;Größenklassen der veräußerten Fläche;FLCHA001B025;0,1 bis unter 0,25 ha;16772;EUR/ha;KAU004;Durchschnittlicher Kaufwert
61521;Kaufwerte für landwirtschaftliche Grundstücke;JAHR;Jahr;1997;DINSG;Deutschland insgesamt;DG;Deutschland;EMZKL1;Größenklassen der Ertragsmesszahlen;EMZA60UM;60 und mehr;FLNGK1;Größenklassen der veräußerten Fläche;FLCHA020B050;2 bis unter 5 ha;16323;EUR/ha;KAU004;Durchschnittlicher Kaufwert
61521;Kaufwerte für landwirtschaftliche Grundstücke;JAHR;Jahr;2007;DINSG;Deutschland insgesamt;DG;Deutschland;EMZKL1;Größenklassen der Ertragsmesszahlen;EMZA50B60;50 bis unter 60;FLNGK1;Größenklassen der veräußerten Fläche;FLCHA020B050;2 bis unter 5 ha;16760;EUR/ha;KAU004;Durchschnittlicher Kaufwert
61521;Kaufwerte für landwirtschaftliche Grundstücke;JAHR;Jahr;1994;DINSG;Deutschland insgesamt;DG;Deutschland;EMZKL1;Größenklassen der Ertragsmesszahlen;;Insgesamt;FLNGK1;Größenklassen der veräußerten Fläche;FLCHA010B020;1 bis unter 2 ha;15732;EUR/ha;KAU004;Durchschnittlicher Kaufwert
61521;Kaufwerte für landwirtschaftliche Grundstücke;JAHR;Jahr;1993;DINSG;Deutschland insgesamt;DG;Deutschland;EMZKL1;Größenklassen der Ertragsmesszahlen;EMZA60UM;60 und mehr;FLNGK1;Größenklassen der veräußerten Fläche;FLCHA025B001;0,25 bis unter 1 ha;23037;EUR/ha;KAU004;Durchschnittlicher Kaufwert
61521;Kaufwerte für landwirtschaftliche Grundstücke;JAHR;Jahr;2017;DINSG;Deutschland insgesamt;DG;Deutschland;EMZKL1;Größenklassen der Ertragsmesszahlen;;Insgesamt;FLNGK1;Größenklassen der veräußerten Fläche;FLCHA010B020;1 bis unter 2 ha;26971;EUR/ha;KAU004;Durchschnittlicher Kaufwert
61521;Kaufwerte für landwirtschaftliche Grundstücke;JAHR;Jahr;2010;DINSG;Deutschland insgesamt;DG;Deutschland;EMZKL1;Größenklassen der Ertragsmesszahlen;;Insgesamt;FLNGK1;Größenklassen der veräußerten Fläche;FLCHA020B050;2 bis unter 5 ha;13712;EUR/ha;KAU004;Durchschnittlicher Kaufwert
61521;Kaufwerte für landwirtschaftliche Grundstücke;JAHR;Jahr;1999;DINSG;Deutschland insgesamt;DG;Deutschland;EMZKL1;Größenklassen der Ertragsmesszahlen;;Insgesamt;FLNGK1;Größenklassen der veräußerten Fläche;FLCHA050UM;5 und mehr ha;6470;EUR/ha;KAU004;Durchschnittlicher Kaufwert
61521;Kaufwerte für landwirtschaftliche Grundstücke;JAHR;Jahr;2012;DINSG;Deutschland insgesamt;DG;Deutschland;EMZKL1;Größenklassen der Ertragsmesszahlen;EMZA40B50;40 bis unter 50;FLNGK1;Größenklassen der veräußerten Fläche;FLCHA010B020;1 bis unter 2 ha;16776;EUR/ha;KAU004;Durchschnittlicher Kaufwert
61521;Kaufwerte für landwirtschaftliche Grundstücke;JAHR;Jahr;1998;DINSG;Deutschland insgesamt;DG;Deutschland;EMZKL1;Größenklassen der Ertragsmesszahlen;EMZA60UM;60 und mehr;FLNGK1;Größenklassen der veräußerten Fläche;;Insgesamt;15899;EUR/ha;KAU004;Durchschnittlicher Kaufwert
61521;Kaufwerte für landwirtschaftliche Grundstücke;JAHR;Jahr;2013;DINSG;Deutschland insgesamt;DG;Deutschland;EMZKL1;Größenklassen der Ertragsmesszahlen;EMZA60UM;60 und mehr;FLNGK1;Größenklassen der veräußerten Fläche;FLCHA010B020;1 bis unter 2 ha;26676;EUR/ha;KAU004;Durchschnittlicher Kaufwert
61521;Kaufwerte für landwirtschaftliche Grundstücke;JAHR;Jahr;1991;DINSG;Deutschland insgesamt;DG;Deutschland;EMZKL1;Größenklassen der Ertragsmesszahlen;EMZU30;unter 30;FLNGK1;Größenklassen der veräußerten Fläche;FLCHA050UM;5 und mehr ha;8367;EUR/ha;KAU004;Durchschnittlicher Kaufwert
61521;Kaufwerte für landwirtschaftliche Grundstücke;JAHR;Jahr;2006;DINSG;Deutschland insgesamt;DG;Deutschland;EMZKL1;Größenklassen der Ertragsmesszahlen;EMZA60UM;60 und mehr;FLNGK1;Größenklassen der veräußerten Fläche;FLCHA025B001;0,25 bis unter 1 ha;20402;EUR/ha;KAU004;Durchschnittlicher Kaufwert
61521;Kaufwerte für landwirtschaftliche Grundstücke;JAHR;Jahr;1997;DINSG;Deutschland insgesamt;DG;Deutschland;EMZKL1;Größenklassen der Ertragsmesszahlen;EMZA30B40;30 bis unter 40;FLNGK1;Größenklassen der veräußerten Fläche;FLCHA020B050;2 bis unter 5 ha;11025;EUR/ha;KAU004;Durchschnittlicher Kaufwert
61521;Kaufwerte für landwirtschaftliche Grundstücke;JAHR;Jahr;2015;DINSG;Deutschland insgesamt;DG;Deutschland;EMZKL1;Größenklassen der Ertragsmesszahlen;EMZA30B40;30 bis unter 40;FLNGK1;Größenklassen der veräußerten Fläche;FLCHA001B025;0,1 bis unter 0,25 ha;15651;EUR/ha;KAU004;Durchschnittlicher Kaufwert
61521;Kaufwerte für landwirtschaftliche Grundstücke;JAHR;Jahr;2003;DINSG;Deutschland insgesamt;DG;Deutschland;EMZKL1;Größenklassen der Ertragsmesszahlen;EMZU30;unter 30;FLNGK1;Größenklassen der veräußerten Fläche;FLCHA025B001;0,25 bis unter 1 ha;8876;EUR/ha;KAU004;Durchschnittlicher Kaufwert
61521;Kaufwerte für landwirtschaftliche Grundstücke;JAHR;Jahr;1996;DINSG;Deutschland insgesamt;DG;Deutschland;EMZKL1;Größenklassen der Ertragsmesszahlen;EMZU30;unter 30;FLNGK1;Größenklassen der veräußerten Fläche;FLCHA050UM;5 und mehr ha;6551;EUR/ha;KAU004;Durchschnittlicher Kaufwert
61521;Kaufwerte für landwirtschaftliche Grundstücke;JAHR;Jahr;1995;DINSG;Deutschland insgesamt;DG;Deutschland;EMZKL1;Größenklassen der Ertragsmesszahlen;EMZU30;unter 30;FLNGK1;Größenklassen der veräußerten Fläche;FLCHA050UM;5 und mehr ha;6862;EUR/ha;KAU004;Durchschnittlicher Kaufwert
61521;Kaufwerte für landwirtschaftliche Grundstücke;JAHR;Jahr;1994;DINSG;Deutschland insgesamt;DG;Deutschland;EMZKL1;Größenklassen der Ertragsmesszahlen;EMZU30;unter 30;FLNGK1;Größenklassen der veräußerten Fläche;FLCHA050UM;5 und mehr ha;8700;EUR/ha;KAU004;Durchschnittlicher Kaufwert
61521;Kaufwerte für landwirtschaftliche Grundstücke;JAHR;Jahr;2011;DINSG;Deutschland insgesamt;DG;Deutschland;EMZKL1;Größenklassen der Ertragsmesszahlen;EMZA50B60;50 bis unter 60;FLNGK1;Größenklassen der veräußerten Fläche;FLCHA050UM;5 und mehr ha;18084;EUR/ha;KAU004;Durchschnittlicher Kaufwert
61521;Kaufwerte für landwirtschaftliche Grundstücke;JAHR;Jahr;2013;DINSG;Deutschland insgesamt;DG;Deutschland;EMZKL1;Größenklassen der Ertragsmesszahlen;;Insgesamt;FLNGK1;Größenklassen der veräußerten Fläche;FLCHA025B001;0,25 bis unter 1 ha;16692;EUR/ha;KAU004;Durchschnittlicher Kaufwert
61521;Kaufwerte für landwirtschaftliche Grundstücke;JAHR;Jahr;2004;DINSG;Deutschland insgesamt;DG;Deutschland;EMZKL1;Größenklassen der Ertragsmesszahlen;EMZA60UM;60 und mehr;FLNGK1;Größenklassen der veräußerten Fläche;FLCHA010B020;1 bis unter 2 ha;19165;EUR/ha;KAU004;Durchschnittlicher Kaufwert
61521;Kaufwerte für landwirtschaftliche Grundstücke;JAHR;Jahr;1997;DINSG;Deutschland insgesamt;DG;Deutschland;EMZKL1;Größenklassen der Ertragsmesszahlen;EMZA40B50;40 bis unter 50;FLNGK1;Größenklassen der veräußerten Fläche;FLCHA025B001;0,25 bis unter 1 ha;15343;EUR/ha;KAU004;Durchschnittlicher Kaufwert
61521;Kaufwerte für landwirtschaftliche Grundstücke;JAHR;Jahr;2015;DINSG;Deutschland insgesamt;DG;Deutschland;EMZKL1;Größenklassen der Ertragsmesszahlen;EMZA60UM;60 und mehr;FLNGK1;Größenklassen der veräußerten Fläche;FLCHA025B001;0,25 bis unter 1 ha;26810;EUR/ha;KAU004;Durchschnittlicher Kaufwert
61521;Kaufwerte für landwirtschaftliche Grundstücke;JAHR;Jahr;2014;DINSG;Deutschland insgesamt;DG;Deutschland;EMZKL1;Größenklassen der Ertragsmesszahlen;EMZA40B50;40 bis unter 50;FLNGK1;Größenklassen der veräußerten Fläche;FLCHA025B001;0,25 bis unter 1 ha;18660;EUR/ha;KAU004;Durchschnittlicher Kaufwert
61521;Kaufwerte für landwirtschaftliche Grundstücke;JAHR;Jahr;2014;DINSG;Deutschland insgesamt;DG;Deutschland;EMZKL1;Größenklassen der Ertragsmesszahlen;EMZA30B40;30 bis unter 40;FLNGK1;Größenklassen der veräußerten Fläche;FLCHA020B050;2 bis unter 5 ha;17475;EUR/ha;KAU004;Durchschnittlicher Kaufwert
61521;Kaufwerte für landwirtschaftliche Grundstücke;JAHR;Jahr;2018;DINSG;Deutschland insgesamt;DG;Deutschland;EMZKL1;Größenklassen der Ertragsmesszahlen;EMZA40B50;40 bis unter 50;FLNGK1;Größenklassen der veräußerten Fläche;FLCHA020B050;2 bis unter 5 ha;30938;EUR/ha;KAU004;Durchschnittlicher Kaufwert
61521;Kaufwerte für landwirtschaftliche Grundstücke;JAHR;Jahr;2002;DINSG;Deutschland insgesamt;DG;Deutschland;EMZKL1;Größenklassen der Ertragsmesszahlen;EMZA30B40;30 bis unter 40;FLNGK1;Größenklassen der veräußerten Fläche;FLCHA010B020;1 bis unter 2 ha;9902;EUR/ha;KAU004;Durchschnittlicher Kaufwert
61521;Kaufwerte für landwirtschaftliche Grundstücke;JAHR;Jahr;2002;DINSG;Deutschland insgesamt;DG;Deutschland;EMZKL1;Größenklassen der Ertragsmesszahlen;EMZA40B50;40 bis unter 50;FLNGK1;Größenklassen der veräußerten Fläche;FLCHA020B050;2 bis unter 5 ha;12441;EUR/ha;KAU004;Durchschnittlicher Kaufwert
61521;Kaufwerte für landwirtschaftliche Grundstücke;JAHR;Jahr;1993;DINSG;Deutschland insgesamt;DG;Deutschland;EMZKL1;Größenklassen der Ertragsmesszahlen;EMZA50B60;50 bis unter 60;FLNGK1;Größenklassen der veräußerten Fläche;FLCHA010B020;1 bis unter 2 ha;19371;EUR/ha;KAU004;Durchschnittlicher Kaufwert
61521;Kaufwerte für landwirtschaftliche Grundstücke;JAHR;Jahr;1999;DINSG;Deutschland insgesamt;DG;Deutschland;EMZKL1;Größenklassen der Ertragsmesszahlen;EMZA40B50;40 bis unter 50;FLNGK1;Größenklassen der veräußerten Fläche;;Insgesamt;7744;EUR/ha;KAU004;Durchschnittlicher Kaufwert
61521;Kaufwerte für landwirtschaftliche Grundstücke;JAHR;Jahr;2012;DINSG;Deutschland insgesamt;DG;Deutschland;EMZKL1;Größenklassen der Ertragsmesszahlen;EMZA60UM;60 und mehr;FLNGK1;Größenklassen der veräußerten Fläche;FLCHA001B025;0,1 bis unter 0,25 ha;26902;EUR/ha;KAU004;Durchschnittlicher Kaufwert
61521;Kaufwerte für landwirtschaftliche Grundstücke;JAHR;Jahr;2003;DINSG;Deutschland insgesamt;DG;Deutschland;EMZKL1;Größenklassen der Ertragsmesszahlen;EMZA30B40;30 bis unter 40;FLNGK1;Größenklassen der veräußerten Fläche;FLCHA050UM;5 und mehr ha;5072;EUR/ha;KAU004;Durchschnittlicher Kaufwert
61521;Kaufwerte für landwirtschaftliche Grundstücke;JAHR;Jahr;1995;DINSG;Deutschland insgesamt;DG;Deutschland;EMZKL1;Größenklassen der Ertragsmesszahlen;;Insgesamt;FLNGK1;Größenklassen der veräußerten Fläche;FLCHA050UM;5 und mehr ha;7739;EUR/ha;KAU004;Durchschnittlicher Kaufwert
61521;Kaufwerte für landwirtschaftliche Grundstücke;JAHR;Jahr;1993;DINSG;Deutschland insgesamt;DG;Deutschland;EMZKL1;Größenklassen der Ertragsmesszahlen;EMZA30B40;30 bis unter 40;FLNGK1;Größenklassen der veräußerten Fläche;FLCHA025B001;0,25 bis unter 1 ha;11990;EUR/ha;KAU004;Durchschnittlicher Kaufwert
61521;Kaufwerte für landwirtschaftliche Grundstücke;JAHR;Jahr;1991;DINSG;Deutschland insgesamt;DG;Deutschland;EMZKL1;Größenklassen der Ertragsmesszahlen;EMZA30B40;30 bis unter 40;FLNGK1;Größenklassen der veräußerten Fläche;FLCHA010B020;1 bis unter 2 ha;13215;EUR/ha;KAU004;Durchschnittlicher Kaufwert
61521;Kaufwerte für landwirtschaftliche Grundstücke;JAHR;Jahr;2010;DINSG;Deutschland insgesamt;DG;Deutschland;EMZKL1;Größenklassen der Ertragsmesszahlen;EMZA40B50;40 bis unter 50;FLNGK1;Größenklassen der veräußerten Fläche;FLCHA025B001;0,25 bis unter 1 ha;13216;EUR/ha;KAU004;Durchschnittlicher Kaufwert
61521;Kaufwerte für landwirtschaftliche Grundstücke;JAHR;Jahr;2000;DINSG;Deutschland insgesamt;DG;Deutschland;EMZKL1;Größenklassen der Ertragsmesszahlen;EMZA30B40;30 bis unter 40;FLNGK1;Größenklassen der veräußerten Fläche;FLCHA001B025;0,1 bis unter 0,25 ha;13258;EUR/ha;KAU004;Durchschnittlicher Kaufwert
61521;Kaufwerte für landwirtschaftliche Grundstücke;JAHR;Jahr;2008;DINSG;Deutschland insgesamt;DG;Deutschland;EMZKL1;Größenklassen der Ertragsmesszahlen;EMZA50B60;50 bis unter 60;FLNGK1;Größenklassen der veräußerten Fläche;FLCHA025B001;0,25 bis unter 1 ha;16364;EUR/ha;KAU004;Durchschnittlicher Kaufwert
61521;Kaufwerte für landwirtschaftliche Grundstücke;JAHR;Jahr;1991;DINSG;Deutschland insgesamt;DG;Deutschland;EMZKL1;Größenklassen der Ertragsmesszahlen;EMZA50B60;50 bis unter 60;FLNGK1;Größenklassen der veräußerten Fläche;FLCHA001B025;0,1 bis unter 0,25 ha;25269;EUR/ha;KAU004;Durchschnittlicher Kaufwert
61521;Kaufwerte für landwirtschaftliche Grundstücke;JAHR;Jahr;2004;DINSG;Deutschland insgesamt;DG;Deutschland;EMZKL1;Größenklassen der Ertragsmesszahlen;EMZA30B40;30 bis unter 40;FLNGK1;Größenklassen der veräußerten Fläche;FLCHA025B001;0,25 bis unter 1 ha;9775;EUR/ha;KAU004;Durchschnittlicher Kaufwert
61521;Kaufwerte für landwirtschaftliche Grundstücke;JAHR;Jahr;2002;DINSG;Deutschland insgesamt;DG;Deutschland;EMZKL1;Größenklassen der Ertragsmesszahlen;EMZA50B60;50 bis unter 60;FLNGK1;Größenklassen der veräußerten Fläche;FLCHA001B025;0,1 bis unter 0,25 ha;23956;EUR/ha;KAU004;Durchschnittlicher Kaufwert
61521;Kaufwerte für landwirtschaftliche Grundstücke;JAHR;Jahr;1997;DINSG;Deutschland insgesamt;DG;Deutschland;EMZKL1;Größenklassen der Ertragsmesszahlen;EMZA50B60;50 bis unter 60;FLNGK1;Größenklassen der veräußerten Fläche;FLCHA025B001;0,25 bis unter 1 ha;19041;EUR/ha;KAU004;Durchschnittlicher Kaufwert
61521;Kaufwerte für landwirtschaftliche Grundstücke;JAHR;Jahr;2006;DINSG;Deutschland insgesamt;DG;Deutschland;EMZKL1;Größenklassen der Ertragsmesszahlen;EMZA30B40;30 bis unter 40;FLNGK1;Größenklassen der veräußerten Fläche;FLCHA025B001;0,25 bis unter 1 ha;9130;EUR/ha;KAU004;Durchschnittlicher Kaufwert
61521;Kaufwerte für landwirtschaftliche Grundstücke;JAHR;Jahr;2007;DINSG;Deutschland insgesamt;DG;Deutschland;EMZKL1;Größenklassen der Ertragsmesszahlen;EMZA30B40;30 bis unter 40;FLNGK1;Größenklassen der veräußerten Fläche;;Insgesamt;6557;EUR/ha;KAU004;Durchschnittlicher Kaufwert
61521;Kaufwerte für landwirtschaftliche Grundstücke;JAHR;Jahr;2001;DINSG;Deutschland insgesamt;DG;Deutschland;EMZKL1;Größenklassen der Ertragsmesszahlen;EMZA60UM;60 und mehr;FLNGK1;Größenklassen der veräußerten Fläche;;Insgesamt;15891;EUR/ha;KAU004;Durchschnittlicher Kaufwert
61521;Kaufwerte für landwirtschaftliche Grundstücke;JAHR;Jahr;1992;DINSG;Deutschland insgesamt;DG;Deutschland;EMZKL1;Größenklassen der Ertragsmesszahlen;EMZA30B40;30 bis unter 40;FLNGK1;Größenklassen der veräußerten Fläche;FLCHA010B020;1 bis unter 2 ha;12560;EUR/ha;KAU004;Durchschnittlicher Kaufwert
61521;Kaufwerte für landwirtschaftliche Grundstücke;JAHR;Jahr;2010;DINSG;Deutschland insgesamt;DG;Deutschland;EMZKL1;Größenklassen der Ertragsmesszahlen;EMZA30B40;30 bis unter 40;FLNGK1;Größenklassen der veräußerten Fläche;;Insgesamt;9471;EUR/ha;KAU004;Durchschnittlicher Kaufwert
61521;Kaufwerte für landwirtschaftliche Grundstücke;JAHR;Jahr;2009;DINSG;Deutschland insgesamt;DG;Deutschland;EMZKL1;Größenklassen der Ertragsmesszahlen;;Insgesamt;FLNGK1;Größenklassen der veräußerten Fläche;;Insgesamt;10908;EUR/ha;KAU004;Durchschnittlicher Kaufwert
61521;Kaufwerte für landwirtschaftliche Grundstücke;JAHR;Jahr;2012;DINSG;Deutschland insgesamt;DG;Deutschland;EMZKL1;Größenklassen der Ertragsmesszahlen;EMZA40B50;40 bis unter 50;FLNGK1;Größenklassen der veräußerten Fläche;FLCHA025B001;0,25 bis unter 1 ha;15298;EUR/ha;KAU004;Durchschnittlicher Kaufwert
61521;Kaufwerte für landwirtschaftliche Grundstücke;JAHR;Jahr;2020;DINSG;Deutschland insgesamt;DG;Deutschland;EMZKL1;Größenklassen der Ertragsmesszahlen;EMZU30;unter 30;FLNGK1;Größenklassen der veräußerten Fläche;FLCHA020B050;2 bis unter 5 ha;26396;EUR/ha;KAU004;Durchschnittlicher Kaufwert
61521;Kaufwerte für landwirtschaftliche Grundstücke;JAHR;Jahr;2010;DINSG;Deutschland insgesamt;DG;Deutschland;EMZKL1;Größenklassen der Ertragsmesszahlen;EMZA40B50;40 bis unter 50;FLNGK1;Größenklassen der veräußerten Fläche;FLCHA010B020;1 bis unter 2 ha;14191;EUR/ha;KAU004;Durchschnittlicher Kaufwert
61521;Kaufwerte für landwirtschaftliche Grundstücke;JAHR;Jahr;1991;DINSG;Deutschland insgesamt;DG;Deutschland;EMZKL1;Größenklassen der Ertragsmesszahlen;EMZA30B40;30 bis unter 40;FLNGK1;Größenklassen der veräußerten Fläche;FLCHA025B001;0,25 bis unter 1 ha;13122;EUR/ha;KAU004;Durchschnittlicher Kaufwert
61521;Kaufwerte für landwirtschaftliche Grundstücke;JAHR;Jahr;2008;DINSG;Deutschland insgesamt;DG;Deutschland;EMZKL1;Größenklassen der Ertragsmesszahlen;EMZU30;unter 30;FLNGK1;Größenklassen der veräußerten Fläche;FLCHA025B001;0,25 bis unter 1 ha;8172;EUR/ha;KAU004;Durchschnittlicher Kaufwert
61521;Kaufwerte für landwirtschaftliche Grundstücke;JAHR;Jahr;1994;DINSG;Deutschland insgesamt;DG;Deutschland;EMZKL1;Größenklassen der Ertragsmesszahlen;EMZA30B40;30 bis unter 40;FLNGK1;Größenklassen der veräußerten Fläche;FLCHA025B001;0,25 bis unter 1 ha;12441;EUR/ha;KAU004;Durchschnittlicher Kaufwert
61521;Kaufwerte für landwirtschaftliche Grundstücke;JAHR;Jahr;2002;DINSG;Deutschland insgesamt;DG;Deutschland;EMZKL1;Größenklassen der Ertragsmesszahlen;EMZA30B40;30 bis unter 40;FLNGK1;Größenklassen der veräußerten Fläche;FLCHA050UM;5 und mehr ha;5392;EUR/ha;KAU004;Durchschnittlicher Kaufwert
61521;Kaufwerte für landwirtschaftliche Grundstücke;JAHR;Jahr;1991;DINSG;Deutschland insgesamt;DG;Deutschland;EMZKL1;Größenklassen der Ertragsmesszahlen;EMZA40B50;40 bis unter 50;FLNGK1;Größenklassen der veräußerten Fläche;;Insgesamt;11989;EUR/ha;KAU004;Durchschnittlicher Kaufwert
61521;Kaufwerte für landwirtschaftliche Grundstücke;JAHR;Jahr;2002;DINSG;Deutschland insgesamt;DG;Deutschland;EMZKL1;Größenklassen der Ertragsmesszahlen;EMZA30B40;30 bis unter 40;FLNGK1;Größenklassen der veräußerten Fläche;FLCHA025B001;0,25 bis unter 1 ha;10805;EUR/ha;KAU004;Durchschnittlicher Kaufwert
61521;Kaufwerte für landwirtschaftliche Grundstücke;JAHR;Jahr;2006;DINSG;Deutschland insgesamt;DG;Deutschland;EMZKL1;Größenklassen der Ertragsmesszahlen;EMZA50B60;50 bis unter 60;FLNGK1;Größenklassen der veräußerten Fläche;FLCHA001B025;0,1 bis unter 0,25 ha;24222;EUR/ha;KAU004;Durchschnittlicher Kaufwert
61521;Kaufwerte für landwirtschaftliche Grundstücke;JAHR;Jahr;2001;DINSG;Deutschland insgesamt;DG;Deutschland;EMZKL1;Größenklassen der Ertragsmesszahlen;EMZA30B40;30 bis unter 40;FLNGK1;Größenklassen der veräußerten Fläche;FLCHA001B025;0,1 bis unter 0,25 ha;13670;EUR/ha;KAU004;Durchschnittlicher Kaufwert
61521;Kaufwerte für landwirtschaftliche Grundstücke;JAHR;Jahr;2004;DINSG;Deutschland insgesamt;DG;Deutschland;EMZKL1;Größenklassen der Ertragsmesszahlen;EMZA50B60;50 bis unter 60;FLNGK1;Größenklassen der veräußerten Fläche;FLCHA010B020;1 bis unter 2 ha;16279;EUR/ha;KAU004;Durchschnittlicher Kaufwert
61521;Kaufwerte für landwirtschaftliche Grundstücke;JAHR;Jahr;1993;DINSG;Deutschland insgesamt;DG;Deutschland;EMZKL1;Größenklassen der Ertragsmesszahlen;EMZA50B60;50 bis unter 60;FLNGK1;Größenklassen der veräußerten Fläche;FLCHA025B001;0,25 bis unter 1 ha;19794;EUR/ha;KAU004;Durchschnittlicher Kaufwert
61521;Kaufwerte für landwirtschaftliche Grundstücke;JAHR;Jahr;1998;DINSG;Deutschland insgesamt;DG;Deutschland;EMZKL1;Größenklassen der Ertragsmesszahlen;;Insgesamt;FLNGK1;Größenklassen der veräußerten Fläche;FLCHA010B020;1 bis unter 2 ha;14814;EUR/ha;KAU004;Durchschnittlicher Kaufwert
61521;Kaufwerte für landwirtschaftliche Grundstücke;JAHR;Jahr;2002;DINSG;Deutschland insgesamt;DG;Deutschland;EMZKL1;Größenklassen der Ertragsmesszahlen;EMZA60UM;60 und mehr;FLNGK1;Größenklassen der veräußerten Fläche;FLCHA010B020;1 bis unter 2 ha;18781;EUR/ha;KAU004;Durchschnittlicher Kaufwert
61521;Kaufwerte für landwirtschaftliche Grundstücke;JAHR;Jahr;1999;DINSG;Deutschland insgesamt;DG;Deutschland;EMZKL1;Größenklassen der Ertragsmesszahlen;EMZA50B60;50 bis unter 60;FLNGK1;Größenklassen der veräußerten Fläche;FLCHA025B001;0,25 bis unter 1 ha;18981;EUR/ha;KAU004;Durchschnittlicher Kaufwert
61521;Kaufwerte für landwirtschaftliche Grundstücke;JAHR;Jahr;2007;DINSG;Deutschland insgesamt;DG;Deutschland;EMZKL1;Größenklassen der Ertragsmesszahlen;EMZA60UM;60 und mehr;FLNGK1;Größenklassen der veräußerten Fläche;FLCHA001B025;0,1 bis unter 0,25 ha;27367;EUR/ha;KAU004;Durchschnittlicher Kaufwert
61521;Kaufwerte für landwirtschaftliche Grundstücke;JAHR;Jahr;1994;DINSG;Deutschland insgesamt;DG;Deutschland;EMZKL1;Größenklassen der Ertragsmesszahlen;EMZA40B50;40 bis unter 50;FLNGK1;Größenklassen der veräußerten Fläche;FLCHA020B050;2 bis unter 5 ha;13660;EUR/ha;KAU004;Durchschnittlicher Kaufwert
61521;Kaufwerte für landwirtschaftliche Grundstücke;JAHR;Jahr;1998;DINSG;Deutschland insgesamt;DG;Deutschland;EMZKL1;Größenklassen der Ertragsmesszahlen;;Insgesamt;FLNGK1;Größenklassen der veräußerten Fläche;;Insgesamt;9500;EUR/ha;KAU004;Durchschnittlicher Kaufwert
61521;Kaufwerte für landwirtschaftliche Grundstücke;JAHR;Jahr;2015;DINSG;Deutschland insgesamt;DG;Deutschland;EMZKL1;Größenklassen der Ertragsmesszahlen;EMZA60UM;60 und mehr;FLNGK1;Größenklassen der veräußerten Fläche;FLCHA020B050;2 bis unter 5 ha;28714;EUR/ha;KAU004;Durchschnittlicher Kaufwert
61521;Kaufwerte für landwirtschaftliche Grundstücke;JAHR;Jahr;2010;DINSG;Deutschland insgesamt;DG;Deutschland;EMZKL1;Größenklassen der Ertragsmesszahlen;EMZA40B50;40 bis unter 50;FLNGK1;Größenklassen der veräußerten Fläche;;Insgesamt;12525;EUR/ha;KAU004;Durchschnittlicher Kaufwert
61521;Kaufwerte für landwirtschaftliche Grundstücke;JAHR;Jahr;2005;DINSG;Deutschland insgesamt;DG;Deutschland;EMZKL1;Größenklassen der Ertragsmesszahlen;EMZA40B50;40 bis unter 50;FLNGK1;Größenklassen der veräußerten Fläche;FLCHA020B050;2 bis unter 5 ha;11020;EUR/ha;KAU004;Durchschnittlicher Kaufwert
61521;Kaufwerte für landwirtschaftliche Grundstücke;JAHR;Jahr;2011;DINSG;Deutschland insgesamt;DG;Deutschland;EMZKL1;Größenklassen der Ertragsmesszahlen;EMZA50B60;50 bis unter 60;FLNGK1;Größenklassen der veräußerten Fläche;FLCHA020B050;2 bis unter 5 ha;19374;EUR/ha;KAU004;Durchschnittlicher Kaufwert
61521;Kaufwerte für landwirtschaftliche Grundstücke;JAHR;Jahr;2010;DINSG;Deutschland insgesamt;DG;Deutschland;EMZKL1;Größenklassen der Ertragsmesszahlen;EMZA60UM;60 und mehr;FLNGK1;Größenklassen der veräußerten Fläche;;Insgesamt;18377;EUR/ha;KAU004;Durchschnittlicher Kaufwert
61521;Kaufwerte für landwirtschaftliche Grundstücke;JAHR;Jahr;1999;DINSG;Deutschland insgesamt;DG;Deutschland;EMZKL1;Größenklassen der Ertragsmesszahlen;EMZA30B40;30 bis unter 40;FLNGK1;Größenklassen der veräußerten Fläche;;Insgesamt;6514;EUR/ha;KAU004;Durchschnittlicher Kaufwert
61521;Kaufwerte für landwirtschaftliche Grundstücke;JAHR;Jahr;2009;DINSG;Deutschland insgesamt;DG;Deutschland;EMZKL1;Größenklassen der Ertragsmesszahlen;EMZA30B40;30 bis unter 40;FLNGK1;Größenklassen der veräußerten Fläche;FLCHA025B001;0,25 bis unter 1 ha;9608;EUR/ha;KAU004;Durchschnittlicher Kaufwert
61521;Kaufwerte für landwirtschaftliche Grundstücke;JAHR;Jahr;1995;DINSG;Deutschland insgesamt;DG;Deutschland;EMZKL1;Größenklassen der Ertragsmesszahlen;EMZA60UM;60 und mehr;FLNGK1;Größenklassen der veräußerten Fläche;FLCHA025B001;0,25 bis unter 1 ha;22661;EUR/ha;KAU004;Durchschnittlicher Kaufwert
61521;Kaufwerte für landwirtschaftliche Grundstücke;JAHR;Jahr;1991;DINSG;Deutschland insgesamt;DG;Deutschland;EMZKL1;Größenklassen der Ertragsmesszahlen;EMZA30B40;30 bis unter 40;FLNGK1;Größenklassen der veräußerten Fläche;;Insgesamt;10299;EUR/ha;KAU004;Durchschnittlicher Kaufwert
61521;Kaufwerte für landwirtschaftliche Grundstücke;JAHR;Jahr;2018;DINSG;Deutschland insgesamt;DG;Deutschland;EMZKL1;Größenklassen der Ertragsmesszahlen;EMZA40B50;40 bis unter 50;FLNGK1;Größenklassen der veräußerten Fläche;;Insgesamt;26123;EUR/ha;KAU004;Durchschnittlicher Kaufwert
61521;Kaufwerte für landwirtschaftliche Grundstücke;JAHR;Jahr;1996;DINSG;Deutschland insgesamt;DG;Deutschland;EMZKL1;Größenklassen der Ertragsmesszahlen;EMZA50B60;50 bis unter 60;FLNGK1;Größenklassen der veräußerten Fläche;FLCHA001B025;0,1 bis unter 0,25 ha;25236;EUR/ha;KAU004;Durchschnittlicher Kaufwert
61521;Kaufwerte für landwirtschaftliche Grundstücke;JAHR;Jahr;1998;DINSG;Deutschland insgesamt;DG;Deutschland;EMZKL1;Größenklassen der Ertragsmesszahlen;EMZA30B40;30 bis unter 40;FLNGK1;Größenklassen der veräußerten Fläche;FLCHA025B001;0,25 bis unter 1 ha;11692;EUR/ha;KAU004;Durchschnittlicher Kaufwert
61521;Kaufwerte für landwirtschaftliche Grundstücke;JAHR;Jahr;2001;DINSG;Deutschland insgesamt;DG;Deutschland;EMZKL1;Größenklassen der Ertragsmesszahlen;EMZA30B40;30 bis unter 40;FLNGK1;Größenklassen der veräußerten Fläche;FLCHA050UM;5 und mehr ha;4999;EUR/ha;KAU004;Durchschnittlicher Kaufwert
61521;Kaufwerte für landwirtschaftliche Grundstücke;JAHR;Jahr;2008;DINSG;Deutschland insgesamt;DG;Deutschland;EMZKL1;Größenklassen der Ertragsmesszahlen;EMZA60UM;60 und mehr;FLNGK1;Größenklassen der veräußerten Fläche;;Insgesamt;16454;EUR/ha;KAU004;Durchschnittlicher Kaufwert
61521;Kaufwerte für landwirtschaftliche Grundstücke;JAHR;Jahr;2007;DINSG;Deutschland insgesamt;DG;Deutschland;EMZKL1;Größenklassen der Ertragsmesszahlen;EMZA30B40;30 bis unter 40;FLNGK1;Größenklassen der veräußerten Fläche;FLCHA010B020;1 bis unter 2 ha;8958;EUR/ha;KAU004;Durchschnittlicher Kaufwert
61521;Kaufwerte für landwirtschaftliche Grundstücke;JAHR;Jahr;2005;DINSG;Deutschland insgesamt;DG;Deutschland;EMZKL1;Größenklassen der Ertragsmesszahlen;EMZA30B40;30 bis unter 40;FLNGK1;Größenklassen der veräußerten Fläche;FLCHA001B025;0,1 bis unter 0,25 ha;12501;EUR/ha;KAU004;Durchschnittlicher Kaufwert
61521;Kaufwerte für landwirtschaftliche Grundstücke;JAHR;Jahr;2006;DINSG;Deutschland insgesamt;DG;Deutschland;EMZKL1;Größenklassen der Ertragsmesszahlen;EMZA50B60;50 bis unter 60;FLNGK1;Größenklassen der veräußerten Fläche;FLCHA010B020;1 bis unter 2 ha;15383;EUR/ha;KAU004;Durchschnittlicher Kaufwert
61521;Kaufwerte für landwirtschaftliche Grundstücke;JAHR;Jahr;1993;DINSG;Deutschland insgesamt;DG;Deutschland;EMZKL1;Größenklassen der Ertragsmesszahlen;EMZA50B60;50 bis unter 60;FLNGK1;Größenklassen der veräußerten Fläche;FLCHA001B025;0,1 bis unter 0,25 ha;23279;EUR/ha;KAU004;Durchschnittlicher Kaufwert
61521;Kaufwerte für landwirtschaftliche Grundstücke;JAHR;Jahr;1991;DINSG;Deutschland insgesamt;DG;Deutschland;EMZKL1;Größenklassen der Ertragsmesszahlen;EMZA50B60;50 bis unter 60;FLNGK1;Größenklassen der veräußerten Fläche;FLCHA025B001;0,25 bis unter 1 ha;21469;EUR/ha;KAU004;Durchschnittlicher Kaufwert
61521;Kaufwerte für landwirtschaftliche Grundstücke;JAHR;Jahr;1995;DINSG;Deutschland insgesamt;DG;Deutschland;EMZKL1;Größenklassen der Ertragsmesszahlen;EMZA50B60;50 bis unter 60;FLNGK1;Größenklassen der veräußerten Fläche;FLCHA010B020;1 bis unter 2 ha;19863;EUR/ha;KAU004;Durchschnittlicher Kaufwert
61521;Kaufwerte für landwirtschaftliche Grundstücke;JAHR;Jahr;2000;DINSG;Deutschland insgesamt;DG;Deutschland;EMZKL1;Größenklassen der Ertragsmesszahlen;EMZA30B40;30 bis unter 40;FLNGK1;Größenklassen der veräußerten Fläche;FLCHA025B001;0,25 bis unter 1 ha;10573;EUR/ha;KAU004;Durchschnittlicher Kaufwert
61521;Kaufwerte für landwirtschaftliche Grundstücke;JAHR;Jahr;2004;DINSG;Deutschland insgesamt;DG;Deutschland;EMZKL1;Größenklassen der Ertragsmesszahlen;EMZA50B60;50 bis unter 60;FLNGK1;Größenklassen der veräußerten Fläche;FLCHA001B025;0,1 bis unter 0,25 ha;21636;EUR/ha;KAU004;Durchschnittlicher Kaufwert
61521;Kaufwerte für landwirtschaftliche Grundstücke;JAHR;Jahr;2004;DINSG;Deutschland insgesamt;DG;Deutschland;EMZKL1;Größenklassen der Ertragsmesszahlen;EMZA30B40;30 bis unter 40;FLNGK1;Größenklassen der veräußerten Fläche;FLCHA010B020;1 bis unter 2 ha;9569;EUR/ha;KAU004;Durchschnittlicher Kaufwert
61521;Kaufwerte für landwirtschaftliche Grundstücke;JAHR;Jahr;2001;DINSG;Deutschland insgesamt;DG;Deutschland;EMZKL1;Größenklassen der Ertragsmesszahlen;EMZA50B60;50 bis unter 60;FLNGK1;Größenklassen der veräußerten Fläche;;Insgesamt;13110;EUR/ha;KAU004;Durchschnittlicher Kaufwert
61521;Kaufwerte für landwirtschaftliche Grundstücke;JAHR;Jahr;1992;DINSG;Deutschland insgesamt;DG;Deutschland;EMZKL1;Größenklassen der Ertragsmesszahlen;EMZA60UM;60 und mehr;FLNGK1;Größenklassen der veräußerten Fläche;FLCHA020B050;2 bis unter 5 ha;19368;EUR/ha;KAU004;Durchschnittlicher Kaufwert
61521;Kaufwerte für landwirtschaftliche Grundstücke;JAHR;Jahr;2018;DINSG;Deutschland insgesamt;DG;Deutschland;EMZKL1;Größenklassen der Ertragsmesszahlen;;Insgesamt;FLNGK1;Größenklassen der veräußerten Fläche;FLCHA050UM;5 und mehr ha;23209;EUR/ha;KAU004;Durchschnittlicher Kaufwert
61521;Kaufwerte für landwirtschaftliche Grundstücke;JAHR;Jahr;1991;DINSG;Deutschland insgesamt;DG;Deutschland;EMZKL1;Größenklassen der Ertragsmesszahlen;EMZA60UM;60 und mehr;FLNGK1;Größenklassen der veräußerten Fläche;;Insgesamt;20773;EUR/ha;KAU004;Durchschnittlicher Kaufwert
61521;Kaufwerte für landwirtschaftliche Grundstücke;JAHR;Jahr;2009;DINSG;Deutschland insgesamt;DG;Deutschland;EMZKL1;Größenklassen der Ertragsmesszahlen;EMZA50B60;50 bis unter 60;FLNGK1;Größenklassen der veräußerten Fläche;;Insgesamt;15106;EUR/ha;KAU004;Durchschnittlicher Kaufwert
61521;Kaufwerte für landwirtschaftliche Grundstücke;JAHR;Jahr;1996;DINSG;Deutschland insgesamt;DG;Deutschland;EMZKL1;Größenklassen der Ertragsmesszahlen;EMZA30B40;30 bis unter 40;FLNGK1;Größenklassen der veräußerten Fläche;FLCHA010B020;1 bis unter 2 ha;12058;EUR/ha;KAU004;Durchschnittlicher Kaufwert
61521;Kaufwerte für landwirtschaftliche Grundstücke;JAHR;Jahr;2013;DINSG;Deutschland insgesamt;DG;Deutschland;EMZKL1;Größenklassen der Ertragsmesszahlen;EMZA60UM;60 und mehr;FLNGK1;Größenklassen der veräußerten Fläche;FLCHA025B001;0,25 bis unter 1 ha;23957;EUR/ha;KAU004;Durchschnittlicher Kaufwert
61521;Kaufwerte für landwirtschaftliche Grundstücke;JAHR;Jahr;2018;DINSG;Deutschland insgesamt;DG;Deutschland;EMZKL1;Größenklassen der Ertragsmesszahlen;EMZA60UM;60 und mehr;FLNGK1;Größenklassen der veräußerten Fläche;FLCHA010B020;1 bis unter 2 ha;38039;EUR/ha;KAU004;Durchschnittlicher Kaufwert
61521;Kaufwerte für landwirtschaftliche Grundstücke;JAHR;Jahr;2018;DINSG;Deutschland insgesamt;DG;Deutschland;EMZKL1;Größenklassen der Ertragsmesszahlen;;Insgesamt;FLNGK1;Größenklassen der veräußerten Fläche;FLCHA001B025;0,1 bis unter 0,25 ha;24464;EUR/ha;KAU004;Durchschnittlicher Kaufwert
61521;Kaufwerte für landwirtschaftliche Grundstücke;JAHR;Jahr;2001;DINSG;Deutschland insgesamt;DG;Deutschland;EMZKL1;Größenklassen der Ertragsmesszahlen;EMZA50B60;50 bis unter 60;FLNGK1;Größenklassen der veräußerten Fläche;FLCHA025B001;0,25 bis unter 1 ha;17628;EUR/ha;KAU004;Durchschnittlicher Kaufwert
61521;Kaufwerte für landwirtschaftliche Grundstücke;JAHR;Jahr;1998;DINSG;Deutschland insgesamt;DG;Deutschland;EMZKL1;Größenklassen der Ertragsmesszahlen;EMZA50B60;50 bis unter 60;FLNGK1;Größenklassen der veräußerten Fläche;FLCHA001B025;0,1 bis unter 0,25 ha;23707;EUR/ha;KAU004;Durchschnittlicher Kaufwert
61521;Kaufwerte für landwirtschaftliche Grundstücke;JAHR;Jahr;1995;DINSG;Deutschland insgesamt;DG;Deutschland;EMZKL1;Größenklassen der Ertragsmesszahlen;;Insgesamt;FLNGK1;Größenklassen der veräußerten Fläche;FLCHA001B025;0,1 bis unter 0,25 ha;23042;EUR/ha;KAU004;Durchschnittlicher Kaufwert
61521;Kaufwerte für landwirtschaftliche Grundstücke;JAHR;Jahr;2017;DINSG;Deutschland insgesamt;DG;Deutschland;EMZKL1;Größenklassen der Ertragsmesszahlen;EMZA40B50;40 bis unter 50;FLNGK1;Größenklassen der veräußerten Fläche;FLCHA025B001;0,25 bis unter 1 ha;24378;EUR/ha;KAU004;Durchschnittlicher Kaufwert
61521;Kaufwerte für landwirtschaftliche Grundstücke;JAHR;Jahr;1995;DINSG;Deutschland insgesamt;DG;Deutschland;EMZKL1;Größenklassen der Ertragsmesszahlen;EMZA60UM;60 und mehr;FLNGK1;Größenklassen der veräußerten Fläche;FLCHA010B020;1 bis unter 2 ha;20900;EUR/ha;KAU004;Durchschnittlicher Kaufwert
61521;Kaufwerte für landwirtschaftliche Grundstücke;JAHR;Jahr;1996;DINSG;Deutschland insgesamt;DG;Deutschland;EMZKL1;Größenklassen der Ertragsmesszahlen;EMZA30B40;30 bis unter 40;FLNGK1;Größenklassen der veräußerten Fläche;FLCHA001B025;0,1 bis unter 0,25 ha;16809;EUR/ha;KAU004;Durchschnittlicher Kaufwert
61521;Kaufwerte für landwirtschaftliche Grundstücke;JAHR;Jahr;2000;DINSG;Deutschland insgesamt;DG;Deutschland;EMZKL1;Größenklassen der Ertragsmesszahlen;EMZA50B60;50 bis unter 60;FLNGK1;Größenklassen der veräußerten Fläche;FLCHA050UM;5 und mehr ha;9896;EUR/ha;KAU004;Durchschnittlicher Kaufwert
61521;Kaufwerte für landwirtschaftliche Grundstücke;JAHR;Jahr;2015;DINSG;Deutschland insgesamt;DG;Deutschland;EMZKL1;Größenklassen der Ertragsmesszahlen;EMZU30;unter 30;FLNGK1;Größenklassen der veräußerten Fläche;FLCHA050UM;5 und mehr ha;13665;EUR/ha;KAU004;Durchschnittlicher Kaufwert
61521;Kaufwerte für landwirtschaftliche Grundstücke;JAHR;Jahr;2013;DINSG;Deutschland insgesamt;DG;Deutschland;EMZKL1;Größenklassen der Ertragsmesszahlen;EMZU30;unter 30;FLNGK1;Größenklassen der veräußerten Fläche;FLCHA050UM;5 und mehr ha;10119;EUR/ha;KAU004;Durchschnittlicher Kaufwert
61521;Kaufwerte für landwirtschaftliche Grundstücke;JAHR;Jahr;2018;DINSG;Deutschland insgesamt;DG;Deutschland;EMZKL1;Größenklassen der Ertragsmesszahlen;EMZA60UM;60 und mehr;FLNGK1;Größenklassen der veräußerten Fläche;FLCHA050UM;5 und mehr ha;35598;EUR/ha;KAU004;Durchschnittlicher Kaufwert
61521;Kaufwerte für landwirtschaftliche Grundstücke;JAHR;Jahr;2015;DINSG;Deutschland insgesamt;DG;Deutschland;EMZKL1;Größenklassen der Ertragsmesszahlen;EMZA40B50;40 bis unter 50;FLNGK1;Größenklassen der veräußerten Fläche;FLCHA010B020;1 bis unter 2 ha;24339;EUR/ha;KAU004;Durchschnittlicher Kaufwert
61521;Kaufwerte für landwirtschaftliche Grundstücke;JAHR;Jahr;2011;DINSG;Deutschland insgesamt;DG;Deutschland;EMZKL1;Größenklassen der Ertragsmesszahlen;EMZA40B50;40 bis unter 50;FLNGK1;Größenklassen der veräußerten Fläche;FLCHA001B025;0,1 bis unter 0,25 ha;16968;EUR/ha;KAU004;Durchschnittlicher Kaufwert
61521;Kaufwerte für landwirtschaftliche Grundstücke;JAHR;Jahr;2002;DINSG;Deutschland insgesamt;DG;Deutschland;EMZKL1;Größenklassen der Ertragsmesszahlen;EMZA60UM;60 und mehr;FLNGK1;Größenklassen der veräußerten Fläche;FLCHA025B001;0,25 bis unter 1 ha;20194;EUR/ha;KAU004;Durchschnittlicher Kaufwert
61521;Kaufwerte für landwirtschaftliche Grundstücke;JAHR;Jahr;1994;DINSG;Deutschland insgesamt;DG;Deutschland;EMZKL1;Größenklassen der Ertragsmesszahlen;EMZA30B40;30 bis unter 40;FLNGK1;Größenklassen der veräußerten Fläche;FLCHA001B025;0,1 bis unter 0,25 ha;15499;EUR/ha;KAU004;Durchschnittlicher Kaufwert
61521;Kaufwerte für landwirtschaftliche Grundstücke;JAHR;Jahr;2009;DINSG;Deutschland insgesamt;DG;Deutschland;EMZKL1;Größenklassen der Ertragsmesszahlen;EMZA30B40;30 bis unter 40;FLNGK1;Größenklassen der veräußerten Fläche;FLCHA010B020;1 bis unter 2 ha;10055;EUR/ha;KAU004;Durchschnittlicher Kaufwert
61521;Kaufwerte für landwirtschaftliche Grundstücke;JAHR;Jahr;2012;DINSG;Deutschland insgesamt;DG;Deutschland;EMZKL1;Größenklassen der Ertragsmesszahlen;EMZU30;unter 30;FLNGK1;Größenklassen der veräußerten Fläche;FLCHA020B050;2 bis unter 5 ha;13459;EUR/ha;KAU004;Durchschnittlicher Kaufwert
61521;Kaufwerte für landwirtschaftliche Grundstücke;JAHR;Jahr;2018;DINSG;Deutschland insgesamt;DG;Deutschland;EMZKL1;Größenklassen der Ertragsmesszahlen;EMZA60UM;60 und mehr;FLNGK1;Größenklassen der veräußerten Fläche;FLCHA001B025;0,1 bis unter 0,25 ha;36985;EUR/ha;KAU004;Durchschnittlicher Kaufwert
61521;Kaufwerte für landwirtschaftliche Grundstücke;JAHR;Jahr;1993;DINSG;Deutschland insgesamt;DG;Deutschland;EMZKL1;Größenklassen der Ertragsmesszahlen;EMZA50B60;50 bis unter 60;FLNGK1;Größenklassen der veräußerten Fläche;;Insgesamt;14899;EUR/ha;KAU004;Durchschnittlicher Kaufwert
61521;Kaufwerte für landwirtschaftliche Grundstücke;JAHR;Jahr;2011;DINSG;Deutschland insgesamt;DG;Deutschland;EMZKL1;Größenklassen der Ertragsmesszahlen;;Insgesamt;FLNGK1;Größenklassen der veräußerten Fläche;FLCHA020B050;2 bis unter 5 ha;15135;EUR/ha;KAU004;Durchschnittlicher Kaufwert
61521;Kaufwerte für landwirtschaftliche Grundstücke;JAHR;Jahr;2007;DINSG;Deutschland insgesamt;DG;Deutschland;EMZKL1;Größenklassen der Ertragsmesszahlen;EMZA40B50;40 bis unter 50;FLNGK1;Größenklassen der veräußerten Fläche;FLCHA020B050;2 bis unter 5 ha;11829;EUR/ha;KAU004;Durchschnittlicher Kaufwert
61521;Kaufwerte für landwirtschaftliche Grundstücke;JAHR;Jahr;1998;DINSG;Deutschland insgesamt;DG;Deutschland;EMZKL1;Größenklassen der Ertragsmesszahlen;;Insgesamt;FLNGK1;Größenklassen der veräußerten Fläche;FLCHA025B001;0,25 bis unter 1 ha;15435;EUR/ha;KAU004;Durchschnittlicher Kaufwert
61521;Kaufwerte für landwirtschaftliche Grundstücke;JAHR;Jahr;2004;DINSG;Deutschland insgesamt;DG;Deutschland;EMZKL1;Größenklassen der Ertragsmesszahlen;EMZA40B50;40 bis unter 50;FLNGK1;Größenklassen der veräußerten Fläche;FLCHA050UM;5 und mehr ha;6774;EUR/ha;KAU004;Durchschnittlicher Kaufwert
61521;Kaufwerte für landwirtschaftliche Grundstücke;JAHR;Jahr;2018;DINSG;Deutschland insgesamt;DG;Deutschland;EMZKL1;Größenklassen der Ertragsmesszahlen;EMZU30;unter 30;FLNGK1;Größenklassen der veräußerten Fläche;FLCHA025B001;0,25 bis unter 1 ha;18120;EUR/ha;KAU004;Durchschnittlicher Kaufwert
61521;Kaufwerte für landwirtschaftliche Grundstücke;JAHR;Jahr;1991;DINSG;Deutschland insgesamt;DG;Deutschland;EMZKL1;Größenklassen der Ertragsmesszahlen;EMZA50B60;50 bis unter 60;FLNGK1;Größenklassen der veräußerten Fläche;;Insgesamt;15875;EUR/ha;KAU004;Durchschnittlicher Kaufwert
61521;Kaufwerte für landwirtschaftliche Grundstücke;JAHR;Jahr;2008;DINSG;Deutschland insgesamt;DG;Deutschland;EMZKL1;Größenklassen der Ertragsmesszahlen;EMZU30;unter 30;FLNGK1;Größenklassen der veräußerten Fläche;FLCHA010B020;1 bis unter 2 ha;8596;EUR/ha;KAU004;Durchschnittlicher Kaufwert
61521;Kaufwerte für landwirtschaftliche Grundstücke;JAHR;Jahr;2010;DINSG;Deutschland insgesamt;DG;Deutschland;EMZKL1;Größenklassen der Ertragsmesszahlen;;Insgesamt;FLNGK1;Größenklassen der veräußerten Fläche;;Insgesamt;11854;EUR/ha;KAU004;Durchschnittlicher Kaufwert
61521;Kaufwerte für landwirtschaftliche Grundstücke;JAHR;Jahr;2007;DINSG;Deutschland insgesamt;DG;Deutschland;EMZKL1;Größenklassen der Ertragsmesszahlen;EMZA60UM;60 und mehr;FLNGK1;Größenklassen der veräußerten Fläche;FLCHA010B020;1 bis unter 2 ha;19040;EUR/ha;KAU004;Durchschnittlicher Kaufwert
61521;Kaufwerte für landwirtschaftliche Grundstücke;JAHR;Jahr;1999;DINSG;Deutschland insgesamt;DG;Deutschland;EMZKL1;Größenklassen der Ertragsmesszahlen;EMZA50B60;50 bis unter 60;FLNGK1;Größenklassen der veräußerten Fläche;;Insgesamt;13426;EUR/ha;KAU004;Durchschnittlicher Kaufwert
61521;Kaufwerte für landwirtschaftliche Grundstücke;JAHR;Jahr;2000;DINSG;Deutschland insgesamt;DG;Deutschland;EMZKL1;Größenklassen der Ertragsmesszahlen;;Insgesamt;FLNGK1;Größenklassen der veräußerten Fläche;FLCHA050UM;5 und mehr ha;6674;EUR/ha;KAU004;Durchschnittlicher Kaufwert
61521;Kaufwerte für landwirtschaftliche Grundstücke;JAHR;Jahr;2018;DINSG;Deutschland insgesamt;DG;Deutschland;EMZKL1;Größenklassen der Ertragsmesszahlen;EMZA60UM;60 und mehr;FLNGK1;Größenklassen der veräußerten Fläche;FLCHA025B001;0,25 bis unter 1 ha;33507;EUR/ha;KAU004;Durchschnittlicher Kaufwert
61521;Kaufwerte für landwirtschaftliche Grundstücke;JAHR;Jahr;2000;DINSG;Deutschland insgesamt;DG;Deutschland;EMZKL1;Größenklassen der Ertragsmesszahlen;EMZA50B60;50 bis unter 60;FLNGK1;Größenklassen der veräußerten Fläche;FLCHA001B025;0,1 bis unter 0,25 ha;22088;EUR/ha;KAU004;Durchschnittlicher Kaufwert
61521;Kaufwerte für landwirtschaftliche Grundstücke;JAHR;Jahr;2009;DINSG;Deutschland insgesamt;DG;Deutschland;EMZKL1;Größenklassen der Ertragsmesszahlen;EMZA40B50;40 bis unter 50;FLNGK1;Größenklassen der veräußerten Fläche;;Insgesamt;11295;EUR/ha;KAU004;Durchschnittlicher Kaufwert
61521;Kaufwerte für landwirtschaftliche Grundstücke;JAHR;Jahr;2007;DINSG;Deutschland insgesamt;DG;Deutschland;EMZKL1;Größenklassen der Ertragsmesszahlen;EMZA40B50;40 bis unter 50;FLNGK1;Größenklassen der veräußerten Fläche;;Insgesamt;9232;EUR/ha;KAU004;Durchschnittlicher Kaufwert
61521;Kaufwerte für landwirtschaftliche Grundstücke;JAHR;Jahr;2003;DINSG;Deutschland insgesamt;DG;Deutschland;EMZKL1;Größenklassen der Ertragsmesszahlen;EMZA30B40;30 bis unter 40;FLNGK1;Größenklassen der veräußerten Fläche;FLCHA001B025;0,1 bis unter 0,25 ha;14888;EUR/ha;KAU004;Durchschnittlicher Kaufwert
61521;Kaufwerte für landwirtschaftliche Grundstücke;JAHR;Jahr;1994;DINSG;Deutschland insgesamt;DG;Deutschland;EMZKL1;Größenklassen der Ertragsmesszahlen;EMZA30B40;30 bis unter 40;FLNGK1;Größenklassen der veräußerten Fläche;FLCHA010B020;1 bis unter 2 ha;11703;EUR/ha;KAU004;Durchschnittlicher Kaufwert
61521;Kaufwerte für landwirtschaftliche Grundstücke;JAHR;Jahr;2015;DINSG;Deutschland insgesamt;DG;Deutschland;EMZKL1;Größenklassen der Ertragsmesszahlen;;Insgesamt;FLNGK1;Größenklassen der veräußerten Fläche;;Insgesamt;19614;EUR/ha;KAU004;Durchschnittlicher Kaufwert
61521;Kaufwerte für landwirtschaftliche Grundstücke;JAHR;Jahr;2008;DINSG;Deutschland insgesamt;DG;Deutschland;EMZKL1;Größenklassen der Ertragsmesszahlen;;Insgesamt;FLNGK1;Größenklassen der veräußerten Fläche;FLCHA020B050;2 bis unter 5 ha;12071;EUR/ha;KAU004;Durchschnittlicher Kaufwert
61521;Kaufwerte für landwirtschaftliche Grundstücke;JAHR;Jahr;1997;DINSG;Deutschland insgesamt;DG;Deutschland;EMZKL1;Größenklassen der Ertragsmesszahlen;;Insgesamt;FLNGK1;Größenklassen der veräußerten Fläche;FLCHA010B020;1 bis unter 2 ha;14881;EUR/ha;KAU004;Durchschnittlicher Kaufwert
61521;Kaufwerte für landwirtschaftliche Grundstücke;JAHR;Jahr;2010;DINSG;Deutschland insgesamt;DG;Deutschland;EMZKL1;Größenklassen der Ertragsmesszahlen;EMZU30;unter 30;FLNGK1;Größenklassen der veräußerten Fläche;FLCHA020B050;2 bis unter 5 ha;10373;EUR/ha;KAU004;Durchschnittlicher Kaufwert
61521;Kaufwerte für landwirtschaftliche Grundstücke;JAHR;Jahr;1991;DINSG;Deutschland insgesamt;DG;Deutschland;EMZKL1;Größenklassen der Ertragsmesszahlen;EMZA50B60;50 bis unter 60;FLNGK1;Größenklassen der veräußerten Fläche;FLCHA010B020;1 bis unter 2 ha;23155;EUR/ha;KAU004;Durchschnittlicher Kaufwert
61521;Kaufwerte für landwirtschaftliche Grundstücke;JAHR;Jahr;2017;DINSG;Deutschland insgesamt;DG;Deutschland;EMZKL1;Größenklassen der Ertragsmesszahlen;EMZU30;unter 30;FLNGK1;Größenklassen der veräußerten Fläche;FLCHA010B020;1 bis unter 2 ha;20253;EUR/ha;KAU004;Durchschnittlicher Kaufwert
61521;Kaufwerte für landwirtschaftliche Grundstücke;JAHR;Jahr;2000;DINSG;Deutschland insgesamt;DG;Deutschland;EMZKL1;Größenklassen der Ertragsmesszahlen;EMZA40B50;40 bis unter 50;FLNGK1;Größenklassen der veräußerten Fläche;FLCHA020B050;2 bis unter 5 ha;12035;EUR/ha;KAU004;Durchschnittlicher Kaufwert
61521;Kaufwerte für landwirtschaftliche Grundstücke;JAHR;Jahr;1997;DINSG;Deutschland insgesamt;DG;Deutschland;EMZKL1;Größenklassen der Ertragsmesszahlen;EMZA50B60;50 bis unter 60;FLNGK1;Größenklassen der veräußerten Fläche;FLCHA010B020;1 bis unter 2 ha;19119;EUR/ha;KAU004;Durchschnittlicher Kaufwert
61521;Kaufwerte für landwirtschaftliche Grundstücke;JAHR;Jahr;2006;DINSG;Deutschland insgesamt;DG;Deutschland;EMZKL1;Größenklassen der Ertragsmesszahlen;;Insgesamt;FLNGK1;Größenklassen der veräußerten Fläche;FLCHA020B050;2 bis unter 5 ha;11441;EUR/ha;KAU004;Durchschnittlicher Kaufwert
61521;Kaufwerte für landwirtschaftliche Grundstücke;JAHR;Jahr;2006;DINSG;Deutschland insgesamt;DG;Deutschland;EMZKL1;Größenklassen der Ertragsmesszahlen;EMZA50B60;50 bis unter 60;FLNGK1;Größenklassen der veräußerten Fläche;FLCHA025B001;0,25 bis unter 1 ha;17062;EUR/ha;KAU004;Durchschnittlicher Kaufwert
61521;Kaufwerte für landwirtschaftliche Grundstücke;JAHR;Jahr;1995;DINSG;Deutschland insgesamt;DG;Deutschland;EMZKL1;Größenklassen der Ertragsmesszahlen;;Insgesamt;FLNGK1;Größenklassen der veräußerten Fläche;FLCHA010B020;1 bis unter 2 ha;15956;EUR/ha;KAU004;Durchschnittlicher Kaufwert
61521;Kaufwerte für landwirtschaftliche Grundstücke;JAHR;Jahr;2001;DINSG;Deutschland insgesamt;DG;Deutschland;EMZKL1;Größenklassen der Ertragsmesszahlen;EMZA60UM;60 und mehr;FLNGK1;Größenklassen der veräußerten Fläche;FLCHA001B025;0,1 bis unter 0,25 ha;28714;EUR/ha;KAU004;Durchschnittlicher Kaufwert
61521;Kaufwerte für landwirtschaftliche Grundstücke;JAHR;Jahr;2018;DINSG;Deutschland insgesamt;DG;Deutschland;EMZKL1;Größenklassen der Ertragsmesszahlen;EMZA30B40;30 bis unter 40;FLNGK1;Größenklassen der veräußerten Fläche;;Insgesamt;19271;EUR/ha;KAU004;Durchschnittlicher Kaufwert
61521;Kaufwerte für landwirtschaftliche Grundstücke;JAHR;Jahr;2018;DINSG;Deutschland insgesamt;DG;Deutschland;EMZKL1;Größenklassen der Ertragsmesszahlen;;Insgesamt;FLNGK1;Größenklassen der veräußerten Fläche;FLCHA010B020;1 bis unter 2 ha;28937;EUR/ha;KAU004;Durchschnittlicher Kaufwert
61521;Kaufwerte für landwirtschaftliche Grundstücke;JAHR;Jahr;1992;DINSG;Deutschland insgesamt;DG;Deutschland;EMZKL1;Größenklassen der Ertragsmesszahlen;EMZA40B50;40 bis unter 50;FLNGK1;Größenklassen der veräußerten Fläche;FLCHA020B050;2 bis unter 5 ha;15381;EUR/ha;KAU004;Durchschnittlicher Kaufwert
61521;Kaufwerte für landwirtschaftliche Grundstücke;JAHR;Jahr;2019;DINSG;Deutschland insgesamt;DG;Deutschland;EMZKL1;Größenklassen der Ertragsmesszahlen;EMZA60UM;60 und mehr;FLNGK1;Größenklassen der veräußerten Fläche;;Insgesamt;36217;EUR/ha;KAU004;Durchschnittlicher Kaufwert
61521;Kaufwerte für landwirtschaftliche Grundstücke;JAHR;Jahr;1998;DINSG;Deutschland insgesamt;DG;Deutschland;EMZKL1;Größenklassen der Ertragsmesszahlen;EMZA40B50;40 bis unter 50;FLNGK1;Größenklassen der veräußerten Fläche;FLCHA020B050;2 bis unter 5 ha;12795;EUR/ha;KAU004;Durchschnittlicher Kaufwert
61521;Kaufwerte für landwirtschaftliche Grundstücke;JAHR;Jahr;2016;DINSG;Deutschland insgesamt;DG;Deutschland;EMZKL1;Größenklassen der Ertragsmesszahlen;EMZA30B40;30 bis unter 40;FLNGK1;Größenklassen der veräußerten Fläche;;Insgesamt;17178;EUR/ha;KAU004;Durchschnittlicher Kaufwert
61521;Kaufwerte für landwirtschaftliche Grundstücke;JAHR;Jahr;1993;DINSG;Deutschland insgesamt;DG;Deutschland;EMZKL1;Größenklassen der Ertragsmesszahlen;;Insgesamt;FLNGK1;Größenklassen der veräußerten Fläche;FLCHA001B025;0,1 bis unter 0,25 ha;19896;EUR/ha;KAU004;Durchschnittlicher Kaufwert
61521;Kaufwerte für landwirtschaftliche Grundstücke;JAHR;Jahr;2016;DINSG;Deutschland insgesamt;DG;Deutschland;EMZKL1;Größenklassen der Ertragsmesszahlen;;Insgesamt;FLNGK1;Größenklassen der veräußerten Fläche;FLCHA001B025;0,1 bis unter 0,25 ha;23164;EUR/ha;KAU004;Durchschnittlicher Kaufwert
61521;Kaufwerte für landwirtschaftliche Grundstücke;JAHR;Jahr;2013;DINSG;Deutschland insgesamt;DG;Deutschland;EMZKL1;Größenklassen der Ertragsmesszahlen;EMZA50B60;50 bis unter 60;FLNGK1;Größenklassen der veräußerten Fläche;FLCHA020B050;2 bis unter 5 ha;25653;EUR/ha;KAU004;Durchschnittlicher Kaufwert
61521;Kaufwerte für landwirtschaftliche Grundstücke;JAHR;Jahr;2000;DINSG;Deutschland insgesamt;DG;Deutschland;EMZKL1;Größenklassen der Ertragsmesszahlen;EMZA60UM;60 und mehr;FLNGK1;Größenklassen der veräußerten Fläche;FLCHA020B050;2 bis unter 5 ha;17280;EUR/ha;KAU004;Durchschnittlicher Kaufwert
61521;Kaufwerte für landwirtschaftliche Grundstücke;JAHR;Jahr;2009;DINSG;Deutschland insgesamt;DG;Deutschland;EMZKL1;Größenklassen der Ertragsmesszahlen;EMZA30B40;30 bis unter 40;FLNGK1;Größenklassen der veräußerten Fläche;FLCHA001B025;0,1 bis unter 0,25 ha;12480;EUR/ha;KAU004;Durchschnittlicher Kaufwert
61521;Kaufwerte für landwirtschaftliche Grundstücke;JAHR;Jahr;2015;DINSG;Deutschland insgesamt;DG;Deutschland;EMZKL1;Größenklassen der Ertragsmesszahlen;EMZA60UM;60 und mehr;FLNGK1;Größenklassen der veräußerten Fläche;;Insgesamt;27079;EUR/ha;KAU004;Durchschnittlicher Kaufwert
61521;Kaufwerte für landwirtschaftliche Grundstücke;JAHR;Jahr;1996;DINSG;Deutschland insgesamt;DG;Deutschland;EMZKL1;Größenklassen der Ertragsmesszahlen;EMZA30B40;30 bis unter 40;FLNGK1;Größenklassen der veräußerten Fläche;FLCHA025B001;0,25 bis unter 1 ha;12457;EUR/ha;KAU004;Durchschnittlicher Kaufwert
61521;Kaufwerte für landwirtschaftliche Grundstücke;JAHR;Jahr;2001;DINSG;Deutschland insgesamt;DG;Deutschland;EMZKL1;Größenklassen der Ertragsmesszahlen;EMZA40B50;40 bis unter 50;FLNGK1;Größenklassen der veräußerten Fläche;;Insgesamt;8053;EUR/ha;KAU004;Durchschnittlicher Kaufwert
61521;Kaufwerte für landwirtschaftliche Grundstücke;JAHR;Jahr;2011;DINSG;Deutschland insgesamt;DG;Deutschland;EMZKL1;Größenklassen der Ertragsmesszahlen;EMZA30B40;30 bis unter 40;FLNGK1;Größenklassen der veräußerten Fläche;FLCHA020B050;2 bis unter 5 ha;11800;EUR/ha;KAU004;Durchschnittlicher Kaufwert
61521;Kaufwerte für landwirtschaftliche Grundstücke;JAHR;Jahr;2019;DINSG;Deutschland insgesamt;DG;Deutschland;EMZKL1;Größenklassen der Ertragsmesszahlen;EMZA50B60;50 bis unter 60;FLNGK1;Größenklassen der veräußerten Fläche;FLCHA020B050;2 bis unter 5 ha;43344;EUR/ha;KAU004;Durchschnittlicher Kaufwert
61521;Kaufwerte für landwirtschaftliche Grundstücke;JAHR;Jahr;1995;DINSG;Deutschland insgesamt;DG;Deutschland;EMZKL1;Größenklassen der Ertragsmesszahlen;EMZA60UM;60 und mehr;FLNGK1;Größenklassen der veräußerten Fläche;FLCHA001B025;0,1 bis unter 0,25 ha;32797;EUR/ha;KAU004;Durchschnittlicher Kaufwert
61521;Kaufwerte für landwirtschaftliche Grundstücke;JAHR;Jahr;1994;DINSG;Deutschland insgesamt;DG;Deutschland;EMZKL1;Größenklassen der Ertragsmesszahlen;EMZU30;unter 30;FLNGK1;Größenklassen der veräußerten Fläche;FLCHA025B001;0,25 bis unter 1 ha;12086;EUR/ha;KAU004;Durchschnittlicher Kaufwert
61521;Kaufwerte für landwirtschaftliche Grundstücke;JAHR;Jahr;2002;DINSG;Deutschland insgesamt;DG;Deutschland;EMZKL1;Größenklassen der Ertragsmesszahlen;EMZU30;unter 30;FLNGK1;Größenklassen der veräußerten Fläche;FLCHA025B001;0,25 bis unter 1 ha;8674;EUR/ha;KAU004;Durchschnittlicher Kaufwert
61521;Kaufwerte für landwirtschaftliche Grundstücke;JAHR;Jahr;1999;DINSG;Deutschland insgesamt;DG;Deutschland;EMZKL1;Größenklassen der Ertragsmesszahlen;EMZA50B60;50 bis unter 60;FLNGK1;Größenklassen der veräußerten Fläche;FLCHA050UM;5 und mehr ha;10164;EUR/ha;KAU004;Durchschnittlicher Kaufwert
61521;Kaufwerte für landwirtschaftliche Grundstücke;JAHR;Jahr;2009;DINSG;Deutschland insgesamt;DG;Deutschland;EMZKL1;Größenklassen der Ertragsmesszahlen;EMZA30B40;30 bis unter 40;FLNGK1;Größenklassen der veräußerten Fläche;;Insgesamt;7917;EUR/ha;KAU004;Durchschnittlicher Kaufwert
61521;Kaufwerte für landwirtschaftliche Grundstücke;JAHR;Jahr;1993;DINSG;Deutschland insgesamt;DG;Deutschland;EMZKL1;Größenklassen der Ertragsmesszahlen;;Insgesamt;FLNGK1;Größenklassen der veräußerten Fläche;FLCHA050UM;5 und mehr ha;8299;EUR/ha;KAU004;Durchschnittlicher Kaufwert
61521;Kaufwerte für landwirtschaftliche Grundstücke;JAHR;Jahr;2005;DINSG;Deutschland insgesamt;DG;Deutschland;EMZKL1;Größenklassen der Ertragsmesszahlen;EMZA30B40;30 bis unter 40;FLNGK1;Größenklassen der veräußerten Fläche;;Insgesamt;6127;EUR/ha;KAU004;Durchschnittlicher Kaufwert
61521;Kaufwerte für landwirtschaftliche Grundstücke;JAHR;Jahr;2016;DINSG;Deutschland insgesamt;DG;Deutschland;EMZKL1;Größenklassen der Ertragsmesszahlen;EMZA60UM;60 und mehr;FLNGK1;Größenklassen der veräußerten Fläche;FLCHA001B025;0,1 bis unter 0,25 ha;31604;EUR/ha;KAU004;Durchschnittlicher Kaufwert
61521;Kaufwerte für landwirtschaftliche Grundstücke;JAHR;Jahr;2001;DINSG;Deutschland insgesamt;DG;Deutschland;EMZKL1;Größenklassen der Ertragsmesszahlen;EMZA30B40;30 bis unter 40;FLNGK1;Größenklassen der veräußerten Fläche;;Insgesamt;6715;EUR/ha;KAU004;Durchschnittlicher Kaufwert
61521;Kaufwerte für landwirtschaftliche Grundstücke;JAHR;Jahr;2004;DINSG;Deutschland insgesamt;DG;Deutschland;EMZKL1;Größenklassen der Ertragsmesszahlen;EMZU30;unter 30;FLNGK1;Größenklassen der veräußerten Fläche;FLCHA001B025;0,1 bis unter 0,25 ha;12089;EUR/ha;KAU004;Durchschnittlicher Kaufwert
61521;Kaufwerte für landwirtschaftliche Grundstücke;JAHR;Jahr;2018;DINSG;Deutschland insgesamt;DG;Deutschland;EMZKL1;Größenklassen der Ertragsmesszahlen;EMZA30B40;30 bis unter 40;FLNGK1;Größenklassen der veräußerten Fläche;FLCHA020B050;2 bis unter 5 ha;23000;EUR/ha;KAU004;Durchschnittlicher Kaufwert
61521;Kaufwerte für landwirtschaftliche Grundstücke;JAHR;Jahr;2011;DINSG;Deutschland insgesamt;DG;Deutschland;EMZKL1;Größenklassen der Ertragsmesszahlen;EMZA40B50;40 bis unter 50;FLNGK1;Größenklassen der veräußerten Fläche;FLCHA050UM;5 und mehr ha;13742;EUR/ha;KAU004;Durchschnittlicher Kaufwert
61521;Kaufwerte für landwirtschaftliche Grundstücke;JAHR;Jahr;2006;DINSG;Deutschland insgesamt;DG;Deutschland;EMZKL1;Größenklassen der Ertragsmesszahlen;EMZA60UM;60 und mehr;FLNGK1;Größenklassen der veräußerten Fläche;FLCHA020B050;2 bis unter 5 ha;17055;EUR/ha;KAU004;Durchschnittlicher Kaufwert
61521;Kaufwerte für landwirtschaftliche Grundstücke;JAHR;Jahr;1997;DINSG;Deutschland insgesamt;DG;Deutschland;EMZKL1;Größenklassen der Ertragsmesszahlen;EMZU30;unter 30;FLNGK1;Größenklassen der veräußerten Fläche;FLCHA010B020;1 bis unter 2 ha;10435;EUR/ha;KAU004;Durchschnittlicher Kaufwert
61521;Kaufwerte für landwirtschaftliche Grundstücke;JAHR;Jahr;1998;DINSG;Deutschland insgesamt;DG;Deutschland;EMZKL1;Größenklassen der Ertragsmesszahlen;EMZA50B60;50 bis unter 60;FLNGK1;Größenklassen der veräußerten Fläche;FLCHA050UM;5 und mehr ha;10317;EUR/ha;KAU004;Durchschnittlicher Kaufwert
61521;Kaufwerte für landwirtschaftliche Grundstücke;JAHR;Jahr;2017;DINSG;Deutschland insgesamt;DG;Deutschland;EMZKL1;Größenklassen der Ertragsmesszahlen;EMZU30;unter 30;FLNGK1;Größenklassen der veräußerten Fläche;FLCHA001B025;0,1 bis unter 0,25 ha;17080;EUR/ha;KAU004;Durchschnittlicher Kaufwert
61521;Kaufwerte für landwirtschaftliche Grundstücke;JAHR;Jahr;1996;DINSG;Deutschland insgesamt;DG;Deutschland;EMZKL1;Größenklassen der Ertragsmesszahlen;EMZU30;unter 30;FLNGK1;Größenklassen der veräußerten Fläche;FLCHA001B025;0,1 bis unter 0,25 ha;14473;EUR/ha;KAU004;Durchschnittlicher Kaufwert
61521;Kaufwerte für landwirtschaftliche Grundstücke;JAHR;Jahr;2015;DINSG;Deutschland insgesamt;DG;Deutschland;EMZKL1;Größenklassen der Ertragsmesszahlen;EMZU30;unter 30;FLNGK1;Größenklassen der veräußerten Fläche;FLCHA020B050;2 bis unter 5 ha;18476;EUR/ha;KAU004;Durchschnittlicher Kaufwert
61521;Kaufwerte für landwirtschaftliche Grundstücke;JAHR;Jahr;2009;DINSG;Deutschland insgesamt;DG;Deutschland;EMZKL1;Größenklassen der Ertragsmesszahlen;EMZA60UM;60 und mehr;FLNGK1;Größenklassen der veräußerten Fläche;FLCHA010B020;1 bis unter 2 ha;19716;EUR/ha;KAU004;Durchschnittlicher Kaufwert
61521;Kaufwerte für landwirtschaftliche Grundstücke;JAHR;Jahr;2015;DINSG;Deutschland insgesamt;DG;Deutschland;EMZKL1;Größenklassen der Ertragsmesszahlen;EMZA30B40;30 bis unter 40;FLNGK1;Größenklassen der veräußerten Fläche;FLCHA050UM;5 und mehr ha;15723;EUR/ha;KAU004;Durchschnittlicher Kaufwert
61521;Kaufwerte für landwirtschaftliche Grundstücke;JAHR;Jahr;1992;DINSG;Deutschland insgesamt;DG;Deutschland;EMZKL1;Größenklassen der Ertragsmesszahlen;EMZA30B40;30 bis unter 40;FLNGK1;Größenklassen der veräußerten Fläche;FLCHA050UM;5 und mehr ha;6799;EUR/ha;KAU004;Durchschnittlicher Kaufwert
61521;Kaufwerte für landwirtschaftliche Grundstücke;JAHR;Jahr;2019;DINSG;Deutschland insgesamt;DG;Deutschland;EMZKL1;Größenklassen der Ertragsmesszahlen;EMZA40B50;40 bis unter 50;FLNGK1;Größenklassen der veräußerten Fläche;FLCHA010B020;1 bis unter 2 ha;31822;EUR/ha;KAU004;Durchschnittlicher Kaufwert
61521;Kaufwerte für landwirtschaftliche Grundstücke;JAHR;Jahr;2005;DINSG;Deutschland insgesamt;DG;Deutschland;EMZKL1;Größenklassen der Ertragsmesszahlen;EMZA60UM;60 und mehr;FLNGK1;Größenklassen der veräußerten Fläche;FLCHA050UM;5 und mehr ha;12137;EUR/ha;KAU004;Durchschnittlicher Kaufwert
61521;Kaufwerte für landwirtschaftliche Grundstücke;JAHR;Jahr;2015;DINSG;Deutschland insgesamt;DG;Deutschland;EMZKL1;Größenklassen der Ertragsmesszahlen;EMZU30;unter 30;FLNGK1;Größenklassen der veräußerten Fläche;FLCHA025B001;0,25 bis unter 1 ha;14949;EUR/ha;KAU004;Durchschnittlicher Kaufwert
61521;Kaufwerte für landwirtschaftliche Grundstücke;JAHR;Jahr;2015;DINSG;Deutschland insgesamt;DG;Deutschland;EMZKL1;Größenklassen der Ertragsmesszahlen;EMZA40B50;40 bis unter 50;FLNGK1;Größenklassen der veräußerten Fläche;FLCHA001B025;0,1 bis unter 0,25 ha;18601;EUR/ha;KAU004;Durchschnittlicher Kaufwert
61521;Kaufwerte für landwirtschaftliche Grundstücke;JAHR;Jahr;2017;DINSG;Deutschland insgesamt;DG;Deutschland;EMZKL1;Größenklassen der Ertragsmesszahlen;EMZA50B60;50 bis unter 60;FLNGK1;Größenklassen der veräußerten Fläche;FLCHA020B050;2 bis unter 5 ha;38751;EUR/ha;KAU004;Durchschnittlicher Kaufwert
61521;Kaufwerte für landwirtschaftliche Grundstücke;JAHR;Jahr;2016;DINSG;Deutschland insgesamt;DG;Deutschland;EMZKL1;Größenklassen der Ertragsmesszahlen;EMZA30B40;30 bis unter 40;FLNGK1;Größenklassen der veräußerten Fläche;FLCHA010B020;1 bis unter 2 ha;19328;EUR/ha;KAU004;Durchschnittlicher Kaufwert
61521;Kaufwerte für landwirtschaftliche Grundstücke;JAHR;Jahr;2016;DINSG;Deutschland insgesamt;DG;Deutschland;EMZKL1;Größenklassen der Ertragsmesszahlen;EMZA50B60;50 bis unter 60;FLNGK1;Größenklassen der veräußerten Fläche;FLCHA001B025;0,1 bis unter 0,25 ha;30020;EUR/ha;KAU004;Durchschnittlicher Kaufwert
61521;Kaufwerte für landwirtschaftliche Grundstücke;JAHR;Jahr;2017;DINSG;Deutschland insgesamt;DG;Deutschland;EMZKL1;Größenklassen der Ertragsmesszahlen;EMZA40B50;40 bis unter 50;FLNGK1;Größenklassen der veräußerten Fläche;FLCHA010B020;1 bis unter 2 ha;28037;EUR/ha;KAU004;Durchschnittlicher Kaufwert
61521;Kaufwerte für landwirtschaftliche Grundstücke;JAHR;Jahr;1997;DINSG;Deutschland insgesamt;DG;Deutschland;EMZKL1;Größenklassen der Ertragsmesszahlen;EMZA60UM;60 und mehr;FLNGK1;Größenklassen der veräußerten Fläche;FLCHA050UM;5 und mehr ha;12676;EUR/ha;KAU004;Durchschnittlicher Kaufwert
61521;Kaufwerte für landwirtschaftliche Grundstücke;JAHR;Jahr;2002;DINSG;Deutschland insgesamt;DG;Deutschland;EMZKL1;Größenklassen der Ertragsmesszahlen;EMZU30;unter 30;FLNGK1;Größenklassen der veräußerten Fläche;FLCHA010B020;1 bis unter 2 ha;9634;EUR/ha;KAU004;Durchschnittlicher Kaufwert
61521;Kaufwerte für landwirtschaftliche Grundstücke;JAHR;Jahr;1996;DINSG;Deutschland insgesamt;DG;Deutschland;EMZKL1;Größenklassen der Ertragsmesszahlen;;Insgesamt;FLNGK1;Größenklassen der veräußerten Fläche;FLCHA025B001;0,25 bis unter 1 ha;16516;EUR/ha;KAU004;Durchschnittlicher Kaufwert
61521;Kaufwerte für landwirtschaftliche Grundstücke;JAHR;Jahr;2019;DINSG;Deutschland insgesamt;DG;Deutschland;EMZKL1;Größenklassen der Ertragsmesszahlen;;Insgesamt;FLNGK1;Größenklassen der veräußerten Fläche;FLCHA025B001;0,25 bis unter 1 ha;25506;EUR/ha;KAU004;Durchschnittlicher Kaufwert
61521;Kaufwerte für landwirtschaftliche Grundstücke;JAHR;Jahr;2011;DINSG;Deutschland insgesamt;DG;Deutschland;EMZKL1;Größenklassen der Ertragsmesszahlen;;Insgesamt;FLNGK1;Größenklassen der veräußerten Fläche;;Insgesamt;13493;EUR/ha;KAU004;Durchschnittlicher Kaufwert
61521;Kaufwerte für landwirtschaftliche Grundstücke;JAHR;Jahr;2020;DINSG;Deutschland insgesamt;DG;Deutschland;EMZKL1;Größenklassen der Ertragsmesszahlen;EMZA40B50;40 bis unter 50;FLNGK1;Größenklassen der veräußerten Fläche;FLCHA010B020;1 bis unter 2 ha;31558;EUR/ha;KAU004;Durchschnittlicher Kaufwert
61521;Kaufwerte für landwirtschaftliche Grundstücke;JAHR;Jahr;2013;DINSG;Deutschland insgesamt;DG;Deutschland;EMZKL1;Größenklassen der Ertragsmesszahlen;;Insgesamt;FLNGK1;Größenklassen der veräußerten Fläche;FLCHA020B050;2 bis unter 5 ha;19399;EUR/ha;KAU004;Durchschnittlicher Kaufwert
61521;Kaufwerte für landwirtschaftliche Grundstücke;JAHR;Jahr;2011;DINSG;Deutschland insgesamt;DG;Deutschland;EMZKL1;Größenklassen der Ertragsmesszahlen;EMZA60UM;60 und mehr;FLNGK1;Größenklassen der veräußerten Fläche;FLCHA020B050;2 bis unter 5 ha;21438;EUR/ha;KAU004;Durchschnittlicher Kaufwert
61521;Kaufwerte für landwirtschaftliche Grundstücke;JAHR;Jahr;1994;DINSG;Deutschland insgesamt;DG;Deutschland;EMZKL1;Größenklassen der Ertragsmesszahlen;EMZU30;unter 30;FLNGK1;Größenklassen der veräußerten Fläche;FLCHA010B020;1 bis unter 2 ha;11779;EUR/ha;KAU004;Durchschnittlicher Kaufwert
61521;Kaufwerte für landwirtschaftliche Grundstücke;JAHR;Jahr;1995;DINSG;Deutschland insgesamt;DG;Deutschland;EMZKL1;Größenklassen der Ertragsmesszahlen;EMZU30;unter 30;FLNGK1;Größenklassen der veräußerten Fläche;FLCHA020B050;2 bis unter 5 ha;10930;EUR/ha;KAU004;Durchschnittlicher Kaufwert
61521;Kaufwerte für landwirtschaftliche Grundstücke;JAHR;Jahr;2018;DINSG;Deutschland insgesamt;DG;Deutschland;EMZKL1;Größenklassen der Ertragsmesszahlen;EMZA50B60;50 bis unter 60;FLNGK1;Größenklassen der veräußerten Fläche;FLCHA001B025;0,1 bis unter 0,25 ha;26325;EUR/ha;KAU004;Durchschnittlicher Kaufwert
61521;Kaufwerte für landwirtschaftliche Grundstücke;JAHR;Jahr;1993;DINSG;Deutschland insgesamt;DG;Deutschland;EMZKL1;Größenklassen der Ertragsmesszahlen;EMZA60UM;60 und mehr;FLNGK1;Größenklassen der veräußerten Fläche;FLCHA001B025;0,1 bis unter 0,25 ha;31658;EUR/ha;KAU004;Durchschnittlicher Kaufwert
61521;Kaufwerte für landwirtschaftliche Grundstücke;JAHR;Jahr;1993;DINSG;Deutschland insgesamt;DG;Deutschland;EMZKL1;Größenklassen der Ertragsmesszahlen;EMZA60UM;60 und mehr;FLNGK1;Größenklassen der veräußerten Fläche;;Insgesamt;15979;EUR/ha;KAU004;Durchschnittlicher Kaufwert
61521;Kaufwerte für landwirtschaftliche Grundstücke;JAHR;Jahr;2019;DINSG;Deutschland insgesamt;DG;Deutschland;EMZKL1;Größenklassen der Ertragsmesszahlen;EMZA30B40;30 bis unter 40;FLNGK1;Größenklassen der veräußerten Fläche;FLCHA001B025;0,1 bis unter 0,25 ha;20576;EUR/ha;KAU004;Durchschnittlicher Kaufwert
61521;Kaufwerte für landwirtschaftliche Grundstücke;JAHR;Jahr;2003;DINSG;Deutschland insgesamt;DG;Deutschland;EMZKL1;Größenklassen der Ertragsmesszahlen;EMZU30;unter 30;FLNGK1;Größenklassen der veräußerten Fläche;FLCHA020B050;2 bis unter 5 ha;10172;EUR/ha;KAU004;Durchschnittlicher Kaufwert
61521;Kaufwerte für landwirtschaftliche Grundstücke;JAHR;Jahr;1995;DINSG;Deutschland insgesamt;DG;Deutschland;EMZKL1;Größenklassen der Ertragsmesszahlen;EMZA60UM;60 und mehr;FLNGK1;Größenklassen der veräußerten Fläche;;Insgesamt;16544;EUR/ha;KAU004;Durchschnittlicher Kaufwert
61521;Kaufwerte für landwirtschaftliche Grundstücke;JAHR;Jahr;2020;DINSG;Deutschland insgesamt;DG;Deutschland;EMZKL1;Größenklassen der Ertragsmesszahlen;EMZA50B60;50 bis unter 60;FLNGK1;Größenklassen der veräußerten Fläche;FLCHA020B050;2 bis unter 5 ha;42079;EUR/ha;KAU004;Durchschnittlicher Kaufwert
61521;Kaufwerte für landwirtschaftliche Grundstücke;JAHR;Jahr;2015;DINSG;Deutschland insgesamt;DG;Deutschland;EMZKL1;Größenklassen der Ertragsmesszahlen;EMZA60UM;60 und mehr;FLNGK1;Größenklassen der veräußerten Fläche;FLCHA050UM;5 und mehr ha;25877;EUR/ha;KAU004;Durchschnittlicher Kaufwert
61521;Kaufwerte für landwirtschaftliche Grundstücke;JAHR;Jahr;2003;DINSG;Deutschland insgesamt;DG;Deutschland;EMZKL1;Größenklassen der Ertragsmesszahlen;EMZA60UM;60 und mehr;FLNGK1;Größenklassen der veräußerten Fläche;FLCHA001B025;0,1 bis unter 0,25 ha;29302;EUR/ha;KAU004;Durchschnittlicher Kaufwert
61521;Kaufwerte für landwirtschaftliche Grundstücke;JAHR;Jahr;2012;DINSG;Deutschland insgesamt;DG;Deutschland;EMZKL1;Größenklassen der Ertragsmesszahlen;EMZU30;unter 30;FLNGK1;Größenklassen der veräußerten Fläche;FLCHA010B020;1 bis unter 2 ha;12227;EUR/ha;KAU004;Durchschnittlicher Kaufwert
61521;Kaufwerte für landwirtschaftliche Grundstücke;JAHR;Jahr;2006;DINSG;Deutschland insgesamt;DG;Deutschland;EMZKL1;Größenklassen der Ertragsmesszahlen;EMZA60UM;60 und mehr;FLNGK1;Größenklassen der veräußerten Fläche;;Insgesamt;15797;EUR/ha;KAU004;Durchschnittlicher Kaufwert
61521;Kaufwerte für landwirtschaftliche Grundstücke;JAHR;Jahr;2007;DINSG;Deutschland insgesamt;DG;Deutschland;EMZKL1;Größenklassen der Ertragsmesszahlen;EMZA30B40;30 bis unter 40;FLNGK1;Größenklassen der veräußerten Fläche;FLCHA001B025;0,1 bis unter 0,25 ha;12523;EUR/ha;KAU004;Durchschnittlicher Kaufwert
61521;Kaufwerte für landwirtschaftliche Grundstücke;JAHR;Jahr;1997;DINSG;Deutschland insgesamt;DG;Deutschland;EMZKL1;Größenklassen der Ertragsmesszahlen;EMZA40B50;40 bis unter 50;FLNGK1;Größenklassen der veräußerten Fläche;FLCHA001B025;0,1 bis unter 0,25 ha;19057;EUR/ha;KAU004;Durchschnittlicher Kaufwert
61521;Kaufwerte für landwirtschaftliche Grundstücke;JAHR;Jahr;2012;DINSG;Deutschland insgesamt;DG;Deutschland;EMZKL1;Größenklassen der Ertragsmesszahlen;;Insgesamt;FLNGK1;Größenklassen der veräußerten Fläche;FLCHA020B050;2 bis unter 5 ha;16464;EUR/ha;KAU004;Durchschnittlicher Kaufwert
61521;Kaufwerte für landwirtschaftliche Grundstücke;JAHR;Jahr;1996;DINSG;Deutschland insgesamt;DG;Deutschland;EMZKL1;Größenklassen der Ertragsmesszahlen;;Insgesamt;FLNGK1;Größenklassen der veräußerten Fläche;FLCHA010B020;1 bis unter 2 ha;15462;EUR/ha;KAU004;Durchschnittlicher Kaufwert
61521;Kaufwerte für landwirtschaftliche Grundstücke;JAHR;Jahr;2019;DINSG;Deutschland insgesamt;DG;Deutschland;EMZKL1;Größenklassen der Ertragsmesszahlen;;Insgesamt;FLNGK1;Größenklassen der veräußerten Fläche;FLCHA010B020;1 bis unter 2 ha;29675;EUR/ha;KAU004;Durchschnittlicher Kaufwert
61521;Kaufwerte für landwirtschaftliche Grundstücke;JAHR;Jahr;2020;DINSG;Deutschland insgesamt;DG;Deutschland;EMZKL1;Größenklassen der Ertragsmesszahlen;EMZA60UM;60 und mehr;FLNGK1;Größenklassen der veräußerten Fläche;FLCHA020B050;2 bis unter 5 ha;40011;EUR/ha;KAU004;Durchschnittlicher Kaufwert
61521;Kaufwerte für landwirtschaftliche Grundstücke;JAHR;Jahr;1997;DINSG;Deutschland insgesamt;DG;Deutschland;EMZKL1;Größenklassen der Ertragsmesszahlen;;Insgesamt;FLNGK1;Größenklassen der veräußerten Fläche;FLCHA025B001;0,25 bis unter 1 ha;15933;EUR/ha;KAU004;Durchschnittlicher Kaufwert
61521;Kaufwerte für landwirtschaftliche Grundstücke;JAHR;Jahr;1999;DINSG;Deutschland insgesamt;DG;Deutschland;EMZKL1;Größenklassen der Ertragsmesszahlen;EMZA50B60;50 bis unter 60;FLNGK1;Größenklassen der veräußerten Fläche;FLCHA020B050;2 bis unter 5 ha;16454;EUR/ha;KAU004;Durchschnittlicher Kaufwert
61521;Kaufwerte für landwirtschaftliche Grundstücke;JAHR;Jahr;1991;DINSG;Deutschland insgesamt;DG;Deutschland;EMZKL1;Größenklassen der Ertragsmesszahlen;EMZA60UM;60 und mehr;FLNGK1;Größenklassen der veräußerten Fläche;FLCHA001B025;0,1 bis unter 0,25 ha;39712;EUR/ha;KAU004;Durchschnittlicher Kaufwert
61521;Kaufwerte für landwirtschaftliche Grundstücke;JAHR;Jahr;2009;DINSG;Deutschland insgesamt;DG;Deutschland;EMZKL1;Größenklassen der Ertragsmesszahlen;EMZA40B50;40 bis unter 50;FLNGK1;Größenklassen der veräußerten Fläche;FLCHA020B050;2 bis unter 5 ha;13914;EUR/ha;KAU004;Durchschnittlicher Kaufwert
61521;Kaufwerte für landwirtschaftliche Grundstücke;JAHR;Jahr;2005;DINSG;Deutschland insgesamt;DG;Deutschland;EMZKL1;Größenklassen der Ertragsmesszahlen;EMZU30;unter 30;FLNGK1;Größenklassen der veräußerten Fläche;FLCHA025B001;0,25 bis unter 1 ha;8486;EUR/ha;KAU004;Durchschnittlicher Kaufwert
61521;Kaufwerte für landwirtschaftliche Grundstücke;JAHR;Jahr;1998;DINSG;Deutschland insgesamt;DG;Deutschland;EMZKL1;Größenklassen der Ertragsmesszahlen;EMZA30B40;30 bis unter 40;FLNGK1;Größenklassen der veräußerten Fläche;FLCHA010B020;1 bis unter 2 ha;11486;EUR/ha;KAU004;Durchschnittlicher Kaufwert
61521;Kaufwerte für landwirtschaftliche Grundstücke;JAHR;Jahr;2013;DINSG;Deutschland insgesamt;DG;Deutschland;EMZKL1;Größenklassen der Ertragsmesszahlen;;Insgesamt;FLNGK1;Größenklassen der veräußerten Fläche;;Insgesamt;16381;EUR/ha;KAU004;Durchschnittlicher Kaufwert
61521;Kaufwerte für landwirtschaftliche Grundstücke;JAHR;Jahr;2014;DINSG;Deutschland insgesamt;DG;Deutschland;EMZKL1;Größenklassen der Ertragsmesszahlen;EMZA60UM;60 und mehr;FLNGK1;Größenklassen der veräußerten Fläche;FLCHA001B025;0,1 bis unter 0,25 ha;28429;EUR/ha;KAU004;Durchschnittlicher Kaufwert
61521;Kaufwerte für landwirtschaftliche Grundstücke;JAHR;Jahr;2010;DINSG;Deutschland insgesamt;DG;Deutschland;EMZKL1;Größenklassen der Ertragsmesszahlen;EMZA30B40;30 bis unter 40;FLNGK1;Größenklassen der veräußerten Fläche;FLCHA001B025;0,1 bis unter 0,25 ha;13645;EUR/ha;KAU004;Durchschnittlicher Kaufwert
61521;Kaufwerte für landwirtschaftliche Grundstücke;JAHR;Jahr;1997;DINSG;Deutschland insgesamt;DG;Deutschland;EMZKL1;Größenklassen der Ertragsmesszahlen;EMZU30;unter 30;FLNGK1;Größenklassen der veräußerten Fläche;FLCHA025B001;0,25 bis unter 1 ha;10805;EUR/ha;KAU004;Durchschnittlicher Kaufwert
61521;Kaufwerte für landwirtschaftliche Grundstücke;JAHR;Jahr;2000;DINSG;Deutschland insgesamt;DG;Deutschland;EMZKL1;Größenklassen der Ertragsmesszahlen;EMZU30;unter 30;FLNGK1;Größenklassen der veräußerten Fläche;FLCHA050UM;5 und mehr ha;5153;EUR/ha;KAU004;Durchschnittlicher Kaufwert
61521;Kaufwerte für landwirtschaftliche Grundstücke;JAHR;Jahr;2002;DINSG;Deutschland insgesamt;DG;Deutschland;EMZKL1;Größenklassen der Ertragsmesszahlen;EMZU30;unter 30;FLNGK1;Größenklassen der veräußerten Fläche;FLCHA050UM;5 und mehr ha;5293;EUR/ha;KAU004;Durchschnittlicher Kaufwert
61521;Kaufwerte für landwirtschaftliche Grundstücke;JAHR;Jahr;2008;DINSG;Deutschland insgesamt;DG;Deutschland;EMZKL1;Größenklassen der Ertragsmesszahlen;EMZU30;unter 30;FLNGK1;Größenklassen der veräußerten Fläche;FLCHA050UM;5 und mehr ha;6515;EUR/ha;KAU004;Durchschnittlicher Kaufwert
61521;Kaufwerte für landwirtschaftliche Grundstücke;JAHR;Jahr;2015;DINSG;Deutschland insgesamt;DG;Deutschland;EMZKL1;Größenklassen der Ertragsmesszahlen;EMZA50B60;50 bis unter 60;FLNGK1;Größenklassen der veräußerten Fläche;FLCHA020B050;2 bis unter 5 ha;33345;EUR/ha;KAU004;Durchschnittlicher Kaufwert
61521;Kaufwerte für landwirtschaftliche Grundstücke;JAHR;Jahr;2006;DINSG;Deutschland insgesamt;DG;Deutschland;EMZKL1;Größenklassen der Ertragsmesszahlen;EMZU30;unter 30;FLNGK1;Größenklassen der veräußerten Fläche;FLCHA050UM;5 und mehr ha;5018;EUR/ha;KAU004;Durchschnittlicher Kaufwert
61521;Kaufwerte für landwirtschaftliche Grundstücke;JAHR;Jahr;2008;DINSG;Deutschland insgesamt;DG;Deutschland;EMZKL1;Größenklassen der Ertragsmesszahlen;EMZA50B60;50 bis unter 60;FLNGK1;Größenklassen der veräußerten Fläche;FLCHA050UM;5 und mehr ha;10563;EUR/ha;KAU004;Durchschnittlicher Kaufwert
61521;Kaufwerte für landwirtschaftliche Grundstücke;JAHR;Jahr;2004;DINSG;Deutschland insgesamt;DG;Deutschland;EMZKL1;Größenklassen der Ertragsmesszahlen;EMZU30;unter 30;FLNGK1;Größenklassen der veräußerten Fläche;FLCHA050UM;5 und mehr ha;5840;EUR/ha;KAU004;Durchschnittlicher Kaufwert
61521;Kaufwerte für landwirtschaftliche Grundstücke;JAHR;Jahr;2008;DINSG;Deutschland insgesamt;DG;Deutschland;EMZKL1;Größenklassen der Ertragsmesszahlen;EMZA60UM;60 und mehr;FLNGK1;Größenklassen der veräußerten Fläche;FLCHA050UM;5 und mehr ha;14260;EUR/ha;KAU004;Durchschnittlicher Kaufwert
61521;Kaufwerte für landwirtschaftliche Grundstücke;JAHR;Jahr;2019;DINSG;Deutschland insgesamt;DG;Deutschland;EMZKL1;Größenklassen der Ertragsmesszahlen;EMZA40B50;40 bis unter 50;FLNGK1;Größenklassen der veräußerten Fläche;FLCHA025B001;0,25 bis unter 1 ha;26451;EUR/ha;KAU004;Durchschnittlicher Kaufwert
61521;Kaufwerte für landwirtschaftliche Grundstücke;JAHR;Jahr;2007;DINSG;Deutschland insgesamt;DG;Deutschland;EMZKL1;Größenklassen der Ertragsmesszahlen;EMZU30;unter 30;FLNGK1;Größenklassen der veräußerten Fläche;FLCHA001B025;0,1 bis unter 0,25 ha;11386;EUR/ha;KAU004;Durchschnittlicher Kaufwert
61521;Kaufwerte für landwirtschaftliche Grundstücke;JAHR;Jahr;1999;DINSG;Deutschland insgesamt;DG;Deutschland;EMZKL1;Größenklassen der Ertragsmesszahlen;EMZA60UM;60 und mehr;FLNGK1;Größenklassen der veräußerten Fläche;FLCHA025B001;0,25 bis unter 1 ha;21331;EUR/ha;KAU004;Durchschnittlicher Kaufwert
61521;Kaufwerte für landwirtschaftliche Grundstücke;JAHR;Jahr;2006;DINSG;Deutschland insgesamt;DG;Deutschland;EMZKL1;Größenklassen der Ertragsmesszahlen;EMZA30B40;30 bis unter 40;FLNGK1;Größenklassen der veräußerten Fläche;FLCHA020B050;2 bis unter 5 ha;8626;EUR/ha;KAU004;Durchschnittlicher Kaufwert
61521;Kaufwerte für landwirtschaftliche Grundstücke;JAHR;Jahr;1996;DINSG;Deutschland insgesamt;DG;Deutschland;EMZKL1;Größenklassen der Ertragsmesszahlen;EMZA40B50;40 bis unter 50;FLNGK1;Größenklassen der veräußerten Fläche;FLCHA020B050;2 bis unter 5 ha;13162;EUR/ha;KAU004;Durchschnittlicher Kaufwert
61521;Kaufwerte für landwirtschaftliche Grundstücke;JAHR;Jahr;1999;DINSG;Deutschland insgesamt;DG;Deutschland;EMZKL1;Größenklassen der Ertragsmesszahlen;EMZA60UM;60 und mehr;FLNGK1;Größenklassen der veräußerten Fläche;FLCHA010B020;1 bis unter 2 ha;19233;EUR/ha;KAU004;Durchschnittlicher Kaufwert
61521;Kaufwerte für landwirtschaftliche Grundstücke;JAHR;Jahr;2010;DINSG;Deutschland insgesamt;DG;Deutschland;EMZKL1;Größenklassen der Ertragsmesszahlen;EMZA40B50;40 bis unter 50;FLNGK1;Größenklassen der veräußerten Fläche;FLCHA050UM;5 und mehr ha;11658;EUR/ha;KAU004;Durchschnittlicher Kaufwert
61521;Kaufwerte für landwirtschaftliche Grundstücke;JAHR;Jahr;2005;DINSG;Deutschland insgesamt;DG;Deutschland;EMZKL1;Größenklassen der Ertragsmesszahlen;EMZA40B50;40 bis unter 50;FLNGK1;Größenklassen der veräußerten Fläche;FLCHA050UM;5 und mehr ha;6598;EUR/ha;KAU004;Durchschnittlicher Kaufwert
61521;Kaufwerte für landwirtschaftliche Grundstücke;JAHR;Jahr;2008;DINSG;Deutschland insgesamt;DG;Deutschland;EMZKL1;Größenklassen der Ertragsmesszahlen;EMZA50B60;50 bis unter 60;FLNGK1;Größenklassen der veräußerten Fläche;FLCHA010B020;1 bis unter 2 ha;17033;EUR/ha;KAU004;Durchschnittlicher Kaufwert
61521;Kaufwerte für landwirtschaftliche Grundstücke;JAHR;Jahr;1992;DINSG;Deutschland insgesamt;DG;Deutschland;EMZKL1;Größenklassen der Ertragsmesszahlen;EMZA30B40;30 bis unter 40;FLNGK1;Größenklassen der veräußerten Fläche;FLCHA001B025;0,1 bis unter 0,25 ha;14763;EUR/ha;KAU004;Durchschnittlicher Kaufwert
61521;Kaufwerte für landwirtschaftliche Grundstücke;JAHR;Jahr;1999;DINSG;Deutschland insgesamt;DG;Deutschland;EMZKL1;Größenklassen der Ertragsmesszahlen;EMZU30;unter 30;FLNGK1;Größenklassen der veräußerten Fläche;FLCHA001B025;0,1 bis unter 0,25 ha;11627;EUR/ha;KAU004;Durchschnittlicher Kaufwert
61521;Kaufwerte für landwirtschaftliche Grundstücke;JAHR;Jahr;2005;DINSG;Deutschland insgesamt;DG;Deutschland;EMZKL1;Größenklassen der Ertragsmesszahlen;EMZA60UM;60 und mehr;FLNGK1;Größenklassen der veräußerten Fläche;FLCHA001B025;0,1 bis unter 0,25 ha;27074;EUR/ha;KAU004;Durchschnittlicher Kaufwert
61521;Kaufwerte für landwirtschaftliche Grundstücke;JAHR;Jahr;2016;DINSG;Deutschland insgesamt;DG;Deutschland;EMZKL1;Größenklassen der Ertragsmesszahlen;EMZA30B40;30 bis unter 40;FLNGK1;Größenklassen der veräußerten Fläche;FLCHA050UM;5 und mehr ha;15681;EUR/ha;KAU004;Durchschnittlicher Kaufwert
61521;Kaufwerte für landwirtschaftliche Grundstücke;JAHR;Jahr;2005;DINSG;Deutschland insgesamt;DG;Deutschland;EMZKL1;Größenklassen der Ertragsmesszahlen;EMZU30;unter 30;FLNGK1;Größenklassen der veräußerten Fläche;FLCHA010B020;1 bis unter 2 ha;8103;EUR/ha;KAU004;Durchschnittlicher Kaufwert
61521;Kaufwerte für landwirtschaftliche Grundstücke;JAHR;Jahr;2014;DINSG;Deutschland insgesamt;DG;Deutschland;EMZKL1;Größenklassen der Ertragsmesszahlen;EMZU30;unter 30;FLNGK1;Größenklassen der veräußerten Fläche;FLCHA001B025;0,1 bis unter 0,25 ha;12680;EUR/ha;KAU004;Durchschnittlicher Kaufwert
61521;Kaufwerte für landwirtschaftliche Grundstücke;JAHR;Jahr;1993;DINSG;Deutschland insgesamt;DG;Deutschland;EMZKL1;Größenklassen der Ertragsmesszahlen;EMZA30B40;30 bis unter 40;FLNGK1;Größenklassen der veräußerten Fläche;FLCHA050UM;5 und mehr ha;7486;EUR/ha;KAU004;Durchschnittlicher Kaufwert
61521;Kaufwerte für landwirtschaftliche Grundstücke;JAHR;Jahr;2001;DINSG;Deutschland insgesamt;DG;Deutschland;EMZKL1;Größenklassen der Ertragsmesszahlen;EMZA50B60;50 bis unter 60;FLNGK1;Größenklassen der veräußerten Fläche;FLCHA020B050;2 bis unter 5 ha;16030;EUR/ha;KAU004;Durchschnittlicher Kaufwert
61521;Kaufwerte für landwirtschaftliche Grundstücke;JAHR;Jahr;2013;DINSG;Deutschland insgesamt;DG;Deutschland;EMZKL1;Größenklassen der Ertragsmesszahlen;EMZA50B60;50 bis unter 60;FLNGK1;Größenklassen der veräußerten Fläche;FLCHA050UM;5 und mehr ha;20161;EUR/ha;KAU004;Durchschnittlicher Kaufwert
61521;Kaufwerte für landwirtschaftliche Grundstücke;JAHR;Jahr;2018;DINSG;Deutschland insgesamt;DG;Deutschland;EMZKL1;Größenklassen der Ertragsmesszahlen;EMZU30;unter 30;FLNGK1;Größenklassen der veräußerten Fläche;FLCHA020B050;2 bis unter 5 ha;23280;EUR/ha;KAU004;Durchschnittlicher Kaufwert
61521;Kaufwerte für landwirtschaftliche Grundstücke;JAHR;Jahr;2013;DINSG;Deutschland insgesamt;DG;Deutschland;EMZKL1;Größenklassen der Ertragsmesszahlen;EMZA60UM;60 und mehr;FLNGK1;Größenklassen der veräußerten Fläche;FLCHA020B050;2 bis unter 5 ha;26769;EUR/ha;KAU004;Durchschnittlicher Kaufwert
61521;Kaufwerte für landwirtschaftliche Grundstücke;JAHR;Jahr;2000;DINSG;Deutschland insgesamt;DG;Deutschland;EMZKL1;Größenklassen der Ertragsmesszahlen;EMZA30B40;30 bis unter 40;FLNGK1;Größenklassen der veräußerten Fläche;FLCHA010B020;1 bis unter 2 ha;10193;EUR/ha;KAU004;Durchschnittlicher Kaufwert
61521;Kaufwerte für landwirtschaftliche Grundstücke;JAHR;Jahr;2012;DINSG;Deutschland insgesamt;DG;Deutschland;EMZKL1;Größenklassen der Ertragsmesszahlen;EMZA60UM;60 und mehr;FLNGK1;Größenklassen der veräußerten Fläche;FLCHA050UM;5 und mehr ha;19550;EUR/ha;KAU004;Durchschnittlicher Kaufwert
61521;Kaufwerte für landwirtschaftliche Grundstücke;JAHR;Jahr;2016;DINSG;Deutschland insgesamt;DG;Deutschland;EMZKL1;Größenklassen der Ertragsmesszahlen;;Insgesamt;FLNGK1;Größenklassen der veräußerten Fläche;FLCHA050UM;5 und mehr ha;20080;EUR/ha;KAU004;Durchschnittlicher Kaufwert
61521;Kaufwerte für landwirtschaftliche Grundstücke;JAHR;Jahr;1991;DINSG;Deutschland insgesamt;DG;Deutschland;EMZKL1;Größenklassen der Ertragsmesszahlen;EMZA30B40;30 bis unter 40;FLNGK1;Größenklassen der veräußerten Fläche;FLCHA020B050;2 bis unter 5 ha;12827;EUR/ha;KAU004;Durchschnittlicher Kaufwert
61521;Kaufwerte für landwirtschaftliche Grundstücke;JAHR;Jahr;2005;DINSG;Deutschland insgesamt;DG;Deutschland;EMZKL1;Größenklassen der Ertragsmesszahlen;;Insgesamt;FLNGK1;Größenklassen der veräußerten Fläche;FLCHA010B020;1 bis unter 2 ha;11966;EUR/ha;KAU004;Durchschnittlicher Kaufwert
61521;Kaufwerte für landwirtschaftliche Grundstücke;JAHR;Jahr;2012;DINSG;Deutschland insgesamt;DG;Deutschland;EMZKL1;Größenklassen der Ertragsmesszahlen;EMZU30;unter 30;FLNGK1;Größenklassen der veräußerten Fläche;FLCHA025B001;0,25 bis unter 1 ha;10576;EUR/ha;KAU004;Durchschnittlicher Kaufwert
61521;Kaufwerte für landwirtschaftliche Grundstücke;JAHR;Jahr;2014;DINSG;Deutschland insgesamt;DG;Deutschland;EMZKL1;Größenklassen der Ertragsmesszahlen;EMZA30B40;30 bis unter 40;FLNGK1;Größenklassen der veräußerten Fläche;FLCHA010B020;1 bis unter 2 ha;16851;EUR/ha;KAU004;Durchschnittlicher Kaufwert
61521;Kaufwerte für landwirtschaftliche Grundstücke;JAHR;Jahr;2004;DINSG;Deutschland insgesamt;DG;Deutschland;EMZKL1;Größenklassen der Ertragsmesszahlen;EMZA60UM;60 und mehr;FLNGK1;Größenklassen der veräußerten Fläche;FLCHA020B050;2 bis unter 5 ha;17317;EUR/ha;KAU004;Durchschnittlicher Kaufwert
61521;Kaufwerte für landwirtschaftliche Grundstücke;JAHR;Jahr;1994;DINSG;Deutschland insgesamt;DG;Deutschland;EMZKL1;Größenklassen der Ertragsmesszahlen;;Insgesamt;FLNGK1;Größenklassen der veräußerten Fläche;FLCHA001B025;0,1 bis unter 0,25 ha;21096;EUR/ha;KAU004;Durchschnittlicher Kaufwert
61521;Kaufwerte für landwirtschaftliche Grundstücke;JAHR;Jahr;1995;DINSG;Deutschland insgesamt;DG;Deutschland;EMZKL1;Größenklassen der Ertragsmesszahlen;EMZA50B60;50 bis unter 60;FLNGK1;Größenklassen der veräußerten Fläche;FLCHA025B001;0,25 bis unter 1 ha;21264;EUR/ha;KAU004;Durchschnittlicher Kaufwert
61521;Kaufwerte für landwirtschaftliche Grundstücke;JAHR;Jahr;2017;DINSG;Deutschland insgesamt;DG;Deutschland;EMZKL1;Größenklassen der Ertragsmesszahlen;;Insgesamt;FLNGK1;Größenklassen der veräußerten Fläche;FLCHA001B025;0,1 bis unter 0,25 ha;26076;EUR/ha;KAU004;Durchschnittlicher Kaufwert
61521;Kaufwerte für landwirtschaftliche Grundstücke;JAHR;Jahr;2013;DINSG;Deutschland insgesamt;DG;Deutschland;EMZKL1;Größenklassen der Ertragsmesszahlen;EMZA40B50;40 bis unter 50;FLNGK1;Größenklassen der veräußerten Fläche;FLCHA001B025;0,1 bis unter 0,25 ha;17339;EUR/ha;KAU004;Durchschnittlicher Kaufwert
61521;Kaufwerte für landwirtschaftliche Grundstücke;JAHR;Jahr;1992;DINSG;Deutschland insgesamt;DG;Deutschland;EMZKL1;Größenklassen der Ertragsmesszahlen;EMZU30;unter 30;FLNGK1;Größenklassen der veräußerten Fläche;FLCHA020B050;2 bis unter 5 ha;12286;EUR/ha;KAU004;Durchschnittlicher Kaufwert
61521;Kaufwerte für landwirtschaftliche Grundstücke;JAHR;Jahr;2016;DINSG;Deutschland insgesamt;DG;Deutschland;EMZKL1;Größenklassen der Ertragsmesszahlen;EMZA30B40;30 bis unter 40;FLNGK1;Größenklassen der veräußerten Fläche;FLCHA025B001;0,25 bis unter 1 ha;17314;EUR/ha;KAU004;Durchschnittlicher Kaufwert
61521;Kaufwerte für landwirtschaftliche Grundstücke;JAHR;Jahr;2003;DINSG;Deutschland insgesamt;DG;Deutschland;EMZKL1;Größenklassen der Ertragsmesszahlen;;Insgesamt;FLNGK1;Größenklassen der veräußerten Fläche;FLCHA001B025;0,1 bis unter 0,25 ha;20263;EUR/ha;KAU004;Durchschnittlicher Kaufwert
61521;Kaufwerte für landwirtschaftliche Grundstücke;JAHR;Jahr;2012;DINSG;Deutschland insgesamt;DG;Deutschland;EMZKL1;Größenklassen der Ertragsmesszahlen;;Insgesamt;FLNGK1;Größenklassen der veräußerten Fläche;;Insgesamt;14424;EUR/ha;KAU004;Durchschnittlicher Kaufwert
61521;Kaufwerte für landwirtschaftliche Grundstücke;JAHR;Jahr;2007;DINSG;Deutschland insgesamt;DG;Deutschland;EMZKL1;Größenklassen der Ertragsmesszahlen;;Insgesamt;FLNGK1;Größenklassen der veräußerten Fläche;FLCHA020B050;2 bis unter 5 ha;11502;EUR/ha;KAU004;Durchschnittlicher Kaufwert
61521;Kaufwerte für landwirtschaftliche Grundstücke;JAHR;Jahr;2017;DINSG;Deutschland insgesamt;DG;Deutschland;EMZKL1;Größenklassen der Ertragsmesszahlen;EMZA60UM;60 und mehr;FLNGK1;Größenklassen der veräußerten Fläche;;Insgesamt;34421;EUR/ha;KAU004;Durchschnittlicher Kaufwert
61521;Kaufwerte für landwirtschaftliche Grundstücke;JAHR;Jahr;2000;DINSG;Deutschland insgesamt;DG;Deutschland;EMZKL1;Größenklassen der Ertragsmesszahlen;EMZU30;unter 30;FLNGK1;Größenklassen der veräußerten Fläche;FLCHA020B050;2 bis unter 5 ha;9761;EUR/ha;KAU004;Durchschnittlicher Kaufwert
61521;Kaufwerte für landwirtschaftliche Grundstücke;JAHR;Jahr;2012;DINSG;Deutschland insgesamt;DG;Deutschland;EMZKL1;Größenklassen der Ertragsmesszahlen;EMZA40B50;40 bis unter 50;FLNGK1;Größenklassen der veräußerten Fläche;FLCHA020B050;2 bis unter 5 ha;17020;EUR/ha;KAU004;Durchschnittlicher Kaufwert
