statistics_code;statistics_label;time_code;time_label;time;1_variable_code;1_variable_label;1_variable_attribute_code;1_variable_attribute_label;2_variable_code;2_variable_label;2_variable_attribute_code;2_variable_attribute_label;3_variable_code;3_variable_label;3_variable_attribute_code;3_variable_attribute_label;value;value_unit;value_variable_code;value_variable_label
61521;Kaufwerte für landwirtschaftliche Grundstücke;JAHR;Jahr;2021;DINSG;Deutschland insgesamt;DG;Deutschland;BODAT1;Bodenarten;BOD-LF;Landwirtschaftliche Fläche;FLNGK1;Größenklassen der veräußerten Fläche;FLCHA020B050;2 bis unter 5 ha;x;100;MZL002;Durchschn.Ertragsmesszahl je ha veräußerter Fläche
61521;Kaufwerte für landwirtschaftliche Grundstücke;JAHR;Jahr;2021;DINSG;Deutschland insgesamt;DG;Deutschland;BODAT1;Bodenarten;BOD-LF;Landwirtschaftliche Fläche;FLNGK1;Größenklassen der veräußerten Fläche;FLCHA020B050;2 bis unter 5 ha;527840;Tsd. EUR;KAU003;Kaufsumme
61521;Kaufwerte für landwirtschaftliche Grundstücke;JAHR;Jahr;2021;DINSG;Deutschland insgesamt;DG;Deutschland;BODAT1;Bodenarten;BOD-LF;Landwirtschaftliche Fläche;FLNGK1;Größenklassen der veräußerten Fläche;FLCHA020B050;2 bis unter 5 ha;3,13;ha;FLC008;Durchschnittliche Fläche je Veräußerungsfall
61521;Kaufwerte für landwirtschaftliche Grundstücke;JAHR;Jahr;2021;DINSG;Deutschland insgesamt;DG;Deutschland;BODAT1;Bodenarten;BOD-LF;Landwirtschaftliche Fläche;FLNGK1;Größenklassen der veräußerten Fläche;FLCHA020B050;2 bis unter 5 ha;4683;Anzahl;VKF002;Veräußerungsfälle
61521;Kaufwerte für landwirtschaftliche Grundstücke;JAHR;Jahr;2021;DINSG;Deutschland insgesamt;DG;Deutschland;BODAT1;Bodenarten;BOD-LF;Landwirtschaftliche Fläche;FLNGK1;Größenklassen der veräußerten Fläche;FLCHA020B050;2 bis unter 5 ha;35969;EUR/ha;KAU004;Durchschnittlicher Kaufwert
61521;Kaufwerte für landwirtschaftliche Grundstücke;JAHR;Jahr;2021;DINSG;Deutschland insgesamt;DG;Deutschland;BODAT1;Bodenarten;BOD-LF;Landwirtschaftliche Fläche;FLNGK1;Größenklassen der veräußerten Fläche;FLCHA020B050;2 bis unter 5 ha;14675;ha;FLC023;Veräußerte Fläche
61521;Kaufwerte für landwirtschaftliche Grundstücke;JAHR;Jahr;2021;DINSG;Deutschland insgesamt;DG;Deutschland;BODAT1;Bodenarten;BOD-SONST-LF;Sonstige landwirtschaftliche Fläche;FLNGK1;Größenklassen der veräußerten Fläche;FLCHA050UM;5 und mehr ha;-;100;MZL002;Durchschn.Ertragsmesszahl je ha veräußerter Fläche
61521;Kaufwerte für landwirtschaftliche Grundstücke;JAHR;Jahr;2021;DINSG;Deutschland insgesamt;DG;Deutschland;BODAT1;Bodenarten;BOD-SONST-LF;Sonstige landwirtschaftliche Fläche;FLNGK1;Größenklassen der veräußerten Fläche;FLCHA050UM;5 und mehr ha;-;Tsd. EUR;KAU003;Kaufsumme
61521;Kaufwerte für landwirtschaftliche Grundstücke;JAHR;Jahr;2021;DINSG;Deutschland insgesamt;DG;Deutschland;BODAT1;Bodenarten;BOD-SONST-LF;Sonstige landwirtschaftliche Fläche;FLNGK1;Größenklassen der veräußerten Fläche;FLCHA050UM;5 und mehr ha;-;ha;FLC008;Durchschnittliche Fläche je Veräußerungsfall
61521;Kaufwerte für landwirtschaftliche Grundstücke;JAHR;Jahr;2021;DINSG;Deutschland insgesamt;DG;Deutschland;BODAT1;Bodenarten;BOD-SONST-LF;Sonstige landwirtschaftliche Fläche;FLNGK1;Größenklassen der veräußerten Fläche;FLCHA050UM;5 und mehr ha;-;Anzahl;VKF002;Veräußerungsfälle
61521;Kaufwerte für landwirtschaftliche Grundstücke;JAHR;Jahr;2021;DINSG;Deutschland insgesamt;DG;Deutschland;BODAT1;Bodenarten;BOD-SONST-LF;Sonstige landwirtschaftliche Fläche;FLNGK1;Größenklassen der veräußerten Fläche;FLCHA050UM;5 und mehr ha;-;EUR/ha;KAU004;Durchschnittlicher Kaufwert
61521;Kaufwerte für landwirtschaftliche Grundstücke;JAHR;Jahr;2021;DINSG;Deutschland insgesamt;DG;Deutschland;BODAT1;Bodenarten;BOD-SONST-LF;Sonstige landwirtschaftliche Fläche;FLNGK1;Größenklassen der veräußerten Fläche;FLCHA050UM;5 und mehr ha;-;ha;FLC023;Veräußerte Fläche
61521;Kaufwerte für landwirtschaftliche Grundstücke;JAHR;Jahr;2024;DINSG;Deutschland insgesamt;DG;Deutschland;BODAT1;Bodenarten;BOD-ACK;Ackerland;FLNGK1;Größenklassen der veräußerten Fläche;FLCHA050UM;5 und mehr ha;x;100;MZL002;Durchschn.Ertragsmesszahl je ha veräußerter Fläche
61521;Kaufwerte für landwirtschaftliche Grundstücke;JAHR;Jahr;2024;DINSG;Deutschland insgesamt;DG;Deutschland;BODAT1;Bodenarten;BOD-ACK;Ackerland;FLNGK1;Größenklassen der veräußerten Fläche;FLCHA050UM;5 und mehr ha;721905;Tsd. EUR;KAU003;Kaufsumme
61521;Kaufwerte für landwirtschaftliche Grundstücke;JAHR;Jahr;2024;DINSG;Deutschland insgesamt;DG;Deutschland;BODAT1;Bodenarten;BOD-ACK;Ackerland;FLNGK1;Größenklassen der veräußerten Fläche;FLCHA050UM;5 und mehr ha;10,75;ha;FLC008;Durchschnittliche Fläche je Veräußerungsfall
61521;Kaufwerte für landwirtschaftliche Grundstücke;JAHR;Jahr;2024;DINSG;Deutschland insgesamt;DG;Deutschland;BODAT1;Bodenarten;BOD-ACK;Ackerland;FLNGK1;Größenklassen der veräußerten Fläche;FLCHA050UM;5 und mehr ha;1729;Anzahl;VKF002;Veräußerungsfälle
61521;Kaufwerte für landwirtschaftliche Grundstücke;JAHR;Jahr;2024;DINSG;Deutschland insgesamt;DG;Deutschland;BODAT1;Bodenarten;BOD-ACK;Ackerland;FLNGK1;Größenklassen der veräußerten Fläche;FLCHA050UM;5 und mehr ha;38826;EUR/ha;KAU004;Durchschnittlicher Kaufwert
61521;Kaufwerte für landwirtschaftliche Grundstücke;JAHR;Jahr;2024;DINSG;Deutschland insgesamt;DG;Deutschland;BODAT1;Bodenarten;BOD-ACK;Ackerland;FLNGK1;Größenklassen der veräußerten Fläche;FLCHA050UM;5 und mehr ha;18593;ha;FLC023;Veräußerte Fläche
61521;Kaufwerte für landwirtschaftliche Grundstücke;JAHR;Jahr;2024;DINSG;Deutschland insgesamt;DG;Deutschland;BODAT1;Bodenarten;BOD-SONST-LF;Sonstige landwirtschaftliche Fläche;FLNGK1;Größenklassen der veräußerten Fläche;FLCHA020B050;2 bis unter 5 ha;x;100;MZL002;Durchschn.Ertragsmesszahl je ha veräußerter Fläche
61521;Kaufwerte für landwirtschaftliche Grundstücke;JAHR;Jahr;2024;DINSG;Deutschland insgesamt;DG;Deutschland;BODAT1;Bodenarten;BOD-SONST-LF;Sonstige landwirtschaftliche Fläche;FLNGK1;Größenklassen der veräußerten Fläche;FLCHA020B050;2 bis unter 5 ha;9370;Tsd. EUR;KAU003;Kaufsumme
61521;Kaufwerte für landwirtschaftliche Grundstücke;JAHR;Jahr;2024;DINSG;Deutschland insgesamt;DG;Deutschland;BODAT1;Bodenarten;BOD-SONST-LF;Sonstige landwirtschaftliche Fläche;FLNGK1;Größenklassen der veräußerten Fläche;FLCHA020B050;2 bis unter 5 ha;3,09;ha;FLC008;Durchschnittliche Fläche je Veräußerungsfall
61521;Kaufwerte für landwirtschaftliche Grundstücke;JAHR;Jahr;2024;DINSG;Deutschland insgesamt;DG;Deutschland;BODAT1;Bodenarten;BOD-SONST-LF;Sonstige landwirtschaftliche Fläche;FLNGK1;Größenklassen der veräußerten Fläche;FLCHA020B050;2 bis unter 5 ha;56;Anzahl;VKF002;Veräußerungsfälle
61521;Kaufwerte für landwirtschaftliche Grundstücke;JAHR;Jahr;2024;DINSG;Deutschland insgesamt;DG;Deutschland;BODAT1;Bodenarten;BOD-SONST-LF;Sonstige landwirtschaftliche Fläche;FLNGK1;Größenklassen der veräußerten Fläche;FLCHA020B050;2 bis unter 5 ha;54180;EUR/ha;KAU004;Durchschnittlicher Kaufwert
61521;Kaufwerte für landwirtschaftliche Grundstücke;JAHR;Jahr;2024;DINSG;Deutschland insgesamt;DG;Deutschland;BODAT1;Bodenarten;BOD-SONST-LF;Sonstige landwirtschaftliche Fläche;FLNGK1;Größenklassen der veräußerten Fläche;FLCHA020B050;2 bis unter 5 ha;173;ha;FLC023;Veräußerte Fläche
61521;Kaufwerte für landwirtschaftliche Grundstücke;JAHR;Jahr;2024;DINSG;Deutschland insgesamt;DG;Deutschland;BODAT1;Bodenarten;;Insgesamt;FLNGK1;Größenklassen der veräußerten Fläche;FLCHA050UM;5 und mehr ha;x;100;MZL002;Durchschn.Ertragsmesszahl je ha veräußerter Fläche
61521;Kaufwerte für landwirtschaftliche Grundstücke;JAHR;Jahr;2024;DINSG;Deutschland insgesamt;DG;Deutschland;BODAT1;Bodenarten;;Insgesamt;FLNGK1;Größenklassen der veräußerten Fläche;FLCHA050UM;5 und mehr ha;1001298;Tsd. EUR;KAU003;Kaufsumme
61521;Kaufwerte für landwirtschaftliche Grundstücke;JAHR;Jahr;2024;DINSG;Deutschland insgesamt;DG;Deutschland;BODAT1;Bodenarten;;Insgesamt;FLNGK1;Größenklassen der veräußerten Fläche;FLCHA050UM;5 und mehr ha;10,97;ha;FLC008;Durchschnittliche Fläche je Veräußerungsfall
61521;Kaufwerte für landwirtschaftliche Grundstücke;JAHR;Jahr;2024;DINSG;Deutschland insgesamt;DG;Deutschland;BODAT1;Bodenarten;;Insgesamt;FLNGK1;Größenklassen der veräußerten Fläche;FLCHA050UM;5 und mehr ha;2833;Anzahl;VKF002;Veräußerungsfälle
61521;Kaufwerte für landwirtschaftliche Grundstücke;JAHR;Jahr;2024;DINSG;Deutschland insgesamt;DG;Deutschland;BODAT1;Bodenarten;;Insgesamt;FLNGK1;Größenklassen der veräußerten Fläche;FLCHA050UM;5 und mehr ha;32212;EUR/ha;KAU004;Durchschnittlicher Kaufwert
61521;Kaufwerte für landwirtschaftliche Grundstücke;JAHR;Jahr;2024;DINSG;Deutschland insgesamt;DG;Deutschland;BODAT1;Bodenarten;;Insgesamt;FLNGK1;Größenklassen der veräußerten Fläche;FLCHA050UM;5 und mehr ha;31085;ha;FLC023;Veräußerte Fläche
61521;Kaufwerte für landwirtschaftliche Grundstücke;JAHR;Jahr;2022;DINSG;Deutschland insgesamt;DG;Deutschland;BODAT1;Bodenarten;BOD-ACK;Ackerland;FLNGK1;Größenklassen der veräußerten Fläche;FLCHA025B001;0,25 bis unter 1 ha;x;100;MZL002;Durchschn.Ertragsmesszahl je ha veräußerter Fläche
61521;Kaufwerte für landwirtschaftliche Grundstücke;JAHR;Jahr;2022;DINSG;Deutschland insgesamt;DG;Deutschland;BODAT1;Bodenarten;BOD-ACK;Ackerland;FLNGK1;Größenklassen der veräußerten Fläche;FLCHA025B001;0,25 bis unter 1 ha;136627;Tsd. EUR;KAU003;Kaufsumme
61521;Kaufwerte für landwirtschaftliche Grundstücke;JAHR;Jahr;2022;DINSG;Deutschland insgesamt;DG;Deutschland;BODAT1;Bodenarten;BOD-ACK;Ackerland;FLNGK1;Größenklassen der veräußerten Fläche;FLCHA025B001;0,25 bis unter 1 ha;0,54;ha;FLC008;Durchschnittliche Fläche je Veräußerungsfall
61521;Kaufwerte für landwirtschaftliche Grundstücke;JAHR;Jahr;2022;DINSG;Deutschland insgesamt;DG;Deutschland;BODAT1;Bodenarten;BOD-ACK;Ackerland;FLNGK1;Größenklassen der veräußerten Fläche;FLCHA025B001;0,25 bis unter 1 ha;7019;Anzahl;VKF002;Veräußerungsfälle
61521;Kaufwerte für landwirtschaftliche Grundstücke;JAHR;Jahr;2022;DINSG;Deutschland insgesamt;DG;Deutschland;BODAT1;Bodenarten;BOD-ACK;Ackerland;FLNGK1;Größenklassen der veräußerten Fläche;FLCHA025B001;0,25 bis unter 1 ha;35989;EUR/ha;KAU004;Durchschnittlicher Kaufwert
61521;Kaufwerte für landwirtschaftliche Grundstücke;JAHR;Jahr;2022;DINSG;Deutschland insgesamt;DG;Deutschland;BODAT1;Bodenarten;BOD-ACK;Ackerland;FLNGK1;Größenklassen der veräußerten Fläche;FLCHA025B001;0,25 bis unter 1 ha;3796;ha;FLC023;Veräußerte Fläche
61521;Kaufwerte für landwirtschaftliche Grundstücke;JAHR;Jahr;2022;DINSG;Deutschland insgesamt;DG;Deutschland;BODAT1;Bodenarten;BOD-SONST-LF;Sonstige landwirtschaftliche Fläche;FLNGK1;Größenklassen der veräußerten Fläche;;Insgesamt;x;100;MZL002;Durchschn.Ertragsmesszahl je ha veräußerter Fläche
61521;Kaufwerte für landwirtschaftliche Grundstücke;JAHR;Jahr;2022;DINSG;Deutschland insgesamt;DG;Deutschland;BODAT1;Bodenarten;BOD-SONST-LF;Sonstige landwirtschaftliche Fläche;FLNGK1;Größenklassen der veräußerten Fläche;;Insgesamt;72541;Tsd. EUR;KAU003;Kaufsumme
61521;Kaufwerte für landwirtschaftliche Grundstücke;JAHR;Jahr;2022;DINSG;Deutschland insgesamt;DG;Deutschland;BODAT1;Bodenarten;BOD-SONST-LF;Sonstige landwirtschaftliche Fläche;FLNGK1;Größenklassen der veräußerten Fläche;;Insgesamt;1,23;ha;FLC008;Durchschnittliche Fläche je Veräußerungsfall
61521;Kaufwerte für landwirtschaftliche Grundstücke;JAHR;Jahr;2022;DINSG;Deutschland insgesamt;DG;Deutschland;BODAT1;Bodenarten;BOD-SONST-LF;Sonstige landwirtschaftliche Fläche;FLNGK1;Größenklassen der veräußerten Fläche;;Insgesamt;1274;Anzahl;VKF002;Veräußerungsfälle
61521;Kaufwerte für landwirtschaftliche Grundstücke;JAHR;Jahr;2022;DINSG;Deutschland insgesamt;DG;Deutschland;BODAT1;Bodenarten;BOD-SONST-LF;Sonstige landwirtschaftliche Fläche;FLNGK1;Größenklassen der veräußerten Fläche;;Insgesamt;46385;EUR/ha;KAU004;Durchschnittlicher Kaufwert
61521;Kaufwerte für landwirtschaftliche Grundstücke;JAHR;Jahr;2022;DINSG;Deutschland insgesamt;DG;Deutschland;BODAT1;Bodenarten;BOD-SONST-LF;Sonstige landwirtschaftliche Fläche;FLNGK1;Größenklassen der veräußerten Fläche;;Insgesamt;1564;ha;FLC023;Veräußerte Fläche
61521;Kaufwerte für landwirtschaftliche Grundstücke;JAHR;Jahr;2024;DINSG;Deutschland insgesamt;DG;Deutschland;BODAT1;Bodenarten;BOD-ACK;Ackerland;FLNGK1;Größenklassen der veräußerten Fläche;;Insgesamt;x;100;MZL002;Durchschn.Ertragsmesszahl je ha veräußerter Fläche
61521;Kaufwerte für landwirtschaftliche Grundstücke;JAHR;Jahr;2024;DINSG;Deutschland insgesamt;DG;Deutschland;BODAT1;Bodenarten;BOD-ACK;Ackerland;FLNGK1;Größenklassen der veräußerten Fläche;;Insgesamt;1584163;Tsd. EUR;KAU003;Kaufsumme
61521;Kaufwerte für landwirtschaftliche Grundstücke;JAHR;Jahr;2024;DINSG;Deutschland insgesamt;DG;Deutschland;BODAT1;Bodenarten;BOD-ACK;Ackerland;FLNGK1;Größenklassen der veräußerten Fläche;;Insgesamt;2,04;ha;FLC008;Durchschnittliche Fläche je Veräußerungsfall
61521;Kaufwerte für landwirtschaftliche Grundstücke;JAHR;Jahr;2024;DINSG;Deutschland insgesamt;DG;Deutschland;BODAT1;Bodenarten;BOD-ACK;Ackerland;FLNGK1;Größenklassen der veräußerten Fläche;;Insgesamt;18163;Anzahl;VKF002;Veräußerungsfälle
61521;Kaufwerte für landwirtschaftliche Grundstücke;JAHR;Jahr;2024;DINSG;Deutschland insgesamt;DG;Deutschland;BODAT1;Bodenarten;BOD-ACK;Ackerland;FLNGK1;Größenklassen der veräußerten Fläche;;Insgesamt;42808;EUR/ha;KAU004;Durchschnittlicher Kaufwert
61521;Kaufwerte für landwirtschaftliche Grundstücke;JAHR;Jahr;2024;DINSG;Deutschland insgesamt;DG;Deutschland;BODAT1;Bodenarten;BOD-ACK;Ackerland;FLNGK1;Größenklassen der veräußerten Fläche;;Insgesamt;37006;ha;FLC023;Veräußerte Fläche
61521;Kaufwerte für landwirtschaftliche Grundstücke;JAHR;Jahr;2025;DINSG;Deutschland insgesamt;DG;Deutschland;BODAT1;Bodenarten;BOD-GRL;Grünland;FLNGK1;Größenklassen der veräußerten Fläche;FLCHA050UM;5 und mehr ha;x;100;MZL002;Durchschn.Ertragsmesszahl je ha veräußerter Fläche
61521;Kaufwerte für landwirtschaftliche Grundstücke;JAHR;Jahr;2025;DINSG;Deutschland insgesamt;DG;Deutschland;BODAT1;Bodenarten;BOD-GRL;Grünland;FLNGK1;Größenklassen der veräußerten Fläche;FLCHA050UM;5 und mehr ha;82335;Tsd. EUR;KAU003;Kaufsumme
61521;Kaufwerte für landwirtschaftliche Grundstücke;JAHR;Jahr;2025;DINSG;Deutschland insgesamt;DG;Deutschland;BODAT1;Bodenarten;BOD-GRL;Grünland;FLNGK1;Größenklassen der veräußerten Fläche;FLCHA050UM;5 und mehr ha;9,69;ha;FLC008;Durchschnittliche Fläche je Veräußerungsfall
61521;Kaufwerte für landwirtschaftliche Grundstücke;JAHR;Jahr;2025;DINSG;Deutschland insgesamt;DG;Deutschland;BODAT1;Bodenarten;BOD-GRL;Grünland;FLNGK1;Größenklassen der veräußerten Fläche;FLCHA050UM;5 und mehr ha;318;Anzahl;VKF002;Veräußerungsfälle
61521;Kaufwerte für landwirtschaftliche Grundstücke;JAHR;Jahr;2025;DINSG;Deutschland insgesamt;DG;Deutschland;BODAT1;Bodenarten;BOD-GRL;Grünland;FLNGK1;Größenklassen der veräußerten Fläche;FLCHA050UM;5 und mehr ha;26709;EUR/ha;KAU004;Durchschnittlicher Kaufwert
61521;Kaufwerte für landwirtschaftliche Grundstücke;JAHR;Jahr;2025;DINSG;Deutschland insgesamt;DG;Deutschland;BODAT1;Bodenarten;BOD-GRL;Grünland;FLNGK1;Größenklassen der veräußerten Fläche;FLCHA050UM;5 und mehr ha;3083;ha;FLC023;Veräußerte Fläche
61521;Kaufwerte für landwirtschaftliche Grundstücke;JAHR;Jahr;2024;DINSG;Deutschland insgesamt;DG;Deutschland;BODAT1;Bodenarten;BOD-SONST-LF;Sonstige landwirtschaftliche Fläche;FLNGK1;Größenklassen der veräußerten Fläche;FLCHA001B025;0,1 bis unter 0,25 ha;x;100;MZL002;Durchschn.Ertragsmesszahl je ha veräußerter Fläche
61521;Kaufwerte für landwirtschaftliche Grundstücke;JAHR;Jahr;2024;DINSG;Deutschland insgesamt;DG;Deutschland;BODAT1;Bodenarten;BOD-SONST-LF;Sonstige landwirtschaftliche Fläche;FLNGK1;Größenklassen der veräußerten Fläche;FLCHA001B025;0,1 bis unter 0,25 ha;3825;Tsd. EUR;KAU003;Kaufsumme
61521;Kaufwerte für landwirtschaftliche Grundstücke;JAHR;Jahr;2024;DINSG;Deutschland insgesamt;DG;Deutschland;BODAT1;Bodenarten;BOD-SONST-LF;Sonstige landwirtschaftliche Fläche;FLNGK1;Größenklassen der veräußerten Fläche;FLCHA001B025;0,1 bis unter 0,25 ha;0,16;ha;FLC008;Durchschnittliche Fläche je Veräußerungsfall
61521;Kaufwerte für landwirtschaftliche Grundstücke;JAHR;Jahr;2024;DINSG;Deutschland insgesamt;DG;Deutschland;BODAT1;Bodenarten;BOD-SONST-LF;Sonstige landwirtschaftliche Fläche;FLNGK1;Größenklassen der veräußerten Fläche;FLCHA001B025;0,1 bis unter 0,25 ha;423;Anzahl;VKF002;Veräußerungsfälle
61521;Kaufwerte für landwirtschaftliche Grundstücke;JAHR;Jahr;2024;DINSG;Deutschland insgesamt;DG;Deutschland;BODAT1;Bodenarten;BOD-SONST-LF;Sonstige landwirtschaftliche Fläche;FLNGK1;Größenklassen der veräußerten Fläche;FLCHA001B025;0,1 bis unter 0,25 ha;55796;EUR/ha;KAU004;Durchschnittlicher Kaufwert
61521;Kaufwerte für landwirtschaftliche Grundstücke;JAHR;Jahr;2024;DINSG;Deutschland insgesamt;DG;Deutschland;BODAT1;Bodenarten;BOD-SONST-LF;Sonstige landwirtschaftliche Fläche;FLNGK1;Größenklassen der veräußerten Fläche;FLCHA001B025;0,1 bis unter 0,25 ha;69;ha;FLC023;Veräußerte Fläche
61521;Kaufwerte für landwirtschaftliche Grundstücke;JAHR;Jahr;2022;DINSG;Deutschland insgesamt;DG;Deutschland;BODAT1;Bodenarten;BOD-GRL;Grünland;FLNGK1;Größenklassen der veräußerten Fläche;FLCHA025B001;0,25 bis unter 1 ha;x;100;MZL002;Durchschn.Ertragsmesszahl je ha veräußerter Fläche
61521;Kaufwerte für landwirtschaftliche Grundstücke;JAHR;Jahr;2022;DINSG;Deutschland insgesamt;DG;Deutschland;BODAT1;Bodenarten;BOD-GRL;Grünland;FLNGK1;Größenklassen der veräußerten Fläche;FLCHA025B001;0,25 bis unter 1 ha;56922;Tsd. EUR;KAU003;Kaufsumme
61521;Kaufwerte für landwirtschaftliche Grundstücke;JAHR;Jahr;2022;DINSG;Deutschland insgesamt;DG;Deutschland;BODAT1;Bodenarten;BOD-GRL;Grünland;FLNGK1;Größenklassen der veräußerten Fläche;FLCHA025B001;0,25 bis unter 1 ha;0,52;ha;FLC008;Durchschnittliche Fläche je Veräußerungsfall
61521;Kaufwerte für landwirtschaftliche Grundstücke;JAHR;Jahr;2022;DINSG;Deutschland insgesamt;DG;Deutschland;BODAT1;Bodenarten;BOD-GRL;Grünland;FLNGK1;Größenklassen der veräußerten Fläche;FLCHA025B001;0,25 bis unter 1 ha;4470;Anzahl;VKF002;Veräußerungsfälle
61521;Kaufwerte für landwirtschaftliche Grundstücke;JAHR;Jahr;2022;DINSG;Deutschland insgesamt;DG;Deutschland;BODAT1;Bodenarten;BOD-GRL;Grünland;FLNGK1;Größenklassen der veräußerten Fläche;FLCHA025B001;0,25 bis unter 1 ha;24307;EUR/ha;KAU004;Durchschnittlicher Kaufwert
61521;Kaufwerte für landwirtschaftliche Grundstücke;JAHR;Jahr;2022;DINSG;Deutschland insgesamt;DG;Deutschland;BODAT1;Bodenarten;BOD-GRL;Grünland;FLNGK1;Größenklassen der veräußerten Fläche;FLCHA025B001;0,25 bis unter 1 ha;2342;ha;FLC023;Veräußerte Fläche
61521;Kaufwerte für landwirtschaftliche Grundstücke;JAHR;Jahr;2024;DINSG;Deutschland insgesamt;DG;Deutschland;BODAT1;Bodenarten;BOD-SONST-LF;Sonstige landwirtschaftliche Fläche;FLNGK1;Größenklassen der veräußerten Fläche;FLCHA010B020;1 bis unter 2 ha;x;100;MZL002;Durchschn.Ertragsmesszahl je ha veräußerter Fläche
61521;Kaufwerte für landwirtschaftliche Grundstücke;JAHR;Jahr;2024;DINSG;Deutschland insgesamt;DG;Deutschland;BODAT1;Bodenarten;BOD-SONST-LF;Sonstige landwirtschaftliche Fläche;FLNGK1;Größenklassen der veräußerten Fläche;FLCHA010B020;1 bis unter 2 ha;3296;Tsd. EUR;KAU003;Kaufsumme
61521;Kaufwerte für landwirtschaftliche Grundstücke;JAHR;Jahr;2024;DINSG;Deutschland insgesamt;DG;Deutschland;BODAT1;Bodenarten;BOD-SONST-LF;Sonstige landwirtschaftliche Fläche;FLNGK1;Größenklassen der veräußerten Fläche;FLCHA010B020;1 bis unter 2 ha;1,44;ha;FLC008;Durchschnittliche Fläche je Veräußerungsfall
61521;Kaufwerte für landwirtschaftliche Grundstücke;JAHR;Jahr;2024;DINSG;Deutschland insgesamt;DG;Deutschland;BODAT1;Bodenarten;BOD-SONST-LF;Sonstige landwirtschaftliche Fläche;FLNGK1;Größenklassen der veräußerten Fläche;FLCHA010B020;1 bis unter 2 ha;81;Anzahl;VKF002;Veräußerungsfälle
61521;Kaufwerte für landwirtschaftliche Grundstücke;JAHR;Jahr;2024;DINSG;Deutschland insgesamt;DG;Deutschland;BODAT1;Bodenarten;BOD-SONST-LF;Sonstige landwirtschaftliche Fläche;FLNGK1;Größenklassen der veräußerten Fläche;FLCHA010B020;1 bis unter 2 ha;28264;EUR/ha;KAU004;Durchschnittlicher Kaufwert
61521;Kaufwerte für landwirtschaftliche Grundstücke;JAHR;Jahr;2024;DINSG;Deutschland insgesamt;DG;Deutschland;BODAT1;Bodenarten;BOD-SONST-LF;Sonstige landwirtschaftliche Fläche;FLNGK1;Größenklassen der veräußerten Fläche;FLCHA010B020;1 bis unter 2 ha;117;ha;FLC023;Veräußerte Fläche
61521;Kaufwerte für landwirtschaftliche Grundstücke;JAHR;Jahr;2021;DINSG;Deutschland insgesamt;DG;Deutschland;BODAT1;Bodenarten;;Insgesamt;FLNGK1;Größenklassen der veräußerten Fläche;FLCHA020B050;2 bis unter 5 ha;x;100;MZL002;Durchschn.Ertragsmesszahl je ha veräußerter Fläche
61521;Kaufwerte für landwirtschaftliche Grundstücke;JAHR;Jahr;2021;DINSG;Deutschland insgesamt;DG;Deutschland;BODAT1;Bodenarten;;Insgesamt;FLNGK1;Größenklassen der veräußerten Fläche;FLCHA020B050;2 bis unter 5 ha;539869;Tsd. EUR;KAU003;Kaufsumme
61521;Kaufwerte für landwirtschaftliche Grundstücke;JAHR;Jahr;2021;DINSG;Deutschland insgesamt;DG;Deutschland;BODAT1;Bodenarten;;Insgesamt;FLNGK1;Größenklassen der veräußerten Fläche;FLCHA020B050;2 bis unter 5 ha;3,14;ha;FLC008;Durchschnittliche Fläche je Veräußerungsfall
61521;Kaufwerte für landwirtschaftliche Grundstücke;JAHR;Jahr;2021;DINSG;Deutschland insgesamt;DG;Deutschland;BODAT1;Bodenarten;;Insgesamt;FLNGK1;Größenklassen der veräußerten Fläche;FLCHA020B050;2 bis unter 5 ha;4812;Anzahl;VKF002;Veräußerungsfälle
61521;Kaufwerte für landwirtschaftliche Grundstücke;JAHR;Jahr;2021;DINSG;Deutschland insgesamt;DG;Deutschland;BODAT1;Bodenarten;;Insgesamt;FLNGK1;Größenklassen der veräußerten Fläche;FLCHA020B050;2 bis unter 5 ha;35775;EUR/ha;KAU004;Durchschnittlicher Kaufwert
61521;Kaufwerte für landwirtschaftliche Grundstücke;JAHR;Jahr;2021;DINSG;Deutschland insgesamt;DG;Deutschland;BODAT1;Bodenarten;;Insgesamt;FLNGK1;Größenklassen der veräußerten Fläche;FLCHA020B050;2 bis unter 5 ha;15091;ha;FLC023;Veräußerte Fläche
61521;Kaufwerte für landwirtschaftliche Grundstücke;JAHR;Jahr;2022;DINSG;Deutschland insgesamt;DG;Deutschland;BODAT1;Bodenarten;;Insgesamt;FLNGK1;Größenklassen der veräußerten Fläche;;Insgesamt;x;100;MZL002;Durchschn.Ertragsmesszahl je ha veräußerter Fläche
61521;Kaufwerte für landwirtschaftliche Grundstücke;JAHR;Jahr;2022;DINSG;Deutschland insgesamt;DG;Deutschland;BODAT1;Bodenarten;;Insgesamt;FLNGK1;Größenklassen der veräußerten Fläche;;Insgesamt;1891756;Tsd. EUR;KAU003;Kaufsumme
61521;Kaufwerte für landwirtschaftliche Grundstücke;JAHR;Jahr;2022;DINSG;Deutschland insgesamt;DG;Deutschland;BODAT1;Bodenarten;;Insgesamt;FLNGK1;Größenklassen der veräußerten Fläche;;Insgesamt;1,79;ha;FLC008;Durchschnittliche Fläche je Veräußerungsfall
61521;Kaufwerte für landwirtschaftliche Grundstücke;JAHR;Jahr;2022;DINSG;Deutschland insgesamt;DG;Deutschland;BODAT1;Bodenarten;;Insgesamt;FLNGK1;Größenklassen der veräußerten Fläche;;Insgesamt;33207;Anzahl;VKF002;Veräußerungsfälle
61521;Kaufwerte für landwirtschaftliche Grundstücke;JAHR;Jahr;2022;DINSG;Deutschland insgesamt;DG;Deutschland;BODAT1;Bodenarten;;Insgesamt;FLNGK1;Größenklassen der veräußerten Fläche;;Insgesamt;31911;EUR/ha;KAU004;Durchschnittlicher Kaufwert
61521;Kaufwerte für landwirtschaftliche Grundstücke;JAHR;Jahr;2022;DINSG;Deutschland insgesamt;DG;Deutschland;BODAT1;Bodenarten;;Insgesamt;FLNGK1;Größenklassen der veräußerten Fläche;;Insgesamt;59283;ha;FLC023;Veräußerte Fläche
61521;Kaufwerte für landwirtschaftliche Grundstücke;JAHR;Jahr;2021;DINSG;Deutschland insgesamt;DG;Deutschland;BODAT1;Bodenarten;BOD-LF;Landwirtschaftliche Fläche;FLNGK1;Größenklassen der veräußerten Fläche;FLCHA001B025;0,1 bis unter 0,25 ha;x;100;MZL002;Durchschn.Ertragsmesszahl je ha veräußerter Fläche
61521;Kaufwerte für landwirtschaftliche Grundstücke;JAHR;Jahr;2021;DINSG;Deutschland insgesamt;DG;Deutschland;BODAT1;Bodenarten;BOD-LF;Landwirtschaftliche Fläche;FLNGK1;Größenklassen der veräußerten Fläche;FLCHA001B025;0,1 bis unter 0,25 ha;29818;Tsd. EUR;KAU003;Kaufsumme
61521;Kaufwerte für landwirtschaftliche Grundstücke;JAHR;Jahr;2021;DINSG;Deutschland insgesamt;DG;Deutschland;BODAT1;Bodenarten;BOD-LF;Landwirtschaftliche Fläche;FLNGK1;Größenklassen der veräußerten Fläche;FLCHA001B025;0,1 bis unter 0,25 ha;0,17;ha;FLC008;Durchschnittliche Fläche je Veräußerungsfall
61521;Kaufwerte für landwirtschaftliche Grundstücke;JAHR;Jahr;2021;DINSG;Deutschland insgesamt;DG;Deutschland;BODAT1;Bodenarten;BOD-LF;Landwirtschaftliche Fläche;FLNGK1;Größenklassen der veräußerten Fläche;FLCHA001B025;0,1 bis unter 0,25 ha;6883;Anzahl;VKF002;Veräußerungsfälle
61521;Kaufwerte für landwirtschaftliche Grundstücke;JAHR;Jahr;2021;DINSG;Deutschland insgesamt;DG;Deutschland;BODAT1;Bodenarten;BOD-LF;Landwirtschaftliche Fläche;FLNGK1;Größenklassen der veräußerten Fläche;FLCHA001B025;0,1 bis unter 0,25 ha;25586;EUR/ha;KAU004;Durchschnittlicher Kaufwert
61521;Kaufwerte für landwirtschaftliche Grundstücke;JAHR;Jahr;2021;DINSG;Deutschland insgesamt;DG;Deutschland;BODAT1;Bodenarten;BOD-LF;Landwirtschaftliche Fläche;FLNGK1;Größenklassen der veräußerten Fläche;FLCHA001B025;0,1 bis unter 0,25 ha;1165;ha;FLC023;Veräußerte Fläche
61521;Kaufwerte für landwirtschaftliche Grundstücke;JAHR;Jahr;2022;DINSG;Deutschland insgesamt;DG;Deutschland;BODAT1;Bodenarten;;Insgesamt;FLNGK1;Größenklassen der veräußerten Fläche;FLCHA010B020;1 bis unter 2 ha;x;100;MZL002;Durchschn.Ertragsmesszahl je ha veräußerter Fläche
61521;Kaufwerte für landwirtschaftliche Grundstücke;JAHR;Jahr;2022;DINSG;Deutschland insgesamt;DG;Deutschland;BODAT1;Bodenarten;;Insgesamt;FLNGK1;Größenklassen der veräußerten Fläche;FLCHA010B020;1 bis unter 2 ha;284065;Tsd. EUR;KAU003;Kaufsumme
61521;Kaufwerte für landwirtschaftliche Grundstücke;JAHR;Jahr;2022;DINSG;Deutschland insgesamt;DG;Deutschland;BODAT1;Bodenarten;;Insgesamt;FLNGK1;Größenklassen der veräußerten Fläche;FLCHA010B020;1 bis unter 2 ha;1,41;ha;FLC008;Durchschnittliche Fläche je Veräußerungsfall
61521;Kaufwerte für landwirtschaftliche Grundstücke;JAHR;Jahr;2022;DINSG;Deutschland insgesamt;DG;Deutschland;BODAT1;Bodenarten;;Insgesamt;FLNGK1;Größenklassen der veräußerten Fläche;FLCHA010B020;1 bis unter 2 ha;5431;Anzahl;VKF002;Veräußerungsfälle
61521;Kaufwerte für landwirtschaftliche Grundstücke;JAHR;Jahr;2022;DINSG;Deutschland insgesamt;DG;Deutschland;BODAT1;Bodenarten;;Insgesamt;FLNGK1;Größenklassen der veräußerten Fläche;FLCHA010B020;1 bis unter 2 ha;37059;EUR/ha;KAU004;Durchschnittlicher Kaufwert
61521;Kaufwerte für landwirtschaftliche Grundstücke;JAHR;Jahr;2022;DINSG;Deutschland insgesamt;DG;Deutschland;BODAT1;Bodenarten;;Insgesamt;FLNGK1;Größenklassen der veräußerten Fläche;FLCHA010B020;1 bis unter 2 ha;7665;ha;FLC023;Veräußerte Fläche
61521;Kaufwerte für landwirtschaftliche Grundstücke;JAHR;Jahr;2025;DINSG;Deutschland insgesamt;DG;Deutschland;BODAT1;Bodenarten;BOD-SONST-LF;Sonstige landwirtschaftliche Fläche;FLNGK1;Größenklassen der veräußerten Fläche;FLCHA010B020;1 bis unter 2 ha;x;100;MZL002;Durchschn.Ertragsmesszahl je ha veräußerter Fläche
61521;Kaufwerte für landwirtschaftliche Grundstücke;JAHR;Jahr;2025;DINSG;Deutschland insgesamt;DG;Deutschland;BODAT1;Bodenarten;BOD-SONST-LF;Sonstige landwirtschaftliche Fläche;FLNGK1;Größenklassen der veräußerten Fläche;FLCHA010B020;1 bis unter 2 ha;4379;Tsd. EUR;KAU003;Kaufsumme
61521;Kaufwerte für landwirtschaftliche Grundstücke;JAHR;Jahr;2025;DINSG;Deutschland insgesamt;DG;Deutschland;BODAT1;Bodenarten;BOD-SONST-LF;Sonstige landwirtschaftliche Fläche;FLNGK1;Größenklassen der veräußerten Fläche;FLCHA010B020;1 bis unter 2 ha;1,44;ha;FLC008;Durchschnittliche Fläche je Veräußerungsfall
61521;Kaufwerte für landwirtschaftliche Grundstücke;JAHR;Jahr;2025;DINSG;Deutschland insgesamt;DG;Deutschland;BODAT1;Bodenarten;BOD-SONST-LF;Sonstige landwirtschaftliche Fläche;FLNGK1;Größenklassen der veräußerten Fläche;FLCHA010B020;1 bis unter 2 ha;56;Anzahl;VKF002;Veräußerungsfälle
61521;Kaufwerte für landwirtschaftliche Grundstücke;JAHR;Jahr;2025;DINSG;Deutschland insgesamt;DG;Deutschland;BODAT1;Bodenarten;BOD-SONST-LF;Sonstige landwirtschaftliche Fläche;FLNGK1;Größenklassen der veräußerten Fläche;FLCHA010B020;1 bis unter 2 ha;54286;EUR/ha;KAU004;Durchschnittlicher Kaufwert
61521;Kaufwerte für landwirtschaftliche Grundstücke;JAHR;Jahr;2025;DINSG;Deutschland insgesamt;DG;Deutschland;BODAT1;Bodenarten;BOD-SONST-LF;Sonstige landwirtschaftliche Fläche;FLNGK1;Größenklassen der veräußerten Fläche;FLCHA010B020;1 bis unter 2 ha;81;ha;FLC023;Veräußerte Fläche
61521;Kaufwerte für landwirtschaftliche Grundstücke;JAHR;Jahr;2022;DINSG;Deutschland insgesamt;DG;Deutschland;BODAT1;Bodenarten;;Insgesamt;FLNGK1;Größenklassen der veräußerten Fläche;FLCHA025B001;0,25 bis unter 1 ha;x;100;MZL002;Durchschn.Ertragsmesszahl je ha veräußerter Fläche
61521;Kaufwerte für landwirtschaftliche Grundstücke;JAHR;Jahr;2022;DINSG;Deutschland insgesamt;DG;Deutschland;BODAT1;Bodenarten;;Insgesamt;FLNGK1;Größenklassen der veräußerten Fläche;FLCHA025B001;0,25 bis unter 1 ha;220853;Tsd. EUR;KAU003;Kaufsumme
61521;Kaufwerte für landwirtschaftliche Grundstücke;JAHR;Jahr;2022;DINSG;Deutschland insgesamt;DG;Deutschland;BODAT1;Bodenarten;;Insgesamt;FLNGK1;Größenklassen der veräußerten Fläche;FLCHA025B001;0,25 bis unter 1 ha;0,54;ha;FLC008;Durchschnittliche Fläche je Veräußerungsfall
61521;Kaufwerte für landwirtschaftliche Grundstücke;JAHR;Jahr;2022;DINSG;Deutschland insgesamt;DG;Deutschland;BODAT1;Bodenarten;;Insgesamt;FLNGK1;Größenklassen der veräußerten Fläche;FLCHA025B001;0,25 bis unter 1 ha;13297;Anzahl;VKF002;Veräußerungsfälle
61521;Kaufwerte für landwirtschaftliche Grundstücke;JAHR;Jahr;2022;DINSG;Deutschland insgesamt;DG;Deutschland;BODAT1;Bodenarten;;Insgesamt;FLNGK1;Größenklassen der veräußerten Fläche;FLCHA025B001;0,25 bis unter 1 ha;31014;EUR/ha;KAU004;Durchschnittlicher Kaufwert
61521;Kaufwerte für landwirtschaftliche Grundstücke;JAHR;Jahr;2022;DINSG;Deutschland insgesamt;DG;Deutschland;BODAT1;Bodenarten;;Insgesamt;FLNGK1;Größenklassen der veräußerten Fläche;FLCHA025B001;0,25 bis unter 1 ha;7121;ha;FLC023;Veräußerte Fläche
61521;Kaufwerte für landwirtschaftliche Grundstücke;JAHR;Jahr;2025;DINSG;Deutschland insgesamt;DG;Deutschland;BODAT1;Bodenarten;BOD-SONST-LF;Sonstige landwirtschaftliche Fläche;FLNGK1;Größenklassen der veräußerten Fläche;FLCHA050UM;5 und mehr ha;x;100;MZL002;Durchschn.Ertragsmesszahl je ha veräußerter Fläche
61521;Kaufwerte für landwirtschaftliche Grundstücke;JAHR;Jahr;2025;DINSG;Deutschland insgesamt;DG;Deutschland;BODAT1;Bodenarten;BOD-SONST-LF;Sonstige landwirtschaftliche Fläche;FLNGK1;Größenklassen der veräußerten Fläche;FLCHA050UM;5 und mehr ha;9381;Tsd. EUR;KAU003;Kaufsumme
61521;Kaufwerte für landwirtschaftliche Grundstücke;JAHR;Jahr;2025;DINSG;Deutschland insgesamt;DG;Deutschland;BODAT1;Bodenarten;BOD-SONST-LF;Sonstige landwirtschaftliche Fläche;FLNGK1;Größenklassen der veräußerten Fläche;FLCHA050UM;5 und mehr ha;19,78;ha;FLC008;Durchschnittliche Fläche je Veräußerungsfall
61521;Kaufwerte für landwirtschaftliche Grundstücke;JAHR;Jahr;2025;DINSG;Deutschland insgesamt;DG;Deutschland;BODAT1;Bodenarten;BOD-SONST-LF;Sonstige landwirtschaftliche Fläche;FLNGK1;Größenklassen der veräußerten Fläche;FLCHA050UM;5 und mehr ha;22;Anzahl;VKF002;Veräußerungsfälle
61521;Kaufwerte für landwirtschaftliche Grundstücke;JAHR;Jahr;2025;DINSG;Deutschland insgesamt;DG;Deutschland;BODAT1;Bodenarten;BOD-SONST-LF;Sonstige landwirtschaftliche Fläche;FLNGK1;Größenklassen der veräußerten Fläche;FLCHA050UM;5 und mehr ha;21561;EUR/ha;KAU004;Durchschnittlicher Kaufwert
61521;Kaufwerte für landwirtschaftliche Grundstücke;JAHR;Jahr;2025;DINSG;Deutschland insgesamt;DG;Deutschland;BODAT1;Bodenarten;BOD-SONST-LF;Sonstige landwirtschaftliche Fläche;FLNGK1;Größenklassen der veräußerten Fläche;FLCHA050UM;5 und mehr ha;435;ha;FLC023;Veräußerte Fläche
61521;Kaufwerte für landwirtschaftliche Grundstücke;JAHR;Jahr;2023;DINSG;Deutschland insgesamt;DG;Deutschland;BODAT1;Bodenarten;BOD-SONST-LF;Sonstige landwirtschaftliche Fläche;FLNGK1;Größenklassen der veräußerten Fläche;FLCHA001B025;0,1 bis unter 0,25 ha;x;100;MZL002;Durchschn.Ertragsmesszahl je ha veräußerter Fläche
61521;Kaufwerte für landwirtschaftliche Grundstücke;JAHR;Jahr;2023;DINSG;Deutschland insgesamt;DG;Deutschland;BODAT1;Bodenarten;BOD-SONST-LF;Sonstige landwirtschaftliche Fläche;FLNGK1;Größenklassen der veräußerten Fläche;FLCHA001B025;0,1 bis unter 0,25 ha;1894;Tsd. EUR;KAU003;Kaufsumme
61521;Kaufwerte für landwirtschaftliche Grundstücke;JAHR;Jahr;2023;DINSG;Deutschland insgesamt;DG;Deutschland;BODAT1;Bodenarten;BOD-SONST-LF;Sonstige landwirtschaftliche Fläche;FLNGK1;Größenklassen der veräußerten Fläche;FLCHA001B025;0,1 bis unter 0,25 ha;0,16;ha;FLC008;Durchschnittliche Fläche je Veräußerungsfall
61521;Kaufwerte für landwirtschaftliche Grundstücke;JAHR;Jahr;2023;DINSG;Deutschland insgesamt;DG;Deutschland;BODAT1;Bodenarten;BOD-SONST-LF;Sonstige landwirtschaftliche Fläche;FLNGK1;Größenklassen der veräußerten Fläche;FLCHA001B025;0,1 bis unter 0,25 ha;296;Anzahl;VKF002;Veräußerungsfälle
61521;Kaufwerte für landwirtschaftliche Grundstücke;JAHR;Jahr;2023;DINSG;Deutschland insgesamt;DG;Deutschland;BODAT1;Bodenarten;BOD-SONST-LF;Sonstige landwirtschaftliche Fläche;FLNGK1;Größenklassen der veräußerten Fläche;FLCHA001B025;0,1 bis unter 0,25 ha;39235;EUR/ha;KAU004;Durchschnittlicher Kaufwert
61521;Kaufwerte für landwirtschaftliche Grundstücke;JAHR;Jahr;2023;DINSG;Deutschland insgesamt;DG;Deutschland;BODAT1;Bodenarten;BOD-SONST-LF;Sonstige landwirtschaftliche Fläche;FLNGK1;Größenklassen der veräußerten Fläche;FLCHA001B025;0,1 bis unter 0,25 ha;48;ha;FLC023;Veräußerte Fläche
61521;Kaufwerte für landwirtschaftliche Grundstücke;JAHR;Jahr;2021;DINSG;Deutschland insgesamt;DG;Deutschland;BODAT1;Bodenarten;BOD-GRL;Grünland;FLNGK1;Größenklassen der veräußerten Fläche;;Insgesamt;-;100;MZL002;Durchschn.Ertragsmesszahl je ha veräußerter Fläche
61521;Kaufwerte für landwirtschaftliche Grundstücke;JAHR;Jahr;2021;DINSG;Deutschland insgesamt;DG;Deutschland;BODAT1;Bodenarten;BOD-GRL;Grünland;FLNGK1;Größenklassen der veräußerten Fläche;;Insgesamt;-;Tsd. EUR;KAU003;Kaufsumme
61521;Kaufwerte für landwirtschaftliche Grundstücke;JAHR;Jahr;2021;DINSG;Deutschland insgesamt;DG;Deutschland;BODAT1;Bodenarten;BOD-GRL;Grünland;FLNGK1;Größenklassen der veräußerten Fläche;;Insgesamt;-;ha;FLC008;Durchschnittliche Fläche je Veräußerungsfall
61521;Kaufwerte für landwirtschaftliche Grundstücke;JAHR;Jahr;2021;DINSG;Deutschland insgesamt;DG;Deutschland;BODAT1;Bodenarten;BOD-GRL;Grünland;FLNGK1;Größenklassen der veräußerten Fläche;;Insgesamt;-;Anzahl;VKF002;Veräußerungsfälle
61521;Kaufwerte für landwirtschaftliche Grundstücke;JAHR;Jahr;2021;DINSG;Deutschland insgesamt;DG;Deutschland;BODAT1;Bodenarten;BOD-GRL;Grünland;FLNGK1;Größenklassen der veräußerten Fläche;;Insgesamt;-;EUR/ha;KAU004;Durchschnittlicher Kaufwert
61521;Kaufwerte für landwirtschaftliche Grundstücke;JAHR;Jahr;2021;DINSG;Deutschland insgesamt;DG;Deutschland;BODAT1;Bodenarten;BOD-GRL;Grünland;FLNGK1;Größenklassen der veräußerten Fläche;;Insgesamt;-;ha;FLC023;Veräußerte Fläche
61521;Kaufwerte für landwirtschaftliche Grundstücke;JAHR;Jahr;2025;DINSG;Deutschland insgesamt;DG;Deutschland;BODAT1;Bodenarten;BOD-ACK;Ackerland;FLNGK1;Größenklassen der veräußerten Fläche;FLCHA020B050;2 bis unter 5 ha;x;100;MZL002;Durchschn.Ertragsmesszahl je ha veräußerter Fläche
61521;Kaufwerte für landwirtschaftliche Grundstücke;JAHR;Jahr;2025;DINSG;Deutschland insgesamt;DG;Deutschland;BODAT1;Bodenarten;BOD-ACK;Ackerland;FLNGK1;Größenklassen der veräußerten Fläche;FLCHA020B050;2 bis unter 5 ha;537933;Tsd. EUR;KAU003;Kaufsumme
61521;Kaufwerte für landwirtschaftliche Grundstücke;JAHR;Jahr;2025;DINSG;Deutschland insgesamt;DG;Deutschland;BODAT1;Bodenarten;BOD-ACK;Ackerland;FLNGK1;Größenklassen der veräußerten Fläche;FLCHA020B050;2 bis unter 5 ha;3,10;ha;FLC008;Durchschnittliche Fläche je Veräußerungsfall
61521;Kaufwerte für landwirtschaftliche Grundstücke;JAHR;Jahr;2025;DINSG;Deutschland insgesamt;DG;Deutschland;BODAT1;Bodenarten;BOD-ACK;Ackerland;FLNGK1;Größenklassen der veräußerten Fläche;FLCHA020B050;2 bis unter 5 ha;3412;Anzahl;VKF002;Veräußerungsfälle
61521;Kaufwerte für landwirtschaftliche Grundstücke;JAHR;Jahr;2025;DINSG;Deutschland insgesamt;DG;Deutschland;BODAT1;Bodenarten;BOD-ACK;Ackerland;FLNGK1;Größenklassen der veräußerten Fläche;FLCHA020B050;2 bis unter 5 ha;50877;EUR/ha;KAU004;Durchschnittlicher Kaufwert
61521;Kaufwerte für landwirtschaftliche Grundstücke;JAHR;Jahr;2025;DINSG;Deutschland insgesamt;DG;Deutschland;BODAT1;Bodenarten;BOD-ACK;Ackerland;FLNGK1;Größenklassen der veräußerten Fläche;FLCHA020B050;2 bis unter 5 ha;10573;ha;FLC023;Veräußerte Fläche
61521;Kaufwerte für landwirtschaftliche Grundstücke;JAHR;Jahr;2021;DINSG;Deutschland insgesamt;DG;Deutschland;BODAT1;Bodenarten;;Insgesamt;FLNGK1;Größenklassen der veräußerten Fläche;FLCHA001B025;0,1 bis unter 0,25 ha;x;100;MZL002;Durchschn.Ertragsmesszahl je ha veräußerter Fläche
61521;Kaufwerte für landwirtschaftliche Grundstücke;JAHR;Jahr;2021;DINSG;Deutschland insgesamt;DG;Deutschland;BODAT1;Bodenarten;;Insgesamt;FLNGK1;Größenklassen der veräußerten Fläche;FLCHA001B025;0,1 bis unter 0,25 ha;31909;Tsd. EUR;KAU003;Kaufsumme
61521;Kaufwerte für landwirtschaftliche Grundstücke;JAHR;Jahr;2021;DINSG;Deutschland insgesamt;DG;Deutschland;BODAT1;Bodenarten;;Insgesamt;FLNGK1;Größenklassen der veräußerten Fläche;FLCHA001B025;0,1 bis unter 0,25 ha;0,17;ha;FLC008;Durchschnittliche Fläche je Veräußerungsfall
61521;Kaufwerte für landwirtschaftliche Grundstücke;JAHR;Jahr;2021;DINSG;Deutschland insgesamt;DG;Deutschland;BODAT1;Bodenarten;;Insgesamt;FLNGK1;Größenklassen der veräußerten Fläche;FLCHA001B025;0,1 bis unter 0,25 ha;7374;Anzahl;VKF002;Veräußerungsfälle
61521;Kaufwerte für landwirtschaftliche Grundstücke;JAHR;Jahr;2021;DINSG;Deutschland insgesamt;DG;Deutschland;BODAT1;Bodenarten;;Insgesamt;FLNGK1;Größenklassen der veräußerten Fläche;FLCHA001B025;0,1 bis unter 0,25 ha;25567;EUR/ha;KAU004;Durchschnittlicher Kaufwert
61521;Kaufwerte für landwirtschaftliche Grundstücke;JAHR;Jahr;2021;DINSG;Deutschland insgesamt;DG;Deutschland;BODAT1;Bodenarten;;Insgesamt;FLNGK1;Größenklassen der veräußerten Fläche;FLCHA001B025;0,1 bis unter 0,25 ha;1248;ha;FLC023;Veräußerte Fläche
61521;Kaufwerte für landwirtschaftliche Grundstücke;JAHR;Jahr;2021;DINSG;Deutschland insgesamt;DG;Deutschland;BODAT1;Bodenarten;BOD-GRL;Grünland;FLNGK1;Größenklassen der veräußerten Fläche;FLCHA025B001;0,25 bis unter 1 ha;-;100;MZL002;Durchschn.Ertragsmesszahl je ha veräußerter Fläche
61521;Kaufwerte für landwirtschaftliche Grundstücke;JAHR;Jahr;2021;DINSG;Deutschland insgesamt;DG;Deutschland;BODAT1;Bodenarten;BOD-GRL;Grünland;FLNGK1;Größenklassen der veräußerten Fläche;FLCHA025B001;0,25 bis unter 1 ha;-;Tsd. EUR;KAU003;Kaufsumme
61521;Kaufwerte für landwirtschaftliche Grundstücke;JAHR;Jahr;2021;DINSG;Deutschland insgesamt;DG;Deutschland;BODAT1;Bodenarten;BOD-GRL;Grünland;FLNGK1;Größenklassen der veräußerten Fläche;FLCHA025B001;0,25 bis unter 1 ha;-;ha;FLC008;Durchschnittliche Fläche je Veräußerungsfall
61521;Kaufwerte für landwirtschaftliche Grundstücke;JAHR;Jahr;2021;DINSG;Deutschland insgesamt;DG;Deutschland;BODAT1;Bodenarten;BOD-GRL;Grünland;FLNGK1;Größenklassen der veräußerten Fläche;FLCHA025B001;0,25 bis unter 1 ha;-;Anzahl;VKF002;Veräußerungsfälle
61521;Kaufwerte für landwirtschaftliche Grundstücke;JAHR;Jahr;2021;DINSG;Deutschland insgesamt;DG;Deutschland;BODAT1;Bodenarten;BOD-GRL;Grünland;FLNGK1;Größenklassen der veräußerten Fläche;FLCHA025B001;0,25 bis unter 1 ha;-;EUR/ha;KAU004;Durchschnittlicher Kaufwert
61521;Kaufwerte für landwirtschaftliche Grundstücke;JAHR;Jahr;2021;DINSG;Deutschland insgesamt;DG;Deutschland;BODAT1;Bodenarten;BOD-GRL;Grünland;FLNGK1;Größenklassen der veräußerten Fläche;FLCHA025B001;0,25 bis unter 1 ha;-;ha;FLC023;Veräußerte Fläche
61521;Kaufwerte für landwirtschaftliche Grundstücke;JAHR;Jahr;2023;DINSG;Deutschland insgesamt;DG;Deutschland;BODAT1;Bodenarten;BOD-SONST-LF;Sonstige landwirtschaftliche Fläche;FLNGK1;Größenklassen der veräußerten Fläche;;Insgesamt;x;100;MZL002;Durchschn.Ertragsmesszahl je ha veräußerter Fläche
61521;Kaufwerte für landwirtschaftliche Grundstücke;JAHR;Jahr;2023;DINSG;Deutschland insgesamt;DG;Deutschland;BODAT1;Bodenarten;BOD-SONST-LF;Sonstige landwirtschaftliche Fläche;FLNGK1;Größenklassen der veräußerten Fläche;;Insgesamt;40039;Tsd. EUR;KAU003;Kaufsumme
61521;Kaufwerte für landwirtschaftliche Grundstücke;JAHR;Jahr;2023;DINSG;Deutschland insgesamt;DG;Deutschland;BODAT1;Bodenarten;BOD-SONST-LF;Sonstige landwirtschaftliche Fläche;FLNGK1;Größenklassen der veräußerten Fläche;;Insgesamt;1,06;ha;FLC008;Durchschnittliche Fläche je Veräußerungsfall
61521;Kaufwerte für landwirtschaftliche Grundstücke;JAHR;Jahr;2023;DINSG;Deutschland insgesamt;DG;Deutschland;BODAT1;Bodenarten;BOD-SONST-LF;Sonstige landwirtschaftliche Fläche;FLNGK1;Größenklassen der veräußerten Fläche;;Insgesamt;971;Anzahl;VKF002;Veräußerungsfälle
61521;Kaufwerte für landwirtschaftliche Grundstücke;JAHR;Jahr;2023;DINSG;Deutschland insgesamt;DG;Deutschland;BODAT1;Bodenarten;BOD-SONST-LF;Sonstige landwirtschaftliche Fläche;FLNGK1;Größenklassen der veräußerten Fläche;;Insgesamt;38870;EUR/ha;KAU004;Durchschnittlicher Kaufwert
61521;Kaufwerte für landwirtschaftliche Grundstücke;JAHR;Jahr;2023;DINSG;Deutschland insgesamt;DG;Deutschland;BODAT1;Bodenarten;BOD-SONST-LF;Sonstige landwirtschaftliche Fläche;FLNGK1;Größenklassen der veräußerten Fläche;;Insgesamt;1030;ha;FLC023;Veräußerte Fläche
61521;Kaufwerte für landwirtschaftliche Grundstücke;JAHR;Jahr;2022;DINSG;Deutschland insgesamt;DG;Deutschland;BODAT1;Bodenarten;BOD-LF;Landwirtschaftliche Fläche;FLNGK1;Größenklassen der veräußerten Fläche;FLCHA001B025;0,1 bis unter 0,25 ha;x;100;MZL002;Durchschn.Ertragsmesszahl je ha veräußerter Fläche
61521;Kaufwerte für landwirtschaftliche Grundstücke;JAHR;Jahr;2022;DINSG;Deutschland insgesamt;DG;Deutschland;BODAT1;Bodenarten;BOD-LF;Landwirtschaftliche Fläche;FLNGK1;Größenklassen der veräußerten Fläche;FLCHA001B025;0,1 bis unter 0,25 ha;31052;Tsd. EUR;KAU003;Kaufsumme
61521;Kaufwerte für landwirtschaftliche Grundstücke;JAHR;Jahr;2022;DINSG;Deutschland insgesamt;DG;Deutschland;BODAT1;Bodenarten;BOD-LF;Landwirtschaftliche Fläche;FLNGK1;Größenklassen der veräußerten Fläche;FLCHA001B025;0,1 bis unter 0,25 ha;0,17;ha;FLC008;Durchschnittliche Fläche je Veräußerungsfall
61521;Kaufwerte für landwirtschaftliche Grundstücke;JAHR;Jahr;2022;DINSG;Deutschland insgesamt;DG;Deutschland;BODAT1;Bodenarten;BOD-LF;Landwirtschaftliche Fläche;FLNGK1;Größenklassen der veräußerten Fläche;FLCHA001B025;0,1 bis unter 0,25 ha;6935;Anzahl;VKF002;Veräußerungsfälle
61521;Kaufwerte für landwirtschaftliche Grundstücke;JAHR;Jahr;2022;DINSG;Deutschland insgesamt;DG;Deutschland;BODAT1;Bodenarten;BOD-LF;Landwirtschaftliche Fläche;FLNGK1;Größenklassen der veräußerten Fläche;FLCHA001B025;0,1 bis unter 0,25 ha;26515;EUR/ha;KAU004;Durchschnittlicher Kaufwert
61521;Kaufwerte für landwirtschaftliche Grundstücke;JAHR;Jahr;2022;DINSG;Deutschland insgesamt;DG;Deutschland;BODAT1;Bodenarten;BOD-LF;Landwirtschaftliche Fläche;FLNGK1;Größenklassen der veräußerten Fläche;FLCHA001B025;0,1 bis unter 0,25 ha;1171;ha;FLC023;Veräußerte Fläche
61521;Kaufwerte für landwirtschaftliche Grundstücke;JAHR;Jahr;2023;DINSG;Deutschland insgesamt;DG;Deutschland;BODAT1;Bodenarten;BOD-SONST-LF;Sonstige landwirtschaftliche Fläche;FLNGK1;Größenklassen der veräußerten Fläche;FLCHA050UM;5 und mehr ha;x;100;MZL002;Durchschn.Ertragsmesszahl je ha veräußerter Fläche
61521;Kaufwerte für landwirtschaftliche Grundstücke;JAHR;Jahr;2023;DINSG;Deutschland insgesamt;DG;Deutschland;BODAT1;Bodenarten;BOD-SONST-LF;Sonstige landwirtschaftliche Fläche;FLNGK1;Größenklassen der veräußerten Fläche;FLCHA050UM;5 und mehr ha;6921;Tsd. EUR;KAU003;Kaufsumme
61521;Kaufwerte für landwirtschaftliche Grundstücke;JAHR;Jahr;2023;DINSG;Deutschland insgesamt;DG;Deutschland;BODAT1;Bodenarten;BOD-SONST-LF;Sonstige landwirtschaftliche Fläche;FLNGK1;Größenklassen der veräußerten Fläche;FLCHA050UM;5 und mehr ha;8,79;ha;FLC008;Durchschnittliche Fläche je Veräußerungsfall
61521;Kaufwerte für landwirtschaftliche Grundstücke;JAHR;Jahr;2023;DINSG;Deutschland insgesamt;DG;Deutschland;BODAT1;Bodenarten;BOD-SONST-LF;Sonstige landwirtschaftliche Fläche;FLNGK1;Größenklassen der veräußerten Fläche;FLCHA050UM;5 und mehr ha;31;Anzahl;VKF002;Veräußerungsfälle
61521;Kaufwerte für landwirtschaftliche Grundstücke;JAHR;Jahr;2023;DINSG;Deutschland insgesamt;DG;Deutschland;BODAT1;Bodenarten;BOD-SONST-LF;Sonstige landwirtschaftliche Fläche;FLNGK1;Größenklassen der veräußerten Fläche;FLCHA050UM;5 und mehr ha;25401;EUR/ha;KAU004;Durchschnittlicher Kaufwert
61521;Kaufwerte für landwirtschaftliche Grundstücke;JAHR;Jahr;2023;DINSG;Deutschland insgesamt;DG;Deutschland;BODAT1;Bodenarten;BOD-SONST-LF;Sonstige landwirtschaftliche Fläche;FLNGK1;Größenklassen der veräußerten Fläche;FLCHA050UM;5 und mehr ha;272;ha;FLC023;Veräußerte Fläche
61521;Kaufwerte für landwirtschaftliche Grundstücke;JAHR;Jahr;2025;DINSG;Deutschland insgesamt;DG;Deutschland;BODAT1;Bodenarten;BOD-SONST-LF;Sonstige landwirtschaftliche Fläche;FLNGK1;Größenklassen der veräußerten Fläche;FLCHA025B001;0,25 bis unter 1 ha;x;100;MZL002;Durchschn.Ertragsmesszahl je ha veräußerter Fläche
61521;Kaufwerte für landwirtschaftliche Grundstücke;JAHR;Jahr;2025;DINSG;Deutschland insgesamt;DG;Deutschland;BODAT1;Bodenarten;BOD-SONST-LF;Sonstige landwirtschaftliche Fläche;FLNGK1;Größenklassen der veräußerten Fläche;FLCHA025B001;0,25 bis unter 1 ha;6363;Tsd. EUR;KAU003;Kaufsumme
61521;Kaufwerte für landwirtschaftliche Grundstücke;JAHR;Jahr;2025;DINSG;Deutschland insgesamt;DG;Deutschland;BODAT1;Bodenarten;BOD-SONST-LF;Sonstige landwirtschaftliche Fläche;FLNGK1;Größenklassen der veräußerten Fläche;FLCHA025B001;0,25 bis unter 1 ha;0,46;ha;FLC008;Durchschnittliche Fläche je Veräußerungsfall
61521;Kaufwerte für landwirtschaftliche Grundstücke;JAHR;Jahr;2025;DINSG;Deutschland insgesamt;DG;Deutschland;BODAT1;Bodenarten;BOD-SONST-LF;Sonstige landwirtschaftliche Fläche;FLNGK1;Größenklassen der veräußerten Fläche;FLCHA025B001;0,25 bis unter 1 ha;298;Anzahl;VKF002;Veräußerungsfälle
61521;Kaufwerte für landwirtschaftliche Grundstücke;JAHR;Jahr;2025;DINSG;Deutschland insgesamt;DG;Deutschland;BODAT1;Bodenarten;BOD-SONST-LF;Sonstige landwirtschaftliche Fläche;FLNGK1;Größenklassen der veräußerten Fläche;FLCHA025B001;0,25 bis unter 1 ha;45928;EUR/ha;KAU004;Durchschnittlicher Kaufwert
61521;Kaufwerte für landwirtschaftliche Grundstücke;JAHR;Jahr;2025;DINSG;Deutschland insgesamt;DG;Deutschland;BODAT1;Bodenarten;BOD-SONST-LF;Sonstige landwirtschaftliche Fläche;FLNGK1;Größenklassen der veräußerten Fläche;FLCHA025B001;0,25 bis unter 1 ha;139;ha;FLC023;Veräußerte Fläche
61521;Kaufwerte für landwirtschaftliche Grundstücke;JAHR;Jahr;2023;DINSG;Deutschland insgesamt;DG;Deutschland;BODAT1;Bodenarten;;Insgesamt;FLNGK1;Größenklassen der veräußerten Fläche;FLCHA025B001;0,25 bis unter 1 ha;x;100;MZL002;Durchschn.Ertragsmesszahl je ha veräußerter Fläche
61521;Kaufwerte für landwirtschaftliche Grundstücke;JAHR;Jahr;2023;DINSG;Deutschland insgesamt;DG;Deutschland;BODAT1;Bodenarten;;Insgesamt;FLNGK1;Größenklassen der veräußerten Fläche;FLCHA025B001;0,25 bis unter 1 ha;226799;Tsd. EUR;KAU003;Kaufsumme
61521;Kaufwerte für landwirtschaftliche Grundstücke;JAHR;Jahr;2023;DINSG;Deutschland insgesamt;DG;Deutschland;BODAT1;Bodenarten;;Insgesamt;FLNGK1;Größenklassen der veräußerten Fläche;FLCHA025B001;0,25 bis unter 1 ha;0,53;ha;FLC008;Durchschnittliche Fläche je Veräußerungsfall
61521;Kaufwerte für landwirtschaftliche Grundstücke;JAHR;Jahr;2023;DINSG;Deutschland insgesamt;DG;Deutschland;BODAT1;Bodenarten;;Insgesamt;FLNGK1;Größenklassen der veräußerten Fläche;FLCHA025B001;0,25 bis unter 1 ha;14013;Anzahl;VKF002;Veräußerungsfälle
61521;Kaufwerte für landwirtschaftliche Grundstücke;JAHR;Jahr;2023;DINSG;Deutschland insgesamt;DG;Deutschland;BODAT1;Bodenarten;;Insgesamt;FLNGK1;Größenklassen der veräußerten Fläche;FLCHA025B001;0,25 bis unter 1 ha;30358;EUR/ha;KAU004;Durchschnittlicher Kaufwert
61521;Kaufwerte für landwirtschaftliche Grundstücke;JAHR;Jahr;2023;DINSG;Deutschland insgesamt;DG;Deutschland;BODAT1;Bodenarten;;Insgesamt;FLNGK1;Größenklassen der veräußerten Fläche;FLCHA025B001;0,25 bis unter 1 ha;7471;ha;FLC023;Veräußerte Fläche
61521;Kaufwerte für landwirtschaftliche Grundstücke;JAHR;Jahr;2025;DINSG;Deutschland insgesamt;DG;Deutschland;BODAT1;Bodenarten;;Insgesamt;FLNGK1;Größenklassen der veräußerten Fläche;;Insgesamt;x;100;MZL002;Durchschn.Ertragsmesszahl je ha veräußerter Fläche
61521;Kaufwerte für landwirtschaftliche Grundstücke;JAHR;Jahr;2025;DINSG;Deutschland insgesamt;DG;Deutschland;BODAT1;Bodenarten;;Insgesamt;FLNGK1;Größenklassen der veräußerten Fläche;;Insgesamt;2572924;Tsd. EUR;KAU003;Kaufsumme
61521;Kaufwerte für landwirtschaftliche Grundstücke;JAHR;Jahr;2025;DINSG;Deutschland insgesamt;DG;Deutschland;BODAT1;Bodenarten;;Insgesamt;FLNGK1;Größenklassen der veräußerten Fläche;;Insgesamt;1,94;ha;FLC008;Durchschnittliche Fläche je Veräußerungsfall
61521;Kaufwerte für landwirtschaftliche Grundstücke;JAHR;Jahr;2025;DINSG;Deutschland insgesamt;DG;Deutschland;BODAT1;Bodenarten;;Insgesamt;FLNGK1;Größenklassen der veräußerten Fläche;;Insgesamt;37883;Anzahl;VKF002;Veräußerungsfälle
61521;Kaufwerte für landwirtschaftliche Grundstücke;JAHR;Jahr;2025;DINSG;Deutschland insgesamt;DG;Deutschland;BODAT1;Bodenarten;;Insgesamt;FLNGK1;Größenklassen der veräußerten Fläche;;Insgesamt;34966;EUR/ha;KAU004;Durchschnittlicher Kaufwert
61521;Kaufwerte für landwirtschaftliche Grundstücke;JAHR;Jahr;2025;DINSG;Deutschland insgesamt;DG;Deutschland;BODAT1;Bodenarten;;Insgesamt;FLNGK1;Größenklassen der veräußerten Fläche;;Insgesamt;73584;ha;FLC023;Veräußerte Fläche
61521;Kaufwerte für landwirtschaftliche Grundstücke;JAHR;Jahr;2021;DINSG;Deutschland insgesamt;DG;Deutschland;BODAT1;Bodenarten;BOD-GRL;Grünland;FLNGK1;Größenklassen der veräußerten Fläche;FLCHA010B020;1 bis unter 2 ha;-;100;MZL002;Durchschn.Ertragsmesszahl je ha veräußerter Fläche
61521;Kaufwerte für landwirtschaftliche Grundstücke;JAHR;Jahr;2021;DINSG;Deutschland insgesamt;DG;Deutschland;BODAT1;Bodenarten;BOD-GRL;Grünland;FLNGK1;Größenklassen der veräußerten Fläche;FLCHA010B020;1 bis unter 2 ha;-;Tsd. EUR;KAU003;Kaufsumme
61521;Kaufwerte für landwirtschaftliche Grundstücke;JAHR;Jahr;2021;DINSG;Deutschland insgesamt;DG;Deutschland;BODAT1;Bodenarten;BOD-GRL;Grünland;FLNGK1;Größenklassen der veräußerten Fläche;FLCHA010B020;1 bis unter 2 ha;-;ha;FLC008;Durchschnittliche Fläche je Veräußerungsfall
61521;Kaufwerte für landwirtschaftliche Grundstücke;JAHR;Jahr;2021;DINSG;Deutschland insgesamt;DG;Deutschland;BODAT1;Bodenarten;BOD-GRL;Grünland;FLNGK1;Größenklassen der veräußerten Fläche;FLCHA010B020;1 bis unter 2 ha;-;Anzahl;VKF002;Veräußerungsfälle
61521;Kaufwerte für landwirtschaftliche Grundstücke;JAHR;Jahr;2021;DINSG;Deutschland insgesamt;DG;Deutschland;BODAT1;Bodenarten;BOD-GRL;Grünland;FLNGK1;Größenklassen der veräußerten Fläche;FLCHA010B020;1 bis unter 2 ha;-;EUR/ha;KAU004;Durchschnittlicher Kaufwert
61521;Kaufwerte für landwirtschaftliche Grundstücke;JAHR;Jahr;2021;DINSG;Deutschland insgesamt;DG;Deutschland;BODAT1;Bodenarten;BOD-GRL;Grünland;FLNGK1;Größenklassen der veräußerten Fläche;FLCHA010B020;1 bis unter 2 ha;-;ha;FLC023;Veräußerte Fläche
61521;Kaufwerte für landwirtschaftliche Grundstücke;JAHR;Jahr;2025;DINSG;Deutschland insgesamt;DG;Deutschland;BODAT1;Bodenarten;BOD-GRL;Grünland;FLNGK1;Größenklassen der veräußerten Fläche;FLCHA001B025;0,1 bis unter 0,25 ha;x;100;MZL002;Durchschn.Ertragsmesszahl je ha veräußerter Fläche
61521;Kaufwerte für landwirtschaftliche Grundstücke;JAHR;Jahr;2025;DINSG;Deutschland insgesamt;DG;Deutschland;BODAT1;Bodenarten;BOD-GRL;Grünland;FLNGK1;Größenklassen der veräußerten Fläche;FLCHA001B025;0,1 bis unter 0,25 ha;14606;Tsd. EUR;KAU003;Kaufsumme
61521;Kaufwerte für landwirtschaftliche Grundstücke;JAHR;Jahr;2025;DINSG;Deutschland insgesamt;DG;Deutschland;BODAT1;Bodenarten;BOD-GRL;Grünland;FLNGK1;Größenklassen der veräußerten Fläche;FLCHA001B025;0,1 bis unter 0,25 ha;0,17;ha;FLC008;Durchschnittliche Fläche je Veräußerungsfall
61521;Kaufwerte für landwirtschaftliche Grundstücke;JAHR;Jahr;2025;DINSG;Deutschland insgesamt;DG;Deutschland;BODAT1;Bodenarten;BOD-GRL;Grünland;FLNGK1;Größenklassen der veräußerten Fläche;FLCHA001B025;0,1 bis unter 0,25 ha;3409;Anzahl;VKF002;Veräußerungsfälle
61521;Kaufwerte für landwirtschaftliche Grundstücke;JAHR;Jahr;2025;DINSG;Deutschland insgesamt;DG;Deutschland;BODAT1;Bodenarten;BOD-GRL;Grünland;FLNGK1;Größenklassen der veräußerten Fläche;FLCHA001B025;0,1 bis unter 0,25 ha;25586;EUR/ha;KAU004;Durchschnittlicher Kaufwert
61521;Kaufwerte für landwirtschaftliche Grundstücke;JAHR;Jahr;2025;DINSG;Deutschland insgesamt;DG;Deutschland;BODAT1;Bodenarten;BOD-GRL;Grünland;FLNGK1;Größenklassen der veräußerten Fläche;FLCHA001B025;0,1 bis unter 0,25 ha;571;ha;FLC023;Veräußerte Fläche
61521;Kaufwerte für landwirtschaftliche Grundstücke;JAHR;Jahr;2024;DINSG;Deutschland insgesamt;DG;Deutschland;BODAT1;Bodenarten;BOD-GRL;Grünland;FLNGK1;Größenklassen der veräußerten Fläche;FLCHA025B001;0,25 bis unter 1 ha;x;100;MZL002;Durchschn.Ertragsmesszahl je ha veräußerter Fläche
61521;Kaufwerte für landwirtschaftliche Grundstücke;JAHR;Jahr;2024;DINSG;Deutschland insgesamt;DG;Deutschland;BODAT1;Bodenarten;BOD-GRL;Grünland;FLNGK1;Größenklassen der veräußerten Fläche;FLCHA025B001;0,25 bis unter 1 ha;58300;Tsd. EUR;KAU003;Kaufsumme
61521;Kaufwerte für landwirtschaftliche Grundstücke;JAHR;Jahr;2024;DINSG;Deutschland insgesamt;DG;Deutschland;BODAT1;Bodenarten;BOD-GRL;Grünland;FLNGK1;Größenklassen der veräußerten Fläche;FLCHA025B001;0,25 bis unter 1 ha;0,52;ha;FLC008;Durchschnittliche Fläche je Veräußerungsfall
61521;Kaufwerte für landwirtschaftliche Grundstücke;JAHR;Jahr;2024;DINSG;Deutschland insgesamt;DG;Deutschland;BODAT1;Bodenarten;BOD-GRL;Grünland;FLNGK1;Größenklassen der veräußerten Fläche;FLCHA025B001;0,25 bis unter 1 ha;4336;Anzahl;VKF002;Veräußerungsfälle
61521;Kaufwerte für landwirtschaftliche Grundstücke;JAHR;Jahr;2024;DINSG;Deutschland insgesamt;DG;Deutschland;BODAT1;Bodenarten;BOD-GRL;Grünland;FLNGK1;Größenklassen der veräußerten Fläche;FLCHA025B001;0,25 bis unter 1 ha;25793;EUR/ha;KAU004;Durchschnittlicher Kaufwert
61521;Kaufwerte für landwirtschaftliche Grundstücke;JAHR;Jahr;2024;DINSG;Deutschland insgesamt;DG;Deutschland;BODAT1;Bodenarten;BOD-GRL;Grünland;FLNGK1;Größenklassen der veräußerten Fläche;FLCHA025B001;0,25 bis unter 1 ha;2260;ha;FLC023;Veräußerte Fläche
61521;Kaufwerte für landwirtschaftliche Grundstücke;JAHR;Jahr;2022;DINSG;Deutschland insgesamt;DG;Deutschland;BODAT1;Bodenarten;;Insgesamt;FLNGK1;Größenklassen der veräußerten Fläche;FLCHA001B025;0,1 bis unter 0,25 ha;x;100;MZL002;Durchschn.Ertragsmesszahl je ha veräußerter Fläche
61521;Kaufwerte für landwirtschaftliche Grundstücke;JAHR;Jahr;2022;DINSG;Deutschland insgesamt;DG;Deutschland;BODAT1;Bodenarten;;Insgesamt;FLNGK1;Größenklassen der veräußerten Fläche;FLCHA001B025;0,1 bis unter 0,25 ha;33363;Tsd. EUR;KAU003;Kaufsumme
61521;Kaufwerte für landwirtschaftliche Grundstücke;JAHR;Jahr;2022;DINSG;Deutschland insgesamt;DG;Deutschland;BODAT1;Bodenarten;;Insgesamt;FLNGK1;Größenklassen der veräußerten Fläche;FLCHA001B025;0,1 bis unter 0,25 ha;0,17;ha;FLC008;Durchschnittliche Fläche je Veräußerungsfall
61521;Kaufwerte für landwirtschaftliche Grundstücke;JAHR;Jahr;2022;DINSG;Deutschland insgesamt;DG;Deutschland;BODAT1;Bodenarten;;Insgesamt;FLNGK1;Größenklassen der veräußerten Fläche;FLCHA001B025;0,1 bis unter 0,25 ha;7374;Anzahl;VKF002;Veräußerungsfälle
61521;Kaufwerte für landwirtschaftliche Grundstücke;JAHR;Jahr;2022;DINSG;Deutschland insgesamt;DG;Deutschland;BODAT1;Bodenarten;;Insgesamt;FLNGK1;Größenklassen der veräußerten Fläche;FLCHA001B025;0,1 bis unter 0,25 ha;26768;EUR/ha;KAU004;Durchschnittlicher Kaufwert
61521;Kaufwerte für landwirtschaftliche Grundstücke;JAHR;Jahr;2022;DINSG;Deutschland insgesamt;DG;Deutschland;BODAT1;Bodenarten;;Insgesamt;FLNGK1;Größenklassen der veräußerten Fläche;FLCHA001B025;0,1 bis unter 0,25 ha;1246;ha;FLC023;Veräußerte Fläche
61521;Kaufwerte für landwirtschaftliche Grundstücke;JAHR;Jahr;2022;DINSG;Deutschland insgesamt;DG;Deutschland;BODAT1;Bodenarten;BOD-ACK;Ackerland;FLNGK1;Größenklassen der veräußerten Fläche;;Insgesamt;x;100;MZL002;Durchschn.Ertragsmesszahl je ha veräußerter Fläche
61521;Kaufwerte für landwirtschaftliche Grundstücke;JAHR;Jahr;2022;DINSG;Deutschland insgesamt;DG;Deutschland;BODAT1;Bodenarten;BOD-ACK;Ackerland;FLNGK1;Größenklassen der veräußerten Fläche;;Insgesamt;1331933;Tsd. EUR;KAU003;Kaufsumme
61521;Kaufwerte für landwirtschaftliche Grundstücke;JAHR;Jahr;2022;DINSG;Deutschland insgesamt;DG;Deutschland;BODAT1;Bodenarten;BOD-ACK;Ackerland;FLNGK1;Größenklassen der veräußerten Fläche;;Insgesamt;1,96;ha;FLC008;Durchschnittliche Fläche je Veräußerungsfall
61521;Kaufwerte für landwirtschaftliche Grundstücke;JAHR;Jahr;2022;DINSG;Deutschland insgesamt;DG;Deutschland;BODAT1;Bodenarten;BOD-ACK;Ackerland;FLNGK1;Größenklassen der veräußerten Fläche;;Insgesamt;17801;Anzahl;VKF002;Veräußerungsfälle
61521;Kaufwerte für landwirtschaftliche Grundstücke;JAHR;Jahr;2022;DINSG;Deutschland insgesamt;DG;Deutschland;BODAT1;Bodenarten;BOD-ACK;Ackerland;FLNGK1;Größenklassen der veräußerten Fläche;;Insgesamt;38123;EUR/ha;KAU004;Durchschnittlicher Kaufwert
61521;Kaufwerte für landwirtschaftliche Grundstücke;JAHR;Jahr;2022;DINSG;Deutschland insgesamt;DG;Deutschland;BODAT1;Bodenarten;BOD-ACK;Ackerland;FLNGK1;Größenklassen der veräußerten Fläche;;Insgesamt;34937;ha;FLC023;Veräußerte Fläche
61521;Kaufwerte für landwirtschaftliche Grundstücke;JAHR;Jahr;2025;DINSG;Deutschland insgesamt;DG;Deutschland;BODAT1;Bodenarten;BOD-LF;Landwirtschaftliche Fläche;FLNGK1;Größenklassen der veräußerten Fläche;FLCHA050UM;5 und mehr ha;x;100;MZL002;Durchschn.Ertragsmesszahl je ha veräußerter Fläche
61521;Kaufwerte für landwirtschaftliche Grundstücke;JAHR;Jahr;2025;DINSG;Deutschland insgesamt;DG;Deutschland;BODAT1;Bodenarten;BOD-LF;Landwirtschaftliche Fläche;FLNGK1;Größenklassen der veräußerten Fläche;FLCHA050UM;5 und mehr ha;1140962;Tsd. EUR;KAU003;Kaufsumme
61521;Kaufwerte für landwirtschaftliche Grundstücke;JAHR;Jahr;2025;DINSG;Deutschland insgesamt;DG;Deutschland;BODAT1;Bodenarten;BOD-LF;Landwirtschaftliche Fläche;FLNGK1;Größenklassen der veräußerten Fläche;FLCHA050UM;5 und mehr ha;11,82;ha;FLC008;Durchschnittliche Fläche je Veräußerungsfall
61521;Kaufwerte für landwirtschaftliche Grundstücke;JAHR;Jahr;2025;DINSG;Deutschland insgesamt;DG;Deutschland;BODAT1;Bodenarten;BOD-LF;Landwirtschaftliche Fläche;FLNGK1;Größenklassen der veräußerten Fläche;FLCHA050UM;5 und mehr ha;3120;Anzahl;VKF002;Veräußerungsfälle
61521;Kaufwerte für landwirtschaftliche Grundstücke;JAHR;Jahr;2025;DINSG;Deutschland insgesamt;DG;Deutschland;BODAT1;Bodenarten;BOD-LF;Landwirtschaftliche Fläche;FLNGK1;Größenklassen der veräußerten Fläche;FLCHA050UM;5 und mehr ha;30942;EUR/ha;KAU004;Durchschnittlicher Kaufwert
61521;Kaufwerte für landwirtschaftliche Grundstücke;JAHR;Jahr;2025;DINSG;Deutschland insgesamt;DG;Deutschland;BODAT1;Bodenarten;BOD-LF;Landwirtschaftliche Fläche;FLNGK1;Größenklassen der veräußerten Fläche;FLCHA050UM;5 und mehr ha;36874;ha;FLC023;Veräußerte Fläche
61521;Kaufwerte für landwirtschaftliche Grundstücke;JAHR;Jahr;2022;DINSG;Deutschland insgesamt;DG;Deutschland;BODAT1;Bodenarten;BOD-GRL;Grünland;FLNGK1;Größenklassen der veräußerten Fläche;FLCHA020B050;2 bis unter 5 ha;x;100;MZL002;Durchschn.Ertragsmesszahl je ha veräußerter Fläche
61521;Kaufwerte für landwirtschaftliche Grundstücke;JAHR;Jahr;2022;DINSG;Deutschland insgesamt;DG;Deutschland;BODAT1;Bodenarten;BOD-GRL;Grünland;FLNGK1;Größenklassen der veräußerten Fläche;FLCHA020B050;2 bis unter 5 ha;76244;Tsd. EUR;KAU003;Kaufsumme
61521;Kaufwerte für landwirtschaftliche Grundstücke;JAHR;Jahr;2022;DINSG;Deutschland insgesamt;DG;Deutschland;BODAT1;Bodenarten;BOD-GRL;Grünland;FLNGK1;Größenklassen der veräußerten Fläche;FLCHA020B050;2 bis unter 5 ha;3,04;ha;FLC008;Durchschnittliche Fläche je Veräußerungsfall
61521;Kaufwerte für landwirtschaftliche Grundstücke;JAHR;Jahr;2022;DINSG;Deutschland insgesamt;DG;Deutschland;BODAT1;Bodenarten;BOD-GRL;Grünland;FLNGK1;Größenklassen der veräußerten Fläche;FLCHA020B050;2 bis unter 5 ha;915;Anzahl;VKF002;Veräußerungsfälle
61521;Kaufwerte für landwirtschaftliche Grundstücke;JAHR;Jahr;2022;DINSG;Deutschland insgesamt;DG;Deutschland;BODAT1;Bodenarten;BOD-GRL;Grünland;FLNGK1;Größenklassen der veräußerten Fläche;FLCHA020B050;2 bis unter 5 ha;27381;EUR/ha;KAU004;Durchschnittlicher Kaufwert
61521;Kaufwerte für landwirtschaftliche Grundstücke;JAHR;Jahr;2022;DINSG;Deutschland insgesamt;DG;Deutschland;BODAT1;Bodenarten;BOD-GRL;Grünland;FLNGK1;Größenklassen der veräußerten Fläche;FLCHA020B050;2 bis unter 5 ha;2785;ha;FLC023;Veräußerte Fläche
61521;Kaufwerte für landwirtschaftliche Grundstücke;JAHR;Jahr;2024;DINSG;Deutschland insgesamt;DG;Deutschland;BODAT1;Bodenarten;BOD-SONST-LF;Sonstige landwirtschaftliche Fläche;FLNGK1;Größenklassen der veräußerten Fläche;FLCHA025B001;0,25 bis unter 1 ha;x;100;MZL002;Durchschn.Ertragsmesszahl je ha veräußerter Fläche
61521;Kaufwerte für landwirtschaftliche Grundstücke;JAHR;Jahr;2024;DINSG;Deutschland insgesamt;DG;Deutschland;BODAT1;Bodenarten;BOD-SONST-LF;Sonstige landwirtschaftliche Fläche;FLNGK1;Größenklassen der veräußerten Fläche;FLCHA025B001;0,25 bis unter 1 ha;7997;Tsd. EUR;KAU003;Kaufsumme
61521;Kaufwerte für landwirtschaftliche Grundstücke;JAHR;Jahr;2024;DINSG;Deutschland insgesamt;DG;Deutschland;BODAT1;Bodenarten;BOD-SONST-LF;Sonstige landwirtschaftliche Fläche;FLNGK1;Größenklassen der veräußerten Fläche;FLCHA025B001;0,25 bis unter 1 ha;0,48;ha;FLC008;Durchschnittliche Fläche je Veräußerungsfall
61521;Kaufwerte für landwirtschaftliche Grundstücke;JAHR;Jahr;2024;DINSG;Deutschland insgesamt;DG;Deutschland;BODAT1;Bodenarten;BOD-SONST-LF;Sonstige landwirtschaftliche Fläche;FLNGK1;Größenklassen der veräußerten Fläche;FLCHA025B001;0,25 bis unter 1 ha;393;Anzahl;VKF002;Veräußerungsfälle
61521;Kaufwerte für landwirtschaftliche Grundstücke;JAHR;Jahr;2024;DINSG;Deutschland insgesamt;DG;Deutschland;BODAT1;Bodenarten;BOD-SONST-LF;Sonstige landwirtschaftliche Fläche;FLNGK1;Größenklassen der veräußerten Fläche;FLCHA025B001;0,25 bis unter 1 ha;42668;EUR/ha;KAU004;Durchschnittlicher Kaufwert
61521;Kaufwerte für landwirtschaftliche Grundstücke;JAHR;Jahr;2024;DINSG;Deutschland insgesamt;DG;Deutschland;BODAT1;Bodenarten;BOD-SONST-LF;Sonstige landwirtschaftliche Fläche;FLNGK1;Größenklassen der veräußerten Fläche;FLCHA025B001;0,25 bis unter 1 ha;187;ha;FLC023;Veräußerte Fläche
61521;Kaufwerte für landwirtschaftliche Grundstücke;JAHR;Jahr;2025;DINSG;Deutschland insgesamt;DG;Deutschland;BODAT1;Bodenarten;BOD-ACK;Ackerland;FLNGK1;Größenklassen der veräußerten Fläche;FLCHA010B020;1 bis unter 2 ha;x;100;MZL002;Durchschn.Ertragsmesszahl je ha veräußerter Fläche
61521;Kaufwerte für landwirtschaftliche Grundstücke;JAHR;Jahr;2025;DINSG;Deutschland insgesamt;DG;Deutschland;BODAT1;Bodenarten;BOD-ACK;Ackerland;FLNGK1;Größenklassen der veräußerten Fläche;FLCHA010B020;1 bis unter 2 ha;270521;Tsd. EUR;KAU003;Kaufsumme
61521;Kaufwerte für landwirtschaftliche Grundstücke;JAHR;Jahr;2025;DINSG;Deutschland insgesamt;DG;Deutschland;BODAT1;Bodenarten;BOD-ACK;Ackerland;FLNGK1;Größenklassen der veräußerten Fläche;FLCHA010B020;1 bis unter 2 ha;1,42;ha;FLC008;Durchschnittliche Fläche je Veräußerungsfall
61521;Kaufwerte für landwirtschaftliche Grundstücke;JAHR;Jahr;2025;DINSG;Deutschland insgesamt;DG;Deutschland;BODAT1;Bodenarten;BOD-ACK;Ackerland;FLNGK1;Größenklassen der veräußerten Fläche;FLCHA010B020;1 bis unter 2 ha;3805;Anzahl;VKF002;Veräußerungsfälle
61521;Kaufwerte für landwirtschaftliche Grundstücke;JAHR;Jahr;2025;DINSG;Deutschland insgesamt;DG;Deutschland;BODAT1;Bodenarten;BOD-ACK;Ackerland;FLNGK1;Größenklassen der veräußerten Fläche;FLCHA010B020;1 bis unter 2 ha;49939;EUR/ha;KAU004;Durchschnittlicher Kaufwert
61521;Kaufwerte für landwirtschaftliche Grundstücke;JAHR;Jahr;2025;DINSG;Deutschland insgesamt;DG;Deutschland;BODAT1;Bodenarten;BOD-ACK;Ackerland;FLNGK1;Größenklassen der veräußerten Fläche;FLCHA010B020;1 bis unter 2 ha;5417;ha;FLC023;Veräußerte Fläche
61521;Kaufwerte für landwirtschaftliche Grundstücke;JAHR;Jahr;2021;DINSG;Deutschland insgesamt;DG;Deutschland;BODAT1;Bodenarten;;Insgesamt;FLNGK1;Größenklassen der veräußerten Fläche;FLCHA025B001;0,25 bis unter 1 ha;x;100;MZL002;Durchschn.Ertragsmesszahl je ha veräußerter Fläche
61521;Kaufwerte für landwirtschaftliche Grundstücke;JAHR;Jahr;2021;DINSG;Deutschland insgesamt;DG;Deutschland;BODAT1;Bodenarten;;Insgesamt;FLNGK1;Größenklassen der veräußerten Fläche;FLCHA025B001;0,25 bis unter 1 ha;206205;Tsd. EUR;KAU003;Kaufsumme
61521;Kaufwerte für landwirtschaftliche Grundstücke;JAHR;Jahr;2021;DINSG;Deutschland insgesamt;DG;Deutschland;BODAT1;Bodenarten;;Insgesamt;FLNGK1;Größenklassen der veräußerten Fläche;FLCHA025B001;0,25 bis unter 1 ha;0,54;ha;FLC008;Durchschnittliche Fläche je Veräußerungsfall
61521;Kaufwerte für landwirtschaftliche Grundstücke;JAHR;Jahr;2021;DINSG;Deutschland insgesamt;DG;Deutschland;BODAT1;Bodenarten;;Insgesamt;FLNGK1;Größenklassen der veräußerten Fläche;FLCHA025B001;0,25 bis unter 1 ha;13484;Anzahl;VKF002;Veräußerungsfälle
61521;Kaufwerte für landwirtschaftliche Grundstücke;JAHR;Jahr;2021;DINSG;Deutschland insgesamt;DG;Deutschland;BODAT1;Bodenarten;;Insgesamt;FLNGK1;Größenklassen der veräußerten Fläche;FLCHA025B001;0,25 bis unter 1 ha;28506;EUR/ha;KAU004;Durchschnittlicher Kaufwert
61521;Kaufwerte für landwirtschaftliche Grundstücke;JAHR;Jahr;2021;DINSG;Deutschland insgesamt;DG;Deutschland;BODAT1;Bodenarten;;Insgesamt;FLNGK1;Größenklassen der veräußerten Fläche;FLCHA025B001;0,25 bis unter 1 ha;7234;ha;FLC023;Veräußerte Fläche
61521;Kaufwerte für landwirtschaftliche Grundstücke;JAHR;Jahr;2021;DINSG;Deutschland insgesamt;DG;Deutschland;BODAT1;Bodenarten;BOD-GRL;Grünland;FLNGK1;Größenklassen der veräußerten Fläche;FLCHA050UM;5 und mehr ha;-;100;MZL002;Durchschn.Ertragsmesszahl je ha veräußerter Fläche
61521;Kaufwerte für landwirtschaftliche Grundstücke;JAHR;Jahr;2021;DINSG;Deutschland insgesamt;DG;Deutschland;BODAT1;Bodenarten;BOD-GRL;Grünland;FLNGK1;Größenklassen der veräußerten Fläche;FLCHA050UM;5 und mehr ha;-;Tsd. EUR;KAU003;Kaufsumme
61521;Kaufwerte für landwirtschaftliche Grundstücke;JAHR;Jahr;2021;DINSG;Deutschland insgesamt;DG;Deutschland;BODAT1;Bodenarten;BOD-GRL;Grünland;FLNGK1;Größenklassen der veräußerten Fläche;FLCHA050UM;5 und mehr ha;-;ha;FLC008;Durchschnittliche Fläche je Veräußerungsfall
61521;Kaufwerte für landwirtschaftliche Grundstücke;JAHR;Jahr;2021;DINSG;Deutschland insgesamt;DG;Deutschland;BODAT1;Bodenarten;BOD-GRL;Grünland;FLNGK1;Größenklassen der veräußerten Fläche;FLCHA050UM;5 und mehr ha;-;Anzahl;VKF002;Veräußerungsfälle
61521;Kaufwerte für landwirtschaftliche Grundstücke;JAHR;Jahr;2021;DINSG;Deutschland insgesamt;DG;Deutschland;BODAT1;Bodenarten;BOD-GRL;Grünland;FLNGK1;Größenklassen der veräußerten Fläche;FLCHA050UM;5 und mehr ha;-;EUR/ha;KAU004;Durchschnittlicher Kaufwert
61521;Kaufwerte für landwirtschaftliche Grundstücke;JAHR;Jahr;2021;DINSG;Deutschland insgesamt;DG;Deutschland;BODAT1;Bodenarten;BOD-GRL;Grünland;FLNGK1;Größenklassen der veräußerten Fläche;FLCHA050UM;5 und mehr ha;-;ha;FLC023;Veräußerte Fläche
61521;Kaufwerte für landwirtschaftliche Grundstücke;JAHR;Jahr;2023;DINSG;Deutschland insgesamt;DG;Deutschland;BODAT1;Bodenarten;BOD-LF;Landwirtschaftliche Fläche;FLNGK1;Größenklassen der veräußerten Fläche;FLCHA050UM;5 und mehr ha;x;100;MZL002;Durchschn.Ertragsmesszahl je ha veräußerter Fläche
61521;Kaufwerte für landwirtschaftliche Grundstücke;JAHR;Jahr;2023;DINSG;Deutschland insgesamt;DG;Deutschland;BODAT1;Bodenarten;BOD-LF;Landwirtschaftliche Fläche;FLNGK1;Größenklassen der veräußerten Fläche;FLCHA050UM;5 und mehr ha;946143;Tsd. EUR;KAU003;Kaufsumme
61521;Kaufwerte für landwirtschaftliche Grundstücke;JAHR;Jahr;2023;DINSG;Deutschland insgesamt;DG;Deutschland;BODAT1;Bodenarten;BOD-LF;Landwirtschaftliche Fläche;FLNGK1;Größenklassen der veräußerten Fläche;FLCHA050UM;5 und mehr ha;11,12;ha;FLC008;Durchschnittliche Fläche je Veräußerungsfall
61521;Kaufwerte für landwirtschaftliche Grundstücke;JAHR;Jahr;2023;DINSG;Deutschland insgesamt;DG;Deutschland;BODAT1;Bodenarten;BOD-LF;Landwirtschaftliche Fläche;FLNGK1;Größenklassen der veräußerten Fläche;FLCHA050UM;5 und mehr ha;2684;Anzahl;VKF002;Veräußerungsfälle
61521;Kaufwerte für landwirtschaftliche Grundstücke;JAHR;Jahr;2023;DINSG;Deutschland insgesamt;DG;Deutschland;BODAT1;Bodenarten;BOD-LF;Landwirtschaftliche Fläche;FLNGK1;Größenklassen der veräußerten Fläche;FLCHA050UM;5 und mehr ha;31706;EUR/ha;KAU004;Durchschnittlicher Kaufwert
61521;Kaufwerte für landwirtschaftliche Grundstücke;JAHR;Jahr;2023;DINSG;Deutschland insgesamt;DG;Deutschland;BODAT1;Bodenarten;BOD-LF;Landwirtschaftliche Fläche;FLNGK1;Größenklassen der veräußerten Fläche;FLCHA050UM;5 und mehr ha;29841;ha;FLC023;Veräußerte Fläche
61521;Kaufwerte für landwirtschaftliche Grundstücke;JAHR;Jahr;2024;DINSG;Deutschland insgesamt;DG;Deutschland;BODAT1;Bodenarten;BOD-ACK;Ackerland;FLNGK1;Größenklassen der veräußerten Fläche;FLCHA001B025;0,1 bis unter 0,25 ha;x;100;MZL002;Durchschn.Ertragsmesszahl je ha veräußerter Fläche
61521;Kaufwerte für landwirtschaftliche Grundstücke;JAHR;Jahr;2024;DINSG;Deutschland insgesamt;DG;Deutschland;BODAT1;Bodenarten;BOD-ACK;Ackerland;FLNGK1;Größenklassen der veräußerten Fläche;FLCHA001B025;0,1 bis unter 0,25 ha;16566;Tsd. EUR;KAU003;Kaufsumme
61521;Kaufwerte für landwirtschaftliche Grundstücke;JAHR;Jahr;2024;DINSG;Deutschland insgesamt;DG;Deutschland;BODAT1;Bodenarten;BOD-ACK;Ackerland;FLNGK1;Größenklassen der veräußerten Fläche;FLCHA001B025;0,1 bis unter 0,25 ha;0,17;ha;FLC008;Durchschnittliche Fläche je Veräußerungsfall
61521;Kaufwerte für landwirtschaftliche Grundstücke;JAHR;Jahr;2024;DINSG;Deutschland insgesamt;DG;Deutschland;BODAT1;Bodenarten;BOD-ACK;Ackerland;FLNGK1;Größenklassen der veräußerten Fläche;FLCHA001B025;0,1 bis unter 0,25 ha;3113;Anzahl;VKF002;Veräußerungsfälle
61521;Kaufwerte für landwirtschaftliche Grundstücke;JAHR;Jahr;2024;DINSG;Deutschland insgesamt;DG;Deutschland;BODAT1;Bodenarten;BOD-ACK;Ackerland;FLNGK1;Größenklassen der veräußerten Fläche;FLCHA001B025;0,1 bis unter 0,25 ha;30943;EUR/ha;KAU004;Durchschnittlicher Kaufwert
61521;Kaufwerte für landwirtschaftliche Grundstücke;JAHR;Jahr;2024;DINSG;Deutschland insgesamt;DG;Deutschland;BODAT1;Bodenarten;BOD-ACK;Ackerland;FLNGK1;Größenklassen der veräußerten Fläche;FLCHA001B025;0,1 bis unter 0,25 ha;535;ha;FLC023;Veräußerte Fläche
61521;Kaufwerte für landwirtschaftliche Grundstücke;JAHR;Jahr;2023;DINSG;Deutschland insgesamt;DG;Deutschland;BODAT1;Bodenarten;BOD-ACK;Ackerland;FLNGK1;Größenklassen der veräußerten Fläche;FLCHA025B001;0,25 bis unter 1 ha;x;100;MZL002;Durchschn.Ertragsmesszahl je ha veräußerter Fläche
61521;Kaufwerte für landwirtschaftliche Grundstücke;JAHR;Jahr;2023;DINSG;Deutschland insgesamt;DG;Deutschland;BODAT1;Bodenarten;BOD-ACK;Ackerland;FLNGK1;Größenklassen der veräußerten Fläche;FLCHA025B001;0,25 bis unter 1 ha;147841;Tsd. EUR;KAU003;Kaufsumme
61521;Kaufwerte für landwirtschaftliche Grundstücke;JAHR;Jahr;2023;DINSG;Deutschland insgesamt;DG;Deutschland;BODAT1;Bodenarten;BOD-ACK;Ackerland;FLNGK1;Größenklassen der veräußerten Fläche;FLCHA025B001;0,25 bis unter 1 ha;0,54;ha;FLC008;Durchschnittliche Fläche je Veräußerungsfall
61521;Kaufwerte für landwirtschaftliche Grundstücke;JAHR;Jahr;2023;DINSG;Deutschland insgesamt;DG;Deutschland;BODAT1;Bodenarten;BOD-ACK;Ackerland;FLNGK1;Größenklassen der veräußerten Fläche;FLCHA025B001;0,25 bis unter 1 ha;7668;Anzahl;VKF002;Veräußerungsfälle
61521;Kaufwerte für landwirtschaftliche Grundstücke;JAHR;Jahr;2023;DINSG;Deutschland insgesamt;DG;Deutschland;BODAT1;Bodenarten;BOD-ACK;Ackerland;FLNGK1;Größenklassen der veräußerten Fläche;FLCHA025B001;0,25 bis unter 1 ha;35711;EUR/ha;KAU004;Durchschnittlicher Kaufwert
61521;Kaufwerte für landwirtschaftliche Grundstücke;JAHR;Jahr;2023;DINSG;Deutschland insgesamt;DG;Deutschland;BODAT1;Bodenarten;BOD-ACK;Ackerland;FLNGK1;Größenklassen der veräußerten Fläche;FLCHA025B001;0,25 bis unter 1 ha;4140;ha;FLC023;Veräußerte Fläche
61521;Kaufwerte für landwirtschaftliche Grundstücke;JAHR;Jahr;2024;DINSG;Deutschland insgesamt;DG;Deutschland;BODAT1;Bodenarten;BOD-LF;Landwirtschaftliche Fläche;FLNGK1;Größenklassen der veräußerten Fläche;FLCHA050UM;5 und mehr ha;x;100;MZL002;Durchschn.Ertragsmesszahl je ha veräußerter Fläche
61521;Kaufwerte für landwirtschaftliche Grundstücke;JAHR;Jahr;2024;DINSG;Deutschland insgesamt;DG;Deutschland;BODAT1;Bodenarten;BOD-LF;Landwirtschaftliche Fläche;FLNGK1;Größenklassen der veräußerten Fläche;FLCHA050UM;5 und mehr ha;975740;Tsd. EUR;KAU003;Kaufsumme
61521;Kaufwerte für landwirtschaftliche Grundstücke;JAHR;Jahr;2024;DINSG;Deutschland insgesamt;DG;Deutschland;BODAT1;Bodenarten;BOD-LF;Landwirtschaftliche Fläche;FLNGK1;Größenklassen der veräußerten Fläche;FLCHA050UM;5 und mehr ha;10,99;ha;FLC008;Durchschnittliche Fläche je Veräußerungsfall
61521;Kaufwerte für landwirtschaftliche Grundstücke;JAHR;Jahr;2024;DINSG;Deutschland insgesamt;DG;Deutschland;BODAT1;Bodenarten;BOD-LF;Landwirtschaftliche Fläche;FLNGK1;Größenklassen der veräußerten Fläche;FLCHA050UM;5 und mehr ha;2743;Anzahl;VKF002;Veräußerungsfälle
61521;Kaufwerte für landwirtschaftliche Grundstücke;JAHR;Jahr;2024;DINSG;Deutschland insgesamt;DG;Deutschland;BODAT1;Bodenarten;BOD-LF;Landwirtschaftliche Fläche;FLNGK1;Größenklassen der veräußerten Fläche;FLCHA050UM;5 und mehr ha;32362;EUR/ha;KAU004;Durchschnittlicher Kaufwert
61521;Kaufwerte für landwirtschaftliche Grundstücke;JAHR;Jahr;2024;DINSG;Deutschland insgesamt;DG;Deutschland;BODAT1;Bodenarten;BOD-LF;Landwirtschaftliche Fläche;FLNGK1;Größenklassen der veräußerten Fläche;FLCHA050UM;5 und mehr ha;30151;ha;FLC023;Veräußerte Fläche
61521;Kaufwerte für landwirtschaftliche Grundstücke;JAHR;Jahr;2023;DINSG;Deutschland insgesamt;DG;Deutschland;BODAT1;Bodenarten;BOD-SONST-LF;Sonstige landwirtschaftliche Fläche;FLNGK1;Größenklassen der veräußerten Fläche;FLCHA010B020;1 bis unter 2 ha;x;100;MZL002;Durchschn.Ertragsmesszahl je ha veräußerter Fläche
61521;Kaufwerte für landwirtschaftliche Grundstücke;JAHR;Jahr;2023;DINSG;Deutschland insgesamt;DG;Deutschland;BODAT1;Bodenarten;BOD-SONST-LF;Sonstige landwirtschaftliche Fläche;FLNGK1;Größenklassen der veräußerten Fläche;FLCHA010B020;1 bis unter 2 ha;7677;Tsd. EUR;KAU003;Kaufsumme
61521;Kaufwerte für landwirtschaftliche Grundstücke;JAHR;Jahr;2023;DINSG;Deutschland insgesamt;DG;Deutschland;BODAT1;Bodenarten;BOD-SONST-LF;Sonstige landwirtschaftliche Fläche;FLNGK1;Größenklassen der veräußerten Fläche;FLCHA010B020;1 bis unter 2 ha;1,41;ha;FLC008;Durchschnittliche Fläche je Veräußerungsfall
61521;Kaufwerte für landwirtschaftliche Grundstücke;JAHR;Jahr;2023;DINSG;Deutschland insgesamt;DG;Deutschland;BODAT1;Bodenarten;BOD-SONST-LF;Sonstige landwirtschaftliche Fläche;FLNGK1;Größenklassen der veräußerten Fläche;FLCHA010B020;1 bis unter 2 ha;122;Anzahl;VKF002;Veräußerungsfälle
61521;Kaufwerte für landwirtschaftliche Grundstücke;JAHR;Jahr;2023;DINSG;Deutschland insgesamt;DG;Deutschland;BODAT1;Bodenarten;BOD-SONST-LF;Sonstige landwirtschaftliche Fläche;FLNGK1;Größenklassen der veräußerten Fläche;FLCHA010B020;1 bis unter 2 ha;44681;EUR/ha;KAU004;Durchschnittlicher Kaufwert
61521;Kaufwerte für landwirtschaftliche Grundstücke;JAHR;Jahr;2023;DINSG;Deutschland insgesamt;DG;Deutschland;BODAT1;Bodenarten;BOD-SONST-LF;Sonstige landwirtschaftliche Fläche;FLNGK1;Größenklassen der veräußerten Fläche;FLCHA010B020;1 bis unter 2 ha;172;ha;FLC023;Veräußerte Fläche
61521;Kaufwerte für landwirtschaftliche Grundstücke;JAHR;Jahr;2023;DINSG;Deutschland insgesamt;DG;Deutschland;BODAT1;Bodenarten;BOD-LF;Landwirtschaftliche Fläche;FLNGK1;Größenklassen der veräußerten Fläche;FLCHA001B025;0,1 bis unter 0,25 ha;x;100;MZL002;Durchschn.Ertragsmesszahl je ha veräußerter Fläche
61521;Kaufwerte für landwirtschaftliche Grundstücke;JAHR;Jahr;2023;DINSG;Deutschland insgesamt;DG;Deutschland;BODAT1;Bodenarten;BOD-LF;Landwirtschaftliche Fläche;FLNGK1;Größenklassen der veräußerten Fläche;FLCHA001B025;0,1 bis unter 0,25 ha;30301;Tsd. EUR;KAU003;Kaufsumme
61521;Kaufwerte für landwirtschaftliche Grundstücke;JAHR;Jahr;2023;DINSG;Deutschland insgesamt;DG;Deutschland;BODAT1;Bodenarten;BOD-LF;Landwirtschaftliche Fläche;FLNGK1;Größenklassen der veräußerten Fläche;FLCHA001B025;0,1 bis unter 0,25 ha;0,17;ha;FLC008;Durchschnittliche Fläche je Veräußerungsfall
61521;Kaufwerte für landwirtschaftliche Grundstücke;JAHR;Jahr;2023;DINSG;Deutschland insgesamt;DG;Deutschland;BODAT1;Bodenarten;BOD-LF;Landwirtschaftliche Fläche;FLNGK1;Größenklassen der veräußerten Fläche;FLCHA001B025;0,1 bis unter 0,25 ha;7050;Anzahl;VKF002;Veräußerungsfälle
61521;Kaufwerte für landwirtschaftliche Grundstücke;JAHR;Jahr;2023;DINSG;Deutschland insgesamt;DG;Deutschland;BODAT1;Bodenarten;BOD-LF;Landwirtschaftliche Fläche;FLNGK1;Größenklassen der veräußerten Fläche;FLCHA001B025;0,1 bis unter 0,25 ha;25382;EUR/ha;KAU004;Durchschnittlicher Kaufwert
61521;Kaufwerte für landwirtschaftliche Grundstücke;JAHR;Jahr;2023;DINSG;Deutschland insgesamt;DG;Deutschland;BODAT1;Bodenarten;BOD-LF;Landwirtschaftliche Fläche;FLNGK1;Größenklassen der veräußerten Fläche;FLCHA001B025;0,1 bis unter 0,25 ha;1194;ha;FLC023;Veräußerte Fläche
61521;Kaufwerte für landwirtschaftliche Grundstücke;JAHR;Jahr;2024;DINSG;Deutschland insgesamt;DG;Deutschland;BODAT1;Bodenarten;;Insgesamt;FLNGK1;Größenklassen der veräußerten Fläche;;Insgesamt;x;100;MZL002;Durchschn.Ertragsmesszahl je ha veräußerter Fläche
61521;Kaufwerte für landwirtschaftliche Grundstücke;JAHR;Jahr;2024;DINSG;Deutschland insgesamt;DG;Deutschland;BODAT1;Bodenarten;;Insgesamt;FLNGK1;Größenklassen der veräußerten Fläche;;Insgesamt;2228327;Tsd. EUR;KAU003;Kaufsumme
61521;Kaufwerte für landwirtschaftliche Grundstücke;JAHR;Jahr;2024;DINSG;Deutschland insgesamt;DG;Deutschland;BODAT1;Bodenarten;;Insgesamt;FLNGK1;Größenklassen der veräußerten Fläche;;Insgesamt;1,88;ha;FLC008;Durchschnittliche Fläche je Veräußerungsfall
61521;Kaufwerte für landwirtschaftliche Grundstücke;JAHR;Jahr;2024;DINSG;Deutschland insgesamt;DG;Deutschland;BODAT1;Bodenarten;;Insgesamt;FLNGK1;Größenklassen der veräußerten Fläche;;Insgesamt;33580;Anzahl;VKF002;Veräußerungsfälle
61521;Kaufwerte für landwirtschaftliche Grundstücke;JAHR;Jahr;2024;DINSG;Deutschland insgesamt;DG;Deutschland;BODAT1;Bodenarten;;Insgesamt;FLNGK1;Größenklassen der veräußerten Fläche;;Insgesamt;35298;EUR/ha;KAU004;Durchschnittlicher Kaufwert
61521;Kaufwerte für landwirtschaftliche Grundstücke;JAHR;Jahr;2024;DINSG;Deutschland insgesamt;DG;Deutschland;BODAT1;Bodenarten;;Insgesamt;FLNGK1;Größenklassen der veräußerten Fläche;;Insgesamt;63129;ha;FLC023;Veräußerte Fläche
61521;Kaufwerte für landwirtschaftliche Grundstücke;JAHR;Jahr;2021;DINSG;Deutschland insgesamt;DG;Deutschland;BODAT1;Bodenarten;BOD-LF;Landwirtschaftliche Fläche;FLNGK1;Größenklassen der veräußerten Fläche;FLCHA050UM;5 und mehr ha;x;100;MZL002;Durchschn.Ertragsmesszahl je ha veräußerter Fläche
61521;Kaufwerte für landwirtschaftliche Grundstücke;JAHR;Jahr;2021;DINSG;Deutschland insgesamt;DG;Deutschland;BODAT1;Bodenarten;BOD-LF;Landwirtschaftliche Fläche;FLNGK1;Größenklassen der veräußerten Fläche;FLCHA050UM;5 und mehr ha;891454;Tsd. EUR;KAU003;Kaufsumme
61521;Kaufwerte für landwirtschaftliche Grundstücke;JAHR;Jahr;2021;DINSG;Deutschland insgesamt;DG;Deutschland;BODAT1;Bodenarten;BOD-LF;Landwirtschaftliche Fläche;FLNGK1;Größenklassen der veräußerten Fläche;FLCHA050UM;5 und mehr ha;11,06;ha;FLC008;Durchschnittliche Fläche je Veräußerungsfall
61521;Kaufwerte für landwirtschaftliche Grundstücke;JAHR;Jahr;2021;DINSG;Deutschland insgesamt;DG;Deutschland;BODAT1;Bodenarten;BOD-LF;Landwirtschaftliche Fläche;FLNGK1;Größenklassen der veräußerten Fläche;FLCHA050UM;5 und mehr ha;3061;Anzahl;VKF002;Veräußerungsfälle
61521;Kaufwerte für landwirtschaftliche Grundstücke;JAHR;Jahr;2021;DINSG;Deutschland insgesamt;DG;Deutschland;BODAT1;Bodenarten;BOD-LF;Landwirtschaftliche Fläche;FLNGK1;Größenklassen der veräußerten Fläche;FLCHA050UM;5 und mehr ha;26330;EUR/ha;KAU004;Durchschnittlicher Kaufwert
61521;Kaufwerte für landwirtschaftliche Grundstücke;JAHR;Jahr;2021;DINSG;Deutschland insgesamt;DG;Deutschland;BODAT1;Bodenarten;BOD-LF;Landwirtschaftliche Fläche;FLNGK1;Größenklassen der veräußerten Fläche;FLCHA050UM;5 und mehr ha;33858;ha;FLC023;Veräußerte Fläche
61521;Kaufwerte für landwirtschaftliche Grundstücke;JAHR;Jahr;2022;DINSG;Deutschland insgesamt;DG;Deutschland;BODAT1;Bodenarten;BOD-LF;Landwirtschaftliche Fläche;FLNGK1;Größenklassen der veräußerten Fläche;FLCHA050UM;5 und mehr ha;x;100;MZL002;Durchschn.Ertragsmesszahl je ha veräußerter Fläche
61521;Kaufwerte für landwirtschaftliche Grundstücke;JAHR;Jahr;2022;DINSG;Deutschland insgesamt;DG;Deutschland;BODAT1;Bodenarten;BOD-LF;Landwirtschaftliche Fläche;FLNGK1;Größenklassen der veräußerten Fläche;FLCHA050UM;5 und mehr ha;809320;Tsd. EUR;KAU003;Kaufsumme
61521;Kaufwerte für landwirtschaftliche Grundstücke;JAHR;Jahr;2022;DINSG;Deutschland insgesamt;DG;Deutschland;BODAT1;Bodenarten;BOD-LF;Landwirtschaftliche Fläche;FLNGK1;Größenklassen der veräußerten Fläche;FLCHA050UM;5 und mehr ha;11,37;ha;FLC008;Durchschnittliche Fläche je Veräußerungsfall
61521;Kaufwerte für landwirtschaftliche Grundstücke;JAHR;Jahr;2022;DINSG;Deutschland insgesamt;DG;Deutschland;BODAT1;Bodenarten;BOD-LF;Landwirtschaftliche Fläche;FLNGK1;Größenklassen der veräußerten Fläche;FLCHA050UM;5 und mehr ha;2468;Anzahl;VKF002;Veräußerungsfälle
61521;Kaufwerte für landwirtschaftliche Grundstücke;JAHR;Jahr;2022;DINSG;Deutschland insgesamt;DG;Deutschland;BODAT1;Bodenarten;BOD-LF;Landwirtschaftliche Fläche;FLNGK1;Größenklassen der veräußerten Fläche;FLCHA050UM;5 und mehr ha;28839;EUR/ha;KAU004;Durchschnittlicher Kaufwert
61521;Kaufwerte für landwirtschaftliche Grundstücke;JAHR;Jahr;2022;DINSG;Deutschland insgesamt;DG;Deutschland;BODAT1;Bodenarten;BOD-LF;Landwirtschaftliche Fläche;FLNGK1;Größenklassen der veräußerten Fläche;FLCHA050UM;5 und mehr ha;28064;ha;FLC023;Veräußerte Fläche
61521;Kaufwerte für landwirtschaftliche Grundstücke;JAHR;Jahr;2025;DINSG;Deutschland insgesamt;DG;Deutschland;BODAT1;Bodenarten;BOD-SONST-LF;Sonstige landwirtschaftliche Fläche;FLNGK1;Größenklassen der veräußerten Fläche;FLCHA001B025;0,1 bis unter 0,25 ha;x;100;MZL002;Durchschn.Ertragsmesszahl je ha veräußerter Fläche
61521;Kaufwerte für landwirtschaftliche Grundstücke;JAHR;Jahr;2025;DINSG;Deutschland insgesamt;DG;Deutschland;BODAT1;Bodenarten;BOD-SONST-LF;Sonstige landwirtschaftliche Fläche;FLNGK1;Größenklassen der veräußerten Fläche;FLCHA001B025;0,1 bis unter 0,25 ha;3068;Tsd. EUR;KAU003;Kaufsumme
61521;Kaufwerte für landwirtschaftliche Grundstücke;JAHR;Jahr;2025;DINSG;Deutschland insgesamt;DG;Deutschland;BODAT1;Bodenarten;BOD-SONST-LF;Sonstige landwirtschaftliche Fläche;FLNGK1;Größenklassen der veräußerten Fläche;FLCHA001B025;0,1 bis unter 0,25 ha;0,16;ha;FLC008;Durchschnittliche Fläche je Veräußerungsfall
61521;Kaufwerte für landwirtschaftliche Grundstücke;JAHR;Jahr;2025;DINSG;Deutschland insgesamt;DG;Deutschland;BODAT1;Bodenarten;BOD-SONST-LF;Sonstige landwirtschaftliche Fläche;FLNGK1;Größenklassen der veräußerten Fläche;FLCHA001B025;0,1 bis unter 0,25 ha;356;Anzahl;VKF002;Veräußerungsfälle
61521;Kaufwerte für landwirtschaftliche Grundstücke;JAHR;Jahr;2025;DINSG;Deutschland insgesamt;DG;Deutschland;BODAT1;Bodenarten;BOD-SONST-LF;Sonstige landwirtschaftliche Fläche;FLNGK1;Größenklassen der veräußerten Fläche;FLCHA001B025;0,1 bis unter 0,25 ha;54719;EUR/ha;KAU004;Durchschnittlicher Kaufwert
61521;Kaufwerte für landwirtschaftliche Grundstücke;JAHR;Jahr;2025;DINSG;Deutschland insgesamt;DG;Deutschland;BODAT1;Bodenarten;BOD-SONST-LF;Sonstige landwirtschaftliche Fläche;FLNGK1;Größenklassen der veräußerten Fläche;FLCHA001B025;0,1 bis unter 0,25 ha;56;ha;FLC023;Veräußerte Fläche
61521;Kaufwerte für landwirtschaftliche Grundstücke;JAHR;Jahr;2024;DINSG;Deutschland insgesamt;DG;Deutschland;BODAT1;Bodenarten;BOD-SONST-LF;Sonstige landwirtschaftliche Fläche;FLNGK1;Größenklassen der veräußerten Fläche;;Insgesamt;x;100;MZL002;Durchschn.Ertragsmesszahl je ha veräußerter Fläche
61521;Kaufwerte für landwirtschaftliche Grundstücke;JAHR;Jahr;2024;DINSG;Deutschland insgesamt;DG;Deutschland;BODAT1;Bodenarten;BOD-SONST-LF;Sonstige landwirtschaftliche Fläche;FLNGK1;Größenklassen der veräußerten Fläche;;Insgesamt;30915;Tsd. EUR;KAU003;Kaufsumme
61521;Kaufwerte für landwirtschaftliche Grundstücke;JAHR;Jahr;2024;DINSG;Deutschland insgesamt;DG;Deutschland;BODAT1;Bodenarten;BOD-SONST-LF;Sonstige landwirtschaftliche Fläche;FLNGK1;Größenklassen der veräußerten Fläche;;Insgesamt;0,82;ha;FLC008;Durchschnittliche Fläche je Veräußerungsfall
61521;Kaufwerte für landwirtschaftliche Grundstücke;JAHR;Jahr;2024;DINSG;Deutschland insgesamt;DG;Deutschland;BODAT1;Bodenarten;BOD-SONST-LF;Sonstige landwirtschaftliche Fläche;FLNGK1;Größenklassen der veräußerten Fläche;;Insgesamt;979;Anzahl;VKF002;Veräußerungsfälle
61521;Kaufwerte für landwirtschaftliche Grundstücke;JAHR;Jahr;2024;DINSG;Deutschland insgesamt;DG;Deutschland;BODAT1;Bodenarten;BOD-SONST-LF;Sonstige landwirtschaftliche Fläche;FLNGK1;Größenklassen der veräußerten Fläche;;Insgesamt;38368;EUR/ha;KAU004;Durchschnittlicher Kaufwert
61521;Kaufwerte für landwirtschaftliche Grundstücke;JAHR;Jahr;2024;DINSG;Deutschland insgesamt;DG;Deutschland;BODAT1;Bodenarten;BOD-SONST-LF;Sonstige landwirtschaftliche Fläche;FLNGK1;Größenklassen der veräußerten Fläche;;Insgesamt;806;ha;FLC023;Veräußerte Fläche
61521;Kaufwerte für landwirtschaftliche Grundstücke;JAHR;Jahr;2021;DINSG;Deutschland insgesamt;DG;Deutschland;BODAT1;Bodenarten;BOD-LF;Landwirtschaftliche Fläche;FLNGK1;Größenklassen der veräußerten Fläche;;Insgesamt;x;100;MZL002;Durchschn.Ertragsmesszahl je ha veräußerter Fläche
61521;Kaufwerte für landwirtschaftliche Grundstücke;JAHR;Jahr;2021;DINSG;Deutschland insgesamt;DG;Deutschland;BODAT1;Bodenarten;BOD-LF;Landwirtschaftliche Fläche;FLNGK1;Größenklassen der veräußerten Fläche;;Insgesamt;1910274;Tsd. EUR;KAU003;Kaufsumme
61521;Kaufwerte für landwirtschaftliche Grundstücke;JAHR;Jahr;2021;DINSG;Deutschland insgesamt;DG;Deutschland;BODAT1;Bodenarten;BOD-LF;Landwirtschaftliche Fläche;FLNGK1;Größenklassen der veräußerten Fläche;;Insgesamt;1,96;ha;FLC008;Durchschnittliche Fläche je Veräußerungsfall
61521;Kaufwerte für landwirtschaftliche Grundstücke;JAHR;Jahr;2021;DINSG;Deutschland insgesamt;DG;Deutschland;BODAT1;Bodenarten;BOD-LF;Landwirtschaftliche Fläche;FLNGK1;Größenklassen der veräußerten Fläche;;Insgesamt;32875;Anzahl;VKF002;Veräußerungsfälle
61521;Kaufwerte für landwirtschaftliche Grundstücke;JAHR;Jahr;2021;DINSG;Deutschland insgesamt;DG;Deutschland;BODAT1;Bodenarten;BOD-LF;Landwirtschaftliche Fläche;FLNGK1;Größenklassen der veräußerten Fläche;;Insgesamt;29706;EUR/ha;KAU004;Durchschnittlicher Kaufwert
61521;Kaufwerte für landwirtschaftliche Grundstücke;JAHR;Jahr;2021;DINSG;Deutschland insgesamt;DG;Deutschland;BODAT1;Bodenarten;BOD-LF;Landwirtschaftliche Fläche;FLNGK1;Größenklassen der veräußerten Fläche;;Insgesamt;64305;ha;FLC023;Veräußerte Fläche
61521;Kaufwerte für landwirtschaftliche Grundstücke;JAHR;Jahr;2023;DINSG;Deutschland insgesamt;DG;Deutschland;BODAT1;Bodenarten;;Insgesamt;FLNGK1;Größenklassen der veräußerten Fläche;FLCHA001B025;0,1 bis unter 0,25 ha;x;100;MZL002;Durchschn.Ertragsmesszahl je ha veräußerter Fläche
61521;Kaufwerte für landwirtschaftliche Grundstücke;JAHR;Jahr;2023;DINSG;Deutschland insgesamt;DG;Deutschland;BODAT1;Bodenarten;;Insgesamt;FLNGK1;Größenklassen der veräußerten Fläche;FLCHA001B025;0,1 bis unter 0,25 ha;33464;Tsd. EUR;KAU003;Kaufsumme
61521;Kaufwerte für landwirtschaftliche Grundstücke;JAHR;Jahr;2023;DINSG;Deutschland insgesamt;DG;Deutschland;BODAT1;Bodenarten;;Insgesamt;FLNGK1;Größenklassen der veräußerten Fläche;FLCHA001B025;0,1 bis unter 0,25 ha;0,17;ha;FLC008;Durchschnittliche Fläche je Veräußerungsfall
61521;Kaufwerte für landwirtschaftliche Grundstücke;JAHR;Jahr;2023;DINSG;Deutschland insgesamt;DG;Deutschland;BODAT1;Bodenarten;;Insgesamt;FLNGK1;Größenklassen der veräußerten Fläche;FLCHA001B025;0,1 bis unter 0,25 ha;7645;Anzahl;VKF002;Veräußerungsfälle
61521;Kaufwerte für landwirtschaftliche Grundstücke;JAHR;Jahr;2023;DINSG;Deutschland insgesamt;DG;Deutschland;BODAT1;Bodenarten;;Insgesamt;FLNGK1;Größenklassen der veräußerten Fläche;FLCHA001B025;0,1 bis unter 0,25 ha;25915;EUR/ha;KAU004;Durchschnittlicher Kaufwert
61521;Kaufwerte für landwirtschaftliche Grundstücke;JAHR;Jahr;2023;DINSG;Deutschland insgesamt;DG;Deutschland;BODAT1;Bodenarten;;Insgesamt;FLNGK1;Größenklassen der veräußerten Fläche;FLCHA001B025;0,1 bis unter 0,25 ha;1291;ha;FLC023;Veräußerte Fläche
61521;Kaufwerte für landwirtschaftliche Grundstücke;JAHR;Jahr;2021;DINSG;Deutschland insgesamt;DG;Deutschland;BODAT1;Bodenarten;BOD-GRL;Grünland;FLNGK1;Größenklassen der veräußerten Fläche;FLCHA020B050;2 bis unter 5 ha;-;100;MZL002;Durchschn.Ertragsmesszahl je ha veräußerter Fläche
61521;Kaufwerte für landwirtschaftliche Grundstücke;JAHR;Jahr;2021;DINSG;Deutschland insgesamt;DG;Deutschland;BODAT1;Bodenarten;BOD-GRL;Grünland;FLNGK1;Größenklassen der veräußerten Fläche;FLCHA020B050;2 bis unter 5 ha;-;Tsd. EUR;KAU003;Kaufsumme
61521;Kaufwerte für landwirtschaftliche Grundstücke;JAHR;Jahr;2021;DINSG;Deutschland insgesamt;DG;Deutschland;BODAT1;Bodenarten;BOD-GRL;Grünland;FLNGK1;Größenklassen der veräußerten Fläche;FLCHA020B050;2 bis unter 5 ha;-;ha;FLC008;Durchschnittliche Fläche je Veräußerungsfall
61521;Kaufwerte für landwirtschaftliche Grundstücke;JAHR;Jahr;2021;DINSG;Deutschland insgesamt;DG;Deutschland;BODAT1;Bodenarten;BOD-GRL;Grünland;FLNGK1;Größenklassen der veräußerten Fläche;FLCHA020B050;2 bis unter 5 ha;-;Anzahl;VKF002;Veräußerungsfälle
61521;Kaufwerte für landwirtschaftliche Grundstücke;JAHR;Jahr;2021;DINSG;Deutschland insgesamt;DG;Deutschland;BODAT1;Bodenarten;BOD-GRL;Grünland;FLNGK1;Größenklassen der veräußerten Fläche;FLCHA020B050;2 bis unter 5 ha;-;EUR/ha;KAU004;Durchschnittlicher Kaufwert
61521;Kaufwerte für landwirtschaftliche Grundstücke;JAHR;Jahr;2021;DINSG;Deutschland insgesamt;DG;Deutschland;BODAT1;Bodenarten;BOD-GRL;Grünland;FLNGK1;Größenklassen der veräußerten Fläche;FLCHA020B050;2 bis unter 5 ha;-;ha;FLC023;Veräußerte Fläche
61521;Kaufwerte für landwirtschaftliche Grundstücke;JAHR;Jahr;2023;DINSG;Deutschland insgesamt;DG;Deutschland;BODAT1;Bodenarten;BOD-LF;Landwirtschaftliche Fläche;FLNGK1;Größenklassen der veräußerten Fläche;;Insgesamt;x;100;MZL002;Durchschn.Ertragsmesszahl je ha veräußerter Fläche
61521;Kaufwerte für landwirtschaftliche Grundstücke;JAHR;Jahr;2023;DINSG;Deutschland insgesamt;DG;Deutschland;BODAT1;Bodenarten;BOD-LF;Landwirtschaftliche Fläche;FLNGK1;Größenklassen der veräußerten Fläche;;Insgesamt;2026438;Tsd. EUR;KAU003;Kaufsumme
61521;Kaufwerte für landwirtschaftliche Grundstücke;JAHR;Jahr;2023;DINSG;Deutschland insgesamt;DG;Deutschland;BODAT1;Bodenarten;BOD-LF;Landwirtschaftliche Fläche;FLNGK1;Größenklassen der veräußerten Fläche;;Insgesamt;1,82;ha;FLC008;Durchschnittliche Fläche je Veräußerungsfall
61521;Kaufwerte für landwirtschaftliche Grundstücke;JAHR;Jahr;2023;DINSG;Deutschland insgesamt;DG;Deutschland;BODAT1;Bodenarten;BOD-LF;Landwirtschaftliche Fläche;FLNGK1;Größenklassen der veräußerten Fläche;;Insgesamt;33253;Anzahl;VKF002;Veräußerungsfälle
61521;Kaufwerte für landwirtschaftliche Grundstücke;JAHR;Jahr;2023;DINSG;Deutschland insgesamt;DG;Deutschland;BODAT1;Bodenarten;BOD-LF;Landwirtschaftliche Fläche;FLNGK1;Größenklassen der veräußerten Fläche;;Insgesamt;33565;EUR/ha;KAU004;Durchschnittlicher Kaufwert
61521;Kaufwerte für landwirtschaftliche Grundstücke;JAHR;Jahr;2023;DINSG;Deutschland insgesamt;DG;Deutschland;BODAT1;Bodenarten;BOD-LF;Landwirtschaftliche Fläche;FLNGK1;Größenklassen der veräußerten Fläche;;Insgesamt;60373;ha;FLC023;Veräußerte Fläche
61521;Kaufwerte für landwirtschaftliche Grundstücke;JAHR;Jahr;2022;DINSG;Deutschland insgesamt;DG;Deutschland;BODAT1;Bodenarten;BOD-ACK;Ackerland;FLNGK1;Größenklassen der veräußerten Fläche;FLCHA050UM;5 und mehr ha;x;100;MZL002;Durchschn.Ertragsmesszahl je ha veräußerter Fläche
61521;Kaufwerte für landwirtschaftliche Grundstücke;JAHR;Jahr;2022;DINSG;Deutschland insgesamt;DG;Deutschland;BODAT1;Bodenarten;BOD-ACK;Ackerland;FLNGK1;Größenklassen der veräußerten Fläche;FLCHA050UM;5 und mehr ha;598027;Tsd. EUR;KAU003;Kaufsumme
61521;Kaufwerte für landwirtschaftliche Grundstücke;JAHR;Jahr;2022;DINSG;Deutschland insgesamt;DG;Deutschland;BODAT1;Bodenarten;BOD-ACK;Ackerland;FLNGK1;Größenklassen der veräußerten Fläche;FLCHA050UM;5 und mehr ha;11,16;ha;FLC008;Durchschnittliche Fläche je Veräußerungsfall
61521;Kaufwerte für landwirtschaftliche Grundstücke;JAHR;Jahr;2022;DINSG;Deutschland insgesamt;DG;Deutschland;BODAT1;Bodenarten;BOD-ACK;Ackerland;FLNGK1;Größenklassen der veräußerten Fläche;FLCHA050UM;5 und mehr ha;1579;Anzahl;VKF002;Veräußerungsfälle
61521;Kaufwerte für landwirtschaftliche Grundstücke;JAHR;Jahr;2022;DINSG;Deutschland insgesamt;DG;Deutschland;BODAT1;Bodenarten;BOD-ACK;Ackerland;FLNGK1;Größenklassen der veräußerten Fläche;FLCHA050UM;5 und mehr ha;33952;EUR/ha;KAU004;Durchschnittlicher Kaufwert
61521;Kaufwerte für landwirtschaftliche Grundstücke;JAHR;Jahr;2022;DINSG;Deutschland insgesamt;DG;Deutschland;BODAT1;Bodenarten;BOD-ACK;Ackerland;FLNGK1;Größenklassen der veräußerten Fläche;FLCHA050UM;5 und mehr ha;17614;ha;FLC023;Veräußerte Fläche
61521;Kaufwerte für landwirtschaftliche Grundstücke;JAHR;Jahr;2022;DINSG;Deutschland insgesamt;DG;Deutschland;BODAT1;Bodenarten;BOD-LF;Landwirtschaftliche Fläche;FLNGK1;Größenklassen der veräußerten Fläche;;Insgesamt;x;100;MZL002;Durchschn.Ertragsmesszahl je ha veräußerter Fläche
61521;Kaufwerte für landwirtschaftliche Grundstücke;JAHR;Jahr;2022;DINSG;Deutschland insgesamt;DG;Deutschland;BODAT1;Bodenarten;BOD-LF;Landwirtschaftliche Fläche;FLNGK1;Größenklassen der veräußerten Fläche;;Insgesamt;1852805;Tsd. EUR;KAU003;Kaufsumme
61521;Kaufwerte für landwirtschaftliche Grundstücke;JAHR;Jahr;2022;DINSG;Deutschland insgesamt;DG;Deutschland;BODAT1;Bodenarten;BOD-LF;Landwirtschaftliche Fläche;FLNGK1;Größenklassen der veräußerten Fläche;;Insgesamt;1,80;ha;FLC008;Durchschnittliche Fläche je Veräußerungsfall
61521;Kaufwerte für landwirtschaftliche Grundstücke;JAHR;Jahr;2022;DINSG;Deutschland insgesamt;DG;Deutschland;BODAT1;Bodenarten;BOD-LF;Landwirtschaftliche Fläche;FLNGK1;Größenklassen der veräußerten Fläche;;Insgesamt;31633;Anzahl;VKF002;Veräußerungsfälle
61521;Kaufwerte für landwirtschaftliche Grundstücke;JAHR;Jahr;2022;DINSG;Deutschland insgesamt;DG;Deutschland;BODAT1;Bodenarten;BOD-LF;Landwirtschaftliche Fläche;FLNGK1;Größenklassen der veräußerten Fläche;;Insgesamt;32509;EUR/ha;KAU004;Durchschnittlicher Kaufwert
61521;Kaufwerte für landwirtschaftliche Grundstücke;JAHR;Jahr;2022;DINSG;Deutschland insgesamt;DG;Deutschland;BODAT1;Bodenarten;BOD-LF;Landwirtschaftliche Fläche;FLNGK1;Größenklassen der veräußerten Fläche;;Insgesamt;56993;ha;FLC023;Veräußerte Fläche
61521;Kaufwerte für landwirtschaftliche Grundstücke;JAHR;Jahr;2023;DINSG;Deutschland insgesamt;DG;Deutschland;BODAT1;Bodenarten;BOD-GRL;Grünland;FLNGK1;Größenklassen der veräußerten Fläche;FLCHA025B001;0,25 bis unter 1 ha;x;100;MZL002;Durchschn.Ertragsmesszahl je ha veräußerter Fläche
61521;Kaufwerte für landwirtschaftliche Grundstücke;JAHR;Jahr;2023;DINSG;Deutschland insgesamt;DG;Deutschland;BODAT1;Bodenarten;BOD-GRL;Grünland;FLNGK1;Größenklassen der veräußerten Fläche;FLCHA025B001;0,25 bis unter 1 ha;55063;Tsd. EUR;KAU003;Kaufsumme
61521;Kaufwerte für landwirtschaftliche Grundstücke;JAHR;Jahr;2023;DINSG;Deutschland insgesamt;DG;Deutschland;BODAT1;Bodenarten;BOD-GRL;Grünland;FLNGK1;Größenklassen der veräußerten Fläche;FLCHA025B001;0,25 bis unter 1 ha;0,52;ha;FLC008;Durchschnittliche Fläche je Veräußerungsfall
61521;Kaufwerte für landwirtschaftliche Grundstücke;JAHR;Jahr;2023;DINSG;Deutschland insgesamt;DG;Deutschland;BODAT1;Bodenarten;BOD-GRL;Grünland;FLNGK1;Größenklassen der veräußerten Fläche;FLCHA025B001;0,25 bis unter 1 ha;4514;Anzahl;VKF002;Veräußerungsfälle
61521;Kaufwerte für landwirtschaftliche Grundstücke;JAHR;Jahr;2023;DINSG;Deutschland insgesamt;DG;Deutschland;BODAT1;Bodenarten;BOD-GRL;Grünland;FLNGK1;Größenklassen der veräußerten Fläche;FLCHA025B001;0,25 bis unter 1 ha;23445;EUR/ha;KAU004;Durchschnittlicher Kaufwert
61521;Kaufwerte für landwirtschaftliche Grundstücke;JAHR;Jahr;2023;DINSG;Deutschland insgesamt;DG;Deutschland;BODAT1;Bodenarten;BOD-GRL;Grünland;FLNGK1;Größenklassen der veräußerten Fläche;FLCHA025B001;0,25 bis unter 1 ha;2349;ha;FLC023;Veräußerte Fläche
61521;Kaufwerte für landwirtschaftliche Grundstücke;JAHR;Jahr;2025;DINSG;Deutschland insgesamt;DG;Deutschland;BODAT1;Bodenarten;BOD-ACK;Ackerland;FLNGK1;Größenklassen der veräußerten Fläche;;Insgesamt;x;100;MZL002;Durchschn.Ertragsmesszahl je ha veräußerter Fläche
61521;Kaufwerte für landwirtschaftliche Grundstücke;JAHR;Jahr;2025;DINSG;Deutschland insgesamt;DG;Deutschland;BODAT1;Bodenarten;BOD-ACK;Ackerland;FLNGK1;Größenklassen der veräußerten Fläche;;Insgesamt;1769952;Tsd. EUR;KAU003;Kaufsumme
61521;Kaufwerte für landwirtschaftliche Grundstücke;JAHR;Jahr;2025;DINSG;Deutschland insgesamt;DG;Deutschland;BODAT1;Bodenarten;BOD-ACK;Ackerland;FLNGK1;Größenklassen der veräußerten Fläche;;Insgesamt;2,02;ha;FLC008;Durchschnittliche Fläche je Veräußerungsfall
61521;Kaufwerte für landwirtschaftliche Grundstücke;JAHR;Jahr;2025;DINSG;Deutschland insgesamt;DG;Deutschland;BODAT1;Bodenarten;BOD-ACK;Ackerland;FLNGK1;Größenklassen der veräußerten Fläche;;Insgesamt;20776;Anzahl;VKF002;Veräußerungsfälle
61521;Kaufwerte für landwirtschaftliche Grundstücke;JAHR;Jahr;2025;DINSG;Deutschland insgesamt;DG;Deutschland;BODAT1;Bodenarten;BOD-ACK;Ackerland;FLNGK1;Größenklassen der veräußerten Fläche;;Insgesamt;42134;EUR/ha;KAU004;Durchschnittlicher Kaufwert
61521;Kaufwerte für landwirtschaftliche Grundstücke;JAHR;Jahr;2025;DINSG;Deutschland insgesamt;DG;Deutschland;BODAT1;Bodenarten;BOD-ACK;Ackerland;FLNGK1;Größenklassen der veräußerten Fläche;;Insgesamt;42008;ha;FLC023;Veräußerte Fläche
61521;Kaufwerte für landwirtschaftliche Grundstücke;JAHR;Jahr;2023;DINSG;Deutschland insgesamt;DG;Deutschland;BODAT1;Bodenarten;BOD-GRL;Grünland;FLNGK1;Größenklassen der veräußerten Fläche;;Insgesamt;x;100;MZL002;Durchschn.Ertragsmesszahl je ha veräußerter Fläche
61521;Kaufwerte für landwirtschaftliche Grundstücke;JAHR;Jahr;2023;DINSG;Deutschland insgesamt;DG;Deutschland;BODAT1;Bodenarten;BOD-GRL;Grünland;FLNGK1;Größenklassen der veräußerten Fläche;;Insgesamt;278286;Tsd. EUR;KAU003;Kaufsumme
61521;Kaufwerte für landwirtschaftliche Grundstücke;JAHR;Jahr;2023;DINSG;Deutschland insgesamt;DG;Deutschland;BODAT1;Bodenarten;BOD-GRL;Grünland;FLNGK1;Größenklassen der veräußerten Fläche;;Insgesamt;1,06;ha;FLC008;Durchschnittliche Fläche je Veräußerungsfall
61521;Kaufwerte für landwirtschaftliche Grundstücke;JAHR;Jahr;2023;DINSG;Deutschland insgesamt;DG;Deutschland;BODAT1;Bodenarten;BOD-GRL;Grünland;FLNGK1;Größenklassen der veräußerten Fläche;;Insgesamt;10430;Anzahl;VKF002;Veräußerungsfälle
61521;Kaufwerte für landwirtschaftliche Grundstücke;JAHR;Jahr;2023;DINSG;Deutschland insgesamt;DG;Deutschland;BODAT1;Bodenarten;BOD-GRL;Grünland;FLNGK1;Größenklassen der veräußerten Fläche;;Insgesamt;25196;EUR/ha;KAU004;Durchschnittlicher Kaufwert
61521;Kaufwerte für landwirtschaftliche Grundstücke;JAHR;Jahr;2023;DINSG;Deutschland insgesamt;DG;Deutschland;BODAT1;Bodenarten;BOD-GRL;Grünland;FLNGK1;Größenklassen der veräußerten Fläche;;Insgesamt;11045;ha;FLC023;Veräußerte Fläche
61521;Kaufwerte für landwirtschaftliche Grundstücke;JAHR;Jahr;2025;DINSG;Deutschland insgesamt;DG;Deutschland;BODAT1;Bodenarten;;Insgesamt;FLNGK1;Größenklassen der veräußerten Fläche;FLCHA001B025;0,1 bis unter 0,25 ha;x;100;MZL002;Durchschn.Ertragsmesszahl je ha veräußerter Fläche
61521;Kaufwerte für landwirtschaftliche Grundstücke;JAHR;Jahr;2025;DINSG;Deutschland insgesamt;DG;Deutschland;BODAT1;Bodenarten;;Insgesamt;FLNGK1;Größenklassen der veräußerten Fläche;FLCHA001B025;0,1 bis unter 0,25 ha;40222;Tsd. EUR;KAU003;Kaufsumme
61521;Kaufwerte für landwirtschaftliche Grundstücke;JAHR;Jahr;2025;DINSG;Deutschland insgesamt;DG;Deutschland;BODAT1;Bodenarten;;Insgesamt;FLNGK1;Größenklassen der veräußerten Fläche;FLCHA001B025;0,1 bis unter 0,25 ha;0,17;ha;FLC008;Durchschnittliche Fläche je Veräußerungsfall
61521;Kaufwerte für landwirtschaftliche Grundstücke;JAHR;Jahr;2025;DINSG;Deutschland insgesamt;DG;Deutschland;BODAT1;Bodenarten;;Insgesamt;FLNGK1;Größenklassen der veräußerten Fläche;FLCHA001B025;0,1 bis unter 0,25 ha;7965;Anzahl;VKF002;Veräußerungsfälle
61521;Kaufwerte für landwirtschaftliche Grundstücke;JAHR;Jahr;2025;DINSG;Deutschland insgesamt;DG;Deutschland;BODAT1;Bodenarten;;Insgesamt;FLNGK1;Größenklassen der veräußerten Fläche;FLCHA001B025;0,1 bis unter 0,25 ha;29706;EUR/ha;KAU004;Durchschnittlicher Kaufwert
61521;Kaufwerte für landwirtschaftliche Grundstücke;JAHR;Jahr;2025;DINSG;Deutschland insgesamt;DG;Deutschland;BODAT1;Bodenarten;;Insgesamt;FLNGK1;Größenklassen der veräußerten Fläche;FLCHA001B025;0,1 bis unter 0,25 ha;1354;ha;FLC023;Veräußerte Fläche
61521;Kaufwerte für landwirtschaftliche Grundstücke;JAHR;Jahr;2021;DINSG;Deutschland insgesamt;DG;Deutschland;BODAT1;Bodenarten;BOD-LF;Landwirtschaftliche Fläche;FLNGK1;Größenklassen der veräußerten Fläche;FLCHA025B001;0,25 bis unter 1 ha;x;100;MZL002;Durchschn.Ertragsmesszahl je ha veräußerter Fläche
61521;Kaufwerte für landwirtschaftliche Grundstücke;JAHR;Jahr;2021;DINSG;Deutschland insgesamt;DG;Deutschland;BODAT1;Bodenarten;BOD-LF;Landwirtschaftliche Fläche;FLNGK1;Größenklassen der veräußerten Fläche;FLCHA025B001;0,25 bis unter 1 ha;198989;Tsd. EUR;KAU003;Kaufsumme
61521;Kaufwerte für landwirtschaftliche Grundstücke;JAHR;Jahr;2021;DINSG;Deutschland insgesamt;DG;Deutschland;BODAT1;Bodenarten;BOD-LF;Landwirtschaftliche Fläche;FLNGK1;Größenklassen der veräußerten Fläche;FLCHA025B001;0,25 bis unter 1 ha;0,54;ha;FLC008;Durchschnittliche Fläche je Veräußerungsfall
61521;Kaufwerte für landwirtschaftliche Grundstücke;JAHR;Jahr;2021;DINSG;Deutschland insgesamt;DG;Deutschland;BODAT1;Bodenarten;BOD-LF;Landwirtschaftliche Fläche;FLNGK1;Größenklassen der veräußerten Fläche;FLCHA025B001;0,25 bis unter 1 ha;12813;Anzahl;VKF002;Veräußerungsfälle
61521;Kaufwerte für landwirtschaftliche Grundstücke;JAHR;Jahr;2021;DINSG;Deutschland insgesamt;DG;Deutschland;BODAT1;Bodenarten;BOD-LF;Landwirtschaftliche Fläche;FLNGK1;Größenklassen der veräußerten Fläche;FLCHA025B001;0,25 bis unter 1 ha;28881;EUR/ha;KAU004;Durchschnittlicher Kaufwert
61521;Kaufwerte für landwirtschaftliche Grundstücke;JAHR;Jahr;2021;DINSG;Deutschland insgesamt;DG;Deutschland;BODAT1;Bodenarten;BOD-LF;Landwirtschaftliche Fläche;FLNGK1;Größenklassen der veräußerten Fläche;FLCHA025B001;0,25 bis unter 1 ha;6890;ha;FLC023;Veräußerte Fläche
61521;Kaufwerte für landwirtschaftliche Grundstücke;JAHR;Jahr;2023;DINSG;Deutschland insgesamt;DG;Deutschland;BODAT1;Bodenarten;BOD-SONST-LF;Sonstige landwirtschaftliche Fläche;FLNGK1;Größenklassen der veräußerten Fläche;FLCHA020B050;2 bis unter 5 ha;x;100;MZL002;Durchschn.Ertragsmesszahl je ha veräußerter Fläche
61521;Kaufwerte für landwirtschaftliche Grundstücke;JAHR;Jahr;2023;DINSG;Deutschland insgesamt;DG;Deutschland;BODAT1;Bodenarten;BOD-SONST-LF;Sonstige landwirtschaftliche Fläche;FLNGK1;Größenklassen der veräußerten Fläche;FLCHA020B050;2 bis unter 5 ha;14838;Tsd. EUR;KAU003;Kaufsumme
61521;Kaufwerte für landwirtschaftliche Grundstücke;JAHR;Jahr;2023;DINSG;Deutschland insgesamt;DG;Deutschland;BODAT1;Bodenarten;BOD-SONST-LF;Sonstige landwirtschaftliche Fläche;FLNGK1;Größenklassen der veräußerten Fläche;FLCHA020B050;2 bis unter 5 ha;2,88;ha;FLC008;Durchschnittliche Fläche je Veräußerungsfall
61521;Kaufwerte für landwirtschaftliche Grundstücke;JAHR;Jahr;2023;DINSG;Deutschland insgesamt;DG;Deutschland;BODAT1;Bodenarten;BOD-SONST-LF;Sonstige landwirtschaftliche Fläche;FLNGK1;Größenklassen der veräußerten Fläche;FLCHA020B050;2 bis unter 5 ha;111;Anzahl;VKF002;Veräußerungsfälle
61521;Kaufwerte für landwirtschaftliche Grundstücke;JAHR;Jahr;2023;DINSG;Deutschland insgesamt;DG;Deutschland;BODAT1;Bodenarten;BOD-SONST-LF;Sonstige landwirtschaftliche Fläche;FLNGK1;Größenklassen der veräußerten Fläche;FLCHA020B050;2 bis unter 5 ha;46403;EUR/ha;KAU004;Durchschnittlicher Kaufwert
61521;Kaufwerte für landwirtschaftliche Grundstücke;JAHR;Jahr;2023;DINSG;Deutschland insgesamt;DG;Deutschland;BODAT1;Bodenarten;BOD-SONST-LF;Sonstige landwirtschaftliche Fläche;FLNGK1;Größenklassen der veräußerten Fläche;FLCHA020B050;2 bis unter 5 ha;320;ha;FLC023;Veräußerte Fläche
61521;Kaufwerte für landwirtschaftliche Grundstücke;JAHR;Jahr;2021;DINSG;Deutschland insgesamt;DG;Deutschland;BODAT1;Bodenarten;BOD-SONST-LF;Sonstige landwirtschaftliche Fläche;FLNGK1;Größenklassen der veräußerten Fläche;FLCHA025B001;0,25 bis unter 1 ha;-;100;MZL002;Durchschn.Ertragsmesszahl je ha veräußerter Fläche
61521;Kaufwerte für landwirtschaftliche Grundstücke;JAHR;Jahr;2021;DINSG;Deutschland insgesamt;DG;Deutschland;BODAT1;Bodenarten;BOD-SONST-LF;Sonstige landwirtschaftliche Fläche;FLNGK1;Größenklassen der veräußerten Fläche;FLCHA025B001;0,25 bis unter 1 ha;-;Tsd. EUR;KAU003;Kaufsumme
61521;Kaufwerte für landwirtschaftliche Grundstücke;JAHR;Jahr;2021;DINSG;Deutschland insgesamt;DG;Deutschland;BODAT1;Bodenarten;BOD-SONST-LF;Sonstige landwirtschaftliche Fläche;FLNGK1;Größenklassen der veräußerten Fläche;FLCHA025B001;0,25 bis unter 1 ha;-;ha;FLC008;Durchschnittliche Fläche je Veräußerungsfall
61521;Kaufwerte für landwirtschaftliche Grundstücke;JAHR;Jahr;2021;DINSG;Deutschland insgesamt;DG;Deutschland;BODAT1;Bodenarten;BOD-SONST-LF;Sonstige landwirtschaftliche Fläche;FLNGK1;Größenklassen der veräußerten Fläche;FLCHA025B001;0,25 bis unter 1 ha;-;Anzahl;VKF002;Veräußerungsfälle
61521;Kaufwerte für landwirtschaftliche Grundstücke;JAHR;Jahr;2021;DINSG;Deutschland insgesamt;DG;Deutschland;BODAT1;Bodenarten;BOD-SONST-LF;Sonstige landwirtschaftliche Fläche;FLNGK1;Größenklassen der veräußerten Fläche;FLCHA025B001;0,25 bis unter 1 ha;-;EUR/ha;KAU004;Durchschnittlicher Kaufwert
61521;Kaufwerte für landwirtschaftliche Grundstücke;JAHR;Jahr;2021;DINSG;Deutschland insgesamt;DG;Deutschland;BODAT1;Bodenarten;BOD-SONST-LF;Sonstige landwirtschaftliche Fläche;FLNGK1;Größenklassen der veräußerten Fläche;FLCHA025B001;0,25 bis unter 1 ha;-;ha;FLC023;Veräußerte Fläche
61521;Kaufwerte für landwirtschaftliche Grundstücke;JAHR;Jahr;2024;DINSG;Deutschland insgesamt;DG;Deutschland;BODAT1;Bodenarten;BOD-LF;Landwirtschaftliche Fläche;FLNGK1;Größenklassen der veräußerten Fläche;FLCHA001B025;0,1 bis unter 0,25 ha;x;100;MZL002;Durchschn.Ertragsmesszahl je ha veräußerter Fläche
61521;Kaufwerte für landwirtschaftliche Grundstücke;JAHR;Jahr;2024;DINSG;Deutschland insgesamt;DG;Deutschland;BODAT1;Bodenarten;BOD-LF;Landwirtschaftliche Fläche;FLNGK1;Größenklassen der veräußerten Fläche;FLCHA001B025;0,1 bis unter 0,25 ha;32536;Tsd. EUR;KAU003;Kaufsumme
61521;Kaufwerte für landwirtschaftliche Grundstücke;JAHR;Jahr;2024;DINSG;Deutschland insgesamt;DG;Deutschland;BODAT1;Bodenarten;BOD-LF;Landwirtschaftliche Fläche;FLNGK1;Größenklassen der veräußerten Fläche;FLCHA001B025;0,1 bis unter 0,25 ha;0,17;ha;FLC008;Durchschnittliche Fläche je Veräußerungsfall
61521;Kaufwerte für landwirtschaftliche Grundstücke;JAHR;Jahr;2024;DINSG;Deutschland insgesamt;DG;Deutschland;BODAT1;Bodenarten;BOD-LF;Landwirtschaftliche Fläche;FLNGK1;Größenklassen der veräußerten Fläche;FLCHA001B025;0,1 bis unter 0,25 ha;6515;Anzahl;VKF002;Veräußerungsfälle
61521;Kaufwerte für landwirtschaftliche Grundstücke;JAHR;Jahr;2024;DINSG;Deutschland insgesamt;DG;Deutschland;BODAT1;Bodenarten;BOD-LF;Landwirtschaftliche Fläche;FLNGK1;Größenklassen der veräußerten Fläche;FLCHA001B025;0,1 bis unter 0,25 ha;29521;EUR/ha;KAU004;Durchschnittlicher Kaufwert
61521;Kaufwerte für landwirtschaftliche Grundstücke;JAHR;Jahr;2024;DINSG;Deutschland insgesamt;DG;Deutschland;BODAT1;Bodenarten;BOD-LF;Landwirtschaftliche Fläche;FLNGK1;Größenklassen der veräußerten Fläche;FLCHA001B025;0,1 bis unter 0,25 ha;1102;ha;FLC023;Veräußerte Fläche
61521;Kaufwerte für landwirtschaftliche Grundstücke;JAHR;Jahr;2024;DINSG;Deutschland insgesamt;DG;Deutschland;BODAT1;Bodenarten;;Insgesamt;FLNGK1;Größenklassen der veräußerten Fläche;FLCHA001B025;0,1 bis unter 0,25 ha;x;100;MZL002;Durchschn.Ertragsmesszahl je ha veräußerter Fläche
61521;Kaufwerte für landwirtschaftliche Grundstücke;JAHR;Jahr;2024;DINSG;Deutschland insgesamt;DG;Deutschland;BODAT1;Bodenarten;;Insgesamt;FLNGK1;Größenklassen der veräußerten Fläche;FLCHA001B025;0,1 bis unter 0,25 ha;33538;Tsd. EUR;KAU003;Kaufsumme
61521;Kaufwerte für landwirtschaftliche Grundstücke;JAHR;Jahr;2024;DINSG;Deutschland insgesamt;DG;Deutschland;BODAT1;Bodenarten;;Insgesamt;FLNGK1;Größenklassen der veräußerten Fläche;FLCHA001B025;0,1 bis unter 0,25 ha;0,17;ha;FLC008;Durchschnittliche Fläche je Veräußerungsfall
61521;Kaufwerte für landwirtschaftliche Grundstücke;JAHR;Jahr;2024;DINSG;Deutschland insgesamt;DG;Deutschland;BODAT1;Bodenarten;;Insgesamt;FLNGK1;Größenklassen der veräußerten Fläche;FLCHA001B025;0,1 bis unter 0,25 ha;6754;Anzahl;VKF002;Veräußerungsfälle
61521;Kaufwerte für landwirtschaftliche Grundstücke;JAHR;Jahr;2024;DINSG;Deutschland insgesamt;DG;Deutschland;BODAT1;Bodenarten;;Insgesamt;FLNGK1;Größenklassen der veräußerten Fläche;FLCHA001B025;0,1 bis unter 0,25 ha;29353;EUR/ha;KAU004;Durchschnittlicher Kaufwert
61521;Kaufwerte für landwirtschaftliche Grundstücke;JAHR;Jahr;2024;DINSG;Deutschland insgesamt;DG;Deutschland;BODAT1;Bodenarten;;Insgesamt;FLNGK1;Größenklassen der veräußerten Fläche;FLCHA001B025;0,1 bis unter 0,25 ha;1143;ha;FLC023;Veräußerte Fläche
61521;Kaufwerte für landwirtschaftliche Grundstücke;JAHR;Jahr;2025;DINSG;Deutschland insgesamt;DG;Deutschland;BODAT1;Bodenarten;BOD-LF;Landwirtschaftliche Fläche;FLNGK1;Größenklassen der veräußerten Fläche;FLCHA010B020;1 bis unter 2 ha;x;100;MZL002;Durchschn.Ertragsmesszahl je ha veräußerter Fläche
61521;Kaufwerte für landwirtschaftliche Grundstücke;JAHR;Jahr;2025;DINSG;Deutschland insgesamt;DG;Deutschland;BODAT1;Bodenarten;BOD-LF;Landwirtschaftliche Fläche;FLNGK1;Größenklassen der veräußerten Fläche;FLCHA010B020;1 bis unter 2 ha;370480;Tsd. EUR;KAU003;Kaufsumme
61521;Kaufwerte für landwirtschaftliche Grundstücke;JAHR;Jahr;2025;DINSG;Deutschland insgesamt;DG;Deutschland;BODAT1;Bodenarten;BOD-LF;Landwirtschaftliche Fläche;FLNGK1;Größenklassen der veräußerten Fläche;FLCHA010B020;1 bis unter 2 ha;1,42;ha;FLC008;Durchschnittliche Fläche je Veräußerungsfall
61521;Kaufwerte für landwirtschaftliche Grundstücke;JAHR;Jahr;2025;DINSG;Deutschland insgesamt;DG;Deutschland;BODAT1;Bodenarten;BOD-LF;Landwirtschaftliche Fläche;FLNGK1;Größenklassen der veräußerten Fläche;FLCHA010B020;1 bis unter 2 ha;6307;Anzahl;VKF002;Veräußerungsfälle
61521;Kaufwerte für landwirtschaftliche Grundstücke;JAHR;Jahr;2025;DINSG;Deutschland insgesamt;DG;Deutschland;BODAT1;Bodenarten;BOD-LF;Landwirtschaftliche Fläche;FLNGK1;Größenklassen der veräußerten Fläche;FLCHA010B020;1 bis unter 2 ha;41300;EUR/ha;KAU004;Durchschnittlicher Kaufwert
61521;Kaufwerte für landwirtschaftliche Grundstücke;JAHR;Jahr;2025;DINSG;Deutschland insgesamt;DG;Deutschland;BODAT1;Bodenarten;BOD-LF;Landwirtschaftliche Fläche;FLNGK1;Größenklassen der veräußerten Fläche;FLCHA010B020;1 bis unter 2 ha;8971;ha;FLC023;Veräußerte Fläche
61521;Kaufwerte für landwirtschaftliche Grundstücke;JAHR;Jahr;2021;DINSG;Deutschland insgesamt;DG;Deutschland;BODAT1;Bodenarten;BOD-ACK;Ackerland;FLNGK1;Größenklassen der veräußerten Fläche;FLCHA025B001;0,25 bis unter 1 ha;-;100;MZL002;Durchschn.Ertragsmesszahl je ha veräußerter Fläche
61521;Kaufwerte für landwirtschaftliche Grundstücke;JAHR;Jahr;2021;DINSG;Deutschland insgesamt;DG;Deutschland;BODAT1;Bodenarten;BOD-ACK;Ackerland;FLNGK1;Größenklassen der veräußerten Fläche;FLCHA025B001;0,25 bis unter 1 ha;-;Tsd. EUR;KAU003;Kaufsumme
61521;Kaufwerte für landwirtschaftliche Grundstücke;JAHR;Jahr;2021;DINSG;Deutschland insgesamt;DG;Deutschland;BODAT1;Bodenarten;BOD-ACK;Ackerland;FLNGK1;Größenklassen der veräußerten Fläche;FLCHA025B001;0,25 bis unter 1 ha;-;ha;FLC008;Durchschnittliche Fläche je Veräußerungsfall
61521;Kaufwerte für landwirtschaftliche Grundstücke;JAHR;Jahr;2021;DINSG;Deutschland insgesamt;DG;Deutschland;BODAT1;Bodenarten;BOD-ACK;Ackerland;FLNGK1;Größenklassen der veräußerten Fläche;FLCHA025B001;0,25 bis unter 1 ha;-;Anzahl;VKF002;Veräußerungsfälle
61521;Kaufwerte für landwirtschaftliche Grundstücke;JAHR;Jahr;2021;DINSG;Deutschland insgesamt;DG;Deutschland;BODAT1;Bodenarten;BOD-ACK;Ackerland;FLNGK1;Größenklassen der veräußerten Fläche;FLCHA025B001;0,25 bis unter 1 ha;-;EUR/ha;KAU004;Durchschnittlicher Kaufwert
61521;Kaufwerte für landwirtschaftliche Grundstücke;JAHR;Jahr;2021;DINSG;Deutschland insgesamt;DG;Deutschland;BODAT1;Bodenarten;BOD-ACK;Ackerland;FLNGK1;Größenklassen der veräußerten Fläche;FLCHA025B001;0,25 bis unter 1 ha;-;ha;FLC023;Veräußerte Fläche
61521;Kaufwerte für landwirtschaftliche Grundstücke;JAHR;Jahr;2025;DINSG;Deutschland insgesamt;DG;Deutschland;BODAT1;Bodenarten;BOD-ACK;Ackerland;FLNGK1;Größenklassen der veräußerten Fläche;FLCHA001B025;0,1 bis unter 0,25 ha;x;100;MZL002;Durchschn.Ertragsmesszahl je ha veräußerter Fläche
61521;Kaufwerte für landwirtschaftliche Grundstücke;JAHR;Jahr;2025;DINSG;Deutschland insgesamt;DG;Deutschland;BODAT1;Bodenarten;BOD-ACK;Ackerland;FLNGK1;Größenklassen der veräußerten Fläche;FLCHA001B025;0,1 bis unter 0,25 ha;19896;Tsd. EUR;KAU003;Kaufsumme
61521;Kaufwerte für landwirtschaftliche Grundstücke;JAHR;Jahr;2025;DINSG;Deutschland insgesamt;DG;Deutschland;BODAT1;Bodenarten;BOD-ACK;Ackerland;FLNGK1;Größenklassen der veräußerten Fläche;FLCHA001B025;0,1 bis unter 0,25 ha;0,17;ha;FLC008;Durchschnittliche Fläche je Veräußerungsfall
61521;Kaufwerte für landwirtschaftliche Grundstücke;JAHR;Jahr;2025;DINSG;Deutschland insgesamt;DG;Deutschland;BODAT1;Bodenarten;BOD-ACK;Ackerland;FLNGK1;Größenklassen der veräußerten Fläche;FLCHA001B025;0,1 bis unter 0,25 ha;3692;Anzahl;VKF002;Veräußerungsfälle
61521;Kaufwerte für landwirtschaftliche Grundstücke;JAHR;Jahr;2025;DINSG;Deutschland insgesamt;DG;Deutschland;BODAT1;Bodenarten;BOD-ACK;Ackerland;FLNGK1;Größenklassen der veräußerten Fläche;FLCHA001B025;0,1 bis unter 0,25 ha;31259;EUR/ha;KAU004;Durchschnittlicher Kaufwert
61521;Kaufwerte für landwirtschaftliche Grundstücke;JAHR;Jahr;2025;DINSG;Deutschland insgesamt;DG;Deutschland;BODAT1;Bodenarten;BOD-ACK;Ackerland;FLNGK1;Größenklassen der veräußerten Fläche;FLCHA001B025;0,1 bis unter 0,25 ha;636;ha;FLC023;Veräußerte Fläche
61521;Kaufwerte für landwirtschaftliche Grundstücke;JAHR;Jahr;2025;DINSG;Deutschland insgesamt;DG;Deutschland;BODAT1;Bodenarten;BOD-LF;Landwirtschaftliche Fläche;FLNGK1;Größenklassen der veräußerten Fläche;;Insgesamt;x;100;MZL002;Durchschn.Ertragsmesszahl je ha veräußerter Fläche
61521;Kaufwerte für landwirtschaftliche Grundstücke;JAHR;Jahr;2025;DINSG;Deutschland insgesamt;DG;Deutschland;BODAT1;Bodenarten;BOD-LF;Landwirtschaftliche Fläche;FLNGK1;Größenklassen der veräußerten Fläche;;Insgesamt;2526357;Tsd. EUR;KAU003;Kaufsumme
61521;Kaufwerte für landwirtschaftliche Grundstücke;JAHR;Jahr;2025;DINSG;Deutschland insgesamt;DG;Deutschland;BODAT1;Bodenarten;BOD-LF;Landwirtschaftliche Fläche;FLNGK1;Größenklassen der veräußerten Fläche;;Insgesamt;1,94;ha;FLC008;Durchschnittliche Fläche je Veräußerungsfall
61521;Kaufwerte für landwirtschaftliche Grundstücke;JAHR;Jahr;2025;DINSG;Deutschland insgesamt;DG;Deutschland;BODAT1;Bodenarten;BOD-LF;Landwirtschaftliche Fläche;FLNGK1;Größenklassen der veräußerten Fläche;;Insgesamt;37009;Anzahl;VKF002;Veräußerungsfälle
61521;Kaufwerte für landwirtschaftliche Grundstücke;JAHR;Jahr;2025;DINSG;Deutschland insgesamt;DG;Deutschland;BODAT1;Bodenarten;BOD-LF;Landwirtschaftliche Fläche;FLNGK1;Größenklassen der veräußerten Fläche;;Insgesamt;35193;EUR/ha;KAU004;Durchschnittlicher Kaufwert
61521;Kaufwerte für landwirtschaftliche Grundstücke;JAHR;Jahr;2025;DINSG;Deutschland insgesamt;DG;Deutschland;BODAT1;Bodenarten;BOD-LF;Landwirtschaftliche Fläche;FLNGK1;Größenklassen der veräußerten Fläche;;Insgesamt;71785;ha;FLC023;Veräußerte Fläche
61521;Kaufwerte für landwirtschaftliche Grundstücke;JAHR;Jahr;2022;DINSG;Deutschland insgesamt;DG;Deutschland;BODAT1;Bodenarten;BOD-SONST-LF;Sonstige landwirtschaftliche Fläche;FLNGK1;Größenklassen der veräußerten Fläche;FLCHA001B025;0,1 bis unter 0,25 ha;x;100;MZL002;Durchschn.Ertragsmesszahl je ha veräußerter Fläche
61521;Kaufwerte für landwirtschaftliche Grundstücke;JAHR;Jahr;2022;DINSG;Deutschland insgesamt;DG;Deutschland;BODAT1;Bodenarten;BOD-SONST-LF;Sonstige landwirtschaftliche Fläche;FLNGK1;Größenklassen der veräußerten Fläche;FLCHA001B025;0,1 bis unter 0,25 ha;2102;Tsd. EUR;KAU003;Kaufsumme
61521;Kaufwerte für landwirtschaftliche Grundstücke;JAHR;Jahr;2022;DINSG;Deutschland insgesamt;DG;Deutschland;BODAT1;Bodenarten;BOD-SONST-LF;Sonstige landwirtschaftliche Fläche;FLNGK1;Größenklassen der veräußerten Fläche;FLCHA001B025;0,1 bis unter 0,25 ha;0,17;ha;FLC008;Durchschnittliche Fläche je Veräußerungsfall
61521;Kaufwerte für landwirtschaftliche Grundstücke;JAHR;Jahr;2022;DINSG;Deutschland insgesamt;DG;Deutschland;BODAT1;Bodenarten;BOD-SONST-LF;Sonstige landwirtschaftliche Fläche;FLNGK1;Größenklassen der veräußerten Fläche;FLCHA001B025;0,1 bis unter 0,25 ha;333;Anzahl;VKF002;Veräußerungsfälle
61521;Kaufwerte für landwirtschaftliche Grundstücke;JAHR;Jahr;2022;DINSG;Deutschland insgesamt;DG;Deutschland;BODAT1;Bodenarten;BOD-SONST-LF;Sonstige landwirtschaftliche Fläche;FLNGK1;Größenklassen der veräußerten Fläche;FLCHA001B025;0,1 bis unter 0,25 ha;38239;EUR/ha;KAU004;Durchschnittlicher Kaufwert
61521;Kaufwerte für landwirtschaftliche Grundstücke;JAHR;Jahr;2022;DINSG;Deutschland insgesamt;DG;Deutschland;BODAT1;Bodenarten;BOD-SONST-LF;Sonstige landwirtschaftliche Fläche;FLNGK1;Größenklassen der veräußerten Fläche;FLCHA001B025;0,1 bis unter 0,25 ha;55;ha;FLC023;Veräußerte Fläche
61521;Kaufwerte für landwirtschaftliche Grundstücke;JAHR;Jahr;2024;DINSG;Deutschland insgesamt;DG;Deutschland;BODAT1;Bodenarten;BOD-LF;Landwirtschaftliche Fläche;FLNGK1;Größenklassen der veräußerten Fläche;;Insgesamt;x;100;MZL002;Durchschn.Ertragsmesszahl je ha veräußerter Fläche
61521;Kaufwerte für landwirtschaftliche Grundstücke;JAHR;Jahr;2024;DINSG;Deutschland insgesamt;DG;Deutschland;BODAT1;Bodenarten;BOD-LF;Landwirtschaftliche Fläche;FLNGK1;Größenklassen der veräußerten Fläche;;Insgesamt;2180702;Tsd. EUR;KAU003;Kaufsumme
61521;Kaufwerte für landwirtschaftliche Grundstücke;JAHR;Jahr;2024;DINSG;Deutschland insgesamt;DG;Deutschland;BODAT1;Bodenarten;BOD-LF;Landwirtschaftliche Fläche;FLNGK1;Größenklassen der veräußerten Fläche;;Insgesamt;1,89;ha;FLC008;Durchschnittliche Fläche je Veräußerungsfall
61521;Kaufwerte für landwirtschaftliche Grundstücke;JAHR;Jahr;2024;DINSG;Deutschland insgesamt;DG;Deutschland;BODAT1;Bodenarten;BOD-LF;Landwirtschaftliche Fläche;FLNGK1;Größenklassen der veräußerten Fläche;;Insgesamt;32425;Anzahl;VKF002;Veräußerungsfälle
61521;Kaufwerte für landwirtschaftliche Grundstücke;JAHR;Jahr;2024;DINSG;Deutschland insgesamt;DG;Deutschland;BODAT1;Bodenarten;BOD-LF;Landwirtschaftliche Fläche;FLNGK1;Größenklassen der veräußerten Fläche;;Insgesamt;35637;EUR/ha;KAU004;Durchschnittlicher Kaufwert
61521;Kaufwerte für landwirtschaftliche Grundstücke;JAHR;Jahr;2024;DINSG;Deutschland insgesamt;DG;Deutschland;BODAT1;Bodenarten;BOD-LF;Landwirtschaftliche Fläche;FLNGK1;Größenklassen der veräußerten Fläche;;Insgesamt;61192;ha;FLC023;Veräußerte Fläche
61521;Kaufwerte für landwirtschaftliche Grundstücke;JAHR;Jahr;2022;DINSG;Deutschland insgesamt;DG;Deutschland;BODAT1;Bodenarten;BOD-SONST-LF;Sonstige landwirtschaftliche Fläche;FLNGK1;Größenklassen der veräußerten Fläche;FLCHA010B020;1 bis unter 2 ha;x;100;MZL002;Durchschn.Ertragsmesszahl je ha veräußerter Fläche
61521;Kaufwerte für landwirtschaftliche Grundstücke;JAHR;Jahr;2022;DINSG;Deutschland insgesamt;DG;Deutschland;BODAT1;Bodenarten;BOD-SONST-LF;Sonstige landwirtschaftliche Fläche;FLNGK1;Größenklassen der veräußerten Fläche;FLCHA010B020;1 bis unter 2 ha;16531;Tsd. EUR;KAU003;Kaufsumme
61521;Kaufwerte für landwirtschaftliche Grundstücke;JAHR;Jahr;2022;DINSG;Deutschland insgesamt;DG;Deutschland;BODAT1;Bodenarten;BOD-SONST-LF;Sonstige landwirtschaftliche Fläche;FLNGK1;Größenklassen der veräußerten Fläche;FLCHA010B020;1 bis unter 2 ha;1,38;ha;FLC008;Durchschnittliche Fläche je Veräußerungsfall
61521;Kaufwerte für landwirtschaftliche Grundstücke;JAHR;Jahr;2022;DINSG;Deutschland insgesamt;DG;Deutschland;BODAT1;Bodenarten;BOD-SONST-LF;Sonstige landwirtschaftliche Fläche;FLNGK1;Größenklassen der veräußerten Fläche;FLCHA010B020;1 bis unter 2 ha;195;Anzahl;VKF002;Veräußerungsfälle
61521;Kaufwerte für landwirtschaftliche Grundstücke;JAHR;Jahr;2022;DINSG;Deutschland insgesamt;DG;Deutschland;BODAT1;Bodenarten;BOD-SONST-LF;Sonstige landwirtschaftliche Fläche;FLNGK1;Größenklassen der veräußerten Fläche;FLCHA010B020;1 bis unter 2 ha;61306;EUR/ha;KAU004;Durchschnittlicher Kaufwert
61521;Kaufwerte für landwirtschaftliche Grundstücke;JAHR;Jahr;2022;DINSG;Deutschland insgesamt;DG;Deutschland;BODAT1;Bodenarten;BOD-SONST-LF;Sonstige landwirtschaftliche Fläche;FLNGK1;Größenklassen der veräußerten Fläche;FLCHA010B020;1 bis unter 2 ha;270;ha;FLC023;Veräußerte Fläche
61521;Kaufwerte für landwirtschaftliche Grundstücke;JAHR;Jahr;2025;DINSG;Deutschland insgesamt;DG;Deutschland;BODAT1;Bodenarten;BOD-LF;Landwirtschaftliche Fläche;FLNGK1;Größenklassen der veräußerten Fläche;FLCHA020B050;2 bis unter 5 ha;x;100;MZL002;Durchschn.Ertragsmesszahl je ha veräußerter Fläche
61521;Kaufwerte für landwirtschaftliche Grundstücke;JAHR;Jahr;2025;DINSG;Deutschland insgesamt;DG;Deutschland;BODAT1;Bodenarten;BOD-LF;Landwirtschaftliche Fläche;FLNGK1;Größenklassen der veräußerten Fläche;FLCHA020B050;2 bis unter 5 ha;720826;Tsd. EUR;KAU003;Kaufsumme
61521;Kaufwerte für landwirtschaftliche Grundstücke;JAHR;Jahr;2025;DINSG;Deutschland insgesamt;DG;Deutschland;BODAT1;Bodenarten;BOD-LF;Landwirtschaftliche Fläche;FLNGK1;Größenklassen der veräußerten Fläche;FLCHA020B050;2 bis unter 5 ha;3,11;ha;FLC008;Durchschnittliche Fläche je Veräußerungsfall
61521;Kaufwerte für landwirtschaftliche Grundstücke;JAHR;Jahr;2025;DINSG;Deutschland insgesamt;DG;Deutschland;BODAT1;Bodenarten;BOD-LF;Landwirtschaftliche Fläche;FLNGK1;Größenklassen der veräußerten Fläche;FLCHA020B050;2 bis unter 5 ha;5431;Anzahl;VKF002;Veräußerungsfälle
61521;Kaufwerte für landwirtschaftliche Grundstücke;JAHR;Jahr;2025;DINSG;Deutschland insgesamt;DG;Deutschland;BODAT1;Bodenarten;BOD-LF;Landwirtschaftliche Fläche;FLNGK1;Größenklassen der veräußerten Fläche;FLCHA020B050;2 bis unter 5 ha;42663;EUR/ha;KAU004;Durchschnittlicher Kaufwert
61521;Kaufwerte für landwirtschaftliche Grundstücke;JAHR;Jahr;2025;DINSG;Deutschland insgesamt;DG;Deutschland;BODAT1;Bodenarten;BOD-LF;Landwirtschaftliche Fläche;FLNGK1;Größenklassen der veräußerten Fläche;FLCHA020B050;2 bis unter 5 ha;16896;ha;FLC023;Veräußerte Fläche
61521;Kaufwerte für landwirtschaftliche Grundstücke;JAHR;Jahr;2023;DINSG;Deutschland insgesamt;DG;Deutschland;BODAT1;Bodenarten;BOD-SONST-LF;Sonstige landwirtschaftliche Fläche;FLNGK1;Größenklassen der veräußerten Fläche;FLCHA025B001;0,25 bis unter 1 ha;x;100;MZL002;Durchschn.Ertragsmesszahl je ha veräußerter Fläche
61521;Kaufwerte für landwirtschaftliche Grundstücke;JAHR;Jahr;2023;DINSG;Deutschland insgesamt;DG;Deutschland;BODAT1;Bodenarten;BOD-SONST-LF;Sonstige landwirtschaftliche Fläche;FLNGK1;Größenklassen der veräußerten Fläche;FLCHA025B001;0,25 bis unter 1 ha;8710;Tsd. EUR;KAU003;Kaufsumme
61521;Kaufwerte für landwirtschaftliche Grundstücke;JAHR;Jahr;2023;DINSG;Deutschland insgesamt;DG;Deutschland;BODAT1;Bodenarten;BOD-SONST-LF;Sonstige landwirtschaftliche Fläche;FLNGK1;Größenklassen der veräußerten Fläche;FLCHA025B001;0,25 bis unter 1 ha;0,53;ha;FLC008;Durchschnittliche Fläche je Veräußerungsfall
61521;Kaufwerte für landwirtschaftliche Grundstücke;JAHR;Jahr;2023;DINSG;Deutschland insgesamt;DG;Deutschland;BODAT1;Bodenarten;BOD-SONST-LF;Sonstige landwirtschaftliche Fläche;FLNGK1;Größenklassen der veräußerten Fläche;FLCHA025B001;0,25 bis unter 1 ha;411;Anzahl;VKF002;Veräußerungsfälle
61521;Kaufwerte für landwirtschaftliche Grundstücke;JAHR;Jahr;2023;DINSG;Deutschland insgesamt;DG;Deutschland;BODAT1;Bodenarten;BOD-SONST-LF;Sonstige landwirtschaftliche Fläche;FLNGK1;Größenklassen der veräußerten Fläche;FLCHA025B001;0,25 bis unter 1 ha;39994;EUR/ha;KAU004;Durchschnittlicher Kaufwert
61521;Kaufwerte für landwirtschaftliche Grundstücke;JAHR;Jahr;2023;DINSG;Deutschland insgesamt;DG;Deutschland;BODAT1;Bodenarten;BOD-SONST-LF;Sonstige landwirtschaftliche Fläche;FLNGK1;Größenklassen der veräußerten Fläche;FLCHA025B001;0,25 bis unter 1 ha;218;ha;FLC023;Veräußerte Fläche
61521;Kaufwerte für landwirtschaftliche Grundstücke;JAHR;Jahr;2024;DINSG;Deutschland insgesamt;DG;Deutschland;BODAT1;Bodenarten;;Insgesamt;FLNGK1;Größenklassen der veräußerten Fläche;FLCHA020B050;2 bis unter 5 ha;x;100;MZL002;Durchschn.Ertragsmesszahl je ha veräußerter Fläche
61521;Kaufwerte für landwirtschaftliche Grundstücke;JAHR;Jahr;2024;DINSG;Deutschland insgesamt;DG;Deutschland;BODAT1;Bodenarten;;Insgesamt;FLNGK1;Größenklassen der veräußerten Fläche;FLCHA020B050;2 bis unter 5 ha;641984;Tsd. EUR;KAU003;Kaufsumme
61521;Kaufwerte für landwirtschaftliche Grundstücke;JAHR;Jahr;2024;DINSG;Deutschland insgesamt;DG;Deutschland;BODAT1;Bodenarten;;Insgesamt;FLNGK1;Größenklassen der veräußerten Fläche;FLCHA020B050;2 bis unter 5 ha;3,12;ha;FLC008;Durchschnittliche Fläche je Veräußerungsfall
61521;Kaufwerte für landwirtschaftliche Grundstücke;JAHR;Jahr;2024;DINSG;Deutschland insgesamt;DG;Deutschland;BODAT1;Bodenarten;;Insgesamt;FLNGK1;Größenklassen der veräußerten Fläche;FLCHA020B050;2 bis unter 5 ha;5017;Anzahl;VKF002;Veräußerungsfälle
61521;Kaufwerte für landwirtschaftliche Grundstücke;JAHR;Jahr;2024;DINSG;Deutschland insgesamt;DG;Deutschland;BODAT1;Bodenarten;;Insgesamt;FLNGK1;Größenklassen der veräußerten Fläche;FLCHA020B050;2 bis unter 5 ha;41014;EUR/ha;KAU004;Durchschnittlicher Kaufwert
61521;Kaufwerte für landwirtschaftliche Grundstücke;JAHR;Jahr;2024;DINSG;Deutschland insgesamt;DG;Deutschland;BODAT1;Bodenarten;;Insgesamt;FLNGK1;Größenklassen der veräußerten Fläche;FLCHA020B050;2 bis unter 5 ha;15653;ha;FLC023;Veräußerte Fläche
61521;Kaufwerte für landwirtschaftliche Grundstücke;JAHR;Jahr;2025;DINSG;Deutschland insgesamt;DG;Deutschland;BODAT1;Bodenarten;BOD-ACK;Ackerland;FLNGK1;Größenklassen der veräußerten Fläche;FLCHA025B001;0,25 bis unter 1 ha;x;100;MZL002;Durchschn.Ertragsmesszahl je ha veräußerter Fläche
61521;Kaufwerte für landwirtschaftliche Grundstücke;JAHR;Jahr;2025;DINSG;Deutschland insgesamt;DG;Deutschland;BODAT1;Bodenarten;BOD-ACK;Ackerland;FLNGK1;Größenklassen der veräußerten Fläche;FLCHA025B001;0,25 bis unter 1 ha;167786;Tsd. EUR;KAU003;Kaufsumme
61521;Kaufwerte für landwirtschaftliche Grundstücke;JAHR;Jahr;2025;DINSG;Deutschland insgesamt;DG;Deutschland;BODAT1;Bodenarten;BOD-ACK;Ackerland;FLNGK1;Größenklassen der veräußerten Fläche;FLCHA025B001;0,25 bis unter 1 ha;0,54;ha;FLC008;Durchschnittliche Fläche je Veräußerungsfall
61521;Kaufwerte für landwirtschaftliche Grundstücke;JAHR;Jahr;2025;DINSG;Deutschland insgesamt;DG;Deutschland;BODAT1;Bodenarten;BOD-ACK;Ackerland;FLNGK1;Größenklassen der veräußerten Fläche;FLCHA025B001;0,25 bis unter 1 ha;7971;Anzahl;VKF002;Veräußerungsfälle
61521;Kaufwerte für landwirtschaftliche Grundstücke;JAHR;Jahr;2025;DINSG;Deutschland insgesamt;DG;Deutschland;BODAT1;Bodenarten;BOD-ACK;Ackerland;FLNGK1;Größenklassen der veräußerten Fläche;FLCHA025B001;0,25 bis unter 1 ha;38774;EUR/ha;KAU004;Durchschnittlicher Kaufwert
61521;Kaufwerte für landwirtschaftliche Grundstücke;JAHR;Jahr;2025;DINSG;Deutschland insgesamt;DG;Deutschland;BODAT1;Bodenarten;BOD-ACK;Ackerland;FLNGK1;Größenklassen der veräußerten Fläche;FLCHA025B001;0,25 bis unter 1 ha;4327;ha;FLC023;Veräußerte Fläche
61521;Kaufwerte für landwirtschaftliche Grundstücke;JAHR;Jahr;2025;DINSG;Deutschland insgesamt;DG;Deutschland;BODAT1;Bodenarten;BOD-SONST-LF;Sonstige landwirtschaftliche Fläche;FLNGK1;Größenklassen der veräußerten Fläche;;Insgesamt;x;100;MZL002;Durchschn.Ertragsmesszahl je ha veräußerter Fläche
61521;Kaufwerte für landwirtschaftliche Grundstücke;JAHR;Jahr;2025;DINSG;Deutschland insgesamt;DG;Deutschland;BODAT1;Bodenarten;BOD-SONST-LF;Sonstige landwirtschaftliche Fläche;FLNGK1;Größenklassen der veräußerten Fläche;;Insgesamt;26732;Tsd. EUR;KAU003;Kaufsumme
61521;Kaufwerte für landwirtschaftliche Grundstücke;JAHR;Jahr;2025;DINSG;Deutschland insgesamt;DG;Deutschland;BODAT1;Bodenarten;BOD-SONST-LF;Sonstige landwirtschaftliche Fläche;FLNGK1;Größenklassen der veräußerten Fläche;;Insgesamt;1,06;ha;FLC008;Durchschnittliche Fläche je Veräußerungsfall
61521;Kaufwerte für landwirtschaftliche Grundstücke;JAHR;Jahr;2025;DINSG;Deutschland insgesamt;DG;Deutschland;BODAT1;Bodenarten;BOD-SONST-LF;Sonstige landwirtschaftliche Fläche;FLNGK1;Größenklassen der veräußerten Fläche;;Insgesamt;767;Anzahl;VKF002;Veräußerungsfälle
61521;Kaufwerte für landwirtschaftliche Grundstücke;JAHR;Jahr;2025;DINSG;Deutschland insgesamt;DG;Deutschland;BODAT1;Bodenarten;BOD-SONST-LF;Sonstige landwirtschaftliche Fläche;FLNGK1;Größenklassen der veräußerten Fläche;;Insgesamt;33011;EUR/ha;KAU004;Durchschnittlicher Kaufwert
61521;Kaufwerte für landwirtschaftliche Grundstücke;JAHR;Jahr;2025;DINSG;Deutschland insgesamt;DG;Deutschland;BODAT1;Bodenarten;BOD-SONST-LF;Sonstige landwirtschaftliche Fläche;FLNGK1;Größenklassen der veräußerten Fläche;;Insgesamt;810;ha;FLC023;Veräußerte Fläche
61521;Kaufwerte für landwirtschaftliche Grundstücke;JAHR;Jahr;2022;DINSG;Deutschland insgesamt;DG;Deutschland;BODAT1;Bodenarten;BOD-GRL;Grünland;FLNGK1;Größenklassen der veräußerten Fläche;;Insgesamt;x;100;MZL002;Durchschn.Ertragsmesszahl je ha veräußerter Fläche
61521;Kaufwerte für landwirtschaftliche Grundstücke;JAHR;Jahr;2022;DINSG;Deutschland insgesamt;DG;Deutschland;BODAT1;Bodenarten;BOD-GRL;Grünland;FLNGK1;Größenklassen der veräußerten Fläche;;Insgesamt;278084;Tsd. EUR;KAU003;Kaufsumme
61521;Kaufwerte für landwirtschaftliche Grundstücke;JAHR;Jahr;2022;DINSG;Deutschland insgesamt;DG;Deutschland;BODAT1;Bodenarten;BOD-GRL;Grünland;FLNGK1;Größenklassen der veräußerten Fläche;;Insgesamt;1,08;ha;FLC008;Durchschnittliche Fläche je Veräußerungsfall
61521;Kaufwerte für landwirtschaftliche Grundstücke;JAHR;Jahr;2022;DINSG;Deutschland insgesamt;DG;Deutschland;BODAT1;Bodenarten;BOD-GRL;Grünland;FLNGK1;Größenklassen der veräußerten Fläche;;Insgesamt;10228;Anzahl;VKF002;Veräußerungsfälle
61521;Kaufwerte für landwirtschaftliche Grundstücke;JAHR;Jahr;2022;DINSG;Deutschland insgesamt;DG;Deutschland;BODAT1;Bodenarten;BOD-GRL;Grünland;FLNGK1;Größenklassen der veräußerten Fläche;;Insgesamt;25155;EUR/ha;KAU004;Durchschnittlicher Kaufwert
61521;Kaufwerte für landwirtschaftliche Grundstücke;JAHR;Jahr;2022;DINSG;Deutschland insgesamt;DG;Deutschland;BODAT1;Bodenarten;BOD-GRL;Grünland;FLNGK1;Größenklassen der veräußerten Fläche;;Insgesamt;11055;ha;FLC023;Veräußerte Fläche
61521;Kaufwerte für landwirtschaftliche Grundstücke;JAHR;Jahr;2022;DINSG;Deutschland insgesamt;DG;Deutschland;BODAT1;Bodenarten;BOD-SONST-LF;Sonstige landwirtschaftliche Fläche;FLNGK1;Größenklassen der veräußerten Fläche;FLCHA050UM;5 und mehr ha;x;100;MZL002;Durchschn.Ertragsmesszahl je ha veräußerter Fläche
61521;Kaufwerte für landwirtschaftliche Grundstücke;JAHR;Jahr;2022;DINSG;Deutschland insgesamt;DG;Deutschland;BODAT1;Bodenarten;BOD-SONST-LF;Sonstige landwirtschaftliche Fläche;FLNGK1;Größenklassen der veräußerten Fläche;FLCHA050UM;5 und mehr ha;14957;Tsd. EUR;KAU003;Kaufsumme
61521;Kaufwerte für landwirtschaftliche Grundstücke;JAHR;Jahr;2022;DINSG;Deutschland insgesamt;DG;Deutschland;BODAT1;Bodenarten;BOD-SONST-LF;Sonstige landwirtschaftliche Fläche;FLNGK1;Größenklassen der veräußerten Fläche;FLCHA050UM;5 und mehr ha;10,88;ha;FLC008;Durchschnittliche Fläche je Veräußerungsfall
61521;Kaufwerte für landwirtschaftliche Grundstücke;JAHR;Jahr;2022;DINSG;Deutschland insgesamt;DG;Deutschland;BODAT1;Bodenarten;BOD-SONST-LF;Sonstige landwirtschaftliche Fläche;FLNGK1;Größenklassen der veräußerten Fläche;FLCHA050UM;5 und mehr ha;46;Anzahl;VKF002;Veräußerungsfälle
61521;Kaufwerte für landwirtschaftliche Grundstücke;JAHR;Jahr;2022;DINSG;Deutschland insgesamt;DG;Deutschland;BODAT1;Bodenarten;BOD-SONST-LF;Sonstige landwirtschaftliche Fläche;FLNGK1;Größenklassen der veräußerten Fläche;FLCHA050UM;5 und mehr ha;29875;EUR/ha;KAU004;Durchschnittlicher Kaufwert
61521;Kaufwerte für landwirtschaftliche Grundstücke;JAHR;Jahr;2022;DINSG;Deutschland insgesamt;DG;Deutschland;BODAT1;Bodenarten;BOD-SONST-LF;Sonstige landwirtschaftliche Fläche;FLNGK1;Größenklassen der veräußerten Fläche;FLCHA050UM;5 und mehr ha;501;ha;FLC023;Veräußerte Fläche
61521;Kaufwerte für landwirtschaftliche Grundstücke;JAHR;Jahr;2023;DINSG;Deutschland insgesamt;DG;Deutschland;BODAT1;Bodenarten;BOD-ACK;Ackerland;FLNGK1;Größenklassen der veräußerten Fläche;FLCHA001B025;0,1 bis unter 0,25 ha;x;100;MZL002;Durchschn.Ertragsmesszahl je ha veräußerter Fläche
61521;Kaufwerte für landwirtschaftliche Grundstücke;JAHR;Jahr;2023;DINSG;Deutschland insgesamt;DG;Deutschland;BODAT1;Bodenarten;BOD-ACK;Ackerland;FLNGK1;Größenklassen der veräußerten Fläche;FLCHA001B025;0,1 bis unter 0,25 ha;16717;Tsd. EUR;KAU003;Kaufsumme
61521;Kaufwerte für landwirtschaftliche Grundstücke;JAHR;Jahr;2023;DINSG;Deutschland insgesamt;DG;Deutschland;BODAT1;Bodenarten;BOD-ACK;Ackerland;FLNGK1;Größenklassen der veräußerten Fläche;FLCHA001B025;0,1 bis unter 0,25 ha;0,17;ha;FLC008;Durchschnittliche Fläche je Veräußerungsfall
61521;Kaufwerte für landwirtschaftliche Grundstücke;JAHR;Jahr;2023;DINSG;Deutschland insgesamt;DG;Deutschland;BODAT1;Bodenarten;BOD-ACK;Ackerland;FLNGK1;Größenklassen der veräußerten Fläche;FLCHA001B025;0,1 bis unter 0,25 ha;3487;Anzahl;VKF002;Veräußerungsfälle
61521;Kaufwerte für landwirtschaftliche Grundstücke;JAHR;Jahr;2023;DINSG;Deutschland insgesamt;DG;Deutschland;BODAT1;Bodenarten;BOD-ACK;Ackerland;FLNGK1;Größenklassen der veräußerten Fläche;FLCHA001B025;0,1 bis unter 0,25 ha;27933;EUR/ha;KAU004;Durchschnittlicher Kaufwert
61521;Kaufwerte für landwirtschaftliche Grundstücke;JAHR;Jahr;2023;DINSG;Deutschland insgesamt;DG;Deutschland;BODAT1;Bodenarten;BOD-ACK;Ackerland;FLNGK1;Größenklassen der veräußerten Fläche;FLCHA001B025;0,1 bis unter 0,25 ha;598;ha;FLC023;Veräußerte Fläche
61521;Kaufwerte für landwirtschaftliche Grundstücke;JAHR;Jahr;2022;DINSG;Deutschland insgesamt;DG;Deutschland;BODAT1;Bodenarten;BOD-LF;Landwirtschaftliche Fläche;FLNGK1;Größenklassen der veräußerten Fläche;FLCHA025B001;0,25 bis unter 1 ha;x;100;MZL002;Durchschn.Ertragsmesszahl je ha veräußerter Fläche
61521;Kaufwerte für landwirtschaftliche Grundstücke;JAHR;Jahr;2022;DINSG;Deutschland insgesamt;DG;Deutschland;BODAT1;Bodenarten;BOD-LF;Landwirtschaftliche Fläche;FLNGK1;Größenklassen der veräußerten Fläche;FLCHA025B001;0,25 bis unter 1 ha;213790;Tsd. EUR;KAU003;Kaufsumme
61521;Kaufwerte für landwirtschaftliche Grundstücke;JAHR;Jahr;2022;DINSG;Deutschland insgesamt;DG;Deutschland;BODAT1;Bodenarten;BOD-LF;Landwirtschaftliche Fläche;FLNGK1;Größenklassen der veräußerten Fläche;FLCHA025B001;0,25 bis unter 1 ha;0,54;ha;FLC008;Durchschnittliche Fläche je Veräußerungsfall
61521;Kaufwerte für landwirtschaftliche Grundstücke;JAHR;Jahr;2022;DINSG;Deutschland insgesamt;DG;Deutschland;BODAT1;Bodenarten;BOD-LF;Landwirtschaftliche Fläche;FLNGK1;Größenklassen der veräußerten Fläche;FLCHA025B001;0,25 bis unter 1 ha;12658;Anzahl;VKF002;Veräußerungsfälle
61521;Kaufwerte für landwirtschaftliche Grundstücke;JAHR;Jahr;2022;DINSG;Deutschland insgesamt;DG;Deutschland;BODAT1;Bodenarten;BOD-LF;Landwirtschaftliche Fläche;FLNGK1;Größenklassen der veräußerten Fläche;FLCHA025B001;0,25 bis unter 1 ha;31468;EUR/ha;KAU004;Durchschnittlicher Kaufwert
61521;Kaufwerte für landwirtschaftliche Grundstücke;JAHR;Jahr;2022;DINSG;Deutschland insgesamt;DG;Deutschland;BODAT1;Bodenarten;BOD-LF;Landwirtschaftliche Fläche;FLNGK1;Größenklassen der veräußerten Fläche;FLCHA025B001;0,25 bis unter 1 ha;6794;ha;FLC023;Veräußerte Fläche
61521;Kaufwerte für landwirtschaftliche Grundstücke;JAHR;Jahr;2025;DINSG;Deutschland insgesamt;DG;Deutschland;BODAT1;Bodenarten;;Insgesamt;FLNGK1;Größenklassen der veräußerten Fläche;FLCHA010B020;1 bis unter 2 ha;x;100;MZL002;Durchschn.Ertragsmesszahl je ha veräußerter Fläche
61521;Kaufwerte für landwirtschaftliche Grundstücke;JAHR;Jahr;2025;DINSG;Deutschland insgesamt;DG;Deutschland;BODAT1;Bodenarten;;Insgesamt;FLNGK1;Größenklassen der veräußerten Fläche;FLCHA010B020;1 bis unter 2 ha;376736;Tsd. EUR;KAU003;Kaufsumme
61521;Kaufwerte für landwirtschaftliche Grundstücke;JAHR;Jahr;2025;DINSG;Deutschland insgesamt;DG;Deutschland;BODAT1;Bodenarten;;Insgesamt;FLNGK1;Größenklassen der veräußerten Fläche;FLCHA010B020;1 bis unter 2 ha;1,42;ha;FLC008;Durchschnittliche Fläche je Veräußerungsfall
61521;Kaufwerte für landwirtschaftliche Grundstücke;JAHR;Jahr;2025;DINSG;Deutschland insgesamt;DG;Deutschland;BODAT1;Bodenarten;;Insgesamt;FLNGK1;Größenklassen der veräußerten Fläche;FLCHA010B020;1 bis unter 2 ha;6478;Anzahl;VKF002;Veräußerungsfälle
61521;Kaufwerte für landwirtschaftliche Grundstücke;JAHR;Jahr;2025;DINSG;Deutschland insgesamt;DG;Deutschland;BODAT1;Bodenarten;;Insgesamt;FLNGK1;Größenklassen der veräußerten Fläche;FLCHA010B020;1 bis unter 2 ha;40912;EUR/ha;KAU004;Durchschnittlicher Kaufwert
61521;Kaufwerte für landwirtschaftliche Grundstücke;JAHR;Jahr;2025;DINSG;Deutschland insgesamt;DG;Deutschland;BODAT1;Bodenarten;;Insgesamt;FLNGK1;Größenklassen der veräußerten Fläche;FLCHA010B020;1 bis unter 2 ha;9208;ha;FLC023;Veräußerte Fläche
61521;Kaufwerte für landwirtschaftliche Grundstücke;JAHR;Jahr;2025;DINSG;Deutschland insgesamt;DG;Deutschland;BODAT1;Bodenarten;BOD-ACK;Ackerland;FLNGK1;Größenklassen der veräußerten Fläche;FLCHA050UM;5 und mehr ha;x;100;MZL002;Durchschn.Ertragsmesszahl je ha veräußerter Fläche
61521;Kaufwerte für landwirtschaftliche Grundstücke;JAHR;Jahr;2025;DINSG;Deutschland insgesamt;DG;Deutschland;BODAT1;Bodenarten;BOD-ACK;Ackerland;FLNGK1;Größenklassen der veräußerten Fläche;FLCHA050UM;5 und mehr ha;773816;Tsd. EUR;KAU003;Kaufsumme
61521;Kaufwerte für landwirtschaftliche Grundstücke;JAHR;Jahr;2025;DINSG;Deutschland insgesamt;DG;Deutschland;BODAT1;Bodenarten;BOD-ACK;Ackerland;FLNGK1;Größenklassen der veräußerten Fläche;FLCHA050UM;5 und mehr ha;11,10;ha;FLC008;Durchschnittliche Fläche je Veräußerungsfall
61521;Kaufwerte für landwirtschaftliche Grundstücke;JAHR;Jahr;2025;DINSG;Deutschland insgesamt;DG;Deutschland;BODAT1;Bodenarten;BOD-ACK;Ackerland;FLNGK1;Größenklassen der veräußerten Fläche;FLCHA050UM;5 und mehr ha;1896;Anzahl;VKF002;Veräußerungsfälle
61521;Kaufwerte für landwirtschaftliche Grundstücke;JAHR;Jahr;2025;DINSG;Deutschland insgesamt;DG;Deutschland;BODAT1;Bodenarten;BOD-ACK;Ackerland;FLNGK1;Größenklassen der veräußerten Fläche;FLCHA050UM;5 und mehr ha;36754;EUR/ha;KAU004;Durchschnittlicher Kaufwert
61521;Kaufwerte für landwirtschaftliche Grundstücke;JAHR;Jahr;2025;DINSG;Deutschland insgesamt;DG;Deutschland;BODAT1;Bodenarten;BOD-ACK;Ackerland;FLNGK1;Größenklassen der veräußerten Fläche;FLCHA050UM;5 und mehr ha;21054;ha;FLC023;Veräußerte Fläche
61521;Kaufwerte für landwirtschaftliche Grundstücke;JAHR;Jahr;2025;DINSG;Deutschland insgesamt;DG;Deutschland;BODAT1;Bodenarten;BOD-LF;Landwirtschaftliche Fläche;FLNGK1;Größenklassen der veräußerten Fläche;FLCHA001B025;0,1 bis unter 0,25 ha;x;100;MZL002;Durchschn.Ertragsmesszahl je ha veräußerter Fläche
61521;Kaufwerte für landwirtschaftliche Grundstücke;JAHR;Jahr;2025;DINSG;Deutschland insgesamt;DG;Deutschland;BODAT1;Bodenarten;BOD-LF;Landwirtschaftliche Fläche;FLNGK1;Größenklassen der veräußerten Fläche;FLCHA001B025;0,1 bis unter 0,25 ha;39151;Tsd. EUR;KAU003;Kaufsumme
61521;Kaufwerte für landwirtschaftliche Grundstücke;JAHR;Jahr;2025;DINSG;Deutschland insgesamt;DG;Deutschland;BODAT1;Bodenarten;BOD-LF;Landwirtschaftliche Fläche;FLNGK1;Größenklassen der veräußerten Fläche;FLCHA001B025;0,1 bis unter 0,25 ha;0,17;ha;FLC008;Durchschnittliche Fläche je Veräußerungsfall
61521;Kaufwerte für landwirtschaftliche Grundstücke;JAHR;Jahr;2025;DINSG;Deutschland insgesamt;DG;Deutschland;BODAT1;Bodenarten;BOD-LF;Landwirtschaftliche Fläche;FLNGK1;Größenklassen der veräußerten Fläche;FLCHA001B025;0,1 bis unter 0,25 ha;7777;Anzahl;VKF002;Veräußerungsfälle
61521;Kaufwerte für landwirtschaftliche Grundstücke;JAHR;Jahr;2025;DINSG;Deutschland insgesamt;DG;Deutschland;BODAT1;Bodenarten;BOD-LF;Landwirtschaftliche Fläche;FLNGK1;Größenklassen der veräußerten Fläche;FLCHA001B025;0,1 bis unter 0,25 ha;29658;EUR/ha;KAU004;Durchschnittlicher Kaufwert
61521;Kaufwerte für landwirtschaftliche Grundstücke;JAHR;Jahr;2025;DINSG;Deutschland insgesamt;DG;Deutschland;BODAT1;Bodenarten;BOD-LF;Landwirtschaftliche Fläche;FLNGK1;Größenklassen der veräußerten Fläche;FLCHA001B025;0,1 bis unter 0,25 ha;1320;ha;FLC023;Veräußerte Fläche
61521;Kaufwerte für landwirtschaftliche Grundstücke;JAHR;Jahr;2023;DINSG;Deutschland insgesamt;DG;Deutschland;BODAT1;Bodenarten;BOD-GRL;Grünland;FLNGK1;Größenklassen der veräußerten Fläche;FLCHA001B025;0,1 bis unter 0,25 ha;x;100;MZL002;Durchschn.Ertragsmesszahl je ha veräußerter Fläche
61521;Kaufwerte für landwirtschaftliche Grundstücke;JAHR;Jahr;2023;DINSG;Deutschland insgesamt;DG;Deutschland;BODAT1;Bodenarten;BOD-GRL;Grünland;FLNGK1;Größenklassen der veräußerten Fläche;FLCHA001B025;0,1 bis unter 0,25 ha;11160;Tsd. EUR;KAU003;Kaufsumme
61521;Kaufwerte für landwirtschaftliche Grundstücke;JAHR;Jahr;2023;DINSG;Deutschland insgesamt;DG;Deutschland;BODAT1;Bodenarten;BOD-GRL;Grünland;FLNGK1;Größenklassen der veräußerten Fläche;FLCHA001B025;0,1 bis unter 0,25 ha;0,17;ha;FLC008;Durchschnittliche Fläche je Veräußerungsfall
61521;Kaufwerte für landwirtschaftliche Grundstücke;JAHR;Jahr;2023;DINSG;Deutschland insgesamt;DG;Deutschland;BODAT1;Bodenarten;BOD-GRL;Grünland;FLNGK1;Größenklassen der veräußerten Fläche;FLCHA001B025;0,1 bis unter 0,25 ha;3108;Anzahl;VKF002;Veräußerungsfälle
61521;Kaufwerte für landwirtschaftliche Grundstücke;JAHR;Jahr;2023;DINSG;Deutschland insgesamt;DG;Deutschland;BODAT1;Bodenarten;BOD-GRL;Grünland;FLNGK1;Größenklassen der veräußerten Fläche;FLCHA001B025;0,1 bis unter 0,25 ha;21537;EUR/ha;KAU004;Durchschnittlicher Kaufwert
61521;Kaufwerte für landwirtschaftliche Grundstücke;JAHR;Jahr;2023;DINSG;Deutschland insgesamt;DG;Deutschland;BODAT1;Bodenarten;BOD-GRL;Grünland;FLNGK1;Größenklassen der veräußerten Fläche;FLCHA001B025;0,1 bis unter 0,25 ha;518;ha;FLC023;Veräußerte Fläche
61521;Kaufwerte für landwirtschaftliche Grundstücke;JAHR;Jahr;2024;DINSG;Deutschland insgesamt;DG;Deutschland;BODAT1;Bodenarten;BOD-LF;Landwirtschaftliche Fläche;FLNGK1;Größenklassen der veräußerten Fläche;FLCHA010B020;1 bis unter 2 ha;x;100;MZL002;Durchschn.Ertragsmesszahl je ha veräußerter Fläche
61521;Kaufwerte für landwirtschaftliche Grundstücke;JAHR;Jahr;2024;DINSG;Deutschland insgesamt;DG;Deutschland;BODAT1;Bodenarten;BOD-LF;Landwirtschaftliche Fläche;FLNGK1;Größenklassen der veräußerten Fläche;FLCHA010B020;1 bis unter 2 ha;314301;Tsd. EUR;KAU003;Kaufsumme
61521;Kaufwerte für landwirtschaftliche Grundstücke;JAHR;Jahr;2024;DINSG;Deutschland insgesamt;DG;Deutschland;BODAT1;Bodenarten;BOD-LF;Landwirtschaftliche Fläche;FLNGK1;Größenklassen der veräußerten Fläche;FLCHA010B020;1 bis unter 2 ha;1,42;ha;FLC008;Durchschnittliche Fläche je Veräußerungsfall
61521;Kaufwerte für landwirtschaftliche Grundstücke;JAHR;Jahr;2024;DINSG;Deutschland insgesamt;DG;Deutschland;BODAT1;Bodenarten;BOD-LF;Landwirtschaftliche Fläche;FLNGK1;Größenklassen der veräußerten Fläche;FLCHA010B020;1 bis unter 2 ha;5547;Anzahl;VKF002;Veräußerungsfälle
61521;Kaufwerte für landwirtschaftliche Grundstücke;JAHR;Jahr;2024;DINSG;Deutschland insgesamt;DG;Deutschland;BODAT1;Bodenarten;BOD-LF;Landwirtschaftliche Fläche;FLNGK1;Größenklassen der veräußerten Fläche;FLCHA010B020;1 bis unter 2 ha;39797;EUR/ha;KAU004;Durchschnittlicher Kaufwert
61521;Kaufwerte für landwirtschaftliche Grundstücke;JAHR;Jahr;2024;DINSG;Deutschland insgesamt;DG;Deutschland;BODAT1;Bodenarten;BOD-LF;Landwirtschaftliche Fläche;FLNGK1;Größenklassen der veräußerten Fläche;FLCHA010B020;1 bis unter 2 ha;7898;ha;FLC023;Veräußerte Fläche
61521;Kaufwerte für landwirtschaftliche Grundstücke;JAHR;Jahr;2025;DINSG;Deutschland insgesamt;DG;Deutschland;BODAT1;Bodenarten;;Insgesamt;FLNGK1;Größenklassen der veräußerten Fläche;FLCHA050UM;5 und mehr ha;x;100;MZL002;Durchschn.Ertragsmesszahl je ha veräußerter Fläche
61521;Kaufwerte für landwirtschaftliche Grundstücke;JAHR;Jahr;2025;DINSG;Deutschland insgesamt;DG;Deutschland;BODAT1;Bodenarten;;Insgesamt;FLNGK1;Größenklassen der veräußerten Fläche;FLCHA050UM;5 und mehr ha;1164521;Tsd. EUR;KAU003;Kaufsumme
61521;Kaufwerte für landwirtschaftliche Grundstücke;JAHR;Jahr;2025;DINSG;Deutschland insgesamt;DG;Deutschland;BODAT1;Bodenarten;;Insgesamt;FLNGK1;Größenklassen der veräußerten Fläche;FLCHA050UM;5 und mehr ha;11,92;ha;FLC008;Durchschnittliche Fläche je Veräußerungsfall
61521;Kaufwerte für landwirtschaftliche Grundstücke;JAHR;Jahr;2025;DINSG;Deutschland insgesamt;DG;Deutschland;BODAT1;Bodenarten;;Insgesamt;FLNGK1;Größenklassen der veräußerten Fläche;FLCHA050UM;5 und mehr ha;3175;Anzahl;VKF002;Veräußerungsfälle
61521;Kaufwerte für landwirtschaftliche Grundstücke;JAHR;Jahr;2025;DINSG;Deutschland insgesamt;DG;Deutschland;BODAT1;Bodenarten;;Insgesamt;FLNGK1;Größenklassen der veräußerten Fläche;FLCHA050UM;5 und mehr ha;30779;EUR/ha;KAU004;Durchschnittlicher Kaufwert
61521;Kaufwerte für landwirtschaftliche Grundstücke;JAHR;Jahr;2025;DINSG;Deutschland insgesamt;DG;Deutschland;BODAT1;Bodenarten;;Insgesamt;FLNGK1;Größenklassen der veräußerten Fläche;FLCHA050UM;5 und mehr ha;37834;ha;FLC023;Veräußerte Fläche
61521;Kaufwerte für landwirtschaftliche Grundstücke;JAHR;Jahr;2021;DINSG;Deutschland insgesamt;DG;Deutschland;BODAT1;Bodenarten;BOD-SONST-LF;Sonstige landwirtschaftliche Fläche;FLNGK1;Größenklassen der veräußerten Fläche;FLCHA020B050;2 bis unter 5 ha;-;100;MZL002;Durchschn.Ertragsmesszahl je ha veräußerter Fläche
61521;Kaufwerte für landwirtschaftliche Grundstücke;JAHR;Jahr;2021;DINSG;Deutschland insgesamt;DG;Deutschland;BODAT1;Bodenarten;BOD-SONST-LF;Sonstige landwirtschaftliche Fläche;FLNGK1;Größenklassen der veräußerten Fläche;FLCHA020B050;2 bis unter 5 ha;-;Tsd. EUR;KAU003;Kaufsumme
61521;Kaufwerte für landwirtschaftliche Grundstücke;JAHR;Jahr;2021;DINSG;Deutschland insgesamt;DG;Deutschland;BODAT1;Bodenarten;BOD-SONST-LF;Sonstige landwirtschaftliche Fläche;FLNGK1;Größenklassen der veräußerten Fläche;FLCHA020B050;2 bis unter 5 ha;-;ha;FLC008;Durchschnittliche Fläche je Veräußerungsfall
61521;Kaufwerte für landwirtschaftliche Grundstücke;JAHR;Jahr;2021;DINSG;Deutschland insgesamt;DG;Deutschland;BODAT1;Bodenarten;BOD-SONST-LF;Sonstige landwirtschaftliche Fläche;FLNGK1;Größenklassen der veräußerten Fläche;FLCHA020B050;2 bis unter 5 ha;-;Anzahl;VKF002;Veräußerungsfälle
61521;Kaufwerte für landwirtschaftliche Grundstücke;JAHR;Jahr;2021;DINSG;Deutschland insgesamt;DG;Deutschland;BODAT1;Bodenarten;BOD-SONST-LF;Sonstige landwirtschaftliche Fläche;FLNGK1;Größenklassen der veräußerten Fläche;FLCHA020B050;2 bis unter 5 ha;-;EUR/ha;KAU004;Durchschnittlicher Kaufwert
61521;Kaufwerte für landwirtschaftliche Grundstücke;JAHR;Jahr;2021;DINSG;Deutschland insgesamt;DG;Deutschland;BODAT1;Bodenarten;BOD-SONST-LF;Sonstige landwirtschaftliche Fläche;FLNGK1;Größenklassen der veräußerten Fläche;FLCHA020B050;2 bis unter 5 ha;-;ha;FLC023;Veräußerte Fläche
61521;Kaufwerte für landwirtschaftliche Grundstücke;JAHR;Jahr;2023;DINSG;Deutschland insgesamt;DG;Deutschland;BODAT1;Bodenarten;BOD-ACK;Ackerland;FLNGK1;Größenklassen der veräußerten Fläche;FLCHA010B020;1 bis unter 2 ha;x;100;MZL002;Durchschn.Ertragsmesszahl je ha veräußerter Fläche
61521;Kaufwerte für landwirtschaftliche Grundstücke;JAHR;Jahr;2023;DINSG;Deutschland insgesamt;DG;Deutschland;BODAT1;Bodenarten;BOD-ACK;Ackerland;FLNGK1;Größenklassen der veräußerten Fläche;FLCHA010B020;1 bis unter 2 ha;212382;Tsd. EUR;KAU003;Kaufsumme
61521;Kaufwerte für landwirtschaftliche Grundstücke;JAHR;Jahr;2023;DINSG;Deutschland insgesamt;DG;Deutschland;BODAT1;Bodenarten;BOD-ACK;Ackerland;FLNGK1;Größenklassen der veräußerten Fläche;FLCHA010B020;1 bis unter 2 ha;1,41;ha;FLC008;Durchschnittliche Fläche je Veräußerungsfall
61521;Kaufwerte für landwirtschaftliche Grundstücke;JAHR;Jahr;2023;DINSG;Deutschland insgesamt;DG;Deutschland;BODAT1;Bodenarten;BOD-ACK;Ackerland;FLNGK1;Größenklassen der veräußerten Fläche;FLCHA010B020;1 bis unter 2 ha;3382;Anzahl;VKF002;Veräußerungsfälle
61521;Kaufwerte für landwirtschaftliche Grundstücke;JAHR;Jahr;2023;DINSG;Deutschland insgesamt;DG;Deutschland;BODAT1;Bodenarten;BOD-ACK;Ackerland;FLNGK1;Größenklassen der veräußerten Fläche;FLCHA010B020;1 bis unter 2 ha;44489;EUR/ha;KAU004;Durchschnittlicher Kaufwert
61521;Kaufwerte für landwirtschaftliche Grundstücke;JAHR;Jahr;2023;DINSG;Deutschland insgesamt;DG;Deutschland;BODAT1;Bodenarten;BOD-ACK;Ackerland;FLNGK1;Größenklassen der veräußerten Fläche;FLCHA010B020;1 bis unter 2 ha;4774;ha;FLC023;Veräußerte Fläche
61521;Kaufwerte für landwirtschaftliche Grundstücke;JAHR;Jahr;2025;DINSG;Deutschland insgesamt;DG;Deutschland;BODAT1;Bodenarten;BOD-GRL;Grünland;FLNGK1;Größenklassen der veräußerten Fläche;FLCHA025B001;0,25 bis unter 1 ha;x;100;MZL002;Durchschn.Ertragsmesszahl je ha veräußerter Fläche
61521;Kaufwerte für landwirtschaftliche Grundstücke;JAHR;Jahr;2025;DINSG;Deutschland insgesamt;DG;Deutschland;BODAT1;Bodenarten;BOD-GRL;Grünland;FLNGK1;Größenklassen der veräußerten Fläche;FLCHA025B001;0,25 bis unter 1 ha;64698;Tsd. EUR;KAU003;Kaufsumme
61521;Kaufwerte für landwirtschaftliche Grundstücke;JAHR;Jahr;2025;DINSG;Deutschland insgesamt;DG;Deutschland;BODAT1;Bodenarten;BOD-GRL;Grünland;FLNGK1;Größenklassen der veräußerten Fläche;FLCHA025B001;0,25 bis unter 1 ha;0,52;ha;FLC008;Durchschnittliche Fläche je Veräußerungsfall
61521;Kaufwerte für landwirtschaftliche Grundstücke;JAHR;Jahr;2025;DINSG;Deutschland insgesamt;DG;Deutschland;BODAT1;Bodenarten;BOD-GRL;Grünland;FLNGK1;Größenklassen der veräußerten Fläche;FLCHA025B001;0,25 bis unter 1 ha;4859;Anzahl;VKF002;Veräußerungsfälle
61521;Kaufwerte für landwirtschaftliche Grundstücke;JAHR;Jahr;2025;DINSG;Deutschland insgesamt;DG;Deutschland;BODAT1;Bodenarten;BOD-GRL;Grünland;FLNGK1;Größenklassen der veräußerten Fläche;FLCHA025B001;0,25 bis unter 1 ha;25556;EUR/ha;KAU004;Durchschnittlicher Kaufwert
61521;Kaufwerte für landwirtschaftliche Grundstücke;JAHR;Jahr;2025;DINSG;Deutschland insgesamt;DG;Deutschland;BODAT1;Bodenarten;BOD-GRL;Grünland;FLNGK1;Größenklassen der veräußerten Fläche;FLCHA025B001;0,25 bis unter 1 ha;2532;ha;FLC023;Veräußerte Fläche
61521;Kaufwerte für landwirtschaftliche Grundstücke;JAHR;Jahr;2024;DINSG;Deutschland insgesamt;DG;Deutschland;BODAT1;Bodenarten;BOD-GRL;Grünland;FLNGK1;Größenklassen der veräußerten Fläche;FLCHA020B050;2 bis unter 5 ha;x;100;MZL002;Durchschn.Ertragsmesszahl je ha veräußerter Fläche
61521;Kaufwerte für landwirtschaftliche Grundstücke;JAHR;Jahr;2024;DINSG;Deutschland insgesamt;DG;Deutschland;BODAT1;Bodenarten;BOD-GRL;Grünland;FLNGK1;Größenklassen der veräußerten Fläche;FLCHA020B050;2 bis unter 5 ha;89246;Tsd. EUR;KAU003;Kaufsumme
61521;Kaufwerte für landwirtschaftliche Grundstücke;JAHR;Jahr;2024;DINSG;Deutschland insgesamt;DG;Deutschland;BODAT1;Bodenarten;BOD-GRL;Grünland;FLNGK1;Größenklassen der veräußerten Fläche;FLCHA020B050;2 bis unter 5 ha;3,00;ha;FLC008;Durchschnittliche Fläche je Veräußerungsfall
61521;Kaufwerte für landwirtschaftliche Grundstücke;JAHR;Jahr;2024;DINSG;Deutschland insgesamt;DG;Deutschland;BODAT1;Bodenarten;BOD-GRL;Grünland;FLNGK1;Größenklassen der veräußerten Fläche;FLCHA020B050;2 bis unter 5 ha;971;Anzahl;VKF002;Veräußerungsfälle
61521;Kaufwerte für landwirtschaftliche Grundstücke;JAHR;Jahr;2024;DINSG;Deutschland insgesamt;DG;Deutschland;BODAT1;Bodenarten;BOD-GRL;Grünland;FLNGK1;Größenklassen der veräußerten Fläche;FLCHA020B050;2 bis unter 5 ha;30606;EUR/ha;KAU004;Durchschnittlicher Kaufwert
61521;Kaufwerte für landwirtschaftliche Grundstücke;JAHR;Jahr;2024;DINSG;Deutschland insgesamt;DG;Deutschland;BODAT1;Bodenarten;BOD-GRL;Grünland;FLNGK1;Größenklassen der veräußerten Fläche;FLCHA020B050;2 bis unter 5 ha;2916;ha;FLC023;Veräußerte Fläche
61521;Kaufwerte für landwirtschaftliche Grundstücke;JAHR;Jahr;2024;DINSG;Deutschland insgesamt;DG;Deutschland;BODAT1;Bodenarten;BOD-SONST-LF;Sonstige landwirtschaftliche Fläche;FLNGK1;Größenklassen der veräußerten Fläche;FLCHA050UM;5 und mehr ha;x;100;MZL002;Durchschn.Ertragsmesszahl je ha veräußerter Fläche
61521;Kaufwerte für landwirtschaftliche Grundstücke;JAHR;Jahr;2024;DINSG;Deutschland insgesamt;DG;Deutschland;BODAT1;Bodenarten;BOD-SONST-LF;Sonstige landwirtschaftliche Fläche;FLNGK1;Größenklassen der veräußerten Fläche;FLCHA050UM;5 und mehr ha;6426;Tsd. EUR;KAU003;Kaufsumme
61521;Kaufwerte für landwirtschaftliche Grundstücke;JAHR;Jahr;2024;DINSG;Deutschland insgesamt;DG;Deutschland;BODAT1;Bodenarten;BOD-SONST-LF;Sonstige landwirtschaftliche Fläche;FLNGK1;Größenklassen der veräußerten Fläche;FLCHA050UM;5 und mehr ha;10,01;ha;FLC008;Durchschnittliche Fläche je Veräußerungsfall
61521;Kaufwerte für landwirtschaftliche Grundstücke;JAHR;Jahr;2024;DINSG;Deutschland insgesamt;DG;Deutschland;BODAT1;Bodenarten;BOD-SONST-LF;Sonstige landwirtschaftliche Fläche;FLNGK1;Größenklassen der veräußerten Fläche;FLCHA050UM;5 und mehr ha;26;Anzahl;VKF002;Veräußerungsfälle
61521;Kaufwerte für landwirtschaftliche Grundstücke;JAHR;Jahr;2024;DINSG;Deutschland insgesamt;DG;Deutschland;BODAT1;Bodenarten;BOD-SONST-LF;Sonstige landwirtschaftliche Fläche;FLNGK1;Größenklassen der veräußerten Fläche;FLCHA050UM;5 und mehr ha;24698;EUR/ha;KAU004;Durchschnittlicher Kaufwert
61521;Kaufwerte für landwirtschaftliche Grundstücke;JAHR;Jahr;2024;DINSG;Deutschland insgesamt;DG;Deutschland;BODAT1;Bodenarten;BOD-SONST-LF;Sonstige landwirtschaftliche Fläche;FLNGK1;Größenklassen der veräußerten Fläche;FLCHA050UM;5 und mehr ha;260;ha;FLC023;Veräußerte Fläche
61521;Kaufwerte für landwirtschaftliche Grundstücke;JAHR;Jahr;2021;DINSG;Deutschland insgesamt;DG;Deutschland;BODAT1;Bodenarten;;Insgesamt;FLNGK1;Größenklassen der veräußerten Fläche;FLCHA050UM;5 und mehr ha;x;100;MZL002;Durchschn.Ertragsmesszahl je ha veräußerter Fläche
61521;Kaufwerte für landwirtschaftliche Grundstücke;JAHR;Jahr;2021;DINSG;Deutschland insgesamt;DG;Deutschland;BODAT1;Bodenarten;;Insgesamt;FLNGK1;Größenklassen der veräußerten Fläche;FLCHA050UM;5 und mehr ha;911667;Tsd. EUR;KAU003;Kaufsumme
61521;Kaufwerte für landwirtschaftliche Grundstücke;JAHR;Jahr;2021;DINSG;Deutschland insgesamt;DG;Deutschland;BODAT1;Bodenarten;;Insgesamt;FLNGK1;Größenklassen der veräußerten Fläche;FLCHA050UM;5 und mehr ha;11,05;ha;FLC008;Durchschnittliche Fläche je Veräußerungsfall
61521;Kaufwerte für landwirtschaftliche Grundstücke;JAHR;Jahr;2021;DINSG;Deutschland insgesamt;DG;Deutschland;BODAT1;Bodenarten;;Insgesamt;FLNGK1;Größenklassen der veräußerten Fläche;FLCHA050UM;5 und mehr ha;3149;Anzahl;VKF002;Veräußerungsfälle
61521;Kaufwerte für landwirtschaftliche Grundstücke;JAHR;Jahr;2021;DINSG;Deutschland insgesamt;DG;Deutschland;BODAT1;Bodenarten;;Insgesamt;FLNGK1;Größenklassen der veräußerten Fläche;FLCHA050UM;5 und mehr ha;26207;EUR/ha;KAU004;Durchschnittlicher Kaufwert
61521;Kaufwerte für landwirtschaftliche Grundstücke;JAHR;Jahr;2021;DINSG;Deutschland insgesamt;DG;Deutschland;BODAT1;Bodenarten;;Insgesamt;FLNGK1;Größenklassen der veräußerten Fläche;FLCHA050UM;5 und mehr ha;34787;ha;FLC023;Veräußerte Fläche
61521;Kaufwerte für landwirtschaftliche Grundstücke;JAHR;Jahr;2024;DINSG;Deutschland insgesamt;DG;Deutschland;BODAT1;Bodenarten;BOD-LF;Landwirtschaftliche Fläche;FLNGK1;Größenklassen der veräußerten Fläche;FLCHA020B050;2 bis unter 5 ha;x;100;MZL002;Durchschn.Ertragsmesszahl je ha veräußerter Fläche
61521;Kaufwerte für landwirtschaftliche Grundstücke;JAHR;Jahr;2024;DINSG;Deutschland insgesamt;DG;Deutschland;BODAT1;Bodenarten;BOD-LF;Landwirtschaftliche Fläche;FLNGK1;Größenklassen der veräußerten Fläche;FLCHA020B050;2 bis unter 5 ha;631898;Tsd. EUR;KAU003;Kaufsumme
61521;Kaufwerte für landwirtschaftliche Grundstücke;JAHR;Jahr;2024;DINSG;Deutschland insgesamt;DG;Deutschland;BODAT1;Bodenarten;BOD-LF;Landwirtschaftliche Fläche;FLNGK1;Größenklassen der veräußerten Fläche;FLCHA020B050;2 bis unter 5 ha;3,12;ha;FLC008;Durchschnittliche Fläche je Veräußerungsfall
61521;Kaufwerte für landwirtschaftliche Grundstücke;JAHR;Jahr;2024;DINSG;Deutschland insgesamt;DG;Deutschland;BODAT1;Bodenarten;BOD-LF;Landwirtschaftliche Fläche;FLNGK1;Größenklassen der veräußerten Fläche;FLCHA020B050;2 bis unter 5 ha;4873;Anzahl;VKF002;Veräußerungsfälle
61521;Kaufwerte für landwirtschaftliche Grundstücke;JAHR;Jahr;2024;DINSG;Deutschland insgesamt;DG;Deutschland;BODAT1;Bodenarten;BOD-LF;Landwirtschaftliche Fläche;FLNGK1;Größenklassen der veräußerten Fläche;FLCHA020B050;2 bis unter 5 ha;41537;EUR/ha;KAU004;Durchschnittlicher Kaufwert
61521;Kaufwerte für landwirtschaftliche Grundstücke;JAHR;Jahr;2024;DINSG;Deutschland insgesamt;DG;Deutschland;BODAT1;Bodenarten;BOD-LF;Landwirtschaftliche Fläche;FLNGK1;Größenklassen der veräußerten Fläche;FLCHA020B050;2 bis unter 5 ha;15213;ha;FLC023;Veräußerte Fläche
61521;Kaufwerte für landwirtschaftliche Grundstücke;JAHR;Jahr;2022;DINSG;Deutschland insgesamt;DG;Deutschland;BODAT1;Bodenarten;BOD-ACK;Ackerland;FLNGK1;Größenklassen der veräußerten Fläche;FLCHA001B025;0,1 bis unter 0,25 ha;x;100;MZL002;Durchschn.Ertragsmesszahl je ha veräußerter Fläche
61521;Kaufwerte für landwirtschaftliche Grundstücke;JAHR;Jahr;2022;DINSG;Deutschland insgesamt;DG;Deutschland;BODAT1;Bodenarten;BOD-ACK;Ackerland;FLNGK1;Größenklassen der veräußerten Fläche;FLCHA001B025;0,1 bis unter 0,25 ha;16928;Tsd. EUR;KAU003;Kaufsumme
61521;Kaufwerte für landwirtschaftliche Grundstücke;JAHR;Jahr;2022;DINSG;Deutschland insgesamt;DG;Deutschland;BODAT1;Bodenarten;BOD-ACK;Ackerland;FLNGK1;Größenklassen der veräußerten Fläche;FLCHA001B025;0,1 bis unter 0,25 ha;0,17;ha;FLC008;Durchschnittliche Fläche je Veräußerungsfall
61521;Kaufwerte für landwirtschaftliche Grundstücke;JAHR;Jahr;2022;DINSG;Deutschland insgesamt;DG;Deutschland;BODAT1;Bodenarten;BOD-ACK;Ackerland;FLNGK1;Größenklassen der veräußerten Fläche;FLCHA001B025;0,1 bis unter 0,25 ha;3371;Anzahl;VKF002;Veräußerungsfälle
61521;Kaufwerte für landwirtschaftliche Grundstücke;JAHR;Jahr;2022;DINSG;Deutschland insgesamt;DG;Deutschland;BODAT1;Bodenarten;BOD-ACK;Ackerland;FLNGK1;Größenklassen der veräußerten Fläche;FLCHA001B025;0,1 bis unter 0,25 ha;29202;EUR/ha;KAU004;Durchschnittlicher Kaufwert
61521;Kaufwerte für landwirtschaftliche Grundstücke;JAHR;Jahr;2022;DINSG;Deutschland insgesamt;DG;Deutschland;BODAT1;Bodenarten;BOD-ACK;Ackerland;FLNGK1;Größenklassen der veräußerten Fläche;FLCHA001B025;0,1 bis unter 0,25 ha;580;ha;FLC023;Veräußerte Fläche
61521;Kaufwerte für landwirtschaftliche Grundstücke;JAHR;Jahr;2025;DINSG;Deutschland insgesamt;DG;Deutschland;BODAT1;Bodenarten;BOD-GRL;Grünland;FLNGK1;Größenklassen der veräußerten Fläche;;Insgesamt;x;100;MZL002;Durchschn.Ertragsmesszahl je ha veräußerter Fläche
61521;Kaufwerte für landwirtschaftliche Grundstücke;JAHR;Jahr;2025;DINSG;Deutschland insgesamt;DG;Deutschland;BODAT1;Bodenarten;BOD-GRL;Grünland;FLNGK1;Größenklassen der veräußerten Fläche;;Insgesamt;334194;Tsd. EUR;KAU003;Kaufsumme
61521;Kaufwerte für landwirtschaftliche Grundstücke;JAHR;Jahr;2025;DINSG;Deutschland insgesamt;DG;Deutschland;BODAT1;Bodenarten;BOD-GRL;Grünland;FLNGK1;Größenklassen der veräußerten Fläche;;Insgesamt;1,04;ha;FLC008;Durchschnittliche Fläche je Veräußerungsfall
61521;Kaufwerte für landwirtschaftliche Grundstücke;JAHR;Jahr;2025;DINSG;Deutschland insgesamt;DG;Deutschland;BODAT1;Bodenarten;BOD-GRL;Grünland;FLNGK1;Größenklassen der veräußerten Fläche;;Insgesamt;11280;Anzahl;VKF002;Veräußerungsfälle
61521;Kaufwerte für landwirtschaftliche Grundstücke;JAHR;Jahr;2025;DINSG;Deutschland insgesamt;DG;Deutschland;BODAT1;Bodenarten;BOD-GRL;Grünland;FLNGK1;Größenklassen der veräußerten Fläche;;Insgesamt;28587;EUR/ha;KAU004;Durchschnittlicher Kaufwert
61521;Kaufwerte für landwirtschaftliche Grundstücke;JAHR;Jahr;2025;DINSG;Deutschland insgesamt;DG;Deutschland;BODAT1;Bodenarten;BOD-GRL;Grünland;FLNGK1;Größenklassen der veräußerten Fläche;;Insgesamt;11690;ha;FLC023;Veräußerte Fläche
61521;Kaufwerte für landwirtschaftliche Grundstücke;JAHR;Jahr;2021;DINSG;Deutschland insgesamt;DG;Deutschland;BODAT1;Bodenarten;BOD-SONST-LF;Sonstige landwirtschaftliche Fläche;FLNGK1;Größenklassen der veräußerten Fläche;FLCHA001B025;0,1 bis unter 0,25 ha;-;100;MZL002;Durchschn.Ertragsmesszahl je ha veräußerter Fläche
61521;Kaufwerte für landwirtschaftliche Grundstücke;JAHR;Jahr;2021;DINSG;Deutschland insgesamt;DG;Deutschland;BODAT1;Bodenarten;BOD-SONST-LF;Sonstige landwirtschaftliche Fläche;FLNGK1;Größenklassen der veräußerten Fläche;FLCHA001B025;0,1 bis unter 0,25 ha;-;Tsd. EUR;KAU003;Kaufsumme
61521;Kaufwerte für landwirtschaftliche Grundstücke;JAHR;Jahr;2021;DINSG;Deutschland insgesamt;DG;Deutschland;BODAT1;Bodenarten;BOD-SONST-LF;Sonstige landwirtschaftliche Fläche;FLNGK1;Größenklassen der veräußerten Fläche;FLCHA001B025;0,1 bis unter 0,25 ha;-;ha;FLC008;Durchschnittliche Fläche je Veräußerungsfall
61521;Kaufwerte für landwirtschaftliche Grundstücke;JAHR;Jahr;2021;DINSG;Deutschland insgesamt;DG;Deutschland;BODAT1;Bodenarten;BOD-SONST-LF;Sonstige landwirtschaftliche Fläche;FLNGK1;Größenklassen der veräußerten Fläche;FLCHA001B025;0,1 bis unter 0,25 ha;-;Anzahl;VKF002;Veräußerungsfälle
61521;Kaufwerte für landwirtschaftliche Grundstücke;JAHR;Jahr;2021;DINSG;Deutschland insgesamt;DG;Deutschland;BODAT1;Bodenarten;BOD-SONST-LF;Sonstige landwirtschaftliche Fläche;FLNGK1;Größenklassen der veräußerten Fläche;FLCHA001B025;0,1 bis unter 0,25 ha;-;EUR/ha;KAU004;Durchschnittlicher Kaufwert
61521;Kaufwerte für landwirtschaftliche Grundstücke;JAHR;Jahr;2021;DINSG;Deutschland insgesamt;DG;Deutschland;BODAT1;Bodenarten;BOD-SONST-LF;Sonstige landwirtschaftliche Fläche;FLNGK1;Größenklassen der veräußerten Fläche;FLCHA001B025;0,1 bis unter 0,25 ha;-;ha;FLC023;Veräußerte Fläche
61521;Kaufwerte für landwirtschaftliche Grundstücke;JAHR;Jahr;2024;DINSG;Deutschland insgesamt;DG;Deutschland;BODAT1;Bodenarten;BOD-GRL;Grünland;FLNGK1;Größenklassen der veräußerten Fläche;FLCHA001B025;0,1 bis unter 0,25 ha;x;100;MZL002;Durchschn.Ertragsmesszahl je ha veräußerter Fläche
61521;Kaufwerte für landwirtschaftliche Grundstücke;JAHR;Jahr;2024;DINSG;Deutschland insgesamt;DG;Deutschland;BODAT1;Bodenarten;BOD-GRL;Grünland;FLNGK1;Größenklassen der veräußerten Fläche;FLCHA001B025;0,1 bis unter 0,25 ha;11019;Tsd. EUR;KAU003;Kaufsumme
61521;Kaufwerte für landwirtschaftliche Grundstücke;JAHR;Jahr;2024;DINSG;Deutschland insgesamt;DG;Deutschland;BODAT1;Bodenarten;BOD-GRL;Grünland;FLNGK1;Größenklassen der veräußerten Fläche;FLCHA001B025;0,1 bis unter 0,25 ha;0,17;ha;FLC008;Durchschnittliche Fläche je Veräußerungsfall
61521;Kaufwerte für landwirtschaftliche Grundstücke;JAHR;Jahr;2024;DINSG;Deutschland insgesamt;DG;Deutschland;BODAT1;Bodenarten;BOD-GRL;Grünland;FLNGK1;Größenklassen der veräußerten Fläche;FLCHA001B025;0,1 bis unter 0,25 ha;2730;Anzahl;VKF002;Veräußerungsfälle
61521;Kaufwerte für landwirtschaftliche Grundstücke;JAHR;Jahr;2024;DINSG;Deutschland insgesamt;DG;Deutschland;BODAT1;Bodenarten;BOD-GRL;Grünland;FLNGK1;Größenklassen der veräußerten Fläche;FLCHA001B025;0,1 bis unter 0,25 ha;24260;EUR/ha;KAU004;Durchschnittlicher Kaufwert
61521;Kaufwerte für landwirtschaftliche Grundstücke;JAHR;Jahr;2024;DINSG;Deutschland insgesamt;DG;Deutschland;BODAT1;Bodenarten;BOD-GRL;Grünland;FLNGK1;Größenklassen der veräußerten Fläche;FLCHA001B025;0,1 bis unter 0,25 ha;454;ha;FLC023;Veräußerte Fläche
61521;Kaufwerte für landwirtschaftliche Grundstücke;JAHR;Jahr;2022;DINSG;Deutschland insgesamt;DG;Deutschland;BODAT1;Bodenarten;BOD-GRL;Grünland;FLNGK1;Größenklassen der veräußerten Fläche;FLCHA050UM;5 und mehr ha;x;100;MZL002;Durchschn.Ertragsmesszahl je ha veräußerter Fläche
61521;Kaufwerte für landwirtschaftliche Grundstücke;JAHR;Jahr;2022;DINSG;Deutschland insgesamt;DG;Deutschland;BODAT1;Bodenarten;BOD-GRL;Grünland;FLNGK1;Größenklassen der veräußerten Fläche;FLCHA050UM;5 und mehr ha;79069;Tsd. EUR;KAU003;Kaufsumme
61521;Kaufwerte für landwirtschaftliche Grundstücke;JAHR;Jahr;2022;DINSG;Deutschland insgesamt;DG;Deutschland;BODAT1;Bodenarten;BOD-GRL;Grünland;FLNGK1;Größenklassen der veräußerten Fläche;FLCHA050UM;5 und mehr ha;11,14;ha;FLC008;Durchschnittliche Fläche je Veräußerungsfall
61521;Kaufwerte für landwirtschaftliche Grundstücke;JAHR;Jahr;2022;DINSG;Deutschland insgesamt;DG;Deutschland;BODAT1;Bodenarten;BOD-GRL;Grünland;FLNGK1;Größenklassen der veräußerten Fläche;FLCHA050UM;5 und mehr ha;304;Anzahl;VKF002;Veräußerungsfälle
61521;Kaufwerte für landwirtschaftliche Grundstücke;JAHR;Jahr;2022;DINSG;Deutschland insgesamt;DG;Deutschland;BODAT1;Bodenarten;BOD-GRL;Grünland;FLNGK1;Größenklassen der veräußerten Fläche;FLCHA050UM;5 und mehr ha;23355;EUR/ha;KAU004;Durchschnittlicher Kaufwert
61521;Kaufwerte für landwirtschaftliche Grundstücke;JAHR;Jahr;2022;DINSG;Deutschland insgesamt;DG;Deutschland;BODAT1;Bodenarten;BOD-GRL;Grünland;FLNGK1;Größenklassen der veräußerten Fläche;FLCHA050UM;5 und mehr ha;3385;ha;FLC023;Veräußerte Fläche
61521;Kaufwerte für landwirtschaftliche Grundstücke;JAHR;Jahr;2024;DINSG;Deutschland insgesamt;DG;Deutschland;BODAT1;Bodenarten;;Insgesamt;FLNGK1;Größenklassen der veräußerten Fläche;FLCHA010B020;1 bis unter 2 ha;x;100;MZL002;Durchschn.Ertragsmesszahl je ha veräußerter Fläche
61521;Kaufwerte für landwirtschaftliche Grundstücke;JAHR;Jahr;2024;DINSG;Deutschland insgesamt;DG;Deutschland;BODAT1;Bodenarten;;Insgesamt;FLNGK1;Größenklassen der veräußerten Fläche;FLCHA010B020;1 bis unter 2 ha;319105;Tsd. EUR;KAU003;Kaufsumme
61521;Kaufwerte für landwirtschaftliche Grundstücke;JAHR;Jahr;2024;DINSG;Deutschland insgesamt;DG;Deutschland;BODAT1;Bodenarten;;Insgesamt;FLNGK1;Größenklassen der veräußerten Fläche;FLCHA010B020;1 bis unter 2 ha;1,42;ha;FLC008;Durchschnittliche Fläche je Veräußerungsfall
61521;Kaufwerte für landwirtschaftliche Grundstücke;JAHR;Jahr;2024;DINSG;Deutschland insgesamt;DG;Deutschland;BODAT1;Bodenarten;;Insgesamt;FLNGK1;Größenklassen der veräußerten Fläche;FLCHA010B020;1 bis unter 2 ha;5720;Anzahl;VKF002;Veräußerungsfälle
61521;Kaufwerte für landwirtschaftliche Grundstücke;JAHR;Jahr;2024;DINSG;Deutschland insgesamt;DG;Deutschland;BODAT1;Bodenarten;;Insgesamt;FLNGK1;Größenklassen der veräußerten Fläche;FLCHA010B020;1 bis unter 2 ha;39197;EUR/ha;KAU004;Durchschnittlicher Kaufwert
61521;Kaufwerte für landwirtschaftliche Grundstücke;JAHR;Jahr;2024;DINSG;Deutschland insgesamt;DG;Deutschland;BODAT1;Bodenarten;;Insgesamt;FLNGK1;Größenklassen der veräußerten Fläche;FLCHA010B020;1 bis unter 2 ha;8141;ha;FLC023;Veräußerte Fläche
61521;Kaufwerte für landwirtschaftliche Grundstücke;JAHR;Jahr;2023;DINSG;Deutschland insgesamt;DG;Deutschland;BODAT1;Bodenarten;BOD-ACK;Ackerland;FLNGK1;Größenklassen der veräußerten Fläche;;Insgesamt;x;100;MZL002;Durchschn.Ertragsmesszahl je ha veräußerter Fläche
61521;Kaufwerte für landwirtschaftliche Grundstücke;JAHR;Jahr;2023;DINSG;Deutschland insgesamt;DG;Deutschland;BODAT1;Bodenarten;BOD-ACK;Ackerland;FLNGK1;Größenklassen der veräußerten Fläche;;Insgesamt;1486526;Tsd. EUR;KAU003;Kaufsumme
61521;Kaufwerte für landwirtschaftliche Grundstücke;JAHR;Jahr;2023;DINSG;Deutschland insgesamt;DG;Deutschland;BODAT1;Bodenarten;BOD-ACK;Ackerland;FLNGK1;Größenklassen der veräußerten Fläche;;Insgesamt;1,93;ha;FLC008;Durchschnittliche Fläche je Veräußerungsfall
61521;Kaufwerte für landwirtschaftliche Grundstücke;JAHR;Jahr;2023;DINSG;Deutschland insgesamt;DG;Deutschland;BODAT1;Bodenarten;BOD-ACK;Ackerland;FLNGK1;Größenklassen der veräußerten Fläche;;Insgesamt;19096;Anzahl;VKF002;Veräußerungsfälle
61521;Kaufwerte für landwirtschaftliche Grundstücke;JAHR;Jahr;2023;DINSG;Deutschland insgesamt;DG;Deutschland;BODAT1;Bodenarten;BOD-ACK;Ackerland;FLNGK1;Größenklassen der veräußerten Fläche;;Insgesamt;40433;EUR/ha;KAU004;Durchschnittlicher Kaufwert
61521;Kaufwerte für landwirtschaftliche Grundstücke;JAHR;Jahr;2023;DINSG;Deutschland insgesamt;DG;Deutschland;BODAT1;Bodenarten;BOD-ACK;Ackerland;FLNGK1;Größenklassen der veräußerten Fläche;;Insgesamt;36765;ha;FLC023;Veräußerte Fläche
61521;Kaufwerte für landwirtschaftliche Grundstücke;JAHR;Jahr;2022;DINSG;Deutschland insgesamt;DG;Deutschland;BODAT1;Bodenarten;BOD-SONST-LF;Sonstige landwirtschaftliche Fläche;FLNGK1;Größenklassen der veräußerten Fläche;FLCHA020B050;2 bis unter 5 ha;x;100;MZL002;Durchschn.Ertragsmesszahl je ha veräußerter Fläche
61521;Kaufwerte für landwirtschaftliche Grundstücke;JAHR;Jahr;2022;DINSG;Deutschland insgesamt;DG;Deutschland;BODAT1;Bodenarten;BOD-SONST-LF;Sonstige landwirtschaftliche Fläche;FLNGK1;Größenklassen der veräußerten Fläche;FLCHA020B050;2 bis unter 5 ha;24704;Tsd. EUR;KAU003;Kaufsumme
61521;Kaufwerte für landwirtschaftliche Grundstücke;JAHR;Jahr;2022;DINSG;Deutschland insgesamt;DG;Deutschland;BODAT1;Bodenarten;BOD-SONST-LF;Sonstige landwirtschaftliche Fläche;FLNGK1;Größenklassen der veräußerten Fläche;FLCHA020B050;2 bis unter 5 ha;3,02;ha;FLC008;Durchschnittliche Fläche je Veräußerungsfall
61521;Kaufwerte für landwirtschaftliche Grundstücke;JAHR;Jahr;2022;DINSG;Deutschland insgesamt;DG;Deutschland;BODAT1;Bodenarten;BOD-SONST-LF;Sonstige landwirtschaftliche Fläche;FLNGK1;Größenklassen der veräußerten Fläche;FLCHA020B050;2 bis unter 5 ha;147;Anzahl;VKF002;Veräußerungsfälle
61521;Kaufwerte für landwirtschaftliche Grundstücke;JAHR;Jahr;2022;DINSG;Deutschland insgesamt;DG;Deutschland;BODAT1;Bodenarten;BOD-SONST-LF;Sonstige landwirtschaftliche Fläche;FLNGK1;Größenklassen der veräußerten Fläche;FLCHA020B050;2 bis unter 5 ha;55623;EUR/ha;KAU004;Durchschnittlicher Kaufwert
61521;Kaufwerte für landwirtschaftliche Grundstücke;JAHR;Jahr;2022;DINSG;Deutschland insgesamt;DG;Deutschland;BODAT1;Bodenarten;BOD-SONST-LF;Sonstige landwirtschaftliche Fläche;FLNGK1;Größenklassen der veräußerten Fläche;FLCHA020B050;2 bis unter 5 ha;444;ha;FLC023;Veräußerte Fläche
61521;Kaufwerte für landwirtschaftliche Grundstücke;JAHR;Jahr;2023;DINSG;Deutschland insgesamt;DG;Deutschland;BODAT1;Bodenarten;BOD-ACK;Ackerland;FLNGK1;Größenklassen der veräußerten Fläche;FLCHA050UM;5 und mehr ha;x;100;MZL002;Durchschn.Ertragsmesszahl je ha veräußerter Fläche
61521;Kaufwerte für landwirtschaftliche Grundstücke;JAHR;Jahr;2023;DINSG;Deutschland insgesamt;DG;Deutschland;BODAT1;Bodenarten;BOD-ACK;Ackerland;FLNGK1;Größenklassen der veräußerten Fläche;FLCHA050UM;5 und mehr ha;698752;Tsd. EUR;KAU003;Kaufsumme
61521;Kaufwerte für landwirtschaftliche Grundstücke;JAHR;Jahr;2023;DINSG;Deutschland insgesamt;DG;Deutschland;BODAT1;Bodenarten;BOD-ACK;Ackerland;FLNGK1;Größenklassen der veräußerten Fläche;FLCHA050UM;5 und mehr ha;10,95;ha;FLC008;Durchschnittliche Fläche je Veräußerungsfall
61521;Kaufwerte für landwirtschaftliche Grundstücke;JAHR;Jahr;2023;DINSG;Deutschland insgesamt;DG;Deutschland;BODAT1;Bodenarten;BOD-ACK;Ackerland;FLNGK1;Größenklassen der veräußerten Fläche;FLCHA050UM;5 und mehr ha;1665;Anzahl;VKF002;Veräußerungsfälle
61521;Kaufwerte für landwirtschaftliche Grundstücke;JAHR;Jahr;2023;DINSG;Deutschland insgesamt;DG;Deutschland;BODAT1;Bodenarten;BOD-ACK;Ackerland;FLNGK1;Größenklassen der veräußerten Fläche;FLCHA050UM;5 und mehr ha;38328;EUR/ha;KAU004;Durchschnittlicher Kaufwert
61521;Kaufwerte für landwirtschaftliche Grundstücke;JAHR;Jahr;2023;DINSG;Deutschland insgesamt;DG;Deutschland;BODAT1;Bodenarten;BOD-ACK;Ackerland;FLNGK1;Größenklassen der veräußerten Fläche;FLCHA050UM;5 und mehr ha;18231;ha;FLC023;Veräußerte Fläche
61521;Kaufwerte für landwirtschaftliche Grundstücke;JAHR;Jahr;2023;DINSG;Deutschland insgesamt;DG;Deutschland;BODAT1;Bodenarten;BOD-LF;Landwirtschaftliche Fläche;FLNGK1;Größenklassen der veräußerten Fläche;FLCHA025B001;0,25 bis unter 1 ha;x;100;MZL002;Durchschn.Ertragsmesszahl je ha veräußerter Fläche
61521;Kaufwerte für landwirtschaftliche Grundstücke;JAHR;Jahr;2023;DINSG;Deutschland insgesamt;DG;Deutschland;BODAT1;Bodenarten;BOD-LF;Landwirtschaftliche Fläche;FLNGK1;Größenklassen der veräußerten Fläche;FLCHA025B001;0,25 bis unter 1 ha;218254;Tsd. EUR;KAU003;Kaufsumme
61521;Kaufwerte für landwirtschaftliche Grundstücke;JAHR;Jahr;2023;DINSG;Deutschland insgesamt;DG;Deutschland;BODAT1;Bodenarten;BOD-LF;Landwirtschaftliche Fläche;FLNGK1;Größenklassen der veräußerten Fläche;FLCHA025B001;0,25 bis unter 1 ha;0,54;ha;FLC008;Durchschnittliche Fläche je Veräußerungsfall
61521;Kaufwerte für landwirtschaftliche Grundstücke;JAHR;Jahr;2023;DINSG;Deutschland insgesamt;DG;Deutschland;BODAT1;Bodenarten;BOD-LF;Landwirtschaftliche Fläche;FLNGK1;Größenklassen der veräußerten Fläche;FLCHA025B001;0,25 bis unter 1 ha;13339;Anzahl;VKF002;Veräußerungsfälle
61521;Kaufwerte für landwirtschaftliche Grundstücke;JAHR;Jahr;2023;DINSG;Deutschland insgesamt;DG;Deutschland;BODAT1;Bodenarten;BOD-LF;Landwirtschaftliche Fläche;FLNGK1;Größenklassen der veräußerten Fläche;FLCHA025B001;0,25 bis unter 1 ha;30578;EUR/ha;KAU004;Durchschnittlicher Kaufwert
61521;Kaufwerte für landwirtschaftliche Grundstücke;JAHR;Jahr;2023;DINSG;Deutschland insgesamt;DG;Deutschland;BODAT1;Bodenarten;BOD-LF;Landwirtschaftliche Fläche;FLNGK1;Größenklassen der veräußerten Fläche;FLCHA025B001;0,25 bis unter 1 ha;7138;ha;FLC023;Veräußerte Fläche
61521;Kaufwerte für landwirtschaftliche Grundstücke;JAHR;Jahr;2023;DINSG;Deutschland insgesamt;DG;Deutschland;BODAT1;Bodenarten;BOD-GRL;Grünland;FLNGK1;Größenklassen der veräußerten Fläche;FLCHA020B050;2 bis unter 5 ha;x;100;MZL002;Durchschn.Ertragsmesszahl je ha veräußerter Fläche
61521;Kaufwerte für landwirtschaftliche Grundstücke;JAHR;Jahr;2023;DINSG;Deutschland insgesamt;DG;Deutschland;BODAT1;Bodenarten;BOD-GRL;Grünland;FLNGK1;Größenklassen der veräußerten Fläche;FLCHA020B050;2 bis unter 5 ha;78166;Tsd. EUR;KAU003;Kaufsumme
61521;Kaufwerte für landwirtschaftliche Grundstücke;JAHR;Jahr;2023;DINSG;Deutschland insgesamt;DG;Deutschland;BODAT1;Bodenarten;BOD-GRL;Grünland;FLNGK1;Größenklassen der veräußerten Fläche;FLCHA020B050;2 bis unter 5 ha;3,01;ha;FLC008;Durchschnittliche Fläche je Veräußerungsfall
61521;Kaufwerte für landwirtschaftliche Grundstücke;JAHR;Jahr;2023;DINSG;Deutschland insgesamt;DG;Deutschland;BODAT1;Bodenarten;BOD-GRL;Grünland;FLNGK1;Größenklassen der veräußerten Fläche;FLCHA020B050;2 bis unter 5 ha;960;Anzahl;VKF002;Veräußerungsfälle
61521;Kaufwerte für landwirtschaftliche Grundstücke;JAHR;Jahr;2023;DINSG;Deutschland insgesamt;DG;Deutschland;BODAT1;Bodenarten;BOD-GRL;Grünland;FLNGK1;Größenklassen der veräußerten Fläche;FLCHA020B050;2 bis unter 5 ha;27009;EUR/ha;KAU004;Durchschnittlicher Kaufwert
61521;Kaufwerte für landwirtschaftliche Grundstücke;JAHR;Jahr;2023;DINSG;Deutschland insgesamt;DG;Deutschland;BODAT1;Bodenarten;BOD-GRL;Grünland;FLNGK1;Größenklassen der veräußerten Fläche;FLCHA020B050;2 bis unter 5 ha;2894;ha;FLC023;Veräußerte Fläche
61521;Kaufwerte für landwirtschaftliche Grundstücke;JAHR;Jahr;2024;DINSG;Deutschland insgesamt;DG;Deutschland;BODAT1;Bodenarten;BOD-ACK;Ackerland;FLNGK1;Größenklassen der veräußerten Fläche;FLCHA010B020;1 bis unter 2 ha;x;100;MZL002;Durchschn.Ertragsmesszahl je ha veräußerter Fläche
61521;Kaufwerte für landwirtschaftliche Grundstücke;JAHR;Jahr;2024;DINSG;Deutschland insgesamt;DG;Deutschland;BODAT1;Bodenarten;BOD-ACK;Ackerland;FLNGK1;Größenklassen der veräußerten Fläche;FLCHA010B020;1 bis unter 2 ha;231061;Tsd. EUR;KAU003;Kaufsumme
61521;Kaufwerte für landwirtschaftliche Grundstücke;JAHR;Jahr;2024;DINSG;Deutschland insgesamt;DG;Deutschland;BODAT1;Bodenarten;BOD-ACK;Ackerland;FLNGK1;Größenklassen der veräußerten Fläche;FLCHA010B020;1 bis unter 2 ha;1,42;ha;FLC008;Durchschnittliche Fläche je Veräußerungsfall
61521;Kaufwerte für landwirtschaftliche Grundstücke;JAHR;Jahr;2024;DINSG;Deutschland insgesamt;DG;Deutschland;BODAT1;Bodenarten;BOD-ACK;Ackerland;FLNGK1;Größenklassen der veräußerten Fläche;FLCHA010B020;1 bis unter 2 ha;3299;Anzahl;VKF002;Veräußerungsfälle
61521;Kaufwerte für landwirtschaftliche Grundstücke;JAHR;Jahr;2024;DINSG;Deutschland insgesamt;DG;Deutschland;BODAT1;Bodenarten;BOD-ACK;Ackerland;FLNGK1;Größenklassen der veräußerten Fläche;FLCHA010B020;1 bis unter 2 ha;49217;EUR/ha;KAU004;Durchschnittlicher Kaufwert
61521;Kaufwerte für landwirtschaftliche Grundstücke;JAHR;Jahr;2024;DINSG;Deutschland insgesamt;DG;Deutschland;BODAT1;Bodenarten;BOD-ACK;Ackerland;FLNGK1;Größenklassen der veräußerten Fläche;FLCHA010B020;1 bis unter 2 ha;4695;ha;FLC023;Veräußerte Fläche
61521;Kaufwerte für landwirtschaftliche Grundstücke;JAHR;Jahr;2021;DINSG;Deutschland insgesamt;DG;Deutschland;BODAT1;Bodenarten;;Insgesamt;FLNGK1;Größenklassen der veräußerten Fläche;;Insgesamt;x;100;MZL002;Durchschn.Ertragsmesszahl je ha veräußerter Fläche
61521;Kaufwerte für landwirtschaftliche Grundstücke;JAHR;Jahr;2021;DINSG;Deutschland insgesamt;DG;Deutschland;BODAT1;Bodenarten;;Insgesamt;FLNGK1;Größenklassen der veräußerten Fläche;;Insgesamt;1960622;Tsd. EUR;KAU003;Kaufsumme
61521;Kaufwerte für landwirtschaftliche Grundstücke;JAHR;Jahr;2021;DINSG;Deutschland insgesamt;DG;Deutschland;BODAT1;Bodenarten;;Insgesamt;FLNGK1;Größenklassen der veräußerten Fläche;;Insgesamt;1,93;ha;FLC008;Durchschnittliche Fläche je Veräußerungsfall
61521;Kaufwerte für landwirtschaftliche Grundstücke;JAHR;Jahr;2021;DINSG;Deutschland insgesamt;DG;Deutschland;BODAT1;Bodenarten;;Insgesamt;FLNGK1;Größenklassen der veräußerten Fläche;;Insgesamt;34456;Anzahl;VKF002;Veräußerungsfälle
61521;Kaufwerte für landwirtschaftliche Grundstücke;JAHR;Jahr;2021;DINSG;Deutschland insgesamt;DG;Deutschland;BODAT1;Bodenarten;;Insgesamt;FLNGK1;Größenklassen der veräußerten Fläche;;Insgesamt;29545;EUR/ha;KAU004;Durchschnittlicher Kaufwert
61521;Kaufwerte für landwirtschaftliche Grundstücke;JAHR;Jahr;2021;DINSG;Deutschland insgesamt;DG;Deutschland;BODAT1;Bodenarten;;Insgesamt;FLNGK1;Größenklassen der veräußerten Fläche;;Insgesamt;66361;ha;FLC023;Veräußerte Fläche
61521;Kaufwerte für landwirtschaftliche Grundstücke;JAHR;Jahr;2021;DINSG;Deutschland insgesamt;DG;Deutschland;BODAT1;Bodenarten;BOD-ACK;Ackerland;FLNGK1;Größenklassen der veräußerten Fläche;FLCHA050UM;5 und mehr ha;-;100;MZL002;Durchschn.Ertragsmesszahl je ha veräußerter Fläche
61521;Kaufwerte für landwirtschaftliche Grundstücke;JAHR;Jahr;2021;DINSG;Deutschland insgesamt;DG;Deutschland;BODAT1;Bodenarten;BOD-ACK;Ackerland;FLNGK1;Größenklassen der veräußerten Fläche;FLCHA050UM;5 und mehr ha;-;Tsd. EUR;KAU003;Kaufsumme
61521;Kaufwerte für landwirtschaftliche Grundstücke;JAHR;Jahr;2021;DINSG;Deutschland insgesamt;DG;Deutschland;BODAT1;Bodenarten;BOD-ACK;Ackerland;FLNGK1;Größenklassen der veräußerten Fläche;FLCHA050UM;5 und mehr ha;-;ha;FLC008;Durchschnittliche Fläche je Veräußerungsfall
61521;Kaufwerte für landwirtschaftliche Grundstücke;JAHR;Jahr;2021;DINSG;Deutschland insgesamt;DG;Deutschland;BODAT1;Bodenarten;BOD-ACK;Ackerland;FLNGK1;Größenklassen der veräußerten Fläche;FLCHA050UM;5 und mehr ha;-;Anzahl;VKF002;Veräußerungsfälle
61521;Kaufwerte für landwirtschaftliche Grundstücke;JAHR;Jahr;2021;DINSG;Deutschland insgesamt;DG;Deutschland;BODAT1;Bodenarten;BOD-ACK;Ackerland;FLNGK1;Größenklassen der veräußerten Fläche;FLCHA050UM;5 und mehr ha;-;EUR/ha;KAU004;Durchschnittlicher Kaufwert
61521;Kaufwerte für landwirtschaftliche Grundstücke;JAHR;Jahr;2021;DINSG;Deutschland insgesamt;DG;Deutschland;BODAT1;Bodenarten;BOD-ACK;Ackerland;FLNGK1;Größenklassen der veräußerten Fläche;FLCHA050UM;5 und mehr ha;-;ha;FLC023;Veräußerte Fläche
61521;Kaufwerte für landwirtschaftliche Grundstücke;JAHR;Jahr;2024;DINSG;Deutschland insgesamt;DG;Deutschland;BODAT1;Bodenarten;BOD-GRL;Grünland;FLNGK1;Größenklassen der veräußerten Fläche;FLCHA050UM;5 und mehr ha;x;100;MZL002;Durchschn.Ertragsmesszahl je ha veräußerter Fläche
61521;Kaufwerte für landwirtschaftliche Grundstücke;JAHR;Jahr;2024;DINSG;Deutschland insgesamt;DG;Deutschland;BODAT1;Bodenarten;BOD-GRL;Grünland;FLNGK1;Größenklassen der veräußerten Fläche;FLCHA050UM;5 und mehr ha;64750;Tsd. EUR;KAU003;Kaufsumme
61521;Kaufwerte für landwirtschaftliche Grundstücke;JAHR;Jahr;2024;DINSG;Deutschland insgesamt;DG;Deutschland;BODAT1;Bodenarten;BOD-GRL;Grünland;FLNGK1;Größenklassen der veräußerten Fläche;FLCHA050UM;5 und mehr ha;9,83;ha;FLC008;Durchschnittliche Fläche je Veräußerungsfall
61521;Kaufwerte für landwirtschaftliche Grundstücke;JAHR;Jahr;2024;DINSG;Deutschland insgesamt;DG;Deutschland;BODAT1;Bodenarten;BOD-GRL;Grünland;FLNGK1;Größenklassen der veräußerten Fläche;FLCHA050UM;5 und mehr ha;295;Anzahl;VKF002;Veräußerungsfälle
61521;Kaufwerte für landwirtschaftliche Grundstücke;JAHR;Jahr;2024;DINSG;Deutschland insgesamt;DG;Deutschland;BODAT1;Bodenarten;BOD-GRL;Grünland;FLNGK1;Größenklassen der veräußerten Fläche;FLCHA050UM;5 und mehr ha;22319;EUR/ha;KAU004;Durchschnittlicher Kaufwert
61521;Kaufwerte für landwirtschaftliche Grundstücke;JAHR;Jahr;2024;DINSG;Deutschland insgesamt;DG;Deutschland;BODAT1;Bodenarten;BOD-GRL;Grünland;FLNGK1;Größenklassen der veräußerten Fläche;FLCHA050UM;5 und mehr ha;2901;ha;FLC023;Veräußerte Fläche
61521;Kaufwerte für landwirtschaftliche Grundstücke;JAHR;Jahr;2023;DINSG;Deutschland insgesamt;DG;Deutschland;BODAT1;Bodenarten;BOD-LF;Landwirtschaftliche Fläche;FLNGK1;Größenklassen der veräußerten Fläche;FLCHA010B020;1 bis unter 2 ha;x;100;MZL002;Durchschn.Ertragsmesszahl je ha veräußerter Fläche
61521;Kaufwerte für landwirtschaftliche Grundstücke;JAHR;Jahr;2023;DINSG;Deutschland insgesamt;DG;Deutschland;BODAT1;Bodenarten;BOD-LF;Landwirtschaftliche Fläche;FLNGK1;Größenklassen der veräußerten Fläche;FLCHA010B020;1 bis unter 2 ha;286531;Tsd. EUR;KAU003;Kaufsumme
61521;Kaufwerte für landwirtschaftliche Grundstücke;JAHR;Jahr;2023;DINSG;Deutschland insgesamt;DG;Deutschland;BODAT1;Bodenarten;BOD-LF;Landwirtschaftliche Fläche;FLNGK1;Größenklassen der veräußerten Fläche;FLCHA010B020;1 bis unter 2 ha;1,41;ha;FLC008;Durchschnittliche Fläche je Veräußerungsfall
61521;Kaufwerte für landwirtschaftliche Grundstücke;JAHR;Jahr;2023;DINSG;Deutschland insgesamt;DG;Deutschland;BODAT1;Bodenarten;BOD-LF;Landwirtschaftliche Fläche;FLNGK1;Größenklassen der veräußerten Fläche;FLCHA010B020;1 bis unter 2 ha;5546;Anzahl;VKF002;Veräußerungsfälle
61521;Kaufwerte für landwirtschaftliche Grundstücke;JAHR;Jahr;2023;DINSG;Deutschland insgesamt;DG;Deutschland;BODAT1;Bodenarten;BOD-LF;Landwirtschaftliche Fläche;FLNGK1;Größenklassen der veräußerten Fläche;FLCHA010B020;1 bis unter 2 ha;36542;EUR/ha;KAU004;Durchschnittlicher Kaufwert
61521;Kaufwerte für landwirtschaftliche Grundstücke;JAHR;Jahr;2023;DINSG;Deutschland insgesamt;DG;Deutschland;BODAT1;Bodenarten;BOD-LF;Landwirtschaftliche Fläche;FLNGK1;Größenklassen der veräußerten Fläche;FLCHA010B020;1 bis unter 2 ha;7841;ha;FLC023;Veräußerte Fläche
61521;Kaufwerte für landwirtschaftliche Grundstücke;JAHR;Jahr;2025;DINSG;Deutschland insgesamt;DG;Deutschland;BODAT1;Bodenarten;;Insgesamt;FLNGK1;Größenklassen der veräußerten Fläche;FLCHA020B050;2 bis unter 5 ha;x;100;MZL002;Durchschn.Ertragsmesszahl je ha veräußerter Fläche
61521;Kaufwerte für landwirtschaftliche Grundstücke;JAHR;Jahr;2025;DINSG;Deutschland insgesamt;DG;Deutschland;BODAT1;Bodenarten;;Insgesamt;FLNGK1;Größenklassen der veräußerten Fläche;FLCHA020B050;2 bis unter 5 ha;732636;Tsd. EUR;KAU003;Kaufsumme
61521;Kaufwerte für landwirtschaftliche Grundstücke;JAHR;Jahr;2025;DINSG;Deutschland insgesamt;DG;Deutschland;BODAT1;Bodenarten;;Insgesamt;FLNGK1;Größenklassen der veräußerten Fläche;FLCHA020B050;2 bis unter 5 ha;3,11;ha;FLC008;Durchschnittliche Fläche je Veräußerungsfall
61521;Kaufwerte für landwirtschaftliche Grundstücke;JAHR;Jahr;2025;DINSG;Deutschland insgesamt;DG;Deutschland;BODAT1;Bodenarten;;Insgesamt;FLNGK1;Größenklassen der veräußerten Fläche;FLCHA020B050;2 bis unter 5 ha;5554;Anzahl;VKF002;Veräußerungsfälle
61521;Kaufwerte für landwirtschaftliche Grundstücke;JAHR;Jahr;2025;DINSG;Deutschland insgesamt;DG;Deutschland;BODAT1;Bodenarten;;Insgesamt;FLNGK1;Größenklassen der veräußerten Fläche;FLCHA020B050;2 bis unter 5 ha;42377;EUR/ha;KAU004;Durchschnittlicher Kaufwert
61521;Kaufwerte für landwirtschaftliche Grundstücke;JAHR;Jahr;2025;DINSG;Deutschland insgesamt;DG;Deutschland;BODAT1;Bodenarten;;Insgesamt;FLNGK1;Größenklassen der veräußerten Fläche;FLCHA020B050;2 bis unter 5 ha;17289;ha;FLC023;Veräußerte Fläche
61521;Kaufwerte für landwirtschaftliche Grundstücke;JAHR;Jahr;2023;DINSG;Deutschland insgesamt;DG;Deutschland;BODAT1;Bodenarten;;Insgesamt;FLNGK1;Größenklassen der veräußerten Fläche;FLCHA050UM;5 und mehr ha;x;100;MZL002;Durchschn.Ertragsmesszahl je ha veräußerter Fläche
61521;Kaufwerte für landwirtschaftliche Grundstücke;JAHR;Jahr;2023;DINSG;Deutschland insgesamt;DG;Deutschland;BODAT1;Bodenarten;;Insgesamt;FLNGK1;Größenklassen der veräußerten Fläche;FLCHA050UM;5 und mehr ha;965624;Tsd. EUR;KAU003;Kaufsumme
61521;Kaufwerte für landwirtschaftliche Grundstücke;JAHR;Jahr;2023;DINSG;Deutschland insgesamt;DG;Deutschland;BODAT1;Bodenarten;;Insgesamt;FLNGK1;Größenklassen der veräußerten Fläche;FLCHA050UM;5 und mehr ha;11,15;ha;FLC008;Durchschnittliche Fläche je Veräußerungsfall
61521;Kaufwerte für landwirtschaftliche Grundstücke;JAHR;Jahr;2023;DINSG;Deutschland insgesamt;DG;Deutschland;BODAT1;Bodenarten;;Insgesamt;FLNGK1;Größenklassen der veräußerten Fläche;FLCHA050UM;5 und mehr ha;2730;Anzahl;VKF002;Veräußerungsfälle
61521;Kaufwerte für landwirtschaftliche Grundstücke;JAHR;Jahr;2023;DINSG;Deutschland insgesamt;DG;Deutschland;BODAT1;Bodenarten;;Insgesamt;FLNGK1;Größenklassen der veräußerten Fläche;FLCHA050UM;5 und mehr ha;31725;EUR/ha;KAU004;Durchschnittlicher Kaufwert
61521;Kaufwerte für landwirtschaftliche Grundstücke;JAHR;Jahr;2023;DINSG;Deutschland insgesamt;DG;Deutschland;BODAT1;Bodenarten;;Insgesamt;FLNGK1;Größenklassen der veräußerten Fläche;FLCHA050UM;5 und mehr ha;30437;ha;FLC023;Veräußerte Fläche
61521;Kaufwerte für landwirtschaftliche Grundstücke;JAHR;Jahr;2024;DINSG;Deutschland insgesamt;DG;Deutschland;BODAT1;Bodenarten;BOD-ACK;Ackerland;FLNGK1;Größenklassen der veräußerten Fläche;FLCHA025B001;0,25 bis unter 1 ha;x;100;MZL002;Durchschn.Ertragsmesszahl je ha veräußerter Fläche
61521;Kaufwerte für landwirtschaftliche Grundstücke;JAHR;Jahr;2024;DINSG;Deutschland insgesamt;DG;Deutschland;BODAT1;Bodenarten;BOD-ACK;Ackerland;FLNGK1;Größenklassen der veräußerten Fläche;FLCHA025B001;0,25 bis unter 1 ha;147115;Tsd. EUR;KAU003;Kaufsumme
61521;Kaufwerte für landwirtschaftliche Grundstücke;JAHR;Jahr;2024;DINSG;Deutschland insgesamt;DG;Deutschland;BODAT1;Bodenarten;BOD-ACK;Ackerland;FLNGK1;Größenklassen der veräußerten Fläche;FLCHA025B001;0,25 bis unter 1 ha;0,54;ha;FLC008;Durchschnittliche Fläche je Veräußerungsfall
61521;Kaufwerte für landwirtschaftliche Grundstücke;JAHR;Jahr;2024;DINSG;Deutschland insgesamt;DG;Deutschland;BODAT1;Bodenarten;BOD-ACK;Ackerland;FLNGK1;Größenklassen der veräußerten Fläche;FLCHA025B001;0,25 bis unter 1 ha;7027;Anzahl;VKF002;Veräußerungsfälle
61521;Kaufwerte für landwirtschaftliche Grundstücke;JAHR;Jahr;2024;DINSG;Deutschland insgesamt;DG;Deutschland;BODAT1;Bodenarten;BOD-ACK;Ackerland;FLNGK1;Größenklassen der veräußerten Fläche;FLCHA025B001;0,25 bis unter 1 ha;38660;EUR/ha;KAU004;Durchschnittlicher Kaufwert
61521;Kaufwerte für landwirtschaftliche Grundstücke;JAHR;Jahr;2024;DINSG;Deutschland insgesamt;DG;Deutschland;BODAT1;Bodenarten;BOD-ACK;Ackerland;FLNGK1;Größenklassen der veräußerten Fläche;FLCHA025B001;0,25 bis unter 1 ha;3805;ha;FLC023;Veräußerte Fläche
61521;Kaufwerte für landwirtschaftliche Grundstücke;JAHR;Jahr;2021;DINSG;Deutschland insgesamt;DG;Deutschland;BODAT1;Bodenarten;BOD-ACK;Ackerland;FLNGK1;Größenklassen der veräußerten Fläche;FLCHA001B025;0,1 bis unter 0,25 ha;-;100;MZL002;Durchschn.Ertragsmesszahl je ha veräußerter Fläche
61521;Kaufwerte für landwirtschaftliche Grundstücke;JAHR;Jahr;2021;DINSG;Deutschland insgesamt;DG;Deutschland;BODAT1;Bodenarten;BOD-ACK;Ackerland;FLNGK1;Größenklassen der veräußerten Fläche;FLCHA001B025;0,1 bis unter 0,25 ha;-;Tsd. EUR;KAU003;Kaufsumme
61521;Kaufwerte für landwirtschaftliche Grundstücke;JAHR;Jahr;2021;DINSG;Deutschland insgesamt;DG;Deutschland;BODAT1;Bodenarten;BOD-ACK;Ackerland;FLNGK1;Größenklassen der veräußerten Fläche;FLCHA001B025;0,1 bis unter 0,25 ha;-;ha;FLC008;Durchschnittliche Fläche je Veräußerungsfall
61521;Kaufwerte für landwirtschaftliche Grundstücke;JAHR;Jahr;2021;DINSG;Deutschland insgesamt;DG;Deutschland;BODAT1;Bodenarten;BOD-ACK;Ackerland;FLNGK1;Größenklassen der veräußerten Fläche;FLCHA001B025;0,1 bis unter 0,25 ha;-;Anzahl;VKF002;Veräußerungsfälle
61521;Kaufwerte für landwirtschaftliche Grundstücke;JAHR;Jahr;2021;DINSG;Deutschland insgesamt;DG;Deutschland;BODAT1;Bodenarten;BOD-ACK;Ackerland;FLNGK1;Größenklassen der veräußerten Fläche;FLCHA001B025;0,1 bis unter 0,25 ha;-;EUR/ha;KAU004;Durchschnittlicher Kaufwert
61521;Kaufwerte für landwirtschaftliche Grundstücke;JAHR;Jahr;2021;DINSG;Deutschland insgesamt;DG;Deutschland;BODAT1;Bodenarten;BOD-ACK;Ackerland;FLNGK1;Größenklassen der veräußerten Fläche;FLCHA001B025;0,1 bis unter 0,25 ha;-;ha;FLC023;Veräußerte Fläche
61521;Kaufwerte für landwirtschaftliche Grundstücke;JAHR;Jahr;2025;DINSG;Deutschland insgesamt;DG;Deutschland;BODAT1;Bodenarten;BOD-GRL;Grünland;FLNGK1;Größenklassen der veräußerten Fläche;FLCHA020B050;2 bis unter 5 ha;x;100;MZL002;Durchschn.Ertragsmesszahl je ha veräußerter Fläche
61521;Kaufwerte für landwirtschaftliche Grundstücke;JAHR;Jahr;2025;DINSG;Deutschland insgesamt;DG;Deutschland;BODAT1;Bodenarten;BOD-GRL;Grünland;FLNGK1;Größenklassen der veräußerten Fläche;FLCHA020B050;2 bis unter 5 ha;103605;Tsd. EUR;KAU003;Kaufsumme
61521;Kaufwerte für landwirtschaftliche Grundstücke;JAHR;Jahr;2025;DINSG;Deutschland insgesamt;DG;Deutschland;BODAT1;Bodenarten;BOD-GRL;Grünland;FLNGK1;Größenklassen der veräußerten Fläche;FLCHA020B050;2 bis unter 5 ha;3,04;ha;FLC008;Durchschnittliche Fläche je Veräußerungsfall
61521;Kaufwerte für landwirtschaftliche Grundstücke;JAHR;Jahr;2025;DINSG;Deutschland insgesamt;DG;Deutschland;BODAT1;Bodenarten;BOD-GRL;Grünland;FLNGK1;Größenklassen der veräußerten Fläche;FLCHA020B050;2 bis unter 5 ha;1056;Anzahl;VKF002;Veräußerungsfälle
61521;Kaufwerte für landwirtschaftliche Grundstücke;JAHR;Jahr;2025;DINSG;Deutschland insgesamt;DG;Deutschland;BODAT1;Bodenarten;BOD-GRL;Grünland;FLNGK1;Größenklassen der veräußerten Fläche;FLCHA020B050;2 bis unter 5 ha;32312;EUR/ha;KAU004;Durchschnittlicher Kaufwert
61521;Kaufwerte für landwirtschaftliche Grundstücke;JAHR;Jahr;2025;DINSG;Deutschland insgesamt;DG;Deutschland;BODAT1;Bodenarten;BOD-GRL;Grünland;FLNGK1;Größenklassen der veräußerten Fläche;FLCHA020B050;2 bis unter 5 ha;3206;ha;FLC023;Veräußerte Fläche
61521;Kaufwerte für landwirtschaftliche Grundstücke;JAHR;Jahr;2025;DINSG;Deutschland insgesamt;DG;Deutschland;BODAT1;Bodenarten;BOD-SONST-LF;Sonstige landwirtschaftliche Fläche;FLNGK1;Größenklassen der veräußerten Fläche;FLCHA020B050;2 bis unter 5 ha;x;100;MZL002;Durchschn.Ertragsmesszahl je ha veräußerter Fläche
61521;Kaufwerte für landwirtschaftliche Grundstücke;JAHR;Jahr;2025;DINSG;Deutschland insgesamt;DG;Deutschland;BODAT1;Bodenarten;BOD-SONST-LF;Sonstige landwirtschaftliche Fläche;FLNGK1;Größenklassen der veräußerten Fläche;FLCHA020B050;2 bis unter 5 ha;3541;Tsd. EUR;KAU003;Kaufsumme
61521;Kaufwerte für landwirtschaftliche Grundstücke;JAHR;Jahr;2025;DINSG;Deutschland insgesamt;DG;Deutschland;BODAT1;Bodenarten;BOD-SONST-LF;Sonstige landwirtschaftliche Fläche;FLNGK1;Größenklassen der veräußerten Fläche;FLCHA020B050;2 bis unter 5 ha;2,84;ha;FLC008;Durchschnittliche Fläche je Veräußerungsfall
61521;Kaufwerte für landwirtschaftliche Grundstücke;JAHR;Jahr;2025;DINSG;Deutschland insgesamt;DG;Deutschland;BODAT1;Bodenarten;BOD-SONST-LF;Sonstige landwirtschaftliche Fläche;FLNGK1;Größenklassen der veräußerten Fläche;FLCHA020B050;2 bis unter 5 ha;35;Anzahl;VKF002;Veräußerungsfälle
61521;Kaufwerte für landwirtschaftliche Grundstücke;JAHR;Jahr;2025;DINSG;Deutschland insgesamt;DG;Deutschland;BODAT1;Bodenarten;BOD-SONST-LF;Sonstige landwirtschaftliche Fläche;FLNGK1;Größenklassen der veräußerten Fläche;FLCHA020B050;2 bis unter 5 ha;35615;EUR/ha;KAU004;Durchschnittlicher Kaufwert
61521;Kaufwerte für landwirtschaftliche Grundstücke;JAHR;Jahr;2025;DINSG;Deutschland insgesamt;DG;Deutschland;BODAT1;Bodenarten;BOD-SONST-LF;Sonstige landwirtschaftliche Fläche;FLNGK1;Größenklassen der veräußerten Fläche;FLCHA020B050;2 bis unter 5 ha;99;ha;FLC023;Veräußerte Fläche
61521;Kaufwerte für landwirtschaftliche Grundstücke;JAHR;Jahr;2023;DINSG;Deutschland insgesamt;DG;Deutschland;BODAT1;Bodenarten;BOD-LF;Landwirtschaftliche Fläche;FLNGK1;Größenklassen der veräußerten Fläche;FLCHA020B050;2 bis unter 5 ha;x;100;MZL002;Durchschn.Ertragsmesszahl je ha veräußerter Fläche
61521;Kaufwerte für landwirtschaftliche Grundstücke;JAHR;Jahr;2023;DINSG;Deutschland insgesamt;DG;Deutschland;BODAT1;Bodenarten;BOD-LF;Landwirtschaftliche Fläche;FLNGK1;Größenklassen der veräußerten Fläche;FLCHA020B050;2 bis unter 5 ha;545210;Tsd. EUR;KAU003;Kaufsumme
61521;Kaufwerte für landwirtschaftliche Grundstücke;JAHR;Jahr;2023;DINSG;Deutschland insgesamt;DG;Deutschland;BODAT1;Bodenarten;BOD-LF;Landwirtschaftliche Fläche;FLNGK1;Größenklassen der veräußerten Fläche;FLCHA020B050;2 bis unter 5 ha;3,10;ha;FLC008;Durchschnittliche Fläche je Veräußerungsfall
61521;Kaufwerte für landwirtschaftliche Grundstücke;JAHR;Jahr;2023;DINSG;Deutschland insgesamt;DG;Deutschland;BODAT1;Bodenarten;BOD-LF;Landwirtschaftliche Fläche;FLNGK1;Größenklassen der veräußerten Fläche;FLCHA020B050;2 bis unter 5 ha;4634;Anzahl;VKF002;Veräußerungsfälle
61521;Kaufwerte für landwirtschaftliche Grundstücke;JAHR;Jahr;2023;DINSG;Deutschland insgesamt;DG;Deutschland;BODAT1;Bodenarten;BOD-LF;Landwirtschaftliche Fläche;FLNGK1;Größenklassen der veräußerten Fläche;FLCHA020B050;2 bis unter 5 ha;37969;EUR/ha;KAU004;Durchschnittlicher Kaufwert
61521;Kaufwerte für landwirtschaftliche Grundstücke;JAHR;Jahr;2023;DINSG;Deutschland insgesamt;DG;Deutschland;BODAT1;Bodenarten;BOD-LF;Landwirtschaftliche Fläche;FLNGK1;Größenklassen der veräußerten Fläche;FLCHA020B050;2 bis unter 5 ha;14360;ha;FLC023;Veräußerte Fläche
61521;Kaufwerte für landwirtschaftliche Grundstücke;JAHR;Jahr;2023;DINSG;Deutschland insgesamt;DG;Deutschland;BODAT1;Bodenarten;;Insgesamt;FLNGK1;Größenklassen der veräußerten Fläche;FLCHA010B020;1 bis unter 2 ha;x;100;MZL002;Durchschn.Ertragsmesszahl je ha veräußerter Fläche
61521;Kaufwerte für landwirtschaftliche Grundstücke;JAHR;Jahr;2023;DINSG;Deutschland insgesamt;DG;Deutschland;BODAT1;Bodenarten;;Insgesamt;FLNGK1;Größenklassen der veräußerten Fläche;FLCHA010B020;1 bis unter 2 ha;294591;Tsd. EUR;KAU003;Kaufsumme
61521;Kaufwerte für landwirtschaftliche Grundstücke;JAHR;Jahr;2023;DINSG;Deutschland insgesamt;DG;Deutschland;BODAT1;Bodenarten;;Insgesamt;FLNGK1;Größenklassen der veräußerten Fläche;FLCHA010B020;1 bis unter 2 ha;1,41;ha;FLC008;Durchschnittliche Fläche je Veräußerungsfall
61521;Kaufwerte für landwirtschaftliche Grundstücke;JAHR;Jahr;2023;DINSG;Deutschland insgesamt;DG;Deutschland;BODAT1;Bodenarten;;Insgesamt;FLNGK1;Größenklassen der veräußerten Fläche;FLCHA010B020;1 bis unter 2 ha;5719;Anzahl;VKF002;Veräußerungsfälle
61521;Kaufwerte für landwirtschaftliche Grundstücke;JAHR;Jahr;2023;DINSG;Deutschland insgesamt;DG;Deutschland;BODAT1;Bodenarten;;Insgesamt;FLNGK1;Größenklassen der veräußerten Fläche;FLCHA010B020;1 bis unter 2 ha;36446;EUR/ha;KAU004;Durchschnittlicher Kaufwert
61521;Kaufwerte für landwirtschaftliche Grundstücke;JAHR;Jahr;2023;DINSG;Deutschland insgesamt;DG;Deutschland;BODAT1;Bodenarten;;Insgesamt;FLNGK1;Größenklassen der veräußerten Fläche;FLCHA010B020;1 bis unter 2 ha;8083;ha;FLC023;Veräußerte Fläche
61521;Kaufwerte für landwirtschaftliche Grundstücke;JAHR;Jahr;2022;DINSG;Deutschland insgesamt;DG;Deutschland;BODAT1;Bodenarten;BOD-LF;Landwirtschaftliche Fläche;FLNGK1;Größenklassen der veräußerten Fläche;FLCHA010B020;1 bis unter 2 ha;x;100;MZL002;Durchschn.Ertragsmesszahl je ha veräußerter Fläche
61521;Kaufwerte für landwirtschaftliche Grundstücke;JAHR;Jahr;2022;DINSG;Deutschland insgesamt;DG;Deutschland;BODAT1;Bodenarten;BOD-LF;Landwirtschaftliche Fläche;FLNGK1;Größenklassen der veräußerten Fläche;FLCHA010B020;1 bis unter 2 ha;277115;Tsd. EUR;KAU003;Kaufsumme
61521;Kaufwerte für landwirtschaftliche Grundstücke;JAHR;Jahr;2022;DINSG;Deutschland insgesamt;DG;Deutschland;BODAT1;Bodenarten;BOD-LF;Landwirtschaftliche Fläche;FLNGK1;Größenklassen der veräußerten Fläche;FLCHA010B020;1 bis unter 2 ha;1,41;ha;FLC008;Durchschnittliche Fläche je Veräußerungsfall
61521;Kaufwerte für landwirtschaftliche Grundstücke;JAHR;Jahr;2022;DINSG;Deutschland insgesamt;DG;Deutschland;BODAT1;Bodenarten;BOD-LF;Landwirtschaftliche Fläche;FLNGK1;Größenklassen der veräußerten Fläche;FLCHA010B020;1 bis unter 2 ha;5200;Anzahl;VKF002;Veräußerungsfälle
61521;Kaufwerte für landwirtschaftliche Grundstücke;JAHR;Jahr;2022;DINSG;Deutschland insgesamt;DG;Deutschland;BODAT1;Bodenarten;BOD-LF;Landwirtschaftliche Fläche;FLNGK1;Größenklassen der veräußerten Fläche;FLCHA010B020;1 bis unter 2 ha;37713;EUR/ha;KAU004;Durchschnittlicher Kaufwert
61521;Kaufwerte für landwirtschaftliche Grundstücke;JAHR;Jahr;2022;DINSG;Deutschland insgesamt;DG;Deutschland;BODAT1;Bodenarten;BOD-LF;Landwirtschaftliche Fläche;FLNGK1;Größenklassen der veräußerten Fläche;FLCHA010B020;1 bis unter 2 ha;7348;ha;FLC023;Veräußerte Fläche
61521;Kaufwerte für landwirtschaftliche Grundstücke;JAHR;Jahr;2021;DINSG;Deutschland insgesamt;DG;Deutschland;BODAT1;Bodenarten;BOD-ACK;Ackerland;FLNGK1;Größenklassen der veräußerten Fläche;FLCHA020B050;2 bis unter 5 ha;-;100;MZL002;Durchschn.Ertragsmesszahl je ha veräußerter Fläche
61521;Kaufwerte für landwirtschaftliche Grundstücke;JAHR;Jahr;2021;DINSG;Deutschland insgesamt;DG;Deutschland;BODAT1;Bodenarten;BOD-ACK;Ackerland;FLNGK1;Größenklassen der veräußerten Fläche;FLCHA020B050;2 bis unter 5 ha;-;Tsd. EUR;KAU003;Kaufsumme
61521;Kaufwerte für landwirtschaftliche Grundstücke;JAHR;Jahr;2021;DINSG;Deutschland insgesamt;DG;Deutschland;BODAT1;Bodenarten;BOD-ACK;Ackerland;FLNGK1;Größenklassen der veräußerten Fläche;FLCHA020B050;2 bis unter 5 ha;-;ha;FLC008;Durchschnittliche Fläche je Veräußerungsfall
61521;Kaufwerte für landwirtschaftliche Grundstücke;JAHR;Jahr;2021;DINSG;Deutschland insgesamt;DG;Deutschland;BODAT1;Bodenarten;BOD-ACK;Ackerland;FLNGK1;Größenklassen der veräußerten Fläche;FLCHA020B050;2 bis unter 5 ha;-;Anzahl;VKF002;Veräußerungsfälle
61521;Kaufwerte für landwirtschaftliche Grundstücke;JAHR;Jahr;2021;DINSG;Deutschland insgesamt;DG;Deutschland;BODAT1;Bodenarten;BOD-ACK;Ackerland;FLNGK1;Größenklassen der veräußerten Fläche;FLCHA020B050;2 bis unter 5 ha;-;EUR/ha;KAU004;Durchschnittlicher Kaufwert
61521;Kaufwerte für landwirtschaftliche Grundstücke;JAHR;Jahr;2021;DINSG;Deutschland insgesamt;DG;Deutschland;BODAT1;Bodenarten;BOD-ACK;Ackerland;FLNGK1;Größenklassen der veräußerten Fläche;FLCHA020B050;2 bis unter 5 ha;-;ha;FLC023;Veräußerte Fläche
61521;Kaufwerte für landwirtschaftliche Grundstücke;JAHR;Jahr;2022;DINSG;Deutschland insgesamt;DG;Deutschland;BODAT1;Bodenarten;BOD-ACK;Ackerland;FLNGK1;Größenklassen der veräußerten Fläche;FLCHA010B020;1 bis unter 2 ha;x;100;MZL002;Durchschn.Ertragsmesszahl je ha veräußerter Fläche
61521;Kaufwerte für landwirtschaftliche Grundstücke;JAHR;Jahr;2022;DINSG;Deutschland insgesamt;DG;Deutschland;BODAT1;Bodenarten;BOD-ACK;Ackerland;FLNGK1;Größenklassen der veräußerten Fläche;FLCHA010B020;1 bis unter 2 ha;194822;Tsd. EUR;KAU003;Kaufsumme
61521;Kaufwerte für landwirtschaftliche Grundstücke;JAHR;Jahr;2022;DINSG;Deutschland insgesamt;DG;Deutschland;BODAT1;Bodenarten;BOD-ACK;Ackerland;FLNGK1;Größenklassen der veräußerten Fläche;FLCHA010B020;1 bis unter 2 ha;1,42;ha;FLC008;Durchschnittliche Fläche je Veräußerungsfall
61521;Kaufwerte für landwirtschaftliche Grundstücke;JAHR;Jahr;2022;DINSG;Deutschland insgesamt;DG;Deutschland;BODAT1;Bodenarten;BOD-ACK;Ackerland;FLNGK1;Größenklassen der veräußerten Fläche;FLCHA010B020;1 bis unter 2 ha;3082;Anzahl;VKF002;Veräußerungsfälle
61521;Kaufwerte für landwirtschaftliche Grundstücke;JAHR;Jahr;2022;DINSG;Deutschland insgesamt;DG;Deutschland;BODAT1;Bodenarten;BOD-ACK;Ackerland;FLNGK1;Größenklassen der veräußerten Fläche;FLCHA010B020;1 bis unter 2 ha;44571;EUR/ha;KAU004;Durchschnittlicher Kaufwert
61521;Kaufwerte für landwirtschaftliche Grundstücke;JAHR;Jahr;2022;DINSG;Deutschland insgesamt;DG;Deutschland;BODAT1;Bodenarten;BOD-ACK;Ackerland;FLNGK1;Größenklassen der veräußerten Fläche;FLCHA010B020;1 bis unter 2 ha;4371;ha;FLC023;Veräußerte Fläche
61521;Kaufwerte für landwirtschaftliche Grundstücke;JAHR;Jahr;2024;DINSG;Deutschland insgesamt;DG;Deutschland;BODAT1;Bodenarten;BOD-GRL;Grünland;FLNGK1;Größenklassen der veräußerten Fläche;;Insgesamt;x;100;MZL002;Durchschn.Ertragsmesszahl je ha veräußerter Fläche
61521;Kaufwerte für landwirtschaftliche Grundstücke;JAHR;Jahr;2024;DINSG;Deutschland insgesamt;DG;Deutschland;BODAT1;Bodenarten;BOD-GRL;Grünland;FLNGK1;Größenklassen der veräußerten Fläche;;Insgesamt;285142;Tsd. EUR;KAU003;Kaufsumme
61521;Kaufwerte für landwirtschaftliche Grundstücke;JAHR;Jahr;2024;DINSG;Deutschland insgesamt;DG;Deutschland;BODAT1;Bodenarten;BOD-GRL;Grünland;FLNGK1;Größenklassen der veräußerten Fläche;;Insgesamt;1,08;ha;FLC008;Durchschnittliche Fläche je Veräußerungsfall
61521;Kaufwerte für landwirtschaftliche Grundstücke;JAHR;Jahr;2024;DINSG;Deutschland insgesamt;DG;Deutschland;BODAT1;Bodenarten;BOD-GRL;Grünland;FLNGK1;Größenklassen der veräußerten Fläche;;Insgesamt;9820;Anzahl;VKF002;Veräußerungsfälle
61521;Kaufwerte für landwirtschaftliche Grundstücke;JAHR;Jahr;2024;DINSG;Deutschland insgesamt;DG;Deutschland;BODAT1;Bodenarten;BOD-GRL;Grünland;FLNGK1;Größenklassen der veräußerten Fläche;;Insgesamt;26794;EUR/ha;KAU004;Durchschnittlicher Kaufwert
61521;Kaufwerte für landwirtschaftliche Grundstücke;JAHR;Jahr;2024;DINSG;Deutschland insgesamt;DG;Deutschland;BODAT1;Bodenarten;BOD-GRL;Grünland;FLNGK1;Größenklassen der veräußerten Fläche;;Insgesamt;10642;ha;FLC023;Veräußerte Fläche
61521;Kaufwerte für landwirtschaftliche Grundstücke;JAHR;Jahr;2024;DINSG;Deutschland insgesamt;DG;Deutschland;BODAT1;Bodenarten;BOD-LF;Landwirtschaftliche Fläche;FLNGK1;Größenklassen der veräußerten Fläche;FLCHA025B001;0,25 bis unter 1 ha;x;100;MZL002;Durchschn.Ertragsmesszahl je ha veräußerter Fläche
61521;Kaufwerte für landwirtschaftliche Grundstücke;JAHR;Jahr;2024;DINSG;Deutschland insgesamt;DG;Deutschland;BODAT1;Bodenarten;BOD-LF;Landwirtschaftliche Fläche;FLNGK1;Größenklassen der veräußerten Fläche;FLCHA025B001;0,25 bis unter 1 ha;226226;Tsd. EUR;KAU003;Kaufsumme
61521;Kaufwerte für landwirtschaftliche Grundstücke;JAHR;Jahr;2024;DINSG;Deutschland insgesamt;DG;Deutschland;BODAT1;Bodenarten;BOD-LF;Landwirtschaftliche Fläche;FLNGK1;Größenklassen der veräußerten Fläche;FLCHA025B001;0,25 bis unter 1 ha;0,54;ha;FLC008;Durchschnittliche Fläche je Veräußerungsfall
61521;Kaufwerte für landwirtschaftliche Grundstücke;JAHR;Jahr;2024;DINSG;Deutschland insgesamt;DG;Deutschland;BODAT1;Bodenarten;BOD-LF;Landwirtschaftliche Fläche;FLNGK1;Größenklassen der veräußerten Fläche;FLCHA025B001;0,25 bis unter 1 ha;12747;Anzahl;VKF002;Veräußerungsfälle
61521;Kaufwerte für landwirtschaftliche Grundstücke;JAHR;Jahr;2024;DINSG;Deutschland insgesamt;DG;Deutschland;BODAT1;Bodenarten;BOD-LF;Landwirtschaftliche Fläche;FLNGK1;Größenklassen der veräußerten Fläche;FLCHA025B001;0,25 bis unter 1 ha;33130;EUR/ha;KAU004;Durchschnittlicher Kaufwert
61521;Kaufwerte für landwirtschaftliche Grundstücke;JAHR;Jahr;2024;DINSG;Deutschland insgesamt;DG;Deutschland;BODAT1;Bodenarten;BOD-LF;Landwirtschaftliche Fläche;FLNGK1;Größenklassen der veräußerten Fläche;FLCHA025B001;0,25 bis unter 1 ha;6828;ha;FLC023;Veräußerte Fläche
61521;Kaufwerte für landwirtschaftliche Grundstücke;JAHR;Jahr;2024;DINSG;Deutschland insgesamt;DG;Deutschland;BODAT1;Bodenarten;;Insgesamt;FLNGK1;Größenklassen der veräußerten Fläche;FLCHA025B001;0,25 bis unter 1 ha;x;100;MZL002;Durchschn.Ertragsmesszahl je ha veräußerter Fläche
61521;Kaufwerte für landwirtschaftliche Grundstücke;JAHR;Jahr;2024;DINSG;Deutschland insgesamt;DG;Deutschland;BODAT1;Bodenarten;;Insgesamt;FLNGK1;Größenklassen der veräußerten Fläche;FLCHA025B001;0,25 bis unter 1 ha;232402;Tsd. EUR;KAU003;Kaufsumme
61521;Kaufwerte für landwirtschaftliche Grundstücke;JAHR;Jahr;2024;DINSG;Deutschland insgesamt;DG;Deutschland;BODAT1;Bodenarten;;Insgesamt;FLNGK1;Größenklassen der veräußerten Fläche;FLCHA025B001;0,25 bis unter 1 ha;0,54;ha;FLC008;Durchschnittliche Fläche je Veräußerungsfall
61521;Kaufwerte für landwirtschaftliche Grundstücke;JAHR;Jahr;2024;DINSG;Deutschland insgesamt;DG;Deutschland;BODAT1;Bodenarten;;Insgesamt;FLNGK1;Größenklassen der veräußerten Fläche;FLCHA025B001;0,25 bis unter 1 ha;13256;Anzahl;VKF002;Veräußerungsfälle
61521;Kaufwerte für landwirtschaftliche Grundstücke;JAHR;Jahr;2024;DINSG;Deutschland insgesamt;DG;Deutschland;BODAT1;Bodenarten;;Insgesamt;FLNGK1;Größenklassen der veräußerten Fläche;FLCHA025B001;0,25 bis unter 1 ha;32699;EUR/ha;KAU004;Durchschnittlicher Kaufwert
61521;Kaufwerte für landwirtschaftliche Grundstücke;JAHR;Jahr;2024;DINSG;Deutschland insgesamt;DG;Deutschland;BODAT1;Bodenarten;;Insgesamt;FLNGK1;Größenklassen der veräußerten Fläche;FLCHA025B001;0,25 bis unter 1 ha;7107;ha;FLC023;Veräußerte Fläche
61521;Kaufwerte für landwirtschaftliche Grundstücke;JAHR;Jahr;2023;DINSG;Deutschland insgesamt;DG;Deutschland;BODAT1;Bodenarten;BOD-GRL;Grünland;FLNGK1;Größenklassen der veräußerten Fläche;FLCHA010B020;1 bis unter 2 ha;x;100;MZL002;Durchschn.Ertragsmesszahl je ha veräußerter Fläche
61521;Kaufwerte für landwirtschaftliche Grundstücke;JAHR;Jahr;2023;DINSG;Deutschland insgesamt;DG;Deutschland;BODAT1;Bodenarten;BOD-GRL;Grünland;FLNGK1;Größenklassen der veräußerten Fläche;FLCHA010B020;1 bis unter 2 ha;53581;Tsd. EUR;KAU003;Kaufsumme
61521;Kaufwerte für landwirtschaftliche Grundstücke;JAHR;Jahr;2023;DINSG;Deutschland insgesamt;DG;Deutschland;BODAT1;Bodenarten;BOD-GRL;Grünland;FLNGK1;Größenklassen der veräußerten Fläche;FLCHA010B020;1 bis unter 2 ha;1,40;ha;FLC008;Durchschnittliche Fläche je Veräußerungsfall
61521;Kaufwerte für landwirtschaftliche Grundstücke;JAHR;Jahr;2023;DINSG;Deutschland insgesamt;DG;Deutschland;BODAT1;Bodenarten;BOD-GRL;Grünland;FLNGK1;Größenklassen der veräußerten Fläche;FLCHA010B020;1 bis unter 2 ha;1504;Anzahl;VKF002;Veräußerungsfälle
61521;Kaufwerte für landwirtschaftliche Grundstücke;JAHR;Jahr;2023;DINSG;Deutschland insgesamt;DG;Deutschland;BODAT1;Bodenarten;BOD-GRL;Grünland;FLNGK1;Größenklassen der veräußerten Fläche;FLCHA010B020;1 bis unter 2 ha;25442;EUR/ha;KAU004;Durchschnittlicher Kaufwert
61521;Kaufwerte für landwirtschaftliche Grundstücke;JAHR;Jahr;2023;DINSG;Deutschland insgesamt;DG;Deutschland;BODAT1;Bodenarten;BOD-GRL;Grünland;FLNGK1;Größenklassen der veräußerten Fläche;FLCHA010B020;1 bis unter 2 ha;2106;ha;FLC023;Veräußerte Fläche
61521;Kaufwerte für landwirtschaftliche Grundstücke;JAHR;Jahr;2022;DINSG;Deutschland insgesamt;DG;Deutschland;BODAT1;Bodenarten;BOD-GRL;Grünland;FLNGK1;Größenklassen der veräußerten Fläche;FLCHA010B020;1 bis unter 2 ha;x;100;MZL002;Durchschn.Ertragsmesszahl je ha veräußerter Fläche
61521;Kaufwerte für landwirtschaftliche Grundstücke;JAHR;Jahr;2022;DINSG;Deutschland insgesamt;DG;Deutschland;BODAT1;Bodenarten;BOD-GRL;Grünland;FLNGK1;Größenklassen der veräußerten Fläche;FLCHA010B020;1 bis unter 2 ha;54350;Tsd. EUR;KAU003;Kaufsumme
61521;Kaufwerte für landwirtschaftliche Grundstücke;JAHR;Jahr;2022;DINSG;Deutschland insgesamt;DG;Deutschland;BODAT1;Bodenarten;BOD-GRL;Grünland;FLNGK1;Größenklassen der veräußerten Fläche;FLCHA010B020;1 bis unter 2 ha;1,39;ha;FLC008;Durchschnittliche Fläche je Veräußerungsfall
61521;Kaufwerte für landwirtschaftliche Grundstücke;JAHR;Jahr;2022;DINSG;Deutschland insgesamt;DG;Deutschland;BODAT1;Bodenarten;BOD-GRL;Grünland;FLNGK1;Größenklassen der veräußerten Fläche;FLCHA010B020;1 bis unter 2 ha;1460;Anzahl;VKF002;Veräußerungsfälle
61521;Kaufwerte für landwirtschaftliche Grundstücke;JAHR;Jahr;2022;DINSG;Deutschland insgesamt;DG;Deutschland;BODAT1;Bodenarten;BOD-GRL;Grünland;FLNGK1;Größenklassen der veräußerten Fläche;FLCHA010B020;1 bis unter 2 ha;26713;EUR/ha;KAU004;Durchschnittlicher Kaufwert
61521;Kaufwerte für landwirtschaftliche Grundstücke;JAHR;Jahr;2022;DINSG;Deutschland insgesamt;DG;Deutschland;BODAT1;Bodenarten;BOD-GRL;Grünland;FLNGK1;Größenklassen der veräußerten Fläche;FLCHA010B020;1 bis unter 2 ha;2035;ha;FLC023;Veräußerte Fläche
61521;Kaufwerte für landwirtschaftliche Grundstücke;JAHR;Jahr;2024;DINSG;Deutschland insgesamt;DG;Deutschland;BODAT1;Bodenarten;BOD-ACK;Ackerland;FLNGK1;Größenklassen der veräußerten Fläche;FLCHA020B050;2 bis unter 5 ha;x;100;MZL002;Durchschn.Ertragsmesszahl je ha veräußerter Fläche
61521;Kaufwerte für landwirtschaftliche Grundstücke;JAHR;Jahr;2024;DINSG;Deutschland insgesamt;DG;Deutschland;BODAT1;Bodenarten;BOD-ACK;Ackerland;FLNGK1;Größenklassen der veräußerten Fläche;FLCHA020B050;2 bis unter 5 ha;467516;Tsd. EUR;KAU003;Kaufsumme
61521;Kaufwerte für landwirtschaftliche Grundstücke;JAHR;Jahr;2024;DINSG;Deutschland insgesamt;DG;Deutschland;BODAT1;Bodenarten;BOD-ACK;Ackerland;FLNGK1;Größenklassen der veräußerten Fläche;FLCHA020B050;2 bis unter 5 ha;3,13;ha;FLC008;Durchschnittliche Fläche je Veräußerungsfall
61521;Kaufwerte für landwirtschaftliche Grundstücke;JAHR;Jahr;2024;DINSG;Deutschland insgesamt;DG;Deutschland;BODAT1;Bodenarten;BOD-ACK;Ackerland;FLNGK1;Größenklassen der veräußerten Fläche;FLCHA020B050;2 bis unter 5 ha;2995;Anzahl;VKF002;Veräußerungsfälle
61521;Kaufwerte für landwirtschaftliche Grundstücke;JAHR;Jahr;2024;DINSG;Deutschland insgesamt;DG;Deutschland;BODAT1;Bodenarten;BOD-ACK;Ackerland;FLNGK1;Größenklassen der veräußerten Fläche;FLCHA020B050;2 bis unter 5 ha;49856;EUR/ha;KAU004;Durchschnittlicher Kaufwert
61521;Kaufwerte für landwirtschaftliche Grundstücke;JAHR;Jahr;2024;DINSG;Deutschland insgesamt;DG;Deutschland;BODAT1;Bodenarten;BOD-ACK;Ackerland;FLNGK1;Größenklassen der veräußerten Fläche;FLCHA020B050;2 bis unter 5 ha;9377;ha;FLC023;Veräußerte Fläche
61521;Kaufwerte für landwirtschaftliche Grundstücke;JAHR;Jahr;2025;DINSG;Deutschland insgesamt;DG;Deutschland;BODAT1;Bodenarten;;Insgesamt;FLNGK1;Größenklassen der veräußerten Fläche;FLCHA025B001;0,25 bis unter 1 ha;x;100;MZL002;Durchschn.Ertragsmesszahl je ha veräußerter Fläche
61521;Kaufwerte für landwirtschaftliche Grundstücke;JAHR;Jahr;2025;DINSG;Deutschland insgesamt;DG;Deutschland;BODAT1;Bodenarten;;Insgesamt;FLNGK1;Größenklassen der veräußerten Fläche;FLCHA025B001;0,25 bis unter 1 ha;258810;Tsd. EUR;KAU003;Kaufsumme
61521;Kaufwerte für landwirtschaftliche Grundstücke;JAHR;Jahr;2025;DINSG;Deutschland insgesamt;DG;Deutschland;BODAT1;Bodenarten;;Insgesamt;FLNGK1;Größenklassen der veräußerten Fläche;FLCHA025B001;0,25 bis unter 1 ha;0,54;ha;FLC008;Durchschnittliche Fläche je Veräußerungsfall
61521;Kaufwerte für landwirtschaftliche Grundstücke;JAHR;Jahr;2025;DINSG;Deutschland insgesamt;DG;Deutschland;BODAT1;Bodenarten;;Insgesamt;FLNGK1;Größenklassen der veräußerten Fläche;FLCHA025B001;0,25 bis unter 1 ha;14711;Anzahl;VKF002;Veräußerungsfälle
61521;Kaufwerte für landwirtschaftliche Grundstücke;JAHR;Jahr;2025;DINSG;Deutschland insgesamt;DG;Deutschland;BODAT1;Bodenarten;;Insgesamt;FLNGK1;Größenklassen der veräußerten Fläche;FLCHA025B001;0,25 bis unter 1 ha;32767;EUR/ha;KAU004;Durchschnittlicher Kaufwert
61521;Kaufwerte für landwirtschaftliche Grundstücke;JAHR;Jahr;2025;DINSG;Deutschland insgesamt;DG;Deutschland;BODAT1;Bodenarten;;Insgesamt;FLNGK1;Größenklassen der veräußerten Fläche;FLCHA025B001;0,25 bis unter 1 ha;7898;ha;FLC023;Veräußerte Fläche
61521;Kaufwerte für landwirtschaftliche Grundstücke;JAHR;Jahr;2022;DINSG;Deutschland insgesamt;DG;Deutschland;BODAT1;Bodenarten;BOD-SONST-LF;Sonstige landwirtschaftliche Fläche;FLNGK1;Größenklassen der veräußerten Fläche;FLCHA025B001;0,25 bis unter 1 ha;x;100;MZL002;Durchschn.Ertragsmesszahl je ha veräußerter Fläche
61521;Kaufwerte für landwirtschaftliche Grundstücke;JAHR;Jahr;2022;DINSG;Deutschland insgesamt;DG;Deutschland;BODAT1;Bodenarten;BOD-SONST-LF;Sonstige landwirtschaftliche Fläche;FLNGK1;Größenklassen der veräußerten Fläche;FLCHA025B001;0,25 bis unter 1 ha;14247;Tsd. EUR;KAU003;Kaufsumme
61521;Kaufwerte für landwirtschaftliche Grundstücke;JAHR;Jahr;2022;DINSG;Deutschland insgesamt;DG;Deutschland;BODAT1;Bodenarten;BOD-SONST-LF;Sonstige landwirtschaftliche Fläche;FLNGK1;Größenklassen der veräußerten Fläche;FLCHA025B001;0,25 bis unter 1 ha;0,53;ha;FLC008;Durchschnittliche Fläche je Veräußerungsfall
61521;Kaufwerte für landwirtschaftliche Grundstücke;JAHR;Jahr;2022;DINSG;Deutschland insgesamt;DG;Deutschland;BODAT1;Bodenarten;BOD-SONST-LF;Sonstige landwirtschaftliche Fläche;FLNGK1;Größenklassen der veräußerten Fläche;FLCHA025B001;0,25 bis unter 1 ha;553;Anzahl;VKF002;Veräußerungsfälle
61521;Kaufwerte für landwirtschaftliche Grundstücke;JAHR;Jahr;2022;DINSG;Deutschland insgesamt;DG;Deutschland;BODAT1;Bodenarten;BOD-SONST-LF;Sonstige landwirtschaftliche Fläche;FLNGK1;Größenklassen der veräußerten Fläche;FLCHA025B001;0,25 bis unter 1 ha;48380;EUR/ha;KAU004;Durchschnittlicher Kaufwert
61521;Kaufwerte für landwirtschaftliche Grundstücke;JAHR;Jahr;2022;DINSG;Deutschland insgesamt;DG;Deutschland;BODAT1;Bodenarten;BOD-SONST-LF;Sonstige landwirtschaftliche Fläche;FLNGK1;Größenklassen der veräußerten Fläche;FLCHA025B001;0,25 bis unter 1 ha;294;ha;FLC023;Veräußerte Fläche
61521;Kaufwerte für landwirtschaftliche Grundstücke;JAHR;Jahr;2021;DINSG;Deutschland insgesamt;DG;Deutschland;BODAT1;Bodenarten;BOD-SONST-LF;Sonstige landwirtschaftliche Fläche;FLNGK1;Größenklassen der veräußerten Fläche;;Insgesamt;-;100;MZL002;Durchschn.Ertragsmesszahl je ha veräußerter Fläche
61521;Kaufwerte für landwirtschaftliche Grundstücke;JAHR;Jahr;2021;DINSG;Deutschland insgesamt;DG;Deutschland;BODAT1;Bodenarten;BOD-SONST-LF;Sonstige landwirtschaftliche Fläche;FLNGK1;Größenklassen der veräußerten Fläche;;Insgesamt;-;Tsd. EUR;KAU003;Kaufsumme
61521;Kaufwerte für landwirtschaftliche Grundstücke;JAHR;Jahr;2021;DINSG;Deutschland insgesamt;DG;Deutschland;BODAT1;Bodenarten;BOD-SONST-LF;Sonstige landwirtschaftliche Fläche;FLNGK1;Größenklassen der veräußerten Fläche;;Insgesamt;-;ha;FLC008;Durchschnittliche Fläche je Veräußerungsfall
61521;Kaufwerte für landwirtschaftliche Grundstücke;JAHR;Jahr;2021;DINSG;Deutschland insgesamt;DG;Deutschland;BODAT1;Bodenarten;BOD-SONST-LF;Sonstige landwirtschaftliche Fläche;FLNGK1;Größenklassen der veräußerten Fläche;;Insgesamt;-;Anzahl;VKF002;Veräußerungsfälle
61521;Kaufwerte für landwirtschaftliche Grundstücke;JAHR;Jahr;2021;DINSG;Deutschland insgesamt;DG;Deutschland;BODAT1;Bodenarten;BOD-SONST-LF;Sonstige landwirtschaftliche Fläche;FLNGK1;Größenklassen der veräußerten Fläche;;Insgesamt;-;EUR/ha;KAU004;Durchschnittlicher Kaufwert
61521;Kaufwerte für landwirtschaftliche Grundstücke;JAHR;Jahr;2021;DINSG;Deutschland insgesamt;DG;Deutschland;BODAT1;Bodenarten;BOD-SONST-LF;Sonstige landwirtschaftliche Fläche;FLNGK1;Größenklassen der veräußerten Fläche;;Insgesamt;-;ha;FLC023;Veräußerte Fläche
61521;Kaufwerte für landwirtschaftliche Grundstücke;JAHR;Jahr;2022;DINSG;Deutschland insgesamt;DG;Deutschland;BODAT1;Bodenarten;BOD-LF;Landwirtschaftliche Fläche;FLNGK1;Größenklassen der veräußerten Fläche;FLCHA020B050;2 bis unter 5 ha;x;100;MZL002;Durchschn.Ertragsmesszahl je ha veräußerter Fläche
61521;Kaufwerte für landwirtschaftliche Grundstücke;JAHR;Jahr;2022;DINSG;Deutschland insgesamt;DG;Deutschland;BODAT1;Bodenarten;BOD-LF;Landwirtschaftliche Fläche;FLNGK1;Größenklassen der veräußerten Fläche;FLCHA020B050;2 bis unter 5 ha;521528;Tsd. EUR;KAU003;Kaufsumme
61521;Kaufwerte für landwirtschaftliche Grundstücke;JAHR;Jahr;2022;DINSG;Deutschland insgesamt;DG;Deutschland;BODAT1;Bodenarten;BOD-LF;Landwirtschaftliche Fläche;FLNGK1;Größenklassen der veräußerten Fläche;FLCHA020B050;2 bis unter 5 ha;3,11;ha;FLC008;Durchschnittliche Fläche je Veräußerungsfall
61521;Kaufwerte für landwirtschaftliche Grundstücke;JAHR;Jahr;2022;DINSG;Deutschland insgesamt;DG;Deutschland;BODAT1;Bodenarten;BOD-LF;Landwirtschaftliche Fläche;FLNGK1;Größenklassen der veräußerten Fläche;FLCHA020B050;2 bis unter 5 ha;4372;Anzahl;VKF002;Veräußerungsfälle
61521;Kaufwerte für landwirtschaftliche Grundstücke;JAHR;Jahr;2022;DINSG;Deutschland insgesamt;DG;Deutschland;BODAT1;Bodenarten;BOD-LF;Landwirtschaftliche Fläche;FLNGK1;Größenklassen der veräußerten Fläche;FLCHA020B050;2 bis unter 5 ha;38302;EUR/ha;KAU004;Durchschnittlicher Kaufwert
61521;Kaufwerte für landwirtschaftliche Grundstücke;JAHR;Jahr;2022;DINSG;Deutschland insgesamt;DG;Deutschland;BODAT1;Bodenarten;BOD-LF;Landwirtschaftliche Fläche;FLNGK1;Größenklassen der veräußerten Fläche;FLCHA020B050;2 bis unter 5 ha;13616;ha;FLC023;Veräußerte Fläche
61521;Kaufwerte für landwirtschaftliche Grundstücke;JAHR;Jahr;2022;DINSG;Deutschland insgesamt;DG;Deutschland;BODAT1;Bodenarten;BOD-ACK;Ackerland;FLNGK1;Größenklassen der veräußerten Fläche;FLCHA020B050;2 bis unter 5 ha;x;100;MZL002;Durchschn.Ertragsmesszahl je ha veräußerter Fläche
61521;Kaufwerte für landwirtschaftliche Grundstücke;JAHR;Jahr;2022;DINSG;Deutschland insgesamt;DG;Deutschland;BODAT1;Bodenarten;BOD-ACK;Ackerland;FLNGK1;Größenklassen der veräußerten Fläche;FLCHA020B050;2 bis unter 5 ha;385529;Tsd. EUR;KAU003;Kaufsumme
61521;Kaufwerte für landwirtschaftliche Grundstücke;JAHR;Jahr;2022;DINSG;Deutschland insgesamt;DG;Deutschland;BODAT1;Bodenarten;BOD-ACK;Ackerland;FLNGK1;Größenklassen der veräußerten Fläche;FLCHA020B050;2 bis unter 5 ha;3,12;ha;FLC008;Durchschnittliche Fläche je Veräußerungsfall
61521;Kaufwerte für landwirtschaftliche Grundstücke;JAHR;Jahr;2022;DINSG;Deutschland insgesamt;DG;Deutschland;BODAT1;Bodenarten;BOD-ACK;Ackerland;FLNGK1;Größenklassen der veräußerten Fläche;FLCHA020B050;2 bis unter 5 ha;2750;Anzahl;VKF002;Veräußerungsfälle
61521;Kaufwerte für landwirtschaftliche Grundstücke;JAHR;Jahr;2022;DINSG;Deutschland insgesamt;DG;Deutschland;BODAT1;Bodenarten;BOD-ACK;Ackerland;FLNGK1;Größenklassen der veräußerten Fläche;FLCHA020B050;2 bis unter 5 ha;44952;EUR/ha;KAU004;Durchschnittlicher Kaufwert
61521;Kaufwerte für landwirtschaftliche Grundstücke;JAHR;Jahr;2022;DINSG;Deutschland insgesamt;DG;Deutschland;BODAT1;Bodenarten;BOD-ACK;Ackerland;FLNGK1;Größenklassen der veräußerten Fläche;FLCHA020B050;2 bis unter 5 ha;8576;ha;FLC023;Veräußerte Fläche
61521;Kaufwerte für landwirtschaftliche Grundstücke;JAHR;Jahr;2021;DINSG;Deutschland insgesamt;DG;Deutschland;BODAT1;Bodenarten;BOD-ACK;Ackerland;FLNGK1;Größenklassen der veräußerten Fläche;FLCHA010B020;1 bis unter 2 ha;-;100;MZL002;Durchschn.Ertragsmesszahl je ha veräußerter Fläche
61521;Kaufwerte für landwirtschaftliche Grundstücke;JAHR;Jahr;2021;DINSG;Deutschland insgesamt;DG;Deutschland;BODAT1;Bodenarten;BOD-ACK;Ackerland;FLNGK1;Größenklassen der veräußerten Fläche;FLCHA010B020;1 bis unter 2 ha;-;Tsd. EUR;KAU003;Kaufsumme
61521;Kaufwerte für landwirtschaftliche Grundstücke;JAHR;Jahr;2021;DINSG;Deutschland insgesamt;DG;Deutschland;BODAT1;Bodenarten;BOD-ACK;Ackerland;FLNGK1;Größenklassen der veräußerten Fläche;FLCHA010B020;1 bis unter 2 ha;-;ha;FLC008;Durchschnittliche Fläche je Veräußerungsfall
61521;Kaufwerte für landwirtschaftliche Grundstücke;JAHR;Jahr;2021;DINSG;Deutschland insgesamt;DG;Deutschland;BODAT1;Bodenarten;BOD-ACK;Ackerland;FLNGK1;Größenklassen der veräußerten Fläche;FLCHA010B020;1 bis unter 2 ha;-;Anzahl;VKF002;Veräußerungsfälle
61521;Kaufwerte für landwirtschaftliche Grundstücke;JAHR;Jahr;2021;DINSG;Deutschland insgesamt;DG;Deutschland;BODAT1;Bodenarten;BOD-ACK;Ackerland;FLNGK1;Größenklassen der veräußerten Fläche;FLCHA010B020;1 bis unter 2 ha;-;EUR/ha;KAU004;Durchschnittlicher Kaufwert
61521;Kaufwerte für landwirtschaftliche Grundstücke;JAHR;Jahr;2021;DINSG;Deutschland insgesamt;DG;Deutschland;BODAT1;Bodenarten;BOD-ACK;Ackerland;FLNGK1;Größenklassen der veräußerten Fläche;FLCHA010B020;1 bis unter 2 ha;-;ha;FLC023;Veräußerte Fläche
61521;Kaufwerte für landwirtschaftliche Grundstücke;JAHR;Jahr;2025;DINSG;Deutschland insgesamt;DG;Deutschland;BODAT1;Bodenarten;BOD-GRL;Grünland;FLNGK1;Größenklassen der veräußerten Fläche;FLCHA010B020;1 bis unter 2 ha;x;100;MZL002;Durchschn.Ertragsmesszahl je ha veräußerter Fläche
61521;Kaufwerte für landwirtschaftliche Grundstücke;JAHR;Jahr;2025;DINSG;Deutschland insgesamt;DG;Deutschland;BODAT1;Bodenarten;BOD-GRL;Grünland;FLNGK1;Größenklassen der veräußerten Fläche;FLCHA010B020;1 bis unter 2 ha;68950;Tsd. EUR;KAU003;Kaufsumme
61521;Kaufwerte für landwirtschaftliche Grundstücke;JAHR;Jahr;2025;DINSG;Deutschland insgesamt;DG;Deutschland;BODAT1;Bodenarten;BOD-GRL;Grünland;FLNGK1;Größenklassen der veräußerten Fläche;FLCHA010B020;1 bis unter 2 ha;1,40;ha;FLC008;Durchschnittliche Fläche je Veräußerungsfall
61521;Kaufwerte für landwirtschaftliche Grundstücke;JAHR;Jahr;2025;DINSG;Deutschland insgesamt;DG;Deutschland;BODAT1;Bodenarten;BOD-GRL;Grünland;FLNGK1;Größenklassen der veräußerten Fläche;FLCHA010B020;1 bis unter 2 ha;1638;Anzahl;VKF002;Veräußerungsfälle
61521;Kaufwerte für landwirtschaftliche Grundstücke;JAHR;Jahr;2025;DINSG;Deutschland insgesamt;DG;Deutschland;BODAT1;Bodenarten;BOD-GRL;Grünland;FLNGK1;Größenklassen der veräußerten Fläche;FLCHA010B020;1 bis unter 2 ha;29994;EUR/ha;KAU004;Durchschnittlicher Kaufwert
61521;Kaufwerte für landwirtschaftliche Grundstücke;JAHR;Jahr;2025;DINSG;Deutschland insgesamt;DG;Deutschland;BODAT1;Bodenarten;BOD-GRL;Grünland;FLNGK1;Größenklassen der veräußerten Fläche;FLCHA010B020;1 bis unter 2 ha;2299;ha;FLC023;Veräußerte Fläche
61521;Kaufwerte für landwirtschaftliche Grundstücke;JAHR;Jahr;2021;DINSG;Deutschland insgesamt;DG;Deutschland;BODAT1;Bodenarten;BOD-LF;Landwirtschaftliche Fläche;FLNGK1;Größenklassen der veräußerten Fläche;FLCHA010B020;1 bis unter 2 ha;x;100;MZL002;Durchschn.Ertragsmesszahl je ha veräußerter Fläche
61521;Kaufwerte für landwirtschaftliche Grundstücke;JAHR;Jahr;2021;DINSG;Deutschland insgesamt;DG;Deutschland;BODAT1;Bodenarten;BOD-LF;Landwirtschaftliche Fläche;FLNGK1;Größenklassen der veräußerten Fläche;FLCHA010B020;1 bis unter 2 ha;262173;Tsd. EUR;KAU003;Kaufsumme
61521;Kaufwerte für landwirtschaftliche Grundstücke;JAHR;Jahr;2021;DINSG;Deutschland insgesamt;DG;Deutschland;BODAT1;Bodenarten;BOD-LF;Landwirtschaftliche Fläche;FLNGK1;Größenklassen der veräußerten Fläche;FLCHA010B020;1 bis unter 2 ha;1,42;ha;FLC008;Durchschnittliche Fläche je Veräußerungsfall
61521;Kaufwerte für landwirtschaftliche Grundstücke;JAHR;Jahr;2021;DINSG;Deutschland insgesamt;DG;Deutschland;BODAT1;Bodenarten;BOD-LF;Landwirtschaftliche Fläche;FLNGK1;Größenklassen der veräußerten Fläche;FLCHA010B020;1 bis unter 2 ha;5435;Anzahl;VKF002;Veräußerungsfälle
61521;Kaufwerte für landwirtschaftliche Grundstücke;JAHR;Jahr;2021;DINSG;Deutschland insgesamt;DG;Deutschland;BODAT1;Bodenarten;BOD-LF;Landwirtschaftliche Fläche;FLNGK1;Größenklassen der veräußerten Fläche;FLCHA010B020;1 bis unter 2 ha;33971;EUR/ha;KAU004;Durchschnittlicher Kaufwert
61521;Kaufwerte für landwirtschaftliche Grundstücke;JAHR;Jahr;2021;DINSG;Deutschland insgesamt;DG;Deutschland;BODAT1;Bodenarten;BOD-LF;Landwirtschaftliche Fläche;FLNGK1;Größenklassen der veräußerten Fläche;FLCHA010B020;1 bis unter 2 ha;7718;ha;FLC023;Veräußerte Fläche
61521;Kaufwerte für landwirtschaftliche Grundstücke;JAHR;Jahr;2021;DINSG;Deutschland insgesamt;DG;Deutschland;BODAT1;Bodenarten;BOD-ACK;Ackerland;FLNGK1;Größenklassen der veräußerten Fläche;;Insgesamt;-;100;MZL002;Durchschn.Ertragsmesszahl je ha veräußerter Fläche
61521;Kaufwerte für landwirtschaftliche Grundstücke;JAHR;Jahr;2021;DINSG;Deutschland insgesamt;DG;Deutschland;BODAT1;Bodenarten;BOD-ACK;Ackerland;FLNGK1;Größenklassen der veräußerten Fläche;;Insgesamt;-;Tsd. EUR;KAU003;Kaufsumme
61521;Kaufwerte für landwirtschaftliche Grundstücke;JAHR;Jahr;2021;DINSG;Deutschland insgesamt;DG;Deutschland;BODAT1;Bodenarten;BOD-ACK;Ackerland;FLNGK1;Größenklassen der veräußerten Fläche;;Insgesamt;-;ha;FLC008;Durchschnittliche Fläche je Veräußerungsfall
61521;Kaufwerte für landwirtschaftliche Grundstücke;JAHR;Jahr;2021;DINSG;Deutschland insgesamt;DG;Deutschland;BODAT1;Bodenarten;BOD-ACK;Ackerland;FLNGK1;Größenklassen der veräußerten Fläche;;Insgesamt;-;Anzahl;VKF002;Veräußerungsfälle
61521;Kaufwerte für landwirtschaftliche Grundstücke;JAHR;Jahr;2021;DINSG;Deutschland insgesamt;DG;Deutschland;BODAT1;Bodenarten;BOD-ACK;Ackerland;FLNGK1;Größenklassen der veräußerten Fläche;;Insgesamt;-;EUR/ha;KAU004;Durchschnittlicher Kaufwert
61521;Kaufwerte für landwirtschaftliche Grundstücke;JAHR;Jahr;2021;DINSG;Deutschland insgesamt;DG;Deutschland;BODAT1;Bodenarten;BOD-ACK;Ackerland;FLNGK1;Größenklassen der veräußerten Fläche;;Insgesamt;-;ha;FLC023;Veräußerte Fläche
61521;Kaufwerte für landwirtschaftliche Grundstücke;JAHR;Jahr;2021;DINSG;Deutschland insgesamt;DG;Deutschland;BODAT1;Bodenarten;BOD-GRL;Grünland;FLNGK1;Größenklassen der veräußerten Fläche;FLCHA001B025;0,1 bis unter 0,25 ha;-;100;MZL002;Durchschn.Ertragsmesszahl je ha veräußerter Fläche
61521;Kaufwerte für landwirtschaftliche Grundstücke;JAHR;Jahr;2021;DINSG;Deutschland insgesamt;DG;Deutschland;BODAT1;Bodenarten;BOD-GRL;Grünland;FLNGK1;Größenklassen der veräußerten Fläche;FLCHA001B025;0,1 bis unter 0,25 ha;-;Tsd. EUR;KAU003;Kaufsumme
61521;Kaufwerte für landwirtschaftliche Grundstücke;JAHR;Jahr;2021;DINSG;Deutschland insgesamt;DG;Deutschland;BODAT1;Bodenarten;BOD-GRL;Grünland;FLNGK1;Größenklassen der veräußerten Fläche;FLCHA001B025;0,1 bis unter 0,25 ha;-;ha;FLC008;Durchschnittliche Fläche je Veräußerungsfall
61521;Kaufwerte für landwirtschaftliche Grundstücke;JAHR;Jahr;2021;DINSG;Deutschland insgesamt;DG;Deutschland;BODAT1;Bodenarten;BOD-GRL;Grünland;FLNGK1;Größenklassen der veräußerten Fläche;FLCHA001B025;0,1 bis unter 0,25 ha;-;Anzahl;VKF002;Veräußerungsfälle
61521;Kaufwerte für landwirtschaftliche Grundstücke;JAHR;Jahr;2021;DINSG;Deutschland insgesamt;DG;Deutschland;BODAT1;Bodenarten;BOD-GRL;Grünland;FLNGK1;Größenklassen der veräußerten Fläche;FLCHA001B025;0,1 bis unter 0,25 ha;-;EUR/ha;KAU004;Durchschnittlicher Kaufwert
61521;Kaufwerte für landwirtschaftliche Grundstücke;JAHR;Jahr;2021;DINSG;Deutschland insgesamt;DG;Deutschland;BODAT1;Bodenarten;BOD-GRL;Grünland;FLNGK1;Größenklassen der veräußerten Fläche;FLCHA001B025;0,1 bis unter 0,25 ha;-;ha;FLC023;Veräußerte Fläche
61521;Kaufwerte für landwirtschaftliche Grundstücke;JAHR;Jahr;2023;DINSG;Deutschland insgesamt;DG;Deutschland;BODAT1;Bodenarten;;Insgesamt;FLNGK1;Größenklassen der veräußerten Fläche;FLCHA020B050;2 bis unter 5 ha;x;100;MZL002;Durchschn.Ertragsmesszahl je ha veräußerter Fläche
61521;Kaufwerte für landwirtschaftliche Grundstücke;JAHR;Jahr;2023;DINSG;Deutschland insgesamt;DG;Deutschland;BODAT1;Bodenarten;;Insgesamt;FLNGK1;Größenklassen der veräußerten Fläche;FLCHA020B050;2 bis unter 5 ha;551119;Tsd. EUR;KAU003;Kaufsumme
61521;Kaufwerte für landwirtschaftliche Grundstücke;JAHR;Jahr;2023;DINSG;Deutschland insgesamt;DG;Deutschland;BODAT1;Bodenarten;;Insgesamt;FLNGK1;Größenklassen der veräußerten Fläche;FLCHA020B050;2 bis unter 5 ha;3,10;ha;FLC008;Durchschnittliche Fläche je Veräußerungsfall
61521;Kaufwerte für landwirtschaftliche Grundstücke;JAHR;Jahr;2023;DINSG;Deutschland insgesamt;DG;Deutschland;BODAT1;Bodenarten;;Insgesamt;FLNGK1;Größenklassen der veräußerten Fläche;FLCHA020B050;2 bis unter 5 ha;4716;Anzahl;VKF002;Veräußerungsfälle
61521;Kaufwerte für landwirtschaftliche Grundstücke;JAHR;Jahr;2023;DINSG;Deutschland insgesamt;DG;Deutschland;BODAT1;Bodenarten;;Insgesamt;FLNGK1;Größenklassen der veräußerten Fläche;FLCHA020B050;2 bis unter 5 ha;37736;EUR/ha;KAU004;Durchschnittlicher Kaufwert
61521;Kaufwerte für landwirtschaftliche Grundstücke;JAHR;Jahr;2023;DINSG;Deutschland insgesamt;DG;Deutschland;BODAT1;Bodenarten;;Insgesamt;FLNGK1;Größenklassen der veräußerten Fläche;FLCHA020B050;2 bis unter 5 ha;14605;ha;FLC023;Veräußerte Fläche
61521;Kaufwerte für landwirtschaftliche Grundstücke;JAHR;Jahr;2025;DINSG;Deutschland insgesamt;DG;Deutschland;BODAT1;Bodenarten;BOD-LF;Landwirtschaftliche Fläche;FLNGK1;Größenklassen der veräußerten Fläche;FLCHA025B001;0,25 bis unter 1 ha;x;100;MZL002;Durchschn.Ertragsmesszahl je ha veräußerter Fläche
61521;Kaufwerte für landwirtschaftliche Grundstücke;JAHR;Jahr;2025;DINSG;Deutschland insgesamt;DG;Deutschland;BODAT1;Bodenarten;BOD-LF;Landwirtschaftliche Fläche;FLNGK1;Größenklassen der veräußerten Fläche;FLCHA025B001;0,25 bis unter 1 ha;254939;Tsd. EUR;KAU003;Kaufsumme
61521;Kaufwerte für landwirtschaftliche Grundstücke;JAHR;Jahr;2025;DINSG;Deutschland insgesamt;DG;Deutschland;BODAT1;Bodenarten;BOD-LF;Landwirtschaftliche Fläche;FLNGK1;Größenklassen der veräußerten Fläche;FLCHA025B001;0,25 bis unter 1 ha;0,54;ha;FLC008;Durchschnittliche Fläche je Veräußerungsfall
61521;Kaufwerte für landwirtschaftliche Grundstücke;JAHR;Jahr;2025;DINSG;Deutschland insgesamt;DG;Deutschland;BODAT1;Bodenarten;BOD-LF;Landwirtschaftliche Fläche;FLNGK1;Größenklassen der veräußerten Fläche;FLCHA025B001;0,25 bis unter 1 ha;14374;Anzahl;VKF002;Veräußerungsfälle
61521;Kaufwerte für landwirtschaftliche Grundstücke;JAHR;Jahr;2025;DINSG;Deutschland insgesamt;DG;Deutschland;BODAT1;Bodenarten;BOD-LF;Landwirtschaftliche Fläche;FLNGK1;Größenklassen der veräußerten Fläche;FLCHA025B001;0,25 bis unter 1 ha;33005;EUR/ha;KAU004;Durchschnittlicher Kaufwert
61521;Kaufwerte für landwirtschaftliche Grundstücke;JAHR;Jahr;2025;DINSG;Deutschland insgesamt;DG;Deutschland;BODAT1;Bodenarten;BOD-LF;Landwirtschaftliche Fläche;FLNGK1;Größenklassen der veräußerten Fläche;FLCHA025B001;0,25 bis unter 1 ha;7724;ha;FLC023;Veräußerte Fläche
61521;Kaufwerte für landwirtschaftliche Grundstücke;JAHR;Jahr;2022;DINSG;Deutschland insgesamt;DG;Deutschland;BODAT1;Bodenarten;;Insgesamt;FLNGK1;Größenklassen der veräußerten Fläche;FLCHA050UM;5 und mehr ha;x;100;MZL002;Durchschn.Ertragsmesszahl je ha veräußerter Fläche
61521;Kaufwerte für landwirtschaftliche Grundstücke;JAHR;Jahr;2022;DINSG;Deutschland insgesamt;DG;Deutschland;BODAT1;Bodenarten;;Insgesamt;FLNGK1;Größenklassen der veräußerten Fläche;FLCHA050UM;5 und mehr ha;823870;Tsd. EUR;KAU003;Kaufsumme
61521;Kaufwerte für landwirtschaftliche Grundstücke;JAHR;Jahr;2022;DINSG;Deutschland insgesamt;DG;Deutschland;BODAT1;Bodenarten;;Insgesamt;FLNGK1;Größenklassen der veräußerten Fläche;FLCHA050UM;5 und mehr ha;11,29;ha;FLC008;Durchschnittliche Fläche je Veräußerungsfall
61521;Kaufwerte für landwirtschaftliche Grundstücke;JAHR;Jahr;2022;DINSG;Deutschland insgesamt;DG;Deutschland;BODAT1;Bodenarten;;Insgesamt;FLNGK1;Größenklassen der veräußerten Fläche;FLCHA050UM;5 und mehr ha;2579;Anzahl;VKF002;Veräußerungsfälle
61521;Kaufwerte für landwirtschaftliche Grundstücke;JAHR;Jahr;2022;DINSG;Deutschland insgesamt;DG;Deutschland;BODAT1;Bodenarten;;Insgesamt;FLNGK1;Größenklassen der veräußerten Fläche;FLCHA050UM;5 und mehr ha;28283;EUR/ha;KAU004;Durchschnittlicher Kaufwert
61521;Kaufwerte für landwirtschaftliche Grundstücke;JAHR;Jahr;2022;DINSG;Deutschland insgesamt;DG;Deutschland;BODAT1;Bodenarten;;Insgesamt;FLNGK1;Größenklassen der veräußerten Fläche;FLCHA050UM;5 und mehr ha;29129;ha;FLC023;Veräußerte Fläche
61521;Kaufwerte für landwirtschaftliche Grundstücke;JAHR;Jahr;2022;DINSG;Deutschland insgesamt;DG;Deutschland;BODAT1;Bodenarten;;Insgesamt;FLNGK1;Größenklassen der veräußerten Fläche;FLCHA020B050;2 bis unter 5 ha;x;100;MZL002;Durchschn.Ertragsmesszahl je ha veräußerter Fläche
61521;Kaufwerte für landwirtschaftliche Grundstücke;JAHR;Jahr;2022;DINSG;Deutschland insgesamt;DG;Deutschland;BODAT1;Bodenarten;;Insgesamt;FLNGK1;Größenklassen der veräußerten Fläche;FLCHA020B050;2 bis unter 5 ha;529604;Tsd. EUR;KAU003;Kaufsumme
61521;Kaufwerte für landwirtschaftliche Grundstücke;JAHR;Jahr;2022;DINSG;Deutschland insgesamt;DG;Deutschland;BODAT1;Bodenarten;;Insgesamt;FLNGK1;Größenklassen der veräußerten Fläche;FLCHA020B050;2 bis unter 5 ha;3,12;ha;FLC008;Durchschnittliche Fläche je Veräußerungsfall
61521;Kaufwerte für landwirtschaftliche Grundstücke;JAHR;Jahr;2022;DINSG;Deutschland insgesamt;DG;Deutschland;BODAT1;Bodenarten;;Insgesamt;FLNGK1;Größenklassen der veräußerten Fläche;FLCHA020B050;2 bis unter 5 ha;4526;Anzahl;VKF002;Veräußerungsfälle
61521;Kaufwerte für landwirtschaftliche Grundstücke;JAHR;Jahr;2022;DINSG;Deutschland insgesamt;DG;Deutschland;BODAT1;Bodenarten;;Insgesamt;FLNGK1;Größenklassen der veräußerten Fläche;FLCHA020B050;2 bis unter 5 ha;37505;EUR/ha;KAU004;Durchschnittlicher Kaufwert
61521;Kaufwerte für landwirtschaftliche Grundstücke;JAHR;Jahr;2022;DINSG;Deutschland insgesamt;DG;Deutschland;BODAT1;Bodenarten;;Insgesamt;FLNGK1;Größenklassen der veräußerten Fläche;FLCHA020B050;2 bis unter 5 ha;14121;ha;FLC023;Veräußerte Fläche
61521;Kaufwerte für landwirtschaftliche Grundstücke;JAHR;Jahr;2021;DINSG;Deutschland insgesamt;DG;Deutschland;BODAT1;Bodenarten;;Insgesamt;FLNGK1;Größenklassen der veräußerten Fläche;FLCHA010B020;1 bis unter 2 ha;x;100;MZL002;Durchschn.Ertragsmesszahl je ha veräußerter Fläche
61521;Kaufwerte für landwirtschaftliche Grundstücke;JAHR;Jahr;2021;DINSG;Deutschland insgesamt;DG;Deutschland;BODAT1;Bodenarten;;Insgesamt;FLNGK1;Größenklassen der veräußerten Fläche;FLCHA010B020;1 bis unter 2 ha;270973;Tsd. EUR;KAU003;Kaufsumme
61521;Kaufwerte für landwirtschaftliche Grundstücke;JAHR;Jahr;2021;DINSG;Deutschland insgesamt;DG;Deutschland;BODAT1;Bodenarten;;Insgesamt;FLNGK1;Größenklassen der veräußerten Fläche;FLCHA010B020;1 bis unter 2 ha;1,42;ha;FLC008;Durchschnittliche Fläche je Veräußerungsfall
61521;Kaufwerte für landwirtschaftliche Grundstücke;JAHR;Jahr;2021;DINSG;Deutschland insgesamt;DG;Deutschland;BODAT1;Bodenarten;;Insgesamt;FLNGK1;Größenklassen der veräußerten Fläche;FLCHA010B020;1 bis unter 2 ha;5637;Anzahl;VKF002;Veräußerungsfälle
61521;Kaufwerte für landwirtschaftliche Grundstücke;JAHR;Jahr;2021;DINSG;Deutschland insgesamt;DG;Deutschland;BODAT1;Bodenarten;;Insgesamt;FLNGK1;Größenklassen der veräußerten Fläche;FLCHA010B020;1 bis unter 2 ha;33865;EUR/ha;KAU004;Durchschnittlicher Kaufwert
61521;Kaufwerte für landwirtschaftliche Grundstücke;JAHR;Jahr;2021;DINSG;Deutschland insgesamt;DG;Deutschland;BODAT1;Bodenarten;;Insgesamt;FLNGK1;Größenklassen der veräußerten Fläche;FLCHA010B020;1 bis unter 2 ha;8002;ha;FLC023;Veräußerte Fläche
61521;Kaufwerte für landwirtschaftliche Grundstücke;JAHR;Jahr;2021;DINSG;Deutschland insgesamt;DG;Deutschland;BODAT1;Bodenarten;BOD-SONST-LF;Sonstige landwirtschaftliche Fläche;FLNGK1;Größenklassen der veräußerten Fläche;FLCHA010B020;1 bis unter 2 ha;-;100;MZL002;Durchschn.Ertragsmesszahl je ha veräußerter Fläche
61521;Kaufwerte für landwirtschaftliche Grundstücke;JAHR;Jahr;2021;DINSG;Deutschland insgesamt;DG;Deutschland;BODAT1;Bodenarten;BOD-SONST-LF;Sonstige landwirtschaftliche Fläche;FLNGK1;Größenklassen der veräußerten Fläche;FLCHA010B020;1 bis unter 2 ha;-;Tsd. EUR;KAU003;Kaufsumme
61521;Kaufwerte für landwirtschaftliche Grundstücke;JAHR;Jahr;2021;DINSG;Deutschland insgesamt;DG;Deutschland;BODAT1;Bodenarten;BOD-SONST-LF;Sonstige landwirtschaftliche Fläche;FLNGK1;Größenklassen der veräußerten Fläche;FLCHA010B020;1 bis unter 2 ha;-;ha;FLC008;Durchschnittliche Fläche je Veräußerungsfall
61521;Kaufwerte für landwirtschaftliche Grundstücke;JAHR;Jahr;2021;DINSG;Deutschland insgesamt;DG;Deutschland;BODAT1;Bodenarten;BOD-SONST-LF;Sonstige landwirtschaftliche Fläche;FLNGK1;Größenklassen der veräußerten Fläche;FLCHA010B020;1 bis unter 2 ha;-;Anzahl;VKF002;Veräußerungsfälle
61521;Kaufwerte für landwirtschaftliche Grundstücke;JAHR;Jahr;2021;DINSG;Deutschland insgesamt;DG;Deutschland;BODAT1;Bodenarten;BOD-SONST-LF;Sonstige landwirtschaftliche Fläche;FLNGK1;Größenklassen der veräußerten Fläche;FLCHA010B020;1 bis unter 2 ha;-;EUR/ha;KAU004;Durchschnittlicher Kaufwert
61521;Kaufwerte für landwirtschaftliche Grundstücke;JAHR;Jahr;2021;DINSG;Deutschland insgesamt;DG;Deutschland;BODAT1;Bodenarten;BOD-SONST-LF;Sonstige landwirtschaftliche Fläche;FLNGK1;Größenklassen der veräußerten Fläche;FLCHA010B020;1 bis unter 2 ha;-;ha;FLC023;Veräußerte Fläche
61521;Kaufwerte für landwirtschaftliche Grundstücke;JAHR;Jahr;2023;DINSG;Deutschland insgesamt;DG;Deutschland;BODAT1;Bodenarten;BOD-GRL;Grünland;FLNGK1;Größenklassen der veräußerten Fläche;FLCHA050UM;5 und mehr ha;x;100;MZL002;Durchschn.Ertragsmesszahl je ha veräußerter Fläche
61521;Kaufwerte für landwirtschaftliche Grundstücke;JAHR;Jahr;2023;DINSG;Deutschland insgesamt;DG;Deutschland;BODAT1;Bodenarten;BOD-GRL;Grünland;FLNGK1;Größenklassen der veräußerten Fläche;FLCHA050UM;5 und mehr ha;80316;Tsd. EUR;KAU003;Kaufsumme
61521;Kaufwerte für landwirtschaftliche Grundstücke;JAHR;Jahr;2023;DINSG;Deutschland insgesamt;DG;Deutschland;BODAT1;Bodenarten;BOD-GRL;Grünland;FLNGK1;Größenklassen der veräußerten Fläche;FLCHA050UM;5 und mehr ha;9,24;ha;FLC008;Durchschnittliche Fläche je Veräußerungsfall
61521;Kaufwerte für landwirtschaftliche Grundstücke;JAHR;Jahr;2023;DINSG;Deutschland insgesamt;DG;Deutschland;BODAT1;Bodenarten;BOD-GRL;Grünland;FLNGK1;Größenklassen der veräußerten Fläche;FLCHA050UM;5 und mehr ha;344;Anzahl;VKF002;Veräußerungsfälle
61521;Kaufwerte für landwirtschaftliche Grundstücke;JAHR;Jahr;2023;DINSG;Deutschland insgesamt;DG;Deutschland;BODAT1;Bodenarten;BOD-GRL;Grünland;FLNGK1;Größenklassen der veräußerten Fläche;FLCHA050UM;5 und mehr ha;25271;EUR/ha;KAU004;Durchschnittlicher Kaufwert
61521;Kaufwerte für landwirtschaftliche Grundstücke;JAHR;Jahr;2023;DINSG;Deutschland insgesamt;DG;Deutschland;BODAT1;Bodenarten;BOD-GRL;Grünland;FLNGK1;Größenklassen der veräußerten Fläche;FLCHA050UM;5 und mehr ha;3178;ha;FLC023;Veräußerte Fläche
61521;Kaufwerte für landwirtschaftliche Grundstücke;JAHR;Jahr;2023;DINSG;Deutschland insgesamt;DG;Deutschland;BODAT1;Bodenarten;;Insgesamt;FLNGK1;Größenklassen der veräußerten Fläche;;Insgesamt;x;100;MZL002;Durchschn.Ertragsmesszahl je ha veräußerter Fläche
61521;Kaufwerte für landwirtschaftliche Grundstücke;JAHR;Jahr;2023;DINSG;Deutschland insgesamt;DG;Deutschland;BODAT1;Bodenarten;;Insgesamt;FLNGK1;Größenklassen der veräußerten Fläche;;Insgesamt;2071596;Tsd. EUR;KAU003;Kaufsumme
61521;Kaufwerte für landwirtschaftliche Grundstücke;JAHR;Jahr;2023;DINSG;Deutschland insgesamt;DG;Deutschland;BODAT1;Bodenarten;;Insgesamt;FLNGK1;Größenklassen der veräußerten Fläche;;Insgesamt;1,78;ha;FLC008;Durchschnittliche Fläche je Veräußerungsfall
61521;Kaufwerte für landwirtschaftliche Grundstücke;JAHR;Jahr;2023;DINSG;Deutschland insgesamt;DG;Deutschland;BODAT1;Bodenarten;;Insgesamt;FLNGK1;Größenklassen der veräußerten Fläche;;Insgesamt;34823;Anzahl;VKF002;Veräußerungsfälle
61521;Kaufwerte für landwirtschaftliche Grundstücke;JAHR;Jahr;2023;DINSG;Deutschland insgesamt;DG;Deutschland;BODAT1;Bodenarten;;Insgesamt;FLNGK1;Größenklassen der veräußerten Fläche;;Insgesamt;33474;EUR/ha;KAU004;Durchschnittlicher Kaufwert
61521;Kaufwerte für landwirtschaftliche Grundstücke;JAHR;Jahr;2023;DINSG;Deutschland insgesamt;DG;Deutschland;BODAT1;Bodenarten;;Insgesamt;FLNGK1;Größenklassen der veräußerten Fläche;;Insgesamt;61887;ha;FLC023;Veräußerte Fläche
61521;Kaufwerte für landwirtschaftliche Grundstücke;JAHR;Jahr;2023;DINSG;Deutschland insgesamt;DG;Deutschland;BODAT1;Bodenarten;BOD-ACK;Ackerland;FLNGK1;Größenklassen der veräußerten Fläche;FLCHA020B050;2 bis unter 5 ha;x;100;MZL002;Durchschn.Ertragsmesszahl je ha veräußerter Fläche
61521;Kaufwerte für landwirtschaftliche Grundstücke;JAHR;Jahr;2023;DINSG;Deutschland insgesamt;DG;Deutschland;BODAT1;Bodenarten;BOD-ACK;Ackerland;FLNGK1;Größenklassen der veräußerten Fläche;FLCHA020B050;2 bis unter 5 ha;410834;Tsd. EUR;KAU003;Kaufsumme
61521;Kaufwerte für landwirtschaftliche Grundstücke;JAHR;Jahr;2023;DINSG;Deutschland insgesamt;DG;Deutschland;BODAT1;Bodenarten;BOD-ACK;Ackerland;FLNGK1;Größenklassen der veräußerten Fläche;FLCHA020B050;2 bis unter 5 ha;3,12;ha;FLC008;Durchschnittliche Fläche je Veräußerungsfall
61521;Kaufwerte für landwirtschaftliche Grundstücke;JAHR;Jahr;2023;DINSG;Deutschland insgesamt;DG;Deutschland;BODAT1;Bodenarten;BOD-ACK;Ackerland;FLNGK1;Größenklassen der veräußerten Fläche;FLCHA020B050;2 bis unter 5 ha;2894;Anzahl;VKF002;Veräußerungsfälle
61521;Kaufwerte für landwirtschaftliche Grundstücke;JAHR;Jahr;2023;DINSG;Deutschland insgesamt;DG;Deutschland;BODAT1;Bodenarten;BOD-ACK;Ackerland;FLNGK1;Größenklassen der veräußerten Fläche;FLCHA020B050;2 bis unter 5 ha;45537;EUR/ha;KAU004;Durchschnittlicher Kaufwert
61521;Kaufwerte für landwirtschaftliche Grundstücke;JAHR;Jahr;2023;DINSG;Deutschland insgesamt;DG;Deutschland;BODAT1;Bodenarten;BOD-ACK;Ackerland;FLNGK1;Größenklassen der veräußerten Fläche;FLCHA020B050;2 bis unter 5 ha;9022;ha;FLC023;Veräußerte Fläche
61521;Kaufwerte für landwirtschaftliche Grundstücke;JAHR;Jahr;2024;DINSG;Deutschland insgesamt;DG;Deutschland;BODAT1;Bodenarten;BOD-GRL;Grünland;FLNGK1;Größenklassen der veräußerten Fläche;FLCHA010B020;1 bis unter 2 ha;x;100;MZL002;Durchschn.Ertragsmesszahl je ha veräußerter Fläche
61521;Kaufwerte für landwirtschaftliche Grundstücke;JAHR;Jahr;2024;DINSG;Deutschland insgesamt;DG;Deutschland;BODAT1;Bodenarten;BOD-GRL;Grünland;FLNGK1;Größenklassen der veräußerten Fläche;FLCHA010B020;1 bis unter 2 ha;61827;Tsd. EUR;KAU003;Kaufsumme
61521;Kaufwerte für landwirtschaftliche Grundstücke;JAHR;Jahr;2024;DINSG;Deutschland insgesamt;DG;Deutschland;BODAT1;Bodenarten;BOD-GRL;Grünland;FLNGK1;Größenklassen der veräußerten Fläche;FLCHA010B020;1 bis unter 2 ha;1,42;ha;FLC008;Durchschnittliche Fläche je Veräußerungsfall
61521;Kaufwerte für landwirtschaftliche Grundstücke;JAHR;Jahr;2024;DINSG;Deutschland insgesamt;DG;Deutschland;BODAT1;Bodenarten;BOD-GRL;Grünland;FLNGK1;Größenklassen der veräußerten Fläche;FLCHA010B020;1 bis unter 2 ha;1488;Anzahl;VKF002;Veräußerungsfälle
61521;Kaufwerte für landwirtschaftliche Grundstücke;JAHR;Jahr;2024;DINSG;Deutschland insgesamt;DG;Deutschland;BODAT1;Bodenarten;BOD-GRL;Grünland;FLNGK1;Größenklassen der veräußerten Fläche;FLCHA010B020;1 bis unter 2 ha;29298;EUR/ha;KAU004;Durchschnittlicher Kaufwert
61521;Kaufwerte für landwirtschaftliche Grundstücke;JAHR;Jahr;2024;DINSG;Deutschland insgesamt;DG;Deutschland;BODAT1;Bodenarten;BOD-GRL;Grünland;FLNGK1;Größenklassen der veräußerten Fläche;FLCHA010B020;1 bis unter 2 ha;2110;ha;FLC023;Veräußerte Fläche
61521;Kaufwerte für landwirtschaftliche Grundstücke;JAHR;Jahr;2022;DINSG;Deutschland insgesamt;DG;Deutschland;BODAT1;Bodenarten;BOD-GRL;Grünland;FLNGK1;Größenklassen der veräußerten Fläche;FLCHA001B025;0,1 bis unter 0,25 ha;x;100;MZL002;Durchschn.Ertragsmesszahl je ha veräußerter Fläche
61521;Kaufwerte für landwirtschaftliche Grundstücke;JAHR;Jahr;2022;DINSG;Deutschland insgesamt;DG;Deutschland;BODAT1;Bodenarten;BOD-GRL;Grünland;FLNGK1;Größenklassen der veräußerten Fläche;FLCHA001B025;0,1 bis unter 0,25 ha;11499;Tsd. EUR;KAU003;Kaufsumme
61521;Kaufwerte für landwirtschaftliche Grundstücke;JAHR;Jahr;2022;DINSG;Deutschland insgesamt;DG;Deutschland;BODAT1;Bodenarten;BOD-GRL;Grünland;FLNGK1;Größenklassen der veräußerten Fläche;FLCHA001B025;0,1 bis unter 0,25 ha;0,17;ha;FLC008;Durchschnittliche Fläche je Veräußerungsfall
61521;Kaufwerte für landwirtschaftliche Grundstücke;JAHR;Jahr;2022;DINSG;Deutschland insgesamt;DG;Deutschland;BODAT1;Bodenarten;BOD-GRL;Grünland;FLNGK1;Größenklassen der veräußerten Fläche;FLCHA001B025;0,1 bis unter 0,25 ha;3079;Anzahl;VKF002;Veräußerungsfälle
61521;Kaufwerte für landwirtschaftliche Grundstücke;JAHR;Jahr;2022;DINSG;Deutschland insgesamt;DG;Deutschland;BODAT1;Bodenarten;BOD-GRL;Grünland;FLNGK1;Größenklassen der veräußerten Fläche;FLCHA001B025;0,1 bis unter 0,25 ha;22614;EUR/ha;KAU004;Durchschnittlicher Kaufwert
61521;Kaufwerte für landwirtschaftliche Grundstücke;JAHR;Jahr;2022;DINSG;Deutschland insgesamt;DG;Deutschland;BODAT1;Bodenarten;BOD-GRL;Grünland;FLNGK1;Größenklassen der veräußerten Fläche;FLCHA001B025;0,1 bis unter 0,25 ha;508;ha;FLC023;Veräußerte Fläche
