statistics_code;statistics_label;time_code;time_label;time;1_variable_code;1_variable_label;1_variable_attribute_code;1_variable_attribute_label;2_variable_code;2_variable_label;2_variable_attribute_code;2_variable_attribute_label;value;value_unit;value_variable_code;value_variable_label
61211;Index der Erzeugerpreise landwirtschaftl. Produkte;JAHR;Jahr;2023;DINSG;Deutschland insgesamt;DG;Deutschland;PROAT1;Landwirtschaftliche Produkte;LWPR-1523;Baumschulerzeugnisse;177,5;2020=100;PRE018;Erzeugerpreisindizes landwirtschaftlicher Produkte
61211;Index der Erzeugerpreise landwirtschaftl. Produkte;JAHR;Jahr;2025;DINSG;Deutschland insgesamt;DG;Deutschland;PROAT1;Landwirtschaftliche Produkte;LWPR-17;Wein;113,6;2020=100;PRE018;Erzeugerpreisindizes landwirtschaftlicher Produkte
61211;Index der Erzeugerpreise landwirtschaftl. Produkte;JAHR;Jahr;1970;DINSG;Deutschland insgesamt;DG;Deutschland;PROAT1;Landwirtschaftliche Produkte;LWPR-2114;Kälber;73,5;2020=100;PRE018;Erzeugerpreisindizes landwirtschaftlicher Produkte
61211;Index der Erzeugerpreise landwirtschaftl. Produkte;JAHR;Jahr;1987;DINSG;Deutschland insgesamt;DG;Deutschland;PROAT1;Landwirtschaftliche Produkte;LWPR-1513;Gurken;-;2020=100;PRE018;Erzeugerpreisindizes landwirtschaftlicher Produkte
61211;Index der Erzeugerpreise landwirtschaftl. Produkte;JAHR;Jahr;2006;DINSG;Deutschland insgesamt;DG;Deutschland;PROAT1;Landwirtschaftliche Produkte;LWPR-1214;Futtergerste;65,1;2020=100;PRE018;Erzeugerpreisindizes landwirtschaftlicher Produkte
61211;Index der Erzeugerpreise landwirtschaftl. Produkte;JAHR;Jahr;1984;DINSG;Deutschland insgesamt;DG;Deutschland;PROAT1;Landwirtschaftliche Produkte;LWPR-131;Raps;-;2020=100;PRE018;Erzeugerpreisindizes landwirtschaftlicher Produkte
61211;Index der Erzeugerpreise landwirtschaftl. Produkte;JAHR;Jahr;2008;DINSG;Deutschland insgesamt;DG;Deutschland;PROAT1;Landwirtschaftliche Produkte;LWPR-151;Gemüse;80,8;2020=100;PRE018;Erzeugerpreisindizes landwirtschaftlicher Produkte
61211;Index der Erzeugerpreise landwirtschaftl. Produkte;JAHR;Jahr;1988;DINSG;Deutschland insgesamt;DG;Deutschland;PROAT1;Landwirtschaftliche Produkte;LWPR-132;Zuckerrüben;136,4;2020=100;PRE018;Erzeugerpreisindizes landwirtschaftlicher Produkte
61211;Index der Erzeugerpreise landwirtschaftl. Produkte;JAHR;Jahr;1982;DINSG;Deutschland insgesamt;DG;Deutschland;PROAT1;Landwirtschaftliche Produkte;LWPR-13;Handelsgewächse;132,8;2020=100;PRE018;Erzeugerpreisindizes landwirtschaftlicher Produkte
61211;Index der Erzeugerpreise landwirtschaftl. Produkte;JAHR;Jahr;1970;DINSG;Deutschland insgesamt;DG;Deutschland;PROAT1;Landwirtschaftliche Produkte;LWPR-1521;Schnittblumen;41,8;2020=100;PRE018;Erzeugerpreisindizes landwirtschaftlicher Produkte
61211;Index der Erzeugerpreise landwirtschaftl. Produkte;JAHR;Jahr;1997;DINSG;Deutschland insgesamt;DG;Deutschland;PROAT1;Landwirtschaftliche Produkte;LWPR-131;Raps;82,1;2020=100;PRE018;Erzeugerpreisindizes landwirtschaftlicher Produkte
61211;Index der Erzeugerpreise landwirtschaftl. Produkte;JAHR;Jahr;1972;DINSG;Deutschland insgesamt;DG;Deutschland;PROAT1;Landwirtschaftliche Produkte;LWPR-17;Wein;-;2020=100;PRE018;Erzeugerpreisindizes landwirtschaftlicher Produkte
61211;Index der Erzeugerpreise landwirtschaftl. Produkte;JAHR;Jahr;1990;DINSG;Deutschland insgesamt;DG;Deutschland;PROAT1;Landwirtschaftliche Produkte;LWPR-1516;Kohlgemüse;-;2020=100;PRE018;Erzeugerpreisindizes landwirtschaftlicher Produkte
61211;Index der Erzeugerpreise landwirtschaftl. Produkte;JAHR;Jahr;1993;DINSG;Deutschland insgesamt;DG;Deutschland;PROAT1;Landwirtschaftliche Produkte;LWPR-21;Tiere;85,8;2020=100;PRE018;Erzeugerpreisindizes landwirtschaftlicher Produkte
61211;Index der Erzeugerpreise landwirtschaftl. Produkte;JAHR;Jahr;1968;DINSG;Deutschland insgesamt;DG;Deutschland;PROAT1;Landwirtschaftliche Produkte;LWPR-2141;Hähnchen;77,7;2020=100;PRE018;Erzeugerpreisindizes landwirtschaftlicher Produkte
61211;Index der Erzeugerpreise landwirtschaftl. Produkte;JAHR;Jahr;1981;DINSG;Deutschland insgesamt;DG;Deutschland;PROAT1;Landwirtschaftliche Produkte;LWPR-1215;Braugerste;151,7;2020=100;PRE018;Erzeugerpreisindizes landwirtschaftlicher Produkte
61211;Index der Erzeugerpreise landwirtschaftl. Produkte;JAHR;Jahr;1998;DINSG;Deutschland insgesamt;DG;Deutschland;PROAT1;Landwirtschaftliche Produkte;LWPR-1523;Baumschulerzeugnisse;88,7;2020=100;PRE018;Erzeugerpreisindizes landwirtschaftlicher Produkte
61211;Index der Erzeugerpreise landwirtschaftl. Produkte;JAHR;Jahr;1975;DINSG;Deutschland insgesamt;DG;Deutschland;PROAT1;Landwirtschaftliche Produkte;LWPR-132;Zuckerrüben;117,3;2020=100;PRE018;Erzeugerpreisindizes landwirtschaftlicher Produkte
61211;Index der Erzeugerpreise landwirtschaftl. Produkte;JAHR;Jahr;1971;DINSG;Deutschland insgesamt;DG;Deutschland;PROAT1;Landwirtschaftliche Produkte;LWPR-131;Raps;-;2020=100;PRE018;Erzeugerpreisindizes landwirtschaftlicher Produkte
61211;Index der Erzeugerpreise landwirtschaftl. Produkte;JAHR;Jahr;2006;DINSG;Deutschland insgesamt;DG;Deutschland;PROAT1;Landwirtschaftliche Produkte;LWPR-1;Pflanzliche Erzeugung;76,3;2020=100;PRE018;Erzeugerpreisindizes landwirtschaftlicher Produkte
61211;Index der Erzeugerpreise landwirtschaftl. Produkte;JAHR;Jahr;2002;DINSG;Deutschland insgesamt;DG;Deutschland;PROAT1;Landwirtschaftliche Produkte;LWPR-15171;Eissalat;71,2;2020=100;PRE018;Erzeugerpreisindizes landwirtschaftlicher Produkte
61211;Index der Erzeugerpreise landwirtschaftl. Produkte;JAHR;Jahr;2022;DINSG;Deutschland insgesamt;DG;Deutschland;PROAT1;Landwirtschaftliche Produkte;LWPR-16;Obst;86,9;2020=100;PRE018;Erzeugerpreisindizes landwirtschaftlicher Produkte
61211;Index der Erzeugerpreise landwirtschaftl. Produkte;JAHR;Jahr;2012;DINSG;Deutschland insgesamt;DG;Deutschland;PROAT1;Landwirtschaftliche Produkte;LWPR-1513;Gurken;79,0;2020=100;PRE018;Erzeugerpreisindizes landwirtschaftlicher Produkte
61211;Index der Erzeugerpreise landwirtschaftl. Produkte;JAHR;Jahr;1985;DINSG;Deutschland insgesamt;DG;Deutschland;PROAT1;Landwirtschaftliche Produkte;LWPR-14;Kartoffeln (einschließlich Pflanzkartoffeln);24,4;2020=100;PRE018;Erzeugerpreisindizes landwirtschaftlicher Produkte
61211;Index der Erzeugerpreise landwirtschaftl. Produkte;JAHR;Jahr;1980;DINSG;Deutschland insgesamt;DG;Deutschland;PROAT1;Landwirtschaftliche Produkte;LWPR-1;Pflanzliche Erzeugung;90,5;2020=100;PRE018;Erzeugerpreisindizes landwirtschaftlicher Produkte
61211;Index der Erzeugerpreise landwirtschaftl. Produkte;JAHR;Jahr;1994;DINSG;Deutschland insgesamt;DG;Deutschland;PROAT1;Landwirtschaftliche Produkte;LWPR-161;Tafeläpfel;-;2020=100;PRE018;Erzeugerpreisindizes landwirtschaftlicher Produkte
61211;Index der Erzeugerpreise landwirtschaftl. Produkte;JAHR;Jahr;1996;DINSG;Deutschland insgesamt;DG;Deutschland;PROAT1;Landwirtschaftliche Produkte;LWPR-22;Milch;87,2;2020=100;PRE018;Erzeugerpreisindizes landwirtschaftlicher Produkte
61211;Index der Erzeugerpreise landwirtschaftl. Produkte;JAHR;Jahr;2020;DINSG;Deutschland insgesamt;DG;Deutschland;PROAT1;Landwirtschaftliche Produkte;LWPR-2114;Kälber;100,0;2020=100;PRE018;Erzeugerpreisindizes landwirtschaftlicher Produkte
61211;Index der Erzeugerpreise landwirtschaftl. Produkte;JAHR;Jahr;2003;DINSG;Deutschland insgesamt;DG;Deutschland;PROAT1;Landwirtschaftliche Produkte;LWPR-1212;Brotroggen;66,5;2020=100;PRE018;Erzeugerpreisindizes landwirtschaftlicher Produkte
61211;Index der Erzeugerpreise landwirtschaftl. Produkte;JAHR;Jahr;1998;DINSG;Deutschland insgesamt;DG;Deutschland;PROAT1;Landwirtschaftliche Produkte;LWPR-162;Erdbeeren;61,0;2020=100;PRE018;Erzeugerpreisindizes landwirtschaftlicher Produkte
61211;Index der Erzeugerpreise landwirtschaftl. Produkte;JAHR;Jahr;2024;DINSG;Deutschland insgesamt;DG;Deutschland;PROAT1;Landwirtschaftliche Produkte;LWPR-2111;Jungbullen;142,1;2020=100;PRE018;Erzeugerpreisindizes landwirtschaftlicher Produkte
61211;Index der Erzeugerpreise landwirtschaftl. Produkte;JAHR;Jahr;2009;DINSG;Deutschland insgesamt;DG;Deutschland;PROAT1;Landwirtschaftliche Produkte;LWPR-1216;Körnermais;63,7;2020=100;PRE018;Erzeugerpreisindizes landwirtschaftlicher Produkte
61211;Index der Erzeugerpreise landwirtschaftl. Produkte;JAHR;Jahr;1981;DINSG;Deutschland insgesamt;DG;Deutschland;PROAT1;Landwirtschaftliche Produkte;LWPR-161;Tafeläpfel;-;2020=100;PRE018;Erzeugerpreisindizes landwirtschaftlicher Produkte
61211;Index der Erzeugerpreise landwirtschaftl. Produkte;JAHR;Jahr;2025;DINSG;Deutschland insgesamt;DG;Deutschland;PROAT1;Landwirtschaftliche Produkte;LWPR-2141;Hähnchen;168,6;2020=100;PRE018;Erzeugerpreisindizes landwirtschaftlicher Produkte
61211;Index der Erzeugerpreise landwirtschaftl. Produkte;JAHR;Jahr;2010;DINSG;Deutschland insgesamt;DG;Deutschland;PROAT1;Landwirtschaftliche Produkte;LWPR-1212;Brotroggen;88,8;2020=100;PRE018;Erzeugerpreisindizes landwirtschaftlicher Produkte
61211;Index der Erzeugerpreise landwirtschaftl. Produkte;JAHR;Jahr;1989;DINSG;Deutschland insgesamt;DG;Deutschland;PROAT1;Landwirtschaftliche Produkte;LWPR-1;Pflanzliche Erzeugung;87,5;2020=100;PRE018;Erzeugerpreisindizes landwirtschaftlicher Produkte
61211;Index der Erzeugerpreise landwirtschaftl. Produkte;JAHR;Jahr;1972;DINSG;Deutschland insgesamt;DG;Deutschland;PROAT1;Landwirtschaftliche Produkte;LWPR-162;Erdbeeren;-;2020=100;PRE018;Erzeugerpreisindizes landwirtschaftlicher Produkte
61211;Index der Erzeugerpreise landwirtschaftl. Produkte;JAHR;Jahr;1991;DINSG;Deutschland insgesamt;DG;Deutschland;PROAT1;Landwirtschaftliche Produkte;LWPR-1511;Blumenkohl;26,1;2020=100;PRE018;Erzeugerpreisindizes landwirtschaftlicher Produkte
61211;Index der Erzeugerpreise landwirtschaftl. Produkte;JAHR;Jahr;2020;DINSG;Deutschland insgesamt;DG;Deutschland;PROAT1;Landwirtschaftliche Produkte;LWPR-1521;Schnittblumen;100,0;2020=100;PRE018;Erzeugerpreisindizes landwirtschaftlicher Produkte
61211;Index der Erzeugerpreise landwirtschaftl. Produkte;JAHR;Jahr;2018;DINSG;Deutschland insgesamt;DG;Deutschland;PROAT1;Landwirtschaftliche Produkte;LWPR-2141;Hähnchen;109,4;2020=100;PRE018;Erzeugerpreisindizes landwirtschaftlicher Produkte
61211;Index der Erzeugerpreise landwirtschaftl. Produkte;JAHR;Jahr;2017;DINSG;Deutschland insgesamt;DG;Deutschland;PROAT1;Landwirtschaftliche Produkte;LWPR-2111;Jungbullen;106,9;2020=100;PRE018;Erzeugerpreisindizes landwirtschaftlicher Produkte
61211;Index der Erzeugerpreise landwirtschaftl. Produkte;JAHR;Jahr;2011;DINSG;Deutschland insgesamt;DG;Deutschland;PROAT1;Landwirtschaftliche Produkte;LWPR;Erzeugung landwirtschaftlicher Produkte;99,8;2020=100;PRE018;Erzeugerpreisindizes landwirtschaftlicher Produkte
61211;Index der Erzeugerpreise landwirtschaftl. Produkte;JAHR;Jahr;2009;DINSG;Deutschland insgesamt;DG;Deutschland;PROAT1;Landwirtschaftliche Produkte;LWPR-21;Tiere;90,5;2020=100;PRE018;Erzeugerpreisindizes landwirtschaftlicher Produkte
61211;Index der Erzeugerpreise landwirtschaftl. Produkte;JAHR;Jahr;2021;DINSG;Deutschland insgesamt;DG;Deutschland;PROAT1;Landwirtschaftliche Produkte;LWPR-152;Pflanzen und Blumen;115,4;2020=100;PRE018;Erzeugerpreisindizes landwirtschaftlicher Produkte
61211;Index der Erzeugerpreise landwirtschaftl. Produkte;JAHR;Jahr;2016;DINSG;Deutschland insgesamt;DG;Deutschland;PROAT1;Landwirtschaftliche Produkte;LWPR-1523;Baumschulerzeugnisse;88,9;2020=100;PRE018;Erzeugerpreisindizes landwirtschaftlicher Produkte
61211;Index der Erzeugerpreise landwirtschaftl. Produkte;JAHR;Jahr;1999;DINSG;Deutschland insgesamt;DG;Deutschland;PROAT1;Landwirtschaftliche Produkte;LWPR-2111;Jungbullen;74,8;2020=100;PRE018;Erzeugerpreisindizes landwirtschaftlicher Produkte
61211;Index der Erzeugerpreise landwirtschaftl. Produkte;JAHR;Jahr;2011;DINSG;Deutschland insgesamt;DG;Deutschland;PROAT1;Landwirtschaftliche Produkte;LWPR-122;Getreidesaatgut;104,5;2020=100;PRE018;Erzeugerpreisindizes landwirtschaftlicher Produkte
61211;Index der Erzeugerpreise landwirtschaftl. Produkte;JAHR;Jahr;1968;DINSG;Deutschland insgesamt;DG;Deutschland;PROAT1;Landwirtschaftliche Produkte;LWPR-1517;Salat;-;2020=100;PRE018;Erzeugerpreisindizes landwirtschaftlicher Produkte
61211;Index der Erzeugerpreise landwirtschaftl. Produkte;JAHR;Jahr;2016;DINSG;Deutschland insgesamt;DG;Deutschland;PROAT1;Landwirtschaftliche Produkte;LWPR-132;Zuckerrüben;111,4;2020=100;PRE018;Erzeugerpreisindizes landwirtschaftlicher Produkte
61211;Index der Erzeugerpreise landwirtschaftl. Produkte;JAHR;Jahr;1970;DINSG;Deutschland insgesamt;DG;Deutschland;PROAT1;Landwirtschaftliche Produkte;LWPR;Erzeugung landwirtschaftlicher Produkte;64,3;2020=100;PRE018;Erzeugerpreisindizes landwirtschaftlicher Produkte
61211;Index der Erzeugerpreise landwirtschaftl. Produkte;JAHR;Jahr;2005;DINSG;Deutschland insgesamt;DG;Deutschland;PROAT1;Landwirtschaftliche Produkte;LWPR-1513;Gurken;92,5;2020=100;PRE018;Erzeugerpreisindizes landwirtschaftlicher Produkte
61211;Index der Erzeugerpreise landwirtschaftl. Produkte;JAHR;Jahr;2022;DINSG;Deutschland insgesamt;DG;Deutschland;PROAT1;Landwirtschaftliche Produkte;LWPR-1515;Spargel;122,1;2020=100;PRE018;Erzeugerpreisindizes landwirtschaftlicher Produkte
61211;Index der Erzeugerpreise landwirtschaftl. Produkte;JAHR;Jahr;1987;DINSG;Deutschland insgesamt;DG;Deutschland;PROAT1;Landwirtschaftliche Produkte;LWPR-16;Obst;62,5;2020=100;PRE018;Erzeugerpreisindizes landwirtschaftlicher Produkte
61211;Index der Erzeugerpreise landwirtschaftl. Produkte;JAHR;Jahr;1970;DINSG;Deutschland insgesamt;DG;Deutschland;PROAT1;Landwirtschaftliche Produkte;LWPR-122;Getreidesaatgut;101,0;2020=100;PRE018;Erzeugerpreisindizes landwirtschaftlicher Produkte
61211;Index der Erzeugerpreise landwirtschaftl. Produkte;JAHR;Jahr;1980;DINSG;Deutschland insgesamt;DG;Deutschland;PROAT1;Landwirtschaftliche Produkte;LWPR-152;Pflanzen und Blumen;65,8;2020=100;PRE018;Erzeugerpreisindizes landwirtschaftlicher Produkte
61211;Index der Erzeugerpreise landwirtschaftl. Produkte;JAHR;Jahr;2013;DINSG;Deutschland insgesamt;DG;Deutschland;PROAT1;Landwirtschaftliche Produkte;LWPR-2114;Kälber;125,4;2020=100;PRE018;Erzeugerpreisindizes landwirtschaftlicher Produkte
61211;Index der Erzeugerpreise landwirtschaftl. Produkte;JAHR;Jahr;2007;DINSG;Deutschland insgesamt;DG;Deutschland;PROAT1;Landwirtschaftliche Produkte;LWPR-133;Futterpflanzen;-;2020=100;PRE018;Erzeugerpreisindizes landwirtschaftlicher Produkte
61211;Index der Erzeugerpreise landwirtschaftl. Produkte;JAHR;Jahr;1981;DINSG;Deutschland insgesamt;DG;Deutschland;PROAT1;Landwirtschaftliche Produkte;LWPR-14;Kartoffeln (einschließlich Pflanzkartoffeln);43,5;2020=100;PRE018;Erzeugerpreisindizes landwirtschaftlicher Produkte
61211;Index der Erzeugerpreise landwirtschaftl. Produkte;JAHR;Jahr;2013;DINSG;Deutschland insgesamt;DG;Deutschland;PROAT1;Landwirtschaftliche Produkte;LWPR-1521;Schnittblumen;89,2;2020=100;PRE018;Erzeugerpreisindizes landwirtschaftlicher Produkte
61211;Index der Erzeugerpreise landwirtschaftl. Produkte;JAHR;Jahr;2005;DINSG;Deutschland insgesamt;DG;Deutschland;PROAT1;Landwirtschaftliche Produkte;LWPR-213;Schafe und Ziegen;63,3;2020=100;PRE018;Erzeugerpreisindizes landwirtschaftlicher Produkte
61211;Index der Erzeugerpreise landwirtschaftl. Produkte;JAHR;Jahr;2024;DINSG;Deutschland insgesamt;DG;Deutschland;PROAT1;Landwirtschaftliche Produkte;LWPR-1215;Braugerste;136,9;2020=100;PRE018;Erzeugerpreisindizes landwirtschaftlicher Produkte
61211;Index der Erzeugerpreise landwirtschaftl. Produkte;JAHR;Jahr;1979;DINSG;Deutschland insgesamt;DG;Deutschland;PROAT1;Landwirtschaftliche Produkte;LWPR-2;Tierische Erzeugung;94,5;2020=100;PRE018;Erzeugerpreisindizes landwirtschaftlicher Produkte
61211;Index der Erzeugerpreise landwirtschaftl. Produkte;JAHR;Jahr;1992;DINSG;Deutschland insgesamt;DG;Deutschland;PROAT1;Landwirtschaftliche Produkte;LWPR-2112;Kühe;90,8;2020=100;PRE018;Erzeugerpreisindizes landwirtschaftlicher Produkte
61211;Index der Erzeugerpreise landwirtschaftl. Produkte;JAHR;Jahr;1993;DINSG;Deutschland insgesamt;DG;Deutschland;PROAT1;Landwirtschaftliche Produkte;LWPR-2142;Sonstiges Geflügel;86,9;2020=100;PRE018;Erzeugerpreisindizes landwirtschaftlicher Produkte
61211;Index der Erzeugerpreise landwirtschaftl. Produkte;JAHR;Jahr;1970;DINSG;Deutschland insgesamt;DG;Deutschland;PROAT1;Landwirtschaftliche Produkte;LWPR-2;Tierische Erzeugung;69,9;2020=100;PRE018;Erzeugerpreisindizes landwirtschaftlicher Produkte
61211;Index der Erzeugerpreise landwirtschaftl. Produkte;JAHR;Jahr;2000;DINSG;Deutschland insgesamt;DG;Deutschland;PROAT1;Landwirtschaftliche Produkte;LWPR-2141;Hähnchen;68,5;2020=100;PRE018;Erzeugerpreisindizes landwirtschaftlicher Produkte
61211;Index der Erzeugerpreise landwirtschaftl. Produkte;JAHR;Jahr;2020;DINSG;Deutschland insgesamt;DG;Deutschland;PROAT1;Landwirtschaftliche Produkte;LWPR-121;Getreide;100,0;2020=100;PRE018;Erzeugerpreisindizes landwirtschaftlicher Produkte
61211;Index der Erzeugerpreise landwirtschaftl. Produkte;JAHR;Jahr;1987;DINSG;Deutschland insgesamt;DG;Deutschland;PROAT1;Landwirtschaftliche Produkte;LWPR-212;Schweine;92,1;2020=100;PRE018;Erzeugerpreisindizes landwirtschaftlicher Produkte
61211;Index der Erzeugerpreise landwirtschaftl. Produkte;JAHR;Jahr;1976;DINSG;Deutschland insgesamt;DG;Deutschland;PROAT1;Landwirtschaftliche Produkte;LWPR-1516;Kohlgemüse;-;2020=100;PRE018;Erzeugerpreisindizes landwirtschaftlicher Produkte
61211;Index der Erzeugerpreise landwirtschaftl. Produkte;JAHR;Jahr;1982;DINSG;Deutschland insgesamt;DG;Deutschland;PROAT1;Landwirtschaftliche Produkte;LWPR-2141;Hähnchen;96,0;2020=100;PRE018;Erzeugerpreisindizes landwirtschaftlicher Produkte
61211;Index der Erzeugerpreise landwirtschaftl. Produkte;JAHR;Jahr;1999;DINSG;Deutschland insgesamt;DG;Deutschland;PROAT1;Landwirtschaftliche Produkte;LWPR-23;Eier;36,6;2020=100;PRE018;Erzeugerpreisindizes landwirtschaftlicher Produkte
61211;Index der Erzeugerpreise landwirtschaftl. Produkte;JAHR;Jahr;2008;DINSG;Deutschland insgesamt;DG;Deutschland;PROAT1;Landwirtschaftliche Produkte;LWPR-1515;Spargel;-;2020=100;PRE018;Erzeugerpreisindizes landwirtschaftlicher Produkte
61211;Index der Erzeugerpreise landwirtschaftl. Produkte;JAHR;Jahr;2010;DINSG;Deutschland insgesamt;DG;Deutschland;PROAT1;Landwirtschaftliche Produkte;LWPR-2112;Kühe;88,5;2020=100;PRE018;Erzeugerpreisindizes landwirtschaftlicher Produkte
61211;Index der Erzeugerpreise landwirtschaftl. Produkte;JAHR;Jahr;1981;DINSG;Deutschland insgesamt;DG;Deutschland;PROAT1;Landwirtschaftliche Produkte;LWPR-2111;Jungbullen;105,2;2020=100;PRE018;Erzeugerpreisindizes landwirtschaftlicher Produkte
61211;Index der Erzeugerpreise landwirtschaftl. Produkte;JAHR;Jahr;1979;DINSG;Deutschland insgesamt;DG;Deutschland;PROAT1;Landwirtschaftliche Produkte;LWPR-133;Futterpflanzen;-;2020=100;PRE018;Erzeugerpreisindizes landwirtschaftlicher Produkte
61211;Index der Erzeugerpreise landwirtschaftl. Produkte;JAHR;Jahr;1980;DINSG;Deutschland insgesamt;DG;Deutschland;PROAT1;Landwirtschaftliche Produkte;LWPR-1523;Baumschulerzeugnisse;53,0;2020=100;PRE018;Erzeugerpreisindizes landwirtschaftlicher Produkte
61211;Index der Erzeugerpreise landwirtschaftl. Produkte;JAHR;Jahr;1983;DINSG;Deutschland insgesamt;DG;Deutschland;PROAT1;Landwirtschaftliche Produkte;LWPR-122;Getreidesaatgut;130,3;2020=100;PRE018;Erzeugerpreisindizes landwirtschaftlicher Produkte
61211;Index der Erzeugerpreise landwirtschaftl. Produkte;JAHR;Jahr;2021;DINSG;Deutschland insgesamt;DG;Deutschland;PROAT1;Landwirtschaftliche Produkte;LWPR-1213;Futterweizen;127,7;2020=100;PRE018;Erzeugerpreisindizes landwirtschaftlicher Produkte
61211;Index der Erzeugerpreise landwirtschaftl. Produkte;JAHR;Jahr;2002;DINSG;Deutschland insgesamt;DG;Deutschland;PROAT1;Landwirtschaftliche Produkte;LWPR-2;Tierische Erzeugung;83,7;2020=100;PRE018;Erzeugerpreisindizes landwirtschaftlicher Produkte
61211;Index der Erzeugerpreise landwirtschaftl. Produkte;JAHR;Jahr;1995;DINSG;Deutschland insgesamt;DG;Deutschland;PROAT1;Landwirtschaftliche Produkte;LWPR-1521;Schnittblumen;59,6;2020=100;PRE018;Erzeugerpreisindizes landwirtschaftlicher Produkte
61211;Index der Erzeugerpreise landwirtschaftl. Produkte;JAHR;Jahr;1977;DINSG;Deutschland insgesamt;DG;Deutschland;PROAT1;Landwirtschaftliche Produkte;LWPR-1511;Blumenkohl;26,0;2020=100;PRE018;Erzeugerpreisindizes landwirtschaftlicher Produkte
61211;Index der Erzeugerpreise landwirtschaftl. Produkte;JAHR;Jahr;1995;DINSG;Deutschland insgesamt;DG;Deutschland;PROAT1;Landwirtschaftliche Produkte;LWPR-2114;Kälber;101,5;2020=100;PRE018;Erzeugerpreisindizes landwirtschaftlicher Produkte
61211;Index der Erzeugerpreise landwirtschaftl. Produkte;JAHR;Jahr;1993;DINSG;Deutschland insgesamt;DG;Deutschland;PROAT1;Landwirtschaftliche Produkte;LWPR-152;Pflanzen und Blumen;81,4;2020=100;PRE018;Erzeugerpreisindizes landwirtschaftlicher Produkte
61211;Index der Erzeugerpreise landwirtschaftl. Produkte;JAHR;Jahr;1984;DINSG;Deutschland insgesamt;DG;Deutschland;PROAT1;Landwirtschaftliche Produkte;LWPR-15;Erzeugnisse des Gemüse- und Gartenbaus;63,1;2020=100;PRE018;Erzeugerpreisindizes landwirtschaftlicher Produkte
61211;Index der Erzeugerpreise landwirtschaftl. Produkte;JAHR;Jahr;1989;DINSG;Deutschland insgesamt;DG;Deutschland;PROAT1;Landwirtschaftliche Produkte;LWPR-14;Kartoffeln (einschließlich Pflanzkartoffeln);58,2;2020=100;PRE018;Erzeugerpreisindizes landwirtschaftlicher Produkte
61211;Index der Erzeugerpreise landwirtschaftl. Produkte;JAHR;Jahr;1978;DINSG;Deutschland insgesamt;DG;Deutschland;PROAT1;Landwirtschaftliche Produkte;LWPR-1212;Brotroggen;150,1;2020=100;PRE018;Erzeugerpreisindizes landwirtschaftlicher Produkte
61211;Index der Erzeugerpreise landwirtschaftl. Produkte;JAHR;Jahr;1970;DINSG;Deutschland insgesamt;DG;Deutschland;PROAT1;Landwirtschaftliche Produkte;LWPR-15;Erzeugnisse des Gemüse- und Gartenbaus;37,2;2020=100;PRE018;Erzeugerpreisindizes landwirtschaftlicher Produkte
61211;Index der Erzeugerpreise landwirtschaftl. Produkte;JAHR;Jahr;1993;DINSG;Deutschland insgesamt;DG;Deutschland;PROAT1;Landwirtschaftliche Produkte;LWPR-1211;Brotweizen;82,7;2020=100;PRE018;Erzeugerpreisindizes landwirtschaftlicher Produkte
61211;Index der Erzeugerpreise landwirtschaftl. Produkte;JAHR;Jahr;1968;DINSG;Deutschland insgesamt;DG;Deutschland;PROAT1;Landwirtschaftliche Produkte;LWPR-214;Geflügel;81,1;2020=100;PRE018;Erzeugerpreisindizes landwirtschaftlicher Produkte
61211;Index der Erzeugerpreise landwirtschaftl. Produkte;JAHR;Jahr;2001;DINSG;Deutschland insgesamt;DG;Deutschland;PROAT1;Landwirtschaftliche Produkte;LWPR-1516;Kohlgemüse;-;2020=100;PRE018;Erzeugerpreisindizes landwirtschaftlicher Produkte
61211;Index der Erzeugerpreise landwirtschaftl. Produkte;JAHR;Jahr;1984;DINSG;Deutschland insgesamt;DG;Deutschland;PROAT1;Landwirtschaftliche Produkte;LWPR-2113;Färsen;101,7;2020=100;PRE018;Erzeugerpreisindizes landwirtschaftlicher Produkte
61211;Index der Erzeugerpreise landwirtschaftl. Produkte;JAHR;Jahr;2009;DINSG;Deutschland insgesamt;DG;Deutschland;PROAT1;Landwirtschaftliche Produkte;LWPR-12;Getreide (einschließlich Saatgut);64,3;2020=100;PRE018;Erzeugerpreisindizes landwirtschaftlicher Produkte
61211;Index der Erzeugerpreise landwirtschaftl. Produkte;JAHR;Jahr;1975;DINSG;Deutschland insgesamt;DG;Deutschland;PROAT1;Landwirtschaftliche Produkte;LWPR-1517;Salat;-;2020=100;PRE018;Erzeugerpreisindizes landwirtschaftlicher Produkte
61211;Index der Erzeugerpreise landwirtschaftl. Produkte;JAHR;Jahr;2017;DINSG;Deutschland insgesamt;DG;Deutschland;PROAT1;Landwirtschaftliche Produkte;LWPR-1215;Braugerste;106,4;2020=100;PRE018;Erzeugerpreisindizes landwirtschaftlicher Produkte
61211;Index der Erzeugerpreise landwirtschaftl. Produkte;JAHR;Jahr;1976;DINSG;Deutschland insgesamt;DG;Deutschland;PROAT1;Landwirtschaftliche Produkte;LWPR-1512;Tomaten;-;2020=100;PRE018;Erzeugerpreisindizes landwirtschaftlicher Produkte
61211;Index der Erzeugerpreise landwirtschaftl. Produkte;JAHR;Jahr;2009;DINSG;Deutschland insgesamt;DG;Deutschland;PROAT1;Landwirtschaftliche Produkte;LWPR-2112;Kühe;86,6;2020=100;PRE018;Erzeugerpreisindizes landwirtschaftlicher Produkte
61211;Index der Erzeugerpreise landwirtschaftl. Produkte;JAHR;Jahr;2009;DINSG;Deutschland insgesamt;DG;Deutschland;PROAT1;Landwirtschaftliche Produkte;LWPR-1523;Baumschulerzeugnisse;95,6;2020=100;PRE018;Erzeugerpreisindizes landwirtschaftlicher Produkte
61211;Index der Erzeugerpreise landwirtschaftl. Produkte;JAHR;Jahr;2017;DINSG;Deutschland insgesamt;DG;Deutschland;PROAT1;Landwirtschaftliche Produkte;LWPR-141;Speisekartoffeln;106,9;2020=100;PRE018;Erzeugerpreisindizes landwirtschaftlicher Produkte
61211;Index der Erzeugerpreise landwirtschaftl. Produkte;JAHR;Jahr;1981;DINSG;Deutschland insgesamt;DG;Deutschland;PROAT1;Landwirtschaftliche Produkte;LWPR-1522;Topfpflanzen;88,2;2020=100;PRE018;Erzeugerpreisindizes landwirtschaftlicher Produkte
61211;Index der Erzeugerpreise landwirtschaftl. Produkte;JAHR;Jahr;1973;DINSG;Deutschland insgesamt;DG;Deutschland;PROAT1;Landwirtschaftliche Produkte;LWPR-212;Schweine;129,0;2020=100;PRE018;Erzeugerpreisindizes landwirtschaftlicher Produkte
61211;Index der Erzeugerpreise landwirtschaftl. Produkte;JAHR;Jahr;1996;DINSG;Deutschland insgesamt;DG;Deutschland;PROAT1;Landwirtschaftliche Produkte;LWPR-1213;Futterweizen;74,5;2020=100;PRE018;Erzeugerpreisindizes landwirtschaftlicher Produkte
61211;Index der Erzeugerpreise landwirtschaftl. Produkte;JAHR;Jahr;1992;DINSG;Deutschland insgesamt;DG;Deutschland;PROAT1;Landwirtschaftliche Produkte;LWPR-1216;Körnermais;107,9;2020=100;PRE018;Erzeugerpreisindizes landwirtschaftlicher Produkte
61211;Index der Erzeugerpreise landwirtschaftl. Produkte;JAHR;Jahr;1983;DINSG;Deutschland insgesamt;DG;Deutschland;PROAT1;Landwirtschaftliche Produkte;LWPR-16;Obst;63,9;2020=100;PRE018;Erzeugerpreisindizes landwirtschaftlicher Produkte
61211;Index der Erzeugerpreise landwirtschaftl. Produkte;JAHR;Jahr;1974;DINSG;Deutschland insgesamt;DG;Deutschland;PROAT1;Landwirtschaftliche Produkte;LWPR-1;Pflanzliche Erzeugung;58,9;2020=100;PRE018;Erzeugerpreisindizes landwirtschaftlicher Produkte
61211;Index der Erzeugerpreise landwirtschaftl. Produkte;JAHR;Jahr;2025;DINSG;Deutschland insgesamt;DG;Deutschland;PROAT1;Landwirtschaftliche Produkte;LWPR-1517;Salat;121,2;2020=100;PRE018;Erzeugerpreisindizes landwirtschaftlicher Produkte
61211;Index der Erzeugerpreise landwirtschaftl. Produkte;JAHR;Jahr;2002;DINSG;Deutschland insgesamt;DG;Deutschland;PROAT1;Landwirtschaftliche Produkte;LWPR-1511;Blumenkohl;33,7;2020=100;PRE018;Erzeugerpreisindizes landwirtschaftlicher Produkte
61211;Index der Erzeugerpreise landwirtschaftl. Produkte;JAHR;Jahr;1999;DINSG;Deutschland insgesamt;DG;Deutschland;PROAT1;Landwirtschaftliche Produkte;LWPR-212;Schweine;69,7;2020=100;PRE018;Erzeugerpreisindizes landwirtschaftlicher Produkte
61211;Index der Erzeugerpreise landwirtschaftl. Produkte;JAHR;Jahr;1976;DINSG;Deutschland insgesamt;DG;Deutschland;PROAT1;Landwirtschaftliche Produkte;LWPR-17;Wein;-;2020=100;PRE018;Erzeugerpreisindizes landwirtschaftlicher Produkte
61211;Index der Erzeugerpreise landwirtschaftl. Produkte;JAHR;Jahr;1979;DINSG;Deutschland insgesamt;DG;Deutschland;PROAT1;Landwirtschaftliche Produkte;LWPR-2142;Sonstiges Geflügel;100,3;2020=100;PRE018;Erzeugerpreisindizes landwirtschaftlicher Produkte
61211;Index der Erzeugerpreise landwirtschaftl. Produkte;JAHR;Jahr;2021;DINSG;Deutschland insgesamt;DG;Deutschland;PROAT1;Landwirtschaftliche Produkte;LWPR-2;Tierische Erzeugung;102,1;2020=100;PRE018;Erzeugerpreisindizes landwirtschaftlicher Produkte
61211;Index der Erzeugerpreise landwirtschaftl. Produkte;JAHR;Jahr;1972;DINSG;Deutschland insgesamt;DG;Deutschland;PROAT1;Landwirtschaftliche Produkte;LWPR-1515;Spargel;-;2020=100;PRE018;Erzeugerpreisindizes landwirtschaftlicher Produkte
61211;Index der Erzeugerpreise landwirtschaftl. Produkte;JAHR;Jahr;2021;DINSG;Deutschland insgesamt;DG;Deutschland;PROAT1;Landwirtschaftliche Produkte;LWPR-17;Wein;101,3;2020=100;PRE018;Erzeugerpreisindizes landwirtschaftlicher Produkte
61211;Index der Erzeugerpreise landwirtschaftl. Produkte;JAHR;Jahr;2004;DINSG;Deutschland insgesamt;DG;Deutschland;PROAT1;Landwirtschaftliche Produkte;LWPR-22;Milch;86,6;2020=100;PRE018;Erzeugerpreisindizes landwirtschaftlicher Produkte
61211;Index der Erzeugerpreise landwirtschaftl. Produkte;JAHR;Jahr;2015;DINSG;Deutschland insgesamt;DG;Deutschland;PROAT1;Landwirtschaftliche Produkte;LWPR-212;Schweine;87,9;2020=100;PRE018;Erzeugerpreisindizes landwirtschaftlicher Produkte
61211;Index der Erzeugerpreise landwirtschaftl. Produkte;JAHR;Jahr;1991;DINSG;Deutschland insgesamt;DG;Deutschland;PROAT1;Landwirtschaftliche Produkte;LWPR-214;Geflügel;86,3;2020=100;PRE018;Erzeugerpreisindizes landwirtschaftlicher Produkte
61211;Index der Erzeugerpreise landwirtschaftl. Produkte;JAHR;Jahr;1982;DINSG;Deutschland insgesamt;DG;Deutschland;PROAT1;Landwirtschaftliche Produkte;LWPR-22;Milch;92,8;2020=100;PRE018;Erzeugerpreisindizes landwirtschaftlicher Produkte
61211;Index der Erzeugerpreise landwirtschaftl. Produkte;JAHR;Jahr;1986;DINSG;Deutschland insgesamt;DG;Deutschland;PROAT1;Landwirtschaftliche Produkte;LWPR-13;Handelsgewächse;142,7;2020=100;PRE018;Erzeugerpreisindizes landwirtschaftlicher Produkte
61211;Index der Erzeugerpreise landwirtschaftl. Produkte;JAHR;Jahr;2011;DINSG;Deutschland insgesamt;DG;Deutschland;PROAT1;Landwirtschaftliche Produkte;LWPR-211;Rinder;102,6;2020=100;PRE018;Erzeugerpreisindizes landwirtschaftlicher Produkte
61211;Index der Erzeugerpreise landwirtschaftl. Produkte;JAHR;Jahr;2002;DINSG;Deutschland insgesamt;DG;Deutschland;PROAT1;Landwirtschaftliche Produkte;LWPR-132;Zuckerrüben;119,8;2020=100;PRE018;Erzeugerpreisindizes landwirtschaftlicher Produkte
61211;Index der Erzeugerpreise landwirtschaftl. Produkte;JAHR;Jahr;2012;DINSG;Deutschland insgesamt;DG;Deutschland;PROAT1;Landwirtschaftliche Produkte;LWPR-162;Erdbeeren;44,2;2020=100;PRE018;Erzeugerpreisindizes landwirtschaftlicher Produkte
61211;Index der Erzeugerpreise landwirtschaftl. Produkte;JAHR;Jahr;2018;DINSG;Deutschland insgesamt;DG;Deutschland;PROAT1;Landwirtschaftliche Produkte;LWPR-213;Schafe und Ziegen;92,2;2020=100;PRE018;Erzeugerpreisindizes landwirtschaftlicher Produkte
61211;Index der Erzeugerpreise landwirtschaftl. Produkte;JAHR;Jahr;1997;DINSG;Deutschland insgesamt;DG;Deutschland;PROAT1;Landwirtschaftliche Produkte;LWPR-21;Tiere;91,6;2020=100;PRE018;Erzeugerpreisindizes landwirtschaftlicher Produkte
61211;Index der Erzeugerpreise landwirtschaftl. Produkte;JAHR;Jahr;1996;DINSG;Deutschland insgesamt;DG;Deutschland;PROAT1;Landwirtschaftliche Produkte;LWPR-211;Rinder;74,4;2020=100;PRE018;Erzeugerpreisindizes landwirtschaftlicher Produkte
61211;Index der Erzeugerpreise landwirtschaftl. Produkte;JAHR;Jahr;1992;DINSG;Deutschland insgesamt;DG;Deutschland;PROAT1;Landwirtschaftliche Produkte;LWPR-22;Milch;95,2;2020=100;PRE018;Erzeugerpreisindizes landwirtschaftlicher Produkte
61211;Index der Erzeugerpreise landwirtschaftl. Produkte;JAHR;Jahr;1981;DINSG;Deutschland insgesamt;DG;Deutschland;PROAT1;Landwirtschaftliche Produkte;LWPR-152;Pflanzen und Blumen;67,8;2020=100;PRE018;Erzeugerpreisindizes landwirtschaftlicher Produkte
61211;Index der Erzeugerpreise landwirtschaftl. Produkte;JAHR;Jahr;1997;DINSG;Deutschland insgesamt;DG;Deutschland;PROAT1;Landwirtschaftliche Produkte;LWPR-122;Getreidesaatgut;85,6;2020=100;PRE018;Erzeugerpreisindizes landwirtschaftlicher Produkte
61211;Index der Erzeugerpreise landwirtschaftl. Produkte;JAHR;Jahr;2005;DINSG;Deutschland insgesamt;DG;Deutschland;PROAT1;Landwirtschaftliche Produkte;LWPR-21;Tiere;86,7;2020=100;PRE018;Erzeugerpreisindizes landwirtschaftlicher Produkte
61211;Index der Erzeugerpreise landwirtschaftl. Produkte;JAHR;Jahr;2014;DINSG;Deutschland insgesamt;DG;Deutschland;PROAT1;Landwirtschaftliche Produkte;LWPR-212;Schweine;97,6;2020=100;PRE018;Erzeugerpreisindizes landwirtschaftlicher Produkte
61211;Index der Erzeugerpreise landwirtschaftl. Produkte;JAHR;Jahr;1988;DINSG;Deutschland insgesamt;DG;Deutschland;PROAT1;Landwirtschaftliche Produkte;LWPR-141;Speisekartoffeln;32,5;2020=100;PRE018;Erzeugerpreisindizes landwirtschaftlicher Produkte
61211;Index der Erzeugerpreise landwirtschaftl. Produkte;JAHR;Jahr;1974;DINSG;Deutschland insgesamt;DG;Deutschland;PROAT1;Landwirtschaftliche Produkte;LWPR-1211;Brotweizen;115,4;2020=100;PRE018;Erzeugerpreisindizes landwirtschaftlicher Produkte
61211;Index der Erzeugerpreise landwirtschaftl. Produkte;JAHR;Jahr;1978;DINSG;Deutschland insgesamt;DG;Deutschland;PROAT1;Landwirtschaftliche Produkte;LWPR-2112;Kühe;113,5;2020=100;PRE018;Erzeugerpreisindizes landwirtschaftlicher Produkte
61211;Index der Erzeugerpreise landwirtschaftl. Produkte;JAHR;Jahr;1971;DINSG;Deutschland insgesamt;DG;Deutschland;PROAT1;Landwirtschaftliche Produkte;LWPR-122;Getreidesaatgut;89,1;2020=100;PRE018;Erzeugerpreisindizes landwirtschaftlicher Produkte
61211;Index der Erzeugerpreise landwirtschaftl. Produkte;JAHR;Jahr;1996;DINSG;Deutschland insgesamt;DG;Deutschland;PROAT1;Landwirtschaftliche Produkte;LWPR-13;Handelsgewächse;97,7;2020=100;PRE018;Erzeugerpreisindizes landwirtschaftlicher Produkte
61211;Index der Erzeugerpreise landwirtschaftl. Produkte;JAHR;Jahr;2002;DINSG;Deutschland insgesamt;DG;Deutschland;PROAT1;Landwirtschaftliche Produkte;LWPR-2113;Färsen;64,6;2020=100;PRE018;Erzeugerpreisindizes landwirtschaftlicher Produkte
61211;Index der Erzeugerpreise landwirtschaftl. Produkte;JAHR;Jahr;2019;DINSG;Deutschland insgesamt;DG;Deutschland;PROAT1;Landwirtschaftliche Produkte;LWPR-1516;Kohlgemüse;101,1;2020=100;PRE018;Erzeugerpreisindizes landwirtschaftlicher Produkte
61211;Index der Erzeugerpreise landwirtschaftl. Produkte;JAHR;Jahr;1970;DINSG;Deutschland insgesamt;DG;Deutschland;PROAT1;Landwirtschaftliche Produkte;LWPR-211;Rinder;74,6;2020=100;PRE018;Erzeugerpreisindizes landwirtschaftlicher Produkte
61211;Index der Erzeugerpreise landwirtschaftl. Produkte;JAHR;Jahr;2003;DINSG;Deutschland insgesamt;DG;Deutschland;PROAT1;Landwirtschaftliche Produkte;LWPR-141;Speisekartoffeln;45,9;2020=100;PRE018;Erzeugerpreisindizes landwirtschaftlicher Produkte
61211;Index der Erzeugerpreise landwirtschaftl. Produkte;JAHR;Jahr;2020;DINSG;Deutschland insgesamt;DG;Deutschland;PROAT1;Landwirtschaftliche Produkte;LWPR-14;Kartoffeln (einschließlich Pflanzkartoffeln);100,0;2020=100;PRE018;Erzeugerpreisindizes landwirtschaftlicher Produkte
61211;Index der Erzeugerpreise landwirtschaftl. Produkte;JAHR;Jahr;2011;DINSG;Deutschland insgesamt;DG;Deutschland;PROAT1;Landwirtschaftliche Produkte;LWPR-1211;Brotweizen;115,2;2020=100;PRE018;Erzeugerpreisindizes landwirtschaftlicher Produkte
61211;Index der Erzeugerpreise landwirtschaftl. Produkte;JAHR;Jahr;1988;DINSG;Deutschland insgesamt;DG;Deutschland;PROAT1;Landwirtschaftliche Produkte;LWPR-1214;Futtergerste;117,4;2020=100;PRE018;Erzeugerpreisindizes landwirtschaftlicher Produkte
61211;Index der Erzeugerpreise landwirtschaftl. Produkte;JAHR;Jahr;1994;DINSG;Deutschland insgesamt;DG;Deutschland;PROAT1;Landwirtschaftliche Produkte;LWPR-1517;Salat;-;2020=100;PRE018;Erzeugerpreisindizes landwirtschaftlicher Produkte
61211;Index der Erzeugerpreise landwirtschaftl. Produkte;JAHR;Jahr;2021;DINSG;Deutschland insgesamt;DG;Deutschland;PROAT1;Landwirtschaftliche Produkte;LWPR-121;Getreide;129,1;2020=100;PRE018;Erzeugerpreisindizes landwirtschaftlicher Produkte
61211;Index der Erzeugerpreise landwirtschaftl. Produkte;JAHR;Jahr;1980;DINSG;Deutschland insgesamt;DG;Deutschland;PROAT1;Landwirtschaftliche Produkte;LWPR-1514;Champignons;-;2020=100;PRE018;Erzeugerpreisindizes landwirtschaftlicher Produkte
61211;Index der Erzeugerpreise landwirtschaftl. Produkte;JAHR;Jahr;2009;DINSG;Deutschland insgesamt;DG;Deutschland;PROAT1;Landwirtschaftliche Produkte;LWPR-214;Geflügel;95,9;2020=100;PRE018;Erzeugerpreisindizes landwirtschaftlicher Produkte
61211;Index der Erzeugerpreise landwirtschaftl. Produkte;JAHR;Jahr;2016;DINSG;Deutschland insgesamt;DG;Deutschland;PROAT1;Landwirtschaftliche Produkte;LWPR-1514;Champignons;91,7;2020=100;PRE018;Erzeugerpreisindizes landwirtschaftlicher Produkte
61211;Index der Erzeugerpreise landwirtschaftl. Produkte;JAHR;Jahr;1969;DINSG;Deutschland insgesamt;DG;Deutschland;PROAT1;Landwirtschaftliche Produkte;LWPR-1512;Tomaten;-;2020=100;PRE018;Erzeugerpreisindizes landwirtschaftlicher Produkte
61211;Index der Erzeugerpreise landwirtschaftl. Produkte;JAHR;Jahr;1991;DINSG;Deutschland insgesamt;DG;Deutschland;PROAT1;Landwirtschaftliche Produkte;LWPR-2;Tierische Erzeugung;90,5;2020=100;PRE018;Erzeugerpreisindizes landwirtschaftlicher Produkte
61211;Index der Erzeugerpreise landwirtschaftl. Produkte;JAHR;Jahr;1973;DINSG;Deutschland insgesamt;DG;Deutschland;PROAT1;Landwirtschaftliche Produkte;LWPR-1216;Körnermais;105,6;2020=100;PRE018;Erzeugerpreisindizes landwirtschaftlicher Produkte
61211;Index der Erzeugerpreise landwirtschaftl. Produkte;JAHR;Jahr;1978;DINSG;Deutschland insgesamt;DG;Deutschland;PROAT1;Landwirtschaftliche Produkte;LWPR-133;Futterpflanzen;-;2020=100;PRE018;Erzeugerpreisindizes landwirtschaftlicher Produkte
61211;Index der Erzeugerpreise landwirtschaftl. Produkte;JAHR;Jahr;2024;DINSG;Deutschland insgesamt;DG;Deutschland;PROAT1;Landwirtschaftliche Produkte;LWPR-122;Getreidesaatgut;122,1;2020=100;PRE018;Erzeugerpreisindizes landwirtschaftlicher Produkte
61211;Index der Erzeugerpreise landwirtschaftl. Produkte;JAHR;Jahr;1984;DINSG;Deutschland insgesamt;DG;Deutschland;PROAT1;Landwirtschaftliche Produkte;LWPR-1511;Blumenkohl;27,7;2020=100;PRE018;Erzeugerpreisindizes landwirtschaftlicher Produkte
61211;Index der Erzeugerpreise landwirtschaftl. Produkte;JAHR;Jahr;1988;DINSG;Deutschland insgesamt;DG;Deutschland;PROAT1;Landwirtschaftliche Produkte;LWPR-15;Erzeugnisse des Gemüse- und Gartenbaus;63,0;2020=100;PRE018;Erzeugerpreisindizes landwirtschaftlicher Produkte
61211;Index der Erzeugerpreise landwirtschaftl. Produkte;JAHR;Jahr;2000;DINSG;Deutschland insgesamt;DG;Deutschland;PROAT1;Landwirtschaftliche Produkte;LWPR-162;Erdbeeren;60,0;2020=100;PRE018;Erzeugerpreisindizes landwirtschaftlicher Produkte
61211;Index der Erzeugerpreise landwirtschaftl. Produkte;JAHR;Jahr;2006;DINSG;Deutschland insgesamt;DG;Deutschland;PROAT1;Landwirtschaftliche Produkte;LWPR-213;Schafe und Ziegen;66,8;2020=100;PRE018;Erzeugerpreisindizes landwirtschaftlicher Produkte
61211;Index der Erzeugerpreise landwirtschaftl. Produkte;JAHR;Jahr;1973;DINSG;Deutschland insgesamt;DG;Deutschland;PROAT1;Landwirtschaftliche Produkte;LWPR-1523;Baumschulerzeugnisse;39,6;2020=100;PRE018;Erzeugerpreisindizes landwirtschaftlicher Produkte
61211;Index der Erzeugerpreise landwirtschaftl. Produkte;JAHR;Jahr;1974;DINSG;Deutschland insgesamt;DG;Deutschland;PROAT1;Landwirtschaftliche Produkte;LWPR-15;Erzeugnisse des Gemüse- und Gartenbaus;43,9;2020=100;PRE018;Erzeugerpreisindizes landwirtschaftlicher Produkte
61211;Index der Erzeugerpreise landwirtschaftl. Produkte;JAHR;Jahr;2014;DINSG;Deutschland insgesamt;DG;Deutschland;PROAT1;Landwirtschaftliche Produkte;LWPR-1213;Futterweizen;91,2;2020=100;PRE018;Erzeugerpreisindizes landwirtschaftlicher Produkte
61211;Index der Erzeugerpreise landwirtschaftl. Produkte;JAHR;Jahr;1985;DINSG;Deutschland insgesamt;DG;Deutschland;PROAT1;Landwirtschaftliche Produkte;LWPR-162;Erdbeeren;59,1;2020=100;PRE018;Erzeugerpreisindizes landwirtschaftlicher Produkte
61211;Index der Erzeugerpreise landwirtschaftl. Produkte;JAHR;Jahr;1995;DINSG;Deutschland insgesamt;DG;Deutschland;PROAT1;Landwirtschaftliche Produkte;LWPR-1512;Tomaten;74,3;2020=100;PRE018;Erzeugerpreisindizes landwirtschaftlicher Produkte
61211;Index der Erzeugerpreise landwirtschaftl. Produkte;JAHR;Jahr;2023;DINSG;Deutschland insgesamt;DG;Deutschland;PROAT1;Landwirtschaftliche Produkte;LWPR-211;Rinder;138,3;2020=100;PRE018;Erzeugerpreisindizes landwirtschaftlicher Produkte
61211;Index der Erzeugerpreise landwirtschaftl. Produkte;JAHR;Jahr;1985;DINSG;Deutschland insgesamt;DG;Deutschland;PROAT1;Landwirtschaftliche Produkte;LWPR-1212;Brotroggen;142,2;2020=100;PRE018;Erzeugerpreisindizes landwirtschaftlicher Produkte
61211;Index der Erzeugerpreise landwirtschaftl. Produkte;JAHR;Jahr;1998;DINSG;Deutschland insgesamt;DG;Deutschland;PROAT1;Landwirtschaftliche Produkte;LWPR-1514;Champignons;79,0;2020=100;PRE018;Erzeugerpreisindizes landwirtschaftlicher Produkte
61211;Index der Erzeugerpreise landwirtschaftl. Produkte;JAHR;Jahr;2013;DINSG;Deutschland insgesamt;DG;Deutschland;PROAT1;Landwirtschaftliche Produkte;LWPR-1512;Tomaten;91,0;2020=100;PRE018;Erzeugerpreisindizes landwirtschaftlicher Produkte
61211;Index der Erzeugerpreise landwirtschaftl. Produkte;JAHR;Jahr;1999;DINSG;Deutschland insgesamt;DG;Deutschland;PROAT1;Landwirtschaftliche Produkte;LWPR-1215;Braugerste;72,3;2020=100;PRE018;Erzeugerpreisindizes landwirtschaftlicher Produkte
61211;Index der Erzeugerpreise landwirtschaftl. Produkte;JAHR;Jahr;2025;DINSG;Deutschland insgesamt;DG;Deutschland;PROAT1;Landwirtschaftliche Produkte;LWPR-131;Raps;123,7;2020=100;PRE018;Erzeugerpreisindizes landwirtschaftlicher Produkte
61211;Index der Erzeugerpreise landwirtschaftl. Produkte;JAHR;Jahr;2006;DINSG;Deutschland insgesamt;DG;Deutschland;PROAT1;Landwirtschaftliche Produkte;LWPR-1521;Schnittblumen;76,3;2020=100;PRE018;Erzeugerpreisindizes landwirtschaftlicher Produkte
61211;Index der Erzeugerpreise landwirtschaftl. Produkte;JAHR;Jahr;1970;DINSG;Deutschland insgesamt;DG;Deutschland;PROAT1;Landwirtschaftliche Produkte;LWPR-1214;Futtergerste;109,7;2020=100;PRE018;Erzeugerpreisindizes landwirtschaftlicher Produkte
61211;Index der Erzeugerpreise landwirtschaftl. Produkte;JAHR;Jahr;1988;DINSG;Deutschland insgesamt;DG;Deutschland;PROAT1;Landwirtschaftliche Produkte;LWPR-1521;Schnittblumen;53,8;2020=100;PRE018;Erzeugerpreisindizes landwirtschaftlicher Produkte
61211;Index der Erzeugerpreise landwirtschaftl. Produkte;JAHR;Jahr;1983;DINSG;Deutschland insgesamt;DG;Deutschland;PROAT1;Landwirtschaftliche Produkte;LWPR-1516;Kohlgemüse;-;2020=100;PRE018;Erzeugerpreisindizes landwirtschaftlicher Produkte
61211;Index der Erzeugerpreise landwirtschaftl. Produkte;JAHR;Jahr;1976;DINSG;Deutschland insgesamt;DG;Deutschland;PROAT1;Landwirtschaftliche Produkte;LWPR-141;Speisekartoffeln;99,0;2020=100;PRE018;Erzeugerpreisindizes landwirtschaftlicher Produkte
61211;Index der Erzeugerpreise landwirtschaftl. Produkte;JAHR;Jahr;1976;DINSG;Deutschland insgesamt;DG;Deutschland;PROAT1;Landwirtschaftliche Produkte;LWPR-132;Zuckerrüben;123,1;2020=100;PRE018;Erzeugerpreisindizes landwirtschaftlicher Produkte
61211;Index der Erzeugerpreise landwirtschaftl. Produkte;JAHR;Jahr;1990;DINSG;Deutschland insgesamt;DG;Deutschland;PROAT1;Landwirtschaftliche Produkte;LWPR-1512;Tomaten;-;2020=100;PRE018;Erzeugerpreisindizes landwirtschaftlicher Produkte
61211;Index der Erzeugerpreise landwirtschaftl. Produkte;JAHR;Jahr;1980;DINSG;Deutschland insgesamt;DG;Deutschland;PROAT1;Landwirtschaftliche Produkte;LWPR;Erzeugung landwirtschaftlicher Produkte;94,2;2020=100;PRE018;Erzeugerpreisindizes landwirtschaftlicher Produkte
61211;Index der Erzeugerpreise landwirtschaftl. Produkte;JAHR;Jahr;2025;DINSG;Deutschland insgesamt;DG;Deutschland;PROAT1;Landwirtschaftliche Produkte;LWPR-13;Handelsgewächse;127,1;2020=100;PRE018;Erzeugerpreisindizes landwirtschaftlicher Produkte
61211;Index der Erzeugerpreise landwirtschaftl. Produkte;JAHR;Jahr;2010;DINSG;Deutschland insgesamt;DG;Deutschland;PROAT1;Landwirtschaftliche Produkte;LWPR-122;Getreidesaatgut;88,8;2020=100;PRE018;Erzeugerpreisindizes landwirtschaftlicher Produkte
61211;Index der Erzeugerpreise landwirtschaftl. Produkte;JAHR;Jahr;1999;DINSG;Deutschland insgesamt;DG;Deutschland;PROAT1;Landwirtschaftliche Produkte;LWPR-2142;Sonstiges Geflügel;72,4;2020=100;PRE018;Erzeugerpreisindizes landwirtschaftlicher Produkte
61211;Index der Erzeugerpreise landwirtschaftl. Produkte;JAHR;Jahr;2020;DINSG;Deutschland insgesamt;DG;Deutschland;PROAT1;Landwirtschaftliche Produkte;LWPR-152;Pflanzen und Blumen;100,0;2020=100;PRE018;Erzeugerpreisindizes landwirtschaftlicher Produkte
61211;Index der Erzeugerpreise landwirtschaftl. Produkte;JAHR;Jahr;2004;DINSG;Deutschland insgesamt;DG;Deutschland;PROAT1;Landwirtschaftliche Produkte;LWPR-1211;Brotweizen;65,2;2020=100;PRE018;Erzeugerpreisindizes landwirtschaftlicher Produkte
61211;Index der Erzeugerpreise landwirtschaftl. Produkte;JAHR;Jahr;2000;DINSG;Deutschland insgesamt;DG;Deutschland;PROAT1;Landwirtschaftliche Produkte;LWPR-22;Milch;93,3;2020=100;PRE018;Erzeugerpreisindizes landwirtschaftlicher Produkte
61211;Index der Erzeugerpreise landwirtschaftl. Produkte;JAHR;Jahr;1986;DINSG;Deutschland insgesamt;DG;Deutschland;PROAT1;Landwirtschaftliche Produkte;LWPR-22;Milch;93,9;2020=100;PRE018;Erzeugerpreisindizes landwirtschaftlicher Produkte
61211;Index der Erzeugerpreise landwirtschaftl. Produkte;JAHR;Jahr;2003;DINSG;Deutschland insgesamt;DG;Deutschland;PROAT1;Landwirtschaftliche Produkte;LWPR-23;Eier;57,2;2020=100;PRE018;Erzeugerpreisindizes landwirtschaftlicher Produkte
61211;Index der Erzeugerpreise landwirtschaftl. Produkte;JAHR;Jahr;1995;DINSG;Deutschland insgesamt;DG;Deutschland;PROAT1;Landwirtschaftliche Produkte;LWPR-161;Tafeläpfel;84,7;2020=100;PRE018;Erzeugerpreisindizes landwirtschaftlicher Produkte
61211;Index der Erzeugerpreise landwirtschaftl. Produkte;JAHR;Jahr;1985;DINSG;Deutschland insgesamt;DG;Deutschland;PROAT1;Landwirtschaftliche Produkte;LWPR-131;Raps;189,0;2020=100;PRE018;Erzeugerpreisindizes landwirtschaftlicher Produkte
61211;Index der Erzeugerpreise landwirtschaftl. Produkte;JAHR;Jahr;1984;DINSG;Deutschland insgesamt;DG;Deutschland;PROAT1;Landwirtschaftliche Produkte;LWPR-1213;Futterweizen;128,6;2020=100;PRE018;Erzeugerpreisindizes landwirtschaftlicher Produkte
61211;Index der Erzeugerpreise landwirtschaftl. Produkte;JAHR;Jahr;2015;DINSG;Deutschland insgesamt;DG;Deutschland;PROAT1;Landwirtschaftliche Produkte;LWPR-17;Wein;-;2020=100;PRE018;Erzeugerpreisindizes landwirtschaftlicher Produkte
61211;Index der Erzeugerpreise landwirtschaftl. Produkte;JAHR;Jahr;2025;DINSG;Deutschland insgesamt;DG;Deutschland;PROAT1;Landwirtschaftliche Produkte;LWPR;Erzeugung landwirtschaftlicher Produkte;139,6;2020=100;PRE018;Erzeugerpreisindizes landwirtschaftlicher Produkte
61211;Index der Erzeugerpreise landwirtschaftl. Produkte;JAHR;Jahr;1989;DINSG;Deutschland insgesamt;DG;Deutschland;PROAT1;Landwirtschaftliche Produkte;LWPR-23;Eier;45,2;2020=100;PRE018;Erzeugerpreisindizes landwirtschaftlicher Produkte
61211;Index der Erzeugerpreise landwirtschaftl. Produkte;JAHR;Jahr;1973;DINSG;Deutschland insgesamt;DG;Deutschland;PROAT1;Landwirtschaftliche Produkte;LWPR-162;Erdbeeren;-;2020=100;PRE018;Erzeugerpreisindizes landwirtschaftlicher Produkte
61211;Index der Erzeugerpreise landwirtschaftl. Produkte;JAHR;Jahr;1998;DINSG;Deutschland insgesamt;DG;Deutschland;PROAT1;Landwirtschaftliche Produkte;LWPR-2112;Kühe;78,4;2020=100;PRE018;Erzeugerpreisindizes landwirtschaftlicher Produkte
61211;Index der Erzeugerpreise landwirtschaftl. Produkte;JAHR;Jahr;2012;DINSG;Deutschland insgesamt;DG;Deutschland;PROAT1;Landwirtschaftliche Produkte;LWPR-1517;Salat;-;2020=100;PRE018;Erzeugerpreisindizes landwirtschaftlicher Produkte
61211;Index der Erzeugerpreise landwirtschaftl. Produkte;JAHR;Jahr;1971;DINSG;Deutschland insgesamt;DG;Deutschland;PROAT1;Landwirtschaftliche Produkte;LWPR-2113;Färsen;68,9;2020=100;PRE018;Erzeugerpreisindizes landwirtschaftlicher Produkte
61211;Index der Erzeugerpreise landwirtschaftl. Produkte;JAHR;Jahr;2007;DINSG;Deutschland insgesamt;DG;Deutschland;PROAT1;Landwirtschaftliche Produkte;LWPR-1213;Futterweizen;104,1;2020=100;PRE018;Erzeugerpreisindizes landwirtschaftlicher Produkte
61211;Index der Erzeugerpreise landwirtschaftl. Produkte;JAHR;Jahr;1985;DINSG;Deutschland insgesamt;DG;Deutschland;PROAT1;Landwirtschaftliche Produkte;LWPR-15171;Eissalat;-;2020=100;PRE018;Erzeugerpreisindizes landwirtschaftlicher Produkte
61211;Index der Erzeugerpreise landwirtschaftl. Produkte;JAHR;Jahr;1986;DINSG;Deutschland insgesamt;DG;Deutschland;PROAT1;Landwirtschaftliche Produkte;LWPR-1514;Champignons;-;2020=100;PRE018;Erzeugerpreisindizes landwirtschaftlicher Produkte
61211;Index der Erzeugerpreise landwirtschaftl. Produkte;JAHR;Jahr;2003;DINSG;Deutschland insgesamt;DG;Deutschland;PROAT1;Landwirtschaftliche Produkte;LWPR-1216;Körnermais;75,5;2020=100;PRE018;Erzeugerpreisindizes landwirtschaftlicher Produkte
61211;Index der Erzeugerpreise landwirtschaftl. Produkte;JAHR;Jahr;1986;DINSG;Deutschland insgesamt;DG;Deutschland;PROAT1;Landwirtschaftliche Produkte;LWPR-162;Erdbeeren;57,8;2020=100;PRE018;Erzeugerpreisindizes landwirtschaftlicher Produkte
61211;Index der Erzeugerpreise landwirtschaftl. Produkte;JAHR;Jahr;2017;DINSG;Deutschland insgesamt;DG;Deutschland;PROAT1;Landwirtschaftliche Produkte;LWPR-1522;Topfpflanzen;95,1;2020=100;PRE018;Erzeugerpreisindizes landwirtschaftlicher Produkte
61211;Index der Erzeugerpreise landwirtschaftl. Produkte;JAHR;Jahr;2022;DINSG;Deutschland insgesamt;DG;Deutschland;PROAT1;Landwirtschaftliche Produkte;LWPR-152;Pflanzen und Blumen;127,4;2020=100;PRE018;Erzeugerpreisindizes landwirtschaftlicher Produkte
61211;Index der Erzeugerpreise landwirtschaftl. Produkte;JAHR;Jahr;2010;DINSG;Deutschland insgesamt;DG;Deutschland;PROAT1;Landwirtschaftliche Produkte;LWPR-1216;Körnermais;99,3;2020=100;PRE018;Erzeugerpreisindizes landwirtschaftlicher Produkte
61211;Index der Erzeugerpreise landwirtschaftl. Produkte;JAHR;Jahr;1993;DINSG;Deutschland insgesamt;DG;Deutschland;PROAT1;Landwirtschaftliche Produkte;LWPR-1514;Champignons;-;2020=100;PRE018;Erzeugerpreisindizes landwirtschaftlicher Produkte
61211;Index der Erzeugerpreise landwirtschaftl. Produkte;JAHR;Jahr;2012;DINSG;Deutschland insgesamt;DG;Deutschland;PROAT1;Landwirtschaftliche Produkte;LWPR-122;Getreidesaatgut;111,6;2020=100;PRE018;Erzeugerpreisindizes landwirtschaftlicher Produkte
61211;Index der Erzeugerpreise landwirtschaftl. Produkte;JAHR;Jahr;1980;DINSG;Deutschland insgesamt;DG;Deutschland;PROAT1;Landwirtschaftliche Produkte;LWPR-1216;Körnermais;144,3;2020=100;PRE018;Erzeugerpreisindizes landwirtschaftlicher Produkte
61211;Index der Erzeugerpreise landwirtschaftl. Produkte;JAHR;Jahr;2013;DINSG;Deutschland insgesamt;DG;Deutschland;PROAT1;Landwirtschaftliche Produkte;LWPR-131;Raps;101,2;2020=100;PRE018;Erzeugerpreisindizes landwirtschaftlicher Produkte
61211;Index der Erzeugerpreise landwirtschaftl. Produkte;JAHR;Jahr;1971;DINSG;Deutschland insgesamt;DG;Deutschland;PROAT1;Landwirtschaftliche Produkte;LWPR-162;Erdbeeren;-;2020=100;PRE018;Erzeugerpreisindizes landwirtschaftlicher Produkte
61211;Index der Erzeugerpreise landwirtschaftl. Produkte;JAHR;Jahr;2017;DINSG;Deutschland insgesamt;DG;Deutschland;PROAT1;Landwirtschaftliche Produkte;LWPR-132;Zuckerrüben;96,7;2020=100;PRE018;Erzeugerpreisindizes landwirtschaftlicher Produkte
61211;Index der Erzeugerpreise landwirtschaftl. Produkte;JAHR;Jahr;1981;DINSG;Deutschland insgesamt;DG;Deutschland;PROAT1;Landwirtschaftliche Produkte;LWPR-1211;Brotweizen;141,3;2020=100;PRE018;Erzeugerpreisindizes landwirtschaftlicher Produkte
61211;Index der Erzeugerpreise landwirtschaftl. Produkte;JAHR;Jahr;1979;DINSG;Deutschland insgesamt;DG;Deutschland;PROAT1;Landwirtschaftliche Produkte;LWPR-151;Gemüse;50,2;2020=100;PRE018;Erzeugerpreisindizes landwirtschaftlicher Produkte
61211;Index der Erzeugerpreise landwirtschaftl. Produkte;JAHR;Jahr;1969;DINSG;Deutschland insgesamt;DG;Deutschland;PROAT1;Landwirtschaftliche Produkte;LWPR-121;Getreide;109,2;2020=100;PRE018;Erzeugerpreisindizes landwirtschaftlicher Produkte
61211;Index der Erzeugerpreise landwirtschaftl. Produkte;JAHR;Jahr;1972;DINSG;Deutschland insgesamt;DG;Deutschland;PROAT1;Landwirtschaftliche Produkte;LWPR-13;Handelsgewächse;84,6;2020=100;PRE018;Erzeugerpreisindizes landwirtschaftlicher Produkte
61211;Index der Erzeugerpreise landwirtschaftl. Produkte;JAHR;Jahr;1983;DINSG;Deutschland insgesamt;DG;Deutschland;PROAT1;Landwirtschaftliche Produkte;LWPR-21;Tiere;117,0;2020=100;PRE018;Erzeugerpreisindizes landwirtschaftlicher Produkte
61211;Index der Erzeugerpreise landwirtschaftl. Produkte;JAHR;Jahr;1968;DINSG;Deutschland insgesamt;DG;Deutschland;PROAT1;Landwirtschaftliche Produkte;LWPR-1513;Gurken;-;2020=100;PRE018;Erzeugerpreisindizes landwirtschaftlicher Produkte
61211;Index der Erzeugerpreise landwirtschaftl. Produkte;JAHR;Jahr;1989;DINSG;Deutschland insgesamt;DG;Deutschland;PROAT1;Landwirtschaftliche Produkte;LWPR-1516;Kohlgemüse;-;2020=100;PRE018;Erzeugerpreisindizes landwirtschaftlicher Produkte
61211;Index der Erzeugerpreise landwirtschaftl. Produkte;JAHR;Jahr;2021;DINSG;Deutschland insgesamt;DG;Deutschland;PROAT1;Landwirtschaftliche Produkte;LWPR-2113;Färsen;115,2;2020=100;PRE018;Erzeugerpreisindizes landwirtschaftlicher Produkte
61211;Index der Erzeugerpreise landwirtschaftl. Produkte;JAHR;Jahr;2023;DINSG;Deutschland insgesamt;DG;Deutschland;PROAT1;Landwirtschaftliche Produkte;LWPR-161;Tafeläpfel;90,0;2020=100;PRE018;Erzeugerpreisindizes landwirtschaftlicher Produkte
61211;Index der Erzeugerpreise landwirtschaftl. Produkte;JAHR;Jahr;2025;DINSG;Deutschland insgesamt;DG;Deutschland;PROAT1;Landwirtschaftliche Produkte;LWPR-1214;Futtergerste;110,4;2020=100;PRE018;Erzeugerpreisindizes landwirtschaftlicher Produkte
61211;Index der Erzeugerpreise landwirtschaftl. Produkte;JAHR;Jahr;1997;DINSG;Deutschland insgesamt;DG;Deutschland;PROAT1;Landwirtschaftliche Produkte;LWPR-211;Rinder;77,5;2020=100;PRE018;Erzeugerpreisindizes landwirtschaftlicher Produkte
61211;Index der Erzeugerpreise landwirtschaftl. Produkte;JAHR;Jahr;2005;DINSG;Deutschland insgesamt;DG;Deutschland;PROAT1;Landwirtschaftliche Produkte;LWPR-1517;Salat;-;2020=100;PRE018;Erzeugerpreisindizes landwirtschaftlicher Produkte
61211;Index der Erzeugerpreise landwirtschaftl. Produkte;JAHR;Jahr;1991;DINSG;Deutschland insgesamt;DG;Deutschland;PROAT1;Landwirtschaftliche Produkte;LWPR-2113;Färsen;77,0;2020=100;PRE018;Erzeugerpreisindizes landwirtschaftlicher Produkte
61211;Index der Erzeugerpreise landwirtschaftl. Produkte;JAHR;Jahr;2004;DINSG;Deutschland insgesamt;DG;Deutschland;PROAT1;Landwirtschaftliche Produkte;LWPR-132;Zuckerrüben;124,0;2020=100;PRE018;Erzeugerpreisindizes landwirtschaftlicher Produkte
61211;Index der Erzeugerpreise landwirtschaftl. Produkte;JAHR;Jahr;2004;DINSG;Deutschland insgesamt;DG;Deutschland;PROAT1;Landwirtschaftliche Produkte;LWPR-13;Handelsgewächse;104,2;2020=100;PRE018;Erzeugerpreisindizes landwirtschaftlicher Produkte
61211;Index der Erzeugerpreise landwirtschaftl. Produkte;JAHR;Jahr;2025;DINSG;Deutschland insgesamt;DG;Deutschland;PROAT1;Landwirtschaftliche Produkte;LWPR-1;Pflanzliche Erzeugung;123,7;2020=100;PRE018;Erzeugerpreisindizes landwirtschaftlicher Produkte
61211;Index der Erzeugerpreise landwirtschaftl. Produkte;JAHR;Jahr;2000;DINSG;Deutschland insgesamt;DG;Deutschland;PROAT1;Landwirtschaftliche Produkte;LWPR-212;Schweine;88,7;2020=100;PRE018;Erzeugerpreisindizes landwirtschaftlicher Produkte
61211;Index der Erzeugerpreise landwirtschaftl. Produkte;JAHR;Jahr;2022;DINSG;Deutschland insgesamt;DG;Deutschland;PROAT1;Landwirtschaftliche Produkte;LWPR-1511;Blumenkohl;96,4;2020=100;PRE018;Erzeugerpreisindizes landwirtschaftlicher Produkte
61211;Index der Erzeugerpreise landwirtschaftl. Produkte;JAHR;Jahr;2008;DINSG;Deutschland insgesamt;DG;Deutschland;PROAT1;Landwirtschaftliche Produkte;LWPR-214;Geflügel;96,9;2020=100;PRE018;Erzeugerpreisindizes landwirtschaftlicher Produkte
61211;Index der Erzeugerpreise landwirtschaftl. Produkte;JAHR;Jahr;1969;DINSG;Deutschland insgesamt;DG;Deutschland;PROAT1;Landwirtschaftliche Produkte;LWPR-22;Milch;57,3;2020=100;PRE018;Erzeugerpreisindizes landwirtschaftlicher Produkte
61211;Index der Erzeugerpreise landwirtschaftl. Produkte;JAHR;Jahr;2014;DINSG;Deutschland insgesamt;DG;Deutschland;PROAT1;Landwirtschaftliche Produkte;LWPR-162;Erdbeeren;43,1;2020=100;PRE018;Erzeugerpreisindizes landwirtschaftlicher Produkte
61211;Index der Erzeugerpreise landwirtschaftl. Produkte;JAHR;Jahr;2014;DINSG;Deutschland insgesamt;DG;Deutschland;PROAT1;Landwirtschaftliche Produkte;LWPR-2113;Färsen;109,7;2020=100;PRE018;Erzeugerpreisindizes landwirtschaftlicher Produkte
61211;Index der Erzeugerpreise landwirtschaftl. Produkte;JAHR;Jahr;2011;DINSG;Deutschland insgesamt;DG;Deutschland;PROAT1;Landwirtschaftliche Produkte;LWPR-2111;Jungbullen;100,9;2020=100;PRE018;Erzeugerpreisindizes landwirtschaftlicher Produkte
61211;Index der Erzeugerpreise landwirtschaftl. Produkte;JAHR;Jahr;1993;DINSG;Deutschland insgesamt;DG;Deutschland;PROAT1;Landwirtschaftliche Produkte;LWPR-1;Pflanzliche Erzeugung;75,1;2020=100;PRE018;Erzeugerpreisindizes landwirtschaftlicher Produkte
61211;Index der Erzeugerpreise landwirtschaftl. Produkte;JAHR;Jahr;1980;DINSG;Deutschland insgesamt;DG;Deutschland;PROAT1;Landwirtschaftliche Produkte;LWPR-2112;Kühe;113,7;2020=100;PRE018;Erzeugerpreisindizes landwirtschaftlicher Produkte
61211;Index der Erzeugerpreise landwirtschaftl. Produkte;JAHR;Jahr;1987;DINSG;Deutschland insgesamt;DG;Deutschland;PROAT1;Landwirtschaftliche Produkte;LWPR-12;Getreide (einschließlich Saatgut);124,8;2020=100;PRE018;Erzeugerpreisindizes landwirtschaftlicher Produkte
61211;Index der Erzeugerpreise landwirtschaftl. Produkte;JAHR;Jahr;1981;DINSG;Deutschland insgesamt;DG;Deutschland;PROAT1;Landwirtschaftliche Produkte;LWPR-2142;Sonstiges Geflügel;103,8;2020=100;PRE018;Erzeugerpreisindizes landwirtschaftlicher Produkte
61211;Index der Erzeugerpreise landwirtschaftl. Produkte;JAHR;Jahr;2010;DINSG;Deutschland insgesamt;DG;Deutschland;PROAT1;Landwirtschaftliche Produkte;LWPR-14;Kartoffeln (einschließlich Pflanzkartoffeln);46,9;2020=100;PRE018;Erzeugerpreisindizes landwirtschaftlicher Produkte
61211;Index der Erzeugerpreise landwirtschaftl. Produkte;JAHR;Jahr;1973;DINSG;Deutschland insgesamt;DG;Deutschland;PROAT1;Landwirtschaftliche Produkte;LWPR-12;Getreide (einschließlich Saatgut);109,6;2020=100;PRE018;Erzeugerpreisindizes landwirtschaftlicher Produkte
61211;Index der Erzeugerpreise landwirtschaftl. Produkte;JAHR;Jahr;2011;DINSG;Deutschland insgesamt;DG;Deutschland;PROAT1;Landwirtschaftliche Produkte;LWPR-131;Raps;116,3;2020=100;PRE018;Erzeugerpreisindizes landwirtschaftlicher Produkte
61211;Index der Erzeugerpreise landwirtschaftl. Produkte;JAHR;Jahr;1976;DINSG;Deutschland insgesamt;DG;Deutschland;PROAT1;Landwirtschaftliche Produkte;LWPR-1;Pflanzliche Erzeugung;92,2;2020=100;PRE018;Erzeugerpreisindizes landwirtschaftlicher Produkte
61211;Index der Erzeugerpreise landwirtschaftl. Produkte;JAHR;Jahr;1984;DINSG;Deutschland insgesamt;DG;Deutschland;PROAT1;Landwirtschaftliche Produkte;LWPR-211;Rinder;112,5;2020=100;PRE018;Erzeugerpreisindizes landwirtschaftlicher Produkte
61211;Index der Erzeugerpreise landwirtschaftl. Produkte;JAHR;Jahr;2025;DINSG;Deutschland insgesamt;DG;Deutschland;PROAT1;Landwirtschaftliche Produkte;LWPR-122;Getreidesaatgut;108,1;2020=100;PRE018;Erzeugerpreisindizes landwirtschaftlicher Produkte
61211;Index der Erzeugerpreise landwirtschaftl. Produkte;JAHR;Jahr;2021;DINSG;Deutschland insgesamt;DG;Deutschland;PROAT1;Landwirtschaftliche Produkte;LWPR-161;Tafeläpfel;102,9;2020=100;PRE018;Erzeugerpreisindizes landwirtschaftlicher Produkte
61211;Index der Erzeugerpreise landwirtschaftl. Produkte;JAHR;Jahr;2022;DINSG;Deutschland insgesamt;DG;Deutschland;PROAT1;Landwirtschaftliche Produkte;LWPR-1212;Brotroggen;192,8;2020=100;PRE018;Erzeugerpreisindizes landwirtschaftlicher Produkte
61211;Index der Erzeugerpreise landwirtschaftl. Produkte;JAHR;Jahr;2024;DINSG;Deutschland insgesamt;DG;Deutschland;PROAT1;Landwirtschaftliche Produkte;LWPR-14;Kartoffeln (einschließlich Pflanzkartoffeln);213,3;2020=100;PRE018;Erzeugerpreisindizes landwirtschaftlicher Produkte
61211;Index der Erzeugerpreise landwirtschaftl. Produkte;JAHR;Jahr;2017;DINSG;Deutschland insgesamt;DG;Deutschland;PROAT1;Landwirtschaftliche Produkte;LWPR-213;Schafe und Ziegen;91,0;2020=100;PRE018;Erzeugerpreisindizes landwirtschaftlicher Produkte
61211;Index der Erzeugerpreise landwirtschaftl. Produkte;JAHR;Jahr;1977;DINSG;Deutschland insgesamt;DG;Deutschland;PROAT1;Landwirtschaftliche Produkte;LWPR-1213;Futterweizen;123,7;2020=100;PRE018;Erzeugerpreisindizes landwirtschaftlicher Produkte
61211;Index der Erzeugerpreise landwirtschaftl. Produkte;JAHR;Jahr;2020;DINSG;Deutschland insgesamt;DG;Deutschland;PROAT1;Landwirtschaftliche Produkte;LWPR-23;Eier;100,0;2020=100;PRE018;Erzeugerpreisindizes landwirtschaftlicher Produkte
61211;Index der Erzeugerpreise landwirtschaftl. Produkte;JAHR;Jahr;2019;DINSG;Deutschland insgesamt;DG;Deutschland;PROAT1;Landwirtschaftliche Produkte;LWPR-15171;Eissalat;98,2;2020=100;PRE018;Erzeugerpreisindizes landwirtschaftlicher Produkte
61211;Index der Erzeugerpreise landwirtschaftl. Produkte;JAHR;Jahr;1983;DINSG;Deutschland insgesamt;DG;Deutschland;PROAT1;Landwirtschaftliche Produkte;LWPR-1521;Schnittblumen;60,2;2020=100;PRE018;Erzeugerpreisindizes landwirtschaftlicher Produkte
61211;Index der Erzeugerpreise landwirtschaftl. Produkte;JAHR;Jahr;1983;DINSG;Deutschland insgesamt;DG;Deutschland;PROAT1;Landwirtschaftliche Produkte;LWPR-2114;Kälber;99,6;2020=100;PRE018;Erzeugerpreisindizes landwirtschaftlicher Produkte
61211;Index der Erzeugerpreise landwirtschaftl. Produkte;JAHR;Jahr;2006;DINSG;Deutschland insgesamt;DG;Deutschland;PROAT1;Landwirtschaftliche Produkte;LWPR-1512;Tomaten;104,2;2020=100;PRE018;Erzeugerpreisindizes landwirtschaftlicher Produkte
61211;Index der Erzeugerpreise landwirtschaftl. Produkte;JAHR;Jahr;2021;DINSG;Deutschland insgesamt;DG;Deutschland;PROAT1;Landwirtschaftliche Produkte;LWPR-1516;Kohlgemüse;101,6;2020=100;PRE018;Erzeugerpreisindizes landwirtschaftlicher Produkte
61211;Index der Erzeugerpreise landwirtschaftl. Produkte;JAHR;Jahr;1994;DINSG;Deutschland insgesamt;DG;Deutschland;PROAT1;Landwirtschaftliche Produkte;LWPR-1522;Topfpflanzen;93,1;2020=100;PRE018;Erzeugerpreisindizes landwirtschaftlicher Produkte
61211;Index der Erzeugerpreise landwirtschaftl. Produkte;JAHR;Jahr;2012;DINSG;Deutschland insgesamt;DG;Deutschland;PROAT1;Landwirtschaftliche Produkte;LWPR-2141;Hähnchen;116,5;2020=100;PRE018;Erzeugerpreisindizes landwirtschaftlicher Produkte
61211;Index der Erzeugerpreise landwirtschaftl. Produkte;JAHR;Jahr;1977;DINSG;Deutschland insgesamt;DG;Deutschland;PROAT1;Landwirtschaftliche Produkte;LWPR-141;Speisekartoffeln;23,1;2020=100;PRE018;Erzeugerpreisindizes landwirtschaftlicher Produkte
61211;Index der Erzeugerpreise landwirtschaftl. Produkte;JAHR;Jahr;1979;DINSG;Deutschland insgesamt;DG;Deutschland;PROAT1;Landwirtschaftliche Produkte;LWPR-1514;Champignons;-;2020=100;PRE018;Erzeugerpreisindizes landwirtschaftlicher Produkte
61211;Index der Erzeugerpreise landwirtschaftl. Produkte;JAHR;Jahr;1993;DINSG;Deutschland insgesamt;DG;Deutschland;PROAT1;Landwirtschaftliche Produkte;LWPR-12;Getreide (einschließlich Saatgut);85,4;2020=100;PRE018;Erzeugerpreisindizes landwirtschaftlicher Produkte
61211;Index der Erzeugerpreise landwirtschaftl. Produkte;JAHR;Jahr;2019;DINSG;Deutschland insgesamt;DG;Deutschland;PROAT1;Landwirtschaftliche Produkte;LWPR;Erzeugung landwirtschaftlicher Produkte;103,2;2020=100;PRE018;Erzeugerpreisindizes landwirtschaftlicher Produkte
61211;Index der Erzeugerpreise landwirtschaftl. Produkte;JAHR;Jahr;2009;DINSG;Deutschland insgesamt;DG;Deutschland;PROAT1;Landwirtschaftliche Produkte;LWPR-1514;Champignons;87,1;2020=100;PRE018;Erzeugerpreisindizes landwirtschaftlicher Produkte
61211;Index der Erzeugerpreise landwirtschaftl. Produkte;JAHR;Jahr;1998;DINSG;Deutschland insgesamt;DG;Deutschland;PROAT1;Landwirtschaftliche Produkte;LWPR-15;Erzeugnisse des Gemüse- und Gartenbaus;71,4;2020=100;PRE018;Erzeugerpreisindizes landwirtschaftlicher Produkte
61211;Index der Erzeugerpreise landwirtschaftl. Produkte;JAHR;Jahr;2019;DINSG;Deutschland insgesamt;DG;Deutschland;PROAT1;Landwirtschaftliche Produkte;LWPR-133;Futterpflanzen;-;2020=100;PRE018;Erzeugerpreisindizes landwirtschaftlicher Produkte
61211;Index der Erzeugerpreise landwirtschaftl. Produkte;JAHR;Jahr;1993;DINSG;Deutschland insgesamt;DG;Deutschland;PROAT1;Landwirtschaftliche Produkte;LWPR-15171;Eissalat;-;2020=100;PRE018;Erzeugerpreisindizes landwirtschaftlicher Produkte
61211;Index der Erzeugerpreise landwirtschaftl. Produkte;JAHR;Jahr;1982;DINSG;Deutschland insgesamt;DG;Deutschland;PROAT1;Landwirtschaftliche Produkte;LWPR-211;Rinder;118,6;2020=100;PRE018;Erzeugerpreisindizes landwirtschaftlicher Produkte
61211;Index der Erzeugerpreise landwirtschaftl. Produkte;JAHR;Jahr;1969;DINSG;Deutschland insgesamt;DG;Deutschland;PROAT1;Landwirtschaftliche Produkte;LWPR-1521;Schnittblumen;40,9;2020=100;PRE018;Erzeugerpreisindizes landwirtschaftlicher Produkte
61211;Index der Erzeugerpreise landwirtschaftl. Produkte;JAHR;Jahr;2007;DINSG;Deutschland insgesamt;DG;Deutschland;PROAT1;Landwirtschaftliche Produkte;LWPR-23;Eier;65,2;2020=100;PRE018;Erzeugerpreisindizes landwirtschaftlicher Produkte
61211;Index der Erzeugerpreise landwirtschaftl. Produkte;JAHR;Jahr;2010;DINSG;Deutschland insgesamt;DG;Deutschland;PROAT1;Landwirtschaftliche Produkte;LWPR-1523;Baumschulerzeugnisse;96,3;2020=100;PRE018;Erzeugerpreisindizes landwirtschaftlicher Produkte
61211;Index der Erzeugerpreise landwirtschaftl. Produkte;JAHR;Jahr;1995;DINSG;Deutschland insgesamt;DG;Deutschland;PROAT1;Landwirtschaftliche Produkte;LWPR-1;Pflanzliche Erzeugung;78,7;2020=100;PRE018;Erzeugerpreisindizes landwirtschaftlicher Produkte
61211;Index der Erzeugerpreise landwirtschaftl. Produkte;JAHR;Jahr;2002;DINSG;Deutschland insgesamt;DG;Deutschland;PROAT1;Landwirtschaftliche Produkte;LWPR-212;Schweine;84,9;2020=100;PRE018;Erzeugerpreisindizes landwirtschaftlicher Produkte
61211;Index der Erzeugerpreise landwirtschaftl. Produkte;JAHR;Jahr;1991;DINSG;Deutschland insgesamt;DG;Deutschland;PROAT1;Landwirtschaftliche Produkte;LWPR-1213;Futterweizen;94,6;2020=100;PRE018;Erzeugerpreisindizes landwirtschaftlicher Produkte
61211;Index der Erzeugerpreise landwirtschaftl. Produkte;JAHR;Jahr;2017;DINSG;Deutschland insgesamt;DG;Deutschland;PROAT1;Landwirtschaftliche Produkte;LWPR-23;Eier;95,6;2020=100;PRE018;Erzeugerpreisindizes landwirtschaftlicher Produkte
61211;Index der Erzeugerpreise landwirtschaftl. Produkte;JAHR;Jahr;1989;DINSG;Deutschland insgesamt;DG;Deutschland;PROAT1;Landwirtschaftliche Produkte;LWPR-213;Schafe und Ziegen;64,2;2020=100;PRE018;Erzeugerpreisindizes landwirtschaftlicher Produkte
61211;Index der Erzeugerpreise landwirtschaftl. Produkte;JAHR;Jahr;2025;DINSG;Deutschland insgesamt;DG;Deutschland;PROAT1;Landwirtschaftliche Produkte;LWPR-211;Rinder;197,3;2020=100;PRE018;Erzeugerpreisindizes landwirtschaftlicher Produkte
61211;Index der Erzeugerpreise landwirtschaftl. Produkte;JAHR;Jahr;2001;DINSG;Deutschland insgesamt;DG;Deutschland;PROAT1;Landwirtschaftliche Produkte;LWPR-17;Wein;-;2020=100;PRE018;Erzeugerpreisindizes landwirtschaftlicher Produkte
61211;Index der Erzeugerpreise landwirtschaftl. Produkte;JAHR;Jahr;2018;DINSG;Deutschland insgesamt;DG;Deutschland;PROAT1;Landwirtschaftliche Produkte;LWPR-1214;Futtergerste;113,2;2020=100;PRE018;Erzeugerpreisindizes landwirtschaftlicher Produkte
61211;Index der Erzeugerpreise landwirtschaftl. Produkte;JAHR;Jahr;1978;DINSG;Deutschland insgesamt;DG;Deutschland;PROAT1;Landwirtschaftliche Produkte;LWPR-1515;Spargel;-;2020=100;PRE018;Erzeugerpreisindizes landwirtschaftlicher Produkte
61211;Index der Erzeugerpreise landwirtschaftl. Produkte;JAHR;Jahr;1969;DINSG;Deutschland insgesamt;DG;Deutschland;PROAT1;Landwirtschaftliche Produkte;LWPR-1214;Futtergerste;111,6;2020=100;PRE018;Erzeugerpreisindizes landwirtschaftlicher Produkte
61211;Index der Erzeugerpreise landwirtschaftl. Produkte;JAHR;Jahr;1998;DINSG;Deutschland insgesamt;DG;Deutschland;PROAT1;Landwirtschaftliche Produkte;LWPR-212;Schweine;75,0;2020=100;PRE018;Erzeugerpreisindizes landwirtschaftlicher Produkte
61211;Index der Erzeugerpreise landwirtschaftl. Produkte;JAHR;Jahr;2005;DINSG;Deutschland insgesamt;DG;Deutschland;PROAT1;Landwirtschaftliche Produkte;LWPR-141;Speisekartoffeln;28,4;2020=100;PRE018;Erzeugerpreisindizes landwirtschaftlicher Produkte
61211;Index der Erzeugerpreise landwirtschaftl. Produkte;JAHR;Jahr;2011;DINSG;Deutschland insgesamt;DG;Deutschland;PROAT1;Landwirtschaftliche Produkte;LWPR-2142;Sonstiges Geflügel;99,2;2020=100;PRE018;Erzeugerpreisindizes landwirtschaftlicher Produkte
61211;Index der Erzeugerpreise landwirtschaftl. Produkte;JAHR;Jahr;2024;DINSG;Deutschland insgesamt;DG;Deutschland;PROAT1;Landwirtschaftliche Produkte;LWPR-211;Rinder;145,8;2020=100;PRE018;Erzeugerpreisindizes landwirtschaftlicher Produkte
61211;Index der Erzeugerpreise landwirtschaftl. Produkte;JAHR;Jahr;1972;DINSG;Deutschland insgesamt;DG;Deutschland;PROAT1;Landwirtschaftliche Produkte;LWPR-22;Milch;63,3;2020=100;PRE018;Erzeugerpreisindizes landwirtschaftlicher Produkte
61211;Index der Erzeugerpreise landwirtschaftl. Produkte;JAHR;Jahr;2016;DINSG;Deutschland insgesamt;DG;Deutschland;PROAT1;Landwirtschaftliche Produkte;LWPR-212;Schweine;93,1;2020=100;PRE018;Erzeugerpreisindizes landwirtschaftlicher Produkte
61211;Index der Erzeugerpreise landwirtschaftl. Produkte;JAHR;Jahr;2012;DINSG;Deutschland insgesamt;DG;Deutschland;PROAT1;Landwirtschaftliche Produkte;LWPR-1;Pflanzliche Erzeugung;104,7;2020=100;PRE018;Erzeugerpreisindizes landwirtschaftlicher Produkte
61211;Index der Erzeugerpreise landwirtschaftl. Produkte;JAHR;Jahr;1993;DINSG;Deutschland insgesamt;DG;Deutschland;PROAT1;Landwirtschaftliche Produkte;LWPR-121;Getreide;85,0;2020=100;PRE018;Erzeugerpreisindizes landwirtschaftlicher Produkte
61211;Index der Erzeugerpreise landwirtschaftl. Produkte;JAHR;Jahr;1998;DINSG;Deutschland insgesamt;DG;Deutschland;PROAT1;Landwirtschaftliche Produkte;LWPR-1216;Körnermais;72,1;2020=100;PRE018;Erzeugerpreisindizes landwirtschaftlicher Produkte
61211;Index der Erzeugerpreise landwirtschaftl. Produkte;JAHR;Jahr;1979;DINSG;Deutschland insgesamt;DG;Deutschland;PROAT1;Landwirtschaftliche Produkte;LWPR-2111;Jungbullen;100,3;2020=100;PRE018;Erzeugerpreisindizes landwirtschaftlicher Produkte
61211;Index der Erzeugerpreise landwirtschaftl. Produkte;JAHR;Jahr;2005;DINSG;Deutschland insgesamt;DG;Deutschland;PROAT1;Landwirtschaftliche Produkte;LWPR;Erzeugung landwirtschaftlicher Produkte;76,9;2020=100;PRE018;Erzeugerpreisindizes landwirtschaftlicher Produkte
61211;Index der Erzeugerpreise landwirtschaftl. Produkte;JAHR;Jahr;1987;DINSG;Deutschland insgesamt;DG;Deutschland;PROAT1;Landwirtschaftliche Produkte;LWPR-1522;Topfpflanzen;88,2;2020=100;PRE018;Erzeugerpreisindizes landwirtschaftlicher Produkte
61211;Index der Erzeugerpreise landwirtschaftl. Produkte;JAHR;Jahr;1992;DINSG;Deutschland insgesamt;DG;Deutschland;PROAT1;Landwirtschaftliche Produkte;LWPR-1212;Brotroggen;107,2;2020=100;PRE018;Erzeugerpreisindizes landwirtschaftlicher Produkte
61211;Index der Erzeugerpreise landwirtschaftl. Produkte;JAHR;Jahr;2004;DINSG;Deutschland insgesamt;DG;Deutschland;PROAT1;Landwirtschaftliche Produkte;LWPR-141;Speisekartoffeln;31,2;2020=100;PRE018;Erzeugerpreisindizes landwirtschaftlicher Produkte
61211;Index der Erzeugerpreise landwirtschaftl. Produkte;JAHR;Jahr;1990;DINSG;Deutschland insgesamt;DG;Deutschland;PROAT1;Landwirtschaftliche Produkte;LWPR-2114;Kälber;100,8;2020=100;PRE018;Erzeugerpreisindizes landwirtschaftlicher Produkte
61211;Index der Erzeugerpreise landwirtschaftl. Produkte;JAHR;Jahr;2025;DINSG;Deutschland insgesamt;DG;Deutschland;PROAT1;Landwirtschaftliche Produkte;LWPR-1513;Gurken;124,7;2020=100;PRE018;Erzeugerpreisindizes landwirtschaftlicher Produkte
61211;Index der Erzeugerpreise landwirtschaftl. Produkte;JAHR;Jahr;1974;DINSG;Deutschland insgesamt;DG;Deutschland;PROAT1;Landwirtschaftliche Produkte;LWPR;Erzeugung landwirtschaftlicher Produkte;75,6;2020=100;PRE018;Erzeugerpreisindizes landwirtschaftlicher Produkte
61211;Index der Erzeugerpreise landwirtschaftl. Produkte;JAHR;Jahr;1976;DINSG;Deutschland insgesamt;DG;Deutschland;PROAT1;Landwirtschaftliche Produkte;LWPR-13;Handelsgewächse;103,9;2020=100;PRE018;Erzeugerpreisindizes landwirtschaftlicher Produkte
61211;Index der Erzeugerpreise landwirtschaftl. Produkte;JAHR;Jahr;2002;DINSG;Deutschland insgesamt;DG;Deutschland;PROAT1;Landwirtschaftliche Produkte;LWPR-1515;Spargel;-;2020=100;PRE018;Erzeugerpreisindizes landwirtschaftlicher Produkte
61211;Index der Erzeugerpreise landwirtschaftl. Produkte;JAHR;Jahr;1992;DINSG;Deutschland insgesamt;DG;Deutschland;PROAT1;Landwirtschaftliche Produkte;LWPR-121;Getreide;101,2;2020=100;PRE018;Erzeugerpreisindizes landwirtschaftlicher Produkte
61211;Index der Erzeugerpreise landwirtschaftl. Produkte;JAHR;Jahr;2000;DINSG;Deutschland insgesamt;DG;Deutschland;PROAT1;Landwirtschaftliche Produkte;LWPR-13;Handelsgewächse;96,9;2020=100;PRE018;Erzeugerpreisindizes landwirtschaftlicher Produkte
61211;Index der Erzeugerpreise landwirtschaftl. Produkte;JAHR;Jahr;1972;DINSG;Deutschland insgesamt;DG;Deutschland;PROAT1;Landwirtschaftliche Produkte;LWPR-1511;Blumenkohl;19,7;2020=100;PRE018;Erzeugerpreisindizes landwirtschaftlicher Produkte
61211;Index der Erzeugerpreise landwirtschaftl. Produkte;JAHR;Jahr;1969;DINSG;Deutschland insgesamt;DG;Deutschland;PROAT1;Landwirtschaftliche Produkte;LWPR-13;Handelsgewächse;84,5;2020=100;PRE018;Erzeugerpreisindizes landwirtschaftlicher Produkte
61211;Index der Erzeugerpreise landwirtschaftl. Produkte;JAHR;Jahr;2021;DINSG;Deutschland insgesamt;DG;Deutschland;PROAT1;Landwirtschaftliche Produkte;LWPR-13;Handelsgewächse;122,0;2020=100;PRE018;Erzeugerpreisindizes landwirtschaftlicher Produkte
61211;Index der Erzeugerpreise landwirtschaftl. Produkte;JAHR;Jahr;2010;DINSG;Deutschland insgesamt;DG;Deutschland;PROAT1;Landwirtschaftliche Produkte;LWPR-1;Pflanzliche Erzeugung;82,8;2020=100;PRE018;Erzeugerpreisindizes landwirtschaftlicher Produkte
61211;Index der Erzeugerpreise landwirtschaftl. Produkte;JAHR;Jahr;1974;DINSG;Deutschland insgesamt;DG;Deutschland;PROAT1;Landwirtschaftliche Produkte;LWPR-212;Schweine;111,7;2020=100;PRE018;Erzeugerpreisindizes landwirtschaftlicher Produkte
61211;Index der Erzeugerpreise landwirtschaftl. Produkte;JAHR;Jahr;1987;DINSG;Deutschland insgesamt;DG;Deutschland;PROAT1;Landwirtschaftliche Produkte;LWPR-2111;Jungbullen;93,3;2020=100;PRE018;Erzeugerpreisindizes landwirtschaftlicher Produkte
61211;Index der Erzeugerpreise landwirtschaftl. Produkte;JAHR;Jahr;1969;DINSG;Deutschland insgesamt;DG;Deutschland;PROAT1;Landwirtschaftliche Produkte;LWPR-15171;Eissalat;-;2020=100;PRE018;Erzeugerpreisindizes landwirtschaftlicher Produkte
61211;Index der Erzeugerpreise landwirtschaftl. Produkte;JAHR;Jahr;1988;DINSG;Deutschland insgesamt;DG;Deutschland;PROAT1;Landwirtschaftliche Produkte;LWPR-2141;Hähnchen;86,6;2020=100;PRE018;Erzeugerpreisindizes landwirtschaftlicher Produkte
61211;Index der Erzeugerpreise landwirtschaftl. Produkte;JAHR;Jahr;1973;DINSG;Deutschland insgesamt;DG;Deutschland;PROAT1;Landwirtschaftliche Produkte;LWPR-16;Obst;48,7;2020=100;PRE018;Erzeugerpreisindizes landwirtschaftlicher Produkte
61211;Index der Erzeugerpreise landwirtschaftl. Produkte;JAHR;Jahr;1975;DINSG;Deutschland insgesamt;DG;Deutschland;PROAT1;Landwirtschaftliche Produkte;LWPR-1513;Gurken;-;2020=100;PRE018;Erzeugerpreisindizes landwirtschaftlicher Produkte
61211;Index der Erzeugerpreise landwirtschaftl. Produkte;JAHR;Jahr;2010;DINSG;Deutschland insgesamt;DG;Deutschland;PROAT1;Landwirtschaftliche Produkte;LWPR-211;Rinder;90,0;2020=100;PRE018;Erzeugerpreisindizes landwirtschaftlicher Produkte
61211;Index der Erzeugerpreise landwirtschaftl. Produkte;JAHR;Jahr;1977;DINSG;Deutschland insgesamt;DG;Deutschland;PROAT1;Landwirtschaftliche Produkte;LWPR-16;Obst;77,6;2020=100;PRE018;Erzeugerpreisindizes landwirtschaftlicher Produkte
61211;Index der Erzeugerpreise landwirtschaftl. Produkte;JAHR;Jahr;1975;DINSG;Deutschland insgesamt;DG;Deutschland;PROAT1;Landwirtschaftliche Produkte;LWPR-212;Schweine;126,7;2020=100;PRE018;Erzeugerpreisindizes landwirtschaftlicher Produkte
61211;Index der Erzeugerpreise landwirtschaftl. Produkte;JAHR;Jahr;1990;DINSG;Deutschland insgesamt;DG;Deutschland;PROAT1;Landwirtschaftliche Produkte;LWPR-214;Geflügel;87,6;2020=100;PRE018;Erzeugerpreisindizes landwirtschaftlicher Produkte
61211;Index der Erzeugerpreise landwirtschaftl. Produkte;JAHR;Jahr;2017;DINSG;Deutschland insgesamt;DG;Deutschland;PROAT1;Landwirtschaftliche Produkte;LWPR-1513;Gurken;89,4;2020=100;PRE018;Erzeugerpreisindizes landwirtschaftlicher Produkte
61211;Index der Erzeugerpreise landwirtschaftl. Produkte;JAHR;Jahr;2011;DINSG;Deutschland insgesamt;DG;Deutschland;PROAT1;Landwirtschaftliche Produkte;LWPR-17;Wein;-;2020=100;PRE018;Erzeugerpreisindizes landwirtschaftlicher Produkte
61211;Index der Erzeugerpreise landwirtschaftl. Produkte;JAHR;Jahr;1995;DINSG;Deutschland insgesamt;DG;Deutschland;PROAT1;Landwirtschaftliche Produkte;LWPR-1214;Futtergerste;77,8;2020=100;PRE018;Erzeugerpreisindizes landwirtschaftlicher Produkte
61211;Index der Erzeugerpreise landwirtschaftl. Produkte;JAHR;Jahr;1976;DINSG;Deutschland insgesamt;DG;Deutschland;PROAT1;Landwirtschaftliche Produkte;LWPR-1214;Futtergerste;144,6;2020=100;PRE018;Erzeugerpreisindizes landwirtschaftlicher Produkte
61211;Index der Erzeugerpreise landwirtschaftl. Produkte;JAHR;Jahr;1971;DINSG;Deutschland insgesamt;DG;Deutschland;PROAT1;Landwirtschaftliche Produkte;LWPR-1516;Kohlgemüse;-;2020=100;PRE018;Erzeugerpreisindizes landwirtschaftlicher Produkte
61211;Index der Erzeugerpreise landwirtschaftl. Produkte;JAHR;Jahr;2012;DINSG;Deutschland insgesamt;DG;Deutschland;PROAT1;Landwirtschaftliche Produkte;LWPR-131;Raps;127,3;2020=100;PRE018;Erzeugerpreisindizes landwirtschaftlicher Produkte
61211;Index der Erzeugerpreise landwirtschaftl. Produkte;JAHR;Jahr;2011;DINSG;Deutschland insgesamt;DG;Deutschland;PROAT1;Landwirtschaftliche Produkte;LWPR-1215;Braugerste;138,5;2020=100;PRE018;Erzeugerpreisindizes landwirtschaftlicher Produkte
61211;Index der Erzeugerpreise landwirtschaftl. Produkte;JAHR;Jahr;2000;DINSG;Deutschland insgesamt;DG;Deutschland;PROAT1;Landwirtschaftliche Produkte;LWPR-1521;Schnittblumen;68,9;2020=100;PRE018;Erzeugerpreisindizes landwirtschaftlicher Produkte
61211;Index der Erzeugerpreise landwirtschaftl. Produkte;JAHR;Jahr;1979;DINSG;Deutschland insgesamt;DG;Deutschland;PROAT1;Landwirtschaftliche Produkte;LWPR-22;Milch;85,0;2020=100;PRE018;Erzeugerpreisindizes landwirtschaftlicher Produkte
61211;Index der Erzeugerpreise landwirtschaftl. Produkte;JAHR;Jahr;1979;DINSG;Deutschland insgesamt;DG;Deutschland;PROAT1;Landwirtschaftliche Produkte;LWPR-1523;Baumschulerzeugnisse;51,3;2020=100;PRE018;Erzeugerpreisindizes landwirtschaftlicher Produkte
61211;Index der Erzeugerpreise landwirtschaftl. Produkte;JAHR;Jahr;1994;DINSG;Deutschland insgesamt;DG;Deutschland;PROAT1;Landwirtschaftliche Produkte;LWPR-1513;Gurken;-;2020=100;PRE018;Erzeugerpreisindizes landwirtschaftlicher Produkte
61211;Index der Erzeugerpreise landwirtschaftl. Produkte;JAHR;Jahr;2022;DINSG;Deutschland insgesamt;DG;Deutschland;PROAT1;Landwirtschaftliche Produkte;LWPR-161;Tafeläpfel;86,2;2020=100;PRE018;Erzeugerpreisindizes landwirtschaftlicher Produkte
61211;Index der Erzeugerpreise landwirtschaftl. Produkte;JAHR;Jahr;2001;DINSG;Deutschland insgesamt;DG;Deutschland;PROAT1;Landwirtschaftliche Produkte;LWPR-212;Schweine;105,7;2020=100;PRE018;Erzeugerpreisindizes landwirtschaftlicher Produkte
61211;Index der Erzeugerpreise landwirtschaftl. Produkte;JAHR;Jahr;1982;DINSG;Deutschland insgesamt;DG;Deutschland;PROAT1;Landwirtschaftliche Produkte;LWPR-1;Pflanzliche Erzeugung;95,4;2020=100;PRE018;Erzeugerpreisindizes landwirtschaftlicher Produkte
61211;Index der Erzeugerpreise landwirtschaftl. Produkte;JAHR;Jahr;2007;DINSG;Deutschland insgesamt;DG;Deutschland;PROAT1;Landwirtschaftliche Produkte;LWPR-14;Kartoffeln (einschließlich Pflanzkartoffeln);50,0;2020=100;PRE018;Erzeugerpreisindizes landwirtschaftlicher Produkte
61211;Index der Erzeugerpreise landwirtschaftl. Produkte;JAHR;Jahr;1997;DINSG;Deutschland insgesamt;DG;Deutschland;PROAT1;Landwirtschaftliche Produkte;LWPR-12;Getreide (einschließlich Saatgut);73,0;2020=100;PRE018;Erzeugerpreisindizes landwirtschaftlicher Produkte
61211;Index der Erzeugerpreise landwirtschaftl. Produkte;JAHR;Jahr;1975;DINSG;Deutschland insgesamt;DG;Deutschland;PROAT1;Landwirtschaftliche Produkte;LWPR-2114;Kälber;91,8;2020=100;PRE018;Erzeugerpreisindizes landwirtschaftlicher Produkte
61211;Index der Erzeugerpreise landwirtschaftl. Produkte;JAHR;Jahr;1988;DINSG;Deutschland insgesamt;DG;Deutschland;PROAT1;Landwirtschaftliche Produkte;LWPR;Erzeugung landwirtschaftlicher Produkte;88,6;2020=100;PRE018;Erzeugerpreisindizes landwirtschaftlicher Produkte
61211;Index der Erzeugerpreise landwirtschaftl. Produkte;JAHR;Jahr;2014;DINSG;Deutschland insgesamt;DG;Deutschland;PROAT1;Landwirtschaftliche Produkte;LWPR-1511;Blumenkohl;61,6;2020=100;PRE018;Erzeugerpreisindizes landwirtschaftlicher Produkte
61211;Index der Erzeugerpreise landwirtschaftl. Produkte;JAHR;Jahr;1975;DINSG;Deutschland insgesamt;DG;Deutschland;PROAT1;Landwirtschaftliche Produkte;LWPR-15171;Eissalat;-;2020=100;PRE018;Erzeugerpreisindizes landwirtschaftlicher Produkte
61211;Index der Erzeugerpreise landwirtschaftl. Produkte;JAHR;Jahr;2004;DINSG;Deutschland insgesamt;DG;Deutschland;PROAT1;Landwirtschaftliche Produkte;LWPR-2142;Sonstiges Geflügel;80,4;2020=100;PRE018;Erzeugerpreisindizes landwirtschaftlicher Produkte
61211;Index der Erzeugerpreise landwirtschaftl. Produkte;JAHR;Jahr;2003;DINSG;Deutschland insgesamt;DG;Deutschland;PROAT1;Landwirtschaftliche Produkte;LWPR-132;Zuckerrüben;127,8;2020=100;PRE018;Erzeugerpreisindizes landwirtschaftlicher Produkte
61211;Index der Erzeugerpreise landwirtschaftl. Produkte;JAHR;Jahr;2003;DINSG;Deutschland insgesamt;DG;Deutschland;PROAT1;Landwirtschaftliche Produkte;LWPR-2112;Kühe;68,8;2020=100;PRE018;Erzeugerpreisindizes landwirtschaftlicher Produkte
61211;Index der Erzeugerpreise landwirtschaftl. Produkte;JAHR;Jahr;1982;DINSG;Deutschland insgesamt;DG;Deutschland;PROAT1;Landwirtschaftliche Produkte;LWPR-1517;Salat;-;2020=100;PRE018;Erzeugerpreisindizes landwirtschaftlicher Produkte
61211;Index der Erzeugerpreise landwirtschaftl. Produkte;JAHR;Jahr;2013;DINSG;Deutschland insgesamt;DG;Deutschland;PROAT1;Landwirtschaftliche Produkte;LWPR-162;Erdbeeren;58,9;2020=100;PRE018;Erzeugerpreisindizes landwirtschaftlicher Produkte
61211;Index der Erzeugerpreise landwirtschaftl. Produkte;JAHR;Jahr;1983;DINSG;Deutschland insgesamt;DG;Deutschland;PROAT1;Landwirtschaftliche Produkte;LWPR-12;Getreide (einschließlich Saatgut);149,3;2020=100;PRE018;Erzeugerpreisindizes landwirtschaftlicher Produkte
61211;Index der Erzeugerpreise landwirtschaftl. Produkte;JAHR;Jahr;1973;DINSG;Deutschland insgesamt;DG;Deutschland;PROAT1;Landwirtschaftliche Produkte;LWPR-1212;Brotroggen;117,9;2020=100;PRE018;Erzeugerpreisindizes landwirtschaftlicher Produkte
61211;Index der Erzeugerpreise landwirtschaftl. Produkte;JAHR;Jahr;1984;DINSG;Deutschland insgesamt;DG;Deutschland;PROAT1;Landwirtschaftliche Produkte;LWPR-122;Getreidesaatgut;128,2;2020=100;PRE018;Erzeugerpreisindizes landwirtschaftlicher Produkte
61211;Index der Erzeugerpreise landwirtschaftl. Produkte;JAHR;Jahr;1983;DINSG;Deutschland insgesamt;DG;Deutschland;PROAT1;Landwirtschaftliche Produkte;LWPR-211;Rinder;117,8;2020=100;PRE018;Erzeugerpreisindizes landwirtschaftlicher Produkte
61211;Index der Erzeugerpreise landwirtschaftl. Produkte;JAHR;Jahr;2003;DINSG;Deutschland insgesamt;DG;Deutschland;PROAT1;Landwirtschaftliche Produkte;LWPR-1523;Baumschulerzeugnisse;88,8;2020=100;PRE018;Erzeugerpreisindizes landwirtschaftlicher Produkte
61211;Index der Erzeugerpreise landwirtschaftl. Produkte;JAHR;Jahr;1987;DINSG;Deutschland insgesamt;DG;Deutschland;PROAT1;Landwirtschaftliche Produkte;LWPR-1215;Braugerste;136,4;2020=100;PRE018;Erzeugerpreisindizes landwirtschaftlicher Produkte
61211;Index der Erzeugerpreise landwirtschaftl. Produkte;JAHR;Jahr;1980;DINSG;Deutschland insgesamt;DG;Deutschland;PROAT1;Landwirtschaftliche Produkte;LWPR-161;Tafeläpfel;-;2020=100;PRE018;Erzeugerpreisindizes landwirtschaftlicher Produkte
61211;Index der Erzeugerpreise landwirtschaftl. Produkte;JAHR;Jahr;2014;DINSG;Deutschland insgesamt;DG;Deutschland;PROAT1;Landwirtschaftliche Produkte;LWPR-14;Kartoffeln (einschließlich Pflanzkartoffeln);60,8;2020=100;PRE018;Erzeugerpreisindizes landwirtschaftlicher Produkte
61211;Index der Erzeugerpreise landwirtschaftl. Produkte;JAHR;Jahr;1980;DINSG;Deutschland insgesamt;DG;Deutschland;PROAT1;Landwirtschaftliche Produkte;LWPR-15;Erzeugnisse des Gemüse- und Gartenbaus;58,3;2020=100;PRE018;Erzeugerpreisindizes landwirtschaftlicher Produkte
61211;Index der Erzeugerpreise landwirtschaftl. Produkte;JAHR;Jahr;1970;DINSG;Deutschland insgesamt;DG;Deutschland;PROAT1;Landwirtschaftliche Produkte;LWPR-131;Raps;-;2020=100;PRE018;Erzeugerpreisindizes landwirtschaftlicher Produkte
61211;Index der Erzeugerpreise landwirtschaftl. Produkte;JAHR;Jahr;2000;DINSG;Deutschland insgesamt;DG;Deutschland;PROAT1;Landwirtschaftliche Produkte;LWPR-1214;Futtergerste;70,3;2020=100;PRE018;Erzeugerpreisindizes landwirtschaftlicher Produkte
61211;Index der Erzeugerpreise landwirtschaftl. Produkte;JAHR;Jahr;1999;DINSG;Deutschland insgesamt;DG;Deutschland;PROAT1;Landwirtschaftliche Produkte;LWPR-1211;Brotweizen;66,5;2020=100;PRE018;Erzeugerpreisindizes landwirtschaftlicher Produkte
61211;Index der Erzeugerpreise landwirtschaftl. Produkte;JAHR;Jahr;1997;DINSG;Deutschland insgesamt;DG;Deutschland;PROAT1;Landwirtschaftliche Produkte;LWPR-1515;Spargel;-;2020=100;PRE018;Erzeugerpreisindizes landwirtschaftlicher Produkte
61211;Index der Erzeugerpreise landwirtschaftl. Produkte;JAHR;Jahr;2015;DINSG;Deutschland insgesamt;DG;Deutschland;PROAT1;Landwirtschaftliche Produkte;LWPR-1212;Brotroggen;94,2;2020=100;PRE018;Erzeugerpreisindizes landwirtschaftlicher Produkte
61211;Index der Erzeugerpreise landwirtschaftl. Produkte;JAHR;Jahr;2012;DINSG;Deutschland insgesamt;DG;Deutschland;PROAT1;Landwirtschaftliche Produkte;LWPR-15171;Eissalat;155,2;2020=100;PRE018;Erzeugerpreisindizes landwirtschaftlicher Produkte
61211;Index der Erzeugerpreise landwirtschaftl. Produkte;JAHR;Jahr;1976;DINSG;Deutschland insgesamt;DG;Deutschland;PROAT1;Landwirtschaftliche Produkte;LWPR-1521;Schnittblumen;51,0;2020=100;PRE018;Erzeugerpreisindizes landwirtschaftlicher Produkte
61211;Index der Erzeugerpreise landwirtschaftl. Produkte;JAHR;Jahr;2010;DINSG;Deutschland insgesamt;DG;Deutschland;PROAT1;Landwirtschaftliche Produkte;LWPR-23;Eier;81,3;2020=100;PRE018;Erzeugerpreisindizes landwirtschaftlicher Produkte
61211;Index der Erzeugerpreise landwirtschaftl. Produkte;JAHR;Jahr;1994;DINSG;Deutschland insgesamt;DG;Deutschland;PROAT1;Landwirtschaftliche Produkte;LWPR-15;Erzeugnisse des Gemüse- und Gartenbaus;69,7;2020=100;PRE018;Erzeugerpreisindizes landwirtschaftlicher Produkte
61211;Index der Erzeugerpreise landwirtschaftl. Produkte;JAHR;Jahr;1983;DINSG;Deutschland insgesamt;DG;Deutschland;PROAT1;Landwirtschaftliche Produkte;LWPR-1512;Tomaten;-;2020=100;PRE018;Erzeugerpreisindizes landwirtschaftlicher Produkte
61211;Index der Erzeugerpreise landwirtschaftl. Produkte;JAHR;Jahr;1972;DINSG;Deutschland insgesamt;DG;Deutschland;PROAT1;Landwirtschaftliche Produkte;LWPR-2112;Kühe;99,6;2020=100;PRE018;Erzeugerpreisindizes landwirtschaftlicher Produkte
61211;Index der Erzeugerpreise landwirtschaftl. Produkte;JAHR;Jahr;2006;DINSG;Deutschland insgesamt;DG;Deutschland;PROAT1;Landwirtschaftliche Produkte;LWPR-2114;Kälber;123,4;2020=100;PRE018;Erzeugerpreisindizes landwirtschaftlicher Produkte
61211;Index der Erzeugerpreise landwirtschaftl. Produkte;JAHR;Jahr;1994;DINSG;Deutschland insgesamt;DG;Deutschland;PROAT1;Landwirtschaftliche Produkte;LWPR-152;Pflanzen und Blumen;80,8;2020=100;PRE018;Erzeugerpreisindizes landwirtschaftlicher Produkte
61211;Index der Erzeugerpreise landwirtschaftl. Produkte;JAHR;Jahr;2013;DINSG;Deutschland insgesamt;DG;Deutschland;PROAT1;Landwirtschaftliche Produkte;LWPR-1516;Kohlgemüse;-;2020=100;PRE018;Erzeugerpreisindizes landwirtschaftlicher Produkte
61211;Index der Erzeugerpreise landwirtschaftl. Produkte;JAHR;Jahr;2024;DINSG;Deutschland insgesamt;DG;Deutschland;PROAT1;Landwirtschaftliche Produkte;LWPR-23;Eier;163,7;2020=100;PRE018;Erzeugerpreisindizes landwirtschaftlicher Produkte
61211;Index der Erzeugerpreise landwirtschaftl. Produkte;JAHR;Jahr;2018;DINSG;Deutschland insgesamt;DG;Deutschland;PROAT1;Landwirtschaftliche Produkte;LWPR-133;Futterpflanzen;-;2020=100;PRE018;Erzeugerpreisindizes landwirtschaftlicher Produkte
61211;Index der Erzeugerpreise landwirtschaftl. Produkte;JAHR;Jahr;1973;DINSG;Deutschland insgesamt;DG;Deutschland;PROAT1;Landwirtschaftliche Produkte;LWPR-2142;Sonstiges Geflügel;79,7;2020=100;PRE018;Erzeugerpreisindizes landwirtschaftlicher Produkte
61211;Index der Erzeugerpreise landwirtschaftl. Produkte;JAHR;Jahr;2011;DINSG;Deutschland insgesamt;DG;Deutschland;PROAT1;Landwirtschaftliche Produkte;LWPR-1216;Körnermais;105,0;2020=100;PRE018;Erzeugerpreisindizes landwirtschaftlicher Produkte
61211;Index der Erzeugerpreise landwirtschaftl. Produkte;JAHR;Jahr;1970;DINSG;Deutschland insgesamt;DG;Deutschland;PROAT1;Landwirtschaftliche Produkte;LWPR-161;Tafeläpfel;-;2020=100;PRE018;Erzeugerpreisindizes landwirtschaftlicher Produkte
61211;Index der Erzeugerpreise landwirtschaftl. Produkte;JAHR;Jahr;2018;DINSG;Deutschland insgesamt;DG;Deutschland;PROAT1;Landwirtschaftliche Produkte;LWPR-2114;Kälber;117,5;2020=100;PRE018;Erzeugerpreisindizes landwirtschaftlicher Produkte
61211;Index der Erzeugerpreise landwirtschaftl. Produkte;JAHR;Jahr;2000;DINSG;Deutschland insgesamt;DG;Deutschland;PROAT1;Landwirtschaftliche Produkte;LWPR-1522;Topfpflanzen;84,4;2020=100;PRE018;Erzeugerpreisindizes landwirtschaftlicher Produkte
61211;Index der Erzeugerpreise landwirtschaftl. Produkte;JAHR;Jahr;1974;DINSG;Deutschland insgesamt;DG;Deutschland;PROAT1;Landwirtschaftliche Produkte;LWPR-162;Erdbeeren;-;2020=100;PRE018;Erzeugerpreisindizes landwirtschaftlicher Produkte
61211;Index der Erzeugerpreise landwirtschaftl. Produkte;JAHR;Jahr;1976;DINSG;Deutschland insgesamt;DG;Deutschland;PROAT1;Landwirtschaftliche Produkte;LWPR-22;Milch;81,5;2020=100;PRE018;Erzeugerpreisindizes landwirtschaftlicher Produkte
61211;Index der Erzeugerpreise landwirtschaftl. Produkte;JAHR;Jahr;1993;DINSG;Deutschland insgesamt;DG;Deutschland;PROAT1;Landwirtschaftliche Produkte;LWPR-1522;Topfpflanzen;96,4;2020=100;PRE018;Erzeugerpreisindizes landwirtschaftlicher Produkte
61211;Index der Erzeugerpreise landwirtschaftl. Produkte;JAHR;Jahr;1979;DINSG;Deutschland insgesamt;DG;Deutschland;PROAT1;Landwirtschaftliche Produkte;LWPR-1215;Braugerste;141,0;2020=100;PRE018;Erzeugerpreisindizes landwirtschaftlicher Produkte
61211;Index der Erzeugerpreise landwirtschaftl. Produkte;JAHR;Jahr;1982;DINSG;Deutschland insgesamt;DG;Deutschland;PROAT1;Landwirtschaftliche Produkte;LWPR-1512;Tomaten;-;2020=100;PRE018;Erzeugerpreisindizes landwirtschaftlicher Produkte
61211;Index der Erzeugerpreise landwirtschaftl. Produkte;JAHR;Jahr;2014;DINSG;Deutschland insgesamt;DG;Deutschland;PROAT1;Landwirtschaftliche Produkte;LWPR-1512;Tomaten;91,5;2020=100;PRE018;Erzeugerpreisindizes landwirtschaftlicher Produkte
61211;Index der Erzeugerpreise landwirtschaftl. Produkte;JAHR;Jahr;1968;DINSG;Deutschland insgesamt;DG;Deutschland;PROAT1;Landwirtschaftliche Produkte;LWPR-1521;Schnittblumen;40,7;2020=100;PRE018;Erzeugerpreisindizes landwirtschaftlicher Produkte
61211;Index der Erzeugerpreise landwirtschaftl. Produkte;JAHR;Jahr;2023;DINSG;Deutschland insgesamt;DG;Deutschland;PROAT1;Landwirtschaftliche Produkte;LWPR-2142;Sonstiges Geflügel;131,6;2020=100;PRE018;Erzeugerpreisindizes landwirtschaftlicher Produkte
61211;Index der Erzeugerpreise landwirtschaftl. Produkte;JAHR;Jahr;1990;DINSG;Deutschland insgesamt;DG;Deutschland;PROAT1;Landwirtschaftliche Produkte;LWPR-133;Futterpflanzen;-;2020=100;PRE018;Erzeugerpreisindizes landwirtschaftlicher Produkte
61211;Index der Erzeugerpreise landwirtschaftl. Produkte;JAHR;Jahr;2012;DINSG;Deutschland insgesamt;DG;Deutschland;PROAT1;Landwirtschaftliche Produkte;LWPR-12;Getreide (einschließlich Saatgut);131,0;2020=100;PRE018;Erzeugerpreisindizes landwirtschaftlicher Produkte
61211;Index der Erzeugerpreise landwirtschaftl. Produkte;JAHR;Jahr;2005;DINSG;Deutschland insgesamt;DG;Deutschland;PROAT1;Landwirtschaftliche Produkte;LWPR-16;Obst;67,8;2020=100;PRE018;Erzeugerpreisindizes landwirtschaftlicher Produkte
61211;Index der Erzeugerpreise landwirtschaftl. Produkte;JAHR;Jahr;1968;DINSG;Deutschland insgesamt;DG;Deutschland;PROAT1;Landwirtschaftliche Produkte;LWPR-121;Getreide;110,1;2020=100;PRE018;Erzeugerpreisindizes landwirtschaftlicher Produkte
61211;Index der Erzeugerpreise landwirtschaftl. Produkte;JAHR;Jahr;1973;DINSG;Deutschland insgesamt;DG;Deutschland;PROAT1;Landwirtschaftliche Produkte;LWPR-1211;Brotweizen;110,7;2020=100;PRE018;Erzeugerpreisindizes landwirtschaftlicher Produkte
61211;Index der Erzeugerpreise landwirtschaftl. Produkte;JAHR;Jahr;2014;DINSG;Deutschland insgesamt;DG;Deutschland;PROAT1;Landwirtschaftliche Produkte;LWPR-131;Raps;86,9;2020=100;PRE018;Erzeugerpreisindizes landwirtschaftlicher Produkte
61211;Index der Erzeugerpreise landwirtschaftl. Produkte;JAHR;Jahr;1990;DINSG;Deutschland insgesamt;DG;Deutschland;PROAT1;Landwirtschaftliche Produkte;LWPR-16;Obst;74,8;2020=100;PRE018;Erzeugerpreisindizes landwirtschaftlicher Produkte
61211;Index der Erzeugerpreise landwirtschaftl. Produkte;JAHR;Jahr;2004;DINSG;Deutschland insgesamt;DG;Deutschland;PROAT1;Landwirtschaftliche Produkte;LWPR-2;Tierische Erzeugung;83,5;2020=100;PRE018;Erzeugerpreisindizes landwirtschaftlicher Produkte
61211;Index der Erzeugerpreise landwirtschaftl. Produkte;JAHR;Jahr;2024;DINSG;Deutschland insgesamt;DG;Deutschland;PROAT1;Landwirtschaftliche Produkte;LWPR-161;Tafeläpfel;121,2;2020=100;PRE018;Erzeugerpreisindizes landwirtschaftlicher Produkte
61211;Index der Erzeugerpreise landwirtschaftl. Produkte;JAHR;Jahr;2015;DINSG;Deutschland insgesamt;DG;Deutschland;PROAT1;Landwirtschaftliche Produkte;LWPR-2112;Kühe;112,5;2020=100;PRE018;Erzeugerpreisindizes landwirtschaftlicher Produkte
61211;Index der Erzeugerpreise landwirtschaftl. Produkte;JAHR;Jahr;2012;DINSG;Deutschland insgesamt;DG;Deutschland;PROAT1;Landwirtschaftliche Produkte;LWPR-1211;Brotweizen;130,2;2020=100;PRE018;Erzeugerpreisindizes landwirtschaftlicher Produkte
61211;Index der Erzeugerpreise landwirtschaftl. Produkte;JAHR;Jahr;2003;DINSG;Deutschland insgesamt;DG;Deutschland;PROAT1;Landwirtschaftliche Produkte;LWPR-213;Schafe und Ziegen;65,6;2020=100;PRE018;Erzeugerpreisindizes landwirtschaftlicher Produkte
61211;Index der Erzeugerpreise landwirtschaftl. Produkte;JAHR;Jahr;2014;DINSG;Deutschland insgesamt;DG;Deutschland;PROAT1;Landwirtschaftliche Produkte;LWPR-13;Handelsgewächse;91,4;2020=100;PRE018;Erzeugerpreisindizes landwirtschaftlicher Produkte
61211;Index der Erzeugerpreise landwirtschaftl. Produkte;JAHR;Jahr;2008;DINSG;Deutschland insgesamt;DG;Deutschland;PROAT1;Landwirtschaftliche Produkte;LWPR-17;Wein;-;2020=100;PRE018;Erzeugerpreisindizes landwirtschaftlicher Produkte
61211;Index der Erzeugerpreise landwirtschaftl. Produkte;JAHR;Jahr;2015;DINSG;Deutschland insgesamt;DG;Deutschland;PROAT1;Landwirtschaftliche Produkte;LWPR-13;Handelsgewächse;99,8;2020=100;PRE018;Erzeugerpreisindizes landwirtschaftlicher Produkte
61211;Index der Erzeugerpreise landwirtschaftl. Produkte;JAHR;Jahr;2016;DINSG;Deutschland insgesamt;DG;Deutschland;PROAT1;Landwirtschaftliche Produkte;LWPR-2142;Sonstiges Geflügel;102,3;2020=100;PRE018;Erzeugerpreisindizes landwirtschaftlicher Produkte
61211;Index der Erzeugerpreise landwirtschaftl. Produkte;JAHR;Jahr;1992;DINSG;Deutschland insgesamt;DG;Deutschland;PROAT1;Landwirtschaftliche Produkte;LWPR-17;Wein;-;2020=100;PRE018;Erzeugerpreisindizes landwirtschaftlicher Produkte
61211;Index der Erzeugerpreise landwirtschaftl. Produkte;JAHR;Jahr;1973;DINSG;Deutschland insgesamt;DG;Deutschland;PROAT1;Landwirtschaftliche Produkte;LWPR-21;Tiere;106,5;2020=100;PRE018;Erzeugerpreisindizes landwirtschaftlicher Produkte
61211;Index der Erzeugerpreise landwirtschaftl. Produkte;JAHR;Jahr;1999;DINSG;Deutschland insgesamt;DG;Deutschland;PROAT1;Landwirtschaftliche Produkte;LWPR-131;Raps;59,1;2020=100;PRE018;Erzeugerpreisindizes landwirtschaftlicher Produkte
61211;Index der Erzeugerpreise landwirtschaftl. Produkte;JAHR;Jahr;2004;DINSG;Deutschland insgesamt;DG;Deutschland;PROAT1;Landwirtschaftliche Produkte;LWPR-17;Wein;-;2020=100;PRE018;Erzeugerpreisindizes landwirtschaftlicher Produkte
61211;Index der Erzeugerpreise landwirtschaftl. Produkte;JAHR;Jahr;1978;DINSG;Deutschland insgesamt;DG;Deutschland;PROAT1;Landwirtschaftliche Produkte;LWPR-151;Gemüse;47,9;2020=100;PRE018;Erzeugerpreisindizes landwirtschaftlicher Produkte
61211;Index der Erzeugerpreise landwirtschaftl. Produkte;JAHR;Jahr;1985;DINSG;Deutschland insgesamt;DG;Deutschland;PROAT1;Landwirtschaftliche Produkte;LWPR-1514;Champignons;-;2020=100;PRE018;Erzeugerpreisindizes landwirtschaftlicher Produkte
61211;Index der Erzeugerpreise landwirtschaftl. Produkte;JAHR;Jahr;2008;DINSG;Deutschland insgesamt;DG;Deutschland;PROAT1;Landwirtschaftliche Produkte;LWPR-1213;Futterweizen;96,6;2020=100;PRE018;Erzeugerpreisindizes landwirtschaftlicher Produkte
61211;Index der Erzeugerpreise landwirtschaftl. Produkte;JAHR;Jahr;2013;DINSG;Deutschland insgesamt;DG;Deutschland;PROAT1;Landwirtschaftliche Produkte;LWPR-1517;Salat;-;2020=100;PRE018;Erzeugerpreisindizes landwirtschaftlicher Produkte
61211;Index der Erzeugerpreise landwirtschaftl. Produkte;JAHR;Jahr;1972;DINSG;Deutschland insgesamt;DG;Deutschland;PROAT1;Landwirtschaftliche Produkte;LWPR-1216;Körnermais;100,7;2020=100;PRE018;Erzeugerpreisindizes landwirtschaftlicher Produkte
61211;Index der Erzeugerpreise landwirtschaftl. Produkte;JAHR;Jahr;1968;DINSG;Deutschland insgesamt;DG;Deutschland;PROAT1;Landwirtschaftliche Produkte;LWPR-14;Kartoffeln (einschließlich Pflanzkartoffeln);23,8;2020=100;PRE018;Erzeugerpreisindizes landwirtschaftlicher Produkte
61211;Index der Erzeugerpreise landwirtschaftl. Produkte;JAHR;Jahr;2018;DINSG;Deutschland insgesamt;DG;Deutschland;PROAT1;Landwirtschaftliche Produkte;LWPR-1522;Topfpflanzen;96,0;2020=100;PRE018;Erzeugerpreisindizes landwirtschaftlicher Produkte
61211;Index der Erzeugerpreise landwirtschaftl. Produkte;JAHR;Jahr;2025;DINSG;Deutschland insgesamt;DG;Deutschland;PROAT1;Landwirtschaftliche Produkte;LWPR-2114;Kälber;180,6;2020=100;PRE018;Erzeugerpreisindizes landwirtschaftlicher Produkte
61211;Index der Erzeugerpreise landwirtschaftl. Produkte;JAHR;Jahr;2010;DINSG;Deutschland insgesamt;DG;Deutschland;PROAT1;Landwirtschaftliche Produkte;LWPR-1515;Spargel;-;2020=100;PRE018;Erzeugerpreisindizes landwirtschaftlicher Produkte
61211;Index der Erzeugerpreise landwirtschaftl. Produkte;JAHR;Jahr;2006;DINSG;Deutschland insgesamt;DG;Deutschland;PROAT1;Landwirtschaftliche Produkte;LWPR-16;Obst;74,8;2020=100;PRE018;Erzeugerpreisindizes landwirtschaftlicher Produkte
61211;Index der Erzeugerpreise landwirtschaftl. Produkte;JAHR;Jahr;1989;DINSG;Deutschland insgesamt;DG;Deutschland;PROAT1;Landwirtschaftliche Produkte;LWPR-212;Schweine;111,6;2020=100;PRE018;Erzeugerpreisindizes landwirtschaftlicher Produkte
61211;Index der Erzeugerpreise landwirtschaftl. Produkte;JAHR;Jahr;2025;DINSG;Deutschland insgesamt;DG;Deutschland;PROAT1;Landwirtschaftliche Produkte;LWPR-212;Schweine;115,3;2020=100;PRE018;Erzeugerpreisindizes landwirtschaftlicher Produkte
61211;Index der Erzeugerpreise landwirtschaftl. Produkte;JAHR;Jahr;2009;DINSG;Deutschland insgesamt;DG;Deutschland;PROAT1;Landwirtschaftliche Produkte;LWPR-17;Wein;-;2020=100;PRE018;Erzeugerpreisindizes landwirtschaftlicher Produkte
61211;Index der Erzeugerpreise landwirtschaftl. Produkte;JAHR;Jahr;2025;DINSG;Deutschland insgesamt;DG;Deutschland;PROAT1;Landwirtschaftliche Produkte;LWPR-1521;Schnittblumen;142,0;2020=100;PRE018;Erzeugerpreisindizes landwirtschaftlicher Produkte
61211;Index der Erzeugerpreise landwirtschaftl. Produkte;JAHR;Jahr;2000;DINSG;Deutschland insgesamt;DG;Deutschland;PROAT1;Landwirtschaftliche Produkte;LWPR-15171;Eissalat;73,7;2020=100;PRE018;Erzeugerpreisindizes landwirtschaftlicher Produkte
61211;Index der Erzeugerpreise landwirtschaftl. Produkte;JAHR;Jahr;1978;DINSG;Deutschland insgesamt;DG;Deutschland;PROAT1;Landwirtschaftliche Produkte;LWPR-1514;Champignons;-;2020=100;PRE018;Erzeugerpreisindizes landwirtschaftlicher Produkte
61211;Index der Erzeugerpreise landwirtschaftl. Produkte;JAHR;Jahr;2020;DINSG;Deutschland insgesamt;DG;Deutschland;PROAT1;Landwirtschaftliche Produkte;LWPR-1516;Kohlgemüse;100,0;2020=100;PRE018;Erzeugerpreisindizes landwirtschaftlicher Produkte
61211;Index der Erzeugerpreise landwirtschaftl. Produkte;JAHR;Jahr;2000;DINSG;Deutschland insgesamt;DG;Deutschland;PROAT1;Landwirtschaftliche Produkte;LWPR-2;Tierische Erzeugung;85,7;2020=100;PRE018;Erzeugerpreisindizes landwirtschaftlicher Produkte
61211;Index der Erzeugerpreise landwirtschaftl. Produkte;JAHR;Jahr;2022;DINSG;Deutschland insgesamt;DG;Deutschland;PROAT1;Landwirtschaftliche Produkte;LWPR-121;Getreide;184,0;2020=100;PRE018;Erzeugerpreisindizes landwirtschaftlicher Produkte
61211;Index der Erzeugerpreise landwirtschaftl. Produkte;JAHR;Jahr;2009;DINSG;Deutschland insgesamt;DG;Deutschland;PROAT1;Landwirtschaftliche Produkte;LWPR-133;Futterpflanzen;-;2020=100;PRE018;Erzeugerpreisindizes landwirtschaftlicher Produkte
61211;Index der Erzeugerpreise landwirtschaftl. Produkte;JAHR;Jahr;1987;DINSG;Deutschland insgesamt;DG;Deutschland;PROAT1;Landwirtschaftliche Produkte;LWPR-1;Pflanzliche Erzeugung;88,8;2020=100;PRE018;Erzeugerpreisindizes landwirtschaftlicher Produkte
61211;Index der Erzeugerpreise landwirtschaftl. Produkte;JAHR;Jahr;1981;DINSG;Deutschland insgesamt;DG;Deutschland;PROAT1;Landwirtschaftliche Produkte;LWPR-122;Getreidesaatgut;126,6;2020=100;PRE018;Erzeugerpreisindizes landwirtschaftlicher Produkte
61211;Index der Erzeugerpreise landwirtschaftl. Produkte;JAHR;Jahr;1993;DINSG;Deutschland insgesamt;DG;Deutschland;PROAT1;Landwirtschaftliche Produkte;LWPR-17;Wein;-;2020=100;PRE018;Erzeugerpreisindizes landwirtschaftlicher Produkte
61211;Index der Erzeugerpreise landwirtschaftl. Produkte;JAHR;Jahr;1977;DINSG;Deutschland insgesamt;DG;Deutschland;PROAT1;Landwirtschaftliche Produkte;LWPR-133;Futterpflanzen;-;2020=100;PRE018;Erzeugerpreisindizes landwirtschaftlicher Produkte
61211;Index der Erzeugerpreise landwirtschaftl. Produkte;JAHR;Jahr;1995;DINSG;Deutschland insgesamt;DG;Deutschland;PROAT1;Landwirtschaftliche Produkte;LWPR;Erzeugung landwirtschaftlicher Produkte;82,7;2020=100;PRE018;Erzeugerpreisindizes landwirtschaftlicher Produkte
61211;Index der Erzeugerpreise landwirtschaftl. Produkte;JAHR;Jahr;1972;DINSG;Deutschland insgesamt;DG;Deutschland;PROAT1;Landwirtschaftliche Produkte;LWPR-211;Rinder;93,8;2020=100;PRE018;Erzeugerpreisindizes landwirtschaftlicher Produkte
61211;Index der Erzeugerpreise landwirtschaftl. Produkte;JAHR;Jahr;2025;DINSG;Deutschland insgesamt;DG;Deutschland;PROAT1;Landwirtschaftliche Produkte;LWPR-21;Tiere;142,8;2020=100;PRE018;Erzeugerpreisindizes landwirtschaftlicher Produkte
61211;Index der Erzeugerpreise landwirtschaftl. Produkte;JAHR;Jahr;1991;DINSG;Deutschland insgesamt;DG;Deutschland;PROAT1;Landwirtschaftliche Produkte;LWPR-152;Pflanzen und Blumen;77,1;2020=100;PRE018;Erzeugerpreisindizes landwirtschaftlicher Produkte
61211;Index der Erzeugerpreise landwirtschaftl. Produkte;JAHR;Jahr;1994;DINSG;Deutschland insgesamt;DG;Deutschland;PROAT1;Landwirtschaftliche Produkte;LWPR-2111;Jungbullen;83,5;2020=100;PRE018;Erzeugerpreisindizes landwirtschaftlicher Produkte
61211;Index der Erzeugerpreise landwirtschaftl. Produkte;JAHR;Jahr;1995;DINSG;Deutschland insgesamt;DG;Deutschland;PROAT1;Landwirtschaftliche Produkte;LWPR-2141;Hähnchen;72,1;2020=100;PRE018;Erzeugerpreisindizes landwirtschaftlicher Produkte
61211;Index der Erzeugerpreise landwirtschaftl. Produkte;JAHR;Jahr;2022;DINSG;Deutschland insgesamt;DG;Deutschland;PROAT1;Landwirtschaftliche Produkte;LWPR-2112;Kühe;165,8;2020=100;PRE018;Erzeugerpreisindizes landwirtschaftlicher Produkte
61211;Index der Erzeugerpreise landwirtschaftl. Produkte;JAHR;Jahr;2010;DINSG;Deutschland insgesamt;DG;Deutschland;PROAT1;Landwirtschaftliche Produkte;LWPR-152;Pflanzen und Blumen;89,4;2020=100;PRE018;Erzeugerpreisindizes landwirtschaftlicher Produkte
61211;Index der Erzeugerpreise landwirtschaftl. Produkte;JAHR;Jahr;1988;DINSG;Deutschland insgesamt;DG;Deutschland;PROAT1;Landwirtschaftliche Produkte;LWPR-1516;Kohlgemüse;-;2020=100;PRE018;Erzeugerpreisindizes landwirtschaftlicher Produkte
61211;Index der Erzeugerpreise landwirtschaftl. Produkte;JAHR;Jahr;2009;DINSG;Deutschland insgesamt;DG;Deutschland;PROAT1;Landwirtschaftliche Produkte;LWPR-15171;Eissalat;122,3;2020=100;PRE018;Erzeugerpreisindizes landwirtschaftlicher Produkte
61211;Index der Erzeugerpreise landwirtschaftl. Produkte;JAHR;Jahr;2010;DINSG;Deutschland insgesamt;DG;Deutschland;PROAT1;Landwirtschaftliche Produkte;LWPR-2;Tierische Erzeugung;91,3;2020=100;PRE018;Erzeugerpreisindizes landwirtschaftlicher Produkte
61211;Index der Erzeugerpreise landwirtschaftl. Produkte;JAHR;Jahr;2013;DINSG;Deutschland insgesamt;DG;Deutschland;PROAT1;Landwirtschaftliche Produkte;LWPR-23;Eier;89,6;2020=100;PRE018;Erzeugerpreisindizes landwirtschaftlicher Produkte
61211;Index der Erzeugerpreise landwirtschaftl. Produkte;JAHR;Jahr;1969;DINSG;Deutschland insgesamt;DG;Deutschland;PROAT1;Landwirtschaftliche Produkte;LWPR-14;Kartoffeln (einschließlich Pflanzkartoffeln);42,1;2020=100;PRE018;Erzeugerpreisindizes landwirtschaftlicher Produkte
61211;Index der Erzeugerpreise landwirtschaftl. Produkte;JAHR;Jahr;2000;DINSG;Deutschland insgesamt;DG;Deutschland;PROAT1;Landwirtschaftliche Produkte;LWPR-122;Getreidesaatgut;82,7;2020=100;PRE018;Erzeugerpreisindizes landwirtschaftlicher Produkte
61211;Index der Erzeugerpreise landwirtschaftl. Produkte;JAHR;Jahr;1968;DINSG;Deutschland insgesamt;DG;Deutschland;PROAT1;Landwirtschaftliche Produkte;LWPR-2114;Kälber;74,6;2020=100;PRE018;Erzeugerpreisindizes landwirtschaftlicher Produkte
61211;Index der Erzeugerpreise landwirtschaftl. Produkte;JAHR;Jahr;1974;DINSG;Deutschland insgesamt;DG;Deutschland;PROAT1;Landwirtschaftliche Produkte;LWPR-1517;Salat;-;2020=100;PRE018;Erzeugerpreisindizes landwirtschaftlicher Produkte
61211;Index der Erzeugerpreise landwirtschaftl. Produkte;JAHR;Jahr;1975;DINSG;Deutschland insgesamt;DG;Deutschland;PROAT1;Landwirtschaftliche Produkte;LWPR-1512;Tomaten;-;2020=100;PRE018;Erzeugerpreisindizes landwirtschaftlicher Produkte
61211;Index der Erzeugerpreise landwirtschaftl. Produkte;JAHR;Jahr;2009;DINSG;Deutschland insgesamt;DG;Deutschland;PROAT1;Landwirtschaftliche Produkte;LWPR;Erzeugung landwirtschaftlicher Produkte;77,5;2020=100;PRE018;Erzeugerpreisindizes landwirtschaftlicher Produkte
61211;Index der Erzeugerpreise landwirtschaftl. Produkte;JAHR;Jahr;1997;DINSG;Deutschland insgesamt;DG;Deutschland;PROAT1;Landwirtschaftliche Produkte;LWPR-2113;Färsen;72,0;2020=100;PRE018;Erzeugerpreisindizes landwirtschaftlicher Produkte
61211;Index der Erzeugerpreise landwirtschaftl. Produkte;JAHR;Jahr;2023;DINSG;Deutschland insgesamt;DG;Deutschland;PROAT1;Landwirtschaftliche Produkte;LWPR-1212;Brotroggen;136,0;2020=100;PRE018;Erzeugerpreisindizes landwirtschaftlicher Produkte
61211;Index der Erzeugerpreise landwirtschaftl. Produkte;JAHR;Jahr;1989;DINSG;Deutschland insgesamt;DG;Deutschland;PROAT1;Landwirtschaftliche Produkte;LWPR-1511;Blumenkohl;20,3;2020=100;PRE018;Erzeugerpreisindizes landwirtschaftlicher Produkte
61211;Index der Erzeugerpreise landwirtschaftl. Produkte;JAHR;Jahr;1976;DINSG;Deutschland insgesamt;DG;Deutschland;PROAT1;Landwirtschaftliche Produkte;LWPR-1213;Futterweizen;126,3;2020=100;PRE018;Erzeugerpreisindizes landwirtschaftlicher Produkte
61211;Index der Erzeugerpreise landwirtschaftl. Produkte;JAHR;Jahr;2007;DINSG;Deutschland insgesamt;DG;Deutschland;PROAT1;Landwirtschaftliche Produkte;LWPR-213;Schafe und Ziegen;64,7;2020=100;PRE018;Erzeugerpreisindizes landwirtschaftlicher Produkte
61211;Index der Erzeugerpreise landwirtschaftl. Produkte;JAHR;Jahr;1975;DINSG;Deutschland insgesamt;DG;Deutschland;PROAT1;Landwirtschaftliche Produkte;LWPR-213;Schafe und Ziegen;-;2020=100;PRE018;Erzeugerpreisindizes landwirtschaftlicher Produkte
61211;Index der Erzeugerpreise landwirtschaftl. Produkte;JAHR;Jahr;1973;DINSG;Deutschland insgesamt;DG;Deutschland;PROAT1;Landwirtschaftliche Produkte;LWPR-15171;Eissalat;-;2020=100;PRE018;Erzeugerpreisindizes landwirtschaftlicher Produkte
61211;Index der Erzeugerpreise landwirtschaftl. Produkte;JAHR;Jahr;1996;DINSG;Deutschland insgesamt;DG;Deutschland;PROAT1;Landwirtschaftliche Produkte;LWPR-161;Tafeläpfel;97,9;2020=100;PRE018;Erzeugerpreisindizes landwirtschaftlicher Produkte
61211;Index der Erzeugerpreise landwirtschaftl. Produkte;JAHR;Jahr;2018;DINSG;Deutschland insgesamt;DG;Deutschland;PROAT1;Landwirtschaftliche Produkte;LWPR-14;Kartoffeln (einschließlich Pflanzkartoffeln);128,8;2020=100;PRE018;Erzeugerpreisindizes landwirtschaftlicher Produkte
61211;Index der Erzeugerpreise landwirtschaftl. Produkte;JAHR;Jahr;1986;DINSG;Deutschland insgesamt;DG;Deutschland;PROAT1;Landwirtschaftliche Produkte;LWPR-131;Raps;182,2;2020=100;PRE018;Erzeugerpreisindizes landwirtschaftlicher Produkte
61211;Index der Erzeugerpreise landwirtschaftl. Produkte;JAHR;Jahr;1986;DINSG;Deutschland insgesamt;DG;Deutschland;PROAT1;Landwirtschaftliche Produkte;LWPR-122;Getreidesaatgut;119,0;2020=100;PRE018;Erzeugerpreisindizes landwirtschaftlicher Produkte
61211;Index der Erzeugerpreise landwirtschaftl. Produkte;JAHR;Jahr;1982;DINSG;Deutschland insgesamt;DG;Deutschland;PROAT1;Landwirtschaftliche Produkte;LWPR-121;Getreide;146,6;2020=100;PRE018;Erzeugerpreisindizes landwirtschaftlicher Produkte
61211;Index der Erzeugerpreise landwirtschaftl. Produkte;JAHR;Jahr;2003;DINSG;Deutschland insgesamt;DG;Deutschland;PROAT1;Landwirtschaftliche Produkte;LWPR-1515;Spargel;-;2020=100;PRE018;Erzeugerpreisindizes landwirtschaftlicher Produkte
61211;Index der Erzeugerpreise landwirtschaftl. Produkte;JAHR;Jahr;1994;DINSG;Deutschland insgesamt;DG;Deutschland;PROAT1;Landwirtschaftliche Produkte;LWPR-121;Getreide;80,5;2020=100;PRE018;Erzeugerpreisindizes landwirtschaftlicher Produkte
61211;Index der Erzeugerpreise landwirtschaftl. Produkte;JAHR;Jahr;2024;DINSG;Deutschland insgesamt;DG;Deutschland;PROAT1;Landwirtschaftliche Produkte;LWPR-1513;Gurken;136,5;2020=100;PRE018;Erzeugerpreisindizes landwirtschaftlicher Produkte
61211;Index der Erzeugerpreise landwirtschaftl. Produkte;JAHR;Jahr;1986;DINSG;Deutschland insgesamt;DG;Deutschland;PROAT1;Landwirtschaftliche Produkte;LWPR-2112;Kühe;103,6;2020=100;PRE018;Erzeugerpreisindizes landwirtschaftlicher Produkte
61211;Index der Erzeugerpreise landwirtschaftl. Produkte;JAHR;Jahr;1991;DINSG;Deutschland insgesamt;DG;Deutschland;PROAT1;Landwirtschaftliche Produkte;LWPR-15;Erzeugnisse des Gemüse- und Gartenbaus;68,3;2020=100;PRE018;Erzeugerpreisindizes landwirtschaftlicher Produkte
61211;Index der Erzeugerpreise landwirtschaftl. Produkte;JAHR;Jahr;2013;DINSG;Deutschland insgesamt;DG;Deutschland;PROAT1;Landwirtschaftliche Produkte;LWPR-14;Kartoffeln (einschließlich Pflanzkartoffeln);80,1;2020=100;PRE018;Erzeugerpreisindizes landwirtschaftlicher Produkte
61211;Index der Erzeugerpreise landwirtschaftl. Produkte;JAHR;Jahr;2000;DINSG;Deutschland insgesamt;DG;Deutschland;PROAT1;Landwirtschaftliche Produkte;LWPR-211;Rinder;78,3;2020=100;PRE018;Erzeugerpreisindizes landwirtschaftlicher Produkte
61211;Index der Erzeugerpreise landwirtschaftl. Produkte;JAHR;Jahr;1993;DINSG;Deutschland insgesamt;DG;Deutschland;PROAT1;Landwirtschaftliche Produkte;LWPR-211;Rinder;89,8;2020=100;PRE018;Erzeugerpreisindizes landwirtschaftlicher Produkte
61211;Index der Erzeugerpreise landwirtschaftl. Produkte;JAHR;Jahr;2006;DINSG;Deutschland insgesamt;DG;Deutschland;PROAT1;Landwirtschaftliche Produkte;LWPR-141;Speisekartoffeln;60,9;2020=100;PRE018;Erzeugerpreisindizes landwirtschaftlicher Produkte
61211;Index der Erzeugerpreise landwirtschaftl. Produkte;JAHR;Jahr;1971;DINSG;Deutschland insgesamt;DG;Deutschland;PROAT1;Landwirtschaftliche Produkte;LWPR-1511;Blumenkohl;16,8;2020=100;PRE018;Erzeugerpreisindizes landwirtschaftlicher Produkte
61211;Index der Erzeugerpreise landwirtschaftl. Produkte;JAHR;Jahr;1987;DINSG;Deutschland insgesamt;DG;Deutschland;PROAT1;Landwirtschaftliche Produkte;LWPR-2142;Sonstiges Geflügel;96,3;2020=100;PRE018;Erzeugerpreisindizes landwirtschaftlicher Produkte
61211;Index der Erzeugerpreise landwirtschaftl. Produkte;JAHR;Jahr;1999;DINSG;Deutschland insgesamt;DG;Deutschland;PROAT1;Landwirtschaftliche Produkte;LWPR;Erzeugung landwirtschaftlicher Produkte;74,3;2020=100;PRE018;Erzeugerpreisindizes landwirtschaftlicher Produkte
61211;Index der Erzeugerpreise landwirtschaftl. Produkte;JAHR;Jahr;1992;DINSG;Deutschland insgesamt;DG;Deutschland;PROAT1;Landwirtschaftliche Produkte;LWPR-151;Gemüse;53,4;2020=100;PRE018;Erzeugerpreisindizes landwirtschaftlicher Produkte
61211;Index der Erzeugerpreise landwirtschaftl. Produkte;JAHR;Jahr;1981;DINSG;Deutschland insgesamt;DG;Deutschland;PROAT1;Landwirtschaftliche Produkte;LWPR-211;Rinder;110,1;2020=100;PRE018;Erzeugerpreisindizes landwirtschaftlicher Produkte
61211;Index der Erzeugerpreise landwirtschaftl. Produkte;JAHR;Jahr;2001;DINSG;Deutschland insgesamt;DG;Deutschland;PROAT1;Landwirtschaftliche Produkte;LWPR-13;Handelsgewächse;105,9;2020=100;PRE018;Erzeugerpreisindizes landwirtschaftlicher Produkte
61211;Index der Erzeugerpreise landwirtschaftl. Produkte;JAHR;Jahr;1996;DINSG;Deutschland insgesamt;DG;Deutschland;PROAT1;Landwirtschaftliche Produkte;LWPR-1515;Spargel;-;2020=100;PRE018;Erzeugerpreisindizes landwirtschaftlicher Produkte
61211;Index der Erzeugerpreise landwirtschaftl. Produkte;JAHR;Jahr;1987;DINSG;Deutschland insgesamt;DG;Deutschland;PROAT1;Landwirtschaftliche Produkte;LWPR-141;Speisekartoffeln;29,0;2020=100;PRE018;Erzeugerpreisindizes landwirtschaftlicher Produkte
61211;Index der Erzeugerpreise landwirtschaftl. Produkte;JAHR;Jahr;1972;DINSG;Deutschland insgesamt;DG;Deutschland;PROAT1;Landwirtschaftliche Produkte;LWPR-2;Tierische Erzeugung;79,4;2020=100;PRE018;Erzeugerpreisindizes landwirtschaftlicher Produkte
61211;Index der Erzeugerpreise landwirtschaftl. Produkte;JAHR;Jahr;1973;DINSG;Deutschland insgesamt;DG;Deutschland;PROAT1;Landwirtschaftliche Produkte;LWPR-141;Speisekartoffeln;35,9;2020=100;PRE018;Erzeugerpreisindizes landwirtschaftlicher Produkte
61211;Index der Erzeugerpreise landwirtschaftl. Produkte;JAHR;Jahr;2019;DINSG;Deutschland insgesamt;DG;Deutschland;PROAT1;Landwirtschaftliche Produkte;LWPR-16;Obst;82,8;2020=100;PRE018;Erzeugerpreisindizes landwirtschaftlicher Produkte
61211;Index der Erzeugerpreise landwirtschaftl. Produkte;JAHR;Jahr;2011;DINSG;Deutschland insgesamt;DG;Deutschland;PROAT1;Landwirtschaftliche Produkte;LWPR-1523;Baumschulerzeugnisse;97,3;2020=100;PRE018;Erzeugerpreisindizes landwirtschaftlicher Produkte
61211;Index der Erzeugerpreise landwirtschaftl. Produkte;JAHR;Jahr;1996;DINSG;Deutschland insgesamt;DG;Deutschland;PROAT1;Landwirtschaftliche Produkte;LWPR-152;Pflanzen und Blumen;72,9;2020=100;PRE018;Erzeugerpreisindizes landwirtschaftlicher Produkte
61211;Index der Erzeugerpreise landwirtschaftl. Produkte;JAHR;Jahr;2000;DINSG;Deutschland insgesamt;DG;Deutschland;PROAT1;Landwirtschaftliche Produkte;LWPR-1513;Gurken;104,0;2020=100;PRE018;Erzeugerpreisindizes landwirtschaftlicher Produkte
61211;Index der Erzeugerpreise landwirtschaftl. Produkte;JAHR;Jahr;1985;DINSG;Deutschland insgesamt;DG;Deutschland;PROAT1;Landwirtschaftliche Produkte;LWPR-212;Schweine;122,2;2020=100;PRE018;Erzeugerpreisindizes landwirtschaftlicher Produkte
61211;Index der Erzeugerpreise landwirtschaftl. Produkte;JAHR;Jahr;2007;DINSG;Deutschland insgesamt;DG;Deutschland;PROAT1;Landwirtschaftliche Produkte;LWPR-2113;Färsen;84,7;2020=100;PRE018;Erzeugerpreisindizes landwirtschaftlicher Produkte
61211;Index der Erzeugerpreise landwirtschaftl. Produkte;JAHR;Jahr;2012;DINSG;Deutschland insgesamt;DG;Deutschland;PROAT1;Landwirtschaftliche Produkte;LWPR-211;Rinder;114,2;2020=100;PRE018;Erzeugerpreisindizes landwirtschaftlicher Produkte
61211;Index der Erzeugerpreise landwirtschaftl. Produkte;JAHR;Jahr;2018;DINSG;Deutschland insgesamt;DG;Deutschland;PROAT1;Landwirtschaftliche Produkte;LWPR-23;Eier;96,0;2020=100;PRE018;Erzeugerpreisindizes landwirtschaftlicher Produkte
61211;Index der Erzeugerpreise landwirtschaftl. Produkte;JAHR;Jahr;1987;DINSG;Deutschland insgesamt;DG;Deutschland;PROAT1;Landwirtschaftliche Produkte;LWPR-21;Tiere;91,5;2020=100;PRE018;Erzeugerpreisindizes landwirtschaftlicher Produkte
61211;Index der Erzeugerpreise landwirtschaftl. Produkte;JAHR;Jahr;1970;DINSG;Deutschland insgesamt;DG;Deutschland;PROAT1;Landwirtschaftliche Produkte;LWPR-1516;Kohlgemüse;-;2020=100;PRE018;Erzeugerpreisindizes landwirtschaftlicher Produkte
61211;Index der Erzeugerpreise landwirtschaftl. Produkte;JAHR;Jahr;1979;DINSG;Deutschland insgesamt;DG;Deutschland;PROAT1;Landwirtschaftliche Produkte;LWPR-213;Schafe und Ziegen;64,6;2020=100;PRE018;Erzeugerpreisindizes landwirtschaftlicher Produkte
61211;Index der Erzeugerpreise landwirtschaftl. Produkte;JAHR;Jahr;2021;DINSG;Deutschland insgesamt;DG;Deutschland;PROAT1;Landwirtschaftliche Produkte;LWPR-1511;Blumenkohl;84,8;2020=100;PRE018;Erzeugerpreisindizes landwirtschaftlicher Produkte
61211;Index der Erzeugerpreise landwirtschaftl. Produkte;JAHR;Jahr;1979;DINSG;Deutschland insgesamt;DG;Deutschland;PROAT1;Landwirtschaftliche Produkte;LWPR-13;Handelsgewächse;111,9;2020=100;PRE018;Erzeugerpreisindizes landwirtschaftlicher Produkte
61211;Index der Erzeugerpreise landwirtschaftl. Produkte;JAHR;Jahr;1989;DINSG;Deutschland insgesamt;DG;Deutschland;PROAT1;Landwirtschaftliche Produkte;LWPR-2114;Kälber;108,9;2020=100;PRE018;Erzeugerpreisindizes landwirtschaftlicher Produkte
61211;Index der Erzeugerpreise landwirtschaftl. Produkte;JAHR;Jahr;1978;DINSG;Deutschland insgesamt;DG;Deutschland;PROAT1;Landwirtschaftliche Produkte;LWPR-1523;Baumschulerzeugnisse;50,0;2020=100;PRE018;Erzeugerpreisindizes landwirtschaftlicher Produkte
61211;Index der Erzeugerpreise landwirtschaftl. Produkte;JAHR;Jahr;2006;DINSG;Deutschland insgesamt;DG;Deutschland;PROAT1;Landwirtschaftliche Produkte;LWPR-1517;Salat;-;2020=100;PRE018;Erzeugerpreisindizes landwirtschaftlicher Produkte
61211;Index der Erzeugerpreise landwirtschaftl. Produkte;JAHR;Jahr;1968;DINSG;Deutschland insgesamt;DG;Deutschland;PROAT1;Landwirtschaftliche Produkte;LWPR-1214;Futtergerste;112,6;2020=100;PRE018;Erzeugerpreisindizes landwirtschaftlicher Produkte
61211;Index der Erzeugerpreise landwirtschaftl. Produkte;JAHR;Jahr;1994;DINSG;Deutschland insgesamt;DG;Deutschland;PROAT1;Landwirtschaftliche Produkte;LWPR-2142;Sonstiges Geflügel;85,2;2020=100;PRE018;Erzeugerpreisindizes landwirtschaftlicher Produkte
61211;Index der Erzeugerpreise landwirtschaftl. Produkte;JAHR;Jahr;2011;DINSG;Deutschland insgesamt;DG;Deutschland;PROAT1;Landwirtschaftliche Produkte;LWPR-162;Erdbeeren;39,7;2020=100;PRE018;Erzeugerpreisindizes landwirtschaftlicher Produkte
61211;Index der Erzeugerpreise landwirtschaftl. Produkte;JAHR;Jahr;1999;DINSG;Deutschland insgesamt;DG;Deutschland;PROAT1;Landwirtschaftliche Produkte;LWPR-1517;Salat;-;2020=100;PRE018;Erzeugerpreisindizes landwirtschaftlicher Produkte
61211;Index der Erzeugerpreise landwirtschaftl. Produkte;JAHR;Jahr;1991;DINSG;Deutschland insgesamt;DG;Deutschland;PROAT1;Landwirtschaftliche Produkte;LWPR-121;Getreide;103,0;2020=100;PRE018;Erzeugerpreisindizes landwirtschaftlicher Produkte
61211;Index der Erzeugerpreise landwirtschaftl. Produkte;JAHR;Jahr;1976;DINSG;Deutschland insgesamt;DG;Deutschland;PROAT1;Landwirtschaftliche Produkte;LWPR-2113;Färsen;92,6;2020=100;PRE018;Erzeugerpreisindizes landwirtschaftlicher Produkte
61211;Index der Erzeugerpreise landwirtschaftl. Produkte;JAHR;Jahr;2014;DINSG;Deutschland insgesamt;DG;Deutschland;PROAT1;Landwirtschaftliche Produkte;LWPR-22;Milch;112,7;2020=100;PRE018;Erzeugerpreisindizes landwirtschaftlicher Produkte
61211;Index der Erzeugerpreise landwirtschaftl. Produkte;JAHR;Jahr;2007;DINSG;Deutschland insgesamt;DG;Deutschland;PROAT1;Landwirtschaftliche Produkte;LWPR-1512;Tomaten;86,7;2020=100;PRE018;Erzeugerpreisindizes landwirtschaftlicher Produkte
61211;Index der Erzeugerpreise landwirtschaftl. Produkte;JAHR;Jahr;2005;DINSG;Deutschland insgesamt;DG;Deutschland;PROAT1;Landwirtschaftliche Produkte;LWPR-133;Futterpflanzen;-;2020=100;PRE018;Erzeugerpreisindizes landwirtschaftlicher Produkte
61211;Index der Erzeugerpreise landwirtschaftl. Produkte;JAHR;Jahr;1988;DINSG;Deutschland insgesamt;DG;Deutschland;PROAT1;Landwirtschaftliche Produkte;LWPR-213;Schafe und Ziegen;65,4;2020=100;PRE018;Erzeugerpreisindizes landwirtschaftlicher Produkte
61211;Index der Erzeugerpreise landwirtschaftl. Produkte;JAHR;Jahr;2001;DINSG;Deutschland insgesamt;DG;Deutschland;PROAT1;Landwirtschaftliche Produkte;LWPR-132;Zuckerrüben;126,7;2020=100;PRE018;Erzeugerpreisindizes landwirtschaftlicher Produkte
61211;Index der Erzeugerpreise landwirtschaftl. Produkte;JAHR;Jahr;1993;DINSG;Deutschland insgesamt;DG;Deutschland;PROAT1;Landwirtschaftliche Produkte;LWPR-2112;Kühe;94,6;2020=100;PRE018;Erzeugerpreisindizes landwirtschaftlicher Produkte
61211;Index der Erzeugerpreise landwirtschaftl. Produkte;JAHR;Jahr;1991;DINSG;Deutschland insgesamt;DG;Deutschland;PROAT1;Landwirtschaftliche Produkte;LWPR-1212;Brotroggen;108,6;2020=100;PRE018;Erzeugerpreisindizes landwirtschaftlicher Produkte
61211;Index der Erzeugerpreise landwirtschaftl. Produkte;JAHR;Jahr;1987;DINSG;Deutschland insgesamt;DG;Deutschland;PROAT1;Landwirtschaftliche Produkte;LWPR-15171;Eissalat;-;2020=100;PRE018;Erzeugerpreisindizes landwirtschaftlicher Produkte
61211;Index der Erzeugerpreise landwirtschaftl. Produkte;JAHR;Jahr;2012;DINSG;Deutschland insgesamt;DG;Deutschland;PROAT1;Landwirtschaftliche Produkte;LWPR-21;Tiere;110,3;2020=100;PRE018;Erzeugerpreisindizes landwirtschaftlicher Produkte
61211;Index der Erzeugerpreise landwirtschaftl. Produkte;JAHR;Jahr;1971;DINSG;Deutschland insgesamt;DG;Deutschland;PROAT1;Landwirtschaftliche Produkte;LWPR-22;Milch;59,1;2020=100;PRE018;Erzeugerpreisindizes landwirtschaftlicher Produkte
61211;Index der Erzeugerpreise landwirtschaftl. Produkte;JAHR;Jahr;2000;DINSG;Deutschland insgesamt;DG;Deutschland;PROAT1;Landwirtschaftliche Produkte;LWPR-2114;Kälber;104,0;2020=100;PRE018;Erzeugerpreisindizes landwirtschaftlicher Produkte
61211;Index der Erzeugerpreise landwirtschaftl. Produkte;JAHR;Jahr;1990;DINSG;Deutschland insgesamt;DG;Deutschland;PROAT1;Landwirtschaftliche Produkte;LWPR-1511;Blumenkohl;30,4;2020=100;PRE018;Erzeugerpreisindizes landwirtschaftlicher Produkte
61211;Index der Erzeugerpreise landwirtschaftl. Produkte;JAHR;Jahr;1972;DINSG;Deutschland insgesamt;DG;Deutschland;PROAT1;Landwirtschaftliche Produkte;LWPR-1212;Brotroggen;115,4;2020=100;PRE018;Erzeugerpreisindizes landwirtschaftlicher Produkte
61211;Index der Erzeugerpreise landwirtschaftl. Produkte;JAHR;Jahr;1986;DINSG;Deutschland insgesamt;DG;Deutschland;PROAT1;Landwirtschaftliche Produkte;LWPR-1522;Topfpflanzen;88,5;2020=100;PRE018;Erzeugerpreisindizes landwirtschaftlicher Produkte
61211;Index der Erzeugerpreise landwirtschaftl. Produkte;JAHR;Jahr;2004;DINSG;Deutschland insgesamt;DG;Deutschland;PROAT1;Landwirtschaftliche Produkte;LWPR-1523;Baumschulerzeugnisse;89,5;2020=100;PRE018;Erzeugerpreisindizes landwirtschaftlicher Produkte
61211;Index der Erzeugerpreise landwirtschaftl. Produkte;JAHR;Jahr;1986;DINSG;Deutschland insgesamt;DG;Deutschland;PROAT1;Landwirtschaftliche Produkte;LWPR-1215;Braugerste;129,0;2020=100;PRE018;Erzeugerpreisindizes landwirtschaftlicher Produkte
61211;Index der Erzeugerpreise landwirtschaftl. Produkte;JAHR;Jahr;1976;DINSG;Deutschland insgesamt;DG;Deutschland;PROAT1;Landwirtschaftliche Produkte;LWPR-212;Schweine;133,5;2020=100;PRE018;Erzeugerpreisindizes landwirtschaftlicher Produkte
61211;Index der Erzeugerpreise landwirtschaftl. Produkte;JAHR;Jahr;2021;DINSG;Deutschland insgesamt;DG;Deutschland;PROAT1;Landwirtschaftliche Produkte;LWPR-22;Milch;110,1;2020=100;PRE018;Erzeugerpreisindizes landwirtschaftlicher Produkte
61211;Index der Erzeugerpreise landwirtschaftl. Produkte;JAHR;Jahr;2016;DINSG;Deutschland insgesamt;DG;Deutschland;PROAT1;Landwirtschaftliche Produkte;LWPR-1212;Brotroggen;88,0;2020=100;PRE018;Erzeugerpreisindizes landwirtschaftlicher Produkte
61211;Index der Erzeugerpreise landwirtschaftl. Produkte;JAHR;Jahr;1975;DINSG;Deutschland insgesamt;DG;Deutschland;PROAT1;Landwirtschaftliche Produkte;LWPR-1521;Schnittblumen;46,6;2020=100;PRE018;Erzeugerpreisindizes landwirtschaftlicher Produkte
61211;Index der Erzeugerpreise landwirtschaftl. Produkte;JAHR;Jahr;2001;DINSG;Deutschland insgesamt;DG;Deutschland;PROAT1;Landwirtschaftliche Produkte;LWPR-1214;Futtergerste;67,2;2020=100;PRE018;Erzeugerpreisindizes landwirtschaftlicher Produkte
61211;Index der Erzeugerpreise landwirtschaftl. Produkte;JAHR;Jahr;2020;DINSG;Deutschland insgesamt;DG;Deutschland;PROAT1;Landwirtschaftliche Produkte;LWPR-1;Pflanzliche Erzeugung;100,0;2020=100;PRE018;Erzeugerpreisindizes landwirtschaftlicher Produkte
61211;Index der Erzeugerpreise landwirtschaftl. Produkte;JAHR;Jahr;1969;DINSG;Deutschland insgesamt;DG;Deutschland;PROAT1;Landwirtschaftliche Produkte;LWPR-151;Gemüse;29,7;2020=100;PRE018;Erzeugerpreisindizes landwirtschaftlicher Produkte
61211;Index der Erzeugerpreise landwirtschaftl. Produkte;JAHR;Jahr;1997;DINSG;Deutschland insgesamt;DG;Deutschland;PROAT1;Landwirtschaftliche Produkte;LWPR-16;Obst;77,5;2020=100;PRE018;Erzeugerpreisindizes landwirtschaftlicher Produkte
61211;Index der Erzeugerpreise landwirtschaftl. Produkte;JAHR;Jahr;2003;DINSG;Deutschland insgesamt;DG;Deutschland;PROAT1;Landwirtschaftliche Produkte;LWPR-15;Erzeugnisse des Gemüse- und Gartenbaus;77,9;2020=100;PRE018;Erzeugerpreisindizes landwirtschaftlicher Produkte
61211;Index der Erzeugerpreise landwirtschaftl. Produkte;JAHR;Jahr;2023;DINSG;Deutschland insgesamt;DG;Deutschland;PROAT1;Landwirtschaftliche Produkte;LWPR-2;Tierische Erzeugung;139,4;2020=100;PRE018;Erzeugerpreisindizes landwirtschaftlicher Produkte
61211;Index der Erzeugerpreise landwirtschaftl. Produkte;JAHR;Jahr;1980;DINSG;Deutschland insgesamt;DG;Deutschland;PROAT1;Landwirtschaftliche Produkte;LWPR-214;Geflügel;96,7;2020=100;PRE018;Erzeugerpreisindizes landwirtschaftlicher Produkte
61211;Index der Erzeugerpreise landwirtschaftl. Produkte;JAHR;Jahr;2018;DINSG;Deutschland insgesamt;DG;Deutschland;PROAT1;Landwirtschaftliche Produkte;LWPR-1513;Gurken;101,6;2020=100;PRE018;Erzeugerpreisindizes landwirtschaftlicher Produkte
61211;Index der Erzeugerpreise landwirtschaftl. Produkte;JAHR;Jahr;1974;DINSG;Deutschland insgesamt;DG;Deutschland;PROAT1;Landwirtschaftliche Produkte;LWPR-2141;Hähnchen;84,0;2020=100;PRE018;Erzeugerpreisindizes landwirtschaftlicher Produkte
61211;Index der Erzeugerpreise landwirtschaftl. Produkte;JAHR;Jahr;1998;DINSG;Deutschland insgesamt;DG;Deutschland;PROAT1;Landwirtschaftliche Produkte;LWPR-1211;Brotweizen;67,7;2020=100;PRE018;Erzeugerpreisindizes landwirtschaftlicher Produkte
61211;Index der Erzeugerpreise landwirtschaftl. Produkte;JAHR;Jahr;1973;DINSG;Deutschland insgesamt;DG;Deutschland;PROAT1;Landwirtschaftliche Produkte;LWPR-2111;Jungbullen;89,0;2020=100;PRE018;Erzeugerpreisindizes landwirtschaftlicher Produkte
61211;Index der Erzeugerpreise landwirtschaftl. Produkte;JAHR;Jahr;1975;DINSG;Deutschland insgesamt;DG;Deutschland;PROAT1;Landwirtschaftliche Produkte;LWPR-23;Eier;44,5;2020=100;PRE018;Erzeugerpreisindizes landwirtschaftlicher Produkte
61211;Index der Erzeugerpreise landwirtschaftl. Produkte;JAHR;Jahr;2005;DINSG;Deutschland insgesamt;DG;Deutschland;PROAT1;Landwirtschaftliche Produkte;LWPR-1211;Brotweizen;55,0;2020=100;PRE018;Erzeugerpreisindizes landwirtschaftlicher Produkte
61211;Index der Erzeugerpreise landwirtschaftl. Produkte;JAHR;Jahr;1994;DINSG;Deutschland insgesamt;DG;Deutschland;PROAT1;Landwirtschaftliche Produkte;LWPR-1214;Futtergerste;82,9;2020=100;PRE018;Erzeugerpreisindizes landwirtschaftlicher Produkte
61211;Index der Erzeugerpreise landwirtschaftl. Produkte;JAHR;Jahr;2017;DINSG;Deutschland insgesamt;DG;Deutschland;PROAT1;Landwirtschaftliche Produkte;LWPR-15;Erzeugnisse des Gemüse- und Gartenbaus;89,8;2020=100;PRE018;Erzeugerpreisindizes landwirtschaftlicher Produkte
61211;Index der Erzeugerpreise landwirtschaftl. Produkte;JAHR;Jahr;1998;DINSG;Deutschland insgesamt;DG;Deutschland;PROAT1;Landwirtschaftliche Produkte;LWPR-132;Zuckerrüben;124,5;2020=100;PRE018;Erzeugerpreisindizes landwirtschaftlicher Produkte
61211;Index der Erzeugerpreise landwirtschaftl. Produkte;JAHR;Jahr;1980;DINSG;Deutschland insgesamt;DG;Deutschland;PROAT1;Landwirtschaftliche Produkte;LWPR-1211;Brotweizen;138,4;2020=100;PRE018;Erzeugerpreisindizes landwirtschaftlicher Produkte
61211;Index der Erzeugerpreise landwirtschaftl. Produkte;JAHR;Jahr;1993;DINSG;Deutschland insgesamt;DG;Deutschland;PROAT1;Landwirtschaftliche Produkte;LWPR-1513;Gurken;-;2020=100;PRE018;Erzeugerpreisindizes landwirtschaftlicher Produkte
61211;Index der Erzeugerpreise landwirtschaftl. Produkte;JAHR;Jahr;1995;DINSG;Deutschland insgesamt;DG;Deutschland;PROAT1;Landwirtschaftliche Produkte;LWPR-131;Raps;74,7;2020=100;PRE018;Erzeugerpreisindizes landwirtschaftlicher Produkte
61211;Index der Erzeugerpreise landwirtschaftl. Produkte;JAHR;Jahr;2019;DINSG;Deutschland insgesamt;DG;Deutschland;PROAT1;Landwirtschaftliche Produkte;LWPR-1214;Futtergerste;102,5;2020=100;PRE018;Erzeugerpreisindizes landwirtschaftlicher Produkte
61211;Index der Erzeugerpreise landwirtschaftl. Produkte;JAHR;Jahr;1968;DINSG;Deutschland insgesamt;DG;Deutschland;PROAT1;Landwirtschaftliche Produkte;LWPR-23;Eier;50,6;2020=100;PRE018;Erzeugerpreisindizes landwirtschaftlicher Produkte
61211;Index der Erzeugerpreise landwirtschaftl. Produkte;JAHR;Jahr;1983;DINSG;Deutschland insgesamt;DG;Deutschland;PROAT1;Landwirtschaftliche Produkte;LWPR-1213;Futterweizen;135,3;2020=100;PRE018;Erzeugerpreisindizes landwirtschaftlicher Produkte
61211;Index der Erzeugerpreise landwirtschaftl. Produkte;JAHR;Jahr;2013;DINSG;Deutschland insgesamt;DG;Deutschland;PROAT1;Landwirtschaftliche Produkte;LWPR-132;Zuckerrüben;150,4;2020=100;PRE018;Erzeugerpreisindizes landwirtschaftlicher Produkte
61211;Index der Erzeugerpreise landwirtschaftl. Produkte;JAHR;Jahr;2015;DINSG;Deutschland insgesamt;DG;Deutschland;PROAT1;Landwirtschaftliche Produkte;LWPR-1511;Blumenkohl;68,1;2020=100;PRE018;Erzeugerpreisindizes landwirtschaftlicher Produkte
61211;Index der Erzeugerpreise landwirtschaftl. Produkte;JAHR;Jahr;2004;DINSG;Deutschland insgesamt;DG;Deutschland;PROAT1;Landwirtschaftliche Produkte;LWPR-1216;Körnermais;62,4;2020=100;PRE018;Erzeugerpreisindizes landwirtschaftlicher Produkte
61211;Index der Erzeugerpreise landwirtschaftl. Produkte;JAHR;Jahr;2011;DINSG;Deutschland insgesamt;DG;Deutschland;PROAT1;Landwirtschaftliche Produkte;LWPR-12;Getreide (einschließlich Saatgut);116,1;2020=100;PRE018;Erzeugerpreisindizes landwirtschaftlicher Produkte
61211;Index der Erzeugerpreise landwirtschaftl. Produkte;JAHR;Jahr;1997;DINSG;Deutschland insgesamt;DG;Deutschland;PROAT1;Landwirtschaftliche Produkte;LWPR-1216;Körnermais;74,2;2020=100;PRE018;Erzeugerpreisindizes landwirtschaftlicher Produkte
61211;Index der Erzeugerpreise landwirtschaftl. Produkte;JAHR;Jahr;2025;DINSG;Deutschland insgesamt;DG;Deutschland;PROAT1;Landwirtschaftliche Produkte;LWPR-12;Getreide (einschließlich Saatgut);108,9;2020=100;PRE018;Erzeugerpreisindizes landwirtschaftlicher Produkte
61211;Index der Erzeugerpreise landwirtschaftl. Produkte;JAHR;Jahr;2005;DINSG;Deutschland insgesamt;DG;Deutschland;PROAT1;Landwirtschaftliche Produkte;LWPR-2141;Hähnchen;69,6;2020=100;PRE018;Erzeugerpreisindizes landwirtschaftlicher Produkte
61211;Index der Erzeugerpreise landwirtschaftl. Produkte;JAHR;Jahr;2004;DINSG;Deutschland insgesamt;DG;Deutschland;PROAT1;Landwirtschaftliche Produkte;LWPR-2111;Jungbullen;73,1;2020=100;PRE018;Erzeugerpreisindizes landwirtschaftlicher Produkte
61211;Index der Erzeugerpreise landwirtschaftl. Produkte;JAHR;Jahr;2023;DINSG;Deutschland insgesamt;DG;Deutschland;PROAT1;Landwirtschaftliche Produkte;LWPR-162;Erdbeeren;104,9;2020=100;PRE018;Erzeugerpreisindizes landwirtschaftlicher Produkte
61211;Index der Erzeugerpreise landwirtschaftl. Produkte;JAHR;Jahr;1981;DINSG;Deutschland insgesamt;DG;Deutschland;PROAT1;Landwirtschaftliche Produkte;LWPR-1517;Salat;-;2020=100;PRE018;Erzeugerpreisindizes landwirtschaftlicher Produkte
61211;Index der Erzeugerpreise landwirtschaftl. Produkte;JAHR;Jahr;1972;DINSG;Deutschland insgesamt;DG;Deutschland;PROAT1;Landwirtschaftliche Produkte;LWPR-131;Raps;-;2020=100;PRE018;Erzeugerpreisindizes landwirtschaftlicher Produkte
61211;Index der Erzeugerpreise landwirtschaftl. Produkte;JAHR;Jahr;1968;DINSG;Deutschland insgesamt;DG;Deutschland;PROAT1;Landwirtschaftliche Produkte;LWPR-152;Pflanzen und Blumen;45,0;2020=100;PRE018;Erzeugerpreisindizes landwirtschaftlicher Produkte
61211;Index der Erzeugerpreise landwirtschaftl. Produkte;JAHR;Jahr;1988;DINSG;Deutschland insgesamt;DG;Deutschland;PROAT1;Landwirtschaftliche Produkte;LWPR-23;Eier;38,6;2020=100;PRE018;Erzeugerpreisindizes landwirtschaftlicher Produkte
61211;Index der Erzeugerpreise landwirtschaftl. Produkte;JAHR;Jahr;1975;DINSG;Deutschland insgesamt;DG;Deutschland;PROAT1;Landwirtschaftliche Produkte;LWPR-14;Kartoffeln (einschließlich Pflanzkartoffeln);59,4;2020=100;PRE018;Erzeugerpreisindizes landwirtschaftlicher Produkte
61211;Index der Erzeugerpreise landwirtschaftl. Produkte;JAHR;Jahr;1999;DINSG;Deutschland insgesamt;DG;Deutschland;PROAT1;Landwirtschaftliche Produkte;LWPR-162;Erdbeeren;44,6;2020=100;PRE018;Erzeugerpreisindizes landwirtschaftlicher Produkte
61211;Index der Erzeugerpreise landwirtschaftl. Produkte;JAHR;Jahr;1982;DINSG;Deutschland insgesamt;DG;Deutschland;PROAT1;Landwirtschaftliche Produkte;LWPR-161;Tafeläpfel;-;2020=100;PRE018;Erzeugerpreisindizes landwirtschaftlicher Produkte
61211;Index der Erzeugerpreise landwirtschaftl. Produkte;JAHR;Jahr;2009;DINSG;Deutschland insgesamt;DG;Deutschland;PROAT1;Landwirtschaftliche Produkte;LWPR-151;Gemüse;67,8;2020=100;PRE018;Erzeugerpreisindizes landwirtschaftlicher Produkte
61211;Index der Erzeugerpreise landwirtschaftl. Produkte;JAHR;Jahr;2016;DINSG;Deutschland insgesamt;DG;Deutschland;PROAT1;Landwirtschaftliche Produkte;LWPR-2111;Jungbullen;102,7;2020=100;PRE018;Erzeugerpreisindizes landwirtschaftlicher Produkte
61211;Index der Erzeugerpreise landwirtschaftl. Produkte;JAHR;Jahr;2017;DINSG;Deutschland insgesamt;DG;Deutschland;PROAT1;Landwirtschaftliche Produkte;LWPR-2141;Hähnchen;106,6;2020=100;PRE018;Erzeugerpreisindizes landwirtschaftlicher Produkte
61211;Index der Erzeugerpreise landwirtschaftl. Produkte;JAHR;Jahr;1991;DINSG;Deutschland insgesamt;DG;Deutschland;PROAT1;Landwirtschaftliche Produkte;LWPR-15171;Eissalat;-;2020=100;PRE018;Erzeugerpreisindizes landwirtschaftlicher Produkte
61211;Index der Erzeugerpreise landwirtschaftl. Produkte;JAHR;Jahr;1978;DINSG;Deutschland insgesamt;DG;Deutschland;PROAT1;Landwirtschaftliche Produkte;LWPR-15;Erzeugnisse des Gemüse- und Gartenbaus;55,5;2020=100;PRE018;Erzeugerpreisindizes landwirtschaftlicher Produkte
61211;Index der Erzeugerpreise landwirtschaftl. Produkte;JAHR;Jahr;2014;DINSG;Deutschland insgesamt;DG;Deutschland;PROAT1;Landwirtschaftliche Produkte;LWPR-1516;Kohlgemüse;-;2020=100;PRE018;Erzeugerpreisindizes landwirtschaftlicher Produkte
61211;Index der Erzeugerpreise landwirtschaftl. Produkte;JAHR;Jahr;2021;DINSG;Deutschland insgesamt;DG;Deutschland;PROAT1;Landwirtschaftliche Produkte;LWPR-122;Getreidesaatgut;107,9;2020=100;PRE018;Erzeugerpreisindizes landwirtschaftlicher Produkte
61211;Index der Erzeugerpreise landwirtschaftl. Produkte;JAHR;Jahr;1989;DINSG;Deutschland insgesamt;DG;Deutschland;PROAT1;Landwirtschaftliche Produkte;LWPR-132;Zuckerrüben;133,5;2020=100;PRE018;Erzeugerpreisindizes landwirtschaftlicher Produkte
61211;Index der Erzeugerpreise landwirtschaftl. Produkte;JAHR;Jahr;2007;DINSG;Deutschland insgesamt;DG;Deutschland;PROAT1;Landwirtschaftliche Produkte;LWPR-151;Gemüse;78,1;2020=100;PRE018;Erzeugerpreisindizes landwirtschaftlicher Produkte
61211;Index der Erzeugerpreise landwirtschaftl. Produkte;JAHR;Jahr;1983;DINSG;Deutschland insgesamt;DG;Deutschland;PROAT1;Landwirtschaftliche Produkte;LWPR-131;Raps;-;2020=100;PRE018;Erzeugerpreisindizes landwirtschaftlicher Produkte
61211;Index der Erzeugerpreise landwirtschaftl. Produkte;JAHR;Jahr;1993;DINSG;Deutschland insgesamt;DG;Deutschland;PROAT1;Landwirtschaftliche Produkte;LWPR-161;Tafeläpfel;-;2020=100;PRE018;Erzeugerpreisindizes landwirtschaftlicher Produkte
61211;Index der Erzeugerpreise landwirtschaftl. Produkte;JAHR;Jahr;1984;DINSG;Deutschland insgesamt;DG;Deutschland;PROAT1;Landwirtschaftliche Produkte;LWPR-1515;Spargel;-;2020=100;PRE018;Erzeugerpreisindizes landwirtschaftlicher Produkte
61211;Index der Erzeugerpreise landwirtschaftl. Produkte;JAHR;Jahr;2009;DINSG;Deutschland insgesamt;DG;Deutschland;PROAT1;Landwirtschaftliche Produkte;LWPR-1212;Brotroggen;58,4;2020=100;PRE018;Erzeugerpreisindizes landwirtschaftlicher Produkte
61211;Index der Erzeugerpreise landwirtschaftl. Produkte;JAHR;Jahr;1968;DINSG;Deutschland insgesamt;DG;Deutschland;PROAT1;Landwirtschaftliche Produkte;LWPR-1;Pflanzliche Erzeugung;51,4;2020=100;PRE018;Erzeugerpreisindizes landwirtschaftlicher Produkte
61211;Index der Erzeugerpreise landwirtschaftl. Produkte;JAHR;Jahr;2005;DINSG;Deutschland insgesamt;DG;Deutschland;PROAT1;Landwirtschaftliche Produkte;LWPR-1215;Braugerste;65,1;2020=100;PRE018;Erzeugerpreisindizes landwirtschaftlicher Produkte
61211;Index der Erzeugerpreise landwirtschaftl. Produkte;JAHR;Jahr;2005;DINSG;Deutschland insgesamt;DG;Deutschland;PROAT1;Landwirtschaftliche Produkte;LWPR-12;Getreide (einschließlich Saatgut);56,9;2020=100;PRE018;Erzeugerpreisindizes landwirtschaftlicher Produkte
61211;Index der Erzeugerpreise landwirtschaftl. Produkte;JAHR;Jahr;1988;DINSG;Deutschland insgesamt;DG;Deutschland;PROAT1;Landwirtschaftliche Produkte;LWPR-1512;Tomaten;-;2020=100;PRE018;Erzeugerpreisindizes landwirtschaftlicher Produkte
61211;Index der Erzeugerpreise landwirtschaftl. Produkte;JAHR;Jahr;1979;DINSG;Deutschland insgesamt;DG;Deutschland;PROAT1;Landwirtschaftliche Produkte;LWPR-1211;Brotweizen;135,8;2020=100;PRE018;Erzeugerpreisindizes landwirtschaftlicher Produkte
61211;Index der Erzeugerpreise landwirtschaftl. Produkte;JAHR;Jahr;2008;DINSG;Deutschland insgesamt;DG;Deutschland;PROAT1;Landwirtschaftliche Produkte;LWPR-121;Getreide;102,4;2020=100;PRE018;Erzeugerpreisindizes landwirtschaftlicher Produkte
61211;Index der Erzeugerpreise landwirtschaftl. Produkte;JAHR;Jahr;1974;DINSG;Deutschland insgesamt;DG;Deutschland;PROAT1;Landwirtschaftliche Produkte;LWPR-131;Raps;-;2020=100;PRE018;Erzeugerpreisindizes landwirtschaftlicher Produkte
61211;Index der Erzeugerpreise landwirtschaftl. Produkte;JAHR;Jahr;1991;DINSG;Deutschland insgesamt;DG;Deutschland;PROAT1;Landwirtschaftliche Produkte;LWPR-1515;Spargel;-;2020=100;PRE018;Erzeugerpreisindizes landwirtschaftlicher Produkte
61211;Index der Erzeugerpreise landwirtschaftl. Produkte;JAHR;Jahr;2001;DINSG;Deutschland insgesamt;DG;Deutschland;PROAT1;Landwirtschaftliche Produkte;LWPR-1521;Schnittblumen;70,9;2020=100;PRE018;Erzeugerpreisindizes landwirtschaftlicher Produkte
61211;Index der Erzeugerpreise landwirtschaftl. Produkte;JAHR;Jahr;2019;DINSG;Deutschland insgesamt;DG;Deutschland;PROAT1;Landwirtschaftliche Produkte;LWPR-1521;Schnittblumen;101,5;2020=100;PRE018;Erzeugerpreisindizes landwirtschaftlicher Produkte
61211;Index der Erzeugerpreise landwirtschaftl. Produkte;JAHR;Jahr;1995;DINSG;Deutschland insgesamt;DG;Deutschland;PROAT1;Landwirtschaftliche Produkte;LWPR-14;Kartoffeln (einschließlich Pflanzkartoffeln);66,6;2020=100;PRE018;Erzeugerpreisindizes landwirtschaftlicher Produkte
61211;Index der Erzeugerpreise landwirtschaftl. Produkte;JAHR;Jahr;2012;DINSG;Deutschland insgesamt;DG;Deutschland;PROAT1;Landwirtschaftliche Produkte;LWPR-16;Obst;75,3;2020=100;PRE018;Erzeugerpreisindizes landwirtschaftlicher Produkte
61211;Index der Erzeugerpreise landwirtschaftl. Produkte;JAHR;Jahr;1984;DINSG;Deutschland insgesamt;DG;Deutschland;PROAT1;Landwirtschaftliche Produkte;LWPR-161;Tafeläpfel;-;2020=100;PRE018;Erzeugerpreisindizes landwirtschaftlicher Produkte
61211;Index der Erzeugerpreise landwirtschaftl. Produkte;JAHR;Jahr;1999;DINSG;Deutschland insgesamt;DG;Deutschland;PROAT1;Landwirtschaftliche Produkte;LWPR-1522;Topfpflanzen;94,5;2020=100;PRE018;Erzeugerpreisindizes landwirtschaftlicher Produkte
61211;Index der Erzeugerpreise landwirtschaftl. Produkte;JAHR;Jahr;2008;DINSG;Deutschland insgesamt;DG;Deutschland;PROAT1;Landwirtschaftliche Produkte;LWPR-13;Handelsgewächse;128,4;2020=100;PRE018;Erzeugerpreisindizes landwirtschaftlicher Produkte
61211;Index der Erzeugerpreise landwirtschaftl. Produkte;JAHR;Jahr;1974;DINSG;Deutschland insgesamt;DG;Deutschland;PROAT1;Landwirtschaftliche Produkte;LWPR-14;Kartoffeln (einschließlich Pflanzkartoffeln);26,6;2020=100;PRE018;Erzeugerpreisindizes landwirtschaftlicher Produkte
61211;Index der Erzeugerpreise landwirtschaftl. Produkte;JAHR;Jahr;1997;DINSG;Deutschland insgesamt;DG;Deutschland;PROAT1;Landwirtschaftliche Produkte;LWPR-162;Erdbeeren;58,6;2020=100;PRE018;Erzeugerpreisindizes landwirtschaftlicher Produkte
61211;Index der Erzeugerpreise landwirtschaftl. Produkte;JAHR;Jahr;1992;DINSG;Deutschland insgesamt;DG;Deutschland;PROAT1;Landwirtschaftliche Produkte;LWPR-13;Handelsgewächse;93,6;2020=100;PRE018;Erzeugerpreisindizes landwirtschaftlicher Produkte
61211;Index der Erzeugerpreise landwirtschaftl. Produkte;JAHR;Jahr;2012;DINSG;Deutschland insgesamt;DG;Deutschland;PROAT1;Landwirtschaftliche Produkte;LWPR-2114;Kälber;121,4;2020=100;PRE018;Erzeugerpreisindizes landwirtschaftlicher Produkte
61211;Index der Erzeugerpreise landwirtschaftl. Produkte;JAHR;Jahr;2012;DINSG;Deutschland insgesamt;DG;Deutschland;PROAT1;Landwirtschaftliche Produkte;LWPR-1215;Braugerste;135,3;2020=100;PRE018;Erzeugerpreisindizes landwirtschaftlicher Produkte
61211;Index der Erzeugerpreise landwirtschaftl. Produkte;JAHR;Jahr;1986;DINSG;Deutschland insgesamt;DG;Deutschland;PROAT1;Landwirtschaftliche Produkte;LWPR-211;Rinder;97,4;2020=100;PRE018;Erzeugerpreisindizes landwirtschaftlicher Produkte
61211;Index der Erzeugerpreise landwirtschaftl. Produkte;JAHR;Jahr;1981;DINSG;Deutschland insgesamt;DG;Deutschland;PROAT1;Landwirtschaftliche Produkte;LWPR-131;Raps;-;2020=100;PRE018;Erzeugerpreisindizes landwirtschaftlicher Produkte
61211;Index der Erzeugerpreise landwirtschaftl. Produkte;JAHR;Jahr;1985;DINSG;Deutschland insgesamt;DG;Deutschland;PROAT1;Landwirtschaftliche Produkte;LWPR-22;Milch;93,5;2020=100;PRE018;Erzeugerpreisindizes landwirtschaftlicher Produkte
61211;Index der Erzeugerpreise landwirtschaftl. Produkte;JAHR;Jahr;2019;DINSG;Deutschland insgesamt;DG;Deutschland;PROAT1;Landwirtschaftliche Produkte;LWPR-21;Tiere;106,5;2020=100;PRE018;Erzeugerpreisindizes landwirtschaftlicher Produkte
61211;Index der Erzeugerpreise landwirtschaftl. Produkte;JAHR;Jahr;1987;DINSG;Deutschland insgesamt;DG;Deutschland;PROAT1;Landwirtschaftliche Produkte;LWPR-132;Zuckerrüben;137,7;2020=100;PRE018;Erzeugerpreisindizes landwirtschaftlicher Produkte
61211;Index der Erzeugerpreise landwirtschaftl. Produkte;JAHR;Jahr;2013;DINSG;Deutschland insgesamt;DG;Deutschland;PROAT1;Landwirtschaftliche Produkte;LWPR-2;Tierische Erzeugung;110,6;2020=100;PRE018;Erzeugerpreisindizes landwirtschaftlicher Produkte
61211;Index der Erzeugerpreise landwirtschaftl. Produkte;JAHR;Jahr;1991;DINSG;Deutschland insgesamt;DG;Deutschland;PROAT1;Landwirtschaftliche Produkte;LWPR-161;Tafeläpfel;-;2020=100;PRE018;Erzeugerpreisindizes landwirtschaftlicher Produkte
61211;Index der Erzeugerpreise landwirtschaftl. Produkte;JAHR;Jahr;2011;DINSG;Deutschland insgesamt;DG;Deutschland;PROAT1;Landwirtschaftliche Produkte;LWPR-1514;Champignons;77,6;2020=100;PRE018;Erzeugerpreisindizes landwirtschaftlicher Produkte
61211;Index der Erzeugerpreise landwirtschaftl. Produkte;JAHR;Jahr;2018;DINSG;Deutschland insgesamt;DG;Deutschland;PROAT1;Landwirtschaftliche Produkte;LWPR-151;Gemüse;98,0;2020=100;PRE018;Erzeugerpreisindizes landwirtschaftlicher Produkte
61211;Index der Erzeugerpreise landwirtschaftl. Produkte;JAHR;Jahr;1987;DINSG;Deutschland insgesamt;DG;Deutschland;PROAT1;Landwirtschaftliche Produkte;LWPR-1517;Salat;-;2020=100;PRE018;Erzeugerpreisindizes landwirtschaftlicher Produkte
61211;Index der Erzeugerpreise landwirtschaftl. Produkte;JAHR;Jahr;1999;DINSG;Deutschland insgesamt;DG;Deutschland;PROAT1;Landwirtschaftliche Produkte;LWPR-15;Erzeugnisse des Gemüse- und Gartenbaus;69,8;2020=100;PRE018;Erzeugerpreisindizes landwirtschaftlicher Produkte
61211;Index der Erzeugerpreise landwirtschaftl. Produkte;JAHR;Jahr;1982;DINSG;Deutschland insgesamt;DG;Deutschland;PROAT1;Landwirtschaftliche Produkte;LWPR-2111;Jungbullen;113,6;2020=100;PRE018;Erzeugerpreisindizes landwirtschaftlicher Produkte
61211;Index der Erzeugerpreise landwirtschaftl. Produkte;JAHR;Jahr;2020;DINSG;Deutschland insgesamt;DG;Deutschland;PROAT1;Landwirtschaftliche Produkte;LWPR-1512;Tomaten;100,0;2020=100;PRE018;Erzeugerpreisindizes landwirtschaftlicher Produkte
61211;Index der Erzeugerpreise landwirtschaftl. Produkte;JAHR;Jahr;2007;DINSG;Deutschland insgesamt;DG;Deutschland;PROAT1;Landwirtschaftliche Produkte;LWPR-1516;Kohlgemüse;-;2020=100;PRE018;Erzeugerpreisindizes landwirtschaftlicher Produkte
61211;Index der Erzeugerpreise landwirtschaftl. Produkte;JAHR;Jahr;1969;DINSG;Deutschland insgesamt;DG;Deutschland;PROAT1;Landwirtschaftliche Produkte;LWPR-2113;Färsen;72,8;2020=100;PRE018;Erzeugerpreisindizes landwirtschaftlicher Produkte
61211;Index der Erzeugerpreise landwirtschaftl. Produkte;JAHR;Jahr;2009;DINSG;Deutschland insgesamt;DG;Deutschland;PROAT1;Landwirtschaftliche Produkte;LWPR-13;Handelsgewächse;96,3;2020=100;PRE018;Erzeugerpreisindizes landwirtschaftlicher Produkte
61211;Index der Erzeugerpreise landwirtschaftl. Produkte;JAHR;Jahr;1995;DINSG;Deutschland insgesamt;DG;Deutschland;PROAT1;Landwirtschaftliche Produkte;LWPR-122;Getreidesaatgut;83,8;2020=100;PRE018;Erzeugerpreisindizes landwirtschaftlicher Produkte
61211;Index der Erzeugerpreise landwirtschaftl. Produkte;JAHR;Jahr;1983;DINSG;Deutschland insgesamt;DG;Deutschland;PROAT1;Landwirtschaftliche Produkte;LWPR-2141;Hähnchen;93,9;2020=100;PRE018;Erzeugerpreisindizes landwirtschaftlicher Produkte
61211;Index der Erzeugerpreise landwirtschaftl. Produkte;JAHR;Jahr;2008;DINSG;Deutschland insgesamt;DG;Deutschland;PROAT1;Landwirtschaftliche Produkte;LWPR-1511;Blumenkohl;35,9;2020=100;PRE018;Erzeugerpreisindizes landwirtschaftlicher Produkte
61211;Index der Erzeugerpreise landwirtschaftl. Produkte;JAHR;Jahr;2022;DINSG;Deutschland insgesamt;DG;Deutschland;PROAT1;Landwirtschaftliche Produkte;LWPR;Erzeugung landwirtschaftlicher Produkte;141,0;2020=100;PRE018;Erzeugerpreisindizes landwirtschaftlicher Produkte
61211;Index der Erzeugerpreise landwirtschaftl. Produkte;JAHR;Jahr;1992;DINSG;Deutschland insgesamt;DG;Deutschland;PROAT1;Landwirtschaftliche Produkte;LWPR-214;Geflügel;87,2;2020=100;PRE018;Erzeugerpreisindizes landwirtschaftlicher Produkte
61211;Index der Erzeugerpreise landwirtschaftl. Produkte;JAHR;Jahr;1996;DINSG;Deutschland insgesamt;DG;Deutschland;PROAT1;Landwirtschaftliche Produkte;LWPR-2114;Kälber;86,2;2020=100;PRE018;Erzeugerpreisindizes landwirtschaftlicher Produkte
61211;Index der Erzeugerpreise landwirtschaftl. Produkte;JAHR;Jahr;1978;DINSG;Deutschland insgesamt;DG;Deutschland;PROAT1;Landwirtschaftliche Produkte;LWPR-214;Geflügel;89,5;2020=100;PRE018;Erzeugerpreisindizes landwirtschaftlicher Produkte
61211;Index der Erzeugerpreise landwirtschaftl. Produkte;JAHR;Jahr;2020;DINSG;Deutschland insgesamt;DG;Deutschland;PROAT1;Landwirtschaftliche Produkte;LWPR-15171;Eissalat;100,0;2020=100;PRE018;Erzeugerpreisindizes landwirtschaftlicher Produkte
61211;Index der Erzeugerpreise landwirtschaftl. Produkte;JAHR;Jahr;2024;DINSG;Deutschland insgesamt;DG;Deutschland;PROAT1;Landwirtschaftliche Produkte;LWPR-1211;Brotweizen;112,6;2020=100;PRE018;Erzeugerpreisindizes landwirtschaftlicher Produkte
61211;Index der Erzeugerpreise landwirtschaftl. Produkte;JAHR;Jahr;2009;DINSG;Deutschland insgesamt;DG;Deutschland;PROAT1;Landwirtschaftliche Produkte;LWPR-2111;Jungbullen;87,1;2020=100;PRE018;Erzeugerpreisindizes landwirtschaftlicher Produkte
61211;Index der Erzeugerpreise landwirtschaftl. Produkte;JAHR;Jahr;2019;DINSG;Deutschland insgesamt;DG;Deutschland;PROAT1;Landwirtschaftliche Produkte;LWPR-1;Pflanzliche Erzeugung;101,9;2020=100;PRE018;Erzeugerpreisindizes landwirtschaftlicher Produkte
61211;Index der Erzeugerpreise landwirtschaftl. Produkte;JAHR;Jahr;1975;DINSG;Deutschland insgesamt;DG;Deutschland;PROAT1;Landwirtschaftliche Produkte;LWPR-1214;Futtergerste;130,6;2020=100;PRE018;Erzeugerpreisindizes landwirtschaftlicher Produkte
61211;Index der Erzeugerpreise landwirtschaftl. Produkte;JAHR;Jahr;1985;DINSG;Deutschland insgesamt;DG;Deutschland;PROAT1;Landwirtschaftliche Produkte;LWPR-2113;Färsen;97,4;2020=100;PRE018;Erzeugerpreisindizes landwirtschaftlicher Produkte
61211;Index der Erzeugerpreise landwirtschaftl. Produkte;JAHR;Jahr;1998;DINSG;Deutschland insgesamt;DG;Deutschland;PROAT1;Landwirtschaftliche Produkte;LWPR-15171;Eissalat;71,5;2020=100;PRE018;Erzeugerpreisindizes landwirtschaftlicher Produkte
61211;Index der Erzeugerpreise landwirtschaftl. Produkte;JAHR;Jahr;2024;DINSG;Deutschland insgesamt;DG;Deutschland;PROAT1;Landwirtschaftliche Produkte;LWPR-1522;Topfpflanzen;130,9;2020=100;PRE018;Erzeugerpreisindizes landwirtschaftlicher Produkte
61211;Index der Erzeugerpreise landwirtschaftl. Produkte;JAHR;Jahr;2006;DINSG;Deutschland insgesamt;DG;Deutschland;PROAT1;Landwirtschaftliche Produkte;LWPR-132;Zuckerrüben;105,3;2020=100;PRE018;Erzeugerpreisindizes landwirtschaftlicher Produkte
61211;Index der Erzeugerpreise landwirtschaftl. Produkte;JAHR;Jahr;2016;DINSG;Deutschland insgesamt;DG;Deutschland;PROAT1;Landwirtschaftliche Produkte;LWPR-162;Erdbeeren;75,5;2020=100;PRE018;Erzeugerpreisindizes landwirtschaftlicher Produkte
61211;Index der Erzeugerpreise landwirtschaftl. Produkte;JAHR;Jahr;1974;DINSG;Deutschland insgesamt;DG;Deutschland;PROAT1;Landwirtschaftliche Produkte;LWPR-1513;Gurken;-;2020=100;PRE018;Erzeugerpreisindizes landwirtschaftlicher Produkte
61211;Index der Erzeugerpreise landwirtschaftl. Produkte;JAHR;Jahr;1992;DINSG;Deutschland insgesamt;DG;Deutschland;PROAT1;Landwirtschaftliche Produkte;LWPR-1523;Baumschulerzeugnisse;86,7;2020=100;PRE018;Erzeugerpreisindizes landwirtschaftlicher Produkte
61211;Index der Erzeugerpreise landwirtschaftl. Produkte;JAHR;Jahr;1994;DINSG;Deutschland insgesamt;DG;Deutschland;PROAT1;Landwirtschaftliche Produkte;LWPR-214;Geflügel;80,3;2020=100;PRE018;Erzeugerpreisindizes landwirtschaftlicher Produkte
61211;Index der Erzeugerpreise landwirtschaftl. Produkte;JAHR;Jahr;1998;DINSG;Deutschland insgesamt;DG;Deutschland;PROAT1;Landwirtschaftliche Produkte;LWPR-2;Tierische Erzeugung;81,9;2020=100;PRE018;Erzeugerpreisindizes landwirtschaftlicher Produkte
61211;Index der Erzeugerpreise landwirtschaftl. Produkte;JAHR;Jahr;1980;DINSG;Deutschland insgesamt;DG;Deutschland;PROAT1;Landwirtschaftliche Produkte;LWPR-121;Getreide;136,8;2020=100;PRE018;Erzeugerpreisindizes landwirtschaftlicher Produkte
61211;Index der Erzeugerpreise landwirtschaftl. Produkte;JAHR;Jahr;1990;DINSG;Deutschland insgesamt;DG;Deutschland;PROAT1;Landwirtschaftliche Produkte;LWPR-151;Gemüse;55,1;2020=100;PRE018;Erzeugerpreisindizes landwirtschaftlicher Produkte
61211;Index der Erzeugerpreise landwirtschaftl. Produkte;JAHR;Jahr;2014;DINSG;Deutschland insgesamt;DG;Deutschland;PROAT1;Landwirtschaftliche Produkte;LWPR-15171;Eissalat;105,8;2020=100;PRE018;Erzeugerpreisindizes landwirtschaftlicher Produkte
61211;Index der Erzeugerpreise landwirtschaftl. Produkte;JAHR;Jahr;1977;DINSG;Deutschland insgesamt;DG;Deutschland;PROAT1;Landwirtschaftliche Produkte;LWPR-1515;Spargel;-;2020=100;PRE018;Erzeugerpreisindizes landwirtschaftlicher Produkte
61211;Index der Erzeugerpreise landwirtschaftl. Produkte;JAHR;Jahr;2023;DINSG;Deutschland insgesamt;DG;Deutschland;PROAT1;Landwirtschaftliche Produkte;LWPR-122;Getreidesaatgut;126,1;2020=100;PRE018;Erzeugerpreisindizes landwirtschaftlicher Produkte
61211;Index der Erzeugerpreise landwirtschaftl. Produkte;JAHR;Jahr;2010;DINSG;Deutschland insgesamt;DG;Deutschland;PROAT1;Landwirtschaftliche Produkte;LWPR-2142;Sonstiges Geflügel;88,9;2020=100;PRE018;Erzeugerpreisindizes landwirtschaftlicher Produkte
61211;Index der Erzeugerpreise landwirtschaftl. Produkte;JAHR;Jahr;1975;DINSG;Deutschland insgesamt;DG;Deutschland;PROAT1;Landwirtschaftliche Produkte;LWPR-141;Speisekartoffeln;49,8;2020=100;PRE018;Erzeugerpreisindizes landwirtschaftlicher Produkte
61211;Index der Erzeugerpreise landwirtschaftl. Produkte;JAHR;Jahr;2015;DINSG;Deutschland insgesamt;DG;Deutschland;PROAT1;Landwirtschaftliche Produkte;LWPR-141;Speisekartoffeln;97,5;2020=100;PRE018;Erzeugerpreisindizes landwirtschaftlicher Produkte
61211;Index der Erzeugerpreise landwirtschaftl. Produkte;JAHR;Jahr;2012;DINSG;Deutschland insgesamt;DG;Deutschland;PROAT1;Landwirtschaftliche Produkte;LWPR-1522;Topfpflanzen;93,2;2020=100;PRE018;Erzeugerpreisindizes landwirtschaftlicher Produkte
61211;Index der Erzeugerpreise landwirtschaftl. Produkte;JAHR;Jahr;1978;DINSG;Deutschland insgesamt;DG;Deutschland;PROAT1;Landwirtschaftliche Produkte;LWPR-1216;Körnermais;141,0;2020=100;PRE018;Erzeugerpreisindizes landwirtschaftlicher Produkte
61211;Index der Erzeugerpreise landwirtschaftl. Produkte;JAHR;Jahr;2014;DINSG;Deutschland insgesamt;DG;Deutschland;PROAT1;Landwirtschaftliche Produkte;LWPR-211;Rinder;105,2;2020=100;PRE018;Erzeugerpreisindizes landwirtschaftlicher Produkte
61211;Index der Erzeugerpreise landwirtschaftl. Produkte;JAHR;Jahr;2023;DINSG;Deutschland insgesamt;DG;Deutschland;PROAT1;Landwirtschaftliche Produkte;LWPR-1216;Körnermais;118,9;2020=100;PRE018;Erzeugerpreisindizes landwirtschaftlicher Produkte
61211;Index der Erzeugerpreise landwirtschaftl. Produkte;JAHR;Jahr;2023;DINSG;Deutschland insgesamt;DG;Deutschland;PROAT1;Landwirtschaftliche Produkte;LWPR-2111;Jungbullen;133,4;2020=100;PRE018;Erzeugerpreisindizes landwirtschaftlicher Produkte
61211;Index der Erzeugerpreise landwirtschaftl. Produkte;JAHR;Jahr;1996;DINSG;Deutschland insgesamt;DG;Deutschland;PROAT1;Landwirtschaftliche Produkte;LWPR-14;Kartoffeln (einschließlich Pflanzkartoffeln);30,3;2020=100;PRE018;Erzeugerpreisindizes landwirtschaftlicher Produkte
61211;Index der Erzeugerpreise landwirtschaftl. Produkte;JAHR;Jahr;2024;DINSG;Deutschland insgesamt;DG;Deutschland;PROAT1;Landwirtschaftliche Produkte;LWPR-2141;Hähnchen;158,3;2020=100;PRE018;Erzeugerpreisindizes landwirtschaftlicher Produkte
61211;Index der Erzeugerpreise landwirtschaftl. Produkte;JAHR;Jahr;2001;DINSG;Deutschland insgesamt;DG;Deutschland;PROAT1;Landwirtschaftliche Produkte;LWPR-1512;Tomaten;95,0;2020=100;PRE018;Erzeugerpreisindizes landwirtschaftlicher Produkte
61211;Index der Erzeugerpreise landwirtschaftl. Produkte;JAHR;Jahr;1969;DINSG;Deutschland insgesamt;DG;Deutschland;PROAT1;Landwirtschaftliche Produkte;LWPR-214;Geflügel;82,1;2020=100;PRE018;Erzeugerpreisindizes landwirtschaftlicher Produkte
61211;Index der Erzeugerpreise landwirtschaftl. Produkte;JAHR;Jahr;1973;DINSG;Deutschland insgesamt;DG;Deutschland;PROAT1;Landwirtschaftliche Produkte;LWPR-1514;Champignons;-;2020=100;PRE018;Erzeugerpreisindizes landwirtschaftlicher Produkte
61211;Index der Erzeugerpreise landwirtschaftl. Produkte;JAHR;Jahr;1999;DINSG;Deutschland insgesamt;DG;Deutschland;PROAT1;Landwirtschaftliche Produkte;LWPR-1513;Gurken;71,6;2020=100;PRE018;Erzeugerpreisindizes landwirtschaftlicher Produkte
61211;Index der Erzeugerpreise landwirtschaftl. Produkte;JAHR;Jahr;2015;DINSG;Deutschland insgesamt;DG;Deutschland;PROAT1;Landwirtschaftliche Produkte;LWPR-22;Milch;88,6;2020=100;PRE018;Erzeugerpreisindizes landwirtschaftlicher Produkte
61211;Index der Erzeugerpreise landwirtschaftl. Produkte;JAHR;Jahr;1974;DINSG;Deutschland insgesamt;DG;Deutschland;PROAT1;Landwirtschaftliche Produkte;LWPR-23;Eier;51,1;2020=100;PRE018;Erzeugerpreisindizes landwirtschaftlicher Produkte
61211;Index der Erzeugerpreise landwirtschaftl. Produkte;JAHR;Jahr;1998;DINSG;Deutschland insgesamt;DG;Deutschland;PROAT1;Landwirtschaftliche Produkte;LWPR;Erzeugung landwirtschaftlicher Produkte;79,0;2020=100;PRE018;Erzeugerpreisindizes landwirtschaftlicher Produkte
61211;Index der Erzeugerpreise landwirtschaftl. Produkte;JAHR;Jahr;2020;DINSG;Deutschland insgesamt;DG;Deutschland;PROAT1;Landwirtschaftliche Produkte;LWPR-1214;Futtergerste;100,0;2020=100;PRE018;Erzeugerpreisindizes landwirtschaftlicher Produkte
61211;Index der Erzeugerpreise landwirtschaftl. Produkte;JAHR;Jahr;2019;DINSG;Deutschland insgesamt;DG;Deutschland;PROAT1;Landwirtschaftliche Produkte;LWPR-12;Getreide (einschließlich Saatgut);97,5;2020=100;PRE018;Erzeugerpreisindizes landwirtschaftlicher Produkte
61211;Index der Erzeugerpreise landwirtschaftl. Produkte;JAHR;Jahr;2000;DINSG;Deutschland insgesamt;DG;Deutschland;PROAT1;Landwirtschaftliche Produkte;LWPR-1517;Salat;-;2020=100;PRE018;Erzeugerpreisindizes landwirtschaftlicher Produkte
61211;Index der Erzeugerpreise landwirtschaftl. Produkte;JAHR;Jahr;1998;DINSG;Deutschland insgesamt;DG;Deutschland;PROAT1;Landwirtschaftliche Produkte;LWPR-141;Speisekartoffeln;45,0;2020=100;PRE018;Erzeugerpreisindizes landwirtschaftlicher Produkte
61211;Index der Erzeugerpreise landwirtschaftl. Produkte;JAHR;Jahr;2020;DINSG;Deutschland insgesamt;DG;Deutschland;PROAT1;Landwirtschaftliche Produkte;LWPR-214;Geflügel;100,0;2020=100;PRE018;Erzeugerpreisindizes landwirtschaftlicher Produkte
61211;Index der Erzeugerpreise landwirtschaftl. Produkte;JAHR;Jahr;1990;DINSG;Deutschland insgesamt;DG;Deutschland;PROAT1;Landwirtschaftliche Produkte;LWPR-1213;Futterweizen;96,0;2020=100;PRE018;Erzeugerpreisindizes landwirtschaftlicher Produkte
61211;Index der Erzeugerpreise landwirtschaftl. Produkte;JAHR;Jahr;2004;DINSG;Deutschland insgesamt;DG;Deutschland;PROAT1;Landwirtschaftliche Produkte;LWPR-212;Schweine;89,6;2020=100;PRE018;Erzeugerpreisindizes landwirtschaftlicher Produkte
61211;Index der Erzeugerpreise landwirtschaftl. Produkte;JAHR;Jahr;2011;DINSG;Deutschland insgesamt;DG;Deutschland;PROAT1;Landwirtschaftliche Produkte;LWPR-21;Tiere;100,1;2020=100;PRE018;Erzeugerpreisindizes landwirtschaftlicher Produkte
61211;Index der Erzeugerpreise landwirtschaftl. Produkte;JAHR;Jahr;1992;DINSG;Deutschland insgesamt;DG;Deutschland;PROAT1;Landwirtschaftliche Produkte;LWPR-2113;Färsen;81,7;2020=100;PRE018;Erzeugerpreisindizes landwirtschaftlicher Produkte
61211;Index der Erzeugerpreise landwirtschaftl. Produkte;JAHR;Jahr;1977;DINSG;Deutschland insgesamt;DG;Deutschland;PROAT1;Landwirtschaftliche Produkte;LWPR-213;Schafe und Ziegen;65,1;2020=100;PRE018;Erzeugerpreisindizes landwirtschaftlicher Produkte
61211;Index der Erzeugerpreise landwirtschaftl. Produkte;JAHR;Jahr;1977;DINSG;Deutschland insgesamt;DG;Deutschland;PROAT1;Landwirtschaftliche Produkte;LWPR-2112;Kühe;116,6;2020=100;PRE018;Erzeugerpreisindizes landwirtschaftlicher Produkte
61211;Index der Erzeugerpreise landwirtschaftl. Produkte;JAHR;Jahr;2001;DINSG;Deutschland insgesamt;DG;Deutschland;PROAT1;Landwirtschaftliche Produkte;LWPR-2113;Färsen;54,0;2020=100;PRE018;Erzeugerpreisindizes landwirtschaftlicher Produkte
61211;Index der Erzeugerpreise landwirtschaftl. Produkte;JAHR;Jahr;1978;DINSG;Deutschland insgesamt;DG;Deutschland;PROAT1;Landwirtschaftliche Produkte;LWPR-2142;Sonstiges Geflügel;96,5;2020=100;PRE018;Erzeugerpreisindizes landwirtschaftlicher Produkte
61211;Index der Erzeugerpreise landwirtschaftl. Produkte;JAHR;Jahr;2004;DINSG;Deutschland insgesamt;DG;Deutschland;PROAT1;Landwirtschaftliche Produkte;LWPR-1514;Champignons;82,6;2020=100;PRE018;Erzeugerpreisindizes landwirtschaftlicher Produkte
61211;Index der Erzeugerpreise landwirtschaftl. Produkte;JAHR;Jahr;1995;DINSG;Deutschland insgesamt;DG;Deutschland;PROAT1;Landwirtschaftliche Produkte;LWPR-211;Rinder;82,2;2020=100;PRE018;Erzeugerpreisindizes landwirtschaftlicher Produkte
61211;Index der Erzeugerpreise landwirtschaftl. Produkte;JAHR;Jahr;1989;DINSG;Deutschland insgesamt;DG;Deutschland;PROAT1;Landwirtschaftliche Produkte;LWPR-1213;Futterweizen;100,9;2020=100;PRE018;Erzeugerpreisindizes landwirtschaftlicher Produkte
61211;Index der Erzeugerpreise landwirtschaftl. Produkte;JAHR;Jahr;1985;DINSG;Deutschland insgesamt;DG;Deutschland;PROAT1;Landwirtschaftliche Produkte;LWPR-1523;Baumschulerzeugnisse;67,9;2020=100;PRE018;Erzeugerpreisindizes landwirtschaftlicher Produkte
61211;Index der Erzeugerpreise landwirtschaftl. Produkte;JAHR;Jahr;2023;DINSG;Deutschland insgesamt;DG;Deutschland;PROAT1;Landwirtschaftliche Produkte;LWPR-1514;Champignons;131,3;2020=100;PRE018;Erzeugerpreisindizes landwirtschaftlicher Produkte
61211;Index der Erzeugerpreise landwirtschaftl. Produkte;JAHR;Jahr;1972;DINSG;Deutschland insgesamt;DG;Deutschland;PROAT1;Landwirtschaftliche Produkte;LWPR-122;Getreidesaatgut;88,0;2020=100;PRE018;Erzeugerpreisindizes landwirtschaftlicher Produkte
61211;Index der Erzeugerpreise landwirtschaftl. Produkte;JAHR;Jahr;1982;DINSG;Deutschland insgesamt;DG;Deutschland;PROAT1;Landwirtschaftliche Produkte;LWPR-152;Pflanzen und Blumen;68,1;2020=100;PRE018;Erzeugerpreisindizes landwirtschaftlicher Produkte
61211;Index der Erzeugerpreise landwirtschaftl. Produkte;JAHR;Jahr;1970;DINSG;Deutschland insgesamt;DG;Deutschland;PROAT1;Landwirtschaftliche Produkte;LWPR-1512;Tomaten;-;2020=100;PRE018;Erzeugerpreisindizes landwirtschaftlicher Produkte
61211;Index der Erzeugerpreise landwirtschaftl. Produkte;JAHR;Jahr;1981;DINSG;Deutschland insgesamt;DG;Deutschland;PROAT1;Landwirtschaftliche Produkte;LWPR-2;Tierische Erzeugung;100,6;2020=100;PRE018;Erzeugerpreisindizes landwirtschaftlicher Produkte
61211;Index der Erzeugerpreise landwirtschaftl. Produkte;JAHR;Jahr;1979;DINSG;Deutschland insgesamt;DG;Deutschland;PROAT1;Landwirtschaftliche Produkte;LWPR-17;Wein;-;2020=100;PRE018;Erzeugerpreisindizes landwirtschaftlicher Produkte
61211;Index der Erzeugerpreise landwirtschaftl. Produkte;JAHR;Jahr;1986;DINSG;Deutschland insgesamt;DG;Deutschland;PROAT1;Landwirtschaftliche Produkte;LWPR-17;Wein;-;2020=100;PRE018;Erzeugerpreisindizes landwirtschaftlicher Produkte
61211;Index der Erzeugerpreise landwirtschaftl. Produkte;JAHR;Jahr;2021;DINSG;Deutschland insgesamt;DG;Deutschland;PROAT1;Landwirtschaftliche Produkte;LWPR;Erzeugung landwirtschaftlicher Produkte;106,9;2020=100;PRE018;Erzeugerpreisindizes landwirtschaftlicher Produkte
61211;Index der Erzeugerpreise landwirtschaftl. Produkte;JAHR;Jahr;2008;DINSG;Deutschland insgesamt;DG;Deutschland;PROAT1;Landwirtschaftliche Produkte;LWPR-2112;Kühe;96,4;2020=100;PRE018;Erzeugerpreisindizes landwirtschaftlicher Produkte
61211;Index der Erzeugerpreise landwirtschaftl. Produkte;JAHR;Jahr;1989;DINSG;Deutschland insgesamt;DG;Deutschland;PROAT1;Landwirtschaftliche Produkte;LWPR-141;Speisekartoffeln;47,5;2020=100;PRE018;Erzeugerpreisindizes landwirtschaftlicher Produkte
61211;Index der Erzeugerpreise landwirtschaftl. Produkte;JAHR;Jahr;1982;DINSG;Deutschland insgesamt;DG;Deutschland;PROAT1;Landwirtschaftliche Produkte;LWPR-1521;Schnittblumen;59,6;2020=100;PRE018;Erzeugerpreisindizes landwirtschaftlicher Produkte
61211;Index der Erzeugerpreise landwirtschaftl. Produkte;JAHR;Jahr;2019;DINSG;Deutschland insgesamt;DG;Deutschland;PROAT1;Landwirtschaftliche Produkte;LWPR-213;Schafe und Ziegen;86,7;2020=100;PRE018;Erzeugerpreisindizes landwirtschaftlicher Produkte
61211;Index der Erzeugerpreise landwirtschaftl. Produkte;JAHR;Jahr;1968;DINSG;Deutschland insgesamt;DG;Deutschland;PROAT1;Landwirtschaftliche Produkte;LWPR-161;Tafeläpfel;-;2020=100;PRE018;Erzeugerpreisindizes landwirtschaftlicher Produkte
61211;Index der Erzeugerpreise landwirtschaftl. Produkte;JAHR;Jahr;1993;DINSG;Deutschland insgesamt;DG;Deutschland;PROAT1;Landwirtschaftliche Produkte;LWPR-1215;Braugerste;101,3;2020=100;PRE018;Erzeugerpreisindizes landwirtschaftlicher Produkte
61211;Index der Erzeugerpreise landwirtschaftl. Produkte;JAHR;Jahr;2009;DINSG;Deutschland insgesamt;DG;Deutschland;PROAT1;Landwirtschaftliche Produkte;LWPR-2142;Sonstiges Geflügel;91,8;2020=100;PRE018;Erzeugerpreisindizes landwirtschaftlicher Produkte
61211;Index der Erzeugerpreise landwirtschaftl. Produkte;JAHR;Jahr;1974;DINSG;Deutschland insgesamt;DG;Deutschland;PROAT1;Landwirtschaftliche Produkte;LWPR-1215;Braugerste;122,2;2020=100;PRE018;Erzeugerpreisindizes landwirtschaftlicher Produkte
61211;Index der Erzeugerpreise landwirtschaftl. Produkte;JAHR;Jahr;2002;DINSG;Deutschland insgesamt;DG;Deutschland;PROAT1;Landwirtschaftliche Produkte;LWPR-162;Erdbeeren;63,1;2020=100;PRE018;Erzeugerpreisindizes landwirtschaftlicher Produkte
61211;Index der Erzeugerpreise landwirtschaftl. Produkte;JAHR;Jahr;1995;DINSG;Deutschland insgesamt;DG;Deutschland;PROAT1;Landwirtschaftliche Produkte;LWPR-23;Eier;42,7;2020=100;PRE018;Erzeugerpreisindizes landwirtschaftlicher Produkte
61211;Index der Erzeugerpreise landwirtschaftl. Produkte;JAHR;Jahr;2008;DINSG;Deutschland insgesamt;DG;Deutschland;PROAT1;Landwirtschaftliche Produkte;LWPR-152;Pflanzen und Blumen;86,0;2020=100;PRE018;Erzeugerpreisindizes landwirtschaftlicher Produkte
61211;Index der Erzeugerpreise landwirtschaftl. Produkte;JAHR;Jahr;2014;DINSG;Deutschland insgesamt;DG;Deutschland;PROAT1;Landwirtschaftliche Produkte;LWPR-122;Getreidesaatgut;104,4;2020=100;PRE018;Erzeugerpreisindizes landwirtschaftlicher Produkte
61211;Index der Erzeugerpreise landwirtschaftl. Produkte;JAHR;Jahr;2019;DINSG;Deutschland insgesamt;DG;Deutschland;PROAT1;Landwirtschaftliche Produkte;LWPR-1512;Tomaten;104,0;2020=100;PRE018;Erzeugerpreisindizes landwirtschaftlicher Produkte
61211;Index der Erzeugerpreise landwirtschaftl. Produkte;JAHR;Jahr;2000;DINSG;Deutschland insgesamt;DG;Deutschland;PROAT1;Landwirtschaftliche Produkte;LWPR-131;Raps;68,8;2020=100;PRE018;Erzeugerpreisindizes landwirtschaftlicher Produkte
61211;Index der Erzeugerpreise landwirtschaftl. Produkte;JAHR;Jahr;1988;DINSG;Deutschland insgesamt;DG;Deutschland;PROAT1;Landwirtschaftliche Produkte;LWPR-133;Futterpflanzen;-;2020=100;PRE018;Erzeugerpreisindizes landwirtschaftlicher Produkte
61211;Index der Erzeugerpreise landwirtschaftl. Produkte;JAHR;Jahr;2010;DINSG;Deutschland insgesamt;DG;Deutschland;PROAT1;Landwirtschaftliche Produkte;LWPR-161;Tafeläpfel;80,9;2020=100;PRE018;Erzeugerpreisindizes landwirtschaftlicher Produkte
61211;Index der Erzeugerpreise landwirtschaftl. Produkte;JAHR;Jahr;2013;DINSG;Deutschland insgesamt;DG;Deutschland;PROAT1;Landwirtschaftliche Produkte;LWPR-212;Schweine;107,1;2020=100;PRE018;Erzeugerpreisindizes landwirtschaftlicher Produkte
61211;Index der Erzeugerpreise landwirtschaftl. Produkte;JAHR;Jahr;2013;DINSG;Deutschland insgesamt;DG;Deutschland;PROAT1;Landwirtschaftliche Produkte;LWPR-1214;Futtergerste;116,3;2020=100;PRE018;Erzeugerpreisindizes landwirtschaftlicher Produkte
61211;Index der Erzeugerpreise landwirtschaftl. Produkte;JAHR;Jahr;1986;DINSG;Deutschland insgesamt;DG;Deutschland;PROAT1;Landwirtschaftliche Produkte;LWPR-1211;Brotweizen;124,7;2020=100;PRE018;Erzeugerpreisindizes landwirtschaftlicher Produkte
61211;Index der Erzeugerpreise landwirtschaftl. Produkte;JAHR;Jahr;2024;DINSG;Deutschland insgesamt;DG;Deutschland;PROAT1;Landwirtschaftliche Produkte;LWPR-152;Pflanzen und Blumen;159,8;2020=100;PRE018;Erzeugerpreisindizes landwirtschaftlicher Produkte
61211;Index der Erzeugerpreise landwirtschaftl. Produkte;JAHR;Jahr;1981;DINSG;Deutschland insgesamt;DG;Deutschland;PROAT1;Landwirtschaftliche Produkte;LWPR-23;Eier;58,0;2020=100;PRE018;Erzeugerpreisindizes landwirtschaftlicher Produkte
61211;Index der Erzeugerpreise landwirtschaftl. Produkte;JAHR;Jahr;2008;DINSG;Deutschland insgesamt;DG;Deutschland;PROAT1;Landwirtschaftliche Produkte;LWPR-22;Milch;104,3;2020=100;PRE018;Erzeugerpreisindizes landwirtschaftlicher Produkte
61211;Index der Erzeugerpreise landwirtschaftl. Produkte;JAHR;Jahr;2021;DINSG;Deutschland insgesamt;DG;Deutschland;PROAT1;Landwirtschaftliche Produkte;LWPR-211;Rinder;116,4;2020=100;PRE018;Erzeugerpreisindizes landwirtschaftlicher Produkte
61211;Index der Erzeugerpreise landwirtschaftl. Produkte;JAHR;Jahr;1992;DINSG;Deutschland insgesamt;DG;Deutschland;PROAT1;Landwirtschaftliche Produkte;LWPR-1514;Champignons;-;2020=100;PRE018;Erzeugerpreisindizes landwirtschaftlicher Produkte
61211;Index der Erzeugerpreise landwirtschaftl. Produkte;JAHR;Jahr;2015;DINSG;Deutschland insgesamt;DG;Deutschland;PROAT1;Landwirtschaftliche Produkte;LWPR-132;Zuckerrüben;109,9;2020=100;PRE018;Erzeugerpreisindizes landwirtschaftlicher Produkte
61211;Index der Erzeugerpreise landwirtschaftl. Produkte;JAHR;Jahr;2001;DINSG;Deutschland insgesamt;DG;Deutschland;PROAT1;Landwirtschaftliche Produkte;LWPR-141;Speisekartoffeln;32,7;2020=100;PRE018;Erzeugerpreisindizes landwirtschaftlicher Produkte
61211;Index der Erzeugerpreise landwirtschaftl. Produkte;JAHR;Jahr;1985;DINSG;Deutschland insgesamt;DG;Deutschland;PROAT1;Landwirtschaftliche Produkte;LWPR-1216;Körnermais;140,8;2020=100;PRE018;Erzeugerpreisindizes landwirtschaftlicher Produkte
61211;Index der Erzeugerpreise landwirtschaftl. Produkte;JAHR;Jahr;2017;DINSG;Deutschland insgesamt;DG;Deutschland;PROAT1;Landwirtschaftliche Produkte;LWPR-2;Tierische Erzeugung;105,4;2020=100;PRE018;Erzeugerpreisindizes landwirtschaftlicher Produkte
61211;Index der Erzeugerpreise landwirtschaftl. Produkte;JAHR;Jahr;1985;DINSG;Deutschland insgesamt;DG;Deutschland;PROAT1;Landwirtschaftliche Produkte;LWPR-13;Handelsgewächse;144,9;2020=100;PRE018;Erzeugerpreisindizes landwirtschaftlicher Produkte
61211;Index der Erzeugerpreise landwirtschaftl. Produkte;JAHR;Jahr;2018;DINSG;Deutschland insgesamt;DG;Deutschland;PROAT1;Landwirtschaftliche Produkte;LWPR-1517;Salat;108,3;2020=100;PRE018;Erzeugerpreisindizes landwirtschaftlicher Produkte
61211;Index der Erzeugerpreise landwirtschaftl. Produkte;JAHR;Jahr;2025;DINSG;Deutschland insgesamt;DG;Deutschland;PROAT1;Landwirtschaftliche Produkte;LWPR-162;Erdbeeren;117,1;2020=100;PRE018;Erzeugerpreisindizes landwirtschaftlicher Produkte
61211;Index der Erzeugerpreise landwirtschaftl. Produkte;JAHR;Jahr;2015;DINSG;Deutschland insgesamt;DG;Deutschland;PROAT1;Landwirtschaftliche Produkte;LWPR;Erzeugung landwirtschaftlicher Produkte;92,6;2020=100;PRE018;Erzeugerpreisindizes landwirtschaftlicher Produkte
61211;Index der Erzeugerpreise landwirtschaftl. Produkte;JAHR;Jahr;1971;DINSG;Deutschland insgesamt;DG;Deutschland;PROAT1;Landwirtschaftliche Produkte;LWPR-1213;Futterweizen;-;2020=100;PRE018;Erzeugerpreisindizes landwirtschaftlicher Produkte
61211;Index der Erzeugerpreise landwirtschaftl. Produkte;JAHR;Jahr;2023;DINSG;Deutschland insgesamt;DG;Deutschland;PROAT1;Landwirtschaftliche Produkte;LWPR-131;Raps;119,4;2020=100;PRE018;Erzeugerpreisindizes landwirtschaftlicher Produkte
61211;Index der Erzeugerpreise landwirtschaftl. Produkte;JAHR;Jahr;1971;DINSG;Deutschland insgesamt;DG;Deutschland;PROAT1;Landwirtschaftliche Produkte;LWPR-13;Handelsgewächse;85,8;2020=100;PRE018;Erzeugerpreisindizes landwirtschaftlicher Produkte
61211;Index der Erzeugerpreise landwirtschaftl. Produkte;JAHR;Jahr;2008;DINSG;Deutschland insgesamt;DG;Deutschland;PROAT1;Landwirtschaftliche Produkte;LWPR;Erzeugung landwirtschaftlicher Produkte;95,7;2020=100;PRE018;Erzeugerpreisindizes landwirtschaftlicher Produkte
61211;Index der Erzeugerpreise landwirtschaftl. Produkte;JAHR;Jahr;1985;DINSG;Deutschland insgesamt;DG;Deutschland;PROAT1;Landwirtschaftliche Produkte;LWPR-2;Tierische Erzeugung;98,8;2020=100;PRE018;Erzeugerpreisindizes landwirtschaftlicher Produkte
61211;Index der Erzeugerpreise landwirtschaftl. Produkte;JAHR;Jahr;1969;DINSG;Deutschland insgesamt;DG;Deutschland;PROAT1;Landwirtschaftliche Produkte;LWPR-1516;Kohlgemüse;-;2020=100;PRE018;Erzeugerpreisindizes landwirtschaftlicher Produkte
61211;Index der Erzeugerpreise landwirtschaftl. Produkte;JAHR;Jahr;2019;DINSG;Deutschland insgesamt;DG;Deutschland;PROAT1;Landwirtschaftliche Produkte;LWPR-2113;Färsen;106,0;2020=100;PRE018;Erzeugerpreisindizes landwirtschaftlicher Produkte
61211;Index der Erzeugerpreise landwirtschaftl. Produkte;JAHR;Jahr;2005;DINSG;Deutschland insgesamt;DG;Deutschland;PROAT1;Landwirtschaftliche Produkte;LWPR-1522;Topfpflanzen;86,4;2020=100;PRE018;Erzeugerpreisindizes landwirtschaftlicher Produkte
61211;Index der Erzeugerpreise landwirtschaftl. Produkte;JAHR;Jahr;1995;DINSG;Deutschland insgesamt;DG;Deutschland;PROAT1;Landwirtschaftliche Produkte;LWPR-1516;Kohlgemüse;-;2020=100;PRE018;Erzeugerpreisindizes landwirtschaftlicher Produkte
61211;Index der Erzeugerpreise landwirtschaftl. Produkte;JAHR;Jahr;2001;DINSG;Deutschland insgesamt;DG;Deutschland;PROAT1;Landwirtschaftliche Produkte;LWPR-22;Milch;101,9;2020=100;PRE018;Erzeugerpreisindizes landwirtschaftlicher Produkte
61211;Index der Erzeugerpreise landwirtschaftl. Produkte;JAHR;Jahr;1971;DINSG;Deutschland insgesamt;DG;Deutschland;PROAT1;Landwirtschaftliche Produkte;LWPR-212;Schweine;97,7;2020=100;PRE018;Erzeugerpreisindizes landwirtschaftlicher Produkte
61211;Index der Erzeugerpreise landwirtschaftl. Produkte;JAHR;Jahr;2017;DINSG;Deutschland insgesamt;DG;Deutschland;PROAT1;Landwirtschaftliche Produkte;LWPR-1211;Brotweizen;88,8;2020=100;PRE018;Erzeugerpreisindizes landwirtschaftlicher Produkte
61211;Index der Erzeugerpreise landwirtschaftl. Produkte;JAHR;Jahr;2016;DINSG;Deutschland insgesamt;DG;Deutschland;PROAT1;Landwirtschaftliche Produkte;LWPR-1216;Körnermais;84,1;2020=100;PRE018;Erzeugerpreisindizes landwirtschaftlicher Produkte
61211;Index der Erzeugerpreise landwirtschaftl. Produkte;JAHR;Jahr;2002;DINSG;Deutschland insgesamt;DG;Deutschland;PROAT1;Landwirtschaftliche Produkte;LWPR-15;Erzeugnisse des Gemüse- und Gartenbaus;77,0;2020=100;PRE018;Erzeugerpreisindizes landwirtschaftlicher Produkte
61211;Index der Erzeugerpreise landwirtschaftl. Produkte;JAHR;Jahr;1982;DINSG;Deutschland insgesamt;DG;Deutschland;PROAT1;Landwirtschaftliche Produkte;LWPR-1214;Futtergerste;149,6;2020=100;PRE018;Erzeugerpreisindizes landwirtschaftlicher Produkte
61211;Index der Erzeugerpreise landwirtschaftl. Produkte;JAHR;Jahr;1996;DINSG;Deutschland insgesamt;DG;Deutschland;PROAT1;Landwirtschaftliche Produkte;LWPR-1511;Blumenkohl;22,3;2020=100;PRE018;Erzeugerpreisindizes landwirtschaftlicher Produkte
61211;Index der Erzeugerpreise landwirtschaftl. Produkte;JAHR;Jahr;1981;DINSG;Deutschland insgesamt;DG;Deutschland;PROAT1;Landwirtschaftliche Produkte;LWPR-1513;Gurken;-;2020=100;PRE018;Erzeugerpreisindizes landwirtschaftlicher Produkte
61211;Index der Erzeugerpreise landwirtschaftl. Produkte;JAHR;Jahr;2015;DINSG;Deutschland insgesamt;DG;Deutschland;PROAT1;Landwirtschaftliche Produkte;LWPR-1515;Spargel;80,7;2020=100;PRE018;Erzeugerpreisindizes landwirtschaftlicher Produkte
61211;Index der Erzeugerpreise landwirtschaftl. Produkte;JAHR;Jahr;1974;DINSG;Deutschland insgesamt;DG;Deutschland;PROAT1;Landwirtschaftliche Produkte;LWPR-1522;Topfpflanzen;68,0;2020=100;PRE018;Erzeugerpreisindizes landwirtschaftlicher Produkte
61211;Index der Erzeugerpreise landwirtschaftl. Produkte;JAHR;Jahr;1973;DINSG;Deutschland insgesamt;DG;Deutschland;PROAT1;Landwirtschaftliche Produkte;LWPR-132;Zuckerrüben;94,5;2020=100;PRE018;Erzeugerpreisindizes landwirtschaftlicher Produkte
61211;Index der Erzeugerpreise landwirtschaftl. Produkte;JAHR;Jahr;1983;DINSG;Deutschland insgesamt;DG;Deutschland;PROAT1;Landwirtschaftliche Produkte;LWPR-162;Erdbeeren;-;2020=100;PRE018;Erzeugerpreisindizes landwirtschaftlicher Produkte
61211;Index der Erzeugerpreise landwirtschaftl. Produkte;JAHR;Jahr;2016;DINSG;Deutschland insgesamt;DG;Deutschland;PROAT1;Landwirtschaftliche Produkte;LWPR-15;Erzeugnisse des Gemüse- und Gartenbaus;90,0;2020=100;PRE018;Erzeugerpreisindizes landwirtschaftlicher Produkte
61211;Index der Erzeugerpreise landwirtschaftl. Produkte;JAHR;Jahr;2002;DINSG;Deutschland insgesamt;DG;Deutschland;PROAT1;Landwirtschaftliche Produkte;LWPR-1213;Futterweizen;56,1;2020=100;PRE018;Erzeugerpreisindizes landwirtschaftlicher Produkte
61211;Index der Erzeugerpreise landwirtschaftl. Produkte;JAHR;Jahr;1996;DINSG;Deutschland insgesamt;DG;Deutschland;PROAT1;Landwirtschaftliche Produkte;LWPR-121;Getreide;80,5;2020=100;PRE018;Erzeugerpreisindizes landwirtschaftlicher Produkte
61211;Index der Erzeugerpreise landwirtschaftl. Produkte;JAHR;Jahr;2023;DINSG;Deutschland insgesamt;DG;Deutschland;PROAT1;Landwirtschaftliche Produkte;LWPR-15;Erzeugnisse des Gemüse- und Gartenbaus;140,7;2020=100;PRE018;Erzeugerpreisindizes landwirtschaftlicher Produkte
61211;Index der Erzeugerpreise landwirtschaftl. Produkte;JAHR;Jahr;1970;DINSG;Deutschland insgesamt;DG;Deutschland;PROAT1;Landwirtschaftliche Produkte;LWPR-2113;Färsen;68,8;2020=100;PRE018;Erzeugerpreisindizes landwirtschaftlicher Produkte
61211;Index der Erzeugerpreise landwirtschaftl. Produkte;JAHR;Jahr;1990;DINSG;Deutschland insgesamt;DG;Deutschland;PROAT1;Landwirtschaftliche Produkte;LWPR-2141;Hähnchen;87,1;2020=100;PRE018;Erzeugerpreisindizes landwirtschaftlicher Produkte
61211;Index der Erzeugerpreise landwirtschaftl. Produkte;JAHR;Jahr;1997;DINSG;Deutschland insgesamt;DG;Deutschland;PROAT1;Landwirtschaftliche Produkte;LWPR-1212;Brotroggen;75,5;2020=100;PRE018;Erzeugerpreisindizes landwirtschaftlicher Produkte
61211;Index der Erzeugerpreise landwirtschaftl. Produkte;JAHR;Jahr;2002;DINSG;Deutschland insgesamt;DG;Deutschland;PROAT1;Landwirtschaftliche Produkte;LWPR-1521;Schnittblumen;78,3;2020=100;PRE018;Erzeugerpreisindizes landwirtschaftlicher Produkte
61211;Index der Erzeugerpreise landwirtschaftl. Produkte;JAHR;Jahr;2019;DINSG;Deutschland insgesamt;DG;Deutschland;PROAT1;Landwirtschaftliche Produkte;LWPR-1513;Gurken;96,3;2020=100;PRE018;Erzeugerpreisindizes landwirtschaftlicher Produkte
61211;Index der Erzeugerpreise landwirtschaftl. Produkte;JAHR;Jahr;1988;DINSG;Deutschland insgesamt;DG;Deutschland;PROAT1;Landwirtschaftliche Produkte;LWPR-2113;Färsen;88,9;2020=100;PRE018;Erzeugerpreisindizes landwirtschaftlicher Produkte
61211;Index der Erzeugerpreise landwirtschaftl. Produkte;JAHR;Jahr;2005;DINSG;Deutschland insgesamt;DG;Deutschland;PROAT1;Landwirtschaftliche Produkte;LWPR-1512;Tomaten;101,3;2020=100;PRE018;Erzeugerpreisindizes landwirtschaftlicher Produkte
61211;Index der Erzeugerpreise landwirtschaftl. Produkte;JAHR;Jahr;1995;DINSG;Deutschland insgesamt;DG;Deutschland;PROAT1;Landwirtschaftliche Produkte;LWPR-22;Milch;88,6;2020=100;PRE018;Erzeugerpreisindizes landwirtschaftlicher Produkte
61211;Index der Erzeugerpreise landwirtschaftl. Produkte;JAHR;Jahr;1989;DINSG;Deutschland insgesamt;DG;Deutschland;PROAT1;Landwirtschaftliche Produkte;LWPR-151;Gemüse;48,4;2020=100;PRE018;Erzeugerpreisindizes landwirtschaftlicher Produkte
61211;Index der Erzeugerpreise landwirtschaftl. Produkte;JAHR;Jahr;2022;DINSG;Deutschland insgesamt;DG;Deutschland;PROAT1;Landwirtschaftliche Produkte;LWPR-1516;Kohlgemüse;109,7;2020=100;PRE018;Erzeugerpreisindizes landwirtschaftlicher Produkte
61211;Index der Erzeugerpreise landwirtschaftl. Produkte;JAHR;Jahr;2008;DINSG;Deutschland insgesamt;DG;Deutschland;PROAT1;Landwirtschaftliche Produkte;LWPR-21;Tiere;97,6;2020=100;PRE018;Erzeugerpreisindizes landwirtschaftlicher Produkte
61211;Index der Erzeugerpreise landwirtschaftl. Produkte;JAHR;Jahr;1988;DINSG;Deutschland insgesamt;DG;Deutschland;PROAT1;Landwirtschaftliche Produkte;LWPR-1215;Braugerste;137,1;2020=100;PRE018;Erzeugerpreisindizes landwirtschaftlicher Produkte
61211;Index der Erzeugerpreise landwirtschaftl. Produkte;JAHR;Jahr;2013;DINSG;Deutschland insgesamt;DG;Deutschland;PROAT1;Landwirtschaftliche Produkte;LWPR-1215;Braugerste;119,1;2020=100;PRE018;Erzeugerpreisindizes landwirtschaftlicher Produkte
61211;Index der Erzeugerpreise landwirtschaftl. Produkte;JAHR;Jahr;2016;DINSG;Deutschland insgesamt;DG;Deutschland;PROAT1;Landwirtschaftliche Produkte;LWPR-1;Pflanzliche Erzeugung;92,6;2020=100;PRE018;Erzeugerpreisindizes landwirtschaftlicher Produkte
61211;Index der Erzeugerpreise landwirtschaftl. Produkte;JAHR;Jahr;2012;DINSG;Deutschland insgesamt;DG;Deutschland;PROAT1;Landwirtschaftliche Produkte;LWPR;Erzeugung landwirtschaftlicher Produkte;105,1;2020=100;PRE018;Erzeugerpreisindizes landwirtschaftlicher Produkte
61211;Index der Erzeugerpreise landwirtschaftl. Produkte;JAHR;Jahr;1977;DINSG;Deutschland insgesamt;DG;Deutschland;PROAT1;Landwirtschaftliche Produkte;LWPR-2114;Kälber;91,8;2020=100;PRE018;Erzeugerpreisindizes landwirtschaftlicher Produkte
61211;Index der Erzeugerpreise landwirtschaftl. Produkte;JAHR;Jahr;1977;DINSG;Deutschland insgesamt;DG;Deutschland;PROAT1;Landwirtschaftliche Produkte;LWPR-1521;Schnittblumen;54,0;2020=100;PRE018;Erzeugerpreisindizes landwirtschaftlicher Produkte
61211;Index der Erzeugerpreise landwirtschaftl. Produkte;JAHR;Jahr;1979;DINSG;Deutschland insgesamt;DG;Deutschland;PROAT1;Landwirtschaftliche Produkte;LWPR-1;Pflanzliche Erzeugung;86,9;2020=100;PRE018;Erzeugerpreisindizes landwirtschaftlicher Produkte
61211;Index der Erzeugerpreise landwirtschaftl. Produkte;JAHR;Jahr;2013;DINSG;Deutschland insgesamt;DG;Deutschland;PROAT1;Landwirtschaftliche Produkte;LWPR-161;Tafeläpfel;102,5;2020=100;PRE018;Erzeugerpreisindizes landwirtschaftlicher Produkte
61211;Index der Erzeugerpreise landwirtschaftl. Produkte;JAHR;Jahr;1993;DINSG;Deutschland insgesamt;DG;Deutschland;PROAT1;Landwirtschaftliche Produkte;LWPR-2141;Hähnchen;84,0;2020=100;PRE018;Erzeugerpreisindizes landwirtschaftlicher Produkte
61211;Index der Erzeugerpreise landwirtschaftl. Produkte;JAHR;Jahr;2012;DINSG;Deutschland insgesamt;DG;Deutschland;PROAT1;Landwirtschaftliche Produkte;LWPR-141;Speisekartoffeln;44,7;2020=100;PRE018;Erzeugerpreisindizes landwirtschaftlicher Produkte
61211;Index der Erzeugerpreise landwirtschaftl. Produkte;JAHR;Jahr;1971;DINSG;Deutschland insgesamt;DG;Deutschland;PROAT1;Landwirtschaftliche Produkte;LWPR-17;Wein;-;2020=100;PRE018;Erzeugerpreisindizes landwirtschaftlicher Produkte
61211;Index der Erzeugerpreise landwirtschaftl. Produkte;JAHR;Jahr;1987;DINSG;Deutschland insgesamt;DG;Deutschland;PROAT1;Landwirtschaftliche Produkte;LWPR-211;Rinder;95,4;2020=100;PRE018;Erzeugerpreisindizes landwirtschaftlicher Produkte
61211;Index der Erzeugerpreise landwirtschaftl. Produkte;JAHR;Jahr;2020;DINSG;Deutschland insgesamt;DG;Deutschland;PROAT1;Landwirtschaftliche Produkte;LWPR-122;Getreidesaatgut;100,0;2020=100;PRE018;Erzeugerpreisindizes landwirtschaftlicher Produkte
61211;Index der Erzeugerpreise landwirtschaftl. Produkte;JAHR;Jahr;2000;DINSG;Deutschland insgesamt;DG;Deutschland;PROAT1;Landwirtschaftliche Produkte;LWPR-2142;Sonstiges Geflügel;75,3;2020=100;PRE018;Erzeugerpreisindizes landwirtschaftlicher Produkte
61211;Index der Erzeugerpreise landwirtschaftl. Produkte;JAHR;Jahr;2003;DINSG;Deutschland insgesamt;DG;Deutschland;PROAT1;Landwirtschaftliche Produkte;LWPR-1211;Brotweizen;64,2;2020=100;PRE018;Erzeugerpreisindizes landwirtschaftlicher Produkte
61211;Index der Erzeugerpreise landwirtschaftl. Produkte;JAHR;Jahr;1970;DINSG;Deutschland insgesamt;DG;Deutschland;PROAT1;Landwirtschaftliche Produkte;LWPR-1;Pflanzliche Erzeugung;51,2;2020=100;PRE018;Erzeugerpreisindizes landwirtschaftlicher Produkte
61211;Index der Erzeugerpreise landwirtschaftl. Produkte;JAHR;Jahr;2023;DINSG;Deutschland insgesamt;DG;Deutschland;PROAT1;Landwirtschaftliche Produkte;LWPR-212;Schweine;139,7;2020=100;PRE018;Erzeugerpreisindizes landwirtschaftlicher Produkte
61211;Index der Erzeugerpreise landwirtschaftl. Produkte;JAHR;Jahr;1981;DINSG;Deutschland insgesamt;DG;Deutschland;PROAT1;Landwirtschaftliche Produkte;LWPR-2112;Kühe;119,6;2020=100;PRE018;Erzeugerpreisindizes landwirtschaftlicher Produkte
61211;Index der Erzeugerpreise landwirtschaftl. Produkte;JAHR;Jahr;2017;DINSG;Deutschland insgesamt;DG;Deutschland;PROAT1;Landwirtschaftliche Produkte;LWPR-1212;Brotroggen;99,1;2020=100;PRE018;Erzeugerpreisindizes landwirtschaftlicher Produkte
61211;Index der Erzeugerpreise landwirtschaftl. Produkte;JAHR;Jahr;1976;DINSG;Deutschland insgesamt;DG;Deutschland;PROAT1;Landwirtschaftliche Produkte;LWPR-1515;Spargel;-;2020=100;PRE018;Erzeugerpreisindizes landwirtschaftlicher Produkte
61211;Index der Erzeugerpreise landwirtschaftl. Produkte;JAHR;Jahr;2010;DINSG;Deutschland insgesamt;DG;Deutschland;PROAT1;Landwirtschaftliche Produkte;LWPR-2111;Jungbullen;89,7;2020=100;PRE018;Erzeugerpreisindizes landwirtschaftlicher Produkte
61211;Index der Erzeugerpreise landwirtschaftl. Produkte;JAHR;Jahr;1980;DINSG;Deutschland insgesamt;DG;Deutschland;PROAT1;Landwirtschaftliche Produkte;LWPR-12;Getreide (einschließlich Saatgut);137,8;2020=100;PRE018;Erzeugerpreisindizes landwirtschaftlicher Produkte
61211;Index der Erzeugerpreise landwirtschaftl. Produkte;JAHR;Jahr;1978;DINSG;Deutschland insgesamt;DG;Deutschland;PROAT1;Landwirtschaftliche Produkte;LWPR-1211;Brotweizen;136,4;2020=100;PRE018;Erzeugerpreisindizes landwirtschaftlicher Produkte
61211;Index der Erzeugerpreise landwirtschaftl. Produkte;JAHR;Jahr;2015;DINSG;Deutschland insgesamt;DG;Deutschland;PROAT1;Landwirtschaftliche Produkte;LWPR-1516;Kohlgemüse;69,8;2020=100;PRE018;Erzeugerpreisindizes landwirtschaftlicher Produkte
61211;Index der Erzeugerpreise landwirtschaftl. Produkte;JAHR;Jahr;2007;DINSG;Deutschland insgesamt;DG;Deutschland;PROAT1;Landwirtschaftliche Produkte;LWPR-121;Getreide;108,9;2020=100;PRE018;Erzeugerpreisindizes landwirtschaftlicher Produkte
61211;Index der Erzeugerpreise landwirtschaftl. Produkte;JAHR;Jahr;1997;DINSG;Deutschland insgesamt;DG;Deutschland;PROAT1;Landwirtschaftliche Produkte;LWPR-1516;Kohlgemüse;-;2020=100;PRE018;Erzeugerpreisindizes landwirtschaftlicher Produkte
61211;Index der Erzeugerpreise landwirtschaftl. Produkte;JAHR;Jahr;2021;DINSG;Deutschland insgesamt;DG;Deutschland;PROAT1;Landwirtschaftliche Produkte;LWPR-1212;Brotroggen;126,5;2020=100;PRE018;Erzeugerpreisindizes landwirtschaftlicher Produkte
61211;Index der Erzeugerpreise landwirtschaftl. Produkte;JAHR;Jahr;1995;DINSG;Deutschland insgesamt;DG;Deutschland;PROAT1;Landwirtschaftliche Produkte;LWPR-2113;Färsen;80,5;2020=100;PRE018;Erzeugerpreisindizes landwirtschaftlicher Produkte
61211;Index der Erzeugerpreise landwirtschaftl. Produkte;JAHR;Jahr;1998;DINSG;Deutschland insgesamt;DG;Deutschland;PROAT1;Landwirtschaftliche Produkte;LWPR-12;Getreide (einschließlich Saatgut);68,6;2020=100;PRE018;Erzeugerpreisindizes landwirtschaftlicher Produkte
61211;Index der Erzeugerpreise landwirtschaftl. Produkte;JAHR;Jahr;1979;DINSG;Deutschland insgesamt;DG;Deutschland;PROAT1;Landwirtschaftliche Produkte;LWPR-132;Zuckerrüben;127,7;2020=100;PRE018;Erzeugerpreisindizes landwirtschaftlicher Produkte
61211;Index der Erzeugerpreise landwirtschaftl. Produkte;JAHR;Jahr;1984;DINSG;Deutschland insgesamt;DG;Deutschland;PROAT1;Landwirtschaftliche Produkte;LWPR-14;Kartoffeln (einschließlich Pflanzkartoffeln);50,0;2020=100;PRE018;Erzeugerpreisindizes landwirtschaftlicher Produkte
61211;Index der Erzeugerpreise landwirtschaftl. Produkte;JAHR;Jahr;1975;DINSG;Deutschland insgesamt;DG;Deutschland;PROAT1;Landwirtschaftliche Produkte;LWPR-2142;Sonstiges Geflügel;78,4;2020=100;PRE018;Erzeugerpreisindizes landwirtschaftlicher Produkte
61211;Index der Erzeugerpreise landwirtschaftl. Produkte;JAHR;Jahr;2023;DINSG;Deutschland insgesamt;DG;Deutschland;PROAT1;Landwirtschaftliche Produkte;LWPR-16;Obst;97,2;2020=100;PRE018;Erzeugerpreisindizes landwirtschaftlicher Produkte
61211;Index der Erzeugerpreise landwirtschaftl. Produkte;JAHR;Jahr;1983;DINSG;Deutschland insgesamt;DG;Deutschland;PROAT1;Landwirtschaftliche Produkte;LWPR-1515;Spargel;-;2020=100;PRE018;Erzeugerpreisindizes landwirtschaftlicher Produkte
61211;Index der Erzeugerpreise landwirtschaftl. Produkte;JAHR;Jahr;1970;DINSG;Deutschland insgesamt;DG;Deutschland;PROAT1;Landwirtschaftliche Produkte;LWPR-16;Obst;27,6;2020=100;PRE018;Erzeugerpreisindizes landwirtschaftlicher Produkte
61211;Index der Erzeugerpreise landwirtschaftl. Produkte;JAHR;Jahr;2006;DINSG;Deutschland insgesamt;DG;Deutschland;PROAT1;Landwirtschaftliche Produkte;LWPR-2111;Jungbullen;86,6;2020=100;PRE018;Erzeugerpreisindizes landwirtschaftlicher Produkte
61211;Index der Erzeugerpreise landwirtschaftl. Produkte;JAHR;Jahr;2023;DINSG;Deutschland insgesamt;DG;Deutschland;PROAT1;Landwirtschaftliche Produkte;LWPR-1522;Topfpflanzen;121,0;2020=100;PRE018;Erzeugerpreisindizes landwirtschaftlicher Produkte
61211;Index der Erzeugerpreise landwirtschaftl. Produkte;JAHR;Jahr;2004;DINSG;Deutschland insgesamt;DG;Deutschland;PROAT1;Landwirtschaftliche Produkte;LWPR-151;Gemüse;59,1;2020=100;PRE018;Erzeugerpreisindizes landwirtschaftlicher Produkte
61211;Index der Erzeugerpreise landwirtschaftl. Produkte;JAHR;Jahr;1987;DINSG;Deutschland insgesamt;DG;Deutschland;PROAT1;Landwirtschaftliche Produkte;LWPR-1512;Tomaten;-;2020=100;PRE018;Erzeugerpreisindizes landwirtschaftlicher Produkte
61211;Index der Erzeugerpreise landwirtschaftl. Produkte;JAHR;Jahr;1995;DINSG;Deutschland insgesamt;DG;Deutschland;PROAT1;Landwirtschaftliche Produkte;LWPR-1215;Braugerste;98,9;2020=100;PRE018;Erzeugerpreisindizes landwirtschaftlicher Produkte
61211;Index der Erzeugerpreise landwirtschaftl. Produkte;JAHR;Jahr;1984;DINSG;Deutschland insgesamt;DG;Deutschland;PROAT1;Landwirtschaftliche Produkte;LWPR-1521;Schnittblumen;60,5;2020=100;PRE018;Erzeugerpreisindizes landwirtschaftlicher Produkte
61211;Index der Erzeugerpreise landwirtschaftl. Produkte;JAHR;Jahr;2001;DINSG;Deutschland insgesamt;DG;Deutschland;PROAT1;Landwirtschaftliche Produkte;LWPR-1515;Spargel;-;2020=100;PRE018;Erzeugerpreisindizes landwirtschaftlicher Produkte
61211;Index der Erzeugerpreise landwirtschaftl. Produkte;JAHR;Jahr;1972;DINSG;Deutschland insgesamt;DG;Deutschland;PROAT1;Landwirtschaftliche Produkte;LWPR-16;Obst;49,0;2020=100;PRE018;Erzeugerpreisindizes landwirtschaftlicher Produkte
61211;Index der Erzeugerpreise landwirtschaftl. Produkte;JAHR;Jahr;1989;DINSG;Deutschland insgesamt;DG;Deutschland;PROAT1;Landwirtschaftliche Produkte;LWPR;Erzeugung landwirtschaftlicher Produkte;96,3;2020=100;PRE018;Erzeugerpreisindizes landwirtschaftlicher Produkte
61211;Index der Erzeugerpreise landwirtschaftl. Produkte;JAHR;Jahr;1997;DINSG;Deutschland insgesamt;DG;Deutschland;PROAT1;Landwirtschaftliche Produkte;LWPR-132;Zuckerrüben;124,7;2020=100;PRE018;Erzeugerpreisindizes landwirtschaftlicher Produkte
61211;Index der Erzeugerpreise landwirtschaftl. Produkte;JAHR;Jahr;2002;DINSG;Deutschland insgesamt;DG;Deutschland;PROAT1;Landwirtschaftliche Produkte;LWPR-122;Getreidesaatgut;75,5;2020=100;PRE018;Erzeugerpreisindizes landwirtschaftlicher Produkte
61211;Index der Erzeugerpreise landwirtschaftl. Produkte;JAHR;Jahr;2009;DINSG;Deutschland insgesamt;DG;Deutschland;PROAT1;Landwirtschaftliche Produkte;LWPR-1522;Topfpflanzen;89,5;2020=100;PRE018;Erzeugerpreisindizes landwirtschaftlicher Produkte
61211;Index der Erzeugerpreise landwirtschaftl. Produkte;JAHR;Jahr;1982;DINSG;Deutschland insgesamt;DG;Deutschland;PROAT1;Landwirtschaftliche Produkte;LWPR-1211;Brotweizen;146,6;2020=100;PRE018;Erzeugerpreisindizes landwirtschaftlicher Produkte
61211;Index der Erzeugerpreise landwirtschaftl. Produkte;JAHR;Jahr;1985;DINSG;Deutschland insgesamt;DG;Deutschland;PROAT1;Landwirtschaftliche Produkte;LWPR-15;Erzeugnisse des Gemüse- und Gartenbaus;61,7;2020=100;PRE018;Erzeugerpreisindizes landwirtschaftlicher Produkte
61211;Index der Erzeugerpreise landwirtschaftl. Produkte;JAHR;Jahr;2022;DINSG;Deutschland insgesamt;DG;Deutschland;PROAT1;Landwirtschaftliche Produkte;LWPR-17;Wein;105,0;2020=100;PRE018;Erzeugerpreisindizes landwirtschaftlicher Produkte
61211;Index der Erzeugerpreise landwirtschaftl. Produkte;JAHR;Jahr;1994;DINSG;Deutschland insgesamt;DG;Deutschland;PROAT1;Landwirtschaftliche Produkte;LWPR-162;Erdbeeren;57,6;2020=100;PRE018;Erzeugerpreisindizes landwirtschaftlicher Produkte
61211;Index der Erzeugerpreise landwirtschaftl. Produkte;JAHR;Jahr;1980;DINSG;Deutschland insgesamt;DG;Deutschland;PROAT1;Landwirtschaftliche Produkte;LWPR-2;Tierische Erzeugung;95,1;2020=100;PRE018;Erzeugerpreisindizes landwirtschaftlicher Produkte
61211;Index der Erzeugerpreise landwirtschaftl. Produkte;JAHR;Jahr;1973;DINSG;Deutschland insgesamt;DG;Deutschland;PROAT1;Landwirtschaftliche Produkte;LWPR-213;Schafe und Ziegen;-;2020=100;PRE018;Erzeugerpreisindizes landwirtschaftlicher Produkte
61211;Index der Erzeugerpreise landwirtschaftl. Produkte;JAHR;Jahr;1996;DINSG;Deutschland insgesamt;DG;Deutschland;PROAT1;Landwirtschaftliche Produkte;LWPR-21;Tiere;87,6;2020=100;PRE018;Erzeugerpreisindizes landwirtschaftlicher Produkte
61211;Index der Erzeugerpreise landwirtschaftl. Produkte;JAHR;Jahr;1998;DINSG;Deutschland insgesamt;DG;Deutschland;PROAT1;Landwirtschaftliche Produkte;LWPR-161;Tafeläpfel;69,5;2020=100;PRE018;Erzeugerpreisindizes landwirtschaftlicher Produkte
61211;Index der Erzeugerpreise landwirtschaftl. Produkte;JAHR;Jahr;2015;DINSG;Deutschland insgesamt;DG;Deutschland;PROAT1;Landwirtschaftliche Produkte;LWPR-15171;Eissalat;108,8;2020=100;PRE018;Erzeugerpreisindizes landwirtschaftlicher Produkte
61211;Index der Erzeugerpreise landwirtschaftl. Produkte;JAHR;Jahr;2009;DINSG;Deutschland insgesamt;DG;Deutschland;PROAT1;Landwirtschaftliche Produkte;LWPR-1215;Braugerste;69,3;2020=100;PRE018;Erzeugerpreisindizes landwirtschaftlicher Produkte
61211;Index der Erzeugerpreise landwirtschaftl. Produkte;JAHR;Jahr;1983;DINSG;Deutschland insgesamt;DG;Deutschland;PROAT1;Landwirtschaftliche Produkte;LWPR-15;Erzeugnisse des Gemüse- und Gartenbaus;62,5;2020=100;PRE018;Erzeugerpreisindizes landwirtschaftlicher Produkte
61211;Index der Erzeugerpreise landwirtschaftl. Produkte;JAHR;Jahr;1989;DINSG;Deutschland insgesamt;DG;Deutschland;PROAT1;Landwirtschaftliche Produkte;LWPR-1212;Brotroggen;122,2;2020=100;PRE018;Erzeugerpreisindizes landwirtschaftlicher Produkte
61211;Index der Erzeugerpreise landwirtschaftl. Produkte;JAHR;Jahr;1991;DINSG;Deutschland insgesamt;DG;Deutschland;PROAT1;Landwirtschaftliche Produkte;LWPR-1512;Tomaten;-;2020=100;PRE018;Erzeugerpreisindizes landwirtschaftlicher Produkte
61211;Index der Erzeugerpreise landwirtschaftl. Produkte;JAHR;Jahr;1991;DINSG;Deutschland insgesamt;DG;Deutschland;PROAT1;Landwirtschaftliche Produkte;LWPR-213;Schafe und Ziegen;52,6;2020=100;PRE018;Erzeugerpreisindizes landwirtschaftlicher Produkte
61211;Index der Erzeugerpreise landwirtschaftl. Produkte;JAHR;Jahr;1970;DINSG;Deutschland insgesamt;DG;Deutschland;PROAT1;Landwirtschaftliche Produkte;LWPR-1511;Blumenkohl;16,5;2020=100;PRE018;Erzeugerpreisindizes landwirtschaftlicher Produkte
61211;Index der Erzeugerpreise landwirtschaftl. Produkte;JAHR;Jahr;2024;DINSG;Deutschland insgesamt;DG;Deutschland;PROAT1;Landwirtschaftliche Produkte;LWPR-15171;Eissalat;164,6;2020=100;PRE018;Erzeugerpreisindizes landwirtschaftlicher Produkte
61211;Index der Erzeugerpreise landwirtschaftl. Produkte;JAHR;Jahr;2021;DINSG;Deutschland insgesamt;DG;Deutschland;PROAT1;Landwirtschaftliche Produkte;LWPR-16;Obst;99,2;2020=100;PRE018;Erzeugerpreisindizes landwirtschaftlicher Produkte
61211;Index der Erzeugerpreise landwirtschaftl. Produkte;JAHR;Jahr;2017;DINSG;Deutschland insgesamt;DG;Deutschland;PROAT1;Landwirtschaftliche Produkte;LWPR-2112;Kühe;114,8;2020=100;PRE018;Erzeugerpreisindizes landwirtschaftlicher Produkte
61211;Index der Erzeugerpreise landwirtschaftl. Produkte;JAHR;Jahr;1975;DINSG;Deutschland insgesamt;DG;Deutschland;PROAT1;Landwirtschaftliche Produkte;LWPR-122;Getreidesaatgut;101,2;2020=100;PRE018;Erzeugerpreisindizes landwirtschaftlicher Produkte
61211;Index der Erzeugerpreise landwirtschaftl. Produkte;JAHR;Jahr;2018;DINSG;Deutschland insgesamt;DG;Deutschland;PROAT1;Landwirtschaftliche Produkte;LWPR-214;Geflügel;103,0;2020=100;PRE018;Erzeugerpreisindizes landwirtschaftlicher Produkte
61211;Index der Erzeugerpreise landwirtschaftl. Produkte;JAHR;Jahr;2014;DINSG;Deutschland insgesamt;DG;Deutschland;PROAT1;Landwirtschaftliche Produkte;LWPR;Erzeugung landwirtschaftlicher Produkte;97,8;2020=100;PRE018;Erzeugerpreisindizes landwirtschaftlicher Produkte
61211;Index der Erzeugerpreise landwirtschaftl. Produkte;JAHR;Jahr;1997;DINSG;Deutschland insgesamt;DG;Deutschland;PROAT1;Landwirtschaftliche Produkte;LWPR-22;Milch;88,0;2020=100;PRE018;Erzeugerpreisindizes landwirtschaftlicher Produkte
61211;Index der Erzeugerpreise landwirtschaftl. Produkte;JAHR;Jahr;2025;DINSG;Deutschland insgesamt;DG;Deutschland;PROAT1;Landwirtschaftliche Produkte;LWPR-152;Pflanzen und Blumen;161,9;2020=100;PRE018;Erzeugerpreisindizes landwirtschaftlicher Produkte
61211;Index der Erzeugerpreise landwirtschaftl. Produkte;JAHR;Jahr;1978;DINSG;Deutschland insgesamt;DG;Deutschland;PROAT1;Landwirtschaftliche Produkte;LWPR-2111;Jungbullen;100,3;2020=100;PRE018;Erzeugerpreisindizes landwirtschaftlicher Produkte
61211;Index der Erzeugerpreise landwirtschaftl. Produkte;JAHR;Jahr;1982;DINSG;Deutschland insgesamt;DG;Deutschland;PROAT1;Landwirtschaftliche Produkte;LWPR-14;Kartoffeln (einschließlich Pflanzkartoffeln);43,2;2020=100;PRE018;Erzeugerpreisindizes landwirtschaftlicher Produkte
61211;Index der Erzeugerpreise landwirtschaftl. Produkte;JAHR;Jahr;1976;DINSG;Deutschland insgesamt;DG;Deutschland;PROAT1;Landwirtschaftliche Produkte;LWPR-162;Erdbeeren;-;2020=100;PRE018;Erzeugerpreisindizes landwirtschaftlicher Produkte
61211;Index der Erzeugerpreise landwirtschaftl. Produkte;JAHR;Jahr;1987;DINSG;Deutschland insgesamt;DG;Deutschland;PROAT1;Landwirtschaftliche Produkte;LWPR;Erzeugung landwirtschaftlicher Produkte;88,5;2020=100;PRE018;Erzeugerpreisindizes landwirtschaftlicher Produkte
61211;Index der Erzeugerpreise landwirtschaftl. Produkte;JAHR;Jahr;2002;DINSG;Deutschland insgesamt;DG;Deutschland;PROAT1;Landwirtschaftliche Produkte;LWPR-2114;Kälber;100,2;2020=100;PRE018;Erzeugerpreisindizes landwirtschaftlicher Produkte
61211;Index der Erzeugerpreise landwirtschaftl. Produkte;JAHR;Jahr;1974;DINSG;Deutschland insgesamt;DG;Deutschland;PROAT1;Landwirtschaftliche Produkte;LWPR-1214;Futtergerste;119,2;2020=100;PRE018;Erzeugerpreisindizes landwirtschaftlicher Produkte
61211;Index der Erzeugerpreise landwirtschaftl. Produkte;JAHR;Jahr;2016;DINSG;Deutschland insgesamt;DG;Deutschland;PROAT1;Landwirtschaftliche Produkte;LWPR-133;Futterpflanzen;-;2020=100;PRE018;Erzeugerpreisindizes landwirtschaftlicher Produkte
61211;Index der Erzeugerpreise landwirtschaftl. Produkte;JAHR;Jahr;1972;DINSG;Deutschland insgesamt;DG;Deutschland;PROAT1;Landwirtschaftliche Produkte;LWPR-152;Pflanzen und Blumen;49,3;2020=100;PRE018;Erzeugerpreisindizes landwirtschaftlicher Produkte
61211;Index der Erzeugerpreise landwirtschaftl. Produkte;JAHR;Jahr;2020;DINSG;Deutschland insgesamt;DG;Deutschland;PROAT1;Landwirtschaftliche Produkte;LWPR-13;Handelsgewächse;100,0;2020=100;PRE018;Erzeugerpreisindizes landwirtschaftlicher Produkte
61211;Index der Erzeugerpreise landwirtschaftl. Produkte;JAHR;Jahr;2024;DINSG;Deutschland insgesamt;DG;Deutschland;PROAT1;Landwirtschaftliche Produkte;LWPR-132;Zuckerrüben;148,3;2020=100;PRE018;Erzeugerpreisindizes landwirtschaftlicher Produkte
61211;Index der Erzeugerpreise landwirtschaftl. Produkte;JAHR;Jahr;1984;DINSG;Deutschland insgesamt;DG;Deutschland;PROAT1;Landwirtschaftliche Produkte;LWPR-152;Pflanzen und Blumen;70,3;2020=100;PRE018;Erzeugerpreisindizes landwirtschaftlicher Produkte
61211;Index der Erzeugerpreise landwirtschaftl. Produkte;JAHR;Jahr;1987;DINSG;Deutschland insgesamt;DG;Deutschland;PROAT1;Landwirtschaftliche Produkte;LWPR-17;Wein;-;2020=100;PRE018;Erzeugerpreisindizes landwirtschaftlicher Produkte
61211;Index der Erzeugerpreise landwirtschaftl. Produkte;JAHR;Jahr;2016;DINSG;Deutschland insgesamt;DG;Deutschland;PROAT1;Landwirtschaftliche Produkte;LWPR-15171;Eissalat;107,8;2020=100;PRE018;Erzeugerpreisindizes landwirtschaftlicher Produkte
61211;Index der Erzeugerpreise landwirtschaftl. Produkte;JAHR;Jahr;1994;DINSG;Deutschland insgesamt;DG;Deutschland;PROAT1;Landwirtschaftliche Produkte;LWPR-1516;Kohlgemüse;-;2020=100;PRE018;Erzeugerpreisindizes landwirtschaftlicher Produkte
61211;Index der Erzeugerpreise landwirtschaftl. Produkte;JAHR;Jahr;1973;DINSG;Deutschland insgesamt;DG;Deutschland;PROAT1;Landwirtschaftliche Produkte;LWPR;Erzeugung landwirtschaftlicher Produkte;78,2;2020=100;PRE018;Erzeugerpreisindizes landwirtschaftlicher Produkte
61211;Index der Erzeugerpreise landwirtschaftl. Produkte;JAHR;Jahr;1980;DINSG;Deutschland insgesamt;DG;Deutschland;PROAT1;Landwirtschaftliche Produkte;LWPR-1515;Spargel;-;2020=100;PRE018;Erzeugerpreisindizes landwirtschaftlicher Produkte
61211;Index der Erzeugerpreise landwirtschaftl. Produkte;JAHR;Jahr;2025;DINSG;Deutschland insgesamt;DG;Deutschland;PROAT1;Landwirtschaftliche Produkte;LWPR-121;Getreide;109,0;2020=100;PRE018;Erzeugerpreisindizes landwirtschaftlicher Produkte
61211;Index der Erzeugerpreise landwirtschaftl. Produkte;JAHR;Jahr;1981;DINSG;Deutschland insgesamt;DG;Deutschland;PROAT1;Landwirtschaftliche Produkte;LWPR-15;Erzeugnisse des Gemüse- und Gartenbaus;60,5;2020=100;PRE018;Erzeugerpreisindizes landwirtschaftlicher Produkte
61211;Index der Erzeugerpreise landwirtschaftl. Produkte;JAHR;Jahr;2013;DINSG;Deutschland insgesamt;DG;Deutschland;PROAT1;Landwirtschaftliche Produkte;LWPR-1522;Topfpflanzen;92,4;2020=100;PRE018;Erzeugerpreisindizes landwirtschaftlicher Produkte
61211;Index der Erzeugerpreise landwirtschaftl. Produkte;JAHR;Jahr;2024;DINSG;Deutschland insgesamt;DG;Deutschland;PROAT1;Landwirtschaftliche Produkte;LWPR-1216;Körnermais;116,0;2020=100;PRE018;Erzeugerpreisindizes landwirtschaftlicher Produkte
61211;Index der Erzeugerpreise landwirtschaftl. Produkte;JAHR;Jahr;2009;DINSG;Deutschland insgesamt;DG;Deutschland;PROAT1;Landwirtschaftliche Produkte;LWPR-213;Schafe und Ziegen;69,7;2020=100;PRE018;Erzeugerpreisindizes landwirtschaftlicher Produkte
61211;Index der Erzeugerpreise landwirtschaftl. Produkte;JAHR;Jahr;1984;DINSG;Deutschland insgesamt;DG;Deutschland;PROAT1;Landwirtschaftliche Produkte;LWPR-23;Eier;52,7;2020=100;PRE018;Erzeugerpreisindizes landwirtschaftlicher Produkte
61211;Index der Erzeugerpreise landwirtschaftl. Produkte;JAHR;Jahr;1969;DINSG;Deutschland insgesamt;DG;Deutschland;PROAT1;Landwirtschaftliche Produkte;LWPR-1511;Blumenkohl;20,8;2020=100;PRE018;Erzeugerpreisindizes landwirtschaftlicher Produkte
61211;Index der Erzeugerpreise landwirtschaftl. Produkte;JAHR;Jahr;2016;DINSG;Deutschland insgesamt;DG;Deutschland;PROAT1;Landwirtschaftliche Produkte;LWPR-1513;Gurken;99,4;2020=100;PRE018;Erzeugerpreisindizes landwirtschaftlicher Produkte
61211;Index der Erzeugerpreise landwirtschaftl. Produkte;JAHR;Jahr;2010;DINSG;Deutschland insgesamt;DG;Deutschland;PROAT1;Landwirtschaftliche Produkte;LWPR-17;Wein;-;2020=100;PRE018;Erzeugerpreisindizes landwirtschaftlicher Produkte
61211;Index der Erzeugerpreise landwirtschaftl. Produkte;JAHR;Jahr;2005;DINSG;Deutschland insgesamt;DG;Deutschland;PROAT1;Landwirtschaftliche Produkte;LWPR-2114;Kälber;116,8;2020=100;PRE018;Erzeugerpreisindizes landwirtschaftlicher Produkte
61211;Index der Erzeugerpreise landwirtschaftl. Produkte;JAHR;Jahr;2024;DINSG;Deutschland insgesamt;DG;Deutschland;PROAT1;Landwirtschaftliche Produkte;LWPR-15;Erzeugnisse des Gemüse- und Gartenbaus;145,3;2020=100;PRE018;Erzeugerpreisindizes landwirtschaftlicher Produkte
61211;Index der Erzeugerpreise landwirtschaftl. Produkte;JAHR;Jahr;1977;DINSG;Deutschland insgesamt;DG;Deutschland;PROAT1;Landwirtschaftliche Produkte;LWPR-1214;Futtergerste;140,6;2020=100;PRE018;Erzeugerpreisindizes landwirtschaftlicher Produkte
61211;Index der Erzeugerpreise landwirtschaftl. Produkte;JAHR;Jahr;1974;DINSG;Deutschland insgesamt;DG;Deutschland;PROAT1;Landwirtschaftliche Produkte;LWPR-133;Futterpflanzen;-;2020=100;PRE018;Erzeugerpreisindizes landwirtschaftlicher Produkte
61211;Index der Erzeugerpreise landwirtschaftl. Produkte;JAHR;Jahr;1988;DINSG;Deutschland insgesamt;DG;Deutschland;PROAT1;Landwirtschaftliche Produkte;LWPR-14;Kartoffeln (einschließlich Pflanzkartoffeln);39,9;2020=100;PRE018;Erzeugerpreisindizes landwirtschaftlicher Produkte
61211;Index der Erzeugerpreise landwirtschaftl. Produkte;JAHR;Jahr;2006;DINSG;Deutschland insgesamt;DG;Deutschland;PROAT1;Landwirtschaftliche Produkte;LWPR-212;Schweine;94,8;2020=100;PRE018;Erzeugerpreisindizes landwirtschaftlicher Produkte
61211;Index der Erzeugerpreise landwirtschaftl. Produkte;JAHR;Jahr;2001;DINSG;Deutschland insgesamt;DG;Deutschland;PROAT1;Landwirtschaftliche Produkte;LWPR-1;Pflanzliche Erzeugung;73,7;2020=100;PRE018;Erzeugerpreisindizes landwirtschaftlicher Produkte
61211;Index der Erzeugerpreise landwirtschaftl. Produkte;JAHR;Jahr;1985;DINSG;Deutschland insgesamt;DG;Deutschland;PROAT1;Landwirtschaftliche Produkte;LWPR-1211;Brotweizen;124,7;2020=100;PRE018;Erzeugerpreisindizes landwirtschaftlicher Produkte
61211;Index der Erzeugerpreise landwirtschaftl. Produkte;JAHR;Jahr;1994;DINSG;Deutschland insgesamt;DG;Deutschland;PROAT1;Landwirtschaftliche Produkte;LWPR-23;Eier;44,9;2020=100;PRE018;Erzeugerpreisindizes landwirtschaftlicher Produkte
61211;Index der Erzeugerpreise landwirtschaftl. Produkte;JAHR;Jahr;1974;DINSG;Deutschland insgesamt;DG;Deutschland;PROAT1;Landwirtschaftliche Produkte;LWPR-16;Obst;47,2;2020=100;PRE018;Erzeugerpreisindizes landwirtschaftlicher Produkte
61211;Index der Erzeugerpreise landwirtschaftl. Produkte;JAHR;Jahr;2014;DINSG;Deutschland insgesamt;DG;Deutschland;PROAT1;Landwirtschaftliche Produkte;LWPR-1212;Brotroggen;98,3;2020=100;PRE018;Erzeugerpreisindizes landwirtschaftlicher Produkte
61211;Index der Erzeugerpreise landwirtschaftl. Produkte;JAHR;Jahr;2008;DINSG;Deutschland insgesamt;DG;Deutschland;PROAT1;Landwirtschaftliche Produkte;LWPR-1516;Kohlgemüse;-;2020=100;PRE018;Erzeugerpreisindizes landwirtschaftlicher Produkte
61211;Index der Erzeugerpreise landwirtschaftl. Produkte;JAHR;Jahr;2013;DINSG;Deutschland insgesamt;DG;Deutschland;PROAT1;Landwirtschaftliche Produkte;LWPR-2111;Jungbullen;106,9;2020=100;PRE018;Erzeugerpreisindizes landwirtschaftlicher Produkte
61211;Index der Erzeugerpreise landwirtschaftl. Produkte;JAHR;Jahr;1979;DINSG;Deutschland insgesamt;DG;Deutschland;PROAT1;Landwirtschaftliche Produkte;LWPR-1515;Spargel;-;2020=100;PRE018;Erzeugerpreisindizes landwirtschaftlicher Produkte
61211;Index der Erzeugerpreise landwirtschaftl. Produkte;JAHR;Jahr;1998;DINSG;Deutschland insgesamt;DG;Deutschland;PROAT1;Landwirtschaftliche Produkte;LWPR-1513;Gurken;83,2;2020=100;PRE018;Erzeugerpreisindizes landwirtschaftlicher Produkte
61211;Index der Erzeugerpreise landwirtschaftl. Produkte;JAHR;Jahr;1983;DINSG;Deutschland insgesamt;DG;Deutschland;PROAT1;Landwirtschaftliche Produkte;LWPR-121;Getreide;147,8;2020=100;PRE018;Erzeugerpreisindizes landwirtschaftlicher Produkte
61211;Index der Erzeugerpreise landwirtschaftl. Produkte;JAHR;Jahr;1980;DINSG;Deutschland insgesamt;DG;Deutschland;PROAT1;Landwirtschaftliche Produkte;LWPR-21;Tiere;107,7;2020=100;PRE018;Erzeugerpreisindizes landwirtschaftlicher Produkte
61211;Index der Erzeugerpreise landwirtschaftl. Produkte;JAHR;Jahr;1995;DINSG;Deutschland insgesamt;DG;Deutschland;PROAT1;Landwirtschaftliche Produkte;LWPR-1522;Topfpflanzen;94,2;2020=100;PRE018;Erzeugerpreisindizes landwirtschaftlicher Produkte
61211;Index der Erzeugerpreise landwirtschaftl. Produkte;JAHR;Jahr;1989;DINSG;Deutschland insgesamt;DG;Deutschland;PROAT1;Landwirtschaftliche Produkte;LWPR-2141;Hähnchen;86,5;2020=100;PRE018;Erzeugerpreisindizes landwirtschaftlicher Produkte
61211;Index der Erzeugerpreise landwirtschaftl. Produkte;JAHR;Jahr;1999;DINSG;Deutschland insgesamt;DG;Deutschland;PROAT1;Landwirtschaftliche Produkte;LWPR-1216;Körnermais;72,3;2020=100;PRE018;Erzeugerpreisindizes landwirtschaftlicher Produkte
61211;Index der Erzeugerpreise landwirtschaftl. Produkte;JAHR;Jahr;2007;DINSG;Deutschland insgesamt;DG;Deutschland;PROAT1;Landwirtschaftliche Produkte;LWPR-22;Milch;104,7;2020=100;PRE018;Erzeugerpreisindizes landwirtschaftlicher Produkte
61211;Index der Erzeugerpreise landwirtschaftl. Produkte;JAHR;Jahr;2000;DINSG;Deutschland insgesamt;DG;Deutschland;PROAT1;Landwirtschaftliche Produkte;LWPR-1211;Brotweizen;67,9;2020=100;PRE018;Erzeugerpreisindizes landwirtschaftlicher Produkte
61211;Index der Erzeugerpreise landwirtschaftl. Produkte;JAHR;Jahr;2022;DINSG;Deutschland insgesamt;DG;Deutschland;PROAT1;Landwirtschaftliche Produkte;LWPR-214;Geflügel;140,8;2020=100;PRE018;Erzeugerpreisindizes landwirtschaftlicher Produkte
61211;Index der Erzeugerpreise landwirtschaftl. Produkte;JAHR;Jahr;1988;DINSG;Deutschland insgesamt;DG;Deutschland;PROAT1;Landwirtschaftliche Produkte;LWPR-1522;Topfpflanzen;89,3;2020=100;PRE018;Erzeugerpreisindizes landwirtschaftlicher Produkte
61211;Index der Erzeugerpreise landwirtschaftl. Produkte;JAHR;Jahr;1989;DINSG;Deutschland insgesamt;DG;Deutschland;PROAT1;Landwirtschaftliche Produkte;LWPR-13;Handelsgewächse;129,9;2020=100;PRE018;Erzeugerpreisindizes landwirtschaftlicher Produkte
61211;Index der Erzeugerpreise landwirtschaftl. Produkte;JAHR;Jahr;1996;DINSG;Deutschland insgesamt;DG;Deutschland;PROAT1;Landwirtschaftliche Produkte;LWPR-2141;Hähnchen;72,1;2020=100;PRE018;Erzeugerpreisindizes landwirtschaftlicher Produkte
61211;Index der Erzeugerpreise landwirtschaftl. Produkte;JAHR;Jahr;1974;DINSG;Deutschland insgesamt;DG;Deutschland;PROAT1;Landwirtschaftliche Produkte;LWPR-2114;Kälber;81,9;2020=100;PRE018;Erzeugerpreisindizes landwirtschaftlicher Produkte
61211;Index der Erzeugerpreise landwirtschaftl. Produkte;JAHR;Jahr;1995;DINSG;Deutschland insgesamt;DG;Deutschland;PROAT1;Landwirtschaftliche Produkte;LWPR-2;Tierische Erzeugung;84,8;2020=100;PRE018;Erzeugerpreisindizes landwirtschaftlicher Produkte
61211;Index der Erzeugerpreise landwirtschaftl. Produkte;JAHR;Jahr;2010;DINSG;Deutschland insgesamt;DG;Deutschland;PROAT1;Landwirtschaftliche Produkte;LWPR;Erzeugung landwirtschaftlicher Produkte;88,0;2020=100;PRE018;Erzeugerpreisindizes landwirtschaftlicher Produkte
61211;Index der Erzeugerpreise landwirtschaftl. Produkte;JAHR;Jahr;1969;DINSG;Deutschland insgesamt;DG;Deutschland;PROAT1;Landwirtschaftliche Produkte;LWPR-211;Rinder;78,2;2020=100;PRE018;Erzeugerpreisindizes landwirtschaftlicher Produkte
61211;Index der Erzeugerpreise landwirtschaftl. Produkte;JAHR;Jahr;1971;DINSG;Deutschland insgesamt;DG;Deutschland;PROAT1;Landwirtschaftliche Produkte;LWPR-1;Pflanzliche Erzeugung;55,4;2020=100;PRE018;Erzeugerpreisindizes landwirtschaftlicher Produkte
61211;Index der Erzeugerpreise landwirtschaftl. Produkte;JAHR;Jahr;1968;DINSG;Deutschland insgesamt;DG;Deutschland;PROAT1;Landwirtschaftliche Produkte;LWPR-2142;Sonstiges Geflügel;-;2020=100;PRE018;Erzeugerpreisindizes landwirtschaftlicher Produkte
61211;Index der Erzeugerpreise landwirtschaftl. Produkte;JAHR;Jahr;1984;DINSG;Deutschland insgesamt;DG;Deutschland;PROAT1;Landwirtschaftliche Produkte;LWPR-2112;Kühe;115,7;2020=100;PRE018;Erzeugerpreisindizes landwirtschaftlicher Produkte
61211;Index der Erzeugerpreise landwirtschaftl. Produkte;JAHR;Jahr;1981;DINSG;Deutschland insgesamt;DG;Deutschland;PROAT1;Landwirtschaftliche Produkte;LWPR-1214;Futtergerste;141,3;2020=100;PRE018;Erzeugerpreisindizes landwirtschaftlicher Produkte
61211;Index der Erzeugerpreise landwirtschaftl. Produkte;JAHR;Jahr;1990;DINSG;Deutschland insgesamt;DG;Deutschland;PROAT1;Landwirtschaftliche Produkte;LWPR-161;Tafeläpfel;-;2020=100;PRE018;Erzeugerpreisindizes landwirtschaftlicher Produkte
61211;Index der Erzeugerpreise landwirtschaftl. Produkte;JAHR;Jahr;1983;DINSG;Deutschland insgesamt;DG;Deutschland;PROAT1;Landwirtschaftliche Produkte;LWPR;Erzeugung landwirtschaftlicher Produkte;101,7;2020=100;PRE018;Erzeugerpreisindizes landwirtschaftlicher Produkte
61211;Index der Erzeugerpreise landwirtschaftl. Produkte;JAHR;Jahr;2003;DINSG;Deutschland insgesamt;DG;Deutschland;PROAT1;Landwirtschaftliche Produkte;LWPR-151;Gemüse;69,8;2020=100;PRE018;Erzeugerpreisindizes landwirtschaftlicher Produkte
61211;Index der Erzeugerpreise landwirtschaftl. Produkte;JAHR;Jahr;1975;DINSG;Deutschland insgesamt;DG;Deutschland;PROAT1;Landwirtschaftliche Produkte;LWPR-131;Raps;-;2020=100;PRE018;Erzeugerpreisindizes landwirtschaftlicher Produkte
61211;Index der Erzeugerpreise landwirtschaftl. Produkte;JAHR;Jahr;2017;DINSG;Deutschland insgesamt;DG;Deutschland;PROAT1;Landwirtschaftliche Produkte;LWPR-1216;Körnermais;86,0;2020=100;PRE018;Erzeugerpreisindizes landwirtschaftlicher Produkte
61211;Index der Erzeugerpreise landwirtschaftl. Produkte;JAHR;Jahr;2006;DINSG;Deutschland insgesamt;DG;Deutschland;PROAT1;Landwirtschaftliche Produkte;LWPR-2;Tierische Erzeugung;86,6;2020=100;PRE018;Erzeugerpreisindizes landwirtschaftlicher Produkte
61211;Index der Erzeugerpreise landwirtschaftl. Produkte;JAHR;Jahr;1993;DINSG;Deutschland insgesamt;DG;Deutschland;PROAT1;Landwirtschaftliche Produkte;LWPR-162;Erdbeeren;52,1;2020=100;PRE018;Erzeugerpreisindizes landwirtschaftlicher Produkte
61211;Index der Erzeugerpreise landwirtschaftl. Produkte;JAHR;Jahr;1981;DINSG;Deutschland insgesamt;DG;Deutschland;PROAT1;Landwirtschaftliche Produkte;LWPR-1521;Schnittblumen;58,4;2020=100;PRE018;Erzeugerpreisindizes landwirtschaftlicher Produkte
61211;Index der Erzeugerpreise landwirtschaftl. Produkte;JAHR;Jahr;1996;DINSG;Deutschland insgesamt;DG;Deutschland;PROAT1;Landwirtschaftliche Produkte;LWPR-1212;Brotroggen;79,4;2020=100;PRE018;Erzeugerpreisindizes landwirtschaftlicher Produkte
61211;Index der Erzeugerpreise landwirtschaftl. Produkte;JAHR;Jahr;2012;DINSG;Deutschland insgesamt;DG;Deutschland;PROAT1;Landwirtschaftliche Produkte;LWPR-1516;Kohlgemüse;-;2020=100;PRE018;Erzeugerpreisindizes landwirtschaftlicher Produkte
61211;Index der Erzeugerpreise landwirtschaftl. Produkte;JAHR;Jahr;1984;DINSG;Deutschland insgesamt;DG;Deutschland;PROAT1;Landwirtschaftliche Produkte;LWPR-1512;Tomaten;-;2020=100;PRE018;Erzeugerpreisindizes landwirtschaftlicher Produkte
61211;Index der Erzeugerpreise landwirtschaftl. Produkte;JAHR;Jahr;1972;DINSG;Deutschland insgesamt;DG;Deutschland;PROAT1;Landwirtschaftliche Produkte;LWPR-2142;Sonstiges Geflügel;71,6;2020=100;PRE018;Erzeugerpreisindizes landwirtschaftlicher Produkte
61211;Index der Erzeugerpreise landwirtschaftl. Produkte;JAHR;Jahr;1981;DINSG;Deutschland insgesamt;DG;Deutschland;PROAT1;Landwirtschaftliche Produkte;LWPR-162;Erdbeeren;-;2020=100;PRE018;Erzeugerpreisindizes landwirtschaftlicher Produkte
61211;Index der Erzeugerpreise landwirtschaftl. Produkte;JAHR;Jahr;1992;DINSG;Deutschland insgesamt;DG;Deutschland;PROAT1;Landwirtschaftliche Produkte;LWPR-1215;Braugerste;115,5;2020=100;PRE018;Erzeugerpreisindizes landwirtschaftlicher Produkte
61211;Index der Erzeugerpreise landwirtschaftl. Produkte;JAHR;Jahr;2024;DINSG;Deutschland insgesamt;DG;Deutschland;PROAT1;Landwirtschaftliche Produkte;LWPR-2112;Kühe;158,6;2020=100;PRE018;Erzeugerpreisindizes landwirtschaftlicher Produkte
61211;Index der Erzeugerpreise landwirtschaftl. Produkte;JAHR;Jahr;2010;DINSG;Deutschland insgesamt;DG;Deutschland;PROAT1;Landwirtschaftliche Produkte;LWPR-1215;Braugerste;90,4;2020=100;PRE018;Erzeugerpreisindizes landwirtschaftlicher Produkte
61211;Index der Erzeugerpreise landwirtschaftl. Produkte;JAHR;Jahr;1982;DINSG;Deutschland insgesamt;DG;Deutschland;PROAT1;Landwirtschaftliche Produkte;LWPR-23;Eier;46,0;2020=100;PRE018;Erzeugerpreisindizes landwirtschaftlicher Produkte
61211;Index der Erzeugerpreise landwirtschaftl. Produkte;JAHR;Jahr;2004;DINSG;Deutschland insgesamt;DG;Deutschland;PROAT1;Landwirtschaftliche Produkte;LWPR-23;Eier;49,0;2020=100;PRE018;Erzeugerpreisindizes landwirtschaftlicher Produkte
61211;Index der Erzeugerpreise landwirtschaftl. Produkte;JAHR;Jahr;2002;DINSG;Deutschland insgesamt;DG;Deutschland;PROAT1;Landwirtschaftliche Produkte;LWPR-1512;Tomaten;109,2;2020=100;PRE018;Erzeugerpreisindizes landwirtschaftlicher Produkte
61211;Index der Erzeugerpreise landwirtschaftl. Produkte;JAHR;Jahr;2007;DINSG;Deutschland insgesamt;DG;Deutschland;PROAT1;Landwirtschaftliche Produkte;LWPR-2;Tierische Erzeugung;93,5;2020=100;PRE018;Erzeugerpreisindizes landwirtschaftlicher Produkte
61211;Index der Erzeugerpreise landwirtschaftl. Produkte;JAHR;Jahr;1980;DINSG;Deutschland insgesamt;DG;Deutschland;PROAT1;Landwirtschaftliche Produkte;LWPR-15171;Eissalat;-;2020=100;PRE018;Erzeugerpreisindizes landwirtschaftlicher Produkte
61211;Index der Erzeugerpreise landwirtschaftl. Produkte;JAHR;Jahr;2012;DINSG;Deutschland insgesamt;DG;Deutschland;PROAT1;Landwirtschaftliche Produkte;LWPR-17;Wein;-;2020=100;PRE018;Erzeugerpreisindizes landwirtschaftlicher Produkte
61211;Index der Erzeugerpreise landwirtschaftl. Produkte;JAHR;Jahr;2011;DINSG;Deutschland insgesamt;DG;Deutschland;PROAT1;Landwirtschaftliche Produkte;LWPR-212;Schweine;96,3;2020=100;PRE018;Erzeugerpreisindizes landwirtschaftlicher Produkte
61211;Index der Erzeugerpreise landwirtschaftl. Produkte;JAHR;Jahr;1986;DINSG;Deutschland insgesamt;DG;Deutschland;PROAT1;Landwirtschaftliche Produkte;LWPR-14;Kartoffeln (einschließlich Pflanzkartoffeln);34,4;2020=100;PRE018;Erzeugerpreisindizes landwirtschaftlicher Produkte
61211;Index der Erzeugerpreise landwirtschaftl. Produkte;JAHR;Jahr;2002;DINSG;Deutschland insgesamt;DG;Deutschland;PROAT1;Landwirtschaftliche Produkte;LWPR-131;Raps;84,7;2020=100;PRE018;Erzeugerpreisindizes landwirtschaftlicher Produkte
61211;Index der Erzeugerpreise landwirtschaftl. Produkte;JAHR;Jahr;2025;DINSG;Deutschland insgesamt;DG;Deutschland;PROAT1;Landwirtschaftliche Produkte;LWPR-1516;Kohlgemüse;123,5;2020=100;PRE018;Erzeugerpreisindizes landwirtschaftlicher Produkte
61211;Index der Erzeugerpreise landwirtschaftl. Produkte;JAHR;Jahr;2017;DINSG;Deutschland insgesamt;DG;Deutschland;PROAT1;Landwirtschaftliche Produkte;LWPR-131;Raps;98,4;2020=100;PRE018;Erzeugerpreisindizes landwirtschaftlicher Produkte
61211;Index der Erzeugerpreise landwirtschaftl. Produkte;JAHR;Jahr;1973;DINSG;Deutschland insgesamt;DG;Deutschland;PROAT1;Landwirtschaftliche Produkte;LWPR-1511;Blumenkohl;21,6;2020=100;PRE018;Erzeugerpreisindizes landwirtschaftlicher Produkte
61211;Index der Erzeugerpreise landwirtschaftl. Produkte;JAHR;Jahr;1996;DINSG;Deutschland insgesamt;DG;Deutschland;PROAT1;Landwirtschaftliche Produkte;LWPR-12;Getreide (einschließlich Saatgut);81,8;2020=100;PRE018;Erzeugerpreisindizes landwirtschaftlicher Produkte
61211;Index der Erzeugerpreise landwirtschaftl. Produkte;JAHR;Jahr;2003;DINSG;Deutschland insgesamt;DG;Deutschland;PROAT1;Landwirtschaftliche Produkte;LWPR-2142;Sonstiges Geflügel;75,1;2020=100;PRE018;Erzeugerpreisindizes landwirtschaftlicher Produkte
61211;Index der Erzeugerpreise landwirtschaftl. Produkte;JAHR;Jahr;2010;DINSG;Deutschland insgesamt;DG;Deutschland;PROAT1;Landwirtschaftliche Produkte;LWPR-214;Geflügel;96,3;2020=100;PRE018;Erzeugerpreisindizes landwirtschaftlicher Produkte
61211;Index der Erzeugerpreise landwirtschaftl. Produkte;JAHR;Jahr;1995;DINSG;Deutschland insgesamt;DG;Deutschland;PROAT1;Landwirtschaftliche Produkte;LWPR-214;Geflügel;76,1;2020=100;PRE018;Erzeugerpreisindizes landwirtschaftlicher Produkte
61211;Index der Erzeugerpreise landwirtschaftl. Produkte;JAHR;Jahr;2025;DINSG;Deutschland insgesamt;DG;Deutschland;PROAT1;Landwirtschaftliche Produkte;LWPR-1213;Futterweizen;106,3;2020=100;PRE018;Erzeugerpreisindizes landwirtschaftlicher Produkte
61211;Index der Erzeugerpreise landwirtschaftl. Produkte;JAHR;Jahr;1971;DINSG;Deutschland insgesamt;DG;Deutschland;PROAT1;Landwirtschaftliche Produkte;LWPR-121;Getreide;106,3;2020=100;PRE018;Erzeugerpreisindizes landwirtschaftlicher Produkte
61211;Index der Erzeugerpreise landwirtschaftl. Produkte;JAHR;Jahr;1990;DINSG;Deutschland insgesamt;DG;Deutschland;PROAT1;Landwirtschaftliche Produkte;LWPR-1;Pflanzliche Erzeugung;87,5;2020=100;PRE018;Erzeugerpreisindizes landwirtschaftlicher Produkte
61211;Index der Erzeugerpreise landwirtschaftl. Produkte;JAHR;Jahr;2019;DINSG;Deutschland insgesamt;DG;Deutschland;PROAT1;Landwirtschaftliche Produkte;LWPR-1517;Salat;90,6;2020=100;PRE018;Erzeugerpreisindizes landwirtschaftlicher Produkte
61211;Index der Erzeugerpreise landwirtschaftl. Produkte;JAHR;Jahr;2006;DINSG;Deutschland insgesamt;DG;Deutschland;PROAT1;Landwirtschaftliche Produkte;LWPR-1215;Braugerste;72,8;2020=100;PRE018;Erzeugerpreisindizes landwirtschaftlicher Produkte
61211;Index der Erzeugerpreise landwirtschaftl. Produkte;JAHR;Jahr;1971;DINSG;Deutschland insgesamt;DG;Deutschland;PROAT1;Landwirtschaftliche Produkte;LWPR-1517;Salat;-;2020=100;PRE018;Erzeugerpreisindizes landwirtschaftlicher Produkte
61211;Index der Erzeugerpreise landwirtschaftl. Produkte;JAHR;Jahr;2005;DINSG;Deutschland insgesamt;DG;Deutschland;PROAT1;Landwirtschaftliche Produkte;LWPR-1516;Kohlgemüse;-;2020=100;PRE018;Erzeugerpreisindizes landwirtschaftlicher Produkte
61211;Index der Erzeugerpreise landwirtschaftl. Produkte;JAHR;Jahr;2025;DINSG;Deutschland insgesamt;DG;Deutschland;PROAT1;Landwirtschaftliche Produkte;LWPR-2;Tierische Erzeugung;149,8;2020=100;PRE018;Erzeugerpreisindizes landwirtschaftlicher Produkte
61211;Index der Erzeugerpreise landwirtschaftl. Produkte;JAHR;Jahr;2000;DINSG;Deutschland insgesamt;DG;Deutschland;PROAT1;Landwirtschaftliche Produkte;LWPR-213;Schafe und Ziegen;58,1;2020=100;PRE018;Erzeugerpreisindizes landwirtschaftlicher Produkte
61211;Index der Erzeugerpreise landwirtschaftl. Produkte;JAHR;Jahr;2011;DINSG;Deutschland insgesamt;DG;Deutschland;PROAT1;Landwirtschaftliche Produkte;LWPR-1212;Brotroggen;131,7;2020=100;PRE018;Erzeugerpreisindizes landwirtschaftlicher Produkte
61211;Index der Erzeugerpreise landwirtschaftl. Produkte;JAHR;Jahr;2022;DINSG;Deutschland insgesamt;DG;Deutschland;PROAT1;Landwirtschaftliche Produkte;LWPR-1512;Tomaten;92,5;2020=100;PRE018;Erzeugerpreisindizes landwirtschaftlicher Produkte
61211;Index der Erzeugerpreise landwirtschaftl. Produkte;JAHR;Jahr;1994;DINSG;Deutschland insgesamt;DG;Deutschland;PROAT1;Landwirtschaftliche Produkte;LWPR-14;Kartoffeln (einschließlich Pflanzkartoffeln);71,2;2020=100;PRE018;Erzeugerpreisindizes landwirtschaftlicher Produkte
61211;Index der Erzeugerpreise landwirtschaftl. Produkte;JAHR;Jahr;1969;DINSG;Deutschland insgesamt;DG;Deutschland;PROAT1;Landwirtschaftliche Produkte;LWPR-23;Eier;48,2;2020=100;PRE018;Erzeugerpreisindizes landwirtschaftlicher Produkte
61211;Index der Erzeugerpreise landwirtschaftl. Produkte;JAHR;Jahr;1988;DINSG;Deutschland insgesamt;DG;Deutschland;PROAT1;Landwirtschaftliche Produkte;LWPR-2;Tierische Erzeugung;89,2;2020=100;PRE018;Erzeugerpreisindizes landwirtschaftlicher Produkte
61211;Index der Erzeugerpreise landwirtschaftl. Produkte;JAHR;Jahr;1977;DINSG;Deutschland insgesamt;DG;Deutschland;PROAT1;Landwirtschaftliche Produkte;LWPR-151;Gemüse;51,3;2020=100;PRE018;Erzeugerpreisindizes landwirtschaftlicher Produkte
61211;Index der Erzeugerpreise landwirtschaftl. Produkte;JAHR;Jahr;2014;DINSG;Deutschland insgesamt;DG;Deutschland;PROAT1;Landwirtschaftliche Produkte;LWPR-2112;Kühe;107,2;2020=100;PRE018;Erzeugerpreisindizes landwirtschaftlicher Produkte
61211;Index der Erzeugerpreise landwirtschaftl. Produkte;JAHR;Jahr;2014;DINSG;Deutschland insgesamt;DG;Deutschland;PROAT1;Landwirtschaftliche Produkte;LWPR-161;Tafeläpfel;80,4;2020=100;PRE018;Erzeugerpreisindizes landwirtschaftlicher Produkte
61211;Index der Erzeugerpreise landwirtschaftl. Produkte;JAHR;Jahr;1997;DINSG;Deutschland insgesamt;DG;Deutschland;PROAT1;Landwirtschaftliche Produkte;LWPR-1512;Tomaten;70,3;2020=100;PRE018;Erzeugerpreisindizes landwirtschaftlicher Produkte
61211;Index der Erzeugerpreise landwirtschaftl. Produkte;JAHR;Jahr;1988;DINSG;Deutschland insgesamt;DG;Deutschland;PROAT1;Landwirtschaftliche Produkte;LWPR-1211;Brotweizen;111,6;2020=100;PRE018;Erzeugerpreisindizes landwirtschaftlicher Produkte
61211;Index der Erzeugerpreise landwirtschaftl. Produkte;JAHR;Jahr;2007;DINSG;Deutschland insgesamt;DG;Deutschland;PROAT1;Landwirtschaftliche Produkte;LWPR-13;Handelsgewächse;109,0;2020=100;PRE018;Erzeugerpreisindizes landwirtschaftlicher Produkte
61211;Index der Erzeugerpreise landwirtschaftl. Produkte;JAHR;Jahr;1975;DINSG;Deutschland insgesamt;DG;Deutschland;PROAT1;Landwirtschaftliche Produkte;LWPR-2111;Jungbullen;98,2;2020=100;PRE018;Erzeugerpreisindizes landwirtschaftlicher Produkte
61211;Index der Erzeugerpreise landwirtschaftl. Produkte;JAHR;Jahr;1976;DINSG;Deutschland insgesamt;DG;Deutschland;PROAT1;Landwirtschaftliche Produkte;LWPR-2;Tierische Erzeugung;96,5;2020=100;PRE018;Erzeugerpreisindizes landwirtschaftlicher Produkte
61211;Index der Erzeugerpreise landwirtschaftl. Produkte;JAHR;Jahr;2005;DINSG;Deutschland insgesamt;DG;Deutschland;PROAT1;Landwirtschaftliche Produkte;LWPR-162;Erdbeeren;69,0;2020=100;PRE018;Erzeugerpreisindizes landwirtschaftlicher Produkte
61211;Index der Erzeugerpreise landwirtschaftl. Produkte;JAHR;Jahr;1994;DINSG;Deutschland insgesamt;DG;Deutschland;PROAT1;Landwirtschaftliche Produkte;LWPR-1521;Schnittblumen;62,4;2020=100;PRE018;Erzeugerpreisindizes landwirtschaftlicher Produkte
61211;Index der Erzeugerpreise landwirtschaftl. Produkte;JAHR;Jahr;2025;DINSG;Deutschland insgesamt;DG;Deutschland;PROAT1;Landwirtschaftliche Produkte;LWPR-15171;Eissalat;113,1;2020=100;PRE018;Erzeugerpreisindizes landwirtschaftlicher Produkte
61211;Index der Erzeugerpreise landwirtschaftl. Produkte;JAHR;Jahr;1991;DINSG;Deutschland insgesamt;DG;Deutschland;PROAT1;Landwirtschaftliche Produkte;LWPR-1;Pflanzliche Erzeugung;89,8;2020=100;PRE018;Erzeugerpreisindizes landwirtschaftlicher Produkte
61211;Index der Erzeugerpreise landwirtschaftl. Produkte;JAHR;Jahr;1988;DINSG;Deutschland insgesamt;DG;Deutschland;PROAT1;Landwirtschaftliche Produkte;LWPR-151;Gemüse;48,4;2020=100;PRE018;Erzeugerpreisindizes landwirtschaftlicher Produkte
61211;Index der Erzeugerpreise landwirtschaftl. Produkte;JAHR;Jahr;1978;DINSG;Deutschland insgesamt;DG;Deutschland;PROAT1;Landwirtschaftliche Produkte;LWPR-132;Zuckerrüben;127,1;2020=100;PRE018;Erzeugerpreisindizes landwirtschaftlicher Produkte
61211;Index der Erzeugerpreise landwirtschaftl. Produkte;JAHR;Jahr;2016;DINSG;Deutschland insgesamt;DG;Deutschland;PROAT1;Landwirtschaftliche Produkte;LWPR-21;Tiere;97,6;2020=100;PRE018;Erzeugerpreisindizes landwirtschaftlicher Produkte
61211;Index der Erzeugerpreise landwirtschaftl. Produkte;JAHR;Jahr;2020;DINSG;Deutschland insgesamt;DG;Deutschland;PROAT1;Landwirtschaftliche Produkte;LWPR-22;Milch;100,0;2020=100;PRE018;Erzeugerpreisindizes landwirtschaftlicher Produkte
61211;Index der Erzeugerpreise landwirtschaftl. Produkte;JAHR;Jahr;2014;DINSG;Deutschland insgesamt;DG;Deutschland;PROAT1;Landwirtschaftliche Produkte;LWPR-17;Wein;-;2020=100;PRE018;Erzeugerpreisindizes landwirtschaftlicher Produkte
61211;Index der Erzeugerpreise landwirtschaftl. Produkte;JAHR;Jahr;1968;DINSG;Deutschland insgesamt;DG;Deutschland;PROAT1;Landwirtschaftliche Produkte;LWPR-2111;Jungbullen;71,9;2020=100;PRE018;Erzeugerpreisindizes landwirtschaftlicher Produkte
61211;Index der Erzeugerpreise landwirtschaftl. Produkte;JAHR;Jahr;1979;DINSG;Deutschland insgesamt;DG;Deutschland;PROAT1;Landwirtschaftliche Produkte;LWPR-15171;Eissalat;-;2020=100;PRE018;Erzeugerpreisindizes landwirtschaftlicher Produkte
61211;Index der Erzeugerpreise landwirtschaftl. Produkte;JAHR;Jahr;1980;DINSG;Deutschland insgesamt;DG;Deutschland;PROAT1;Landwirtschaftliche Produkte;LWPR-16;Obst;52,1;2020=100;PRE018;Erzeugerpreisindizes landwirtschaftlicher Produkte
61211;Index der Erzeugerpreise landwirtschaftl. Produkte;JAHR;Jahr;1993;DINSG;Deutschland insgesamt;DG;Deutschland;PROAT1;Landwirtschaftliche Produkte;LWPR-13;Handelsgewächse;97,4;2020=100;PRE018;Erzeugerpreisindizes landwirtschaftlicher Produkte
61211;Index der Erzeugerpreise landwirtschaftl. Produkte;JAHR;Jahr;2011;DINSG;Deutschland insgesamt;DG;Deutschland;PROAT1;Landwirtschaftliche Produkte;LWPR-141;Speisekartoffeln;48,0;2020=100;PRE018;Erzeugerpreisindizes landwirtschaftlicher Produkte
61211;Index der Erzeugerpreise landwirtschaftl. Produkte;JAHR;Jahr;2013;DINSG;Deutschland insgesamt;DG;Deutschland;PROAT1;Landwirtschaftliche Produkte;LWPR-1513;Gurken;68,5;2020=100;PRE018;Erzeugerpreisindizes landwirtschaftlicher Produkte
61211;Index der Erzeugerpreise landwirtschaftl. Produkte;JAHR;Jahr;2009;DINSG;Deutschland insgesamt;DG;Deutschland;PROAT1;Landwirtschaftliche Produkte;LWPR-1513;Gurken;63,6;2020=100;PRE018;Erzeugerpreisindizes landwirtschaftlicher Produkte
61211;Index der Erzeugerpreise landwirtschaftl. Produkte;JAHR;Jahr;1998;DINSG;Deutschland insgesamt;DG;Deutschland;PROAT1;Landwirtschaftliche Produkte;LWPR-16;Obst;76,3;2020=100;PRE018;Erzeugerpreisindizes landwirtschaftlicher Produkte
61211;Index der Erzeugerpreise landwirtschaftl. Produkte;JAHR;Jahr;2006;DINSG;Deutschland insgesamt;DG;Deutschland;PROAT1;Landwirtschaftliche Produkte;LWPR-1522;Topfpflanzen;86,3;2020=100;PRE018;Erzeugerpreisindizes landwirtschaftlicher Produkte
61211;Index der Erzeugerpreise landwirtschaftl. Produkte;JAHR;Jahr;2010;DINSG;Deutschland insgesamt;DG;Deutschland;PROAT1;Landwirtschaftliche Produkte;LWPR-1522;Topfpflanzen;91,3;2020=100;PRE018;Erzeugerpreisindizes landwirtschaftlicher Produkte
61211;Index der Erzeugerpreise landwirtschaftl. Produkte;JAHR;Jahr;1983;DINSG;Deutschland insgesamt;DG;Deutschland;PROAT1;Landwirtschaftliche Produkte;LWPR-1511;Blumenkohl;30,8;2020=100;PRE018;Erzeugerpreisindizes landwirtschaftlicher Produkte
61211;Index der Erzeugerpreise landwirtschaftl. Produkte;JAHR;Jahr;2006;DINSG;Deutschland insgesamt;DG;Deutschland;PROAT1;Landwirtschaftliche Produkte;LWPR-12;Getreide (einschließlich Saatgut);67,4;2020=100;PRE018;Erzeugerpreisindizes landwirtschaftlicher Produkte
61211;Index der Erzeugerpreise landwirtschaftl. Produkte;JAHR;Jahr;1970;DINSG;Deutschland insgesamt;DG;Deutschland;PROAT1;Landwirtschaftliche Produkte;LWPR-1213;Futterweizen;-;2020=100;PRE018;Erzeugerpreisindizes landwirtschaftlicher Produkte
61211;Index der Erzeugerpreise landwirtschaftl. Produkte;JAHR;Jahr;1983;DINSG;Deutschland insgesamt;DG;Deutschland;PROAT1;Landwirtschaftliche Produkte;LWPR-214;Geflügel;98,2;2020=100;PRE018;Erzeugerpreisindizes landwirtschaftlicher Produkte
61211;Index der Erzeugerpreise landwirtschaftl. Produkte;JAHR;Jahr;1991;DINSG;Deutschland insgesamt;DG;Deutschland;PROAT1;Landwirtschaftliche Produkte;LWPR-1214;Futtergerste;105,5;2020=100;PRE018;Erzeugerpreisindizes landwirtschaftlicher Produkte
61211;Index der Erzeugerpreise landwirtschaftl. Produkte;JAHR;Jahr;2021;DINSG;Deutschland insgesamt;DG;Deutschland;PROAT1;Landwirtschaftliche Produkte;LWPR-1216;Körnermais;132,4;2020=100;PRE018;Erzeugerpreisindizes landwirtschaftlicher Produkte
61211;Index der Erzeugerpreise landwirtschaftl. Produkte;JAHR;Jahr;1990;DINSG;Deutschland insgesamt;DG;Deutschland;PROAT1;Landwirtschaftliche Produkte;LWPR-23;Eier;46,9;2020=100;PRE018;Erzeugerpreisindizes landwirtschaftlicher Produkte
61211;Index der Erzeugerpreise landwirtschaftl. Produkte;JAHR;Jahr;2010;DINSG;Deutschland insgesamt;DG;Deutschland;PROAT1;Landwirtschaftliche Produkte;LWPR-121;Getreide;88,6;2020=100;PRE018;Erzeugerpreisindizes landwirtschaftlicher Produkte
61211;Index der Erzeugerpreise landwirtschaftl. Produkte;JAHR;Jahr;2000;DINSG;Deutschland insgesamt;DG;Deutschland;PROAT1;Landwirtschaftliche Produkte;LWPR-23;Eier;43,5;2020=100;PRE018;Erzeugerpreisindizes landwirtschaftlicher Produkte
61211;Index der Erzeugerpreise landwirtschaftl. Produkte;JAHR;Jahr;1986;DINSG;Deutschland insgesamt;DG;Deutschland;PROAT1;Landwirtschaftliche Produkte;LWPR-23;Eier;41,2;2020=100;PRE018;Erzeugerpreisindizes landwirtschaftlicher Produkte
61211;Index der Erzeugerpreise landwirtschaftl. Produkte;JAHR;Jahr;1968;DINSG;Deutschland insgesamt;DG;Deutschland;PROAT1;Landwirtschaftliche Produkte;LWPR-211;Rinder;75,5;2020=100;PRE018;Erzeugerpreisindizes landwirtschaftlicher Produkte
61211;Index der Erzeugerpreise landwirtschaftl. Produkte;JAHR;Jahr;2019;DINSG;Deutschland insgesamt;DG;Deutschland;PROAT1;Landwirtschaftliche Produkte;LWPR-2141;Hähnchen;109,3;2020=100;PRE018;Erzeugerpreisindizes landwirtschaftlicher Produkte
61211;Index der Erzeugerpreise landwirtschaftl. Produkte;JAHR;Jahr;1970;DINSG;Deutschland insgesamt;DG;Deutschland;PROAT1;Landwirtschaftliche Produkte;LWPR-141;Speisekartoffeln;26,1;2020=100;PRE018;Erzeugerpreisindizes landwirtschaftlicher Produkte
61211;Index der Erzeugerpreise landwirtschaftl. Produkte;JAHR;Jahr;2019;DINSG;Deutschland insgesamt;DG;Deutschland;PROAT1;Landwirtschaftliche Produkte;LWPR-121;Getreide;97,6;2020=100;PRE018;Erzeugerpreisindizes landwirtschaftlicher Produkte
61211;Index der Erzeugerpreise landwirtschaftl. Produkte;JAHR;Jahr;2018;DINSG;Deutschland insgesamt;DG;Deutschland;PROAT1;Landwirtschaftliche Produkte;LWPR-1213;Futterweizen;103,1;2020=100;PRE018;Erzeugerpreisindizes landwirtschaftlicher Produkte
61211;Index der Erzeugerpreise landwirtschaftl. Produkte;JAHR;Jahr;1984;DINSG;Deutschland insgesamt;DG;Deutschland;PROAT1;Landwirtschaftliche Produkte;LWPR-1214;Futtergerste;150,8;2020=100;PRE018;Erzeugerpreisindizes landwirtschaftlicher Produkte
61211;Index der Erzeugerpreise landwirtschaftl. Produkte;JAHR;Jahr;2015;DINSG;Deutschland insgesamt;DG;Deutschland;PROAT1;Landwirtschaftliche Produkte;LWPR-16;Obst;68,2;2020=100;PRE018;Erzeugerpreisindizes landwirtschaftlicher Produkte
61211;Index der Erzeugerpreise landwirtschaftl. Produkte;JAHR;Jahr;1993;DINSG;Deutschland insgesamt;DG;Deutschland;PROAT1;Landwirtschaftliche Produkte;LWPR-122;Getreidesaatgut;97,0;2020=100;PRE018;Erzeugerpreisindizes landwirtschaftlicher Produkte
61211;Index der Erzeugerpreise landwirtschaftl. Produkte;JAHR;Jahr;1991;DINSG;Deutschland insgesamt;DG;Deutschland;PROAT1;Landwirtschaftliche Produkte;LWPR-133;Futterpflanzen;-;2020=100;PRE018;Erzeugerpreisindizes landwirtschaftlicher Produkte
61211;Index der Erzeugerpreise landwirtschaftl. Produkte;JAHR;Jahr;1976;DINSG;Deutschland insgesamt;DG;Deutschland;PROAT1;Landwirtschaftliche Produkte;LWPR-1511;Blumenkohl;26,6;2020=100;PRE018;Erzeugerpreisindizes landwirtschaftlicher Produkte
61211;Index der Erzeugerpreise landwirtschaftl. Produkte;JAHR;Jahr;1989;DINSG;Deutschland insgesamt;DG;Deutschland;PROAT1;Landwirtschaftliche Produkte;LWPR-22;Milch;103,5;2020=100;PRE018;Erzeugerpreisindizes landwirtschaftlicher Produkte
61211;Index der Erzeugerpreise landwirtschaftl. Produkte;JAHR;Jahr;1979;DINSG;Deutschland insgesamt;DG;Deutschland;PROAT1;Landwirtschaftliche Produkte;LWPR-141;Speisekartoffeln;33,1;2020=100;PRE018;Erzeugerpreisindizes landwirtschaftlicher Produkte
61211;Index der Erzeugerpreise landwirtschaftl. Produkte;JAHR;Jahr;2003;DINSG;Deutschland insgesamt;DG;Deutschland;PROAT1;Landwirtschaftliche Produkte;LWPR-13;Handelsgewächse;108,7;2020=100;PRE018;Erzeugerpreisindizes landwirtschaftlicher Produkte
61211;Index der Erzeugerpreise landwirtschaftl. Produkte;JAHR;Jahr;1975;DINSG;Deutschland insgesamt;DG;Deutschland;PROAT1;Landwirtschaftliche Produkte;LWPR;Erzeugung landwirtschaftlicher Produkte;85,6;2020=100;PRE018;Erzeugerpreisindizes landwirtschaftlicher Produkte
61211;Index der Erzeugerpreise landwirtschaftl. Produkte;JAHR;Jahr;1998;DINSG;Deutschland insgesamt;DG;Deutschland;PROAT1;Landwirtschaftliche Produkte;LWPR-2113;Färsen;74,1;2020=100;PRE018;Erzeugerpreisindizes landwirtschaftlicher Produkte
61211;Index der Erzeugerpreise landwirtschaftl. Produkte;JAHR;Jahr;2003;DINSG;Deutschland insgesamt;DG;Deutschland;PROAT1;Landwirtschaftliche Produkte;LWPR-1215;Braugerste;74,5;2020=100;PRE018;Erzeugerpreisindizes landwirtschaftlicher Produkte
61211;Index der Erzeugerpreise landwirtschaftl. Produkte;JAHR;Jahr;2017;DINSG;Deutschland insgesamt;DG;Deutschland;PROAT1;Landwirtschaftliche Produkte;LWPR-1523;Baumschulerzeugnisse;91,0;2020=100;PRE018;Erzeugerpreisindizes landwirtschaftlicher Produkte
61211;Index der Erzeugerpreise landwirtschaftl. Produkte;JAHR;Jahr;2007;DINSG;Deutschland insgesamt;DG;Deutschland;PROAT1;Landwirtschaftliche Produkte;LWPR-1212;Brotroggen;115,7;2020=100;PRE018;Erzeugerpreisindizes landwirtschaftlicher Produkte
61211;Index der Erzeugerpreise landwirtschaftl. Produkte;JAHR;Jahr;2007;DINSG;Deutschland insgesamt;DG;Deutschland;PROAT1;Landwirtschaftliche Produkte;LWPR-2112;Kühe;88,4;2020=100;PRE018;Erzeugerpreisindizes landwirtschaftlicher Produkte
61211;Index der Erzeugerpreise landwirtschaftl. Produkte;JAHR;Jahr;1971;DINSG;Deutschland insgesamt;DG;Deutschland;PROAT1;Landwirtschaftliche Produkte;LWPR-2114;Kälber;75,2;2020=100;PRE018;Erzeugerpreisindizes landwirtschaftlicher Produkte
61211;Index der Erzeugerpreise landwirtschaftl. Produkte;JAHR;Jahr;1976;DINSG;Deutschland insgesamt;DG;Deutschland;PROAT1;Landwirtschaftliche Produkte;LWPR-131;Raps;-;2020=100;PRE018;Erzeugerpreisindizes landwirtschaftlicher Produkte
61211;Index der Erzeugerpreise landwirtschaftl. Produkte;JAHR;Jahr;1978;DINSG;Deutschland insgesamt;DG;Deutschland;PROAT1;Landwirtschaftliche Produkte;LWPR-1;Pflanzliche Erzeugung;84,7;2020=100;PRE018;Erzeugerpreisindizes landwirtschaftlicher Produkte
61211;Index der Erzeugerpreise landwirtschaftl. Produkte;JAHR;Jahr;1976;DINSG;Deutschland insgesamt;DG;Deutschland;PROAT1;Landwirtschaftliche Produkte;LWPR-14;Kartoffeln (einschließlich Pflanzkartoffeln);106,0;2020=100;PRE018;Erzeugerpreisindizes landwirtschaftlicher Produkte
61211;Index der Erzeugerpreise landwirtschaftl. Produkte;JAHR;Jahr;1987;DINSG;Deutschland insgesamt;DG;Deutschland;PROAT1;Landwirtschaftliche Produkte;LWPR-2112;Kühe;98,8;2020=100;PRE018;Erzeugerpreisindizes landwirtschaftlicher Produkte
61211;Index der Erzeugerpreise landwirtschaftl. Produkte;JAHR;Jahr;1994;DINSG;Deutschland insgesamt;DG;Deutschland;PROAT1;Landwirtschaftliche Produkte;LWPR-131;Raps;70,1;2020=100;PRE018;Erzeugerpreisindizes landwirtschaftlicher Produkte
61211;Index der Erzeugerpreise landwirtschaftl. Produkte;JAHR;Jahr;1972;DINSG;Deutschland insgesamt;DG;Deutschland;PROAT1;Landwirtschaftliche Produkte;LWPR-1514;Champignons;-;2020=100;PRE018;Erzeugerpreisindizes landwirtschaftlicher Produkte
61211;Index der Erzeugerpreise landwirtschaftl. Produkte;JAHR;Jahr;1999;DINSG;Deutschland insgesamt;DG;Deutschland;PROAT1;Landwirtschaftliche Produkte;LWPR-211;Rinder;76,2;2020=100;PRE018;Erzeugerpreisindizes landwirtschaftlicher Produkte
61211;Index der Erzeugerpreise landwirtschaftl. Produkte;JAHR;Jahr;2015;DINSG;Deutschland insgesamt;DG;Deutschland;PROAT1;Landwirtschaftliche Produkte;LWPR-213;Schafe und Ziegen;89,0;2020=100;PRE018;Erzeugerpreisindizes landwirtschaftlicher Produkte
61211;Index der Erzeugerpreise landwirtschaftl. Produkte;JAHR;Jahr;1985;DINSG;Deutschland insgesamt;DG;Deutschland;PROAT1;Landwirtschaftliche Produkte;LWPR-141;Speisekartoffeln;19,3;2020=100;PRE018;Erzeugerpreisindizes landwirtschaftlicher Produkte
61211;Index der Erzeugerpreise landwirtschaftl. Produkte;JAHR;Jahr;1993;DINSG;Deutschland insgesamt;DG;Deutschland;PROAT1;Landwirtschaftliche Produkte;LWPR-1515;Spargel;-;2020=100;PRE018;Erzeugerpreisindizes landwirtschaftlicher Produkte
61211;Index der Erzeugerpreise landwirtschaftl. Produkte;JAHR;Jahr;2022;DINSG;Deutschland insgesamt;DG;Deutschland;PROAT1;Landwirtschaftliche Produkte;LWPR-151;Gemüse;116,3;2020=100;PRE018;Erzeugerpreisindizes landwirtschaftlicher Produkte
61211;Index der Erzeugerpreise landwirtschaftl. Produkte;JAHR;Jahr;2021;DINSG;Deutschland insgesamt;DG;Deutschland;PROAT1;Landwirtschaftliche Produkte;LWPR-12;Getreide (einschließlich Saatgut);128,7;2020=100;PRE018;Erzeugerpreisindizes landwirtschaftlicher Produkte
61211;Index der Erzeugerpreise landwirtschaftl. Produkte;JAHR;Jahr;2004;DINSG;Deutschland insgesamt;DG;Deutschland;PROAT1;Landwirtschaftliche Produkte;LWPR;Erzeugung landwirtschaftlicher Produkte;78,3;2020=100;PRE018;Erzeugerpreisindizes landwirtschaftlicher Produkte
61211;Index der Erzeugerpreise landwirtschaftl. Produkte;JAHR;Jahr;1996;DINSG;Deutschland insgesamt;DG;Deutschland;PROAT1;Landwirtschaftliche Produkte;LWPR-214;Geflügel;74,3;2020=100;PRE018;Erzeugerpreisindizes landwirtschaftlicher Produkte
61211;Index der Erzeugerpreise landwirtschaftl. Produkte;JAHR;Jahr;1972;DINSG;Deutschland insgesamt;DG;Deutschland;PROAT1;Landwirtschaftliche Produkte;LWPR-12;Getreide (einschließlich Saatgut);107,4;2020=100;PRE018;Erzeugerpreisindizes landwirtschaftlicher Produkte
61211;Index der Erzeugerpreise landwirtschaftl. Produkte;JAHR;Jahr;1969;DINSG;Deutschland insgesamt;DG;Deutschland;PROAT1;Landwirtschaftliche Produkte;LWPR-122;Getreidesaatgut;93,7;2020=100;PRE018;Erzeugerpreisindizes landwirtschaftlicher Produkte
61211;Index der Erzeugerpreise landwirtschaftl. Produkte;JAHR;Jahr;2004;DINSG;Deutschland insgesamt;DG;Deutschland;PROAT1;Landwirtschaftliche Produkte;LWPR-14;Kartoffeln (einschließlich Pflanzkartoffeln);34,6;2020=100;PRE018;Erzeugerpreisindizes landwirtschaftlicher Produkte
61211;Index der Erzeugerpreise landwirtschaftl. Produkte;JAHR;Jahr;1989;DINSG;Deutschland insgesamt;DG;Deutschland;PROAT1;Landwirtschaftliche Produkte;LWPR-1515;Spargel;-;2020=100;PRE018;Erzeugerpreisindizes landwirtschaftlicher Produkte
61211;Index der Erzeugerpreise landwirtschaftl. Produkte;JAHR;Jahr;2021;DINSG;Deutschland insgesamt;DG;Deutschland;PROAT1;Landwirtschaftliche Produkte;LWPR-2112;Kühe;123,7;2020=100;PRE018;Erzeugerpreisindizes landwirtschaftlicher Produkte
61211;Index der Erzeugerpreise landwirtschaftl. Produkte;JAHR;Jahr;1990;DINSG;Deutschland insgesamt;DG;Deutschland;PROAT1;Landwirtschaftliche Produkte;LWPR-211;Rinder;93,0;2020=100;PRE018;Erzeugerpreisindizes landwirtschaftlicher Produkte
61211;Index der Erzeugerpreise landwirtschaftl. Produkte;JAHR;Jahr;1991;DINSG;Deutschland insgesamt;DG;Deutschland;PROAT1;Landwirtschaftliche Produkte;LWPR-2112;Kühe;80,1;2020=100;PRE018;Erzeugerpreisindizes landwirtschaftlicher Produkte
61211;Index der Erzeugerpreise landwirtschaftl. Produkte;JAHR;Jahr;2000;DINSG;Deutschland insgesamt;DG;Deutschland;PROAT1;Landwirtschaftliche Produkte;LWPR-2111;Jungbullen;75,5;2020=100;PRE018;Erzeugerpreisindizes landwirtschaftlicher Produkte
61211;Index der Erzeugerpreise landwirtschaftl. Produkte;JAHR;Jahr;1968;DINSG;Deutschland insgesamt;DG;Deutschland;PROAT1;Landwirtschaftliche Produkte;LWPR-1514;Champignons;-;2020=100;PRE018;Erzeugerpreisindizes landwirtschaftlicher Produkte
61211;Index der Erzeugerpreise landwirtschaftl. Produkte;JAHR;Jahr;1971;DINSG;Deutschland insgesamt;DG;Deutschland;PROAT1;Landwirtschaftliche Produkte;LWPR-161;Tafeläpfel;-;2020=100;PRE018;Erzeugerpreisindizes landwirtschaftlicher Produkte
61211;Index der Erzeugerpreise landwirtschaftl. Produkte;JAHR;Jahr;1995;DINSG;Deutschland insgesamt;DG;Deutschland;PROAT1;Landwirtschaftliche Produkte;LWPR-1211;Brotweizen;74,9;2020=100;PRE018;Erzeugerpreisindizes landwirtschaftlicher Produkte
61211;Index der Erzeugerpreise landwirtschaftl. Produkte;JAHR;Jahr;1977;DINSG;Deutschland insgesamt;DG;Deutschland;PROAT1;Landwirtschaftliche Produkte;LWPR-15;Erzeugnisse des Gemüse- und Gartenbaus;54,0;2020=100;PRE018;Erzeugerpreisindizes landwirtschaftlicher Produkte
61211;Index der Erzeugerpreise landwirtschaftl. Produkte;JAHR;Jahr;2011;DINSG;Deutschland insgesamt;DG;Deutschland;PROAT1;Landwirtschaftliche Produkte;LWPR-14;Kartoffeln (einschließlich Pflanzkartoffeln);48,8;2020=100;PRE018;Erzeugerpreisindizes landwirtschaftlicher Produkte
61211;Index der Erzeugerpreise landwirtschaftl. Produkte;JAHR;Jahr;2020;DINSG;Deutschland insgesamt;DG;Deutschland;PROAT1;Landwirtschaftliche Produkte;LWPR-131;Raps;100,0;2020=100;PRE018;Erzeugerpreisindizes landwirtschaftlicher Produkte
61211;Index der Erzeugerpreise landwirtschaftl. Produkte;JAHR;Jahr;1997;DINSG;Deutschland insgesamt;DG;Deutschland;PROAT1;Landwirtschaftliche Produkte;LWPR-212;Schweine;109,2;2020=100;PRE018;Erzeugerpreisindizes landwirtschaftlicher Produkte
61211;Index der Erzeugerpreise landwirtschaftl. Produkte;JAHR;Jahr;1991;DINSG;Deutschland insgesamt;DG;Deutschland;PROAT1;Landwirtschaftliche Produkte;LWPR-1521;Schnittblumen;60,1;2020=100;PRE018;Erzeugerpreisindizes landwirtschaftlicher Produkte
61211;Index der Erzeugerpreise landwirtschaftl. Produkte;JAHR;Jahr;1994;DINSG;Deutschland insgesamt;DG;Deutschland;PROAT1;Landwirtschaftliche Produkte;LWPR-1512;Tomaten;-;2020=100;PRE018;Erzeugerpreisindizes landwirtschaftlicher Produkte
61211;Index der Erzeugerpreise landwirtschaftl. Produkte;JAHR;Jahr;2001;DINSG;Deutschland insgesamt;DG;Deutschland;PROAT1;Landwirtschaftliche Produkte;LWPR-211;Rinder;59,3;2020=100;PRE018;Erzeugerpreisindizes landwirtschaftlicher Produkte
61211;Index der Erzeugerpreise landwirtschaftl. Produkte;JAHR;Jahr;1987;DINSG;Deutschland insgesamt;DG;Deutschland;PROAT1;Landwirtschaftliche Produkte;LWPR-13;Handelsgewächse;138,6;2020=100;PRE018;Erzeugerpreisindizes landwirtschaftlicher Produkte
61211;Index der Erzeugerpreise landwirtschaftl. Produkte;JAHR;Jahr;2012;DINSG;Deutschland insgesamt;DG;Deutschland;PROAT1;Landwirtschaftliche Produkte;LWPR-132;Zuckerrüben;155,3;2020=100;PRE018;Erzeugerpreisindizes landwirtschaftlicher Produkte
61211;Index der Erzeugerpreise landwirtschaftl. Produkte;JAHR;Jahr;1980;DINSG;Deutschland insgesamt;DG;Deutschland;PROAT1;Landwirtschaftliche Produkte;LWPR-151;Gemüse;51,9;2020=100;PRE018;Erzeugerpreisindizes landwirtschaftlicher Produkte
61211;Index der Erzeugerpreise landwirtschaftl. Produkte;JAHR;Jahr;2008;DINSG;Deutschland insgesamt;DG;Deutschland;PROAT1;Landwirtschaftliche Produkte;LWPR-213;Schafe und Ziegen;68,1;2020=100;PRE018;Erzeugerpreisindizes landwirtschaftlicher Produkte
61211;Index der Erzeugerpreise landwirtschaftl. Produkte;JAHR;Jahr;1980;DINSG;Deutschland insgesamt;DG;Deutschland;PROAT1;Landwirtschaftliche Produkte;LWPR-2111;Jungbullen;99,6;2020=100;PRE018;Erzeugerpreisindizes landwirtschaftlicher Produkte
61211;Index der Erzeugerpreise landwirtschaftl. Produkte;JAHR;Jahr;1969;DINSG;Deutschland insgesamt;DG;Deutschland;PROAT1;Landwirtschaftliche Produkte;LWPR-131;Raps;-;2020=100;PRE018;Erzeugerpreisindizes landwirtschaftlicher Produkte
61211;Index der Erzeugerpreise landwirtschaftl. Produkte;JAHR;Jahr;2017;DINSG;Deutschland insgesamt;DG;Deutschland;PROAT1;Landwirtschaftliche Produkte;LWPR-122;Getreidesaatgut;97,4;2020=100;PRE018;Erzeugerpreisindizes landwirtschaftlicher Produkte
61211;Index der Erzeugerpreise landwirtschaftl. Produkte;JAHR;Jahr;1971;DINSG;Deutschland insgesamt;DG;Deutschland;PROAT1;Landwirtschaftliche Produkte;LWPR-152;Pflanzen und Blumen;47,7;2020=100;PRE018;Erzeugerpreisindizes landwirtschaftlicher Produkte
61211;Index der Erzeugerpreise landwirtschaftl. Produkte;JAHR;Jahr;2010;DINSG;Deutschland insgesamt;DG;Deutschland;PROAT1;Landwirtschaftliche Produkte;LWPR-13;Handelsgewächse;102,3;2020=100;PRE018;Erzeugerpreisindizes landwirtschaftlicher Produkte
61211;Index der Erzeugerpreise landwirtschaftl. Produkte;JAHR;Jahr;1973;DINSG;Deutschland insgesamt;DG;Deutschland;PROAT1;Landwirtschaftliche Produkte;LWPR-15;Erzeugnisse des Gemüse- und Gartenbaus;42,1;2020=100;PRE018;Erzeugerpreisindizes landwirtschaftlicher Produkte
61211;Index der Erzeugerpreise landwirtschaftl. Produkte;JAHR;Jahr;2011;DINSG;Deutschland insgesamt;DG;Deutschland;PROAT1;Landwirtschaftliche Produkte;LWPR-132;Zuckerrüben;139,8;2020=100;PRE018;Erzeugerpreisindizes landwirtschaftlicher Produkte
61211;Index der Erzeugerpreise landwirtschaftl. Produkte;JAHR;Jahr;1997;DINSG;Deutschland insgesamt;DG;Deutschland;PROAT1;Landwirtschaftliche Produkte;LWPR-13;Handelsgewächse;102,2;2020=100;PRE018;Erzeugerpreisindizes landwirtschaftlicher Produkte
61211;Index der Erzeugerpreise landwirtschaftl. Produkte;JAHR;Jahr;1999;DINSG;Deutschland insgesamt;DG;Deutschland;PROAT1;Landwirtschaftliche Produkte;LWPR-122;Getreidesaatgut;82,8;2020=100;PRE018;Erzeugerpreisindizes landwirtschaftlicher Produkte
61211;Index der Erzeugerpreise landwirtschaftl. Produkte;JAHR;Jahr;1980;DINSG;Deutschland insgesamt;DG;Deutschland;PROAT1;Landwirtschaftliche Produkte;LWPR-1511;Blumenkohl;26,4;2020=100;PRE018;Erzeugerpreisindizes landwirtschaftlicher Produkte
61211;Index der Erzeugerpreise landwirtschaftl. Produkte;JAHR;Jahr;1968;DINSG;Deutschland insgesamt;DG;Deutschland;PROAT1;Landwirtschaftliche Produkte;LWPR-1523;Baumschulerzeugnisse;29,9;2020=100;PRE018;Erzeugerpreisindizes landwirtschaftlicher Produkte
61211;Index der Erzeugerpreise landwirtschaftl. Produkte;JAHR;Jahr;1994;DINSG;Deutschland insgesamt;DG;Deutschland;PROAT1;Landwirtschaftliche Produkte;LWPR-2112;Kühe;93,8;2020=100;PRE018;Erzeugerpreisindizes landwirtschaftlicher Produkte
61211;Index der Erzeugerpreise landwirtschaftl. Produkte;JAHR;Jahr;2003;DINSG;Deutschland insgesamt;DG;Deutschland;PROAT1;Landwirtschaftliche Produkte;LWPR-133;Futterpflanzen;-;2020=100;PRE018;Erzeugerpreisindizes landwirtschaftlicher Produkte
61211;Index der Erzeugerpreise landwirtschaftl. Produkte;JAHR;Jahr;2017;DINSG;Deutschland insgesamt;DG;Deutschland;PROAT1;Landwirtschaftliche Produkte;LWPR-212;Schweine;102,1;2020=100;PRE018;Erzeugerpreisindizes landwirtschaftlicher Produkte
61211;Index der Erzeugerpreise landwirtschaftl. Produkte;JAHR;Jahr;2022;DINSG;Deutschland insgesamt;DG;Deutschland;PROAT1;Landwirtschaftliche Produkte;LWPR-1213;Futterweizen;178,2;2020=100;PRE018;Erzeugerpreisindizes landwirtschaftlicher Produkte
61211;Index der Erzeugerpreise landwirtschaftl. Produkte;JAHR;Jahr;2003;DINSG;Deutschland insgesamt;DG;Deutschland;PROAT1;Landwirtschaftliche Produkte;LWPR-2111;Jungbullen;69,9;2020=100;PRE018;Erzeugerpreisindizes landwirtschaftlicher Produkte
61211;Index der Erzeugerpreise landwirtschaftl. Produkte;JAHR;Jahr;1986;DINSG;Deutschland insgesamt;DG;Deutschland;PROAT1;Landwirtschaftliche Produkte;LWPR-141;Speisekartoffeln;27,9;2020=100;PRE018;Erzeugerpreisindizes landwirtschaftlicher Produkte
61211;Index der Erzeugerpreise landwirtschaftl. Produkte;JAHR;Jahr;2016;DINSG;Deutschland insgesamt;DG;Deutschland;PROAT1;Landwirtschaftliche Produkte;LWPR-1517;Salat;96,4;2020=100;PRE018;Erzeugerpreisindizes landwirtschaftlicher Produkte
61211;Index der Erzeugerpreise landwirtschaftl. Produkte;JAHR;Jahr;1973;DINSG;Deutschland insgesamt;DG;Deutschland;PROAT1;Landwirtschaftliche Produkte;LWPR-1213;Futterweizen;-;2020=100;PRE018;Erzeugerpreisindizes landwirtschaftlicher Produkte
61211;Index der Erzeugerpreise landwirtschaftl. Produkte;JAHR;Jahr;2007;DINSG;Deutschland insgesamt;DG;Deutschland;PROAT1;Landwirtschaftliche Produkte;LWPR-1216;Körnermais;110,1;2020=100;PRE018;Erzeugerpreisindizes landwirtschaftlicher Produkte
61211;Index der Erzeugerpreise landwirtschaftl. Produkte;JAHR;Jahr;1984;DINSG;Deutschland insgesamt;DG;Deutschland;PROAT1;Landwirtschaftliche Produkte;LWPR-121;Getreide;143,9;2020=100;PRE018;Erzeugerpreisindizes landwirtschaftlicher Produkte
61211;Index der Erzeugerpreise landwirtschaftl. Produkte;JAHR;Jahr;1992;DINSG;Deutschland insgesamt;DG;Deutschland;PROAT1;Landwirtschaftliche Produkte;LWPR-1211;Brotweizen;99,6;2020=100;PRE018;Erzeugerpreisindizes landwirtschaftlicher Produkte
61211;Index der Erzeugerpreise landwirtschaftl. Produkte;JAHR;Jahr;1990;DINSG;Deutschland insgesamt;DG;Deutschland;PROAT1;Landwirtschaftliche Produkte;LWPR-14;Kartoffeln (einschließlich Pflanzkartoffeln);48,1;2020=100;PRE018;Erzeugerpreisindizes landwirtschaftlicher Produkte
61211;Index der Erzeugerpreise landwirtschaftl. Produkte;JAHR;Jahr;2003;DINSG;Deutschland insgesamt;DG;Deutschland;PROAT1;Landwirtschaftliche Produkte;LWPR-1522;Topfpflanzen;94,4;2020=100;PRE018;Erzeugerpreisindizes landwirtschaftlicher Produkte
61211;Index der Erzeugerpreise landwirtschaftl. Produkte;JAHR;Jahr;1995;DINSG;Deutschland insgesamt;DG;Deutschland;PROAT1;Landwirtschaftliche Produkte;LWPR-151;Gemüse;64,0;2020=100;PRE018;Erzeugerpreisindizes landwirtschaftlicher Produkte
61211;Index der Erzeugerpreise landwirtschaftl. Produkte;JAHR;Jahr;2006;DINSG;Deutschland insgesamt;DG;Deutschland;PROAT1;Landwirtschaftliche Produkte;LWPR-1513;Gurken;90,6;2020=100;PRE018;Erzeugerpreisindizes landwirtschaftlicher Produkte
61211;Index der Erzeugerpreise landwirtschaftl. Produkte;JAHR;Jahr;1987;DINSG;Deutschland insgesamt;DG;Deutschland;PROAT1;Landwirtschaftliche Produkte;LWPR-1214;Futtergerste;126,9;2020=100;PRE018;Erzeugerpreisindizes landwirtschaftlicher Produkte
61211;Index der Erzeugerpreise landwirtschaftl. Produkte;JAHR;Jahr;1979;DINSG;Deutschland insgesamt;DG;Deutschland;PROAT1;Landwirtschaftliche Produkte;LWPR-1511;Blumenkohl;22,7;2020=100;PRE018;Erzeugerpreisindizes landwirtschaftlicher Produkte
61211;Index der Erzeugerpreise landwirtschaftl. Produkte;JAHR;Jahr;2021;DINSG;Deutschland insgesamt;DG;Deutschland;PROAT1;Landwirtschaftliche Produkte;LWPR-1515;Spargel;101,0;2020=100;PRE018;Erzeugerpreisindizes landwirtschaftlicher Produkte
61211;Index der Erzeugerpreise landwirtschaftl. Produkte;JAHR;Jahr;1970;DINSG;Deutschland insgesamt;DG;Deutschland;PROAT1;Landwirtschaftliche Produkte;LWPR-132;Zuckerrüben;89,7;2020=100;PRE018;Erzeugerpreisindizes landwirtschaftlicher Produkte
61211;Index der Erzeugerpreise landwirtschaftl. Produkte;JAHR;Jahr;2014;DINSG;Deutschland insgesamt;DG;Deutschland;PROAT1;Landwirtschaftliche Produkte;LWPR-1216;Körnermais;85,6;2020=100;PRE018;Erzeugerpreisindizes landwirtschaftlicher Produkte
61211;Index der Erzeugerpreise landwirtschaftl. Produkte;JAHR;Jahr;1969;DINSG;Deutschland insgesamt;DG;Deutschland;PROAT1;Landwirtschaftliche Produkte;LWPR-2;Tierische Erzeugung;74,5;2020=100;PRE018;Erzeugerpreisindizes landwirtschaftlicher Produkte
61211;Index der Erzeugerpreise landwirtschaftl. Produkte;JAHR;Jahr;1999;DINSG;Deutschland insgesamt;DG;Deutschland;PROAT1;Landwirtschaftliche Produkte;LWPR-1212;Brotroggen;70,5;2020=100;PRE018;Erzeugerpreisindizes landwirtschaftlicher Produkte
61211;Index der Erzeugerpreise landwirtschaftl. Produkte;JAHR;Jahr;2000;DINSG;Deutschland insgesamt;DG;Deutschland;PROAT1;Landwirtschaftliche Produkte;LWPR-1215;Braugerste;79,2;2020=100;PRE018;Erzeugerpreisindizes landwirtschaftlicher Produkte
61211;Index der Erzeugerpreise landwirtschaftl. Produkte;JAHR;Jahr;1997;DINSG;Deutschland insgesamt;DG;Deutschland;PROAT1;Landwirtschaftliche Produkte;LWPR-1;Pflanzliche Erzeugung;74,3;2020=100;PRE018;Erzeugerpreisindizes landwirtschaftlicher Produkte
61211;Index der Erzeugerpreise landwirtschaftl. Produkte;JAHR;Jahr;1982;DINSG;Deutschland insgesamt;DG;Deutschland;PROAT1;Landwirtschaftliche Produkte;LWPR-212;Schweine;141,9;2020=100;PRE018;Erzeugerpreisindizes landwirtschaftlicher Produkte
61211;Index der Erzeugerpreise landwirtschaftl. Produkte;JAHR;Jahr;2002;DINSG;Deutschland insgesamt;DG;Deutschland;PROAT1;Landwirtschaftliche Produkte;LWPR-211;Rinder;69,2;2020=100;PRE018;Erzeugerpreisindizes landwirtschaftlicher Produkte
61211;Index der Erzeugerpreise landwirtschaftl. Produkte;JAHR;Jahr;2025;DINSG;Deutschland insgesamt;DG;Deutschland;PROAT1;Landwirtschaftliche Produkte;LWPR-2113;Färsen;196,8;2020=100;PRE018;Erzeugerpreisindizes landwirtschaftlicher Produkte
61211;Index der Erzeugerpreise landwirtschaftl. Produkte;JAHR;Jahr;2018;DINSG;Deutschland insgesamt;DG;Deutschland;PROAT1;Landwirtschaftliche Produkte;LWPR-15;Erzeugnisse des Gemüse- und Gartenbaus;97,4;2020=100;PRE018;Erzeugerpreisindizes landwirtschaftlicher Produkte
61211;Index der Erzeugerpreise landwirtschaftl. Produkte;JAHR;Jahr;2013;DINSG;Deutschland insgesamt;DG;Deutschland;PROAT1;Landwirtschaftliche Produkte;LWPR-152;Pflanzen und Blumen;93,6;2020=100;PRE018;Erzeugerpreisindizes landwirtschaftlicher Produkte
61211;Index der Erzeugerpreise landwirtschaftl. Produkte;JAHR;Jahr;1972;DINSG;Deutschland insgesamt;DG;Deutschland;PROAT1;Landwirtschaftliche Produkte;LWPR-2111;Jungbullen;90,3;2020=100;PRE018;Erzeugerpreisindizes landwirtschaftlicher Produkte
61211;Index der Erzeugerpreise landwirtschaftl. Produkte;JAHR;Jahr;1969;DINSG;Deutschland insgesamt;DG;Deutschland;PROAT1;Landwirtschaftliche Produkte;LWPR-1213;Futterweizen;-;2020=100;PRE018;Erzeugerpreisindizes landwirtschaftlicher Produkte
61211;Index der Erzeugerpreise landwirtschaftl. Produkte;JAHR;Jahr;1978;DINSG;Deutschland insgesamt;DG;Deutschland;PROAT1;Landwirtschaftliche Produkte;LWPR-141;Speisekartoffeln;25,4;2020=100;PRE018;Erzeugerpreisindizes landwirtschaftlicher Produkte
61211;Index der Erzeugerpreise landwirtschaftl. Produkte;JAHR;Jahr;1999;DINSG;Deutschland insgesamt;DG;Deutschland;PROAT1;Landwirtschaftliche Produkte;LWPR-2141;Hähnchen;66,5;2020=100;PRE018;Erzeugerpreisindizes landwirtschaftlicher Produkte
61211;Index der Erzeugerpreise landwirtschaftl. Produkte;JAHR;Jahr;1989;DINSG;Deutschland insgesamt;DG;Deutschland;PROAT1;Landwirtschaftliche Produkte;LWPR-214;Geflügel;88,3;2020=100;PRE018;Erzeugerpreisindizes landwirtschaftlicher Produkte
61211;Index der Erzeugerpreise landwirtschaftl. Produkte;JAHR;Jahr;2004;DINSG;Deutschland insgesamt;DG;Deutschland;PROAT1;Landwirtschaftliche Produkte;LWPR-1212;Brotroggen;61,3;2020=100;PRE018;Erzeugerpreisindizes landwirtschaftlicher Produkte
61211;Index der Erzeugerpreise landwirtschaftl. Produkte;JAHR;Jahr;1976;DINSG;Deutschland insgesamt;DG;Deutschland;PROAT1;Landwirtschaftliche Produkte;LWPR-23;Eier;55,5;2020=100;PRE018;Erzeugerpreisindizes landwirtschaftlicher Produkte
61211;Index der Erzeugerpreise landwirtschaftl. Produkte;JAHR;Jahr;1992;DINSG;Deutschland insgesamt;DG;Deutschland;PROAT1;Landwirtschaftliche Produkte;LWPR-133;Futterpflanzen;-;2020=100;PRE018;Erzeugerpreisindizes landwirtschaftlicher Produkte
61211;Index der Erzeugerpreise landwirtschaftl. Produkte;JAHR;Jahr;1968;DINSG;Deutschland insgesamt;DG;Deutschland;PROAT1;Landwirtschaftliche Produkte;LWPR;Erzeugung landwirtschaftlicher Produkte;65,6;2020=100;PRE018;Erzeugerpreisindizes landwirtschaftlicher Produkte
61211;Index der Erzeugerpreise landwirtschaftl. Produkte;JAHR;Jahr;2025;DINSG;Deutschland insgesamt;DG;Deutschland;PROAT1;Landwirtschaftliche Produkte;LWPR-16;Obst;120,6;2020=100;PRE018;Erzeugerpreisindizes landwirtschaftlicher Produkte
61211;Index der Erzeugerpreise landwirtschaftl. Produkte;JAHR;Jahr;2010;DINSG;Deutschland insgesamt;DG;Deutschland;PROAT1;Landwirtschaftliche Produkte;LWPR-1513;Gurken;72,2;2020=100;PRE018;Erzeugerpreisindizes landwirtschaftlicher Produkte
61211;Index der Erzeugerpreise landwirtschaftl. Produkte;JAHR;Jahr;1987;DINSG;Deutschland insgesamt;DG;Deutschland;PROAT1;Landwirtschaftliche Produkte;LWPR-161;Tafeläpfel;-;2020=100;PRE018;Erzeugerpreisindizes landwirtschaftlicher Produkte
61211;Index der Erzeugerpreise landwirtschaftl. Produkte;JAHR;Jahr;1972;DINSG;Deutschland insgesamt;DG;Deutschland;PROAT1;Landwirtschaftliche Produkte;LWPR-1523;Baumschulerzeugnisse;36,6;2020=100;PRE018;Erzeugerpreisindizes landwirtschaftlicher Produkte
61211;Index der Erzeugerpreise landwirtschaftl. Produkte;JAHR;Jahr;2016;DINSG;Deutschland insgesamt;DG;Deutschland;PROAT1;Landwirtschaftliche Produkte;LWPR-213;Schafe und Ziegen;91,4;2020=100;PRE018;Erzeugerpreisindizes landwirtschaftlicher Produkte
61211;Index der Erzeugerpreise landwirtschaftl. Produkte;JAHR;Jahr;1999;DINSG;Deutschland insgesamt;DG;Deutschland;PROAT1;Landwirtschaftliche Produkte;LWPR-1;Pflanzliche Erzeugung;69,1;2020=100;PRE018;Erzeugerpreisindizes landwirtschaftlicher Produkte
61211;Index der Erzeugerpreise landwirtschaftl. Produkte;JAHR;Jahr;2003;DINSG;Deutschland insgesamt;DG;Deutschland;PROAT1;Landwirtschaftliche Produkte;LWPR-22;Milch;88,4;2020=100;PRE018;Erzeugerpreisindizes landwirtschaftlicher Produkte
61211;Index der Erzeugerpreise landwirtschaftl. Produkte;JAHR;Jahr;1975;DINSG;Deutschland insgesamt;DG;Deutschland;PROAT1;Landwirtschaftliche Produkte;LWPR-1514;Champignons;-;2020=100;PRE018;Erzeugerpreisindizes landwirtschaftlicher Produkte
61211;Index der Erzeugerpreise landwirtschaftl. Produkte;JAHR;Jahr;1993;DINSG;Deutschland insgesamt;DG;Deutschland;PROAT1;Landwirtschaftliche Produkte;LWPR-22;Milch;92,1;2020=100;PRE018;Erzeugerpreisindizes landwirtschaftlicher Produkte
61211;Index der Erzeugerpreise landwirtschaftl. Produkte;JAHR;Jahr;2015;DINSG;Deutschland insgesamt;DG;Deutschland;PROAT1;Landwirtschaftliche Produkte;LWPR-1213;Futterweizen;91,3;2020=100;PRE018;Erzeugerpreisindizes landwirtschaftlicher Produkte
61211;Index der Erzeugerpreise landwirtschaftl. Produkte;JAHR;Jahr;1990;DINSG;Deutschland insgesamt;DG;Deutschland;PROAT1;Landwirtschaftliche Produkte;LWPR-1515;Spargel;-;2020=100;PRE018;Erzeugerpreisindizes landwirtschaftlicher Produkte
61211;Index der Erzeugerpreise landwirtschaftl. Produkte;JAHR;Jahr;1998;DINSG;Deutschland insgesamt;DG;Deutschland;PROAT1;Landwirtschaftliche Produkte;LWPR-1522;Topfpflanzen;94,5;2020=100;PRE018;Erzeugerpreisindizes landwirtschaftlicher Produkte
61211;Index der Erzeugerpreise landwirtschaftl. Produkte;JAHR;Jahr;1985;DINSG;Deutschland insgesamt;DG;Deutschland;PROAT1;Landwirtschaftliche Produkte;LWPR-132;Zuckerrüben;137,7;2020=100;PRE018;Erzeugerpreisindizes landwirtschaftlicher Produkte
61211;Index der Erzeugerpreise landwirtschaftl. Produkte;JAHR;Jahr;2009;DINSG;Deutschland insgesamt;DG;Deutschland;PROAT1;Landwirtschaftliche Produkte;LWPR-1517;Salat;-;2020=100;PRE018;Erzeugerpreisindizes landwirtschaftlicher Produkte
61211;Index der Erzeugerpreise landwirtschaftl. Produkte;JAHR;Jahr;1998;DINSG;Deutschland insgesamt;DG;Deutschland;PROAT1;Landwirtschaftliche Produkte;LWPR-211;Rinder;79,0;2020=100;PRE018;Erzeugerpreisindizes landwirtschaftlicher Produkte
61211;Index der Erzeugerpreise landwirtschaftl. Produkte;JAHR;Jahr;1972;DINSG;Deutschland insgesamt;DG;Deutschland;PROAT1;Landwirtschaftliche Produkte;LWPR-21;Tiere;97,0;2020=100;PRE018;Erzeugerpreisindizes landwirtschaftlicher Produkte
61211;Index der Erzeugerpreise landwirtschaftl. Produkte;JAHR;Jahr;2024;DINSG;Deutschland insgesamt;DG;Deutschland;PROAT1;Landwirtschaftliche Produkte;LWPR-212;Schweine;130,5;2020=100;PRE018;Erzeugerpreisindizes landwirtschaftlicher Produkte
61211;Index der Erzeugerpreise landwirtschaftl. Produkte;JAHR;Jahr;1981;DINSG;Deutschland insgesamt;DG;Deutschland;PROAT1;Landwirtschaftliche Produkte;LWPR-15171;Eissalat;-;2020=100;PRE018;Erzeugerpreisindizes landwirtschaftlicher Produkte
61211;Index der Erzeugerpreise landwirtschaftl. Produkte;JAHR;Jahr;1979;DINSG;Deutschland insgesamt;DG;Deutschland;PROAT1;Landwirtschaftliche Produkte;LWPR-2112;Kühe;113,9;2020=100;PRE018;Erzeugerpreisindizes landwirtschaftlicher Produkte
61211;Index der Erzeugerpreise landwirtschaftl. Produkte;JAHR;Jahr;1998;DINSG;Deutschland insgesamt;DG;Deutschland;PROAT1;Landwirtschaftliche Produkte;LWPR-1215;Braugerste;77,4;2020=100;PRE018;Erzeugerpreisindizes landwirtschaftlicher Produkte
61211;Index der Erzeugerpreise landwirtschaftl. Produkte;JAHR;Jahr;1987;DINSG;Deutschland insgesamt;DG;Deutschland;PROAT1;Landwirtschaftliche Produkte;LWPR-1521;Schnittblumen;56,7;2020=100;PRE018;Erzeugerpreisindizes landwirtschaftlicher Produkte
61211;Index der Erzeugerpreise landwirtschaftl. Produkte;JAHR;Jahr;2006;DINSG;Deutschland insgesamt;DG;Deutschland;PROAT1;Landwirtschaftliche Produkte;LWPR-21;Tiere;91,1;2020=100;PRE018;Erzeugerpreisindizes landwirtschaftlicher Produkte
61211;Index der Erzeugerpreise landwirtschaftl. Produkte;JAHR;Jahr;2018;DINSG;Deutschland insgesamt;DG;Deutschland;PROAT1;Landwirtschaftliche Produkte;LWPR-121;Getreide;105,6;2020=100;PRE018;Erzeugerpreisindizes landwirtschaftlicher Produkte
61211;Index der Erzeugerpreise landwirtschaftl. Produkte;JAHR;Jahr;1986;DINSG;Deutschland insgesamt;DG;Deutschland;PROAT1;Landwirtschaftliche Produkte;LWPR-1515;Spargel;-;2020=100;PRE018;Erzeugerpreisindizes landwirtschaftlicher Produkte
61211;Index der Erzeugerpreise landwirtschaftl. Produkte;JAHR;Jahr;2000;DINSG;Deutschland insgesamt;DG;Deutschland;PROAT1;Landwirtschaftliche Produkte;LWPR-14;Kartoffeln (einschließlich Pflanzkartoffeln);23,8;2020=100;PRE018;Erzeugerpreisindizes landwirtschaftlicher Produkte
61211;Index der Erzeugerpreise landwirtschaftl. Produkte;JAHR;Jahr;1972;DINSG;Deutschland insgesamt;DG;Deutschland;PROAT1;Landwirtschaftliche Produkte;LWPR-161;Tafeläpfel;-;2020=100;PRE018;Erzeugerpreisindizes landwirtschaftlicher Produkte
61211;Index der Erzeugerpreise landwirtschaftl. Produkte;JAHR;Jahr;2025;DINSG;Deutschland insgesamt;DG;Deutschland;PROAT1;Landwirtschaftliche Produkte;LWPR-1512;Tomaten;113,9;2020=100;PRE018;Erzeugerpreisindizes landwirtschaftlicher Produkte
61211;Index der Erzeugerpreise landwirtschaftl. Produkte;JAHR;Jahr;1968;DINSG;Deutschland insgesamt;DG;Deutschland;PROAT1;Landwirtschaftliche Produkte;LWPR-122;Getreidesaatgut;80,6;2020=100;PRE018;Erzeugerpreisindizes landwirtschaftlicher Produkte
61211;Index der Erzeugerpreise landwirtschaftl. Produkte;JAHR;Jahr;2022;DINSG;Deutschland insgesamt;DG;Deutschland;PROAT1;Landwirtschaftliche Produkte;LWPR-1521;Schnittblumen;120,9;2020=100;PRE018;Erzeugerpreisindizes landwirtschaftlicher Produkte
61211;Index der Erzeugerpreise landwirtschaftl. Produkte;JAHR;Jahr;1974;DINSG;Deutschland insgesamt;DG;Deutschland;PROAT1;Landwirtschaftliche Produkte;LWPR-213;Schafe und Ziegen;-;2020=100;PRE018;Erzeugerpreisindizes landwirtschaftlicher Produkte
61211;Index der Erzeugerpreise landwirtschaftl. Produkte;JAHR;Jahr;2002;DINSG;Deutschland insgesamt;DG;Deutschland;PROAT1;Landwirtschaftliche Produkte;LWPR-1516;Kohlgemüse;-;2020=100;PRE018;Erzeugerpreisindizes landwirtschaftlicher Produkte
61211;Index der Erzeugerpreise landwirtschaftl. Produkte;JAHR;Jahr;1993;DINSG;Deutschland insgesamt;DG;Deutschland;PROAT1;Landwirtschaftliche Produkte;LWPR-131;Raps;62,2;2020=100;PRE018;Erzeugerpreisindizes landwirtschaftlicher Produkte
61211;Index der Erzeugerpreise landwirtschaftl. Produkte;JAHR;Jahr;2021;DINSG;Deutschland insgesamt;DG;Deutschland;PROAT1;Landwirtschaftliche Produkte;LWPR-151;Gemüse;107,8;2020=100;PRE018;Erzeugerpreisindizes landwirtschaftlicher Produkte
61211;Index der Erzeugerpreise landwirtschaftl. Produkte;JAHR;Jahr;1981;DINSG;Deutschland insgesamt;DG;Deutschland;PROAT1;Landwirtschaftliche Produkte;LWPR;Erzeugung landwirtschaftlicher Produkte;99,7;2020=100;PRE018;Erzeugerpreisindizes landwirtschaftlicher Produkte
61211;Index der Erzeugerpreise landwirtschaftl. Produkte;JAHR;Jahr;2014;DINSG;Deutschland insgesamt;DG;Deutschland;PROAT1;Landwirtschaftliche Produkte;LWPR-1523;Baumschulerzeugnisse;97,3;2020=100;PRE018;Erzeugerpreisindizes landwirtschaftlicher Produkte
61211;Index der Erzeugerpreise landwirtschaftl. Produkte;JAHR;Jahr;2017;DINSG;Deutschland insgesamt;DG;Deutschland;PROAT1;Landwirtschaftliche Produkte;LWPR-1514;Champignons;94,4;2020=100;PRE018;Erzeugerpreisindizes landwirtschaftlicher Produkte
61211;Index der Erzeugerpreise landwirtschaftl. Produkte;JAHR;Jahr;1975;DINSG;Deutschland insgesamt;DG;Deutschland;PROAT1;Landwirtschaftliche Produkte;LWPR-211;Rinder;102,7;2020=100;PRE018;Erzeugerpreisindizes landwirtschaftlicher Produkte
61211;Index der Erzeugerpreise landwirtschaftl. Produkte;JAHR;Jahr;1976;DINSG;Deutschland insgesamt;DG;Deutschland;PROAT1;Landwirtschaftliche Produkte;LWPR-122;Getreidesaatgut;123,6;2020=100;PRE018;Erzeugerpreisindizes landwirtschaftlicher Produkte
61211;Index der Erzeugerpreise landwirtschaftl. Produkte;JAHR;Jahr;1968;DINSG;Deutschland insgesamt;DG;Deutschland;PROAT1;Landwirtschaftliche Produkte;LWPR-15;Erzeugnisse des Gemüse- und Gartenbaus;37,0;2020=100;PRE018;Erzeugerpreisindizes landwirtschaftlicher Produkte
61211;Index der Erzeugerpreise landwirtschaftl. Produkte;JAHR;Jahr;1993;DINSG;Deutschland insgesamt;DG;Deutschland;PROAT1;Landwirtschaftliche Produkte;LWPR;Erzeugung landwirtschaftlicher Produkte;81,9;2020=100;PRE018;Erzeugerpreisindizes landwirtschaftlicher Produkte
61211;Index der Erzeugerpreise landwirtschaftl. Produkte;JAHR;Jahr;1969;DINSG;Deutschland insgesamt;DG;Deutschland;PROAT1;Landwirtschaftliche Produkte;LWPR-1212;Brotroggen;119,7;2020=100;PRE018;Erzeugerpreisindizes landwirtschaftlicher Produkte
61211;Index der Erzeugerpreise landwirtschaftl. Produkte;JAHR;Jahr;2018;DINSG;Deutschland insgesamt;DG;Deutschland;PROAT1;Landwirtschaftliche Produkte;LWPR-1521;Schnittblumen;99,8;2020=100;PRE018;Erzeugerpreisindizes landwirtschaftlicher Produkte
61211;Index der Erzeugerpreise landwirtschaftl. Produkte;JAHR;Jahr;2002;DINSG;Deutschland insgesamt;DG;Deutschland;PROAT1;Landwirtschaftliche Produkte;LWPR-161;Tafeläpfel;76,7;2020=100;PRE018;Erzeugerpreisindizes landwirtschaftlicher Produkte
61211;Index der Erzeugerpreise landwirtschaftl. Produkte;JAHR;Jahr;2010;DINSG;Deutschland insgesamt;DG;Deutschland;PROAT1;Landwirtschaftliche Produkte;LWPR-1514;Champignons;95,1;2020=100;PRE018;Erzeugerpreisindizes landwirtschaftlicher Produkte
61211;Index der Erzeugerpreise landwirtschaftl. Produkte;JAHR;Jahr;2006;DINSG;Deutschland insgesamt;DG;Deutschland;PROAT1;Landwirtschaftliche Produkte;LWPR-17;Wein;-;2020=100;PRE018;Erzeugerpreisindizes landwirtschaftlicher Produkte
61211;Index der Erzeugerpreise landwirtschaftl. Produkte;JAHR;Jahr;2006;DINSG;Deutschland insgesamt;DG;Deutschland;PROAT1;Landwirtschaftliche Produkte;LWPR-162;Erdbeeren;64,2;2020=100;PRE018;Erzeugerpreisindizes landwirtschaftlicher Produkte
61211;Index der Erzeugerpreise landwirtschaftl. Produkte;JAHR;Jahr;1979;DINSG;Deutschland insgesamt;DG;Deutschland;PROAT1;Landwirtschaftliche Produkte;LWPR-23;Eier;44,5;2020=100;PRE018;Erzeugerpreisindizes landwirtschaftlicher Produkte
61211;Index der Erzeugerpreise landwirtschaftl. Produkte;JAHR;Jahr;1977;DINSG;Deutschland insgesamt;DG;Deutschland;PROAT1;Landwirtschaftliche Produkte;LWPR-2;Tierische Erzeugung;97,8;2020=100;PRE018;Erzeugerpreisindizes landwirtschaftlicher Produkte
61211;Index der Erzeugerpreise landwirtschaftl. Produkte;JAHR;Jahr;1984;DINSG;Deutschland insgesamt;DG;Deutschland;PROAT1;Landwirtschaftliche Produkte;LWPR-214;Geflügel;103,1;2020=100;PRE018;Erzeugerpreisindizes landwirtschaftlicher Produkte
61211;Index der Erzeugerpreise landwirtschaftl. Produkte;JAHR;Jahr;1987;DINSG;Deutschland insgesamt;DG;Deutschland;PROAT1;Landwirtschaftliche Produkte;LWPR-162;Erdbeeren;50,7;2020=100;PRE018;Erzeugerpreisindizes landwirtschaftlicher Produkte
61211;Index der Erzeugerpreise landwirtschaftl. Produkte;JAHR;Jahr;2015;DINSG;Deutschland insgesamt;DG;Deutschland;PROAT1;Landwirtschaftliche Produkte;LWPR-1214;Futtergerste;98,0;2020=100;PRE018;Erzeugerpreisindizes landwirtschaftlicher Produkte
61211;Index der Erzeugerpreise landwirtschaftl. Produkte;JAHR;Jahr;1986;DINSG;Deutschland insgesamt;DG;Deutschland;PROAT1;Landwirtschaftliche Produkte;LWPR-1216;Körnermais;132,5;2020=100;PRE018;Erzeugerpreisindizes landwirtschaftlicher Produkte
61211;Index der Erzeugerpreise landwirtschaftl. Produkte;JAHR;Jahr;1978;DINSG;Deutschland insgesamt;DG;Deutschland;PROAT1;Landwirtschaftliche Produkte;LWPR-1513;Gurken;-;2020=100;PRE018;Erzeugerpreisindizes landwirtschaftlicher Produkte
61211;Index der Erzeugerpreise landwirtschaftl. Produkte;JAHR;Jahr;2020;DINSG;Deutschland insgesamt;DG;Deutschland;PROAT1;Landwirtschaftliche Produkte;LWPR-1517;Salat;100,0;2020=100;PRE018;Erzeugerpreisindizes landwirtschaftlicher Produkte
61211;Index der Erzeugerpreise landwirtschaftl. Produkte;JAHR;Jahr;1976;DINSG;Deutschland insgesamt;DG;Deutschland;PROAT1;Landwirtschaftliche Produkte;LWPR-211;Rinder;103,4;2020=100;PRE018;Erzeugerpreisindizes landwirtschaftlicher Produkte
61211;Index der Erzeugerpreise landwirtschaftl. Produkte;JAHR;Jahr;2009;DINSG;Deutschland insgesamt;DG;Deutschland;PROAT1;Landwirtschaftliche Produkte;LWPR-132;Zuckerrüben;84,2;2020=100;PRE018;Erzeugerpreisindizes landwirtschaftlicher Produkte
61211;Index der Erzeugerpreise landwirtschaftl. Produkte;JAHR;Jahr;1975;DINSG;Deutschland insgesamt;DG;Deutschland;PROAT1;Landwirtschaftliche Produkte;LWPR-1522;Topfpflanzen;68,7;2020=100;PRE018;Erzeugerpreisindizes landwirtschaftlicher Produkte
61211;Index der Erzeugerpreise landwirtschaftl. Produkte;JAHR;Jahr;1987;DINSG;Deutschland insgesamt;DG;Deutschland;PROAT1;Landwirtschaftliche Produkte;LWPR-2;Tierische Erzeugung;88,0;2020=100;PRE018;Erzeugerpreisindizes landwirtschaftlicher Produkte
61211;Index der Erzeugerpreise landwirtschaftl. Produkte;JAHR;Jahr;2014;DINSG;Deutschland insgesamt;DG;Deutschland;PROAT1;Landwirtschaftliche Produkte;LWPR-12;Getreide (einschließlich Saatgut);94,2;2020=100;PRE018;Erzeugerpreisindizes landwirtschaftlicher Produkte
61211;Index der Erzeugerpreise landwirtschaftl. Produkte;JAHR;Jahr;2001;DINSG;Deutschland insgesamt;DG;Deutschland;PROAT1;Landwirtschaftliche Produkte;LWPR-1213;Futterweizen;62,4;2020=100;PRE018;Erzeugerpreisindizes landwirtschaftlicher Produkte
61211;Index der Erzeugerpreise landwirtschaftl. Produkte;JAHR;Jahr;1969;DINSG;Deutschland insgesamt;DG;Deutschland;PROAT1;Landwirtschaftliche Produkte;LWPR-152;Pflanzen und Blumen;44,9;2020=100;PRE018;Erzeugerpreisindizes landwirtschaftlicher Produkte
61211;Index der Erzeugerpreise landwirtschaftl. Produkte;JAHR;Jahr;1980;DINSG;Deutschland insgesamt;DG;Deutschland;PROAT1;Landwirtschaftliche Produkte;LWPR-213;Schafe und Ziegen;64,9;2020=100;PRE018;Erzeugerpreisindizes landwirtschaftlicher Produkte
61211;Index der Erzeugerpreise landwirtschaftl. Produkte;JAHR;Jahr;1989;DINSG;Deutschland insgesamt;DG;Deutschland;PROAT1;Landwirtschaftliche Produkte;LWPR-1523;Baumschulerzeugnisse;80,3;2020=100;PRE018;Erzeugerpreisindizes landwirtschaftlicher Produkte
61211;Index der Erzeugerpreise landwirtschaftl. Produkte;JAHR;Jahr;1992;DINSG;Deutschland insgesamt;DG;Deutschland;PROAT1;Landwirtschaftliche Produkte;LWPR;Erzeugung landwirtschaftlicher Produkte;89,4;2020=100;PRE018;Erzeugerpreisindizes landwirtschaftlicher Produkte
61211;Index der Erzeugerpreise landwirtschaftl. Produkte;JAHR;Jahr;2022;DINSG;Deutschland insgesamt;DG;Deutschland;PROAT1;Landwirtschaftliche Produkte;LWPR-2113;Färsen;151,3;2020=100;PRE018;Erzeugerpreisindizes landwirtschaftlicher Produkte
61211;Index der Erzeugerpreise landwirtschaftl. Produkte;JAHR;Jahr;1990;DINSG;Deutschland insgesamt;DG;Deutschland;PROAT1;Landwirtschaftliche Produkte;LWPR-15171;Eissalat;-;2020=100;PRE018;Erzeugerpreisindizes landwirtschaftlicher Produkte
61211;Index der Erzeugerpreise landwirtschaftl. Produkte;JAHR;Jahr;2022;DINSG;Deutschland insgesamt;DG;Deutschland;PROAT1;Landwirtschaftliche Produkte;LWPR-133;Futterpflanzen;96,3;2020=100;PRE018;Erzeugerpreisindizes landwirtschaftlicher Produkte
61211;Index der Erzeugerpreise landwirtschaftl. Produkte;JAHR;Jahr;1988;DINSG;Deutschland insgesamt;DG;Deutschland;PROAT1;Landwirtschaftliche Produkte;LWPR-1517;Salat;-;2020=100;PRE018;Erzeugerpreisindizes landwirtschaftlicher Produkte
61211;Index der Erzeugerpreise landwirtschaftl. Produkte;JAHR;Jahr;2000;DINSG;Deutschland insgesamt;DG;Deutschland;PROAT1;Landwirtschaftliche Produkte;LWPR-15;Erzeugnisse des Gemüse- und Gartenbaus;72,6;2020=100;PRE018;Erzeugerpreisindizes landwirtschaftlicher Produkte
61211;Index der Erzeugerpreise landwirtschaftl. Produkte;JAHR;Jahr;1982;DINSG;Deutschland insgesamt;DG;Deutschland;PROAT1;Landwirtschaftliche Produkte;LWPR-131;Raps;-;2020=100;PRE018;Erzeugerpreisindizes landwirtschaftlicher Produkte
61211;Index der Erzeugerpreise landwirtschaftl. Produkte;JAHR;Jahr;2025;DINSG;Deutschland insgesamt;DG;Deutschland;PROAT1;Landwirtschaftliche Produkte;LWPR-1511;Blumenkohl;126,4;2020=100;PRE018;Erzeugerpreisindizes landwirtschaftlicher Produkte
61211;Index der Erzeugerpreise landwirtschaftl. Produkte;JAHR;Jahr;1969;DINSG;Deutschland insgesamt;DG;Deutschland;PROAT1;Landwirtschaftliche Produkte;LWPR-15;Erzeugnisse des Gemüse- und Gartenbaus;38,1;2020=100;PRE018;Erzeugerpreisindizes landwirtschaftlicher Produkte
61211;Index der Erzeugerpreise landwirtschaftl. Produkte;JAHR;Jahr;2019;DINSG;Deutschland insgesamt;DG;Deutschland;PROAT1;Landwirtschaftliche Produkte;LWPR-1211;Brotweizen;95,6;2020=100;PRE018;Erzeugerpreisindizes landwirtschaftlicher Produkte
61211;Index der Erzeugerpreise landwirtschaftl. Produkte;JAHR;Jahr;1974;DINSG;Deutschland insgesamt;DG;Deutschland;PROAT1;Landwirtschaftliche Produkte;LWPR-1516;Kohlgemüse;-;2020=100;PRE018;Erzeugerpreisindizes landwirtschaftlicher Produkte
61211;Index der Erzeugerpreise landwirtschaftl. Produkte;JAHR;Jahr;1995;DINSG;Deutschland insgesamt;DG;Deutschland;PROAT1;Landwirtschaftliche Produkte;LWPR-1517;Salat;-;2020=100;PRE018;Erzeugerpreisindizes landwirtschaftlicher Produkte
61211;Index der Erzeugerpreise landwirtschaftl. Produkte;JAHR;Jahr;2018;DINSG;Deutschland insgesamt;DG;Deutschland;PROAT1;Landwirtschaftliche Produkte;LWPR-15171;Eissalat;135,0;2020=100;PRE018;Erzeugerpreisindizes landwirtschaftlicher Produkte
61211;Index der Erzeugerpreise landwirtschaftl. Produkte;JAHR;Jahr;1980;DINSG;Deutschland insgesamt;DG;Deutschland;PROAT1;Landwirtschaftliche Produkte;LWPR-1212;Brotroggen;152,8;2020=100;PRE018;Erzeugerpreisindizes landwirtschaftlicher Produkte
61211;Index der Erzeugerpreise landwirtschaftl. Produkte;JAHR;Jahr;2002;DINSG;Deutschland insgesamt;DG;Deutschland;PROAT1;Landwirtschaftliche Produkte;LWPR-1517;Salat;-;2020=100;PRE018;Erzeugerpreisindizes landwirtschaftlicher Produkte
61211;Index der Erzeugerpreise landwirtschaftl. Produkte;JAHR;Jahr;2007;DINSG;Deutschland insgesamt;DG;Deutschland;PROAT1;Landwirtschaftliche Produkte;LWPR-17;Wein;-;2020=100;PRE018;Erzeugerpreisindizes landwirtschaftlicher Produkte
61211;Index der Erzeugerpreise landwirtschaftl. Produkte;JAHR;Jahr;1983;DINSG;Deutschland insgesamt;DG;Deutschland;PROAT1;Landwirtschaftliche Produkte;LWPR-2111;Jungbullen;113,5;2020=100;PRE018;Erzeugerpreisindizes landwirtschaftlicher Produkte
61211;Index der Erzeugerpreise landwirtschaftl. Produkte;JAHR;Jahr;2019;DINSG;Deutschland insgesamt;DG;Deutschland;PROAT1;Landwirtschaftliche Produkte;LWPR-151;Gemüse;96,3;2020=100;PRE018;Erzeugerpreisindizes landwirtschaftlicher Produkte
61211;Index der Erzeugerpreise landwirtschaftl. Produkte;JAHR;Jahr;1977;DINSG;Deutschland insgesamt;DG;Deutschland;PROAT1;Landwirtschaftliche Produkte;LWPR-121;Getreide;136,3;2020=100;PRE018;Erzeugerpreisindizes landwirtschaftlicher Produkte
61211;Index der Erzeugerpreise landwirtschaftl. Produkte;JAHR;Jahr;1981;DINSG;Deutschland insgesamt;DG;Deutschland;PROAT1;Landwirtschaftliche Produkte;LWPR-1516;Kohlgemüse;-;2020=100;PRE018;Erzeugerpreisindizes landwirtschaftlicher Produkte
61211;Index der Erzeugerpreise landwirtschaftl. Produkte;JAHR;Jahr;2010;DINSG;Deutschland insgesamt;DG;Deutschland;PROAT1;Landwirtschaftliche Produkte;LWPR-22;Milch;93,4;2020=100;PRE018;Erzeugerpreisindizes landwirtschaftlicher Produkte
61211;Index der Erzeugerpreise landwirtschaftl. Produkte;JAHR;Jahr;1997;DINSG;Deutschland insgesamt;DG;Deutschland;PROAT1;Landwirtschaftliche Produkte;LWPR-2112;Kühe;78,0;2020=100;PRE018;Erzeugerpreisindizes landwirtschaftlicher Produkte
61211;Index der Erzeugerpreise landwirtschaftl. Produkte;JAHR;Jahr;1983;DINSG;Deutschland insgesamt;DG;Deutschland;PROAT1;Landwirtschaftliche Produkte;LWPR-161;Tafeläpfel;-;2020=100;PRE018;Erzeugerpreisindizes landwirtschaftlicher Produkte
61211;Index der Erzeugerpreise landwirtschaftl. Produkte;JAHR;Jahr;1976;DINSG;Deutschland insgesamt;DG;Deutschland;PROAT1;Landwirtschaftliche Produkte;LWPR-1212;Brotroggen;155,6;2020=100;PRE018;Erzeugerpreisindizes landwirtschaftlicher Produkte
61211;Index der Erzeugerpreise landwirtschaftl. Produkte;JAHR;Jahr;2007;DINSG;Deutschland insgesamt;DG;Deutschland;PROAT1;Landwirtschaftliche Produkte;LWPR-214;Geflügel;85,2;2020=100;PRE018;Erzeugerpreisindizes landwirtschaftlicher Produkte
61211;Index der Erzeugerpreise landwirtschaftl. Produkte;JAHR;Jahr;2017;DINSG;Deutschland insgesamt;DG;Deutschland;PROAT1;Landwirtschaftliche Produkte;LWPR-1515;Spargel;79,1;2020=100;PRE018;Erzeugerpreisindizes landwirtschaftlicher Produkte
61211;Index der Erzeugerpreise landwirtschaftl. Produkte;JAHR;Jahr;1994;DINSG;Deutschland insgesamt;DG;Deutschland;PROAT1;Landwirtschaftliche Produkte;LWPR;Erzeugung landwirtschaftlicher Produkte;83,1;2020=100;PRE018;Erzeugerpreisindizes landwirtschaftlicher Produkte
61211;Index der Erzeugerpreise landwirtschaftl. Produkte;JAHR;Jahr;2023;DINSG;Deutschland insgesamt;DG;Deutschland;PROAT1;Landwirtschaftliche Produkte;LWPR-1211;Brotweizen;132,2;2020=100;PRE018;Erzeugerpreisindizes landwirtschaftlicher Produkte
61211;Index der Erzeugerpreise landwirtschaftl. Produkte;JAHR;Jahr;1986;DINSG;Deutschland insgesamt;DG;Deutschland;PROAT1;Landwirtschaftliche Produkte;LWPR-132;Zuckerrüben;137,7;2020=100;PRE018;Erzeugerpreisindizes landwirtschaftlicher Produkte
61211;Index der Erzeugerpreise landwirtschaftl. Produkte;JAHR;Jahr;2004;DINSG;Deutschland insgesamt;DG;Deutschland;PROAT1;Landwirtschaftliche Produkte;LWPR-2112;Kühe;73,9;2020=100;PRE018;Erzeugerpreisindizes landwirtschaftlicher Produkte
61211;Index der Erzeugerpreise landwirtschaftl. Produkte;JAHR;Jahr;2024;DINSG;Deutschland insgesamt;DG;Deutschland;PROAT1;Landwirtschaftliche Produkte;LWPR-1514;Champignons;135,3;2020=100;PRE018;Erzeugerpreisindizes landwirtschaftlicher Produkte
61211;Index der Erzeugerpreise landwirtschaftl. Produkte;JAHR;Jahr;1990;DINSG;Deutschland insgesamt;DG;Deutschland;PROAT1;Landwirtschaftliche Produkte;LWPR-121;Getreide;105,5;2020=100;PRE018;Erzeugerpreisindizes landwirtschaftlicher Produkte
61211;Index der Erzeugerpreise landwirtschaftl. Produkte;JAHR;Jahr;2003;DINSG;Deutschland insgesamt;DG;Deutschland;PROAT1;Landwirtschaftliche Produkte;LWPR-1514;Champignons;87,2;2020=100;PRE018;Erzeugerpreisindizes landwirtschaftlicher Produkte
61211;Index der Erzeugerpreise landwirtschaftl. Produkte;JAHR;Jahr;2012;DINSG;Deutschland insgesamt;DG;Deutschland;PROAT1;Landwirtschaftliche Produkte;LWPR-22;Milch;99,3;2020=100;PRE018;Erzeugerpreisindizes landwirtschaftlicher Produkte
61211;Index der Erzeugerpreise landwirtschaftl. Produkte;JAHR;Jahr;2016;DINSG;Deutschland insgesamt;DG;Deutschland;PROAT1;Landwirtschaftliche Produkte;LWPR-12;Getreide (einschließlich Saatgut);83,8;2020=100;PRE018;Erzeugerpreisindizes landwirtschaftlicher Produkte
61211;Index der Erzeugerpreise landwirtschaftl. Produkte;JAHR;Jahr;2021;DINSG;Deutschland insgesamt;DG;Deutschland;PROAT1;Landwirtschaftliche Produkte;LWPR-1523;Baumschulerzeugnisse;121,8;2020=100;PRE018;Erzeugerpreisindizes landwirtschaftlicher Produkte
61211;Index der Erzeugerpreise landwirtschaftl. Produkte;JAHR;Jahr;1993;DINSG;Deutschland insgesamt;DG;Deutschland;PROAT1;Landwirtschaftliche Produkte;LWPR-212;Schweine;84,5;2020=100;PRE018;Erzeugerpreisindizes landwirtschaftlicher Produkte
61211;Index der Erzeugerpreise landwirtschaftl. Produkte;JAHR;Jahr;2000;DINSG;Deutschland insgesamt;DG;Deutschland;PROAT1;Landwirtschaftliche Produkte;LWPR-1523;Baumschulerzeugnisse;88,2;2020=100;PRE018;Erzeugerpreisindizes landwirtschaftlicher Produkte
61211;Index der Erzeugerpreise landwirtschaftl. Produkte;JAHR;Jahr;1993;DINSG;Deutschland insgesamt;DG;Deutschland;PROAT1;Landwirtschaftliche Produkte;LWPR-1523;Baumschulerzeugnisse;89,1;2020=100;PRE018;Erzeugerpreisindizes landwirtschaftlicher Produkte
61211;Index der Erzeugerpreise landwirtschaftl. Produkte;JAHR;Jahr;1990;DINSG;Deutschland insgesamt;DG;Deutschland;PROAT1;Landwirtschaftliche Produkte;LWPR;Erzeugung landwirtschaftlicher Produkte;91,4;2020=100;PRE018;Erzeugerpreisindizes landwirtschaftlicher Produkte
61211;Index der Erzeugerpreise landwirtschaftl. Produkte;JAHR;Jahr;1996;DINSG;Deutschland insgesamt;DG;Deutschland;PROAT1;Landwirtschaftliche Produkte;LWPR-1514;Champignons;77,2;2020=100;PRE018;Erzeugerpreisindizes landwirtschaftlicher Produkte
61211;Index der Erzeugerpreise landwirtschaftl. Produkte;JAHR;Jahr;1969;DINSG;Deutschland insgesamt;DG;Deutschland;PROAT1;Landwirtschaftliche Produkte;LWPR;Erzeugung landwirtschaftlicher Produkte;69,8;2020=100;PRE018;Erzeugerpreisindizes landwirtschaftlicher Produkte
61211;Index der Erzeugerpreise landwirtschaftl. Produkte;JAHR;Jahr;2013;DINSG;Deutschland insgesamt;DG;Deutschland;PROAT1;Landwirtschaftliche Produkte;LWPR-122;Getreidesaatgut;107,6;2020=100;PRE018;Erzeugerpreisindizes landwirtschaftlicher Produkte
61211;Index der Erzeugerpreise landwirtschaftl. Produkte;JAHR;Jahr;1979;DINSG;Deutschland insgesamt;DG;Deutschland;PROAT1;Landwirtschaftliche Produkte;LWPR-1216;Körnermais;142,9;2020=100;PRE018;Erzeugerpreisindizes landwirtschaftlicher Produkte
61211;Index der Erzeugerpreise landwirtschaftl. Produkte;JAHR;Jahr;2019;DINSG;Deutschland insgesamt;DG;Deutschland;PROAT1;Landwirtschaftliche Produkte;LWPR-15;Erzeugnisse des Gemüse- und Gartenbaus;96,6;2020=100;PRE018;Erzeugerpreisindizes landwirtschaftlicher Produkte
61211;Index der Erzeugerpreise landwirtschaftl. Produkte;JAHR;Jahr;1999;DINSG;Deutschland insgesamt;DG;Deutschland;PROAT1;Landwirtschaftliche Produkte;LWPR-121;Getreide;67,5;2020=100;PRE018;Erzeugerpreisindizes landwirtschaftlicher Produkte
61211;Index der Erzeugerpreise landwirtschaftl. Produkte;JAHR;Jahr;2013;DINSG;Deutschland insgesamt;DG;Deutschland;PROAT1;Landwirtschaftliche Produkte;LWPR-22;Milch;114,3;2020=100;PRE018;Erzeugerpreisindizes landwirtschaftlicher Produkte
61211;Index der Erzeugerpreise landwirtschaftl. Produkte;JAHR;Jahr;1968;DINSG;Deutschland insgesamt;DG;Deutschland;PROAT1;Landwirtschaftliche Produkte;LWPR-1522;Topfpflanzen;59,1;2020=100;PRE018;Erzeugerpreisindizes landwirtschaftlicher Produkte
61211;Index der Erzeugerpreise landwirtschaftl. Produkte;JAHR;Jahr;2011;DINSG;Deutschland insgesamt;DG;Deutschland;PROAT1;Landwirtschaftliche Produkte;LWPR-22;Milch;107,9;2020=100;PRE018;Erzeugerpreisindizes landwirtschaftlicher Produkte
61211;Index der Erzeugerpreise landwirtschaftl. Produkte;JAHR;Jahr;1977;DINSG;Deutschland insgesamt;DG;Deutschland;PROAT1;Landwirtschaftliche Produkte;LWPR-23;Eier;55,7;2020=100;PRE018;Erzeugerpreisindizes landwirtschaftlicher Produkte
61211;Index der Erzeugerpreise landwirtschaftl. Produkte;JAHR;Jahr;2023;DINSG;Deutschland insgesamt;DG;Deutschland;PROAT1;Landwirtschaftliche Produkte;LWPR-2141;Hähnchen;161,2;2020=100;PRE018;Erzeugerpreisindizes landwirtschaftlicher Produkte
61211;Index der Erzeugerpreise landwirtschaftl. Produkte;JAHR;Jahr;2008;DINSG;Deutschland insgesamt;DG;Deutschland;PROAT1;Landwirtschaftliche Produkte;LWPR-1;Pflanzliche Erzeugung;90,1;2020=100;PRE018;Erzeugerpreisindizes landwirtschaftlicher Produkte
61211;Index der Erzeugerpreise landwirtschaftl. Produkte;JAHR;Jahr;2012;DINSG;Deutschland insgesamt;DG;Deutschland;PROAT1;Landwirtschaftliche Produkte;LWPR-212;Schweine;107,7;2020=100;PRE018;Erzeugerpreisindizes landwirtschaftlicher Produkte
61211;Index der Erzeugerpreise landwirtschaftl. Produkte;JAHR;Jahr;1990;DINSG;Deutschland insgesamt;DG;Deutschland;PROAT1;Landwirtschaftliche Produkte;LWPR-15;Erzeugnisse des Gemüse- und Gartenbaus;65,4;2020=100;PRE018;Erzeugerpreisindizes landwirtschaftlicher Produkte
61211;Index der Erzeugerpreise landwirtschaftl. Produkte;JAHR;Jahr;1995;DINSG;Deutschland insgesamt;DG;Deutschland;PROAT1;Landwirtschaftliche Produkte;LWPR-152;Pflanzen und Blumen;80,1;2020=100;PRE018;Erzeugerpreisindizes landwirtschaftlicher Produkte
61211;Index der Erzeugerpreise landwirtschaftl. Produkte;JAHR;Jahr;2015;DINSG;Deutschland insgesamt;DG;Deutschland;PROAT1;Landwirtschaftliche Produkte;LWPR-2113;Färsen;108,7;2020=100;PRE018;Erzeugerpreisindizes landwirtschaftlicher Produkte
61211;Index der Erzeugerpreise landwirtschaftl. Produkte;JAHR;Jahr;2003;DINSG;Deutschland insgesamt;DG;Deutschland;PROAT1;Landwirtschaftliche Produkte;LWPR-214;Geflügel;72,1;2020=100;PRE018;Erzeugerpreisindizes landwirtschaftlicher Produkte
61211;Index der Erzeugerpreise landwirtschaftl. Produkte;JAHR;Jahr;2024;DINSG;Deutschland insgesamt;DG;Deutschland;PROAT1;Landwirtschaftliche Produkte;LWPR-162;Erdbeeren;117,1;2020=100;PRE018;Erzeugerpreisindizes landwirtschaftlicher Produkte
61211;Index der Erzeugerpreise landwirtschaftl. Produkte;JAHR;Jahr;2008;DINSG;Deutschland insgesamt;DG;Deutschland;PROAT1;Landwirtschaftliche Produkte;LWPR-16;Obst;91,3;2020=100;PRE018;Erzeugerpreisindizes landwirtschaftlicher Produkte
61211;Index der Erzeugerpreise landwirtschaftl. Produkte;JAHR;Jahr;2015;DINSG;Deutschland insgesamt;DG;Deutschland;PROAT1;Landwirtschaftliche Produkte;LWPR-12;Getreide (einschließlich Saatgut);94,3;2020=100;PRE018;Erzeugerpreisindizes landwirtschaftlicher Produkte
61211;Index der Erzeugerpreise landwirtschaftl. Produkte;JAHR;Jahr;1968;DINSG;Deutschland insgesamt;DG;Deutschland;PROAT1;Landwirtschaftliche Produkte;LWPR-1215;Braugerste;109,3;2020=100;PRE018;Erzeugerpreisindizes landwirtschaftlicher Produkte
61211;Index der Erzeugerpreise landwirtschaftl. Produkte;JAHR;Jahr;1980;DINSG;Deutschland insgesamt;DG;Deutschland;PROAT1;Landwirtschaftliche Produkte;LWPR-2142;Sonstiges Geflügel;99,2;2020=100;PRE018;Erzeugerpreisindizes landwirtschaftlicher Produkte
61211;Index der Erzeugerpreise landwirtschaftl. Produkte;JAHR;Jahr;1987;DINSG;Deutschland insgesamt;DG;Deutschland;PROAT1;Landwirtschaftliche Produkte;LWPR-1213;Futterweizen;113,3;2020=100;PRE018;Erzeugerpreisindizes landwirtschaftlicher Produkte
61211;Index der Erzeugerpreise landwirtschaftl. Produkte;JAHR;Jahr;2000;DINSG;Deutschland insgesamt;DG;Deutschland;PROAT1;Landwirtschaftliche Produkte;LWPR-1216;Körnermais;68,3;2020=100;PRE018;Erzeugerpreisindizes landwirtschaftlicher Produkte
61211;Index der Erzeugerpreise landwirtschaftl. Produkte;JAHR;Jahr;1976;DINSG;Deutschland insgesamt;DG;Deutschland;PROAT1;Landwirtschaftliche Produkte;LWPR-2112;Kühe;111,2;2020=100;PRE018;Erzeugerpreisindizes landwirtschaftlicher Produkte
61211;Index der Erzeugerpreise landwirtschaftl. Produkte;JAHR;Jahr;2001;DINSG;Deutschland insgesamt;DG;Deutschland;PROAT1;Landwirtschaftliche Produkte;LWPR-131;Raps;83,6;2020=100;PRE018;Erzeugerpreisindizes landwirtschaftlicher Produkte
61211;Index der Erzeugerpreise landwirtschaftl. Produkte;JAHR;Jahr;2007;DINSG;Deutschland insgesamt;DG;Deutschland;PROAT1;Landwirtschaftliche Produkte;LWPR-1511;Blumenkohl;41,3;2020=100;PRE018;Erzeugerpreisindizes landwirtschaftlicher Produkte
61211;Index der Erzeugerpreise landwirtschaftl. Produkte;JAHR;Jahr;1988;DINSG;Deutschland insgesamt;DG;Deutschland;PROAT1;Landwirtschaftliche Produkte;LWPR-214;Geflügel;87,8;2020=100;PRE018;Erzeugerpreisindizes landwirtschaftlicher Produkte
61211;Index der Erzeugerpreise landwirtschaftl. Produkte;JAHR;Jahr;2011;DINSG;Deutschland insgesamt;DG;Deutschland;PROAT1;Landwirtschaftliche Produkte;LWPR-1511;Blumenkohl;47,9;2020=100;PRE018;Erzeugerpreisindizes landwirtschaftlicher Produkte
61211;Index der Erzeugerpreise landwirtschaftl. Produkte;JAHR;Jahr;1997;DINSG;Deutschland insgesamt;DG;Deutschland;PROAT1;Landwirtschaftliche Produkte;LWPR-2;Tierische Erzeugung;88,3;2020=100;PRE018;Erzeugerpreisindizes landwirtschaftlicher Produkte
61211;Index der Erzeugerpreise landwirtschaftl. Produkte;JAHR;Jahr;1982;DINSG;Deutschland insgesamt;DG;Deutschland;PROAT1;Landwirtschaftliche Produkte;LWPR-1522;Topfpflanzen;86,2;2020=100;PRE018;Erzeugerpreisindizes landwirtschaftlicher Produkte
61211;Index der Erzeugerpreise landwirtschaftl. Produkte;JAHR;Jahr;1978;DINSG;Deutschland insgesamt;DG;Deutschland;PROAT1;Landwirtschaftliche Produkte;LWPR-15171;Eissalat;-;2020=100;PRE018;Erzeugerpreisindizes landwirtschaftlicher Produkte
61211;Index der Erzeugerpreise landwirtschaftl. Produkte;JAHR;Jahr;1978;DINSG;Deutschland insgesamt;DG;Deutschland;PROAT1;Landwirtschaftliche Produkte;LWPR-23;Eier;45,9;2020=100;PRE018;Erzeugerpreisindizes landwirtschaftlicher Produkte
61211;Index der Erzeugerpreise landwirtschaftl. Produkte;JAHR;Jahr;1972;DINSG;Deutschland insgesamt;DG;Deutschland;PROAT1;Landwirtschaftliche Produkte;LWPR-1215;Braugerste;117,2;2020=100;PRE018;Erzeugerpreisindizes landwirtschaftlicher Produkte
61211;Index der Erzeugerpreise landwirtschaftl. Produkte;JAHR;Jahr;1985;DINSG;Deutschland insgesamt;DG;Deutschland;PROAT1;Landwirtschaftliche Produkte;LWPR-1513;Gurken;-;2020=100;PRE018;Erzeugerpreisindizes landwirtschaftlicher Produkte
61211;Index der Erzeugerpreise landwirtschaftl. Produkte;JAHR;Jahr;2023;DINSG;Deutschland insgesamt;DG;Deutschland;PROAT1;Landwirtschaftliche Produkte;LWPR-141;Speisekartoffeln;238,8;2020=100;PRE018;Erzeugerpreisindizes landwirtschaftlicher Produkte
61211;Index der Erzeugerpreise landwirtschaftl. Produkte;JAHR;Jahr;1993;DINSG;Deutschland insgesamt;DG;Deutschland;PROAT1;Landwirtschaftliche Produkte;LWPR-1216;Körnermais;84,3;2020=100;PRE018;Erzeugerpreisindizes landwirtschaftlicher Produkte
61211;Index der Erzeugerpreise landwirtschaftl. Produkte;JAHR;Jahr;2009;DINSG;Deutschland insgesamt;DG;Deutschland;PROAT1;Landwirtschaftliche Produkte;LWPR-2141;Hähnchen;101,5;2020=100;PRE018;Erzeugerpreisindizes landwirtschaftlicher Produkte
61211;Index der Erzeugerpreise landwirtschaftl. Produkte;JAHR;Jahr;1986;DINSG;Deutschland insgesamt;DG;Deutschland;PROAT1;Landwirtschaftliche Produkte;LWPR-1523;Baumschulerzeugnisse;72,6;2020=100;PRE018;Erzeugerpreisindizes landwirtschaftlicher Produkte
61211;Index der Erzeugerpreise landwirtschaftl. Produkte;JAHR;Jahr;1992;DINSG;Deutschland insgesamt;DG;Deutschland;PROAT1;Landwirtschaftliche Produkte;LWPR-1517;Salat;-;2020=100;PRE018;Erzeugerpreisindizes landwirtschaftlicher Produkte
61211;Index der Erzeugerpreise landwirtschaftl. Produkte;JAHR;Jahr;1968;DINSG;Deutschland insgesamt;DG;Deutschland;PROAT1;Landwirtschaftliche Produkte;LWPR-131;Raps;-;2020=100;PRE018;Erzeugerpreisindizes landwirtschaftlicher Produkte
61211;Index der Erzeugerpreise landwirtschaftl. Produkte;JAHR;Jahr;1998;DINSG;Deutschland insgesamt;DG;Deutschland;PROAT1;Landwirtschaftliche Produkte;LWPR-122;Getreidesaatgut;83,7;2020=100;PRE018;Erzeugerpreisindizes landwirtschaftlicher Produkte
61211;Index der Erzeugerpreise landwirtschaftl. Produkte;JAHR;Jahr;2004;DINSG;Deutschland insgesamt;DG;Deutschland;PROAT1;Landwirtschaftliche Produkte;LWPR-133;Futterpflanzen;-;2020=100;PRE018;Erzeugerpreisindizes landwirtschaftlicher Produkte
61211;Index der Erzeugerpreise landwirtschaftl. Produkte;JAHR;Jahr;1982;DINSG;Deutschland insgesamt;DG;Deutschland;PROAT1;Landwirtschaftliche Produkte;LWPR-15171;Eissalat;-;2020=100;PRE018;Erzeugerpreisindizes landwirtschaftlicher Produkte
61211;Index der Erzeugerpreise landwirtschaftl. Produkte;JAHR;Jahr;1969;DINSG;Deutschland insgesamt;DG;Deutschland;PROAT1;Landwirtschaftliche Produkte;LWPR-2112;Kühe;83,1;2020=100;PRE018;Erzeugerpreisindizes landwirtschaftlicher Produkte
61211;Index der Erzeugerpreise landwirtschaftl. Produkte;JAHR;Jahr;1982;DINSG;Deutschland insgesamt;DG;Deutschland;PROAT1;Landwirtschaftliche Produkte;LWPR-2114;Kälber;99,9;2020=100;PRE018;Erzeugerpreisindizes landwirtschaftlicher Produkte
61211;Index der Erzeugerpreise landwirtschaftl. Produkte;JAHR;Jahr;2021;DINSG;Deutschland insgesamt;DG;Deutschland;PROAT1;Landwirtschaftliche Produkte;LWPR-21;Tiere;96,6;2020=100;PRE018;Erzeugerpreisindizes landwirtschaftlicher Produkte
61211;Index der Erzeugerpreise landwirtschaftl. Produkte;JAHR;Jahr;1995;DINSG;Deutschland insgesamt;DG;Deutschland;PROAT1;Landwirtschaftliche Produkte;LWPR-121;Getreide;76,9;2020=100;PRE018;Erzeugerpreisindizes landwirtschaftlicher Produkte
61211;Index der Erzeugerpreise landwirtschaftl. Produkte;JAHR;Jahr;2011;DINSG;Deutschland insgesamt;DG;Deutschland;PROAT1;Landwirtschaftliche Produkte;LWPR-2112;Kühe;106,7;2020=100;PRE018;Erzeugerpreisindizes landwirtschaftlicher Produkte
61211;Index der Erzeugerpreise landwirtschaftl. Produkte;JAHR;Jahr;2021;DINSG;Deutschland insgesamt;DG;Deutschland;PROAT1;Landwirtschaftliche Produkte;LWPR-214;Geflügel;107,7;2020=100;PRE018;Erzeugerpreisindizes landwirtschaftlicher Produkte
61211;Index der Erzeugerpreise landwirtschaftl. Produkte;JAHR;Jahr;2000;DINSG;Deutschland insgesamt;DG;Deutschland;PROAT1;Landwirtschaftliche Produkte;LWPR-1;Pflanzliche Erzeugung;68,6;2020=100;PRE018;Erzeugerpreisindizes landwirtschaftlicher Produkte
61211;Index der Erzeugerpreise landwirtschaftl. Produkte;JAHR;Jahr;1977;DINSG;Deutschland insgesamt;DG;Deutschland;PROAT1;Landwirtschaftliche Produkte;LWPR-1516;Kohlgemüse;-;2020=100;PRE018;Erzeugerpreisindizes landwirtschaftlicher Produkte
61211;Index der Erzeugerpreise landwirtschaftl. Produkte;JAHR;Jahr;2016;DINSG;Deutschland insgesamt;DG;Deutschland;PROAT1;Landwirtschaftliche Produkte;LWPR-1211;Brotweizen;83,3;2020=100;PRE018;Erzeugerpreisindizes landwirtschaftlicher Produkte
61211;Index der Erzeugerpreise landwirtschaftl. Produkte;JAHR;Jahr;2003;DINSG;Deutschland insgesamt;DG;Deutschland;PROAT1;Landwirtschaftliche Produkte;LWPR-14;Kartoffeln (einschließlich Pflanzkartoffeln);47,3;2020=100;PRE018;Erzeugerpreisindizes landwirtschaftlicher Produkte
61211;Index der Erzeugerpreise landwirtschaftl. Produkte;JAHR;Jahr;1997;DINSG;Deutschland insgesamt;DG;Deutschland;PROAT1;Landwirtschaftliche Produkte;LWPR-17;Wein;-;2020=100;PRE018;Erzeugerpreisindizes landwirtschaftlicher Produkte
61211;Index der Erzeugerpreise landwirtschaftl. Produkte;JAHR;Jahr;2015;DINSG;Deutschland insgesamt;DG;Deutschland;PROAT1;Landwirtschaftliche Produkte;LWPR-1521;Schnittblumen;82,7;2020=100;PRE018;Erzeugerpreisindizes landwirtschaftlicher Produkte
61211;Index der Erzeugerpreise landwirtschaftl. Produkte;JAHR;Jahr;1995;DINSG;Deutschland insgesamt;DG;Deutschland;PROAT1;Landwirtschaftliche Produkte;LWPR-17;Wein;-;2020=100;PRE018;Erzeugerpreisindizes landwirtschaftlicher Produkte
61211;Index der Erzeugerpreise landwirtschaftl. Produkte;JAHR;Jahr;1975;DINSG;Deutschland insgesamt;DG;Deutschland;PROAT1;Landwirtschaftliche Produkte;LWPR-1215;Braugerste;133,4;2020=100;PRE018;Erzeugerpreisindizes landwirtschaftlicher Produkte
61211;Index der Erzeugerpreise landwirtschaftl. Produkte;JAHR;Jahr;2017;DINSG;Deutschland insgesamt;DG;Deutschland;PROAT1;Landwirtschaftliche Produkte;LWPR-16;Obst;93,4;2020=100;PRE018;Erzeugerpreisindizes landwirtschaftlicher Produkte
61211;Index der Erzeugerpreise landwirtschaftl. Produkte;JAHR;Jahr;2018;DINSG;Deutschland insgesamt;DG;Deutschland;PROAT1;Landwirtschaftliche Produkte;LWPR-1512;Tomaten;126,7;2020=100;PRE018;Erzeugerpreisindizes landwirtschaftlicher Produkte
61211;Index der Erzeugerpreise landwirtschaftl. Produkte;JAHR;Jahr;2014;DINSG;Deutschland insgesamt;DG;Deutschland;PROAT1;Landwirtschaftliche Produkte;LWPR-152;Pflanzen und Blumen;91,2;2020=100;PRE018;Erzeugerpreisindizes landwirtschaftlicher Produkte
61211;Index der Erzeugerpreise landwirtschaftl. Produkte;JAHR;Jahr;2023;DINSG;Deutschland insgesamt;DG;Deutschland;PROAT1;Landwirtschaftliche Produkte;LWPR-21;Tiere;140,8;2020=100;PRE018;Erzeugerpreisindizes landwirtschaftlicher Produkte
61211;Index der Erzeugerpreise landwirtschaftl. Produkte;JAHR;Jahr;1999;DINSG;Deutschland insgesamt;DG;Deutschland;PROAT1;Landwirtschaftliche Produkte;LWPR-152;Pflanzen und Blumen;81,5;2020=100;PRE018;Erzeugerpreisindizes landwirtschaftlicher Produkte
61211;Index der Erzeugerpreise landwirtschaftl. Produkte;JAHR;Jahr;1983;DINSG;Deutschland insgesamt;DG;Deutschland;PROAT1;Landwirtschaftliche Produkte;LWPR-1212;Brotroggen;164,9;2020=100;PRE018;Erzeugerpreisindizes landwirtschaftlicher Produkte
61211;Index der Erzeugerpreise landwirtschaftl. Produkte;JAHR;Jahr;1969;DINSG;Deutschland insgesamt;DG;Deutschland;PROAT1;Landwirtschaftliche Produkte;LWPR-161;Tafeläpfel;-;2020=100;PRE018;Erzeugerpreisindizes landwirtschaftlicher Produkte
61211;Index der Erzeugerpreise landwirtschaftl. Produkte;JAHR;Jahr;2007;DINSG;Deutschland insgesamt;DG;Deutschland;PROAT1;Landwirtschaftliche Produkte;LWPR-161;Tafeläpfel;79,4;2020=100;PRE018;Erzeugerpreisindizes landwirtschaftlicher Produkte
61211;Index der Erzeugerpreise landwirtschaftl. Produkte;JAHR;Jahr;2011;DINSG;Deutschland insgesamt;DG;Deutschland;PROAT1;Landwirtschaftliche Produkte;LWPR-13;Handelsgewächse;121,9;2020=100;PRE018;Erzeugerpreisindizes landwirtschaftlicher Produkte
61211;Index der Erzeugerpreise landwirtschaftl. Produkte;JAHR;Jahr;1989;DINSG;Deutschland insgesamt;DG;Deutschland;PROAT1;Landwirtschaftliche Produkte;LWPR-1514;Champignons;-;2020=100;PRE018;Erzeugerpreisindizes landwirtschaftlicher Produkte
61211;Index der Erzeugerpreise landwirtschaftl. Produkte;JAHR;Jahr;1970;DINSG;Deutschland insgesamt;DG;Deutschland;PROAT1;Landwirtschaftliche Produkte;LWPR-162;Erdbeeren;-;2020=100;PRE018;Erzeugerpreisindizes landwirtschaftlicher Produkte
61211;Index der Erzeugerpreise landwirtschaftl. Produkte;JAHR;Jahr;2020;DINSG;Deutschland insgesamt;DG;Deutschland;PROAT1;Landwirtschaftliche Produkte;LWPR-2141;Hähnchen;100,0;2020=100;PRE018;Erzeugerpreisindizes landwirtschaftlicher Produkte
61211;Index der Erzeugerpreise landwirtschaftl. Produkte;JAHR;Jahr;1994;DINSG;Deutschland insgesamt;DG;Deutschland;PROAT1;Landwirtschaftliche Produkte;LWPR-122;Getreidesaatgut;91,7;2020=100;PRE018;Erzeugerpreisindizes landwirtschaftlicher Produkte
61211;Index der Erzeugerpreise landwirtschaftl. Produkte;JAHR;Jahr;1986;DINSG;Deutschland insgesamt;DG;Deutschland;PROAT1;Landwirtschaftliche Produkte;LWPR-2111;Jungbullen;93,6;2020=100;PRE018;Erzeugerpreisindizes landwirtschaftlicher Produkte
61211;Index der Erzeugerpreise landwirtschaftl. Produkte;JAHR;Jahr;2018;DINSG;Deutschland insgesamt;DG;Deutschland;PROAT1;Landwirtschaftliche Produkte;LWPR-2113;Färsen;110,2;2020=100;PRE018;Erzeugerpreisindizes landwirtschaftlicher Produkte
61211;Index der Erzeugerpreise landwirtschaftl. Produkte;JAHR;Jahr;1991;DINSG;Deutschland insgesamt;DG;Deutschland;PROAT1;Landwirtschaftliche Produkte;LWPR-14;Kartoffeln (einschließlich Pflanzkartoffeln);60,2;2020=100;PRE018;Erzeugerpreisindizes landwirtschaftlicher Produkte
61211;Index der Erzeugerpreise landwirtschaftl. Produkte;JAHR;Jahr;1971;DINSG;Deutschland insgesamt;DG;Deutschland;PROAT1;Landwirtschaftliche Produkte;LWPR-1512;Tomaten;-;2020=100;PRE018;Erzeugerpreisindizes landwirtschaftlicher Produkte
61211;Index der Erzeugerpreise landwirtschaftl. Produkte;JAHR;Jahr;2013;DINSG;Deutschland insgesamt;DG;Deutschland;PROAT1;Landwirtschaftliche Produkte;LWPR-13;Handelsgewächse;112,1;2020=100;PRE018;Erzeugerpreisindizes landwirtschaftlicher Produkte
61211;Index der Erzeugerpreise landwirtschaftl. Produkte;JAHR;Jahr;1982;DINSG;Deutschland insgesamt;DG;Deutschland;PROAT1;Landwirtschaftliche Produkte;LWPR-122;Getreidesaatgut;127,7;2020=100;PRE018;Erzeugerpreisindizes landwirtschaftlicher Produkte
61211;Index der Erzeugerpreise landwirtschaftl. Produkte;JAHR;Jahr;2001;DINSG;Deutschland insgesamt;DG;Deutschland;PROAT1;Landwirtschaftliche Produkte;LWPR-14;Kartoffeln (einschließlich Pflanzkartoffeln);35,6;2020=100;PRE018;Erzeugerpreisindizes landwirtschaftlicher Produkte
61211;Index der Erzeugerpreise landwirtschaftl. Produkte;JAHR;Jahr;2005;DINSG;Deutschland insgesamt;DG;Deutschland;PROAT1;Landwirtschaftliche Produkte;LWPR-2;Tierische Erzeugung;84,5;2020=100;PRE018;Erzeugerpreisindizes landwirtschaftlicher Produkte
61211;Index der Erzeugerpreise landwirtschaftl. Produkte;JAHR;Jahr;1981;DINSG;Deutschland insgesamt;DG;Deutschland;PROAT1;Landwirtschaftliche Produkte;LWPR-212;Schweine;133,0;2020=100;PRE018;Erzeugerpreisindizes landwirtschaftlicher Produkte
61211;Index der Erzeugerpreise landwirtschaftl. Produkte;JAHR;Jahr;1997;DINSG;Deutschland insgesamt;DG;Deutschland;PROAT1;Landwirtschaftliche Produkte;LWPR-1511;Blumenkohl;33,6;2020=100;PRE018;Erzeugerpreisindizes landwirtschaftlicher Produkte
61211;Index der Erzeugerpreise landwirtschaftl. Produkte;JAHR;Jahr;2014;DINSG;Deutschland insgesamt;DG;Deutschland;PROAT1;Landwirtschaftliche Produkte;LWPR-1515;Spargel;-;2020=100;PRE018;Erzeugerpreisindizes landwirtschaftlicher Produkte
61211;Index der Erzeugerpreise landwirtschaftl. Produkte;JAHR;Jahr;2020;DINSG;Deutschland insgesamt;DG;Deutschland;PROAT1;Landwirtschaftliche Produkte;LWPR-1211;Brotweizen;100,0;2020=100;PRE018;Erzeugerpreisindizes landwirtschaftlicher Produkte
61211;Index der Erzeugerpreise landwirtschaftl. Produkte;JAHR;Jahr;1972;DINSG;Deutschland insgesamt;DG;Deutschland;PROAT1;Landwirtschaftliche Produkte;LWPR-1;Pflanzliche Erzeugung;59,6;2020=100;PRE018;Erzeugerpreisindizes landwirtschaftlicher Produkte
61211;Index der Erzeugerpreise landwirtschaftl. Produkte;JAHR;Jahr;1982;DINSG;Deutschland insgesamt;DG;Deutschland;PROAT1;Landwirtschaftliche Produkte;LWPR-1513;Gurken;-;2020=100;PRE018;Erzeugerpreisindizes landwirtschaftlicher Produkte
61211;Index der Erzeugerpreise landwirtschaftl. Produkte;JAHR;Jahr;2015;DINSG;Deutschland insgesamt;DG;Deutschland;PROAT1;Landwirtschaftliche Produkte;LWPR-151;Gemüse;85,0;2020=100;PRE018;Erzeugerpreisindizes landwirtschaftlicher Produkte
61211;Index der Erzeugerpreise landwirtschaftl. Produkte;JAHR;Jahr;2001;DINSG;Deutschland insgesamt;DG;Deutschland;PROAT1;Landwirtschaftliche Produkte;LWPR-122;Getreidesaatgut;81,3;2020=100;PRE018;Erzeugerpreisindizes landwirtschaftlicher Produkte
61211;Index der Erzeugerpreise landwirtschaftl. Produkte;JAHR;Jahr;1990;DINSG;Deutschland insgesamt;DG;Deutschland;PROAT1;Landwirtschaftliche Produkte;LWPR-1216;Körnermais;115,0;2020=100;PRE018;Erzeugerpreisindizes landwirtschaftlicher Produkte
61211;Index der Erzeugerpreise landwirtschaftl. Produkte;JAHR;Jahr;1990;DINSG;Deutschland insgesamt;DG;Deutschland;PROAT1;Landwirtschaftliche Produkte;LWPR-2111;Jungbullen;90,4;2020=100;PRE018;Erzeugerpreisindizes landwirtschaftlicher Produkte
61211;Index der Erzeugerpreise landwirtschaftl. Produkte;JAHR;Jahr;1994;DINSG;Deutschland insgesamt;DG;Deutschland;PROAT1;Landwirtschaftliche Produkte;LWPR-1213;Futterweizen;72,7;2020=100;PRE018;Erzeugerpreisindizes landwirtschaftlicher Produkte
61211;Index der Erzeugerpreise landwirtschaftl. Produkte;JAHR;Jahr;1996;DINSG;Deutschland insgesamt;DG;Deutschland;PROAT1;Landwirtschaftliche Produkte;LWPR-151;Gemüse;57,8;2020=100;PRE018;Erzeugerpreisindizes landwirtschaftlicher Produkte
61211;Index der Erzeugerpreise landwirtschaftl. Produkte;JAHR;Jahr;2008;DINSG;Deutschland insgesamt;DG;Deutschland;PROAT1;Landwirtschaftliche Produkte;LWPR-133;Futterpflanzen;-;2020=100;PRE018;Erzeugerpreisindizes landwirtschaftlicher Produkte
61211;Index der Erzeugerpreise landwirtschaftl. Produkte;JAHR;Jahr;2005;DINSG;Deutschland insgesamt;DG;Deutschland;PROAT1;Landwirtschaftliche Produkte;LWPR-17;Wein;-;2020=100;PRE018;Erzeugerpreisindizes landwirtschaftlicher Produkte
61211;Index der Erzeugerpreise landwirtschaftl. Produkte;JAHR;Jahr;2004;DINSG;Deutschland insgesamt;DG;Deutschland;PROAT1;Landwirtschaftliche Produkte;LWPR-1511;Blumenkohl;22,7;2020=100;PRE018;Erzeugerpreisindizes landwirtschaftlicher Produkte
61211;Index der Erzeugerpreise landwirtschaftl. Produkte;JAHR;Jahr;1992;DINSG;Deutschland insgesamt;DG;Deutschland;PROAT1;Landwirtschaftliche Produkte;LWPR-141;Speisekartoffeln;30,7;2020=100;PRE018;Erzeugerpreisindizes landwirtschaftlicher Produkte
61211;Index der Erzeugerpreise landwirtschaftl. Produkte;JAHR;Jahr;2020;DINSG;Deutschland insgesamt;DG;Deutschland;PROAT1;Landwirtschaftliche Produkte;LWPR-161;Tafeläpfel;100,0;2020=100;PRE018;Erzeugerpreisindizes landwirtschaftlicher Produkte
61211;Index der Erzeugerpreise landwirtschaftl. Produkte;JAHR;Jahr;1979;DINSG;Deutschland insgesamt;DG;Deutschland;PROAT1;Landwirtschaftliche Produkte;LWPR-14;Kartoffeln (einschließlich Pflanzkartoffeln);36,8;2020=100;PRE018;Erzeugerpreisindizes landwirtschaftlicher Produkte
61211;Index der Erzeugerpreise landwirtschaftl. Produkte;JAHR;Jahr;2012;DINSG;Deutschland insgesamt;DG;Deutschland;PROAT1;Landwirtschaftliche Produkte;LWPR-1214;Futtergerste;140,1;2020=100;PRE018;Erzeugerpreisindizes landwirtschaftlicher Produkte
61211;Index der Erzeugerpreise landwirtschaftl. Produkte;JAHR;Jahr;1987;DINSG;Deutschland insgesamt;DG;Deutschland;PROAT1;Landwirtschaftliche Produkte;LWPR-131;Raps;168,3;2020=100;PRE018;Erzeugerpreisindizes landwirtschaftlicher Produkte
61211;Index der Erzeugerpreise landwirtschaftl. Produkte;JAHR;Jahr;2023;DINSG;Deutschland insgesamt;DG;Deutschland;PROAT1;Landwirtschaftliche Produkte;LWPR-1517;Salat;148,9;2020=100;PRE018;Erzeugerpreisindizes landwirtschaftlicher Produkte
61211;Index der Erzeugerpreise landwirtschaftl. Produkte;JAHR;Jahr;1987;DINSG;Deutschland insgesamt;DG;Deutschland;PROAT1;Landwirtschaftliche Produkte;LWPR-22;Milch;92,6;2020=100;PRE018;Erzeugerpreisindizes landwirtschaftlicher Produkte
61211;Index der Erzeugerpreise landwirtschaftl. Produkte;JAHR;Jahr;2016;DINSG;Deutschland insgesamt;DG;Deutschland;PROAT1;Landwirtschaftliche Produkte;LWPR-2141;Hähnchen;107,0;2020=100;PRE018;Erzeugerpreisindizes landwirtschaftlicher Produkte
61211;Index der Erzeugerpreise landwirtschaftl. Produkte;JAHR;Jahr;2014;DINSG;Deutschland insgesamt;DG;Deutschland;PROAT1;Landwirtschaftliche Produkte;LWPR-21;Tiere;102,2;2020=100;PRE018;Erzeugerpreisindizes landwirtschaftlicher Produkte
61211;Index der Erzeugerpreise landwirtschaftl. Produkte;JAHR;Jahr;2005;DINSG;Deutschland insgesamt;DG;Deutschland;PROAT1;Landwirtschaftliche Produkte;LWPR-132;Zuckerrüben;120,2;2020=100;PRE018;Erzeugerpreisindizes landwirtschaftlicher Produkte
61211;Index der Erzeugerpreise landwirtschaftl. Produkte;JAHR;Jahr;1973;DINSG;Deutschland insgesamt;DG;Deutschland;PROAT1;Landwirtschaftliche Produkte;LWPR-151;Gemüse;33,6;2020=100;PRE018;Erzeugerpreisindizes landwirtschaftlicher Produkte
61211;Index der Erzeugerpreise landwirtschaftl. Produkte;JAHR;Jahr;2022;DINSG;Deutschland insgesamt;DG;Deutschland;PROAT1;Landwirtschaftliche Produkte;LWPR-15171;Eissalat;132,0;2020=100;PRE018;Erzeugerpreisindizes landwirtschaftlicher Produkte
61211;Index der Erzeugerpreise landwirtschaftl. Produkte;JAHR;Jahr;2003;DINSG;Deutschland insgesamt;DG;Deutschland;PROAT1;Landwirtschaftliche Produkte;LWPR;Erzeugung landwirtschaftlicher Produkte;79,7;2020=100;PRE018;Erzeugerpreisindizes landwirtschaftlicher Produkte
61211;Index der Erzeugerpreise landwirtschaftl. Produkte;JAHR;Jahr;2006;DINSG;Deutschland insgesamt;DG;Deutschland;PROAT1;Landwirtschaftliche Produkte;LWPR-13;Handelsgewächse;101,2;2020=100;PRE018;Erzeugerpreisindizes landwirtschaftlicher Produkte
61211;Index der Erzeugerpreise landwirtschaftl. Produkte;JAHR;Jahr;2008;DINSG;Deutschland insgesamt;DG;Deutschland;PROAT1;Landwirtschaftliche Produkte;LWPR-1214;Futtergerste;110,1;2020=100;PRE018;Erzeugerpreisindizes landwirtschaftlicher Produkte
61211;Index der Erzeugerpreise landwirtschaftl. Produkte;JAHR;Jahr;2018;DINSG;Deutschland insgesamt;DG;Deutschland;PROAT1;Landwirtschaftliche Produkte;LWPR-152;Pflanzen und Blumen;96,4;2020=100;PRE018;Erzeugerpreisindizes landwirtschaftlicher Produkte
61211;Index der Erzeugerpreise landwirtschaftl. Produkte;JAHR;Jahr;2024;DINSG;Deutschland insgesamt;DG;Deutschland;PROAT1;Landwirtschaftliche Produkte;LWPR-2;Tierische Erzeugung;140,6;2020=100;PRE018;Erzeugerpreisindizes landwirtschaftlicher Produkte
61211;Index der Erzeugerpreise landwirtschaftl. Produkte;JAHR;Jahr;1971;DINSG;Deutschland insgesamt;DG;Deutschland;PROAT1;Landwirtschaftliche Produkte;LWPR-21;Tiere;83,6;2020=100;PRE018;Erzeugerpreisindizes landwirtschaftlicher Produkte
61211;Index der Erzeugerpreise landwirtschaftl. Produkte;JAHR;Jahr;1972;DINSG;Deutschland insgesamt;DG;Deutschland;PROAT1;Landwirtschaftliche Produkte;LWPR-1211;Brotweizen;107,8;2020=100;PRE018;Erzeugerpreisindizes landwirtschaftlicher Produkte
61211;Index der Erzeugerpreise landwirtschaftl. Produkte;JAHR;Jahr;1970;DINSG;Deutschland insgesamt;DG;Deutschland;PROAT1;Landwirtschaftliche Produkte;LWPR-12;Getreide (einschließlich Saatgut);106,6;2020=100;PRE018;Erzeugerpreisindizes landwirtschaftlicher Produkte
61211;Index der Erzeugerpreise landwirtschaftl. Produkte;JAHR;Jahr;2007;DINSG;Deutschland insgesamt;DG;Deutschland;PROAT1;Landwirtschaftliche Produkte;LWPR-1515;Spargel;-;2020=100;PRE018;Erzeugerpreisindizes landwirtschaftlicher Produkte
61211;Index der Erzeugerpreise landwirtschaftl. Produkte;JAHR;Jahr;1986;DINSG;Deutschland insgesamt;DG;Deutschland;PROAT1;Landwirtschaftliche Produkte;LWPR-1212;Brotroggen;142,3;2020=100;PRE018;Erzeugerpreisindizes landwirtschaftlicher Produkte
61211;Index der Erzeugerpreise landwirtschaftl. Produkte;JAHR;Jahr;2020;DINSG;Deutschland insgesamt;DG;Deutschland;PROAT1;Landwirtschaftliche Produkte;LWPR-1513;Gurken;100,0;2020=100;PRE018;Erzeugerpreisindizes landwirtschaftlicher Produkte
61211;Index der Erzeugerpreise landwirtschaftl. Produkte;JAHR;Jahr;2013;DINSG;Deutschland insgesamt;DG;Deutschland;PROAT1;Landwirtschaftliche Produkte;LWPR-1211;Brotweizen;110,7;2020=100;PRE018;Erzeugerpreisindizes landwirtschaftlicher Produkte
61211;Index der Erzeugerpreise landwirtschaftl. Produkte;JAHR;Jahr;1983;DINSG;Deutschland insgesamt;DG;Deutschland;PROAT1;Landwirtschaftliche Produkte;LWPR-2142;Sonstiges Geflügel;107,6;2020=100;PRE018;Erzeugerpreisindizes landwirtschaftlicher Produkte
61211;Index der Erzeugerpreise landwirtschaftl. Produkte;JAHR;Jahr;1999;DINSG;Deutschland insgesamt;DG;Deutschland;PROAT1;Landwirtschaftliche Produkte;LWPR-16;Obst;58,7;2020=100;PRE018;Erzeugerpreisindizes landwirtschaftlicher Produkte
61211;Index der Erzeugerpreise landwirtschaftl. Produkte;JAHR;Jahr;2002;DINSG;Deutschland insgesamt;DG;Deutschland;PROAT1;Landwirtschaftliche Produkte;LWPR-23;Eier;50,1;2020=100;PRE018;Erzeugerpreisindizes landwirtschaftlicher Produkte
61211;Index der Erzeugerpreise landwirtschaftl. Produkte;JAHR;Jahr;2022;DINSG;Deutschland insgesamt;DG;Deutschland;PROAT1;Landwirtschaftliche Produkte;LWPR-12;Getreide (einschließlich Saatgut);183,1;2020=100;PRE018;Erzeugerpreisindizes landwirtschaftlicher Produkte
61211;Index der Erzeugerpreise landwirtschaftl. Produkte;JAHR;Jahr;1979;DINSG;Deutschland insgesamt;DG;Deutschland;PROAT1;Landwirtschaftliche Produkte;LWPR;Erzeugung landwirtschaftlicher Produkte;92,6;2020=100;PRE018;Erzeugerpreisindizes landwirtschaftlicher Produkte
61211;Index der Erzeugerpreise landwirtschaftl. Produkte;JAHR;Jahr;1992;DINSG;Deutschland insgesamt;DG;Deutschland;PROAT1;Landwirtschaftliche Produkte;LWPR-213;Schafe und Ziegen;54,8;2020=100;PRE018;Erzeugerpreisindizes landwirtschaftlicher Produkte
61211;Index der Erzeugerpreise landwirtschaftl. Produkte;JAHR;Jahr;2017;DINSG;Deutschland insgesamt;DG;Deutschland;PROAT1;Landwirtschaftliche Produkte;LWPR-1;Pflanzliche Erzeugung;93,1;2020=100;PRE018;Erzeugerpreisindizes landwirtschaftlicher Produkte
61211;Index der Erzeugerpreise landwirtschaftl. Produkte;JAHR;Jahr;1978;DINSG;Deutschland insgesamt;DG;Deutschland;PROAT1;Landwirtschaftliche Produkte;LWPR;Erzeugung landwirtschaftlicher Produkte;91,2;2020=100;PRE018;Erzeugerpreisindizes landwirtschaftlicher Produkte
61211;Index der Erzeugerpreise landwirtschaftl. Produkte;JAHR;Jahr;2025;DINSG;Deutschland insgesamt;DG;Deutschland;PROAT1;Landwirtschaftliche Produkte;LWPR-161;Tafeläpfel;123,8;2020=100;PRE018;Erzeugerpreisindizes landwirtschaftlicher Produkte
61211;Index der Erzeugerpreise landwirtschaftl. Produkte;JAHR;Jahr;1971;DINSG;Deutschland insgesamt;DG;Deutschland;PROAT1;Landwirtschaftliche Produkte;LWPR-12;Getreide (einschließlich Saatgut);106,2;2020=100;PRE018;Erzeugerpreisindizes landwirtschaftlicher Produkte
61211;Index der Erzeugerpreise landwirtschaftl. Produkte;JAHR;Jahr;1973;DINSG;Deutschland insgesamt;DG;Deutschland;PROAT1;Landwirtschaftliche Produkte;LWPR-2112;Kühe;100,6;2020=100;PRE018;Erzeugerpreisindizes landwirtschaftlicher Produkte
61211;Index der Erzeugerpreise landwirtschaftl. Produkte;JAHR;Jahr;2019;DINSG;Deutschland insgesamt;DG;Deutschland;PROAT1;Landwirtschaftliche Produkte;LWPR-2114;Kälber;109,2;2020=100;PRE018;Erzeugerpreisindizes landwirtschaftlicher Produkte
61211;Index der Erzeugerpreise landwirtschaftl. Produkte;JAHR;Jahr;2024;DINSG;Deutschland insgesamt;DG;Deutschland;PROAT1;Landwirtschaftliche Produkte;LWPR-1523;Baumschulerzeugnisse;186,8;2020=100;PRE018;Erzeugerpreisindizes landwirtschaftlicher Produkte
61211;Index der Erzeugerpreise landwirtschaftl. Produkte;JAHR;Jahr;1996;DINSG;Deutschland insgesamt;DG;Deutschland;PROAT1;Landwirtschaftliche Produkte;LWPR-1216;Körnermais;89,7;2020=100;PRE018;Erzeugerpreisindizes landwirtschaftlicher Produkte
61211;Index der Erzeugerpreise landwirtschaftl. Produkte;JAHR;Jahr;1985;DINSG;Deutschland insgesamt;DG;Deutschland;PROAT1;Landwirtschaftliche Produkte;LWPR-2114;Kälber;94,2;2020=100;PRE018;Erzeugerpreisindizes landwirtschaftlicher Produkte
61211;Index der Erzeugerpreise landwirtschaftl. Produkte;JAHR;Jahr;1971;DINSG;Deutschland insgesamt;DG;Deutschland;PROAT1;Landwirtschaftliche Produkte;LWPR-1521;Schnittblumen;43,6;2020=100;PRE018;Erzeugerpreisindizes landwirtschaftlicher Produkte
61211;Index der Erzeugerpreise landwirtschaftl. Produkte;JAHR;Jahr;2006;DINSG;Deutschland insgesamt;DG;Deutschland;PROAT1;Landwirtschaftliche Produkte;LWPR-131;Raps;91,5;2020=100;PRE018;Erzeugerpreisindizes landwirtschaftlicher Produkte
61211;Index der Erzeugerpreise landwirtschaftl. Produkte;JAHR;Jahr;2011;DINSG;Deutschland insgesamt;DG;Deutschland;PROAT1;Landwirtschaftliche Produkte;LWPR-213;Schafe und Ziegen;77,9;2020=100;PRE018;Erzeugerpreisindizes landwirtschaftlicher Produkte
61211;Index der Erzeugerpreise landwirtschaftl. Produkte;JAHR;Jahr;1992;DINSG;Deutschland insgesamt;DG;Deutschland;PROAT1;Landwirtschaftliche Produkte;LWPR-1522;Topfpflanzen;94,9;2020=100;PRE018;Erzeugerpreisindizes landwirtschaftlicher Produkte
61211;Index der Erzeugerpreise landwirtschaftl. Produkte;JAHR;Jahr;2001;DINSG;Deutschland insgesamt;DG;Deutschland;PROAT1;Landwirtschaftliche Produkte;LWPR-23;Eier;48,5;2020=100;PRE018;Erzeugerpreisindizes landwirtschaftlicher Produkte
61211;Index der Erzeugerpreise landwirtschaftl. Produkte;JAHR;Jahr;1990;DINSG;Deutschland insgesamt;DG;Deutschland;PROAT1;Landwirtschaftliche Produkte;LWPR-152;Pflanzen und Blumen;75,0;2020=100;PRE018;Erzeugerpreisindizes landwirtschaftlicher Produkte
61211;Index der Erzeugerpreise landwirtschaftl. Produkte;JAHR;Jahr;2001;DINSG;Deutschland insgesamt;DG;Deutschland;PROAT1;Landwirtschaftliche Produkte;LWPR;Erzeugung landwirtschaftlicher Produkte;84,3;2020=100;PRE018;Erzeugerpreisindizes landwirtschaftlicher Produkte
61211;Index der Erzeugerpreise landwirtschaftl. Produkte;JAHR;Jahr;2019;DINSG;Deutschland insgesamt;DG;Deutschland;PROAT1;Landwirtschaftliche Produkte;LWPR-1215;Braugerste;108,9;2020=100;PRE018;Erzeugerpreisindizes landwirtschaftlicher Produkte
61211;Index der Erzeugerpreise landwirtschaftl. Produkte;JAHR;Jahr;1995;DINSG;Deutschland insgesamt;DG;Deutschland;PROAT1;Landwirtschaftliche Produkte;LWPR-1513;Gurken;87,7;2020=100;PRE018;Erzeugerpreisindizes landwirtschaftlicher Produkte
61211;Index der Erzeugerpreise landwirtschaftl. Produkte;JAHR;Jahr;1982;DINSG;Deutschland insgesamt;DG;Deutschland;PROAT1;Landwirtschaftliche Produkte;LWPR-1215;Braugerste;157,4;2020=100;PRE018;Erzeugerpreisindizes landwirtschaftlicher Produkte
61211;Index der Erzeugerpreise landwirtschaftl. Produkte;JAHR;Jahr;2008;DINSG;Deutschland insgesamt;DG;Deutschland;PROAT1;Landwirtschaftliche Produkte;LWPR-1521;Schnittblumen;72,5;2020=100;PRE018;Erzeugerpreisindizes landwirtschaftlicher Produkte
61211;Index der Erzeugerpreise landwirtschaftl. Produkte;JAHR;Jahr;2012;DINSG;Deutschland insgesamt;DG;Deutschland;PROAT1;Landwirtschaftliche Produkte;LWPR-1521;Schnittblumen;86,8;2020=100;PRE018;Erzeugerpreisindizes landwirtschaftlicher Produkte
61211;Index der Erzeugerpreise landwirtschaftl. Produkte;JAHR;Jahr;2010;DINSG;Deutschland insgesamt;DG;Deutschland;PROAT1;Landwirtschaftliche Produkte;LWPR-2141;Hähnchen;106,2;2020=100;PRE018;Erzeugerpreisindizes landwirtschaftlicher Produkte
61211;Index der Erzeugerpreise landwirtschaftl. Produkte;JAHR;Jahr;1981;DINSG;Deutschland insgesamt;DG;Deutschland;PROAT1;Landwirtschaftliche Produkte;LWPR-1512;Tomaten;-;2020=100;PRE018;Erzeugerpreisindizes landwirtschaftlicher Produkte
61211;Index der Erzeugerpreise landwirtschaftl. Produkte;JAHR;Jahr;2015;DINSG;Deutschland insgesamt;DG;Deutschland;PROAT1;Landwirtschaftliche Produkte;LWPR-1512;Tomaten;119,9;2020=100;PRE018;Erzeugerpreisindizes landwirtschaftlicher Produkte
61211;Index der Erzeugerpreise landwirtschaftl. Produkte;JAHR;Jahr;2024;DINSG;Deutschland insgesamt;DG;Deutschland;PROAT1;Landwirtschaftliche Produkte;LWPR-2142;Sonstiges Geflügel;117,9;2020=100;PRE018;Erzeugerpreisindizes landwirtschaftlicher Produkte
61211;Index der Erzeugerpreise landwirtschaftl. Produkte;JAHR;Jahr;2007;DINSG;Deutschland insgesamt;DG;Deutschland;PROAT1;Landwirtschaftliche Produkte;LWPR-1;Pflanzliche Erzeugung;89,9;2020=100;PRE018;Erzeugerpreisindizes landwirtschaftlicher Produkte
61211;Index der Erzeugerpreise landwirtschaftl. Produkte;JAHR;Jahr;1998;DINSG;Deutschland insgesamt;DG;Deutschland;PROAT1;Landwirtschaftliche Produkte;LWPR-131;Raps;85,0;2020=100;PRE018;Erzeugerpreisindizes landwirtschaftlicher Produkte
61211;Index der Erzeugerpreise landwirtschaftl. Produkte;JAHR;Jahr;2023;DINSG;Deutschland insgesamt;DG;Deutschland;PROAT1;Landwirtschaftliche Produkte;LWPR-12;Getreide (einschließlich Saatgut);131,2;2020=100;PRE018;Erzeugerpreisindizes landwirtschaftlicher Produkte
61211;Index der Erzeugerpreise landwirtschaftl. Produkte;JAHR;Jahr;2000;DINSG;Deutschland insgesamt;DG;Deutschland;PROAT1;Landwirtschaftliche Produkte;LWPR;Erzeugung landwirtschaftlicher Produkte;78,6;2020=100;PRE018;Erzeugerpreisindizes landwirtschaftlicher Produkte
61211;Index der Erzeugerpreise landwirtschaftl. Produkte;JAHR;Jahr;1978;DINSG;Deutschland insgesamt;DG;Deutschland;PROAT1;Landwirtschaftliche Produkte;LWPR-1215;Braugerste;142,0;2020=100;PRE018;Erzeugerpreisindizes landwirtschaftlicher Produkte
61211;Index der Erzeugerpreise landwirtschaftl. Produkte;JAHR;Jahr;1990;DINSG;Deutschland insgesamt;DG;Deutschland;PROAT1;Landwirtschaftliche Produkte;LWPR-2142;Sonstiges Geflügel;89,1;2020=100;PRE018;Erzeugerpreisindizes landwirtschaftlicher Produkte
61211;Index der Erzeugerpreise landwirtschaftl. Produkte;JAHR;Jahr;2023;DINSG;Deutschland insgesamt;DG;Deutschland;PROAT1;Landwirtschaftliche Produkte;LWPR-1215;Braugerste;176,9;2020=100;PRE018;Erzeugerpreisindizes landwirtschaftlicher Produkte
61211;Index der Erzeugerpreise landwirtschaftl. Produkte;JAHR;Jahr;2017;DINSG;Deutschland insgesamt;DG;Deutschland;PROAT1;Landwirtschaftliche Produkte;LWPR-2142;Sonstiges Geflügel;94,6;2020=100;PRE018;Erzeugerpreisindizes landwirtschaftlicher Produkte
61211;Index der Erzeugerpreise landwirtschaftl. Produkte;JAHR;Jahr;1993;DINSG;Deutschland insgesamt;DG;Deutschland;PROAT1;Landwirtschaftliche Produkte;LWPR-1212;Brotroggen;91,5;2020=100;PRE018;Erzeugerpreisindizes landwirtschaftlicher Produkte
61211;Index der Erzeugerpreise landwirtschaftl. Produkte;JAHR;Jahr;1980;DINSG;Deutschland insgesamt;DG;Deutschland;PROAT1;Landwirtschaftliche Produkte;LWPR-133;Futterpflanzen;-;2020=100;PRE018;Erzeugerpreisindizes landwirtschaftlicher Produkte
61211;Index der Erzeugerpreise landwirtschaftl. Produkte;JAHR;Jahr;2024;DINSG;Deutschland insgesamt;DG;Deutschland;PROAT1;Landwirtschaftliche Produkte;LWPR-131;Raps;118,9;2020=100;PRE018;Erzeugerpreisindizes landwirtschaftlicher Produkte
61211;Index der Erzeugerpreise landwirtschaftl. Produkte;JAHR;Jahr;1982;DINSG;Deutschland insgesamt;DG;Deutschland;PROAT1;Landwirtschaftliche Produkte;LWPR-162;Erdbeeren;-;2020=100;PRE018;Erzeugerpreisindizes landwirtschaftlicher Produkte
61211;Index der Erzeugerpreise landwirtschaftl. Produkte;JAHR;Jahr;2001;DINSG;Deutschland insgesamt;DG;Deutschland;PROAT1;Landwirtschaftliche Produkte;LWPR-1511;Blumenkohl;36,2;2020=100;PRE018;Erzeugerpreisindizes landwirtschaftlicher Produkte
61211;Index der Erzeugerpreise landwirtschaftl. Produkte;JAHR;Jahr;1984;DINSG;Deutschland insgesamt;DG;Deutschland;PROAT1;Landwirtschaftliche Produkte;LWPR-151;Gemüse;58,0;2020=100;PRE018;Erzeugerpreisindizes landwirtschaftlicher Produkte
61211;Index der Erzeugerpreise landwirtschaftl. Produkte;JAHR;Jahr;2001;DINSG;Deutschland insgesamt;DG;Deutschland;PROAT1;Landwirtschaftliche Produkte;LWPR-162;Erdbeeren;67,3;2020=100;PRE018;Erzeugerpreisindizes landwirtschaftlicher Produkte
61211;Index der Erzeugerpreise landwirtschaftl. Produkte;JAHR;Jahr;2007;DINSG;Deutschland insgesamt;DG;Deutschland;PROAT1;Landwirtschaftliche Produkte;LWPR-152;Pflanzen und Blumen;84,8;2020=100;PRE018;Erzeugerpreisindizes landwirtschaftlicher Produkte
61211;Index der Erzeugerpreise landwirtschaftl. Produkte;JAHR;Jahr;1981;DINSG;Deutschland insgesamt;DG;Deutschland;PROAT1;Landwirtschaftliche Produkte;LWPR-141;Speisekartoffeln;37,4;2020=100;PRE018;Erzeugerpreisindizes landwirtschaftlicher Produkte
61211;Index der Erzeugerpreise landwirtschaftl. Produkte;JAHR;Jahr;1998;DINSG;Deutschland insgesamt;DG;Deutschland;PROAT1;Landwirtschaftliche Produkte;LWPR-1517;Salat;-;2020=100;PRE018;Erzeugerpreisindizes landwirtschaftlicher Produkte
61211;Index der Erzeugerpreise landwirtschaftl. Produkte;JAHR;Jahr;2002;DINSG;Deutschland insgesamt;DG;Deutschland;PROAT1;Landwirtschaftliche Produkte;LWPR;Erzeugung landwirtschaftlicher Produkte;78,6;2020=100;PRE018;Erzeugerpreisindizes landwirtschaftlicher Produkte
61211;Index der Erzeugerpreise landwirtschaftl. Produkte;JAHR;Jahr;2020;DINSG;Deutschland insgesamt;DG;Deutschland;PROAT1;Landwirtschaftliche Produkte;LWPR-211;Rinder;100,0;2020=100;PRE018;Erzeugerpreisindizes landwirtschaftlicher Produkte
61211;Index der Erzeugerpreise landwirtschaftl. Produkte;JAHR;Jahr;1974;DINSG;Deutschland insgesamt;DG;Deutschland;PROAT1;Landwirtschaftliche Produkte;LWPR-1512;Tomaten;-;2020=100;PRE018;Erzeugerpreisindizes landwirtschaftlicher Produkte
61211;Index der Erzeugerpreise landwirtschaftl. Produkte;JAHR;Jahr;1989;DINSG;Deutschland insgesamt;DG;Deutschland;PROAT1;Landwirtschaftliche Produkte;LWPR-133;Futterpflanzen;-;2020=100;PRE018;Erzeugerpreisindizes landwirtschaftlicher Produkte
61211;Index der Erzeugerpreise landwirtschaftl. Produkte;JAHR;Jahr;2000;DINSG;Deutschland insgesamt;DG;Deutschland;PROAT1;Landwirtschaftliche Produkte;LWPR-1514;Champignons;94,0;2020=100;PRE018;Erzeugerpreisindizes landwirtschaftlicher Produkte
61211;Index der Erzeugerpreise landwirtschaftl. Produkte;JAHR;Jahr;2009;DINSG;Deutschland insgesamt;DG;Deutschland;PROAT1;Landwirtschaftliche Produkte;LWPR-1211;Brotweizen;64,8;2020=100;PRE018;Erzeugerpreisindizes landwirtschaftlicher Produkte
61211;Index der Erzeugerpreise landwirtschaftl. Produkte;JAHR;Jahr;2018;DINSG;Deutschland insgesamt;DG;Deutschland;PROAT1;Landwirtschaftliche Produkte;LWPR-161;Tafeläpfel;118,4;2020=100;PRE018;Erzeugerpreisindizes landwirtschaftlicher Produkte
61211;Index der Erzeugerpreise landwirtschaftl. Produkte;JAHR;Jahr;1978;DINSG;Deutschland insgesamt;DG;Deutschland;PROAT1;Landwirtschaftliche Produkte;LWPR-2141;Hähnchen;85,6;2020=100;PRE018;Erzeugerpreisindizes landwirtschaftlicher Produkte
61211;Index der Erzeugerpreise landwirtschaftl. Produkte;JAHR;Jahr;2005;DINSG;Deutschland insgesamt;DG;Deutschland;PROAT1;Landwirtschaftliche Produkte;LWPR-1214;Futtergerste;60,8;2020=100;PRE018;Erzeugerpreisindizes landwirtschaftlicher Produkte
61211;Index der Erzeugerpreise landwirtschaftl. Produkte;JAHR;Jahr;1996;DINSG;Deutschland insgesamt;DG;Deutschland;PROAT1;Landwirtschaftliche Produkte;LWPR-2;Tierische Erzeugung;86,4;2020=100;PRE018;Erzeugerpreisindizes landwirtschaftlicher Produkte
61211;Index der Erzeugerpreise landwirtschaftl. Produkte;JAHR;Jahr;2005;DINSG;Deutschland insgesamt;DG;Deutschland;PROAT1;Landwirtschaftliche Produkte;LWPR-2113;Färsen;79,5;2020=100;PRE018;Erzeugerpreisindizes landwirtschaftlicher Produkte
61211;Index der Erzeugerpreise landwirtschaftl. Produkte;JAHR;Jahr;1979;DINSG;Deutschland insgesamt;DG;Deutschland;PROAT1;Landwirtschaftliche Produkte;LWPR-1212;Brotroggen;149,6;2020=100;PRE018;Erzeugerpreisindizes landwirtschaftlicher Produkte
61211;Index der Erzeugerpreise landwirtschaftl. Produkte;JAHR;Jahr;1985;DINSG;Deutschland insgesamt;DG;Deutschland;PROAT1;Landwirtschaftliche Produkte;LWPR-213;Schafe und Ziegen;69,8;2020=100;PRE018;Erzeugerpreisindizes landwirtschaftlicher Produkte
61211;Index der Erzeugerpreise landwirtschaftl. Produkte;JAHR;Jahr;1977;DINSG;Deutschland insgesamt;DG;Deutschland;PROAT1;Landwirtschaftliche Produkte;LWPR;Erzeugung landwirtschaftlicher Produkte;94,5;2020=100;PRE018;Erzeugerpreisindizes landwirtschaftlicher Produkte
61211;Index der Erzeugerpreise landwirtschaftl. Produkte;JAHR;Jahr;1968;DINSG;Deutschland insgesamt;DG;Deutschland;PROAT1;Landwirtschaftliche Produkte;LWPR-1211;Brotweizen;113,4;2020=100;PRE018;Erzeugerpreisindizes landwirtschaftlicher Produkte
61211;Index der Erzeugerpreise landwirtschaftl. Produkte;JAHR;Jahr;2002;DINSG;Deutschland insgesamt;DG;Deutschland;PROAT1;Landwirtschaftliche Produkte;LWPR-152;Pflanzen und Blumen;85,9;2020=100;PRE018;Erzeugerpreisindizes landwirtschaftlicher Produkte
61211;Index der Erzeugerpreise landwirtschaftl. Produkte;JAHR;Jahr;1995;DINSG;Deutschland insgesamt;DG;Deutschland;PROAT1;Landwirtschaftliche Produkte;LWPR-13;Handelsgewächse;103,2;2020=100;PRE018;Erzeugerpreisindizes landwirtschaftlicher Produkte
61211;Index der Erzeugerpreise landwirtschaftl. Produkte;JAHR;Jahr;1970;DINSG;Deutschland insgesamt;DG;Deutschland;PROAT1;Landwirtschaftliche Produkte;LWPR-1515;Spargel;-;2020=100;PRE018;Erzeugerpreisindizes landwirtschaftlicher Produkte
61211;Index der Erzeugerpreise landwirtschaftl. Produkte;JAHR;Jahr;1974;DINSG;Deutschland insgesamt;DG;Deutschland;PROAT1;Landwirtschaftliche Produkte;LWPR-132;Zuckerrüben;104,3;2020=100;PRE018;Erzeugerpreisindizes landwirtschaftlicher Produkte
61211;Index der Erzeugerpreise landwirtschaftl. Produkte;JAHR;Jahr;2019;DINSG;Deutschland insgesamt;DG;Deutschland;PROAT1;Landwirtschaftliche Produkte;LWPR-1522;Topfpflanzen;93,0;2020=100;PRE018;Erzeugerpreisindizes landwirtschaftlicher Produkte
61211;Index der Erzeugerpreise landwirtschaftl. Produkte;JAHR;Jahr;1968;DINSG;Deutschland insgesamt;DG;Deutschland;PROAT1;Landwirtschaftliche Produkte;LWPR-162;Erdbeeren;-;2020=100;PRE018;Erzeugerpreisindizes landwirtschaftlicher Produkte
61211;Index der Erzeugerpreise landwirtschaftl. Produkte;JAHR;Jahr;1989;DINSG;Deutschland insgesamt;DG;Deutschland;PROAT1;Landwirtschaftliche Produkte;LWPR-1216;Körnermais;111,8;2020=100;PRE018;Erzeugerpreisindizes landwirtschaftlicher Produkte
61211;Index der Erzeugerpreise landwirtschaftl. Produkte;JAHR;Jahr;1979;DINSG;Deutschland insgesamt;DG;Deutschland;PROAT1;Landwirtschaftliche Produkte;LWPR-212;Schweine;119,0;2020=100;PRE018;Erzeugerpreisindizes landwirtschaftlicher Produkte
61211;Index der Erzeugerpreise landwirtschaftl. Produkte;JAHR;Jahr;1988;DINSG;Deutschland insgesamt;DG;Deutschland;PROAT1;Landwirtschaftliche Produkte;LWPR-13;Handelsgewächse;131,0;2020=100;PRE018;Erzeugerpreisindizes landwirtschaftlicher Produkte
61211;Index der Erzeugerpreise landwirtschaftl. Produkte;JAHR;Jahr;1972;DINSG;Deutschland insgesamt;DG;Deutschland;PROAT1;Landwirtschaftliche Produkte;LWPR-121;Getreide;107,3;2020=100;PRE018;Erzeugerpreisindizes landwirtschaftlicher Produkte
61211;Index der Erzeugerpreise landwirtschaftl. Produkte;JAHR;Jahr;1991;DINSG;Deutschland insgesamt;DG;Deutschland;PROAT1;Landwirtschaftliche Produkte;LWPR-23;Eier;49,4;2020=100;PRE018;Erzeugerpreisindizes landwirtschaftlicher Produkte
61211;Index der Erzeugerpreise landwirtschaftl. Produkte;JAHR;Jahr;2000;DINSG;Deutschland insgesamt;DG;Deutschland;PROAT1;Landwirtschaftliche Produkte;LWPR-141;Speisekartoffeln;18,3;2020=100;PRE018;Erzeugerpreisindizes landwirtschaftlicher Produkte
61211;Index der Erzeugerpreise landwirtschaftl. Produkte;JAHR;Jahr;2008;DINSG;Deutschland insgesamt;DG;Deutschland;PROAT1;Landwirtschaftliche Produkte;LWPR-12;Getreide (einschließlich Saatgut);101,2;2020=100;PRE018;Erzeugerpreisindizes landwirtschaftlicher Produkte
61211;Index der Erzeugerpreise landwirtschaftl. Produkte;JAHR;Jahr;1989;DINSG;Deutschland insgesamt;DG;Deutschland;PROAT1;Landwirtschaftliche Produkte;LWPR-2111;Jungbullen;94,8;2020=100;PRE018;Erzeugerpreisindizes landwirtschaftlicher Produkte
61211;Index der Erzeugerpreise landwirtschaftl. Produkte;JAHR;Jahr;1978;DINSG;Deutschland insgesamt;DG;Deutschland;PROAT1;Landwirtschaftliche Produkte;LWPR-1522;Topfpflanzen;78,9;2020=100;PRE018;Erzeugerpreisindizes landwirtschaftlicher Produkte
61211;Index der Erzeugerpreise landwirtschaftl. Produkte;JAHR;Jahr;1991;DINSG;Deutschland insgesamt;DG;Deutschland;PROAT1;Landwirtschaftliche Produkte;LWPR-1516;Kohlgemüse;-;2020=100;PRE018;Erzeugerpreisindizes landwirtschaftlicher Produkte
61211;Index der Erzeugerpreise landwirtschaftl. Produkte;JAHR;Jahr;2009;DINSG;Deutschland insgesamt;DG;Deutschland;PROAT1;Landwirtschaftliche Produkte;LWPR-141;Speisekartoffeln;35,8;2020=100;PRE018;Erzeugerpreisindizes landwirtschaftlicher Produkte
61211;Index der Erzeugerpreise landwirtschaftl. Produkte;JAHR;Jahr;1999;DINSG;Deutschland insgesamt;DG;Deutschland;PROAT1;Landwirtschaftliche Produkte;LWPR-1523;Baumschulerzeugnisse;88,5;2020=100;PRE018;Erzeugerpreisindizes landwirtschaftlicher Produkte
61211;Index der Erzeugerpreise landwirtschaftl. Produkte;JAHR;Jahr;1985;DINSG;Deutschland insgesamt;DG;Deutschland;PROAT1;Landwirtschaftliche Produkte;LWPR-23;Eier;46,9;2020=100;PRE018;Erzeugerpreisindizes landwirtschaftlicher Produkte
61211;Index der Erzeugerpreise landwirtschaftl. Produkte;JAHR;Jahr;1992;DINSG;Deutschland insgesamt;DG;Deutschland;PROAT1;Landwirtschaftliche Produkte;LWPR-23;Eier;49,4;2020=100;PRE018;Erzeugerpreisindizes landwirtschaftlicher Produkte
61211;Index der Erzeugerpreise landwirtschaftl. Produkte;JAHR;Jahr;2011;DINSG;Deutschland insgesamt;DG;Deutschland;PROAT1;Landwirtschaftliche Produkte;LWPR-1515;Spargel;-;2020=100;PRE018;Erzeugerpreisindizes landwirtschaftlicher Produkte
61211;Index der Erzeugerpreise landwirtschaftl. Produkte;JAHR;Jahr;1993;DINSG;Deutschland insgesamt;DG;Deutschland;PROAT1;Landwirtschaftliche Produkte;LWPR-2111;Jungbullen;86,0;2020=100;PRE018;Erzeugerpreisindizes landwirtschaftlicher Produkte
61211;Index der Erzeugerpreise landwirtschaftl. Produkte;JAHR;Jahr;1983;DINSG;Deutschland insgesamt;DG;Deutschland;PROAT1;Landwirtschaftliche Produkte;LWPR-15171;Eissalat;-;2020=100;PRE018;Erzeugerpreisindizes landwirtschaftlicher Produkte
61211;Index der Erzeugerpreise landwirtschaftl. Produkte;JAHR;Jahr;2005;DINSG;Deutschland insgesamt;DG;Deutschland;PROAT1;Landwirtschaftliche Produkte;LWPR-22;Milch;85,5;2020=100;PRE018;Erzeugerpreisindizes landwirtschaftlicher Produkte
61211;Index der Erzeugerpreise landwirtschaftl. Produkte;JAHR;Jahr;1987;DINSG;Deutschland insgesamt;DG;Deutschland;PROAT1;Landwirtschaftliche Produkte;LWPR-1516;Kohlgemüse;-;2020=100;PRE018;Erzeugerpreisindizes landwirtschaftlicher Produkte
61211;Index der Erzeugerpreise landwirtschaftl. Produkte;JAHR;Jahr;1970;DINSG;Deutschland insgesamt;DG;Deutschland;PROAT1;Landwirtschaftliche Produkte;LWPR-212;Schweine;107,0;2020=100;PRE018;Erzeugerpreisindizes landwirtschaftlicher Produkte
61211;Index der Erzeugerpreise landwirtschaftl. Produkte;JAHR;Jahr;1974;DINSG;Deutschland insgesamt;DG;Deutschland;PROAT1;Landwirtschaftliche Produkte;LWPR-141;Speisekartoffeln;21,8;2020=100;PRE018;Erzeugerpreisindizes landwirtschaftlicher Produkte
61211;Index der Erzeugerpreise landwirtschaftl. Produkte;JAHR;Jahr;1996;DINSG;Deutschland insgesamt;DG;Deutschland;PROAT1;Landwirtschaftliche Produkte;LWPR-17;Wein;-;2020=100;PRE018;Erzeugerpreisindizes landwirtschaftlicher Produkte
61211;Index der Erzeugerpreise landwirtschaftl. Produkte;JAHR;Jahr;2023;DINSG;Deutschland insgesamt;DG;Deutschland;PROAT1;Landwirtschaftliche Produkte;LWPR-2114;Kälber;134,9;2020=100;PRE018;Erzeugerpreisindizes landwirtschaftlicher Produkte
61211;Index der Erzeugerpreise landwirtschaftl. Produkte;JAHR;Jahr;2014;DINSG;Deutschland insgesamt;DG;Deutschland;PROAT1;Landwirtschaftliche Produkte;LWPR-121;Getreide;94,1;2020=100;PRE018;Erzeugerpreisindizes landwirtschaftlicher Produkte
61211;Index der Erzeugerpreise landwirtschaftl. Produkte;JAHR;Jahr;2006;DINSG;Deutschland insgesamt;DG;Deutschland;PROAT1;Landwirtschaftliche Produkte;LWPR-122;Getreidesaatgut;78,6;2020=100;PRE018;Erzeugerpreisindizes landwirtschaftlicher Produkte
61211;Index der Erzeugerpreise landwirtschaftl. Produkte;JAHR;Jahr;2000;DINSG;Deutschland insgesamt;DG;Deutschland;PROAT1;Landwirtschaftliche Produkte;LWPR-132;Zuckerrüben;121,9;2020=100;PRE018;Erzeugerpreisindizes landwirtschaftlicher Produkte
61211;Index der Erzeugerpreise landwirtschaftl. Produkte;JAHR;Jahr;2005;DINSG;Deutschland insgesamt;DG;Deutschland;PROAT1;Landwirtschaftliche Produkte;LWPR-212;Schweine;90,3;2020=100;PRE018;Erzeugerpreisindizes landwirtschaftlicher Produkte
61211;Index der Erzeugerpreise landwirtschaftl. Produkte;JAHR;Jahr;2013;DINSG;Deutschland insgesamt;DG;Deutschland;PROAT1;Landwirtschaftliche Produkte;LWPR-2141;Hähnchen;122,1;2020=100;PRE018;Erzeugerpreisindizes landwirtschaftlicher Produkte
61211;Index der Erzeugerpreise landwirtschaftl. Produkte;JAHR;Jahr;2009;DINSG;Deutschland insgesamt;DG;Deutschland;PROAT1;Landwirtschaftliche Produkte;LWPR-16;Obst;59,3;2020=100;PRE018;Erzeugerpreisindizes landwirtschaftlicher Produkte
61211;Index der Erzeugerpreise landwirtschaftl. Produkte;JAHR;Jahr;1992;DINSG;Deutschland insgesamt;DG;Deutschland;PROAT1;Landwirtschaftliche Produkte;LWPR-1513;Gurken;-;2020=100;PRE018;Erzeugerpreisindizes landwirtschaftlicher Produkte
61211;Index der Erzeugerpreise landwirtschaftl. Produkte;JAHR;Jahr;2013;DINSG;Deutschland insgesamt;DG;Deutschland;PROAT1;Landwirtschaftliche Produkte;LWPR-211;Rinder;111,3;2020=100;PRE018;Erzeugerpreisindizes landwirtschaftlicher Produkte
61211;Index der Erzeugerpreise landwirtschaftl. Produkte;JAHR;Jahr;2020;DINSG;Deutschland insgesamt;DG;Deutschland;PROAT1;Landwirtschaftliche Produkte;LWPR-17;Wein;100,0;2020=100;PRE018;Erzeugerpreisindizes landwirtschaftlicher Produkte
61211;Index der Erzeugerpreise landwirtschaftl. Produkte;JAHR;Jahr;1985;DINSG;Deutschland insgesamt;DG;Deutschland;PROAT1;Landwirtschaftliche Produkte;LWPR;Erzeugung landwirtschaftlicher Produkte;96,5;2020=100;PRE018;Erzeugerpreisindizes landwirtschaftlicher Produkte
61211;Index der Erzeugerpreise landwirtschaftl. Produkte;JAHR;Jahr;2023;DINSG;Deutschland insgesamt;DG;Deutschland;PROAT1;Landwirtschaftliche Produkte;LWPR-132;Zuckerrüben;189,9;2020=100;PRE018;Erzeugerpreisindizes landwirtschaftlicher Produkte
61211;Index der Erzeugerpreise landwirtschaftl. Produkte;JAHR;Jahr;2008;DINSG;Deutschland insgesamt;DG;Deutschland;PROAT1;Landwirtschaftliche Produkte;LWPR-1512;Tomaten;97,2;2020=100;PRE018;Erzeugerpreisindizes landwirtschaftlicher Produkte
61211;Index der Erzeugerpreise landwirtschaftl. Produkte;JAHR;Jahr;1987;DINSG;Deutschland insgesamt;DG;Deutschland;PROAT1;Landwirtschaftliche Produkte;LWPR-122;Getreidesaatgut;117,6;2020=100;PRE018;Erzeugerpreisindizes landwirtschaftlicher Produkte
61211;Index der Erzeugerpreise landwirtschaftl. Produkte;JAHR;Jahr;1996;DINSG;Deutschland insgesamt;DG;Deutschland;PROAT1;Landwirtschaftliche Produkte;LWPR-2111;Jungbullen;72,9;2020=100;PRE018;Erzeugerpreisindizes landwirtschaftlicher Produkte
61211;Index der Erzeugerpreise landwirtschaftl. Produkte;JAHR;Jahr;1978;DINSG;Deutschland insgesamt;DG;Deutschland;PROAT1;Landwirtschaftliche Produkte;LWPR-213;Schafe und Ziegen;64,1;2020=100;PRE018;Erzeugerpreisindizes landwirtschaftlicher Produkte
61211;Index der Erzeugerpreise landwirtschaftl. Produkte;JAHR;Jahr;1983;DINSG;Deutschland insgesamt;DG;Deutschland;PROAT1;Landwirtschaftliche Produkte;LWPR-152;Pflanzen und Blumen;68,5;2020=100;PRE018;Erzeugerpreisindizes landwirtschaftlicher Produkte
61211;Index der Erzeugerpreise landwirtschaftl. Produkte;JAHR;Jahr;2015;DINSG;Deutschland insgesamt;DG;Deutschland;PROAT1;Landwirtschaftliche Produkte;LWPR-133;Futterpflanzen;-;2020=100;PRE018;Erzeugerpreisindizes landwirtschaftlicher Produkte
61211;Index der Erzeugerpreise landwirtschaftl. Produkte;JAHR;Jahr;1975;DINSG;Deutschland insgesamt;DG;Deutschland;PROAT1;Landwirtschaftliche Produkte;LWPR-1211;Brotweizen;126,8;2020=100;PRE018;Erzeugerpreisindizes landwirtschaftlicher Produkte
61211;Index der Erzeugerpreise landwirtschaftl. Produkte;JAHR;Jahr;2005;DINSG;Deutschland insgesamt;DG;Deutschland;PROAT1;Landwirtschaftliche Produkte;LWPR-1521;Schnittblumen;77,9;2020=100;PRE018;Erzeugerpreisindizes landwirtschaftlicher Produkte
61211;Index der Erzeugerpreise landwirtschaftl. Produkte;JAHR;Jahr;1998;DINSG;Deutschland insgesamt;DG;Deutschland;PROAT1;Landwirtschaftliche Produkte;LWPR-21;Tiere;75,8;2020=100;PRE018;Erzeugerpreisindizes landwirtschaftlicher Produkte
61211;Index der Erzeugerpreise landwirtschaftl. Produkte;JAHR;Jahr;1971;DINSG;Deutschland insgesamt;DG;Deutschland;PROAT1;Landwirtschaftliche Produkte;LWPR-1214;Futtergerste;107,5;2020=100;PRE018;Erzeugerpreisindizes landwirtschaftlicher Produkte
61211;Index der Erzeugerpreise landwirtschaftl. Produkte;JAHR;Jahr;1991;DINSG;Deutschland insgesamt;DG;Deutschland;PROAT1;Landwirtschaftliche Produkte;LWPR-151;Gemüse;61,7;2020=100;PRE018;Erzeugerpreisindizes landwirtschaftlicher Produkte
61211;Index der Erzeugerpreise landwirtschaftl. Produkte;JAHR;Jahr;1996;DINSG;Deutschland insgesamt;DG;Deutschland;PROAT1;Landwirtschaftliche Produkte;LWPR-133;Futterpflanzen;-;2020=100;PRE018;Erzeugerpreisindizes landwirtschaftlicher Produkte
61211;Index der Erzeugerpreise landwirtschaftl. Produkte;JAHR;Jahr;2024;DINSG;Deutschland insgesamt;DG;Deutschland;PROAT1;Landwirtschaftliche Produkte;LWPR-1212;Brotroggen;114,7;2020=100;PRE018;Erzeugerpreisindizes landwirtschaftlicher Produkte
61211;Index der Erzeugerpreise landwirtschaftl. Produkte;JAHR;Jahr;1969;DINSG;Deutschland insgesamt;DG;Deutschland;PROAT1;Landwirtschaftliche Produkte;LWPR-1515;Spargel;-;2020=100;PRE018;Erzeugerpreisindizes landwirtschaftlicher Produkte
61211;Index der Erzeugerpreise landwirtschaftl. Produkte;JAHR;Jahr;2018;DINSG;Deutschland insgesamt;DG;Deutschland;PROAT1;Landwirtschaftliche Produkte;LWPR-1516;Kohlgemüse;81,2;2020=100;PRE018;Erzeugerpreisindizes landwirtschaftlicher Produkte
61211;Index der Erzeugerpreise landwirtschaftl. Produkte;JAHR;Jahr;1970;DINSG;Deutschland insgesamt;DG;Deutschland;PROAT1;Landwirtschaftliche Produkte;LWPR-21;Tiere;87,2;2020=100;PRE018;Erzeugerpreisindizes landwirtschaftlicher Produkte
61211;Index der Erzeugerpreise landwirtschaftl. Produkte;JAHR;Jahr;2010;DINSG;Deutschland insgesamt;DG;Deutschland;PROAT1;Landwirtschaftliche Produkte;LWPR-151;Gemüse;74,6;2020=100;PRE018;Erzeugerpreisindizes landwirtschaftlicher Produkte
61211;Index der Erzeugerpreise landwirtschaftl. Produkte;JAHR;Jahr;1997;DINSG;Deutschland insgesamt;DG;Deutschland;PROAT1;Landwirtschaftliche Produkte;LWPR-141;Speisekartoffeln;22,7;2020=100;PRE018;Erzeugerpreisindizes landwirtschaftlicher Produkte
61211;Index der Erzeugerpreise landwirtschaftl. Produkte;JAHR;Jahr;1971;DINSG;Deutschland insgesamt;DG;Deutschland;PROAT1;Landwirtschaftliche Produkte;LWPR-211;Rinder;75,6;2020=100;PRE018;Erzeugerpreisindizes landwirtschaftlicher Produkte
61211;Index der Erzeugerpreise landwirtschaftl. Produkte;JAHR;Jahr;1986;DINSG;Deutschland insgesamt;DG;Deutschland;PROAT1;Landwirtschaftliche Produkte;LWPR-2142;Sonstiges Geflügel;105,3;2020=100;PRE018;Erzeugerpreisindizes landwirtschaftlicher Produkte
61211;Index der Erzeugerpreise landwirtschaftl. Produkte;JAHR;Jahr;2002;DINSG;Deutschland insgesamt;DG;Deutschland;PROAT1;Landwirtschaftliche Produkte;LWPR-14;Kartoffeln (einschließlich Pflanzkartoffeln);37,1;2020=100;PRE018;Erzeugerpreisindizes landwirtschaftlicher Produkte
61211;Index der Erzeugerpreise landwirtschaftl. Produkte;JAHR;Jahr;1985;DINSG;Deutschland insgesamt;DG;Deutschland;PROAT1;Landwirtschaftliche Produkte;LWPR-1215;Braugerste;128,6;2020=100;PRE018;Erzeugerpreisindizes landwirtschaftlicher Produkte
61211;Index der Erzeugerpreise landwirtschaftl. Produkte;JAHR;Jahr;1998;DINSG;Deutschland insgesamt;DG;Deutschland;PROAT1;Landwirtschaftliche Produkte;LWPR-1;Pflanzliche Erzeugung;74,0;2020=100;PRE018;Erzeugerpreisindizes landwirtschaftlicher Produkte
61211;Index der Erzeugerpreise landwirtschaftl. Produkte;JAHR;Jahr;2016;DINSG;Deutschland insgesamt;DG;Deutschland;PROAT1;Landwirtschaftliche Produkte;LWPR-1215;Braugerste;98,8;2020=100;PRE018;Erzeugerpreisindizes landwirtschaftlicher Produkte
61211;Index der Erzeugerpreise landwirtschaftl. Produkte;JAHR;Jahr;1977;DINSG;Deutschland insgesamt;DG;Deutschland;PROAT1;Landwirtschaftliche Produkte;LWPR-1512;Tomaten;-;2020=100;PRE018;Erzeugerpreisindizes landwirtschaftlicher Produkte
61211;Index der Erzeugerpreise landwirtschaftl. Produkte;JAHR;Jahr;1994;DINSG;Deutschland insgesamt;DG;Deutschland;PROAT1;Landwirtschaftliche Produkte;LWPR-211;Rinder;88,4;2020=100;PRE018;Erzeugerpreisindizes landwirtschaftlicher Produkte
61211;Index der Erzeugerpreise landwirtschaftl. Produkte;JAHR;Jahr;2022;DINSG;Deutschland insgesamt;DG;Deutschland;PROAT1;Landwirtschaftliche Produkte;LWPR-21;Tiere;124,9;2020=100;PRE018;Erzeugerpreisindizes landwirtschaftlicher Produkte
61211;Index der Erzeugerpreise landwirtschaftl. Produkte;JAHR;Jahr;1973;DINSG;Deutschland insgesamt;DG;Deutschland;PROAT1;Landwirtschaftliche Produkte;LWPR-133;Futterpflanzen;-;2020=100;PRE018;Erzeugerpreisindizes landwirtschaftlicher Produkte
61211;Index der Erzeugerpreise landwirtschaftl. Produkte;JAHR;Jahr;1974;DINSG;Deutschland insgesamt;DG;Deutschland;PROAT1;Landwirtschaftliche Produkte;LWPR-1521;Schnittblumen;43,3;2020=100;PRE018;Erzeugerpreisindizes landwirtschaftlicher Produkte
61211;Index der Erzeugerpreise landwirtschaftl. Produkte;JAHR;Jahr;1977;DINSG;Deutschland insgesamt;DG;Deutschland;PROAT1;Landwirtschaftliche Produkte;LWPR-15171;Eissalat;-;2020=100;PRE018;Erzeugerpreisindizes landwirtschaftlicher Produkte
61211;Index der Erzeugerpreise landwirtschaftl. Produkte;JAHR;Jahr;2016;DINSG;Deutschland insgesamt;DG;Deutschland;PROAT1;Landwirtschaftliche Produkte;LWPR-16;Obst;74,9;2020=100;PRE018;Erzeugerpreisindizes landwirtschaftlicher Produkte
61211;Index der Erzeugerpreise landwirtschaftl. Produkte;JAHR;Jahr;1997;DINSG;Deutschland insgesamt;DG;Deutschland;PROAT1;Landwirtschaftliche Produkte;LWPR-1213;Futterweizen;68,9;2020=100;PRE018;Erzeugerpreisindizes landwirtschaftlicher Produkte
61211;Index der Erzeugerpreise landwirtschaftl. Produkte;JAHR;Jahr;1982;DINSG;Deutschland insgesamt;DG;Deutschland;PROAT1;Landwirtschaftliche Produkte;LWPR-15;Erzeugnisse des Gemüse- und Gartenbaus;60,2;2020=100;PRE018;Erzeugerpreisindizes landwirtschaftlicher Produkte
61211;Index der Erzeugerpreise landwirtschaftl. Produkte;JAHR;Jahr;2002;DINSG;Deutschland insgesamt;DG;Deutschland;PROAT1;Landwirtschaftliche Produkte;LWPR-1214;Futtergerste;59,3;2020=100;PRE018;Erzeugerpreisindizes landwirtschaftlicher Produkte
61211;Index der Erzeugerpreise landwirtschaftl. Produkte;JAHR;Jahr;1984;DINSG;Deutschland insgesamt;DG;Deutschland;PROAT1;Landwirtschaftliche Produkte;LWPR;Erzeugung landwirtschaftlicher Produkte;100,3;2020=100;PRE018;Erzeugerpreisindizes landwirtschaftlicher Produkte
61211;Index der Erzeugerpreise landwirtschaftl. Produkte;JAHR;Jahr;1976;DINSG;Deutschland insgesamt;DG;Deutschland;PROAT1;Landwirtschaftliche Produkte;LWPR-161;Tafeläpfel;-;2020=100;PRE018;Erzeugerpreisindizes landwirtschaftlicher Produkte
61211;Index der Erzeugerpreise landwirtschaftl. Produkte;JAHR;Jahr;1989;DINSG;Deutschland insgesamt;DG;Deutschland;PROAT1;Landwirtschaftliche Produkte;LWPR-17;Wein;-;2020=100;PRE018;Erzeugerpreisindizes landwirtschaftlicher Produkte
61211;Index der Erzeugerpreise landwirtschaftl. Produkte;JAHR;Jahr;1970;DINSG;Deutschland insgesamt;DG;Deutschland;PROAT1;Landwirtschaftliche Produkte;LWPR-2112;Kühe;79,3;2020=100;PRE018;Erzeugerpreisindizes landwirtschaftlicher Produkte
61211;Index der Erzeugerpreise landwirtschaftl. Produkte;JAHR;Jahr;2013;DINSG;Deutschland insgesamt;DG;Deutschland;PROAT1;Landwirtschaftliche Produkte;LWPR-17;Wein;-;2020=100;PRE018;Erzeugerpreisindizes landwirtschaftlicher Produkte
61211;Index der Erzeugerpreise landwirtschaftl. Produkte;JAHR;Jahr;2006;DINSG;Deutschland insgesamt;DG;Deutschland;PROAT1;Landwirtschaftliche Produkte;LWPR-1211;Brotweizen;66,0;2020=100;PRE018;Erzeugerpreisindizes landwirtschaftlicher Produkte
61211;Index der Erzeugerpreise landwirtschaftl. Produkte;JAHR;Jahr;1999;DINSG;Deutschland insgesamt;DG;Deutschland;PROAT1;Landwirtschaftliche Produkte;LWPR-161;Tafeläpfel;59,4;2020=100;PRE018;Erzeugerpreisindizes landwirtschaftlicher Produkte
61211;Index der Erzeugerpreise landwirtschaftl. Produkte;JAHR;Jahr;1988;DINSG;Deutschland insgesamt;DG;Deutschland;PROAT1;Landwirtschaftliche Produkte;LWPR-2114;Kälber;95,3;2020=100;PRE018;Erzeugerpreisindizes landwirtschaftlicher Produkte
61211;Index der Erzeugerpreise landwirtschaftl. Produkte;JAHR;Jahr;1975;DINSG;Deutschland insgesamt;DG;Deutschland;PROAT1;Landwirtschaftliche Produkte;LWPR-15;Erzeugnisse des Gemüse- und Gartenbaus;45,7;2020=100;PRE018;Erzeugerpreisindizes landwirtschaftlicher Produkte
61211;Index der Erzeugerpreise landwirtschaftl. Produkte;JAHR;Jahr;2023;DINSG;Deutschland insgesamt;DG;Deutschland;PROAT1;Landwirtschaftliche Produkte;LWPR-15171;Eissalat;160,1;2020=100;PRE018;Erzeugerpreisindizes landwirtschaftlicher Produkte
61211;Index der Erzeugerpreise landwirtschaftl. Produkte;JAHR;Jahr;1973;DINSG;Deutschland insgesamt;DG;Deutschland;PROAT1;Landwirtschaftliche Produkte;LWPR-1515;Spargel;-;2020=100;PRE018;Erzeugerpreisindizes landwirtschaftlicher Produkte
61211;Index der Erzeugerpreise landwirtschaftl. Produkte;JAHR;Jahr;1988;DINSG;Deutschland insgesamt;DG;Deutschland;PROAT1;Landwirtschaftliche Produkte;LWPR-22;Milch;97,8;2020=100;PRE018;Erzeugerpreisindizes landwirtschaftlicher Produkte
61211;Index der Erzeugerpreise landwirtschaftl. Produkte;JAHR;Jahr;1999;DINSG;Deutschland insgesamt;DG;Deutschland;PROAT1;Landwirtschaftliche Produkte;LWPR-1514;Champignons;82,6;2020=100;PRE018;Erzeugerpreisindizes landwirtschaftlicher Produkte
61211;Index der Erzeugerpreise landwirtschaftl. Produkte;JAHR;Jahr;2015;DINSG;Deutschland insgesamt;DG;Deutschland;PROAT1;Landwirtschaftliche Produkte;LWPR-21;Tiere;97,1;2020=100;PRE018;Erzeugerpreisindizes landwirtschaftlicher Produkte
61211;Index der Erzeugerpreise landwirtschaftl. Produkte;JAHR;Jahr;2006;DINSG;Deutschland insgesamt;DG;Deutschland;PROAT1;Landwirtschaftliche Produkte;LWPR-2141;Hähnchen;78,4;2020=100;PRE018;Erzeugerpreisindizes landwirtschaftlicher Produkte
61211;Index der Erzeugerpreise landwirtschaftl. Produkte;JAHR;Jahr;1996;DINSG;Deutschland insgesamt;DG;Deutschland;PROAT1;Landwirtschaftliche Produkte;LWPR-1523;Baumschulerzeugnisse;88,2;2020=100;PRE018;Erzeugerpreisindizes landwirtschaftlicher Produkte
61211;Index der Erzeugerpreise landwirtschaftl. Produkte;JAHR;Jahr;1977;DINSG;Deutschland insgesamt;DG;Deutschland;PROAT1;Landwirtschaftliche Produkte;LWPR-2113;Färsen;96,6;2020=100;PRE018;Erzeugerpreisindizes landwirtschaftlicher Produkte
61211;Index der Erzeugerpreise landwirtschaftl. Produkte;JAHR;Jahr;1978;DINSG;Deutschland insgesamt;DG;Deutschland;PROAT1;Landwirtschaftliche Produkte;LWPR-14;Kartoffeln (einschließlich Pflanzkartoffeln);28,7;2020=100;PRE018;Erzeugerpreisindizes landwirtschaftlicher Produkte
61211;Index der Erzeugerpreise landwirtschaftl. Produkte;JAHR;Jahr;2012;DINSG;Deutschland insgesamt;DG;Deutschland;PROAT1;Landwirtschaftliche Produkte;LWPR-1512;Tomaten;74,9;2020=100;PRE018;Erzeugerpreisindizes landwirtschaftlicher Produkte
61211;Index der Erzeugerpreise landwirtschaftl. Produkte;JAHR;Jahr;1990;DINSG;Deutschland insgesamt;DG;Deutschland;PROAT1;Landwirtschaftliche Produkte;LWPR-1212;Brotroggen;114,0;2020=100;PRE018;Erzeugerpreisindizes landwirtschaftlicher Produkte
61211;Index der Erzeugerpreise landwirtschaftl. Produkte;JAHR;Jahr;1977;DINSG;Deutschland insgesamt;DG;Deutschland;PROAT1;Landwirtschaftliche Produkte;LWPR-214;Geflügel;91,4;2020=100;PRE018;Erzeugerpreisindizes landwirtschaftlicher Produkte
61211;Index der Erzeugerpreise landwirtschaftl. Produkte;JAHR;Jahr;2004;DINSG;Deutschland insgesamt;DG;Deutschland;PROAT1;Landwirtschaftliche Produkte;LWPR-213;Schafe und Ziegen;61,7;2020=100;PRE018;Erzeugerpreisindizes landwirtschaftlicher Produkte
61211;Index der Erzeugerpreise landwirtschaftl. Produkte;JAHR;Jahr;1968;DINSG;Deutschland insgesamt;DG;Deutschland;PROAT1;Landwirtschaftliche Produkte;LWPR-2;Tierische Erzeugung;71,8;2020=100;PRE018;Erzeugerpreisindizes landwirtschaftlicher Produkte
61211;Index der Erzeugerpreise landwirtschaftl. Produkte;JAHR;Jahr;1988;DINSG;Deutschland insgesamt;DG;Deutschland;PROAT1;Landwirtschaftliche Produkte;LWPR-1513;Gurken;-;2020=100;PRE018;Erzeugerpreisindizes landwirtschaftlicher Produkte
61211;Index der Erzeugerpreise landwirtschaftl. Produkte;JAHR;Jahr;2020;DINSG;Deutschland insgesamt;DG;Deutschland;PROAT1;Landwirtschaftliche Produkte;LWPR-1215;Braugerste;100,0;2020=100;PRE018;Erzeugerpreisindizes landwirtschaftlicher Produkte
61211;Index der Erzeugerpreise landwirtschaftl. Produkte;JAHR;Jahr;2001;DINSG;Deutschland insgesamt;DG;Deutschland;PROAT1;Landwirtschaftliche Produkte;LWPR-2112;Kühe;57,5;2020=100;PRE018;Erzeugerpreisindizes landwirtschaftlicher Produkte
61211;Index der Erzeugerpreise landwirtschaftl. Produkte;JAHR;Jahr;2005;DINSG;Deutschland insgesamt;DG;Deutschland;PROAT1;Landwirtschaftliche Produkte;LWPR-13;Handelsgewächse;98,7;2020=100;PRE018;Erzeugerpreisindizes landwirtschaftlicher Produkte
61211;Index der Erzeugerpreise landwirtschaftl. Produkte;JAHR;Jahr;1984;DINSG;Deutschland insgesamt;DG;Deutschland;PROAT1;Landwirtschaftliche Produkte;LWPR-1516;Kohlgemüse;-;2020=100;PRE018;Erzeugerpreisindizes landwirtschaftlicher Produkte
61211;Index der Erzeugerpreise landwirtschaftl. Produkte;JAHR;Jahr;1981;DINSG;Deutschland insgesamt;DG;Deutschland;PROAT1;Landwirtschaftliche Produkte;LWPR-1;Pflanzliche Erzeugung;96,5;2020=100;PRE018;Erzeugerpreisindizes landwirtschaftlicher Produkte
61211;Index der Erzeugerpreise landwirtschaftl. Produkte;JAHR;Jahr;2004;DINSG;Deutschland insgesamt;DG;Deutschland;PROAT1;Landwirtschaftliche Produkte;LWPR-1515;Spargel;-;2020=100;PRE018;Erzeugerpreisindizes landwirtschaftlicher Produkte
61211;Index der Erzeugerpreise landwirtschaftl. Produkte;JAHR;Jahr;2023;DINSG;Deutschland insgesamt;DG;Deutschland;PROAT1;Landwirtschaftliche Produkte;LWPR-1513;Gurken;103,5;2020=100;PRE018;Erzeugerpreisindizes landwirtschaftlicher Produkte
61211;Index der Erzeugerpreise landwirtschaftl. Produkte;JAHR;Jahr;1985;DINSG;Deutschland insgesamt;DG;Deutschland;PROAT1;Landwirtschaftliche Produkte;LWPR-1522;Topfpflanzen;88,3;2020=100;PRE018;Erzeugerpreisindizes landwirtschaftlicher Produkte
61211;Index der Erzeugerpreise landwirtschaftl. Produkte;JAHR;Jahr;2012;DINSG;Deutschland insgesamt;DG;Deutschland;PROAT1;Landwirtschaftliche Produkte;LWPR-13;Handelsgewächse;133,9;2020=100;PRE018;Erzeugerpreisindizes landwirtschaftlicher Produkte
61211;Index der Erzeugerpreise landwirtschaftl. Produkte;JAHR;Jahr;2015;DINSG;Deutschland insgesamt;DG;Deutschland;PROAT1;Landwirtschaftliche Produkte;LWPR-2;Tierische Erzeugung;93,4;2020=100;PRE018;Erzeugerpreisindizes landwirtschaftlicher Produkte
61211;Index der Erzeugerpreise landwirtschaftl. Produkte;JAHR;Jahr;1992;DINSG;Deutschland insgesamt;DG;Deutschland;PROAT1;Landwirtschaftliche Produkte;LWPR-2114;Kälber;108,1;2020=100;PRE018;Erzeugerpreisindizes landwirtschaftlicher Produkte
61211;Index der Erzeugerpreise landwirtschaftl. Produkte;JAHR;Jahr;1988;DINSG;Deutschland insgesamt;DG;Deutschland;PROAT1;Landwirtschaftliche Produkte;LWPR-121;Getreide;115,3;2020=100;PRE018;Erzeugerpreisindizes landwirtschaftlicher Produkte
61211;Index der Erzeugerpreise landwirtschaftl. Produkte;JAHR;Jahr;2010;DINSG;Deutschland insgesamt;DG;Deutschland;PROAT1;Landwirtschaftliche Produkte;LWPR-1211;Brotweizen;90,9;2020=100;PRE018;Erzeugerpreisindizes landwirtschaftlicher Produkte
61211;Index der Erzeugerpreise landwirtschaftl. Produkte;JAHR;Jahr;2020;DINSG;Deutschland insgesamt;DG;Deutschland;PROAT1;Landwirtschaftliche Produkte;LWPR-1522;Topfpflanzen;100,0;2020=100;PRE018;Erzeugerpreisindizes landwirtschaftlicher Produkte
61211;Index der Erzeugerpreise landwirtschaftl. Produkte;JAHR;Jahr;2016;DINSG;Deutschland insgesamt;DG;Deutschland;PROAT1;Landwirtschaftliche Produkte;LWPR-141;Speisekartoffeln;136,1;2020=100;PRE018;Erzeugerpreisindizes landwirtschaftlicher Produkte
61211;Index der Erzeugerpreise landwirtschaftl. Produkte;JAHR;Jahr;1992;DINSG;Deutschland insgesamt;DG;Deutschland;PROAT1;Landwirtschaftliche Produkte;LWPR-14;Kartoffeln (einschließlich Pflanzkartoffeln);38,8;2020=100;PRE018;Erzeugerpreisindizes landwirtschaftlicher Produkte
61211;Index der Erzeugerpreise landwirtschaftl. Produkte;JAHR;Jahr;2017;DINSG;Deutschland insgesamt;DG;Deutschland;PROAT1;Landwirtschaftliche Produkte;LWPR-162;Erdbeeren;85,6;2020=100;PRE018;Erzeugerpreisindizes landwirtschaftlicher Produkte
61211;Index der Erzeugerpreise landwirtschaftl. Produkte;JAHR;Jahr;1986;DINSG;Deutschland insgesamt;DG;Deutschland;PROAT1;Landwirtschaftliche Produkte;LWPR-212;Schweine;104,7;2020=100;PRE018;Erzeugerpreisindizes landwirtschaftlicher Produkte
61211;Index der Erzeugerpreise landwirtschaftl. Produkte;JAHR;Jahr;1981;DINSG;Deutschland insgesamt;DG;Deutschland;PROAT1;Landwirtschaftliche Produkte;LWPR-2113;Färsen;100,0;2020=100;PRE018;Erzeugerpreisindizes landwirtschaftlicher Produkte
61211;Index der Erzeugerpreise landwirtschaftl. Produkte;JAHR;Jahr;2012;DINSG;Deutschland insgesamt;DG;Deutschland;PROAT1;Landwirtschaftliche Produkte;LWPR-2113;Färsen;108,9;2020=100;PRE018;Erzeugerpreisindizes landwirtschaftlicher Produkte
61211;Index der Erzeugerpreise landwirtschaftl. Produkte;JAHR;Jahr;1991;DINSG;Deutschland insgesamt;DG;Deutschland;PROAT1;Landwirtschaftliche Produkte;LWPR;Erzeugung landwirtschaftlicher Produkte;90,5;2020=100;PRE018;Erzeugerpreisindizes landwirtschaftlicher Produkte
61211;Index der Erzeugerpreise landwirtschaftl. Produkte;JAHR;Jahr;2008;DINSG;Deutschland insgesamt;DG;Deutschland;PROAT1;Landwirtschaftliche Produkte;LWPR-2113;Färsen;90,0;2020=100;PRE018;Erzeugerpreisindizes landwirtschaftlicher Produkte
61211;Index der Erzeugerpreise landwirtschaftl. Produkte;JAHR;Jahr;1975;DINSG;Deutschland insgesamt;DG;Deutschland;PROAT1;Landwirtschaftliche Produkte;LWPR-162;Erdbeeren;-;2020=100;PRE018;Erzeugerpreisindizes landwirtschaftlicher Produkte
61211;Index der Erzeugerpreise landwirtschaftl. Produkte;JAHR;Jahr;1981;DINSG;Deutschland insgesamt;DG;Deutschland;PROAT1;Landwirtschaftliche Produkte;LWPR-132;Zuckerrüben;134,5;2020=100;PRE018;Erzeugerpreisindizes landwirtschaftlicher Produkte
61211;Index der Erzeugerpreise landwirtschaftl. Produkte;JAHR;Jahr;2016;DINSG;Deutschland insgesamt;DG;Deutschland;PROAT1;Landwirtschaftliche Produkte;LWPR-1522;Topfpflanzen;94,3;2020=100;PRE018;Erzeugerpreisindizes landwirtschaftlicher Produkte
61211;Index der Erzeugerpreise landwirtschaftl. Produkte;JAHR;Jahr;2019;DINSG;Deutschland insgesamt;DG;Deutschland;PROAT1;Landwirtschaftliche Produkte;LWPR-214;Geflügel;105,2;2020=100;PRE018;Erzeugerpreisindizes landwirtschaftlicher Produkte
61211;Index der Erzeugerpreise landwirtschaftl. Produkte;JAHR;Jahr;2017;DINSG;Deutschland insgesamt;DG;Deutschland;PROAT1;Landwirtschaftliche Produkte;LWPR-15171;Eissalat;102,0;2020=100;PRE018;Erzeugerpreisindizes landwirtschaftlicher Produkte
61211;Index der Erzeugerpreise landwirtschaftl. Produkte;JAHR;Jahr;1975;DINSG;Deutschland insgesamt;DG;Deutschland;PROAT1;Landwirtschaftliche Produkte;LWPR-2141;Hähnchen;84,0;2020=100;PRE018;Erzeugerpreisindizes landwirtschaftlicher Produkte
61211;Index der Erzeugerpreise landwirtschaftl. Produkte;JAHR;Jahr;1995;DINSG;Deutschland insgesamt;DG;Deutschland;PROAT1;Landwirtschaftliche Produkte;LWPR-1216;Körnermais;91,0;2020=100;PRE018;Erzeugerpreisindizes landwirtschaftlicher Produkte
61211;Index der Erzeugerpreise landwirtschaftl. Produkte;JAHR;Jahr;1984;DINSG;Deutschland insgesamt;DG;Deutschland;PROAT1;Landwirtschaftliche Produkte;LWPR-1522;Topfpflanzen;86,9;2020=100;PRE018;Erzeugerpreisindizes landwirtschaftlicher Produkte
61211;Index der Erzeugerpreise landwirtschaftl. Produkte;JAHR;Jahr;2001;DINSG;Deutschland insgesamt;DG;Deutschland;PROAT1;Landwirtschaftliche Produkte;LWPR-1514;Champignons;103,5;2020=100;PRE018;Erzeugerpreisindizes landwirtschaftlicher Produkte
61211;Index der Erzeugerpreise landwirtschaftl. Produkte;JAHR;Jahr;1969;DINSG;Deutschland insgesamt;DG;Deutschland;PROAT1;Landwirtschaftliche Produkte;LWPR-212;Schweine;111,4;2020=100;PRE018;Erzeugerpreisindizes landwirtschaftlicher Produkte
61211;Index der Erzeugerpreise landwirtschaftl. Produkte;JAHR;Jahr;1973;DINSG;Deutschland insgesamt;DG;Deutschland;PROAT1;Landwirtschaftliche Produkte;LWPR-1512;Tomaten;-;2020=100;PRE018;Erzeugerpreisindizes landwirtschaftlicher Produkte
61211;Index der Erzeugerpreise landwirtschaftl. Produkte;JAHR;Jahr;1999;DINSG;Deutschland insgesamt;DG;Deutschland;PROAT1;Landwirtschaftliche Produkte;LWPR-12;Getreide (einschließlich Saatgut);68,2;2020=100;PRE018;Erzeugerpreisindizes landwirtschaftlicher Produkte
61211;Index der Erzeugerpreise landwirtschaftl. Produkte;JAHR;Jahr;1999;DINSG;Deutschland insgesamt;DG;Deutschland;PROAT1;Landwirtschaftliche Produkte;LWPR-2;Tierische Erzeugung;77,4;2020=100;PRE018;Erzeugerpreisindizes landwirtschaftlicher Produkte
61211;Index der Erzeugerpreise landwirtschaftl. Produkte;JAHR;Jahr;2009;DINSG;Deutschland insgesamt;DG;Deutschland;PROAT1;Landwirtschaftliche Produkte;LWPR-2114;Kälber;110,7;2020=100;PRE018;Erzeugerpreisindizes landwirtschaftlicher Produkte
61211;Index der Erzeugerpreise landwirtschaftl. Produkte;JAHR;Jahr;1976;DINSG;Deutschland insgesamt;DG;Deutschland;PROAT1;Landwirtschaftliche Produkte;LWPR-1514;Champignons;-;2020=100;PRE018;Erzeugerpreisindizes landwirtschaftlicher Produkte
61211;Index der Erzeugerpreise landwirtschaftl. Produkte;JAHR;Jahr;2021;DINSG;Deutschland insgesamt;DG;Deutschland;PROAT1;Landwirtschaftliche Produkte;LWPR-141;Speisekartoffeln;98,4;2020=100;PRE018;Erzeugerpreisindizes landwirtschaftlicher Produkte
61211;Index der Erzeugerpreise landwirtschaftl. Produkte;JAHR;Jahr;1978;DINSG;Deutschland insgesamt;DG;Deutschland;PROAT1;Landwirtschaftliche Produkte;LWPR-211;Rinder;105,2;2020=100;PRE018;Erzeugerpreisindizes landwirtschaftlicher Produkte
61211;Index der Erzeugerpreise landwirtschaftl. Produkte;JAHR;Jahr;2009;DINSG;Deutschland insgesamt;DG;Deutschland;PROAT1;Landwirtschaftliche Produkte;LWPR-1521;Schnittblumen;70,3;2020=100;PRE018;Erzeugerpreisindizes landwirtschaftlicher Produkte
61211;Index der Erzeugerpreise landwirtschaftl. Produkte;JAHR;Jahr;1973;DINSG;Deutschland insgesamt;DG;Deutschland;PROAT1;Landwirtschaftliche Produkte;LWPR-214;Geflügel;89,6;2020=100;PRE018;Erzeugerpreisindizes landwirtschaftlicher Produkte
61211;Index der Erzeugerpreise landwirtschaftl. Produkte;JAHR;Jahr;2020;DINSG;Deutschland insgesamt;DG;Deutschland;PROAT1;Landwirtschaftliche Produkte;LWPR-1216;Körnermais;100,0;2020=100;PRE018;Erzeugerpreisindizes landwirtschaftlicher Produkte
61211;Index der Erzeugerpreise landwirtschaftl. Produkte;JAHR;Jahr;1996;DINSG;Deutschland insgesamt;DG;Deutschland;PROAT1;Landwirtschaftliche Produkte;LWPR-1211;Brotweizen;78,9;2020=100;PRE018;Erzeugerpreisindizes landwirtschaftlicher Produkte
61211;Index der Erzeugerpreise landwirtschaftl. Produkte;JAHR;Jahr;1992;DINSG;Deutschland insgesamt;DG;Deutschland;PROAT1;Landwirtschaftliche Produkte;LWPR-1214;Futtergerste;102,4;2020=100;PRE018;Erzeugerpreisindizes landwirtschaftlicher Produkte
61211;Index der Erzeugerpreise landwirtschaftl. Produkte;JAHR;Jahr;1972;DINSG;Deutschland insgesamt;DG;Deutschland;PROAT1;Landwirtschaftliche Produkte;LWPR-1517;Salat;-;2020=100;PRE018;Erzeugerpreisindizes landwirtschaftlicher Produkte
61211;Index der Erzeugerpreise landwirtschaftl. Produkte;JAHR;Jahr;2023;DINSG;Deutschland insgesamt;DG;Deutschland;PROAT1;Landwirtschaftliche Produkte;LWPR-1512;Tomaten;108,3;2020=100;PRE018;Erzeugerpreisindizes landwirtschaftlicher Produkte
61211;Index der Erzeugerpreise landwirtschaftl. Produkte;JAHR;Jahr;1999;DINSG;Deutschland insgesamt;DG;Deutschland;PROAT1;Landwirtschaftliche Produkte;LWPR-214;Geflügel;68,8;2020=100;PRE018;Erzeugerpreisindizes landwirtschaftlicher Produkte
61211;Index der Erzeugerpreise landwirtschaftl. Produkte;JAHR;Jahr;2004;DINSG;Deutschland insgesamt;DG;Deutschland;PROAT1;Landwirtschaftliche Produkte;LWPR-1516;Kohlgemüse;-;2020=100;PRE018;Erzeugerpreisindizes landwirtschaftlicher Produkte
61211;Index der Erzeugerpreise landwirtschaftl. Produkte;JAHR;Jahr;1991;DINSG;Deutschland insgesamt;DG;Deutschland;PROAT1;Landwirtschaftliche Produkte;LWPR-212;Schweine;109,7;2020=100;PRE018;Erzeugerpreisindizes landwirtschaftlicher Produkte
61211;Index der Erzeugerpreise landwirtschaftl. Produkte;JAHR;Jahr;2017;DINSG;Deutschland insgesamt;DG;Deutschland;PROAT1;Landwirtschaftliche Produkte;LWPR-161;Tafeläpfel;90,1;2020=100;PRE018;Erzeugerpreisindizes landwirtschaftlicher Produkte
61211;Index der Erzeugerpreise landwirtschaftl. Produkte;JAHR;Jahr;2021;DINSG;Deutschland insgesamt;DG;Deutschland;PROAT1;Landwirtschaftliche Produkte;LWPR-15;Erzeugnisse des Gemüse- und Gartenbaus;111,2;2020=100;PRE018;Erzeugerpreisindizes landwirtschaftlicher Produkte
61211;Index der Erzeugerpreise landwirtschaftl. Produkte;JAHR;Jahr;1981;DINSG;Deutschland insgesamt;DG;Deutschland;PROAT1;Landwirtschaftliche Produkte;LWPR-12;Getreide (einschließlich Saatgut);142,1;2020=100;PRE018;Erzeugerpreisindizes landwirtschaftlicher Produkte
61211;Index der Erzeugerpreise landwirtschaftl. Produkte;JAHR;Jahr;1986;DINSG;Deutschland insgesamt;DG;Deutschland;PROAT1;Landwirtschaftliche Produkte;LWPR-15;Erzeugnisse des Gemüse- und Gartenbaus;61,3;2020=100;PRE018;Erzeugerpreisindizes landwirtschaftlicher Produkte
61211;Index der Erzeugerpreise landwirtschaftl. Produkte;JAHR;Jahr;1984;DINSG;Deutschland insgesamt;DG;Deutschland;PROAT1;Landwirtschaftliche Produkte;LWPR-15171;Eissalat;-;2020=100;PRE018;Erzeugerpreisindizes landwirtschaftlicher Produkte
61211;Index der Erzeugerpreise landwirtschaftl. Produkte;JAHR;Jahr;1989;DINSG;Deutschland insgesamt;DG;Deutschland;PROAT1;Landwirtschaftliche Produkte;LWPR-1211;Brotweizen;107,7;2020=100;PRE018;Erzeugerpreisindizes landwirtschaftlicher Produkte
61211;Index der Erzeugerpreise landwirtschaftl. Produkte;JAHR;Jahr;1980;DINSG;Deutschland insgesamt;DG;Deutschland;PROAT1;Landwirtschaftliche Produkte;LWPR-141;Speisekartoffeln;38,9;2020=100;PRE018;Erzeugerpreisindizes landwirtschaftlicher Produkte
61211;Index der Erzeugerpreise landwirtschaftl. Produkte;JAHR;Jahr;1975;DINSG;Deutschland insgesamt;DG;Deutschland;PROAT1;Landwirtschaftliche Produkte;LWPR-121;Getreide;127,2;2020=100;PRE018;Erzeugerpreisindizes landwirtschaftlicher Produkte
61211;Index der Erzeugerpreise landwirtschaftl. Produkte;JAHR;Jahr;1997;DINSG;Deutschland insgesamt;DG;Deutschland;PROAT1;Landwirtschaftliche Produkte;LWPR-23;Eier;48,8;2020=100;PRE018;Erzeugerpreisindizes landwirtschaftlicher Produkte
61211;Index der Erzeugerpreise landwirtschaftl. Produkte;JAHR;Jahr;2014;DINSG;Deutschland insgesamt;DG;Deutschland;PROAT1;Landwirtschaftliche Produkte;LWPR-214;Geflügel;112,7;2020=100;PRE018;Erzeugerpreisindizes landwirtschaftlicher Produkte
61211;Index der Erzeugerpreise landwirtschaftl. Produkte;JAHR;Jahr;2010;DINSG;Deutschland insgesamt;DG;Deutschland;PROAT1;Landwirtschaftliche Produkte;LWPR-213;Schafe und Ziegen;70,3;2020=100;PRE018;Erzeugerpreisindizes landwirtschaftlicher Produkte
61211;Index der Erzeugerpreise landwirtschaftl. Produkte;JAHR;Jahr;1974;DINSG;Deutschland insgesamt;DG;Deutschland;PROAT1;Landwirtschaftliche Produkte;LWPR-1213;Futterweizen;-;2020=100;PRE018;Erzeugerpreisindizes landwirtschaftlicher Produkte
61211;Index der Erzeugerpreise landwirtschaftl. Produkte;JAHR;Jahr;1990;DINSG;Deutschland insgesamt;DG;Deutschland;PROAT1;Landwirtschaftliche Produkte;LWPR-2;Tierische Erzeugung;92,6;2020=100;PRE018;Erzeugerpreisindizes landwirtschaftlicher Produkte
61211;Index der Erzeugerpreise landwirtschaftl. Produkte;JAHR;Jahr;2019;DINSG;Deutschland insgesamt;DG;Deutschland;PROAT1;Landwirtschaftliche Produkte;LWPR-1514;Champignons;89,7;2020=100;PRE018;Erzeugerpreisindizes landwirtschaftlicher Produkte
61211;Index der Erzeugerpreise landwirtschaftl. Produkte;JAHR;Jahr;2019;DINSG;Deutschland insgesamt;DG;Deutschland;PROAT1;Landwirtschaftliche Produkte;LWPR-211;Rinder;102,9;2020=100;PRE018;Erzeugerpreisindizes landwirtschaftlicher Produkte
61211;Index der Erzeugerpreise landwirtschaftl. Produkte;JAHR;Jahr;1995;DINSG;Deutschland insgesamt;DG;Deutschland;PROAT1;Landwirtschaftliche Produkte;LWPR-213;Schafe und Ziegen;55,1;2020=100;PRE018;Erzeugerpreisindizes landwirtschaftlicher Produkte
61211;Index der Erzeugerpreise landwirtschaftl. Produkte;JAHR;Jahr;2002;DINSG;Deutschland insgesamt;DG;Deutschland;PROAT1;Landwirtschaftliche Produkte;LWPR-1522;Topfpflanzen;91,4;2020=100;PRE018;Erzeugerpreisindizes landwirtschaftlicher Produkte
61211;Index der Erzeugerpreise landwirtschaftl. Produkte;JAHR;Jahr;2020;DINSG;Deutschland insgesamt;DG;Deutschland;PROAT1;Landwirtschaftliche Produkte;LWPR-132;Zuckerrüben;100,0;2020=100;PRE018;Erzeugerpreisindizes landwirtschaftlicher Produkte
61211;Index der Erzeugerpreise landwirtschaftl. Produkte;JAHR;Jahr;1992;DINSG;Deutschland insgesamt;DG;Deutschland;PROAT1;Landwirtschaftliche Produkte;LWPR-15171;Eissalat;-;2020=100;PRE018;Erzeugerpreisindizes landwirtschaftlicher Produkte
61211;Index der Erzeugerpreise landwirtschaftl. Produkte;JAHR;Jahr;1972;DINSG;Deutschland insgesamt;DG;Deutschland;PROAT1;Landwirtschaftliche Produkte;LWPR-151;Gemüse;28,9;2020=100;PRE018;Erzeugerpreisindizes landwirtschaftlicher Produkte
61211;Index der Erzeugerpreise landwirtschaftl. Produkte;JAHR;Jahr;1995;DINSG;Deutschland insgesamt;DG;Deutschland;PROAT1;Landwirtschaftliche Produkte;LWPR-21;Tiere;85,4;2020=100;PRE018;Erzeugerpreisindizes landwirtschaftlicher Produkte
61211;Index der Erzeugerpreise landwirtschaftl. Produkte;JAHR;Jahr;1988;DINSG;Deutschland insgesamt;DG;Deutschland;PROAT1;Landwirtschaftliche Produkte;LWPR-2112;Kühe;104,5;2020=100;PRE018;Erzeugerpreisindizes landwirtschaftlicher Produkte
61211;Index der Erzeugerpreise landwirtschaftl. Produkte;JAHR;Jahr;1988;DINSG;Deutschland insgesamt;DG;Deutschland;PROAT1;Landwirtschaftliche Produkte;LWPR-1216;Körnermais;115,0;2020=100;PRE018;Erzeugerpreisindizes landwirtschaftlicher Produkte
61211;Index der Erzeugerpreise landwirtschaftl. Produkte;JAHR;Jahr;2001;DINSG;Deutschland insgesamt;DG;Deutschland;PROAT1;Landwirtschaftliche Produkte;LWPR-214;Geflügel;78,5;2020=100;PRE018;Erzeugerpreisindizes landwirtschaftlicher Produkte
61211;Index der Erzeugerpreise landwirtschaftl. Produkte;JAHR;Jahr;2020;DINSG;Deutschland insgesamt;DG;Deutschland;PROAT1;Landwirtschaftliche Produkte;LWPR-16;Obst;100,0;2020=100;PRE018;Erzeugerpreisindizes landwirtschaftlicher Produkte
61211;Index der Erzeugerpreise landwirtschaftl. Produkte;JAHR;Jahr;2013;DINSG;Deutschland insgesamt;DG;Deutschland;PROAT1;Landwirtschaftliche Produkte;LWPR-1216;Körnermais;104,8;2020=100;PRE018;Erzeugerpreisindizes landwirtschaftlicher Produkte
61211;Index der Erzeugerpreise landwirtschaftl. Produkte;JAHR;Jahr;1994;DINSG;Deutschland insgesamt;DG;Deutschland;PROAT1;Landwirtschaftliche Produkte;LWPR-1515;Spargel;-;2020=100;PRE018;Erzeugerpreisindizes landwirtschaftlicher Produkte
61211;Index der Erzeugerpreise landwirtschaftl. Produkte;JAHR;Jahr;1979;DINSG;Deutschland insgesamt;DG;Deutschland;PROAT1;Landwirtschaftliche Produkte;LWPR-122;Getreidesaatgut;123,2;2020=100;PRE018;Erzeugerpreisindizes landwirtschaftlicher Produkte
61211;Index der Erzeugerpreise landwirtschaftl. Produkte;JAHR;Jahr;1980;DINSG;Deutschland insgesamt;DG;Deutschland;PROAT1;Landwirtschaftliche Produkte;LWPR-1512;Tomaten;-;2020=100;PRE018;Erzeugerpreisindizes landwirtschaftlicher Produkte
61211;Index der Erzeugerpreise landwirtschaftl. Produkte;JAHR;Jahr;1977;DINSG;Deutschland insgesamt;DG;Deutschland;PROAT1;Landwirtschaftliche Produkte;LWPR-1522;Topfpflanzen;73,5;2020=100;PRE018;Erzeugerpreisindizes landwirtschaftlicher Produkte
61211;Index der Erzeugerpreise landwirtschaftl. Produkte;JAHR;Jahr;2014;DINSG;Deutschland insgesamt;DG;Deutschland;PROAT1;Landwirtschaftliche Produkte;LWPR-1211;Brotweizen;93,6;2020=100;PRE018;Erzeugerpreisindizes landwirtschaftlicher Produkte
61211;Index der Erzeugerpreise landwirtschaftl. Produkte;JAHR;Jahr;1974;DINSG;Deutschland insgesamt;DG;Deutschland;PROAT1;Landwirtschaftliche Produkte;LWPR-17;Wein;-;2020=100;PRE018;Erzeugerpreisindizes landwirtschaftlicher Produkte
61211;Index der Erzeugerpreise landwirtschaftl. Produkte;JAHR;Jahr;1994;DINSG;Deutschland insgesamt;DG;Deutschland;PROAT1;Landwirtschaftliche Produkte;LWPR-1;Pflanzliche Erzeugung;78,5;2020=100;PRE018;Erzeugerpreisindizes landwirtschaftlicher Produkte
61211;Index der Erzeugerpreise landwirtschaftl. Produkte;JAHR;Jahr;1998;DINSG;Deutschland insgesamt;DG;Deutschland;PROAT1;Landwirtschaftliche Produkte;LWPR-22;Milch;92,9;2020=100;PRE018;Erzeugerpreisindizes landwirtschaftlicher Produkte
61211;Index der Erzeugerpreise landwirtschaftl. Produkte;JAHR;Jahr;1993;DINSG;Deutschland insgesamt;DG;Deutschland;PROAT1;Landwirtschaftliche Produkte;LWPR-141;Speisekartoffeln;26,5;2020=100;PRE018;Erzeugerpreisindizes landwirtschaftlicher Produkte
61211;Index der Erzeugerpreise landwirtschaftl. Produkte;JAHR;Jahr;1989;DINSG;Deutschland insgesamt;DG;Deutschland;PROAT1;Landwirtschaftliche Produkte;LWPR-152;Pflanzen und Blumen;74,6;2020=100;PRE018;Erzeugerpreisindizes landwirtschaftlicher Produkte
61211;Index der Erzeugerpreise landwirtschaftl. Produkte;JAHR;Jahr;2016;DINSG;Deutschland insgesamt;DG;Deutschland;PROAT1;Landwirtschaftliche Produkte;LWPR-1512;Tomaten;139,4;2020=100;PRE018;Erzeugerpreisindizes landwirtschaftlicher Produkte
61211;Index der Erzeugerpreise landwirtschaftl. Produkte;JAHR;Jahr;1969;DINSG;Deutschland insgesamt;DG;Deutschland;PROAT1;Landwirtschaftliche Produkte;LWPR-1514;Champignons;-;2020=100;PRE018;Erzeugerpreisindizes landwirtschaftlicher Produkte
61211;Index der Erzeugerpreise landwirtschaftl. Produkte;JAHR;Jahr;2021;DINSG;Deutschland insgesamt;DG;Deutschland;PROAT1;Landwirtschaftliche Produkte;LWPR-2142;Sonstiges Geflügel;99,0;2020=100;PRE018;Erzeugerpreisindizes landwirtschaftlicher Produkte
61211;Index der Erzeugerpreise landwirtschaftl. Produkte;JAHR;Jahr;1971;DINSG;Deutschland insgesamt;DG;Deutschland;PROAT1;Landwirtschaftliche Produkte;LWPR-16;Obst;33,3;2020=100;PRE018;Erzeugerpreisindizes landwirtschaftlicher Produkte
61211;Index der Erzeugerpreise landwirtschaftl. Produkte;JAHR;Jahr;1983;DINSG;Deutschland insgesamt;DG;Deutschland;PROAT1;Landwirtschaftliche Produkte;LWPR-14;Kartoffeln (einschließlich Pflanzkartoffeln);68,3;2020=100;PRE018;Erzeugerpreisindizes landwirtschaftlicher Produkte
61211;Index der Erzeugerpreise landwirtschaftl. Produkte;JAHR;Jahr;1988;DINSG;Deutschland insgesamt;DG;Deutschland;PROAT1;Landwirtschaftliche Produkte;LWPR-17;Wein;-;2020=100;PRE018;Erzeugerpreisindizes landwirtschaftlicher Produkte
61211;Index der Erzeugerpreise landwirtschaftl. Produkte;JAHR;Jahr;1971;DINSG;Deutschland insgesamt;DG;Deutschland;PROAT1;Landwirtschaftliche Produkte;LWPR-1211;Brotweizen;106,4;2020=100;PRE018;Erzeugerpreisindizes landwirtschaftlicher Produkte
61211;Index der Erzeugerpreise landwirtschaftl. Produkte;JAHR;Jahr;1986;DINSG;Deutschland insgesamt;DG;Deutschland;PROAT1;Landwirtschaftliche Produkte;LWPR-214;Geflügel;97,9;2020=100;PRE018;Erzeugerpreisindizes landwirtschaftlicher Produkte
61211;Index der Erzeugerpreise landwirtschaftl. Produkte;JAHR;Jahr;2023;DINSG;Deutschland insgesamt;DG;Deutschland;PROAT1;Landwirtschaftliche Produkte;LWPR-213;Schafe und Ziegen;134,1;2020=100;PRE018;Erzeugerpreisindizes landwirtschaftlicher Produkte
61211;Index der Erzeugerpreise landwirtschaftl. Produkte;JAHR;Jahr;1985;DINSG;Deutschland insgesamt;DG;Deutschland;PROAT1;Landwirtschaftliche Produkte;LWPR-1214;Futtergerste;135,2;2020=100;PRE018;Erzeugerpreisindizes landwirtschaftlicher Produkte
61211;Index der Erzeugerpreise landwirtschaftl. Produkte;JAHR;Jahr;1998;DINSG;Deutschland insgesamt;DG;Deutschland;PROAT1;Landwirtschaftliche Produkte;LWPR-1512;Tomaten;69,5;2020=100;PRE018;Erzeugerpreisindizes landwirtschaftlicher Produkte
61211;Index der Erzeugerpreise landwirtschaftl. Produkte;JAHR;Jahr;1970;DINSG;Deutschland insgesamt;DG;Deutschland;PROAT1;Landwirtschaftliche Produkte;LWPR-133;Futterpflanzen;-;2020=100;PRE018;Erzeugerpreisindizes landwirtschaftlicher Produkte
61211;Index der Erzeugerpreise landwirtschaftl. Produkte;JAHR;Jahr;2017;DINSG;Deutschland insgesamt;DG;Deutschland;PROAT1;Landwirtschaftliche Produkte;LWPR-1213;Futterweizen;87,3;2020=100;PRE018;Erzeugerpreisindizes landwirtschaftlicher Produkte
61211;Index der Erzeugerpreise landwirtschaftl. Produkte;JAHR;Jahr;1980;DINSG;Deutschland insgesamt;DG;Deutschland;PROAT1;Landwirtschaftliche Produkte;LWPR-13;Handelsgewächse;123,2;2020=100;PRE018;Erzeugerpreisindizes landwirtschaftlicher Produkte
61211;Index der Erzeugerpreise landwirtschaftl. Produkte;JAHR;Jahr;2015;DINSG;Deutschland insgesamt;DG;Deutschland;PROAT1;Landwirtschaftliche Produkte;LWPR-1517;Salat;95,8;2020=100;PRE018;Erzeugerpreisindizes landwirtschaftlicher Produkte
61211;Index der Erzeugerpreise landwirtschaftl. Produkte;JAHR;Jahr;1969;DINSG;Deutschland insgesamt;DG;Deutschland;PROAT1;Landwirtschaftliche Produkte;LWPR-1;Pflanzliche Erzeugung;57,4;2020=100;PRE018;Erzeugerpreisindizes landwirtschaftlicher Produkte
61211;Index der Erzeugerpreise landwirtschaftl. Produkte;JAHR;Jahr;1999;DINSG;Deutschland insgesamt;DG;Deutschland;PROAT1;Landwirtschaftliche Produkte;LWPR-1213;Futterweizen;63,2;2020=100;PRE018;Erzeugerpreisindizes landwirtschaftlicher Produkte
61211;Index der Erzeugerpreise landwirtschaftl. Produkte;JAHR;Jahr;1997;DINSG;Deutschland insgesamt;DG;Deutschland;PROAT1;Landwirtschaftliche Produkte;LWPR-1517;Salat;-;2020=100;PRE018;Erzeugerpreisindizes landwirtschaftlicher Produkte
61211;Index der Erzeugerpreise landwirtschaftl. Produkte;JAHR;Jahr;2007;DINSG;Deutschland insgesamt;DG;Deutschland;PROAT1;Landwirtschaftliche Produkte;LWPR-122;Getreidesaatgut;98,4;2020=100;PRE018;Erzeugerpreisindizes landwirtschaftlicher Produkte
61211;Index der Erzeugerpreise landwirtschaftl. Produkte;JAHR;Jahr;1989;DINSG;Deutschland insgesamt;DG;Deutschland;PROAT1;Landwirtschaftliche Produkte;LWPR-2142;Sonstiges Geflügel;92,0;2020=100;PRE018;Erzeugerpreisindizes landwirtschaftlicher Produkte
61211;Index der Erzeugerpreise landwirtschaftl. Produkte;JAHR;Jahr;2017;DINSG;Deutschland insgesamt;DG;Deutschland;PROAT1;Landwirtschaftliche Produkte;LWPR-152;Pflanzen und Blumen;93,7;2020=100;PRE018;Erzeugerpreisindizes landwirtschaftlicher Produkte
61211;Index der Erzeugerpreise landwirtschaftl. Produkte;JAHR;Jahr;2006;DINSG;Deutschland insgesamt;DG;Deutschland;PROAT1;Landwirtschaftliche Produkte;LWPR-211;Rinder;89,5;2020=100;PRE018;Erzeugerpreisindizes landwirtschaftlicher Produkte
61211;Index der Erzeugerpreise landwirtschaftl. Produkte;JAHR;Jahr;1983;DINSG;Deutschland insgesamt;DG;Deutschland;PROAT1;Landwirtschaftliche Produkte;LWPR-1514;Champignons;-;2020=100;PRE018;Erzeugerpreisindizes landwirtschaftlicher Produkte
61211;Index der Erzeugerpreise landwirtschaftl. Produkte;JAHR;Jahr;1974;DINSG;Deutschland insgesamt;DG;Deutschland;PROAT1;Landwirtschaftliche Produkte;LWPR-2113;Färsen;81,0;2020=100;PRE018;Erzeugerpreisindizes landwirtschaftlicher Produkte
61211;Index der Erzeugerpreise landwirtschaftl. Produkte;JAHR;Jahr;2008;DINSG;Deutschland insgesamt;DG;Deutschland;PROAT1;Landwirtschaftliche Produkte;LWPR-162;Erdbeeren;69,5;2020=100;PRE018;Erzeugerpreisindizes landwirtschaftlicher Produkte
61211;Index der Erzeugerpreise landwirtschaftl. Produkte;JAHR;Jahr;2002;DINSG;Deutschland insgesamt;DG;Deutschland;PROAT1;Landwirtschaftliche Produkte;LWPR-1215;Braugerste;74,4;2020=100;PRE018;Erzeugerpreisindizes landwirtschaftlicher Produkte
61211;Index der Erzeugerpreise landwirtschaftl. Produkte;JAHR;Jahr;1970;DINSG;Deutschland insgesamt;DG;Deutschland;PROAT1;Landwirtschaftliche Produkte;LWPR-1216;Körnermais;97,9;2020=100;PRE018;Erzeugerpreisindizes landwirtschaftlicher Produkte
61211;Index der Erzeugerpreise landwirtschaftl. Produkte;JAHR;Jahr;2023;DINSG;Deutschland insgesamt;DG;Deutschland;PROAT1;Landwirtschaftliche Produkte;LWPR-17;Wein;110,7;2020=100;PRE018;Erzeugerpreisindizes landwirtschaftlicher Produkte
61211;Index der Erzeugerpreise landwirtschaftl. Produkte;JAHR;Jahr;2006;DINSG;Deutschland insgesamt;DG;Deutschland;PROAT1;Landwirtschaftliche Produkte;LWPR-2112;Kühe;89,4;2020=100;PRE018;Erzeugerpreisindizes landwirtschaftlicher Produkte
61211;Index der Erzeugerpreise landwirtschaftl. Produkte;JAHR;Jahr;2007;DINSG;Deutschland insgesamt;DG;Deutschland;PROAT1;Landwirtschaftliche Produkte;LWPR-2142;Sonstiges Geflügel;83,7;2020=100;PRE018;Erzeugerpreisindizes landwirtschaftlicher Produkte
61211;Index der Erzeugerpreise landwirtschaftl. Produkte;JAHR;Jahr;1990;DINSG;Deutschland insgesamt;DG;Deutschland;PROAT1;Landwirtschaftliche Produkte;LWPR-22;Milch;95,5;2020=100;PRE018;Erzeugerpreisindizes landwirtschaftlicher Produkte
61211;Index der Erzeugerpreise landwirtschaftl. Produkte;JAHR;Jahr;1980;DINSG;Deutschland insgesamt;DG;Deutschland;PROAT1;Landwirtschaftliche Produkte;LWPR-132;Zuckerrüben;131,4;2020=100;PRE018;Erzeugerpreisindizes landwirtschaftlicher Produkte
61211;Index der Erzeugerpreise landwirtschaftl. Produkte;JAHR;Jahr;2012;DINSG;Deutschland insgesamt;DG;Deutschland;PROAT1;Landwirtschaftliche Produkte;LWPR-151;Gemüse;82,8;2020=100;PRE018;Erzeugerpreisindizes landwirtschaftlicher Produkte
61211;Index der Erzeugerpreise landwirtschaftl. Produkte;JAHR;Jahr;2023;DINSG;Deutschland insgesamt;DG;Deutschland;PROAT1;Landwirtschaftliche Produkte;LWPR-1521;Schnittblumen;116,7;2020=100;PRE018;Erzeugerpreisindizes landwirtschaftlicher Produkte
61211;Index der Erzeugerpreise landwirtschaftl. Produkte;JAHR;Jahr;2000;DINSG;Deutschland insgesamt;DG;Deutschland;PROAT1;Landwirtschaftliche Produkte;LWPR-151;Gemüse;67,6;2020=100;PRE018;Erzeugerpreisindizes landwirtschaftlicher Produkte
61211;Index der Erzeugerpreise landwirtschaftl. Produkte;JAHR;Jahr;1971;DINSG;Deutschland insgesamt;DG;Deutschland;PROAT1;Landwirtschaftliche Produkte;LWPR-2;Tierische Erzeugung;71,6;2020=100;PRE018;Erzeugerpreisindizes landwirtschaftlicher Produkte
61211;Index der Erzeugerpreise landwirtschaftl. Produkte;JAHR;Jahr;1976;DINSG;Deutschland insgesamt;DG;Deutschland;PROAT1;Landwirtschaftliche Produkte;LWPR-15171;Eissalat;-;2020=100;PRE018;Erzeugerpreisindizes landwirtschaftlicher Produkte
61211;Index der Erzeugerpreise landwirtschaftl. Produkte;JAHR;Jahr;1972;DINSG;Deutschland insgesamt;DG;Deutschland;PROAT1;Landwirtschaftliche Produkte;LWPR-15;Erzeugnisse des Gemüse- und Gartenbaus;40,4;2020=100;PRE018;Erzeugerpreisindizes landwirtschaftlicher Produkte
61211;Index der Erzeugerpreise landwirtschaftl. Produkte;JAHR;Jahr;1986;DINSG;Deutschland insgesamt;DG;Deutschland;PROAT1;Landwirtschaftliche Produkte;LWPR;Erzeugung landwirtschaftlicher Produkte;91,0;2020=100;PRE018;Erzeugerpreisindizes landwirtschaftlicher Produkte
61211;Index der Erzeugerpreise landwirtschaftl. Produkte;JAHR;Jahr;2002;DINSG;Deutschland insgesamt;DG;Deutschland;PROAT1;Landwirtschaftliche Produkte;LWPR-121;Getreide;60,5;2020=100;PRE018;Erzeugerpreisindizes landwirtschaftlicher Produkte
61211;Index der Erzeugerpreise landwirtschaftl. Produkte;JAHR;Jahr;1981;DINSG;Deutschland insgesamt;DG;Deutschland;PROAT1;Landwirtschaftliche Produkte;LWPR-1213;Futterweizen;128,0;2020=100;PRE018;Erzeugerpreisindizes landwirtschaftlicher Produkte
61211;Index der Erzeugerpreise landwirtschaftl. Produkte;JAHR;Jahr;1995;DINSG;Deutschland insgesamt;DG;Deutschland;PROAT1;Landwirtschaftliche Produkte;LWPR-1523;Baumschulerzeugnisse;89,5;2020=100;PRE018;Erzeugerpreisindizes landwirtschaftlicher Produkte
61211;Index der Erzeugerpreise landwirtschaftl. Produkte;JAHR;Jahr;1990;DINSG;Deutschland insgesamt;DG;Deutschland;PROAT1;Landwirtschaftliche Produkte;LWPR-162;Erdbeeren;47,2;2020=100;PRE018;Erzeugerpreisindizes landwirtschaftlicher Produkte
61211;Index der Erzeugerpreise landwirtschaftl. Produkte;JAHR;Jahr;2019;DINSG;Deutschland insgesamt;DG;Deutschland;PROAT1;Landwirtschaftliche Produkte;LWPR-122;Getreidesaatgut;98,4;2020=100;PRE018;Erzeugerpreisindizes landwirtschaftlicher Produkte
61211;Index der Erzeugerpreise landwirtschaftl. Produkte;JAHR;Jahr;1983;DINSG;Deutschland insgesamt;DG;Deutschland;PROAT1;Landwirtschaftliche Produkte;LWPR-133;Futterpflanzen;-;2020=100;PRE018;Erzeugerpreisindizes landwirtschaftlicher Produkte
61211;Index der Erzeugerpreise landwirtschaftl. Produkte;JAHR;Jahr;1972;DINSG;Deutschland insgesamt;DG;Deutschland;PROAT1;Landwirtschaftliche Produkte;LWPR;Erzeugung landwirtschaftlicher Produkte;73,5;2020=100;PRE018;Erzeugerpreisindizes landwirtschaftlicher Produkte
61211;Index der Erzeugerpreise landwirtschaftl. Produkte;JAHR;Jahr;1985;DINSG;Deutschland insgesamt;DG;Deutschland;PROAT1;Landwirtschaftliche Produkte;LWPR-16;Obst;63,1;2020=100;PRE018;Erzeugerpreisindizes landwirtschaftlicher Produkte
61211;Index der Erzeugerpreise landwirtschaftl. Produkte;JAHR;Jahr;1971;DINSG;Deutschland insgesamt;DG;Deutschland;PROAT1;Landwirtschaftliche Produkte;LWPR-133;Futterpflanzen;-;2020=100;PRE018;Erzeugerpreisindizes landwirtschaftlicher Produkte
61211;Index der Erzeugerpreise landwirtschaftl. Produkte;JAHR;Jahr;1998;DINSG;Deutschland insgesamt;DG;Deutschland;PROAT1;Landwirtschaftliche Produkte;LWPR-2114;Kälber;103,1;2020=100;PRE018;Erzeugerpreisindizes landwirtschaftlicher Produkte
61211;Index der Erzeugerpreise landwirtschaftl. Produkte;JAHR;Jahr;1997;DINSG;Deutschland insgesamt;DG;Deutschland;PROAT1;Landwirtschaftliche Produkte;LWPR-133;Futterpflanzen;-;2020=100;PRE018;Erzeugerpreisindizes landwirtschaftlicher Produkte
61211;Index der Erzeugerpreise landwirtschaftl. Produkte;JAHR;Jahr;2022;DINSG;Deutschland insgesamt;DG;Deutschland;PROAT1;Landwirtschaftliche Produkte;LWPR-14;Kartoffeln (einschließlich Pflanzkartoffeln);165,7;2020=100;PRE018;Erzeugerpreisindizes landwirtschaftlicher Produkte
61211;Index der Erzeugerpreise landwirtschaftl. Produkte;JAHR;Jahr;1978;DINSG;Deutschland insgesamt;DG;Deutschland;PROAT1;Landwirtschaftliche Produkte;LWPR-17;Wein;-;2020=100;PRE018;Erzeugerpreisindizes landwirtschaftlicher Produkte
61211;Index der Erzeugerpreise landwirtschaftl. Produkte;JAHR;Jahr;1973;DINSG;Deutschland insgesamt;DG;Deutschland;PROAT1;Landwirtschaftliche Produkte;LWPR-1521;Schnittblumen;42,8;2020=100;PRE018;Erzeugerpreisindizes landwirtschaftlicher Produkte
61211;Index der Erzeugerpreise landwirtschaftl. Produkte;JAHR;Jahr;1984;DINSG;Deutschland insgesamt;DG;Deutschland;PROAT1;Landwirtschaftliche Produkte;LWPR-1513;Gurken;-;2020=100;PRE018;Erzeugerpreisindizes landwirtschaftlicher Produkte
61211;Index der Erzeugerpreise landwirtschaftl. Produkte;JAHR;Jahr;2012;DINSG;Deutschland insgesamt;DG;Deutschland;PROAT1;Landwirtschaftliche Produkte;LWPR-1515;Spargel;-;2020=100;PRE018;Erzeugerpreisindizes landwirtschaftlicher Produkte
61211;Index der Erzeugerpreise landwirtschaftl. Produkte;JAHR;Jahr;2007;DINSG;Deutschland insgesamt;DG;Deutschland;PROAT1;Landwirtschaftliche Produkte;LWPR-1211;Brotweizen;107,5;2020=100;PRE018;Erzeugerpreisindizes landwirtschaftlicher Produkte
61211;Index der Erzeugerpreise landwirtschaftl. Produkte;JAHR;Jahr;2003;DINSG;Deutschland insgesamt;DG;Deutschland;PROAT1;Landwirtschaftliche Produkte;LWPR-1214;Futtergerste;64,9;2020=100;PRE018;Erzeugerpreisindizes landwirtschaftlicher Produkte
61211;Index der Erzeugerpreise landwirtschaftl. Produkte;JAHR;Jahr;1972;DINSG;Deutschland insgesamt;DG;Deutschland;PROAT1;Landwirtschaftliche Produkte;LWPR-2141;Hähnchen;72,1;2020=100;PRE018;Erzeugerpreisindizes landwirtschaftlicher Produkte
61211;Index der Erzeugerpreise landwirtschaftl. Produkte;JAHR;Jahr;1971;DINSG;Deutschland insgesamt;DG;Deutschland;PROAT1;Landwirtschaftliche Produkte;LWPR-2111;Jungbullen;72,4;2020=100;PRE018;Erzeugerpreisindizes landwirtschaftlicher Produkte
61211;Index der Erzeugerpreise landwirtschaftl. Produkte;JAHR;Jahr;2003;DINSG;Deutschland insgesamt;DG;Deutschland;PROAT1;Landwirtschaftliche Produkte;LWPR-152;Pflanzen und Blumen;88,3;2020=100;PRE018;Erzeugerpreisindizes landwirtschaftlicher Produkte
61211;Index der Erzeugerpreise landwirtschaftl. Produkte;JAHR;Jahr;2016;DINSG;Deutschland insgesamt;DG;Deutschland;PROAT1;Landwirtschaftliche Produkte;LWPR-121;Getreide;83,6;2020=100;PRE018;Erzeugerpreisindizes landwirtschaftlicher Produkte
61211;Index der Erzeugerpreise landwirtschaftl. Produkte;JAHR;Jahr;2009;DINSG;Deutschland insgesamt;DG;Deutschland;PROAT1;Landwirtschaftliche Produkte;LWPR-23;Eier;76,5;2020=100;PRE018;Erzeugerpreisindizes landwirtschaftlicher Produkte
61211;Index der Erzeugerpreise landwirtschaftl. Produkte;JAHR;Jahr;2017;DINSG;Deutschland insgesamt;DG;Deutschland;PROAT1;Landwirtschaftliche Produkte;LWPR;Erzeugung landwirtschaftlicher Produkte;100,6;2020=100;PRE018;Erzeugerpreisindizes landwirtschaftlicher Produkte
61211;Index der Erzeugerpreise landwirtschaftl. Produkte;JAHR;Jahr;2010;DINSG;Deutschland insgesamt;DG;Deutschland;PROAT1;Landwirtschaftliche Produkte;LWPR-1214;Futtergerste;79,8;2020=100;PRE018;Erzeugerpreisindizes landwirtschaftlicher Produkte
61211;Index der Erzeugerpreise landwirtschaftl. Produkte;JAHR;Jahr;2011;DINSG;Deutschland insgesamt;DG;Deutschland;PROAT1;Landwirtschaftliche Produkte;LWPR-15171;Eissalat;133,0;2020=100;PRE018;Erzeugerpreisindizes landwirtschaftlicher Produkte
61211;Index der Erzeugerpreise landwirtschaftl. Produkte;JAHR;Jahr;1991;DINSG;Deutschland insgesamt;DG;Deutschland;PROAT1;Landwirtschaftliche Produkte;LWPR-1513;Gurken;-;2020=100;PRE018;Erzeugerpreisindizes landwirtschaftlicher Produkte
61211;Index der Erzeugerpreise landwirtschaftl. Produkte;JAHR;Jahr;1977;DINSG;Deutschland insgesamt;DG;Deutschland;PROAT1;Landwirtschaftliche Produkte;LWPR-161;Tafeläpfel;-;2020=100;PRE018;Erzeugerpreisindizes landwirtschaftlicher Produkte
61211;Index der Erzeugerpreise landwirtschaftl. Produkte;JAHR;Jahr;2003;DINSG;Deutschland insgesamt;DG;Deutschland;PROAT1;Landwirtschaftliche Produkte;LWPR-2141;Hähnchen;70,3;2020=100;PRE018;Erzeugerpreisindizes landwirtschaftlicher Produkte
61211;Index der Erzeugerpreise landwirtschaftl. Produkte;JAHR;Jahr;1975;DINSG;Deutschland insgesamt;DG;Deutschland;PROAT1;Landwirtschaftliche Produkte;LWPR-1;Pflanzliche Erzeugung;71,9;2020=100;PRE018;Erzeugerpreisindizes landwirtschaftlicher Produkte
61211;Index der Erzeugerpreise landwirtschaftl. Produkte;JAHR;Jahr;2022;DINSG;Deutschland insgesamt;DG;Deutschland;PROAT1;Landwirtschaftliche Produkte;LWPR-2141;Hähnchen;155,1;2020=100;PRE018;Erzeugerpreisindizes landwirtschaftlicher Produkte
61211;Index der Erzeugerpreise landwirtschaftl. Produkte;JAHR;Jahr;2025;DINSG;Deutschland insgesamt;DG;Deutschland;PROAT1;Landwirtschaftliche Produkte;LWPR-1212;Brotroggen;111,9;2020=100;PRE018;Erzeugerpreisindizes landwirtschaftlicher Produkte
61211;Index der Erzeugerpreise landwirtschaftl. Produkte;JAHR;Jahr;1968;DINSG;Deutschland insgesamt;DG;Deutschland;PROAT1;Landwirtschaftliche Produkte;LWPR-1515;Spargel;-;2020=100;PRE018;Erzeugerpreisindizes landwirtschaftlicher Produkte
61211;Index der Erzeugerpreise landwirtschaftl. Produkte;JAHR;Jahr;1987;DINSG;Deutschland insgesamt;DG;Deutschland;PROAT1;Landwirtschaftliche Produkte;LWPR-1515;Spargel;-;2020=100;PRE018;Erzeugerpreisindizes landwirtschaftlicher Produkte
61211;Index der Erzeugerpreise landwirtschaftl. Produkte;JAHR;Jahr;2006;DINSG;Deutschland insgesamt;DG;Deutschland;PROAT1;Landwirtschaftliche Produkte;LWPR-1216;Körnermais;78,8;2020=100;PRE018;Erzeugerpreisindizes landwirtschaftlicher Produkte
61211;Index der Erzeugerpreise landwirtschaftl. Produkte;JAHR;Jahr;2021;DINSG;Deutschland insgesamt;DG;Deutschland;PROAT1;Landwirtschaftliche Produkte;LWPR-2111;Jungbullen;114,5;2020=100;PRE018;Erzeugerpreisindizes landwirtschaftlicher Produkte
61211;Index der Erzeugerpreise landwirtschaftl. Produkte;JAHR;Jahr;1978;DINSG;Deutschland insgesamt;DG;Deutschland;PROAT1;Landwirtschaftliche Produkte;LWPR-122;Getreidesaatgut;125,4;2020=100;PRE018;Erzeugerpreisindizes landwirtschaftlicher Produkte
61211;Index der Erzeugerpreise landwirtschaftl. Produkte;JAHR;Jahr;2002;DINSG;Deutschland insgesamt;DG;Deutschland;PROAT1;Landwirtschaftliche Produkte;LWPR-2111;Jungbullen;70,0;2020=100;PRE018;Erzeugerpreisindizes landwirtschaftlicher Produkte
61211;Index der Erzeugerpreise landwirtschaftl. Produkte;JAHR;Jahr;2024;DINSG;Deutschland insgesamt;DG;Deutschland;PROAT1;Landwirtschaftliche Produkte;LWPR-133;Futterpflanzen;108,8;2020=100;PRE018;Erzeugerpreisindizes landwirtschaftlicher Produkte
61211;Index der Erzeugerpreise landwirtschaftl. Produkte;JAHR;Jahr;2005;DINSG;Deutschland insgesamt;DG;Deutschland;PROAT1;Landwirtschaftliche Produkte;LWPR-1515;Spargel;-;2020=100;PRE018;Erzeugerpreisindizes landwirtschaftlicher Produkte
61211;Index der Erzeugerpreise landwirtschaftl. Produkte;JAHR;Jahr;2022;DINSG;Deutschland insgesamt;DG;Deutschland;PROAT1;Landwirtschaftliche Produkte;LWPR-1513;Gurken;119,6;2020=100;PRE018;Erzeugerpreisindizes landwirtschaftlicher Produkte
61211;Index der Erzeugerpreise landwirtschaftl. Produkte;JAHR;Jahr;1976;DINSG;Deutschland insgesamt;DG;Deutschland;PROAT1;Landwirtschaftliche Produkte;LWPR;Erzeugung landwirtschaftlicher Produkte;95,5;2020=100;PRE018;Erzeugerpreisindizes landwirtschaftlicher Produkte
61211;Index der Erzeugerpreise landwirtschaftl. Produkte;JAHR;Jahr;2016;DINSG;Deutschland insgesamt;DG;Deutschland;PROAT1;Landwirtschaftliche Produkte;LWPR-2114;Kälber;115,4;2020=100;PRE018;Erzeugerpreisindizes landwirtschaftlicher Produkte
61211;Index der Erzeugerpreise landwirtschaftl. Produkte;JAHR;Jahr;1985;DINSG;Deutschland insgesamt;DG;Deutschland;PROAT1;Landwirtschaftliche Produkte;LWPR-151;Gemüse;51,6;2020=100;PRE018;Erzeugerpreisindizes landwirtschaftlicher Produkte
61211;Index der Erzeugerpreise landwirtschaftl. Produkte;JAHR;Jahr;2022;DINSG;Deutschland insgesamt;DG;Deutschland;PROAT1;Landwirtschaftliche Produkte;LWPR-2;Tierische Erzeugung;138,4;2020=100;PRE018;Erzeugerpreisindizes landwirtschaftlicher Produkte
61211;Index der Erzeugerpreise landwirtschaftl. Produkte;JAHR;Jahr;2013;DINSG;Deutschland insgesamt;DG;Deutschland;PROAT1;Landwirtschaftliche Produkte;LWPR-1523;Baumschulerzeugnisse;97,3;2020=100;PRE018;Erzeugerpreisindizes landwirtschaftlicher Produkte
61211;Index der Erzeugerpreise landwirtschaftl. Produkte;JAHR;Jahr;2010;DINSG;Deutschland insgesamt;DG;Deutschland;PROAT1;Landwirtschaftliche Produkte;LWPR-16;Obst;68,8;2020=100;PRE018;Erzeugerpreisindizes landwirtschaftlicher Produkte
61211;Index der Erzeugerpreise landwirtschaftl. Produkte;JAHR;Jahr;1992;DINSG;Deutschland insgesamt;DG;Deutschland;PROAT1;Landwirtschaftliche Produkte;LWPR-212;Schweine;112,8;2020=100;PRE018;Erzeugerpreisindizes landwirtschaftlicher Produkte
61211;Index der Erzeugerpreise landwirtschaftl. Produkte;JAHR;Jahr;1981;DINSG;Deutschland insgesamt;DG;Deutschland;PROAT1;Landwirtschaftliche Produkte;LWPR-16;Obst;83,3;2020=100;PRE018;Erzeugerpreisindizes landwirtschaftlicher Produkte
61211;Index der Erzeugerpreise landwirtschaftl. Produkte;JAHR;Jahr;1977;DINSG;Deutschland insgesamt;DG;Deutschland;PROAT1;Landwirtschaftliche Produkte;LWPR-1215;Braugerste;141,3;2020=100;PRE018;Erzeugerpreisindizes landwirtschaftlicher Produkte
61211;Index der Erzeugerpreise landwirtschaftl. Produkte;JAHR;Jahr;2024;DINSG;Deutschland insgesamt;DG;Deutschland;PROAT1;Landwirtschaftliche Produkte;LWPR-16;Obst;117,7;2020=100;PRE018;Erzeugerpreisindizes landwirtschaftlicher Produkte
61211;Index der Erzeugerpreise landwirtschaftl. Produkte;JAHR;Jahr;1988;DINSG;Deutschland insgesamt;DG;Deutschland;PROAT1;Landwirtschaftliche Produkte;LWPR-152;Pflanzen und Blumen;74,0;2020=100;PRE018;Erzeugerpreisindizes landwirtschaftlicher Produkte
61211;Index der Erzeugerpreise landwirtschaftl. Produkte;JAHR;Jahr;1976;DINSG;Deutschland insgesamt;DG;Deutschland;PROAT1;Landwirtschaftliche Produkte;LWPR-152;Pflanzen und Blumen;57,4;2020=100;PRE018;Erzeugerpreisindizes landwirtschaftlicher Produkte
61211;Index der Erzeugerpreise landwirtschaftl. Produkte;JAHR;Jahr;2024;DINSG;Deutschland insgesamt;DG;Deutschland;PROAT1;Landwirtschaftliche Produkte;LWPR-2113;Färsen;143,9;2020=100;PRE018;Erzeugerpreisindizes landwirtschaftlicher Produkte
61211;Index der Erzeugerpreise landwirtschaftl. Produkte;JAHR;Jahr;1999;DINSG;Deutschland insgesamt;DG;Deutschland;PROAT1;Landwirtschaftliche Produkte;LWPR-21;Tiere;71,7;2020=100;PRE018;Erzeugerpreisindizes landwirtschaftlicher Produkte
61211;Index der Erzeugerpreise landwirtschaftl. Produkte;JAHR;Jahr;1987;DINSG;Deutschland insgesamt;DG;Deutschland;PROAT1;Landwirtschaftliche Produkte;LWPR-214;Geflügel;92,4;2020=100;PRE018;Erzeugerpreisindizes landwirtschaftlicher Produkte
61211;Index der Erzeugerpreise landwirtschaftl. Produkte;JAHR;Jahr;2014;DINSG;Deutschland insgesamt;DG;Deutschland;PROAT1;Landwirtschaftliche Produkte;LWPR-2142;Sonstiges Geflügel;107,1;2020=100;PRE018;Erzeugerpreisindizes landwirtschaftlicher Produkte
61211;Index der Erzeugerpreise landwirtschaftl. Produkte;JAHR;Jahr;1992;DINSG;Deutschland insgesamt;DG;Deutschland;PROAT1;Landwirtschaftliche Produkte;LWPR-1521;Schnittblumen;63,1;2020=100;PRE018;Erzeugerpreisindizes landwirtschaftlicher Produkte
61211;Index der Erzeugerpreise landwirtschaftl. Produkte;JAHR;Jahr;1989;DINSG;Deutschland insgesamt;DG;Deutschland;PROAT1;Landwirtschaftliche Produkte;LWPR-161;Tafeläpfel;-;2020=100;PRE018;Erzeugerpreisindizes landwirtschaftlicher Produkte
61211;Index der Erzeugerpreise landwirtschaftl. Produkte;JAHR;Jahr;1994;DINSG;Deutschland insgesamt;DG;Deutschland;PROAT1;Landwirtschaftliche Produkte;LWPR-22;Milch;88,8;2020=100;PRE018;Erzeugerpreisindizes landwirtschaftlicher Produkte
61211;Index der Erzeugerpreise landwirtschaftl. Produkte;JAHR;Jahr;1979;DINSG;Deutschland insgesamt;DG;Deutschland;PROAT1;Landwirtschaftliche Produkte;LWPR-1516;Kohlgemüse;-;2020=100;PRE018;Erzeugerpreisindizes landwirtschaftlicher Produkte
61211;Index der Erzeugerpreise landwirtschaftl. Produkte;JAHR;Jahr;2013;DINSG;Deutschland insgesamt;DG;Deutschland;PROAT1;Landwirtschaftliche Produkte;LWPR-2112;Kühe;118,2;2020=100;PRE018;Erzeugerpreisindizes landwirtschaftlicher Produkte
61211;Index der Erzeugerpreise landwirtschaftl. Produkte;JAHR;Jahr;2004;DINSG;Deutschland insgesamt;DG;Deutschland;PROAT1;Landwirtschaftliche Produkte;LWPR-161;Tafeläpfel;78,1;2020=100;PRE018;Erzeugerpreisindizes landwirtschaftlicher Produkte
61211;Index der Erzeugerpreise landwirtschaftl. Produkte;JAHR;Jahr;2008;DINSG;Deutschland insgesamt;DG;Deutschland;PROAT1;Landwirtschaftliche Produkte;LWPR-1517;Salat;-;2020=100;PRE018;Erzeugerpreisindizes landwirtschaftlicher Produkte
61211;Index der Erzeugerpreise landwirtschaftl. Produkte;JAHR;Jahr;2002;DINSG;Deutschland insgesamt;DG;Deutschland;PROAT1;Landwirtschaftliche Produkte;LWPR-22;Milch;92,7;2020=100;PRE018;Erzeugerpreisindizes landwirtschaftlicher Produkte
61211;Index der Erzeugerpreise landwirtschaftl. Produkte;JAHR;Jahr;2021;DINSG;Deutschland insgesamt;DG;Deutschland;PROAT1;Landwirtschaftliche Produkte;LWPR-132;Zuckerrüben;105,1;2020=100;PRE018;Erzeugerpreisindizes landwirtschaftlicher Produkte
61211;Index der Erzeugerpreise landwirtschaftl. Produkte;JAHR;Jahr;2021;DINSG;Deutschland insgesamt;DG;Deutschland;PROAT1;Landwirtschaftliche Produkte;LWPR-1215;Braugerste;136,2;2020=100;PRE018;Erzeugerpreisindizes landwirtschaftlicher Produkte
61211;Index der Erzeugerpreise landwirtschaftl. Produkte;JAHR;Jahr;1980;DINSG;Deutschland insgesamt;DG;Deutschland;PROAT1;Landwirtschaftliche Produkte;LWPR-22;Milch;85,7;2020=100;PRE018;Erzeugerpreisindizes landwirtschaftlicher Produkte
61211;Index der Erzeugerpreise landwirtschaftl. Produkte;JAHR;Jahr;2009;DINSG;Deutschland insgesamt;DG;Deutschland;PROAT1;Landwirtschaftliche Produkte;LWPR-1512;Tomaten;45,2;2020=100;PRE018;Erzeugerpreisindizes landwirtschaftlicher Produkte
61211;Index der Erzeugerpreise landwirtschaftl. Produkte;JAHR;Jahr;1980;DINSG;Deutschland insgesamt;DG;Deutschland;PROAT1;Landwirtschaftliche Produkte;LWPR-2114;Kälber;88,8;2020=100;PRE018;Erzeugerpreisindizes landwirtschaftlicher Produkte
61211;Index der Erzeugerpreise landwirtschaftl. Produkte;JAHR;Jahr;1995;DINSG;Deutschland insgesamt;DG;Deutschland;PROAT1;Landwirtschaftliche Produkte;LWPR-2112;Kühe;85,9;2020=100;PRE018;Erzeugerpreisindizes landwirtschaftlicher Produkte
61211;Index der Erzeugerpreise landwirtschaftl. Produkte;JAHR;Jahr;1998;DINSG;Deutschland insgesamt;DG;Deutschland;PROAT1;Landwirtschaftliche Produkte;LWPR-13;Handelsgewächse;103,2;2020=100;PRE018;Erzeugerpreisindizes landwirtschaftlicher Produkte
61211;Index der Erzeugerpreise landwirtschaftl. Produkte;JAHR;Jahr;2007;DINSG;Deutschland insgesamt;DG;Deutschland;PROAT1;Landwirtschaftliche Produkte;LWPR-21;Tiere;86,2;2020=100;PRE018;Erzeugerpreisindizes landwirtschaftlicher Produkte
61211;Index der Erzeugerpreise landwirtschaftl. Produkte;JAHR;Jahr;1989;DINSG;Deutschland insgesamt;DG;Deutschland;PROAT1;Landwirtschaftliche Produkte;LWPR-12;Getreide (einschließlich Saatgut);110,2;2020=100;PRE018;Erzeugerpreisindizes landwirtschaftlicher Produkte
61211;Index der Erzeugerpreise landwirtschaftl. Produkte;JAHR;Jahr;2010;DINSG;Deutschland insgesamt;DG;Deutschland;PROAT1;Landwirtschaftliche Produkte;LWPR-1521;Schnittblumen;77,3;2020=100;PRE018;Erzeugerpreisindizes landwirtschaftlicher Produkte
61211;Index der Erzeugerpreise landwirtschaftl. Produkte;JAHR;Jahr;1979;DINSG;Deutschland insgesamt;DG;Deutschland;PROAT1;Landwirtschaftliche Produkte;LWPR-131;Raps;-;2020=100;PRE018;Erzeugerpreisindizes landwirtschaftlicher Produkte
61211;Index der Erzeugerpreise landwirtschaftl. Produkte;JAHR;Jahr;1984;DINSG;Deutschland insgesamt;DG;Deutschland;PROAT1;Landwirtschaftliche Produkte;LWPR-13;Handelsgewächse;133,5;2020=100;PRE018;Erzeugerpreisindizes landwirtschaftlicher Produkte
61211;Index der Erzeugerpreise landwirtschaftl. Produkte;JAHR;Jahr;2013;DINSG;Deutschland insgesamt;DG;Deutschland;PROAT1;Landwirtschaftliche Produkte;LWPR;Erzeugung landwirtschaftlicher Produkte;106,2;2020=100;PRE018;Erzeugerpreisindizes landwirtschaftlicher Produkte
61211;Index der Erzeugerpreise landwirtschaftl. Produkte;JAHR;Jahr;1996;DINSG;Deutschland insgesamt;DG;Deutschland;PROAT1;Landwirtschaftliche Produkte;LWPR-2142;Sonstiges Geflügel;78,1;2020=100;PRE018;Erzeugerpreisindizes landwirtschaftlicher Produkte
61211;Index der Erzeugerpreise landwirtschaftl. Produkte;JAHR;Jahr;1969;DINSG;Deutschland insgesamt;DG;Deutschland;PROAT1;Landwirtschaftliche Produkte;LWPR-1523;Baumschulerzeugnisse;29,1;2020=100;PRE018;Erzeugerpreisindizes landwirtschaftlicher Produkte
61211;Index der Erzeugerpreise landwirtschaftl. Produkte;JAHR;Jahr;1970;DINSG;Deutschland insgesamt;DG;Deutschland;PROAT1;Landwirtschaftliche Produkte;LWPR-13;Handelsgewächse;82,2;2020=100;PRE018;Erzeugerpreisindizes landwirtschaftlicher Produkte
61211;Index der Erzeugerpreise landwirtschaftl. Produkte;JAHR;Jahr;2022;DINSG;Deutschland insgesamt;DG;Deutschland;PROAT1;Landwirtschaftliche Produkte;LWPR-213;Schafe und Ziegen;131,0;2020=100;PRE018;Erzeugerpreisindizes landwirtschaftlicher Produkte
61211;Index der Erzeugerpreise landwirtschaftl. Produkte;JAHR;Jahr;1969;DINSG;Deutschland insgesamt;DG;Deutschland;PROAT1;Landwirtschaftliche Produkte;LWPR-1216;Körnermais;102,9;2020=100;PRE018;Erzeugerpreisindizes landwirtschaftlicher Produkte
61211;Index der Erzeugerpreise landwirtschaftl. Produkte;JAHR;Jahr;2017;DINSG;Deutschland insgesamt;DG;Deutschland;PROAT1;Landwirtschaftliche Produkte;LWPR-21;Tiere;103,6;2020=100;PRE018;Erzeugerpreisindizes landwirtschaftlicher Produkte
61211;Index der Erzeugerpreise landwirtschaftl. Produkte;JAHR;Jahr;1972;DINSG;Deutschland insgesamt;DG;Deutschland;PROAT1;Landwirtschaftliche Produkte;LWPR-214;Geflügel;74,2;2020=100;PRE018;Erzeugerpreisindizes landwirtschaftlicher Produkte
61211;Index der Erzeugerpreise landwirtschaftl. Produkte;JAHR;Jahr;1981;DINSG;Deutschland insgesamt;DG;Deutschland;PROAT1;Landwirtschaftliche Produkte;LWPR-213;Schafe und Ziegen;79,1;2020=100;PRE018;Erzeugerpreisindizes landwirtschaftlicher Produkte
61211;Index der Erzeugerpreise landwirtschaftl. Produkte;JAHR;Jahr;1968;DINSG;Deutschland insgesamt;DG;Deutschland;PROAT1;Landwirtschaftliche Produkte;LWPR-212;Schweine;97,7;2020=100;PRE018;Erzeugerpreisindizes landwirtschaftlicher Produkte
61211;Index der Erzeugerpreise landwirtschaftl. Produkte;JAHR;Jahr;2006;DINSG;Deutschland insgesamt;DG;Deutschland;PROAT1;Landwirtschaftliche Produkte;LWPR-1523;Baumschulerzeugnisse;90,1;2020=100;PRE018;Erzeugerpreisindizes landwirtschaftlicher Produkte
61211;Index der Erzeugerpreise landwirtschaftl. Produkte;JAHR;Jahr;1985;DINSG;Deutschland insgesamt;DG;Deutschland;PROAT1;Landwirtschaftliche Produkte;LWPR-2141;Hähnchen;98,1;2020=100;PRE018;Erzeugerpreisindizes landwirtschaftlicher Produkte
61211;Index der Erzeugerpreise landwirtschaftl. Produkte;JAHR;Jahr;1975;DINSG;Deutschland insgesamt;DG;Deutschland;PROAT1;Landwirtschaftliche Produkte;LWPR-1515;Spargel;-;2020=100;PRE018;Erzeugerpreisindizes landwirtschaftlicher Produkte
61211;Index der Erzeugerpreise landwirtschaftl. Produkte;JAHR;Jahr;2022;DINSG;Deutschland insgesamt;DG;Deutschland;PROAT1;Landwirtschaftliche Produkte;LWPR-141;Speisekartoffeln;166,9;2020=100;PRE018;Erzeugerpreisindizes landwirtschaftlicher Produkte
61211;Index der Erzeugerpreise landwirtschaftl. Produkte;JAHR;Jahr;1984;DINSG;Deutschland insgesamt;DG;Deutschland;PROAT1;Landwirtschaftliche Produkte;LWPR-2111;Jungbullen;110,1;2020=100;PRE018;Erzeugerpreisindizes landwirtschaftlicher Produkte
61211;Index der Erzeugerpreise landwirtschaftl. Produkte;JAHR;Jahr;2018;DINSG;Deutschland insgesamt;DG;Deutschland;PROAT1;Landwirtschaftliche Produkte;LWPR-1212;Brotroggen;115,5;2020=100;PRE018;Erzeugerpreisindizes landwirtschaftlicher Produkte
61211;Index der Erzeugerpreise landwirtschaftl. Produkte;JAHR;Jahr;1993;DINSG;Deutschland insgesamt;DG;Deutschland;PROAT1;Landwirtschaftliche Produkte;LWPR-14;Kartoffeln (einschließlich Pflanzkartoffeln);33,6;2020=100;PRE018;Erzeugerpreisindizes landwirtschaftlicher Produkte
61211;Index der Erzeugerpreise landwirtschaftl. Produkte;JAHR;Jahr;2024;DINSG;Deutschland insgesamt;DG;Deutschland;PROAT1;Landwirtschaftliche Produkte;LWPR-213;Schafe und Ziegen;148,9;2020=100;PRE018;Erzeugerpreisindizes landwirtschaftlicher Produkte
61211;Index der Erzeugerpreise landwirtschaftl. Produkte;JAHR;Jahr;1998;DINSG;Deutschland insgesamt;DG;Deutschland;PROAT1;Landwirtschaftliche Produkte;LWPR-214;Geflügel;74,2;2020=100;PRE018;Erzeugerpreisindizes landwirtschaftlicher Produkte
61211;Index der Erzeugerpreise landwirtschaftl. Produkte;JAHR;Jahr;1983;DINSG;Deutschland insgesamt;DG;Deutschland;PROAT1;Landwirtschaftliche Produkte;LWPR-1523;Baumschulerzeugnisse;62,2;2020=100;PRE018;Erzeugerpreisindizes landwirtschaftlicher Produkte
61211;Index der Erzeugerpreise landwirtschaftl. Produkte;JAHR;Jahr;1998;DINSG;Deutschland insgesamt;DG;Deutschland;PROAT1;Landwirtschaftliche Produkte;LWPR-1214;Futtergerste;68,9;2020=100;PRE018;Erzeugerpreisindizes landwirtschaftlicher Produkte
61211;Index der Erzeugerpreise landwirtschaftl. Produkte;JAHR;Jahr;2008;DINSG;Deutschland insgesamt;DG;Deutschland;PROAT1;Landwirtschaftliche Produkte;LWPR-2141;Hähnchen;98,2;2020=100;PRE018;Erzeugerpreisindizes landwirtschaftlicher Produkte
61211;Index der Erzeugerpreise landwirtschaftl. Produkte;JAHR;Jahr;2003;DINSG;Deutschland insgesamt;DG;Deutschland;PROAT1;Landwirtschaftliche Produkte;LWPR-2;Tierische Erzeugung;81,2;2020=100;PRE018;Erzeugerpreisindizes landwirtschaftlicher Produkte
61211;Index der Erzeugerpreise landwirtschaftl. Produkte;JAHR;Jahr;2007;DINSG;Deutschland insgesamt;DG;Deutschland;PROAT1;Landwirtschaftliche Produkte;LWPR-2111;Jungbullen;82,9;2020=100;PRE018;Erzeugerpreisindizes landwirtschaftlicher Produkte
61211;Index der Erzeugerpreise landwirtschaftl. Produkte;JAHR;Jahr;1978;DINSG;Deutschland insgesamt;DG;Deutschland;PROAT1;Landwirtschaftliche Produkte;LWPR-2;Tierische Erzeugung;93,5;2020=100;PRE018;Erzeugerpreisindizes landwirtschaftlicher Produkte
61211;Index der Erzeugerpreise landwirtschaftl. Produkte;JAHR;Jahr;1990;DINSG;Deutschland insgesamt;DG;Deutschland;PROAT1;Landwirtschaftliche Produkte;LWPR-1523;Baumschulerzeugnisse;81,6;2020=100;PRE018;Erzeugerpreisindizes landwirtschaftlicher Produkte
61211;Index der Erzeugerpreise landwirtschaftl. Produkte;JAHR;Jahr;2025;DINSG;Deutschland insgesamt;DG;Deutschland;PROAT1;Landwirtschaftliche Produkte;LWPR-1515;Spargel;133,0;2020=100;PRE018;Erzeugerpreisindizes landwirtschaftlicher Produkte
61211;Index der Erzeugerpreise landwirtschaftl. Produkte;JAHR;Jahr;1976;DINSG;Deutschland insgesamt;DG;Deutschland;PROAT1;Landwirtschaftliche Produkte;LWPR-15;Erzeugnisse des Gemüse- und Gartenbaus;53,4;2020=100;PRE018;Erzeugerpreisindizes landwirtschaftlicher Produkte
61211;Index der Erzeugerpreise landwirtschaftl. Produkte;JAHR;Jahr;1987;DINSG;Deutschland insgesamt;DG;Deutschland;PROAT1;Landwirtschaftliche Produkte;LWPR-2113;Färsen;85,7;2020=100;PRE018;Erzeugerpreisindizes landwirtschaftlicher Produkte
61211;Index der Erzeugerpreise landwirtschaftl. Produkte;JAHR;Jahr;1972;DINSG;Deutschland insgesamt;DG;Deutschland;PROAT1;Landwirtschaftliche Produkte;LWPR-1513;Gurken;-;2020=100;PRE018;Erzeugerpreisindizes landwirtschaftlicher Produkte
61211;Index der Erzeugerpreise landwirtschaftl. Produkte;JAHR;Jahr;2020;DINSG;Deutschland insgesamt;DG;Deutschland;PROAT1;Landwirtschaftliche Produkte;LWPR-141;Speisekartoffeln;100,0;2020=100;PRE018;Erzeugerpreisindizes landwirtschaftlicher Produkte
61211;Index der Erzeugerpreise landwirtschaftl. Produkte;JAHR;Jahr;2002;DINSG;Deutschland insgesamt;DG;Deutschland;PROAT1;Landwirtschaftliche Produkte;LWPR-1513;Gurken;82,7;2020=100;PRE018;Erzeugerpreisindizes landwirtschaftlicher Produkte
61211;Index der Erzeugerpreise landwirtschaftl. Produkte;JAHR;Jahr;1974;DINSG;Deutschland insgesamt;DG;Deutschland;PROAT1;Landwirtschaftliche Produkte;LWPR-214;Geflügel;85,3;2020=100;PRE018;Erzeugerpreisindizes landwirtschaftlicher Produkte
61211;Index der Erzeugerpreise landwirtschaftl. Produkte;JAHR;Jahr;2003;DINSG;Deutschland insgesamt;DG;Deutschland;PROAT1;Landwirtschaftliche Produkte;LWPR-12;Getreide (einschließlich Saatgut);66,0;2020=100;PRE018;Erzeugerpreisindizes landwirtschaftlicher Produkte
61211;Index der Erzeugerpreise landwirtschaftl. Produkte;JAHR;Jahr;2018;DINSG;Deutschland insgesamt;DG;Deutschland;PROAT1;Landwirtschaftliche Produkte;LWPR-211;Rinder;109,4;2020=100;PRE018;Erzeugerpreisindizes landwirtschaftlicher Produkte
61211;Index der Erzeugerpreise landwirtschaftl. Produkte;JAHR;Jahr;1987;DINSG;Deutschland insgesamt;DG;Deutschland;PROAT1;Landwirtschaftliche Produkte;LWPR-23;Eier;46,5;2020=100;PRE018;Erzeugerpreisindizes landwirtschaftlicher Produkte
61211;Index der Erzeugerpreise landwirtschaftl. Produkte;JAHR;Jahr;1996;DINSG;Deutschland insgesamt;DG;Deutschland;PROAT1;Landwirtschaftliche Produkte;LWPR-213;Schafe und Ziegen;59,1;2020=100;PRE018;Erzeugerpreisindizes landwirtschaftlicher Produkte
61211;Index der Erzeugerpreise landwirtschaftl. Produkte;JAHR;Jahr;1978;DINSG;Deutschland insgesamt;DG;Deutschland;PROAT1;Landwirtschaftliche Produkte;LWPR-2114;Kälber;95,5;2020=100;PRE018;Erzeugerpreisindizes landwirtschaftlicher Produkte
61211;Index der Erzeugerpreise landwirtschaftl. Produkte;JAHR;Jahr;1986;DINSG;Deutschland insgesamt;DG;Deutschland;PROAT1;Landwirtschaftliche Produkte;LWPR-2;Tierische Erzeugung;91,7;2020=100;PRE018;Erzeugerpreisindizes landwirtschaftlicher Produkte
61211;Index der Erzeugerpreise landwirtschaftl. Produkte;JAHR;Jahr;2015;DINSG;Deutschland insgesamt;DG;Deutschland;PROAT1;Landwirtschaftliche Produkte;LWPR-214;Geflügel;110,7;2020=100;PRE018;Erzeugerpreisindizes landwirtschaftlicher Produkte
61211;Index der Erzeugerpreise landwirtschaftl. Produkte;JAHR;Jahr;1992;DINSG;Deutschland insgesamt;DG;Deutschland;PROAT1;Landwirtschaftliche Produkte;LWPR-2141;Hähnchen;86,0;2020=100;PRE018;Erzeugerpreisindizes landwirtschaftlicher Produkte
61211;Index der Erzeugerpreise landwirtschaftl. Produkte;JAHR;Jahr;1976;DINSG;Deutschland insgesamt;DG;Deutschland;PROAT1;Landwirtschaftliche Produkte;LWPR-1216;Körnermais;139,0;2020=100;PRE018;Erzeugerpreisindizes landwirtschaftlicher Produkte
61211;Index der Erzeugerpreise landwirtschaftl. Produkte;JAHR;Jahr;1990;DINSG;Deutschland insgesamt;DG;Deutschland;PROAT1;Landwirtschaftliche Produkte;LWPR-212;Schweine;105,4;2020=100;PRE018;Erzeugerpreisindizes landwirtschaftlicher Produkte
61211;Index der Erzeugerpreise landwirtschaftl. Produkte;JAHR;Jahr;1991;DINSG;Deutschland insgesamt;DG;Deutschland;PROAT1;Landwirtschaftliche Produkte;LWPR-2111;Jungbullen;85,0;2020=100;PRE018;Erzeugerpreisindizes landwirtschaftlicher Produkte
61211;Index der Erzeugerpreise landwirtschaftl. Produkte;JAHR;Jahr;2000;DINSG;Deutschland insgesamt;DG;Deutschland;PROAT1;Landwirtschaftliche Produkte;LWPR-2112;Kühe;78,3;2020=100;PRE018;Erzeugerpreisindizes landwirtschaftlicher Produkte
61211;Index der Erzeugerpreise landwirtschaftl. Produkte;JAHR;Jahr;1986;DINSG;Deutschland insgesamt;DG;Deutschland;PROAT1;Landwirtschaftliche Produkte;LWPR-151;Gemüse;46,4;2020=100;PRE018;Erzeugerpreisindizes landwirtschaftlicher Produkte
61211;Index der Erzeugerpreise landwirtschaftl. Produkte;JAHR;Jahr;2011;DINSG;Deutschland insgesamt;DG;Deutschland;PROAT1;Landwirtschaftliche Produkte;LWPR-15;Erzeugnisse des Gemüse- und Gartenbaus;79,7;2020=100;PRE018;Erzeugerpreisindizes landwirtschaftlicher Produkte
61211;Index der Erzeugerpreise landwirtschaftl. Produkte;JAHR;Jahr;1976;DINSG;Deutschland insgesamt;DG;Deutschland;PROAT1;Landwirtschaftliche Produkte;LWPR-121;Getreide;139,5;2020=100;PRE018;Erzeugerpreisindizes landwirtschaftlicher Produkte
61211;Index der Erzeugerpreise landwirtschaftl. Produkte;JAHR;Jahr;1995;DINSG;Deutschland insgesamt;DG;Deutschland;PROAT1;Landwirtschaftliche Produkte;LWPR-1212;Brotroggen;75,9;2020=100;PRE018;Erzeugerpreisindizes landwirtschaftlicher Produkte
61211;Index der Erzeugerpreise landwirtschaftl. Produkte;JAHR;Jahr;1977;DINSG;Deutschland insgesamt;DG;Deutschland;PROAT1;Landwirtschaftliche Produkte;LWPR-14;Kartoffeln (einschließlich Pflanzkartoffeln);27,9;2020=100;PRE018;Erzeugerpreisindizes landwirtschaftlicher Produkte
61211;Index der Erzeugerpreise landwirtschaftl. Produkte;JAHR;Jahr;2020;DINSG;Deutschland insgesamt;DG;Deutschland;PROAT1;Landwirtschaftliche Produkte;LWPR-12;Getreide (einschließlich Saatgut);100,0;2020=100;PRE018;Erzeugerpreisindizes landwirtschaftlicher Produkte
61211;Index der Erzeugerpreise landwirtschaftl. Produkte;JAHR;Jahr;2011;DINSG;Deutschland insgesamt;DG;Deutschland;PROAT1;Landwirtschaftliche Produkte;LWPR-1213;Futterweizen;111,0;2020=100;PRE018;Erzeugerpreisindizes landwirtschaftlicher Produkte
61211;Index der Erzeugerpreise landwirtschaftl. Produkte;JAHR;Jahr;2003;DINSG;Deutschland insgesamt;DG;Deutschland;PROAT1;Landwirtschaftliche Produkte;LWPR-15171;Eissalat;89,8;2020=100;PRE018;Erzeugerpreisindizes landwirtschaftlicher Produkte
61211;Index der Erzeugerpreise landwirtschaftl. Produkte;JAHR;Jahr;2017;DINSG;Deutschland insgesamt;DG;Deutschland;PROAT1;Landwirtschaftliche Produkte;LWPR-1511;Blumenkohl;86,1;2020=100;PRE018;Erzeugerpreisindizes landwirtschaftlicher Produkte
61211;Index der Erzeugerpreise landwirtschaftl. Produkte;JAHR;Jahr;1994;DINSG;Deutschland insgesamt;DG;Deutschland;PROAT1;Landwirtschaftliche Produkte;LWPR-13;Handelsgewächse;101,3;2020=100;PRE018;Erzeugerpreisindizes landwirtschaftlicher Produkte
61211;Index der Erzeugerpreise landwirtschaftl. Produkte;JAHR;Jahr;1988;DINSG;Deutschland insgesamt;DG;Deutschland;PROAT1;Landwirtschaftliche Produkte;LWPR-1;Pflanzliche Erzeugung;86,1;2020=100;PRE018;Erzeugerpreisindizes landwirtschaftlicher Produkte
61211;Index der Erzeugerpreise landwirtschaftl. Produkte;JAHR;Jahr;1994;DINSG;Deutschland insgesamt;DG;Deutschland;PROAT1;Landwirtschaftliche Produkte;LWPR-1511;Blumenkohl;29,7;2020=100;PRE018;Erzeugerpreisindizes landwirtschaftlicher Produkte
61211;Index der Erzeugerpreise landwirtschaftl. Produkte;JAHR;Jahr;1977;DINSG;Deutschland insgesamt;DG;Deutschland;PROAT1;Landwirtschaftliche Produkte;LWPR-152;Pflanzen und Blumen;59,8;2020=100;PRE018;Erzeugerpreisindizes landwirtschaftlicher Produkte
61211;Index der Erzeugerpreise landwirtschaftl. Produkte;JAHR;Jahr;1988;DINSG;Deutschland insgesamt;DG;Deutschland;PROAT1;Landwirtschaftliche Produkte;LWPR-1212;Brotroggen;126,3;2020=100;PRE018;Erzeugerpreisindizes landwirtschaftlicher Produkte
61211;Index der Erzeugerpreise landwirtschaftl. Produkte;JAHR;Jahr;2012;DINSG;Deutschland insgesamt;DG;Deutschland;PROAT1;Landwirtschaftliche Produkte;LWPR-133;Futterpflanzen;-;2020=100;PRE018;Erzeugerpreisindizes landwirtschaftlicher Produkte
61211;Index der Erzeugerpreise landwirtschaftl. Produkte;JAHR;Jahr;1997;DINSG;Deutschland insgesamt;DG;Deutschland;PROAT1;Landwirtschaftliche Produkte;LWPR-1513;Gurken;92,8;2020=100;PRE018;Erzeugerpreisindizes landwirtschaftlicher Produkte
61211;Index der Erzeugerpreise landwirtschaftl. Produkte;JAHR;Jahr;1975;DINSG;Deutschland insgesamt;DG;Deutschland;PROAT1;Landwirtschaftliche Produkte;LWPR-2112;Kühe;111,1;2020=100;PRE018;Erzeugerpreisindizes landwirtschaftlicher Produkte
61211;Index der Erzeugerpreise landwirtschaftl. Produkte;JAHR;Jahr;1982;DINSG;Deutschland insgesamt;DG;Deutschland;PROAT1;Landwirtschaftliche Produkte;LWPR-1515;Spargel;-;2020=100;PRE018;Erzeugerpreisindizes landwirtschaftlicher Produkte
61211;Index der Erzeugerpreise landwirtschaftl. Produkte;JAHR;Jahr;2005;DINSG;Deutschland insgesamt;DG;Deutschland;PROAT1;Landwirtschaftliche Produkte;LWPR-161;Tafeläpfel;61,2;2020=100;PRE018;Erzeugerpreisindizes landwirtschaftlicher Produkte
61211;Index der Erzeugerpreise landwirtschaftl. Produkte;JAHR;Jahr;2017;DINSG;Deutschland insgesamt;DG;Deutschland;PROAT1;Landwirtschaftliche Produkte;LWPR-121;Getreide;89,8;2020=100;PRE018;Erzeugerpreisindizes landwirtschaftlicher Produkte
61211;Index der Erzeugerpreise landwirtschaftl. Produkte;JAHR;Jahr;1997;DINSG;Deutschland insgesamt;DG;Deutschland;PROAT1;Landwirtschaftliche Produkte;LWPR-14;Kartoffeln (einschließlich Pflanzkartoffeln);28,3;2020=100;PRE018;Erzeugerpreisindizes landwirtschaftlicher Produkte
61211;Index der Erzeugerpreise landwirtschaftl. Produkte;JAHR;Jahr;1982;DINSG;Deutschland insgesamt;DG;Deutschland;PROAT1;Landwirtschaftliche Produkte;LWPR;Erzeugung landwirtschaftlicher Produkte;103,2;2020=100;PRE018;Erzeugerpreisindizes landwirtschaftlicher Produkte
61211;Index der Erzeugerpreise landwirtschaftl. Produkte;JAHR;Jahr;2007;DINSG;Deutschland insgesamt;DG;Deutschland;PROAT1;Landwirtschaftliche Produkte;LWPR-12;Getreide (einschließlich Saatgut);107,4;2020=100;PRE018;Erzeugerpreisindizes landwirtschaftlicher Produkte
61211;Index der Erzeugerpreise landwirtschaftl. Produkte;JAHR;Jahr;2016;DINSG;Deutschland insgesamt;DG;Deutschland;PROAT1;Landwirtschaftliche Produkte;LWPR-1516;Kohlgemüse;75,1;2020=100;PRE018;Erzeugerpreisindizes landwirtschaftlicher Produkte
61211;Index der Erzeugerpreise landwirtschaftl. Produkte;JAHR;Jahr;1976;DINSG;Deutschland insgesamt;DG;Deutschland;PROAT1;Landwirtschaftliche Produkte;LWPR-2142;Sonstiges Geflügel;90,9;2020=100;PRE018;Erzeugerpreisindizes landwirtschaftlicher Produkte
61211;Index der Erzeugerpreise landwirtschaftl. Produkte;JAHR;Jahr;2009;DINSG;Deutschland insgesamt;DG;Deutschland;PROAT1;Landwirtschaftliche Produkte;LWPR-212;Schweine;89,8;2020=100;PRE018;Erzeugerpreisindizes landwirtschaftlicher Produkte
61211;Index der Erzeugerpreise landwirtschaftl. Produkte;JAHR;Jahr;1986;DINSG;Deutschland insgesamt;DG;Deutschland;PROAT1;Landwirtschaftliche Produkte;LWPR-1512;Tomaten;-;2020=100;PRE018;Erzeugerpreisindizes landwirtschaftlicher Produkte
61211;Index der Erzeugerpreise landwirtschaftl. Produkte;JAHR;Jahr;2003;DINSG;Deutschland insgesamt;DG;Deutschland;PROAT1;Landwirtschaftliche Produkte;LWPR-2114;Kälber;109,9;2020=100;PRE018;Erzeugerpreisindizes landwirtschaftlicher Produkte
61211;Index der Erzeugerpreise landwirtschaftl. Produkte;JAHR;Jahr;1973;DINSG;Deutschland insgesamt;DG;Deutschland;PROAT1;Landwirtschaftliche Produkte;LWPR-1214;Futtergerste;111,1;2020=100;PRE018;Erzeugerpreisindizes landwirtschaftlicher Produkte
61211;Index der Erzeugerpreise landwirtschaftl. Produkte;JAHR;Jahr;1978;DINSG;Deutschland insgesamt;DG;Deutschland;PROAT1;Landwirtschaftliche Produkte;LWPR-131;Raps;-;2020=100;PRE018;Erzeugerpreisindizes landwirtschaftlicher Produkte
61211;Index der Erzeugerpreise landwirtschaftl. Produkte;JAHR;Jahr;2004;DINSG;Deutschland insgesamt;DG;Deutschland;PROAT1;Landwirtschaftliche Produkte;LWPR-121;Getreide;64,7;2020=100;PRE018;Erzeugerpreisindizes landwirtschaftlicher Produkte
61211;Index der Erzeugerpreise landwirtschaftl. Produkte;JAHR;Jahr;2010;DINSG;Deutschland insgesamt;DG;Deutschland;PROAT1;Landwirtschaftliche Produkte;LWPR-133;Futterpflanzen;-;2020=100;PRE018;Erzeugerpreisindizes landwirtschaftlicher Produkte
61211;Index der Erzeugerpreise landwirtschaftl. Produkte;JAHR;Jahr;2003;DINSG;Deutschland insgesamt;DG;Deutschland;PROAT1;Landwirtschaftliche Produkte;LWPR-1521;Schnittblumen;82,1;2020=100;PRE018;Erzeugerpreisindizes landwirtschaftlicher Produkte
61211;Index der Erzeugerpreise landwirtschaftl. Produkte;JAHR;Jahr;2014;DINSG;Deutschland insgesamt;DG;Deutschland;PROAT1;Landwirtschaftliche Produkte;LWPR-1215;Braugerste;108,9;2020=100;PRE018;Erzeugerpreisindizes landwirtschaftlicher Produkte
61211;Index der Erzeugerpreise landwirtschaftl. Produkte;JAHR;Jahr;2001;DINSG;Deutschland insgesamt;DG;Deutschland;PROAT1;Landwirtschaftliche Produkte;LWPR-2;Tierische Erzeugung;91,7;2020=100;PRE018;Erzeugerpreisindizes landwirtschaftlicher Produkte
61211;Index der Erzeugerpreise landwirtschaftl. Produkte;JAHR;Jahr;1980;DINSG;Deutschland insgesamt;DG;Deutschland;PROAT1;Landwirtschaftliche Produkte;LWPR-17;Wein;-;2020=100;PRE018;Erzeugerpreisindizes landwirtschaftlicher Produkte
61211;Index der Erzeugerpreise landwirtschaftl. Produkte;JAHR;Jahr;2014;DINSG;Deutschland insgesamt;DG;Deutschland;PROAT1;Landwirtschaftliche Produkte;LWPR-151;Gemüse;76,6;2020=100;PRE018;Erzeugerpreisindizes landwirtschaftlicher Produkte
61211;Index der Erzeugerpreise landwirtschaftl. Produkte;JAHR;Jahr;1968;DINSG;Deutschland insgesamt;DG;Deutschland;PROAT1;Landwirtschaftliche Produkte;LWPR-21;Tiere;83,8;2020=100;PRE018;Erzeugerpreisindizes landwirtschaftlicher Produkte
61211;Index der Erzeugerpreise landwirtschaftl. Produkte;JAHR;Jahr;2014;DINSG;Deutschland insgesamt;DG;Deutschland;PROAT1;Landwirtschaftliche Produkte;LWPR-16;Obst;66,5;2020=100;PRE018;Erzeugerpreisindizes landwirtschaftlicher Produkte
61211;Index der Erzeugerpreise landwirtschaftl. Produkte;JAHR;Jahr;1984;DINSG;Deutschland insgesamt;DG;Deutschland;PROAT1;Landwirtschaftliche Produkte;LWPR-1215;Braugerste;158,7;2020=100;PRE018;Erzeugerpreisindizes landwirtschaftlicher Produkte
61211;Index der Erzeugerpreise landwirtschaftl. Produkte;JAHR;Jahr;2013;DINSG;Deutschland insgesamt;DG;Deutschland;PROAT1;Landwirtschaftliche Produkte;LWPR-1514;Champignons;83,5;2020=100;PRE018;Erzeugerpreisindizes landwirtschaftlicher Produkte
61211;Index der Erzeugerpreise landwirtschaftl. Produkte;JAHR;Jahr;1976;DINSG;Deutschland insgesamt;DG;Deutschland;PROAT1;Landwirtschaftliche Produkte;LWPR-1523;Baumschulerzeugnisse;43,8;2020=100;PRE018;Erzeugerpreisindizes landwirtschaftlicher Produkte
61211;Index der Erzeugerpreise landwirtschaftl. Produkte;JAHR;Jahr;2025;DINSG;Deutschland insgesamt;DG;Deutschland;PROAT1;Landwirtschaftliche Produkte;LWPR-133;Futterpflanzen;99,4;2020=100;PRE018;Erzeugerpreisindizes landwirtschaftlicher Produkte
61211;Index der Erzeugerpreise landwirtschaftl. Produkte;JAHR;Jahr;2000;DINSG;Deutschland insgesamt;DG;Deutschland;PROAT1;Landwirtschaftliche Produkte;LWPR-1212;Brotroggen;73,1;2020=100;PRE018;Erzeugerpreisindizes landwirtschaftlicher Produkte
61211;Index der Erzeugerpreise landwirtschaftl. Produkte;JAHR;Jahr;1985;DINSG;Deutschland insgesamt;DG;Deutschland;PROAT1;Landwirtschaftliche Produkte;LWPR-1517;Salat;-;2020=100;PRE018;Erzeugerpreisindizes landwirtschaftlicher Produkte
61211;Index der Erzeugerpreise landwirtschaftl. Produkte;JAHR;Jahr;1983;DINSG;Deutschland insgesamt;DG;Deutschland;PROAT1;Landwirtschaftliche Produkte;LWPR-213;Schafe und Ziegen;74,4;2020=100;PRE018;Erzeugerpreisindizes landwirtschaftlicher Produkte
61211;Index der Erzeugerpreise landwirtschaftl. Produkte;JAHR;Jahr;1970;DINSG;Deutschland insgesamt;DG;Deutschland;PROAT1;Landwirtschaftliche Produkte;LWPR-1212;Brotroggen;113,1;2020=100;PRE018;Erzeugerpreisindizes landwirtschaftlicher Produkte
61211;Index der Erzeugerpreise landwirtschaftl. Produkte;JAHR;Jahr;1988;DINSG;Deutschland insgesamt;DG;Deutschland;PROAT1;Landwirtschaftliche Produkte;LWPR-161;Tafeläpfel;-;2020=100;PRE018;Erzeugerpreisindizes landwirtschaftlicher Produkte
61211;Index der Erzeugerpreise landwirtschaftl. Produkte;JAHR;Jahr;2004;DINSG;Deutschland insgesamt;DG;Deutschland;PROAT1;Landwirtschaftliche Produkte;LWPR-152;Pflanzen und Blumen;85,4;2020=100;PRE018;Erzeugerpreisindizes landwirtschaftlicher Produkte
61211;Index der Erzeugerpreise landwirtschaftl. Produkte;JAHR;Jahr;1984;DINSG;Deutschland insgesamt;DG;Deutschland;PROAT1;Landwirtschaftliche Produkte;LWPR-133;Futterpflanzen;-;2020=100;PRE018;Erzeugerpreisindizes landwirtschaftlicher Produkte
61211;Index der Erzeugerpreise landwirtschaftl. Produkte;JAHR;Jahr;1990;DINSG;Deutschland insgesamt;DG;Deutschland;PROAT1;Landwirtschaftliche Produkte;LWPR-1514;Champignons;-;2020=100;PRE018;Erzeugerpreisindizes landwirtschaftlicher Produkte
61211;Index der Erzeugerpreise landwirtschaftl. Produkte;JAHR;Jahr;1987;DINSG;Deutschland insgesamt;DG;Deutschland;PROAT1;Landwirtschaftliche Produkte;LWPR-1511;Blumenkohl;36,7;2020=100;PRE018;Erzeugerpreisindizes landwirtschaftlicher Produkte
61211;Index der Erzeugerpreise landwirtschaftl. Produkte;JAHR;Jahr;1992;DINSG;Deutschland insgesamt;DG;Deutschland;PROAT1;Landwirtschaftliche Produkte;LWPR-132;Zuckerrüben;132,9;2020=100;PRE018;Erzeugerpreisindizes landwirtschaftlicher Produkte
61211;Index der Erzeugerpreise landwirtschaftl. Produkte;JAHR;Jahr;2025;DINSG;Deutschland insgesamt;DG;Deutschland;PROAT1;Landwirtschaftliche Produkte;LWPR-15;Erzeugnisse des Gemüse- und Gartenbaus;140,1;2020=100;PRE018;Erzeugerpreisindizes landwirtschaftlicher Produkte
61211;Index der Erzeugerpreise landwirtschaftl. Produkte;JAHR;Jahr;1972;DINSG;Deutschland insgesamt;DG;Deutschland;PROAT1;Landwirtschaftliche Produkte;LWPR-1522;Topfpflanzen;62,9;2020=100;PRE018;Erzeugerpreisindizes landwirtschaftlicher Produkte
61211;Index der Erzeugerpreise landwirtschaftl. Produkte;JAHR;Jahr;2010;DINSG;Deutschland insgesamt;DG;Deutschland;PROAT1;Landwirtschaftliche Produkte;LWPR-1512;Tomaten;58,0;2020=100;PRE018;Erzeugerpreisindizes landwirtschaftlicher Produkte
61211;Index der Erzeugerpreise landwirtschaftl. Produkte;JAHR;Jahr;2003;DINSG;Deutschland insgesamt;DG;Deutschland;PROAT1;Landwirtschaftliche Produkte;LWPR-21;Tiere;75,7;2020=100;PRE018;Erzeugerpreisindizes landwirtschaftlicher Produkte
61211;Index der Erzeugerpreise landwirtschaftl. Produkte;JAHR;Jahr;1998;DINSG;Deutschland insgesamt;DG;Deutschland;PROAT1;Landwirtschaftliche Produkte;LWPR-1521;Schnittblumen;68,6;2020=100;PRE018;Erzeugerpreisindizes landwirtschaftlicher Produkte
61211;Index der Erzeugerpreise landwirtschaftl. Produkte;JAHR;Jahr;2009;DINSG;Deutschland insgesamt;DG;Deutschland;PROAT1;Landwirtschaftliche Produkte;LWPR-1516;Kohlgemüse;-;2020=100;PRE018;Erzeugerpreisindizes landwirtschaftlicher Produkte
61211;Index der Erzeugerpreise landwirtschaftl. Produkte;JAHR;Jahr;1984;DINSG;Deutschland insgesamt;DG;Deutschland;PROAT1;Landwirtschaftliche Produkte;LWPR-1211;Brotweizen;138,9;2020=100;PRE018;Erzeugerpreisindizes landwirtschaftlicher Produkte
61211;Index der Erzeugerpreise landwirtschaftl. Produkte;JAHR;Jahr;1983;DINSG;Deutschland insgesamt;DG;Deutschland;PROAT1;Landwirtschaftliche Produkte;LWPR-1216;Körnermais;163,5;2020=100;PRE018;Erzeugerpreisindizes landwirtschaftlicher Produkte
61211;Index der Erzeugerpreise landwirtschaftl. Produkte;JAHR;Jahr;1985;DINSG;Deutschland insgesamt;DG;Deutschland;PROAT1;Landwirtschaftliche Produkte;LWPR-133;Futterpflanzen;-;2020=100;PRE018;Erzeugerpreisindizes landwirtschaftlicher Produkte
61211;Index der Erzeugerpreise landwirtschaftl. Produkte;JAHR;Jahr;1993;DINSG;Deutschland insgesamt;DG;Deutschland;PROAT1;Landwirtschaftliche Produkte;LWPR-23;Eier;48,8;2020=100;PRE018;Erzeugerpreisindizes landwirtschaftlicher Produkte
61211;Index der Erzeugerpreise landwirtschaftl. Produkte;JAHR;Jahr;1969;DINSG;Deutschland insgesamt;DG;Deutschland;PROAT1;Landwirtschaftliche Produkte;LWPR-2142;Sonstiges Geflügel;-;2020=100;PRE018;Erzeugerpreisindizes landwirtschaftlicher Produkte
61211;Index der Erzeugerpreise landwirtschaftl. Produkte;JAHR;Jahr;1989;DINSG;Deutschland insgesamt;DG;Deutschland;PROAT1;Landwirtschaftliche Produkte;LWPR-21;Tiere;102,5;2020=100;PRE018;Erzeugerpreisindizes landwirtschaftlicher Produkte
61211;Index der Erzeugerpreise landwirtschaftl. Produkte;JAHR;Jahr;2001;DINSG;Deutschland insgesamt;DG;Deutschland;PROAT1;Landwirtschaftliche Produkte;LWPR-1211;Brotweizen;66,0;2020=100;PRE018;Erzeugerpreisindizes landwirtschaftlicher Produkte
61211;Index der Erzeugerpreise landwirtschaftl. Produkte;JAHR;Jahr;2013;DINSG;Deutschland insgesamt;DG;Deutschland;PROAT1;Landwirtschaftliche Produkte;LWPR-21;Tiere;109,6;2020=100;PRE018;Erzeugerpreisindizes landwirtschaftlicher Produkte
61211;Index der Erzeugerpreise landwirtschaftl. Produkte;JAHR;Jahr;2006;DINSG;Deutschland insgesamt;DG;Deutschland;PROAT1;Landwirtschaftliche Produkte;LWPR-22;Milch;84,8;2020=100;PRE018;Erzeugerpreisindizes landwirtschaftlicher Produkte
61211;Index der Erzeugerpreise landwirtschaftl. Produkte;JAHR;Jahr;1986;DINSG;Deutschland insgesamt;DG;Deutschland;PROAT1;Landwirtschaftliche Produkte;LWPR-1516;Kohlgemüse;-;2020=100;PRE018;Erzeugerpreisindizes landwirtschaftlicher Produkte
61211;Index der Erzeugerpreise landwirtschaftl. Produkte;JAHR;Jahr;2018;DINSG;Deutschland insgesamt;DG;Deutschland;PROAT1;Landwirtschaftliche Produkte;LWPR-122;Getreidesaatgut;99,8;2020=100;PRE018;Erzeugerpreisindizes landwirtschaftlicher Produkte
61211;Index der Erzeugerpreise landwirtschaftl. Produkte;JAHR;Jahr;2007;DINSG;Deutschland insgesamt;DG;Deutschland;PROAT1;Landwirtschaftliche Produkte;LWPR-1215;Braugerste;125,8;2020=100;PRE018;Erzeugerpreisindizes landwirtschaftlicher Produkte
61211;Index der Erzeugerpreise landwirtschaftl. Produkte;JAHR;Jahr;2017;DINSG;Deutschland insgesamt;DG;Deutschland;PROAT1;Landwirtschaftliche Produkte;LWPR-12;Getreide (einschließlich Saatgut);89,9;2020=100;PRE018;Erzeugerpreisindizes landwirtschaftlicher Produkte
61211;Index der Erzeugerpreise landwirtschaftl. Produkte;JAHR;Jahr;2018;DINSG;Deutschland insgesamt;DG;Deutschland;PROAT1;Landwirtschaftliche Produkte;LWPR-2;Tierische Erzeugung;99,8;2020=100;PRE018;Erzeugerpreisindizes landwirtschaftlicher Produkte
61211;Index der Erzeugerpreise landwirtschaftl. Produkte;JAHR;Jahr;2022;DINSG;Deutschland insgesamt;DG;Deutschland;PROAT1;Landwirtschaftliche Produkte;LWPR-1522;Topfpflanzen;107,2;2020=100;PRE018;Erzeugerpreisindizes landwirtschaftlicher Produkte
61211;Index der Erzeugerpreise landwirtschaftl. Produkte;JAHR;Jahr;1980;DINSG;Deutschland insgesamt;DG;Deutschland;PROAT1;Landwirtschaftliche Produkte;LWPR-1214;Futtergerste;139,5;2020=100;PRE018;Erzeugerpreisindizes landwirtschaftlicher Produkte
61211;Index der Erzeugerpreise landwirtschaftl. Produkte;JAHR;Jahr;2017;DINSG;Deutschland insgesamt;DG;Deutschland;PROAT1;Landwirtschaftliche Produkte;LWPR-2113;Färsen;108,3;2020=100;PRE018;Erzeugerpreisindizes landwirtschaftlicher Produkte
61211;Index der Erzeugerpreise landwirtschaftl. Produkte;JAHR;Jahr;2021;DINSG;Deutschland insgesamt;DG;Deutschland;PROAT1;Landwirtschaftliche Produkte;LWPR-15171;Eissalat;131,8;2020=100;PRE018;Erzeugerpreisindizes landwirtschaftlicher Produkte
61211;Index der Erzeugerpreise landwirtschaftl. Produkte;JAHR;Jahr;1993;DINSG;Deutschland insgesamt;DG;Deutschland;PROAT1;Landwirtschaftliche Produkte;LWPR-1516;Kohlgemüse;-;2020=100;PRE018;Erzeugerpreisindizes landwirtschaftlicher Produkte
61211;Index der Erzeugerpreise landwirtschaftl. Produkte;JAHR;Jahr;2005;DINSG;Deutschland insgesamt;DG;Deutschland;PROAT1;Landwirtschaftliche Produkte;LWPR-152;Pflanzen und Blumen;85,6;2020=100;PRE018;Erzeugerpreisindizes landwirtschaftlicher Produkte
61211;Index der Erzeugerpreise landwirtschaftl. Produkte;JAHR;Jahr;2014;DINSG;Deutschland insgesamt;DG;Deutschland;PROAT1;Landwirtschaftliche Produkte;LWPR-1522;Topfpflanzen;89,9;2020=100;PRE018;Erzeugerpreisindizes landwirtschaftlicher Produkte
61211;Index der Erzeugerpreise landwirtschaftl. Produkte;JAHR;Jahr;1993;DINSG;Deutschland insgesamt;DG;Deutschland;PROAT1;Landwirtschaftliche Produkte;LWPR-132;Zuckerrüben;131,2;2020=100;PRE018;Erzeugerpreisindizes landwirtschaftlicher Produkte
61211;Index der Erzeugerpreise landwirtschaftl. Produkte;JAHR;Jahr;1968;DINSG;Deutschland insgesamt;DG;Deutschland;PROAT1;Landwirtschaftliche Produkte;LWPR-1511;Blumenkohl;18,7;2020=100;PRE018;Erzeugerpreisindizes landwirtschaftlicher Produkte
61211;Index der Erzeugerpreise landwirtschaftl. Produkte;JAHR;Jahr;2025;DINSG;Deutschland insgesamt;DG;Deutschland;PROAT1;Landwirtschaftliche Produkte;LWPR-1216;Körnermais;108,1;2020=100;PRE018;Erzeugerpreisindizes landwirtschaftlicher Produkte
61211;Index der Erzeugerpreise landwirtschaftl. Produkte;JAHR;Jahr;2004;DINSG;Deutschland insgesamt;DG;Deutschland;PROAT1;Landwirtschaftliche Produkte;LWPR-15;Erzeugnisse des Gemüse- und Gartenbaus;72,1;2020=100;PRE018;Erzeugerpreisindizes landwirtschaftlicher Produkte
61211;Index der Erzeugerpreise landwirtschaftl. Produkte;JAHR;Jahr;2004;DINSG;Deutschland insgesamt;DG;Deutschland;PROAT1;Landwirtschaftliche Produkte;LWPR-1213;Futterweizen;62,6;2020=100;PRE018;Erzeugerpreisindizes landwirtschaftlicher Produkte
61211;Index der Erzeugerpreise landwirtschaftl. Produkte;JAHR;Jahr;1983;DINSG;Deutschland insgesamt;DG;Deutschland;PROAT1;Landwirtschaftliche Produkte;LWPR-23;Eier;48,8;2020=100;PRE018;Erzeugerpreisindizes landwirtschaftlicher Produkte
61211;Index der Erzeugerpreise landwirtschaftl. Produkte;JAHR;Jahr;1997;DINSG;Deutschland insgesamt;DG;Deutschland;PROAT1;Landwirtschaftliche Produkte;LWPR-213;Schafe und Ziegen;65,7;2020=100;PRE018;Erzeugerpreisindizes landwirtschaftlicher Produkte
61211;Index der Erzeugerpreise landwirtschaftl. Produkte;JAHR;Jahr;2000;DINSG;Deutschland insgesamt;DG;Deutschland;PROAT1;Landwirtschaftliche Produkte;LWPR-214;Geflügel;71,4;2020=100;PRE018;Erzeugerpreisindizes landwirtschaftlicher Produkte
61211;Index der Erzeugerpreise landwirtschaftl. Produkte;JAHR;Jahr;2017;DINSG;Deutschland insgesamt;DG;Deutschland;PROAT1;Landwirtschaftliche Produkte;LWPR-211;Rinder;109,2;2020=100;PRE018;Erzeugerpreisindizes landwirtschaftlicher Produkte
61211;Index der Erzeugerpreise landwirtschaftl. Produkte;JAHR;Jahr;1984;DINSG;Deutschland insgesamt;DG;Deutschland;PROAT1;Landwirtschaftliche Produkte;LWPR-17;Wein;-;2020=100;PRE018;Erzeugerpreisindizes landwirtschaftlicher Produkte
61211;Index der Erzeugerpreise landwirtschaftl. Produkte;JAHR;Jahr;1991;DINSG;Deutschland insgesamt;DG;Deutschland;PROAT1;Landwirtschaftliche Produkte;LWPR-1522;Topfpflanzen;92,4;2020=100;PRE018;Erzeugerpreisindizes landwirtschaftlicher Produkte
61211;Index der Erzeugerpreise landwirtschaftl. Produkte;JAHR;Jahr;2006;DINSG;Deutschland insgesamt;DG;Deutschland;PROAT1;Landwirtschaftliche Produkte;LWPR-161;Tafeläpfel;75,7;2020=100;PRE018;Erzeugerpreisindizes landwirtschaftlicher Produkte
61211;Index der Erzeugerpreise landwirtschaftl. Produkte;JAHR;Jahr;2003;DINSG;Deutschland insgesamt;DG;Deutschland;PROAT1;Landwirtschaftliche Produkte;LWPR-1512;Tomaten;104,0;2020=100;PRE018;Erzeugerpreisindizes landwirtschaftlicher Produkte
61211;Index der Erzeugerpreise landwirtschaftl. Produkte;JAHR;Jahr;2015;DINSG;Deutschland insgesamt;DG;Deutschland;PROAT1;Landwirtschaftliche Produkte;LWPR-2141;Hähnchen;117,4;2020=100;PRE018;Erzeugerpreisindizes landwirtschaftlicher Produkte
61211;Index der Erzeugerpreise landwirtschaftl. Produkte;JAHR;Jahr;2016;DINSG;Deutschland insgesamt;DG;Deutschland;PROAT1;Landwirtschaftliche Produkte;LWPR-2;Tierische Erzeugung;90,7;2020=100;PRE018;Erzeugerpreisindizes landwirtschaftlicher Produkte
61211;Index der Erzeugerpreise landwirtschaftl. Produkte;JAHR;Jahr;1987;DINSG;Deutschland insgesamt;DG;Deutschland;PROAT1;Landwirtschaftliche Produkte;LWPR-14;Kartoffeln (einschließlich Pflanzkartoffeln);35,9;2020=100;PRE018;Erzeugerpreisindizes landwirtschaftlicher Produkte
61211;Index der Erzeugerpreise landwirtschaftl. Produkte;JAHR;Jahr;2008;DINSG;Deutschland insgesamt;DG;Deutschland;PROAT1;Landwirtschaftliche Produkte;LWPR-212;Schweine;99,3;2020=100;PRE018;Erzeugerpreisindizes landwirtschaftlicher Produkte
61211;Index der Erzeugerpreise landwirtschaftl. Produkte;JAHR;Jahr;2024;DINSG;Deutschland insgesamt;DG;Deutschland;PROAT1;Landwirtschaftliche Produkte;LWPR-1516;Kohlgemüse;146,1;2020=100;PRE018;Erzeugerpreisindizes landwirtschaftlicher Produkte
61211;Index der Erzeugerpreise landwirtschaftl. Produkte;JAHR;Jahr;2014;DINSG;Deutschland insgesamt;DG;Deutschland;PROAT1;Landwirtschaftliche Produkte;LWPR-2111;Jungbullen;101,9;2020=100;PRE018;Erzeugerpreisindizes landwirtschaftlicher Produkte
61211;Index der Erzeugerpreise landwirtschaftl. Produkte;JAHR;Jahr;1971;DINSG;Deutschland insgesamt;DG;Deutschland;PROAT1;Landwirtschaftliche Produkte;LWPR-151;Gemüse;25,7;2020=100;PRE018;Erzeugerpreisindizes landwirtschaftlicher Produkte
61211;Index der Erzeugerpreise landwirtschaftl. Produkte;JAHR;Jahr;1973;DINSG;Deutschland insgesamt;DG;Deutschland;PROAT1;Landwirtschaftliche Produkte;LWPR-14;Kartoffeln (einschließlich Pflanzkartoffeln);43,0;2020=100;PRE018;Erzeugerpreisindizes landwirtschaftlicher Produkte
61211;Index der Erzeugerpreise landwirtschaftl. Produkte;JAHR;Jahr;2010;DINSG;Deutschland insgesamt;DG;Deutschland;PROAT1;Landwirtschaftliche Produkte;LWPR-12;Getreide (einschließlich Saatgut);88,5;2020=100;PRE018;Erzeugerpreisindizes landwirtschaftlicher Produkte
61211;Index der Erzeugerpreise landwirtschaftl. Produkte;JAHR;Jahr;1979;DINSG;Deutschland insgesamt;DG;Deutschland;PROAT1;Landwirtschaftliche Produkte;LWPR-162;Erdbeeren;-;2020=100;PRE018;Erzeugerpreisindizes landwirtschaftlicher Produkte
61211;Index der Erzeugerpreise landwirtschaftl. Produkte;JAHR;Jahr;1969;DINSG;Deutschland insgesamt;DG;Deutschland;PROAT1;Landwirtschaftliche Produkte;LWPR-132;Zuckerrüben;95,2;2020=100;PRE018;Erzeugerpreisindizes landwirtschaftlicher Produkte
61211;Index der Erzeugerpreise landwirtschaftl. Produkte;JAHR;Jahr;1994;DINSG;Deutschland insgesamt;DG;Deutschland;PROAT1;Landwirtschaftliche Produkte;LWPR-141;Speisekartoffeln;57,3;2020=100;PRE018;Erzeugerpreisindizes landwirtschaftlicher Produkte
61211;Index der Erzeugerpreise landwirtschaftl. Produkte;JAHR;Jahr;1994;DINSG;Deutschland insgesamt;DG;Deutschland;PROAT1;Landwirtschaftliche Produkte;LWPR-2113;Färsen;85,4;2020=100;PRE018;Erzeugerpreisindizes landwirtschaftlicher Produkte
61211;Index der Erzeugerpreise landwirtschaftl. Produkte;JAHR;Jahr;2022;DINSG;Deutschland insgesamt;DG;Deutschland;PROAT1;Landwirtschaftliche Produkte;LWPR-1214;Futtergerste;185,7;2020=100;PRE018;Erzeugerpreisindizes landwirtschaftlicher Produkte
61211;Index der Erzeugerpreise landwirtschaftl. Produkte;JAHR;Jahr;2011;DINSG;Deutschland insgesamt;DG;Deutschland;PROAT1;Landwirtschaftliche Produkte;LWPR-133;Futterpflanzen;-;2020=100;PRE018;Erzeugerpreisindizes landwirtschaftlicher Produkte
61211;Index der Erzeugerpreise landwirtschaftl. Produkte;JAHR;Jahr;1977;DINSG;Deutschland insgesamt;DG;Deutschland;PROAT1;Landwirtschaftliche Produkte;LWPR-1211;Brotweizen;135,5;2020=100;PRE018;Erzeugerpreisindizes landwirtschaftlicher Produkte
61211;Index der Erzeugerpreise landwirtschaftl. Produkte;JAHR;Jahr;2024;DINSG;Deutschland insgesamt;DG;Deutschland;PROAT1;Landwirtschaftliche Produkte;LWPR-12;Getreide (einschließlich Saatgut);112,8;2020=100;PRE018;Erzeugerpreisindizes landwirtschaftlicher Produkte
61211;Index der Erzeugerpreise landwirtschaftl. Produkte;JAHR;Jahr;1984;DINSG;Deutschland insgesamt;DG;Deutschland;PROAT1;Landwirtschaftliche Produkte;LWPR-2142;Sonstiges Geflügel;110,5;2020=100;PRE018;Erzeugerpreisindizes landwirtschaftlicher Produkte
61211;Index der Erzeugerpreise landwirtschaftl. Produkte;JAHR;Jahr;1990;DINSG;Deutschland insgesamt;DG;Deutschland;PROAT1;Landwirtschaftliche Produkte;LWPR-13;Handelsgewächse;133,1;2020=100;PRE018;Erzeugerpreisindizes landwirtschaftlicher Produkte
61211;Index der Erzeugerpreise landwirtschaftl. Produkte;JAHR;Jahr;2020;DINSG;Deutschland insgesamt;DG;Deutschland;PROAT1;Landwirtschaftliche Produkte;LWPR-21;Tiere;100,0;2020=100;PRE018;Erzeugerpreisindizes landwirtschaftlicher Produkte
61211;Index der Erzeugerpreise landwirtschaftl. Produkte;JAHR;Jahr;1979;DINSG;Deutschland insgesamt;DG;Deutschland;PROAT1;Landwirtschaftliche Produkte;LWPR-1512;Tomaten;-;2020=100;PRE018;Erzeugerpreisindizes landwirtschaftlicher Produkte
61211;Index der Erzeugerpreise landwirtschaftl. Produkte;JAHR;Jahr;1968;DINSG;Deutschland insgesamt;DG;Deutschland;PROAT1;Landwirtschaftliche Produkte;LWPR-2112;Kühe;80,2;2020=100;PRE018;Erzeugerpreisindizes landwirtschaftlicher Produkte
61211;Index der Erzeugerpreise landwirtschaftl. Produkte;JAHR;Jahr;2021;DINSG;Deutschland insgesamt;DG;Deutschland;PROAT1;Landwirtschaftliche Produkte;LWPR-1514;Champignons;107,8;2020=100;PRE018;Erzeugerpreisindizes landwirtschaftlicher Produkte
61211;Index der Erzeugerpreise landwirtschaftl. Produkte;JAHR;Jahr;2010;DINSG;Deutschland insgesamt;DG;Deutschland;PROAT1;Landwirtschaftliche Produkte;LWPR-2114;Kälber;109,9;2020=100;PRE018;Erzeugerpreisindizes landwirtschaftlicher Produkte
61211;Index der Erzeugerpreise landwirtschaftl. Produkte;JAHR;Jahr;1983;DINSG;Deutschland insgesamt;DG;Deutschland;PROAT1;Landwirtschaftliche Produkte;LWPR-2112;Kühe;125,1;2020=100;PRE018;Erzeugerpreisindizes landwirtschaftlicher Produkte
61211;Index der Erzeugerpreise landwirtschaftl. Produkte;JAHR;Jahr;2006;DINSG;Deutschland insgesamt;DG;Deutschland;PROAT1;Landwirtschaftliche Produkte;LWPR-1514;Champignons;74,0;2020=100;PRE018;Erzeugerpreisindizes landwirtschaftlicher Produkte
61211;Index der Erzeugerpreise landwirtschaftl. Produkte;JAHR;Jahr;2019;DINSG;Deutschland insgesamt;DG;Deutschland;PROAT1;Landwirtschaftliche Produkte;LWPR-131;Raps;97,6;2020=100;PRE018;Erzeugerpreisindizes landwirtschaftlicher Produkte
61211;Index der Erzeugerpreise landwirtschaftl. Produkte;JAHR;Jahr;1998;DINSG;Deutschland insgesamt;DG;Deutschland;PROAT1;Landwirtschaftliche Produkte;LWPR-17;Wein;-;2020=100;PRE018;Erzeugerpreisindizes landwirtschaftlicher Produkte
61211;Index der Erzeugerpreise landwirtschaftl. Produkte;JAHR;Jahr;1978;DINSG;Deutschland insgesamt;DG;Deutschland;PROAT1;Landwirtschaftliche Produkte;LWPR-1517;Salat;-;2020=100;PRE018;Erzeugerpreisindizes landwirtschaftlicher Produkte
61211;Index der Erzeugerpreise landwirtschaftl. Produkte;JAHR;Jahr;1980;DINSG;Deutschland insgesamt;DG;Deutschland;PROAT1;Landwirtschaftliche Produkte;LWPR-1521;Schnittblumen;57,5;2020=100;PRE018;Erzeugerpreisindizes landwirtschaftlicher Produkte
61211;Index der Erzeugerpreise landwirtschaftl. Produkte;JAHR;Jahr;1982;DINSG;Deutschland insgesamt;DG;Deutschland;PROAT1;Landwirtschaftliche Produkte;LWPR-213;Schafe und Ziegen;77,7;2020=100;PRE018;Erzeugerpreisindizes landwirtschaftlicher Produkte
61211;Index der Erzeugerpreise landwirtschaftl. Produkte;JAHR;Jahr;1991;DINSG;Deutschland insgesamt;DG;Deutschland;PROAT1;Landwirtschaftliche Produkte;LWPR-1215;Braugerste;114,7;2020=100;PRE018;Erzeugerpreisindizes landwirtschaftlicher Produkte
61211;Index der Erzeugerpreise landwirtschaftl. Produkte;JAHR;Jahr;1970;DINSG;Deutschland insgesamt;DG;Deutschland;PROAT1;Landwirtschaftliche Produkte;LWPR-17;Wein;-;2020=100;PRE018;Erzeugerpreisindizes landwirtschaftlicher Produkte
61211;Index der Erzeugerpreise landwirtschaftl. Produkte;JAHR;Jahr;2025;DINSG;Deutschland insgesamt;DG;Deutschland;PROAT1;Landwirtschaftliche Produkte;LWPR-2112;Kühe;226,3;2020=100;PRE018;Erzeugerpreisindizes landwirtschaftlicher Produkte
61211;Index der Erzeugerpreise landwirtschaftl. Produkte;JAHR;Jahr;1984;DINSG;Deutschland insgesamt;DG;Deutschland;PROAT1;Landwirtschaftliche Produkte;LWPR-2;Tierische Erzeugung;101,7;2020=100;PRE018;Erzeugerpreisindizes landwirtschaftlicher Produkte
61211;Index der Erzeugerpreise landwirtschaftl. Produkte;JAHR;Jahr;2003;DINSG;Deutschland insgesamt;DG;Deutschland;PROAT1;Landwirtschaftliche Produkte;LWPR-121;Getreide;65,5;2020=100;PRE018;Erzeugerpreisindizes landwirtschaftlicher Produkte
61211;Index der Erzeugerpreise landwirtschaftl. Produkte;JAHR;Jahr;2018;DINSG;Deutschland insgesamt;DG;Deutschland;PROAT1;Landwirtschaftliche Produkte;LWPR-16;Obst;97,8;2020=100;PRE018;Erzeugerpreisindizes landwirtschaftlicher Produkte
61211;Index der Erzeugerpreise landwirtschaftl. Produkte;JAHR;Jahr;2013;DINSG;Deutschland insgesamt;DG;Deutschland;PROAT1;Landwirtschaftliche Produkte;LWPR-151;Gemüse;78,7;2020=100;PRE018;Erzeugerpreisindizes landwirtschaftlicher Produkte
61211;Index der Erzeugerpreise landwirtschaftl. Produkte;JAHR;Jahr;2010;DINSG;Deutschland insgesamt;DG;Deutschland;PROAT1;Landwirtschaftliche Produkte;LWPR-141;Speisekartoffeln;46,1;2020=100;PRE018;Erzeugerpreisindizes landwirtschaftlicher Produkte
61211;Index der Erzeugerpreise landwirtschaftl. Produkte;JAHR;Jahr;1990;DINSG;Deutschland insgesamt;DG;Deutschland;PROAT1;Landwirtschaftliche Produkte;LWPR-122;Getreidesaatgut;107,8;2020=100;PRE018;Erzeugerpreisindizes landwirtschaftlicher Produkte
61211;Index der Erzeugerpreise landwirtschaftl. Produkte;JAHR;Jahr;2012;DINSG;Deutschland insgesamt;DG;Deutschland;PROAT1;Landwirtschaftliche Produkte;LWPR-23;Eier;95,5;2020=100;PRE018;Erzeugerpreisindizes landwirtschaftlicher Produkte
61211;Index der Erzeugerpreise landwirtschaftl. Produkte;JAHR;Jahr;2003;DINSG;Deutschland insgesamt;DG;Deutschland;PROAT1;Landwirtschaftliche Produkte;LWPR-1513;Gurken;92,2;2020=100;PRE018;Erzeugerpreisindizes landwirtschaftlicher Produkte
61211;Index der Erzeugerpreise landwirtschaftl. Produkte;JAHR;Jahr;2024;DINSG;Deutschland insgesamt;DG;Deutschland;PROAT1;Landwirtschaftliche Produkte;LWPR-1515;Spargel;112,2;2020=100;PRE018;Erzeugerpreisindizes landwirtschaftlicher Produkte
61211;Index der Erzeugerpreise landwirtschaftl. Produkte;JAHR;Jahr;1986;DINSG;Deutschland insgesamt;DG;Deutschland;PROAT1;Landwirtschaftliche Produkte;LWPR-2114;Kälber;93,3;2020=100;PRE018;Erzeugerpreisindizes landwirtschaftlicher Produkte
61211;Index der Erzeugerpreise landwirtschaftl. Produkte;JAHR;Jahr;1991;DINSG;Deutschland insgesamt;DG;Deutschland;PROAT1;Landwirtschaftliche Produkte;LWPR-17;Wein;-;2020=100;PRE018;Erzeugerpreisindizes landwirtschaftlicher Produkte
61211;Index der Erzeugerpreise landwirtschaftl. Produkte;JAHR;Jahr;1993;DINSG;Deutschland insgesamt;DG;Deutschland;PROAT1;Landwirtschaftliche Produkte;LWPR-213;Schafe und Ziegen;51,1;2020=100;PRE018;Erzeugerpreisindizes landwirtschaftlicher Produkte
61211;Index der Erzeugerpreise landwirtschaftl. Produkte;JAHR;Jahr;1971;DINSG;Deutschland insgesamt;DG;Deutschland;PROAT1;Landwirtschaftliche Produkte;LWPR-1513;Gurken;-;2020=100;PRE018;Erzeugerpreisindizes landwirtschaftlicher Produkte
61211;Index der Erzeugerpreise landwirtschaftl. Produkte;JAHR;Jahr;1997;DINSG;Deutschland insgesamt;DG;Deutschland;PROAT1;Landwirtschaftliche Produkte;LWPR-214;Geflügel;76,4;2020=100;PRE018;Erzeugerpreisindizes landwirtschaftlicher Produkte
61211;Index der Erzeugerpreise landwirtschaftl. Produkte;JAHR;Jahr;2013;DINSG;Deutschland insgesamt;DG;Deutschland;PROAT1;Landwirtschaftliche Produkte;LWPR-12;Getreide (einschließlich Saatgut);110,6;2020=100;PRE018;Erzeugerpreisindizes landwirtschaftlicher Produkte
61211;Index der Erzeugerpreise landwirtschaftl. Produkte;JAHR;Jahr;2016;DINSG;Deutschland insgesamt;DG;Deutschland;PROAT1;Landwirtschaftliche Produkte;LWPR-13;Handelsgewächse;100,2;2020=100;PRE018;Erzeugerpreisindizes landwirtschaftlicher Produkte
61211;Index der Erzeugerpreise landwirtschaftl. Produkte;JAHR;Jahr;2016;DINSG;Deutschland insgesamt;DG;Deutschland;PROAT1;Landwirtschaftliche Produkte;LWPR-214;Geflügel;104,3;2020=100;PRE018;Erzeugerpreisindizes landwirtschaftlicher Produkte
61211;Index der Erzeugerpreise landwirtschaftl. Produkte;JAHR;Jahr;1999;DINSG;Deutschland insgesamt;DG;Deutschland;PROAT1;Landwirtschaftliche Produkte;LWPR-1515;Spargel;-;2020=100;PRE018;Erzeugerpreisindizes landwirtschaftlicher Produkte
61211;Index der Erzeugerpreise landwirtschaftl. Produkte;JAHR;Jahr;1974;DINSG;Deutschland insgesamt;DG;Deutschland;PROAT1;Landwirtschaftliche Produkte;LWPR-21;Tiere;97,6;2020=100;PRE018;Erzeugerpreisindizes landwirtschaftlicher Produkte
61211;Index der Erzeugerpreise landwirtschaftl. Produkte;JAHR;Jahr;2001;DINSG;Deutschland insgesamt;DG;Deutschland;PROAT1;Landwirtschaftliche Produkte;LWPR-15;Erzeugnisse des Gemüse- und Gartenbaus;79,0;2020=100;PRE018;Erzeugerpreisindizes landwirtschaftlicher Produkte
61211;Index der Erzeugerpreise landwirtschaftl. Produkte;JAHR;Jahr;1996;DINSG;Deutschland insgesamt;DG;Deutschland;PROAT1;Landwirtschaftliche Produkte;LWPR-1513;Gurken;69,2;2020=100;PRE018;Erzeugerpreisindizes landwirtschaftlicher Produkte
61211;Index der Erzeugerpreise landwirtschaftl. Produkte;JAHR;Jahr;1977;DINSG;Deutschland insgesamt;DG;Deutschland;PROAT1;Landwirtschaftliche Produkte;LWPR-22;Milch;82,5;2020=100;PRE018;Erzeugerpreisindizes landwirtschaftlicher Produkte
61211;Index der Erzeugerpreise landwirtschaftl. Produkte;JAHR;Jahr;2011;DINSG;Deutschland insgesamt;DG;Deutschland;PROAT1;Landwirtschaftliche Produkte;LWPR-1521;Schnittblumen;78,9;2020=100;PRE018;Erzeugerpreisindizes landwirtschaftlicher Produkte
61211;Index der Erzeugerpreise landwirtschaftl. Produkte;JAHR;Jahr;2019;DINSG;Deutschland insgesamt;DG;Deutschland;PROAT1;Landwirtschaftliche Produkte;LWPR-14;Kartoffeln (einschließlich Pflanzkartoffeln);165,0;2020=100;PRE018;Erzeugerpreisindizes landwirtschaftlicher Produkte
61211;Index der Erzeugerpreise landwirtschaftl. Produkte;JAHR;Jahr;1991;DINSG;Deutschland insgesamt;DG;Deutschland;PROAT1;Landwirtschaftliche Produkte;LWPR-2142;Sonstiges Geflügel;87,0;2020=100;PRE018;Erzeugerpreisindizes landwirtschaftlicher Produkte
61211;Index der Erzeugerpreise landwirtschaftl. Produkte;JAHR;Jahr;2012;DINSG;Deutschland insgesamt;DG;Deutschland;PROAT1;Landwirtschaftliche Produkte;LWPR-213;Schafe und Ziegen;84,5;2020=100;PRE018;Erzeugerpreisindizes landwirtschaftlicher Produkte
61211;Index der Erzeugerpreise landwirtschaftl. Produkte;JAHR;Jahr;1979;DINSG;Deutschland insgesamt;DG;Deutschland;PROAT1;Landwirtschaftliche Produkte;LWPR-2113;Färsen;95,4;2020=100;PRE018;Erzeugerpreisindizes landwirtschaftlicher Produkte
61211;Index der Erzeugerpreise landwirtschaftl. Produkte;JAHR;Jahr;2000;DINSG;Deutschland insgesamt;DG;Deutschland;PROAT1;Landwirtschaftliche Produkte;LWPR-1511;Blumenkohl;30,6;2020=100;PRE018;Erzeugerpreisindizes landwirtschaftlicher Produkte
61211;Index der Erzeugerpreise landwirtschaftl. Produkte;JAHR;Jahr;2014;DINSG;Deutschland insgesamt;DG;Deutschland;PROAT1;Landwirtschaftliche Produkte;LWPR-2;Tierische Erzeugung;105,9;2020=100;PRE018;Erzeugerpreisindizes landwirtschaftlicher Produkte
61211;Index der Erzeugerpreise landwirtschaftl. Produkte;JAHR;Jahr;2011;DINSG;Deutschland insgesamt;DG;Deutschland;PROAT1;Landwirtschaftliche Produkte;LWPR-23;Eier;76,4;2020=100;PRE018;Erzeugerpreisindizes landwirtschaftlicher Produkte
61211;Index der Erzeugerpreise landwirtschaftl. Produkte;JAHR;Jahr;1994;DINSG;Deutschland insgesamt;DG;Deutschland;PROAT1;Landwirtschaftliche Produkte;LWPR-1212;Brotroggen;86,4;2020=100;PRE018;Erzeugerpreisindizes landwirtschaftlicher Produkte
61211;Index der Erzeugerpreise landwirtschaftl. Produkte;JAHR;Jahr;1990;DINSG;Deutschland insgesamt;DG;Deutschland;PROAT1;Landwirtschaftliche Produkte;LWPR-1215;Braugerste;124,2;2020=100;PRE018;Erzeugerpreisindizes landwirtschaftlicher Produkte
61211;Index der Erzeugerpreise landwirtschaftl. Produkte;JAHR;Jahr;2022;DINSG;Deutschland insgesamt;DG;Deutschland;PROAT1;Landwirtschaftliche Produkte;LWPR-1215;Braugerste;206,2;2020=100;PRE018;Erzeugerpreisindizes landwirtschaftlicher Produkte
61211;Index der Erzeugerpreise landwirtschaftl. Produkte;JAHR;Jahr;1990;DINSG;Deutschland insgesamt;DG;Deutschland;PROAT1;Landwirtschaftliche Produkte;LWPR-2112;Kühe;94,9;2020=100;PRE018;Erzeugerpreisindizes landwirtschaftlicher Produkte
61211;Index der Erzeugerpreise landwirtschaftl. Produkte;JAHR;Jahr;1992;DINSG;Deutschland insgesamt;DG;Deutschland;PROAT1;Landwirtschaftliche Produkte;LWPR-1;Pflanzliche Erzeugung;80,4;2020=100;PRE018;Erzeugerpreisindizes landwirtschaftlicher Produkte
61211;Index der Erzeugerpreise landwirtschaftl. Produkte;JAHR;Jahr;2001;DINSG;Deutschland insgesamt;DG;Deutschland;PROAT1;Landwirtschaftliche Produkte;LWPR-2111;Jungbullen;59,0;2020=100;PRE018;Erzeugerpreisindizes landwirtschaftlicher Produkte
61211;Index der Erzeugerpreise landwirtschaftl. Produkte;JAHR;Jahr;2021;DINSG;Deutschland insgesamt;DG;Deutschland;PROAT1;Landwirtschaftliche Produkte;LWPR-1513;Gurken;99,6;2020=100;PRE018;Erzeugerpreisindizes landwirtschaftlicher Produkte
61211;Index der Erzeugerpreise landwirtschaftl. Produkte;JAHR;Jahr;2006;DINSG;Deutschland insgesamt;DG;Deutschland;PROAT1;Landwirtschaftliche Produkte;LWPR-1515;Spargel;-;2020=100;PRE018;Erzeugerpreisindizes landwirtschaftlicher Produkte
61211;Index der Erzeugerpreise landwirtschaftl. Produkte;JAHR;Jahr;1968;DINSG;Deutschland insgesamt;DG;Deutschland;PROAT1;Landwirtschaftliche Produkte;LWPR-1216;Körnermais;101,8;2020=100;PRE018;Erzeugerpreisindizes landwirtschaftlicher Produkte
61211;Index der Erzeugerpreise landwirtschaftl. Produkte;JAHR;Jahr;1987;DINSG;Deutschland insgesamt;DG;Deutschland;PROAT1;Landwirtschaftliche Produkte;LWPR-1212;Brotroggen;135,4;2020=100;PRE018;Erzeugerpreisindizes landwirtschaftlicher Produkte
61211;Index der Erzeugerpreise landwirtschaftl. Produkte;JAHR;Jahr;2005;DINSG;Deutschland insgesamt;DG;Deutschland;PROAT1;Landwirtschaftliche Produkte;LWPR-131;Raps;75,6;2020=100;PRE018;Erzeugerpreisindizes landwirtschaftlicher Produkte
61211;Index der Erzeugerpreise landwirtschaftl. Produkte;JAHR;Jahr;1993;DINSG;Deutschland insgesamt;DG;Deutschland;PROAT1;Landwirtschaftliche Produkte;LWPR-2114;Kälber;106,7;2020=100;PRE018;Erzeugerpreisindizes landwirtschaftlicher Produkte
61211;Index der Erzeugerpreise landwirtschaftl. Produkte;JAHR;Jahr;1982;DINSG;Deutschland insgesamt;DG;Deutschland;PROAT1;Landwirtschaftliche Produkte;LWPR-1523;Baumschulerzeugnisse;58,8;2020=100;PRE018;Erzeugerpreisindizes landwirtschaftlicher Produkte
61211;Index der Erzeugerpreise landwirtschaftl. Produkte;JAHR;Jahr;2015;DINSG;Deutschland insgesamt;DG;Deutschland;PROAT1;Landwirtschaftliche Produkte;LWPR-161;Tafeläpfel;68,1;2020=100;PRE018;Erzeugerpreisindizes landwirtschaftlicher Produkte
61211;Index der Erzeugerpreise landwirtschaftl. Produkte;JAHR;Jahr;1978;DINSG;Deutschland insgesamt;DG;Deutschland;PROAT1;Landwirtschaftliche Produkte;LWPR-22;Milch;84,0;2020=100;PRE018;Erzeugerpreisindizes landwirtschaftlicher Produkte
61211;Index der Erzeugerpreise landwirtschaftl. Produkte;JAHR;Jahr;1976;DINSG;Deutschland insgesamt;DG;Deutschland;PROAT1;Landwirtschaftliche Produkte;LWPR-2111;Jungbullen;99,3;2020=100;PRE018;Erzeugerpreisindizes landwirtschaftlicher Produkte
61211;Index der Erzeugerpreise landwirtschaftl. Produkte;JAHR;Jahr;1977;DINSG;Deutschland insgesamt;DG;Deutschland;PROAT1;Landwirtschaftliche Produkte;LWPR-2141;Hähnchen;86,5;2020=100;PRE018;Erzeugerpreisindizes landwirtschaftlicher Produkte
61211;Index der Erzeugerpreise landwirtschaftl. Produkte;JAHR;Jahr;2013;DINSG;Deutschland insgesamt;DG;Deutschland;PROAT1;Landwirtschaftliche Produkte;LWPR-15171;Eissalat;113,6;2020=100;PRE018;Erzeugerpreisindizes landwirtschaftlicher Produkte
61211;Index der Erzeugerpreise landwirtschaftl. Produkte;JAHR;Jahr;2024;DINSG;Deutschland insgesamt;DG;Deutschland;PROAT1;Landwirtschaftliche Produkte;LWPR-21;Tiere;136,2;2020=100;PRE018;Erzeugerpreisindizes landwirtschaftlicher Produkte
61211;Index der Erzeugerpreise landwirtschaftl. Produkte;JAHR;Jahr;1969;DINSG;Deutschland insgesamt;DG;Deutschland;PROAT1;Landwirtschaftliche Produkte;LWPR-1211;Brotweizen;112,3;2020=100;PRE018;Erzeugerpreisindizes landwirtschaftlicher Produkte
61211;Index der Erzeugerpreise landwirtschaftl. Produkte;JAHR;Jahr;1968;DINSG;Deutschland insgesamt;DG;Deutschland;PROAT1;Landwirtschaftliche Produkte;LWPR-132;Zuckerrüben;95,2;2020=100;PRE018;Erzeugerpreisindizes landwirtschaftlicher Produkte
61211;Index der Erzeugerpreise landwirtschaftl. Produkte;JAHR;Jahr;2004;DINSG;Deutschland insgesamt;DG;Deutschland;PROAT1;Landwirtschaftliche Produkte;LWPR-1521;Schnittblumen;75,5;2020=100;PRE018;Erzeugerpreisindizes landwirtschaftlicher Produkte
61211;Index der Erzeugerpreise landwirtschaftl. Produkte;JAHR;Jahr;1977;DINSG;Deutschland insgesamt;DG;Deutschland;PROAT1;Landwirtschaftliche Produkte;LWPR-1;Pflanzliche Erzeugung;85,2;2020=100;PRE018;Erzeugerpreisindizes landwirtschaftlicher Produkte
61211;Index der Erzeugerpreise landwirtschaftl. Produkte;JAHR;Jahr;2000;DINSG;Deutschland insgesamt;DG;Deutschland;PROAT1;Landwirtschaftliche Produkte;LWPR-133;Futterpflanzen;-;2020=100;PRE018;Erzeugerpreisindizes landwirtschaftlicher Produkte
61211;Index der Erzeugerpreise landwirtschaftl. Produkte;JAHR;Jahr;2021;DINSG;Deutschland insgesamt;DG;Deutschland;PROAT1;Landwirtschaftliche Produkte;LWPR-213;Schafe und Ziegen;122,8;2020=100;PRE018;Erzeugerpreisindizes landwirtschaftlicher Produkte
61211;Index der Erzeugerpreise landwirtschaftl. Produkte;JAHR;Jahr;1983;DINSG;Deutschland insgesamt;DG;Deutschland;PROAT1;Landwirtschaftliche Produkte;LWPR-1215;Braugerste;159,8;2020=100;PRE018;Erzeugerpreisindizes landwirtschaftlicher Produkte
61211;Index der Erzeugerpreise landwirtschaftl. Produkte;JAHR;Jahr;2015;DINSG;Deutschland insgesamt;DG;Deutschland;PROAT1;Landwirtschaftliche Produkte;LWPR-1215;Braugerste;106,7;2020=100;PRE018;Erzeugerpreisindizes landwirtschaftlicher Produkte
61211;Index der Erzeugerpreise landwirtschaftl. Produkte;JAHR;Jahr;1992;DINSG;Deutschland insgesamt;DG;Deutschland;PROAT1;Landwirtschaftliche Produkte;LWPR-1516;Kohlgemüse;-;2020=100;PRE018;Erzeugerpreisindizes landwirtschaftlicher Produkte
61211;Index der Erzeugerpreise landwirtschaftl. Produkte;JAHR;Jahr;2003;DINSG;Deutschland insgesamt;DG;Deutschland;PROAT1;Landwirtschaftliche Produkte;LWPR-17;Wein;-;2020=100;PRE018;Erzeugerpreisindizes landwirtschaftlicher Produkte
61211;Index der Erzeugerpreise landwirtschaftl. Produkte;JAHR;Jahr;1975;DINSG;Deutschland insgesamt;DG;Deutschland;PROAT1;Landwirtschaftliche Produkte;LWPR-1523;Baumschulerzeugnisse;43,0;2020=100;PRE018;Erzeugerpreisindizes landwirtschaftlicher Produkte
61211;Index der Erzeugerpreise landwirtschaftl. Produkte;JAHR;Jahr;2007;DINSG;Deutschland insgesamt;DG;Deutschland;PROAT1;Landwirtschaftliche Produkte;LWPR-16;Obst;77,5;2020=100;PRE018;Erzeugerpreisindizes landwirtschaftlicher Produkte
61211;Index der Erzeugerpreise landwirtschaftl. Produkte;JAHR;Jahr;2001;DINSG;Deutschland insgesamt;DG;Deutschland;PROAT1;Landwirtschaftliche Produkte;LWPR-1212;Brotroggen;67,6;2020=100;PRE018;Erzeugerpreisindizes landwirtschaftlicher Produkte
61211;Index der Erzeugerpreise landwirtschaftl. Produkte;JAHR;Jahr;2007;DINSG;Deutschland insgesamt;DG;Deutschland;PROAT1;Landwirtschaftliche Produkte;LWPR-1523;Baumschulerzeugnisse;92,0;2020=100;PRE018;Erzeugerpreisindizes landwirtschaftlicher Produkte
61211;Index der Erzeugerpreise landwirtschaftl. Produkte;JAHR;Jahr;1989;DINSG;Deutschland insgesamt;DG;Deutschland;PROAT1;Landwirtschaftliche Produkte;LWPR-1522;Topfpflanzen;91,1;2020=100;PRE018;Erzeugerpreisindizes landwirtschaftlicher Produkte
61211;Index der Erzeugerpreise landwirtschaftl. Produkte;JAHR;Jahr;1980;DINSG;Deutschland insgesamt;DG;Deutschland;PROAT1;Landwirtschaftliche Produkte;LWPR-212;Schweine;119,4;2020=100;PRE018;Erzeugerpreisindizes landwirtschaftlicher Produkte
61211;Index der Erzeugerpreise landwirtschaftl. Produkte;JAHR;Jahr;2002;DINSG;Deutschland insgesamt;DG;Deutschland;PROAT1;Landwirtschaftliche Produkte;LWPR-2141;Hähnchen;71,0;2020=100;PRE018;Erzeugerpreisindizes landwirtschaftlicher Produkte
61211;Index der Erzeugerpreise landwirtschaftl. Produkte;JAHR;Jahr;1978;DINSG;Deutschland insgesamt;DG;Deutschland;PROAT1;Landwirtschaftliche Produkte;LWPR-162;Erdbeeren;-;2020=100;PRE018;Erzeugerpreisindizes landwirtschaftlicher Produkte
61211;Index der Erzeugerpreise landwirtschaftl. Produkte;JAHR;Jahr;2017;DINSG;Deutschland insgesamt;DG;Deutschland;PROAT1;Landwirtschaftliche Produkte;LWPR-13;Handelsgewächse;98,0;2020=100;PRE018;Erzeugerpreisindizes landwirtschaftlicher Produkte
61211;Index der Erzeugerpreise landwirtschaftl. Produkte;JAHR;Jahr;1982;DINSG;Deutschland insgesamt;DG;Deutschland;PROAT1;Landwirtschaftliche Produkte;LWPR-132;Zuckerrüben;143,0;2020=100;PRE018;Erzeugerpreisindizes landwirtschaftlicher Produkte
61211;Index der Erzeugerpreise landwirtschaftl. Produkte;JAHR;Jahr;2019;DINSG;Deutschland insgesamt;DG;Deutschland;PROAT1;Landwirtschaftliche Produkte;LWPR-2111;Jungbullen;100,6;2020=100;PRE018;Erzeugerpreisindizes landwirtschaftlicher Produkte
61211;Index der Erzeugerpreise landwirtschaftl. Produkte;JAHR;Jahr;1975;DINSG;Deutschland insgesamt;DG;Deutschland;PROAT1;Landwirtschaftliche Produkte;LWPR-21;Tiere;109,7;2020=100;PRE018;Erzeugerpreisindizes landwirtschaftlicher Produkte
61211;Index der Erzeugerpreise landwirtschaftl. Produkte;JAHR;Jahr;2000;DINSG;Deutschland insgesamt;DG;Deutschland;PROAT1;Landwirtschaftliche Produkte;LWPR-16;Obst;66,0;2020=100;PRE018;Erzeugerpreisindizes landwirtschaftlicher Produkte
61211;Index der Erzeugerpreise landwirtschaftl. Produkte;JAHR;Jahr;2018;DINSG;Deutschland insgesamt;DG;Deutschland;PROAT1;Landwirtschaftliche Produkte;LWPR-1511;Blumenkohl;89,8;2020=100;PRE018;Erzeugerpreisindizes landwirtschaftlicher Produkte
61211;Index der Erzeugerpreise landwirtschaftl. Produkte;JAHR;Jahr;1974;DINSG;Deutschland insgesamt;DG;Deutschland;PROAT1;Landwirtschaftliche Produkte;LWPR-151;Gemüse;35,3;2020=100;PRE018;Erzeugerpreisindizes landwirtschaftlicher Produkte
61211;Index der Erzeugerpreise landwirtschaftl. Produkte;JAHR;Jahr;2019;DINSG;Deutschland insgesamt;DG;Deutschland;PROAT1;Landwirtschaftliche Produkte;LWPR-1212;Brotroggen;105,4;2020=100;PRE018;Erzeugerpreisindizes landwirtschaftlicher Produkte
61211;Index der Erzeugerpreise landwirtschaftl. Produkte;JAHR;Jahr;1993;DINSG;Deutschland insgesamt;DG;Deutschland;PROAT1;Landwirtschaftliche Produkte;LWPR-1511;Blumenkohl;22,3;2020=100;PRE018;Erzeugerpreisindizes landwirtschaftlicher Produkte
61211;Index der Erzeugerpreise landwirtschaftl. Produkte;JAHR;Jahr;1980;DINSG;Deutschland insgesamt;DG;Deutschland;PROAT1;Landwirtschaftliche Produkte;LWPR-1213;Futterweizen;125,7;2020=100;PRE018;Erzeugerpreisindizes landwirtschaftlicher Produkte
61211;Index der Erzeugerpreise landwirtschaftl. Produkte;JAHR;Jahr;1992;DINSG;Deutschland insgesamt;DG;Deutschland;PROAT1;Landwirtschaftliche Produkte;LWPR-162;Erdbeeren;54,5;2020=100;PRE018;Erzeugerpreisindizes landwirtschaftlicher Produkte
61211;Index der Erzeugerpreise landwirtschaftl. Produkte;JAHR;Jahr;1987;DINSG;Deutschland insgesamt;DG;Deutschland;PROAT1;Landwirtschaftliche Produkte;LWPR-152;Pflanzen und Blumen;73,7;2020=100;PRE018;Erzeugerpreisindizes landwirtschaftlicher Produkte
61211;Index der Erzeugerpreise landwirtschaftl. Produkte;JAHR;Jahr;2002;DINSG;Deutschland insgesamt;DG;Deutschland;PROAT1;Landwirtschaftliche Produkte;LWPR-17;Wein;-;2020=100;PRE018;Erzeugerpreisindizes landwirtschaftlicher Produkte
61211;Index der Erzeugerpreise landwirtschaftl. Produkte;JAHR;Jahr;2019;DINSG;Deutschland insgesamt;DG;Deutschland;PROAT1;Landwirtschaftliche Produkte;LWPR-152;Pflanzen und Blumen;97,0;2020=100;PRE018;Erzeugerpreisindizes landwirtschaftlicher Produkte
61211;Index der Erzeugerpreise landwirtschaftl. Produkte;JAHR;Jahr;2022;DINSG;Deutschland insgesamt;DG;Deutschland;PROAT1;Landwirtschaftliche Produkte;LWPR-132;Zuckerrüben;157,7;2020=100;PRE018;Erzeugerpreisindizes landwirtschaftlicher Produkte
61211;Index der Erzeugerpreise landwirtschaftl. Produkte;JAHR;Jahr;1981;DINSG;Deutschland insgesamt;DG;Deutschland;PROAT1;Landwirtschaftliche Produkte;LWPR-1515;Spargel;-;2020=100;PRE018;Erzeugerpreisindizes landwirtschaftlicher Produkte
61211;Index der Erzeugerpreise landwirtschaftl. Produkte;JAHR;Jahr;2009;DINSG;Deutschland insgesamt;DG;Deutschland;PROAT1;Landwirtschaftliche Produkte;LWPR-122;Getreidesaatgut;79,1;2020=100;PRE018;Erzeugerpreisindizes landwirtschaftlicher Produkte
61211;Index der Erzeugerpreise landwirtschaftl. Produkte;JAHR;Jahr;1977;DINSG;Deutschland insgesamt;DG;Deutschland;PROAT1;Landwirtschaftliche Produkte;LWPR-122;Getreidesaatgut;127,7;2020=100;PRE018;Erzeugerpreisindizes landwirtschaftlicher Produkte
61211;Index der Erzeugerpreise landwirtschaftl. Produkte;JAHR;Jahr;1994;DINSG;Deutschland insgesamt;DG;Deutschland;PROAT1;Landwirtschaftliche Produkte;LWPR-17;Wein;-;2020=100;PRE018;Erzeugerpreisindizes landwirtschaftlicher Produkte
61211;Index der Erzeugerpreise landwirtschaftl. Produkte;JAHR;Jahr;1971;DINSG;Deutschland insgesamt;DG;Deutschland;PROAT1;Landwirtschaftliche Produkte;LWPR-214;Geflügel;73,6;2020=100;PRE018;Erzeugerpreisindizes landwirtschaftlicher Produkte
61211;Index der Erzeugerpreise landwirtschaftl. Produkte;JAHR;Jahr;1972;DINSG;Deutschland insgesamt;DG;Deutschland;PROAT1;Landwirtschaftliche Produkte;LWPR-1521;Schnittblumen;44,3;2020=100;PRE018;Erzeugerpreisindizes landwirtschaftlicher Produkte
61211;Index der Erzeugerpreise landwirtschaftl. Produkte;JAHR;Jahr;2010;DINSG;Deutschland insgesamt;DG;Deutschland;PROAT1;Landwirtschaftliche Produkte;LWPR-21;Tiere;90,8;2020=100;PRE018;Erzeugerpreisindizes landwirtschaftlicher Produkte
61211;Index der Erzeugerpreise landwirtschaftl. Produkte;JAHR;Jahr;1997;DINSG;Deutschland insgesamt;DG;Deutschland;PROAT1;Landwirtschaftliche Produkte;LWPR-1214;Futtergerste;74,2;2020=100;PRE018;Erzeugerpreisindizes landwirtschaftlicher Produkte
61211;Index der Erzeugerpreise landwirtschaftl. Produkte;JAHR;Jahr;2004;DINSG;Deutschland insgesamt;DG;Deutschland;PROAT1;Landwirtschaftliche Produkte;LWPR-1214;Futtergerste;67,2;2020=100;PRE018;Erzeugerpreisindizes landwirtschaftlicher Produkte
61211;Index der Erzeugerpreise landwirtschaftl. Produkte;JAHR;Jahr;1972;DINSG;Deutschland insgesamt;DG;Deutschland;PROAT1;Landwirtschaftliche Produkte;LWPR-2114;Kälber;86,6;2020=100;PRE018;Erzeugerpreisindizes landwirtschaftlicher Produkte
61211;Index der Erzeugerpreise landwirtschaftl. Produkte;JAHR;Jahr;2018;DINSG;Deutschland insgesamt;DG;Deutschland;PROAT1;Landwirtschaftliche Produkte;LWPR-1;Pflanzliche Erzeugung;102,7;2020=100;PRE018;Erzeugerpreisindizes landwirtschaftlicher Produkte
61211;Index der Erzeugerpreise landwirtschaftl. Produkte;JAHR;Jahr;1991;DINSG;Deutschland insgesamt;DG;Deutschland;PROAT1;Landwirtschaftliche Produkte;LWPR-141;Speisekartoffeln;48,3;2020=100;PRE018;Erzeugerpreisindizes landwirtschaftlicher Produkte
61211;Index der Erzeugerpreise landwirtschaftl. Produkte;JAHR;Jahr;2004;DINSG;Deutschland insgesamt;DG;Deutschland;PROAT1;Landwirtschaftliche Produkte;LWPR-2113;Färsen;72,1;2020=100;PRE018;Erzeugerpreisindizes landwirtschaftlicher Produkte
61211;Index der Erzeugerpreise landwirtschaftl. Produkte;JAHR;Jahr;2018;DINSG;Deutschland insgesamt;DG;Deutschland;PROAT1;Landwirtschaftliche Produkte;LWPR-131;Raps;96,0;2020=100;PRE018;Erzeugerpreisindizes landwirtschaftlicher Produkte
61211;Index der Erzeugerpreise landwirtschaftl. Produkte;JAHR;Jahr;2017;DINSG;Deutschland insgesamt;DG;Deutschland;PROAT1;Landwirtschaftliche Produkte;LWPR-1516;Kohlgemüse;76,2;2020=100;PRE018;Erzeugerpreisindizes landwirtschaftlicher Produkte
61211;Index der Erzeugerpreise landwirtschaftl. Produkte;JAHR;Jahr;1997;DINSG;Deutschland insgesamt;DG;Deutschland;PROAT1;Landwirtschaftliche Produkte;LWPR;Erzeugung landwirtschaftlicher Produkte;83,1;2020=100;PRE018;Erzeugerpreisindizes landwirtschaftlicher Produkte
61211;Index der Erzeugerpreise landwirtschaftl. Produkte;JAHR;Jahr;2018;DINSG;Deutschland insgesamt;DG;Deutschland;PROAT1;Landwirtschaftliche Produkte;LWPR-2112;Kühe;113,2;2020=100;PRE018;Erzeugerpreisindizes landwirtschaftlicher Produkte
61211;Index der Erzeugerpreise landwirtschaftl. Produkte;JAHR;Jahr;2020;DINSG;Deutschland insgesamt;DG;Deutschland;PROAT1;Landwirtschaftliche Produkte;LWPR;Erzeugung landwirtschaftlicher Produkte;100,0;2020=100;PRE018;Erzeugerpreisindizes landwirtschaftlicher Produkte
61211;Index der Erzeugerpreise landwirtschaftl. Produkte;JAHR;Jahr;1975;DINSG;Deutschland insgesamt;DG;Deutschland;PROAT1;Landwirtschaftliche Produkte;LWPR-12;Getreide (einschließlich Saatgut);127,8;2020=100;PRE018;Erzeugerpreisindizes landwirtschaftlicher Produkte
61211;Index der Erzeugerpreise landwirtschaftl. Produkte;JAHR;Jahr;2021;DINSG;Deutschland insgesamt;DG;Deutschland;PROAT1;Landwirtschaftliche Produkte;LWPR-1522;Topfpflanzen;104,8;2020=100;PRE018;Erzeugerpreisindizes landwirtschaftlicher Produkte
61211;Index der Erzeugerpreise landwirtschaftl. Produkte;JAHR;Jahr;2019;DINSG;Deutschland insgesamt;DG;Deutschland;PROAT1;Landwirtschaftliche Produkte;LWPR-2142;Sonstiges Geflügel;102,1;2020=100;PRE018;Erzeugerpreisindizes landwirtschaftlicher Produkte
61211;Index der Erzeugerpreise landwirtschaftl. Produkte;JAHR;Jahr;1979;DINSG;Deutschland insgesamt;DG;Deutschland;PROAT1;Landwirtschaftliche Produkte;LWPR-1213;Futterweizen;124,9;2020=100;PRE018;Erzeugerpreisindizes landwirtschaftlicher Produkte
61211;Index der Erzeugerpreise landwirtschaftl. Produkte;JAHR;Jahr;2013;DINSG;Deutschland insgesamt;DG;Deutschland;PROAT1;Landwirtschaftliche Produkte;LWPR-121;Getreide;110,7;2020=100;PRE018;Erzeugerpreisindizes landwirtschaftlicher Produkte
61211;Index der Erzeugerpreise landwirtschaftl. Produkte;JAHR;Jahr;2011;DINSG;Deutschland insgesamt;DG;Deutschland;PROAT1;Landwirtschaftliche Produkte;LWPR-151;Gemüse;72,9;2020=100;PRE018;Erzeugerpreisindizes landwirtschaftlicher Produkte
61211;Index der Erzeugerpreise landwirtschaftl. Produkte;JAHR;Jahr;1991;DINSG;Deutschland insgesamt;DG;Deutschland;PROAT1;Landwirtschaftliche Produkte;LWPR-132;Zuckerrüben;132,9;2020=100;PRE018;Erzeugerpreisindizes landwirtschaftlicher Produkte
61211;Index der Erzeugerpreise landwirtschaftl. Produkte;JAHR;Jahr;1982;DINSG;Deutschland insgesamt;DG;Deutschland;PROAT1;Landwirtschaftliche Produkte;LWPR-1514;Champignons;-;2020=100;PRE018;Erzeugerpreisindizes landwirtschaftlicher Produkte
61211;Index der Erzeugerpreise landwirtschaftl. Produkte;JAHR;Jahr;2015;DINSG;Deutschland insgesamt;DG;Deutschland;PROAT1;Landwirtschaftliche Produkte;LWPR-15;Erzeugnisse des Gemüse- und Gartenbaus;87,3;2020=100;PRE018;Erzeugerpreisindizes landwirtschaftlicher Produkte
61211;Index der Erzeugerpreise landwirtschaftl. Produkte;JAHR;Jahr;2014;DINSG;Deutschland insgesamt;DG;Deutschland;PROAT1;Landwirtschaftliche Produkte;LWPR-1514;Champignons;88,9;2020=100;PRE018;Erzeugerpreisindizes landwirtschaftlicher Produkte
61211;Index der Erzeugerpreise landwirtschaftl. Produkte;JAHR;Jahr;2005;DINSG;Deutschland insgesamt;DG;Deutschland;PROAT1;Landwirtschaftliche Produkte;LWPR-122;Getreidesaatgut;71,9;2020=100;PRE018;Erzeugerpreisindizes landwirtschaftlicher Produkte
61211;Index der Erzeugerpreise landwirtschaftl. Produkte;JAHR;Jahr;2015;DINSG;Deutschland insgesamt;DG;Deutschland;PROAT1;Landwirtschaftliche Produkte;LWPR-152;Pflanzen und Blumen;90,7;2020=100;PRE018;Erzeugerpreisindizes landwirtschaftlicher Produkte
61211;Index der Erzeugerpreise landwirtschaftl. Produkte;JAHR;Jahr;2023;DINSG;Deutschland insgesamt;DG;Deutschland;PROAT1;Landwirtschaftliche Produkte;LWPR-22;Milch;136,9;2020=100;PRE018;Erzeugerpreisindizes landwirtschaftlicher Produkte
61211;Index der Erzeugerpreise landwirtschaftl. Produkte;JAHR;Jahr;1970;DINSG;Deutschland insgesamt;DG;Deutschland;PROAT1;Landwirtschaftliche Produkte;LWPR-2142;Sonstiges Geflügel;73,5;2020=100;PRE018;Erzeugerpreisindizes landwirtschaftlicher Produkte
61211;Index der Erzeugerpreise landwirtschaftl. Produkte;JAHR;Jahr;2001;DINSG;Deutschland insgesamt;DG;Deutschland;PROAT1;Landwirtschaftliche Produkte;LWPR-121;Getreide;66,9;2020=100;PRE018;Erzeugerpreisindizes landwirtschaftlicher Produkte
61211;Index der Erzeugerpreise landwirtschaftl. Produkte;JAHR;Jahr;1999;DINSG;Deutschland insgesamt;DG;Deutschland;PROAT1;Landwirtschaftliche Produkte;LWPR-15171;Eissalat;62,2;2020=100;PRE018;Erzeugerpreisindizes landwirtschaftlicher Produkte
61211;Index der Erzeugerpreise landwirtschaftl. Produkte;JAHR;Jahr;2008;DINSG;Deutschland insgesamt;DG;Deutschland;PROAT1;Landwirtschaftliche Produkte;LWPR-2;Tierische Erzeugung;99,3;2020=100;PRE018;Erzeugerpreisindizes landwirtschaftlicher Produkte
61211;Index der Erzeugerpreise landwirtschaftl. Produkte;JAHR;Jahr;2023;DINSG;Deutschland insgesamt;DG;Deutschland;PROAT1;Landwirtschaftliche Produkte;LWPR-151;Gemüse;134,8;2020=100;PRE018;Erzeugerpreisindizes landwirtschaftlicher Produkte
61211;Index der Erzeugerpreise landwirtschaftl. Produkte;JAHR;Jahr;1986;DINSG;Deutschland insgesamt;DG;Deutschland;PROAT1;Landwirtschaftliche Produkte;LWPR-1511;Blumenkohl;23,6;2020=100;PRE018;Erzeugerpreisindizes landwirtschaftlicher Produkte
61211;Index der Erzeugerpreise landwirtschaftl. Produkte;JAHR;Jahr;2020;DINSG;Deutschland insgesamt;DG;Deutschland;PROAT1;Landwirtschaftliche Produkte;LWPR-162;Erdbeeren;100,0;2020=100;PRE018;Erzeugerpreisindizes landwirtschaftlicher Produkte
61211;Index der Erzeugerpreise landwirtschaftl. Produkte;JAHR;Jahr;2010;DINSG;Deutschland insgesamt;DG;Deutschland;PROAT1;Landwirtschaftliche Produkte;LWPR-132;Zuckerrüben;110,2;2020=100;PRE018;Erzeugerpreisindizes landwirtschaftlicher Produkte
61211;Index der Erzeugerpreise landwirtschaftl. Produkte;JAHR;Jahr;2006;DINSG;Deutschland insgesamt;DG;Deutschland;PROAT1;Landwirtschaftliche Produkte;LWPR-152;Pflanzen und Blumen;84,8;2020=100;PRE018;Erzeugerpreisindizes landwirtschaftlicher Produkte
61211;Index der Erzeugerpreise landwirtschaftl. Produkte;JAHR;Jahr;2003;DINSG;Deutschland insgesamt;DG;Deutschland;PROAT1;Landwirtschaftliche Produkte;LWPR-211;Rinder;71,2;2020=100;PRE018;Erzeugerpreisindizes landwirtschaftlicher Produkte
61211;Index der Erzeugerpreise landwirtschaftl. Produkte;JAHR;Jahr;1980;DINSG;Deutschland insgesamt;DG;Deutschland;PROAT1;Landwirtschaftliche Produkte;LWPR-2141;Hähnchen;92,5;2020=100;PRE018;Erzeugerpreisindizes landwirtschaftlicher Produkte
61211;Index der Erzeugerpreise landwirtschaftl. Produkte;JAHR;Jahr;2012;DINSG;Deutschland insgesamt;DG;Deutschland;PROAT1;Landwirtschaftliche Produkte;LWPR-1213;Futterweizen;127,2;2020=100;PRE018;Erzeugerpreisindizes landwirtschaftlicher Produkte
61211;Index der Erzeugerpreise landwirtschaftl. Produkte;JAHR;Jahr;1997;DINSG;Deutschland insgesamt;DG;Deutschland;PROAT1;Landwirtschaftliche Produkte;LWPR-1521;Schnittblumen;63,4;2020=100;PRE018;Erzeugerpreisindizes landwirtschaftlicher Produkte
61211;Index der Erzeugerpreise landwirtschaftl. Produkte;JAHR;Jahr;2007;DINSG;Deutschland insgesamt;DG;Deutschland;PROAT1;Landwirtschaftliche Produkte;LWPR;Erzeugung landwirtschaftlicher Produkte;92,3;2020=100;PRE018;Erzeugerpreisindizes landwirtschaftlicher Produkte
61211;Index der Erzeugerpreise landwirtschaftl. Produkte;JAHR;Jahr;2008;DINSG;Deutschland insgesamt;DG;Deutschland;PROAT1;Landwirtschaftliche Produkte;LWPR-15;Erzeugnisse des Gemüse- und Gartenbaus;81,0;2020=100;PRE018;Erzeugerpreisindizes landwirtschaftlicher Produkte
61211;Index der Erzeugerpreise landwirtschaftl. Produkte;JAHR;Jahr;1973;DINSG;Deutschland insgesamt;DG;Deutschland;PROAT1;Landwirtschaftliche Produkte;LWPR-23;Eier;54,9;2020=100;PRE018;Erzeugerpreisindizes landwirtschaftlicher Produkte
61211;Index der Erzeugerpreise landwirtschaftl. Produkte;JAHR;Jahr;2006;DINSG;Deutschland insgesamt;DG;Deutschland;PROAT1;Landwirtschaftliche Produkte;LWPR;Erzeugung landwirtschaftlicher Produkte;82,6;2020=100;PRE018;Erzeugerpreisindizes landwirtschaftlicher Produkte
61211;Index der Erzeugerpreise landwirtschaftl. Produkte;JAHR;Jahr;1973;DINSG;Deutschland insgesamt;DG;Deutschland;PROAT1;Landwirtschaftliche Produkte;LWPR-152;Pflanzen und Blumen;49,5;2020=100;PRE018;Erzeugerpreisindizes landwirtschaftlicher Produkte
61211;Index der Erzeugerpreise landwirtschaftl. Produkte;JAHR;Jahr;2011;DINSG;Deutschland insgesamt;DG;Deutschland;PROAT1;Landwirtschaftliche Produkte;LWPR-1512;Tomaten;54,9;2020=100;PRE018;Erzeugerpreisindizes landwirtschaftlicher Produkte
61211;Index der Erzeugerpreise landwirtschaftl. Produkte;JAHR;Jahr;2006;DINSG;Deutschland insgesamt;DG;Deutschland;PROAT1;Landwirtschaftliche Produkte;LWPR-14;Kartoffeln (einschließlich Pflanzkartoffeln);53,1;2020=100;PRE018;Erzeugerpreisindizes landwirtschaftlicher Produkte
61211;Index der Erzeugerpreise landwirtschaftl. Produkte;JAHR;Jahr;1994;DINSG;Deutschland insgesamt;DG;Deutschland;PROAT1;Landwirtschaftliche Produkte;LWPR-132;Zuckerrüben;131,2;2020=100;PRE018;Erzeugerpreisindizes landwirtschaftlicher Produkte
61211;Index der Erzeugerpreise landwirtschaftl. Produkte;JAHR;Jahr;2024;DINSG;Deutschland insgesamt;DG;Deutschland;PROAT1;Landwirtschaftliche Produkte;LWPR-1;Pflanzliche Erzeugung;136,9;2020=100;PRE018;Erzeugerpreisindizes landwirtschaftlicher Produkte
61211;Index der Erzeugerpreise landwirtschaftl. Produkte;JAHR;Jahr;1972;DINSG;Deutschland insgesamt;DG;Deutschland;PROAT1;Landwirtschaftliche Produkte;LWPR-1214;Futtergerste;108,5;2020=100;PRE018;Erzeugerpreisindizes landwirtschaftlicher Produkte
61211;Index der Erzeugerpreise landwirtschaftl. Produkte;JAHR;Jahr;2020;DINSG;Deutschland insgesamt;DG;Deutschland;PROAT1;Landwirtschaftliche Produkte;LWPR-2142;Sonstiges Geflügel;100,0;2020=100;PRE018;Erzeugerpreisindizes landwirtschaftlicher Produkte
61211;Index der Erzeugerpreise landwirtschaftl. Produkte;JAHR;Jahr;1996;DINSG;Deutschland insgesamt;DG;Deutschland;PROAT1;Landwirtschaftliche Produkte;LWPR-141;Speisekartoffeln;24,7;2020=100;PRE018;Erzeugerpreisindizes landwirtschaftlicher Produkte
61211;Index der Erzeugerpreise landwirtschaftl. Produkte;JAHR;Jahr;1985;DINSG;Deutschland insgesamt;DG;Deutschland;PROAT1;Landwirtschaftliche Produkte;LWPR-1516;Kohlgemüse;-;2020=100;PRE018;Erzeugerpreisindizes landwirtschaftlicher Produkte
61211;Index der Erzeugerpreise landwirtschaftl. Produkte;JAHR;Jahr;2008;DINSG;Deutschland insgesamt;DG;Deutschland;PROAT1;Landwirtschaftliche Produkte;LWPR-1215;Braugerste;123,9;2020=100;PRE018;Erzeugerpreisindizes landwirtschaftlicher Produkte
61211;Index der Erzeugerpreise landwirtschaftl. Produkte;JAHR;Jahr;2001;DINSG;Deutschland insgesamt;DG;Deutschland;PROAT1;Landwirtschaftliche Produkte;LWPR-2142;Sonstiges Geflügel;80,3;2020=100;PRE018;Erzeugerpreisindizes landwirtschaftlicher Produkte
61211;Index der Erzeugerpreise landwirtschaftl. Produkte;JAHR;Jahr;2010;DINSG;Deutschland insgesamt;DG;Deutschland;PROAT1;Landwirtschaftliche Produkte;LWPR-1517;Salat;-;2020=100;PRE018;Erzeugerpreisindizes landwirtschaftlicher Produkte
61211;Index der Erzeugerpreise landwirtschaftl. Produkte;JAHR;Jahr;2023;DINSG;Deutschland insgesamt;DG;Deutschland;PROAT1;Landwirtschaftliche Produkte;LWPR;Erzeugung landwirtschaftlicher Produkte;141,3;2020=100;PRE018;Erzeugerpreisindizes landwirtschaftlicher Produkte
61211;Index der Erzeugerpreise landwirtschaftl. Produkte;JAHR;Jahr;2025;DINSG;Deutschland insgesamt;DG;Deutschland;PROAT1;Landwirtschaftliche Produkte;LWPR-214;Geflügel;151,3;2020=100;PRE018;Erzeugerpreisindizes landwirtschaftlicher Produkte
61211;Index der Erzeugerpreise landwirtschaftl. Produkte;JAHR;Jahr;1998;DINSG;Deutschland insgesamt;DG;Deutschland;PROAT1;Landwirtschaftliche Produkte;LWPR-121;Getreide;68,0;2020=100;PRE018;Erzeugerpreisindizes landwirtschaftlicher Produkte
61211;Index der Erzeugerpreise landwirtschaftl. Produkte;JAHR;Jahr;1972;DINSG;Deutschland insgesamt;DG;Deutschland;PROAT1;Landwirtschaftliche Produkte;LWPR-213;Schafe und Ziegen;-;2020=100;PRE018;Erzeugerpreisindizes landwirtschaftlicher Produkte
61211;Index der Erzeugerpreise landwirtschaftl. Produkte;JAHR;Jahr;2019;DINSG;Deutschland insgesamt;DG;Deutschland;PROAT1;Landwirtschaftliche Produkte;LWPR-161;Tafeläpfel;86,6;2020=100;PRE018;Erzeugerpreisindizes landwirtschaftlicher Produkte
61211;Index der Erzeugerpreise landwirtschaftl. Produkte;JAHR;Jahr;1984;DINSG;Deutschland insgesamt;DG;Deutschland;PROAT1;Landwirtschaftliche Produkte;LWPR-213;Schafe und Ziegen;70,8;2020=100;PRE018;Erzeugerpreisindizes landwirtschaftlicher Produkte
61211;Index der Erzeugerpreise landwirtschaftl. Produkte;JAHR;Jahr;2020;DINSG;Deutschland insgesamt;DG;Deutschland;PROAT1;Landwirtschaftliche Produkte;LWPR-1514;Champignons;100,0;2020=100;PRE018;Erzeugerpreisindizes landwirtschaftlicher Produkte
61211;Index der Erzeugerpreise landwirtschaftl. Produkte;JAHR;Jahr;1982;DINSG;Deutschland insgesamt;DG;Deutschland;PROAT1;Landwirtschaftliche Produkte;LWPR-2113;Färsen;108,6;2020=100;PRE018;Erzeugerpreisindizes landwirtschaftlicher Produkte
61211;Index der Erzeugerpreise landwirtschaftl. Produkte;JAHR;Jahr;2007;DINSG;Deutschland insgesamt;DG;Deutschland;PROAT1;Landwirtschaftliche Produkte;LWPR-1514;Champignons;79,5;2020=100;PRE018;Erzeugerpreisindizes landwirtschaftlicher Produkte
61211;Index der Erzeugerpreise landwirtschaftl. Produkte;JAHR;Jahr;1978;DINSG;Deutschland insgesamt;DG;Deutschland;PROAT1;Landwirtschaftliche Produkte;LWPR-1512;Tomaten;-;2020=100;PRE018;Erzeugerpreisindizes landwirtschaftlicher Produkte
61211;Index der Erzeugerpreise landwirtschaftl. Produkte;JAHR;Jahr;1996;DINSG;Deutschland insgesamt;DG;Deutschland;PROAT1;Landwirtschaftliche Produkte;LWPR;Erzeugung landwirtschaftlicher Produkte;82,1;2020=100;PRE018;Erzeugerpreisindizes landwirtschaftlicher Produkte
61211;Index der Erzeugerpreise landwirtschaftl. Produkte;JAHR;Jahr;1969;DINSG;Deutschland insgesamt;DG;Deutschland;PROAT1;Landwirtschaftliche Produkte;LWPR-2111;Jungbullen;74,5;2020=100;PRE018;Erzeugerpreisindizes landwirtschaftlicher Produkte
61211;Index der Erzeugerpreise landwirtschaftl. Produkte;JAHR;Jahr;1977;DINSG;Deutschland insgesamt;DG;Deutschland;PROAT1;Landwirtschaftliche Produkte;LWPR-1517;Salat;-;2020=100;PRE018;Erzeugerpreisindizes landwirtschaftlicher Produkte
61211;Index der Erzeugerpreise landwirtschaftl. Produkte;JAHR;Jahr;1999;DINSG;Deutschland insgesamt;DG;Deutschland;PROAT1;Landwirtschaftliche Produkte;LWPR-17;Wein;-;2020=100;PRE018;Erzeugerpreisindizes landwirtschaftlicher Produkte
61211;Index der Erzeugerpreise landwirtschaftl. Produkte;JAHR;Jahr;2009;DINSG;Deutschland insgesamt;DG;Deutschland;PROAT1;Landwirtschaftliche Produkte;LWPR-131;Raps;99,3;2020=100;PRE018;Erzeugerpreisindizes landwirtschaftlicher Produkte
61211;Index der Erzeugerpreise landwirtschaftl. Produkte;JAHR;Jahr;2011;DINSG;Deutschland insgesamt;DG;Deutschland;PROAT1;Landwirtschaftliche Produkte;LWPR-2113;Färsen;96,0;2020=100;PRE018;Erzeugerpreisindizes landwirtschaftlicher Produkte
61211;Index der Erzeugerpreise landwirtschaftl. Produkte;JAHR;Jahr;1968;DINSG;Deutschland insgesamt;DG;Deutschland;PROAT1;Landwirtschaftliche Produkte;LWPR-12;Getreide (einschließlich Saatgut);110,1;2020=100;PRE018;Erzeugerpreisindizes landwirtschaftlicher Produkte
61211;Index der Erzeugerpreise landwirtschaftl. Produkte;JAHR;Jahr;1993;DINSG;Deutschland insgesamt;DG;Deutschland;PROAT1;Landwirtschaftliche Produkte;LWPR-15;Erzeugnisse des Gemüse- und Gartenbaus;67,9;2020=100;PRE018;Erzeugerpreisindizes landwirtschaftlicher Produkte
61211;Index der Erzeugerpreise landwirtschaftl. Produkte;JAHR;Jahr;2015;DINSG;Deutschland insgesamt;DG;Deutschland;PROAT1;Landwirtschaftliche Produkte;LWPR-1522;Topfpflanzen;94,0;2020=100;PRE018;Erzeugerpreisindizes landwirtschaftlicher Produkte
61211;Index der Erzeugerpreise landwirtschaftl. Produkte;JAHR;Jahr;2025;DINSG;Deutschland insgesamt;DG;Deutschland;PROAT1;Landwirtschaftliche Produkte;LWPR-23;Eier;174,8;2020=100;PRE018;Erzeugerpreisindizes landwirtschaftlicher Produkte
61211;Index der Erzeugerpreise landwirtschaftl. Produkte;JAHR;Jahr;2022;DINSG;Deutschland insgesamt;DG;Deutschland;PROAT1;Landwirtschaftliche Produkte;LWPR-2114;Kälber;134,8;2020=100;PRE018;Erzeugerpreisindizes landwirtschaftlicher Produkte
61211;Index der Erzeugerpreise landwirtschaftl. Produkte;JAHR;Jahr;1995;DINSG;Deutschland insgesamt;DG;Deutschland;PROAT1;Landwirtschaftliche Produkte;LWPR-16;Obst;73,9;2020=100;PRE018;Erzeugerpreisindizes landwirtschaftlicher Produkte
61211;Index der Erzeugerpreise landwirtschaftl. Produkte;JAHR;Jahr;1975;DINSG;Deutschland insgesamt;DG;Deutschland;PROAT1;Landwirtschaftliche Produkte;LWPR-1216;Körnermais;128,0;2020=100;PRE018;Erzeugerpreisindizes landwirtschaftlicher Produkte
61211;Index der Erzeugerpreise landwirtschaftl. Produkte;JAHR;Jahr;1986;DINSG;Deutschland insgesamt;DG;Deutschland;PROAT1;Landwirtschaftliche Produkte;LWPR-133;Futterpflanzen;-;2020=100;PRE018;Erzeugerpreisindizes landwirtschaftlicher Produkte
61211;Index der Erzeugerpreise landwirtschaftl. Produkte;JAHR;Jahr;1990;DINSG;Deutschland insgesamt;DG;Deutschland;PROAT1;Landwirtschaftliche Produkte;LWPR-1522;Topfpflanzen;89,8;2020=100;PRE018;Erzeugerpreisindizes landwirtschaftlicher Produkte
61211;Index der Erzeugerpreise landwirtschaftl. Produkte;JAHR;Jahr;1968;DINSG;Deutschland insgesamt;DG;Deutschland;PROAT1;Landwirtschaftliche Produkte;LWPR-141;Speisekartoffeln;19,9;2020=100;PRE018;Erzeugerpreisindizes landwirtschaftlicher Produkte
61211;Index der Erzeugerpreise landwirtschaftl. Produkte;JAHR;Jahr;2016;DINSG;Deutschland insgesamt;DG;Deutschland;PROAT1;Landwirtschaftliche Produkte;LWPR-22;Milch;81,3;2020=100;PRE018;Erzeugerpreisindizes landwirtschaftlicher Produkte
61211;Index der Erzeugerpreise landwirtschaftl. Produkte;JAHR;Jahr;1969;DINSG;Deutschland insgesamt;DG;Deutschland;PROAT1;Landwirtschaftliche Produkte;LWPR-16;Obst;33,9;2020=100;PRE018;Erzeugerpreisindizes landwirtschaftlicher Produkte
61211;Index der Erzeugerpreise landwirtschaftl. Produkte;JAHR;Jahr;1974;DINSG;Deutschland insgesamt;DG;Deutschland;PROAT1;Landwirtschaftliche Produkte;LWPR-1515;Spargel;-;2020=100;PRE018;Erzeugerpreisindizes landwirtschaftlicher Produkte
61211;Index der Erzeugerpreise landwirtschaftl. Produkte;JAHR;Jahr;1997;DINSG;Deutschland insgesamt;DG;Deutschland;PROAT1;Landwirtschaftliche Produkte;LWPR-2111;Jungbullen;75,5;2020=100;PRE018;Erzeugerpreisindizes landwirtschaftlicher Produkte
61211;Index der Erzeugerpreise landwirtschaftl. Produkte;JAHR;Jahr;2007;DINSG;Deutschland insgesamt;DG;Deutschland;PROAT1;Landwirtschaftliche Produkte;LWPR-162;Erdbeeren;57,6;2020=100;PRE018;Erzeugerpreisindizes landwirtschaftlicher Produkte
61211;Index der Erzeugerpreise landwirtschaftl. Produkte;JAHR;Jahr;1969;DINSG;Deutschland insgesamt;DG;Deutschland;PROAT1;Landwirtschaftliche Produkte;LWPR-162;Erdbeeren;-;2020=100;PRE018;Erzeugerpreisindizes landwirtschaftlicher Produkte
61211;Index der Erzeugerpreise landwirtschaftl. Produkte;JAHR;Jahr;2018;DINSG;Deutschland insgesamt;DG;Deutschland;PROAT1;Landwirtschaftliche Produkte;LWPR-12;Getreide (einschließlich Saatgut);105,5;2020=100;PRE018;Erzeugerpreisindizes landwirtschaftlicher Produkte
61211;Index der Erzeugerpreise landwirtschaftl. Produkte;JAHR;Jahr;1973;DINSG;Deutschland insgesamt;DG;Deutschland;PROAT1;Landwirtschaftliche Produkte;LWPR-1;Pflanzliche Erzeugung;60,1;2020=100;PRE018;Erzeugerpreisindizes landwirtschaftlicher Produkte
61211;Index der Erzeugerpreise landwirtschaftl. Produkte;JAHR;Jahr;1976;DINSG;Deutschland insgesamt;DG;Deutschland;PROAT1;Landwirtschaftliche Produkte;LWPR-1211;Brotweizen;138,4;2020=100;PRE018;Erzeugerpreisindizes landwirtschaftlicher Produkte
61211;Index der Erzeugerpreise landwirtschaftl. Produkte;JAHR;Jahr;2007;DINSG;Deutschland insgesamt;DG;Deutschland;PROAT1;Landwirtschaftliche Produkte;LWPR-211;Rinder;87,4;2020=100;PRE018;Erzeugerpreisindizes landwirtschaftlicher Produkte
61211;Index der Erzeugerpreise landwirtschaftl. Produkte;JAHR;Jahr;1998;DINSG;Deutschland insgesamt;DG;Deutschland;PROAT1;Landwirtschaftliche Produkte;LWPR-2141;Hähnchen;74,1;2020=100;PRE018;Erzeugerpreisindizes landwirtschaftlicher Produkte
61211;Index der Erzeugerpreise landwirtschaftl. Produkte;JAHR;Jahr;2002;DINSG;Deutschland insgesamt;DG;Deutschland;PROAT1;Landwirtschaftliche Produkte;LWPR-214;Geflügel;70,8;2020=100;PRE018;Erzeugerpreisindizes landwirtschaftlicher Produkte
61211;Index der Erzeugerpreise landwirtschaftl. Produkte;JAHR;Jahr;1977;DINSG;Deutschland insgesamt;DG;Deutschland;PROAT1;Landwirtschaftliche Produkte;LWPR-13;Handelsgewächse;104,9;2020=100;PRE018;Erzeugerpreisindizes landwirtschaftlicher Produkte
61211;Index der Erzeugerpreise landwirtschaftl. Produkte;JAHR;Jahr;1989;DINSG;Deutschland insgesamt;DG;Deutschland;PROAT1;Landwirtschaftliche Produkte;LWPR-1513;Gurken;-;2020=100;PRE018;Erzeugerpreisindizes landwirtschaftlicher Produkte
61211;Index der Erzeugerpreise landwirtschaftl. Produkte;JAHR;Jahr;2023;DINSG;Deutschland insgesamt;DG;Deutschland;PROAT1;Landwirtschaftliche Produkte;LWPR-1214;Futtergerste;125,7;2020=100;PRE018;Erzeugerpreisindizes landwirtschaftlicher Produkte
61211;Index der Erzeugerpreise landwirtschaftl. Produkte;JAHR;Jahr;2008;DINSG;Deutschland insgesamt;DG;Deutschland;PROAT1;Landwirtschaftliche Produkte;LWPR-132;Zuckerrüben;89,2;2020=100;PRE018;Erzeugerpreisindizes landwirtschaftlicher Produkte
61211;Index der Erzeugerpreise landwirtschaftl. Produkte;JAHR;Jahr;2013;DINSG;Deutschland insgesamt;DG;Deutschland;PROAT1;Landwirtschaftliche Produkte;LWPR-16;Obst;88,1;2020=100;PRE018;Erzeugerpreisindizes landwirtschaftlicher Produkte
61211;Index der Erzeugerpreise landwirtschaftl. Produkte;JAHR;Jahr;2024;DINSG;Deutschland insgesamt;DG;Deutschland;PROAT1;Landwirtschaftliche Produkte;LWPR-1511;Blumenkohl;148,0;2020=100;PRE018;Erzeugerpreisindizes landwirtschaftlicher Produkte
61211;Index der Erzeugerpreise landwirtschaftl. Produkte;JAHR;Jahr;2004;DINSG;Deutschland insgesamt;DG;Deutschland;PROAT1;Landwirtschaftliche Produkte;LWPR-214;Geflügel;75,0;2020=100;PRE018;Erzeugerpreisindizes landwirtschaftlicher Produkte
61211;Index der Erzeugerpreise landwirtschaftl. Produkte;JAHR;Jahr;1991;DINSG;Deutschland insgesamt;DG;Deutschland;PROAT1;Landwirtschaftliche Produkte;LWPR-13;Handelsgewächse;134,7;2020=100;PRE018;Erzeugerpreisindizes landwirtschaftlicher Produkte
61211;Index der Erzeugerpreise landwirtschaftl. Produkte;JAHR;Jahr;1999;DINSG;Deutschland insgesamt;DG;Deutschland;PROAT1;Landwirtschaftliche Produkte;LWPR-1511;Blumenkohl;27,1;2020=100;PRE018;Erzeugerpreisindizes landwirtschaftlicher Produkte
61211;Index der Erzeugerpreise landwirtschaftl. Produkte;JAHR;Jahr;2005;DINSG;Deutschland insgesamt;DG;Deutschland;PROAT1;Landwirtschaftliche Produkte;LWPR-1;Pflanzliche Erzeugung;66,6;2020=100;PRE018;Erzeugerpreisindizes landwirtschaftlicher Produkte
61211;Index der Erzeugerpreise landwirtschaftl. Produkte;JAHR;Jahr;2003;DINSG;Deutschland insgesamt;DG;Deutschland;PROAT1;Landwirtschaftliche Produkte;LWPR-1517;Salat;-;2020=100;PRE018;Erzeugerpreisindizes landwirtschaftlicher Produkte
61211;Index der Erzeugerpreise landwirtschaftl. Produkte;JAHR;Jahr;1973;DINSG;Deutschland insgesamt;DG;Deutschland;PROAT1;Landwirtschaftliche Produkte;LWPR-1516;Kohlgemüse;-;2020=100;PRE018;Erzeugerpreisindizes landwirtschaftlicher Produkte
61211;Index der Erzeugerpreise landwirtschaftl. Produkte;JAHR;Jahr;1998;DINSG;Deutschland insgesamt;DG;Deutschland;PROAT1;Landwirtschaftliche Produkte;LWPR-1516;Kohlgemüse;-;2020=100;PRE018;Erzeugerpreisindizes landwirtschaftlicher Produkte
61211;Index der Erzeugerpreise landwirtschaftl. Produkte;JAHR;Jahr;2020;DINSG;Deutschland insgesamt;DG;Deutschland;PROAT1;Landwirtschaftliche Produkte;LWPR-1212;Brotroggen;100,0;2020=100;PRE018;Erzeugerpreisindizes landwirtschaftlicher Produkte
61211;Index der Erzeugerpreise landwirtschaftl. Produkte;JAHR;Jahr;2001;DINSG;Deutschland insgesamt;DG;Deutschland;PROAT1;Landwirtschaftliche Produkte;LWPR-161;Tafeläpfel;67,8;2020=100;PRE018;Erzeugerpreisindizes landwirtschaftlicher Produkte
61211;Index der Erzeugerpreise landwirtschaftl. Produkte;JAHR;Jahr;1974;DINSG;Deutschland insgesamt;DG;Deutschland;PROAT1;Landwirtschaftliche Produkte;LWPR-1511;Blumenkohl;21,2;2020=100;PRE018;Erzeugerpreisindizes landwirtschaftlicher Produkte
61211;Index der Erzeugerpreise landwirtschaftl. Produkte;JAHR;Jahr;2000;DINSG;Deutschland insgesamt;DG;Deutschland;PROAT1;Landwirtschaftliche Produkte;LWPR-1515;Spargel;-;2020=100;PRE018;Erzeugerpreisindizes landwirtschaftlicher Produkte
61211;Index der Erzeugerpreise landwirtschaftl. Produkte;JAHR;Jahr;2018;DINSG;Deutschland insgesamt;DG;Deutschland;PROAT1;Landwirtschaftliche Produkte;LWPR-162;Erdbeeren;80,2;2020=100;PRE018;Erzeugerpreisindizes landwirtschaftlicher Produkte
61211;Index der Erzeugerpreise landwirtschaftl. Produkte;JAHR;Jahr;2020;DINSG;Deutschland insgesamt;DG;Deutschland;PROAT1;Landwirtschaftliche Produkte;LWPR-212;Schweine;100,0;2020=100;PRE018;Erzeugerpreisindizes landwirtschaftlicher Produkte
61211;Index der Erzeugerpreise landwirtschaftl. Produkte;JAHR;Jahr;1996;DINSG;Deutschland insgesamt;DG;Deutschland;PROAT1;Landwirtschaftliche Produkte;LWPR-1215;Braugerste;101,2;2020=100;PRE018;Erzeugerpreisindizes landwirtschaftlicher Produkte
61211;Index der Erzeugerpreise landwirtschaftl. Produkte;JAHR;Jahr;2001;DINSG;Deutschland insgesamt;DG;Deutschland;PROAT1;Landwirtschaftliche Produkte;LWPR-15171;Eissalat;105,1;2020=100;PRE018;Erzeugerpreisindizes landwirtschaftlicher Produkte
61211;Index der Erzeugerpreise landwirtschaftl. Produkte;JAHR;Jahr;1990;DINSG;Deutschland insgesamt;DG;Deutschland;PROAT1;Landwirtschaftliche Produkte;LWPR-1211;Brotweizen;102,6;2020=100;PRE018;Erzeugerpreisindizes landwirtschaftlicher Produkte
61211;Index der Erzeugerpreise landwirtschaftl. Produkte;JAHR;Jahr;2018;DINSG;Deutschland insgesamt;DG;Deutschland;PROAT1;Landwirtschaftliche Produkte;LWPR-21;Tiere;97,1;2020=100;PRE018;Erzeugerpreisindizes landwirtschaftlicher Produkte
61211;Index der Erzeugerpreise landwirtschaftl. Produkte;JAHR;Jahr;1977;DINSG;Deutschland insgesamt;DG;Deutschland;PROAT1;Landwirtschaftliche Produkte;LWPR-211;Rinder;107,3;2020=100;PRE018;Erzeugerpreisindizes landwirtschaftlicher Produkte
61211;Index der Erzeugerpreise landwirtschaftl. Produkte;JAHR;Jahr;1985;DINSG;Deutschland insgesamt;DG;Deutschland;PROAT1;Landwirtschaftliche Produkte;LWPR-214;Geflügel;101,9;2020=100;PRE018;Erzeugerpreisindizes landwirtschaftlicher Produkte
61211;Index der Erzeugerpreise landwirtschaftl. Produkte;JAHR;Jahr;2006;DINSG;Deutschland insgesamt;DG;Deutschland;PROAT1;Landwirtschaftliche Produkte;LWPR-2142;Sonstiges Geflügel;77,2;2020=100;PRE018;Erzeugerpreisindizes landwirtschaftlicher Produkte
61211;Index der Erzeugerpreise landwirtschaftl. Produkte;JAHR;Jahr;2005;DINSG;Deutschland insgesamt;DG;Deutschland;PROAT1;Landwirtschaftliche Produkte;LWPR-2112;Kühe;84,5;2020=100;PRE018;Erzeugerpreisindizes landwirtschaftlicher Produkte
61211;Index der Erzeugerpreise landwirtschaftl. Produkte;JAHR;Jahr;1985;DINSG;Deutschland insgesamt;DG;Deutschland;PROAT1;Landwirtschaftliche Produkte;LWPR-1521;Schnittblumen;58,5;2020=100;PRE018;Erzeugerpreisindizes landwirtschaftlicher Produkte
61211;Index der Erzeugerpreise landwirtschaftl. Produkte;JAHR;Jahr;1970;DINSG;Deutschland insgesamt;DG;Deutschland;PROAT1;Landwirtschaftliche Produkte;LWPR-1514;Champignons;-;2020=100;PRE018;Erzeugerpreisindizes landwirtschaftlicher Produkte
61211;Index der Erzeugerpreise landwirtschaftl. Produkte;JAHR;Jahr;1968;DINSG;Deutschland insgesamt;DG;Deutschland;PROAT1;Landwirtschaftliche Produkte;LWPR-1212;Brotroggen;120,2;2020=100;PRE018;Erzeugerpreisindizes landwirtschaftlicher Produkte
61211;Index der Erzeugerpreise landwirtschaftl. Produkte;JAHR;Jahr;1989;DINSG;Deutschland insgesamt;DG;Deutschland;PROAT1;Landwirtschaftliche Produkte;LWPR-1215;Braugerste;124,2;2020=100;PRE018;Erzeugerpreisindizes landwirtschaftlicher Produkte
61211;Index der Erzeugerpreise landwirtschaftl. Produkte;JAHR;Jahr;1988;DINSG;Deutschland insgesamt;DG;Deutschland;PROAT1;Landwirtschaftliche Produkte;LWPR-12;Getreide (einschließlich Saatgut);115,8;2020=100;PRE018;Erzeugerpreisindizes landwirtschaftlicher Produkte
61211;Index der Erzeugerpreise landwirtschaftl. Produkte;JAHR;Jahr;2015;DINSG;Deutschland insgesamt;DG;Deutschland;PROAT1;Landwirtschaftliche Produkte;LWPR-1;Pflanzliche Erzeugung;91,4;2020=100;PRE018;Erzeugerpreisindizes landwirtschaftlicher Produkte
61211;Index der Erzeugerpreise landwirtschaftl. Produkte;JAHR;Jahr;2004;DINSG;Deutschland insgesamt;DG;Deutschland;PROAT1;Landwirtschaftliche Produkte;LWPR-1512;Tomaten;75,9;2020=100;PRE018;Erzeugerpreisindizes landwirtschaftlicher Produkte
61211;Index der Erzeugerpreise landwirtschaftl. Produkte;JAHR;Jahr;1979;DINSG;Deutschland insgesamt;DG;Deutschland;PROAT1;Landwirtschaftliche Produkte;LWPR-211;Rinder;105,3;2020=100;PRE018;Erzeugerpreisindizes landwirtschaftlicher Produkte
61211;Index der Erzeugerpreise landwirtschaftl. Produkte;JAHR;Jahr;1978;DINSG;Deutschland insgesamt;DG;Deutschland;PROAT1;Landwirtschaftliche Produkte;LWPR-1521;Schnittblumen;55,1;2020=100;PRE018;Erzeugerpreisindizes landwirtschaftlicher Produkte
61211;Index der Erzeugerpreise landwirtschaftl. Produkte;JAHR;Jahr;1979;DINSG;Deutschland insgesamt;DG;Deutschland;PROAT1;Landwirtschaftliche Produkte;LWPR-15;Erzeugnisse des Gemüse- und Gartenbaus;57,1;2020=100;PRE018;Erzeugerpreisindizes landwirtschaftlicher Produkte
61211;Index der Erzeugerpreise landwirtschaftl. Produkte;JAHR;Jahr;1989;DINSG;Deutschland insgesamt;DG;Deutschland;PROAT1;Landwirtschaftliche Produkte;LWPR-2112;Kühe;108,7;2020=100;PRE018;Erzeugerpreisindizes landwirtschaftlicher Produkte
61211;Index der Erzeugerpreise landwirtschaftl. Produkte;JAHR;Jahr;1974;DINSG;Deutschland insgesamt;DG;Deutschland;PROAT1;Landwirtschaftliche Produkte;LWPR-15171;Eissalat;-;2020=100;PRE018;Erzeugerpreisindizes landwirtschaftlicher Produkte
61211;Index der Erzeugerpreise landwirtschaftl. Produkte;JAHR;Jahr;2023;DINSG;Deutschland insgesamt;DG;Deutschland;PROAT1;Landwirtschaftliche Produkte;LWPR-1516;Kohlgemüse;144,8;2020=100;PRE018;Erzeugerpreisindizes landwirtschaftlicher Produkte
61211;Index der Erzeugerpreise landwirtschaftl. Produkte;JAHR;Jahr;2008;DINSG;Deutschland insgesamt;DG;Deutschland;PROAT1;Landwirtschaftliche Produkte;LWPR-15171;Eissalat;97,7;2020=100;PRE018;Erzeugerpreisindizes landwirtschaftlicher Produkte
61211;Index der Erzeugerpreise landwirtschaftl. Produkte;JAHR;Jahr;2021;DINSG;Deutschland insgesamt;DG;Deutschland;PROAT1;Landwirtschaftliche Produkte;LWPR-133;Futterpflanzen;86,0;2020=100;PRE018;Erzeugerpreisindizes landwirtschaftlicher Produkte
61211;Index der Erzeugerpreise landwirtschaftl. Produkte;JAHR;Jahr;1988;DINSG;Deutschland insgesamt;DG;Deutschland;PROAT1;Landwirtschaftliche Produkte;LWPR-211;Rinder;96,0;2020=100;PRE018;Erzeugerpreisindizes landwirtschaftlicher Produkte
61211;Index der Erzeugerpreise landwirtschaftl. Produkte;JAHR;Jahr;2008;DINSG;Deutschland insgesamt;DG;Deutschland;PROAT1;Landwirtschaftliche Produkte;LWPR-2114;Kälber;118,9;2020=100;PRE018;Erzeugerpreisindizes landwirtschaftlicher Produkte
61211;Index der Erzeugerpreise landwirtschaftl. Produkte;JAHR;Jahr;2005;DINSG;Deutschland insgesamt;DG;Deutschland;PROAT1;Landwirtschaftliche Produkte;LWPR-23;Eier;48,8;2020=100;PRE018;Erzeugerpreisindizes landwirtschaftlicher Produkte
61211;Index der Erzeugerpreise landwirtschaftl. Produkte;JAHR;Jahr;1970;DINSG;Deutschland insgesamt;DG;Deutschland;PROAT1;Landwirtschaftliche Produkte;LWPR-213;Schafe und Ziegen;-;2020=100;PRE018;Erzeugerpreisindizes landwirtschaftlicher Produkte
61211;Index der Erzeugerpreise landwirtschaftl. Produkte;JAHR;Jahr;1993;DINSG;Deutschland insgesamt;DG;Deutschland;PROAT1;Landwirtschaftliche Produkte;LWPR-1213;Futterweizen;76,1;2020=100;PRE018;Erzeugerpreisindizes landwirtschaftlicher Produkte
61211;Index der Erzeugerpreise landwirtschaftl. Produkte;JAHR;Jahr;2022;DINSG;Deutschland insgesamt;DG;Deutschland;PROAT1;Landwirtschaftliche Produkte;LWPR-212;Schweine;109,2;2020=100;PRE018;Erzeugerpreisindizes landwirtschaftlicher Produkte
61211;Index der Erzeugerpreise landwirtschaftl. Produkte;JAHR;Jahr;2006;DINSG;Deutschland insgesamt;DG;Deutschland;PROAT1;Landwirtschaftliche Produkte;LWPR-121;Getreide;67,2;2020=100;PRE018;Erzeugerpreisindizes landwirtschaftlicher Produkte
61211;Index der Erzeugerpreise landwirtschaftl. Produkte;JAHR;Jahr;2016;DINSG;Deutschland insgesamt;DG;Deutschland;PROAT1;Landwirtschaftliche Produkte;LWPR-151;Gemüse;90,6;2020=100;PRE018;Erzeugerpreisindizes landwirtschaftlicher Produkte
61211;Index der Erzeugerpreise landwirtschaftl. Produkte;JAHR;Jahr;1976;DINSG;Deutschland insgesamt;DG;Deutschland;PROAT1;Landwirtschaftliche Produkte;LWPR-214;Geflügel;90,1;2020=100;PRE018;Erzeugerpreisindizes landwirtschaftlicher Produkte
61211;Index der Erzeugerpreise landwirtschaftl. Produkte;JAHR;Jahr;1981;DINSG;Deutschland insgesamt;DG;Deutschland;PROAT1;Landwirtschaftliche Produkte;LWPR-21;Tiere;116,8;2020=100;PRE018;Erzeugerpreisindizes landwirtschaftlicher Produkte
61211;Index der Erzeugerpreise landwirtschaftl. Produkte;JAHR;Jahr;1997;DINSG;Deutschland insgesamt;DG;Deutschland;PROAT1;Landwirtschaftliche Produkte;LWPR-151;Gemüse;60,7;2020=100;PRE018;Erzeugerpreisindizes landwirtschaftlicher Produkte
61211;Index der Erzeugerpreise landwirtschaftl. Produkte;JAHR;Jahr;2013;DINSG;Deutschland insgesamt;DG;Deutschland;PROAT1;Landwirtschaftliche Produkte;LWPR-1212;Brotroggen;104,7;2020=100;PRE018;Erzeugerpreisindizes landwirtschaftlicher Produkte
61211;Index der Erzeugerpreise landwirtschaftl. Produkte;JAHR;Jahr;2013;DINSG;Deutschland insgesamt;DG;Deutschland;PROAT1;Landwirtschaftliche Produkte;LWPR-214;Geflügel;113,8;2020=100;PRE018;Erzeugerpreisindizes landwirtschaftlicher Produkte
61211;Index der Erzeugerpreise landwirtschaftl. Produkte;JAHR;Jahr;1992;DINSG;Deutschland insgesamt;DG;Deutschland;PROAT1;Landwirtschaftliche Produkte;LWPR-1512;Tomaten;-;2020=100;PRE018;Erzeugerpreisindizes landwirtschaftlicher Produkte
61211;Index der Erzeugerpreise landwirtschaftl. Produkte;JAHR;Jahr;1986;DINSG;Deutschland insgesamt;DG;Deutschland;PROAT1;Landwirtschaftliche Produkte;LWPR-1213;Futterweizen;116,9;2020=100;PRE018;Erzeugerpreisindizes landwirtschaftlicher Produkte
61211;Index der Erzeugerpreise landwirtschaftl. Produkte;JAHR;Jahr;2001;DINSG;Deutschland insgesamt;DG;Deutschland;PROAT1;Landwirtschaftliche Produkte;LWPR-1216;Körnermais;65,0;2020=100;PRE018;Erzeugerpreisindizes landwirtschaftlicher Produkte
61211;Index der Erzeugerpreise landwirtschaftl. Produkte;JAHR;Jahr;2022;DINSG;Deutschland insgesamt;DG;Deutschland;PROAT1;Landwirtschaftliche Produkte;LWPR-13;Handelsgewächse;159,0;2020=100;PRE018;Erzeugerpreisindizes landwirtschaftlicher Produkte
61211;Index der Erzeugerpreise landwirtschaftl. Produkte;JAHR;Jahr;1987;DINSG;Deutschland insgesamt;DG;Deutschland;PROAT1;Landwirtschaftliche Produkte;LWPR-121;Getreide;123,9;2020=100;PRE018;Erzeugerpreisindizes landwirtschaftlicher Produkte
61211;Index der Erzeugerpreise landwirtschaftl. Produkte;JAHR;Jahr;1975;DINSG;Deutschland insgesamt;DG;Deutschland;PROAT1;Landwirtschaftliche Produkte;LWPR-152;Pflanzen und Blumen;53,4;2020=100;PRE018;Erzeugerpreisindizes landwirtschaftlicher Produkte
61211;Index der Erzeugerpreise landwirtschaftl. Produkte;JAHR;Jahr;2023;DINSG;Deutschland insgesamt;DG;Deutschland;PROAT1;Landwirtschaftliche Produkte;LWPR-133;Futterpflanzen;121,8;2020=100;PRE018;Erzeugerpreisindizes landwirtschaftlicher Produkte
61211;Index der Erzeugerpreise landwirtschaftl. Produkte;JAHR;Jahr;1973;DINSG;Deutschland insgesamt;DG;Deutschland;PROAT1;Landwirtschaftliche Produkte;LWPR-2113;Färsen;85,0;2020=100;PRE018;Erzeugerpreisindizes landwirtschaftlicher Produkte
61211;Index der Erzeugerpreise landwirtschaftl. Produkte;JAHR;Jahr;1971;DINSG;Deutschland insgesamt;DG;Deutschland;PROAT1;Landwirtschaftliche Produkte;LWPR-1215;Braugerste;118,7;2020=100;PRE018;Erzeugerpreisindizes landwirtschaftlicher Produkte
61211;Index der Erzeugerpreise landwirtschaftl. Produkte;JAHR;Jahr;1980;DINSG;Deutschland insgesamt;DG;Deutschland;PROAT1;Landwirtschaftliche Produkte;LWPR-1516;Kohlgemüse;-;2020=100;PRE018;Erzeugerpreisindizes landwirtschaftlicher Produkte
61211;Index der Erzeugerpreise landwirtschaftl. Produkte;JAHR;Jahr;2017;DINSG;Deutschland insgesamt;DG;Deutschland;PROAT1;Landwirtschaftliche Produkte;LWPR-17;Wein;-;2020=100;PRE018;Erzeugerpreisindizes landwirtschaftlicher Produkte
61211;Index der Erzeugerpreise landwirtschaftl. Produkte;JAHR;Jahr;1984;DINSG;Deutschland insgesamt;DG;Deutschland;PROAT1;Landwirtschaftliche Produkte;LWPR-22;Milch;95,1;2020=100;PRE018;Erzeugerpreisindizes landwirtschaftlicher Produkte
61211;Index der Erzeugerpreise landwirtschaftl. Produkte;JAHR;Jahr;2018;DINSG;Deutschland insgesamt;DG;Deutschland;PROAT1;Landwirtschaftliche Produkte;LWPR-1515;Spargel;82,2;2020=100;PRE018;Erzeugerpreisindizes landwirtschaftlicher Produkte
61211;Index der Erzeugerpreise landwirtschaftl. Produkte;JAHR;Jahr;2005;DINSG;Deutschland insgesamt;DG;Deutschland;PROAT1;Landwirtschaftliche Produkte;LWPR-1213;Futterweizen;52,1;2020=100;PRE018;Erzeugerpreisindizes landwirtschaftlicher Produkte
61211;Index der Erzeugerpreise landwirtschaftl. Produkte;JAHR;Jahr;1970;DINSG;Deutschland insgesamt;DG;Deutschland;PROAT1;Landwirtschaftliche Produkte;LWPR-22;Milch;54,9;2020=100;PRE018;Erzeugerpreisindizes landwirtschaftlicher Produkte
61211;Index der Erzeugerpreise landwirtschaftl. Produkte;JAHR;Jahr;1999;DINSG;Deutschland insgesamt;DG;Deutschland;PROAT1;Landwirtschaftliche Produkte;LWPR-151;Gemüse;57,9;2020=100;PRE018;Erzeugerpreisindizes landwirtschaftlicher Produkte
61211;Index der Erzeugerpreise landwirtschaftl. Produkte;JAHR;Jahr;1971;DINSG;Deutschland insgesamt;DG;Deutschland;PROAT1;Landwirtschaftliche Produkte;LWPR-1522;Topfpflanzen;60,8;2020=100;PRE018;Erzeugerpreisindizes landwirtschaftlicher Produkte
61211;Index der Erzeugerpreise landwirtschaftl. Produkte;JAHR;Jahr;2019;DINSG;Deutschland insgesamt;DG;Deutschland;PROAT1;Landwirtschaftliche Produkte;LWPR-1216;Körnermais;92,0;2020=100;PRE018;Erzeugerpreisindizes landwirtschaftlicher Produkte
61211;Index der Erzeugerpreise landwirtschaftl. Produkte;JAHR;Jahr;2002;DINSG;Deutschland insgesamt;DG;Deutschland;PROAT1;Landwirtschaftliche Produkte;LWPR-13;Handelsgewächse;102,5;2020=100;PRE018;Erzeugerpreisindizes landwirtschaftlicher Produkte
61211;Index der Erzeugerpreise landwirtschaftl. Produkte;JAHR;Jahr;2016;DINSG;Deutschland insgesamt;DG;Deutschland;PROAT1;Landwirtschaftliche Produkte;LWPR-1214;Futtergerste;83,2;2020=100;PRE018;Erzeugerpreisindizes landwirtschaftlicher Produkte
61211;Index der Erzeugerpreise landwirtschaftl. Produkte;JAHR;Jahr;1995;DINSG;Deutschland insgesamt;DG;Deutschland;PROAT1;Landwirtschaftliche Produkte;LWPR-1514;Champignons;74,4;2020=100;PRE018;Erzeugerpreisindizes landwirtschaftlicher Produkte
61211;Index der Erzeugerpreise landwirtschaftl. Produkte;JAHR;Jahr;2011;DINSG;Deutschland insgesamt;DG;Deutschland;PROAT1;Landwirtschaftliche Produkte;LWPR-214;Geflügel;107,5;2020=100;PRE018;Erzeugerpreisindizes landwirtschaftlicher Produkte
61211;Index der Erzeugerpreise landwirtschaftl. Produkte;JAHR;Jahr;1982;DINSG;Deutschland insgesamt;DG;Deutschland;PROAT1;Landwirtschaftliche Produkte;LWPR-1216;Körnermais;156,3;2020=100;PRE018;Erzeugerpreisindizes landwirtschaftlicher Produkte
61211;Index der Erzeugerpreise landwirtschaftl. Produkte;JAHR;Jahr;1995;DINSG;Deutschland insgesamt;DG;Deutschland;PROAT1;Landwirtschaftliche Produkte;LWPR-133;Futterpflanzen;-;2020=100;PRE018;Erzeugerpreisindizes landwirtschaftlicher Produkte
61211;Index der Erzeugerpreise landwirtschaftl. Produkte;JAHR;Jahr;2008;DINSG;Deutschland insgesamt;DG;Deutschland;PROAT1;Landwirtschaftliche Produkte;LWPR-1522;Topfpflanzen;88,2;2020=100;PRE018;Erzeugerpreisindizes landwirtschaftlicher Produkte
61211;Index der Erzeugerpreise landwirtschaftl. Produkte;JAHR;Jahr;1983;DINSG;Deutschland insgesamt;DG;Deutschland;PROAT1;Landwirtschaftliche Produkte;LWPR-1211;Brotweizen;146,8;2020=100;PRE018;Erzeugerpreisindizes landwirtschaftlicher Produkte
61211;Index der Erzeugerpreise landwirtschaftl. Produkte;JAHR;Jahr;2015;DINSG;Deutschland insgesamt;DG;Deutschland;PROAT1;Landwirtschaftliche Produkte;LWPR-1513;Gurken;96,1;2020=100;PRE018;Erzeugerpreisindizes landwirtschaftlicher Produkte
61211;Index der Erzeugerpreise landwirtschaftl. Produkte;JAHR;Jahr;1981;DINSG;Deutschland insgesamt;DG;Deutschland;PROAT1;Landwirtschaftliche Produkte;LWPR-1511;Blumenkohl;27,7;2020=100;PRE018;Erzeugerpreisindizes landwirtschaftlicher Produkte
61211;Index der Erzeugerpreise landwirtschaftl. Produkte;JAHR;Jahr;1989;DINSG;Deutschland insgesamt;DG;Deutschland;PROAT1;Landwirtschaftliche Produkte;LWPR-121;Getreide;109,7;2020=100;PRE018;Erzeugerpreisindizes landwirtschaftlicher Produkte
61211;Index der Erzeugerpreise landwirtschaftl. Produkte;JAHR;Jahr;2002;DINSG;Deutschland insgesamt;DG;Deutschland;PROAT1;Landwirtschaftliche Produkte;LWPR-1211;Brotweizen;60,4;2020=100;PRE018;Erzeugerpreisindizes landwirtschaftlicher Produkte
61211;Index der Erzeugerpreise landwirtschaftl. Produkte;JAHR;Jahr;2009;DINSG;Deutschland insgesamt;DG;Deutschland;PROAT1;Landwirtschaftliche Produkte;LWPR-1;Pflanzliche Erzeugung;69,5;2020=100;PRE018;Erzeugerpreisindizes landwirtschaftlicher Produkte
61211;Index der Erzeugerpreise landwirtschaftl. Produkte;JAHR;Jahr;1971;DINSG;Deutschland insgesamt;DG;Deutschland;PROAT1;Landwirtschaftliche Produkte;LWPR-2141;Hähnchen;72,1;2020=100;PRE018;Erzeugerpreisindizes landwirtschaftlicher Produkte
61211;Index der Erzeugerpreise landwirtschaftl. Produkte;JAHR;Jahr;2016;DINSG;Deutschland insgesamt;DG;Deutschland;PROAT1;Landwirtschaftliche Produkte;LWPR-17;Wein;-;2020=100;PRE018;Erzeugerpreisindizes landwirtschaftlicher Produkte
61211;Index der Erzeugerpreise landwirtschaftl. Produkte;JAHR;Jahr;2023;DINSG;Deutschland insgesamt;DG;Deutschland;PROAT1;Landwirtschaftliche Produkte;LWPR-13;Handelsgewächse;142,5;2020=100;PRE018;Erzeugerpreisindizes landwirtschaftlicher Produkte
61211;Index der Erzeugerpreise landwirtschaftl. Produkte;JAHR;Jahr;1968;DINSG;Deutschland insgesamt;DG;Deutschland;PROAT1;Landwirtschaftliche Produkte;LWPR-15171;Eissalat;-;2020=100;PRE018;Erzeugerpreisindizes landwirtschaftlicher Produkte
61211;Index der Erzeugerpreise landwirtschaftl. Produkte;JAHR;Jahr;1988;DINSG;Deutschland insgesamt;DG;Deutschland;PROAT1;Landwirtschaftliche Produkte;LWPR-1523;Baumschulerzeugnisse;79,0;2020=100;PRE018;Erzeugerpreisindizes landwirtschaftlicher Produkte
61211;Index der Erzeugerpreise landwirtschaftl. Produkte;JAHR;Jahr;1970;DINSG;Deutschland insgesamt;DG;Deutschland;PROAT1;Landwirtschaftliche Produkte;LWPR-2111;Jungbullen;71,4;2020=100;PRE018;Erzeugerpreisindizes landwirtschaftlicher Produkte
61211;Index der Erzeugerpreise landwirtschaftl. Produkte;JAHR;Jahr;2003;DINSG;Deutschland insgesamt;DG;Deutschland;PROAT1;Landwirtschaftliche Produkte;LWPR-161;Tafeläpfel;84,1;2020=100;PRE018;Erzeugerpreisindizes landwirtschaftlicher Produkte
61211;Index der Erzeugerpreise landwirtschaftl. Produkte;JAHR;Jahr;1996;DINSG;Deutschland insgesamt;DG;Deutschland;PROAT1;Landwirtschaftliche Produkte;LWPR-1;Pflanzliche Erzeugung;75,1;2020=100;PRE018;Erzeugerpreisindizes landwirtschaftlicher Produkte
61211;Index der Erzeugerpreise landwirtschaftl. Produkte;JAHR;Jahr;1985;DINSG;Deutschland insgesamt;DG;Deutschland;PROAT1;Landwirtschaftliche Produkte;LWPR-1512;Tomaten;-;2020=100;PRE018;Erzeugerpreisindizes landwirtschaftlicher Produkte
61211;Index der Erzeugerpreise landwirtschaftl. Produkte;JAHR;Jahr;2006;DINSG;Deutschland insgesamt;DG;Deutschland;PROAT1;Landwirtschaftliche Produkte;LWPR-1212;Brotroggen;71,0;2020=100;PRE018;Erzeugerpreisindizes landwirtschaftlicher Produkte
61211;Index der Erzeugerpreise landwirtschaftl. Produkte;JAHR;Jahr;1972;DINSG;Deutschland insgesamt;DG;Deutschland;PROAT1;Landwirtschaftliche Produkte;LWPR-133;Futterpflanzen;-;2020=100;PRE018;Erzeugerpreisindizes landwirtschaftlicher Produkte
61211;Index der Erzeugerpreise landwirtschaftl. Produkte;JAHR;Jahr;1975;DINSG;Deutschland insgesamt;DG;Deutschland;PROAT1;Landwirtschaftliche Produkte;LWPR-16;Obst;60,3;2020=100;PRE018;Erzeugerpreisindizes landwirtschaftlicher Produkte
61211;Index der Erzeugerpreise landwirtschaftl. Produkte;JAHR;Jahr;1970;DINSG;Deutschland insgesamt;DG;Deutschland;PROAT1;Landwirtschaftliche Produkte;LWPR-1523;Baumschulerzeugnisse;31,0;2020=100;PRE018;Erzeugerpreisindizes landwirtschaftlicher Produkte
61211;Index der Erzeugerpreise landwirtschaftl. Produkte;JAHR;Jahr;1988;DINSG;Deutschland insgesamt;DG;Deutschland;PROAT1;Landwirtschaftliche Produkte;LWPR-21;Tiere;90,6;2020=100;PRE018;Erzeugerpreisindizes landwirtschaftlicher Produkte
61211;Index der Erzeugerpreise landwirtschaftl. Produkte;JAHR;Jahr;2011;DINSG;Deutschland insgesamt;DG;Deutschland;PROAT1;Landwirtschaftliche Produkte;LWPR-1;Pflanzliche Erzeugung;95,9;2020=100;PRE018;Erzeugerpreisindizes landwirtschaftlicher Produkte
61211;Index der Erzeugerpreise landwirtschaftl. Produkte;JAHR;Jahr;1996;DINSG;Deutschland insgesamt;DG;Deutschland;PROAT1;Landwirtschaftliche Produkte;LWPR-1522;Topfpflanzen;94,8;2020=100;PRE018;Erzeugerpreisindizes landwirtschaftlicher Produkte
61211;Index der Erzeugerpreise landwirtschaftl. Produkte;JAHR;Jahr;1982;DINSG;Deutschland insgesamt;DG;Deutschland;PROAT1;Landwirtschaftliche Produkte;LWPR-1212;Brotroggen;161,4;2020=100;PRE018;Erzeugerpreisindizes landwirtschaftlicher Produkte
61211;Index der Erzeugerpreise landwirtschaftl. Produkte;JAHR;Jahr;1978;DINSG;Deutschland insgesamt;DG;Deutschland;PROAT1;Landwirtschaftliche Produkte;LWPR-13;Handelsgewächse;108,8;2020=100;PRE018;Erzeugerpreisindizes landwirtschaftlicher Produkte
61211;Index der Erzeugerpreise landwirtschaftl. Produkte;JAHR;Jahr;2012;DINSG;Deutschland insgesamt;DG;Deutschland;PROAT1;Landwirtschaftliche Produkte;LWPR-1511;Blumenkohl;67,1;2020=100;PRE018;Erzeugerpreisindizes landwirtschaftlicher Produkte
61211;Index der Erzeugerpreise landwirtschaftl. Produkte;JAHR;Jahr;1991;DINSG;Deutschland insgesamt;DG;Deutschland;PROAT1;Landwirtschaftliche Produkte;LWPR-22;Milch;92,6;2020=100;PRE018;Erzeugerpreisindizes landwirtschaftlicher Produkte
61211;Index der Erzeugerpreise landwirtschaftl. Produkte;JAHR;Jahr;1984;DINSG;Deutschland insgesamt;DG;Deutschland;PROAT1;Landwirtschaftliche Produkte;LWPR-1517;Salat;-;2020=100;PRE018;Erzeugerpreisindizes landwirtschaftlicher Produkte
61211;Index der Erzeugerpreise landwirtschaftl. Produkte;JAHR;Jahr;2005;DINSG;Deutschland insgesamt;DG;Deutschland;PROAT1;Landwirtschaftliche Produkte;LWPR-14;Kartoffeln (einschließlich Pflanzkartoffeln);29,1;2020=100;PRE018;Erzeugerpreisindizes landwirtschaftlicher Produkte
61211;Index der Erzeugerpreise landwirtschaftl. Produkte;JAHR;Jahr;1988;DINSG;Deutschland insgesamt;DG;Deutschland;PROAT1;Landwirtschaftliche Produkte;LWPR-1514;Champignons;-;2020=100;PRE018;Erzeugerpreisindizes landwirtschaftlicher Produkte
61211;Index der Erzeugerpreise landwirtschaftl. Produkte;JAHR;Jahr;2009;DINSG;Deutschland insgesamt;DG;Deutschland;PROAT1;Landwirtschaftliche Produkte;LWPR-1214;Futtergerste;62,5;2020=100;PRE018;Erzeugerpreisindizes landwirtschaftlicher Produkte
61211;Index der Erzeugerpreise landwirtschaftl. Produkte;JAHR;Jahr;2019;DINSG;Deutschland insgesamt;DG;Deutschland;PROAT1;Landwirtschaftliche Produkte;LWPR-1523;Baumschulerzeugnisse;97,1;2020=100;PRE018;Erzeugerpreisindizes landwirtschaftlicher Produkte
61211;Index der Erzeugerpreise landwirtschaftl. Produkte;JAHR;Jahr;1995;DINSG;Deutschland insgesamt;DG;Deutschland;PROAT1;Landwirtschaftliche Produkte;LWPR-12;Getreide (einschließlich Saatgut);78,5;2020=100;PRE018;Erzeugerpreisindizes landwirtschaftlicher Produkte
61211;Index der Erzeugerpreise landwirtschaftl. Produkte;JAHR;Jahr;2002;DINSG;Deutschland insgesamt;DG;Deutschland;PROAT1;Landwirtschaftliche Produkte;LWPR-151;Gemüse;71,4;2020=100;PRE018;Erzeugerpreisindizes landwirtschaftlicher Produkte
61211;Index der Erzeugerpreise landwirtschaftl. Produkte;JAHR;Jahr;2014;DINSG;Deutschland insgesamt;DG;Deutschland;PROAT1;Landwirtschaftliche Produkte;LWPR-133;Futterpflanzen;-;2020=100;PRE018;Erzeugerpreisindizes landwirtschaftlicher Produkte
61211;Index der Erzeugerpreise landwirtschaftl. Produkte;JAHR;Jahr;2021;DINSG;Deutschland insgesamt;DG;Deutschland;PROAT1;Landwirtschaftliche Produkte;LWPR-2141;Hähnchen;114,9;2020=100;PRE018;Erzeugerpreisindizes landwirtschaftlicher Produkte
61211;Index der Erzeugerpreise landwirtschaftl. Produkte;JAHR;Jahr;2012;DINSG;Deutschland insgesamt;DG;Deutschland;PROAT1;Landwirtschaftliche Produkte;LWPR-14;Kartoffeln (einschließlich Pflanzkartoffeln);45,6;2020=100;PRE018;Erzeugerpreisindizes landwirtschaftlicher Produkte
61211;Index der Erzeugerpreise landwirtschaftl. Produkte;JAHR;Jahr;1971;DINSG;Deutschland insgesamt;DG;Deutschland;PROAT1;Landwirtschaftliche Produkte;LWPR-15;Erzeugnisse des Gemüse- und Gartenbaus;38,5;2020=100;PRE018;Erzeugerpreisindizes landwirtschaftlicher Produkte
61211;Index der Erzeugerpreise landwirtschaftl. Produkte;JAHR;Jahr;2001;DINSG;Deutschland insgesamt;DG;Deutschland;PROAT1;Landwirtschaftliche Produkte;LWPR-1523;Baumschulerzeugnisse;89,2;2020=100;PRE018;Erzeugerpreisindizes landwirtschaftlicher Produkte
61211;Index der Erzeugerpreise landwirtschaftl. Produkte;JAHR;Jahr;1988;DINSG;Deutschland insgesamt;DG;Deutschland;PROAT1;Landwirtschaftliche Produkte;LWPR-122;Getreidesaatgut;112,7;2020=100;PRE018;Erzeugerpreisindizes landwirtschaftlicher Produkte
61211;Index der Erzeugerpreise landwirtschaftl. Produkte;JAHR;Jahr;2020;DINSG;Deutschland insgesamt;DG;Deutschland;PROAT1;Landwirtschaftliche Produkte;LWPR-1523;Baumschulerzeugnisse;100,0;2020=100;PRE018;Erzeugerpreisindizes landwirtschaftlicher Produkte
61211;Index der Erzeugerpreise landwirtschaftl. Produkte;JAHR;Jahr;1992;DINSG;Deutschland insgesamt;DG;Deutschland;PROAT1;Landwirtschaftliche Produkte;LWPR-15;Erzeugnisse des Gemüse- und Gartenbaus;67,8;2020=100;PRE018;Erzeugerpreisindizes landwirtschaftlicher Produkte
61211;Index der Erzeugerpreise landwirtschaftl. Produkte;JAHR;Jahr;2015;DINSG;Deutschland insgesamt;DG;Deutschland;PROAT1;Landwirtschaftliche Produkte;LWPR-2114;Kälber;117,6;2020=100;PRE018;Erzeugerpreisindizes landwirtschaftlicher Produkte
61211;Index der Erzeugerpreise landwirtschaftl. Produkte;JAHR;Jahr;1986;DINSG;Deutschland insgesamt;DG;Deutschland;PROAT1;Landwirtschaftliche Produkte;LWPR-213;Schafe und Ziegen;66,7;2020=100;PRE018;Erzeugerpreisindizes landwirtschaftlicher Produkte
61211;Index der Erzeugerpreise landwirtschaftl. Produkte;JAHR;Jahr;1990;DINSG;Deutschland insgesamt;DG;Deutschland;PROAT1;Landwirtschaftliche Produkte;LWPR-131;Raps;147,5;2020=100;PRE018;Erzeugerpreisindizes landwirtschaftlicher Produkte
61211;Index der Erzeugerpreise landwirtschaftl. Produkte;JAHR;Jahr;1991;DINSG;Deutschland insgesamt;DG;Deutschland;PROAT1;Landwirtschaftliche Produkte;LWPR-1517;Salat;-;2020=100;PRE018;Erzeugerpreisindizes landwirtschaftlicher Produkte
61211;Index der Erzeugerpreise landwirtschaftl. Produkte;JAHR;Jahr;2012;DINSG;Deutschland insgesamt;DG;Deutschland;PROAT1;Landwirtschaftliche Produkte;LWPR-2112;Kühe;122,6;2020=100;PRE018;Erzeugerpreisindizes landwirtschaftlicher Produkte
61211;Index der Erzeugerpreise landwirtschaftl. Produkte;JAHR;Jahr;1974;DINSG;Deutschland insgesamt;DG;Deutschland;PROAT1;Landwirtschaftliche Produkte;LWPR-12;Getreide (einschließlich Saatgut);117,3;2020=100;PRE018;Erzeugerpreisindizes landwirtschaftlicher Produkte
61211;Index der Erzeugerpreise landwirtschaftl. Produkte;JAHR;Jahr;2015;DINSG;Deutschland insgesamt;DG;Deutschland;PROAT1;Landwirtschaftliche Produkte;LWPR-121;Getreide;94,2;2020=100;PRE018;Erzeugerpreisindizes landwirtschaftlicher Produkte
61211;Index der Erzeugerpreise landwirtschaftl. Produkte;JAHR;Jahr;1981;DINSG;Deutschland insgesamt;DG;Deutschland;PROAT1;Landwirtschaftliche Produkte;LWPR-133;Futterpflanzen;-;2020=100;PRE018;Erzeugerpreisindizes landwirtschaftlicher Produkte
61211;Index der Erzeugerpreise landwirtschaftl. Produkte;JAHR;Jahr;2019;DINSG;Deutschland insgesamt;DG;Deutschland;PROAT1;Landwirtschaftliche Produkte;LWPR-23;Eier;96,3;2020=100;PRE018;Erzeugerpreisindizes landwirtschaftlicher Produkte
61211;Index der Erzeugerpreise landwirtschaftl. Produkte;JAHR;Jahr;1975;DINSG;Deutschland insgesamt;DG;Deutschland;PROAT1;Landwirtschaftliche Produkte;LWPR-161;Tafeläpfel;-;2020=100;PRE018;Erzeugerpreisindizes landwirtschaftlicher Produkte
61211;Index der Erzeugerpreise landwirtschaftl. Produkte;JAHR;Jahr;1998;DINSG;Deutschland insgesamt;DG;Deutschland;PROAT1;Landwirtschaftliche Produkte;LWPR-152;Pflanzen und Blumen;82,7;2020=100;PRE018;Erzeugerpreisindizes landwirtschaftlicher Produkte
61211;Index der Erzeugerpreise landwirtschaftl. Produkte;JAHR;Jahr;2025;DINSG;Deutschland insgesamt;DG;Deutschland;PROAT1;Landwirtschaftliche Produkte;LWPR-151;Gemüse;122,8;2020=100;PRE018;Erzeugerpreisindizes landwirtschaftlicher Produkte
61211;Index der Erzeugerpreise landwirtschaftl. Produkte;JAHR;Jahr;2011;DINSG;Deutschland insgesamt;DG;Deutschland;PROAT1;Landwirtschaftliche Produkte;LWPR-1516;Kohlgemüse;-;2020=100;PRE018;Erzeugerpreisindizes landwirtschaftlicher Produkte
61211;Index der Erzeugerpreise landwirtschaftl. Produkte;JAHR;Jahr;2023;DINSG;Deutschland insgesamt;DG;Deutschland;PROAT1;Landwirtschaftliche Produkte;LWPR-2113;Färsen;140,9;2020=100;PRE018;Erzeugerpreisindizes landwirtschaftlicher Produkte
61211;Index der Erzeugerpreise landwirtschaftl. Produkte;JAHR;Jahr;1982;DINSG;Deutschland insgesamt;DG;Deutschland;PROAT1;Landwirtschaftliche Produkte;LWPR-141;Speisekartoffeln;37,0;2020=100;PRE018;Erzeugerpreisindizes landwirtschaftlicher Produkte
61211;Index der Erzeugerpreise landwirtschaftl. Produkte;JAHR;Jahr;1968;DINSG;Deutschland insgesamt;DG;Deutschland;PROAT1;Landwirtschaftliche Produkte;LWPR-16;Obst;30,1;2020=100;PRE018;Erzeugerpreisindizes landwirtschaftlicher Produkte
61211;Index der Erzeugerpreise landwirtschaftl. Produkte;JAHR;Jahr;2016;DINSG;Deutschland insgesamt;DG;Deutschland;PROAT1;Landwirtschaftliche Produkte;LWPR-1521;Schnittblumen;83,2;2020=100;PRE018;Erzeugerpreisindizes landwirtschaftlicher Produkte
61211;Index der Erzeugerpreise landwirtschaftl. Produkte;JAHR;Jahr;2005;DINSG;Deutschland insgesamt;DG;Deutschland;PROAT1;Landwirtschaftliche Produkte;LWPR-1511;Blumenkohl;31,0;2020=100;PRE018;Erzeugerpreisindizes landwirtschaftlicher Produkte
61211;Index der Erzeugerpreise landwirtschaftl. Produkte;JAHR;Jahr;2022;DINSG;Deutschland insgesamt;DG;Deutschland;PROAT1;Landwirtschaftliche Produkte;LWPR-1517;Salat;131,4;2020=100;PRE018;Erzeugerpreisindizes landwirtschaftlicher Produkte
61211;Index der Erzeugerpreise landwirtschaftl. Produkte;JAHR;Jahr;2005;DINSG;Deutschland insgesamt;DG;Deutschland;PROAT1;Landwirtschaftliche Produkte;LWPR-211;Rinder;84,9;2020=100;PRE018;Erzeugerpreisindizes landwirtschaftlicher Produkte
61211;Index der Erzeugerpreise landwirtschaftl. Produkte;JAHR;Jahr;1999;DINSG;Deutschland insgesamt;DG;Deutschland;PROAT1;Landwirtschaftliche Produkte;LWPR-13;Handelsgewächse;87,2;2020=100;PRE018;Erzeugerpreisindizes landwirtschaftlicher Produkte
61211;Index der Erzeugerpreise landwirtschaftl. Produkte;JAHR;Jahr;2009;DINSG;Deutschland insgesamt;DG;Deutschland;PROAT1;Landwirtschaftliche Produkte;LWPR-15;Erzeugnisse des Gemüse- und Gartenbaus;76,0;2020=100;PRE018;Erzeugerpreisindizes landwirtschaftlicher Produkte
61211;Index der Erzeugerpreise landwirtschaftl. Produkte;JAHR;Jahr;2013;DINSG;Deutschland insgesamt;DG;Deutschland;PROAT1;Landwirtschaftliche Produkte;LWPR-2142;Sonstiges Geflügel;107,6;2020=100;PRE018;Erzeugerpreisindizes landwirtschaftlicher Produkte
61211;Index der Erzeugerpreise landwirtschaftl. Produkte;JAHR;Jahr;1986;DINSG;Deutschland insgesamt;DG;Deutschland;PROAT1;Landwirtschaftliche Produkte;LWPR-15171;Eissalat;-;2020=100;PRE018;Erzeugerpreisindizes landwirtschaftlicher Produkte
61211;Index der Erzeugerpreise landwirtschaftl. Produkte;JAHR;Jahr;2007;DINSG;Deutschland insgesamt;DG;Deutschland;PROAT1;Landwirtschaftliche Produkte;LWPR-131;Raps;112,2;2020=100;PRE018;Erzeugerpreisindizes landwirtschaftlicher Produkte
61211;Index der Erzeugerpreise landwirtschaftl. Produkte;JAHR;Jahr;1996;DINSG;Deutschland insgesamt;DG;Deutschland;PROAT1;Landwirtschaftliche Produkte;LWPR-2112;Kühe;72,8;2020=100;PRE018;Erzeugerpreisindizes landwirtschaftlicher Produkte
61211;Index der Erzeugerpreise landwirtschaftl. Produkte;JAHR;Jahr;1983;DINSG;Deutschland insgesamt;DG;Deutschland;PROAT1;Landwirtschaftliche Produkte;LWPR-1;Pflanzliche Erzeugung;97,0;2020=100;PRE018;Erzeugerpreisindizes landwirtschaftlicher Produkte
61211;Index der Erzeugerpreise landwirtschaftl. Produkte;JAHR;Jahr;1981;DINSG;Deutschland insgesamt;DG;Deutschland;PROAT1;Landwirtschaftliche Produkte;LWPR-2114;Kälber;94,7;2020=100;PRE018;Erzeugerpreisindizes landwirtschaftlicher Produkte
61211;Index der Erzeugerpreise landwirtschaftl. Produkte;JAHR;Jahr;2008;DINSG;Deutschland insgesamt;DG;Deutschland;PROAT1;Landwirtschaftliche Produkte;LWPR-1513;Gurken;93,9;2020=100;PRE018;Erzeugerpreisindizes landwirtschaftlicher Produkte
61211;Index der Erzeugerpreise landwirtschaftl. Produkte;JAHR;Jahr;1983;DINSG;Deutschland insgesamt;DG;Deutschland;PROAT1;Landwirtschaftliche Produkte;LWPR-151;Gemüse;60,7;2020=100;PRE018;Erzeugerpreisindizes landwirtschaftlicher Produkte
61211;Index der Erzeugerpreise landwirtschaftl. Produkte;JAHR;Jahr;1978;DINSG;Deutschland insgesamt;DG;Deutschland;PROAT1;Landwirtschaftliche Produkte;LWPR-212;Schweine;117,2;2020=100;PRE018;Erzeugerpreisindizes landwirtschaftlicher Produkte
61211;Index der Erzeugerpreise landwirtschaftl. Produkte;JAHR;Jahr;1973;DINSG;Deutschland insgesamt;DG;Deutschland;PROAT1;Landwirtschaftliche Produkte;LWPR-121;Getreide;109,2;2020=100;PRE018;Erzeugerpreisindizes landwirtschaftlicher Produkte
61211;Index der Erzeugerpreise landwirtschaftl. Produkte;JAHR;Jahr;1975;DINSG;Deutschland insgesamt;DG;Deutschland;PROAT1;Landwirtschaftliche Produkte;LWPR-1212;Brotroggen;142,3;2020=100;PRE018;Erzeugerpreisindizes landwirtschaftlicher Produkte
61211;Index der Erzeugerpreise landwirtschaftl. Produkte;JAHR;Jahr;1997;DINSG;Deutschland insgesamt;DG;Deutschland;PROAT1;Landwirtschaftliche Produkte;LWPR-2142;Sonstiges Geflügel;78,9;2020=100;PRE018;Erzeugerpreisindizes landwirtschaftlicher Produkte
61211;Index der Erzeugerpreise landwirtschaftl. Produkte;JAHR;Jahr;1996;DINSG;Deutschland insgesamt;DG;Deutschland;PROAT1;Landwirtschaftliche Produkte;LWPR-132;Zuckerrüben;117,9;2020=100;PRE018;Erzeugerpreisindizes landwirtschaftlicher Produkte
61211;Index der Erzeugerpreise landwirtschaftl. Produkte;JAHR;Jahr;2024;DINSG;Deutschland insgesamt;DG;Deutschland;PROAT1;Landwirtschaftliche Produkte;LWPR-1213;Futterweizen;106,4;2020=100;PRE018;Erzeugerpreisindizes landwirtschaftlicher Produkte
61211;Index der Erzeugerpreise landwirtschaftl. Produkte;JAHR;Jahr;2020;DINSG;Deutschland insgesamt;DG;Deutschland;PROAT1;Landwirtschaftliche Produkte;LWPR-2111;Jungbullen;100,0;2020=100;PRE018;Erzeugerpreisindizes landwirtschaftlicher Produkte
61211;Index der Erzeugerpreise landwirtschaftl. Produkte;JAHR;Jahr;1985;DINSG;Deutschland insgesamt;DG;Deutschland;PROAT1;Landwirtschaftliche Produkte;LWPR-2111;Jungbullen;101,8;2020=100;PRE018;Erzeugerpreisindizes landwirtschaftlicher Produkte
61211;Index der Erzeugerpreise landwirtschaftl. Produkte;JAHR;Jahr;2008;DINSG;Deutschland insgesamt;DG;Deutschland;PROAT1;Landwirtschaftliche Produkte;LWPR-141;Speisekartoffeln;37,9;2020=100;PRE018;Erzeugerpreisindizes landwirtschaftlicher Produkte
61211;Index der Erzeugerpreise landwirtschaftl. Produkte;JAHR;Jahr;2024;DINSG;Deutschland insgesamt;DG;Deutschland;PROAT1;Landwirtschaftliche Produkte;LWPR-141;Speisekartoffeln;214,3;2020=100;PRE018;Erzeugerpreisindizes landwirtschaftlicher Produkte
61211;Index der Erzeugerpreise landwirtschaftl. Produkte;JAHR;Jahr;2009;DINSG;Deutschland insgesamt;DG;Deutschland;PROAT1;Landwirtschaftliche Produkte;LWPR-162;Erdbeeren;36,7;2020=100;PRE018;Erzeugerpreisindizes landwirtschaftlicher Produkte
61211;Index der Erzeugerpreise landwirtschaftl. Produkte;JAHR;Jahr;1986;DINSG;Deutschland insgesamt;DG;Deutschland;PROAT1;Landwirtschaftliche Produkte;LWPR-2141;Hähnchen;93,9;2020=100;PRE018;Erzeugerpreisindizes landwirtschaftlicher Produkte
61211;Index der Erzeugerpreise landwirtschaftl. Produkte;JAHR;Jahr;2022;DINSG;Deutschland insgesamt;DG;Deutschland;PROAT1;Landwirtschaftliche Produkte;LWPR-22;Milch;159,5;2020=100;PRE018;Erzeugerpreisindizes landwirtschaftlicher Produkte
61211;Index der Erzeugerpreise landwirtschaftl. Produkte;JAHR;Jahr;2001;DINSG;Deutschland insgesamt;DG;Deutschland;PROAT1;Landwirtschaftliche Produkte;LWPR-152;Pflanzen und Blumen;81,8;2020=100;PRE018;Erzeugerpreisindizes landwirtschaftlicher Produkte
61211;Index der Erzeugerpreise landwirtschaftl. Produkte;JAHR;Jahr;1977;DINSG;Deutschland insgesamt;DG;Deutschland;PROAT1;Landwirtschaftliche Produkte;LWPR-1513;Gurken;-;2020=100;PRE018;Erzeugerpreisindizes landwirtschaftlicher Produkte
61211;Index der Erzeugerpreise landwirtschaftl. Produkte;JAHR;Jahr;1994;DINSG;Deutschland insgesamt;DG;Deutschland;PROAT1;Landwirtschaftliche Produkte;LWPR-212;Schweine;87,5;2020=100;PRE018;Erzeugerpreisindizes landwirtschaftlicher Produkte
61211;Index der Erzeugerpreise landwirtschaftl. Produkte;JAHR;Jahr;2021;DINSG;Deutschland insgesamt;DG;Deutschland;PROAT1;Landwirtschaftliche Produkte;LWPR-1211;Brotweizen;128,8;2020=100;PRE018;Erzeugerpreisindizes landwirtschaftlicher Produkte
61211;Index der Erzeugerpreise landwirtschaftl. Produkte;JAHR;Jahr;1999;DINSG;Deutschland insgesamt;DG;Deutschland;PROAT1;Landwirtschaftliche Produkte;LWPR-2114;Kälber;101,9;2020=100;PRE018;Erzeugerpreisindizes landwirtschaftlicher Produkte
61211;Index der Erzeugerpreise landwirtschaftl. Produkte;JAHR;Jahr;1971;DINSG;Deutschland insgesamt;DG;Deutschland;PROAT1;Landwirtschaftliche Produkte;LWPR;Erzeugung landwirtschaftlicher Produkte;66,8;2020=100;PRE018;Erzeugerpreisindizes landwirtschaftlicher Produkte
61211;Index der Erzeugerpreise landwirtschaftl. Produkte;JAHR;Jahr;1982;DINSG;Deutschland insgesamt;DG;Deutschland;PROAT1;Landwirtschaftliche Produkte;LWPR-16;Obst;74,0;2020=100;PRE018;Erzeugerpreisindizes landwirtschaftlicher Produkte
61211;Index der Erzeugerpreise landwirtschaftl. Produkte;JAHR;Jahr;1989;DINSG;Deutschland insgesamt;DG;Deutschland;PROAT1;Landwirtschaftliche Produkte;LWPR-16;Obst;66,3;2020=100;PRE018;Erzeugerpreisindizes landwirtschaftlicher Produkte
61211;Index der Erzeugerpreise landwirtschaftl. Produkte;JAHR;Jahr;1978;DINSG;Deutschland insgesamt;DG;Deutschland;PROAT1;Landwirtschaftliche Produkte;LWPR-1214;Futtergerste;136,8;2020=100;PRE018;Erzeugerpreisindizes landwirtschaftlicher Produkte
61211;Index der Erzeugerpreise landwirtschaftl. Produkte;JAHR;Jahr;1996;DINSG;Deutschland insgesamt;DG;Deutschland;PROAT1;Landwirtschaftliche Produkte;LWPR-16;Obst;79,1;2020=100;PRE018;Erzeugerpreisindizes landwirtschaftlicher Produkte
61211;Index der Erzeugerpreise landwirtschaftl. Produkte;JAHR;Jahr;2020;DINSG;Deutschland insgesamt;DG;Deutschland;PROAT1;Landwirtschaftliche Produkte;LWPR-15;Erzeugnisse des Gemüse- und Gartenbaus;100,0;2020=100;PRE018;Erzeugerpreisindizes landwirtschaftlicher Produkte
61211;Index der Erzeugerpreise landwirtschaftl. Produkte;JAHR;Jahr;2020;DINSG;Deutschland insgesamt;DG;Deutschland;PROAT1;Landwirtschaftliche Produkte;LWPR-133;Futterpflanzen;100,0;2020=100;PRE018;Erzeugerpreisindizes landwirtschaftlicher Produkte
61211;Index der Erzeugerpreise landwirtschaftl. Produkte;JAHR;Jahr;1991;DINSG;Deutschland insgesamt;DG;Deutschland;PROAT1;Landwirtschaftliche Produkte;LWPR-1523;Baumschulerzeugnisse;82,8;2020=100;PRE018;Erzeugerpreisindizes landwirtschaftlicher Produkte
61211;Index der Erzeugerpreise landwirtschaftl. Produkte;JAHR;Jahr;2007;DINSG;Deutschland insgesamt;DG;Deutschland;PROAT1;Landwirtschaftliche Produkte;LWPR-15171;Eissalat;85,7;2020=100;PRE018;Erzeugerpreisindizes landwirtschaftlicher Produkte
61211;Index der Erzeugerpreise landwirtschaftl. Produkte;JAHR;Jahr;2016;DINSG;Deutschland insgesamt;DG;Deutschland;PROAT1;Landwirtschaftliche Produkte;LWPR-131;Raps;96,7;2020=100;PRE018;Erzeugerpreisindizes landwirtschaftlicher Produkte
61211;Index der Erzeugerpreise landwirtschaftl. Produkte;JAHR;Jahr;1994;DINSG;Deutschland insgesamt;DG;Deutschland;PROAT1;Landwirtschaftliche Produkte;LWPR-1514;Champignons;-;2020=100;PRE018;Erzeugerpreisindizes landwirtschaftlicher Produkte
61211;Index der Erzeugerpreise landwirtschaftl. Produkte;JAHR;Jahr;1987;DINSG;Deutschland insgesamt;DG;Deutschland;PROAT1;Landwirtschaftliche Produkte;LWPR-15;Erzeugnisse des Gemüse- und Gartenbaus;64,7;2020=100;PRE018;Erzeugerpreisindizes landwirtschaftlicher Produkte
61211;Index der Erzeugerpreise landwirtschaftl. Produkte;JAHR;Jahr;2001;DINSG;Deutschland insgesamt;DG;Deutschland;PROAT1;Landwirtschaftliche Produkte;LWPR-213;Schafe und Ziegen;72,8;2020=100;PRE018;Erzeugerpreisindizes landwirtschaftlicher Produkte
61211;Index der Erzeugerpreise landwirtschaftl. Produkte;JAHR;Jahr;2013;DINSG;Deutschland insgesamt;DG;Deutschland;PROAT1;Landwirtschaftliche Produkte;LWPR-2113;Färsen;112,5;2020=100;PRE018;Erzeugerpreisindizes landwirtschaftlicher Produkte
61211;Index der Erzeugerpreise landwirtschaftl. Produkte;JAHR;Jahr;1980;DINSG;Deutschland insgesamt;DG;Deutschland;PROAT1;Landwirtschaftliche Produkte;LWPR-1513;Gurken;-;2020=100;PRE018;Erzeugerpreisindizes landwirtschaftlicher Produkte
61211;Index der Erzeugerpreise landwirtschaftl. Produkte;JAHR;Jahr;2007;DINSG;Deutschland insgesamt;DG;Deutschland;PROAT1;Landwirtschaftliche Produkte;LWPR-132;Zuckerrüben;95,5;2020=100;PRE018;Erzeugerpreisindizes landwirtschaftlicher Produkte
61211;Index der Erzeugerpreise landwirtschaftl. Produkte;JAHR;Jahr;1981;DINSG;Deutschland insgesamt;DG;Deutschland;PROAT1;Landwirtschaftliche Produkte;LWPR-13;Handelsgewächse;126,4;2020=100;PRE018;Erzeugerpreisindizes landwirtschaftlicher Produkte
61211;Index der Erzeugerpreise landwirtschaftl. Produkte;JAHR;Jahr;2005;DINSG;Deutschland insgesamt;DG;Deutschland;PROAT1;Landwirtschaftliche Produkte;LWPR-214;Geflügel;73,3;2020=100;PRE018;Erzeugerpreisindizes landwirtschaftlicher Produkte
61211;Index der Erzeugerpreise landwirtschaftl. Produkte;JAHR;Jahr;1979;DINSG;Deutschland insgesamt;DG;Deutschland;PROAT1;Landwirtschaftliche Produkte;LWPR-121;Getreide;135,7;2020=100;PRE018;Erzeugerpreisindizes landwirtschaftlicher Produkte
61211;Index der Erzeugerpreise landwirtschaftl. Produkte;JAHR;Jahr;1998;DINSG;Deutschland insgesamt;DG;Deutschland;PROAT1;Landwirtschaftliche Produkte;LWPR-23;Eier;41,8;2020=100;PRE018;Erzeugerpreisindizes landwirtschaftlicher Produkte
61211;Index der Erzeugerpreise landwirtschaftl. Produkte;JAHR;Jahr;1977;DINSG;Deutschland insgesamt;DG;Deutschland;PROAT1;Landwirtschaftliche Produkte;LWPR-1216;Körnermais;139,1;2020=100;PRE018;Erzeugerpreisindizes landwirtschaftlicher Produkte
61211;Index der Erzeugerpreise landwirtschaftl. Produkte;JAHR;Jahr;1969;DINSG;Deutschland insgesamt;DG;Deutschland;PROAT1;Landwirtschaftliche Produkte;LWPR-1513;Gurken;-;2020=100;PRE018;Erzeugerpreisindizes landwirtschaftlicher Produkte
61211;Index der Erzeugerpreise landwirtschaftl. Produkte;JAHR;Jahr;2016;DINSG;Deutschland insgesamt;DG;Deutschland;PROAT1;Landwirtschaftliche Produkte;LWPR-1511;Blumenkohl;73,7;2020=100;PRE018;Erzeugerpreisindizes landwirtschaftlicher Produkte
61211;Index der Erzeugerpreise landwirtschaftl. Produkte;JAHR;Jahr;1992;DINSG;Deutschland insgesamt;DG;Deutschland;PROAT1;Landwirtschaftliche Produkte;LWPR-2111;Jungbullen;86,8;2020=100;PRE018;Erzeugerpreisindizes landwirtschaftlicher Produkte
61211;Index der Erzeugerpreise landwirtschaftl. Produkte;JAHR;Jahr;2024;DINSG;Deutschland insgesamt;DG;Deutschland;PROAT1;Landwirtschaftliche Produkte;LWPR-17;Wein;111,8;2020=100;PRE018;Erzeugerpreisindizes landwirtschaftlicher Produkte
61211;Index der Erzeugerpreise landwirtschaftl. Produkte;JAHR;Jahr;1976;DINSG;Deutschland insgesamt;DG;Deutschland;PROAT1;Landwirtschaftliche Produkte;LWPR-151;Gemüse;55,8;2020=100;PRE018;Erzeugerpreisindizes landwirtschaftlicher Produkte
61211;Index der Erzeugerpreise landwirtschaftl. Produkte;JAHR;Jahr;2024;DINSG;Deutschland insgesamt;DG;Deutschland;PROAT1;Landwirtschaftliche Produkte;LWPR-1214;Futtergerste;107,8;2020=100;PRE018;Erzeugerpreisindizes landwirtschaftlicher Produkte
61211;Index der Erzeugerpreise landwirtschaftl. Produkte;JAHR;Jahr;2003;DINSG;Deutschland insgesamt;DG;Deutschland;PROAT1;Landwirtschaftliche Produkte;LWPR-131;Raps;90,0;2020=100;PRE018;Erzeugerpreisindizes landwirtschaftlicher Produkte
61211;Index der Erzeugerpreise landwirtschaftl. Produkte;JAHR;Jahr;1988;DINSG;Deutschland insgesamt;DG;Deutschland;PROAT1;Landwirtschaftliche Produkte;LWPR-16;Obst;62,8;2020=100;PRE018;Erzeugerpreisindizes landwirtschaftlicher Produkte
61211;Index der Erzeugerpreise landwirtschaftl. Produkte;JAHR;Jahr;2000;DINSG;Deutschland insgesamt;DG;Deutschland;PROAT1;Landwirtschaftliche Produkte;LWPR-161;Tafeläpfel;62,8;2020=100;PRE018;Erzeugerpreisindizes landwirtschaftlicher Produkte
61211;Index der Erzeugerpreise landwirtschaftl. Produkte;JAHR;Jahr;2004;DINSG;Deutschland insgesamt;DG;Deutschland;PROAT1;Landwirtschaftliche Produkte;LWPR-162;Erdbeeren;84,1;2020=100;PRE018;Erzeugerpreisindizes landwirtschaftlicher Produkte
61211;Index der Erzeugerpreise landwirtschaftl. Produkte;JAHR;Jahr;1983;DINSG;Deutschland insgesamt;DG;Deutschland;PROAT1;Landwirtschaftliche Produkte;LWPR-13;Handelsgewächse;135,9;2020=100;PRE018;Erzeugerpreisindizes landwirtschaftlicher Produkte
61211;Index der Erzeugerpreise landwirtschaftl. Produkte;JAHR;Jahr;1971;DINSG;Deutschland insgesamt;DG;Deutschland;PROAT1;Landwirtschaftliche Produkte;LWPR-1212;Brotroggen;113,4;2020=100;PRE018;Erzeugerpreisindizes landwirtschaftlicher Produkte
61211;Index der Erzeugerpreise landwirtschaftl. Produkte;JAHR;Jahr;2005;DINSG;Deutschland insgesamt;DG;Deutschland;PROAT1;Landwirtschaftliche Produkte;LWPR-1523;Baumschulerzeugnisse;90,7;2020=100;PRE018;Erzeugerpreisindizes landwirtschaftlicher Produkte
61211;Index der Erzeugerpreise landwirtschaftl. Produkte;JAHR;Jahr;1982;DINSG;Deutschland insgesamt;DG;Deutschland;PROAT1;Landwirtschaftliche Produkte;LWPR-214;Geflügel;100,7;2020=100;PRE018;Erzeugerpreisindizes landwirtschaftlicher Produkte
61211;Index der Erzeugerpreise landwirtschaftl. Produkte;JAHR;Jahr;1989;DINSG;Deutschland insgesamt;DG;Deutschland;PROAT1;Landwirtschaftliche Produkte;LWPR-162;Erdbeeren;50,7;2020=100;PRE018;Erzeugerpreisindizes landwirtschaftlicher Produkte
61211;Index der Erzeugerpreise landwirtschaftl. Produkte;JAHR;Jahr;1985;DINSG;Deutschland insgesamt;DG;Deutschland;PROAT1;Landwirtschaftliche Produkte;LWPR-161;Tafeläpfel;-;2020=100;PRE018;Erzeugerpreisindizes landwirtschaftlicher Produkte
61211;Index der Erzeugerpreise landwirtschaftl. Produkte;JAHR;Jahr;1994;DINSG;Deutschland insgesamt;DG;Deutschland;PROAT1;Landwirtschaftliche Produkte;LWPR-21;Tiere;86,0;2020=100;PRE018;Erzeugerpreisindizes landwirtschaftlicher Produkte
61211;Index der Erzeugerpreise landwirtschaftl. Produkte;JAHR;Jahr;2008;DINSG;Deutschland insgesamt;DG;Deutschland;PROAT1;Landwirtschaftliche Produkte;LWPR-1514;Champignons;81,1;2020=100;PRE018;Erzeugerpreisindizes landwirtschaftlicher Produkte
61211;Index der Erzeugerpreise landwirtschaftl. Produkte;JAHR;Jahr;1979;DINSG;Deutschland insgesamt;DG;Deutschland;PROAT1;Landwirtschaftliche Produkte;LWPR-1517;Salat;-;2020=100;PRE018;Erzeugerpreisindizes landwirtschaftlicher Produkte
61211;Index der Erzeugerpreise landwirtschaftl. Produkte;JAHR;Jahr;1998;DINSG;Deutschland insgesamt;DG;Deutschland;PROAT1;Landwirtschaftliche Produkte;LWPR-1511;Blumenkohl;23,8;2020=100;PRE018;Erzeugerpreisindizes landwirtschaftlicher Produkte
61211;Index der Erzeugerpreise landwirtschaftl. Produkte;JAHR;Jahr;1982;DINSG;Deutschland insgesamt;DG;Deutschland;PROAT1;Landwirtschaftliche Produkte;LWPR-2142;Sonstiges Geflügel;109,1;2020=100;PRE018;Erzeugerpreisindizes landwirtschaftlicher Produkte
61211;Index der Erzeugerpreise landwirtschaftl. Produkte;JAHR;Jahr;1985;DINSG;Deutschland insgesamt;DG;Deutschland;PROAT1;Landwirtschaftliche Produkte;LWPR-1213;Futterweizen;116,4;2020=100;PRE018;Erzeugerpreisindizes landwirtschaftlicher Produkte
61211;Index der Erzeugerpreise landwirtschaftl. Produkte;JAHR;Jahr;1999;DINSG;Deutschland insgesamt;DG;Deutschland;PROAT1;Landwirtschaftliche Produkte;LWPR-1214;Futtergerste;69,7;2020=100;PRE018;Erzeugerpreisindizes landwirtschaftlicher Produkte
61211;Index der Erzeugerpreise landwirtschaftl. Produkte;JAHR;Jahr;1997;DINSG;Deutschland insgesamt;DG;Deutschland;PROAT1;Landwirtschaftliche Produkte;LWPR-15171;Eissalat;76,0;2020=100;PRE018;Erzeugerpreisindizes landwirtschaftlicher Produkte
61211;Index der Erzeugerpreise landwirtschaftl. Produkte;JAHR;Jahr;2017;DINSG;Deutschland insgesamt;DG;Deutschland;PROAT1;Landwirtschaftliche Produkte;LWPR-151;Gemüse;87,1;2020=100;PRE018;Erzeugerpreisindizes landwirtschaftlicher Produkte
61211;Index der Erzeugerpreise landwirtschaftl. Produkte;JAHR;Jahr;1989;DINSG;Deutschland insgesamt;DG;Deutschland;PROAT1;Landwirtschaftliche Produkte;LWPR-15;Erzeugnisse des Gemüse- und Gartenbaus;63,4;2020=100;PRE018;Erzeugerpreisindizes landwirtschaftlicher Produkte
61211;Index der Erzeugerpreise landwirtschaftl. Produkte;JAHR;Jahr;1974;DINSG;Deutschland insgesamt;DG;Deutschland;PROAT1;Landwirtschaftliche Produkte;LWPR-2112;Kühe;98,8;2020=100;PRE018;Erzeugerpreisindizes landwirtschaftlicher Produkte
61211;Index der Erzeugerpreise landwirtschaftl. Produkte;JAHR;Jahr;2002;DINSG;Deutschland insgesamt;DG;Deutschland;PROAT1;Landwirtschaftliche Produkte;LWPR-1216;Körnermais;61,1;2020=100;PRE018;Erzeugerpreisindizes landwirtschaftlicher Produkte
61211;Index der Erzeugerpreise landwirtschaftl. Produkte;JAHR;Jahr;2007;DINSG;Deutschland insgesamt;DG;Deutschland;PROAT1;Landwirtschaftliche Produkte;LWPR-2141;Hähnchen;87,8;2020=100;PRE018;Erzeugerpreisindizes landwirtschaftlicher Produkte
61211;Index der Erzeugerpreise landwirtschaftl. Produkte;JAHR;Jahr;2006;DINSG;Deutschland insgesamt;DG;Deutschland;PROAT1;Landwirtschaftliche Produkte;LWPR-1213;Futterweizen;64,3;2020=100;PRE018;Erzeugerpreisindizes landwirtschaftlicher Produkte
61211;Index der Erzeugerpreise landwirtschaftl. Produkte;JAHR;Jahr;2012;DINSG;Deutschland insgesamt;DG;Deutschland;PROAT1;Landwirtschaftliche Produkte;LWPR-152;Pflanzen und Blumen;93,2;2020=100;PRE018;Erzeugerpreisindizes landwirtschaftlicher Produkte
61211;Index der Erzeugerpreise landwirtschaftl. Produkte;JAHR;Jahr;1984;DINSG;Deutschland insgesamt;DG;Deutschland;PROAT1;Landwirtschaftliche Produkte;LWPR-132;Zuckerrüben;140,2;2020=100;PRE018;Erzeugerpreisindizes landwirtschaftlicher Produkte
61211;Index der Erzeugerpreise landwirtschaftl. Produkte;JAHR;Jahr;1988;DINSG;Deutschland insgesamt;DG;Deutschland;PROAT1;Landwirtschaftliche Produkte;LWPR-131;Raps;145,7;2020=100;PRE018;Erzeugerpreisindizes landwirtschaftlicher Produkte
61211;Index der Erzeugerpreise landwirtschaftl. Produkte;JAHR;Jahr;1975;DINSG;Deutschland insgesamt;DG;Deutschland;PROAT1;Landwirtschaftliche Produkte;LWPR-17;Wein;-;2020=100;PRE018;Erzeugerpreisindizes landwirtschaftlicher Produkte
61211;Index der Erzeugerpreise landwirtschaftl. Produkte;JAHR;Jahr;1970;DINSG;Deutschland insgesamt;DG;Deutschland;PROAT1;Landwirtschaftliche Produkte;LWPR-1522;Topfpflanzen;60,4;2020=100;PRE018;Erzeugerpreisindizes landwirtschaftlicher Produkte
61211;Index der Erzeugerpreise landwirtschaftl. Produkte;JAHR;Jahr;1973;DINSG;Deutschland insgesamt;DG;Deutschland;PROAT1;Landwirtschaftliche Produkte;LWPR-1513;Gurken;-;2020=100;PRE018;Erzeugerpreisindizes landwirtschaftlicher Produkte
61211;Index der Erzeugerpreise landwirtschaftl. Produkte;JAHR;Jahr;1969;DINSG;Deutschland insgesamt;DG;Deutschland;PROAT1;Landwirtschaftliche Produkte;LWPR-213;Schafe und Ziegen;-;2020=100;PRE018;Erzeugerpreisindizes landwirtschaftlicher Produkte
61211;Index der Erzeugerpreise landwirtschaftl. Produkte;JAHR;Jahr;1981;DINSG;Deutschland insgesamt;DG;Deutschland;PROAT1;Landwirtschaftliche Produkte;LWPR-1216;Körnermais;151,9;2020=100;PRE018;Erzeugerpreisindizes landwirtschaftlicher Produkte
61211;Index der Erzeugerpreise landwirtschaftl. Produkte;JAHR;Jahr;1984;DINSG;Deutschland insgesamt;DG;Deutschland;PROAT1;Landwirtschaftliche Produkte;LWPR-2114;Kälber;94,7;2020=100;PRE018;Erzeugerpreisindizes landwirtschaftlicher Produkte
61211;Index der Erzeugerpreise landwirtschaftl. Produkte;JAHR;Jahr;1975;DINSG;Deutschland insgesamt;DG;Deutschland;PROAT1;Landwirtschaftliche Produkte;LWPR-133;Futterpflanzen;-;2020=100;PRE018;Erzeugerpreisindizes landwirtschaftlicher Produkte
61211;Index der Erzeugerpreise landwirtschaftl. Produkte;JAHR;Jahr;1990;DINSG;Deutschland insgesamt;DG;Deutschland;PROAT1;Landwirtschaftliche Produkte;LWPR-1517;Salat;-;2020=100;PRE018;Erzeugerpreisindizes landwirtschaftlicher Produkte
61211;Index der Erzeugerpreise landwirtschaftl. Produkte;JAHR;Jahr;1989;DINSG;Deutschland insgesamt;DG;Deutschland;PROAT1;Landwirtschaftliche Produkte;LWPR-15171;Eissalat;-;2020=100;PRE018;Erzeugerpreisindizes landwirtschaftlicher Produkte
61211;Index der Erzeugerpreise landwirtschaftl. Produkte;JAHR;Jahr;2011;DINSG;Deutschland insgesamt;DG;Deutschland;PROAT1;Landwirtschaftliche Produkte;LWPR-2141;Hähnchen;118,5;2020=100;PRE018;Erzeugerpreisindizes landwirtschaftlicher Produkte
61211;Index der Erzeugerpreise landwirtschaftl. Produkte;JAHR;Jahr;2012;DINSG;Deutschland insgesamt;DG;Deutschland;PROAT1;Landwirtschaftliche Produkte;LWPR-1514;Champignons;78,2;2020=100;PRE018;Erzeugerpreisindizes landwirtschaftlicher Produkte
61211;Index der Erzeugerpreise landwirtschaftl. Produkte;JAHR;Jahr;2025;DINSG;Deutschland insgesamt;DG;Deutschland;PROAT1;Landwirtschaftliche Produkte;LWPR-141;Speisekartoffeln;119,1;2020=100;PRE018;Erzeugerpreisindizes landwirtschaftlicher Produkte
61211;Index der Erzeugerpreise landwirtschaftl. Produkte;JAHR;Jahr;2012;DINSG;Deutschland insgesamt;DG;Deutschland;PROAT1;Landwirtschaftliche Produkte;LWPR-2;Tierische Erzeugung;104,9;2020=100;PRE018;Erzeugerpreisindizes landwirtschaftlicher Produkte
61211;Index der Erzeugerpreise landwirtschaftl. Produkte;JAHR;Jahr;2020;DINSG;Deutschland insgesamt;DG;Deutschland;PROAT1;Landwirtschaftliche Produkte;LWPR-2113;Färsen;100,0;2020=100;PRE018;Erzeugerpreisindizes landwirtschaftlicher Produkte
61211;Index der Erzeugerpreise landwirtschaftl. Produkte;JAHR;Jahr;1992;DINSG;Deutschland insgesamt;DG;Deutschland;PROAT1;Landwirtschaftliche Produkte;LWPR-1213;Futterweizen;92,8;2020=100;PRE018;Erzeugerpreisindizes landwirtschaftlicher Produkte
61211;Index der Erzeugerpreise landwirtschaftl. Produkte;JAHR;Jahr;1986;DINSG;Deutschland insgesamt;DG;Deutschland;PROAT1;Landwirtschaftliche Produkte;LWPR-1517;Salat;-;2020=100;PRE018;Erzeugerpreisindizes landwirtschaftlicher Produkte
61211;Index der Erzeugerpreise landwirtschaftl. Produkte;JAHR;Jahr;1987;DINSG;Deutschland insgesamt;DG;Deutschland;PROAT1;Landwirtschaftliche Produkte;LWPR-1523;Baumschulerzeugnisse;76,9;2020=100;PRE018;Erzeugerpreisindizes landwirtschaftlicher Produkte
61211;Index der Erzeugerpreise landwirtschaftl. Produkte;JAHR;Jahr;2010;DINSG;Deutschland insgesamt;DG;Deutschland;PROAT1;Landwirtschaftliche Produkte;LWPR-1213;Futterweizen;82,1;2020=100;PRE018;Erzeugerpreisindizes landwirtschaftlicher Produkte
61211;Index der Erzeugerpreise landwirtschaftl. Produkte;JAHR;Jahr;2023;DINSG;Deutschland insgesamt;DG;Deutschland;PROAT1;Landwirtschaftliche Produkte;LWPR-1511;Blumenkohl;126,1;2020=100;PRE018;Erzeugerpreisindizes landwirtschaftlicher Produkte
61211;Index der Erzeugerpreise landwirtschaftl. Produkte;JAHR;Jahr;1979;DINSG;Deutschland insgesamt;DG;Deutschland;PROAT1;Landwirtschaftliche Produkte;LWPR-2141;Hähnchen;89,0;2020=100;PRE018;Erzeugerpreisindizes landwirtschaftlicher Produkte
61211;Index der Erzeugerpreise landwirtschaftl. Produkte;JAHR;Jahr;2004;DINSG;Deutschland insgesamt;DG;Deutschland;PROAT1;Landwirtschaftliche Produkte;LWPR-1517;Salat;-;2020=100;PRE018;Erzeugerpreisindizes landwirtschaftlicher Produkte
61211;Index der Erzeugerpreise landwirtschaftl. Produkte;JAHR;Jahr;1989;DINSG;Deutschland insgesamt;DG;Deutschland;PROAT1;Landwirtschaftliche Produkte;LWPR-2;Tierische Erzeugung;99,5;2020=100;PRE018;Erzeugerpreisindizes landwirtschaftlicher Produkte
61211;Index der Erzeugerpreise landwirtschaftl. Produkte;JAHR;Jahr;2004;DINSG;Deutschland insgesamt;DG;Deutschland;PROAT1;Landwirtschaftliche Produkte;LWPR-21;Tiere;83,2;2020=100;PRE018;Erzeugerpreisindizes landwirtschaftlicher Produkte
61211;Index der Erzeugerpreise landwirtschaftl. Produkte;JAHR;Jahr;1974;DINSG;Deutschland insgesamt;DG;Deutschland;PROAT1;Landwirtschaftliche Produkte;LWPR-211;Rinder;91,3;2020=100;PRE018;Erzeugerpreisindizes landwirtschaftlicher Produkte
61211;Index der Erzeugerpreise landwirtschaftl. Produkte;JAHR;Jahr;1997;DINSG;Deutschland insgesamt;DG;Deutschland;PROAT1;Landwirtschaftliche Produkte;LWPR-121;Getreide;72,6;2020=100;PRE018;Erzeugerpreisindizes landwirtschaftlicher Produkte
61211;Index der Erzeugerpreise landwirtschaftl. Produkte;JAHR;Jahr;2018;DINSG;Deutschland insgesamt;DG;Deutschland;PROAT1;Landwirtschaftliche Produkte;LWPR-2142;Sonstiges Geflügel;98,1;2020=100;PRE018;Erzeugerpreisindizes landwirtschaftlicher Produkte
61211;Index der Erzeugerpreise landwirtschaftl. Produkte;JAHR;Jahr;1986;DINSG;Deutschland insgesamt;DG;Deutschland;PROAT1;Landwirtschaftliche Produkte;LWPR-16;Obst;65,2;2020=100;PRE018;Erzeugerpreisindizes landwirtschaftlicher Produkte
61211;Index der Erzeugerpreise landwirtschaftl. Produkte;JAHR;Jahr;1973;DINSG;Deutschland insgesamt;DG;Deutschland;PROAT1;Landwirtschaftliche Produkte;LWPR-17;Wein;-;2020=100;PRE018;Erzeugerpreisindizes landwirtschaftlicher Produkte
61211;Index der Erzeugerpreise landwirtschaftl. Produkte;JAHR;Jahr;2002;DINSG;Deutschland insgesamt;DG;Deutschland;PROAT1;Landwirtschaftliche Produkte;LWPR-133;Futterpflanzen;-;2020=100;PRE018;Erzeugerpreisindizes landwirtschaftlicher Produkte
61211;Index der Erzeugerpreise landwirtschaftl. Produkte;JAHR;Jahr;2015;DINSG;Deutschland insgesamt;DG;Deutschland;PROAT1;Landwirtschaftliche Produkte;LWPR-122;Getreidesaatgut;100,5;2020=100;PRE018;Erzeugerpreisindizes landwirtschaftlicher Produkte
61211;Index der Erzeugerpreise landwirtschaftl. Produkte;JAHR;Jahr;1999;DINSG;Deutschland insgesamt;DG;Deutschland;PROAT1;Landwirtschaftliche Produkte;LWPR-2112;Kühe;73,9;2020=100;PRE018;Erzeugerpreisindizes landwirtschaftlicher Produkte
61211;Index der Erzeugerpreise landwirtschaftl. Produkte;JAHR;Jahr;2010;DINSG;Deutschland insgesamt;DG;Deutschland;PROAT1;Landwirtschaftliche Produkte;LWPR-212;Schweine;89,1;2020=100;PRE018;Erzeugerpreisindizes landwirtschaftlicher Produkte
61211;Index der Erzeugerpreise landwirtschaftl. Produkte;JAHR;Jahr;2019;DINSG;Deutschland insgesamt;DG;Deutschland;PROAT1;Landwirtschaftliche Produkte;LWPR-1515;Spargel;84,3;2020=100;PRE018;Erzeugerpreisindizes landwirtschaftlicher Produkte
61211;Index der Erzeugerpreise landwirtschaftl. Produkte;JAHR;Jahr;2019;DINSG;Deutschland insgesamt;DG;Deutschland;PROAT1;Landwirtschaftliche Produkte;LWPR-212;Schweine;109,0;2020=100;PRE018;Erzeugerpreisindizes landwirtschaftlicher Produkte
61211;Index der Erzeugerpreise landwirtschaftl. Produkte;JAHR;Jahr;1995;DINSG;Deutschland insgesamt;DG;Deutschland;PROAT1;Landwirtschaftliche Produkte;LWPR-212;Schweine;92,2;2020=100;PRE018;Erzeugerpreisindizes landwirtschaftlicher Produkte
61211;Index der Erzeugerpreise landwirtschaftl. Produkte;JAHR;Jahr;2002;DINSG;Deutschland insgesamt;DG;Deutschland;PROAT1;Landwirtschaftliche Produkte;LWPR-2112;Kühe;65,1;2020=100;PRE018;Erzeugerpreisindizes landwirtschaftlicher Produkte
61211;Index der Erzeugerpreise landwirtschaftl. Produkte;JAHR;Jahr;2025;DINSG;Deutschland insgesamt;DG;Deutschland;PROAT1;Landwirtschaftliche Produkte;LWPR-1211;Brotweizen;109,0;2020=100;PRE018;Erzeugerpreisindizes landwirtschaftlicher Produkte
61211;Index der Erzeugerpreise landwirtschaftl. Produkte;JAHR;Jahr;1991;DINSG;Deutschland insgesamt;DG;Deutschland;PROAT1;Landwirtschaftliche Produkte;LWPR-2114;Kälber;94,7;2020=100;PRE018;Erzeugerpreisindizes landwirtschaftlicher Produkte
61211;Index der Erzeugerpreise landwirtschaftl. Produkte;JAHR;Jahr;1974;DINSG;Deutschland insgesamt;DG;Deutschland;PROAT1;Landwirtschaftliche Produkte;LWPR-122;Getreidesaatgut;101,3;2020=100;PRE018;Erzeugerpreisindizes landwirtschaftlicher Produkte
61211;Index der Erzeugerpreise landwirtschaftl. Produkte;JAHR;Jahr;2005;DINSG;Deutschland insgesamt;DG;Deutschland;PROAT1;Landwirtschaftliche Produkte;LWPR-1514;Champignons;74,4;2020=100;PRE018;Erzeugerpreisindizes landwirtschaftlicher Produkte
61211;Index der Erzeugerpreise landwirtschaftl. Produkte;JAHR;Jahr;2002;DINSG;Deutschland insgesamt;DG;Deutschland;PROAT1;Landwirtschaftliche Produkte;LWPR-1523;Baumschulerzeugnisse;88,0;2020=100;PRE018;Erzeugerpreisindizes landwirtschaftlicher Produkte
61211;Index der Erzeugerpreise landwirtschaftl. Produkte;JAHR;Jahr;2016;DINSG;Deutschland insgesamt;DG;Deutschland;PROAT1;Landwirtschaftliche Produkte;LWPR-2113;Färsen;104,0;2020=100;PRE018;Erzeugerpreisindizes landwirtschaftlicher Produkte
61211;Index der Erzeugerpreise landwirtschaftl. Produkte;JAHR;Jahr;1994;DINSG;Deutschland insgesamt;DG;Deutschland;PROAT1;Landwirtschaftliche Produkte;LWPR-12;Getreide (einschließlich Saatgut);81,1;2020=100;PRE018;Erzeugerpreisindizes landwirtschaftlicher Produkte
61211;Index der Erzeugerpreise landwirtschaftl. Produkte;JAHR;Jahr;1988;DINSG;Deutschland insgesamt;DG;Deutschland;PROAT1;Landwirtschaftliche Produkte;LWPR-2111;Jungbullen;91,4;2020=100;PRE018;Erzeugerpreisindizes landwirtschaftlicher Produkte
61211;Index der Erzeugerpreise landwirtschaftl. Produkte;JAHR;Jahr;2022;DINSG;Deutschland insgesamt;DG;Deutschland;PROAT1;Landwirtschaftliche Produkte;LWPR-1514;Champignons;116,7;2020=100;PRE018;Erzeugerpreisindizes landwirtschaftlicher Produkte
61211;Index der Erzeugerpreise landwirtschaftl. Produkte;JAHR;Jahr;2022;DINSG;Deutschland insgesamt;DG;Deutschland;PROAT1;Landwirtschaftliche Produkte;LWPR-1;Pflanzliche Erzeugung;145,0;2020=100;PRE018;Erzeugerpreisindizes landwirtschaftlicher Produkte
61211;Index der Erzeugerpreise landwirtschaftl. Produkte;JAHR;Jahr;1969;DINSG;Deutschland insgesamt;DG;Deutschland;PROAT1;Landwirtschaftliche Produkte;LWPR-21;Tiere;91,1;2020=100;PRE018;Erzeugerpreisindizes landwirtschaftlicher Produkte
61211;Index der Erzeugerpreise landwirtschaftl. Produkte;JAHR;Jahr;1985;DINSG;Deutschland insgesamt;DG;Deutschland;PROAT1;Landwirtschaftliche Produkte;LWPR-152;Pflanzen und Blumen;71,1;2020=100;PRE018;Erzeugerpreisindizes landwirtschaftlicher Produkte
61211;Index der Erzeugerpreise landwirtschaftl. Produkte;JAHR;Jahr;1988;DINSG;Deutschland insgesamt;DG;Deutschland;PROAT1;Landwirtschaftliche Produkte;LWPR-1213;Futterweizen;104,1;2020=100;PRE018;Erzeugerpreisindizes landwirtschaftlicher Produkte
61211;Index der Erzeugerpreise landwirtschaftl. Produkte;JAHR;Jahr;1995;DINSG;Deutschland insgesamt;DG;Deutschland;PROAT1;Landwirtschaftliche Produkte;LWPR-1511;Blumenkohl;32,3;2020=100;PRE018;Erzeugerpreisindizes landwirtschaftlicher Produkte
61211;Index der Erzeugerpreise landwirtschaftl. Produkte;JAHR;Jahr;1992;DINSG;Deutschland insgesamt;DG;Deutschland;PROAT1;Landwirtschaftliche Produkte;LWPR-211;Rinder;89,1;2020=100;PRE018;Erzeugerpreisindizes landwirtschaftlicher Produkte
61211;Index der Erzeugerpreise landwirtschaftl. Produkte;JAHR;Jahr;1994;DINSG;Deutschland insgesamt;DG;Deutschland;PROAT1;Landwirtschaftliche Produkte;LWPR-2;Tierische Erzeugung;85,1;2020=100;PRE018;Erzeugerpreisindizes landwirtschaftlicher Produkte
61211;Index der Erzeugerpreise landwirtschaftl. Produkte;JAHR;Jahr;1971;DINSG;Deutschland insgesamt;DG;Deutschland;PROAT1;Landwirtschaftliche Produkte;LWPR-15171;Eissalat;-;2020=100;PRE018;Erzeugerpreisindizes landwirtschaftlicher Produkte
61211;Index der Erzeugerpreise landwirtschaftl. Produkte;JAHR;Jahr;1972;DINSG;Deutschland insgesamt;DG;Deutschland;PROAT1;Landwirtschaftliche Produkte;LWPR-141;Speisekartoffeln;29,8;2020=100;PRE018;Erzeugerpreisindizes landwirtschaftlicher Produkte
61211;Index der Erzeugerpreise landwirtschaftl. Produkte;JAHR;Jahr;2024;DINSG;Deutschland insgesamt;DG;Deutschland;PROAT1;Landwirtschaftliche Produkte;LWPR-121;Getreide;112,6;2020=100;PRE018;Erzeugerpreisindizes landwirtschaftlicher Produkte
61211;Index der Erzeugerpreise landwirtschaftl. Produkte;JAHR;Jahr;2024;DINSG;Deutschland insgesamt;DG;Deutschland;PROAT1;Landwirtschaftliche Produkte;LWPR-2114;Kälber;140,8;2020=100;PRE018;Erzeugerpreisindizes landwirtschaftlicher Produkte
61211;Index der Erzeugerpreise landwirtschaftl. Produkte;JAHR;Jahr;1999;DINSG;Deutschland insgesamt;DG;Deutschland;PROAT1;Landwirtschaftliche Produkte;LWPR-22;Milch;88,5;2020=100;PRE018;Erzeugerpreisindizes landwirtschaftlicher Produkte
61211;Index der Erzeugerpreise landwirtschaftl. Produkte;JAHR;Jahr;1987;DINSG;Deutschland insgesamt;DG;Deutschland;PROAT1;Landwirtschaftliche Produkte;LWPR-213;Schafe und Ziegen;59,8;2020=100;PRE018;Erzeugerpreisindizes landwirtschaftlicher Produkte
61211;Index der Erzeugerpreise landwirtschaftl. Produkte;JAHR;Jahr;2014;DINSG;Deutschland insgesamt;DG;Deutschland;PROAT1;Landwirtschaftliche Produkte;LWPR-2141;Hähnchen;120,1;2020=100;PRE018;Erzeugerpreisindizes landwirtschaftlicher Produkte
61211;Index der Erzeugerpreise landwirtschaftl. Produkte;JAHR;Jahr;1985;DINSG;Deutschland insgesamt;DG;Deutschland;PROAT1;Landwirtschaftliche Produkte;LWPR-17;Wein;-;2020=100;PRE018;Erzeugerpreisindizes landwirtschaftlicher Produkte
61211;Index der Erzeugerpreise landwirtschaftl. Produkte;JAHR;Jahr;2002;DINSG;Deutschland insgesamt;DG;Deutschland;PROAT1;Landwirtschaftliche Produkte;LWPR-21;Tiere;78,2;2020=100;PRE018;Erzeugerpreisindizes landwirtschaftlicher Produkte
61211;Index der Erzeugerpreise landwirtschaftl. Produkte;JAHR;Jahr;2017;DINSG;Deutschland insgesamt;DG;Deutschland;PROAT1;Landwirtschaftliche Produkte;LWPR-1214;Futtergerste;90,8;2020=100;PRE018;Erzeugerpreisindizes landwirtschaftlicher Produkte
61211;Index der Erzeugerpreise landwirtschaftl. Produkte;JAHR;Jahr;2021;DINSG;Deutschland insgesamt;DG;Deutschland;PROAT1;Landwirtschaftliche Produkte;LWPR-1214;Futtergerste;128,9;2020=100;PRE018;Erzeugerpreisindizes landwirtschaftlicher Produkte
61211;Index der Erzeugerpreise landwirtschaftl. Produkte;JAHR;Jahr;1984;DINSG;Deutschland insgesamt;DG;Deutschland;PROAT1;Landwirtschaftliche Produkte;LWPR-1216;Körnermais;156,1;2020=100;PRE018;Erzeugerpreisindizes landwirtschaftlicher Produkte
61211;Index der Erzeugerpreise landwirtschaftl. Produkte;JAHR;Jahr;2009;DINSG;Deutschland insgesamt;DG;Deutschland;PROAT1;Landwirtschaftliche Produkte;LWPR-1511;Blumenkohl;38,5;2020=100;PRE018;Erzeugerpreisindizes landwirtschaftlicher Produkte
61211;Index der Erzeugerpreise landwirtschaftl. Produkte;JAHR;Jahr;2021;DINSG;Deutschland insgesamt;DG;Deutschland;PROAT1;Landwirtschaftliche Produkte;LWPR-131;Raps;141,3;2020=100;PRE018;Erzeugerpreisindizes landwirtschaftlicher Produkte
61211;Index der Erzeugerpreise landwirtschaftl. Produkte;JAHR;Jahr;2002;DINSG;Deutschland insgesamt;DG;Deutschland;PROAT1;Landwirtschaftliche Produkte;LWPR-1;Pflanzliche Erzeugung;71,2;2020=100;PRE018;Erzeugerpreisindizes landwirtschaftlicher Produkte
61211;Index der Erzeugerpreise landwirtschaftl. Produkte;JAHR;Jahr;1995;DINSG;Deutschland insgesamt;DG;Deutschland;PROAT1;Landwirtschaftliche Produkte;LWPR-2111;Jungbullen;78,1;2020=100;PRE018;Erzeugerpreisindizes landwirtschaftlicher Produkte
61211;Index der Erzeugerpreise landwirtschaftl. Produkte;JAHR;Jahr;1998;DINSG;Deutschland insgesamt;DG;Deutschland;PROAT1;Landwirtschaftliche Produkte;LWPR-14;Kartoffeln (einschließlich Pflanzkartoffeln);51,2;2020=100;PRE018;Erzeugerpreisindizes landwirtschaftlicher Produkte
61211;Index der Erzeugerpreise landwirtschaftl. Produkte;JAHR;Jahr;1993;DINSG;Deutschland insgesamt;DG;Deutschland;PROAT1;Landwirtschaftliche Produkte;LWPR-151;Gemüse;52,0;2020=100;PRE018;Erzeugerpreisindizes landwirtschaftlicher Produkte
61211;Index der Erzeugerpreise landwirtschaftl. Produkte;JAHR;Jahr;2016;DINSG;Deutschland insgesamt;DG;Deutschland;PROAT1;Landwirtschaftliche Produkte;LWPR;Erzeugung landwirtschaftlicher Produkte;91,4;2020=100;PRE018;Erzeugerpreisindizes landwirtschaftlicher Produkte
61211;Index der Erzeugerpreise landwirtschaftl. Produkte;JAHR;Jahr;2013;DINSG;Deutschland insgesamt;DG;Deutschland;PROAT1;Landwirtschaftliche Produkte;LWPR-1511;Blumenkohl;60,6;2020=100;PRE018;Erzeugerpreisindizes landwirtschaftlicher Produkte
61211;Index der Erzeugerpreise landwirtschaftl. Produkte;JAHR;Jahr;2025;DINSG;Deutschland insgesamt;DG;Deutschland;PROAT1;Landwirtschaftliche Produkte;LWPR-132;Zuckerrüben;141,7;2020=100;PRE018;Erzeugerpreisindizes landwirtschaftlicher Produkte
61211;Index der Erzeugerpreise landwirtschaftl. Produkte;JAHR;Jahr;1970;DINSG;Deutschland insgesamt;DG;Deutschland;PROAT1;Landwirtschaftliche Produkte;LWPR-1215;Braugerste;112,3;2020=100;PRE018;Erzeugerpreisindizes landwirtschaftlicher Produkte
61211;Index der Erzeugerpreise landwirtschaftl. Produkte;JAHR;Jahr;1984;DINSG;Deutschland insgesamt;DG;Deutschland;PROAT1;Landwirtschaftliche Produkte;LWPR-12;Getreide (einschließlich Saatgut);145,1;2020=100;PRE018;Erzeugerpreisindizes landwirtschaftlicher Produkte
61211;Index der Erzeugerpreise landwirtschaftl. Produkte;JAHR;Jahr;1969;DINSG;Deutschland insgesamt;DG;Deutschland;PROAT1;Landwirtschaftliche Produkte;LWPR-1522;Topfpflanzen;58,8;2020=100;PRE018;Erzeugerpreisindizes landwirtschaftlicher Produkte
61211;Index der Erzeugerpreise landwirtschaftl. Produkte;JAHR;Jahr;2008;DINSG;Deutschland insgesamt;DG;Deutschland;PROAT1;Landwirtschaftliche Produkte;LWPR-161;Tafeläpfel;94,6;2020=100;PRE018;Erzeugerpreisindizes landwirtschaftlicher Produkte
61211;Index der Erzeugerpreise landwirtschaftl. Produkte;JAHR;Jahr;1970;DINSG;Deutschland insgesamt;DG;Deutschland;PROAT1;Landwirtschaftliche Produkte;LWPR-14;Kartoffeln (einschließlich Pflanzkartoffeln);31,7;2020=100;PRE018;Erzeugerpreisindizes landwirtschaftlicher Produkte
61211;Index der Erzeugerpreise landwirtschaftl. Produkte;JAHR;Jahr;1983;DINSG;Deutschland insgesamt;DG;Deutschland;PROAT1;Landwirtschaftliche Produkte;LWPR-1517;Salat;-;2020=100;PRE018;Erzeugerpreisindizes landwirtschaftlicher Produkte
61211;Index der Erzeugerpreise landwirtschaftl. Produkte;JAHR;Jahr;1990;DINSG;Deutschland insgesamt;DG;Deutschland;PROAT1;Landwirtschaftliche Produkte;LWPR-21;Tiere;96,4;2020=100;PRE018;Erzeugerpreisindizes landwirtschaftlicher Produkte
61211;Index der Erzeugerpreise landwirtschaftl. Produkte;JAHR;Jahr;1987;DINSG;Deutschland insgesamt;DG;Deutschland;PROAT1;Landwirtschaftliche Produkte;LWPR-1514;Champignons;-;2020=100;PRE018;Erzeugerpreisindizes landwirtschaftlicher Produkte
61211;Index der Erzeugerpreise landwirtschaftl. Produkte;JAHR;Jahr;1974;DINSG;Deutschland insgesamt;DG;Deutschland;PROAT1;Landwirtschaftliche Produkte;LWPR-2;Tierische Erzeugung;82,7;2020=100;PRE018;Erzeugerpreisindizes landwirtschaftlicher Produkte
61211;Index der Erzeugerpreise landwirtschaftl. Produkte;JAHR;Jahr;1980;DINSG;Deutschland insgesamt;DG;Deutschland;PROAT1;Landwirtschaftliche Produkte;LWPR-131;Raps;-;2020=100;PRE018;Erzeugerpreisindizes landwirtschaftlicher Produkte
61211;Index der Erzeugerpreise landwirtschaftl. Produkte;JAHR;Jahr;2000;DINSG;Deutschland insgesamt;DG;Deutschland;PROAT1;Landwirtschaftliche Produkte;LWPR-21;Tiere;83,1;2020=100;PRE018;Erzeugerpreisindizes landwirtschaftlicher Produkte
61211;Index der Erzeugerpreise landwirtschaftl. Produkte;JAHR;Jahr;1982;DINSG;Deutschland insgesamt;DG;Deutschland;PROAT1;Landwirtschaftliche Produkte;LWPR-12;Getreide (einschließlich Saatgut);147,9;2020=100;PRE018;Erzeugerpreisindizes landwirtschaftlicher Produkte
61211;Index der Erzeugerpreise landwirtschaftl. Produkte;JAHR;Jahr;1973;DINSG;Deutschland insgesamt;DG;Deutschland;PROAT1;Landwirtschaftliche Produkte;LWPR-211;Rinder;93,4;2020=100;PRE018;Erzeugerpreisindizes landwirtschaftlicher Produkte
61211;Index der Erzeugerpreise landwirtschaftl. Produkte;JAHR;Jahr;1968;DINSG;Deutschland insgesamt;DG;Deutschland;PROAT1;Landwirtschaftliche Produkte;LWPR-213;Schafe und Ziegen;-;2020=100;PRE018;Erzeugerpreisindizes landwirtschaftlicher Produkte
61211;Index der Erzeugerpreise landwirtschaftl. Produkte;JAHR;Jahr;2018;DINSG;Deutschland insgesamt;DG;Deutschland;PROAT1;Landwirtschaftliche Produkte;LWPR-1211;Brotweizen;102,1;2020=100;PRE018;Erzeugerpreisindizes landwirtschaftlicher Produkte
61211;Index der Erzeugerpreise landwirtschaftl. Produkte;JAHR;Jahr;2001;DINSG;Deutschland insgesamt;DG;Deutschland;PROAT1;Landwirtschaftliche Produkte;LWPR-1517;Salat;-;2020=100;PRE018;Erzeugerpreisindizes landwirtschaftlicher Produkte
61211;Index der Erzeugerpreise landwirtschaftl. Produkte;JAHR;Jahr;1985;DINSG;Deutschland insgesamt;DG;Deutschland;PROAT1;Landwirtschaftliche Produkte;LWPR-2142;Sonstiges Geflügel;107,5;2020=100;PRE018;Erzeugerpreisindizes landwirtschaftlicher Produkte
61211;Index der Erzeugerpreise landwirtschaftl. Produkte;JAHR;Jahr;1980;DINSG;Deutschland insgesamt;DG;Deutschland;PROAT1;Landwirtschaftliche Produkte;LWPR-23;Eier;54,0;2020=100;PRE018;Erzeugerpreisindizes landwirtschaftlicher Produkte
61211;Index der Erzeugerpreise landwirtschaftl. Produkte;JAHR;Jahr;1983;DINSG;Deutschland insgesamt;DG;Deutschland;PROAT1;Landwirtschaftliche Produkte;LWPR-132;Zuckerrüben;145,1;2020=100;PRE018;Erzeugerpreisindizes landwirtschaftlicher Produkte
61211;Index der Erzeugerpreise landwirtschaftl. Produkte;JAHR;Jahr;1998;DINSG;Deutschland insgesamt;DG;Deutschland;PROAT1;Landwirtschaftliche Produkte;LWPR-1515;Spargel;-;2020=100;PRE018;Erzeugerpreisindizes landwirtschaftlicher Produkte
61211;Index der Erzeugerpreise landwirtschaftl. Produkte;JAHR;Jahr;1976;DINSG;Deutschland insgesamt;DG;Deutschland;PROAT1;Landwirtschaftliche Produkte;LWPR-1513;Gurken;-;2020=100;PRE018;Erzeugerpreisindizes landwirtschaftlicher Produkte
61211;Index der Erzeugerpreise landwirtschaftl. Produkte;JAHR;Jahr;1971;DINSG;Deutschland insgesamt;DG;Deutschland;PROAT1;Landwirtschaftliche Produkte;LWPR-132;Zuckerrüben;89,7;2020=100;PRE018;Erzeugerpreisindizes landwirtschaftlicher Produkte
61211;Index der Erzeugerpreise landwirtschaftl. Produkte;JAHR;Jahr;2009;DINSG;Deutschland insgesamt;DG;Deutschland;PROAT1;Landwirtschaftliche Produkte;LWPR-2113;Färsen;87,1;2020=100;PRE018;Erzeugerpreisindizes landwirtschaftlicher Produkte
61211;Index der Erzeugerpreise landwirtschaftl. Produkte;JAHR;Jahr;1973;DINSG;Deutschland insgesamt;DG;Deutschland;PROAT1;Landwirtschaftliche Produkte;LWPR-1522;Topfpflanzen;64,1;2020=100;PRE018;Erzeugerpreisindizes landwirtschaftlicher Produkte
61211;Index der Erzeugerpreise landwirtschaftl. Produkte;JAHR;Jahr;2022;DINSG;Deutschland insgesamt;DG;Deutschland;PROAT1;Landwirtschaftliche Produkte;LWPR-15;Erzeugnisse des Gemüse- und Gartenbaus;121,2;2020=100;PRE018;Erzeugerpreisindizes landwirtschaftlicher Produkte
61211;Index der Erzeugerpreise landwirtschaftl. Produkte;JAHR;Jahr;1996;DINSG;Deutschland insgesamt;DG;Deutschland;PROAT1;Landwirtschaftliche Produkte;LWPR-23;Eier;53,0;2020=100;PRE018;Erzeugerpreisindizes landwirtschaftlicher Produkte
61211;Index der Erzeugerpreise landwirtschaftl. Produkte;JAHR;Jahr;2003;DINSG;Deutschland insgesamt;DG;Deutschland;PROAT1;Landwirtschaftliche Produkte;LWPR-1213;Futterweizen;62,0;2020=100;PRE018;Erzeugerpreisindizes landwirtschaftlicher Produkte
61211;Index der Erzeugerpreise landwirtschaftl. Produkte;JAHR;Jahr;1983;DINSG;Deutschland insgesamt;DG;Deutschland;PROAT1;Landwirtschaftliche Produkte;LWPR-17;Wein;-;2020=100;PRE018;Erzeugerpreisindizes landwirtschaftlicher Produkte
61211;Index der Erzeugerpreise landwirtschaftl. Produkte;JAHR;Jahr;2025;DINSG;Deutschland insgesamt;DG;Deutschland;PROAT1;Landwirtschaftliche Produkte;LWPR-2142;Sonstiges Geflügel;130,5;2020=100;PRE018;Erzeugerpreisindizes landwirtschaftlicher Produkte
61211;Index der Erzeugerpreise landwirtschaftl. Produkte;JAHR;Jahr;1971;DINSG;Deutschland insgesamt;DG;Deutschland;PROAT1;Landwirtschaftliche Produkte;LWPR-2112;Kühe;81,1;2020=100;PRE018;Erzeugerpreisindizes landwirtschaftlicher Produkte
61211;Index der Erzeugerpreise landwirtschaftl. Produkte;JAHR;Jahr;2009;DINSG;Deutschland insgesamt;DG;Deutschland;PROAT1;Landwirtschaftliche Produkte;LWPR-22;Milch;74,9;2020=100;PRE018;Erzeugerpreisindizes landwirtschaftlicher Produkte
61211;Index der Erzeugerpreise landwirtschaftl. Produkte;JAHR;Jahr;1999;DINSG;Deutschland insgesamt;DG;Deutschland;PROAT1;Landwirtschaftliche Produkte;LWPR-213;Schafe und Ziegen;52,5;2020=100;PRE018;Erzeugerpreisindizes landwirtschaftlicher Produkte
61211;Index der Erzeugerpreise landwirtschaftl. Produkte;JAHR;Jahr;1991;DINSG;Deutschland insgesamt;DG;Deutschland;PROAT1;Landwirtschaftliche Produkte;LWPR-1514;Champignons;-;2020=100;PRE018;Erzeugerpreisindizes landwirtschaftlicher Produkte
61211;Index der Erzeugerpreise landwirtschaftl. Produkte;JAHR;Jahr;2016;DINSG;Deutschland insgesamt;DG;Deutschland;PROAT1;Landwirtschaftliche Produkte;LWPR-122;Getreidesaatgut;96,5;2020=100;PRE018;Erzeugerpreisindizes landwirtschaftlicher Produkte
61211;Index der Erzeugerpreise landwirtschaftl. Produkte;JAHR;Jahr;1972;DINSG;Deutschland insgesamt;DG;Deutschland;PROAT1;Landwirtschaftliche Produkte;LWPR-1516;Kohlgemüse;-;2020=100;PRE018;Erzeugerpreisindizes landwirtschaftlicher Produkte
61211;Index der Erzeugerpreise landwirtschaftl. Produkte;JAHR;Jahr;1976;DINSG;Deutschland insgesamt;DG;Deutschland;PROAT1;Landwirtschaftliche Produkte;LWPR-16;Obst;61,3;2020=100;PRE018;Erzeugerpreisindizes landwirtschaftlicher Produkte
61211;Index der Erzeugerpreise landwirtschaftl. Produkte;JAHR;Jahr;1984;DINSG;Deutschland insgesamt;DG;Deutschland;PROAT1;Landwirtschaftliche Produkte;LWPR-141;Speisekartoffeln;42,7;2020=100;PRE018;Erzeugerpreisindizes landwirtschaftlicher Produkte
61211;Index der Erzeugerpreise landwirtschaftl. Produkte;JAHR;Jahr;2017;DINSG;Deutschland insgesamt;DG;Deutschland;PROAT1;Landwirtschaftliche Produkte;LWPR-1521;Schnittblumen;95,9;2020=100;PRE018;Erzeugerpreisindizes landwirtschaftlicher Produkte
61211;Index der Erzeugerpreise landwirtschaftl. Produkte;JAHR;Jahr;2015;DINSG;Deutschland insgesamt;DG;Deutschland;PROAT1;Landwirtschaftliche Produkte;LWPR-211;Rinder;108,3;2020=100;PRE018;Erzeugerpreisindizes landwirtschaftlicher Produkte
61211;Index der Erzeugerpreise landwirtschaftl. Produkte;JAHR;Jahr;1987;DINSG;Deutschland insgesamt;DG;Deutschland;PROAT1;Landwirtschaftliche Produkte;LWPR-2114;Kälber;91,6;2020=100;PRE018;Erzeugerpreisindizes landwirtschaftlicher Produkte
61211;Index der Erzeugerpreise landwirtschaftl. Produkte;JAHR;Jahr;1999;DINSG;Deutschland insgesamt;DG;Deutschland;PROAT1;Landwirtschaftliche Produkte;LWPR-1521;Schnittblumen;65,1;2020=100;PRE018;Erzeugerpreisindizes landwirtschaftlicher Produkte
61211;Index der Erzeugerpreise landwirtschaftl. Produkte;JAHR;Jahr;2021;DINSG;Deutschland insgesamt;DG;Deutschland;PROAT1;Landwirtschaftliche Produkte;LWPR-1;Pflanzliche Erzeugung;114,3;2020=100;PRE018;Erzeugerpreisindizes landwirtschaftlicher Produkte
61211;Index der Erzeugerpreise landwirtschaftl. Produkte;JAHR;Jahr;2018;DINSG;Deutschland insgesamt;DG;Deutschland;PROAT1;Landwirtschaftliche Produkte;LWPR-212;Schweine;89,5;2020=100;PRE018;Erzeugerpreisindizes landwirtschaftlicher Produkte
61211;Index der Erzeugerpreise landwirtschaftl. Produkte;JAHR;Jahr;2012;DINSG;Deutschland insgesamt;DG;Deutschland;PROAT1;Landwirtschaftliche Produkte;LWPR-161;Tafeläpfel;86,3;2020=100;PRE018;Erzeugerpreisindizes landwirtschaftlicher Produkte
61211;Index der Erzeugerpreise landwirtschaftl. Produkte;JAHR;Jahr;1977;DINSG;Deutschland insgesamt;DG;Deutschland;PROAT1;Landwirtschaftliche Produkte;LWPR-162;Erdbeeren;-;2020=100;PRE018;Erzeugerpreisindizes landwirtschaftlicher Produkte
61211;Index der Erzeugerpreise landwirtschaftl. Produkte;JAHR;Jahr;1992;DINSG;Deutschland insgesamt;DG;Deutschland;PROAT1;Landwirtschaftliche Produkte;LWPR-21;Tiere;97,6;2020=100;PRE018;Erzeugerpreisindizes landwirtschaftlicher Produkte
61211;Index der Erzeugerpreise landwirtschaftl. Produkte;JAHR;Jahr;1996;DINSG;Deutschland insgesamt;DG;Deutschland;PROAT1;Landwirtschaftliche Produkte;LWPR-212;Schweine;104,7;2020=100;PRE018;Erzeugerpreisindizes landwirtschaftlicher Produkte
61211;Index der Erzeugerpreise landwirtschaftl. Produkte;JAHR;Jahr;1972;DINSG;Deutschland insgesamt;DG;Deutschland;PROAT1;Landwirtschaftliche Produkte;LWPR-14;Kartoffeln (einschließlich Pflanzkartoffeln);35,7;2020=100;PRE018;Erzeugerpreisindizes landwirtschaftlicher Produkte
61211;Index der Erzeugerpreise landwirtschaftl. Produkte;JAHR;Jahr;1975;DINSG;Deutschland insgesamt;DG;Deutschland;PROAT1;Landwirtschaftliche Produkte;LWPR-2;Tierische Erzeugung;91,1;2020=100;PRE018;Erzeugerpreisindizes landwirtschaftlicher Produkte
61211;Index der Erzeugerpreise landwirtschaftl. Produkte;JAHR;Jahr;2014;DINSG;Deutschland insgesamt;DG;Deutschland;PROAT1;Landwirtschaftliche Produkte;LWPR-213;Schafe und Ziegen;85,8;2020=100;PRE018;Erzeugerpreisindizes landwirtschaftlicher Produkte
61211;Index der Erzeugerpreise landwirtschaftl. Produkte;JAHR;Jahr;1978;DINSG;Deutschland insgesamt;DG;Deutschland;PROAT1;Landwirtschaftliche Produkte;LWPR-2113;Färsen;95,9;2020=100;PRE018;Erzeugerpreisindizes landwirtschaftlicher Produkte
61211;Index der Erzeugerpreise landwirtschaftl. Produkte;JAHR;Jahr;1984;DINSG;Deutschland insgesamt;DG;Deutschland;PROAT1;Landwirtschaftliche Produkte;LWPR-1523;Baumschulerzeugnisse;65,2;2020=100;PRE018;Erzeugerpreisindizes landwirtschaftlicher Produkte
61211;Index der Erzeugerpreise landwirtschaftl. Produkte;JAHR;Jahr;1974;DINSG;Deutschland insgesamt;DG;Deutschland;PROAT1;Landwirtschaftliche Produkte;LWPR-1212;Brotroggen;128,0;2020=100;PRE018;Erzeugerpreisindizes landwirtschaftlicher Produkte
61211;Index der Erzeugerpreise landwirtschaftl. Produkte;JAHR;Jahr;1981;DINSG;Deutschland insgesamt;DG;Deutschland;PROAT1;Landwirtschaftliche Produkte;LWPR-151;Gemüse;55,3;2020=100;PRE018;Erzeugerpreisindizes landwirtschaftlicher Produkte
61211;Index der Erzeugerpreise landwirtschaftl. Produkte;JAHR;Jahr;1968;DINSG;Deutschland insgesamt;DG;Deutschland;PROAT1;Landwirtschaftliche Produkte;LWPR-1516;Kohlgemüse;-;2020=100;PRE018;Erzeugerpreisindizes landwirtschaftlicher Produkte
61211;Index der Erzeugerpreise landwirtschaftl. Produkte;JAHR;Jahr;1978;DINSG;Deutschland insgesamt;DG;Deutschland;PROAT1;Landwirtschaftliche Produkte;LWPR-121;Getreide;136,0;2020=100;PRE018;Erzeugerpreisindizes landwirtschaftlicher Produkte
61211;Index der Erzeugerpreise landwirtschaftl. Produkte;JAHR;Jahr;2004;DINSG;Deutschland insgesamt;DG;Deutschland;PROAT1;Landwirtschaftliche Produkte;LWPR-131;Raps;84,3;2020=100;PRE018;Erzeugerpreisindizes landwirtschaftlicher Produkte
61211;Index der Erzeugerpreise landwirtschaftl. Produkte;JAHR;Jahr;2001;DINSG;Deutschland insgesamt;DG;Deutschland;PROAT1;Landwirtschaftliche Produkte;LWPR-2141;Hähnchen;78,2;2020=100;PRE018;Erzeugerpreisindizes landwirtschaftlicher Produkte
61211;Index der Erzeugerpreise landwirtschaftl. Produkte;JAHR;Jahr;2004;DINSG;Deutschland insgesamt;DG;Deutschland;PROAT1;Landwirtschaftliche Produkte;LWPR-12;Getreide (einschließlich Saatgut);64,9;2020=100;PRE018;Erzeugerpreisindizes landwirtschaftlicher Produkte
61211;Index der Erzeugerpreise landwirtschaftl. Produkte;JAHR;Jahr;1996;DINSG;Deutschland insgesamt;DG;Deutschland;PROAT1;Landwirtschaftliche Produkte;LWPR-15171;Eissalat;39,9;2020=100;PRE018;Erzeugerpreisindizes landwirtschaftlicher Produkte
61211;Index der Erzeugerpreise landwirtschaftl. Produkte;JAHR;Jahr;1996;DINSG;Deutschland insgesamt;DG;Deutschland;PROAT1;Landwirtschaftliche Produkte;LWPR-1517;Salat;-;2020=100;PRE018;Erzeugerpreisindizes landwirtschaftlicher Produkte
61211;Index der Erzeugerpreise landwirtschaftl. Produkte;JAHR;Jahr;2021;DINSG;Deutschland insgesamt;DG;Deutschland;PROAT1;Landwirtschaftliche Produkte;LWPR-23;Eier;98,5;2020=100;PRE018;Erzeugerpreisindizes landwirtschaftlicher Produkte
61211;Index der Erzeugerpreise landwirtschaftl. Produkte;JAHR;Jahr;2015;DINSG;Deutschland insgesamt;DG;Deutschland;PROAT1;Landwirtschaftliche Produkte;LWPR-2142;Sonstiges Geflügel;105,6;2020=100;PRE018;Erzeugerpreisindizes landwirtschaftlicher Produkte
61211;Index der Erzeugerpreise landwirtschaftl. Produkte;JAHR;Jahr;1981;DINSG;Deutschland insgesamt;DG;Deutschland;PROAT1;Landwirtschaftliche Produkte;LWPR-17;Wein;-;2020=100;PRE018;Erzeugerpreisindizes landwirtschaftlicher Produkte
61211;Index der Erzeugerpreise landwirtschaftl. Produkte;JAHR;Jahr;1982;DINSG;Deutschland insgesamt;DG;Deutschland;PROAT1;Landwirtschaftliche Produkte;LWPR-1516;Kohlgemüse;-;2020=100;PRE018;Erzeugerpreisindizes landwirtschaftlicher Produkte
61211;Index der Erzeugerpreise landwirtschaftl. Produkte;JAHR;Jahr;2010;DINSG;Deutschland insgesamt;DG;Deutschland;PROAT1;Landwirtschaftliche Produkte;LWPR-15;Erzeugnisse des Gemüse- und Gartenbaus;80,1;2020=100;PRE018;Erzeugerpreisindizes landwirtschaftlicher Produkte
61211;Index der Erzeugerpreise landwirtschaftl. Produkte;JAHR;Jahr;1973;DINSG;Deutschland insgesamt;DG;Deutschland;PROAT1;Landwirtschaftliche Produkte;LWPR-13;Handelsgewächse;82,9;2020=100;PRE018;Erzeugerpreisindizes landwirtschaftlicher Produkte
61211;Index der Erzeugerpreise landwirtschaftl. Produkte;JAHR;Jahr;1997;DINSG;Deutschland insgesamt;DG;Deutschland;PROAT1;Landwirtschaftliche Produkte;LWPR-15;Erzeugnisse des Gemüse- und Gartenbaus;70,3;2020=100;PRE018;Erzeugerpreisindizes landwirtschaftlicher Produkte
61211;Index der Erzeugerpreise landwirtschaftl. Produkte;JAHR;Jahr;1969;DINSG;Deutschland insgesamt;DG;Deutschland;PROAT1;Landwirtschaftliche Produkte;LWPR-133;Futterpflanzen;-;2020=100;PRE018;Erzeugerpreisindizes landwirtschaftlicher Produkte
61211;Index der Erzeugerpreise landwirtschaftl. Produkte;JAHR;Jahr;2006;DINSG;Deutschland insgesamt;DG;Deutschland;PROAT1;Landwirtschaftliche Produkte;LWPR-1511;Blumenkohl;38,8;2020=100;PRE018;Erzeugerpreisindizes landwirtschaftlicher Produkte
61211;Index der Erzeugerpreise landwirtschaftl. Produkte;JAHR;Jahr;1994;DINSG;Deutschland insgesamt;DG;Deutschland;PROAT1;Landwirtschaftliche Produkte;LWPR-2114;Kälber;101,6;2020=100;PRE018;Erzeugerpreisindizes landwirtschaftlicher Produkte
61211;Index der Erzeugerpreise landwirtschaftl. Produkte;JAHR;Jahr;2022;DINSG;Deutschland insgesamt;DG;Deutschland;PROAT1;Landwirtschaftliche Produkte;LWPR-1211;Brotweizen;183,4;2020=100;PRE018;Erzeugerpreisindizes landwirtschaftlicher Produkte
61211;Index der Erzeugerpreise landwirtschaftl. Produkte;JAHR;Jahr;1977;DINSG;Deutschland insgesamt;DG;Deutschland;PROAT1;Landwirtschaftliche Produkte;LWPR-1212;Brotroggen;150,0;2020=100;PRE018;Erzeugerpreisindizes landwirtschaftlicher Produkte
61211;Index der Erzeugerpreise landwirtschaftl. Produkte;JAHR;Jahr;2016;DINSG;Deutschland insgesamt;DG;Deutschland;PROAT1;Landwirtschaftliche Produkte;LWPR-1515;Spargel;85,1;2020=100;PRE018;Erzeugerpreisindizes landwirtschaftlicher Produkte
61211;Index der Erzeugerpreise landwirtschaftl. Produkte;JAHR;Jahr;1973;DINSG;Deutschland insgesamt;DG;Deutschland;PROAT1;Landwirtschaftliche Produkte;LWPR-1215;Braugerste;112,1;2020=100;PRE018;Erzeugerpreisindizes landwirtschaftlicher Produkte
61211;Index der Erzeugerpreise landwirtschaftl. Produkte;JAHR;Jahr;2017;DINSG;Deutschland insgesamt;DG;Deutschland;PROAT1;Landwirtschaftliche Produkte;LWPR-214;Geflügel;99,9;2020=100;PRE018;Erzeugerpreisindizes landwirtschaftlicher Produkte
61211;Index der Erzeugerpreise landwirtschaftl. Produkte;JAHR;Jahr;1976;DINSG;Deutschland insgesamt;DG;Deutschland;PROAT1;Landwirtschaftliche Produkte;LWPR-2141;Hähnchen;86,0;2020=100;PRE018;Erzeugerpreisindizes landwirtschaftlicher Produkte
61211;Index der Erzeugerpreise landwirtschaftl. Produkte;JAHR;Jahr;2009;DINSG;Deutschland insgesamt;DG;Deutschland;PROAT1;Landwirtschaftliche Produkte;LWPR-211;Rinder;88,5;2020=100;PRE018;Erzeugerpreisindizes landwirtschaftlicher Produkte
61211;Index der Erzeugerpreise landwirtschaftl. Produkte;JAHR;Jahr;2003;DINSG;Deutschland insgesamt;DG;Deutschland;PROAT1;Landwirtschaftliche Produkte;LWPR-2113;Färsen;68,9;2020=100;PRE018;Erzeugerpreisindizes landwirtschaftlicher Produkte
61211;Index der Erzeugerpreise landwirtschaftl. Produkte;JAHR;Jahr;2024;DINSG;Deutschland insgesamt;DG;Deutschland;PROAT1;Landwirtschaftliche Produkte;LWPR-13;Handelsgewächse;127,3;2020=100;PRE018;Erzeugerpreisindizes landwirtschaftlicher Produkte
61211;Index der Erzeugerpreise landwirtschaftl. Produkte;JAHR;Jahr;1986;DINSG;Deutschland insgesamt;DG;Deutschland;PROAT1;Landwirtschaftliche Produkte;LWPR-1513;Gurken;-;2020=100;PRE018;Erzeugerpreisindizes landwirtschaftlicher Produkte
61211;Index der Erzeugerpreise landwirtschaftl. Produkte;JAHR;Jahr;1990;DINSG;Deutschland insgesamt;DG;Deutschland;PROAT1;Landwirtschaftliche Produkte;LWPR-12;Getreide (einschließlich Saatgut);106,4;2020=100;PRE018;Erzeugerpreisindizes landwirtschaftlicher Produkte
61211;Index der Erzeugerpreise landwirtschaftl. Produkte;JAHR;Jahr;1979;DINSG;Deutschland insgesamt;DG;Deutschland;PROAT1;Landwirtschaftliche Produkte;LWPR-1513;Gurken;-;2020=100;PRE018;Erzeugerpreisindizes landwirtschaftlicher Produkte
61211;Index der Erzeugerpreise landwirtschaftl. Produkte;JAHR;Jahr;2014;DINSG;Deutschland insgesamt;DG;Deutschland;PROAT1;Landwirtschaftliche Produkte;LWPR-1214;Futtergerste;97,5;2020=100;PRE018;Erzeugerpreisindizes landwirtschaftlicher Produkte
61211;Index der Erzeugerpreise landwirtschaftl. Produkte;JAHR;Jahr;1987;DINSG;Deutschland insgesamt;DG;Deutschland;PROAT1;Landwirtschaftliche Produkte;LWPR-1216;Körnermais;130,5;2020=100;PRE018;Erzeugerpreisindizes landwirtschaftlicher Produkte
61211;Index der Erzeugerpreise landwirtschaftl. Produkte;JAHR;Jahr;2006;DINSG;Deutschland insgesamt;DG;Deutschland;PROAT1;Landwirtschaftliche Produkte;LWPR-214;Geflügel;77,3;2020=100;PRE018;Erzeugerpreisindizes landwirtschaftlicher Produkte
61211;Index der Erzeugerpreise landwirtschaftl. Produkte;JAHR;Jahr;1968;DINSG;Deutschland insgesamt;DG;Deutschland;PROAT1;Landwirtschaftliche Produkte;LWPR-22;Milch;57,5;2020=100;PRE018;Erzeugerpreisindizes landwirtschaftlicher Produkte
61211;Index der Erzeugerpreise landwirtschaftl. Produkte;JAHR;Jahr;2019;DINSG;Deutschland insgesamt;DG;Deutschland;PROAT1;Landwirtschaftliche Produkte;LWPR-132;Zuckerrüben;90,0;2020=100;PRE018;Erzeugerpreisindizes landwirtschaftlicher Produkte
61211;Index der Erzeugerpreise landwirtschaftl. Produkte;JAHR;Jahr;2021;DINSG;Deutschland insgesamt;DG;Deutschland;PROAT1;Landwirtschaftliche Produkte;LWPR-1517;Salat;127,2;2020=100;PRE018;Erzeugerpreisindizes landwirtschaftlicher Produkte
61211;Index der Erzeugerpreise landwirtschaftl. Produkte;JAHR;Jahr;1997;DINSG;Deutschland insgesamt;DG;Deutschland;PROAT1;Landwirtschaftliche Produkte;LWPR-1523;Baumschulerzeugnisse;88,8;2020=100;PRE018;Erzeugerpreisindizes landwirtschaftlicher Produkte
61211;Index der Erzeugerpreise landwirtschaftl. Produkte;JAHR;Jahr;1980;DINSG;Deutschland insgesamt;DG;Deutschland;PROAT1;Landwirtschaftliche Produkte;LWPR-2113;Färsen;95,1;2020=100;PRE018;Erzeugerpreisindizes landwirtschaftlicher Produkte
61211;Index der Erzeugerpreise landwirtschaftl. Produkte;JAHR;Jahr;2000;DINSG;Deutschland insgesamt;DG;Deutschland;PROAT1;Landwirtschaftliche Produkte;LWPR-1213;Futterweizen;65,1;2020=100;PRE018;Erzeugerpreisindizes landwirtschaftlicher Produkte
61211;Index der Erzeugerpreise landwirtschaftl. Produkte;JAHR;Jahr;1976;DINSG;Deutschland insgesamt;DG;Deutschland;PROAT1;Landwirtschaftliche Produkte;LWPR-1522;Topfpflanzen;71,5;2020=100;PRE018;Erzeugerpreisindizes landwirtschaftlicher Produkte
61211;Index der Erzeugerpreise landwirtschaftl. Produkte;JAHR;Jahr;1988;DINSG;Deutschland insgesamt;DG;Deutschland;PROAT1;Landwirtschaftliche Produkte;LWPR-162;Erdbeeren;50,8;2020=100;PRE018;Erzeugerpreisindizes landwirtschaftlicher Produkte
61211;Index der Erzeugerpreise landwirtschaftl. Produkte;JAHR;Jahr;2025;DINSG;Deutschland insgesamt;DG;Deutschland;PROAT1;Landwirtschaftliche Produkte;LWPR-2111;Jungbullen;188,8;2020=100;PRE018;Erzeugerpreisindizes landwirtschaftlicher Produkte
61211;Index der Erzeugerpreise landwirtschaftl. Produkte;JAHR;Jahr;2002;DINSG;Deutschland insgesamt;DG;Deutschland;PROAT1;Landwirtschaftliche Produkte;LWPR-213;Schafe und Ziegen;67,3;2020=100;PRE018;Erzeugerpreisindizes landwirtschaftlicher Produkte
61211;Index der Erzeugerpreise landwirtschaftl. Produkte;JAHR;Jahr;2018;DINSG;Deutschland insgesamt;DG;Deutschland;PROAT1;Landwirtschaftliche Produkte;LWPR-2111;Jungbullen;107,6;2020=100;PRE018;Erzeugerpreisindizes landwirtschaftlicher Produkte
61211;Index der Erzeugerpreise landwirtschaftl. Produkte;JAHR;Jahr;1969;DINSG;Deutschland insgesamt;DG;Deutschland;PROAT1;Landwirtschaftliche Produkte;LWPR-1215;Braugerste;108,1;2020=100;PRE018;Erzeugerpreisindizes landwirtschaftlicher Produkte
61211;Index der Erzeugerpreise landwirtschaftl. Produkte;JAHR;Jahr;1990;DINSG;Deutschland insgesamt;DG;Deutschland;PROAT1;Landwirtschaftliche Produkte;LWPR-1513;Gurken;-;2020=100;PRE018;Erzeugerpreisindizes landwirtschaftlicher Produkte
61211;Index der Erzeugerpreise landwirtschaftl. Produkte;JAHR;Jahr;2020;DINSG;Deutschland insgesamt;DG;Deutschland;PROAT1;Landwirtschaftliche Produkte;LWPR-151;Gemüse;100,0;2020=100;PRE018;Erzeugerpreisindizes landwirtschaftlicher Produkte
61211;Index der Erzeugerpreise landwirtschaftl. Produkte;JAHR;Jahr;1970;DINSG;Deutschland insgesamt;DG;Deutschland;PROAT1;Landwirtschaftliche Produkte;LWPR-1211;Brotweizen;107,7;2020=100;PRE018;Erzeugerpreisindizes landwirtschaftlicher Produkte
61211;Index der Erzeugerpreise landwirtschaftl. Produkte;JAHR;Jahr;1992;DINSG;Deutschland insgesamt;DG;Deutschland;PROAT1;Landwirtschaftliche Produkte;LWPR-131;Raps;53,7;2020=100;PRE018;Erzeugerpreisindizes landwirtschaftlicher Produkte
61211;Index der Erzeugerpreise landwirtschaftl. Produkte;JAHR;Jahr;2025;DINSG;Deutschland insgesamt;DG;Deutschland;PROAT1;Landwirtschaftliche Produkte;LWPR-14;Kartoffeln (einschließlich Pflanzkartoffeln);119,5;2020=100;PRE018;Erzeugerpreisindizes landwirtschaftlicher Produkte
61211;Index der Erzeugerpreise landwirtschaftl. Produkte;JAHR;Jahr;1981;DINSG;Deutschland insgesamt;DG;Deutschland;PROAT1;Landwirtschaftliche Produkte;LWPR-214;Geflügel;100,8;2020=100;PRE018;Erzeugerpreisindizes landwirtschaftlicher Produkte
61211;Index der Erzeugerpreise landwirtschaftl. Produkte;JAHR;Jahr;2010;DINSG;Deutschland insgesamt;DG;Deutschland;PROAT1;Landwirtschaftliche Produkte;LWPR-1511;Blumenkohl;42,2;2020=100;PRE018;Erzeugerpreisindizes landwirtschaftlicher Produkte
61211;Index der Erzeugerpreise landwirtschaftl. Produkte;JAHR;Jahr;1981;DINSG;Deutschland insgesamt;DG;Deutschland;PROAT1;Landwirtschaftliche Produkte;LWPR-1212;Brotroggen;154,7;2020=100;PRE018;Erzeugerpreisindizes landwirtschaftlicher Produkte
61211;Index der Erzeugerpreise landwirtschaftl. Produkte;JAHR;Jahr;2009;DINSG;Deutschland insgesamt;DG;Deutschland;PROAT1;Landwirtschaftliche Produkte;LWPR-1515;Spargel;-;2020=100;PRE018;Erzeugerpreisindizes landwirtschaftlicher Produkte
61211;Index der Erzeugerpreise landwirtschaftl. Produkte;JAHR;Jahr;1972;DINSG;Deutschland insgesamt;DG;Deutschland;PROAT1;Landwirtschaftliche Produkte;LWPR-15171;Eissalat;-;2020=100;PRE018;Erzeugerpreisindizes landwirtschaftlicher Produkte
61211;Index der Erzeugerpreise landwirtschaftl. Produkte;JAHR;Jahr;1975;DINSG;Deutschland insgesamt;DG;Deutschland;PROAT1;Landwirtschaftliche Produkte;LWPR-1516;Kohlgemüse;-;2020=100;PRE018;Erzeugerpreisindizes landwirtschaftlicher Produkte
61211;Index der Erzeugerpreise landwirtschaftl. Produkte;JAHR;Jahr;1969;DINSG;Deutschland insgesamt;DG;Deutschland;PROAT1;Landwirtschaftliche Produkte;LWPR-2141;Hähnchen;78,8;2020=100;PRE018;Erzeugerpreisindizes landwirtschaftlicher Produkte
61211;Index der Erzeugerpreise landwirtschaftl. Produkte;JAHR;Jahr;1985;DINSG;Deutschland insgesamt;DG;Deutschland;PROAT1;Landwirtschaftliche Produkte;LWPR-121;Getreide;126,9;2020=100;PRE018;Erzeugerpreisindizes landwirtschaftlicher Produkte
61211;Index der Erzeugerpreise landwirtschaftl. Produkte;JAHR;Jahr;1972;DINSG;Deutschland insgesamt;DG;Deutschland;PROAT1;Landwirtschaftliche Produkte;LWPR-23;Eier;44,0;2020=100;PRE018;Erzeugerpreisindizes landwirtschaftlicher Produkte
61211;Index der Erzeugerpreise landwirtschaftl. Produkte;JAHR;Jahr;2016;DINSG;Deutschland insgesamt;DG;Deutschland;PROAT1;Landwirtschaftliche Produkte;LWPR-211;Rinder;103,1;2020=100;PRE018;Erzeugerpreisindizes landwirtschaftlicher Produkte
61211;Index der Erzeugerpreise landwirtschaftl. Produkte;JAHR;Jahr;1973;DINSG;Deutschland insgesamt;DG;Deutschland;PROAT1;Landwirtschaftliche Produkte;LWPR-161;Tafeläpfel;-;2020=100;PRE018;Erzeugerpreisindizes landwirtschaftlicher Produkte
61211;Index der Erzeugerpreise landwirtschaftl. Produkte;JAHR;Jahr;2024;DINSG;Deutschland insgesamt;DG;Deutschland;PROAT1;Landwirtschaftliche Produkte;LWPR-214;Geflügel;139,9;2020=100;PRE018;Erzeugerpreisindizes landwirtschaftlicher Produkte
61211;Index der Erzeugerpreise landwirtschaftl. Produkte;JAHR;Jahr;1998;DINSG;Deutschland insgesamt;DG;Deutschland;PROAT1;Landwirtschaftliche Produkte;LWPR-213;Schafe und Ziegen;58,7;2020=100;PRE018;Erzeugerpreisindizes landwirtschaftlicher Produkte
61211;Index der Erzeugerpreise landwirtschaftl. Produkte;JAHR;Jahr;1983;DINSG;Deutschland insgesamt;DG;Deutschland;PROAT1;Landwirtschaftliche Produkte;LWPR-1522;Topfpflanzen;84,8;2020=100;PRE018;Erzeugerpreisindizes landwirtschaftlicher Produkte
61211;Index der Erzeugerpreise landwirtschaftl. Produkte;JAHR;Jahr;1986;DINSG;Deutschland insgesamt;DG;Deutschland;PROAT1;Landwirtschaftliche Produkte;LWPR-161;Tafeläpfel;-;2020=100;PRE018;Erzeugerpreisindizes landwirtschaftlicher Produkte
61211;Index der Erzeugerpreise landwirtschaftl. Produkte;JAHR;Jahr;2006;DINSG;Deutschland insgesamt;DG;Deutschland;PROAT1;Landwirtschaftliche Produkte;LWPR-23;Eier;54,7;2020=100;PRE018;Erzeugerpreisindizes landwirtschaftlicher Produkte
61211;Index der Erzeugerpreise landwirtschaftl. Produkte;JAHR;Jahr;1998;DINSG;Deutschland insgesamt;DG;Deutschland;PROAT1;Landwirtschaftliche Produkte;LWPR-1213;Futterweizen;63,1;2020=100;PRE018;Erzeugerpreisindizes landwirtschaftlicher Produkte
61211;Index der Erzeugerpreise landwirtschaftl. Produkte;JAHR;Jahr;2013;DINSG;Deutschland insgesamt;DG;Deutschland;PROAT1;Landwirtschaftliche Produkte;LWPR-141;Speisekartoffeln;79,8;2020=100;PRE018;Erzeugerpreisindizes landwirtschaftlicher Produkte
61211;Index der Erzeugerpreise landwirtschaftl. Produkte;JAHR;Jahr;2008;DINSG;Deutschland insgesamt;DG;Deutschland;PROAT1;Landwirtschaftliche Produkte;LWPR-2142;Sonstiges Geflügel;97,1;2020=100;PRE018;Erzeugerpreisindizes landwirtschaftlicher Produkte
61211;Index der Erzeugerpreise landwirtschaftl. Produkte;JAHR;Jahr;1988;DINSG;Deutschland insgesamt;DG;Deutschland;PROAT1;Landwirtschaftliche Produkte;LWPR-15171;Eissalat;-;2020=100;PRE018;Erzeugerpreisindizes landwirtschaftlicher Produkte
61211;Index der Erzeugerpreise landwirtschaftl. Produkte;JAHR;Jahr;2025;DINSG;Deutschland insgesamt;DG;Deutschland;PROAT1;Landwirtschaftliche Produkte;LWPR-1514;Champignons;144,0;2020=100;PRE018;Erzeugerpreisindizes landwirtschaftlicher Produkte
61211;Index der Erzeugerpreise landwirtschaftl. Produkte;JAHR;Jahr;1994;DINSG;Deutschland insgesamt;DG;Deutschland;PROAT1;Landwirtschaftliche Produkte;LWPR-1216;Körnermais;86,7;2020=100;PRE018;Erzeugerpreisindizes landwirtschaftlicher Produkte
61211;Index der Erzeugerpreise landwirtschaftl. Produkte;JAHR;Jahr;2002;DINSG;Deutschland insgesamt;DG;Deutschland;PROAT1;Landwirtschaftliche Produkte;LWPR-1514;Champignons;89,8;2020=100;PRE018;Erzeugerpreisindizes landwirtschaftlicher Produkte
61211;Index der Erzeugerpreise landwirtschaftl. Produkte;JAHR;Jahr;2022;DINSG;Deutschland insgesamt;DG;Deutschland;PROAT1;Landwirtschaftliche Produkte;LWPR-1523;Baumschulerzeugnisse;142,0;2020=100;PRE018;Erzeugerpreisindizes landwirtschaftlicher Produkte
61211;Index der Erzeugerpreise landwirtschaftl. Produkte;JAHR;Jahr;2000;DINSG;Deutschland insgesamt;DG;Deutschland;PROAT1;Landwirtschaftliche Produkte;LWPR-12;Getreide (einschließlich Saatgut);69,4;2020=100;PRE018;Erzeugerpreisindizes landwirtschaftlicher Produkte
61211;Index der Erzeugerpreise landwirtschaftl. Produkte;JAHR;Jahr;1982;DINSG;Deutschland insgesamt;DG;Deutschland;PROAT1;Landwirtschaftliche Produkte;LWPR-21;Tiere;124,7;2020=100;PRE018;Erzeugerpreisindizes landwirtschaftlicher Produkte
61211;Index der Erzeugerpreise landwirtschaftl. Produkte;JAHR;Jahr;1988;DINSG;Deutschland insgesamt;DG;Deutschland;PROAT1;Landwirtschaftliche Produkte;LWPR-2142;Sonstiges Geflügel;91,8;2020=100;PRE018;Erzeugerpreisindizes landwirtschaftlicher Produkte
61211;Index der Erzeugerpreise landwirtschaftl. Produkte;JAHR;Jahr;1986;DINSG;Deutschland insgesamt;DG;Deutschland;PROAT1;Landwirtschaftliche Produkte;LWPR-12;Getreide (einschließlich Saatgut);126,5;2020=100;PRE018;Erzeugerpreisindizes landwirtschaftlicher Produkte
61211;Index der Erzeugerpreise landwirtschaftl. Produkte;JAHR;Jahr;2024;DINSG;Deutschland insgesamt;DG;Deutschland;PROAT1;Landwirtschaftliche Produkte;LWPR;Erzeugung landwirtschaftlicher Produkte;139,2;2020=100;PRE018;Erzeugerpreisindizes landwirtschaftlicher Produkte
61211;Index der Erzeugerpreise landwirtschaftl. Produkte;JAHR;Jahr;2012;DINSG;Deutschland insgesamt;DG;Deutschland;PROAT1;Landwirtschaftliche Produkte;LWPR-121;Getreide;131,5;2020=100;PRE018;Erzeugerpreisindizes landwirtschaftlicher Produkte
61211;Index der Erzeugerpreise landwirtschaftl. Produkte;JAHR;Jahr;1970;DINSG;Deutschland insgesamt;DG;Deutschland;PROAT1;Landwirtschaftliche Produkte;LWPR-152;Pflanzen und Blumen;46,3;2020=100;PRE018;Erzeugerpreisindizes landwirtschaftlicher Produkte
61211;Index der Erzeugerpreise landwirtschaftl. Produkte;JAHR;Jahr;1991;DINSG;Deutschland insgesamt;DG;Deutschland;PROAT1;Landwirtschaftliche Produkte;LWPR-122;Getreidesaatgut;106,7;2020=100;PRE018;Erzeugerpreisindizes landwirtschaftlicher Produkte
61211;Index der Erzeugerpreise landwirtschaftl. Produkte;JAHR;Jahr;2017;DINSG;Deutschland insgesamt;DG;Deutschland;PROAT1;Landwirtschaftliche Produkte;LWPR-133;Futterpflanzen;-;2020=100;PRE018;Erzeugerpreisindizes landwirtschaftlicher Produkte
61211;Index der Erzeugerpreise landwirtschaftl. Produkte;JAHR;Jahr;1993;DINSG;Deutschland insgesamt;DG;Deutschland;PROAT1;Landwirtschaftliche Produkte;LWPR-133;Futterpflanzen;-;2020=100;PRE018;Erzeugerpreisindizes landwirtschaftlicher Produkte
61211;Index der Erzeugerpreise landwirtschaftl. Produkte;JAHR;Jahr;2014;DINSG;Deutschland insgesamt;DG;Deutschland;PROAT1;Landwirtschaftliche Produkte;LWPR-2114;Kälber;124,4;2020=100;PRE018;Erzeugerpreisindizes landwirtschaftlicher Produkte
61211;Index der Erzeugerpreise landwirtschaftl. Produkte;JAHR;Jahr;1979;DINSG;Deutschland insgesamt;DG;Deutschland;PROAT1;Landwirtschaftliche Produkte;LWPR-152;Pflanzen und Blumen;64,5;2020=100;PRE018;Erzeugerpreisindizes landwirtschaftlicher Produkte
61211;Index der Erzeugerpreise landwirtschaftl. Produkte;JAHR;Jahr;1986;DINSG;Deutschland insgesamt;DG;Deutschland;PROAT1;Landwirtschaftliche Produkte;LWPR-1;Pflanzliche Erzeugung;88,2;2020=100;PRE018;Erzeugerpreisindizes landwirtschaftlicher Produkte
61211;Index der Erzeugerpreise landwirtschaftl. Produkte;JAHR;Jahr;2014;DINSG;Deutschland insgesamt;DG;Deutschland;PROAT1;Landwirtschaftliche Produkte;LWPR-1521;Schnittblumen;84,2;2020=100;PRE018;Erzeugerpreisindizes landwirtschaftlicher Produkte
61211;Index der Erzeugerpreise landwirtschaftl. Produkte;JAHR;Jahr;2017;DINSG;Deutschland insgesamt;DG;Deutschland;PROAT1;Landwirtschaftliche Produkte;LWPR-1512;Tomaten;138,7;2020=100;PRE018;Erzeugerpreisindizes landwirtschaftlicher Produkte
61211;Index der Erzeugerpreise landwirtschaftl. Produkte;JAHR;Jahr;1983;DINSG;Deutschland insgesamt;DG;Deutschland;PROAT1;Landwirtschaftliche Produkte;LWPR-22;Milch;96,6;2020=100;PRE018;Erzeugerpreisindizes landwirtschaftlicher Produkte
61211;Index der Erzeugerpreise landwirtschaftl. Produkte;JAHR;Jahr;1992;DINSG;Deutschland insgesamt;DG;Deutschland;PROAT1;Landwirtschaftliche Produkte;LWPR-2142;Sonstiges Geflügel;88,7;2020=100;PRE018;Erzeugerpreisindizes landwirtschaftlicher Produkte
61211;Index der Erzeugerpreise landwirtschaftl. Produkte;JAHR;Jahr;2025;DINSG;Deutschland insgesamt;DG;Deutschland;PROAT1;Landwirtschaftliche Produkte;LWPR-1215;Braugerste;109,7;2020=100;PRE018;Erzeugerpreisindizes landwirtschaftlicher Produkte
61211;Index der Erzeugerpreise landwirtschaftl. Produkte;JAHR;Jahr;2022;DINSG;Deutschland insgesamt;DG;Deutschland;PROAT1;Landwirtschaftliche Produkte;LWPR-2142;Sonstiges Geflügel;123,7;2020=100;PRE018;Erzeugerpreisindizes landwirtschaftlicher Produkte
61211;Index der Erzeugerpreise landwirtschaftl. Produkte;JAHR;Jahr;2024;DINSG;Deutschland insgesamt;DG;Deutschland;PROAT1;Landwirtschaftliche Produkte;LWPR-22;Milch;144,9;2020=100;PRE018;Erzeugerpreisindizes landwirtschaftlicher Produkte
61211;Index der Erzeugerpreise landwirtschaftl. Produkte;JAHR;Jahr;2011;DINSG;Deutschland insgesamt;DG;Deutschland;PROAT1;Landwirtschaftliche Produkte;LWPR-1214;Futtergerste;122,1;2020=100;PRE018;Erzeugerpreisindizes landwirtschaftlicher Produkte
61211;Index der Erzeugerpreise landwirtschaftl. Produkte;JAHR;Jahr;1971;DINSG;Deutschland insgesamt;DG;Deutschland;PROAT1;Landwirtschaftliche Produkte;LWPR-1515;Spargel;-;2020=100;PRE018;Erzeugerpreisindizes landwirtschaftlicher Produkte
61211;Index der Erzeugerpreise landwirtschaftl. Produkte;JAHR;Jahr;1984;DINSG;Deutschland insgesamt;DG;Deutschland;PROAT1;Landwirtschaftliche Produkte;LWPR-16;Obst;68,2;2020=100;PRE018;Erzeugerpreisindizes landwirtschaftlicher Produkte
61211;Index der Erzeugerpreise landwirtschaftl. Produkte;JAHR;Jahr;1979;DINSG;Deutschland insgesamt;DG;Deutschland;PROAT1;Landwirtschaftliche Produkte;LWPR-21;Tiere;108,0;2020=100;PRE018;Erzeugerpreisindizes landwirtschaftlicher Produkte
61211;Index der Erzeugerpreise landwirtschaftl. Produkte;JAHR;Jahr;2003;DINSG;Deutschland insgesamt;DG;Deutschland;PROAT1;Landwirtschaftliche Produkte;LWPR-1511;Blumenkohl;31,9;2020=100;PRE018;Erzeugerpreisindizes landwirtschaftlicher Produkte
61211;Index der Erzeugerpreise landwirtschaftl. Produkte;JAHR;Jahr;1979;DINSG;Deutschland insgesamt;DG;Deutschland;PROAT1;Landwirtschaftliche Produkte;LWPR-161;Tafeläpfel;-;2020=100;PRE018;Erzeugerpreisindizes landwirtschaftlicher Produkte
61211;Index der Erzeugerpreise landwirtschaftl. Produkte;JAHR;Jahr;1979;DINSG;Deutschland insgesamt;DG;Deutschland;PROAT1;Landwirtschaftliche Produkte;LWPR-1522;Topfpflanzen;83,9;2020=100;PRE018;Erzeugerpreisindizes landwirtschaftlicher Produkte
61211;Index der Erzeugerpreise landwirtschaftl. Produkte;JAHR;Jahr;1970;DINSG;Deutschland insgesamt;DG;Deutschland;PROAT1;Landwirtschaftliche Produkte;LWPR-121;Getreide;106,6;2020=100;PRE018;Erzeugerpreisindizes landwirtschaftlicher Produkte
61211;Index der Erzeugerpreise landwirtschaftl. Produkte;JAHR;Jahr;2022;DINSG;Deutschland insgesamt;DG;Deutschland;PROAT1;Landwirtschaftliche Produkte;LWPR-162;Erdbeeren;84,6;2020=100;PRE018;Erzeugerpreisindizes landwirtschaftlicher Produkte
61211;Index der Erzeugerpreise landwirtschaftl. Produkte;JAHR;Jahr;1982;DINSG;Deutschland insgesamt;DG;Deutschland;PROAT1;Landwirtschaftliche Produkte;LWPR-2;Tierische Erzeugung;105,9;2020=100;PRE018;Erzeugerpreisindizes landwirtschaftlicher Produkte
61211;Index der Erzeugerpreise landwirtschaftl. Produkte;JAHR;Jahr;1981;DINSG;Deutschland insgesamt;DG;Deutschland;PROAT1;Landwirtschaftliche Produkte;LWPR-2141;Hähnchen;95,8;2020=100;PRE018;Erzeugerpreisindizes landwirtschaftlicher Produkte
61211;Index der Erzeugerpreise landwirtschaftl. Produkte;JAHR;Jahr;2019;DINSG;Deutschland insgesamt;DG;Deutschland;PROAT1;Landwirtschaftliche Produkte;LWPR-141;Speisekartoffeln;167,1;2020=100;PRE018;Erzeugerpreisindizes landwirtschaftlicher Produkte
61211;Index der Erzeugerpreise landwirtschaftl. Produkte;JAHR;Jahr;2024;DINSG;Deutschland insgesamt;DG;Deutschland;PROAT1;Landwirtschaftliche Produkte;LWPR-1517;Salat;150,2;2020=100;PRE018;Erzeugerpreisindizes landwirtschaftlicher Produkte
61211;Index der Erzeugerpreise landwirtschaftl. Produkte;JAHR;Jahr;2007;DINSG;Deutschland insgesamt;DG;Deutschland;PROAT1;Landwirtschaftliche Produkte;LWPR-15;Erzeugnisse des Gemüse- und Gartenbaus;79,2;2020=100;PRE018;Erzeugerpreisindizes landwirtschaftlicher Produkte
61211;Index der Erzeugerpreise landwirtschaftl. Produkte;JAHR;Jahr;1975;DINSG;Deutschland insgesamt;DG;Deutschland;PROAT1;Landwirtschaftliche Produkte;LWPR-2113;Färsen;92,5;2020=100;PRE018;Erzeugerpreisindizes landwirtschaftlicher Produkte
61211;Index der Erzeugerpreise landwirtschaftl. Produkte;JAHR;Jahr;1995;DINSG;Deutschland insgesamt;DG;Deutschland;PROAT1;Landwirtschaftliche Produkte;LWPR-2142;Sonstiges Geflügel;81,7;2020=100;PRE018;Erzeugerpreisindizes landwirtschaftlicher Produkte
61211;Index der Erzeugerpreise landwirtschaftl. Produkte;JAHR;Jahr;2018;DINSG;Deutschland insgesamt;DG;Deutschland;PROAT1;Landwirtschaftliche Produkte;LWPR;Erzeugung landwirtschaftlicher Produkte;100,9;2020=100;PRE018;Erzeugerpreisindizes landwirtschaftlicher Produkte
61211;Index der Erzeugerpreise landwirtschaftl. Produkte;JAHR;Jahr;2004;DINSG;Deutschland insgesamt;DG;Deutschland;PROAT1;Landwirtschaftliche Produkte;LWPR-2141;Hähnchen;70,5;2020=100;PRE018;Erzeugerpreisindizes landwirtschaftlicher Produkte
61211;Index der Erzeugerpreise landwirtschaftl. Produkte;JAHR;Jahr;2021;DINSG;Deutschland insgesamt;DG;Deutschland;PROAT1;Landwirtschaftliche Produkte;LWPR-162;Erdbeeren;91,4;2020=100;PRE018;Erzeugerpreisindizes landwirtschaftlicher Produkte
61211;Index der Erzeugerpreise landwirtschaftl. Produkte;JAHR;Jahr;2022;DINSG;Deutschland insgesamt;DG;Deutschland;PROAT1;Landwirtschaftliche Produkte;LWPR-2111;Jungbullen;142,4;2020=100;PRE018;Erzeugerpreisindizes landwirtschaftlicher Produkte
61211;Index der Erzeugerpreise landwirtschaftl. Produkte;JAHR;Jahr;1983;DINSG;Deutschland insgesamt;DG;Deutschland;PROAT1;Landwirtschaftliche Produkte;LWPR-212;Schweine;125,7;2020=100;PRE018;Erzeugerpreisindizes landwirtschaftlicher Produkte
61211;Index der Erzeugerpreise landwirtschaftl. Produkte;JAHR;Jahr;1983;DINSG;Deutschland insgesamt;DG;Deutschland;PROAT1;Landwirtschaftliche Produkte;LWPR-2113;Färsen;107,6;2020=100;PRE018;Erzeugerpreisindizes landwirtschaftlicher Produkte
61211;Index der Erzeugerpreise landwirtschaftl. Produkte;JAHR;Jahr;2023;DINSG;Deutschland insgesamt;DG;Deutschland;PROAT1;Landwirtschaftliche Produkte;LWPR-214;Geflügel;147,7;2020=100;PRE018;Erzeugerpreisindizes landwirtschaftlicher Produkte
61211;Index der Erzeugerpreise landwirtschaftl. Produkte;JAHR;Jahr;1994;DINSG;Deutschland insgesamt;DG;Deutschland;PROAT1;Landwirtschaftliche Produkte;LWPR-1523;Baumschulerzeugnisse;89,3;2020=100;PRE018;Erzeugerpreisindizes landwirtschaftlicher Produkte
61211;Index der Erzeugerpreise landwirtschaftl. Produkte;JAHR;Jahr;1968;DINSG;Deutschland insgesamt;DG;Deutschland;PROAT1;Landwirtschaftliche Produkte;LWPR-2113;Färsen;70,8;2020=100;PRE018;Erzeugerpreisindizes landwirtschaftlicher Produkte
61211;Index der Erzeugerpreise landwirtschaftl. Produkte;JAHR;Jahr;1980;DINSG;Deutschland insgesamt;DG;Deutschland;PROAT1;Landwirtschaftliche Produkte;LWPR-14;Kartoffeln (einschließlich Pflanzkartoffeln);45,0;2020=100;PRE018;Erzeugerpreisindizes landwirtschaftlicher Produkte
61211;Index der Erzeugerpreise landwirtschaftl. Produkte;JAHR;Jahr;2014;DINSG;Deutschland insgesamt;DG;Deutschland;PROAT1;Landwirtschaftliche Produkte;LWPR-15;Erzeugnisse des Gemüse- und Gartenbaus;81,9;2020=100;PRE018;Erzeugerpreisindizes landwirtschaftlicher Produkte
61211;Index der Erzeugerpreise landwirtschaftl. Produkte;JAHR;Jahr;2010;DINSG;Deutschland insgesamt;DG;Deutschland;PROAT1;Landwirtschaftliche Produkte;LWPR-2113;Färsen;86,6;2020=100;PRE018;Erzeugerpreisindizes landwirtschaftlicher Produkte
61211;Index der Erzeugerpreise landwirtschaftl. Produkte;JAHR;Jahr;1980;DINSG;Deutschland insgesamt;DG;Deutschland;PROAT1;Landwirtschaftliche Produkte;LWPR-162;Erdbeeren;-;2020=100;PRE018;Erzeugerpreisindizes landwirtschaftlicher Produkte
61211;Index der Erzeugerpreise landwirtschaftl. Produkte;JAHR;Jahr;1973;DINSG;Deutschland insgesamt;DG;Deutschland;PROAT1;Landwirtschaftliche Produkte;LWPR-2141;Hähnchen;87,2;2020=100;PRE018;Erzeugerpreisindizes landwirtschaftlicher Produkte
61211;Index der Erzeugerpreise landwirtschaftl. Produkte;JAHR;Jahr;1997;DINSG;Deutschland insgesamt;DG;Deutschland;PROAT1;Landwirtschaftliche Produkte;LWPR-1514;Champignons;78,5;2020=100;PRE018;Erzeugerpreisindizes landwirtschaftlicher Produkte
61211;Index der Erzeugerpreise landwirtschaftl. Produkte;JAHR;Jahr;1971;DINSG;Deutschland insgesamt;DG;Deutschland;PROAT1;Landwirtschaftliche Produkte;LWPR-141;Speisekartoffeln;19,4;2020=100;PRE018;Erzeugerpreisindizes landwirtschaftlicher Produkte
61211;Index der Erzeugerpreise landwirtschaftl. Produkte;JAHR;Jahr;2015;DINSG;Deutschland insgesamt;DG;Deutschland;PROAT1;Landwirtschaftliche Produkte;LWPR-1211;Brotweizen;93,5;2020=100;PRE018;Erzeugerpreisindizes landwirtschaftlicher Produkte
61211;Index der Erzeugerpreise landwirtschaftl. Produkte;JAHR;Jahr;2013;DINSG;Deutschland insgesamt;DG;Deutschland;PROAT1;Landwirtschaftliche Produkte;LWPR-1515;Spargel;-;2020=100;PRE018;Erzeugerpreisindizes landwirtschaftlicher Produkte
61211;Index der Erzeugerpreise landwirtschaftl. Produkte;JAHR;Jahr;1980;DINSG;Deutschland insgesamt;DG;Deutschland;PROAT1;Landwirtschaftliche Produkte;LWPR-1522;Topfpflanzen;86,2;2020=100;PRE018;Erzeugerpreisindizes landwirtschaftlicher Produkte
61211;Index der Erzeugerpreise landwirtschaftl. Produkte;JAHR;Jahr;1994;DINSG;Deutschland insgesamt;DG;Deutschland;PROAT1;Landwirtschaftliche Produkte;LWPR-16;Obst;66,5;2020=100;PRE018;Erzeugerpreisindizes landwirtschaftlicher Produkte
61211;Index der Erzeugerpreise landwirtschaftl. Produkte;JAHR;Jahr;1997;DINSG;Deutschland insgesamt;DG;Deutschland;PROAT1;Landwirtschaftliche Produkte;LWPR-2114;Kälber;92,4;2020=100;PRE018;Erzeugerpreisindizes landwirtschaftlicher Produkte
61211;Index der Erzeugerpreise landwirtschaftl. Produkte;JAHR;Jahr;1994;DINSG;Deutschland insgesamt;DG;Deutschland;PROAT1;Landwirtschaftliche Produkte;LWPR-151;Gemüse;59,0;2020=100;PRE018;Erzeugerpreisindizes landwirtschaftlicher Produkte
61211;Index der Erzeugerpreise landwirtschaftl. Produkte;JAHR;Jahr;2006;DINSG;Deutschland insgesamt;DG;Deutschland;PROAT1;Landwirtschaftliche Produkte;LWPR-2113;Färsen;83,8;2020=100;PRE018;Erzeugerpreisindizes landwirtschaftlicher Produkte
61211;Index der Erzeugerpreise landwirtschaftl. Produkte;JAHR;Jahr;1991;DINSG;Deutschland insgesamt;DG;Deutschland;PROAT1;Landwirtschaftliche Produkte;LWPR-1216;Körnermais;122,7;2020=100;PRE018;Erzeugerpreisindizes landwirtschaftlicher Produkte
61211;Index der Erzeugerpreise landwirtschaftl. Produkte;JAHR;Jahr;1999;DINSG;Deutschland insgesamt;DG;Deutschland;PROAT1;Landwirtschaftliche Produkte;LWPR-133;Futterpflanzen;-;2020=100;PRE018;Erzeugerpreisindizes landwirtschaftlicher Produkte
61211;Index der Erzeugerpreise landwirtschaftl. Produkte;JAHR;Jahr;2008;DINSG;Deutschland insgesamt;DG;Deutschland;PROAT1;Landwirtschaftliche Produkte;LWPR-1211;Brotweizen;102,8;2020=100;PRE018;Erzeugerpreisindizes landwirtschaftlicher Produkte
61211;Index der Erzeugerpreise landwirtschaftl. Produkte;JAHR;Jahr;1984;DINSG;Deutschland insgesamt;DG;Deutschland;PROAT1;Landwirtschaftliche Produkte;LWPR-1;Pflanzliche Erzeugung;96,3;2020=100;PRE018;Erzeugerpreisindizes landwirtschaftlicher Produkte
61211;Index der Erzeugerpreise landwirtschaftl. Produkte;JAHR;Jahr;1983;DINSG;Deutschland insgesamt;DG;Deutschland;PROAT1;Landwirtschaftliche Produkte;LWPR-1513;Gurken;-;2020=100;PRE018;Erzeugerpreisindizes landwirtschaftlicher Produkte
61211;Index der Erzeugerpreise landwirtschaftl. Produkte;JAHR;Jahr;2003;DINSG;Deutschland insgesamt;DG;Deutschland;PROAT1;Landwirtschaftliche Produkte;LWPR-122;Getreidesaatgut;80,1;2020=100;PRE018;Erzeugerpreisindizes landwirtschaftlicher Produkte
61211;Index der Erzeugerpreise landwirtschaftl. Produkte;JAHR;Jahr;1976;DINSG;Deutschland insgesamt;DG;Deutschland;PROAT1;Landwirtschaftliche Produkte;LWPR-133;Futterpflanzen;-;2020=100;PRE018;Erzeugerpreisindizes landwirtschaftlicher Produkte
61211;Index der Erzeugerpreise landwirtschaftl. Produkte;JAHR;Jahr;1989;DINSG;Deutschland insgesamt;DG;Deutschland;PROAT1;Landwirtschaftliche Produkte;LWPR-1517;Salat;-;2020=100;PRE018;Erzeugerpreisindizes landwirtschaftlicher Produkte
61211;Index der Erzeugerpreise landwirtschaftl. Produkte;JAHR;Jahr;2018;DINSG;Deutschland insgesamt;DG;Deutschland;PROAT1;Landwirtschaftliche Produkte;LWPR-17;Wein;-;2020=100;PRE018;Erzeugerpreisindizes landwirtschaftlicher Produkte
61211;Index der Erzeugerpreise landwirtschaftl. Produkte;JAHR;Jahr;2017;DINSG;Deutschland insgesamt;DG;Deutschland;PROAT1;Landwirtschaftliche Produkte;LWPR-22;Milch;108,9;2020=100;PRE018;Erzeugerpreisindizes landwirtschaftlicher Produkte
61211;Index der Erzeugerpreise landwirtschaftl. Produkte;JAHR;Jahr;1995;DINSG;Deutschland insgesamt;DG;Deutschland;PROAT1;Landwirtschaftliche Produkte;LWPR-162;Erdbeeren;45,5;2020=100;PRE018;Erzeugerpreisindizes landwirtschaftlicher Produkte
61211;Index der Erzeugerpreise landwirtschaftl. Produkte;JAHR;Jahr;1986;DINSG;Deutschland insgesamt;DG;Deutschland;PROAT1;Landwirtschaftliche Produkte;LWPR-21;Tiere;98,4;2020=100;PRE018;Erzeugerpreisindizes landwirtschaftlicher Produkte
61211;Index der Erzeugerpreise landwirtschaftl. Produkte;JAHR;Jahr;2025;DINSG;Deutschland insgesamt;DG;Deutschland;PROAT1;Landwirtschaftliche Produkte;LWPR-1523;Baumschulerzeugnisse;186,4;2020=100;PRE018;Erzeugerpreisindizes landwirtschaftlicher Produkte
61211;Index der Erzeugerpreise landwirtschaftl. Produkte;JAHR;Jahr;2018;DINSG;Deutschland insgesamt;DG;Deutschland;PROAT1;Landwirtschaftliche Produkte;LWPR-1215;Braugerste;122,4;2020=100;PRE018;Erzeugerpreisindizes landwirtschaftlicher Produkte
61211;Index der Erzeugerpreise landwirtschaftl. Produkte;JAHR;Jahr;1984;DINSG;Deutschland insgesamt;DG;Deutschland;PROAT1;Landwirtschaftliche Produkte;LWPR-1212;Brotroggen;159,4;2020=100;PRE018;Erzeugerpreisindizes landwirtschaftlicher Produkte
61211;Index der Erzeugerpreise landwirtschaftl. Produkte;JAHR;Jahr;1978;DINSG;Deutschland insgesamt;DG;Deutschland;PROAT1;Landwirtschaftliche Produkte;LWPR-1516;Kohlgemüse;-;2020=100;PRE018;Erzeugerpreisindizes landwirtschaftlicher Produkte
61211;Index der Erzeugerpreise landwirtschaftl. Produkte;JAHR;Jahr;2006;DINSG;Deutschland insgesamt;DG;Deutschland;PROAT1;Landwirtschaftliche Produkte;LWPR-15171;Eissalat;116,3;2020=100;PRE018;Erzeugerpreisindizes landwirtschaftlicher Produkte
61211;Index der Erzeugerpreise landwirtschaftl. Produkte;JAHR;Jahr;1977;DINSG;Deutschland insgesamt;DG;Deutschland;PROAT1;Landwirtschaftliche Produkte;LWPR-131;Raps;-;2020=100;PRE018;Erzeugerpreisindizes landwirtschaftlicher Produkte
61211;Index der Erzeugerpreise landwirtschaftl. Produkte;JAHR;Jahr;2007;DINSG;Deutschland insgesamt;DG;Deutschland;PROAT1;Landwirtschaftliche Produkte;LWPR-1521;Schnittblumen;77,3;2020=100;PRE018;Erzeugerpreisindizes landwirtschaftlicher Produkte
61211;Index der Erzeugerpreise landwirtschaftl. Produkte;JAHR;Jahr;1998;DINSG;Deutschland insgesamt;DG;Deutschland;PROAT1;Landwirtschaftliche Produkte;LWPR-2111;Jungbullen;77,2;2020=100;PRE018;Erzeugerpreisindizes landwirtschaftlicher Produkte
61211;Index der Erzeugerpreise landwirtschaftl. Produkte;JAHR;Jahr;2014;DINSG;Deutschland insgesamt;DG;Deutschland;PROAT1;Landwirtschaftliche Produkte;LWPR-1;Pflanzliche Erzeugung;86,0;2020=100;PRE018;Erzeugerpreisindizes landwirtschaftlicher Produkte
61211;Index der Erzeugerpreise landwirtschaftl. Produkte;JAHR;Jahr;2007;DINSG;Deutschland insgesamt;DG;Deutschland;PROAT1;Landwirtschaftliche Produkte;LWPR-1214;Futtergerste;106,1;2020=100;PRE018;Erzeugerpreisindizes landwirtschaftlicher Produkte
61211;Index der Erzeugerpreise landwirtschaftl. Produkte;JAHR;Jahr;1991;DINSG;Deutschland insgesamt;DG;Deutschland;PROAT1;Landwirtschaftliche Produkte;LWPR-211;Rinder;84,5;2020=100;PRE018;Erzeugerpreisindizes landwirtschaftlicher Produkte
61211;Index der Erzeugerpreise landwirtschaftl. Produkte;JAHR;Jahr;1978;DINSG;Deutschland insgesamt;DG;Deutschland;PROAT1;Landwirtschaftliche Produkte;LWPR-152;Pflanzen und Blumen;62,9;2020=100;PRE018;Erzeugerpreisindizes landwirtschaftlicher Produkte
61211;Index der Erzeugerpreise landwirtschaftl. Produkte;JAHR;Jahr;1972;DINSG;Deutschland insgesamt;DG;Deutschland;PROAT1;Landwirtschaftliche Produkte;LWPR-1512;Tomaten;-;2020=100;PRE018;Erzeugerpreisindizes landwirtschaftlicher Produkte
61211;Index der Erzeugerpreise landwirtschaftl. Produkte;JAHR;Jahr;1976;DINSG;Deutschland insgesamt;DG;Deutschland;PROAT1;Landwirtschaftliche Produkte;LWPR-12;Getreide (einschließlich Saatgut);140,1;2020=100;PRE018;Erzeugerpreisindizes landwirtschaftlicher Produkte
61211;Index der Erzeugerpreise landwirtschaftl. Produkte;JAHR;Jahr;1992;DINSG;Deutschland insgesamt;DG;Deutschland;PROAT1;Landwirtschaftliche Produkte;LWPR-122;Getreidesaatgut;106,4;2020=100;PRE018;Erzeugerpreisindizes landwirtschaftlicher Produkte
61211;Index der Erzeugerpreise landwirtschaftl. Produkte;JAHR;Jahr;2021;DINSG;Deutschland insgesamt;DG;Deutschland;PROAT1;Landwirtschaftliche Produkte;LWPR-14;Kartoffeln (einschließlich Pflanzkartoffeln);98,3;2020=100;PRE018;Erzeugerpreisindizes landwirtschaftlicher Produkte
61211;Index der Erzeugerpreise landwirtschaftl. Produkte;JAHR;Jahr;2017;DINSG;Deutschland insgesamt;DG;Deutschland;PROAT1;Landwirtschaftliche Produkte;LWPR-2114;Kälber;117,2;2020=100;PRE018;Erzeugerpreisindizes landwirtschaftlicher Produkte
61211;Index der Erzeugerpreise landwirtschaftl. Produkte;JAHR;Jahr;1969;DINSG;Deutschland insgesamt;DG;Deutschland;PROAT1;Landwirtschaftliche Produkte;LWPR-12;Getreide (einschließlich Saatgut);109,4;2020=100;PRE018;Erzeugerpreisindizes landwirtschaftlicher Produkte
61211;Index der Erzeugerpreise landwirtschaftl. Produkte;JAHR;Jahr;1993;DINSG;Deutschland insgesamt;DG;Deutschland;PROAT1;Landwirtschaftliche Produkte;LWPR-1517;Salat;-;2020=100;PRE018;Erzeugerpreisindizes landwirtschaftlicher Produkte
61211;Index der Erzeugerpreise landwirtschaftl. Produkte;JAHR;Jahr;1980;DINSG;Deutschland insgesamt;DG;Deutschland;PROAT1;Landwirtschaftliche Produkte;LWPR-1215;Braugerste;136,6;2020=100;PRE018;Erzeugerpreisindizes landwirtschaftlicher Produkte
61211;Index der Erzeugerpreise landwirtschaftl. Produkte;JAHR;Jahr;2005;DINSG;Deutschland insgesamt;DG;Deutschland;PROAT1;Landwirtschaftliche Produkte;LWPR-151;Gemüse;69,7;2020=100;PRE018;Erzeugerpreisindizes landwirtschaftlicher Produkte
61211;Index der Erzeugerpreise landwirtschaftl. Produkte;JAHR;Jahr;2011;DINSG;Deutschland insgesamt;DG;Deutschland;PROAT1;Landwirtschaftliche Produkte;LWPR-121;Getreide;116,5;2020=100;PRE018;Erzeugerpreisindizes landwirtschaftlicher Produkte
61211;Index der Erzeugerpreise landwirtschaftl. Produkte;JAHR;Jahr;1977;DINSG;Deutschland insgesamt;DG;Deutschland;PROAT1;Landwirtschaftliche Produkte;LWPR-17;Wein;-;2020=100;PRE018;Erzeugerpreisindizes landwirtschaftlicher Produkte
61211;Index der Erzeugerpreise landwirtschaftl. Produkte;JAHR;Jahr;2004;DINSG;Deutschland insgesamt;DG;Deutschland;PROAT1;Landwirtschaftliche Produkte;LWPR-16;Obst;77,6;2020=100;PRE018;Erzeugerpreisindizes landwirtschaftlicher Produkte
61211;Index der Erzeugerpreise landwirtschaftl. Produkte;JAHR;Jahr;2021;DINSG;Deutschland insgesamt;DG;Deutschland;PROAT1;Landwirtschaftliche Produkte;LWPR-2114;Kälber;112,3;2020=100;PRE018;Erzeugerpreisindizes landwirtschaftlicher Produkte
61211;Index der Erzeugerpreise landwirtschaftl. Produkte;JAHR;Jahr;1990;DINSG;Deutschland insgesamt;DG;Deutschland;PROAT1;Landwirtschaftliche Produkte;LWPR-213;Schafe und Ziegen;50,0;2020=100;PRE018;Erzeugerpreisindizes landwirtschaftlicher Produkte
61211;Index der Erzeugerpreise landwirtschaftl. Produkte;JAHR;Jahr;1968;DINSG;Deutschland insgesamt;DG;Deutschland;PROAT1;Landwirtschaftliche Produkte;LWPR-1512;Tomaten;-;2020=100;PRE018;Erzeugerpreisindizes landwirtschaftlicher Produkte
61211;Index der Erzeugerpreise landwirtschaftl. Produkte;JAHR;Jahr;1995;DINSG;Deutschland insgesamt;DG;Deutschland;PROAT1;Landwirtschaftliche Produkte;LWPR-1213;Futterweizen;71,1;2020=100;PRE018;Erzeugerpreisindizes landwirtschaftlicher Produkte
61211;Index der Erzeugerpreise landwirtschaftl. Produkte;JAHR;Jahr;2011;DINSG;Deutschland insgesamt;DG;Deutschland;PROAT1;Landwirtschaftliche Produkte;LWPR-16;Obst;70,1;2020=100;PRE018;Erzeugerpreisindizes landwirtschaftlicher Produkte
61211;Index der Erzeugerpreise landwirtschaftl. Produkte;JAHR;Jahr;1976;DINSG;Deutschland insgesamt;DG;Deutschland;PROAT1;Landwirtschaftliche Produkte;LWPR-1215;Braugerste;145,1;2020=100;PRE018;Erzeugerpreisindizes landwirtschaftlicher Produkte
61211;Index der Erzeugerpreise landwirtschaftl. Produkte;JAHR;Jahr;1986;DINSG;Deutschland insgesamt;DG;Deutschland;PROAT1;Landwirtschaftliche Produkte;LWPR-152;Pflanzen und Blumen;72,2;2020=100;PRE018;Erzeugerpreisindizes landwirtschaftlicher Produkte
61211;Index der Erzeugerpreise landwirtschaftl. Produkte;JAHR;Jahr;2022;DINSG;Deutschland insgesamt;DG;Deutschland;PROAT1;Landwirtschaftliche Produkte;LWPR-122;Getreidesaatgut;131,4;2020=100;PRE018;Erzeugerpreisindizes landwirtschaftlicher Produkte
61211;Index der Erzeugerpreise landwirtschaftl. Produkte;JAHR;Jahr;1986;DINSG;Deutschland insgesamt;DG;Deutschland;PROAT1;Landwirtschaftliche Produkte;LWPR-1521;Schnittblumen;56,6;2020=100;PRE018;Erzeugerpreisindizes landwirtschaftlicher Produkte
61211;Index der Erzeugerpreise landwirtschaftl. Produkte;JAHR;Jahr;2025;DINSG;Deutschland insgesamt;DG;Deutschland;PROAT1;Landwirtschaftliche Produkte;LWPR-213;Schafe und Ziegen;166,3;2020=100;PRE018;Erzeugerpreisindizes landwirtschaftlicher Produkte
61211;Index der Erzeugerpreise landwirtschaftl. Produkte;JAHR;Jahr;1968;DINSG;Deutschland insgesamt;DG;Deutschland;PROAT1;Landwirtschaftliche Produkte;LWPR-133;Futterpflanzen;-;2020=100;PRE018;Erzeugerpreisindizes landwirtschaftlicher Produkte
61211;Index der Erzeugerpreise landwirtschaftl. Produkte;JAHR;Jahr;1989;DINSG;Deutschland insgesamt;DG;Deutschland;PROAT1;Landwirtschaftliche Produkte;LWPR-211;Rinder;99,8;2020=100;PRE018;Erzeugerpreisindizes landwirtschaftlicher Produkte
61211;Index der Erzeugerpreise landwirtschaftl. Produkte;JAHR;Jahr;2025;DINSG;Deutschland insgesamt;DG;Deutschland;PROAT1;Landwirtschaftliche Produkte;LWPR-1522;Topfpflanzen;134,7;2020=100;PRE018;Erzeugerpreisindizes landwirtschaftlicher Produkte
61211;Index der Erzeugerpreise landwirtschaftl. Produkte;JAHR;Jahr;2008;DINSG;Deutschland insgesamt;DG;Deutschland;PROAT1;Landwirtschaftliche Produkte;LWPR-211;Rinder;94,5;2020=100;PRE018;Erzeugerpreisindizes landwirtschaftlicher Produkte
61211;Index der Erzeugerpreise landwirtschaftl. Produkte;JAHR;Jahr;2021;DINSG;Deutschland insgesamt;DG;Deutschland;PROAT1;Landwirtschaftliche Produkte;LWPR-212;Schweine;83,6;2020=100;PRE018;Erzeugerpreisindizes landwirtschaftlicher Produkte
61211;Index der Erzeugerpreise landwirtschaftl. Produkte;JAHR;Jahr;1992;DINSG;Deutschland insgesamt;DG;Deutschland;PROAT1;Landwirtschaftliche Produkte;LWPR-1515;Spargel;-;2020=100;PRE018;Erzeugerpreisindizes landwirtschaftlicher Produkte
61211;Index der Erzeugerpreise landwirtschaftl. Produkte;JAHR;Jahr;2011;DINSG;Deutschland insgesamt;DG;Deutschland;PROAT1;Landwirtschaftliche Produkte;LWPR-2114;Kälber;118,6;2020=100;PRE018;Erzeugerpreisindizes landwirtschaftlicher Produkte
61211;Index der Erzeugerpreise landwirtschaftl. Produkte;JAHR;Jahr;2019;DINSG;Deutschland insgesamt;DG;Deutschland;PROAT1;Landwirtschaftliche Produkte;LWPR-162;Erdbeeren;77,2;2020=100;PRE018;Erzeugerpreisindizes landwirtschaftlicher Produkte
61211;Index der Erzeugerpreise landwirtschaftl. Produkte;JAHR;Jahr;1983;DINSG;Deutschland insgesamt;DG;Deutschland;PROAT1;Landwirtschaftliche Produkte;LWPR-1214;Futtergerste;149,9;2020=100;PRE018;Erzeugerpreisindizes landwirtschaftlicher Produkte
61211;Index der Erzeugerpreise landwirtschaftl. Produkte;JAHR;Jahr;1977;DINSG;Deutschland insgesamt;DG;Deutschland;PROAT1;Landwirtschaftliche Produkte;LWPR-132;Zuckerrüben;125,1;2020=100;PRE018;Erzeugerpreisindizes landwirtschaftlicher Produkte
61211;Index der Erzeugerpreise landwirtschaftl. Produkte;JAHR;Jahr;2007;DINSG;Deutschland insgesamt;DG;Deutschland;PROAT1;Landwirtschaftliche Produkte;LWPR-1522;Topfpflanzen;83,0;2020=100;PRE018;Erzeugerpreisindizes landwirtschaftlicher Produkte
61211;Index der Erzeugerpreise landwirtschaftl. Produkte;JAHR;Jahr;2003;DINSG;Deutschland insgesamt;DG;Deutschland;PROAT1;Landwirtschaftliche Produkte;LWPR-16;Obst;87,1;2020=100;PRE018;Erzeugerpreisindizes landwirtschaftlicher Produkte
61211;Index der Erzeugerpreise landwirtschaftl. Produkte;JAHR;Jahr;1975;DINSG;Deutschland insgesamt;DG;Deutschland;PROAT1;Landwirtschaftliche Produkte;LWPR-22;Milch;76,5;2020=100;PRE018;Erzeugerpreisindizes landwirtschaftlicher Produkte
61211;Index der Erzeugerpreise landwirtschaftl. Produkte;JAHR;Jahr;2017;DINSG;Deutschland insgesamt;DG;Deutschland;PROAT1;Landwirtschaftliche Produkte;LWPR-14;Kartoffeln (einschließlich Pflanzkartoffeln);106,3;2020=100;PRE018;Erzeugerpreisindizes landwirtschaftlicher Produkte
61211;Index der Erzeugerpreise landwirtschaftl. Produkte;JAHR;Jahr;1992;DINSG;Deutschland insgesamt;DG;Deutschland;PROAT1;Landwirtschaftliche Produkte;LWPR-161;Tafeläpfel;-;2020=100;PRE018;Erzeugerpreisindizes landwirtschaftlicher Produkte
61211;Index der Erzeugerpreise landwirtschaftl. Produkte;JAHR;Jahr;1987;DINSG;Deutschland insgesamt;DG;Deutschland;PROAT1;Landwirtschaftliche Produkte;LWPR-151;Gemüse;56,0;2020=100;PRE018;Erzeugerpreisindizes landwirtschaftlicher Produkte
61211;Index der Erzeugerpreise landwirtschaftl. Produkte;JAHR;Jahr;1971;DINSG;Deutschland insgesamt;DG;Deutschland;PROAT1;Landwirtschaftliche Produkte;LWPR-213;Schafe und Ziegen;-;2020=100;PRE018;Erzeugerpreisindizes landwirtschaftlicher Produkte
61211;Index der Erzeugerpreise landwirtschaftl. Produkte;JAHR;Jahr;2002;DINSG;Deutschland insgesamt;DG;Deutschland;PROAT1;Landwirtschaftliche Produkte;LWPR-16;Obst;77,6;2020=100;PRE018;Erzeugerpreisindizes landwirtschaftlicher Produkte
61211;Index der Erzeugerpreise landwirtschaftl. Produkte;JAHR;Jahr;1984;DINSG;Deutschland insgesamt;DG;Deutschland;PROAT1;Landwirtschaftliche Produkte;LWPR-2141;Hähnchen;98,8;2020=100;PRE018;Erzeugerpreisindizes landwirtschaftlicher Produkte
61211;Index der Erzeugerpreise landwirtschaftl. Produkte;JAHR;Jahr;2009;DINSG;Deutschland insgesamt;DG;Deutschland;PROAT1;Landwirtschaftliche Produkte;LWPR-121;Getreide;63,8;2020=100;PRE018;Erzeugerpreisindizes landwirtschaftlicher Produkte
61211;Index der Erzeugerpreise landwirtschaftl. Produkte;JAHR;Jahr;1996;DINSG;Deutschland insgesamt;DG;Deutschland;PROAT1;Landwirtschaftliche Produkte;LWPR-1512;Tomaten;80,2;2020=100;PRE018;Erzeugerpreisindizes landwirtschaftlicher Produkte
61211;Index der Erzeugerpreise landwirtschaftl. Produkte;JAHR;Jahr;1975;DINSG;Deutschland insgesamt;DG;Deutschland;PROAT1;Landwirtschaftliche Produkte;LWPR-1511;Blumenkohl;24,9;2020=100;PRE018;Erzeugerpreisindizes landwirtschaftlicher Produkte
61211;Index der Erzeugerpreise landwirtschaftl. Produkte;JAHR;Jahr;2018;DINSG;Deutschland insgesamt;DG;Deutschland;PROAT1;Landwirtschaftliche Produkte;LWPR-1216;Körnermais;98,8;2020=100;PRE018;Erzeugerpreisindizes landwirtschaftlicher Produkte
61211;Index der Erzeugerpreise landwirtschaftl. Produkte;JAHR;Jahr;1973;DINSG;Deutschland insgesamt;DG;Deutschland;PROAT1;Landwirtschaftliche Produkte;LWPR-131;Raps;-;2020=100;PRE018;Erzeugerpreisindizes landwirtschaftlicher Produkte
61211;Index der Erzeugerpreise landwirtschaftl. Produkte;JAHR;Jahr;2004;DINSG;Deutschland insgesamt;DG;Deutschland;PROAT1;Landwirtschaftliche Produkte;LWPR-1215;Braugerste;69,7;2020=100;PRE018;Erzeugerpreisindizes landwirtschaftlicher Produkte
61211;Index der Erzeugerpreise landwirtschaftl. Produkte;JAHR;Jahr;1989;DINSG;Deutschland insgesamt;DG;Deutschland;PROAT1;Landwirtschaftliche Produkte;LWPR-1512;Tomaten;-;2020=100;PRE018;Erzeugerpreisindizes landwirtschaftlicher Produkte
61211;Index der Erzeugerpreise landwirtschaftl. Produkte;JAHR;Jahr;1972;DINSG;Deutschland insgesamt;DG;Deutschland;PROAT1;Landwirtschaftliche Produkte;LWPR-2113;Färsen;85,7;2020=100;PRE018;Erzeugerpreisindizes landwirtschaftlicher Produkte
61211;Index der Erzeugerpreise landwirtschaftl. Produkte;JAHR;Jahr;1998;DINSG;Deutschland insgesamt;DG;Deutschland;PROAT1;Landwirtschaftliche Produkte;LWPR-2142;Sonstiges Geflügel;75,9;2020=100;PRE018;Erzeugerpreisindizes landwirtschaftlicher Produkte
61211;Index der Erzeugerpreise landwirtschaftl. Produkte;JAHR;Jahr;1997;DINSG;Deutschland insgesamt;DG;Deutschland;PROAT1;Landwirtschaftliche Produkte;LWPR-1215;Braugerste;80,7;2020=100;PRE018;Erzeugerpreisindizes landwirtschaftlicher Produkte
61211;Index der Erzeugerpreise landwirtschaftl. Produkte;JAHR;Jahr;2005;DINSG;Deutschland insgesamt;DG;Deutschland;PROAT1;Landwirtschaftliche Produkte;LWPR-2142;Sonstiges Geflügel;78,0;2020=100;PRE018;Erzeugerpreisindizes landwirtschaftlicher Produkte
61211;Index der Erzeugerpreise landwirtschaftl. Produkte;JAHR;Jahr;2018;DINSG;Deutschland insgesamt;DG;Deutschland;PROAT1;Landwirtschaftliche Produkte;LWPR-132;Zuckerrüben;95,4;2020=100;PRE018;Erzeugerpreisindizes landwirtschaftlicher Produkte
61211;Index der Erzeugerpreise landwirtschaftl. Produkte;JAHR;Jahr;1996;DINSG;Deutschland insgesamt;DG;Deutschland;PROAT1;Landwirtschaftliche Produkte;LWPR-162;Erdbeeren;54,4;2020=100;PRE018;Erzeugerpreisindizes landwirtschaftlicher Produkte
61211;Index der Erzeugerpreise landwirtschaftl. Produkte;JAHR;Jahr;1975;DINSG;Deutschland insgesamt;DG;Deutschland;PROAT1;Landwirtschaftliche Produkte;LWPR-214;Geflügel;83,9;2020=100;PRE018;Erzeugerpreisindizes landwirtschaftlicher Produkte
61211;Index der Erzeugerpreise landwirtschaftl. Produkte;JAHR;Jahr;2018;DINSG;Deutschland insgesamt;DG;Deutschland;PROAT1;Landwirtschaftliche Produkte;LWPR-13;Handelsgewächse;95,9;2020=100;PRE018;Erzeugerpreisindizes landwirtschaftlicher Produkte
61211;Index der Erzeugerpreise landwirtschaftl. Produkte;JAHR;Jahr;1986;DINSG;Deutschland insgesamt;DG;Deutschland;PROAT1;Landwirtschaftliche Produkte;LWPR-2113;Färsen;89,8;2020=100;PRE018;Erzeugerpreisindizes landwirtschaftlicher Produkte
61211;Index der Erzeugerpreise landwirtschaftl. Produkte;JAHR;Jahr;1991;DINSG;Deutschland insgesamt;DG;Deutschland;PROAT1;Landwirtschaftliche Produkte;LWPR-16;Obst;108,5;2020=100;PRE018;Erzeugerpreisindizes landwirtschaftlicher Produkte
61211;Index der Erzeugerpreise landwirtschaftl. Produkte;JAHR;Jahr;1971;DINSG;Deutschland insgesamt;DG;Deutschland;PROAT1;Landwirtschaftliche Produkte;LWPR-1514;Champignons;-;2020=100;PRE018;Erzeugerpreisindizes landwirtschaftlicher Produkte
61211;Index der Erzeugerpreise landwirtschaftl. Produkte;JAHR;Jahr;1976;DINSG;Deutschland insgesamt;DG;Deutschland;PROAT1;Landwirtschaftliche Produkte;LWPR-21;Tiere;113,3;2020=100;PRE018;Erzeugerpreisindizes landwirtschaftlicher Produkte
61211;Index der Erzeugerpreise landwirtschaftl. Produkte;JAHR;Jahr;1995;DINSG;Deutschland insgesamt;DG;Deutschland;PROAT1;Landwirtschaftliche Produkte;LWPR-141;Speisekartoffeln;59,9;2020=100;PRE018;Erzeugerpreisindizes landwirtschaftlicher Produkte
61211;Index der Erzeugerpreise landwirtschaftl. Produkte;JAHR;Jahr;1979;DINSG;Deutschland insgesamt;DG;Deutschland;PROAT1;Landwirtschaftliche Produkte;LWPR-1521;Schnittblumen;53,7;2020=100;PRE018;Erzeugerpreisindizes landwirtschaftlicher Produkte
61211;Index der Erzeugerpreise landwirtschaftl. Produkte;JAHR;Jahr;2015;DINSG;Deutschland insgesamt;DG;Deutschland;PROAT1;Landwirtschaftliche Produkte;LWPR-23;Eier;92,1;2020=100;PRE018;Erzeugerpreisindizes landwirtschaftlicher Produkte
61211;Index der Erzeugerpreise landwirtschaftl. Produkte;JAHR;Jahr;2001;DINSG;Deutschland insgesamt;DG;Deutschland;PROAT1;Landwirtschaftliche Produkte;LWPR-16;Obst;75,1;2020=100;PRE018;Erzeugerpreisindizes landwirtschaftlicher Produkte
61211;Index der Erzeugerpreise landwirtschaftl. Produkte;JAHR;Jahr;2014;DINSG;Deutschland insgesamt;DG;Deutschland;PROAT1;Landwirtschaftliche Produkte;LWPR-1513;Gurken;72,4;2020=100;PRE018;Erzeugerpreisindizes landwirtschaftlicher Produkte
61211;Index der Erzeugerpreise landwirtschaftl. Produkte;JAHR;Jahr;2011;DINSG;Deutschland insgesamt;DG;Deutschland;PROAT1;Landwirtschaftliche Produkte;LWPR-1522;Topfpflanzen;90,9;2020=100;PRE018;Erzeugerpreisindizes landwirtschaftlicher Produkte
61211;Index der Erzeugerpreise landwirtschaftl. Produkte;JAHR;Jahr;1982;DINSG;Deutschland insgesamt;DG;Deutschland;PROAT1;Landwirtschaftliche Produkte;LWPR-1511;Blumenkohl;22,7;2020=100;PRE018;Erzeugerpreisindizes landwirtschaftlicher Produkte
61211;Index der Erzeugerpreise landwirtschaftl. Produkte;JAHR;Jahr;2004;DINSG;Deutschland insgesamt;DG;Deutschland;PROAT1;Landwirtschaftliche Produkte;LWPR-211;Rinder;75,2;2020=100;PRE018;Erzeugerpreisindizes landwirtschaftlicher Produkte
61211;Index der Erzeugerpreise landwirtschaftl. Produkte;JAHR;Jahr;1979;DINSG;Deutschland insgesamt;DG;Deutschland;PROAT1;Landwirtschaftliche Produkte;LWPR-2114;Kälber;95,3;2020=100;PRE018;Erzeugerpreisindizes landwirtschaftlicher Produkte
61211;Index der Erzeugerpreise landwirtschaftl. Produkte;JAHR;Jahr;1970;DINSG;Deutschland insgesamt;DG;Deutschland;PROAT1;Landwirtschaftliche Produkte;LWPR-2141;Hähnchen;75,7;2020=100;PRE018;Erzeugerpreisindizes landwirtschaftlicher Produkte
61211;Index der Erzeugerpreise landwirtschaftl. Produkte;JAHR;Jahr;1994;DINSG;Deutschland insgesamt;DG;Deutschland;PROAT1;Landwirtschaftliche Produkte;LWPR-1211;Brotweizen;79,2;2020=100;PRE018;Erzeugerpreisindizes landwirtschaftlicher Produkte
61211;Index der Erzeugerpreise landwirtschaftl. Produkte;JAHR;Jahr;2023;DINSG;Deutschland insgesamt;DG;Deutschland;PROAT1;Landwirtschaftliche Produkte;LWPR-152;Pflanzen und Blumen;148,2;2020=100;PRE018;Erzeugerpreisindizes landwirtschaftlicher Produkte
61211;Index der Erzeugerpreise landwirtschaftl. Produkte;JAHR;Jahr;1978;DINSG;Deutschland insgesamt;DG;Deutschland;PROAT1;Landwirtschaftliche Produkte;LWPR-12;Getreide (einschließlich Saatgut);136,9;2020=100;PRE018;Erzeugerpreisindizes landwirtschaftlicher Produkte
61211;Index der Erzeugerpreise landwirtschaftl. Produkte;JAHR;Jahr;1990;DINSG;Deutschland insgesamt;DG;Deutschland;PROAT1;Landwirtschaftliche Produkte;LWPR-1214;Futtergerste;106,3;2020=100;PRE018;Erzeugerpreisindizes landwirtschaftlicher Produkte
61211;Index der Erzeugerpreise landwirtschaftl. Produkte;JAHR;Jahr;1988;DINSG;Deutschland insgesamt;DG;Deutschland;PROAT1;Landwirtschaftliche Produkte;LWPR-1515;Spargel;-;2020=100;PRE018;Erzeugerpreisindizes landwirtschaftlicher Produkte
61211;Index der Erzeugerpreise landwirtschaftl. Produkte;JAHR;Jahr;2022;DINSG;Deutschland insgesamt;DG;Deutschland;PROAT1;Landwirtschaftliche Produkte;LWPR-1216;Körnermais;178,0;2020=100;PRE018;Erzeugerpreisindizes landwirtschaftlicher Produkte
61211;Index der Erzeugerpreise landwirtschaftl. Produkte;JAHR;Jahr;2014;DINSG;Deutschland insgesamt;DG;Deutschland;PROAT1;Landwirtschaftliche Produkte;LWPR-132;Zuckerrüben;106,8;2020=100;PRE018;Erzeugerpreisindizes landwirtschaftlicher Produkte
61211;Index der Erzeugerpreise landwirtschaftl. Produkte;JAHR;Jahr;1990;DINSG;Deutschland insgesamt;DG;Deutschland;PROAT1;Landwirtschaftliche Produkte;LWPR-2113;Färsen;87,2;2020=100;PRE018;Erzeugerpreisindizes landwirtschaftlicher Produkte
61211;Index der Erzeugerpreise landwirtschaftl. Produkte;JAHR;Jahr;2005;DINSG;Deutschland insgesamt;DG;Deutschland;PROAT1;Landwirtschaftliche Produkte;LWPR-15;Erzeugnisse des Gemüse- und Gartenbaus;76,1;2020=100;PRE018;Erzeugerpreisindizes landwirtschaftlicher Produkte
61211;Index der Erzeugerpreise landwirtschaftl. Produkte;JAHR;Jahr;1990;DINSG;Deutschland insgesamt;DG;Deutschland;PROAT1;Landwirtschaftliche Produkte;LWPR-132;Zuckerrüben;132,9;2020=100;PRE018;Erzeugerpreisindizes landwirtschaftlicher Produkte
61211;Index der Erzeugerpreise landwirtschaftl. Produkte;JAHR;Jahr;2006;DINSG;Deutschland insgesamt;DG;Deutschland;PROAT1;Landwirtschaftliche Produkte;LWPR-151;Gemüse;83,3;2020=100;PRE018;Erzeugerpreisindizes landwirtschaftlicher Produkte
61211;Index der Erzeugerpreise landwirtschaftl. Produkte;JAHR;Jahr;2021;DINSG;Deutschland insgesamt;DG;Deutschland;PROAT1;Landwirtschaftliche Produkte;LWPR-1512;Tomaten;114,7;2020=100;PRE018;Erzeugerpreisindizes landwirtschaftlicher Produkte
61211;Index der Erzeugerpreise landwirtschaftl. Produkte;JAHR;Jahr;1979;DINSG;Deutschland insgesamt;DG;Deutschland;PROAT1;Landwirtschaftliche Produkte;LWPR-12;Getreide (einschließlich Saatgut);136,5;2020=100;PRE018;Erzeugerpreisindizes landwirtschaftlicher Produkte
61211;Index der Erzeugerpreise landwirtschaftl. Produkte;JAHR;Jahr;1992;DINSG;Deutschland insgesamt;DG;Deutschland;PROAT1;Landwirtschaftliche Produkte;LWPR-16;Obst;78,5;2020=100;PRE018;Erzeugerpreisindizes landwirtschaftlicher Produkte
61211;Index der Erzeugerpreise landwirtschaftl. Produkte;JAHR;Jahr;2012;DINSG;Deutschland insgesamt;DG;Deutschland;PROAT1;Landwirtschaftliche Produkte;LWPR-1212;Brotroggen;140,9;2020=100;PRE018;Erzeugerpreisindizes landwirtschaftlicher Produkte
61211;Index der Erzeugerpreise landwirtschaftl. Produkte;JAHR;Jahr;2006;DINSG;Deutschland insgesamt;DG;Deutschland;PROAT1;Landwirtschaftliche Produkte;LWPR-1516;Kohlgemüse;-;2020=100;PRE018;Erzeugerpreisindizes landwirtschaftlicher Produkte
61211;Index der Erzeugerpreise landwirtschaftl. Produkte;JAHR;Jahr;2008;DINSG;Deutschland insgesamt;DG;Deutschland;PROAT1;Landwirtschaftliche Produkte;LWPR-2111;Jungbullen;90,6;2020=100;PRE018;Erzeugerpreisindizes landwirtschaftlicher Produkte
61211;Index der Erzeugerpreise landwirtschaftl. Produkte;JAHR;Jahr;1969;DINSG;Deutschland insgesamt;DG;Deutschland;PROAT1;Landwirtschaftliche Produkte;LWPR-141;Speisekartoffeln;35,2;2020=100;PRE018;Erzeugerpreisindizes landwirtschaftlicher Produkte
61211;Index der Erzeugerpreise landwirtschaftl. Produkte;JAHR;Jahr;2014;DINSG;Deutschland insgesamt;DG;Deutschland;PROAT1;Landwirtschaftliche Produkte;LWPR-23;Eier;87,8;2020=100;PRE018;Erzeugerpreisindizes landwirtschaftlicher Produkte
61211;Index der Erzeugerpreise landwirtschaftl. Produkte;JAHR;Jahr;1999;DINSG;Deutschland insgesamt;DG;Deutschland;PROAT1;Landwirtschaftliche Produkte;LWPR-1516;Kohlgemüse;-;2020=100;PRE018;Erzeugerpreisindizes landwirtschaftlicher Produkte
61211;Index der Erzeugerpreise landwirtschaftl. Produkte;JAHR;Jahr;2011;DINSG;Deutschland insgesamt;DG;Deutschland;PROAT1;Landwirtschaftliche Produkte;LWPR-161;Tafeläpfel;85,5;2020=100;PRE018;Erzeugerpreisindizes landwirtschaftlicher Produkte
61211;Index der Erzeugerpreise landwirtschaftl. Produkte;JAHR;Jahr;2004;DINSG;Deutschland insgesamt;DG;Deutschland;PROAT1;Landwirtschaftliche Produkte;LWPR-15171;Eissalat;68,6;2020=100;PRE018;Erzeugerpreisindizes landwirtschaftlicher Produkte
61211;Index der Erzeugerpreise landwirtschaftl. Produkte;JAHR;Jahr;1977;DINSG;Deutschland insgesamt;DG;Deutschland;PROAT1;Landwirtschaftliche Produkte;LWPR-2142;Sonstiges Geflügel;93,6;2020=100;PRE018;Erzeugerpreisindizes landwirtschaftlicher Produkte
61211;Index der Erzeugerpreise landwirtschaftl. Produkte;JAHR;Jahr;1999;DINSG;Deutschland insgesamt;DG;Deutschland;PROAT1;Landwirtschaftliche Produkte;LWPR-132;Zuckerrüben;111,5;2020=100;PRE018;Erzeugerpreisindizes landwirtschaftlicher Produkte
61211;Index der Erzeugerpreise landwirtschaftl. Produkte;JAHR;Jahr;2006;DINSG;Deutschland insgesamt;DG;Deutschland;PROAT1;Landwirtschaftliche Produkte;LWPR-15;Erzeugnisse des Gemüse- und Gartenbaus;81,4;2020=100;PRE018;Erzeugerpreisindizes landwirtschaftlicher Produkte
61211;Index der Erzeugerpreise landwirtschaftl. Produkte;JAHR;Jahr;2008;DINSG;Deutschland insgesamt;DG;Deutschland;PROAT1;Landwirtschaftliche Produkte;LWPR-1212;Brotroggen;102,4;2020=100;PRE018;Erzeugerpreisindizes landwirtschaftlicher Produkte
61211;Index der Erzeugerpreise landwirtschaftl. Produkte;JAHR;Jahr;1972;DINSG;Deutschland insgesamt;DG;Deutschland;PROAT1;Landwirtschaftliche Produkte;LWPR-1213;Futterweizen;-;2020=100;PRE018;Erzeugerpreisindizes landwirtschaftlicher Produkte
61211;Index der Erzeugerpreise landwirtschaftl. Produkte;JAHR;Jahr;2018;DINSG;Deutschland insgesamt;DG;Deutschland;PROAT1;Landwirtschaftliche Produkte;LWPR-1523;Baumschulerzeugnisse;94,3;2020=100;PRE018;Erzeugerpreisindizes landwirtschaftlicher Produkte
61211;Index der Erzeugerpreise landwirtschaftl. Produkte;JAHR;Jahr;2010;DINSG;Deutschland insgesamt;DG;Deutschland;PROAT1;Landwirtschaftliche Produkte;LWPR-1516;Kohlgemüse;-;2020=100;PRE018;Erzeugerpreisindizes landwirtschaftlicher Produkte
61211;Index der Erzeugerpreise landwirtschaftl. Produkte;JAHR;Jahr;1999;DINSG;Deutschland insgesamt;DG;Deutschland;PROAT1;Landwirtschaftliche Produkte;LWPR-141;Speisekartoffeln;43,2;2020=100;PRE018;Erzeugerpreisindizes landwirtschaftlicher Produkte
61211;Index der Erzeugerpreise landwirtschaftl. Produkte;JAHR;Jahr;2004;DINSG;Deutschland insgesamt;DG;Deutschland;PROAT1;Landwirtschaftliche Produkte;LWPR-1522;Topfpflanzen;90,6;2020=100;PRE018;Erzeugerpreisindizes landwirtschaftlicher Produkte
61211;Index der Erzeugerpreise landwirtschaftl. Produkte;JAHR;Jahr;1976;DINSG;Deutschland insgesamt;DG;Deutschland;PROAT1;Landwirtschaftliche Produkte;LWPR-213;Schafe und Ziegen;64,5;2020=100;PRE018;Erzeugerpreisindizes landwirtschaftlicher Produkte
61211;Index der Erzeugerpreise landwirtschaftl. Produkte;JAHR;Jahr;2007;DINSG;Deutschland insgesamt;DG;Deutschland;PROAT1;Landwirtschaftliche Produkte;LWPR-1513;Gurken;90,2;2020=100;PRE018;Erzeugerpreisindizes landwirtschaftlicher Produkte
61211;Index der Erzeugerpreise landwirtschaftl. Produkte;JAHR;Jahr;1978;DINSG;Deutschland insgesamt;DG;Deutschland;PROAT1;Landwirtschaftliche Produkte;LWPR-1511;Blumenkohl;23,6;2020=100;PRE018;Erzeugerpreisindizes landwirtschaftlicher Produkte
61211;Index der Erzeugerpreise landwirtschaftl. Produkte;JAHR;Jahr;1984;DINSG;Deutschland insgesamt;DG;Deutschland;PROAT1;Landwirtschaftliche Produkte;LWPR-212;Schweine;126,5;2020=100;PRE018;Erzeugerpreisindizes landwirtschaftlicher Produkte
61211;Index der Erzeugerpreise landwirtschaftl. Produkte;JAHR;Jahr;2020;DINSG;Deutschland insgesamt;DG;Deutschland;PROAT1;Landwirtschaftliche Produkte;LWPR-1515;Spargel;100,0;2020=100;PRE018;Erzeugerpreisindizes landwirtschaftlicher Produkte
61211;Index der Erzeugerpreise landwirtschaftl. Produkte;JAHR;Jahr;2015;DINSG;Deutschland insgesamt;DG;Deutschland;PROAT1;Landwirtschaftliche Produkte;LWPR-1216;Körnermais;90,4;2020=100;PRE018;Erzeugerpreisindizes landwirtschaftlicher Produkte
61211;Index der Erzeugerpreise landwirtschaftl. Produkte;JAHR;Jahr;1968;DINSG;Deutschland insgesamt;DG;Deutschland;PROAT1;Landwirtschaftliche Produkte;LWPR-13;Handelsgewächse;81,1;2020=100;PRE018;Erzeugerpreisindizes landwirtschaftlicher Produkte
61211;Index der Erzeugerpreise landwirtschaftl. Produkte;JAHR;Jahr;1986;DINSG;Deutschland insgesamt;DG;Deutschland;PROAT1;Landwirtschaftliche Produkte;LWPR-1214;Futtergerste;130,7;2020=100;PRE018;Erzeugerpreisindizes landwirtschaftlicher Produkte
61211;Index der Erzeugerpreise landwirtschaftl. Produkte;JAHR;Jahr;1993;DINSG;Deutschland insgesamt;DG;Deutschland;PROAT1;Landwirtschaftliche Produkte;LWPR-2;Tierische Erzeugung;85,3;2020=100;PRE018;Erzeugerpreisindizes landwirtschaftlicher Produkte
61211;Index der Erzeugerpreise landwirtschaftl. Produkte;JAHR;Jahr;1985;DINSG;Deutschland insgesamt;DG;Deutschland;PROAT1;Landwirtschaftliche Produkte;LWPR-122;Getreidesaatgut;123,3;2020=100;PRE018;Erzeugerpreisindizes landwirtschaftlicher Produkte
61211;Index der Erzeugerpreise landwirtschaftl. Produkte;JAHR;Jahr;1993;DINSG;Deutschland insgesamt;DG;Deutschland;PROAT1;Landwirtschaftliche Produkte;LWPR-16;Obst;60,4;2020=100;PRE018;Erzeugerpreisindizes landwirtschaftlicher Produkte
61211;Index der Erzeugerpreise landwirtschaftl. Produkte;JAHR;Jahr;2001;DINSG;Deutschland insgesamt;DG;Deutschland;PROAT1;Landwirtschaftliche Produkte;LWPR-1215;Braugerste;84,0;2020=100;PRE018;Erzeugerpreisindizes landwirtschaftlicher Produkte
61211;Index der Erzeugerpreise landwirtschaftl. Produkte;JAHR;Jahr;2023;DINSG;Deutschland insgesamt;DG;Deutschland;PROAT1;Landwirtschaftliche Produkte;LWPR-1;Pflanzliche Erzeugung;144,1;2020=100;PRE018;Erzeugerpreisindizes landwirtschaftlicher Produkte
61211;Index der Erzeugerpreise landwirtschaftl. Produkte;JAHR;Jahr;2020;DINSG;Deutschland insgesamt;DG;Deutschland;PROAT1;Landwirtschaftliche Produkte;LWPR-2;Tierische Erzeugung;100,0;2020=100;PRE018;Erzeugerpreisindizes landwirtschaftlicher Produkte
61211;Index der Erzeugerpreise landwirtschaftl. Produkte;JAHR;Jahr;1972;DINSG;Deutschland insgesamt;DG;Deutschland;PROAT1;Landwirtschaftliche Produkte;LWPR-212;Schweine;108,4;2020=100;PRE018;Erzeugerpreisindizes landwirtschaftlicher Produkte
61211;Index der Erzeugerpreise landwirtschaftl. Produkte;JAHR;Jahr;2025;DINSG;Deutschland insgesamt;DG;Deutschland;PROAT1;Landwirtschaftliche Produkte;LWPR-22;Milch;157,8;2020=100;PRE018;Erzeugerpreisindizes landwirtschaftlicher Produkte
61211;Index der Erzeugerpreise landwirtschaftl. Produkte;JAHR;Jahr;1978;DINSG;Deutschland insgesamt;DG;Deutschland;PROAT1;Landwirtschaftliche Produkte;LWPR-161;Tafeläpfel;-;2020=100;PRE018;Erzeugerpreisindizes landwirtschaftlicher Produkte
61211;Index der Erzeugerpreise landwirtschaftl. Produkte;JAHR;Jahr;2018;DINSG;Deutschland insgesamt;DG;Deutschland;PROAT1;Landwirtschaftliche Produkte;LWPR-141;Speisekartoffeln;130,4;2020=100;PRE018;Erzeugerpreisindizes landwirtschaftlicher Produkte
61211;Index der Erzeugerpreise landwirtschaftl. Produkte;JAHR;Jahr;1998;DINSG;Deutschland insgesamt;DG;Deutschland;PROAT1;Landwirtschaftliche Produkte;LWPR-1212;Brotroggen;70,5;2020=100;PRE018;Erzeugerpreisindizes landwirtschaftlicher Produkte
61211;Index der Erzeugerpreise landwirtschaftl. Produkte;JAHR;Jahr;1970;DINSG;Deutschland insgesamt;DG;Deutschland;PROAT1;Landwirtschaftliche Produkte;LWPR-151;Gemüse;24,4;2020=100;PRE018;Erzeugerpreisindizes landwirtschaftlicher Produkte
61211;Index der Erzeugerpreise landwirtschaftl. Produkte;JAHR;Jahr;1994;DINSG;Deutschland insgesamt;DG;Deutschland;PROAT1;Landwirtschaftliche Produkte;LWPR-1215;Braugerste;89,8;2020=100;PRE018;Erzeugerpreisindizes landwirtschaftlicher Produkte
61211;Index der Erzeugerpreise landwirtschaftl. Produkte;JAHR;Jahr;1994;DINSG;Deutschland insgesamt;DG;Deutschland;PROAT1;Landwirtschaftliche Produkte;LWPR-15171;Eissalat;-;2020=100;PRE018;Erzeugerpreisindizes landwirtschaftlicher Produkte
61211;Index der Erzeugerpreise landwirtschaftl. Produkte;JAHR;Jahr;2005;DINSG;Deutschland insgesamt;DG;Deutschland;PROAT1;Landwirtschaftliche Produkte;LWPR-1212;Brotroggen;54,7;2020=100;PRE018;Erzeugerpreisindizes landwirtschaftlicher Produkte
61211;Index der Erzeugerpreise landwirtschaftl. Produkte;JAHR;Jahr;2000;DINSG;Deutschland insgesamt;DG;Deutschland;PROAT1;Landwirtschaftliche Produkte;LWPR-17;Wein;-;2020=100;PRE018;Erzeugerpreisindizes landwirtschaftlicher Produkte
61211;Index der Erzeugerpreise landwirtschaftl. Produkte;JAHR;Jahr;2004;DINSG;Deutschland insgesamt;DG;Deutschland;PROAT1;Landwirtschaftliche Produkte;LWPR-122;Getreidesaatgut;78,3;2020=100;PRE018;Erzeugerpreisindizes landwirtschaftlicher Produkte
61211;Index der Erzeugerpreise landwirtschaftl. Produkte;JAHR;Jahr;1971;DINSG;Deutschland insgesamt;DG;Deutschland;PROAT1;Landwirtschaftliche Produkte;LWPR-1523;Baumschulerzeugnisse;33,8;2020=100;PRE018;Erzeugerpreisindizes landwirtschaftlicher Produkte
61211;Index der Erzeugerpreise landwirtschaftl. Produkte;JAHR;Jahr;2016;DINSG;Deutschland insgesamt;DG;Deutschland;PROAT1;Landwirtschaftliche Produkte;LWPR-23;Eier;90,1;2020=100;PRE018;Erzeugerpreisindizes landwirtschaftlicher Produkte
61211;Index der Erzeugerpreise landwirtschaftl. Produkte;JAHR;Jahr;1969;DINSG;Deutschland insgesamt;DG;Deutschland;PROAT1;Landwirtschaftliche Produkte;LWPR-17;Wein;-;2020=100;PRE018;Erzeugerpreisindizes landwirtschaftlicher Produkte
61211;Index der Erzeugerpreise landwirtschaftl. Produkte;JAHR;Jahr;1990;DINSG;Deutschland insgesamt;DG;Deutschland;PROAT1;Landwirtschaftliche Produkte;LWPR-1521;Schnittblumen;53,8;2020=100;PRE018;Erzeugerpreisindizes landwirtschaftlicher Produkte
61211;Index der Erzeugerpreise landwirtschaftl. Produkte;JAHR;Jahr;2005;DINSG;Deutschland insgesamt;DG;Deutschland;PROAT1;Landwirtschaftliche Produkte;LWPR-15171;Eissalat;92,5;2020=100;PRE018;Erzeugerpreisindizes landwirtschaftlicher Produkte
61211;Index der Erzeugerpreise landwirtschaftl. Produkte;JAHR;Jahr;1998;DINSG;Deutschland insgesamt;DG;Deutschland;PROAT1;Landwirtschaftliche Produkte;LWPR-133;Futterpflanzen;-;2020=100;PRE018;Erzeugerpreisindizes landwirtschaftlicher Produkte
61211;Index der Erzeugerpreise landwirtschaftl. Produkte;JAHR;Jahr;1982;DINSG;Deutschland insgesamt;DG;Deutschland;PROAT1;Landwirtschaftliche Produkte;LWPR-133;Futterpflanzen;-;2020=100;PRE018;Erzeugerpreisindizes landwirtschaftlicher Produkte
61211;Index der Erzeugerpreise landwirtschaftl. Produkte;JAHR;Jahr;1993;DINSG;Deutschland insgesamt;DG;Deutschland;PROAT1;Landwirtschaftliche Produkte;LWPR-1512;Tomaten;-;2020=100;PRE018;Erzeugerpreisindizes landwirtschaftlicher Produkte
61211;Index der Erzeugerpreise landwirtschaftl. Produkte;JAHR;Jahr;1974;DINSG;Deutschland insgesamt;DG;Deutschland;PROAT1;Landwirtschaftliche Produkte;LWPR-1514;Champignons;-;2020=100;PRE018;Erzeugerpreisindizes landwirtschaftlicher Produkte
61211;Index der Erzeugerpreise landwirtschaftl. Produkte;JAHR;Jahr;1995;DINSG;Deutschland insgesamt;DG;Deutschland;PROAT1;Landwirtschaftliche Produkte;LWPR-132;Zuckerrüben;131,2;2020=100;PRE018;Erzeugerpreisindizes landwirtschaftlicher Produkte
61211;Index der Erzeugerpreise landwirtschaftl. Produkte;JAHR;Jahr;2012;DINSG;Deutschland insgesamt;DG;Deutschland;PROAT1;Landwirtschaftliche Produkte;LWPR-2142;Sonstiges Geflügel;104,3;2020=100;PRE018;Erzeugerpreisindizes landwirtschaftlicher Produkte
61211;Index der Erzeugerpreise landwirtschaftl. Produkte;JAHR;Jahr;2022;DINSG;Deutschland insgesamt;DG;Deutschland;PROAT1;Landwirtschaftliche Produkte;LWPR-131;Raps;175,7;2020=100;PRE018;Erzeugerpreisindizes landwirtschaftlicher Produkte
61211;Index der Erzeugerpreise landwirtschaftl. Produkte;JAHR;Jahr;2019;DINSG;Deutschland insgesamt;DG;Deutschland;PROAT1;Landwirtschaftliche Produkte;LWPR-1213;Futterweizen;95,3;2020=100;PRE018;Erzeugerpreisindizes landwirtschaftlicher Produkte
61211;Index der Erzeugerpreise landwirtschaftl. Produkte;JAHR;Jahr;2013;DINSG;Deutschland insgesamt;DG;Deutschland;PROAT1;Landwirtschaftliche Produkte;LWPR-133;Futterpflanzen;-;2020=100;PRE018;Erzeugerpreisindizes landwirtschaftlicher Produkte
61211;Index der Erzeugerpreise landwirtschaftl. Produkte;JAHR;Jahr;1989;DINSG;Deutschland insgesamt;DG;Deutschland;PROAT1;Landwirtschaftliche Produkte;LWPR-122;Getreidesaatgut;108,0;2020=100;PRE018;Erzeugerpreisindizes landwirtschaftlicher Produkte
61211;Index der Erzeugerpreise landwirtschaftl. Produkte;JAHR;Jahr;1973;DINSG;Deutschland insgesamt;DG;Deutschland;PROAT1;Landwirtschaftliche Produkte;LWPR-2;Tierische Erzeugung;86,0;2020=100;PRE018;Erzeugerpreisindizes landwirtschaftlicher Produkte
61211;Index der Erzeugerpreise landwirtschaftl. Produkte;JAHR;Jahr;2023;DINSG;Deutschland insgesamt;DG;Deutschland;PROAT1;Landwirtschaftliche Produkte;LWPR-1213;Futterweizen;123,1;2020=100;PRE018;Erzeugerpreisindizes landwirtschaftlicher Produkte
61211;Index der Erzeugerpreise landwirtschaftl. Produkte;JAHR;Jahr;2009;DINSG;Deutschland insgesamt;DG;Deutschland;PROAT1;Landwirtschaftliche Produkte;LWPR-2;Tierische Erzeugung;83,1;2020=100;PRE018;Erzeugerpreisindizes landwirtschaftlicher Produkte
61211;Index der Erzeugerpreise landwirtschaftl. Produkte;JAHR;Jahr;2007;DINSG;Deutschland insgesamt;DG;Deutschland;PROAT1;Landwirtschaftliche Produkte;LWPR-212;Schweine;85,6;2020=100;PRE018;Erzeugerpreisindizes landwirtschaftlicher Produkte
61211;Index der Erzeugerpreise landwirtschaftl. Produkte;JAHR;Jahr;1977;DINSG;Deutschland insgesamt;DG;Deutschland;PROAT1;Landwirtschaftliche Produkte;LWPR-12;Getreide (einschließlich Saatgut);137,0;2020=100;PRE018;Erzeugerpreisindizes landwirtschaftlicher Produkte
61211;Index der Erzeugerpreise landwirtschaftl. Produkte;JAHR;Jahr;2017;DINSG;Deutschland insgesamt;DG;Deutschland;PROAT1;Landwirtschaftliche Produkte;LWPR-1517;Salat;92,4;2020=100;PRE018;Erzeugerpreisindizes landwirtschaftlicher Produkte
61211;Index der Erzeugerpreise landwirtschaftl. Produkte;JAHR;Jahr;2024;DINSG;Deutschland insgesamt;DG;Deutschland;PROAT1;Landwirtschaftliche Produkte;LWPR-1512;Tomaten;119,7;2020=100;PRE018;Erzeugerpreisindizes landwirtschaftlicher Produkte
61211;Index der Erzeugerpreise landwirtschaftl. Produkte;JAHR;Jahr;2014;DINSG;Deutschland insgesamt;DG;Deutschland;PROAT1;Landwirtschaftliche Produkte;LWPR-141;Speisekartoffeln;60,1;2020=100;PRE018;Erzeugerpreisindizes landwirtschaftlicher Produkte
61211;Index der Erzeugerpreise landwirtschaftl. Produkte;JAHR;Jahr;2003;DINSG;Deutschland insgesamt;DG;Deutschland;PROAT1;Landwirtschaftliche Produkte;LWPR-1516;Kohlgemüse;-;2020=100;PRE018;Erzeugerpreisindizes landwirtschaftlicher Produkte
61211;Index der Erzeugerpreise landwirtschaftl. Produkte;JAHR;Jahr;1974;DINSG;Deutschland insgesamt;DG;Deutschland;PROAT1;Landwirtschaftliche Produkte;LWPR-161;Tafeläpfel;-;2020=100;PRE018;Erzeugerpreisindizes landwirtschaftlicher Produkte
61211;Index der Erzeugerpreise landwirtschaftl. Produkte;JAHR;Jahr;1992;DINSG;Deutschland insgesamt;DG;Deutschland;PROAT1;Landwirtschaftliche Produkte;LWPR-152;Pflanzen und Blumen;80,4;2020=100;PRE018;Erzeugerpreisindizes landwirtschaftlicher Produkte
61211;Index der Erzeugerpreise landwirtschaftl. Produkte;JAHR;Jahr;2021;DINSG;Deutschland insgesamt;DG;Deutschland;PROAT1;Landwirtschaftliche Produkte;LWPR-1521;Schnittblumen;115,3;2020=100;PRE018;Erzeugerpreisindizes landwirtschaftlicher Produkte
61211;Index der Erzeugerpreise landwirtschaftl. Produkte;JAHR;Jahr;1987;DINSG;Deutschland insgesamt;DG;Deutschland;PROAT1;Landwirtschaftliche Produkte;LWPR-2141;Hähnchen;89,9;2020=100;PRE018;Erzeugerpreisindizes landwirtschaftlicher Produkte
61211;Index der Erzeugerpreise landwirtschaftl. Produkte;JAHR;Jahr;1996;DINSG;Deutschland insgesamt;DG;Deutschland;PROAT1;Landwirtschaftliche Produkte;LWPR-1516;Kohlgemüse;-;2020=100;PRE018;Erzeugerpreisindizes landwirtschaftlicher Produkte
61211;Index der Erzeugerpreise landwirtschaftl. Produkte;JAHR;Jahr;1979;DINSG;Deutschland insgesamt;DG;Deutschland;PROAT1;Landwirtschaftliche Produkte;LWPR-1214;Futtergerste;138,8;2020=100;PRE018;Erzeugerpreisindizes landwirtschaftlicher Produkte
61211;Index der Erzeugerpreise landwirtschaftl. Produkte;JAHR;Jahr;2015;DINSG;Deutschland insgesamt;DG;Deutschland;PROAT1;Landwirtschaftliche Produkte;LWPR-14;Kartoffeln (einschließlich Pflanzkartoffeln);96,7;2020=100;PRE018;Erzeugerpreisindizes landwirtschaftlicher Produkte
61211;Index der Erzeugerpreise landwirtschaftl. Produkte;JAHR;Jahr;2011;DINSG;Deutschland insgesamt;DG;Deutschland;PROAT1;Landwirtschaftliche Produkte;LWPR-152;Pflanzen und Blumen;90,0;2020=100;PRE018;Erzeugerpreisindizes landwirtschaftlicher Produkte
61211;Index der Erzeugerpreise landwirtschaftl. Produkte;JAHR;Jahr;1991;DINSG;Deutschland insgesamt;DG;Deutschland;PROAT1;Landwirtschaftliche Produkte;LWPR-131;Raps;131,0;2020=100;PRE018;Erzeugerpreisindizes landwirtschaftlicher Produkte
61211;Index der Erzeugerpreise landwirtschaftl. Produkte;JAHR;Jahr;2005;DINSG;Deutschland insgesamt;DG;Deutschland;PROAT1;Landwirtschaftliche Produkte;LWPR-121;Getreide;56,5;2020=100;PRE018;Erzeugerpreisindizes landwirtschaftlicher Produkte
61211;Index der Erzeugerpreise landwirtschaftl. Produkte;JAHR;Jahr;2019;DINSG;Deutschland insgesamt;DG;Deutschland;PROAT1;Landwirtschaftliche Produkte;LWPR-17;Wein;-;2020=100;PRE018;Erzeugerpreisindizes landwirtschaftlicher Produkte
61211;Index der Erzeugerpreise landwirtschaftl. Produkte;JAHR;Jahr;2023;DINSG;Deutschland insgesamt;DG;Deutschland;PROAT1;Landwirtschaftliche Produkte;LWPR-23;Eier;156,1;2020=100;PRE018;Erzeugerpreisindizes landwirtschaftlicher Produkte
61211;Index der Erzeugerpreise landwirtschaftl. Produkte;JAHR;Jahr;2003;DINSG;Deutschland insgesamt;DG;Deutschland;PROAT1;Landwirtschaftliche Produkte;LWPR-1;Pflanzliche Erzeugung;76,4;2020=100;PRE018;Erzeugerpreisindizes landwirtschaftlicher Produkte
61211;Index der Erzeugerpreise landwirtschaftl. Produkte;JAHR;Jahr;2000;DINSG;Deutschland insgesamt;DG;Deutschland;PROAT1;Landwirtschaftliche Produkte;LWPR-1512;Tomaten;110,7;2020=100;PRE018;Erzeugerpreisindizes landwirtschaftlicher Produkte
61211;Index der Erzeugerpreise landwirtschaftl. Produkte;JAHR;Jahr;2007;DINSG;Deutschland insgesamt;DG;Deutschland;PROAT1;Landwirtschaftliche Produkte;LWPR-2114;Kälber;123,1;2020=100;PRE018;Erzeugerpreisindizes landwirtschaftlicher Produkte
61211;Index der Erzeugerpreise landwirtschaftl. Produkte;JAHR;Jahr;1985;DINSG;Deutschland insgesamt;DG;Deutschland;PROAT1;Landwirtschaftliche Produkte;LWPR-211;Rinder;106,4;2020=100;PRE018;Erzeugerpreisindizes landwirtschaftlicher Produkte
61211;Index der Erzeugerpreise landwirtschaftl. Produkte;JAHR;Jahr;1986;DINSG;Deutschland insgesamt;DG;Deutschland;PROAT1;Landwirtschaftliche Produkte;LWPR-121;Getreide;125,6;2020=100;PRE018;Erzeugerpreisindizes landwirtschaftlicher Produkte
61211;Index der Erzeugerpreise landwirtschaftl. Produkte;JAHR;Jahr;1991;DINSG;Deutschland insgesamt;DG;Deutschland;PROAT1;Landwirtschaftliche Produkte;LWPR-2141;Hähnchen;86,3;2020=100;PRE018;Erzeugerpreisindizes landwirtschaftlicher Produkte
61211;Index der Erzeugerpreise landwirtschaftl. Produkte;JAHR;Jahr;1995;DINSG;Deutschland insgesamt;DG;Deutschland;PROAT1;Landwirtschaftliche Produkte;LWPR-15;Erzeugnisse des Gemüse- und Gartenbaus;71,0;2020=100;PRE018;Erzeugerpreisindizes landwirtschaftlicher Produkte
61211;Index der Erzeugerpreise landwirtschaftl. Produkte;JAHR;Jahr;1992;DINSG;Deutschland insgesamt;DG;Deutschland;PROAT1;Landwirtschaftliche Produkte;LWPR-2;Tierische Erzeugung;93,8;2020=100;PRE018;Erzeugerpreisindizes landwirtschaftlicher Produkte
61211;Index der Erzeugerpreise landwirtschaftl. Produkte;JAHR;Jahr;1990;DINSG;Deutschland insgesamt;DG;Deutschland;PROAT1;Landwirtschaftliche Produkte;LWPR-17;Wein;-;2020=100;PRE018;Erzeugerpreisindizes landwirtschaftlicher Produkte
61211;Index der Erzeugerpreise landwirtschaftl. Produkte;JAHR;Jahr;2010;DINSG;Deutschland insgesamt;DG;Deutschland;PROAT1;Landwirtschaftliche Produkte;LWPR-131;Raps;99,6;2020=100;PRE018;Erzeugerpreisindizes landwirtschaftlicher Produkte
61211;Index der Erzeugerpreise landwirtschaftl. Produkte;JAHR;Jahr;2004;DINSG;Deutschland insgesamt;DG;Deutschland;PROAT1;Landwirtschaftliche Produkte;LWPR-1;Pflanzliche Erzeugung;70,9;2020=100;PRE018;Erzeugerpreisindizes landwirtschaftlicher Produkte
61211;Index der Erzeugerpreise landwirtschaftl. Produkte;JAHR;Jahr;2015;DINSG;Deutschland insgesamt;DG;Deutschland;PROAT1;Landwirtschaftliche Produkte;LWPR-2111;Jungbullen;106,4;2020=100;PRE018;Erzeugerpreisindizes landwirtschaftlicher Produkte
61211;Index der Erzeugerpreise landwirtschaftl. Produkte;JAHR;Jahr;1989;DINSG;Deutschland insgesamt;DG;Deutschland;PROAT1;Landwirtschaftliche Produkte;LWPR-2113;Färsen;93,4;2020=100;PRE018;Erzeugerpreisindizes landwirtschaftlicher Produkte
61211;Index der Erzeugerpreise landwirtschaftl. Produkte;JAHR;Jahr;2003;DINSG;Deutschland insgesamt;DG;Deutschland;PROAT1;Landwirtschaftliche Produkte;LWPR-212;Schweine;78,3;2020=100;PRE018;Erzeugerpreisindizes landwirtschaftlicher Produkte
61211;Index der Erzeugerpreise landwirtschaftl. Produkte;JAHR;Jahr;1979;DINSG;Deutschland insgesamt;DG;Deutschland;PROAT1;Landwirtschaftliche Produkte;LWPR-214;Geflügel;92,7;2020=100;PRE018;Erzeugerpreisindizes landwirtschaftlicher Produkte
61211;Index der Erzeugerpreise landwirtschaftl. Produkte;JAHR;Jahr;1970;DINSG;Deutschland insgesamt;DG;Deutschland;PROAT1;Landwirtschaftliche Produkte;LWPR-1517;Salat;-;2020=100;PRE018;Erzeugerpreisindizes landwirtschaftlicher Produkte
61211;Index der Erzeugerpreise landwirtschaftl. Produkte;JAHR;Jahr;1987;DINSG;Deutschland insgesamt;DG;Deutschland;PROAT1;Landwirtschaftliche Produkte;LWPR-1211;Brotweizen;121,6;2020=100;PRE018;Erzeugerpreisindizes landwirtschaftlicher Produkte
61211;Index der Erzeugerpreise landwirtschaftl. Produkte;JAHR;Jahr;1997;DINSG;Deutschland insgesamt;DG;Deutschland;PROAT1;Landwirtschaftliche Produkte;LWPR-161;Tafeläpfel;74,3;2020=100;PRE018;Erzeugerpreisindizes landwirtschaftlicher Produkte
61211;Index der Erzeugerpreise landwirtschaftl. Produkte;JAHR;Jahr;1997;DINSG;Deutschland insgesamt;DG;Deutschland;PROAT1;Landwirtschaftliche Produkte;LWPR-1522;Topfpflanzen;93,0;2020=100;PRE018;Erzeugerpreisindizes landwirtschaftlicher Produkte
61211;Index der Erzeugerpreise landwirtschaftl. Produkte;JAHR;Jahr;1968;DINSG;Deutschland insgesamt;DG;Deutschland;PROAT1;Landwirtschaftliche Produkte;LWPR-1213;Futterweizen;-;2020=100;PRE018;Erzeugerpreisindizes landwirtschaftlicher Produkte
61211;Index der Erzeugerpreise landwirtschaftl. Produkte;JAHR;Jahr;2008;DINSG;Deutschland insgesamt;DG;Deutschland;PROAT1;Landwirtschaftliche Produkte;LWPR-14;Kartoffeln (einschließlich Pflanzkartoffeln);37,8;2020=100;PRE018;Erzeugerpreisindizes landwirtschaftlicher Produkte
61211;Index der Erzeugerpreise landwirtschaftl. Produkte;JAHR;Jahr;1976;DINSG;Deutschland insgesamt;DG;Deutschland;PROAT1;Landwirtschaftliche Produkte;LWPR-2114;Kälber;88,5;2020=100;PRE018;Erzeugerpreisindizes landwirtschaftlicher Produkte
61211;Index der Erzeugerpreise landwirtschaftl. Produkte;JAHR;Jahr;1985;DINSG;Deutschland insgesamt;DG;Deutschland;PROAT1;Landwirtschaftliche Produkte;LWPR-21;Tiere;110,4;2020=100;PRE018;Erzeugerpreisindizes landwirtschaftlicher Produkte
61211;Index der Erzeugerpreise landwirtschaftl. Produkte;JAHR;Jahr;2015;DINSG;Deutschland insgesamt;DG;Deutschland;PROAT1;Landwirtschaftliche Produkte;LWPR-162;Erdbeeren;64,7;2020=100;PRE018;Erzeugerpreisindizes landwirtschaftlicher Produkte
61211;Index der Erzeugerpreise landwirtschaftl. Produkte;JAHR;Jahr;1973;DINSG;Deutschland insgesamt;DG;Deutschland;PROAT1;Landwirtschaftliche Produkte;LWPR-22;Milch;64,5;2020=100;PRE018;Erzeugerpreisindizes landwirtschaftlicher Produkte
61211;Index der Erzeugerpreise landwirtschaftl. Produkte;JAHR;Jahr;1988;DINSG;Deutschland insgesamt;DG;Deutschland;PROAT1;Landwirtschaftliche Produkte;LWPR-212;Schweine;89,6;2020=100;PRE018;Erzeugerpreisindizes landwirtschaftlicher Produkte
61211;Index der Erzeugerpreise landwirtschaftl. Produkte;JAHR;Jahr;2011;DINSG;Deutschland insgesamt;DG;Deutschland;PROAT1;Landwirtschaftliche Produkte;LWPR-1513;Gurken;67,6;2020=100;PRE018;Erzeugerpreisindizes landwirtschaftlicher Produkte
61211;Index der Erzeugerpreise landwirtschaftl. Produkte;JAHR;Jahr;1993;DINSG;Deutschland insgesamt;DG;Deutschland;PROAT1;Landwirtschaftliche Produkte;LWPR-2113;Färsen;84,2;2020=100;PRE018;Erzeugerpreisindizes landwirtschaftlicher Produkte
61211;Index der Erzeugerpreise landwirtschaftl. Produkte;JAHR;Jahr;2001;DINSG;Deutschland insgesamt;DG;Deutschland;PROAT1;Landwirtschaftliche Produkte;LWPR-133;Futterpflanzen;-;2020=100;PRE018;Erzeugerpreisindizes landwirtschaftlicher Produkte
61211;Index der Erzeugerpreise landwirtschaftl. Produkte;JAHR;Jahr;1991;DINSG;Deutschland insgesamt;DG;Deutschland;PROAT1;Landwirtschaftliche Produkte;LWPR-1211;Brotweizen;101,2;2020=100;PRE018;Erzeugerpreisindizes landwirtschaftlicher Produkte
61211;Index der Erzeugerpreise landwirtschaftl. Produkte;JAHR;Jahr;1994;DINSG;Deutschland insgesamt;DG;Deutschland;PROAT1;Landwirtschaftliche Produkte;LWPR-133;Futterpflanzen;-;2020=100;PRE018;Erzeugerpreisindizes landwirtschaftlicher Produkte
61211;Index der Erzeugerpreise landwirtschaftl. Produkte;JAHR;Jahr;1978;DINSG;Deutschland insgesamt;DG;Deutschland;PROAT1;Landwirtschaftliche Produkte;LWPR-21;Tiere;106,9;2020=100;PRE018;Erzeugerpreisindizes landwirtschaftlicher Produkte
61211;Index der Erzeugerpreise landwirtschaftl. Produkte;JAHR;Jahr;1985;DINSG;Deutschland insgesamt;DG;Deutschland;PROAT1;Landwirtschaftliche Produkte;LWPR-1515;Spargel;-;2020=100;PRE018;Erzeugerpreisindizes landwirtschaftlicher Produkte
61211;Index der Erzeugerpreise landwirtschaftl. Produkte;JAHR;Jahr;2008;DINSG;Deutschland insgesamt;DG;Deutschland;PROAT1;Landwirtschaftliche Produkte;LWPR-122;Getreidesaatgut;97,3;2020=100;PRE018;Erzeugerpreisindizes landwirtschaftlicher Produkte
61211;Index der Erzeugerpreise landwirtschaftl. Produkte;JAHR;Jahr;2000;DINSG;Deutschland insgesamt;DG;Deutschland;PROAT1;Landwirtschaftliche Produkte;LWPR-2113;Färsen;73,9;2020=100;PRE018;Erzeugerpreisindizes landwirtschaftlicher Produkte
61211;Index der Erzeugerpreise landwirtschaftl. Produkte;JAHR;Jahr;2023;DINSG;Deutschland insgesamt;DG;Deutschland;PROAT1;Landwirtschaftliche Produkte;LWPR-2112;Kühe;151,1;2020=100;PRE018;Erzeugerpreisindizes landwirtschaftlicher Produkte
61211;Index der Erzeugerpreise landwirtschaftl. Produkte;JAHR;Jahr;2013;DINSG;Deutschland insgesamt;DG;Deutschland;PROAT1;Landwirtschaftliche Produkte;LWPR-213;Schafe und Ziegen;84,3;2020=100;PRE018;Erzeugerpreisindizes landwirtschaftlicher Produkte
61211;Index der Erzeugerpreise landwirtschaftl. Produkte;JAHR;Jahr;1969;DINSG;Deutschland insgesamt;DG;Deutschland;PROAT1;Landwirtschaftliche Produkte;LWPR-2114;Kälber;76,5;2020=100;PRE018;Erzeugerpreisindizes landwirtschaftlicher Produkte
61211;Index der Erzeugerpreise landwirtschaftl. Produkte;JAHR;Jahr;1982;DINSG;Deutschland insgesamt;DG;Deutschland;PROAT1;Landwirtschaftliche Produkte;LWPR-2112;Kühe;127,9;2020=100;PRE018;Erzeugerpreisindizes landwirtschaftlicher Produkte
61211;Index der Erzeugerpreise landwirtschaftl. Produkte;JAHR;Jahr;1992;DINSG;Deutschland insgesamt;DG;Deutschland;PROAT1;Landwirtschaftliche Produkte;LWPR-1511;Blumenkohl;25,4;2020=100;PRE018;Erzeugerpreisindizes landwirtschaftlicher Produkte
61211;Index der Erzeugerpreise landwirtschaftl. Produkte;JAHR;Jahr;1990;DINSG;Deutschland insgesamt;DG;Deutschland;PROAT1;Landwirtschaftliche Produkte;LWPR-141;Speisekartoffeln;38,8;2020=100;PRE018;Erzeugerpreisindizes landwirtschaftlicher Produkte
61211;Index der Erzeugerpreise landwirtschaftl. Produkte;JAHR;Jahr;2009;DINSG;Deutschland insgesamt;DG;Deutschland;PROAT1;Landwirtschaftliche Produkte;LWPR-14;Kartoffeln (einschließlich Pflanzkartoffeln);36,5;2020=100;PRE018;Erzeugerpreisindizes landwirtschaftlicher Produkte
61211;Index der Erzeugerpreise landwirtschaftl. Produkte;JAHR;Jahr;2016;DINSG;Deutschland insgesamt;DG;Deutschland;PROAT1;Landwirtschaftliche Produkte;LWPR-1213;Futterweizen;80,8;2020=100;PRE018;Erzeugerpreisindizes landwirtschaftlicher Produkte
61211;Index der Erzeugerpreise landwirtschaftl. Produkte;JAHR;Jahr;2015;DINSG;Deutschland insgesamt;DG;Deutschland;PROAT1;Landwirtschaftliche Produkte;LWPR-131;Raps;96,6;2020=100;PRE018;Erzeugerpreisindizes landwirtschaftlicher Produkte
61211;Index der Erzeugerpreise landwirtschaftl. Produkte;JAHR;Jahr;1996;DINSG;Deutschland insgesamt;DG;Deutschland;PROAT1;Landwirtschaftliche Produkte;LWPR-2113;Färsen;71,5;2020=100;PRE018;Erzeugerpreisindizes landwirtschaftlicher Produkte
61211;Index der Erzeugerpreise landwirtschaftl. Produkte;JAHR;Jahr;1975;DINSG;Deutschland insgesamt;DG;Deutschland;PROAT1;Landwirtschaftliche Produkte;LWPR-151;Gemüse;37,2;2020=100;PRE018;Erzeugerpreisindizes landwirtschaftlicher Produkte
61211;Index der Erzeugerpreise landwirtschaftl. Produkte;JAHR;Jahr;1971;DINSG;Deutschland insgesamt;DG;Deutschland;PROAT1;Landwirtschaftliche Produkte;LWPR-1216;Körnermais;96,3;2020=100;PRE018;Erzeugerpreisindizes landwirtschaftlicher Produkte
61211;Index der Erzeugerpreise landwirtschaftl. Produkte;JAHR;Jahr;2015;DINSG;Deutschland insgesamt;DG;Deutschland;PROAT1;Landwirtschaftliche Produkte;LWPR-1523;Baumschulerzeugnisse;93,7;2020=100;PRE018;Erzeugerpreisindizes landwirtschaftlicher Produkte
61211;Index der Erzeugerpreise landwirtschaftl. Produkte;JAHR;Jahr;1984;DINSG;Deutschland insgesamt;DG;Deutschland;PROAT1;Landwirtschaftliche Produkte;LWPR-21;Tiere;115,0;2020=100;PRE018;Erzeugerpreisindizes landwirtschaftlicher Produkte
61211;Index der Erzeugerpreise landwirtschaftl. Produkte;JAHR;Jahr;1969;DINSG;Deutschland insgesamt;DG;Deutschland;PROAT1;Landwirtschaftliche Produkte;LWPR-1517;Salat;-;2020=100;PRE018;Erzeugerpreisindizes landwirtschaftlicher Produkte
61211;Index der Erzeugerpreise landwirtschaftl. Produkte;JAHR;Jahr;1980;DINSG;Deutschland insgesamt;DG;Deutschland;PROAT1;Landwirtschaftliche Produkte;LWPR-1517;Salat;-;2020=100;PRE018;Erzeugerpreisindizes landwirtschaftlicher Produkte
61211;Index der Erzeugerpreise landwirtschaftl. Produkte;JAHR;Jahr;2018;DINSG;Deutschland insgesamt;DG;Deutschland;PROAT1;Landwirtschaftliche Produkte;LWPR-1514;Champignons;93,4;2020=100;PRE018;Erzeugerpreisindizes landwirtschaftlicher Produkte
61211;Index der Erzeugerpreise landwirtschaftl. Produkte;JAHR;Jahr;1996;DINSG;Deutschland insgesamt;DG;Deutschland;PROAT1;Landwirtschaftliche Produkte;LWPR-131;Raps;78,9;2020=100;PRE018;Erzeugerpreisindizes landwirtschaftlicher Produkte
61211;Index der Erzeugerpreise landwirtschaftl. Produkte;JAHR;Jahr;1975;DINSG;Deutschland insgesamt;DG;Deutschland;PROAT1;Landwirtschaftliche Produkte;LWPR-1213;Futterweizen;-;2020=100;PRE018;Erzeugerpreisindizes landwirtschaftlicher Produkte
61211;Index der Erzeugerpreise landwirtschaftl. Produkte;JAHR;Jahr;1974;DINSG;Deutschland insgesamt;DG;Deutschland;PROAT1;Landwirtschaftliche Produkte;LWPR-2142;Sonstiges Geflügel;77,6;2020=100;PRE018;Erzeugerpreisindizes landwirtschaftlicher Produkte
61211;Index der Erzeugerpreise landwirtschaftl. Produkte;JAHR;Jahr;1970;DINSG;Deutschland insgesamt;DG;Deutschland;PROAT1;Landwirtschaftliche Produkte;LWPR-23;Eier;35,4;2020=100;PRE018;Erzeugerpreisindizes landwirtschaftlicher Produkte
61211;Index der Erzeugerpreise landwirtschaftl. Produkte;JAHR;Jahr;2016;DINSG;Deutschland insgesamt;DG;Deutschland;PROAT1;Landwirtschaftliche Produkte;LWPR-161;Tafeläpfel;70,7;2020=100;PRE018;Erzeugerpreisindizes landwirtschaftlicher Produkte
61211;Index der Erzeugerpreise landwirtschaftl. Produkte;JAHR;Jahr;1994;DINSG;Deutschland insgesamt;DG;Deutschland;PROAT1;Landwirtschaftliche Produkte;LWPR-213;Schafe und Ziegen;56,0;2020=100;PRE018;Erzeugerpreisindizes landwirtschaftlicher Produkte
61211;Index der Erzeugerpreise landwirtschaftl. Produkte;JAHR;Jahr;1980;DINSG;Deutschland insgesamt;DG;Deutschland;PROAT1;Landwirtschaftliche Produkte;LWPR-122;Getreidesaatgut;123,9;2020=100;PRE018;Erzeugerpreisindizes landwirtschaftlicher Produkte
61211;Index der Erzeugerpreise landwirtschaftl. Produkte;JAHR;Jahr;2002;DINSG;Deutschland insgesamt;DG;Deutschland;PROAT1;Landwirtschaftliche Produkte;LWPR-12;Getreide (einschließlich Saatgut);60,9;2020=100;PRE018;Erzeugerpreisindizes landwirtschaftlicher Produkte
61211;Index der Erzeugerpreise landwirtschaftl. Produkte;JAHR;Jahr;2022;DINSG;Deutschland insgesamt;DG;Deutschland;PROAT1;Landwirtschaftliche Produkte;LWPR-23;Eier;120,1;2020=100;PRE018;Erzeugerpreisindizes landwirtschaftlicher Produkte
61211;Index der Erzeugerpreise landwirtschaftl. Produkte;JAHR;Jahr;1977;DINSG;Deutschland insgesamt;DG;Deutschland;PROAT1;Landwirtschaftliche Produkte;LWPR-1514;Champignons;-;2020=100;PRE018;Erzeugerpreisindizes landwirtschaftlicher Produkte
61211;Index der Erzeugerpreise landwirtschaftl. Produkte;JAHR;Jahr;1974;DINSG;Deutschland insgesamt;DG;Deutschland;PROAT1;Landwirtschaftliche Produkte;LWPR-1523;Baumschulerzeugnisse;41,7;2020=100;PRE018;Erzeugerpreisindizes landwirtschaftlicher Produkte
61211;Index der Erzeugerpreise landwirtschaftl. Produkte;JAHR;Jahr;1982;DINSG;Deutschland insgesamt;DG;Deutschland;PROAT1;Landwirtschaftliche Produkte;LWPR-17;Wein;-;2020=100;PRE018;Erzeugerpreisindizes landwirtschaftlicher Produkte
61211;Index der Erzeugerpreise landwirtschaftl. Produkte;JAHR;Jahr;2002;DINSG;Deutschland insgesamt;DG;Deutschland;PROAT1;Landwirtschaftliche Produkte;LWPR-1212;Brotroggen;60,4;2020=100;PRE018;Erzeugerpreisindizes landwirtschaftlicher Produkte
61211;Index der Erzeugerpreise landwirtschaftl. Produkte;JAHR;Jahr;1996;DINSG;Deutschland insgesamt;DG;Deutschland;PROAT1;Landwirtschaftliche Produkte;LWPR-15;Erzeugnisse des Gemüse- und Gartenbaus;69,7;2020=100;PRE018;Erzeugerpreisindizes landwirtschaftlicher Produkte
61211;Index der Erzeugerpreise landwirtschaftl. Produkte;JAHR;Jahr;1997;DINSG;Deutschland insgesamt;DG;Deutschland;PROAT1;Landwirtschaftliche Produkte;LWPR-1211;Brotweizen;71,6;2020=100;PRE018;Erzeugerpreisindizes landwirtschaftlicher Produkte
61211;Index der Erzeugerpreise landwirtschaftl. Produkte;JAHR;Jahr;2003;DINSG;Deutschland insgesamt;DG;Deutschland;PROAT1;Landwirtschaftliche Produkte;LWPR-162;Erdbeeren;88,1;2020=100;PRE018;Erzeugerpreisindizes landwirtschaftlicher Produkte
61211;Index der Erzeugerpreise landwirtschaftl. Produkte;JAHR;Jahr;2008;DINSG;Deutschland insgesamt;DG;Deutschland;PROAT1;Landwirtschaftliche Produkte;LWPR-131;Raps;150,5;2020=100;PRE018;Erzeugerpreisindizes landwirtschaftlicher Produkte
61211;Index der Erzeugerpreise landwirtschaftl. Produkte;JAHR;Jahr;2002;DINSG;Deutschland insgesamt;DG;Deutschland;PROAT1;Landwirtschaftliche Produkte;LWPR-141;Speisekartoffeln;34,7;2020=100;PRE018;Erzeugerpreisindizes landwirtschaftlicher Produkte
61211;Index der Erzeugerpreise landwirtschaftl. Produkte;JAHR;Jahr;1968;DINSG;Deutschland insgesamt;DG;Deutschland;PROAT1;Landwirtschaftliche Produkte;LWPR-151;Gemüse;26,5;2020=100;PRE018;Erzeugerpreisindizes landwirtschaftlicher Produkte
61211;Index der Erzeugerpreise landwirtschaftl. Produkte;JAHR;Jahr;1974;DINSG;Deutschland insgesamt;DG;Deutschland;PROAT1;Landwirtschaftliche Produkte;LWPR-121;Getreide;116,5;2020=100;PRE018;Erzeugerpreisindizes landwirtschaftlicher Produkte
61211;Index der Erzeugerpreise landwirtschaftl. Produkte;JAHR;Jahr;1975;DINSG;Deutschland insgesamt;DG;Deutschland;PROAT1;Landwirtschaftliche Produkte;LWPR-13;Handelsgewächse;96,4;2020=100;PRE018;Erzeugerpreisindizes landwirtschaftlicher Produkte
61211;Index der Erzeugerpreise landwirtschaftl. Produkte;JAHR;Jahr;2013;DINSG;Deutschland insgesamt;DG;Deutschland;PROAT1;Landwirtschaftliche Produkte;LWPR-15;Erzeugnisse des Gemüse- und Gartenbaus;84,1;2020=100;PRE018;Erzeugerpreisindizes landwirtschaftlicher Produkte
61211;Index der Erzeugerpreise landwirtschaftl. Produkte;JAHR;Jahr;1972;DINSG;Deutschland insgesamt;DG;Deutschland;PROAT1;Landwirtschaftliche Produkte;LWPR-132;Zuckerrüben;93,3;2020=100;PRE018;Erzeugerpreisindizes landwirtschaftlicher Produkte
61211;Index der Erzeugerpreise landwirtschaftl. Produkte;JAHR;Jahr;1991;DINSG;Deutschland insgesamt;DG;Deutschland;PROAT1;Landwirtschaftliche Produkte;LWPR-12;Getreide (einschließlich Saatgut);104,2;2020=100;PRE018;Erzeugerpreisindizes landwirtschaftlicher Produkte
61211;Index der Erzeugerpreise landwirtschaftl. Produkte;JAHR;Jahr;2000;DINSG;Deutschland insgesamt;DG;Deutschland;PROAT1;Landwirtschaftliche Produkte;LWPR-152;Pflanzen und Blumen;80,8;2020=100;PRE018;Erzeugerpreisindizes landwirtschaftlicher Produkte
61211;Index der Erzeugerpreise landwirtschaftl. Produkte;JAHR;Jahr;2001;DINSG;Deutschland insgesamt;DG;Deutschland;PROAT1;Landwirtschaftliche Produkte;LWPR-12;Getreide (einschließlich Saatgut);67,3;2020=100;PRE018;Erzeugerpreisindizes landwirtschaftlicher Produkte
61211;Index der Erzeugerpreise landwirtschaftl. Produkte;JAHR;Jahr;2016;DINSG;Deutschland insgesamt;DG;Deutschland;PROAT1;Landwirtschaftliche Produkte;LWPR-2112;Kühe;102,7;2020=100;PRE018;Erzeugerpreisindizes landwirtschaftlicher Produkte
61211;Index der Erzeugerpreise landwirtschaftl. Produkte;JAHR;Jahr;1973;DINSG;Deutschland insgesamt;DG;Deutschland;PROAT1;Landwirtschaftliche Produkte;LWPR-1517;Salat;-;2020=100;PRE018;Erzeugerpreisindizes landwirtschaftlicher Produkte
61211;Index der Erzeugerpreise landwirtschaftl. Produkte;JAHR;Jahr;1999;DINSG;Deutschland insgesamt;DG;Deutschland;PROAT1;Landwirtschaftliche Produkte;LWPR-1512;Tomaten;69,5;2020=100;PRE018;Erzeugerpreisindizes landwirtschaftlicher Produkte
61211;Index der Erzeugerpreise landwirtschaftl. Produkte;JAHR;Jahr;2011;DINSG;Deutschland insgesamt;DG;Deutschland;PROAT1;Landwirtschaftliche Produkte;LWPR-2;Tierische Erzeugung;102,1;2020=100;PRE018;Erzeugerpreisindizes landwirtschaftlicher Produkte
61211;Index der Erzeugerpreise landwirtschaftl. Produkte;JAHR;Jahr;2009;DINSG;Deutschland insgesamt;DG;Deutschland;PROAT1;Landwirtschaftliche Produkte;LWPR-152;Pflanzen und Blumen;86,8;2020=100;PRE018;Erzeugerpreisindizes landwirtschaftlicher Produkte
61211;Index der Erzeugerpreise landwirtschaftl. Produkte;JAHR;Jahr;1978;DINSG;Deutschland insgesamt;DG;Deutschland;PROAT1;Landwirtschaftliche Produkte;LWPR-16;Obst;66,2;2020=100;PRE018;Erzeugerpreisindizes landwirtschaftlicher Produkte
61211;Index der Erzeugerpreise landwirtschaftl. Produkte;JAHR;Jahr;2020;DINSG;Deutschland insgesamt;DG;Deutschland;PROAT1;Landwirtschaftliche Produkte;LWPR-1213;Futterweizen;100,0;2020=100;PRE018;Erzeugerpreisindizes landwirtschaftlicher Produkte
61211;Index der Erzeugerpreise landwirtschaftl. Produkte;JAHR;Jahr;1996;DINSG;Deutschland insgesamt;DG;Deutschland;PROAT1;Landwirtschaftliche Produkte;LWPR-1521;Schnittblumen;64,7;2020=100;PRE018;Erzeugerpreisindizes landwirtschaftlicher Produkte
61211;Index der Erzeugerpreise landwirtschaftl. Produkte;JAHR;Jahr;1992;DINSG;Deutschland insgesamt;DG;Deutschland;PROAT1;Landwirtschaftliche Produkte;LWPR-12;Getreide (einschließlich Saatgut);101,9;2020=100;PRE018;Erzeugerpreisindizes landwirtschaftlicher Produkte
61211;Index der Erzeugerpreise landwirtschaftl. Produkte;JAHR;Jahr;1981;DINSG;Deutschland insgesamt;DG;Deutschland;PROAT1;Landwirtschaftliche Produkte;LWPR-1523;Baumschulerzeugnisse;57,0;2020=100;PRE018;Erzeugerpreisindizes landwirtschaftlicher Produkte
61211;Index der Erzeugerpreise landwirtschaftl. Produkte;JAHR;Jahr;1984;DINSG;Deutschland insgesamt;DG;Deutschland;PROAT1;Landwirtschaftliche Produkte;LWPR-1514;Champignons;-;2020=100;PRE018;Erzeugerpreisindizes landwirtschaftlicher Produkte
61211;Index der Erzeugerpreise landwirtschaftl. Produkte;JAHR;Jahr;1988;DINSG;Deutschland insgesamt;DG;Deutschland;PROAT1;Landwirtschaftliche Produkte;LWPR-1511;Blumenkohl;23,6;2020=100;PRE018;Erzeugerpreisindizes landwirtschaftlicher Produkte
61211;Index der Erzeugerpreise landwirtschaftl. Produkte;JAHR;Jahr;1996;DINSG;Deutschland insgesamt;DG;Deutschland;PROAT1;Landwirtschaftliche Produkte;LWPR-1214;Futtergerste;80,9;2020=100;PRE018;Erzeugerpreisindizes landwirtschaftlicher Produkte
61211;Index der Erzeugerpreise landwirtschaftl. Produkte;JAHR;Jahr;1977;DINSG;Deutschland insgesamt;DG;Deutschland;PROAT1;Landwirtschaftliche Produkte;LWPR-212;Schweine;131,7;2020=100;PRE018;Erzeugerpreisindizes landwirtschaftlicher Produkte
61211;Index der Erzeugerpreise landwirtschaftl. Produkte;JAHR;Jahr;1977;DINSG;Deutschland insgesamt;DG;Deutschland;PROAT1;Landwirtschaftliche Produkte;LWPR-2111;Jungbullen;102,2;2020=100;PRE018;Erzeugerpreisindizes landwirtschaftlicher Produkte
61211;Index der Erzeugerpreise landwirtschaftl. Produkte;JAHR;Jahr;2018;DINSG;Deutschland insgesamt;DG;Deutschland;PROAT1;Landwirtschaftliche Produkte;LWPR-22;Milch;104,0;2020=100;PRE018;Erzeugerpreisindizes landwirtschaftlicher Produkte
61211;Index der Erzeugerpreise landwirtschaftl. Produkte;JAHR;Jahr;2014;DINSG;Deutschland insgesamt;DG;Deutschland;PROAT1;Landwirtschaftliche Produkte;LWPR-1517;Salat;-;2020=100;PRE018;Erzeugerpreisindizes landwirtschaftlicher Produkte
61211;Index der Erzeugerpreise landwirtschaftl. Produkte;JAHR;Jahr;2001;DINSG;Deutschland insgesamt;DG;Deutschland;PROAT1;Landwirtschaftliche Produkte;LWPR-2114;Kälber;94,2;2020=100;PRE018;Erzeugerpreisindizes landwirtschaftlicher Produkte
61211;Index der Erzeugerpreise landwirtschaftl. Produkte;JAHR;Jahr;1982;DINSG;Deutschland insgesamt;DG;Deutschland;PROAT1;Landwirtschaftliche Produkte;LWPR-151;Gemüse;52,5;2020=100;PRE018;Erzeugerpreisindizes landwirtschaftlicher Produkte
61211;Index der Erzeugerpreise landwirtschaftl. Produkte;JAHR;Jahr;2001;DINSG;Deutschland insgesamt;DG;Deutschland;PROAT1;Landwirtschaftliche Produkte;LWPR-1522;Topfpflanzen;84,4;2020=100;PRE018;Erzeugerpreisindizes landwirtschaftlicher Produkte
61211;Index der Erzeugerpreise landwirtschaftl. Produkte;JAHR;Jahr;2012;DINSG;Deutschland insgesamt;DG;Deutschland;PROAT1;Landwirtschaftliche Produkte;LWPR-15;Erzeugnisse des Gemüse- und Gartenbaus;85,8;2020=100;PRE018;Erzeugerpreisindizes landwirtschaftlicher Produkte
61211;Index der Erzeugerpreise landwirtschaftl. Produkte;JAHR;Jahr;1984;DINSG;Deutschland insgesamt;DG;Deutschland;PROAT1;Landwirtschaftliche Produkte;LWPR-162;Erdbeeren;-;2020=100;PRE018;Erzeugerpreisindizes landwirtschaftlicher Produkte
61211;Index der Erzeugerpreise landwirtschaftl. Produkte;JAHR;Jahr;2004;DINSG;Deutschland insgesamt;DG;Deutschland;PROAT1;Landwirtschaftliche Produkte;LWPR-1513;Gurken;84,9;2020=100;PRE018;Erzeugerpreisindizes landwirtschaftlicher Produkte
61211;Index der Erzeugerpreise landwirtschaftl. Produkte;JAHR;Jahr;1974;DINSG;Deutschland insgesamt;DG;Deutschland;PROAT1;Landwirtschaftliche Produkte;LWPR-13;Handelsgewächse;88,7;2020=100;PRE018;Erzeugerpreisindizes landwirtschaftlicher Produkte
61211;Index der Erzeugerpreise landwirtschaftl. Produkte;JAHR;Jahr;1979;DINSG;Deutschland insgesamt;DG;Deutschland;PROAT1;Landwirtschaftliche Produkte;LWPR-16;Obst;60,8;2020=100;PRE018;Erzeugerpreisindizes landwirtschaftlicher Produkte
61211;Index der Erzeugerpreise landwirtschaftl. Produkte;JAHR;Jahr;2023;DINSG;Deutschland insgesamt;DG;Deutschland;PROAT1;Landwirtschaftliche Produkte;LWPR-1515;Spargel;118,7;2020=100;PRE018;Erzeugerpreisindizes landwirtschaftlicher Produkte
61211;Index der Erzeugerpreise landwirtschaftl. Produkte;JAHR;Jahr;2012;DINSG;Deutschland insgesamt;DG;Deutschland;PROAT1;Landwirtschaftliche Produkte;LWPR-1216;Körnermais;124,3;2020=100;PRE018;Erzeugerpreisindizes landwirtschaftlicher Produkte
61211;Index der Erzeugerpreise landwirtschaftl. Produkte;JAHR;Jahr;2019;DINSG;Deutschland insgesamt;DG;Deutschland;PROAT1;Landwirtschaftliche Produkte;LWPR-22;Milch;102,0;2020=100;PRE018;Erzeugerpreisindizes landwirtschaftlicher Produkte
61211;Index der Erzeugerpreise landwirtschaftl. Produkte;JAHR;Jahr;1994;DINSG;Deutschland insgesamt;DG;Deutschland;PROAT1;Landwirtschaftliche Produkte;LWPR-2141;Hähnchen;75,4;2020=100;PRE018;Erzeugerpreisindizes landwirtschaftlicher Produkte
61211;Index der Erzeugerpreise landwirtschaftl. Produkte;JAHR;Jahr;2007;DINSG;Deutschland insgesamt;DG;Deutschland;PROAT1;Landwirtschaftliche Produkte;LWPR-141;Speisekartoffeln;55,8;2020=100;PRE018;Erzeugerpreisindizes landwirtschaftlicher Produkte
61211;Index der Erzeugerpreise landwirtschaftl. Produkte;JAHR;Jahr;1987;DINSG;Deutschland insgesamt;DG;Deutschland;PROAT1;Landwirtschaftliche Produkte;LWPR-133;Futterpflanzen;-;2020=100;PRE018;Erzeugerpreisindizes landwirtschaftlicher Produkte
61211;Index der Erzeugerpreise landwirtschaftl. Produkte;JAHR;Jahr;1983;DINSG;Deutschland insgesamt;DG;Deutschland;PROAT1;Landwirtschaftliche Produkte;LWPR-141;Speisekartoffeln;59,6;2020=100;PRE018;Erzeugerpreisindizes landwirtschaftlicher Produkte
61211;Index der Erzeugerpreise landwirtschaftl. Produkte;JAHR;Jahr;2022;DINSG;Deutschland insgesamt;DG;Deutschland;PROAT1;Landwirtschaftliche Produkte;LWPR-211;Rinder;148,1;2020=100;PRE018;Erzeugerpreisindizes landwirtschaftlicher Produkte
61211;Index der Erzeugerpreise landwirtschaftl. Produkte;JAHR;Jahr;1971;DINSG;Deutschland insgesamt;DG;Deutschland;PROAT1;Landwirtschaftliche Produkte;LWPR-23;Eier;46,1;2020=100;PRE018;Erzeugerpreisindizes landwirtschaftlicher Produkte
61211;Index der Erzeugerpreise landwirtschaftl. Produkte;JAHR;Jahr;2008;DINSG;Deutschland insgesamt;DG;Deutschland;PROAT1;Landwirtschaftliche Produkte;LWPR-1216;Körnermais;76,0;2020=100;PRE018;Erzeugerpreisindizes landwirtschaftlicher Produkte
61211;Index der Erzeugerpreise landwirtschaftl. Produkte;JAHR;Jahr;2019;DINSG;Deutschland insgesamt;DG;Deutschland;PROAT1;Landwirtschaftliche Produkte;LWPR-1511;Blumenkohl;93,4;2020=100;PRE018;Erzeugerpreisindizes landwirtschaftlicher Produkte
61211;Index der Erzeugerpreise landwirtschaftl. Produkte;JAHR;Jahr;1974;DINSG;Deutschland insgesamt;DG;Deutschland;PROAT1;Landwirtschaftliche Produkte;LWPR-1216;Körnermais;125,0;2020=100;PRE018;Erzeugerpreisindizes landwirtschaftlicher Produkte
61211;Index der Erzeugerpreise landwirtschaftl. Produkte;JAHR;Jahr;1985;DINSG;Deutschland insgesamt;DG;Deutschland;PROAT1;Landwirtschaftliche Produkte;LWPR-1;Pflanzliche Erzeugung;89,8;2020=100;PRE018;Erzeugerpreisindizes landwirtschaftlicher Produkte
61211;Index der Erzeugerpreise landwirtschaftl. Produkte;JAHR;Jahr;1968;DINSG;Deutschland insgesamt;DG;Deutschland;PROAT1;Landwirtschaftliche Produkte;LWPR-17;Wein;-;2020=100;PRE018;Erzeugerpreisindizes landwirtschaftlicher Produkte
61211;Index der Erzeugerpreise landwirtschaftl. Produkte;JAHR;Jahr;2016;DINSG;Deutschland insgesamt;DG;Deutschland;PROAT1;Landwirtschaftliche Produkte;LWPR-152;Pflanzen und Blumen;89,1;2020=100;PRE018;Erzeugerpreisindizes landwirtschaftlicher Produkte
61211;Index der Erzeugerpreise landwirtschaftl. Produkte;JAHR;Jahr;2010;DINSG;Deutschland insgesamt;DG;Deutschland;PROAT1;Landwirtschaftliche Produkte;LWPR-162;Erdbeeren;49,4;2020=100;PRE018;Erzeugerpreisindizes landwirtschaftlicher Produkte
61211;Index der Erzeugerpreise landwirtschaftl. Produkte;JAHR;Jahr;2020;DINSG;Deutschland insgesamt;DG;Deutschland;PROAT1;Landwirtschaftliche Produkte;LWPR-1511;Blumenkohl;100,0;2020=100;PRE018;Erzeugerpreisindizes landwirtschaftlicher Produkte
61211;Index der Erzeugerpreise landwirtschaftl. Produkte;JAHR;Jahr;2008;DINSG;Deutschland insgesamt;DG;Deutschland;PROAT1;Landwirtschaftliche Produkte;LWPR-23;Eier;69,7;2020=100;PRE018;Erzeugerpreisindizes landwirtschaftlicher Produkte
61211;Index der Erzeugerpreise landwirtschaftl. Produkte;JAHR;Jahr;2013;DINSG;Deutschland insgesamt;DG;Deutschland;PROAT1;Landwirtschaftliche Produkte;LWPR-1213;Futterweizen;110,1;2020=100;PRE018;Erzeugerpreisindizes landwirtschaftlicher Produkte
61211;Index der Erzeugerpreise landwirtschaftl. Produkte;JAHR;Jahr;1997;DINSG;Deutschland insgesamt;DG;Deutschland;PROAT1;Landwirtschaftliche Produkte;LWPR-152;Pflanzen und Blumen;80,8;2020=100;PRE018;Erzeugerpreisindizes landwirtschaftlicher Produkte
61211;Index der Erzeugerpreise landwirtschaftl. Produkte;JAHR;Jahr;1999;DINSG;Deutschland insgesamt;DG;Deutschland;PROAT1;Landwirtschaftliche Produkte;LWPR-14;Kartoffeln (einschließlich Pflanzkartoffeln);49,4;2020=100;PRE018;Erzeugerpreisindizes landwirtschaftlicher Produkte
61211;Index der Erzeugerpreise landwirtschaftl. Produkte;JAHR;Jahr;1981;DINSG;Deutschland insgesamt;DG;Deutschland;PROAT1;Landwirtschaftliche Produkte;LWPR-22;Milch;88,0;2020=100;PRE018;Erzeugerpreisindizes landwirtschaftlicher Produkte
61211;Index der Erzeugerpreise landwirtschaftl. Produkte;JAHR;Jahr;2024;DINSG;Deutschland insgesamt;DG;Deutschland;PROAT1;Landwirtschaftliche Produkte;LWPR-151;Gemüse;133,8;2020=100;PRE018;Erzeugerpreisindizes landwirtschaftlicher Produkte
61211;Index der Erzeugerpreise landwirtschaftl. Produkte;JAHR;Jahr;2007;DINSG;Deutschland insgesamt;DG;Deutschland;PROAT1;Landwirtschaftliche Produkte;LWPR-1517;Salat;-;2020=100;PRE018;Erzeugerpreisindizes landwirtschaftlicher Produkte
61211;Index der Erzeugerpreise landwirtschaftl. Produkte;JAHR;Jahr;1985;DINSG;Deutschland insgesamt;DG;Deutschland;PROAT1;Landwirtschaftliche Produkte;LWPR-12;Getreide (einschließlich Saatgut);128,2;2020=100;PRE018;Erzeugerpreisindizes landwirtschaftlicher Produkte
61211;Index der Erzeugerpreise landwirtschaftl. Produkte;JAHR;Jahr;2012;DINSG;Deutschland insgesamt;DG;Deutschland;PROAT1;Landwirtschaftliche Produkte;LWPR-2111;Jungbullen;111,0;2020=100;PRE018;Erzeugerpreisindizes landwirtschaftlicher Produkte
61211;Index der Erzeugerpreise landwirtschaftl. Produkte;JAHR;Jahr;2010;DINSG;Deutschland insgesamt;DG;Deutschland;PROAT1;Landwirtschaftliche Produkte;LWPR-15171;Eissalat;145,0;2020=100;PRE018;Erzeugerpreisindizes landwirtschaftlicher Produkte
61211;Index der Erzeugerpreise landwirtschaftl. Produkte;JAHR;Jahr;1983;DINSG;Deutschland insgesamt;DG;Deutschland;PROAT1;Landwirtschaftliche Produkte;LWPR-2;Tierische Erzeugung;103,2;2020=100;PRE018;Erzeugerpreisindizes landwirtschaftlicher Produkte
61211;Index der Erzeugerpreise landwirtschaftl. Produkte;JAHR;Jahr;1977;DINSG;Deutschland insgesamt;DG;Deutschland;PROAT1;Landwirtschaftliche Produkte;LWPR-1523;Baumschulerzeugnisse;46,5;2020=100;PRE018;Erzeugerpreisindizes landwirtschaftlicher Produkte
61211;Index der Erzeugerpreise landwirtschaftl. Produkte;JAHR;Jahr;1981;DINSG;Deutschland insgesamt;DG;Deutschland;PROAT1;Landwirtschaftliche Produkte;LWPR-121;Getreide;140,9;2020=100;PRE018;Erzeugerpreisindizes landwirtschaftlicher Produkte
61211;Index der Erzeugerpreise landwirtschaftl. Produkte;JAHR;Jahr;1973;DINSG;Deutschland insgesamt;DG;Deutschland;PROAT1;Landwirtschaftliche Produkte;LWPR-122;Getreidesaatgut;96,8;2020=100;PRE018;Erzeugerpreisindizes landwirtschaftlicher Produkte
61211;Index der Erzeugerpreise landwirtschaftl. Produkte;JAHR;Jahr;1973;DINSG;Deutschland insgesamt;DG;Deutschland;PROAT1;Landwirtschaftliche Produkte;LWPR-2114;Kälber;87,3;2020=100;PRE018;Erzeugerpreisindizes landwirtschaftlicher Produkte
61211;Index der Erzeugerpreise landwirtschaftl. Produkte;JAHR;Jahr;1997;DINSG;Deutschland insgesamt;DG;Deutschland;PROAT1;Landwirtschaftliche Produkte;LWPR-2141;Hähnchen;75,6;2020=100;PRE018;Erzeugerpreisindizes landwirtschaftlicher Produkte
61211;Index der Erzeugerpreise landwirtschaftl. Produkte;JAHR;Jahr;1989;DINSG;Deutschland insgesamt;DG;Deutschland;PROAT1;Landwirtschaftliche Produkte;LWPR-1521;Schnittblumen;52,1;2020=100;PRE018;Erzeugerpreisindizes landwirtschaftlicher Produkte
61211;Index der Erzeugerpreise landwirtschaftl. Produkte;JAHR;Jahr;2002;DINSG;Deutschland insgesamt;DG;Deutschland;PROAT1;Landwirtschaftliche Produkte;LWPR-2142;Sonstiges Geflügel;71,9;2020=100;PRE018;Erzeugerpreisindizes landwirtschaftlicher Produkte
61211;Index der Erzeugerpreise landwirtschaftl. Produkte;JAHR;Jahr;2019;DINSG;Deutschland insgesamt;DG;Deutschland;PROAT1;Landwirtschaftliche Produkte;LWPR-2;Tierische Erzeugung;104,2;2020=100;PRE018;Erzeugerpreisindizes landwirtschaftlicher Produkte
61211;Index der Erzeugerpreise landwirtschaftl. Produkte;JAHR;Jahr;1980;DINSG;Deutschland insgesamt;DG;Deutschland;PROAT1;Landwirtschaftliche Produkte;LWPR-211;Rinder;104,4;2020=100;PRE018;Erzeugerpreisindizes landwirtschaftlicher Produkte
61211;Index der Erzeugerpreise landwirtschaftl. Produkte;JAHR;Jahr;2020;DINSG;Deutschland insgesamt;DG;Deutschland;PROAT1;Landwirtschaftliche Produkte;LWPR-2112;Kühe;100,0;2020=100;PRE018;Erzeugerpreisindizes landwirtschaftlicher Produkte
61211;Index der Erzeugerpreise landwirtschaftl. Produkte;JAHR;Jahr;1974;DINSG;Deutschland insgesamt;DG;Deutschland;PROAT1;Landwirtschaftliche Produkte;LWPR-152;Pflanzen und Blumen;51,5;2020=100;PRE018;Erzeugerpreisindizes landwirtschaftlicher Produkte
61211;Index der Erzeugerpreise landwirtschaftl. Produkte;JAHR;Jahr;2019;DINSG;Deutschland insgesamt;DG;Deutschland;PROAT1;Landwirtschaftliche Produkte;LWPR-2112;Kühe;107,4;2020=100;PRE018;Erzeugerpreisindizes landwirtschaftlicher Produkte
61211;Index der Erzeugerpreise landwirtschaftl. Produkte;JAHR;Jahr;1985;DINSG;Deutschland insgesamt;DG;Deutschland;PROAT1;Landwirtschaftliche Produkte;LWPR-2112;Kühe;114,6;2020=100;PRE018;Erzeugerpreisindizes landwirtschaftlicher Produkte
61211;Index der Erzeugerpreise landwirtschaftl. Produkte;JAHR;Jahr;2024;DINSG;Deutschland insgesamt;DG;Deutschland;PROAT1;Landwirtschaftliche Produkte;LWPR-1521;Schnittblumen;136,3;2020=100;PRE018;Erzeugerpreisindizes landwirtschaftlicher Produkte
61211;Index der Erzeugerpreise landwirtschaftl. Produkte;JAHR;Jahr;2006;DINSG;Deutschland insgesamt;DG;Deutschland;PROAT1;Landwirtschaftliche Produkte;LWPR-133;Futterpflanzen;-;2020=100;PRE018;Erzeugerpreisindizes landwirtschaftlicher Produkte
61211;Index der Erzeugerpreise landwirtschaftl. Produkte;JAHR;Jahr;2000;DINSG;Deutschland insgesamt;DG;Deutschland;PROAT1;Landwirtschaftliche Produkte;LWPR-121;Getreide;69,2;2020=100;PRE018;Erzeugerpreisindizes landwirtschaftlicher Produkte
61211;Index der Erzeugerpreise landwirtschaftl. Produkte;JAHR;Jahr;2009;DINSG;Deutschland insgesamt;DG;Deutschland;PROAT1;Landwirtschaftliche Produkte;LWPR-161;Tafeläpfel;72,8;2020=100;PRE018;Erzeugerpreisindizes landwirtschaftlicher Produkte
61211;Index der Erzeugerpreise landwirtschaftl. Produkte;JAHR;Jahr;1982;DINSG;Deutschland insgesamt;DG;Deutschland;PROAT1;Landwirtschaftliche Produkte;LWPR-1213;Futterweizen;133,2;2020=100;PRE018;Erzeugerpreisindizes landwirtschaftlicher Produkte
61211;Index der Erzeugerpreise landwirtschaftl. Produkte;JAHR;Jahr;1995;DINSG;Deutschland insgesamt;DG;Deutschland;PROAT1;Landwirtschaftliche Produkte;LWPR-1515;Spargel;-;2020=100;PRE018;Erzeugerpreisindizes landwirtschaftlicher Produkte
61211;Index der Erzeugerpreise landwirtschaftl. Produkte;JAHR;Jahr;1976;DINSG;Deutschland insgesamt;DG;Deutschland;PROAT1;Landwirtschaftliche Produkte;LWPR-1517;Salat;-;2020=100;PRE018;Erzeugerpreisindizes landwirtschaftlicher Produkte
61211;Index der Erzeugerpreise landwirtschaftl. Produkte;JAHR;Jahr;2001;DINSG;Deutschland insgesamt;DG;Deutschland;PROAT1;Landwirtschaftliche Produkte;LWPR-151;Gemüse;82,9;2020=100;PRE018;Erzeugerpreisindizes landwirtschaftlicher Produkte
61211;Index der Erzeugerpreise landwirtschaftl. Produkte;JAHR;Jahr;2023;DINSG;Deutschland insgesamt;DG;Deutschland;PROAT1;Landwirtschaftliche Produkte;LWPR-121;Getreide;131,3;2020=100;PRE018;Erzeugerpreisindizes landwirtschaftlicher Produkte
61211;Index der Erzeugerpreise landwirtschaftl. Produkte;JAHR;Jahr;2008;DINSG;Deutschland insgesamt;DG;Deutschland;PROAT1;Landwirtschaftliche Produkte;LWPR-1523;Baumschulerzeugnisse;93,8;2020=100;PRE018;Erzeugerpreisindizes landwirtschaftlicher Produkte
61211;Index der Erzeugerpreise landwirtschaftl. Produkte;JAHR;Jahr;1981;DINSG;Deutschland insgesamt;DG;Deutschland;PROAT1;Landwirtschaftliche Produkte;LWPR-1514;Champignons;-;2020=100;PRE018;Erzeugerpreisindizes landwirtschaftlicher Produkte
61211;Index der Erzeugerpreise landwirtschaftl. Produkte;JAHR;Jahr;2015;DINSG;Deutschland insgesamt;DG;Deutschland;PROAT1;Landwirtschaftliche Produkte;LWPR-1514;Champignons;91,8;2020=100;PRE018;Erzeugerpreisindizes landwirtschaftlicher Produkte
61211;Index der Erzeugerpreise landwirtschaftl. Produkte;JAHR;Jahr;2012;DINSG;Deutschland insgesamt;DG;Deutschland;PROAT1;Landwirtschaftliche Produkte;LWPR-1523;Baumschulerzeugnisse;97,3;2020=100;PRE018;Erzeugerpreisindizes landwirtschaftlicher Produkte
61211;Index der Erzeugerpreise landwirtschaftl. Produkte;JAHR;Jahr;1999;DINSG;Deutschland insgesamt;DG;Deutschland;PROAT1;Landwirtschaftliche Produkte;LWPR-2113;Färsen;72,8;2020=100;PRE018;Erzeugerpreisindizes landwirtschaftlicher Produkte
61211;Index der Erzeugerpreise landwirtschaftl. Produkte;JAHR;Jahr;1971;DINSG;Deutschland insgesamt;DG;Deutschland;PROAT1;Landwirtschaftliche Produkte;LWPR-2142;Sonstiges Geflügel;72,7;2020=100;PRE018;Erzeugerpreisindizes landwirtschaftlicher Produkte
61211;Index der Erzeugerpreise landwirtschaftl. Produkte;JAHR;Jahr;2023;DINSG;Deutschland insgesamt;DG;Deutschland;PROAT1;Landwirtschaftliche Produkte;LWPR-14;Kartoffeln (einschließlich Pflanzkartoffeln);236,7;2020=100;PRE018;Erzeugerpreisindizes landwirtschaftlicher Produkte
61211;Index der Erzeugerpreise landwirtschaftl. Produkte;JAHR;Jahr;2004;DINSG;Deutschland insgesamt;DG;Deutschland;PROAT1;Landwirtschaftliche Produkte;LWPR-2114;Kälber;112,7;2020=100;PRE018;Erzeugerpreisindizes landwirtschaftlicher Produkte
61211;Index der Erzeugerpreise landwirtschaftl. Produkte;JAHR;Jahr;1996;DINSG;Deutschland insgesamt;DG;Deutschland;PROAT1;Landwirtschaftliche Produkte;LWPR-122;Getreidesaatgut;84,2;2020=100;PRE018;Erzeugerpreisindizes landwirtschaftlicher Produkte
61211;Index der Erzeugerpreise landwirtschaftl. Produkte;JAHR;Jahr;1978;DINSG;Deutschland insgesamt;DG;Deutschland;PROAT1;Landwirtschaftliche Produkte;LWPR-1213;Futterweizen;124,6;2020=100;PRE018;Erzeugerpreisindizes landwirtschaftlicher Produkte
61211;Index der Erzeugerpreise landwirtschaftl. Produkte;JAHR;Jahr;1985;DINSG;Deutschland insgesamt;DG;Deutschland;PROAT1;Landwirtschaftliche Produkte;LWPR-1511;Blumenkohl;29,1;2020=100;PRE018;Erzeugerpreisindizes landwirtschaftlicher Produkte
61211;Index der Erzeugerpreise landwirtschaftl. Produkte;JAHR;Jahr;2001;DINSG;Deutschland insgesamt;DG;Deutschland;PROAT1;Landwirtschaftliche Produkte;LWPR-1513;Gurken;96,7;2020=100;PRE018;Erzeugerpreisindizes landwirtschaftlicher Produkte
61211;Index der Erzeugerpreise landwirtschaftl. Produkte;JAHR;Jahr;2016;DINSG;Deutschland insgesamt;DG;Deutschland;PROAT1;Landwirtschaftliche Produkte;LWPR-14;Kartoffeln (einschließlich Pflanzkartoffeln);134,4;2020=100;PRE018;Erzeugerpreisindizes landwirtschaftlicher Produkte
61211;Index der Erzeugerpreise landwirtschaftl. Produkte;JAHR;Jahr;1993;DINSG;Deutschland insgesamt;DG;Deutschland;PROAT1;Landwirtschaftliche Produkte;LWPR-1521;Schnittblumen;62,4;2020=100;PRE018;Erzeugerpreisindizes landwirtschaftlicher Produkte
61211;Index der Erzeugerpreise landwirtschaftl. Produkte;JAHR;Jahr;1974;DINSG;Deutschland insgesamt;DG;Deutschland;PROAT1;Landwirtschaftliche Produkte;LWPR-22;Milch;68,3;2020=100;PRE018;Erzeugerpreisindizes landwirtschaftlicher Produkte
61211;Index der Erzeugerpreise landwirtschaftl. Produkte;JAHR;Jahr;2019;DINSG;Deutschland insgesamt;DG;Deutschland;PROAT1;Landwirtschaftliche Produkte;LWPR-13;Handelsgewächse;95,8;2020=100;PRE018;Erzeugerpreisindizes landwirtschaftlicher Produkte
61211;Index der Erzeugerpreise landwirtschaftl. Produkte;JAHR;Jahr;1977;DINSG;Deutschland insgesamt;DG;Deutschland;PROAT1;Landwirtschaftliche Produkte;LWPR-21;Tiere;114,3;2020=100;PRE018;Erzeugerpreisindizes landwirtschaftlicher Produkte
61211;Index der Erzeugerpreise landwirtschaftl. Produkte;JAHR;Jahr;2000;DINSG;Deutschland insgesamt;DG;Deutschland;PROAT1;Landwirtschaftliche Produkte;LWPR-1516;Kohlgemüse;-;2020=100;PRE018;Erzeugerpreisindizes landwirtschaftlicher Produkte
61211;Index der Erzeugerpreise landwirtschaftl. Produkte;JAHR;Jahr;2001;DINSG;Deutschland insgesamt;DG;Deutschland;PROAT1;Landwirtschaftliche Produkte;LWPR-21;Tiere;86,8;2020=100;PRE018;Erzeugerpreisindizes landwirtschaftlicher Produkte
61211;Index der Erzeugerpreise landwirtschaftl. Produkte;JAHR;Jahr;1995;DINSG;Deutschland insgesamt;DG;Deutschland;PROAT1;Landwirtschaftliche Produkte;LWPR-15171;Eissalat;55,5;2020=100;PRE018;Erzeugerpreisindizes landwirtschaftlicher Produkte
61211;Index der Erzeugerpreise landwirtschaftl. Produkte;JAHR;Jahr;1989;DINSG;Deutschland insgesamt;DG;Deutschland;PROAT1;Landwirtschaftliche Produkte;LWPR-131;Raps;148,4;2020=100;PRE018;Erzeugerpreisindizes landwirtschaftlicher Produkte
61211;Index der Erzeugerpreise landwirtschaftl. Produkte;JAHR;Jahr;1991;DINSG;Deutschland insgesamt;DG;Deutschland;PROAT1;Landwirtschaftliche Produkte;LWPR-21;Tiere;93,8;2020=100;PRE018;Erzeugerpreisindizes landwirtschaftlicher Produkte
61211;Index der Erzeugerpreise landwirtschaftl. Produkte;JAHR;Jahr;2005;DINSG;Deutschland insgesamt;DG;Deutschland;PROAT1;Landwirtschaftliche Produkte;LWPR-2111;Jungbullen;82,6;2020=100;PRE018;Erzeugerpreisindizes landwirtschaftlicher Produkte
61211;Index der Erzeugerpreise landwirtschaftl. Produkte;JAHR;Jahr;2009;DINSG;Deutschland insgesamt;DG;Deutschland;PROAT1;Landwirtschaftliche Produkte;LWPR-1213;Futterweizen;59,5;2020=100;PRE018;Erzeugerpreisindizes landwirtschaftlicher Produkte
61211;Index der Erzeugerpreise landwirtschaftl. Produkte;JAHR;Jahr;2012;DINSG;Deutschland insgesamt;DG;Deutschland;PROAT1;Landwirtschaftliche Produkte;LWPR-214;Geflügel;109,6;2020=100;PRE018;Erzeugerpreisindizes landwirtschaftlicher Produkte
61211;Index der Erzeugerpreise landwirtschaftl. Produkte;JAHR;Jahr;1993;DINSG;Deutschland insgesamt;DG;Deutschland;PROAT1;Landwirtschaftliche Produkte;LWPR-214;Geflügel;85,5;2020=100;PRE018;Erzeugerpreisindizes landwirtschaftlicher Produkte
61211;Index der Erzeugerpreise landwirtschaftl. Produkte;JAHR;Jahr;2020;DINSG;Deutschland insgesamt;DG;Deutschland;PROAT1;Landwirtschaftliche Produkte;LWPR-213;Schafe und Ziegen;100,0;2020=100;PRE018;Erzeugerpreisindizes landwirtschaftlicher Produkte
61211;Index der Erzeugerpreise landwirtschaftl. Produkte;JAHR;Jahr;2005;DINSG;Deutschland insgesamt;DG;Deutschland;PROAT1;Landwirtschaftliche Produkte;LWPR-1216;Körnermais;61,0;2020=100;PRE018;Erzeugerpreisindizes landwirtschaftlicher Produkte
61211;Index der Erzeugerpreise landwirtschaftl. Produkte;JAHR;Jahr;1970;DINSG;Deutschland insgesamt;DG;Deutschland;PROAT1;Landwirtschaftliche Produkte;LWPR-1513;Gurken;-;2020=100;PRE018;Erzeugerpreisindizes landwirtschaftlicher Produkte
61211;Index der Erzeugerpreise landwirtschaftl. Produkte;JAHR;Jahr;1971;DINSG;Deutschland insgesamt;DG;Deutschland;PROAT1;Landwirtschaftliche Produkte;LWPR-14;Kartoffeln (einschließlich Pflanzkartoffeln);23,4;2020=100;PRE018;Erzeugerpreisindizes landwirtschaftlicher Produkte
61211;Index der Erzeugerpreise landwirtschaftl. Produkte;JAHR;Jahr;1989;DINSG;Deutschland insgesamt;DG;Deutschland;PROAT1;Landwirtschaftliche Produkte;LWPR-1214;Futtergerste;111,6;2020=100;PRE018;Erzeugerpreisindizes landwirtschaftlicher Produkte
61211;Index der Erzeugerpreise landwirtschaftl. Produkte;JAHR;Jahr;1970;DINSG;Deutschland insgesamt;DG;Deutschland;PROAT1;Landwirtschaftliche Produkte;LWPR-15171;Eissalat;-;2020=100;PRE018;Erzeugerpreisindizes landwirtschaftlicher Produkte
61211;Index der Erzeugerpreise landwirtschaftl. Produkte;JAHR;Jahr;2011;DINSG;Deutschland insgesamt;DG;Deutschland;PROAT1;Landwirtschaftliche Produkte;LWPR-1517;Salat;-;2020=100;PRE018;Erzeugerpreisindizes landwirtschaftlicher Produkte
61211;Index der Erzeugerpreise landwirtschaftl. Produkte;JAHR;Jahr;1998;DINSG;Deutschland insgesamt;DG;Deutschland;PROAT1;Landwirtschaftliche Produkte;LWPR-151;Gemüse;60,4;2020=100;PRE018;Erzeugerpreisindizes landwirtschaftlicher Produkte
61211;Index der Erzeugerpreise landwirtschaftl. Produkte;JAHR;Jahr;1991;DINSG;Deutschland insgesamt;DG;Deutschland;PROAT1;Landwirtschaftliche Produkte;LWPR-162;Erdbeeren;60,0;2020=100;PRE018;Erzeugerpreisindizes landwirtschaftlicher Produkte
61211;Index der Erzeugerpreise landwirtschaftl. Produkte;JAHR;Jahr;1970;DINSG;Deutschland insgesamt;DG;Deutschland;PROAT1;Landwirtschaftliche Produkte;LWPR-214;Geflügel;77,4;2020=100;PRE018;Erzeugerpreisindizes landwirtschaftlicher Produkte
61211;Index der Erzeugerpreise landwirtschaftl. Produkte;JAHR;Jahr;2013;DINSG;Deutschland insgesamt;DG;Deutschland;PROAT1;Landwirtschaftliche Produkte;LWPR-1;Pflanzliche Erzeugung;99,5;2020=100;PRE018;Erzeugerpreisindizes landwirtschaftlicher Produkte
61211;Index der Erzeugerpreise landwirtschaftl. Produkte;JAHR;Jahr;1974;DINSG;Deutschland insgesamt;DG;Deutschland;PROAT1;Landwirtschaftliche Produkte;LWPR-2111;Jungbullen;87,8;2020=100;PRE018;Erzeugerpreisindizes landwirtschaftlicher Produkte
61211;Index der Erzeugerpreise landwirtschaftl. Produkte;JAHR;Jahr;1993;DINSG;Deutschland insgesamt;DG;Deutschland;PROAT1;Landwirtschaftliche Produkte;LWPR-1214;Futtergerste;86,5;2020=100;PRE018;Erzeugerpreisindizes landwirtschaftlicher Produkte
