Area Code,Area Code (M49),Area,Item Code,Item Code (CPC),Item,Element Code,Element,Months Code,Months,Unit,Y1991,Y1992,Y1993,Y1994,Y1995,Y1996,Y1997,Y1998,Y1999,Y2000,Y2001,Y2002,Y2003,Y2004,Y2005,Y2006,Y2007,Y2008,Y2009,Y2010,Y2011,Y2012,Y2013,Y2014,Y2015,Y2016,Y2017,Y2018,Y2019,Y2020,Y2021,Y2022,Y2023,Y2024,Y2025
11,'040,Austria,515,'01341,Apples,5530,Producer Price (LCU/tonne),7021,Annual value,LCU,9620.000000,8410.000000,6560.000000,5460.000000,4900.000000,4580.000000,4150.000000,3410.000000,3900.000000,3530.000000,4480.000000,343.000000,424.000000,351.000000,299.000000,310.000000,397.000000,500.000000,360.000000,336.000000,457.000000,436.000000,535.000000,398.000000,390.000000,349.000000,564.000000,599.000000,482.000000,807.000000,901.000000,805.000000,804.000000,951.000000,
11,'040,Austria,515,'01341,Apples,5531,Producer Price (SLC/tonne),7021,Annual value,SLC,699.100000,611.200000,476.700000,396.800000,356.100000,332.800000,301.600000,247.800000,283.400000,256.500000,325.600000,343.000000,424.000000,351.000000,299.000000,310.000000,397.000000,500.000000,360.000000,336.000000,457.000000,436.000000,535.000000,398.000000,390.000000,349.000000,564.000000,599.000000,482.000000,807.000000,901.000000,805.000000,804.000000,951.000000,
11,'040,Austria,515,'01341,Apples,5532,Producer Price (USD/tonne),7021,Annual value,USD,823.900000,765.300000,564.000000,478.000000,486.000000,432.600000,340.000000,275.500000,302.000000,236.400000,291.300000,322.800000,478.500000,435.800000,371.800000,388.900000,543.400000,732.400000,500.100000,445.000000,635.300000,560.200000,710.300000,528.000000,432.500000,386.000000,637.100000,707.400000,539.600000,921.800000,1065.600000,847.700000,869.300000,1028.800000,
11,'040,Austria,515,'01341,Apples,5539,Producer Price Index (2014-2016 = 100),7021,Annual value,,184.460000,161.260000,125.790000,104.690000,93.960000,87.820000,79.580000,65.390000,74.780000,67.690000,85.900000,90.500000,111.870000,92.610000,78.890000,81.790000,104.750000,131.930000,94.990000,88.650000,120.580000,115.040000,141.160000,105.010000,102.900000,92.080000,148.810000,158.050000,127.180000,212.930000,237.730000,212.400000,212.140000,250.920000,273.890000
11,'040,Austria,526,'01343,Apricots,5530,Producer Price (LCU/tonne),7021,Annual value,LCU,13900.000000,12790.000000,17790.000000,16550.000000,13250.000000,15270.000000,21010.000000,24880.000000,16660.000000,24160.000000,24360.000000,2784.000000,2014.000000,2084.000000,2415.000000,1646.000000,2198.000000,2518.000000,2451.000000,2910.000000,2704.000000,3346.000000,3041.000000,3402.000000,3522.000000,3535.000000,3257.000000,3982.000000,2814.000000,4153.000000,4748.000000,4829.000000,5783.000000,5579.000000,
11,'040,Austria,526,'01343,Apricots,5531,Producer Price (SLC/tonne),7021,Annual value,SLC,1010.200000,929.500000,1292.800000,1202.700000,962.900000,1109.700000,1526.900000,1808.100000,1210.700000,1755.800000,1770.300000,2784.000000,2014.000000,2084.000000,2415.000000,1646.000000,2198.000000,2518.000000,2451.000000,2910.000000,2704.000000,3346.000000,3041.000000,3402.000000,3522.000000,3535.000000,3257.000000,3982.000000,2814.000000,4153.000000,4748.000000,4829.000000,5783.000000,5579.000000,
11,'040,Austria,526,'01343,Apricots,5532,Producer Price (USD/tonne),7021,Annual value,USD,1190.500000,1163.900000,1529.400000,1449.000000,1314.300000,1442.400000,1721.500000,2009.800000,1289.900000,1617.600000,1584.200000,2620.100000,2273.100000,2587.600000,3003.300000,2064.900000,3008.300000,3688.400000,3404.900000,3854.100000,3758.900000,4299.100000,4037.700000,4513.500000,3906.100000,3910.200000,3679.400000,4702.600000,3150.200000,4743.500000,5615.700000,5085.200000,6253.000000,6035.500000,
11,'040,Austria,526,'01343,Apricots,5539,Producer Price Index (2014-2016 = 100),7021,Annual value,,28.970000,26.660000,37.080000,34.500000,27.620000,31.830000,43.800000,51.860000,34.730000,50.360000,50.780000,79.850000,57.770000,59.780000,69.270000,47.210000,63.050000,72.220000,70.300000,83.470000,77.560000,95.970000,87.230000,97.580000,101.020000,101.400000,93.420000,114.220000,80.720000,119.120000,136.190000,138.510000,165.880000,160.020000,178.600000
11,'040,Austria,367,'01211,Asparagus,5530,Producer Price (LCU/tonne),7021,Annual value,LCU,71000.000000,67100.000000,74380.000000,73930.000000,73500.000000,74100.000000,97410.000000,90710.000000,90000.000000,41190.000000,81000.000000,4534.000000,4370.000000,4408.000000,3866.000000,5225.000000,4410.000000,4618.000000,4895.000000,5987.000000,5682.000000,5859.000000,6097.000000,5467.000000,5958.000000,6348.000000,5907.000000,6346.000000,,,,,,,
11,'040,Austria,367,'01211,Asparagus,5531,Producer Price (SLC/tonne),7021,Annual value,SLC,5159.800000,4876.300000,5405.400000,5372.700000,5341.500000,5385.100000,7079.100000,6592.200000,6540.600000,2993.400000,5886.500000,4534.000000,4370.000000,4408.000000,3866.000000,5225.000000,4410.000000,4618.000000,4895.000000,5987.000000,5682.000000,5859.000000,6097.000000,5467.000000,5958.000000,6348.000000,5907.000000,6346.000000,,,,,,,
11,'040,Austria,367,'01211,Asparagus,5532,Producer Price (USD/tonne),7021,Annual value,USD,6080.900000,6105.900000,6394.300000,6472.700000,7290.600000,6999.400000,7981.600000,7327.700000,6968.400000,2757.900000,5267.600000,4267.100000,4932.100000,5473.300000,4807.700000,6554.700000,6035.800000,6764.600000,6800.100000,7929.300000,7898.700000,7528.000000,8095.200000,7253.300000,6607.800000,7021.900000,6673.000000,7494.300000,,,,,,,
11,'040,Austria,367,'01211,Asparagus,5539,Producer Price Index (2014-2016 = 100),7021,Annual value,,87.090000,82.310000,91.240000,90.690000,90.160000,90.900000,119.490000,111.270000,110.400000,50.530000,99.360000,76.530000,73.760000,74.400000,65.260000,88.200000,74.440000,77.950000,82.630000,101.060000,95.910000,98.900000,102.910000,92.280000,100.570000,107.150000,99.710000,107.120000,97.610000,90.770000,96.060000,97.560000,99.020000,100.900000,102.770000
11,'040,Austria,44,'0115,Barley,5530,Producer Price (LCU/tonne),7021,Annual value,LCU,2900.000000,2843.000000,2839.000000,2716.000000,1426.000000,1675.000000,1461.000000,1377.000000,1366.000000,1342.000000,1319.000000,88.000000,89.000000,80.000000,81.000000,87.000000,148.000000,126.000000,80.000000,121.000000,157.000000,183.000000,140.000000,111.000000,118.000000,102.000000,116.000000,137.000000,123.000000,121.000000,172.000000,242.000000,148.000000,138.000000,
11,'040,Austria,44,'0115,Barley,5531,Producer Price (SLC/tonne),7021,Annual value,SLC,210.800000,206.600000,206.300000,197.400000,103.600000,121.700000,106.200000,100.100000,99.300000,97.500000,95.900000,88.000000,89.000000,80.000000,81.000000,87.000000,148.000000,126.000000,80.000000,121.000000,157.000000,183.000000,140.000000,111.000000,118.000000,102.000000,116.000000,137.000000,123.000000,121.000000,172.000000,242.000000,148.000000,138.000000,
11,'040,Austria,44,'0115,Barley,5532,Producer Price (USD/tonne),7021,Annual value,USD,248.400000,258.700000,244.100000,237.800000,141.400000,158.200000,119.700000,111.200000,105.800000,89.900000,85.800000,82.800000,100.400000,99.300000,100.700000,109.100000,202.600000,184.600000,111.100000,160.300000,218.300000,235.100000,185.900000,147.300000,130.900000,112.800000,131.000000,161.800000,137.700000,138.200000,203.400000,254.800000,160.000000,149.300000,
11,'040,Austria,44,'0115,Barley,5539,Producer Price Index (2014-2016 = 100),7021,Annual value,,191.010000,187.260000,187.000000,178.890000,93.930000,110.330000,96.230000,90.700000,89.970000,88.390000,86.880000,79.760000,80.660000,72.510000,73.410000,78.850000,134.140000,114.200000,72.510000,109.670000,142.300000,165.860000,126.890000,100.600000,106.950000,92.450000,105.140000,124.170000,111.480000,109.670000,155.890000,219.340000,134.140000,125.080000,129.130000
11,'040,Austria,176,'01701,"Beans, dry",5530,Producer Price (LCU/tonne),7021,Annual value,LCU,,,,,32670.000000,38000.000000,38500.000000,40000.000000,40000.000000,40000.000000,40000.000000,2910.000000,2910.000000,2910.000000,2910.000000,2910.000000,2910.000000,2910.000000,2910.000000,2708.000000,2678.000000,3020.000000,3020.000000,3900.000000,3849.000000,4619.000000,4847.000000,4616.000000,,,,,,,
11,'040,Austria,176,'01701,"Beans, dry",5531,Producer Price (SLC/tonne),7021,Annual value,SLC,,,,,2374.200000,2761.600000,2797.900000,2906.900000,2906.900000,2906.900000,2906.900000,2910.000000,2910.000000,2910.000000,2910.000000,2910.000000,2910.000000,2910.000000,2910.000000,2708.000000,2678.000000,3020.000000,3020.000000,3900.000000,3849.000000,4619.000000,4847.000000,4616.000000,,,,,,,
11,'040,Austria,176,'01701,"Beans, dry",5532,Producer Price (USD/tonne),7021,Annual value,USD,,,,,3240.600000,3589.500000,3154.600000,3231.300000,3097.100000,2678.200000,2601.300000,2738.700000,3284.300000,3613.300000,3618.900000,3650.500000,3982.800000,4262.600000,4042.500000,3586.500000,3722.800000,3880.300000,4009.800000,5174.300000,4268.800000,5109.300000,5475.600000,5451.300000,,,,,,,
11,'040,Austria,176,'01701,"Beans, dry",5539,Producer Price Index (2014-2016 = 100),7021,Annual value,,50.260000,52.600000,51.360000,55.830000,57.590000,66.980000,67.870000,70.510000,70.510000,70.510000,70.510000,70.590000,70.590000,70.590000,70.590000,70.590000,70.590000,70.590000,70.590000,65.690000,64.960000,73.250000,73.250000,94.600000,93.360000,112.040000,117.570000,111.970000,112.260000,112.220000,111.460000,111.260000,111.610000,117.600000,123.590000
11,'040,Austria,181,'01702,"Broad beans and horse beans, dry",5530,Producer Price (LCU/tonne),7021,Annual value,LCU,3030.700000,,2708.000000,2889.300000,3106.000000,2806.000000,2842.900000,2953.600000,2953.600000,2953.600000,2953.600000,,,,,,,,,,,,223.000000,191.000000,177.000000,146.000000,169.000000,,,,,,,,
11,'040,Austria,181,'01702,"Broad beans and horse beans, dry",5531,Producer Price (SLC/tonne),7021,Annual value,SLC,220.300000,,196.800000,210.000000,225.700000,203.900000,206.600000,214.600000,214.600000,214.600000,214.600000,,,,,,,,,,,,223.000000,191.000000,177.000000,146.000000,169.000000,,,,,,,,
11,'040,Austria,181,'01702,"Broad beans and horse beans, dry",5532,Producer Price (USD/tonne),7021,Annual value,USD,259.600000,,232.800000,253.000000,308.100000,265.000000,232.900000,238.600000,228.700000,197.800000,192.100000,,,,,,,,,,,,296.100000,253.400000,196.300000,161.500000,190.900000,,,,,,,,
11,'040,Austria,181,'01702,"Broad beans and horse beans, dry",5539,Producer Price Index (2014-2016 = 100),7021,Annual value,,128.550000,128.590000,114.860000,122.550000,131.740000,119.020000,120.580000,125.280000,125.280000,125.280000,125.280000,125.410000,125.410000,125.410000,125.410000,125.410000,125.410000,125.410000,125.410000,116.710000,115.420000,130.160000,130.160000,111.480000,103.310000,85.210000,98.640000,93.940000,91.370000,88.760000,89.060000,88.660000,88.850000,87.240000,86.700000
11,'040,Austria,420,'01243,"Broad beans and horse beans, green",5539,Producer Price Index (2014-2016 = 100),7021,Annual value,,,,,,71.750000,65.630000,57.800000,54.480000,51.460000,47.450000,49.920000,53.430000,63.690000,67.840000,62.640000,79.920000,80.610000,76.040000,76.040000,98.840000,83.870000,85.060000,97.920000,89.810000,100.710000,109.470000,104.740000,112.390000,99.330000,95.340000,110.640000,119.860000,117.090000,119.740000,122.380000
11,'040,Austria,358,'01212,Cabbages,5530,Producer Price (LCU/tonne),7021,Annual value,LCU,4010.000000,5550.000000,4050.000000,3810.000000,3189.600000,2640.000000,3270.000000,3220.000000,2450.000000,1931.000000,3160.000000,275.700000,318.200000,209.800000,234.000000,241.000000,265.000000,254.000000,252.000000,282.000000,249.000000,257.000000,261.000000,214.000000,268.000000,255.000000,237.000000,264.000000,,,,,,,
11,'040,Austria,358,'01212,Cabbages,5531,Producer Price (SLC/tonne),7021,Annual value,SLC,291.400000,403.300000,294.300000,276.900000,231.800000,191.900000,237.600000,234.000000,178.000000,140.300000,229.600000,275.700000,318.200000,209.800000,234.000000,241.000000,265.000000,254.000000,252.000000,282.000000,249.000000,257.000000,261.000000,214.000000,268.000000,255.000000,237.000000,264.000000,,,,,,,
11,'040,Austria,358,'01212,Cabbages,5532,Producer Price (USD/tonne),7021,Annual value,USD,343.400000,505.000000,348.200000,333.600000,316.400000,249.400000,267.900000,260.100000,189.700000,129.300000,205.500000,259.500000,359.100000,260.500000,291.000000,302.300000,362.700000,372.100000,350.100000,373.500000,346.100000,330.200000,346.500000,283.900000,297.200000,282.100000,267.700000,311.800000,,,,,,,
11,'040,Austria,358,'01212,Cabbages,5539,Producer Price Index (2014-2016 = 100),7021,Annual value,,118.620000,164.180000,119.810000,112.710000,94.350000,78.100000,96.730000,95.250000,72.480000,57.120000,93.480000,112.230000,129.530000,85.400000,95.250000,98.100000,107.870000,103.390000,102.580000,114.790000,101.360000,104.610000,106.240000,87.110000,109.090000,103.800000,96.470000,107.460000,102.660000,102.810000,118.480000,123.000000,116.220000,121.550000,125.120000
11,'040,Austria,426,'01251,Carrots and turnips,5530,Producer Price (LCU/tonne),7021,Annual value,LCU,3860.000000,3020.000000,2380.000000,3070.000000,2470.000000,1950.000000,2650.000000,2160.000000,2870.000000,2500.000000,2870.000000,194.000000,172.000000,135.000000,117.000000,234.000000,237.000000,293.000000,297.000000,333.000000,315.000000,413.000000,431.000000,361.000000,464.000000,430.000000,365.000000,404.000000,,,,,,,
11,'040,Austria,426,'01251,Carrots and turnips,5531,Producer Price (SLC/tonne),7021,Annual value,SLC,280.500000,219.500000,173.000000,223.100000,179.500000,141.700000,192.600000,157.000000,208.600000,181.700000,208.600000,194.000000,172.000000,135.000000,117.000000,234.000000,237.000000,293.000000,297.000000,333.000000,315.000000,413.000000,431.000000,361.000000,464.000000,430.000000,365.000000,404.000000,,,,,,,
11,'040,Austria,426,'01251,Carrots and turnips,5532,Producer Price (USD/tonne),7021,Annual value,USD,330.600000,274.800000,204.600000,268.800000,245.000000,184.200000,217.100000,174.500000,222.200000,167.400000,186.600000,182.600000,194.100000,167.600000,145.500000,293.500000,324.400000,429.200000,412.600000,441.000000,437.900000,530.600000,572.300000,479.000000,514.600000,475.600000,412.300000,477.100000,,,,,,,
11,'040,Austria,426,'01251,Carrots and turnips,5539,Producer Price Index (2014-2016 = 100),7021,Annual value,,67.060000,52.460000,41.350000,53.330000,42.910000,33.880000,46.040000,37.520000,49.860000,43.430000,49.860000,46.370000,41.120000,32.270000,27.970000,55.940000,56.650000,70.040000,71.000000,79.600000,75.300000,98.730000,103.030000,86.290000,110.920000,102.790000,87.250000,96.570000,97.940000,97.600000,96.710000,96.410000,96.370000,99.260000,102.160000
11,'040,Austria,393,'01213,Cauliflowers and broccoli,5530,Producer Price (LCU/tonne),7021,Annual value,LCU,,,,,4050.000000,3710.000000,4130.000000,3570.000000,3680.000000,4410.000000,4080.000000,394.000000,357.000000,274.000000,241.000000,304.000000,408.000000,340.000000,311.000000,376.000000,333.000000,395.000000,491.000000,465.000000,610.000000,500.000000,576.000000,485.000000,,,,,,,
11,'040,Austria,393,'01213,Cauliflowers and broccoli,5531,Producer Price (SLC/tonne),7021,Annual value,SLC,,,,,294.300000,269.600000,300.100000,259.400000,267.400000,320.500000,296.500000,394.000000,357.000000,274.000000,241.000000,304.000000,408.000000,340.000000,311.000000,376.000000,333.000000,395.000000,491.000000,465.000000,610.000000,500.000000,576.000000,485.000000,,,,,,,
11,'040,Austria,393,'01213,Cauliflowers and broccoli,5532,Producer Price (USD/tonne),7021,Annual value,USD,,,,,401.700000,350.400000,338.400000,288.400000,284.900000,295.300000,265.300000,370.800000,402.900000,340.200000,299.700000,381.400000,558.400000,498.000000,432.000000,498.000000,462.900000,507.500000,651.900000,616.900000,676.500000,553.100000,650.700000,572.800000,,,,,,,
11,'040,Austria,393,'01213,Cauliflowers and broccoli,5539,Producer Price Index (2014-2016 = 100),7021,Annual value,,69.950000,53.980000,78.800000,65.410000,56.060000,51.360000,57.170000,49.420000,50.940000,61.050000,56.480000,75.050000,68.000000,52.190000,45.900000,57.900000,77.710000,64.760000,59.240000,71.620000,63.430000,75.240000,93.520000,88.570000,116.190000,95.240000,109.710000,92.380000,87.590000,89.080000,86.180000,88.680000,88.040000,83.860000,81.170000
11,'040,Austria,108,'01199.90,Cereals n.e.c.,5539,Producer Price Index (2014-2016 = 100),7021,Annual value,,,,,,,99.370000,91.890000,83.000000,86.310000,88.270000,86.340000,79.410000,83.760000,69.820000,67.440000,86.450000,146.740000,110.670000,71.680000,134.380000,145.230000,180.100000,126.390000,107.080000,103.480000,89.450000,100.090000,105.980000,106.270000,108.300000,154.910000,201.930000,155.490000,187.090000,219.030000
11,'040,Austria,531,'01344.02,Cherries,5530,Producer Price (LCU/tonne),7021,Annual value,LCU,24380.000000,22110.000000,18790.000000,24560.000000,24520.000000,26500.000000,28740.000000,28330.000000,30990.000000,31069.000000,29300.000000,2019.000000,2966.000000,3440.000000,2787.000000,2610.000000,3129.000000,3308.000000,3162.000000,3074.000000,3392.000000,3549.000000,3444.000000,3811.000000,3620.000000,4143.000000,4492.000000,4252.000000,4360.000000,6913.000000,5009.000000,5623.000000,7012.000000,7286.000000,
11,'040,Austria,531,'01344.02,Cherries,5531,Producer Price (SLC/tonne),7021,Annual value,SLC,1771.800000,1606.800000,1365.500000,1784.800000,1781.900000,1925.800000,2088.600000,2058.800000,2252.100000,2257.900000,2129.300000,2019.000000,2966.000000,3440.000000,2787.000000,2610.000000,3129.000000,3308.000000,3162.000000,3074.000000,3392.000000,3549.000000,3444.000000,3811.000000,3620.000000,4143.000000,4492.000000,4252.000000,4360.000000,6913.000000,5009.000000,5623.000000,7012.000000,7286.000000,
11,'040,Austria,531,'01344.02,Cherries,5532,Producer Price (USD/tonne),7021,Annual value,USD,2088.100000,2012.000000,1615.300000,2150.300000,2432.200000,2503.200000,2354.900000,2288.500000,2399.500000,2080.200000,1905.400000,1900.100000,3347.500000,4271.400000,3465.900000,3274.200000,4282.600000,4845.600000,4392.600000,4071.300000,4715.300000,4560.000000,4572.700000,5056.200000,4014.800000,4582.800000,5074.500000,5021.400000,4880.900000,7896.000000,5924.300000,5921.300000,7581.900000,7882.100000,
11,'040,Austria,531,'01344.02,Cherries,5539,Producer Price Index (2014-2016 = 100),7021,Annual value,,45.920000,41.650000,35.390000,46.260000,46.190000,49.920000,54.140000,53.360000,58.380000,58.520000,55.190000,52.330000,76.880000,89.170000,72.240000,67.650000,81.100000,85.740000,81.960000,79.680000,87.920000,91.990000,89.270000,98.780000,93.830000,107.390000,116.430000,110.210000,113.010000,179.190000,129.830000,145.750000,181.750000,188.850000,195.960000
11,'040,Austria,401,'01231,"Chillies and peppers, green (Capsicum spp. and Pimenta spp.)",5530,Producer Price (LCU/tonne),7021,Annual value,LCU,9500.000000,8659.000000,8300.000000,9151.000000,9230.000000,9270.000000,10140.000000,9959.000000,9901.000000,11151.000000,13482.000000,1149.000000,1023.000000,1176.000000,801.000000,1088.000000,1159.000000,1032.000000,998.000000,1149.000000,1023.000000,1102.000000,1134.000000,1297.000000,1318.000000,1312.000000,1248.000000,1156.000000,,,,,,,
11,'040,Austria,401,'01231,"Chillies and peppers, green (Capsicum spp. and Pimenta spp.)",5531,Producer Price (SLC/tonne),7021,Annual value,SLC,690.400000,629.300000,603.200000,665.000000,670.800000,673.700000,736.900000,723.700000,719.500000,810.400000,979.800000,1149.000000,1023.000000,1176.000000,801.000000,1088.000000,1159.000000,1032.000000,998.000000,1149.000000,1023.000000,1102.000000,1134.000000,1297.000000,1318.000000,1312.000000,1248.000000,1156.000000,,,,,,,
11,'040,Austria,401,'01231,"Chillies and peppers, green (Capsicum spp. and Pimenta spp.)",5532,Producer Price (USD/tonne),7021,Annual value,USD,813.600000,787.900000,713.500000,801.200000,915.500000,875.600000,830.900000,804.500000,766.600000,746.600000,876.800000,1081.400000,1154.600000,1460.200000,996.100000,1364.900000,1586.300000,1511.700000,1386.400000,1521.800000,1422.100000,1415.900000,1505.700000,1720.800000,1461.800000,1451.300000,1409.800000,1365.200000,,,,,,,
11,'040,Austria,401,'01231,"Chillies and peppers, green (Capsicum spp. and Pimenta spp.)",5539,Producer Price Index (2014-2016 = 100),7021,Annual value,,52.740000,48.070000,46.080000,50.800000,51.240000,51.470000,56.300000,55.290000,54.970000,61.910000,74.850000,87.780000,78.150000,89.840000,61.190000,83.120000,88.540000,78.840000,76.240000,87.780000,78.150000,84.190000,86.630000,99.080000,100.690000,100.230000,95.340000,88.310000,90.600000,101.440000,98.500000,103.350000,102.030000,97.740000,94.800000
11,'040,Austria,397,'01232,Cucumbers and gherkins,5530,Producer Price (LCU/tonne),7021,Annual value,LCU,10740.000000,8260.000000,7120.000000,8560.000000,5920.000000,4680.000000,6556.000000,5940.000000,5170.000000,5544.000000,6012.000000,369.000000,434.000000,469.000000,467.000000,464.000000,427.000000,420.000000,431.000000,514.000000,441.000000,484.000000,560.000000,476.000000,556.000000,559.000000,500.000000,555.000000,,,,,,,
11,'040,Austria,397,'01232,Cucumbers and gherkins,5531,Producer Price (SLC/tonne),7021,Annual value,SLC,780.500000,600.300000,517.400000,622.100000,430.200000,340.100000,476.400000,431.700000,375.700000,402.900000,436.900000,369.000000,434.000000,469.000000,467.000000,464.000000,427.000000,420.000000,431.000000,514.000000,441.000000,484.000000,560.000000,476.000000,556.000000,559.000000,500.000000,555.000000,,,,,,,
11,'040,Austria,397,'01232,Cucumbers and gherkins,5532,Producer Price (USD/tonne),7021,Annual value,USD,919.800000,751.600000,612.100000,749.400000,587.200000,442.100000,537.200000,479.800000,400.300000,371.200000,391.000000,347.300000,489.800000,582.300000,580.800000,582.100000,584.400000,615.200000,598.700000,680.800000,613.000000,621.900000,743.500000,631.500000,616.600000,618.300000,564.800000,655.400000,,,,,,,
11,'040,Austria,397,'01232,Cucumbers and gherkins,5539,Producer Price Index (2014-2016 = 100),7021,Annual value,,147.170000,113.190000,97.570000,117.300000,81.120000,64.130000,89.840000,81.400000,70.850000,75.970000,82.380000,69.580000,81.840000,88.430000,88.060000,87.490000,80.520000,79.200000,81.270000,96.920000,83.160000,91.260000,105.590000,89.750000,104.840000,105.410000,94.280000,104.650000,97.040000,89.380000,95.190000,96.660000,95.310000,88.910000,82.510000
11,'040,Austria,550,'01351.01,Currants,5530,Producer Price (LCU/tonne),7021,Annual value,LCU,12390.000000,10350.000000,16880.000000,12630.000000,7880.000000,,16340.000000,,,23290.000000,17440.000000,1656.000000,1019.000000,1099.000000,,1541.000000,1721.000000,1727.000000,1587.000000,2394.000000,1845.000000,2141.000000,2027.000000,2138.000000,2199.000000,2386.000000,3015.000000,2836.000000,2865.000000,3636.000000,3394.000000,3515.000000,4726.000000,3264.000000,
11,'040,Austria,550,'01351.01,Currants,5531,Producer Price (SLC/tonne),7021,Annual value,SLC,900.400000,752.200000,1226.700000,917.900000,572.700000,,1187.500000,,,1692.600000,1267.400000,1656.000000,1019.000000,1099.000000,,1541.000000,1721.000000,1727.000000,1587.000000,2394.000000,1845.000000,2141.000000,2027.000000,2138.000000,2199.000000,2386.000000,3015.000000,2836.000000,2865.000000,3636.000000,3394.000000,3515.000000,4726.000000,3264.000000,
11,'040,Austria,550,'01351.01,Currants,5532,Producer Price (USD/tonne),7021,Annual value,USD,1061.200000,941.800000,1451.100000,1105.800000,781.600000,,1338.900000,,,1559.400000,1134.200000,1558.500000,1150.100000,1364.600000,,1933.200000,2355.500000,2529.800000,2204.600000,3170.700000,2564.800000,2750.900000,2691.300000,2836.600000,2438.800000,2639.300000,3406.000000,3349.200000,3207.300000,4153.000000,4014.200000,3701.500000,5110.100000,3531.100000,
11,'040,Austria,550,'01351.01,Currants,5539,Producer Price Index (2014-2016 = 100),7021,Annual value,,40.180000,33.560000,54.740000,40.960000,25.550000,39.270000,52.990000,60.500000,68.010000,75.530000,56.560000,73.900000,45.470000,49.040000,58.900000,68.760000,76.800000,77.060000,70.820000,106.830000,82.330000,95.540000,90.450000,95.400000,98.130000,106.470000,134.540000,126.550000,127.840000,162.250000,151.450000,156.850000,210.890000,145.650000,142.710000
11,'040,Austria,399,'01233,Eggplants (aubergines),5530,Producer Price (LCU/tonne),7021,Annual value,LCU,,,,,,,,,,,,837.000000,,821.000000,560.000000,,,,,,,,1363.000000,1134.000000,1282.000000,1474.000000,1004.000000,1199.000000,,,,,,,
11,'040,Austria,399,'01233,Eggplants (aubergines),5531,Producer Price (SLC/tonne),7021,Annual value,SLC,,,,,,,,,,,,837.000000,,821.000000,560.000000,,,,,,,,1363.000000,1134.000000,1282.000000,1474.000000,1004.000000,1199.000000,,,,,,,
11,'040,Austria,399,'01233,Eggplants (aubergines),5532,Producer Price (USD/tonne),7021,Annual value,USD,,,,,,,,,,,,787.700000,,1019.400000,696.400000,,,,,,,,1809.700000,1504.500000,1421.800000,1630.500000,1134.200000,1416.000000,,,,,,,
11,'040,Austria,399,'01233,Eggplants (aubergines),5539,Producer Price Index (2014-2016 = 100),7021,Annual value,,,,,,,,,65.820000,62.170000,57.320000,60.310000,64.550000,63.930000,63.320000,43.190000,55.110000,55.580000,52.430000,52.430000,68.150000,57.830000,58.650000,105.120000,87.460000,98.870000,113.680000,77.430000,92.470000,80.520000,82.070000,79.680000,82.090000,80.330000,68.320000,70.100000
11,'040,Austria,1163,'21170.02,"Game meat, fresh, chilled or frozen",5539,Producer Price Index (2014-2016 = 100),7021,Annual value,,64.610000,64.660000,64.590000,64.640000,60.260000,64.120000,65.210000,64.210000,61.710000,62.810000,66.890000,71.600000,85.340000,90.900000,83.930000,87.540000,83.590000,92.320000,86.700000,86.950000,96.020000,105.920000,107.050000,101.760000,98.730000,99.520000,106.430000,101.590000,98.400000,103.060000,109.220000,115.180000,115.660000,121.050000,126.260000
11,'040,Austria,549,'01351.02,Gooseberries,5530,Producer Price (LCU/tonne),7021,Annual value,LCU,,,15000.000000,18960.000000,20000.000000,20300.000000,20300.000000,22000.000000,20500.000000,20000.000000,21000.000000,1530.000000,1319.000000,1203.500000,1300.000000,1362.000000,1430.000000,1742.000000,1894.000000,1920.000000,1945.000000,2338.000000,2275.000000,2205.000000,2561.000000,,,,,,,,,,
11,'040,Austria,549,'01351.02,Gooseberries,5531,Producer Price (SLC/tonne),7021,Annual value,SLC,,,1090.100000,1377.900000,1453.500000,1475.300000,1475.300000,1598.800000,1489.800000,1453.500000,1526.100000,1530.000000,1319.000000,1203.500000,1300.000000,1362.000000,1430.000000,1742.000000,1894.000000,1920.000000,1945.000000,2338.000000,2275.000000,2205.000000,2561.000000,,,,,,,,,,
11,'040,Austria,549,'01351.02,Gooseberries,5532,Producer Price (USD/tonne),7021,Annual value,USD,,,1289.500000,1660.000000,1983.800000,1917.500000,1663.400000,1777.200000,1587.300000,1339.100000,1365.700000,1439.900000,1488.700000,1494.400000,1616.700000,1708.600000,1957.200000,2551.700000,2631.100000,2542.900000,2703.800000,3004.000000,3020.600000,2925.400000,2840.300000,,,,,,,,,,
11,'040,Austria,549,'01351.02,Gooseberries,5539,Producer Price Index (2014-2016 = 100),7021,Annual value,,34.940000,29.190000,42.300000,53.470000,56.400000,57.250000,57.250000,62.040000,57.810000,56.400000,59.220000,59.370000,51.190000,46.700000,50.450000,52.850000,55.490000,67.600000,73.500000,74.510000,75.480000,90.730000,88.280000,85.570000,99.380000,115.050000,117.700000,118.930000,129.740000,134.570000,129.810000,129.910000,131.660000,140.850000,150.040000
11,'040,Austria,560,'01330,Grapes,5530,Producer Price (LCU/tonne),7021,Annual value,LCU,2860.000000,3220.000000,5600.000000,3410.000000,3400.000000,4967.000000,6555.000000,4370.000000,3254.000000,3942.000000,4424.000000,357.000000,337.000000,281.000000,255.000000,341.000000,374.000000,297.000000,265.000000,585.000000,683.000000,698.000000,566.000000,448.000000,548.000000,977.000000,586.000000,266.000000,290.000000,408.000000,555.000000,611.000000,553.000000,587.000000,
11,'040,Austria,560,'01330,Grapes,5531,Producer Price (SLC/tonne),7021,Annual value,SLC,207.800000,234.000000,407.000000,247.800000,247.100000,361.000000,476.400000,317.600000,236.500000,286.500000,321.500000,357.000000,337.000000,281.000000,255.000000,341.000000,374.000000,297.000000,265.000000,585.000000,683.000000,698.000000,566.000000,448.000000,548.000000,977.000000,586.000000,266.000000,290.000000,408.000000,555.000000,611.000000,553.000000,587.000000,
11,'040,Austria,560,'01330,Grapes,5532,Producer Price (USD/tonne),7021,Annual value,USD,244.900000,293.000000,481.400000,298.600000,337.300000,469.200000,537.100000,353.000000,251.900000,263.900000,287.700000,336.000000,380.300000,348.900000,317.100000,427.800000,511.900000,435.100000,368.100000,774.800000,949.500000,896.800000,751.500000,594.400000,607.800000,1080.700000,662.000000,314.100000,324.600000,466.000000,656.400000,643.400000,597.900000,635.000000,
11,'040,Austria,560,'01330,Grapes,5539,Producer Price Index (2014-2016 = 100),7021,Annual value,,31.600000,35.580000,61.880000,37.680000,37.570000,54.890000,72.430000,48.290000,35.960000,43.560000,48.890000,54.280000,51.240000,42.730000,38.770000,51.850000,56.870000,45.160000,40.290000,88.950000,103.850000,106.130000,86.060000,68.120000,83.320000,148.560000,89.100000,40.450000,44.100000,62.040000,84.390000,92.900000,84.090000,89.250000,94.130000
11,'040,Austria,446,'01290.01,Green corn (maize),5539,Producer Price Index (2014-2016 = 100),7021,Annual value,,,,,,,,,,,,,,87.580000,70.990000,67.880000,84.170000,81.750000,79.040000,79.940000,100.560000,88.390000,91.810000,105.690000,96.940000,108.710000,94.360000,104.570000,104.360000,99.050000,107.120000,103.940000,109.200000,104.940000,110.860000,111.530000
11,'040,Austria,406,'01252,Green garlic,5530,Producer Price (LCU/tonne),7021,Annual value,LCU,,,,,32000.000000,40000.000000,35000.000000,35000.000000,35000.000000,35000.000000,35000.000000,2528.000000,2150.000000,2500.000000,2600.000000,2720.000000,2800.000000,3200.000000,3200.000000,3570.000000,4300.000000,4311.000000,3755.000000,3895.000000,3830.000000,3660.000000,3600.000000,3629.000000,,,,,,,
11,'040,Austria,406,'01252,Green garlic,5531,Producer Price (SLC/tonne),7021,Annual value,SLC,,,,,2325.500000,2906.900000,2543.500000,2543.500000,2543.500000,2543.500000,2543.500000,2528.000000,2150.000000,2500.000000,2600.000000,2720.000000,2800.000000,3200.000000,3200.000000,3570.000000,4300.000000,4311.000000,3755.000000,3895.000000,3830.000000,3660.000000,3600.000000,3629.000000,,,,,,,
11,'040,Austria,406,'01252,Green garlic,5532,Producer Price (USD/tonne),7021,Annual value,USD,,,,,3174.100000,3778.400000,2867.900000,2827.400000,2709.900000,2343.400000,2276.100000,2379.200000,2426.500000,3104.200000,3233.300000,3412.200000,3832.300000,4687.400000,4445.400000,4728.200000,5977.600000,5539.000000,4985.700000,5167.600000,4247.700000,4048.500000,4066.900000,4285.700000,,,,,,,
11,'040,Austria,406,'01252,Green garlic,5539,Producer Price Index (2014-2016 = 100),7021,Annual value,,53.380000,55.400000,56.860000,59.280000,61.280000,76.600000,67.020000,67.020000,67.020000,67.020000,67.020000,66.610000,56.650000,65.880000,68.510000,71.670000,73.780000,84.320000,84.320000,94.070000,113.310000,113.600000,98.950000,102.640000,100.920000,96.440000,94.860000,95.630000,94.420000,94.560000,97.520000,98.350000,98.690000,98.640000,98.600000
11,'040,Austria,1062,'0231,"Hen eggs in shell, fresh",5530,Producer Price (LCU/tonne),7021,Annual value,LCU,15680.000000,15390.000000,22574.000000,21087.000000,18130.000000,20470.000000,19809.000000,18852.000000,18011.000000,18889.000000,19524.000000,1444.000000,1556.000000,1587.000000,1556.000000,1540.000000,1749.000000,1957.000000,2076.000000,2060.000000,2048.000000,2179.000000,2246.000000,2205.000000,2181.000000,2216.000000,2273.000000,2347.000000,2347.000000,2346.000000,2382.000000,2983.000000,3152.000000,3138.000000,
11,'040,Austria,1062,'0231,"Hen eggs in shell, fresh",5531,Producer Price (SLC/tonne),7021,Annual value,SLC,1139.500000,1118.400000,1640.500000,1532.500000,1317.600000,1487.600000,1439.600000,1370.000000,1308.900000,1372.700000,1418.900000,1444.000000,1556.000000,1587.000000,1556.000000,1540.000000,1749.000000,1957.000000,2076.000000,2060.000000,2048.000000,2179.000000,2246.000000,2205.000000,2181.000000,2216.000000,2273.000000,2347.000000,2347.000000,2346.000000,2382.000000,2983.000000,3152.000000,3138.000000,
11,'040,Austria,1062,'0231,"Hen eggs in shell, fresh",5532,Producer Price (USD/tonne),7021,Annual value,USD,1342.900000,1400.400000,1940.700000,1846.200000,1798.300000,1933.600000,1623.100000,1522.900000,1394.500000,1264.700000,1269.700000,1359.000000,1756.100000,1970.500000,1935.000000,1931.900000,2393.800000,2866.700000,2884.000000,2728.300000,2847.000000,2799.700000,2982.100000,2925.400000,2418.900000,2451.200000,2567.800000,2771.700000,2627.400000,2679.600000,2817.300000,3141.200000,3408.200000,3394.800000,
11,'040,Austria,1062,'0231,"Hen eggs in shell, fresh",5539,Producer Price Index (2014-2016 = 100),7021,Annual value,,51.780000,50.820000,74.550000,69.640000,59.870000,67.600000,65.420000,62.260000,59.480000,62.380000,64.470000,65.620000,70.710000,72.110000,70.710000,69.980000,79.480000,88.930000,94.340000,93.610000,93.060000,99.020000,102.060000,100.200000,99.110000,100.700000,103.290000,106.650000,106.650000,106.600000,108.240000,135.550000,143.230000,142.590000,145.770000
11,'040,Austria,677,'01659,Hop cones,5530,Producer Price (LCU/tonne),7021,Annual value,LCU,77600.000000,81830.000000,77490.000000,75120.000000,72860.000000,71650.000000,71530.000000,60970.000000,58506.000000,65140.000000,62630.000000,4416.700000,4573.800000,4124.700000,4420.000000,4406.000000,4870.000000,6880.000000,6710.000000,7280.000000,6730.000000,6260.000000,6250.000000,6240.000000,6620.000000,7790.000000,7820.000000,7990.000000,8030.000000,7980.000000,8650.000000,9370.000000,10180.000000,10190.000000,
11,'040,Austria,677,'01659,Hop cones,5531,Producer Price (SLC/tonne),7021,Annual value,SLC,5639.400000,5946.800000,5631.400000,5459.200000,5294.900000,5207.000000,5198.300000,4430.900000,4251.800000,4733.900000,4551.500000,4416.700000,4573.800000,4124.700000,4420.000000,4406.000000,4870.000000,6880.000000,6710.000000,7280.000000,6730.000000,6260.000000,6250.000000,6240.000000,6620.000000,7790.000000,7820.000000,7990.000000,8030.000000,7980.000000,8650.000000,9370.000000,10180.000000,10190.000000,
11,'040,Austria,677,'01659,Hop cones,5532,Producer Price (USD/tonne),7021,Annual value,USD,6646.200000,7446.300000,6661.700000,6576.900000,7227.100000,6768.000000,5861.100000,4925.300000,4529.900000,4361.400000,4072.900000,4156.700000,5162.100000,5121.500000,5496.700000,5527.300000,6665.400000,10078.000000,9321.500000,9641.800000,9355.600000,8043.200000,8298.400000,8278.800000,7342.000000,8616.900000,8834.100000,9435.800000,8989.400000,9114.700000,10230.700000,9867.100000,11007.300000,11023.800000,
11,'040,Austria,677,'01659,Hop cones,5539,Producer Price Index (2014-2016 = 100),7021,Annual value,,81.930000,86.390000,81.810000,79.310000,76.920000,75.650000,75.520000,64.370000,61.770000,68.770000,66.120000,64.170000,66.450000,59.920000,64.210000,64.010000,70.750000,99.950000,97.480000,105.760000,97.770000,90.940000,90.800000,90.650000,96.170000,113.170000,113.610000,116.080000,116.660000,115.930000,125.670000,136.130000,147.890000,148.040000,164.600000
11,'040,Austria,1097,'21118.01,"Horse meat, fresh or chilled",5530,Producer Price (LCU/tonne),7021,Annual value,LCU,32153.000000,,38344.500000,37696.300000,35664.800000,31226.000000,32768.500000,31170.400000,,45220.300000,47551.900000,,,,,,,,,1810.000000,1850.000000,1861.000000,1799.000000,1839.000000,1832.000000,,,,,,,,,,
11,'040,Austria,1097,'21118.01,"Horse meat, fresh or chilled",5531,Producer Price (SLC/tonne),7021,Annual value,SLC,2336.600000,,2786.600000,2739.500000,2591.900000,2269.300000,2381.400000,2265.200000,,3286.300000,3455.700000,,,,,,,,,1810.000000,1850.000000,1861.000000,1799.000000,1839.000000,1832.000000,,,,,,,,,,
11,'040,Austria,1097,'21118.01,"Horse meat, fresh or chilled",5532,Producer Price (USD/tonne),7021,Annual value,USD,2753.800000,,3296.400000,3300.400000,3537.600000,2949.600000,2685.000000,2518.000000,,3027.700000,3092.400000,,,,,,,,,2397.200000,2571.700000,2391.100000,2388.600000,2439.900000,2031.800000,,,,,,,,,,
11,'040,Austria,1097,'21118.01,"Horse meat, fresh or chilled",5539,Producer Price Index (2014-2016 = 100),7021,Annual value,,121.750000,145.060000,145.190000,142.740000,135.050000,118.240000,124.080000,118.030000,105.520000,171.230000,180.060000,193.190000,208.190000,219.450000,217.570000,204.440000,208.190000,202.570000,202.570000,94.310000,96.390000,96.970000,93.740000,95.820000,95.460000,108.720000,119.990000,129.440000,125.770000,109.850000,99.570000,82.990000,88.170000,90.350000,87.520000
11,'040,Austria,1121,'21118.01b,"Horse meat, fresh or chilled (biological)",5530,Producer Price (LCU/tonne),7021,Annual value,LCU,17380.000000,20687.000000,20706.000000,20356.000000,19259.000000,16862.000000,17695.000000,16832.000000,15048.000000,24419.000000,25678.000000,,,,,,,,,1000.000000,1020.000000,1020.000000,990.000000,1010.000000,1010.000000,,,,,,,,,,
11,'040,Austria,1121,'21118.01b,"Horse meat, fresh or chilled (biological)",5531,Producer Price (SLC/tonne),7021,Annual value,SLC,1263.100000,1503.400000,1504.800000,1479.300000,1399.600000,1225.400000,1285.900000,1223.200000,1093.600000,1774.600000,1866.100000,,,,,,,,,1000.000000,1020.000000,1020.000000,990.000000,1010.000000,1010.000000,,,,,,,,,,
11,'040,Austria,1121,'21118.01b,"Horse meat, fresh or chilled (biological)",5532,Producer Price (USD/tonne),7021,Annual value,USD,1488.500000,1882.500000,1780.100000,1782.200000,1910.300000,1592.800000,1449.900000,1359.700000,1165.100000,1635.000000,1669.900000,,,,,,,,,1324.400000,1417.900000,1310.600000,1314.500000,1340.000000,1120.200000,,,,,,,,,,
11,'040,Austria,1121,'21118.01b,"Horse meat, fresh or chilled (biological)",5539,Producer Price Index (2014-2016 = 100),7021,Annual value,,119.520000,142.260000,142.390000,139.980000,132.440000,115.960000,121.680000,115.750000,103.480000,167.920000,176.580000,189.460000,204.170000,215.210000,213.370000,200.490000,204.170000,198.650000,198.650000,94.630000,96.520000,96.520000,93.680000,95.570000,95.570000,108.860000,120.130000,129.600000,125.970000,110.370000,100.170000,83.880000,88.900000,91.250000,89.230000
11,'040,Austria,407,'01254,Leeks and other alliaceous vegetables,5530,Producer Price (LCU/tonne),7021,Annual value,LCU,,,,,,,,,,,,,,,,,,,,,,,919.000000,916.000000,937.000000,999.000000,1254.000000,1124.000000,,,,,,,
11,'040,Austria,407,'01254,Leeks and other alliaceous vegetables,5531,Producer Price (SLC/tonne),7021,Annual value,SLC,,,,,,,,,,,,,,,,,,,,,,,919.000000,916.000000,937.000000,999.000000,1254.000000,1124.000000,,,,,,,
11,'040,Austria,407,'01254,Leeks and other alliaceous vegetables,5532,Producer Price (USD/tonne),7021,Annual value,USD,,,,,,,,,,,,,,,,,,,,,,,1220.200000,1215.300000,1039.200000,1105.000000,1416.600000,1327.400000,,,,,,,
11,'040,Austria,407,'01254,Leeks and other alliaceous vegetables,5539,Producer Price Index (2014-2016 = 100),7021,Annual value,,,,,,,,,,,,,,205.930000,182.390000,174.880000,167.530000,160.330000,153.270000,146.330000,139.490000,132.430000,122.770000,96.670000,96.350000,98.560000,105.080000,131.910000,118.230000,119.970000,121.450000,115.710000,116.910000,116.860000,119.830000,122.300000
11,'040,Austria,372,'01214,Lettuce and chicory,5530,Producer Price (LCU/tonne),7021,Annual value,LCU,10290.000000,8500.000000,7630.000000,9000.000000,5000.000000,6950.000000,5148.000000,5126.000000,5478.000000,5698.000000,7590.000000,407.000000,758.000000,392.000000,469.000000,478.000000,502.000000,504.000000,447.000000,629.000000,427.000000,519.000000,578.000000,527.000000,599.000000,625.000000,639.000000,677.000000,,,,,,,
11,'040,Austria,372,'01214,Lettuce and chicory,5531,Producer Price (SLC/tonne),7021,Annual value,SLC,747.800000,617.700000,554.500000,654.100000,363.400000,505.100000,374.100000,372.500000,398.100000,414.100000,551.600000,407.000000,758.000000,392.000000,469.000000,478.000000,502.000000,504.000000,447.000000,629.000000,427.000000,519.000000,578.000000,527.000000,599.000000,625.000000,639.000000,677.000000,,,,,,,
11,'040,Austria,372,'01214,Lettuce and chicory,5532,Producer Price (USD/tonne),7021,Annual value,USD,881.300000,773.500000,655.900000,788.000000,496.000000,656.500000,421.800000,414.100000,424.100000,381.500000,493.600000,383.000000,855.500000,486.700000,583.200000,599.600000,687.100000,738.300000,621.000000,833.100000,593.600000,666.800000,767.400000,699.200000,664.300000,691.300000,721.900000,799.500000,,,,,,,
11,'040,Austria,372,'01214,Lettuce and chicory,5539,Producer Price Index (2014-2016 = 100),7021,Annual value,,128.120000,105.830000,95.000000,112.060000,62.260000,86.540000,64.100000,63.820000,68.210000,70.950000,94.500000,69.730000,129.870000,67.160000,80.350000,81.900000,86.010000,86.350000,76.580000,107.770000,73.160000,88.920000,99.030000,90.290000,102.630000,107.080000,109.480000,115.990000,98.260000,96.800000,95.910000,97.370000,91.070000,90.940000,92.340000
11,'040,Austria,333,'01441,Linseed,5539,Producer Price Index (2014-2016 = 100),7021,Annual value,,,,,,,,,,,,61.880000,61.630000,66.150000,61.660000,57.130000,71.640000,107.130000,106.160000,76.800000,112.620000,133.920000,148.760000,110.360000,93.580000,102.290000,104.130000,99.850000,94.660000,98.140000,104.930000,141.760000,181.480000,185.180000,178.700000,172.220000
11,'040,Austria,210,'01709.02,Lupins,5539,Producer Price Index (2014-2016 = 100),7021,Annual value,,,,,,,,,,,,,,70.590000,70.590000,70.590000,70.590000,70.590000,70.590000,70.590000,65.690000,64.960000,73.250000,73.250000,94.600000,93.360000,112.040000,117.570000,111.970000,108.580000,108.540000,107.860000,107.670000,107.960000,113.310000,118.660000
11,'040,Austria,56,'0112,Maize (corn),5530,Producer Price (LCU/tonne),7021,Annual value,LCU,2930.000000,2884.000000,2902.000000,1817.000000,1894.000000,1729.000000,1390.000000,1454.000000,1452.000000,1519.000000,1427.000000,100.000000,131.000000,89.000000,89.000000,124.000000,210.000000,90.000000,94.000000,179.000000,149.000000,221.000000,151.000000,111.000000,146.000000,126.000000,140.000000,140.000000,128.000000,131.000000,205.000000,295.000000,165.000000,201.000000,
11,'040,Austria,56,'0112,Maize (corn),5531,Producer Price (SLC/tonne),7021,Annual value,SLC,212.900000,209.600000,210.900000,132.000000,137.600000,125.700000,101.000000,105.700000,105.500000,110.400000,103.700000,100.000000,131.000000,89.000000,89.000000,124.000000,210.000000,90.000000,94.000000,179.000000,149.000000,221.000000,151.000000,111.000000,146.000000,126.000000,140.000000,140.000000,128.000000,131.000000,205.000000,295.000000,165.000000,201.000000,
11,'040,Austria,56,'0112,Maize (corn),5532,Producer Price (USD/tonne),7021,Annual value,USD,250.900000,262.400000,249.500000,159.100000,187.900000,163.300000,113.900000,117.500000,112.400000,101.700000,92.800000,94.100000,147.800000,110.500000,110.700000,155.600000,287.400000,131.800000,130.600000,237.100000,207.100000,284.000000,200.500000,147.300000,161.900000,139.400000,158.200000,165.300000,143.300000,149.600000,242.500000,310.600000,178.400000,217.400000,
11,'040,Austria,56,'0112,Maize (corn),5539,Producer Price Index (2014-2016 = 100),7021,Annual value,,166.790000,164.170000,165.190000,103.430000,107.810000,98.420000,79.120000,82.770000,82.650000,86.470000,81.230000,78.330000,102.610000,69.710000,69.710000,97.130000,164.490000,70.500000,73.630000,140.210000,116.710000,173.110000,118.280000,86.950000,114.360000,98.690000,109.660000,109.660000,100.260000,102.610000,160.570000,231.070000,129.240000,157.440000,197.630000
11,'040,Austria,867,'21111.01,"Meat of cattle with the bone, fresh or chilled",5530,Producer Price (LCU/tonne),7021,Annual value,LCU,49338.000000,48602.000000,46536.000000,46804.000000,38625.000000,34946.400000,35625.000000,38880.000000,37590.000000,38400.000000,32890.000000,2610.000000,2630.000000,2630.000000,2960.000000,3070.000000,2970.000000,3190.000000,3120.000000,3160.000000,3530.000000,3840.000000,3780.000000,3670.000000,3830.000000,3740.000000,3870.000000,3880.000000,3730.000000,3700.000000,3980.000000,4740.000000,4740.000000,4990.000000,
11,'040,Austria,867,'21111.01,"Meat of cattle with the bone, fresh or chilled",5531,Producer Price (SLC/tonne),7021,Annual value,SLC,3585.500000,3532.000000,3381.900000,3401.400000,2807.000000,2539.700000,2589.000000,2825.500000,2731.800000,2790.600000,2390.200000,2610.000000,2630.000000,2630.000000,2960.000000,3070.000000,2970.000000,3190.000000,3120.000000,3160.000000,3530.000000,3840.000000,3780.000000,3670.000000,3830.000000,3740.000000,3870.000000,3880.000000,3730.000000,3700.000000,3980.000000,4740.000000,4740.000000,4990.000000,
11,'040,Austria,867,'21111.01,"Meat of cattle with the bone, fresh or chilled",5532,Producer Price (USD/tonne),7021,Annual value,USD,4225.600000,4422.700000,4000.600000,4097.800000,3831.300000,3301.000000,2919.100000,3140.800000,2910.500000,2571.100000,2138.900000,2456.400000,2968.300000,3265.600000,3681.000000,3851.300000,4064.900000,4672.800000,4334.300000,4185.200000,4907.200000,4933.900000,5018.900000,4869.100000,4247.700000,4137.000000,4371.900000,4582.100000,4175.600000,4226.100000,4707.300000,4991.500000,5125.200000,5398.300000,
11,'040,Austria,867,'21111.01,"Meat of cattle with the bone, fresh or chilled",5539,Producer Price Index (2014-2016 = 100),7021,Annual value,,95.700000,94.270000,90.260000,90.780000,74.920000,67.780000,69.100000,75.410000,72.910000,74.480000,63.800000,69.660000,70.200000,70.200000,79.000000,81.940000,79.270000,85.140000,83.270000,84.340000,94.220000,102.490000,100.890000,97.950000,102.220000,99.820000,103.290000,103.560000,99.560000,98.750000,106.230000,126.510000,126.510000,133.190000,141.010000
11,'040,Austria,945,'21111.01b,"Meat of cattle with the bone, fresh or chilled (biological)",5530,Producer Price (LCU/tonne),7021,Annual value,LCU,26526.000000,26130.000000,26060.000000,26210.000000,21630.000000,19570.000000,19950.000000,21773.000000,21050.000000,21504.000000,18418.000000,1461.600000,1472.800000,1472.800000,1658.000000,1719.000000,1663.000000,1784.000000,1745.000000,1767.000000,1974.000000,2149.000000,2114.000000,2053.000000,2142.000000,2097.000000,2170.000000,2175.000000,2091.000000,2074.000000,2328.000000,2773.000000,2773.000000,2919.000000,
11,'040,Austria,945,'21111.01b,"Meat of cattle with the bone, fresh or chilled (biological)",5531,Producer Price (SLC/tonne),7021,Annual value,SLC,1927.700000,1898.900000,1893.900000,1904.800000,1571.900000,1422.200000,1449.800000,1582.300000,1529.800000,1562.800000,1338.500000,1461.600000,1472.800000,1472.800000,1658.000000,1719.000000,1663.000000,1784.000000,1745.000000,1767.000000,1974.000000,2149.000000,2114.000000,2053.000000,2142.000000,2097.000000,2170.000000,2175.000000,2091.000000,2074.000000,2328.000000,2773.000000,2773.000000,2919.000000,
11,'040,Austria,945,'21111.01b,"Meat of cattle with the bone, fresh or chilled (biological)",5532,Producer Price (USD/tonne),7021,Annual value,USD,2271.900000,2377.800000,2240.300000,2294.700000,2145.500000,1848.600000,1634.700000,1758.900000,1629.800000,1439.800000,1197.800000,1375.600000,1662.200000,1828.700000,2061.900000,2156.500000,2276.100000,2613.300000,2424.100000,2340.300000,2744.100000,2761.200000,2806.800000,2723.800000,2375.600000,2319.600000,2451.400000,2568.600000,2340.800000,2368.900000,2753.400000,2920.100000,2998.400000,3157.800000,
11,'040,Austria,945,'21111.01b,"Meat of cattle with the bone, fresh or chilled (biological)",5539,Producer Price Index (2014-2016 = 100),7021,Annual value,,91.910000,90.540000,90.300000,90.820000,74.950000,67.810000,69.130000,75.440000,72.940000,74.510000,63.820000,69.690000,70.220000,70.220000,79.050000,81.960000,79.290000,85.060000,83.200000,84.250000,94.120000,102.460000,100.790000,97.890000,102.130000,99.980000,103.460000,103.700000,99.700000,98.890000,111.000000,132.220000,132.220000,139.180000,159.440000
11,'040,Austria,1058,'21121,"Meat of chickens, fresh or chilled",5530,Producer Price (LCU/tonne),7021,Annual value,LCU,25810.000000,25830.000000,25800.000000,25820.000000,24070.000000,25610.000000,26050.000000,25650.000000,24650.000000,25090.000000,26720.000000,1936.000000,1916.000000,1935.000000,1917.000000,1920.000000,1970.000000,2033.000000,2009.000000,2013.000000,2061.000000,2174.000000,2348.000000,2338.000000,2113.000000,2091.000000,2081.000000,2732.000000,2665.000000,2385.000000,2419.000000,2880.000000,,,
11,'040,Austria,1058,'21121,"Meat of chickens, fresh or chilled",5531,Producer Price (SLC/tonne),7021,Annual value,SLC,1875.700000,1877.100000,1875.000000,1876.400000,1749.200000,1861.200000,1893.100000,1864.100000,1791.400000,1823.400000,1941.800000,1936.000000,1916.000000,1935.000000,1917.000000,1920.000000,1970.000000,2033.000000,2009.000000,2013.000000,2061.000000,2174.000000,2348.000000,2338.000000,2113.000000,2091.000000,2081.000000,2732.000000,2665.000000,2385.000000,2419.000000,2880.000000,,,
11,'040,Austria,1058,'21121,"Meat of chickens, fresh or chilled",5532,Producer Price (USD/tonne),7021,Annual value,USD,2210.500000,2350.500000,2218.000000,2260.600000,2387.500000,2419.100000,2134.500000,2072.000000,1908.600000,1679.900000,1737.600000,1822.000000,2162.400000,2402.600000,2384.000000,2408.600000,2696.300000,2978.000000,2790.900000,2666.100000,2865.100000,2793.300000,3117.500000,3101.900000,2343.500000,2313.000000,2350.900000,3226.400000,2983.400000,2724.100000,2861.000000,3032.800000,,,
11,'040,Austria,1058,'21121,"Meat of chickens, fresh or chilled",5539,Producer Price Index (2014-2016 = 100),7021,Annual value,,86.010000,86.080000,85.980000,86.050000,80.220000,85.350000,86.810000,85.480000,82.150000,83.610000,89.050000,88.780000,87.860000,88.730000,87.910000,88.050000,90.340000,93.230000,92.130000,92.310000,94.510000,99.690000,107.670000,107.210000,96.900000,95.890000,95.430000,125.280000,122.210000,109.370000,110.930000,132.070000,125.710000,138.070000,144.840000
11,'040,Austria,1095,'21121b,"Meat of chickens, fresh or chilled (biological)",5530,Producer Price (LCU/tonne),7021,Annual value,LCU,18590.000000,18290.000000,18270.000000,18170.000000,11460.000000,11280.000000,11130.000000,11390.000000,10871.000000,10750.000000,11180.000000,806.000000,799.000000,802.000000,805.000000,805.000000,817.000000,897.000000,916.000000,916.000000,934.000000,924.000000,1077.000000,1077.000000,1077.000000,1077.000000,1077.000000,1054.000000,1009.000000,1009.000000,1009.000000,1017.000000,1089.000000,1152.000000,
11,'040,Austria,1095,'21121b,"Meat of chickens, fresh or chilled (biological)",5531,Producer Price (SLC/tonne),7021,Annual value,SLC,1351.000000,1329.200000,1327.700000,1320.500000,832.800000,819.700000,808.800000,827.700000,790.000000,781.200000,812.500000,806.000000,799.000000,802.000000,805.000000,805.000000,817.000000,897.000000,916.000000,916.000000,934.000000,924.000000,1077.000000,1077.000000,1077.000000,1077.000000,1077.000000,1054.000000,1009.000000,1009.000000,1009.000000,1017.000000,1089.000000,1152.000000,
11,'040,Austria,1095,'21121b,"Meat of chickens, fresh or chilled (biological)",5532,Producer Price (USD/tonne),7021,Annual value,USD,1592.200000,1664.300000,1570.600000,1590.800000,1136.700000,1065.500000,912.000000,920.100000,841.700000,719.800000,727.100000,758.600000,901.800000,995.800000,1001.100000,1009.900000,1118.200000,1313.900000,1272.500000,1213.200000,1298.400000,1187.200000,1430.000000,1428.900000,1194.500000,1191.300000,1216.700000,1244.700000,1129.500000,1152.500000,1193.400000,1071.000000,1177.500000,1246.300000,
11,'040,Austria,1095,'21121b,"Meat of chickens, fresh or chilled (biological)",5539,Producer Price Index (2014-2016 = 100),7021,Annual value,,125.440000,123.420000,123.280000,122.610000,77.330000,76.110000,75.100000,76.860000,73.350000,72.540000,75.440000,74.840000,74.190000,74.470000,74.740000,74.740000,75.860000,83.290000,85.050000,85.050000,86.720000,85.790000,100.000000,100.000000,100.000000,100.000000,100.000000,97.860000,93.690000,93.690000,93.690000,94.430000,101.110000,106.960000,112.830000
11,'040,Austria,1069,'21122,"Meat of ducks, fresh or chilled",5530,Producer Price (LCU/tonne),7021,Annual value,LCU,,,,,46820.000000,53600.000000,53600.000000,53600.000000,53600.000000,54733.000000,55867.000000,4060.000000,4060.000000,3995.000000,4000.000000,4000.000000,4240.000000,4800.000000,4800.000000,6500.000000,6500.000000,6700.000000,7140.000000,8040.000000,8040.000000,7960.000000,7960.000000,4610.000000,4640.000000,4640.000000,4890.000000,4480.000000,5390.000000,5480.000000,
11,'040,Austria,1069,'21122,"Meat of ducks, fresh or chilled",5531,Producer Price (SLC/tonne),7021,Annual value,SLC,,,,,3402.500000,3895.300000,3895.300000,3895.300000,3895.300000,3977.600000,4060.000000,4060.000000,4060.000000,3995.000000,4000.000000,4000.000000,4240.000000,4800.000000,4800.000000,6500.000000,6500.000000,6700.000000,7140.000000,8040.000000,8040.000000,7960.000000,7960.000000,4610.000000,4640.000000,4640.000000,4890.000000,4480.000000,5390.000000,5480.000000,
11,'040,Austria,1069,'21122,"Meat of ducks, fresh or chilled",5532,Producer Price (USD/tonne),7021,Annual value,USD,,,,,4644.200000,5063.000000,4391.900000,4329.900000,4150.100000,3664.600000,3633.100000,3821.000000,4582.200000,4960.500000,4974.400000,5017.900000,5803.200000,7031.200000,6668.100000,8608.800000,9035.900000,8608.600000,9480.100000,10666.900000,8916.900000,8805.000000,8992.300000,5444.200000,5194.400000,5299.800000,5783.600000,4717.700000,5828.000000,5928.400000,
11,'040,Austria,1069,'21122,"Meat of ducks, fresh or chilled",5539,Producer Price Index (2014-2016 = 100),7021,Annual value,,61.700000,61.700000,46.260000,60.660000,42.460000,48.610000,48.610000,48.610000,48.610000,49.640000,50.670000,50.670000,50.670000,49.850000,49.920000,49.920000,52.910000,59.900000,59.900000,81.110000,81.110000,83.610000,89.100000,100.330000,100.330000,99.330000,99.330000,57.530000,57.900000,57.900000,61.020000,55.910000,67.260000,68.390000,71.740000
11,'040,Austria,1071,'21122b,"Meat of ducks, fresh or chilled (biological)",5530,Producer Price (LCU/tonne),7021,Annual value,LCU,47620.000000,47620.000000,35710.000000,46820.000000,32774.000000,37520.000000,37520.000000,37520.000000,37520.000000,38313.000000,39107.000000,2842.000000,2842.000000,2796.500000,2800.000000,2800.000000,2968.000000,3360.000000,3360.000000,4550.000000,4550.000000,4690.000000,4998.000000,5628.000000,5628.000000,5572.000000,5572.000000,3227.000000,3248.000000,3248.000000,3423.000000,3136.000000,3773.000000,3836.000000,
11,'040,Austria,1071,'21122b,"Meat of ducks, fresh or chilled (biological)",5531,Producer Price (SLC/tonne),7021,Annual value,SLC,3460.700000,3460.700000,2595.100000,3402.500000,2381.800000,2726.700000,2726.700000,2726.700000,2726.700000,2784.300000,2842.000000,2842.000000,2842.000000,2796.500000,2800.000000,2800.000000,2968.000000,3360.000000,3360.000000,4550.000000,4550.000000,4690.000000,4998.000000,5628.000000,5628.000000,5572.000000,5572.000000,3227.000000,3248.000000,3248.000000,3423.000000,3136.000000,3773.000000,3836.000000,
11,'040,Austria,1071,'21122b,"Meat of ducks, fresh or chilled (biological)",5532,Producer Price (USD/tonne),7021,Annual value,USD,4078.500000,4333.300000,3069.900000,4099.200000,3250.900000,3544.100000,3074.300000,3030.900000,2905.100000,2565.200000,2543.200000,2674.700000,3207.600000,3472.300000,3482.100000,3512.600000,4062.200000,4921.800000,4667.700000,6026.100000,6325.100000,6026.000000,6636.000000,7466.900000,6241.800000,6163.500000,6294.600000,3810.900000,3636.100000,3709.900000,4048.500000,3302.400000,4079.600000,4149.900000,
11,'040,Austria,1071,'21122b,"Meat of ducks, fresh or chilled (biological)",5539,Producer Price Index (2014-2016 = 100),7021,Annual value,,61.700000,61.700000,46.260000,60.660000,42.460000,48.610000,48.610000,48.610000,48.610000,49.640000,50.670000,50.670000,50.670000,49.850000,49.920000,49.920000,52.910000,59.900000,59.900000,81.110000,81.110000,83.610000,89.100000,100.330000,100.330000,99.330000,99.330000,57.530000,57.900000,57.900000,61.020000,55.910000,67.260000,68.390000,71.740000
11,'040,Austria,1073,'21123,"Meat of geese, fresh or chilled",5530,Producer Price (LCU/tonne),7021,Annual value,LCU,,,,,66360.000000,86300.000000,86300.000000,86300.000000,86300.000000,87637.000000,89924.000000,6535.000000,6535.000000,6535.000000,6770.000000,7000.000000,7400.000000,8550.000000,8400.000000,9000.000000,9000.000000,8480.000000,8840.000000,8840.000000,9380.000000,9730.000000,9730.000000,10620.000000,11860.000000,11860.000000,11860.000000,12570.000000,13320.000000,13320.000000,
11,'040,Austria,1073,'21123,"Meat of geese, fresh or chilled",5531,Producer Price (SLC/tonne),7021,Annual value,SLC,,,,,4822.600000,6271.700000,6271.700000,6271.700000,6271.700000,6368.800000,6535.000000,6535.000000,6535.000000,6535.000000,6770.000000,7000.000000,7400.000000,8550.000000,8400.000000,9000.000000,9000.000000,8480.000000,8840.000000,8840.000000,9380.000000,9730.000000,9730.000000,10620.000000,11860.000000,11860.000000,11860.000000,12570.000000,13320.000000,13320.000000,
11,'040,Austria,1073,'21123,"Meat of geese, fresh or chilled",5532,Producer Price (USD/tonne),7021,Annual value,USD,,,,,6582.400000,8151.800000,7071.300000,6971.400000,6681.900000,5867.700000,5847.900000,6150.300000,7375.600000,8114.300000,8419.100000,8781.400000,10128.100000,12524.300000,11669.200000,11919.800000,12511.200000,10895.600000,11737.200000,11728.300000,10403.000000,10762.900000,10991.800000,12541.700000,13277.000000,13546.400000,14027.300000,13236.800000,14402.500000,14409.900000,
11,'040,Austria,1073,'21123,"Meat of geese, fresh or chilled",5539,Producer Price Index (2014-2016 = 100),7021,Annual value,,53.990000,53.120000,53.060000,73.950000,51.760000,67.320000,67.320000,67.320000,67.320000,68.360000,70.140000,70.140000,70.140000,70.140000,72.670000,75.130000,79.430000,91.770000,90.160000,96.600000,96.600000,91.020000,94.880000,94.880000,100.680000,104.440000,104.440000,113.990000,127.300000,127.300000,127.300000,134.920000,142.970000,142.970000,145.760000
11,'040,Austria,1078,'21123b,"Meat of geese, fresh or chilled (biological)",5530,Producer Price (LCU/tonne),7021,Annual value,LCU,,,47620.000000,66360.000000,46452.000000,60410.000000,60410.000000,60410.000000,60410.000000,61345.900000,62946.800000,4574.500000,4574.500000,4574.500000,4760.000000,4907.000000,5180.000000,5985.000000,5880.000000,6300.000000,6300.000000,5936.000000,6188.000000,6188.000000,6566.000000,6811.000000,6811.000000,7434.000000,8302.000000,8302.000000,8302.000000,8799.000000,9324.000000,9324.000000,
11,'040,Austria,1078,'21123b,"Meat of geese, fresh or chilled (biological)",5531,Producer Price (SLC/tonne),7021,Annual value,SLC,,,3460.700000,4822.600000,3375.800000,4390.200000,4390.200000,4390.200000,4390.200000,4458.200000,4574.500000,4574.500000,4574.500000,4574.500000,4760.000000,4907.000000,5180.000000,5985.000000,5880.000000,6300.000000,6300.000000,5936.000000,6188.000000,6188.000000,6566.000000,6811.000000,6811.000000,7434.000000,8302.000000,8302.000000,8302.000000,8799.000000,9324.000000,9324.000000,
11,'040,Austria,1078,'21123b,"Meat of geese, fresh or chilled (biological)",5532,Producer Price (USD/tonne),7021,Annual value,USD,,,4093.800000,5809.900000,4607.600000,5706.300000,4949.900000,4880.000000,4677.400000,4107.400000,4093.500000,4305.200000,5162.900000,5680.000000,5919.500000,6155.800000,7089.700000,8767.000000,8168.400000,8343.900000,8757.800000,7626.900000,8216.100000,8209.800000,7282.100000,7534.000000,7694.300000,8779.200000,9293.900000,9482.500000,9819.100000,9265.800000,10081.700000,10086.900000,
11,'040,Austria,1078,'21123b,"Meat of geese, fresh or chilled (biological)",5539,Producer Price Index (2014-2016 = 100),7021,Annual value,,53.990000,53.120000,53.060000,73.950000,51.760000,67.320000,67.320000,67.320000,67.320000,68.360000,70.140000,70.140000,70.140000,70.140000,72.990000,75.240000,79.430000,91.770000,90.160000,96.600000,96.600000,91.020000,94.880000,94.880000,100.680000,104.440000,104.440000,113.990000,127.300000,127.300000,127.300000,134.920000,142.970000,142.970000,145.760000
11,'040,Austria,1017,'21116,"Meat of goat, fresh or chilled",5530,Producer Price (LCU/tonne),7021,Annual value,LCU,,,,,,,,,,,,,,,,,,,,,,,,,,,,,,,,8277.000000,8620.000000,8707.000000,
11,'040,Austria,1017,'21116,"Meat of goat, fresh or chilled",5531,Producer Price (SLC/tonne),7021,Annual value,SLC,,,,,,,,,,,,,,,,,,,,,,,,,,,,,,,,8277.000000,8620.000000,8707.000000,
11,'040,Austria,1017,'21116,"Meat of goat, fresh or chilled",5532,Producer Price (USD/tonne),7021,Annual value,USD,,,,,,,,,,,,,,,,,,,,,,,,,,,,,,,,8716.100000,9320.500000,9419.400000,
11,'040,Austria,1017,'21116,"Meat of goat, fresh or chilled",5539,Producer Price Index (2014-2016 = 100),7021,Annual value,,36.730000,37.250000,38.400000,38.230000,31.060000,29.150000,28.880000,30.050000,29.870000,29.760000,30.860000,33.030000,38.180000,43.330000,48.490000,53.640000,58.790000,63.940000,69.090000,74.240000,79.390000,84.550000,89.700000,94.850000,100.000000,105.150000,110.300000,115.450000,120.610000,125.760000,130.910000,136.060000,141.700000,143.130000,151.510000
11,'040,Austria,1033,'21116b,"Meat of goat, fresh or chilled (biological)",5530,Producer Price (LCU/tonne),7021,Annual value,LCU,,,,16000.000000,12999.000000,,,,,,,,,,,,,,,,,,,,,,,,,,,3000.000000,3020.000000,2980.000000,
11,'040,Austria,1033,'21116b,"Meat of goat, fresh or chilled (biological)",5531,Producer Price (SLC/tonne),7021,Annual value,SLC,,,,1162.800000,944.700000,,,,,,,,,,,,,,,,,,,,,,,,,,,3000.000000,3020.000000,2980.000000,
11,'040,Austria,1033,'21116b,"Meat of goat, fresh or chilled (biological)",5532,Producer Price (USD/tonne),7021,Annual value,USD,,,,1400.800000,1289.400000,,,,,,,,,,,,,,,,,,,,,,,,,,,3159.100000,3265.400000,3223.800000,
11,'040,Austria,1033,'21116b,"Meat of goat, fresh or chilled (biological)",5539,Producer Price Index (2014-2016 = 100),7021,Annual value,,47.260000,47.920000,49.410000,49.180000,39.960000,37.500000,37.160000,38.650000,38.430000,38.280000,40.740000,43.110000,45.680000,48.410000,51.290000,54.300000,57.410000,60.620000,63.890000,67.260000,82.130000,86.490000,91.030000,95.580000,100.050000,104.370000,108.540000,112.540000,116.350000,119.970000,123.360000,126.890000,127.740000,126.040000,124.350000
11,'040,Austria,1035,'21113.01,"Meat of pig with the bone, fresh or chilled",5530,Producer Price (LCU/tonne),7021,Annual value,LCU,26623.000000,27620.000000,24460.000000,26640.000000,19650.000000,21930.000000,22850.000000,16230.000000,15110.000000,18940.000000,22760.000000,1310.000000,1210.000000,1360.000000,1400.000000,1460.000000,1330.000000,1530.000000,1390.000000,1380.000000,1520.000000,1710.000000,1720.000000,1600.000000,1440.000000,1500.000000,1660.000000,1500.000000,1770.000000,1710.000000,1600.000000,2000.000000,2410.000000,2260.000000,
11,'040,Austria,1035,'21113.01,"Meat of pig with the bone, fresh or chilled",5531,Producer Price (SLC/tonne),7021,Annual value,SLC,1934.800000,2007.200000,1777.600000,1936.000000,1428.000000,1593.700000,1660.600000,1179.500000,1098.100000,1376.400000,1654.000000,1310.000000,1210.000000,1360.000000,1400.000000,1460.000000,1330.000000,1530.000000,1390.000000,1380.000000,1520.000000,1710.000000,1720.000000,1600.000000,1440.000000,1500.000000,1660.000000,1500.000000,1770.000000,1710.000000,1600.000000,2000.000000,2410.000000,2260.000000,
11,'040,Austria,1035,'21113.01,"Meat of pig with the bone, fresh or chilled",5532,Producer Price (USD/tonne),7021,Annual value,USD,2280.200000,2513.300000,2102.800000,2332.400000,1949.100000,2071.500000,1872.300000,1311.100000,1169.900000,1268.100000,1480.100000,1232.900000,1365.600000,1688.700000,1741.000000,1831.500000,1820.300000,2241.200000,1931.000000,1827.700000,2113.000000,2197.100000,2283.700000,2122.800000,1597.100000,1659.200000,1875.300000,1771.400000,1981.500000,1953.200000,1892.400000,2106.100000,2605.900000,2444.900000,
11,'040,Austria,1035,'21113.01,"Meat of pig with the bone, fresh or chilled",5539,Producer Price Index (2014-2016 = 100),7021,Annual value,,127.850000,132.640000,117.460000,127.930000,94.360000,105.310000,109.730000,77.940000,72.560000,90.950000,109.300000,86.560000,79.960000,89.870000,92.510000,96.480000,87.890000,101.100000,91.850000,91.190000,100.440000,113.000000,113.660000,105.730000,95.150000,99.120000,109.690000,99.120000,116.960000,113.000000,105.730000,132.160000,159.250000,149.340000,152.390000
11,'040,Austria,1056,'21113.01b,"Meat of pig with the bone, fresh or chilled (biological)",5530,Producer Price (LCU/tonne),7021,Annual value,LCU,21645.000000,21780.000000,19730.000000,19850.000000,15910.000000,17380.000000,18700.000000,13231.000000,12320.000000,15440.000000,18550.000000,1070.000000,990.000000,1110.000000,1140.000000,1190.000000,1084.000000,1247.000000,1132.000000,1124.000000,1238.000000,1393.000000,1388.000000,1291.000000,1162.000000,1212.000000,1341.000000,1212.000000,1430.000000,1382.000000,1289.000000,1614.000000,1945.000000,1824.000000,
11,'040,Austria,1056,'21113.01b,"Meat of pig with the bone, fresh or chilled (biological)",5531,Producer Price (SLC/tonne),7021,Annual value,SLC,1573.000000,1582.800000,1433.800000,1442.600000,1156.200000,1263.100000,1359.000000,961.500000,895.300000,1122.100000,1348.100000,1070.000000,990.000000,1110.000000,1140.000000,1190.000000,1084.000000,1247.000000,1132.000000,1124.000000,1238.000000,1393.000000,1388.000000,1291.000000,1162.000000,1212.000000,1341.000000,1212.000000,1430.000000,1382.000000,1289.000000,1614.000000,1945.000000,1824.000000,
11,'040,Austria,1056,'21113.01b,"Meat of pig with the bone, fresh or chilled (biological)",5532,Producer Price (USD/tonne),7021,Annual value,USD,1853.800000,1981.900000,1696.200000,1737.900000,1578.100000,1641.700000,1532.300000,1068.800000,953.900000,1033.800000,1206.300000,1007.000000,1117.300000,1378.300000,1417.700000,1492.800000,1483.600000,1826.600000,1572.600000,1488.700000,1721.000000,1789.800000,1842.900000,1712.800000,1288.700000,1340.700000,1514.900000,1431.300000,1600.800000,1578.500000,1524.600000,1699.600000,2103.100000,1973.200000,
11,'040,Austria,1056,'21113.01b,"Meat of pig with the bone, fresh or chilled (biological)",5539,Producer Price Index (2014-2016 = 100),7021,Annual value,,128.760000,129.560000,117.370000,118.080000,94.640000,103.390000,111.240000,78.710000,73.290000,91.850000,110.350000,87.590000,81.040000,90.860000,93.320000,97.410000,88.730000,102.070000,92.660000,92.010000,101.340000,114.020000,113.620000,105.680000,95.120000,99.210000,109.770000,99.210000,117.050000,113.120000,105.510000,132.110000,159.210000,149.300000,152.390000
11,'040,Austria,1141,'21114,"Meat of rabbits and hares, fresh or chilled",5539,Producer Price Index (2014-2016 = 100),7021,Annual value,,54.770000,54.770000,54.770000,68.320000,71.150000,69.830000,73.040000,62.350000,56.340000,63.820000,66.890000,71.600000,85.340000,90.900000,83.930000,87.540000,83.590000,92.320000,86.700000,86.950000,96.020000,105.920000,107.050000,101.760000,98.730000,99.520000,106.430000,101.590000,98.400000,103.580000,110.550000,116.930000,116.290000,119.490000,122.430000
11,'040,Austria,1145,'21114b,"Meat of rabbits and hares, fresh or chilled (biological)",5530,Producer Price (LCU/tonne),7021,Annual value,LCU,,40042.000000,40042.000000,49950.000000,52014.000000,51051.000000,,,,,,,,,,,,,,,,,,,,,,,,,,,,,
11,'040,Austria,1145,'21114b,"Meat of rabbits and hares, fresh or chilled (biological)",5531,Producer Price (SLC/tonne),7021,Annual value,SLC,,2910.000000,2910.000000,3630.000000,3780.000000,3710.000000,,,,,,,,,,,,,,,,,,,,,,,,,,,,,
11,'040,Austria,1145,'21114b,"Meat of rabbits and hares, fresh or chilled (biological)",5532,Producer Price (USD/tonne),7021,Annual value,USD,,3643.700000,3442.300000,4373.200000,5159.400000,4822.200000,,,,,,,,,,,,,,,,,,,,,,,,,,,,,
11,'040,Austria,1145,'21114b,"Meat of rabbits and hares, fresh or chilled (biological)",5539,Producer Price Index (2014-2016 = 100),7021,Annual value,,54.770000,54.770000,54.770000,68.320000,71.150000,69.830000,73.040000,62.350000,56.340000,63.820000,66.890000,71.600000,85.340000,90.900000,83.930000,87.540000,83.590000,92.320000,86.700000,86.950000,96.020000,105.920000,107.050000,101.760000,98.730000,99.520000,106.430000,101.590000,98.400000,103.580000,110.550000,116.930000,116.290000,119.490000,122.430000
11,'040,Austria,977,'21115,"Meat of sheep, fresh or chilled",5530,Producer Price (LCU/tonne),7021,Annual value,LCU,56721.000000,57519.000000,58833.000000,58562.000000,56250.000000,52791.700000,52312.500000,54416.700000,54104.200000,53895.800000,55895.800000,4143.800000,4041.700000,3895.800000,3938.000000,4188.000000,4042.000000,3979.000000,3917.000000,3854.200000,3962.000000,4109.000000,4211.000000,3961.000000,4431.000000,4525.000000,4715.000000,4789.000000,4940.000000,5021.000000,5652.000000,6178.000000,7060.000000,7265.000000,
11,'040,Austria,977,'21115,"Meat of sheep, fresh or chilled",5531,Producer Price (SLC/tonne),7021,Annual value,SLC,4122.100000,4180.100000,4275.600000,4255.900000,4087.800000,3836.500000,3801.700000,3954.600000,3931.900000,3916.800000,4062.100000,4143.800000,4041.700000,3895.800000,3938.000000,4188.000000,4042.000000,3979.000000,3917.000000,3854.200000,3962.000000,4109.000000,4211.000000,3961.000000,4431.000000,4525.000000,4715.000000,4789.000000,4940.000000,5021.000000,5652.000000,6178.000000,7060.000000,7265.000000,
11,'040,Austria,977,'21115,"Meat of sheep, fresh or chilled",5532,Producer Price (USD/tonne),7021,Annual value,USD,4857.900000,5234.100000,5057.800000,5127.200000,5579.500000,4986.700000,4286.400000,4395.900000,4189.100000,3608.600000,3635.000000,3899.900000,4561.600000,4837.300000,4897.300000,5253.800000,5532.200000,5828.500000,5441.500000,5104.600000,5507.700000,5279.500000,5591.100000,5255.200000,4914.300000,5005.300000,5326.400000,5655.600000,5530.200000,5735.000000,6684.800000,6505.700000,7633.800000,7859.400000,
11,'040,Austria,977,'21115,"Meat of sheep, fresh or chilled",5539,Producer Price Index (2014-2016 = 100),7021,Annual value,,95.740000,97.080000,99.300000,98.840000,94.940000,89.100000,88.300000,91.850000,91.320000,90.970000,94.340000,96.240000,93.870000,90.480000,91.460000,97.270000,93.880000,92.410000,90.970000,89.510000,92.020000,95.430000,97.800000,92.000000,102.910000,105.090000,109.510000,111.230000,114.730000,116.610000,131.270000,143.490000,163.970000,168.730000,189.890000
11,'040,Austria,1013,'21115b,"Meat of sheep, fresh or chilled (biological)",5530,Producer Price (LCU/tonne),7021,Annual value,LCU,27010.000000,27390.000000,28240.000000,28110.000000,27000.000000,25340.000000,25110.000000,26120.000000,25970.000000,25870.000000,26830.000000,1989.000000,1940.000000,1870.000000,1890.000000,2010.000000,1940.000000,1910.000000,1880.000000,1850.000000,1900.000000,1970.000000,2020.000000,2070.000000,2110.000000,2160.000000,2160.000000,2160.000000,2160.000000,2190.000000,2470.000000,2700.000000,3110.000000,3370.000000,
11,'040,Austria,1013,'21115b,"Meat of sheep, fresh or chilled (biological)",5531,Producer Price (SLC/tonne),7021,Annual value,SLC,1962.900000,1990.500000,2052.300000,2042.800000,1962.200000,1841.500000,1824.800000,1898.200000,1887.300000,1880.000000,1949.800000,1989.000000,1940.000000,1870.000000,1890.000000,2010.000000,1940.000000,1910.000000,1880.000000,1850.000000,1900.000000,1970.000000,2020.000000,2070.000000,2110.000000,2160.000000,2160.000000,2160.000000,2160.000000,2190.000000,2470.000000,2700.000000,3110.000000,3370.000000,
11,'040,Austria,1013,'21115b,"Meat of sheep, fresh or chilled (biological)",5532,Producer Price (USD/tonne),7021,Annual value,USD,2313.300000,2492.400000,2427.700000,2461.100000,2678.200000,2393.600000,2057.500000,2110.000000,2010.800000,1732.100000,1744.800000,1871.900000,2189.500000,2321.900000,2350.400000,2521.500000,2655.200000,2797.800000,2611.700000,2450.200000,2641.300000,2531.200000,2682.000000,2746.300000,2340.100000,2389.300000,2440.100000,2550.900000,2418.100000,2501.400000,2921.400000,2843.200000,3362.700000,3645.700000,
11,'040,Austria,1013,'21115b,"Meat of sheep, fresh or chilled (biological)",5539,Producer Price Index (2014-2016 = 100),7021,Annual value,,92.880000,94.190000,97.110000,96.660000,92.850000,87.140000,86.350000,89.820000,89.310000,88.960000,92.260000,94.120000,91.800000,88.490000,89.430000,95.110000,91.800000,90.380000,88.960000,87.540000,89.910000,93.220000,95.580000,97.950000,99.840000,102.210000,102.210000,102.210000,102.210000,103.630000,116.880000,127.760000,147.160000,159.460000,169.870000
11,'040,Austria,1080,'21124,"Meat of turkeys, fresh or chilled",5530,Producer Price (LCU/tonne),7021,Annual value,LCU,,,28866.000000,28902.000000,19415.000000,18549.000000,18488.000000,17902.000000,17317.000000,18000.000000,19024.000000,1285.400000,1300.000000,1316.000000,1263.000000,1265.000000,1374.000000,1518.000000,1441.000000,1399.800000,1597.000000,1748.000000,1825.000000,1804.000000,1880.000000,1877.000000,1842.000000,1890.000000,1890.000000,1890.000000,2001.000000,2354.000000,2216.000000,2051.000000,
11,'040,Austria,1080,'21124,"Meat of turkeys, fresh or chilled",5531,Producer Price (SLC/tonne),7021,Annual value,SLC,,,2097.800000,2100.400000,1410.900000,1348.000000,1343.600000,1301.000000,1258.500000,1308.100000,1382.500000,1285.400000,1300.000000,1316.000000,1263.000000,1265.000000,1374.000000,1518.000000,1441.000000,1399.800000,1597.000000,1748.000000,1825.000000,1804.000000,1880.000000,1877.000000,1842.000000,1890.000000,1890.000000,1890.000000,2001.000000,2354.000000,2216.000000,2051.000000,
11,'040,Austria,1080,'21124,"Meat of turkeys, fresh or chilled",5532,Producer Price (USD/tonne),7021,Annual value,USD,,,2481.600000,2530.400000,1925.800000,1752.100000,1514.900000,1446.200000,1340.800000,1205.200000,1237.200000,1209.700000,1467.200000,1634.000000,1570.700000,1586.900000,1880.500000,2223.600000,2001.800000,1853.900000,2220.000000,2245.900000,2423.100000,2393.400000,2085.000000,2076.200000,2080.900000,2232.000000,2115.800000,2158.800000,2366.700000,2478.900000,2396.100000,2218.800000,
11,'040,Austria,1080,'21124,"Meat of turkeys, fresh or chilled",5539,Producer Price Index (2014-2016 = 100),7021,Annual value,,113.410000,113.260000,113.170000,113.310000,76.120000,72.720000,72.480000,70.180000,67.890000,70.570000,74.580000,69.340000,70.130000,70.990000,68.140000,68.240000,74.120000,81.890000,77.740000,75.520000,86.150000,94.300000,98.450000,97.320000,101.420000,101.260000,99.370000,101.960000,101.960000,101.960000,107.950000,126.990000,119.550000,110.650000,131.900000
11,'040,Austria,1088,'21124b,"Meat of turkeys, fresh or chilled (biological)",5530,Producer Price (LCU/tonne),7021,Annual value,LCU,23720.000000,23690.000000,23670.000000,23700.000000,15920.000000,15210.000000,15160.000000,14680.000000,14200.000000,14760.000000,15600.000000,1054.000000,1066.000000,1079.000000,1036.000000,1038.000000,1127.000000,1245.000000,1182.000000,1148.000000,1310.000000,1399.000000,1460.000000,1443.000000,1504.000000,1501.000000,1474.000000,1512.000000,1512.000000,1512.000000,1601.000000,1883.000000,1773.000000,1641.000000,
11,'040,Austria,1088,'21124b,"Meat of turkeys, fresh or chilled (biological)",5531,Producer Price (SLC/tonne),7021,Annual value,SLC,1723.800000,1721.600000,1720.200000,1722.300000,1157.000000,1105.400000,1101.700000,1066.800000,1032.000000,1072.700000,1133.700000,1054.000000,1066.000000,1079.000000,1036.000000,1038.000000,1127.000000,1245.000000,1182.000000,1148.000000,1310.000000,1399.000000,1460.000000,1443.000000,1504.000000,1501.000000,1474.000000,1512.000000,1512.000000,1512.000000,1601.000000,1883.000000,1773.000000,1641.000000,
11,'040,Austria,1088,'21124b,"Meat of turkeys, fresh or chilled (biological)",5532,Producer Price (USD/tonne),7021,Annual value,USD,2031.500000,2155.700000,2034.900000,2075.000000,1579.100000,1436.700000,1242.200000,1185.900000,1099.500000,988.300000,1014.500000,992.000000,1203.100000,1339.800000,1288.400000,1302.200000,1542.500000,1823.700000,1642.000000,1520.400000,1821.100000,1797.500000,1938.500000,1914.500000,1668.000000,1660.300000,1665.200000,1785.600000,1692.600000,1727.000000,1893.600000,1982.900000,1917.100000,1775.300000,
11,'040,Austria,1088,'21124b,"Meat of turkeys, fresh or chilled (biological)",5539,Producer Price Index (2014-2016 = 100),7021,Annual value,,116.260000,116.120000,116.020000,116.170000,78.030000,74.550000,74.310000,71.950000,69.600000,72.350000,76.460000,71.090000,71.900000,72.770000,69.870000,70.010000,76.010000,83.970000,79.720000,77.430000,88.350000,94.360000,98.470000,97.320000,101.440000,101.240000,99.420000,101.980000,101.980000,101.980000,107.980000,127.000000,119.580000,110.680000,131.990000
11,'040,Austria,79,'0118,Millet,5539,Producer Price Index (2014-2016 = 100),7021,Annual value,,205.330000,195.930000,196.640000,182.620000,92.310000,104.260000,90.130000,89.420000,89.000000,89.950000,87.110000,79.740000,87.900000,71.580000,66.760000,85.460000,153.820000,109.870000,74.060000,149.750000,127.780000,171.730000,120.450000,109.870000,103.360000,86.760000,106.380000,108.640000,95.370000,103.330000,152.030000,198.780000,158.800000,185.160000,210.110000
11,'040,Austria,103,'01199.02,Mixed grain,5539,Producer Price Index (2014-2016 = 100),7021,Annual value,,184.640000,180.130000,179.060000,151.810000,96.000000,102.470000,86.090000,84.600000,84.660000,87.750000,82.940000,74.340000,81.940000,66.740000,66.740000,85.450000,153.810000,109.870000,74.060000,149.750000,127.780000,171.730000,120.450000,109.870000,103.360000,86.760000,106.380000,108.640000,105.420000,105.630000,153.490000,201.270000,160.640000,189.960000,198.200000
11,'040,Austria,449,'01270,Mushrooms and truffles,5530,Producer Price (LCU/tonne),7021,Annual value,LCU,43310.000000,43200.000000,42200.000000,41770.000000,36020.000000,34210.000000,33500.000000,33500.000000,33500.000000,33500.000000,33500.000000,2430.000000,2280.000000,2250.000000,2250.000000,2250.000000,2250.000000,2250.000000,2250.000000,2350.000000,2450.000000,2450.000000,2500.000000,2500.000000,2500.000000,2500.000000,2500.000000,2500.000000,,,,,,,
11,'040,Austria,449,'01270,Mushrooms and truffles,5531,Producer Price (SLC/tonne),7021,Annual value,SLC,3147.500000,3139.500000,3066.800000,3035.500000,2617.700000,2486.100000,2434.500000,2434.500000,2434.500000,2434.500000,2434.500000,2430.000000,2280.000000,2250.000000,2250.000000,2250.000000,2250.000000,2250.000000,2250.000000,2350.000000,2450.000000,2450.000000,2500.000000,2500.000000,2500.000000,2500.000000,2500.000000,2500.000000,,,,,,,
11,'040,Austria,449,'01270,Mushrooms and truffles,5532,Producer Price (USD/tonne),7021,Annual value,USD,3709.300000,3931.100000,3627.900000,3657.000000,3572.900000,3231.500000,2744.900000,2706.200000,2593.800000,2243.000000,2178.600000,2286.900000,2573.300000,2793.800000,2798.100000,2822.600000,3079.500000,3295.900000,3125.700000,3112.400000,3405.800000,3147.900000,3319.400000,3316.800000,2772.700000,2765.400000,2824.200000,2952.400000,,,,,,,
11,'040,Austria,449,'01270,Mushrooms and truffles,5539,Producer Price Index (2014-2016 = 100),7021,Annual value,,125.900000,125.580000,122.670000,121.420000,104.710000,99.450000,97.380000,97.380000,97.380000,97.380000,97.380000,97.200000,91.200000,90.000000,90.000000,90.000000,90.000000,90.000000,90.000000,94.000000,98.000000,98.000000,100.000000,100.000000,100.000000,100.000000,100.000000,100.000000,99.710000,100.360000,100.360000,101.410000,98.370000,102.320000,100.380000
11,'040,Austria,1182,'02910,Natural honey,5530,Producer Price (LCU/tonne),7021,Annual value,LCU,70000.000000,82000.000000,82000.000000,82000.000000,72000.000000,76000.000000,76000.000000,76000.000000,76170.000000,76250.000000,72000.000000,5320.000000,5410.000000,5550.000000,5710.000000,5920.000000,5980.000000,6150.000000,6500.000000,6910.000000,7200.000000,7380.000000,7970.000000,8950.000000,11330.000000,12000.000000,8300.000000,7400.000000,8800.000000,9600.000000,10600.000000,11600.000000,12000.000000,11900.000000,
11,'040,Austria,1182,'02910,Natural honey,5531,Producer Price (SLC/tonne),7021,Annual value,SLC,5087.100000,5959.200000,5959.200000,5959.200000,5232.400000,5523.100000,5523.100000,5523.100000,5535.500000,5541.300000,5232.400000,5320.000000,5410.000000,5550.000000,5710.000000,5920.000000,5980.000000,6150.000000,6500.000000,6910.000000,7200.000000,7380.000000,7970.000000,8950.000000,11330.000000,12000.000000,8300.000000,7400.000000,8800.000000,9600.000000,10600.000000,11600.000000,12000.000000,11900.000000,
11,'040,Austria,1182,'02910,Natural honey,5532,Producer Price (USD/tonne),7021,Annual value,USD,5995.200000,7461.800000,7049.400000,7179.200000,7141.800000,7178.900000,6227.300000,6139.400000,5897.600000,5105.300000,4682.300000,5006.800000,6105.900000,6891.300000,7100.900000,7426.500000,8184.600000,9008.700000,9029.700000,9151.800000,10009.000000,9482.300000,10582.100000,11874.300000,12565.700000,13273.800000,9376.400000,8739.100000,9851.400000,10965.100000,12537.000000,12215.400000,12975.200000,12873.700000,
11,'040,Austria,1182,'02910,Natural honey,5539,Producer Price Index (2014-2016 = 100),7021,Annual value,,47.280000,55.380000,55.380000,55.380000,48.630000,51.330000,51.330000,51.330000,51.450000,51.500000,48.630000,49.440000,50.280000,51.580000,53.070000,55.020000,55.580000,57.160000,60.410000,64.220000,66.910000,68.590000,74.070000,83.180000,105.300000,111.520000,77.140000,68.770000,81.780000,89.220000,98.510000,107.810000,111.520000,110.590000,109.670000
11,'040,Austria,75,'0117,Oats,5530,Producer Price (LCU/tonne),7021,Annual value,LCU,2975.000000,2914.000000,2889.000000,2734.000000,1382.000000,1715.000000,1436.000000,1210.000000,1281.000000,1313.000000,1379.000000,90.000000,88.000000,77.000000,70.000000,86.000000,144.000000,109.000000,72.000000,131.000000,152.000000,167.000000,141.000000,111.000000,113.000000,104.000000,129.000000,140.000000,132.000000,129.000000,158.000000,234.000000,181.000000,150.000000,
11,'040,Austria,75,'0117,Oats,5531,Producer Price (SLC/tonne),7021,Annual value,SLC,216.200000,211.800000,210.000000,198.700000,100.400000,124.600000,104.400000,87.900000,93.100000,95.400000,100.200000,90.000000,88.000000,77.000000,70.000000,86.000000,144.000000,109.000000,72.000000,131.000000,152.000000,167.000000,141.000000,111.000000,113.000000,104.000000,129.000000,140.000000,132.000000,129.000000,158.000000,234.000000,181.000000,150.000000,
11,'040,Austria,75,'0117,Oats,5532,Producer Price (USD/tonne),7021,Annual value,USD,254.800000,265.200000,248.400000,239.400000,137.100000,162.000000,117.700000,97.700000,99.200000,87.900000,89.700000,84.700000,99.300000,95.600000,87.100000,107.900000,197.100000,159.700000,100.000000,173.500000,211.300000,214.600000,187.200000,147.300000,125.300000,115.000000,145.700000,165.300000,147.800000,147.300000,186.900000,246.400000,195.700000,162.300000,
11,'040,Austria,75,'0117,Oats,5539,Producer Price Index (2014-2016 = 100),7021,Annual value,,197.750000,193.690000,192.030000,181.730000,91.860000,113.990000,95.450000,80.430000,85.150000,87.270000,91.660000,82.320000,80.490000,70.430000,64.020000,78.660000,131.710000,99.700000,65.850000,119.820000,139.020000,152.740000,128.960000,101.520000,103.350000,95.120000,117.990000,128.050000,120.730000,117.990000,144.510000,214.020000,165.550000,137.200000,250.610000
11,'040,Austria,403,'01253.02,"Onions and shallots, dry (excluding dehydrated)",5530,Producer Price (LCU/tonne),7021,Annual value,LCU,2100.000000,1960.000000,2050.000000,3480.000000,2820.000000,880.000000,2080.000000,3110.000000,1400.000000,1440.000000,1970.000000,157.000000,161.000000,133.000000,75.000000,157.000000,232.000000,104.000000,118.000000,312.000000,186.000000,132.000000,236.000000,192.000000,198.000000,227.000000,141.000000,252.000000,,,,,,,
11,'040,Austria,403,'01253.02,"Onions and shallots, dry (excluding dehydrated)",5531,Producer Price (SLC/tonne),7021,Annual value,SLC,152.600000,142.400000,149.000000,252.900000,204.900000,64.000000,151.200000,226.000000,101.700000,104.600000,143.200000,157.000000,161.000000,133.000000,75.000000,157.000000,232.000000,104.000000,118.000000,312.000000,186.000000,132.000000,236.000000,192.000000,198.000000,227.000000,141.000000,252.000000,,,,,,,
11,'040,Austria,403,'01253.02,"Onions and shallots, dry (excluding dehydrated)",5532,Producer Price (USD/tonne),7021,Annual value,USD,179.900000,178.400000,176.200000,304.700000,279.700000,83.100000,170.400000,251.200000,108.400000,96.400000,128.100000,147.800000,181.700000,165.100000,93.300000,197.000000,317.500000,152.300000,163.900000,413.200000,258.600000,169.600000,313.300000,254.700000,219.600000,251.100000,159.300000,297.600000,,,,,,,
11,'040,Austria,403,'01253.02,"Onions and shallots, dry (excluding dehydrated)",5539,Producer Price Index (2014-2016 = 100),7021,Annual value,,74.200000,69.260000,72.440000,122.970000,99.650000,31.100000,73.500000,109.890000,49.470000,50.880000,69.610000,76.340000,78.280000,64.670000,36.470000,76.340000,112.800000,50.570000,57.370000,151.700000,90.440000,64.180000,114.750000,93.350000,96.270000,110.370000,68.560000,122.530000,93.770000,79.290000,89.930000,93.080000,96.490000,95.090000,94.310000
11,'040,Austria,414,'01241.90,"Other beans, green",5530,Producer Price (LCU/tonne),7021,Annual value,LCU,4000.000000,13690.000000,10721.000000,9250.000000,10240.000000,9540.000000,9100.000000,9900.000000,15619.000000,8780.000000,7080.000000,495.000000,704.000000,767.000000,774.000000,771.000000,806.000000,713.000000,880.000000,1175.000000,1190.000000,1125.000000,1140.000000,1190.000000,1200.000000,1080.000000,1110.000000,1144.000000,,,,,,,
11,'040,Austria,414,'01241.90,"Other beans, green",5531,Producer Price (SLC/tonne),7021,Annual value,SLC,290.700000,994.900000,779.100000,672.200000,744.200000,693.300000,661.300000,719.500000,1135.100000,638.100000,514.500000,495.000000,704.000000,767.000000,774.000000,771.000000,806.000000,713.000000,880.000000,1175.000000,1190.000000,1125.000000,1140.000000,1190.000000,1200.000000,1080.000000,1110.000000,1144.000000,,,,,,,
11,'040,Austria,414,'01241.90,"Other beans, green",5532,Producer Price (USD/tonne),7021,Annual value,USD,342.600000,1245.800000,921.700000,809.900000,1015.700000,901.100000,745.600000,799.700000,1209.300000,587.900000,460.400000,465.900000,794.600000,952.400000,962.500000,967.200000,1103.100000,1044.400000,1222.500000,1556.200000,1654.300000,1445.500000,1513.600000,1578.800000,1330.900000,1194.600000,1253.900000,1351.000000,,,,,,,
11,'040,Austria,414,'01241.90,"Other beans, green",5539,Producer Price Index (2014-2016 = 100),7021,Annual value,,25.130000,86.010000,67.360000,58.120000,64.340000,59.940000,57.170000,62.200000,98.130000,55.160000,44.480000,42.800000,60.860000,66.310000,66.920000,66.660000,69.680000,61.640000,76.080000,101.590000,102.880000,97.260000,98.560000,102.880000,103.750000,93.370000,95.970000,98.900000,95.810000,92.810000,97.910000,96.120000,100.330000,101.830000,103.330000
11,'040,Austria,558,'01355.90,Other berries and fruits of the genus vaccinium n.e.c.,5530,Producer Price (LCU/tonne),7021,Annual value,LCU,,,,,,,,,,,,,,,,1541.000000,,,,,,,,,,,,,,,,,,,
11,'040,Austria,558,'01355.90,Other berries and fruits of the genus vaccinium n.e.c.,5531,Producer Price (SLC/tonne),7021,Annual value,SLC,,,,,,,,,,,,,,,,1541.000000,,,,,,,,,,,,,,,,,,,
11,'040,Austria,558,'01355.90,Other berries and fruits of the genus vaccinium n.e.c.,5532,Producer Price (USD/tonne),7021,Annual value,USD,,,,,,,,,,,,,,,,1933.200000,,,,,,,,,,,,,,,,,,,
11,'040,Austria,558,'01355.90,Other berries and fruits of the genus vaccinium n.e.c.,5539,Producer Price Index (2014-2016 = 100),7021,Annual value,,40.180000,33.560000,54.740000,40.960000,25.550000,39.270000,52.990000,60.500000,68.010000,75.530000,56.560000,73.900000,45.470000,49.040000,58.900000,68.760000,76.800000,77.060000,70.820000,106.830000,82.330000,95.540000,90.450000,95.400000,98.130000,106.470000,134.540000,126.550000,101.690000,107.990000,106.650000,114.580000,107.020000,110.770000,110.380000
11,'040,Austria,339,'01449.90,"Other oil seeds, n.e.c.",5530,Producer Price (LCU/tonne),7021,Annual value,LCU,47860.000000,39290.000000,33780.000000,32520.000000,38240.000000,39730.000000,34620.000000,36190.000000,31850.000000,33190.000000,39733.000000,2802.000000,2562.000000,2268.000000,2582.000000,2488.000000,2478.000000,2654.000000,3311.000000,3972.000000,3626.000000,3292.000000,3449.000000,3474.000000,3564.000000,3498.000000,2401.000000,2498.000000,2624.000000,2998.000000,3180.000000,3542.000000,3465.000000,3129.000000,
11,'040,Austria,339,'01449.90,"Other oil seeds, n.e.c.",5531,Producer Price (SLC/tonne),7021,Annual value,SLC,3478.100000,2855.300000,2454.900000,2363.300000,2779.000000,2887.300000,2515.900000,2630.000000,2314.600000,2412.000000,2887.500000,2802.000000,2562.000000,2268.000000,2582.000000,2488.000000,2478.000000,2654.000000,3311.000000,3972.000000,3626.000000,3292.000000,3449.000000,3474.000000,3564.000000,3498.000000,2401.000000,2498.000000,2624.000000,2998.000000,3180.000000,3542.000000,3465.000000,3129.000000,
11,'040,Austria,339,'01449.90,"Other oil seeds, n.e.c.",5532,Producer Price (USD/tonne),7021,Annual value,USD,4099.000000,3575.300000,2904.000000,2847.200000,3793.100000,3752.900000,2836.700000,2923.500000,2466.000000,2222.200000,2583.900000,2637.000000,2891.500000,2816.100000,3211.000000,3121.200000,3391.600000,3887.600000,4599.600000,5260.600000,5040.600000,4229.800000,4579.400000,4609.100000,3952.700000,3869.300000,2712.400000,2950.000000,2937.500000,3424.300000,3761.100000,3729.900000,3746.600000,3385.000000,
11,'040,Austria,339,'01449.90,"Other oil seeds, n.e.c.",5539,Producer Price Index (2014-2016 = 100),7021,Annual value,,99.040000,81.300000,69.900000,67.290000,79.130000,82.210000,71.640000,74.890000,65.910000,68.680000,82.220000,79.780000,72.950000,64.580000,73.520000,70.840000,70.560000,75.570000,94.280000,113.100000,103.250000,93.740000,98.210000,98.920000,101.480000,99.600000,68.370000,71.130000,74.720000,85.360000,90.550000,100.850000,98.660000,89.090000,111.280000
11,'040,Austria,211,'01709.90,Other pulses n.e.c.,5539,Producer Price Index (2014-2016 = 100),7021,Annual value,,,,,,,,,,,,,,70.590000,70.590000,70.590000,70.590000,70.590000,70.590000,70.590000,65.690000,64.960000,73.250000,73.250000,94.600000,93.360000,112.040000,117.570000,111.970000,112.800000,113.510000,113.130000,113.760000,113.980000,120.210000,123.860000
11,'040,Austria,463,'01290.90,"Other vegetables, fresh n.e.c.",5539,Producer Price Index (2014-2016 = 100),7021,Annual value,,55.690000,60.230000,55.970000,62.570000,44.100000,40.300000,45.690000,46.090000,38.680000,39.900000,49.920000,53.430000,63.690000,67.840000,62.640000,79.920000,80.610000,76.040000,76.040000,98.840000,83.870000,85.060000,97.920000,89.810000,100.710000,109.470000,104.740000,112.400000,99.230000,95.750000,109.840000,119.720000,120.030000,120.390000,120.750000
11,'040,Austria,534,'01345,Peaches and nectarines,5530,Producer Price (LCU/tonne),7021,Annual value,LCU,9250.000000,10430.000000,10680.000000,9020.000000,7060.000000,4650.000000,8520.000000,10650.000000,7830.000000,8710.000000,7309.000000,827.000000,979.000000,859.000000,1068.000000,1199.000000,1061.000000,1177.000000,1345.000000,1221.000000,1117.000000,1271.000000,1158.000000,1040.000000,1085.000000,1147.000000,1167.000000,1497.000000,1452.000000,1943.000000,1905.000000,1945.000000,2122.000000,2282.000000,
11,'040,Austria,534,'01345,Peaches and nectarines,5531,Producer Price (SLC/tonne),7021,Annual value,SLC,672.200000,758.000000,776.100000,655.500000,513.100000,337.900000,619.200000,774.000000,569.000000,633.000000,531.200000,827.000000,979.000000,859.000000,1068.000000,1199.000000,1061.000000,1177.000000,1345.000000,1221.000000,1117.000000,1271.000000,1158.000000,1040.000000,1085.000000,1147.000000,1167.000000,1497.000000,1452.000000,1943.000000,1905.000000,1945.000000,2122.000000,2282.000000,
11,'040,Austria,534,'01345,Peaches and nectarines,5532,Producer Price (USD/tonne),7021,Annual value,USD,792.200000,949.100000,918.100000,789.700000,700.300000,439.200000,698.100000,860.300000,606.300000,583.200000,475.300000,778.300000,1104.900000,1066.600000,1328.200000,1504.100000,1452.200000,1724.100000,1868.500000,1617.100000,1552.800000,1633.100000,1537.500000,1379.800000,1203.300000,1268.800000,1318.300000,1767.900000,1625.500000,2219.300000,2253.100000,2048.200000,2294.500000,2468.700000,
11,'040,Austria,534,'01345,Peaches and nectarines,5539,Producer Price Index (2014-2016 = 100),7021,Annual value,,61.630000,69.500000,71.160000,60.100000,47.040000,30.980000,56.770000,70.960000,52.170000,58.040000,48.700000,75.830000,89.760000,78.760000,97.920000,109.930000,97.280000,107.920000,123.320000,111.950000,102.410000,116.530000,106.170000,95.350000,99.480000,105.170000,107.000000,137.260000,133.130000,178.150000,174.660000,178.330000,194.560000,209.230000,223.900000
11,'040,Austria,521,'01342.01,Pears,5530,Producer Price (LCU/tonne),7021,Annual value,LCU,11760.000000,9590.000000,7630.000000,9630.000000,6320.000000,5220.000000,6920.000000,6160.000000,6990.000000,5310.000000,6170.000000,618.000000,656.000000,538.000000,473.000000,524.000000,576.000000,692.000000,633.000000,736.000000,757.000000,742.000000,701.000000,903.000000,731.000000,799.000000,1054.000000,1185.000000,1021.000000,1361.000000,1383.000000,1127.000000,1295.000000,1508.000000,
11,'040,Austria,521,'01342.01,Pears,5531,Producer Price (SLC/tonne),7021,Annual value,SLC,854.600000,696.900000,554.500000,699.800000,459.300000,379.400000,502.900000,447.700000,508.000000,385.900000,448.400000,618.000000,656.000000,538.000000,473.000000,524.000000,576.000000,692.000000,633.000000,736.000000,757.000000,742.000000,701.000000,903.000000,731.000000,799.000000,1054.000000,1185.000000,1021.000000,1361.000000,1383.000000,1127.000000,1295.000000,1508.000000,
11,'040,Austria,521,'01342.01,Pears,5532,Producer Price (USD/tonne),7021,Annual value,USD,1007.200000,872.700000,655.900000,843.100000,626.900000,493.100000,567.000000,497.600000,541.200000,355.500000,401.200000,581.600000,740.400000,668.000000,588.200000,657.300000,788.400000,1013.700000,879.400000,974.800000,1052.300000,953.400000,930.700000,1198.000000,810.700000,883.800000,1190.700000,1399.400000,1143.000000,1554.500000,1635.700000,1186.800000,1400.200000,1631.400000,
11,'040,Austria,521,'01342.01,Pears,5539,Producer Price Index (2014-2016 = 100),7021,Annual value,,105.380000,85.930000,68.370000,86.290000,56.630000,46.780000,62.010000,55.200000,62.640000,47.580000,55.290000,76.200000,80.890000,66.340000,58.320000,64.610000,71.020000,85.330000,78.050000,90.750000,93.340000,91.490000,86.440000,111.340000,90.140000,98.520000,129.960000,146.120000,125.890000,167.820000,170.530000,138.960000,159.680000,185.940000,178.900000
11,'040,Austria,187,'01705,"Peas, dry",5530,Producer Price (LCU/tonne),7021,Annual value,LCU,,,,,,,,,,,,,,,,,,,,,,,204.000000,161.000000,164.000000,149.000000,162.000000,152.000000,152.000000,160.000000,168.000000,260.000000,172.000000,186.000000,
11,'040,Austria,187,'01705,"Peas, dry",5531,Producer Price (SLC/tonne),7021,Annual value,SLC,,,,,,,,,,,,,,,,,,,,,,,204.000000,161.000000,164.000000,149.000000,162.000000,152.000000,152.000000,160.000000,168.000000,260.000000,172.000000,186.000000,
11,'040,Austria,187,'01705,"Peas, dry",5532,Producer Price (USD/tonne),7021,Annual value,USD,,,,,,,,,,,,,,,,,,,,,,,270.900000,213.600000,181.900000,164.800000,183.000000,179.500000,170.200000,182.800000,198.700000,273.800000,186.000000,201.200000,
11,'040,Austria,187,'01705,"Peas, dry",5539,Producer Price Index (2014-2016 = 100),7021,Annual value,,127.520000,127.560000,113.940000,121.570000,130.680000,118.070000,119.620000,124.280000,124.280000,124.280000,124.280000,124.410000,124.410000,124.410000,124.410000,124.410000,124.410000,124.410000,124.410000,115.780000,114.490000,129.110000,129.110000,101.900000,103.800000,94.300000,102.530000,96.200000,96.200000,101.270000,106.330000,164.560000,108.860000,117.720000,126.580000
11,'040,Austria,417,'01242,"Peas, green",5530,Producer Price (LCU/tonne),7021,Annual value,LCU,3940.000000,13641.000000,12000.000000,11200.000000,3200.000000,3100.000000,3100.000000,3150.000000,3030.000000,2050.000000,3040.000000,240.000000,240.000000,324.000000,230.000000,227.000000,270.000000,330.000000,300.000000,250.000000,270.000000,250.000000,287.000000,290.000000,280.000000,302.000000,381.000000,278.000000,,,,,,,
11,'040,Austria,417,'01242,"Peas, green",5531,Producer Price (SLC/tonne),7021,Annual value,SLC,286.300000,991.300000,872.100000,813.900000,232.600000,225.300000,225.300000,228.900000,220.200000,149.000000,220.900000,240.000000,240.000000,324.000000,230.000000,227.000000,270.000000,330.000000,300.000000,250.000000,270.000000,250.000000,287.000000,290.000000,280.000000,302.000000,381.000000,278.000000,,,,,,,
11,'040,Austria,417,'01242,"Peas, green",5532,Producer Price (USD/tonne),7021,Annual value,USD,337.400000,1241.300000,1031.600000,980.600000,317.400000,292.800000,254.000000,254.500000,234.600000,137.300000,197.700000,225.900000,270.900000,402.300000,286.000000,284.800000,369.500000,483.400000,416.800000,331.100000,375.300000,321.200000,381.100000,384.800000,310.500000,334.100000,430.400000,328.300000,,,,,,,
11,'040,Austria,417,'01242,"Peas, green",5539,Producer Price Index (2014-2016 = 100),7021,Annual value,,98.510000,341.050000,300.030000,280.020000,80.010000,77.510000,77.510000,78.760000,75.760000,51.250000,76.010000,82.570000,82.570000,111.470000,79.130000,78.100000,92.890000,113.530000,103.210000,86.010000,92.890000,86.010000,98.740000,99.770000,96.330000,103.900000,131.080000,95.640000,102.230000,89.570000,89.520000,80.650000,89.820000,85.350000,86.220000
11,'040,Austria,536,'01346,Plums and sloes,5530,Producer Price (LCU/tonne),7021,Annual value,LCU,11160.000000,8940.000000,9680.000000,9490.000000,10300.000000,7440.000000,7800.000000,10100.000000,10290.000000,6220.000000,7070.000000,883.000000,725.000000,608.000000,774.000000,461.000000,597.000000,1504.000000,688.000000,941.000000,1025.000000,1138.000000,1685.000000,1425.000000,1415.000000,1479.000000,1619.000000,2148.000000,2047.000000,2333.000000,2378.000000,2592.000000,3020.000000,2728.000000,
11,'040,Austria,536,'01346,Plums and sloes,5531,Producer Price (SLC/tonne),7021,Annual value,SLC,811.000000,649.700000,703.500000,689.700000,748.500000,540.700000,566.800000,734.000000,747.800000,452.000000,513.800000,883.000000,725.000000,608.000000,774.000000,461.000000,597.000000,1504.000000,688.000000,941.000000,1025.000000,1138.000000,1685.000000,1425.000000,1415.000000,1479.000000,1619.000000,2148.000000,2047.000000,2333.000000,2378.000000,2592.000000,3020.000000,2728.000000,
11,'040,Austria,536,'01346,Plums and sloes,5532,Producer Price (USD/tonne),7021,Annual value,USD,955.800000,813.500000,832.200000,830.900000,1021.700000,702.800000,639.100000,815.900000,796.700000,416.500000,459.800000,831.000000,818.300000,754.900000,962.500000,578.300000,817.100000,2203.100000,955.800000,1246.300000,1424.900000,1462.200000,2237.200000,1890.600000,1569.300000,1636.000000,1829.000000,2536.700000,2291.600000,2664.700000,2812.600000,2729.500000,3265.400000,2951.200000,
11,'040,Austria,536,'01346,Plums and sloes,5539,Producer Price Index (2014-2016 = 100),7021,Annual value,,56.330000,45.130000,48.860000,47.900000,51.990000,37.560000,39.370000,50.980000,51.940000,31.400000,35.690000,61.330000,50.360000,42.230000,53.760000,32.020000,41.470000,104.470000,47.790000,65.360000,71.200000,79.050000,117.040000,98.980000,98.290000,102.730000,112.460000,149.200000,142.190000,162.050000,165.180000,180.040000,209.770000,189.490000,196.880000
11,'040,Austria,296,'01448,Poppy seed,5530,Producer Price (LCU/tonne),7021,Annual value,LCU,13000.000000,11630.000000,21000.000000,24750.000000,15030.000000,12000.000000,18830.000000,23630.000000,20460.000000,19830.000000,16630.000000,1176.000000,1270.000000,1400.000000,1225.000000,1005.000000,1356.000000,1849.000000,1527.000000,1805.000000,1773.000000,1772.000000,2307.000000,2450.000000,2065.000000,1878.000000,2049.000000,2300.000000,2728.000000,2298.000000,2030.000000,2128.000000,2013.000000,2100.000000,
11,'040,Austria,296,'01448,Poppy seed,5531,Producer Price (SLC/tonne),7021,Annual value,SLC,944.700000,845.200000,1526.100000,1798.700000,1092.300000,872.100000,1368.400000,1717.300000,1486.900000,1441.100000,1208.500000,1176.000000,1270.000000,1400.000000,1225.000000,1005.000000,1356.000000,1849.000000,1527.000000,1805.000000,1773.000000,1772.000000,2307.000000,2450.000000,2065.000000,1878.000000,2049.000000,2300.000000,2728.000000,2298.000000,2030.000000,2128.000000,2013.000000,2100.000000,
11,'040,Austria,296,'01448,Poppy seed,5532,Producer Price (USD/tonne),7021,Annual value,USD,1113.400000,1058.300000,1805.300000,2166.900000,1490.900000,1133.500000,1542.900000,1908.900000,1584.200000,1327.700000,1081.500000,1106.800000,1433.400000,1738.300000,1523.400000,1260.800000,1855.900000,2708.500000,2121.300000,2390.600000,2464.700000,2276.800000,3063.100000,3250.500000,2290.200000,2077.400000,2314.700000,2716.200000,3053.900000,2624.800000,2401.000000,2240.900000,2176.600000,2271.800000,
11,'040,Austria,296,'01448,Poppy seed,5539,Producer Price Index (2014-2016 = 100),7021,Annual value,,44.330000,39.660000,71.620000,84.400000,51.260000,40.920000,64.220000,80.580000,69.770000,67.630000,56.710000,55.190000,59.600000,65.700000,57.480000,47.160000,63.630000,86.770000,71.660000,84.700000,83.200000,83.150000,108.260000,114.970000,96.900000,88.130000,96.150000,107.930000,128.020000,107.840000,95.260000,99.860000,94.460000,98.550000,100.020000
11,'040,Austria,116,'01510,Potatoes,5530,Producer Price (LCU/tonne),7021,Annual value,LCU,1908.000000,1780.000000,1510.000000,2660.000000,2140.000000,960.000000,1080.000000,1450.000000,1450.000000,1532.000000,1258.000000,86.000000,150.000000,99.000000,70.000000,171.000000,187.000000,106.000000,99.000000,173.000000,137.000000,169.000000,256.000000,122.000000,189.000000,148.000000,223.000000,207.000000,255.000000,136.000000,177.000000,258.000000,429.000000,347.000000,
11,'040,Austria,116,'01510,Potatoes,5531,Producer Price (SLC/tonne),7021,Annual value,SLC,138.700000,129.400000,109.700000,193.300000,155.500000,69.800000,78.500000,105.400000,105.400000,111.300000,91.400000,86.000000,150.000000,99.000000,70.000000,171.000000,187.000000,106.000000,99.000000,173.000000,137.000000,169.000000,256.000000,122.000000,189.000000,148.000000,223.000000,207.000000,255.000000,136.000000,177.000000,258.000000,429.000000,347.000000,
11,'040,Austria,116,'01510,Potatoes,5532,Producer Price (USD/tonne),7021,Annual value,USD,163.400000,162.000000,129.800000,232.900000,212.300000,90.700000,88.500000,117.100000,112.300000,102.600000,81.800000,80.900000,169.300000,122.900000,87.100000,214.500000,255.900000,155.300000,137.500000,229.100000,190.400000,217.100000,339.900000,161.900000,209.600000,163.700000,251.900000,244.500000,285.500000,155.300000,209.300000,271.700000,463.900000,375.400000,
11,'040,Austria,116,'01510,Potatoes,5539,Producer Price Index (2014-2016 = 100),7021,Annual value,,90.630000,84.550000,71.720000,126.350000,101.650000,45.600000,51.300000,68.870000,68.870000,72.770000,59.750000,56.210000,98.040000,64.710000,45.750000,111.760000,122.220000,69.280000,64.710000,113.070000,89.540000,110.460000,167.320000,79.740000,123.530000,96.730000,145.750000,135.290000,166.670000,88.890000,115.690000,168.630000,280.390000,226.800000,266.690000
11,'040,Austria,394,'01235,"Pumpkins, squash and gourds",5530,Producer Price (LCU/tonne),7021,Annual value,LCU,,,,,,,,,,,,469.000000,437.000000,411.000000,,,,,,,,,600.000000,570.000000,575.000000,840.000000,,,,,,,,,
11,'040,Austria,394,'01235,"Pumpkins, squash and gourds",5531,Producer Price (SLC/tonne),7021,Annual value,SLC,,,,,,,,,,,,469.000000,437.000000,411.000000,,,,,,,,,600.000000,570.000000,575.000000,840.000000,,,,,,,,,
11,'040,Austria,394,'01235,"Pumpkins, squash and gourds",5532,Producer Price (USD/tonne),7021,Annual value,USD,,,,,,,,,,,,441.400000,493.200000,510.300000,,,,,,,,,796.600000,756.200000,637.700000,929.200000,,,,,,,,,
11,'040,Austria,394,'01235,"Pumpkins, squash and gourds",5539,Producer Price Index (2014-2016 = 100),7021,Annual value,,,,,,,,,,,,,70.880000,66.050000,62.120000,57.350000,73.180000,73.810000,69.620000,69.620000,90.500000,76.790000,77.880000,90.680000,86.150000,86.900000,126.950000,124.890000,129.870000,130.440000,130.930000,129.000000,129.410000,127.920000,138.840000,142.010000
11,'040,Austria,270,'01443,Rape or colza seed,5530,Producer Price (LCU/tonne),7021,Annual value,LCU,4300.000000,4200.000000,4200.000000,4100.000000,2012.000000,2441.000000,2677.000000,2735.000000,1754.000000,2005.000000,2639.000000,191.000000,205.000000,191.000000,177.000000,222.000000,332.000000,329.000000,238.000000,349.000000,415.000000,461.000000,342.000000,290.000000,335.000000,341.000000,333.000000,322.000000,344.000000,354.000000,495.000000,582.000000,404.000000,435.000000,
11,'040,Austria,270,'01443,Rape or colza seed,5531,Producer Price (SLC/tonne),7021,Annual value,SLC,312.500000,305.200000,305.200000,298.000000,146.200000,177.400000,194.500000,198.800000,127.500000,145.700000,191.800000,191.000000,205.000000,191.000000,177.000000,222.000000,332.000000,329.000000,238.000000,349.000000,415.000000,461.000000,342.000000,290.000000,335.000000,341.000000,333.000000,322.000000,344.000000,354.000000,495.000000,582.000000,404.000000,435.000000,
11,'040,Austria,270,'01443,Rape or colza seed,5532,Producer Price (USD/tonne),7021,Annual value,USD,368.300000,382.200000,361.100000,359.000000,199.600000,230.600000,219.300000,220.900000,135.800000,134.200000,171.600000,179.800000,231.400000,237.200000,220.100000,278.500000,454.400000,481.900000,330.600000,462.200000,576.900000,592.300000,454.100000,384.800000,371.500000,377.200000,376.200000,380.300000,385.100000,404.300000,585.500000,612.900000,436.800000,470.600000,
11,'040,Austria,270,'01443,Rape or colza seed,5539,Producer Price Index (2014-2016 = 100),7021,Annual value,,97.050000,94.790000,94.790000,92.530000,45.410000,55.090000,60.420000,61.730000,39.590000,45.250000,59.560000,59.320000,63.660000,59.320000,54.970000,68.940000,103.110000,102.170000,73.910000,108.390000,128.880000,143.170000,106.210000,90.060000,104.040000,105.900000,103.420000,100.000000,106.830000,109.940000,153.730000,180.750000,125.470000,135.090000,136.440000
11,'040,Austria,547,'01353.01,Raspberries,5530,Producer Price (LCU/tonne),7021,Annual value,LCU,,,,,,,,,,,,,,,,,,,4890.000000,5176.000000,5317.000000,5415.000000,5705.000000,5278.000000,5623.000000,,,,,,,,,,
11,'040,Austria,547,'01353.01,Raspberries,5531,Producer Price (SLC/tonne),7021,Annual value,SLC,,,,,,,,,,,,,,,,,,,4890.000000,5176.000000,5317.000000,5415.000000,5705.000000,5278.000000,5623.000000,,,,,,,,,,
11,'040,Austria,547,'01353.01,Raspberries,5532,Producer Price (USD/tonne),7021,Annual value,USD,,,,,,,,,,,,,,,,,,,6793.100000,6855.200000,7391.300000,6957.500000,7574.800000,7002.500000,6236.300000,,,,,,,,,,
11,'040,Austria,547,'01353.01,Raspberries,5539,Producer Price Index (2014-2016 = 100),7021,Annual value,,,,,,,,,,,,,,79.550000,84.730000,78.230000,93.570000,70.720000,74.790000,84.260000,89.190000,91.620000,93.310000,98.300000,90.950000,96.890000,112.160000,114.750000,115.950000,121.770000,109.960000,106.690000,112.090000,108.090000,110.630000,111.320000
11,'040,Austria,882,'02211,Raw milk of cattle,5530,Producer Price (LCU/tonne),7021,Annual value,LCU,5310.000000,5490.000000,5450.000000,5470.000000,3760.000000,3850.000000,3860.000000,3979.000000,3990.000000,3990.000000,4585.000000,315.000000,297.000000,295.000000,294.000000,299.000000,338.000000,389.000000,290.000000,317.000000,353.000000,339.000000,376.000000,395.000000,337.000000,313.000000,373.000000,404.000000,370.000000,377.000000,397.000000,502.000000,518.000000,503.000000,
11,'040,Austria,882,'02211,Raw milk of cattle,5531,Producer Price (SLC/tonne),7021,Annual value,SLC,385.900000,399.000000,396.100000,397.500000,273.200000,279.800000,280.500000,289.200000,290.000000,290.000000,333.200000,315.000000,297.000000,295.000000,294.000000,299.000000,338.000000,389.000000,290.000000,317.000000,353.000000,339.000000,376.000000,395.000000,337.000000,313.000000,373.000000,404.000000,370.000000,377.000000,397.000000,502.000000,518.000000,503.000000,
11,'040,Austria,882,'02211,Raw milk of cattle,5532,Producer Price (USD/tonne),7021,Annual value,USD,454.800000,499.600000,468.500000,478.900000,373.000000,363.700000,316.300000,321.400000,308.900000,267.100000,298.200000,296.500000,335.200000,366.300000,365.600000,375.100000,462.600000,569.800000,402.900000,419.800000,490.700000,435.600000,499.200000,524.100000,373.800000,346.200000,421.400000,477.100000,414.200000,430.600000,469.500000,528.600000,560.100000,544.200000,
11,'040,Austria,882,'02211,Raw milk of cattle,5539,Producer Price Index (2014-2016 = 100),7021,Annual value,,110.780000,114.540000,113.700000,114.120000,78.440000,80.320000,80.530000,83.010000,83.240000,83.240000,95.660000,90.430000,85.260000,84.690000,84.400000,85.840000,97.030000,111.670000,83.250000,91.000000,101.340000,97.320000,107.940000,113.400000,96.750000,89.860000,107.080000,115.980000,106.220000,108.230000,113.970000,144.110000,148.710000,144.400000,151.500000
11,'040,Austria,1020,'02292,Raw milk of goats,5530,Producer Price (LCU/tonne),7021,Annual value,LCU,,,,,,,,,,,,,,690.000000,570.000000,610.000000,890.000000,780.000000,630.000000,690.000000,710.000000,730.000000,740.000000,710.000000,760.000000,810.000000,820.000000,780.000000,870.000000,880.000000,910.000000,910.000000,950.000000,950.000000,
11,'040,Austria,1020,'02292,Raw milk of goats,5531,Producer Price (SLC/tonne),7021,Annual value,SLC,,,,,,,,,,,,,,690.000000,570.000000,610.000000,890.000000,780.000000,630.000000,690.000000,710.000000,730.000000,740.000000,710.000000,760.000000,810.000000,820.000000,780.000000,870.000000,880.000000,910.000000,910.000000,950.000000,950.000000,
11,'040,Austria,1020,'02292,Raw milk of goats,5532,Producer Price (USD/tonne),7021,Annual value,USD,,,,,,,,,,,,,,856.800000,708.800000,765.200000,1218.100000,1142.600000,875.200000,913.900000,987.000000,937.900000,982.500000,942.000000,842.900000,896.000000,926.300000,921.100000,973.900000,1005.100000,1076.300000,958.300000,1027.200000,1027.700000,
11,'040,Austria,1020,'02292,Raw milk of goats,5539,Producer Price Index (2014-2016 = 100),7021,Annual value,,118.760000,122.790000,121.890000,122.340000,84.100000,86.110000,86.330000,88.990000,89.240000,89.240000,102.550000,96.950000,91.410000,90.790000,75.000000,80.260000,117.110000,102.630000,82.890000,90.790000,93.420000,96.050000,97.370000,93.420000,100.000000,106.580000,107.890000,102.630000,114.470000,115.790000,119.740000,119.740000,125.000000,125.000000,127.830000
11,'040,Austria,982,'02291,Raw milk of sheep,5530,Producer Price (LCU/tonne),7021,Annual value,LCU,,,,,,,,,,,,,,990.000000,1000.000000,950.000000,1120.000000,1120.000000,1120.000000,1150.000000,1200.000000,1190.000000,1210.000000,1210.000000,1200.000000,1250.000000,1190.000000,1180.000000,1230.000000,1280.000000,1260.000000,1340.000000,1410.000000,1410.000000,
11,'040,Austria,982,'02291,Raw milk of sheep,5531,Producer Price (SLC/tonne),7021,Annual value,SLC,,,,,,,,,,,,,,990.000000,1000.000000,950.000000,1120.000000,1120.000000,1120.000000,1150.000000,1200.000000,1190.000000,1210.000000,1210.000000,1200.000000,1250.000000,1190.000000,1180.000000,1230.000000,1280.000000,1260.000000,1340.000000,1410.000000,1410.000000,
11,'040,Austria,982,'02291,Raw milk of sheep,5532,Producer Price (USD/tonne),7021,Annual value,USD,,,,,,,,,,,,,,1229.300000,1243.600000,1191.800000,1532.900000,1640.600000,1555.900000,1523.100000,1668.200000,1529.000000,1606.600000,1605.300000,1330.900000,1382.700000,1344.300000,1393.500000,1377.000000,1462.000000,1490.300000,1411.100000,1524.600000,1525.400000,
11,'040,Austria,982,'02291,Raw milk of sheep,5539,Producer Price Index (2014-2016 = 100),7021,Annual value,,106.150000,109.750000,108.950000,109.350000,75.160000,76.960000,77.160000,79.540000,79.760000,79.760000,91.660000,86.650000,81.700000,81.150000,81.970000,77.870000,91.800000,91.800000,91.800000,94.260000,98.360000,97.540000,99.180000,99.180000,98.360000,102.460000,97.540000,96.720000,100.820000,104.920000,103.280000,109.840000,115.570000,115.570000,117.610000
11,'040,Austria,71,'0116,Rye,5530,Producer Price (LCU/tonne),7021,Annual value,LCU,3443.000000,3303.000000,3284.000000,3084.000000,1317.000000,1758.000000,1446.000000,1460.000000,1468.000000,1494.000000,1390.000000,92.000000,108.000000,79.000000,79.000000,117.000000,177.000000,133.000000,81.000000,186.000000,199.000000,191.000000,122.000000,119.000000,121.000000,125.000000,157.000000,150.000000,127.000000,118.000000,221.000000,275.000000,149.000000,150.000000,
11,'040,Austria,71,'0116,Rye,5531,Producer Price (SLC/tonne),7021,Annual value,SLC,250.200000,240.000000,238.700000,224.100000,95.700000,127.800000,105.100000,106.100000,106.700000,108.600000,101.000000,92.000000,108.000000,79.000000,79.000000,117.000000,177.000000,133.000000,81.000000,186.000000,199.000000,191.000000,122.000000,119.000000,121.000000,125.000000,157.000000,150.000000,127.000000,118.000000,221.000000,275.000000,149.000000,150.000000,
11,'040,Austria,71,'0116,Rye,5532,Producer Price (USD/tonne),7021,Annual value,USD,294.900000,300.600000,282.300000,270.000000,130.600000,166.100000,118.500000,117.900000,113.700000,100.000000,90.400000,86.600000,121.900000,98.100000,98.200000,146.800000,242.300000,194.800000,112.500000,246.300000,276.600000,245.400000,162.000000,157.900000,134.200000,138.300000,177.400000,177.100000,142.200000,134.800000,261.400000,289.600000,161.100000,162.300000,
11,'040,Austria,71,'0116,Rye,5539,Producer Price Index (2014-2016 = 100),7021,Annual value,,205.650000,197.290000,196.160000,184.210000,78.670000,105.010000,86.370000,87.210000,87.690000,89.240000,83.030000,75.620000,88.770000,64.930000,64.930000,96.160000,145.480000,109.320000,66.580000,152.880000,163.560000,156.990000,100.270000,97.810000,99.450000,102.740000,129.040000,123.290000,104.380000,96.990000,181.640000,226.030000,122.470000,123.290000,109.030000
11,'040,Austria,987,'02941,"Shorn wool, greasy, including fleece-washed shorn wool",5530,Producer Price (LCU/tonne),7021,Annual value,LCU,14370.000000,15010.000000,14470.000000,15670.000000,14700.000000,14700.000000,14000.000000,10000.000000,10000.000000,8962.000000,7924.000000,500.000000,425.000000,494.000000,480.000000,520.000000,540.000000,580.000000,460.000000,500.000000,590.000000,580.000000,600.000000,620.000000,620.000000,630.000000,630.000000,640.000000,570.000000,550.000000,520.000000,580.000000,550.000000,550.000000,
11,'040,Austria,987,'02941,"Shorn wool, greasy, including fleece-washed shorn wool",5531,Producer Price (SLC/tonne),7021,Annual value,SLC,1044.300000,1090.800000,1051.600000,1138.800000,1068.300000,1068.300000,1017.400000,726.700000,726.700000,651.300000,575.900000,500.000000,425.000000,494.000000,480.000000,520.000000,540.000000,580.000000,460.000000,500.000000,590.000000,580.000000,600.000000,620.000000,620.000000,630.000000,630.000000,640.000000,570.000000,550.000000,520.000000,580.000000,550.000000,550.000000,
11,'040,Austria,987,'02941,"Shorn wool, greasy, including fleece-washed shorn wool",5532,Producer Price (USD/tonne),7021,Annual value,USD,1230.700000,1365.900000,1244.000000,1371.900000,1458.100000,1388.600000,1147.100000,807.800000,774.300000,600.000000,515.300000,470.600000,479.700000,613.400000,596.900000,652.300000,739.100000,849.600000,639.000000,662.200000,820.200000,745.200000,796.600000,822.600000,687.600000,696.900000,711.700000,755.800000,638.100000,628.200000,615.000000,610.800000,594.700000,595.000000,
11,'040,Austria,987,'02941,"Shorn wool, greasy, including fleece-washed shorn wool",5539,Producer Price Index (2014-2016 = 100),7021,Annual value,,167.540000,175.000000,168.700000,182.690000,171.380000,171.380000,163.220000,116.590000,116.590000,104.490000,92.380000,80.210000,68.180000,79.250000,77.010000,83.420000,86.630000,93.050000,73.800000,80.210000,94.650000,93.050000,96.260000,99.470000,99.470000,101.070000,101.070000,102.670000,91.440000,88.240000,83.420000,93.050000,88.240000,88.240000,88.240000
11,'040,Austria,530,'01344.01,Sour cherries,5530,Producer Price (LCU/tonne),7021,Annual value,LCU,22090.000000,20730.000000,18580.000000,20880.000000,18800.000000,21020.000000,24820.000000,26800.000000,29951.000000,28260.000000,28730.000000,2034.000000,,2548.000000,,2314.000000,3378.000000,,2630.000000,2007.000000,3494.000000,3582.000000,3554.000000,3334.000000,3041.000000,3565.000000,3768.000000,3738.000000,3953.000000,5959.000000,4887.000000,5157.000000,6656.000000,6056.000000,
11,'040,Austria,530,'01344.01,Sour cherries,5531,Producer Price (SLC/tonne),7021,Annual value,SLC,1605.300000,1506.500000,1350.300000,1517.400000,1366.200000,1527.600000,1803.700000,1947.600000,2176.600000,2053.700000,2087.900000,2034.000000,,2548.000000,,2314.000000,3378.000000,,2630.000000,2007.000000,3494.000000,3582.000000,3554.000000,3334.000000,3041.000000,3565.000000,3768.000000,3738.000000,3953.000000,5959.000000,4887.000000,5157.000000,6656.000000,6056.000000,
11,'040,Austria,530,'01344.01,Sour cherries,5532,Producer Price (USD/tonne),7021,Annual value,USD,1891.900000,1886.400000,1597.300000,1828.100000,1864.800000,1985.500000,2033.700000,2164.900000,2319.000000,1892.100000,1868.400000,1914.300000,,3163.800000,,2902.900000,4623.400000,,3653.600000,2658.100000,4857.100000,4602.400000,4718.800000,4423.300000,3372.700000,3943.400000,4256.600000,4414.400000,4425.300000,6806.300000,5780.100000,5430.600000,7196.900000,6551.500000,
11,'040,Austria,530,'01344.01,Sour cherries,5539,Producer Price Index (2014-2016 = 100),7021,Annual value,,48.450000,45.470000,40.750000,45.800000,41.230000,46.100000,54.440000,58.780000,65.690000,61.980000,63.010000,61.390000,68.490000,76.900000,75.080000,69.840000,101.950000,92.110000,79.380000,60.570000,105.450000,108.110000,107.260000,100.620000,91.780000,107.600000,113.720000,112.820000,119.310000,179.850000,147.490000,155.640000,200.890000,182.780000,181.280000
11,'040,Austria,236,'0141,Soya beans,5530,Producer Price (LCU/tonne),7021,Annual value,LCU,,5300.000000,5300.000000,5100.000000,2233.000000,2566.000000,2846.000000,2484.000000,2455.000000,2493.000000,2963.000000,218.000000,203.000000,197.000000,197.000000,184.000000,227.000000,328.000000,272.000000,323.000000,346.000000,467.000000,394.000000,347.000000,319.000000,333.000000,345.000000,343.000000,314.000000,351.000000,558.000000,590.000000,407.000000,417.000000,
11,'040,Austria,236,'0141,Soya beans,5531,Producer Price (SLC/tonne),7021,Annual value,SLC,,385.200000,385.200000,370.600000,162.300000,186.500000,206.800000,180.500000,178.400000,181.200000,215.300000,218.000000,203.000000,197.000000,197.000000,184.000000,227.000000,328.000000,272.000000,323.000000,346.000000,467.000000,394.000000,347.000000,319.000000,333.000000,345.000000,343.000000,314.000000,351.000000,558.000000,590.000000,407.000000,417.000000,
11,'040,Austria,236,'0141,Soya beans,5532,Producer Price (USD/tonne),7021,Annual value,USD,,482.300000,455.600000,446.500000,221.500000,242.400000,233.200000,200.700000,190.100000,166.900000,192.700000,205.200000,229.100000,244.600000,245.000000,230.800000,310.700000,480.500000,377.900000,427.800000,481.000000,600.000000,523.100000,460.400000,353.800000,368.300000,389.700000,405.100000,351.500000,400.900000,660.000000,621.300000,440.100000,451.100000,
11,'040,Austria,236,'0141,Soya beans,5539,Producer Price Index (2014-2016 = 100),7021,Annual value,,86.900000,115.670000,115.670000,111.300000,48.730000,56.000000,62.110000,54.210000,53.580000,54.410000,64.660000,65.470000,60.960000,59.160000,59.160000,55.260000,68.170000,98.500000,81.680000,97.000000,103.900000,140.240000,118.320000,104.200000,95.800000,100.000000,103.600000,103.000000,94.290000,105.410000,167.570000,177.180000,122.220000,125.230000,121.370000
11,'040,Austria,373,'01215,Spinach,5530,Producer Price (LCU/tonne),7021,Annual value,LCU,,13791.000000,14250.000000,11900.000000,10130.000000,9730.000000,8710.000000,10400.000000,9660.000000,8820.000000,7609.000000,760.000000,790.000000,843.000000,830.000000,820.000000,768.000000,764.000000,682.000000,872.000000,731.000000,800.000000,1055.000000,2008.000000,1826.000000,644.000000,657.000000,697.000000,,,,,,,
11,'040,Austria,373,'01215,Spinach,5531,Producer Price (SLC/tonne),7021,Annual value,SLC,,1002.200000,1035.600000,864.800000,736.200000,707.100000,633.000000,755.800000,702.000000,641.000000,553.000000,760.000000,790.000000,843.000000,830.000000,820.000000,768.000000,764.000000,682.000000,872.000000,731.000000,800.000000,1055.000000,2008.000000,1826.000000,644.000000,657.000000,697.000000,,,,,,,
11,'040,Austria,373,'01215,Spinach,5532,Producer Price (USD/tonne),7021,Annual value,USD,,1254.900000,1225.000000,1041.900000,1004.800000,919.100000,713.700000,840.100000,747.900000,590.500000,494.800000,715.300000,891.600000,1046.700000,1032.200000,1028.700000,1051.100000,1119.100000,947.400000,1154.900000,1016.200000,1027.900000,1400.800000,2664.100000,2025.200000,712.400000,742.200000,823.100000,,,,,,,
11,'040,Austria,373,'01215,Spinach,5539,Producer Price Index (2014-2016 = 100),7021,Annual value,,64.150000,67.140000,69.380000,57.940000,49.320000,47.370000,42.410000,50.630000,47.030000,42.940000,37.050000,50.920000,52.930000,56.480000,55.610000,54.940000,51.450000,51.180000,45.690000,58.420000,48.970000,53.600000,70.680000,134.520000,122.330000,43.140000,44.020000,46.690000,55.320000,61.130000,67.010000,70.130000,72.420000,60.230000,48.940000
11,'040,Austria,544,'01354,Strawberries,5530,Producer Price (LCU/tonne),7021,Annual value,LCU,21950.000000,24290.000000,24850.000000,19780.000000,21250.000000,21400.000000,20780.000000,27320.000000,21180.000000,25290.000000,24280.000000,2076.000000,2509.000000,2800.000000,2106.000000,2518.000000,1904.000000,2014.000000,2635.000000,2306.000000,2770.000000,3175.000000,2792.000000,2576.000000,2784.000000,3425.000000,2680.000000,2895.000000,2749.000000,3852.000000,4509.000000,6010.000000,8517.000000,7072.000000,
11,'040,Austria,544,'01354,Strawberries,5531,Producer Price (SLC/tonne),7021,Annual value,SLC,1595.200000,1765.200000,1805.900000,1437.500000,1544.300000,1555.200000,1510.100000,1985.400000,1539.200000,1837.900000,1764.500000,2076.000000,2509.000000,2800.000000,2106.000000,2518.000000,1904.000000,2014.000000,2635.000000,2306.000000,2770.000000,3175.000000,2792.000000,2576.000000,2784.000000,3425.000000,2680.000000,2895.000000,2749.000000,3852.000000,4509.000000,6010.000000,8517.000000,7072.000000,
11,'040,Austria,544,'01354,Strawberries,5532,Producer Price (USD/tonne),7021,Annual value,USD,1879.900000,2210.300000,2136.300000,1731.800000,2107.800000,2021.400000,1702.700000,2207.000000,1639.900000,1693.300000,1579.000000,1953.800000,2831.700000,3476.700000,2619.000000,3158.800000,2605.900000,2950.200000,3660.500000,3054.100000,3850.700000,4079.400000,3707.100000,3417.700000,3087.600000,3788.600000,3027.500000,3418.900000,3077.400000,4399.700000,5333.000000,6328.800000,9209.200000,7650.600000,
11,'040,Austria,544,'01354,Strawberries,5539,Producer Price Index (2014-2016 = 100),7021,Annual value,,54.470000,60.280000,61.670000,49.090000,52.740000,53.110000,51.570000,67.800000,52.560000,62.760000,60.260000,70.890000,85.680000,95.620000,71.920000,85.990000,65.020000,68.780000,89.980000,78.750000,94.590000,108.420000,95.340000,87.970000,95.070000,116.960000,91.520000,98.860000,93.880000,131.540000,153.980000,205.240000,290.850000,241.500000,278.120000
11,'040,Austria,157,'01801,Sugar beet,5530,Producer Price (LCU/tonne),7021,Annual value,LCU,727.000000,703.000000,703.000000,703.000000,642.000000,650.000000,652.000000,648.000000,643.000000,643.000000,643.000000,47.000000,47.000000,47.000000,47.000000,33.000000,30.000000,28.000000,26.000000,26.000000,26.000000,26.000000,26.000000,26.000000,26.000000,26.000000,,,30.000000,27.000000,32.000000,63.000000,67.000000,33.000000,
11,'040,Austria,157,'01801,Sugar beet,5531,Producer Price (SLC/tonne),7021,Annual value,SLC,52.800000,51.100000,51.100000,51.100000,46.700000,47.200000,47.400000,47.100000,46.700000,46.700000,46.700000,47.000000,47.000000,47.000000,47.000000,33.000000,30.000000,28.000000,26.000000,26.000000,26.000000,26.000000,26.000000,26.000000,26.000000,26.000000,,,30.000000,27.000000,32.000000,63.000000,67.000000,33.000000,
11,'040,Austria,157,'01801,Sugar beet,5532,Producer Price (USD/tonne),7021,Annual value,USD,62.300000,64.000000,60.400000,61.500000,63.700000,61.400000,53.400000,52.300000,49.800000,43.100000,41.800000,44.200000,53.000000,58.400000,58.400000,41.400000,41.100000,41.000000,36.100000,34.400000,36.100000,33.400000,34.500000,34.500000,28.800000,28.800000,,,33.600000,30.800000,37.800000,66.300000,72.400000,35.700000,
11,'040,Austria,157,'01801,Sugar beet,5539,Producer Price Index (2014-2016 = 100),7021,Annual value,,203.200000,196.500000,196.500000,196.500000,179.450000,181.680000,182.240000,181.120000,179.730000,179.730000,179.730000,180.770000,180.770000,180.770000,180.770000,126.920000,115.380000,107.690000,100.000000,100.000000,100.000000,100.000000,100.000000,100.000000,100.000000,100.000000,93.770000,95.030000,115.380000,103.850000,123.080000,242.310000,257.690000,126.920000,200.000000
11,'040,Austria,267,'01445,Sunflower seed,5530,Producer Price (LCU/tonne),7021,Annual value,LCU,4500.000000,4500.000000,4300.000000,4300.000000,1800.000000,2120.000000,2766.000000,2770.000000,2042.000000,2050.000000,3163.000000,218.000000,189.000000,170.000000,174.000000,173.000000,326.000000,214.000000,156.000000,396.000000,337.000000,392.000000,295.000000,245.000000,337.000000,301.000000,283.000000,249.000000,293.000000,316.000000,477.000000,561.000000,275.000000,420.000000,
11,'040,Austria,267,'01445,Sunflower seed,5531,Producer Price (SLC/tonne),7021,Annual value,SLC,327.000000,327.000000,312.500000,312.500000,130.800000,154.100000,201.000000,201.300000,148.400000,149.000000,229.900000,218.000000,189.000000,170.000000,174.000000,173.000000,326.000000,214.000000,156.000000,396.000000,337.000000,392.000000,295.000000,245.000000,337.000000,301.000000,283.000000,249.000000,293.000000,316.000000,477.000000,561.000000,275.000000,420.000000,
11,'040,Austria,267,'01445,Sunflower seed,5532,Producer Price (USD/tonne),7021,Annual value,USD,385.400000,409.500000,369.700000,376.500000,178.500000,200.300000,226.600000,223.800000,158.100000,137.300000,205.700000,205.200000,213.300000,211.100000,216.400000,217.000000,446.200000,313.500000,216.700000,524.500000,468.500000,503.700000,391.700000,325.000000,373.800000,333.000000,319.700000,294.100000,328.000000,360.900000,564.200000,590.800000,297.300000,454.400000,
11,'040,Austria,267,'01445,Sunflower seed,5539,Producer Price Index (2014-2016 = 100),7021,Annual value,,111.110000,111.110000,106.170000,106.170000,44.440000,52.340000,68.290000,68.390000,50.420000,50.620000,78.100000,74.070000,64.210000,57.760000,59.120000,58.780000,110.760000,72.710000,53.000000,134.540000,114.500000,133.180000,100.230000,83.240000,114.500000,102.270000,96.150000,84.600000,99.550000,107.360000,162.060000,190.600000,93.430000,142.700000,172.880000
11,'040,Austria,388,'01234,Tomatoes,5530,Producer Price (LCU/tonne),7021,Annual value,LCU,3200.000000,3270.000000,8256.000000,8889.000000,5105.100000,6261.000000,6390.000000,6280.000000,6890.000000,8110.000000,7560.000000,676.000000,719.000000,595.000000,641.000000,761.000000,664.000000,753.000000,693.000000,823.000000,646.000000,763.000000,864.000000,749.000000,882.000000,846.000000,855.000000,843.000000,,,,,,,
11,'040,Austria,388,'01234,Tomatoes,5531,Producer Price (SLC/tonne),7021,Annual value,SLC,232.600000,237.600000,600.000000,646.000000,371.000000,455.000000,464.400000,456.400000,500.700000,589.400000,549.400000,676.000000,719.000000,595.000000,641.000000,761.000000,664.000000,753.000000,693.000000,823.000000,646.000000,763.000000,864.000000,749.000000,882.000000,846.000000,855.000000,843.000000,,,,,,,
11,'040,Austria,388,'01234,Tomatoes,5532,Producer Price (USD/tonne),7021,Annual value,USD,274.100000,297.600000,709.800000,778.200000,506.400000,591.400000,523.600000,507.300000,533.500000,543.000000,491.600000,636.200000,811.500000,738.800000,797.100000,954.700000,908.800000,1103.000000,962.700000,1090.000000,898.000000,980.300000,1147.200000,993.700000,978.200000,935.800000,965.900000,995.500000,,,,,,,
11,'040,Austria,388,'01234,Tomatoes,5539,Producer Price Index (2014-2016 = 100),7021,Annual value,,28.170000,28.780000,72.670000,78.240000,44.930000,55.110000,56.240000,55.270000,60.640000,71.380000,66.540000,81.870000,87.080000,72.060000,77.630000,92.170000,80.420000,91.200000,83.930000,99.680000,78.240000,92.410000,104.640000,90.710000,106.820000,102.460000,103.550000,102.100000,99.150000,108.710000,105.400000,110.870000,98.910000,99.540000,95.720000
11,'040,Austria,97,'01191,Triticale,5530,Producer Price (LCU/tonne),7021,Annual value,LCU,,,,,,,1415.000000,1154.000000,1269.000000,1358.000000,1296.000000,87.000000,88.000000,75.000000,67.000000,86.000000,147.000000,112.000000,71.000000,131.000000,143.000000,188.000000,132.000000,119.000000,119.000000,103.000000,124.000000,136.000000,130.000000,129.000000,219.000000,240.000000,144.000000,137.000000,
11,'040,Austria,97,'01191,Triticale,5531,Producer Price (SLC/tonne),7021,Annual value,SLC,,,,,,,102.800000,83.900000,92.200000,98.700000,94.200000,87.000000,88.000000,75.000000,67.000000,86.000000,147.000000,112.000000,71.000000,131.000000,143.000000,188.000000,132.000000,119.000000,119.000000,103.000000,124.000000,136.000000,130.000000,129.000000,219.000000,240.000000,144.000000,137.000000,
11,'040,Austria,97,'01191,Triticale,5532,Producer Price (USD/tonne),7021,Annual value,USD,,,,,,,115.900000,93.200000,98.300000,90.900000,84.300000,81.900000,99.300000,93.100000,83.300000,107.900000,201.200000,164.100000,98.600000,173.500000,198.800000,241.600000,175.300000,157.900000,132.000000,113.900000,140.100000,160.600000,145.500000,147.300000,259.000000,252.700000,155.700000,148.200000,
11,'040,Austria,97,'01191,Triticale,5539,Producer Price Index (2014-2016 = 100),7021,Annual value,,,,,,92.640000,104.660000,90.470000,73.780000,81.130000,86.820000,82.860000,76.540000,77.420000,65.980000,58.940000,75.660000,129.330000,98.530000,62.460000,115.250000,125.810000,165.400000,116.130000,104.690000,104.690000,90.620000,109.090000,119.650000,114.370000,113.490000,192.670000,211.140000,126.690000,120.530000,103.210000
11,'040,Austria,826,'01970,Unmanufactured tobacco,5530,Producer Price (LCU/tonne),7021,Annual value,LCU,54840.000000,56360.000000,56870.000000,58310.000000,11934.800000,11804.000000,12504.000000,12923.000000,14350.000000,14781.000000,15186.000000,1103.500000,1096.100000,1135.100000,1110.000000,,,,,,,,,,,,,,,,,,,,
11,'040,Austria,826,'01970,Unmanufactured tobacco,5531,Producer Price (SLC/tonne),7021,Annual value,SLC,3985.400000,4095.800000,4132.900000,4237.600000,867.300000,857.800000,908.700000,939.200000,1042.900000,1074.200000,1103.600000,1103.500000,1096.100000,1135.100000,1110.000000,,,,,,,,,,,,,,,,,,,,
11,'040,Austria,826,'01970,Unmanufactured tobacco,5532,Producer Price (USD/tonne),7021,Annual value,USD,4696.800000,5128.600000,4889.000000,5105.100000,1183.800000,1115.000000,1024.600000,1043.900000,1111.100000,989.700000,987.600000,1038.500000,1237.100000,1409.400000,1380.400000,,,,,,,,,,,,,,,,,,,,
11,'040,Austria,826,'01970,Unmanufactured tobacco,5539,Producer Price Index (2014-2016 = 100),7021,Annual value,,351.690000,361.440000,364.710000,373.940000,76.540000,75.700000,80.190000,82.880000,92.030000,94.790000,97.390000,97.380000,96.730000,100.170000,97.950000,95.900000,103.140000,100.400000,83.550000,112.350000,127.340000,136.640000,118.480000,93.960000,102.200000,103.840000,91.270000,86.360000,92.010000,92.960000,92.160000,99.490000,84.810000,88.310000,88.960000
11,'040,Austria,205,'01709.01,Vetches,5539,Producer Price Index (2014-2016 = 100),7021,Annual value,,,,,,,,,,,,,,70.590000,70.590000,70.590000,70.590000,70.590000,70.590000,70.590000,65.690000,64.960000,73.250000,73.250000,94.600000,93.360000,112.040000,117.570000,111.970000,112.290000,112.970000,112.600000,113.210000,113.440000,119.570000,123.220000
11,'040,Austria,222,'01376,"Walnuts, in shell",5530,Producer Price (LCU/tonne),7021,Annual value,LCU,38330.000000,32030.000000,32690.000000,33820.000000,30030.000000,28940.000000,38200.000000,38090.000000,35850.000000,32940.000000,35210.000000,2327.000000,2789.000000,2374.000000,2154.000000,2389.000000,2461.000000,2879.000000,3074.000000,2704.000000,2908.000000,3838.000000,3235.000000,3091.000000,3215.000000,3722.000000,3842.000000,3652.000000,3268.000000,3477.000000,3483.000000,4743.000000,5839.000000,6359.000000,
11,'040,Austria,222,'01376,"Walnuts, in shell",5531,Producer Price (SLC/tonne),7021,Annual value,SLC,2785.500000,2327.700000,2375.700000,2457.800000,2182.400000,2103.200000,2776.100000,2768.100000,2605.300000,2393.800000,2558.800000,2327.000000,2789.000000,2374.000000,2154.000000,2389.000000,2461.000000,2879.000000,3074.000000,2704.000000,2908.000000,3838.000000,3235.000000,3091.000000,3215.000000,3722.000000,3842.000000,3652.000000,3268.000000,3477.000000,3483.000000,4743.000000,5839.000000,6359.000000,
11,'040,Austria,222,'01376,"Walnuts, in shell",5532,Producer Price (USD/tonne),7021,Annual value,USD,3282.800000,2914.600000,2810.300000,2961.000000,2978.700000,2733.700000,3130.100000,3077.000000,2775.800000,2205.500000,2289.800000,2190.000000,3147.700000,2947.700000,2678.700000,2997.000000,3368.300000,4217.200000,4270.400000,3581.200000,4042.500000,4931.300000,4295.200000,4100.900000,3565.600000,4117.100000,4340.200000,4312.800000,3658.400000,3971.400000,4119.500000,4994.600000,6313.500000,6879.300000,
11,'040,Austria,222,'01376,"Walnuts, in shell",5539,Producer Price Index (2014-2016 = 100),7021,Annual value,,83.330000,69.640000,71.070000,73.530000,65.290000,62.920000,83.050000,82.810000,77.940000,71.610000,76.550000,69.620000,83.440000,71.020000,64.440000,71.470000,73.620000,86.130000,91.960000,80.890000,87.000000,114.820000,96.780000,92.470000,96.180000,111.350000,114.940000,109.250000,97.770000,104.020000,104.200000,141.890000,174.680000,190.240000,210.800000
11,'040,Austria,567,'01221,Watermelons,5539,Producer Price Index (2014-2016 = 100),7021,Annual value,,,,,,,,,,,,,,73.370000,78.150000,72.160000,71.510000,81.030000,96.110000,85.360000,84.860000,99.070000,102.970000,111.230000,98.590000,98.340000,103.060000,121.260000,125.190000,121.110000,121.690000,134.990000,138.870000,140.220000,155.280000,165.950000
11,'040,Austria,15,'0111,Wheat,5530,Producer Price (LCU/tonne),7021,Annual value,LCU,3472.000000,3313.000000,3325.000000,3088.000000,1561.000000,1763.000000,1524.000000,1512.000000,1505.000000,1521.000000,1473.000000,98.000000,108.000000,88.000000,82.000000,105.000000,189.000000,135.000000,91.000000,184.000000,157.000000,211.000000,148.000000,135.000000,137.000000,115.000000,145.000000,154.000000,146.000000,149.000000,227.000000,281.000000,179.000000,176.000000,
11,'040,Austria,15,'0111,Wheat,5531,Producer Price (SLC/tonne),7021,Annual value,SLC,252.300000,240.800000,241.600000,224.400000,113.400000,128.100000,110.800000,109.900000,109.400000,110.500000,107.000000,98.000000,108.000000,88.000000,82.000000,105.000000,189.000000,135.000000,91.000000,184.000000,157.000000,211.000000,148.000000,135.000000,137.000000,115.000000,145.000000,154.000000,146.000000,149.000000,227.000000,281.000000,179.000000,176.000000,
11,'040,Austria,15,'0111,Wheat,5532,Producer Price (USD/tonne),7021,Annual value,USD,297.400000,301.500000,285.800000,270.400000,154.800000,166.500000,124.900000,122.100000,116.500000,101.800000,95.800000,92.200000,121.900000,109.300000,102.000000,131.700000,258.700000,197.800000,126.400000,243.700000,218.300000,271.100000,196.500000,179.100000,151.900000,127.200000,163.800000,181.900000,163.400000,170.200000,268.500000,295.900000,193.500000,190.400000,
11,'040,Austria,15,'0111,Wheat,5539,Producer Price Index (2014-2016 = 100),7021,Annual value,,195.600000,186.640000,187.320000,173.960000,87.940000,99.320000,85.860000,85.180000,84.780000,85.690000,82.980000,75.970000,83.720000,68.220000,63.570000,81.400000,146.510000,104.650000,70.540000,142.640000,121.710000,163.570000,114.730000,104.650000,106.200000,89.150000,112.400000,119.380000,113.180000,115.500000,175.970000,217.830000,138.760000,136.430000,126.110000
11,'040,Austria,2051,'F2051,Agriculture,5539,Producer Price Index (2014-2016 = 100),7021,Annual value,,108.590000,107.820000,109.250000,103.790000,76.640000,77.490000,76.430000,76.330000,74.520000,75.310000,81.250000,79.780000,84.720000,77.200000,74.660000,82.040000,101.410000,94.590000,78.310000,101.370000,102.470000,111.980000,108.290000,100.940000,100.690000,98.370000,106.340000,109.470000,104.220000,107.890000,126.620000,157.050000,145.610000,141.540000,152.160000
11,'040,Austria,1717,'F1717,"Cereals, primary",5539,Producer Price Index (2014-2016 = 100),7021,Annual value,,172.200000,167.100000,167.630000,136.990000,95.700000,101.240000,85.150000,84.410000,84.620000,86.620000,83.020000,77.570000,90.480000,69.220000,67.210000,87.440000,150.680000,92.500000,71.420000,135.630000,124.870000,167.490000,117.730000,96.930000,109.090000,93.990000,110.690000,116.370000,107.650000,108.810000,167.410000,222.870000,133.880000,142.480000,155.900000
11,'040,Austria,1814,'F1814,"Coarse Grain, Total",5539,Producer Price Index (2014-2016 = 100),7021,Annual value,,159.450000,156.450000,156.900000,116.840000,99.930000,102.280000,84.770000,83.980000,84.530000,87.130000,83.040000,78.450000,94.160000,69.770000,69.200000,90.730000,152.950000,85.880000,71.890000,131.810000,126.590000,169.630000,119.370000,92.720000,110.660000,96.620000,109.760000,114.730000,104.630000,105.170000,162.740000,225.610000,131.220000,145.780000,172.130000
11,'040,Austria,1783,'F1783,Eggs Primary,5539,Producer Price Index (2014-2016 = 100),7021,Annual value,,51.780000,50.820000,74.550000,69.640000,59.870000,67.600000,65.420000,62.260000,59.480000,62.380000,64.470000,65.620000,70.710000,72.110000,70.710000,69.980000,79.480000,88.930000,94.340000,93.610000,93.060000,99.020000,102.060000,100.200000,99.110000,100.700000,103.290000,106.650000,106.650000,106.600000,108.240000,135.550000,143.230000,142.590000,145.770000
11,'040,Austria,1801,'F1801,"Fruit excl Melons, Total",5539,Producer Price Index (2014-2016 = 100),7021,Annual value,,72.930000,67.810000,71.260000,56.980000,52.020000,57.400000,65.750000,54.570000,49.850000,51.540000,57.610000,66.690000,71.400000,63.990000,57.180000,62.930000,70.630000,76.370000,65.100000,86.620000,101.240000,104.180000,100.370000,86.820000,91.820000,121.360000,109.080000,94.740000,85.630000,125.400000,140.410000,142.580000,153.740000,160.040000,171.380000
11,'040,Austria,1738,'F1738,Fruit Primary,5539,Producer Price Index (2014-2016 = 100),7021,Annual value,,72.880000,67.770000,71.220000,56.940000,51.980000,57.360000,65.710000,54.540000,49.820000,51.500000,57.570000,66.650000,71.400000,64.000000,57.190000,62.940000,70.630000,76.380000,65.110000,86.620000,101.240000,104.170000,100.380000,86.830000,91.830000,121.350000,109.090000,94.760000,85.660000,125.400000,140.410000,142.580000,153.730000,160.040000,171.370000
11,'040,Austria,2044,'F2044,Livestock,5539,Producer Price Index (2014-2016 = 100),7021,Annual value,,98.900000,102.000000,105.080000,104.640000,74.390000,77.240000,77.070000,78.520000,78.240000,78.710000,88.890000,84.990000,81.880000,81.760000,81.120000,82.250000,92.910000,105.830000,84.390000,90.530000,98.760000,96.770000,105.740000,109.880000,97.460000,92.660000,105.450000,112.520000,105.440000,107.340000,112.470000,140.680000,145.690000,142.280000,148.400000
11,'040,Austria,1765,'F1765,"Meat, Total",5539,Producer Price Index (2014-2016 = 100),7021,Annual value,,106.930000,108.250000,100.540000,104.980000,83.320000,85.200000,87.700000,77.600000,73.890000,82.110000,85.720000,79.160000,76.800000,80.890000,85.470000,88.450000,84.240000,92.610000,87.850000,88.030000,96.530000,106.010000,106.770000,102.170000,98.680000,99.150000,104.880000,104.700000,109.710000,106.230000,107.130000,129.580000,139.680000,140.150000,146.340000
11,'040,Austria,1780,'F1780,"Milk, Total",5539,Producer Price Index (2014-2016 = 100),7021,Annual value,,110.830000,114.590000,113.760000,114.170000,78.480000,80.360000,80.570000,83.050000,83.280000,83.280000,95.700000,90.470000,85.300000,84.730000,84.260000,85.680000,97.230000,111.350000,83.340000,91.040000,101.210000,97.310000,107.720000,113.000000,96.800000,90.200000,106.990000,115.610000,106.270000,108.290000,113.930000,143.450000,148.070000,143.860000,150.860000
11,'040,Austria,1732,'F1732,"Oilcrops, Oil Equivalent",5539,Producer Price Index (2014-2016 = 100),7021,Annual value,,95.560000,93.520000,89.070000,86.750000,60.100000,65.910000,66.070000,66.480000,54.990000,57.790000,71.580000,70.300000,66.920000,61.490000,63.990000,65.510000,81.990000,87.490000,82.200000,109.660000,110.730000,119.800000,104.970000,96.710000,101.970000,101.330000,88.080000,87.470000,90.660000,98.480000,129.710000,145.770000,110.340000,113.790000,125.160000
11,'040,Austria,1726,'F1726,"Pulses, Total",5539,Producer Price Index (2014-2016 = 100),7021,Annual value,,19.610000,19.620000,17.530000,18.700000,20.100000,18.160000,18.400000,19.120000,19.120000,19.120000,19.120000,19.140000,78.920000,78.920000,78.920000,78.920000,78.920000,78.920000,78.920000,73.440000,72.620000,81.900000,81.900000,96.580000,94.920000,108.500000,114.920000,109.350000,109.720000,110.390000,110.410000,114.540000,111.260000,116.930000,120.540000
11,'040,Austria,1720,'F1720,"Roots and Tubers, Total",5539,Producer Price Index (2014-2016 = 100),7021,Annual value,,90.630000,84.550000,71.720000,126.350000,101.650000,45.600000,51.300000,68.870000,68.870000,72.770000,59.750000,56.210000,98.040000,64.710000,45.750000,111.760000,122.220000,69.280000,64.710000,113.070000,89.540000,110.460000,167.320000,79.740000,123.530000,96.730000,145.750000,135.290000,166.670000,88.890000,115.690000,168.630000,280.390000,226.800000,266.690000
11,'040,Austria,1729,'F1729,"Treenuts, Total",5539,Producer Price Index (2014-2016 = 100),7021,Annual value,,83.330000,69.640000,71.070000,73.530000,65.290000,62.920000,83.050000,82.810000,77.940000,71.610000,76.550000,69.620000,83.440000,71.020000,64.440000,71.470000,73.620000,86.130000,91.960000,80.890000,87.000000,114.820000,96.780000,92.470000,96.180000,111.350000,114.940000,109.250000,97.770000,104.020000,104.200000,141.890000,174.680000,190.240000,210.800000
11,'040,Austria,1800,'F1800,"Vegetables and Melons, Total",5539,Producer Price Index (2014-2016 = 100),7021,Annual value,,68.780000,67.860000,68.240000,78.580000,58.020000,49.890000,59.270000,61.880000,55.060000,52.470000,62.890000,67.700000,80.590000,69.440000,64.410000,79.990000,82.770000,77.200000,76.110000,101.090000,82.220000,86.970000,100.480000,93.700000,104.160000,102.140000,94.400000,103.820000,96.710000,96.230000,99.660000,102.890000,100.610000,100.490000,99.520000
11,'040,Austria,1735,'F1735,Vegetables Primary,5539,Producer Price Index (2014-2016 = 100),7021,Annual value,,68.840000,67.920000,68.300000,78.650000,58.070000,49.930000,59.320000,61.940000,55.110000,52.520000,62.950000,67.760000,80.600000,69.430000,64.410000,79.990000,82.770000,77.180000,76.100000,101.110000,82.200000,86.960000,100.470000,93.700000,104.160000,102.140000,94.380000,103.800000,96.690000,96.210000,99.630000,102.850000,100.580000,100.440000,99.460000
54,'208,Denmark,711,'01654,"Anise, badian, coriander, cumin, caraway, fennel and juniper berries, raw",5539,Producer Price Index (2014-2016 = 100),7021,Annual value,,108.240000,110.260000,75.990000,85.360000,124.020000,83.950000,106.590000,160.760000,102.790000,99.930000,115.290000,121.110000,87.580000,88.580000,77.090000,80.720000,111.560000,127.210000,92.820000,96.290000,120.730000,127.750000,122.800000,106.450000,99.620000,93.920000,103.950000,96.720000,104.130000,108.600000,100.180000,97.620000,102.530000,96.940000,93.870000
54,'208,Denmark,515,'01341,Apples,5530,Producer Price (LCU/tonne),7021,Annual value,LCU,5320.000000,3710.000000,2634.000000,2916.000000,3701.000000,3730.000000,4250.000000,4673.000000,4321.000000,3520.000000,3910.000000,4310.000000,5070.000000,5200.000000,3590.000000,4370.000000,4750.000000,3125.000000,2786.000000,2945.000000,3413.000000,3802.000000,3520.000000,4380.000000,3443.000000,3129.000000,3045.000000,3397.000000,3256.000000,4673.000000,4714.000000,4873.000000,5599.000000,5953.000000,
54,'208,Denmark,515,'01341,Apples,5531,Producer Price (SLC/tonne),7021,Annual value,SLC,5320.000000,3710.000000,2634.000000,2916.000000,3701.000000,3730.000000,4250.000000,4673.000000,4321.000000,3520.000000,3910.000000,4310.000000,5070.000000,5200.000000,3590.000000,4370.000000,4750.000000,3125.000000,2786.000000,2945.000000,3413.000000,3802.000000,3520.000000,4380.000000,3443.000000,3129.000000,3045.000000,3397.000000,3256.000000,4673.000000,4714.000000,4873.000000,5599.000000,5953.000000,
54,'208,Denmark,515,'01341,Apples,5532,Producer Price (USD/tonne),7021,Annual value,USD,831.700000,614.600000,406.200000,458.500000,660.600000,643.300000,643.500000,697.400000,619.400000,435.500000,469.800000,545.900000,769.600000,868.000000,598.600000,734.900000,872.600000,613.000000,519.700000,523.600000,635.700000,656.400000,626.700000,780.400000,511.700000,464.800000,461.200000,538.000000,488.200000,714.300000,749.800000,688.700000,812.700000,863.400000,
54,'208,Denmark,515,'01341,Apples,5539,Producer Price Index (2014-2016 = 100),7021,Annual value,,145.730000,101.630000,72.150000,79.880000,101.380000,102.170000,116.420000,128.000000,118.360000,96.420000,107.100000,118.060000,138.880000,142.440000,98.340000,119.700000,130.110000,85.600000,76.310000,80.670000,93.490000,104.150000,96.420000,119.980000,94.310000,85.710000,83.410000,93.050000,89.190000,128.000000,129.130000,133.480000,153.370000,163.070000,174.040000
54,'208,Denmark,44,'0115,Barley,5530,Producer Price (LCU/tonne),7021,Annual value,LCU,1220.000000,1266.000000,1089.000000,1047.000000,1091.000000,1042.000000,951.000000,898.000000,904.000000,937.000000,928.000000,837.000000,868.000000,846.000000,785.000000,837.000000,1323.000000,1398.000000,858.000000,1006.000000,1390.000000,1585.000000,1419.000000,1126.000000,1201.000000,1040.000000,1098.000000,1285.000000,1292.000000,1153.000000,1375.000000,2027.000000,1874.000000,1620.000000,
54,'208,Denmark,44,'0115,Barley,5531,Producer Price (SLC/tonne),7021,Annual value,SLC,1220.000000,1266.000000,1089.000000,1047.000000,1091.000000,1042.000000,951.000000,898.000000,904.000000,937.000000,928.000000,837.000000,868.000000,846.000000,785.000000,837.000000,1323.000000,1398.000000,858.000000,1006.000000,1390.000000,1585.000000,1419.000000,1126.000000,1201.000000,1040.000000,1098.000000,1285.000000,1292.000000,1153.000000,1375.000000,2027.000000,1874.000000,1620.000000,
54,'208,Denmark,44,'0115,Barley,5532,Producer Price (USD/tonne),7021,Annual value,USD,190.700000,209.700000,168.000000,164.600000,194.700000,179.700000,144.000000,134.000000,129.600000,115.900000,111.500000,106.000000,131.800000,141.200000,130.900000,140.700000,243.000000,274.200000,160.000000,178.900000,258.900000,273.600000,252.700000,200.600000,178.500000,154.500000,166.300000,203.500000,193.700000,176.200000,218.700000,286.500000,272.000000,235.000000,
54,'208,Denmark,44,'0115,Barley,5539,Producer Price Index (2014-2016 = 100),7021,Annual value,,108.700000,112.800000,97.030000,93.290000,97.210000,92.840000,84.730000,80.010000,80.550000,83.490000,82.680000,74.580000,77.340000,75.380000,69.940000,74.580000,117.880000,124.560000,76.450000,89.630000,123.850000,141.220000,126.430000,100.330000,107.010000,92.660000,97.830000,114.490000,115.120000,102.730000,122.510000,180.610000,166.970000,144.340000,201.630000
54,'208,Denmark,358,'01212,Cabbages,5530,Producer Price (LCU/tonne),7021,Annual value,LCU,2690.000000,2660.000000,2910.000000,3220.000000,3310.000000,2770.000000,2540.000000,3140.000000,2940.000000,2590.000000,3270.000000,3560.000000,4620.000000,3980.000000,4100.000000,2350.000000,2640.000000,2455.000000,2180.000000,2510.000000,2455.000000,2625.000000,2485.000000,2530.000000,2036.000000,1986.000000,2568.000000,2289.000000,2658.000000,2635.000000,,2778.000000,3510.000000,3573.000000,
54,'208,Denmark,358,'01212,Cabbages,5531,Producer Price (SLC/tonne),7021,Annual value,SLC,2690.000000,2660.000000,2910.000000,3220.000000,3310.000000,2770.000000,2540.000000,3140.000000,2940.000000,2590.000000,3270.000000,3560.000000,4620.000000,3980.000000,4100.000000,2350.000000,2640.000000,2455.000000,2180.000000,2510.000000,2455.000000,2625.000000,2485.000000,2530.000000,2036.000000,1986.000000,2568.000000,2289.000000,2658.000000,2635.000000,,2778.000000,3510.000000,3573.000000,
54,'208,Denmark,358,'01212,Cabbages,5532,Producer Price (USD/tonne),7021,Annual value,USD,420.500000,440.700000,448.800000,506.200000,590.800000,477.700000,384.600000,468.600000,421.400000,320.400000,392.900000,450.900000,701.300000,664.300000,683.700000,395.200000,485.000000,481.500000,406.700000,446.300000,457.300000,453.200000,442.500000,450.800000,302.600000,295.000000,388.900000,362.500000,398.500000,402.800000,,392.600000,509.500000,518.200000,
54,'208,Denmark,358,'01212,Cabbages,5539,Producer Price Index (2014-2016 = 100),7021,Annual value,,123.170000,121.790000,133.240000,147.440000,151.560000,126.830000,116.300000,143.770000,134.620000,118.590000,149.730000,163.000000,211.540000,182.230000,187.730000,107.600000,120.880000,112.410000,99.820000,114.930000,112.410000,120.190000,113.780000,115.840000,93.220000,90.930000,117.580000,104.810000,121.700000,120.650000,110.220000,127.200000,160.710000,163.600000,174.340000
54,'208,Denmark,426,'01251,Carrots and turnips,5530,Producer Price (LCU/tonne),7021,Annual value,LCU,2560.000000,2360.000000,2150.000000,2320.000000,2220.000000,2150.000000,1870.000000,2140.000000,2380.000000,2250.000000,2540.000000,2670.000000,2950.000000,2810.000000,2810.000000,2260.000000,2410.000000,2470.000000,2620.000000,2350.000000,2700.000000,2930.000000,3210.000000,2440.000000,4168.000000,4444.000000,2859.000000,3591.000000,3546.000000,3727.000000,3883.000000,4197.000000,4570.000000,4535.000000,
54,'208,Denmark,426,'01251,Carrots and turnips,5531,Producer Price (SLC/tonne),7021,Annual value,SLC,2560.000000,2360.000000,2150.000000,2320.000000,2220.000000,2150.000000,1870.000000,2140.000000,2380.000000,2250.000000,2540.000000,2670.000000,2950.000000,2810.000000,2810.000000,2260.000000,2410.000000,2470.000000,2620.000000,2350.000000,2700.000000,2930.000000,3210.000000,2440.000000,4168.000000,4444.000000,2859.000000,3591.000000,3546.000000,3727.000000,3883.000000,4197.000000,4570.000000,4535.000000,
54,'208,Denmark,426,'01251,Carrots and turnips,5532,Producer Price (USD/tonne),7021,Annual value,USD,400.200000,391.000000,331.600000,364.700000,396.300000,370.800000,283.100000,319.400000,341.200000,278.400000,305.200000,338.200000,447.800000,469.000000,468.600000,380.000000,442.700000,484.500000,488.700000,417.800000,502.900000,505.800000,571.500000,434.700000,619.500000,660.200000,433.000000,568.700000,531.700000,569.700000,617.600000,593.100000,663.300000,657.800000,
54,'208,Denmark,426,'01251,Carrots and turnips,5539,Producer Price Index (2014-2016 = 100),7021,Annual value,,69.490000,64.060000,58.360000,62.980000,60.260000,58.360000,50.760000,58.090000,64.600000,61.070000,68.950000,72.480000,80.080000,76.280000,76.280000,61.350000,65.420000,67.050000,71.120000,63.790000,73.290000,79.530000,87.130000,66.230000,113.140000,120.630000,77.610000,97.480000,96.250000,101.170000,105.400000,113.930000,124.050000,123.100000,128.110000
54,'208,Denmark,393,'01213,Cauliflowers and broccoli,5530,Producer Price (LCU/tonne),7021,Annual value,LCU,6465.000000,4717.000000,3080.000000,4620.000000,3790.000000,2670.000000,3590.000000,3370.000000,3570.000000,3270.000000,5090.000000,4400.000000,4650.000000,4190.000000,4750.000000,5240.000000,8170.000000,8010.000000,7860.000000,7710.000000,8055.000000,8220.000000,8835.000000,8030.000000,6052.000000,5559.000000,6641.000000,7229.000000,6823.000000,6812.000000,7012.000000,9175.000000,10317.000000,11020.000000,
54,'208,Denmark,393,'01213,Cauliflowers and broccoli,5531,Producer Price (SLC/tonne),7021,Annual value,SLC,6465.000000,4717.000000,3080.000000,4620.000000,3790.000000,2670.000000,3590.000000,3370.000000,3570.000000,3270.000000,5090.000000,4400.000000,4650.000000,4190.000000,4750.000000,5240.000000,8170.000000,8010.000000,7860.000000,7710.000000,8055.000000,8220.000000,8835.000000,8030.000000,6052.000000,5559.000000,6641.000000,7229.000000,6823.000000,6812.000000,7012.000000,9175.000000,10317.000000,11020.000000,
54,'208,Denmark,393,'01213,Cauliflowers and broccoli,5532,Producer Price (USD/tonne),7021,Annual value,USD,1010.700000,781.500000,475.000000,726.400000,676.500000,460.500000,543.600000,502.900000,511.700000,404.500000,611.600000,557.300000,705.900000,699.400000,792.100000,881.100000,1500.800000,1571.200000,1466.200000,1370.900000,1500.400000,1419.100000,1573.100000,1430.700000,899.500000,825.800000,1005.800000,1144.800000,1023.000000,1041.200000,1115.300000,1296.600000,1497.500000,1598.400000,
54,'208,Denmark,393,'01213,Cauliflowers and broccoli,5539,Producer Price Index (2014-2016 = 100),7021,Annual value,,98.750000,72.050000,47.040000,70.570000,57.890000,40.780000,54.830000,51.470000,54.530000,49.950000,77.750000,67.210000,71.020000,64.000000,72.550000,80.040000,124.790000,122.350000,120.050000,117.760000,123.030000,125.550000,134.950000,122.650000,92.440000,84.910000,101.440000,110.420000,104.220000,104.050000,107.100000,140.140000,157.580000,168.320000,181.940000
54,'208,Denmark,531,'01344.02,Cherries,5530,Producer Price (LCU/tonne),7021,Annual value,LCU,21480.000000,21880.000000,15080.000000,16940.000000,24610.000000,16660.000000,21150.000000,31900.000000,20400.000000,19830.000000,22880.000000,28100.000000,20320.000000,18470.000000,21430.000000,19640.000000,19640.000000,27610.000000,32830.000000,37030.000000,30770.000000,38220.000000,31030.000000,33840.000000,39711.000000,25978.000000,21452.000000,20788.000000,22878.000000,,,24317.000000,24704.000000,47556.000000,
54,'208,Denmark,531,'01344.02,Cherries,5531,Producer Price (SLC/tonne),7021,Annual value,SLC,21480.000000,21880.000000,15080.000000,16940.000000,24610.000000,16660.000000,21150.000000,31900.000000,20400.000000,19830.000000,22880.000000,28100.000000,20320.000000,18470.000000,21430.000000,19640.000000,19640.000000,27610.000000,32830.000000,37030.000000,30770.000000,38220.000000,31030.000000,33840.000000,39711.000000,25978.000000,21452.000000,20788.000000,22878.000000,,,24317.000000,24704.000000,47556.000000,
54,'208,Denmark,531,'01344.02,Cherries,5532,Producer Price (USD/tonne),7021,Annual value,USD,3358.100000,3624.800000,2325.700000,2663.300000,4392.800000,2873.100000,3202.400000,4760.600000,2924.200000,2453.300000,2749.100000,3559.300000,3084.500000,3082.900000,3573.500000,3302.600000,3607.800000,5415.700000,6124.000000,6584.200000,5731.400000,6598.200000,5525.000000,6029.400000,5902.400000,3859.000000,3248.900000,3292.000000,3430.300000,,,3436.500000,3585.600000,6897.700000,
54,'208,Denmark,531,'01344.02,Cherries,5539,Producer Price Index (2014-2016 = 100),7021,Annual value,,64.740000,65.950000,45.450000,51.060000,74.180000,50.220000,63.750000,96.150000,61.490000,59.770000,68.960000,84.700000,61.250000,55.670000,64.590000,59.200000,59.200000,83.220000,98.960000,111.620000,92.750000,115.200000,93.530000,102.000000,119.700000,78.300000,64.660000,62.660000,68.960000,80.290000,86.350000,73.300000,74.460000,143.340000,110.620000
54,'208,Denmark,397,'01232,Cucumbers and gherkins,5530,Producer Price (LCU/tonne),7021,Annual value,LCU,2270.000000,1990.000000,1890.000000,1980.000000,2040.000000,2010.000000,6757.000000,6177.000000,5568.000000,6583.000000,6612.000000,5162.000000,7105.000000,7279.000000,7453.000000,7090.000000,7070.000000,7453.000000,8584.000000,8468.000000,8729.000000,8758.000000,8787.000000,7450.000000,9298.000000,10489.000000,10446.000000,10950.000000,10927.000000,11204.000000,11887.000000,15133.000000,15521.000000,15603.000000,
54,'208,Denmark,397,'01232,Cucumbers and gherkins,5531,Producer Price (SLC/tonne),7021,Annual value,SLC,2270.000000,1990.000000,1890.000000,1980.000000,2040.000000,2010.000000,6757.000000,6177.000000,5568.000000,6583.000000,6612.000000,5162.000000,7105.000000,7279.000000,7453.000000,7090.000000,7070.000000,7453.000000,8584.000000,8468.000000,8729.000000,8758.000000,8787.000000,7450.000000,9298.000000,10489.000000,10446.000000,10950.000000,10927.000000,11204.000000,11887.000000,15133.000000,15521.000000,15603.000000,
54,'208,Denmark,397,'01232,Cucumbers and gherkins,5532,Producer Price (USD/tonne),7021,Annual value,USD,354.900000,329.700000,291.500000,311.300000,364.100000,346.600000,1023.100000,921.800000,798.100000,814.400000,794.400000,653.900000,1078.500000,1215.000000,1242.800000,1192.200000,1298.700000,1461.900000,1601.200000,1505.700000,1625.900000,1512.000000,1564.500000,1327.400000,1382.000000,1558.100000,1582.000000,1734.100000,1638.400000,1712.600000,1890.700000,2138.600000,2252.800000,2263.100000,
54,'208,Denmark,397,'01232,Cucumbers and gherkins,5539,Producer Price Index (2014-2016 = 100),7021,Annual value,,25.000000,21.920000,20.820000,21.810000,22.470000,22.140000,74.420000,68.040000,61.330000,72.510000,72.830000,56.860000,78.260000,80.170000,82.090000,78.090000,77.870000,82.090000,94.550000,93.270000,96.140000,96.460000,96.780000,82.060000,102.410000,115.530000,115.060000,120.610000,120.350000,123.410000,130.930000,166.680000,170.950000,171.860000,180.420000
54,'208,Denmark,550,'01351.01,Currants,5530,Producer Price (LCU/tonne),7021,Annual value,LCU,,,,,,,,,,,,,2571.700000,,,,,,3086.000000,3530.000000,7840.000000,3150.000000,2130.000000,7400.000000,7500.000000,7600.000000,8620.000000,8000.000000,,,,9668.000000,,,
54,'208,Denmark,550,'01351.01,Currants,5531,Producer Price (SLC/tonne),7021,Annual value,SLC,,,,,,,,,,,,,2571.700000,,,,,,3086.000000,3530.000000,7840.000000,3150.000000,2130.000000,7400.000000,7500.000000,7600.000000,8620.000000,8000.000000,,,,9668.000000,,,
54,'208,Denmark,550,'01351.01,Currants,5532,Producer Price (USD/tonne),7021,Annual value,USD,,,,,,,,,,,,,390.400000,,,,,,575.700000,627.700000,1460.300000,543.800000,379.300000,1318.500000,1114.800000,1129.000000,1305.500000,1266.900000,,,,1366.300000,,,
54,'208,Denmark,550,'01351.01,Currants,5539,Producer Price Index (2014-2016 = 100),7021,Annual value,,65.070000,64.160000,46.770000,47.640000,58.710000,56.750000,47.860000,39.040000,35.920000,34.280000,35.900000,31.090000,34.290000,38.790000,32.160000,30.780000,42.660000,38.730000,41.150000,47.070000,104.530000,42.000000,28.400000,98.670000,100.000000,101.330000,114.930000,106.670000,112.270000,117.730000,123.330000,128.910000,124.000000,163.260000,145.730000
54,'208,Denmark,1163,'21170.02,"Game meat, fresh, chilled or frozen",5539,Producer Price Index (2014-2016 = 100),7021,Annual value,,94.660000,89.550000,85.500000,88.090000,80.950000,73.410000,72.270000,75.360000,72.110000,72.110000,60.510000,57.970000,56.630000,61.730000,63.150000,91.870000,84.410000,94.500000,87.750000,93.790000,101.330000,113.250000,114.540000,104.800000,95.800000,99.390000,106.550000,91.160000,94.950000,96.140000,92.100000,90.850000,89.510000,87.030000,84.660000
54,'208,Denmark,549,'01351.02,Gooseberries,5539,Producer Price Index (2014-2016 = 100),7021,Annual value,,65.070000,64.160000,46.770000,47.640000,58.710000,56.750000,47.860000,39.040000,35.920000,34.280000,35.900000,31.090000,34.290000,38.790000,32.160000,30.780000,42.660000,38.730000,41.150000,47.070000,104.530000,42.000000,28.400000,98.670000,100.000000,101.330000,114.930000,106.670000,112.270000,117.730000,123.330000,128.930000,124.000000,163.270000,145.730000
54,'208,Denmark,1062,'0231,"Hen eggs in shell, fresh",5530,Producer Price (LCU/tonne),7021,Annual value,LCU,6490.000000,6380.000000,7210.000000,6320.000000,7810.000000,8160.000000,8170.000000,7837.000000,8483.000000,8483.000000,9000.000000,8731.400000,9240.200000,8532.000000,8287.000000,8690.000000,9790.000000,13463.300000,9638.800000,9632.900000,9591.100000,10802.500000,10956.200000,10472.100000,10935.000000,10947.000000,11239.000000,11574.000000,,,,,,,
54,'208,Denmark,1062,'0231,"Hen eggs in shell, fresh",5531,Producer Price (SLC/tonne),7021,Annual value,SLC,6490.000000,6380.000000,7210.000000,6320.000000,7810.000000,8160.000000,8170.000000,7837.000000,8483.000000,8483.000000,9000.000000,8731.400000,9240.200000,8532.000000,8287.000000,8690.000000,9790.000000,13463.300000,9638.800000,9632.900000,9591.100000,10802.500000,10956.200000,10472.100000,10935.000000,10947.000000,11239.000000,11574.000000,,,,,,,
54,'208,Denmark,1062,'0231,"Hen eggs in shell, fresh",5532,Producer Price (USD/tonne),7021,Annual value,USD,1014.600000,1057.000000,1112.000000,993.600000,1394.100000,1407.200000,1237.000000,1169.600000,1216.000000,1049.500000,1081.400000,1106.000000,1402.600000,1424.100000,1381.900000,1461.300000,1798.400000,2640.800000,1798.000000,1712.800000,1786.500000,1864.900000,1950.800000,1865.900000,1625.300000,1626.200000,1702.100000,1832.900000,,,,,,,
54,'208,Denmark,1062,'0231,"Hen eggs in shell, fresh",5539,Producer Price Index (2014-2016 = 100),7021,Annual value,,60.180000,59.160000,66.850000,58.600000,72.420000,75.660000,75.760000,72.670000,78.660000,78.660000,83.450000,80.960000,85.680000,79.110000,76.840000,80.580000,90.780000,124.840000,89.370000,89.320000,88.930000,100.170000,101.590000,97.100000,101.390000,101.500000,104.210000,107.320000,97.920000,99.020000,104.700000,104.080000,104.660000,105.750000,106.740000
54,'208,Denmark,1097,'21118.01,"Horse meat, fresh or chilled",5530,Producer Price (LCU/tonne),7021,Annual value,LCU,14037.000000,12211.000000,13207.000000,9360.000000,8685.000000,7969.000000,8074.000000,10145.000000,10090.000000,10090.000000,11244.000000,9679.000000,9835.000000,8933.000000,7319.000000,7910.000000,8649.000000,8472.700000,8745.200000,8584.900000,5987.700000,7567.100000,7868.500000,7858.000000,7454.000000,8475.000000,8467.000000,8982.000000,8505.000000,9985.000000,10474.000000,8476.000000,11537.000000,11537.000000,
54,'208,Denmark,1097,'21118.01,"Horse meat, fresh or chilled",5531,Producer Price (SLC/tonne),7021,Annual value,SLC,14037.000000,12211.000000,13207.000000,9360.000000,8685.000000,7969.000000,8074.000000,10145.000000,10090.000000,10090.000000,11244.000000,9679.000000,9835.000000,8933.000000,7319.000000,7910.000000,8649.000000,8472.700000,8745.200000,8584.900000,5987.700000,7567.100000,7868.500000,7858.000000,7454.000000,8475.000000,8467.000000,8982.000000,8505.000000,9985.000000,10474.000000,8476.000000,11537.000000,11537.000000,
54,'208,Denmark,1097,'21118.01,"Horse meat, fresh or chilled",5532,Producer Price (USD/tonne),7021,Annual value,USD,2194.500000,2023.000000,2036.900000,1471.600000,1550.200000,1374.300000,1222.500000,1514.000000,1446.300000,1248.300000,1351.000000,1226.000000,1492.900000,1491.100000,1220.500000,1330.100000,1588.800000,1661.900000,1631.300000,1526.500000,1115.300000,1306.400000,1401.000000,1400.100000,1107.900000,1259.000000,1282.300000,1422.400000,1275.200000,1526.300000,1665.900000,1197.800000,1674.500000,1673.400000,
54,'208,Denmark,1097,'21118.01,"Horse meat, fresh or chilled",5539,Producer Price Index (2014-2016 = 100),7021,Annual value,,177.030000,154.000000,166.570000,118.050000,109.530000,100.500000,101.830000,127.950000,127.250000,127.250000,141.810000,122.070000,124.040000,112.660000,92.310000,99.760000,109.080000,106.860000,110.290000,108.270000,75.520000,95.440000,99.240000,99.100000,94.010000,106.890000,106.790000,113.280000,107.260000,125.930000,132.100000,106.900000,145.500000,145.500000,152.920000
54,'208,Denmark,1121,'21118.01b,"Horse meat, fresh or chilled (biological)",5530,Producer Price (LCU/tonne),7021,Annual value,LCU,6341.000000,5364.000000,6936.000000,6339.000000,4492.000000,4169.000000,,4210.000000,,,,,,,,,,,,,,,,,,,,,,,,,,,
54,'208,Denmark,1121,'21118.01b,"Horse meat, fresh or chilled (biological)",5531,Producer Price (SLC/tonne),7021,Annual value,SLC,6341.000000,5364.000000,6936.000000,6339.000000,4492.000000,4169.000000,,4210.000000,,,,,,,,,,,,,,,,,,,,,,,,,,,
54,'208,Denmark,1121,'21118.01b,"Horse meat, fresh or chilled (biological)",5532,Producer Price (USD/tonne),7021,Annual value,USD,991.300000,888.600000,1069.700000,996.600000,801.800000,719.000000,,628.300000,,,,,,,,,,,,,,,,,,,,,,,,,,,
54,'208,Denmark,1121,'21118.01b,"Horse meat, fresh or chilled (biological)",5539,Producer Price Index (2014-2016 = 100),7021,Annual value,,180.770000,152.920000,197.730000,180.710000,128.060000,118.850000,104.000000,120.020000,129.970000,129.970000,144.820000,124.670000,126.660000,117.150000,95.980000,103.730000,113.620000,111.330000,108.380000,112.810000,78.710000,99.230000,103.180000,103.230000,85.430000,111.340000,111.230000,118.000000,102.370000,99.500000,95.520000,96.070000,95.470000,97.440000,98.850000
54,'208,Denmark,407,'01254,Leeks and other alliaceous vegetables,5530,Producer Price (LCU/tonne),7021,Annual value,LCU,,,,,,,,,,,,,,,,,,1820.000000,2050.000000,1860.000000,1920.000000,2020.000000,2140.000000,,7142.000000,7601.000000,8361.000000,9268.000000,13360.000000,11868.000000,15073.000000,14471.000000,15242.000000,14182.000000,
54,'208,Denmark,407,'01254,Leeks and other alliaceous vegetables,5531,Producer Price (SLC/tonne),7021,Annual value,SLC,,,,,,,,,,,,,,,,,,1820.000000,2050.000000,1860.000000,1920.000000,2020.000000,2140.000000,,7142.000000,7601.000000,8361.000000,9268.000000,13360.000000,11868.000000,15073.000000,14471.000000,15242.000000,14182.000000,
54,'208,Denmark,407,'01254,Leeks and other alliaceous vegetables,5532,Producer Price (USD/tonne),7021,Annual value,USD,,,,,,,,,,,,,,,,,,357.000000,382.400000,330.700000,357.600000,348.700000,381.000000,,1061.500000,1129.100000,1266.300000,1467.700000,2003.200000,1814.100000,2397.400000,2045.000000,2212.300000,2057.000000,
54,'208,Denmark,407,'01254,Leeks and other alliaceous vegetables,5539,Producer Price Index (2014-2016 = 100),7021,Annual value,,,,,,,,,,,28.230000,46.170000,53.830000,42.820000,41.630000,28.470000,41.150000,61.480000,33.010000,37.190000,33.740000,34.830000,36.640000,38.820000,32.560000,129.550000,137.880000,151.670000,168.120000,242.350000,215.280000,273.420000,262.500000,276.490000,257.260000,245.630000
54,'208,Denmark,372,'01214,Lettuce and chicory,5530,Producer Price (LCU/tonne),7021,Annual value,LCU,12205.000000,9919.000000,1960.000000,2100.000000,2370.000000,2720.000000,8952.300000,8379.000000,10143.000000,10848.600000,12568.500000,14949.900000,13935.600000,14949.900000,17375.400000,20310.000000,20450.000000,7180.000000,7420.000000,7440.000000,7420.000000,7000.000000,7940.000000,8300.000000,3515.000000,5748.000000,8406.000000,10034.000000,8168.000000,8888.000000,9579.000000,10248.000000,10233.000000,9880.000000,
54,'208,Denmark,372,'01214,Lettuce and chicory,5531,Producer Price (SLC/tonne),7021,Annual value,SLC,12205.000000,9919.000000,1960.000000,2100.000000,2370.000000,2720.000000,8952.300000,8379.000000,10143.000000,10848.600000,12568.500000,14949.900000,13935.600000,14949.900000,17375.400000,20310.000000,20450.000000,7180.000000,7420.000000,7440.000000,7420.000000,7000.000000,7940.000000,8300.000000,3515.000000,5748.000000,8406.000000,10034.000000,8168.000000,8888.000000,9579.000000,10248.000000,10233.000000,9880.000000,
54,'208,Denmark,372,'01214,Lettuce and chicory,5532,Producer Price (USD/tonne),7021,Annual value,USD,1908.100000,1643.300000,302.300000,330.200000,423.000000,469.100000,1355.500000,1250.400000,1453.900000,1342.100000,1510.100000,1893.700000,2115.400000,2495.400000,2897.400000,3415.300000,3756.600000,1408.400000,1384.100000,1322.900000,1382.100000,1208.500000,1413.700000,1478.900000,522.500000,853.900000,1273.100000,1589.000000,1224.700000,1358.600000,1523.600000,1448.200000,1485.300000,1433.000000,
54,'208,Denmark,372,'01214,Lettuce and chicory,5539,Producer Price Index (2014-2016 = 100),7021,Annual value,,208.480000,169.430000,33.480000,35.870000,40.480000,46.460000,152.920000,143.120000,173.260000,185.310000,214.690000,255.360000,238.040000,255.360000,296.800000,346.920000,349.310000,122.640000,126.740000,127.090000,126.740000,119.570000,135.630000,141.780000,60.040000,98.180000,143.590000,171.390000,139.520000,151.820000,163.620000,175.050000,174.790000,168.760000,162.730000
54,'208,Denmark,333,'01441,Linseed,5539,Producer Price Index (2014-2016 = 100),7021,Annual value,,119.600000,62.810000,70.710000,77.020000,70.240000,73.500000,76.870000,76.440000,63.900000,63.900000,73.140000,71.110000,70.170000,62.170000,58.130000,66.740000,80.140000,108.360000,85.320000,87.310000,120.420000,132.240000,115.560000,96.490000,100.220000,103.290000,105.820000,103.640000,91.190000,97.950000,110.930000,109.970000,111.570000,99.560000,90.760000
54,'208,Denmark,867,'21111.01,"Meat of cattle with the bone, fresh or chilled",5530,Producer Price (LCU/tonne),7021,Annual value,LCU,20374.000000,19874.000000,19999.000000,18938.000000,16838.000000,16201.000000,17146.000000,15840.000000,16767.000000,16767.000000,13832.000000,13919.000000,13770.000000,14371.000000,16365.000000,17635.000000,17128.000000,18381.100000,16844.000000,17882.400000,20442.300000,22583.900000,22767.300000,20932.700000,21964.000000,20667.000000,21828.000000,21975.000000,20619.000000,20301.000000,22200.000000,30710.000000,29006.000000,28116.000000,
54,'208,Denmark,867,'21111.01,"Meat of cattle with the bone, fresh or chilled",5531,Producer Price (SLC/tonne),7021,Annual value,SLC,20374.000000,19874.000000,19999.000000,18938.000000,16838.000000,16201.000000,17146.000000,15840.000000,16767.000000,16767.000000,13832.000000,13919.000000,13770.000000,14371.000000,16365.000000,17635.000000,17128.000000,18381.100000,16844.000000,17882.400000,20442.300000,22583.900000,22767.300000,20932.700000,21964.000000,20667.000000,21828.000000,21975.000000,20619.000000,20301.000000,22200.000000,30710.000000,29006.000000,28116.000000,
54,'208,Denmark,867,'21111.01,"Meat of cattle with the bone, fresh or chilled",5532,Producer Price (USD/tonne),7021,Annual value,USD,3185.200000,3292.500000,3084.400000,2977.400000,3005.500000,2793.900000,2596.100000,2363.900000,2403.400000,2074.300000,1661.900000,1763.100000,2090.300000,2398.700000,2728.900000,2965.500000,3146.400000,3605.500000,3142.000000,3179.600000,3807.700000,3898.800000,4053.800000,3729.700000,3264.600000,3070.100000,3305.800000,3480.000000,3091.600000,3103.100000,3531.000000,4339.900000,4210.100000,4078.000000,
54,'208,Denmark,867,'21111.01,"Meat of cattle with the bone, fresh or chilled",5539,Producer Price Index (2014-2016 = 100),7021,Annual value,,96.160000,93.800000,94.390000,89.380000,79.470000,76.460000,80.920000,74.760000,79.130000,79.130000,65.280000,65.690000,64.990000,67.830000,77.240000,83.230000,80.840000,86.750000,79.500000,84.400000,96.480000,106.590000,107.450000,98.800000,103.660000,97.540000,103.020000,103.710000,97.310000,95.810000,104.780000,144.940000,136.900000,132.700000,147.390000
54,'208,Denmark,945,'21111.01b,"Meat of cattle with the bone, fresh or chilled (biological)",5530,Producer Price (LCU/tonne),7021,Annual value,LCU,11670.000000,11040.000000,10540.000000,10860.000000,9980.000000,9050.000000,8910.000000,9290.000000,8890.000000,8890.000000,7460.000000,7490.000000,7490.000000,7980.000000,9380.000000,10120.000000,10064.000000,11201.400000,10817.200000,11119.900000,12747.700000,13788.500000,13899.700000,13537.600000,13425.000000,12680.000000,12674.000000,12637.000000,12101.000000,12115.000000,12759.000000,17353.000000,16640.000000,16244.000000,
54,'208,Denmark,945,'21111.01b,"Meat of cattle with the bone, fresh or chilled (biological)",5531,Producer Price (SLC/tonne),7021,Annual value,SLC,11670.000000,11040.000000,10540.000000,10860.000000,9980.000000,9050.000000,8910.000000,9290.000000,8890.000000,8890.000000,7460.000000,7490.000000,7490.000000,7980.000000,9380.000000,10120.000000,10064.000000,11201.400000,10817.200000,11119.900000,12747.700000,13788.500000,13899.700000,13537.600000,13425.000000,12680.000000,12674.000000,12637.000000,12101.000000,12115.000000,12759.000000,17353.000000,16640.000000,16244.000000,
54,'208,Denmark,945,'21111.01b,"Meat of cattle with the bone, fresh or chilled (biological)",5532,Producer Price (USD/tonne),7021,Annual value,USD,1824.400000,1829.000000,1625.600000,1707.400000,1781.400000,1560.700000,1349.100000,1386.400000,1274.300000,1099.800000,896.300000,948.700000,1137.000000,1332.000000,1564.100000,1701.800000,1848.700000,2197.200000,2017.800000,1977.200000,2374.500000,2380.400000,2474.900000,2412.100000,1995.400000,1883.600000,1919.500000,2001.200000,1814.400000,1851.800000,2029.400000,2452.300000,2415.200000,2356.100000,
54,'208,Denmark,945,'21111.01b,"Meat of cattle with the bone, fresh or chilled (biological)",5539,Producer Price Index (2014-2016 = 100),7021,Annual value,,88.310000,83.550000,79.760000,82.180000,75.520000,68.490000,67.430000,70.300000,67.280000,67.280000,56.450000,56.680000,56.680000,60.390000,70.980000,76.580000,76.160000,84.770000,81.860000,84.150000,96.470000,104.350000,105.190000,102.450000,101.600000,95.960000,95.910000,95.630000,91.580000,91.680000,96.560000,131.320000,125.930000,122.930000,130.680000
54,'208,Denmark,1058,'21121,"Meat of chickens, fresh or chilled",5530,Producer Price (LCU/tonne),7021,Annual value,LCU,5580.000000,5445.000000,6434.000000,6121.000000,6337.000000,6814.000000,6564.000000,6066.000000,5992.000000,5992.000000,6724.000000,6266.000000,6147.000000,6396.000000,6208.000000,5627.000000,6202.000000,7872.100000,7122.700000,7010.000000,8224.000000,8502.300000,9338.000000,9337.800000,7994.000000,8030.000000,7924.000000,8473.000000,8358.000000,9095.000000,8977.000000,12472.000000,12289.000000,10949.000000,
54,'208,Denmark,1058,'21121,"Meat of chickens, fresh or chilled",5531,Producer Price (SLC/tonne),7021,Annual value,SLC,5580.000000,5445.000000,6434.000000,6121.000000,6337.000000,6814.000000,6564.000000,6066.000000,5992.000000,5992.000000,6724.000000,6266.000000,6147.000000,6396.000000,6208.000000,5627.000000,6202.000000,7872.100000,7122.700000,7010.000000,8224.000000,8502.300000,9338.000000,9337.800000,7994.000000,8030.000000,7924.000000,8473.000000,8358.000000,9095.000000,8977.000000,12472.000000,12289.000000,10949.000000,
54,'208,Denmark,1058,'21121,"Meat of chickens, fresh or chilled",5532,Producer Price (USD/tonne),7021,Annual value,USD,872.400000,902.100000,992.300000,962.300000,1131.100000,1175.100000,993.900000,905.300000,858.900000,741.300000,807.900000,793.700000,933.100000,1067.600000,1035.200000,946.200000,1139.300000,1544.100000,1328.700000,1246.400000,1531.800000,1467.800000,1662.700000,1663.800000,1188.200000,1192.900000,1200.100000,1341.800000,1253.200000,1390.200000,1427.800000,1762.500000,1783.700000,1588.100000,
54,'208,Denmark,1058,'21121,"Meat of chickens, fresh or chilled",5539,Producer Price Index (2014-2016 = 100),7021,Annual value,,66.000000,64.410000,76.110000,72.400000,74.960000,80.600000,77.640000,71.750000,70.880000,70.880000,79.540000,74.120000,72.710000,75.660000,73.430000,66.560000,73.360000,93.120000,84.250000,82.920000,97.280000,100.570000,110.460000,110.450000,94.560000,94.990000,93.730000,100.230000,98.870000,107.580000,106.190000,147.530000,145.360000,129.510000,128.650000
54,'208,Denmark,1095,'21121b,"Meat of chickens, fresh or chilled (biological)",5530,Producer Price (LCU/tonne),7021,Annual value,LCU,5250.000000,5110.000000,4890.000000,4800.000000,4680.000000,4670.000000,4980.000000,4780.000000,4300.000000,4260.000000,4730.000000,4460.000000,4250.000000,4340.000000,4270.000000,3770.000000,4242.500000,5948.300000,5181.700000,5525.000000,6515.800000,6826.700000,7295.800000,6636.500000,6292.000000,6219.000000,6100.000000,6167.000000,6181.000000,5938.000000,5751.000000,7513.000000,8128.000000,8105.000000,
54,'208,Denmark,1095,'21121b,"Meat of chickens, fresh or chilled (biological)",5531,Producer Price (SLC/tonne),7021,Annual value,SLC,5250.000000,5110.000000,4890.000000,4800.000000,4680.000000,4670.000000,4980.000000,4780.000000,4300.000000,4260.000000,4730.000000,4460.000000,4250.000000,4340.000000,4270.000000,3770.000000,4242.500000,5948.300000,5181.700000,5525.000000,6515.800000,6826.700000,7295.800000,6636.500000,6292.000000,6219.000000,6100.000000,6167.000000,6181.000000,5938.000000,5751.000000,7513.000000,8128.000000,8105.000000,
54,'208,Denmark,1095,'21121b,"Meat of chickens, fresh or chilled (biological)",5532,Producer Price (USD/tonne),7021,Annual value,USD,820.800000,846.600000,754.200000,754.700000,835.400000,805.400000,754.000000,713.300000,616.400000,527.000000,568.300000,564.900000,645.100000,724.400000,712.000000,634.000000,779.300000,1166.800000,966.600000,982.400000,1213.700000,1178.500000,1299.000000,1182.500000,935.200000,923.800000,923.800000,976.600000,926.800000,907.700000,914.700000,1061.700000,1179.700000,1175.600000,
54,'208,Denmark,1095,'21121b,"Meat of chickens, fresh or chilled (biological)",5539,Producer Price Index (2014-2016 = 100),7021,Annual value,,82.260000,80.060000,76.620000,75.210000,73.330000,73.170000,78.030000,74.890000,67.370000,66.740000,74.110000,69.880000,66.590000,68.000000,66.900000,59.070000,66.470000,93.200000,81.190000,86.560000,102.090000,106.960000,114.310000,103.980000,98.580000,97.440000,95.570000,96.620000,96.840000,93.040000,90.110000,117.710000,127.350000,126.990000,131.070000
54,'208,Denmark,1069,'21122,"Meat of ducks, fresh or chilled",5539,Producer Price Index (2014-2016 = 100),7021,Annual value,,80.780000,78.630000,75.240000,73.860000,72.010000,71.860000,76.630000,73.550000,66.170000,65.550000,72.780000,72.140000,70.760000,72.250000,71.180000,62.430000,70.610000,91.900000,78.730000,94.890000,101.650000,106.990000,114.350000,103.960000,98.590000,97.450000,95.580000,96.640000,95.840000,95.060000,97.260000,96.130000,95.750000,93.060000,90.890000
54,'208,Denmark,1071,'21122b,"Meat of ducks, fresh or chilled (biological)",5539,Producer Price Index (2014-2016 = 100),7021,Annual value,,80.770000,78.620000,75.230000,73.850000,72.000000,71.850000,76.620000,73.540000,66.150000,65.540000,72.770000,72.130000,70.760000,72.250000,71.180000,62.430000,70.610000,91.900000,78.730000,94.890000,101.650000,106.990000,114.350000,103.960000,98.590000,97.450000,95.580000,96.640000,95.840000,95.060000,97.270000,96.130000,95.750000,93.060000,90.890000
54,'208,Denmark,1073,'21123,"Meat of geese, fresh or chilled",5539,Producer Price Index (2014-2016 = 100),7021,Annual value,,94.610000,92.090000,88.130000,86.500000,84.340000,84.160000,89.750000,86.140000,77.500000,76.770000,85.240000,84.490000,70.760000,72.250000,71.180000,62.430000,70.610000,91.900000,78.730000,94.890000,101.650000,106.990000,114.350000,103.960000,98.590000,97.450000,95.580000,96.640000,96.300000,95.080000,95.130000,94.240000,93.750000,92.490000,91.470000
54,'208,Denmark,1078,'21123b,"Meat of geese, fresh or chilled (biological)",5539,Producer Price Index (2014-2016 = 100),7021,Annual value,,80.770000,78.620000,75.230000,73.840000,72.000000,71.850000,76.610000,73.540000,66.150000,65.540000,72.770000,72.130000,70.760000,72.250000,71.180000,62.430000,70.610000,91.900000,78.730000,94.890000,101.650000,106.990000,114.350000,103.960000,98.590000,97.450000,95.580000,96.640000,95.840000,95.060000,97.270000,96.130000,95.760000,93.060000,90.890000
54,'208,Denmark,1035,'21113.01,"Meat of pig with the bone, fresh or chilled",5530,Producer Price (LCU/tonne),7021,Annual value,LCU,12193.000000,12371.000000,9869.000000,10525.000000,11496.000000,11823.000000,8468.000000,7888.000000,10140.000000,10140.000000,11951.000000,9589.000000,8292.000000,9253.000000,9469.000000,10069.000000,9231.000000,9642.800000,9497.300000,9764.200000,10742.800000,12335.900000,12400.300000,12400.300000,10211.000000,11191.000000,12511.000000,10313.000000,13343.000000,13839.000000,11404.000000,12330.000000,16465.000000,14766.000000,
54,'208,Denmark,1035,'21113.01,"Meat of pig with the bone, fresh or chilled",5531,Producer Price (SLC/tonne),7021,Annual value,SLC,12193.000000,12371.000000,9869.000000,10525.000000,11496.000000,11823.000000,8468.000000,7888.000000,10140.000000,10140.000000,11951.000000,9589.000000,8292.000000,9253.000000,9469.000000,10069.000000,9231.000000,9642.800000,9497.300000,9764.200000,10742.800000,12335.900000,12400.300000,12400.300000,10211.000000,11191.000000,12511.000000,10313.000000,13343.000000,13839.000000,11404.000000,12330.000000,16465.000000,14766.000000,
54,'208,Denmark,1035,'21113.01,"Meat of pig with the bone, fresh or chilled",5532,Producer Price (USD/tonne),7021,Annual value,USD,1906.200000,2049.500000,1522.100000,1654.700000,2052.000000,2038.900000,1282.200000,1177.200000,1453.500000,1254.500000,1435.900000,1214.600000,1258.700000,1544.500000,1579.000000,1693.200000,1695.700000,1891.400000,1771.600000,1736.100000,2001.000000,2129.600000,2207.900000,2209.400000,1517.700000,1662.400000,1894.800000,1633.200000,2000.600000,2115.400000,1813.900000,1742.500000,2389.800000,2141.700000,
54,'208,Denmark,1035,'21113.01,"Meat of pig with the bone, fresh or chilled",5539,Producer Price Index (2014-2016 = 100),7021,Annual value,,108.210000,109.790000,87.590000,93.410000,102.030000,104.930000,75.150000,70.010000,89.990000,89.990000,106.070000,85.100000,73.590000,82.120000,84.040000,89.360000,81.930000,85.580000,84.290000,86.660000,95.340000,109.480000,110.050000,110.050000,90.620000,99.320000,111.040000,91.530000,118.420000,122.820000,101.210000,109.430000,146.130000,131.050000,129.610000
54,'208,Denmark,1056,'21113.01b,"Meat of pig with the bone, fresh or chilled (biological)",5530,Producer Price (LCU/tonne),7021,Annual value,LCU,8250.000000,8550.000000,6570.000000,6700.000000,6940.000000,7680.000000,7860.000000,5520.000000,5260.000000,6810.000000,8110.000000,6390.000000,5520.000000,6150.000000,6230.000000,6660.000000,5900.000000,6648.600000,6280.800000,6516.400000,7177.700000,8069.500000,8146.800000,7428.500000,6655.000000,7018.000000,7629.000000,6418.000000,8210.000000,8617.000000,7287.000000,8149.000000,9644.000000,8569.000000,
54,'208,Denmark,1056,'21113.01b,"Meat of pig with the bone, fresh or chilled (biological)",5531,Producer Price (SLC/tonne),7021,Annual value,SLC,8250.000000,8550.000000,6570.000000,6700.000000,6940.000000,7680.000000,7860.000000,5520.000000,5260.000000,6810.000000,8110.000000,6390.000000,5520.000000,6150.000000,6230.000000,6660.000000,5900.000000,6648.600000,6280.800000,6516.400000,7177.700000,8069.500000,8146.800000,7428.500000,6655.000000,7018.000000,7629.000000,6418.000000,8210.000000,8617.000000,7287.000000,8149.000000,9644.000000,8569.000000,
54,'208,Denmark,1056,'21113.01b,"Meat of pig with the bone, fresh or chilled (biological)",5532,Producer Price (USD/tonne),7021,Annual value,USD,1289.800000,1416.500000,1013.300000,1053.400000,1238.800000,1324.400000,1190.100000,823.800000,754.000000,842.500000,974.400000,809.400000,837.900000,1026.500000,1038.900000,1119.900000,1083.800000,1304.100000,1171.600000,1158.700000,1337.000000,1393.100000,1450.600000,1323.600000,989.200000,1042.500000,1155.400000,1016.400000,1231.000000,1317.200000,1159.000000,1151.600000,1399.800000,1242.900000,
54,'208,Denmark,1056,'21113.01b,"Meat of pig with the bone, fresh or chilled (biological)",5539,Producer Price Index (2014-2016 = 100),7021,Annual value,,117.290000,121.560000,93.410000,95.250000,98.670000,109.190000,111.750000,78.480000,74.780000,96.820000,115.300000,90.850000,78.480000,87.430000,88.570000,94.690000,83.880000,94.520000,89.290000,92.640000,102.050000,114.720000,115.820000,105.610000,94.610000,99.770000,108.460000,91.240000,116.720000,122.510000,103.600000,115.850000,137.110000,121.830000,118.190000
54,'208,Denmark,977,'21115,"Meat of sheep, fresh or chilled",5530,Producer Price (LCU/tonne),7021,Annual value,LCU,,,14539.000000,16812.000000,19370.000000,21407.000000,19712.000000,16785.000000,17492.000000,17492.000000,21014.000000,20981.000000,18110.000000,18410.000000,16076.000000,16683.000000,16086.000000,16158.500000,16772.900000,17178.300000,18882.600000,19396.200000,19596.800000,19596.800000,24795.000000,25478.000000,24973.000000,24973.000000,23553.000000,26200.000000,29919.000000,33414.000000,34103.000000,35755.000000,
54,'208,Denmark,977,'21115,"Meat of sheep, fresh or chilled",5531,Producer Price (SLC/tonne),7021,Annual value,SLC,,,14539.000000,16812.000000,19370.000000,21407.000000,19712.000000,16785.000000,17492.000000,17492.000000,21014.000000,20981.000000,18110.000000,18410.000000,16076.000000,16683.000000,16086.000000,16158.500000,16772.900000,17178.300000,18882.600000,19396.200000,19596.800000,19596.800000,24795.000000,25478.000000,24973.000000,24973.000000,23553.000000,26200.000000,29919.000000,33414.000000,34103.000000,35755.000000,
54,'208,Denmark,977,'21115,"Meat of sheep, fresh or chilled",5532,Producer Price (USD/tonne),7021,Annual value,USD,,,2242.300000,2643.200000,3457.500000,3691.700000,2984.700000,2504.900000,2507.400000,2164.000000,2524.900000,2657.600000,2749.100000,3072.900000,2680.700000,2805.400000,2955.000000,3169.500000,3128.800000,3054.400000,3517.200000,3348.500000,3489.300000,3491.700000,3685.400000,3784.800000,3782.100000,3954.800000,3531.500000,4004.800000,4758.800000,4722.100000,4949.900000,5186.000000,
54,'208,Denmark,977,'21115,"Meat of sheep, fresh or chilled",5539,Producer Price Index (2014-2016 = 100),7021,Annual value,,35.050000,35.050000,62.430000,72.190000,83.170000,91.920000,84.640000,72.070000,75.110000,75.110000,90.230000,90.090000,77.760000,79.050000,69.030000,71.630000,69.070000,69.380000,72.020000,73.760000,81.080000,83.280000,84.140000,84.140000,106.460000,109.390000,107.230000,107.230000,101.130000,112.490000,128.460000,143.470000,146.430000,153.520000,160.370000
54,'208,Denmark,1013,'21115b,"Meat of sheep, fresh or chilled (biological)",5530,Producer Price (LCU/tonne),7021,Annual value,LCU,4000.000000,4000.000000,,,,,,,,,,,,,,,,10234.200000,10640.000000,10898.800000,12007.000000,11966.300000,13498.800000,13404.200000,14071.000000,14269.000000,13778.000000,14193.000000,13398.000000,14836.000000,17289.000000,19383.000000,19375.000000,20469.000000,
54,'208,Denmark,1013,'21115b,"Meat of sheep, fresh or chilled (biological)",5531,Producer Price (SLC/tonne),7021,Annual value,SLC,4000.000000,4000.000000,,,,,,,,,,,,,,,,10234.200000,10640.000000,10898.800000,12007.000000,11966.300000,13498.800000,13404.200000,14071.000000,14269.000000,13778.000000,14193.000000,13398.000000,14836.000000,17289.000000,19383.000000,19375.000000,20469.000000,
54,'208,Denmark,1013,'21115b,"Meat of sheep, fresh or chilled (biological)",5532,Producer Price (USD/tonne),7021,Annual value,USD,625.300000,662.700000,,,,,,,,,,,,,,,,2007.400000,1984.700000,1937.900000,2236.500000,2065.800000,2403.500000,2388.300000,2091.400000,2119.700000,2086.700000,2247.600000,2008.900000,2267.800000,2749.900000,2739.200000,2812.200000,2968.900000,
54,'208,Denmark,1013,'21115b,"Meat of sheep, fresh or chilled (biological)",5539,Producer Price Index (2014-2016 = 100),7021,Annual value,,28.750000,28.750000,26.280000,74.700000,74.920000,75.410000,69.440000,59.130000,61.620000,61.620000,74.030000,73.910000,63.800000,64.860000,56.630000,58.770000,56.670000,73.550000,76.470000,78.330000,86.290000,86.000000,97.010000,96.330000,101.120000,102.550000,99.020000,102.000000,96.290000,106.620000,124.250000,139.300000,139.240000,147.100000,154.130000
54,'208,Denmark,1080,'21124,"Meat of turkeys, fresh or chilled",5539,Producer Price Index (2014-2016 = 100),7021,Annual value,,94.770000,92.240000,88.270000,86.650000,84.490000,84.310000,89.900000,86.290000,77.630000,76.910000,85.390000,84.630000,70.760000,72.250000,71.180000,62.430000,70.610000,91.900000,78.730000,94.890000,101.650000,106.990000,114.350000,103.960000,98.590000,97.450000,95.580000,96.640000,96.300000,95.080000,95.110000,94.220000,93.730000,92.480000,91.480000
54,'208,Denmark,1088,'21124b,"Meat of turkeys, fresh or chilled (biological)",5539,Producer Price Index (2014-2016 = 100),7021,Annual value,,80.770000,78.610000,75.230000,73.850000,72.000000,71.850000,76.620000,73.540000,66.160000,65.540000,72.770000,72.130000,70.760000,72.250000,71.180000,62.430000,70.610000,91.900000,78.730000,94.890000,101.650000,106.990000,114.350000,103.960000,98.590000,97.450000,95.580000,96.640000,95.840000,95.060000,97.270000,96.130000,95.760000,93.060000,90.890000
54,'208,Denmark,103,'01199.02,Mixed grain,5539,Producer Price Index (2014-2016 = 100),7021,Annual value,,118.470000,122.850000,,,,,,,,,,,,,,,,131.710000,80.270000,86.640000,127.380000,137.740000,129.510000,104.550000,103.060000,92.390000,97.860000,112.870000,102.710000,106.460000,126.360000,80.710000,115.060000,95.200000,90.570000
54,'208,Denmark,449,'01270,Mushrooms and truffles,5530,Producer Price (LCU/tonne),7021,Annual value,LCU,15927.000000,14731.000000,14753.000000,14474.000000,14660.000000,13960.000000,13260.000000,15080.000000,15000.000000,24130.000000,23340.000000,23340.000000,19640.000000,19270.000000,19490.000000,18350.000000,14950.000000,18410.000000,12790.000000,21820.000000,24270.000000,23710.000000,25320.000000,18410.000000,25218.000000,25546.000000,25867.000000,25212.000000,,,28758.000000,30875.000000,31632.000000,33134.000000,
54,'208,Denmark,449,'01270,Mushrooms and truffles,5531,Producer Price (SLC/tonne),7021,Annual value,SLC,15927.000000,14731.000000,14753.000000,14474.000000,14660.000000,13960.000000,13260.000000,15080.000000,15000.000000,24130.000000,23340.000000,23340.000000,19640.000000,19270.000000,19490.000000,18350.000000,14950.000000,18410.000000,12790.000000,21820.000000,24270.000000,23710.000000,25320.000000,18410.000000,25218.000000,25546.000000,25867.000000,25212.000000,,,28758.000000,30875.000000,31632.000000,33134.000000,
54,'208,Denmark,449,'01270,Mushrooms and truffles,5532,Producer Price (USD/tonne),7021,Annual value,USD,2490.000000,2440.500000,2275.300000,2275.600000,2616.800000,2407.400000,2007.700000,2250.500000,2150.200000,2985.200000,2804.300000,2956.400000,2981.300000,3216.500000,3250.000000,3085.700000,2746.300000,3611.100000,2385.800000,3879.700000,4520.600000,4093.200000,4508.300000,3280.200000,3748.300000,3794.900000,3917.500000,3992.600000,,,4574.100000,4363.200000,4591.200000,4805.900000,
54,'208,Denmark,449,'01270,Mushrooms and truffles,5539,Producer Price Index (2014-2016 = 100),7021,Annual value,,69.070000,63.890000,63.980000,62.770000,63.580000,60.540000,57.510000,65.400000,65.050000,104.650000,101.220000,101.220000,85.180000,83.570000,84.530000,79.580000,64.840000,79.840000,55.470000,94.630000,105.260000,102.830000,109.810000,79.840000,109.370000,110.790000,112.180000,109.340000,129.890000,127.310000,124.720000,133.900000,137.180000,143.700000,150.070000
54,'208,Denmark,292,'01442,Mustard seed,5539,Producer Price Index (2014-2016 = 100),7021,Annual value,,119.600000,95.170000,70.730000,77.040000,70.210000,73.500000,76.870000,76.430000,63.900000,63.880000,73.140000,71.100000,70.170000,62.170000,58.130000,66.740000,80.140000,108.360000,85.320000,87.310000,120.420000,132.240000,115.560000,96.490000,100.220000,103.290000,105.820000,103.640000,91.880000,101.680000,110.980000,186.700000,184.200000,142.080000,170.770000
54,'208,Denmark,75,'0117,Oats,5530,Producer Price (LCU/tonne),7021,Annual value,LCU,1207.000000,1384.000000,1235.000000,945.000000,882.000000,970.000000,918.000000,803.000000,821.000000,924.000000,835.000000,787.000000,758.000000,745.000000,748.000000,842.000000,1374.000000,1265.000000,758.000000,922.000000,1298.000000,1486.000000,1163.000000,1008.000000,1055.000000,950.000000,980.000000,1214.000000,1162.000000,1144.000000,1343.000000,2022.000000,1799.000000,1705.000000,
54,'208,Denmark,75,'0117,Oats,5531,Producer Price (SLC/tonne),7021,Annual value,SLC,1207.000000,1384.000000,1235.000000,945.000000,882.000000,970.000000,918.000000,803.000000,821.000000,924.000000,835.000000,787.000000,758.000000,745.000000,748.000000,842.000000,1374.000000,1265.000000,758.000000,922.000000,1298.000000,1486.000000,1163.000000,1008.000000,1055.000000,950.000000,980.000000,1214.000000,1162.000000,1144.000000,1343.000000,2022.000000,1799.000000,1705.000000,
54,'208,Denmark,75,'0117,Oats,5532,Producer Price (USD/tonne),7021,Annual value,USD,188.700000,229.300000,190.500000,148.600000,157.400000,167.300000,139.000000,119.800000,117.700000,114.300000,100.300000,99.700000,115.100000,124.400000,124.700000,141.600000,252.400000,248.100000,141.400000,163.900000,241.800000,256.500000,207.100000,179.600000,156.800000,141.100000,148.400000,192.300000,174.200000,174.900000,213.600000,285.700000,261.100000,247.300000,
54,'208,Denmark,75,'0117,Oats,5539,Producer Price Index (2014-2016 = 100),7021,Annual value,,120.180000,137.800000,122.970000,94.090000,87.820000,96.580000,91.400000,79.950000,81.750000,92.000000,83.140000,78.360000,75.470000,74.180000,74.480000,83.840000,136.810000,125.950000,75.470000,91.800000,129.240000,147.960000,115.800000,100.370000,105.040000,94.590000,97.580000,120.880000,115.700000,113.910000,133.720000,201.330000,179.120000,169.760000,212.980000
54,'208,Denmark,403,'01253.02,"Onions and shallots, dry (excluding dehydrated)",5530,Producer Price (LCU/tonne),7021,Annual value,LCU,1590.000000,1460.000000,1030.000000,2170.000000,2650.000000,1120.000000,1770.000000,2550.000000,1410.000000,1180.000000,1930.000000,2250.000000,1790.000000,1740.000000,1190.000000,1720.000000,2570.000000,1380.000000,1150.000000,2290.000000,2180.000000,1630.000000,1800.000000,1510.000000,2044.000000,1825.000000,1808.000000,1939.000000,3553.000000,2326.000000,2247.000000,2642.000000,4120.000000,3283.000000,
54,'208,Denmark,403,'01253.02,"Onions and shallots, dry (excluding dehydrated)",5531,Producer Price (SLC/tonne),7021,Annual value,SLC,1590.000000,1460.000000,1030.000000,2170.000000,2650.000000,1120.000000,1770.000000,2550.000000,1410.000000,1180.000000,1930.000000,2250.000000,1790.000000,1740.000000,1190.000000,1720.000000,2570.000000,1380.000000,1150.000000,2290.000000,2180.000000,1630.000000,1800.000000,1510.000000,2044.000000,1825.000000,1808.000000,1939.000000,3553.000000,2326.000000,2247.000000,2642.000000,4120.000000,3283.000000,
54,'208,Denmark,403,'01253.02,"Onions and shallots, dry (excluding dehydrated)",5532,Producer Price (USD/tonne),7021,Annual value,USD,248.600000,241.900000,158.900000,341.200000,473.000000,193.100000,268.000000,380.600000,202.100000,146.000000,231.900000,285.000000,271.700000,290.400000,198.400000,289.200000,472.100000,270.700000,214.500000,407.200000,406.100000,281.400000,320.500000,269.000000,303.800000,271.100000,273.800000,307.100000,532.700000,355.500000,357.400000,373.400000,598.000000,476.200000,
54,'208,Denmark,403,'01253.02,"Onions and shallots, dry (excluding dehydrated)",5539,Producer Price Index (2014-2016 = 100),7021,Annual value,,88.680000,81.430000,57.450000,121.030000,147.800000,62.470000,98.720000,142.220000,78.640000,65.810000,107.640000,125.490000,99.830000,97.040000,66.370000,95.930000,143.340000,76.970000,64.140000,127.720000,121.580000,90.910000,100.390000,84.220000,114.000000,101.780000,100.840000,108.140000,198.160000,129.730000,125.320000,147.350000,229.780000,183.100000,183.390000
54,'208,Denmark,211,'01709.90,Other pulses n.e.c.,5530,Producer Price (LCU/tonne),7021,Annual value,LCU,,,,,,,,,,,,,1006.500000,,,,,,,,,,,,,,,,,,,,,,
54,'208,Denmark,211,'01709.90,Other pulses n.e.c.,5531,Producer Price (SLC/tonne),7021,Annual value,SLC,,,,,,,,,,,,,1006.500000,,,,,,,,,,,,,,,,,,,,,,
54,'208,Denmark,211,'01709.90,Other pulses n.e.c.,5532,Producer Price (USD/tonne),7021,Annual value,USD,,,,,,,,,,,,,152.800000,,,,,,,,,,,,,,,,,,,,,,
54,'208,Denmark,211,'01709.90,Other pulses n.e.c.,5539,Producer Price Index (2014-2016 = 100),7021,Annual value,,173.700000,171.270000,124.860000,127.190000,156.730000,151.500000,127.780000,104.230000,95.900000,91.520000,95.830000,83.000000,91.540000,103.540000,85.840000,88.140000,92.530000,95.530000,94.930000,99.820000,102.510000,100.820000,98.420000,98.420000,99.720000,101.860000,100.960000,102.970000,98.170000,98.610000,95.590000,123.150000,119.470000,109.730000,106.920000
54,'208,Denmark,463,'01290.90,"Other vegetables, fresh n.e.c.",5539,Producer Price Index (2014-2016 = 100),7021,Annual value,,87.220000,78.570000,71.130000,83.250000,86.220000,72.570000,66.320000,76.070000,72.470000,78.750000,81.750000,81.010000,92.350000,84.770000,89.140000,89.670000,92.530000,92.790000,93.150000,97.430000,101.170000,100.820000,98.420000,98.420000,99.720000,101.860000,100.960000,102.970000,102.140000,100.110000,102.990000,102.530000,103.050000,102.370000,101.900000
54,'208,Denmark,521,'01342.01,Pears,5530,Producer Price (LCU/tonne),7021,Annual value,LCU,8320.000000,4960.000000,2408.000000,3044.000000,4027.000000,4780.000000,4700.000000,5244.000000,6577.000000,4130.000000,7000.000000,4790.000000,7090.000000,8150.000000,5130.000000,5600.000000,5260.000000,6408.000000,3852.000000,5508.000000,5544.000000,7690.000000,6383.000000,7120.000000,4285.000000,5068.000000,5256.000000,5151.000000,4841.000000,6104.000000,6401.000000,5889.000000,6372.000000,7356.000000,
54,'208,Denmark,521,'01342.01,Pears,5531,Producer Price (SLC/tonne),7021,Annual value,SLC,8320.000000,4960.000000,2408.000000,3044.000000,4027.000000,4780.000000,4700.000000,5244.000000,6577.000000,4130.000000,7000.000000,4790.000000,7090.000000,8150.000000,5130.000000,5600.000000,5260.000000,6408.000000,3852.000000,5508.000000,5544.000000,7690.000000,6383.000000,7120.000000,4285.000000,5068.000000,5256.000000,5151.000000,4841.000000,6104.000000,6401.000000,5889.000000,6372.000000,7356.000000,
54,'208,Denmark,521,'01342.01,Pears,5532,Producer Price (USD/tonne),7021,Annual value,USD,1300.700000,821.700000,371.400000,478.600000,718.800000,824.300000,711.600000,782.600000,942.800000,510.900000,841.100000,606.700000,1076.300000,1360.400000,855.400000,941.700000,966.300000,1256.900000,718.500000,979.400000,1032.700000,1327.600000,1136.500000,1268.600000,636.900000,752.900000,796.000000,815.700000,725.800000,933.000000,1018.100000,832.200000,924.900000,1066.900000,
54,'208,Denmark,521,'01342.01,Pears,5539,Producer Price Index (2014-2016 = 100),7021,Annual value,,151.520000,90.330000,43.850000,55.440000,73.340000,87.050000,85.590000,95.500000,119.780000,75.210000,127.480000,87.230000,129.120000,148.420000,93.430000,101.990000,95.790000,116.700000,70.150000,100.310000,100.970000,140.050000,116.240000,129.670000,78.040000,92.300000,95.720000,93.810000,88.160000,111.160000,116.570000,107.250000,116.040000,133.960000,134.590000
54,'208,Denmark,187,'01705,"Peas, dry",5530,Producer Price (LCU/tonne),7021,Annual value,LCU,1913.000000,2095.000000,1628.000000,,,,,,,,,1082.100000,1193.500000,,,,,,1238.000000,1416.000000,1579.000000,2204.000000,1674.000000,1484.000000,1435.000000,1360.000000,1367.000000,1636.000000,1583.000000,1594.000000,2503.000000,3232.000000,3032.000000,2397.000000,
54,'208,Denmark,187,'01705,"Peas, dry",5531,Producer Price (SLC/tonne),7021,Annual value,SLC,1913.000000,2095.000000,1628.000000,,,,,,,,,1082.100000,1193.500000,,,,,,1238.000000,1416.000000,1579.000000,2204.000000,1674.000000,1484.000000,1435.000000,1360.000000,1367.000000,1636.000000,1583.000000,1594.000000,2503.000000,3232.000000,3032.000000,2397.000000,
54,'208,Denmark,187,'01705,"Peas, dry",5532,Producer Price (USD/tonne),7021,Annual value,USD,299.100000,347.100000,251.100000,,,,,,,,,137.100000,181.200000,,,,,,230.900000,251.800000,294.100000,380.500000,298.100000,264.400000,213.300000,202.000000,207.000000,259.100000,237.400000,243.700000,398.100000,456.700000,440.100000,347.700000,
54,'208,Denmark,187,'01705,"Peas, dry",5539,Producer Price Index (2014-2016 = 100),7021,Annual value,,134.120000,146.880000,114.140000,116.270000,143.270000,138.490000,116.800000,95.280000,87.670000,83.660000,87.600000,75.870000,83.680000,94.650000,78.470000,80.570000,84.580000,87.320000,86.800000,99.280000,110.700000,154.520000,117.360000,104.040000,100.610000,95.350000,95.840000,114.700000,110.980000,111.760000,175.480000,226.590000,212.570000,168.050000,123.530000
54,'208,Denmark,417,'01242,"Peas, green",5530,Producer Price (LCU/tonne),7021,Annual value,LCU,,,,,,,,,,,,,954.500000,,,,,,,,,,,,,,,,,,,,,,
54,'208,Denmark,417,'01242,"Peas, green",5531,Producer Price (SLC/tonne),7021,Annual value,SLC,,,,,,,,,,,,,954.500000,,,,,,,,,,,,,,,,,,,,,,
54,'208,Denmark,417,'01242,"Peas, green",5532,Producer Price (USD/tonne),7021,Annual value,USD,,,,,,,,,,,,,144.900000,,,,,,,,,,,,,,,,,,,,,,
54,'208,Denmark,417,'01242,"Peas, green",5539,Producer Price Index (2014-2016 = 100),7021,Annual value,,134.500000,124.000000,112.980000,115.090000,141.820000,137.080000,115.620000,94.310000,86.780000,82.820000,86.710000,75.100000,82.830000,93.690000,77.680000,79.750000,83.730000,86.440000,85.900000,98.250000,109.560000,152.920000,116.150000,102.970000,101.160000,95.870000,96.370000,115.330000,106.190000,119.880000,101.230000,119.980000,109.750000,99.830000,89.910000
54,'208,Denmark,536,'01346,Plums and sloes,5530,Producer Price (LCU/tonne),7021,Annual value,LCU,8310.000000,5000.000000,3838.000000,5083.000000,6223.000000,5150.000000,6520.000000,14479.000000,7477.000000,7480.000000,11850.000000,14440.000000,12150.000000,12780.000000,16690.000000,9430.000000,9430.000000,14030.000000,10080.000000,15220.000000,8110.000000,15350.000000,12510.000000,11130.000000,14660.000000,11852.000000,14958.000000,11115.000000,11525.000000,,19348.000000,17759.000000,22442.000000,23298.000000,
54,'208,Denmark,536,'01346,Plums and sloes,5531,Producer Price (SLC/tonne),7021,Annual value,SLC,8310.000000,5000.000000,3838.000000,5083.000000,6223.000000,5150.000000,6520.000000,14479.000000,7477.000000,7480.000000,11850.000000,14440.000000,12150.000000,12780.000000,16690.000000,9430.000000,9430.000000,14030.000000,10080.000000,15220.000000,8110.000000,15350.000000,12510.000000,11130.000000,14660.000000,11852.000000,14958.000000,11115.000000,11525.000000,,19348.000000,17759.000000,22442.000000,23298.000000,
54,'208,Denmark,536,'01346,Plums and sloes,5532,Producer Price (USD/tonne),7021,Annual value,USD,1299.200000,828.300000,591.900000,799.100000,1110.800000,888.100000,987.200000,2160.800000,1071.800000,925.400000,1423.800000,1829.100000,1844.400000,2133.200000,2783.100000,1585.700000,1732.300000,2752.000000,1880.300000,2706.200000,1510.600000,2650.000000,2227.400000,1983.100000,2179.000000,1760.600000,2265.400000,1760.200000,1728.000000,,3077.400000,2509.700000,3257.300000,3379.200000,
54,'208,Denmark,536,'01346,Plums and sloes,5539,Producer Price Index (2014-2016 = 100),7021,Annual value,,66.230000,39.850000,30.590000,40.510000,49.600000,41.040000,51.960000,115.400000,59.590000,59.610000,94.440000,115.080000,96.830000,101.850000,133.020000,75.160000,75.160000,111.820000,80.340000,121.300000,64.640000,122.340000,99.700000,88.700000,116.840000,94.460000,119.210000,88.580000,91.850000,123.030000,154.200000,141.540000,178.860000,185.680000,198.280000
54,'208,Denmark,116,'01510,Potatoes,5530,Producer Price (LCU/tonne),7021,Annual value,LCU,1646.000000,1422.000000,894.000000,1587.000000,2083.000000,1387.000000,1082.000000,1453.000000,1762.000000,1248.000000,1614.000000,1140.000000,1168.000000,1232.000000,998.000000,1674.000000,1792.000000,1306.000000,983.000000,1202.000000,1277.000000,1213.000000,1716.000000,1800.000000,1875.000000,1736.000000,1887.000000,1547.000000,1831.000000,1590.000000,1489.000000,2304.000000,2827.000000,3692.000000,
54,'208,Denmark,116,'01510,Potatoes,5531,Producer Price (SLC/tonne),7021,Annual value,SLC,1646.000000,1422.000000,894.000000,1587.000000,2083.000000,1387.000000,1082.000000,1453.000000,1762.000000,1248.000000,1614.000000,1140.000000,1168.000000,1232.000000,998.000000,1674.000000,1792.000000,1306.000000,983.000000,1202.000000,1277.000000,1213.000000,1716.000000,1800.000000,1875.000000,1736.000000,1887.000000,1547.000000,1831.000000,1590.000000,1489.000000,2304.000000,2827.000000,3692.000000,
54,'208,Denmark,116,'01510,Potatoes,5532,Producer Price (USD/tonne),7021,Annual value,USD,257.300000,235.600000,137.900000,249.500000,371.800000,239.200000,163.800000,216.800000,252.600000,154.400000,193.900000,144.400000,177.300000,205.600000,166.400000,281.500000,329.200000,256.200000,183.400000,213.700000,237.900000,209.400000,305.500000,320.700000,278.700000,257.900000,285.800000,245.000000,274.500000,243.000000,236.800000,325.600000,410.300000,535.500000,
54,'208,Denmark,116,'01510,Potatoes,5539,Producer Price Index (2014-2016 = 100),7021,Annual value,,91.260000,78.840000,49.570000,87.990000,115.490000,76.900000,59.990000,80.560000,97.690000,69.190000,89.480000,63.200000,64.760000,68.310000,55.330000,92.810000,99.350000,72.410000,54.500000,66.640000,70.800000,67.250000,95.140000,99.800000,103.950000,96.250000,104.620000,85.770000,101.520000,88.150000,82.550000,127.740000,156.740000,204.690000,249.200000
54,'208,Denmark,270,'01443,Rape or colza seed,5530,Producer Price (LCU/tonne),7021,Annual value,LCU,2691.000000,1413.000000,1591.000000,1733.000000,1580.000000,1653.000000,1729.000000,1719.000000,1438.000000,1437.000000,1646.000000,1739.000000,1716.000000,1632.000000,1525.000000,1730.000000,2078.000000,2840.000000,2135.000000,2299.000000,3123.000000,3429.000000,2997.000000,2810.000000,2599.000000,2678.000000,2744.000000,2688.000000,2724.000000,2806.000000,3434.000000,4306.000000,4064.000000,3430.000000,
54,'208,Denmark,270,'01443,Rape or colza seed,5531,Producer Price (SLC/tonne),7021,Annual value,SLC,2691.000000,1413.000000,1591.000000,1733.000000,1580.000000,1653.000000,1729.000000,1719.000000,1438.000000,1437.000000,1646.000000,1739.000000,1716.000000,1632.000000,1525.000000,1730.000000,2078.000000,2840.000000,2135.000000,2299.000000,3123.000000,3429.000000,2997.000000,2810.000000,2599.000000,2678.000000,2744.000000,2688.000000,2724.000000,2806.000000,3434.000000,4306.000000,4064.000000,3430.000000,
54,'208,Denmark,270,'01443,Rape or colza seed,5532,Producer Price (USD/tonne),7021,Annual value,USD,420.700000,234.100000,245.400000,272.500000,282.000000,285.100000,261.800000,256.500000,206.100000,177.800000,197.800000,220.300000,260.500000,272.400000,254.300000,290.900000,381.700000,557.100000,398.300000,408.800000,581.700000,592.000000,533.600000,500.700000,386.300000,397.800000,415.600000,425.700000,408.400000,428.900000,546.200000,608.500000,589.900000,497.500000,
54,'208,Denmark,270,'01443,Rape or colza seed,5539,Producer Price Index (2014-2016 = 100),7021,Annual value,,99.830000,52.420000,59.020000,64.290000,58.610000,61.320000,64.140000,63.770000,53.340000,53.310000,61.060000,64.510000,63.660000,60.540000,56.570000,64.180000,77.090000,105.350000,79.200000,85.290000,115.850000,127.200000,111.180000,104.240000,96.410000,99.340000,101.790000,99.720000,101.050000,104.090000,127.390000,159.740000,150.760000,127.240000,103.720000
54,'208,Denmark,547,'01353.01,Raspberries,5530,Producer Price (LCU/tonne),7021,Annual value,LCU,,,,,,,,,,48650.000000,56040.000000,50980.000000,61120.000000,43140.000000,43770.000000,56350.000000,56350.000000,54700.000000,64410.000000,63490.000000,42650.000000,65590.000000,65830.000000,67530.000000,60872.000000,69243.000000,72437.000000,71216.000000,74802.000000,77926.000000,81082.000000,82810.000000,80658.000000,86610.000000,
54,'208,Denmark,547,'01353.01,Raspberries,5531,Producer Price (SLC/tonne),7021,Annual value,SLC,,,,,,,,,,48650.000000,56040.000000,50980.000000,61120.000000,43140.000000,43770.000000,56350.000000,56350.000000,54700.000000,64410.000000,63490.000000,42650.000000,65590.000000,65830.000000,67530.000000,60872.000000,69243.000000,72437.000000,71216.000000,74802.000000,77926.000000,81082.000000,82810.000000,80658.000000,86610.000000,
54,'208,Denmark,547,'01353.01,Raspberries,5532,Producer Price (USD/tonne),7021,Annual value,USD,,,,,,,,,,6018.700000,6733.300000,6457.500000,9277.900000,7200.700000,7298.800000,9475.700000,10351.400000,10729.400000,12014.800000,11289.000000,7944.200000,11323.300000,11721.200000,12032.100000,9047.700000,10286.100000,10970.500000,11278.000000,11215.600000,11911.400000,12896.500000,11702.700000,11707.000000,12562.200000,
54,'208,Denmark,547,'01353.01,Raspberries,5539,Producer Price Index (2014-2016 = 100),7021,Annual value,,87.970000,64.830000,73.790000,79.940000,77.230000,80.150000,90.000000,83.040000,77.380000,73.840000,85.060000,77.380000,92.770000,65.480000,66.440000,85.530000,85.530000,83.030000,97.770000,96.370000,64.740000,99.560000,99.920000,102.500000,92.400000,105.100000,109.950000,108.100000,113.540000,118.280000,123.070000,125.700000,122.430000,131.460000,135.730000
54,'208,Denmark,882,'02211,Raw milk of cattle,5530,Producer Price (LCU/tonne),7021,Annual value,LCU,2656.000000,2620.000000,2561.000000,2457.300000,2491.500000,2487.200000,2488.900000,2417.000000,2468.800000,2468.800000,2558.200000,2556.200000,2478.900000,2339.300000,2260.000000,2265.000000,2450.000000,2817.700000,2152.900000,2522.400000,2683.100000,2674.800000,2990.500000,3013.400000,2414.000000,2353.000000,2946.000000,2859.000000,2783.000000,2836.000000,3058.000000,4286.000000,3746.000000,3749.000000,
54,'208,Denmark,882,'02211,Raw milk of cattle,5531,Producer Price (SLC/tonne),7021,Annual value,SLC,2656.000000,2620.000000,2561.000000,2457.300000,2491.500000,2487.200000,2488.900000,2417.000000,2468.800000,2468.800000,2558.200000,2556.200000,2478.900000,2339.300000,2260.000000,2265.000000,2450.000000,2817.700000,2152.900000,2522.400000,2683.100000,2674.800000,2990.500000,3013.400000,2414.000000,2353.000000,2946.000000,2859.000000,2783.000000,2836.000000,3058.000000,4286.000000,3746.000000,3749.000000,
54,'208,Denmark,882,'02211,Raw milk of cattle,5532,Producer Price (USD/tonne),7021,Annual value,USD,415.200000,434.100000,395.000000,386.300000,444.700000,428.900000,376.900000,360.700000,353.900000,305.400000,307.400000,323.800000,376.300000,390.500000,376.900000,380.900000,450.100000,552.700000,401.600000,448.500000,499.800000,461.800000,532.500000,536.900000,358.800000,349.500000,446.200000,452.800000,417.300000,433.500000,486.400000,605.700000,543.700000,543.800000,
54,'208,Denmark,882,'02211,Raw milk of cattle,5539,Producer Price Index (2014-2016 = 100),7021,Annual value,,102.410000,101.020000,98.750000,94.750000,96.070000,95.900000,95.970000,93.200000,95.190000,95.190000,98.640000,98.560000,95.580000,90.200000,87.140000,87.330000,94.470000,108.650000,83.010000,97.260000,103.460000,103.140000,115.310000,116.190000,93.080000,90.730000,113.590000,110.240000,107.310000,109.350000,117.910000,165.260000,144.440000,144.550000,157.070000
54,'208,Denmark,71,'0116,Rye,5530,Producer Price (LCU/tonne),7021,Annual value,LCU,1199.000000,1246.000000,1022.000000,951.000000,929.000000,915.000000,872.000000,807.000000,797.000000,820.000000,761.000000,673.000000,668.000000,713.000000,696.000000,751.000000,1183.000000,1254.000000,716.000000,933.000000,1284.000000,1484.000000,1245.000000,1044.000000,983.000000,922.000000,997.000000,1193.000000,1141.000000,1071.000000,1270.000000,1884.000000,1647.000000,1455.000000,
54,'208,Denmark,71,'0116,Rye,5531,Producer Price (SLC/tonne),7021,Annual value,SLC,1199.000000,1246.000000,1022.000000,951.000000,929.000000,915.000000,872.000000,807.000000,797.000000,820.000000,761.000000,673.000000,668.000000,713.000000,696.000000,751.000000,1183.000000,1254.000000,716.000000,933.000000,1284.000000,1484.000000,1245.000000,1044.000000,983.000000,922.000000,997.000000,1193.000000,1141.000000,1071.000000,1270.000000,1884.000000,1647.000000,1455.000000,
54,'208,Denmark,71,'0116,Rye,5532,Producer Price (USD/tonne),7021,Annual value,USD,187.400000,206.400000,157.600000,149.500000,165.800000,157.800000,132.000000,120.400000,114.200000,101.400000,91.400000,85.200000,101.400000,119.000000,116.100000,126.300000,217.300000,246.000000,133.600000,165.900000,239.200000,256.200000,221.700000,186.000000,146.100000,137.000000,151.000000,188.900000,171.100000,163.700000,202.000000,266.200000,239.100000,211.000000,
54,'208,Denmark,71,'0116,Rye,5539,Producer Price Index (2014-2016 = 100),7021,Annual value,,121.970000,126.750000,103.970000,96.740000,94.510000,93.080000,88.710000,82.100000,81.080000,83.420000,77.420000,68.460000,67.960000,72.530000,70.800000,76.400000,120.350000,127.570000,72.840000,94.910000,130.620000,150.970000,126.650000,106.210000,100.000000,93.790000,101.420000,121.360000,116.070000,108.950000,129.200000,191.660000,167.550000,148.020000,210.170000
54,'208,Denmark,987,'02941,"Shorn wool, greasy, including fleece-washed shorn wool",5539,Producer Price Index (2014-2016 = 100),7021,Annual value,,195.890000,195.890000,195.890000,182.180000,272.290000,293.840000,295.800000,259.560000,171.410000,154.760000,110.680000,106.990000,92.340000,87.820000,84.570000,90.920000,90.520000,101.620000,78.420000,99.140000,109.750000,114.910000,133.550000,112.730000,102.610000,84.660000,103.110000,94.850000,110.020000,113.600000,101.660000,98.100000,94.400000,92.440000,90.380000
54,'208,Denmark,530,'01344.01,Sour cherries,5530,Producer Price (LCU/tonne),7021,Annual value,LCU,,,,,,,,,,,,,4600.000000,2000.000000,5250.000000,2550.000000,3000.000000,1985.000000,645.000000,4830.000000,4400.000000,7210.000000,4240.000000,2000.000000,2810.000000,1490.000000,5920.000000,1420.000000,,,,,,,
54,'208,Denmark,530,'01344.01,Sour cherries,5531,Producer Price (SLC/tonne),7021,Annual value,SLC,,,,,,,,,,,,,4600.000000,2000.000000,5250.000000,2550.000000,3000.000000,1985.000000,645.000000,4830.000000,4400.000000,7210.000000,4240.000000,2000.000000,2810.000000,1490.000000,5920.000000,1420.000000,,,,,,,
54,'208,Denmark,530,'01344.01,Sour cherries,5532,Producer Price (USD/tonne),7021,Annual value,USD,,,,,,,,,,,,,698.300000,333.800000,875.500000,428.800000,551.100000,389.400000,120.300000,858.800000,819.600000,1244.700000,754.900000,356.300000,417.700000,221.300000,896.600000,224.900000,,,,,,,
54,'208,Denmark,530,'01344.01,Sour cherries,5539,Producer Price Index (2014-2016 = 100),7021,Annual value,,,,,,,,304.200000,250.830000,231.530000,219.610000,229.700000,200.820000,219.050000,95.240000,250.000000,121.430000,142.860000,94.520000,30.710000,230.000000,209.520000,343.330000,201.900000,95.240000,133.810000,70.950000,281.900000,67.620000,126.660000,138.450000,151.090000,149.150000,147.210000,145.270000,143.330000
54,'208,Denmark,544,'01354,Strawberries,5530,Producer Price (LCU/tonne),7021,Annual value,LCU,16880.000000,12440.000000,14159.000000,15340.000000,14820.000000,15380.000000,17270.000000,15935.000000,14849.000000,14170.000000,15950.000000,13780.000000,14490.000000,15590.000000,20960.000000,18010.000000,22650.000000,21120.000000,18540.000000,18170.000000,17580.000000,19270.000000,20400.000000,21120.000000,24790.000000,26286.000000,27272.000000,29856.000000,25921.000000,28735.000000,31328.000000,32244.000000,33178.000000,33536.000000,
54,'208,Denmark,544,'01354,Strawberries,5531,Producer Price (SLC/tonne),7021,Annual value,SLC,16880.000000,12440.000000,14159.000000,15340.000000,14820.000000,15380.000000,17270.000000,15935.000000,14849.000000,14170.000000,15950.000000,13780.000000,14490.000000,15590.000000,20960.000000,18010.000000,22650.000000,21120.000000,18540.000000,18170.000000,17580.000000,19270.000000,20400.000000,21120.000000,24790.000000,26286.000000,27272.000000,29856.000000,25921.000000,28735.000000,31328.000000,32244.000000,33178.000000,33536.000000,
54,'208,Denmark,544,'01354,Strawberries,5532,Producer Price (USD/tonne),7021,Annual value,USD,2639.000000,2060.900000,2183.700000,2411.700000,2645.300000,2652.300000,2614.900000,2378.100000,2128.500000,1753.000000,1916.400000,1745.500000,2199.600000,2602.200000,3495.100000,3028.500000,4160.800000,4142.700000,3458.400000,3230.800000,3274.500000,3326.700000,3632.300000,3763.100000,3684.700000,3904.800000,4130.300000,4728.100000,3886.500000,4392.300000,4982.900000,4556.700000,4815.600000,4864.200000,
54,'208,Denmark,544,'01354,Strawberries,5539,Producer Price Index (2014-2016 = 100),7021,Annual value,,70.140000,51.690000,58.840000,63.740000,61.580000,63.910000,71.760000,66.220000,61.700000,58.880000,66.280000,57.260000,60.210000,64.780000,87.100000,74.840000,94.120000,87.760000,77.040000,75.500000,73.050000,80.070000,84.770000,87.760000,103.010000,109.230000,113.320000,124.060000,107.710000,119.400000,130.180000,133.990000,137.870000,139.350000,141.020000
54,'208,Denmark,157,'01801,Sugar beet,5530,Producer Price (LCU/tonne),7021,Annual value,LCU,353.000000,370.000000,326.000000,350.000000,341.000000,351.000000,338.000000,324.000000,311.000000,352.000000,331.000000,305.000000,372.000000,356.000000,344.000000,276.000000,265.000000,283.000000,314.000000,271.000000,283.000000,323.000000,330.000000,301.000000,269.000000,245.000000,175.000000,175.000000,184.000000,201.000000,202.000000,241.000000,305.000000,313.000000,
54,'208,Denmark,157,'01801,Sugar beet,5531,Producer Price (SLC/tonne),7021,Annual value,SLC,353.000000,370.000000,326.000000,350.000000,341.000000,351.000000,338.000000,324.000000,311.000000,352.000000,331.000000,305.000000,372.000000,356.000000,344.000000,276.000000,265.000000,283.000000,314.000000,271.000000,283.000000,323.000000,330.000000,301.000000,269.000000,245.000000,175.000000,175.000000,184.000000,201.000000,202.000000,241.000000,305.000000,313.000000,
54,'208,Denmark,157,'01801,Sugar beet,5532,Producer Price (USD/tonne),7021,Annual value,USD,55.200000,61.300000,50.300000,55.000000,60.900000,60.500000,51.200000,48.400000,44.600000,43.500000,39.800000,38.600000,56.500000,59.400000,57.400000,46.400000,48.700000,55.500000,58.600000,48.200000,52.700000,55.800000,58.800000,53.600000,40.000000,36.400000,26.500000,27.700000,27.600000,30.700000,32.100000,34.100000,44.300000,45.400000,
54,'208,Denmark,157,'01801,Sugar beet,5539,Producer Price Index (2014-2016 = 100),7021,Annual value,,129.940000,136.200000,120.000000,128.830000,125.520000,129.200000,124.420000,119.260000,114.480000,129.570000,121.840000,112.270000,136.930000,131.040000,126.630000,101.600000,97.550000,104.170000,115.580000,99.750000,104.170000,118.900000,121.470000,110.800000,99.020000,90.180000,64.420000,64.420000,67.730000,73.990000,74.360000,88.710000,112.270000,115.210000,124.040000
54,'208,Denmark,388,'01234,Tomatoes,5530,Producer Price (LCU/tonne),7021,Annual value,LCU,8010.000000,6532.000000,6340.000000,7180.000000,7190.000000,7130.000000,6110.000000,6570.000000,6250.000000,7230.000000,6210.000000,6750.000000,6780.000000,6570.000000,7440.000000,7530.000000,6870.000000,8295.000000,7110.000000,8260.000000,8105.000000,7785.000000,7585.000000,7470.000000,12436.000000,14058.000000,13374.000000,12747.000000,13314.000000,14078.000000,15775.000000,19395.000000,18922.000000,20350.000000,
54,'208,Denmark,388,'01234,Tomatoes,5531,Producer Price (SLC/tonne),7021,Annual value,SLC,8010.000000,6532.000000,6340.000000,7180.000000,7190.000000,7130.000000,6110.000000,6570.000000,6250.000000,7230.000000,6210.000000,6750.000000,6780.000000,6570.000000,7440.000000,7530.000000,6870.000000,8295.000000,7110.000000,8260.000000,8105.000000,7785.000000,7585.000000,7470.000000,12436.000000,14058.000000,13374.000000,12747.000000,13314.000000,14078.000000,15775.000000,19395.000000,18922.000000,20350.000000,
54,'208,Denmark,388,'01234,Tomatoes,5532,Producer Price (USD/tonne),7021,Annual value,USD,1252.300000,1082.100000,977.800000,1128.800000,1283.400000,1229.600000,925.100000,980.500000,895.900000,894.500000,746.100000,855.000000,1029.200000,1096.600000,1240.600000,1266.200000,1262.000000,1627.100000,1326.300000,1468.700000,1509.700000,1344.000000,1350.500000,1331.000000,1848.400000,2088.300000,2025.500000,2018.600000,1996.300000,2151.900000,2509.100000,2740.900000,2746.400000,2951.600000,
54,'208,Denmark,388,'01234,Tomatoes,5539,Producer Price Index (2014-2016 = 100),7021,Annual value,,70.750000,57.700000,56.000000,63.420000,63.510000,62.980000,53.970000,58.030000,55.210000,63.860000,54.850000,59.620000,59.890000,58.030000,65.720000,66.510000,60.680000,73.270000,62.800000,72.960000,71.590000,68.760000,67.000000,65.980000,109.850000,124.170000,118.130000,112.590000,117.600000,124.350000,139.340000,171.310000,167.140000,179.750000,199.300000
54,'208,Denmark,97,'01191,Triticale,5530,Producer Price (LCU/tonne),7021,Annual value,LCU,,,,,,,,847.000000,812.000000,860.000000,854.000000,744.000000,770.000000,847.000000,721.000000,796.000000,1246.000000,1320.000000,812.000000,1016.000000,1335.000000,1564.000000,1353.000000,1104.000000,1075.000000,966.000000,1032.000000,1254.000000,1154.000000,1128.000000,1305.000000,1894.000000,1620.000000,,
54,'208,Denmark,97,'01191,Triticale,5531,Producer Price (SLC/tonne),7021,Annual value,SLC,,,,,,,,847.000000,812.000000,860.000000,854.000000,744.000000,770.000000,847.000000,721.000000,796.000000,1246.000000,1320.000000,812.000000,1016.000000,1335.000000,1564.000000,1353.000000,1104.000000,1075.000000,966.000000,1032.000000,1254.000000,1154.000000,1128.000000,1305.000000,1894.000000,1620.000000,,
54,'208,Denmark,97,'01191,Triticale,5532,Producer Price (USD/tonne),7021,Annual value,USD,,,,,,,,126.400000,116.400000,106.400000,102.600000,94.200000,116.900000,141.400000,120.200000,133.900000,228.900000,258.900000,151.500000,180.700000,248.700000,270.000000,240.900000,196.700000,159.800000,143.500000,156.300000,198.600000,173.000000,172.400000,207.600000,267.700000,235.100000,,
54,'208,Denmark,97,'01191,Triticale,5539,Producer Price Index (2014-2016 = 100),7021,Annual value,,,,,,,,87.660000,80.790000,77.460000,82.030000,81.460000,70.970000,73.450000,80.790000,68.780000,75.930000,118.860000,125.910000,77.460000,96.920000,127.340000,149.190000,129.060000,105.310000,102.540000,92.150000,98.440000,119.620000,110.080000,107.600000,124.480000,180.670000,154.530000,147.180000,192.020000
54,'208,Denmark,15,'0111,Wheat,5530,Producer Price (LCU/tonne),7021,Annual value,LCU,1280.000000,1310.000000,1105.000000,1027.000000,1011.000000,971.000000,899.000000,848.000000,837.000000,889.000000,884.000000,781.000000,799.000000,942.000000,755.000000,819.000000,1237.000000,1514.000000,906.000000,984.000000,1445.000000,1542.000000,1529.000000,1240.000000,1149.000000,1050.000000,1113.000000,1256.000000,1341.000000,1240.000000,1449.000000,2036.000000,1875.000000,1584.000000,
54,'208,Denmark,15,'0111,Wheat,5531,Producer Price (SLC/tonne),7021,Annual value,SLC,1280.000000,1310.000000,1105.000000,1027.000000,1011.000000,971.000000,899.000000,848.000000,837.000000,889.000000,884.000000,781.000000,799.000000,942.000000,755.000000,819.000000,1237.000000,1514.000000,906.000000,984.000000,1445.000000,1542.000000,1529.000000,1240.000000,1149.000000,1050.000000,1113.000000,1256.000000,1341.000000,1240.000000,1449.000000,2036.000000,1875.000000,1584.000000,
54,'208,Denmark,15,'0111,Wheat,5532,Producer Price (USD/tonne),7021,Annual value,USD,200.100000,217.000000,170.400000,161.500000,180.500000,167.500000,136.100000,126.600000,120.000000,110.000000,106.200000,98.900000,121.300000,157.200000,125.900000,137.700000,227.200000,297.000000,169.000000,175.000000,269.200000,266.200000,272.200000,220.900000,170.800000,156.000000,168.600000,198.900000,201.100000,189.500000,230.500000,287.700000,272.100000,229.700000,
54,'208,Denmark,15,'0111,Wheat,5539,Producer Price Index (2014-2016 = 100),7021,Annual value,,111.660000,114.280000,96.390000,89.590000,88.190000,84.700000,78.420000,73.970000,73.020000,77.550000,77.120000,68.130000,69.700000,82.180000,65.860000,71.450000,107.910000,132.070000,79.030000,85.840000,126.050000,134.520000,133.380000,108.170000,100.230000,91.600000,97.090000,109.570000,116.980000,108.170000,126.400000,177.610000,163.560000,138.180000,199.330000
54,'208,Denmark,2051,'F2051,Agriculture,5539,Producer Price Index (2014-2016 = 100),7021,Annual value,,102.290000,99.210000,88.940000,89.730000,93.630000,88.380000,85.260000,84.630000,86.520000,85.170000,89.150000,83.560000,83.980000,83.540000,77.010000,82.410000,100.510000,110.410000,78.700000,89.880000,106.910000,111.920000,116.450000,108.150000,98.520000,93.340000,105.170000,107.150000,108.780000,105.460000,116.250000,161.410000,151.310000,147.660000,176.510000
54,'208,Denmark,1717,'F1717,"Cereals, primary",5539,Producer Price Index (2014-2016 = 100),7021,Annual value,,110.500000,114.170000,96.750000,90.680000,91.230000,87.840000,81.710000,76.850000,76.530000,80.420000,79.300000,70.770000,72.590000,78.490000,67.830000,73.120000,113.080000,128.640000,77.540000,88.120000,125.550000,138.610000,129.770000,104.740000,103.030000,92.230000,97.670000,112.590000,116.070000,106.200000,125.200000,179.980000,165.320000,141.910000,200.890000
54,'208,Denmark,1814,'F1814,"Coarse Grain, Total",5539,Producer Price Index (2014-2016 = 100),7021,Annual value,,109.290000,114.050000,97.120000,91.820000,94.390000,91.110000,85.140000,79.860000,80.190000,83.410000,81.580000,73.530000,75.590000,74.640000,69.880000,74.870000,118.480000,125.070000,75.980000,90.500000,125.030000,142.880000,126.010000,101.170000,105.940000,92.890000,98.280000,115.730000,115.120000,104.140000,123.940000,182.450000,167.150000,145.800000,202.510000
54,'208,Denmark,1783,'F1783,Eggs Primary,5539,Producer Price Index (2014-2016 = 100),7021,Annual value,,60.180000,59.160000,66.850000,58.600000,72.420000,75.660000,75.760000,72.670000,78.660000,78.660000,83.450000,80.960000,85.680000,79.110000,76.840000,80.580000,90.780000,124.840000,89.370000,89.320000,88.930000,100.170000,101.590000,97.100000,101.390000,101.500000,104.210000,107.320000,97.920000,99.020000,104.700000,104.080000,104.660000,105.750000,106.740000
54,'208,Denmark,1801,'F1801,"Fruit excl Melons, Total",5539,Producer Price Index (2014-2016 = 100),7021,Annual value,,96.990000,71.010000,57.990000,63.830000,73.510000,74.100000,85.310000,87.940000,82.180000,70.310000,82.450000,78.290000,88.320000,91.100000,84.950000,84.210000,96.130000,83.690000,72.860000,80.830000,88.160000,94.090000,86.450000,103.170000,99.400000,97.430000,102.730000,105.220000,99.010000,118.610000,125.380000,127.040000,134.700000,149.090000,148.760000
54,'208,Denmark,1738,'F1738,Fruit Primary,5539,Producer Price Index (2014-2016 = 100),7021,Annual value,,96.990000,71.010000,57.990000,63.830000,73.510000,74.100000,85.310000,87.940000,82.180000,70.310000,82.450000,78.290000,88.320000,91.100000,84.950000,84.210000,96.130000,83.690000,72.860000,80.830000,88.160000,94.090000,86.450000,103.170000,99.400000,97.430000,102.730000,105.220000,99.010000,118.610000,125.380000,127.040000,134.700000,149.090000,148.760000
54,'208,Denmark,2044,'F2044,Livestock,5539,Producer Price Index (2014-2016 = 100),7021,Annual value,,99.820000,98.440000,96.770000,92.530000,94.620000,94.640000,94.700000,91.920000,94.120000,94.120000,97.590000,97.360000,94.850000,89.430000,86.430000,86.940000,94.210000,109.590000,83.420000,96.760000,102.560000,102.990000,114.470000,114.980000,93.600000,91.410000,112.990000,109.990000,106.690000,108.680000,117.010000,161.250000,141.810000,141.980000,153.740000
54,'208,Denmark,1765,'F1765,"Meat, Total",5539,Producer Price Index (2014-2016 = 100),7021,Annual value,,104.120000,105.020000,87.690000,91.640000,97.630000,99.970000,76.010000,70.710000,87.500000,87.500000,99.460000,82.070000,72.480000,79.970000,82.520000,87.250000,81.280000,86.160000,83.700000,86.160000,95.580000,108.570000,109.730000,108.660000,92.470000,98.870000,109.030000,93.540000,114.640000,118.590000,101.970000,115.980000,144.840000,131.100000,131.650000
54,'208,Denmark,1780,'F1780,"Milk, Total",5539,Producer Price Index (2014-2016 = 100),7021,Annual value,,102.410000,101.020000,98.750000,94.750000,96.070000,95.900000,95.970000,93.200000,95.190000,95.190000,98.640000,98.560000,95.580000,90.200000,87.140000,87.330000,94.470000,108.650000,83.010000,97.260000,103.460000,103.140000,115.310000,116.190000,93.080000,90.730000,113.590000,110.240000,107.310000,109.350000,117.910000,165.260000,144.440000,144.550000,157.070000
54,'208,Denmark,1732,'F1732,"Oilcrops, Oil Equivalent",5539,Producer Price Index (2014-2016 = 100),7021,Annual value,,99.830000,52.420000,59.020000,64.290000,58.620000,61.320000,64.140000,63.770000,53.350000,53.310000,61.060000,64.510000,63.660000,60.540000,56.570000,64.180000,77.090000,105.360000,79.200000,85.290000,115.850000,127.210000,111.180000,104.240000,96.420000,99.350000,101.790000,99.720000,101.050000,104.090000,127.380000,159.730000,150.750000,127.240000,103.720000
54,'208,Denmark,1726,'F1726,"Pulses, Total",5539,Producer Price Index (2014-2016 = 100),7021,Annual value,,155.450000,160.020000,119.920000,122.150000,150.520000,145.500000,122.720000,100.100000,92.100000,87.900000,92.030000,79.710000,87.910000,99.440000,82.440000,84.650000,88.870000,91.740000,91.180000,99.570000,106.290000,125.590000,107.160000,101.010000,100.130000,98.860000,98.600000,108.380000,104.080000,104.670000,132.440000,170.860000,162.410000,136.630000,114.590000
54,'208,Denmark,1720,'F1720,"Roots and Tubers, Total",5539,Producer Price Index (2014-2016 = 100),7021,Annual value,,91.260000,78.840000,49.570000,87.990000,115.490000,76.900000,59.990000,80.560000,97.690000,69.190000,89.480000,63.200000,64.760000,68.310000,55.330000,92.810000,99.350000,72.410000,54.500000,66.640000,70.800000,67.250000,95.140000,99.800000,103.950000,96.250000,104.620000,85.770000,101.520000,88.150000,82.550000,127.740000,156.740000,204.690000,249.200000
54,'208,Denmark,1800,'F1800,"Vegetables and Melons, Total",5539,Producer Price Index (2014-2016 = 100),7021,Annual value,,77.350000,68.960000,56.560000,66.940000,69.290000,58.270000,70.330000,78.010000,74.220000,77.820000,88.120000,91.750000,97.520000,94.300000,95.590000,90.170000,96.980000,80.830000,79.650000,87.460000,91.410000,91.370000,94.920000,82.390000,105.280000,112.330000,103.090000,111.920000,121.960000,118.760000,123.890000,140.510000,154.140000,151.280000,156.980000
54,'208,Denmark,1735,'F1735,Vegetables Primary,5539,Producer Price Index (2014-2016 = 100),7021,Annual value,,77.350000,68.960000,56.560000,66.940000,69.290000,58.270000,70.330000,78.010000,74.220000,77.820000,88.120000,91.750000,97.520000,94.300000,95.590000,90.170000,96.980000,80.830000,79.650000,87.460000,91.410000,91.370000,94.920000,82.390000,105.280000,112.330000,103.090000,111.920000,121.960000,118.760000,123.890000,140.510000,154.140000,151.280000,156.980000
150,'528,Netherlands (Kingdom of the),711,'01654,"Anise, badian, coriander, cumin, caraway, fennel and juniper berries, raw",5539,Producer Price Index (2014-2016 = 100),7021,Annual value,,152.900000,151.700000,125.870000,124.830000,120.190000,118.880000,105.720000,99.000000,102.820000,100.690000,103.210000,90.850000,90.370000,82.610000,82.530000,95.080000,96.810000,91.940000,85.090000,95.650000,96.230000,98.300000,107.510000,96.180000,100.400000,103.410000,105.420000,107.530000,107.370000,103.680000,99.290000,129.920000,125.460000,120.490000,115.720000
150,'528,Netherlands (Kingdom of the),515,'01341,Apples,5530,Producer Price (LCU/tonne),7021,Annual value,LCU,1460.000000,800.000000,470.000000,590.000000,640.000000,800.000000,650.000000,620.000000,510.000000,600.000000,770.000000,209.000000,267.000000,268.000000,300.000000,375.400000,422.300000,526.300000,365.000000,437.700000,536.500000,586.200000,740.900000,550.500000,479.900000,486.800000,688.900000,854.700000,611.000000,726.600000,834.000000,542.800000,707.100000,918.300000,
150,'528,Netherlands (Kingdom of the),515,'01341,Apples,5531,Producer Price (SLC/tonne),7021,Annual value,SLC,662.500000,363.000000,213.300000,267.700000,290.400000,363.000000,295.000000,281.300000,231.400000,272.300000,349.400000,209.000000,267.000000,268.000000,300.000000,375.400000,422.300000,526.300000,365.000000,437.700000,536.500000,586.200000,740.900000,550.500000,479.900000,486.800000,688.900000,854.700000,611.000000,726.600000,834.000000,542.800000,707.100000,918.300000,
150,'528,Netherlands (Kingdom of the),515,'01341,Apples,5532,Producer Price (USD/tonne),7021,Annual value,USD,780.900000,454.900000,253.100000,324.200000,398.600000,474.500000,333.100000,312.500000,246.600000,250.800000,312.700000,196.700000,301.300000,332.800000,373.100000,471.000000,578.000000,771.000000,507.100000,579.800000,745.900000,753.200000,983.800000,730.400000,532.300000,538.400000,778.300000,1009.400000,684.000000,829.900000,986.300000,571.600000,764.600000,993.900000,
150,'528,Netherlands (Kingdom of the),515,'01341,Apples,5539,Producer Price Index (2014-2016 = 100),7021,Annual value,,131.000000,71.780000,42.170000,52.940000,57.420000,71.780000,58.320000,55.630000,45.760000,53.830000,69.090000,41.330000,52.790000,52.990000,59.320000,74.230000,83.510000,104.070000,72.170000,86.550000,106.090000,115.910000,146.500000,108.850000,94.900000,96.250000,136.220000,169.010000,120.820000,143.670000,164.890000,107.330000,139.820000,181.570000,198.690000
150,'528,Netherlands (Kingdom of the),367,'01211,Asparagus,5530,Producer Price (LCU/tonne),7021,Annual value,LCU,9310.000000,6180.000000,5680.000000,8230.000000,7650.000000,6610.000000,9350.000000,6210.000000,7250.000000,7650.000000,,2668.000000,3458.000000,3255.000000,2742.000000,4559.700000,3862.500000,4095.500000,4587.900000,3815.800000,2952.800000,3344.400000,3706.100000,2869.100000,3188.500000,3076.500000,3008.400000,3014.500000,2964.500000,3634.900000,3857.100000,4298.300000,4811.400000,9010.000000,
150,'528,Netherlands (Kingdom of the),367,'01211,Asparagus,5531,Producer Price (SLC/tonne),7021,Annual value,SLC,4224.700000,2804.400000,2577.500000,3734.600000,3471.400000,2999.500000,4242.800000,2818.000000,3289.900000,3471.400000,,2668.000000,3458.000000,3255.000000,2742.000000,4559.700000,3862.500000,4095.500000,4587.900000,3815.800000,2952.800000,3344.400000,3706.100000,2869.100000,3188.500000,3076.500000,3008.400000,3014.500000,2964.500000,3634.900000,3857.100000,4298.300000,4811.400000,9010.000000,
150,'528,Netherlands (Kingdom of the),367,'01211,Asparagus,5532,Producer Price (USD/tonne),7021,Annual value,USD,4979.500000,3514.400000,3058.200000,4522.000000,4764.300000,3920.700000,4791.700000,3130.400000,3505.100000,3198.300000,,2510.900000,3902.800000,4041.600000,3409.900000,5720.100000,5286.400000,5999.200000,6373.400000,5053.800000,4104.700000,4297.100000,4920.800000,3806.500000,3536.300000,3403.100000,3398.500000,3560.000000,3318.700000,4151.800000,4561.900000,4526.300000,5202.500000,9752.200000,
150,'528,Netherlands (Kingdom of the),367,'01211,Asparagus,5539,Producer Price Index (2014-2016 = 100),7021,Annual value,,138.760000,92.110000,84.650000,122.660000,114.020000,98.520000,139.350000,92.550000,108.050000,114.020000,102.850000,87.630000,113.570000,106.910000,90.060000,149.760000,126.860000,134.510000,150.680000,125.330000,96.980000,109.840000,121.720000,94.230000,104.720000,101.050000,98.810000,99.010000,97.370000,119.390000,126.680000,141.170000,158.030000,295.920000,425.020000
150,'528,Netherlands (Kingdom of the),44,'0115,Barley,5530,Producer Price (LCU/tonne),7021,Annual value,LCU,354.000000,389.000000,322.000000,293.000000,272.000000,277.000000,259.000000,236.000000,241.000000,233.000000,230.000000,114.000000,120.500000,108.200000,107.500000,130.100000,230.100000,177.600000,102.000000,171.800000,207.100000,224.800000,180.900000,152.300000,159.200000,151.000000,156.400000,185.400000,159.800000,165.500000,229.200000,299.700000,206.200000,216.000000,
150,'528,Netherlands (Kingdom of the),44,'0115,Barley,5531,Producer Price (SLC/tonne),7021,Annual value,SLC,160.600000,176.500000,146.100000,133.000000,123.400000,125.700000,117.500000,107.100000,109.400000,105.700000,104.400000,114.000000,120.500000,108.200000,107.500000,130.100000,230.100000,177.600000,102.000000,171.800000,207.100000,224.800000,180.900000,152.300000,159.200000,151.000000,156.400000,185.400000,159.800000,165.500000,229.200000,299.700000,206.200000,216.000000,
150,'528,Netherlands (Kingdom of the),44,'0115,Barley,5532,Producer Price (USD/tonne),7021,Annual value,USD,189.300000,221.200000,173.400000,161.000000,169.400000,164.300000,132.700000,119.000000,116.500000,97.400000,93.400000,107.300000,136.000000,134.300000,133.700000,163.200000,314.900000,260.200000,141.700000,227.600000,287.800000,288.900000,240.200000,202.000000,176.600000,167.100000,176.700000,219.000000,178.900000,189.000000,271.100000,315.600000,223.000000,233.800000,
150,'528,Netherlands (Kingdom of the),44,'0115,Barley,5539,Producer Price Index (2014-2016 = 100),7021,Annual value,,104.190000,114.490000,94.770000,86.230000,80.050000,81.520000,76.230000,69.460000,70.930000,68.570000,67.690000,73.940000,78.150000,70.180000,69.720000,84.360000,149.240000,115.210000,66.170000,111.450000,134.290000,145.830000,117.330000,98.770000,103.270000,97.950000,101.460000,120.250000,103.650000,107.330000,148.650000,194.400000,133.740000,140.090000,149.590000
150,'528,Netherlands (Kingdom of the),176,'01701,"Beans, dry",5530,Producer Price (LCU/tonne),7021,Annual value,LCU,,,,,,,,,,,,,,,,564.700000,670.600000,720.500000,744.200000,694.000000,695.100000,840.000000,911.300000,899.600000,698.300000,670.800000,730.000000,851.000000,912.500000,910.900000,925.000000,1100.000000,930.000000,850.000000,
150,'528,Netherlands (Kingdom of the),176,'01701,"Beans, dry",5531,Producer Price (SLC/tonne),7021,Annual value,SLC,,,,,,,,,,,,,,,,564.700000,670.600000,720.500000,744.200000,694.000000,695.100000,840.000000,911.300000,899.600000,698.300000,670.800000,730.000000,851.000000,912.500000,910.900000,925.000000,1100.000000,930.000000,850.000000,
150,'528,Netherlands (Kingdom of the),176,'01701,"Beans, dry",5532,Producer Price (USD/tonne),7021,Annual value,USD,,,,,,,,,,,,,,,,708.400000,917.800000,1055.300000,1033.800000,919.100000,966.300000,1079.300000,1209.900000,1193.500000,774.500000,742.000000,824.700000,1005.000000,1021.500000,1040.400000,1094.000000,1158.400000,1005.600000,920.000000,
150,'528,Netherlands (Kingdom of the),176,'01701,"Beans, dry",5539,Producer Price Index (2014-2016 = 100),7021,Annual value,,72.000000,80.580000,42.250000,39.910000,37.980000,45.180000,48.490000,45.420000,47.170000,44.170000,47.220000,39.410000,38.880000,50.810000,62.740000,74.670000,88.670000,95.270000,98.400000,91.760000,91.920000,111.070000,120.500000,118.950000,92.340000,88.710000,96.530000,112.530000,120.660000,120.450000,122.310000,145.460000,122.980000,112.400000,129.760000
150,'528,Netherlands (Kingdom of the),181,'01702,"Broad beans and horse beans, dry",5539,Producer Price Index (2014-2016 = 100),7021,Annual value,,171.070000,191.590000,100.290000,94.730000,90.240000,107.340000,115.260000,107.990000,112.050000,104.780000,112.260000,93.770000,92.830000,83.120000,85.960000,95.240000,96.530000,92.400000,85.960000,95.930000,93.260000,93.430000,99.960000,96.060000,101.710000,102.220000,102.020000,103.950000,103.920000,104.310000,100.720000,160.320000,144.210000,136.510000,129.220000
150,'528,Netherlands (Kingdom of the),420,'01243,"Broad beans and horse beans, green",5539,Producer Price Index (2014-2016 = 100),7021,Annual value,,538.480000,379.210000,485.200000,428.520000,442.690000,517.510000,503.340000,513.540000,357.670000,396.210000,319.120000,129.910000,117.420000,87.340000,90.600000,108.450000,102.380000,95.490000,78.730000,102.020000,86.890000,91.240000,101.220000,88.640000,109.570000,101.790000,94.670000,105.300000,89.050000,89.400000,88.300000,87.490000,85.880000,85.450000,85.020000
150,'528,Netherlands (Kingdom of the),358,'01212,Cabbages,5530,Producer Price (LCU/tonne),7021,Annual value,LCU,630.000000,650.000000,510.000000,520.000000,470.000000,640.000000,780.000000,630.000000,460.000000,,,208.000000,175.000000,76.500000,126.000000,235.600000,198.400000,337.400000,98.700000,215.600000,367.100000,105.000000,155.200000,158.700000,316.700000,178.000000,172.900000,187.200000,346.800000,188.600000,229.400000,337.200000,415.500000,415.000000,
150,'528,Netherlands (Kingdom of the),358,'01212,Cabbages,5531,Producer Price (SLC/tonne),7021,Annual value,SLC,285.900000,295.000000,231.400000,236.000000,213.300000,290.400000,353.900000,285.900000,208.700000,,,208.000000,175.000000,76.500000,126.000000,235.600000,198.400000,337.400000,98.700000,215.600000,367.100000,105.000000,155.200000,158.700000,316.700000,178.000000,172.900000,187.200000,346.800000,188.600000,229.400000,337.200000,415.500000,415.000000,
150,'528,Netherlands (Kingdom of the),358,'01212,Cabbages,5532,Producer Price (USD/tonne),7021,Annual value,USD,337.000000,369.600000,274.600000,285.700000,292.700000,379.600000,399.700000,317.600000,222.400000,,,195.800000,197.500000,95.000000,156.700000,295.600000,271.500000,494.300000,137.100000,285.500000,510.300000,134.900000,206.100000,210.500000,351.200000,196.900000,195.300000,221.100000,388.300000,215.400000,271.300000,355.100000,449.200000,449.200000,
150,'528,Netherlands (Kingdom of the),358,'01212,Cabbages,5539,Producer Price Index (2014-2016 = 100),7021,Annual value,,131.270000,135.430000,106.260000,108.350000,97.930000,133.350000,162.520000,131.270000,95.850000,84.640000,74.690000,95.510000,80.350000,35.130000,57.850000,108.200000,91.100000,154.940000,45.300000,98.970000,168.560000,48.190000,71.260000,72.860000,145.400000,81.730000,79.400000,85.950000,159.250000,86.590000,105.340000,154.830000,190.770000,190.550000,209.300000
150,'528,Netherlands (Kingdom of the),568,'01229,Cantaloupes and other melons,5539,Producer Price Index (2014-2016 = 100),7021,Annual value,,152.210000,83.390000,48.980000,61.480000,66.700000,64.070000,57.830000,64.640000,53.170000,62.570000,80.290000,82.660000,90.570000,85.620000,88.820000,106.320000,100.370000,93.620000,77.190000,100.010000,85.180000,89.440000,99.230000,86.890000,107.420000,105.700000,136.310000,146.410000,141.970000,130.930000,124.160000,134.540000,141.000000,154.400000,169.070000
150,'528,Netherlands (Kingdom of the),426,'01251,Carrots and turnips,5530,Producer Price (LCU/tonne),7021,Annual value,LCU,560.000000,380.000000,540.000000,470.000000,480.000000,520.000000,400.000000,560.000000,650.000000,720.000000,580.000000,133.500000,135.000000,47.500000,77.500000,136.600000,96.300000,129.500000,189.300000,134.500000,175.800000,136.300000,156.300000,121.000000,188.300000,144.600000,74.400000,219.400000,201.800000,154.900000,169.300000,161.800000,465.900000,184.000000,
150,'528,Netherlands (Kingdom of the),426,'01251,Carrots and turnips,5531,Producer Price (SLC/tonne),7021,Annual value,SLC,254.100000,172.400000,245.000000,213.300000,217.800000,236.000000,181.500000,254.100000,295.000000,326.700000,263.200000,133.500000,135.000000,47.500000,77.500000,136.600000,96.300000,129.500000,189.300000,134.500000,175.800000,136.300000,156.300000,121.000000,188.300000,144.600000,74.400000,219.400000,201.800000,154.900000,169.300000,161.800000,465.900000,184.000000,
150,'528,Netherlands (Kingdom of the),426,'01251,Carrots and turnips,5532,Producer Price (USD/tonne),7021,Annual value,USD,299.500000,216.100000,290.700000,258.200000,298.900000,308.400000,205.000000,282.300000,314.300000,301.000000,235.500000,125.600000,152.400000,59.000000,96.400000,171.400000,131.900000,189.700000,263.000000,178.200000,244.500000,175.100000,207.500000,160.600000,208.800000,160.000000,84.000000,259.100000,225.900000,176.900000,200.200000,170.400000,503.800000,199.200000,
150,'528,Netherlands (Kingdom of the),426,'01251,Carrots and turnips,5539,Producer Price Index (2014-2016 = 100),7021,Annual value,,167.950000,113.970000,161.950000,140.960000,143.960000,155.960000,119.970000,167.950000,194.940000,215.940000,173.950000,88.230000,89.220000,31.390000,51.220000,90.300000,63.680000,85.570000,125.110000,88.910000,116.220000,90.070000,103.270000,79.990000,124.430000,95.580000,49.170000,145.020000,133.350000,102.360000,111.890000,106.970000,307.930000,121.610000,150.020000
150,'528,Netherlands (Kingdom of the),393,'01213,Cauliflowers and broccoli,5530,Producer Price (LCU/tonne),7021,Annual value,LCU,1350.000000,1180.000000,1090.000000,1340.000000,1440.000000,1050.000000,1410.000000,1160.000000,1220.000000,1440.000000,1480.000000,655.000000,823.000000,602.000000,681.000000,837.100000,667.200000,718.800000,696.100000,641.500000,765.600000,758.900000,807.000000,684.300000,703.900000,1049.300000,659.000000,808.200000,942.400000,1140.900000,907.300000,1004.200000,1288.600000,1060.000000,
150,'528,Netherlands (Kingdom of the),393,'01213,Cauliflowers and broccoli,5531,Producer Price (SLC/tonne),7021,Annual value,SLC,612.600000,535.500000,494.600000,608.100000,653.400000,476.500000,639.800000,526.400000,553.600000,653.400000,671.600000,655.000000,823.000000,602.000000,681.000000,837.100000,667.200000,718.800000,696.100000,641.500000,765.600000,758.900000,807.000000,684.300000,703.900000,1049.300000,659.000000,808.200000,942.400000,1140.900000,907.300000,1004.200000,1288.600000,1060.000000,
150,'528,Netherlands (Kingdom of the),393,'01213,Cauliflowers and broccoli,5532,Producer Price (USD/tonne),7021,Annual value,USD,722.100000,671.000000,586.900000,736.300000,896.800000,622.800000,722.600000,584.800000,589.800000,602.000000,601.000000,616.400000,928.900000,747.500000,846.900000,1050.200000,913.200000,1053.000000,967.000000,849.700000,1064.300000,975.100000,1071.500000,907.800000,780.600000,1160.700000,744.500000,954.400000,1055.000000,1303.100000,1073.100000,1057.500000,1393.300000,1147.300000,
150,'528,Netherlands (Kingdom of the),393,'01213,Cauliflowers and broccoli,5539,Producer Price Index (2014-2016 = 100),7021,Annual value,,75.400000,65.910000,60.880000,74.840000,80.430000,58.640000,78.750000,64.790000,68.140000,80.430000,82.660000,80.620000,101.300000,74.100000,83.820000,103.030000,82.120000,88.480000,85.670000,78.960000,94.230000,93.410000,99.330000,84.220000,86.630000,129.150000,81.120000,99.470000,115.990000,140.420000,111.670000,123.600000,158.600000,130.470000,120.930000
150,'528,Netherlands (Kingdom of the),108,'01199.90,Cereals n.e.c.,5539,Producer Price Index (2014-2016 = 100),7021,Annual value,,117.620000,117.750000,98.210000,103.440000,117.090000,112.470000,101.510000,96.110000,83.100000,75.690000,74.650000,68.830000,76.650000,71.350000,64.630000,80.010000,130.360000,107.610000,69.930000,106.310000,128.020000,145.280000,124.610000,101.730000,103.000000,95.270000,100.110000,117.820000,111.580000,93.400000,100.550000,106.670000,113.080000,120.490000,128.380000
150,'528,Netherlands (Kingdom of the),531,'01344.02,Cherries,5539,Producer Price Index (2014-2016 = 100),7021,Annual value,,178.120000,97.610000,57.350000,71.960000,78.090000,97.610000,79.300000,75.660000,62.200000,73.170000,93.900000,96.720000,105.980000,100.190000,83.850000,95.830000,88.620000,124.260000,98.010000,98.600000,100.610000,117.640000,146.070000,100.730000,100.440000,98.830000,127.450000,136.900000,131.010000,132.000000,126.870000,235.490000,133.230000,146.170000,160.370000
150,'528,Netherlands (Kingdom of the),459,'01691,Chicory roots,5530,Producer Price (LCU/tonne),7021,Annual value,LCU,,,,,,,,,,,,838.200000,670.000000,705.000000,736.000000,,790.000000,530.000000,660.000000,,,,,,,,,,,,,,,,
150,'528,Netherlands (Kingdom of the),459,'01691,Chicory roots,5531,Producer Price (SLC/tonne),7021,Annual value,SLC,,,,,,,,,,,,838.200000,670.000000,705.000000,736.000000,,790.000000,530.000000,660.000000,,,,,,,,,,,,,,,,
150,'528,Netherlands (Kingdom of the),459,'01691,Chicory roots,5532,Producer Price (USD/tonne),7021,Annual value,USD,,,,,,,,,,,,788.900000,756.200000,875.400000,915.300000,,1081.200000,776.400000,916.900000,,,,,,,,,,,,,,,,
150,'528,Netherlands (Kingdom of the),459,'01691,Chicory roots,5539,Producer Price Index (2014-2016 = 100),7021,Annual value,,,,,,,,,,,,99.470000,99.990000,79.930000,84.100000,87.800000,99.470000,94.240000,63.230000,78.730000,102.020000,86.890000,91.240000,101.220000,88.630000,109.570000,101.790000,94.670000,105.300000,105.600000,105.980000,96.630000,172.270000,155.630000,141.010000,127.770000
150,'528,Netherlands (Kingdom of the),401,'01231,"Chillies and peppers, green (Capsicum spp. and Pimenta spp.)",5530,Producer Price (LCU/tonne),7021,Annual value,LCU,3530.000000,2970.000000,2380.000000,2840.000000,2630.000000,2760.000000,3670.000000,3540.000000,2760.000000,3290.000000,3210.000000,1474.000000,1280.000000,1560.000000,1280.000000,1103.100000,1123.400000,1058.900000,749.800000,895.400000,916.500000,971.600000,1180.900000,936.300000,1120.000000,1170.900000,1077.600000,1060.500000,1047.900000,1152.300000,1114.400000,1178.000000,1380.700000,790.000000,
150,'528,Netherlands (Kingdom of the),401,'01231,"Chillies and peppers, green (Capsicum spp. and Pimenta spp.)",5531,Producer Price (SLC/tonne),7021,Annual value,SLC,1601.800000,1347.700000,1080.000000,1288.700000,1193.400000,1252.400000,1665.400000,1606.400000,1252.400000,1492.900000,1456.600000,1474.000000,1280.000000,1560.000000,1280.000000,1103.100000,1123.400000,1058.900000,749.800000,895.400000,916.500000,971.600000,1180.900000,936.300000,1120.000000,1170.900000,1077.600000,1060.500000,1047.900000,1152.300000,1114.400000,1178.000000,1380.700000,790.000000,
150,'528,Netherlands (Kingdom of the),401,'01231,"Chillies and peppers, green (Capsicum spp. and Pimenta spp.)",5532,Producer Price (USD/tonne),7021,Annual value,USD,1888.000000,1689.000000,1281.400000,1560.400000,1637.900000,1637.100000,1880.800000,1784.500000,1334.400000,1375.500000,1303.500000,1387.200000,1444.600000,1937.000000,1591.800000,1383.800000,1537.500000,1551.100000,1041.700000,1185.900000,1274.100000,1248.400000,1567.900000,1242.200000,1242.200000,1295.200000,1217.400000,1252.400000,1173.100000,1316.100000,1318.100000,1240.500000,1492.900000,855.100000,
150,'528,Netherlands (Kingdom of the),401,'01231,"Chillies and peppers, green (Capsicum spp. and Pimenta spp.)",5539,Producer Price Index (2014-2016 = 100),7021,Annual value,,148.910000,125.290000,100.400000,119.800000,110.940000,116.430000,154.810000,149.330000,116.430000,138.780000,135.410000,137.020000,118.990000,145.020000,118.990000,102.540000,104.430000,98.440000,69.710000,83.240000,85.200000,90.330000,109.780000,87.030000,104.120000,108.850000,100.180000,98.580000,97.410000,107.120000,103.600000,109.510000,128.350000,73.440000,89.520000
150,'528,Netherlands (Kingdom of the),554,'01355.02,Cranberries,5539,Producer Price Index (2014-2016 = 100),7021,Annual value,,132.820000,132.970000,110.900000,116.800000,132.210000,127.000000,114.620000,108.520000,93.830000,85.460000,89.600000,90.510000,108.000000,94.020000,91.370000,106.530000,89.720000,94.660000,84.880000,95.110000,92.550000,82.870000,100.660000,97.520000,95.620000,106.860000,111.670000,115.520000,103.940000,100.580000,99.750000,128.360000,104.290000,110.450000,116.970000
150,'528,Netherlands (Kingdom of the),397,'01232,Cucumbers and gherkins,5530,Producer Price (LCU/tonne),7021,Annual value,LCU,1380.000000,1050.000000,980.000000,1050.000000,1111.000000,1060.000000,1530.000000,1190.000000,940.000000,1200.000000,560.000000,457.000000,450.000000,680.000000,536.000000,659.700000,602.600000,522.600000,496.900000,632.800000,411.900000,513.100000,570.100000,430.500000,621.300000,605.600000,468.500000,671.600000,641.400000,558.100000,554.400000,887.000000,686.800000,1615.000000,
150,'528,Netherlands (Kingdom of the),397,'01232,Cucumbers and gherkins,5531,Producer Price (SLC/tonne),7021,Annual value,SLC,626.200000,476.500000,444.700000,476.500000,504.100000,481.000000,694.300000,540.000000,426.600000,544.500000,254.100000,457.000000,450.000000,680.000000,536.000000,659.700000,602.600000,522.600000,496.900000,632.800000,411.900000,513.100000,570.100000,430.500000,621.300000,605.600000,468.500000,671.600000,641.400000,558.100000,554.400000,887.000000,686.800000,1615.000000,
150,'528,Netherlands (Kingdom of the),397,'01232,Cucumbers and gherkins,5532,Producer Price (USD/tonne),7021,Annual value,USD,738.100000,597.100000,527.600000,576.900000,691.900000,628.700000,784.100000,599.900000,454.500000,501.700000,227.400000,430.100000,507.900000,844.300000,666.600000,827.600000,824.700000,765.500000,690.300000,838.000000,572.600000,659.300000,757.000000,571.100000,689.100000,669.900000,529.300000,793.200000,718.000000,637.400000,655.700000,934.000000,742.600000,1748.000000,
150,'528,Netherlands (Kingdom of the),397,'01232,Cucumbers and gherkins,5539,Producer Price Index (2014-2016 = 100),7021,Annual value,,113.350000,86.240000,80.490000,86.240000,91.250000,87.060000,125.670000,97.740000,77.210000,98.560000,46.000000,82.720000,81.450000,123.080000,97.020000,119.400000,109.070000,94.590000,89.940000,114.530000,74.560000,92.880000,103.200000,77.920000,112.460000,109.620000,84.810000,121.570000,116.090000,101.010000,100.350000,160.550000,124.320000,292.320000,286.810000
150,'528,Netherlands (Kingdom of the),550,'01351.01,Currants,5539,Producer Price Index (2014-2016 = 100),7021,Annual value,,77.030000,80.780000,75.970000,72.220000,59.310000,67.570000,92.360000,89.040000,94.910000,88.450000,103.620000,104.540000,108.000000,94.020000,91.370000,106.530000,89.720000,94.660000,84.880000,95.110000,92.550000,82.870000,100.660000,97.520000,95.620000,106.860000,111.670000,115.520000,104.240000,103.850000,102.140000,128.420000,119.170000,121.700000,124.290000
150,'528,Netherlands (Kingdom of the),399,'01233,Eggplants (aubergines),5530,Producer Price (LCU/tonne),7021,Annual value,LCU,,,,,,,,,,,,,,,,970.400000,1188.600000,815.700000,735.300000,995.500000,808.300000,774.100000,848.100000,861.100000,876.500000,819.800000,965.900000,803.500000,756.000000,835.300000,626.200000,893.200000,993.500000,980.000000,
150,'528,Netherlands (Kingdom of the),399,'01233,Eggplants (aubergines),5531,Producer Price (SLC/tonne),7021,Annual value,SLC,,,,,,,,,,,,,,,,970.400000,1188.600000,815.700000,735.300000,995.500000,808.300000,774.100000,848.100000,861.100000,876.500000,819.800000,965.900000,803.500000,756.000000,835.300000,626.200000,893.200000,993.500000,980.000000,
150,'528,Netherlands (Kingdom of the),399,'01233,Eggplants (aubergines),5532,Producer Price (USD/tonne),7021,Annual value,USD,,,,,,,,,,,,,,,,1217.400000,1626.800000,1194.800000,1021.400000,1318.500000,1123.600000,994.600000,1126.100000,1142.400000,972.100000,906.800000,1091.100000,948.800000,846.300000,954.100000,740.700000,940.600000,1074.300000,1060.700000,
150,'528,Netherlands (Kingdom of the),399,'01233,Eggplants (aubergines),5539,Producer Price Index (2014-2016 = 100),7021,Annual value,,175.660000,126.800000,121.150000,156.870000,106.140000,202.910000,210.420000,171.890000,149.360000,155.910000,124.930000,170.090000,178.420000,156.890000,135.360000,113.830000,139.430000,95.680000,86.250000,116.780000,94.820000,90.810000,99.490000,101.010000,102.820000,96.170000,113.300000,94.250000,88.680000,97.980000,73.460000,104.770000,116.550000,114.960000,118.230000
150,'528,Netherlands (Kingdom of the),773,'26190.01,"Flax, processed but not spun",5539,Producer Price Index (2014-2016 = 100),7021,Annual value,,179.960000,178.560000,148.160000,146.900000,141.430000,139.900000,124.440000,116.500000,121.040000,118.500000,121.500000,106.930000,106.340000,104.010000,89.740000,98.350000,86.960000,83.550000,92.070000,95.210000,107.500000,136.670000,140.020000,116.720000,93.990000,89.290000,85.530000,70.490000,75.640000,75.340000,76.320000,77.060000,78.570000,78.770000,78.970000
150,'528,Netherlands (Kingdom of the),560,'01330,Grapes,5539,Producer Price Index (2014-2016 = 100),7021,Annual value,,177.920000,97.480000,57.280000,71.890000,77.990000,97.480000,79.210000,75.550000,62.140000,73.130000,93.850000,96.680000,105.980000,100.190000,83.840000,95.830000,88.620000,124.260000,98.010000,98.600000,100.610000,117.630000,146.070000,100.730000,100.440000,98.830000,127.460000,136.900000,131.030000,132.050000,126.910000,235.930000,138.980000,151.920000,166.070000
150,'528,Netherlands (Kingdom of the),406,'01252,Green garlic,5539,Producer Price Index (2014-2016 = 100),7021,Annual value,,158.130000,158.300000,132.030000,139.060000,157.400000,151.200000,136.460000,129.200000,111.710000,101.750000,103.100000,103.650000,117.420000,87.340000,90.600000,108.450000,102.380000,95.490000,78.730000,102.020000,86.890000,91.240000,101.220000,88.630000,109.570000,101.790000,94.670000,105.300000,94.070000,93.380000,92.590000,100.350000,94.240000,94.100000,93.950000
150,'528,Netherlands (Kingdom of the),1062,'0231,"Hen eggs in shell, fresh",5530,Producer Price (LCU/tonne),7021,Annual value,LCU,1900.000000,1690.000000,1600.000000,1480.000000,1410.000000,1740.000000,1700.000000,1350.000000,1208.000000,1728.000000,1700.000000,737.300000,975.000000,534.000000,551.000000,680.700000,865.200000,856.100000,1009.900000,833.500000,709.400000,1224.900000,876.300000,918.300000,1052.200000,927.700000,1231.200000,1151.500000,1062.700000,1010.200000,1005.900000,1707.200000,2066.100000,1946.800000,
150,'528,Netherlands (Kingdom of the),1062,'0231,"Hen eggs in shell, fresh",5531,Producer Price (SLC/tonne),7021,Annual value,SLC,862.200000,766.900000,726.000000,671.600000,639.800000,789.600000,771.400000,612.600000,548.200000,784.100000,771.400000,737.300000,975.000000,534.000000,551.000000,680.700000,865.200000,856.100000,1009.900000,833.500000,709.400000,1224.900000,876.300000,918.300000,1052.200000,927.700000,1231.200000,1151.500000,1062.700000,1010.200000,1005.900000,1707.200000,2066.100000,1946.800000,
150,'528,Netherlands (Kingdom of the),1062,'0231,"Hen eggs in shell, fresh",5532,Producer Price (USD/tonne),7021,Annual value,USD,1016.200000,961.100000,861.500000,813.200000,878.100000,1032.100000,871.200000,680.500000,584.000000,722.400000,690.300000,693.900000,1100.400000,663.100000,685.200000,853.900000,1184.200000,1254.000000,1402.900000,1104.000000,986.100000,1573.800000,1163.500000,1218.300000,1167.000000,1026.200000,1390.800000,1359.900000,1189.700000,1153.900000,1189.700000,1797.800000,2234.000000,2107.100000,
150,'528,Netherlands (Kingdom of the),1062,'0231,"Hen eggs in shell, fresh",5539,Producer Price Index (2014-2016 = 100),7021,Annual value,,89.250000,79.380000,75.150000,69.520000,66.230000,81.730000,79.850000,63.410000,56.740000,81.170000,79.850000,76.320000,100.920000,55.280000,57.030000,70.460000,89.560000,88.610000,104.540000,86.280000,73.430000,126.790000,90.710000,95.050000,108.920000,96.030000,127.440000,119.200000,110.000000,104.570000,104.120000,176.720000,213.870000,201.510000,209.610000
150,'528,Netherlands (Kingdom of the),1097,'21118.01,"Horse meat, fresh or chilled",5539,Producer Price Index (2014-2016 = 100),7021,Annual value,,184.370000,186.660000,188.490000,182.110000,161.230000,149.400000,155.780000,158.040000,148.500000,148.960000,105.530000,143.430000,134.980000,123.360000,119.540000,77.760000,89.650000,84.840000,78.730000,80.980000,84.510000,87.360000,90.410000,100.560000,101.920000,97.520000,97.180000,97.520000,89.250000,88.530000,82.430000,86.710000,78.340000,78.620000,78.900000
150,'528,Netherlands (Kingdom of the),1121,'21118.01b,"Horse meat, fresh or chilled (biological)",5530,Producer Price (LCU/tonne),7021,Annual value,LCU,,,,,,,,,,,,882.500000,830.500000,759.000000,735.500000,478.500000,551.600000,527.900000,484.400000,498.200000,520.000000,537.500000,556.300000,618.800000,627.100000,600.000000,597.900000,600.000000,625.000000,625.000000,662.500000,1075.000000,1075.000000,1075.000000,
150,'528,Netherlands (Kingdom of the),1121,'21118.01b,"Horse meat, fresh or chilled (biological)",5531,Producer Price (SLC/tonne),7021,Annual value,SLC,,,,,,,,,,,,882.500000,830.500000,759.000000,735.500000,478.500000,551.600000,527.900000,484.400000,498.200000,520.000000,537.500000,556.300000,618.800000,627.100000,600.000000,597.900000,600.000000,625.000000,625.000000,662.500000,1075.000000,1075.000000,1075.000000,
150,'528,Netherlands (Kingdom of the),1121,'21118.01b,"Horse meat, fresh or chilled (biological)",5532,Producer Price (USD/tonne),7021,Annual value,USD,,,,,,,,,,,,830.500000,937.300000,942.400000,914.700000,600.200000,755.000000,773.300000,672.900000,659.900000,722.800000,690.600000,738.600000,820.900000,695.500000,663.700000,675.500000,708.600000,699.700000,713.900000,783.600000,1132.000000,1162.400000,1163.600000,
150,'528,Netherlands (Kingdom of the),1121,'21118.01b,"Horse meat, fresh or chilled (biological)",5539,Producer Price Index (2014-2016 = 100),7021,Annual value,,184.380000,186.670000,188.510000,182.090000,161.220000,149.420000,155.760000,158.050000,148.540000,148.980000,105.540000,143.430000,134.980000,123.360000,119.540000,77.760000,89.650000,85.800000,78.730000,80.980000,84.510000,87.360000,90.410000,100.560000,101.920000,97.520000,97.180000,97.520000,101.580000,101.580000,107.680000,174.720000,174.720000,174.720000,181.490000
150,'528,Netherlands (Kingdom of the),407,'01254,Leeks and other alliaceous vegetables,5530,Producer Price (LCU/tonne),7021,Annual value,LCU,,,,,,,,,,,,436.800000,660.000000,381.000000,368.000000,601.100000,355.900000,421.200000,506.900000,598.200000,386.800000,602.800000,675.100000,260.300000,472.400000,599.600000,508.200000,613.100000,707.100000,603.600000,826.000000,546.100000,894.800000,750.000000,
150,'528,Netherlands (Kingdom of the),407,'01254,Leeks and other alliaceous vegetables,5531,Producer Price (SLC/tonne),7021,Annual value,SLC,,,,,,,,,,,,436.800000,660.000000,381.000000,368.000000,601.100000,355.900000,421.200000,506.900000,598.200000,386.800000,602.800000,675.100000,260.300000,472.400000,599.600000,508.200000,613.100000,707.100000,603.600000,826.000000,546.100000,894.800000,750.000000,
150,'528,Netherlands (Kingdom of the),407,'01254,Leeks and other alliaceous vegetables,5532,Producer Price (USD/tonne),7021,Annual value,USD,,,,,,,,,,,,411.100000,744.900000,473.100000,457.600000,754.100000,487.100000,617.000000,704.200000,792.200000,537.700000,774.500000,896.300000,345.400000,523.900000,663.200000,574.100000,724.000000,791.500000,689.400000,976.900000,575.100000,967.600000,811.800000,
150,'528,Netherlands (Kingdom of the),407,'01254,Leeks and other alliaceous vegetables,5539,Producer Price Index (2014-2016 = 100),7021,Annual value,,144.340000,144.500000,120.510000,126.930000,143.670000,138.010000,124.560000,117.940000,101.970000,92.880000,97.370000,98.360000,148.620000,85.790000,82.870000,135.360000,80.140000,94.850000,114.150000,134.700000,87.100000,135.740000,152.010000,58.620000,106.370000,135.010000,114.440000,138.050000,159.220000,135.920000,185.990000,122.980000,201.500000,168.880000,179.420000
150,'528,Netherlands (Kingdom of the),372,'01214,Lettuce and chicory,5530,Producer Price (LCU/tonne),7021,Annual value,LCU,2410.000000,1960.000000,2190.000000,1710.000000,1920.000000,2760.000000,2220.000000,2170.000000,2340.000000,2860.000000,2580.000000,1034.000000,1018.000000,734.000000,1230.000000,1267.500000,1060.400000,1104.600000,1141.300000,1406.700000,918.800000,1770.000000,1792.300000,1393.200000,1518.700000,1558.800000,1498.500000,1950.500000,1969.400000,1777.200000,1864.600000,2035.300000,2346.500000,2755.000000,
150,'528,Netherlands (Kingdom of the),372,'01214,Lettuce and chicory,5531,Producer Price (SLC/tonne),7021,Annual value,SLC,1093.600000,889.400000,993.800000,776.000000,871.300000,1252.400000,1007.400000,984.700000,1061.800000,1297.800000,1170.800000,1034.000000,1018.000000,734.000000,1230.000000,1267.500000,1060.400000,1104.600000,1141.300000,1406.700000,918.800000,1770.000000,1792.300000,1393.200000,1518.700000,1558.800000,1498.500000,1950.500000,1969.400000,1777.200000,1864.600000,2035.300000,2346.500000,2755.000000,
150,'528,Netherlands (Kingdom of the),372,'01214,Lettuce and chicory,5532,Producer Price (USD/tonne),7021,Annual value,USD,1289.000000,1114.600000,1179.100000,939.600000,1195.800000,1637.100000,1137.700000,1093.900000,1131.300000,1195.700000,1047.700000,973.100000,1148.900000,911.400000,1529.600000,1590.000000,1451.300000,1618.100000,1585.400000,1863.100000,1277.300000,2274.200000,2379.600000,1848.400000,1684.400000,1724.300000,1692.900000,2303.400000,2204.700000,2029.900000,2205.300000,2143.200000,2537.200000,2982.000000,
150,'528,Netherlands (Kingdom of the),372,'01214,Lettuce and chicory,5539,Producer Price Index (2014-2016 = 100),7021,Annual value,,73.380000,59.680000,66.690000,52.070000,58.460000,84.040000,67.600000,66.080000,71.250000,87.090000,78.560000,69.380000,68.310000,49.250000,82.540000,85.050000,71.160000,74.120000,76.580000,94.400000,61.650000,118.770000,120.270000,93.490000,101.910000,104.600000,100.560000,130.880000,132.150000,119.250000,125.120000,136.570000,157.460000,184.870000,212.280000
150,'528,Netherlands (Kingdom of the),333,'01441,Linseed,5539,Producer Price Index (2014-2016 = 100),7021,Annual value,,224.440000,109.140000,114.750000,121.200000,127.370000,150.660000,152.340000,127.370000,121.200000,118.680000,121.480000,106.960000,106.340000,104.010000,89.740000,98.350000,86.960000,83.550000,92.070000,95.210000,107.510000,136.670000,140.030000,116.720000,93.990000,89.290000,85.530000,70.490000,80.910000,92.910000,97.050000,99.740000,94.320000,96.420000,98.570000
150,'528,Netherlands (Kingdom of the),56,'0112,Maize (corn),5530,Producer Price (LCU/tonne),7021,Annual value,LCU,375.000000,378.000000,304.000000,299.000000,300.000000,305.000000,266.000000,265.000000,280.000000,275.000000,,93.000000,105.000000,105.000000,105.000000,149.500000,195.000000,145.100000,100.600000,,,,,,,,,,,,,,,,
150,'528,Netherlands (Kingdom of the),56,'0112,Maize (corn),5531,Producer Price (SLC/tonne),7021,Annual value,SLC,170.200000,171.500000,137.900000,135.700000,136.100000,138.400000,120.700000,120.300000,127.100000,124.800000,,93.000000,105.000000,105.000000,105.000000,149.500000,195.000000,145.100000,100.600000,,,,,,,,,,,,,,,,
150,'528,Netherlands (Kingdom of the),56,'0112,Maize (corn),5532,Producer Price (USD/tonne),7021,Annual value,USD,200.600000,215.000000,163.700000,164.300000,186.800000,180.900000,136.300000,133.600000,135.400000,115.000000,,87.500000,118.500000,130.400000,130.600000,187.500000,266.900000,212.500000,139.700000,,,,,,,,,,,,,,,,
150,'528,Netherlands (Kingdom of the),56,'0112,Maize (corn),5539,Producer Price Index (2014-2016 = 100),7021,Annual value,,118.290000,119.230000,95.890000,94.310000,94.630000,96.210000,83.900000,83.590000,88.320000,86.740000,88.950000,64.650000,72.990000,72.990000,72.990000,103.900000,135.560000,100.830000,69.920000,106.300000,128.020000,145.270000,124.610000,101.730000,103.000000,95.270000,100.110000,117.830000,109.110000,96.870000,110.190000,159.140000,172.600000,177.390000,182.310000
150,'528,Netherlands (Kingdom of the),867,'21111.01,"Meat of cattle with the bone, fresh or chilled",5539,Producer Price Index (2014-2016 = 100),7021,Annual value,,153.050000,154.950000,156.460000,151.190000,133.840000,124.040000,129.310000,131.190000,123.290000,123.670000,185.920000,189.770000,212.170000,222.090000,199.850000,231.580000,244.300000,189.050000,189.050000,198.010000,97.920000,112.900000,113.250000,99.470000,105.120000,95.410000,104.060000,107.420000,107.200000,111.420000,111.980000,115.420000,114.790000,114.490000,114.200000
150,'528,Netherlands (Kingdom of the),945,'21111.01b,"Meat of cattle with the bone, fresh or chilled (biological)",5530,Producer Price (LCU/tonne),7021,Annual value,LCU,4060.000000,4110.000000,4150.000000,4010.000000,3550.000000,3290.000000,3430.000000,3480.000000,3270.000000,3280.000000,5121.000000,2372.000000,2652.000000,2776.000000,2498.000000,2894.500000,3053.500000,2363.000000,2363.000000,2475.000000,1223.900000,1411.100000,1415.500000,1243.300000,1314.000000,1192.500000,1300.700000,1342.700000,1347.100000,1254.300000,1545.800000,2274.600000,2038.300000,2385.000000,
150,'528,Netherlands (Kingdom of the),945,'21111.01b,"Meat of cattle with the bone, fresh or chilled (biological)",5531,Producer Price (SLC/tonne),7021,Annual value,SLC,1842.300000,1865.000000,1883.200000,1819.700000,1610.900000,1492.900000,1556.500000,1579.200000,1483.900000,1488.400000,2323.800000,2372.000000,2652.000000,2776.000000,2498.000000,2894.500000,3053.500000,2363.000000,2363.000000,2475.000000,1223.900000,1411.100000,1415.500000,1243.300000,1314.000000,1192.500000,1300.700000,1342.700000,1347.100000,1254.300000,1545.800000,2274.600000,2038.300000,2385.000000,
150,'528,Netherlands (Kingdom of the),945,'21111.01b,"Meat of cattle with the bone, fresh or chilled (biological)",5532,Producer Price (USD/tonne),7021,Annual value,USD,2171.500000,2337.300000,2234.400000,2203.300000,2210.900000,1951.500000,1757.800000,1754.300000,1580.900000,1371.300000,2079.500000,2232.400000,2993.100000,3446.900000,3106.500000,3631.100000,4179.200000,3461.400000,3282.700000,3278.000000,1701.400000,1813.100000,1879.500000,1649.500000,1457.300000,1319.100000,1469.400000,1585.600000,1508.000000,1432.700000,1828.300000,2395.200000,2203.900000,2581.500000,
150,'528,Netherlands (Kingdom of the),945,'21111.01b,"Meat of cattle with the bone, fresh or chilled (biological)",5539,Producer Price Index (2014-2016 = 100),7021,Annual value,,147.400000,149.210000,150.670000,145.580000,128.880000,119.440000,124.530000,126.340000,118.720000,119.080000,185.920000,189.770000,212.170000,222.090000,199.850000,231.580000,244.300000,189.050000,189.050000,198.010000,97.920000,112.900000,113.250000,99.470000,105.120000,95.410000,104.060000,107.420000,107.770000,100.350000,123.670000,181.980000,163.070000,190.810000,216.960000
150,'528,Netherlands (Kingdom of the),1058,'21121,"Meat of chickens, fresh or chilled",5539,Producer Price Index (2014-2016 = 100),7021,Annual value,,92.180000,87.970000,83.230000,82.740000,75.920000,79.600000,84.290000,77.470000,67.020000,69.630000,82.990000,73.170000,72.930000,75.110000,80.540000,72.820000,90.700000,95.580000,90.150000,90.840000,101.470000,104.420000,106.300000,102.310000,100.670000,97.020000,94.950000,98.990000,98.740000,96.780000,97.630000,96.310000,97.840000,98.750000,99.670000
150,'528,Netherlands (Kingdom of the),1095,'21121b,"Meat of chickens, fresh or chilled (biological)",5530,Producer Price (LCU/tonne),7021,Annual value,LCU,1760.000000,1680.000000,1590.000000,1580.000000,1450.000000,1520.000000,1610.000000,1480.000000,1280.000000,1330.000000,1585.000000,634.500000,632.000000,651.000000,698.000000,631.100000,786.100000,828.400000,781.300000,787.300000,879.400000,905.000000,921.300000,886.700000,872.500000,840.800000,822.900000,857.900000,818.300000,772.100000,832.500000,1149.600000,1156.700000,1190.000000,
150,'528,Netherlands (Kingdom of the),1095,'21121b,"Meat of chickens, fresh or chilled (biological)",5531,Producer Price (SLC/tonne),7021,Annual value,SLC,798.700000,762.400000,721.500000,717.000000,658.000000,689.700000,730.600000,671.600000,580.800000,603.500000,719.200000,634.500000,632.000000,651.000000,698.000000,631.100000,786.100000,828.400000,781.300000,787.300000,879.400000,905.000000,921.300000,886.700000,872.500000,840.800000,822.900000,857.900000,818.300000,772.100000,832.500000,1149.600000,1156.700000,1190.000000,
150,'528,Netherlands (Kingdom of the),1095,'21121b,"Meat of chickens, fresh or chilled (biological)",5532,Producer Price (USD/tonne),7021,Annual value,USD,941.300000,955.400000,856.100000,868.100000,903.000000,901.600000,825.100000,746.100000,618.800000,556.000000,643.600000,597.100000,713.300000,808.300000,868.000000,791.700000,1075.900000,1213.500000,1085.400000,1042.700000,1222.500000,1162.800000,1223.200000,1176.400000,967.700000,930.100000,929.600000,1013.200000,916.100000,881.900000,984.600000,1210.600000,1250.700000,1288.000000,
150,'528,Netherlands (Kingdom of the),1095,'21121b,"Meat of chickens, fresh or chilled (biological)",5539,Producer Price Index (2014-2016 = 100),7021,Annual value,,92.150000,87.960000,83.250000,82.730000,75.920000,79.590000,84.300000,77.490000,67.020000,69.640000,82.990000,73.210000,72.920000,75.120000,80.540000,72.820000,90.700000,95.580000,90.150000,90.840000,101.470000,104.420000,106.300000,102.310000,100.670000,97.020000,94.950000,98.990000,94.420000,89.090000,96.060000,132.640000,133.460000,137.310000,144.970000
150,'528,Netherlands (Kingdom of the),1069,'21122,"Meat of ducks, fresh or chilled",5539,Producer Price Index (2014-2016 = 100),7021,Annual value,,87.920000,83.910000,79.410000,78.920000,72.420000,75.910000,80.410000,73.920000,63.930000,66.430000,79.150000,66.240000,68.410000,64.540000,69.100000,62.260000,82.720000,92.460000,94.810000,89.010000,94.530000,94.600000,103.830000,106.050000,102.460000,91.500000,92.320000,90.980000,90.740000,89.790000,90.950000,90.080000,91.520000,90.680000,89.840000
150,'528,Netherlands (Kingdom of the),1071,'21122b,"Meat of ducks, fresh or chilled (biological)",5539,Producer Price Index (2014-2016 = 100),7021,Annual value,,83.380000,79.590000,75.320000,74.860000,68.690000,72.010000,76.260000,70.120000,60.630000,62.990000,75.090000,66.220000,68.410000,64.540000,69.100000,62.260000,82.720000,92.460000,94.810000,89.010000,94.530000,94.600000,103.830000,106.040000,102.460000,91.500000,92.320000,90.980000,90.720000,89.700000,91.290000,90.270000,92.150000,91.130000,90.110000
150,'528,Netherlands (Kingdom of the),1017,'21116,"Meat of goat, fresh or chilled",5539,Producer Price Index (2014-2016 = 100),7021,Annual value,,69.910000,70.790000,58.180000,71.270000,67.980000,65.080000,76.240000,75.670000,68.360000,75.220000,81.600000,86.690000,83.100000,80.240000,81.230000,77.050000,72.960000,82.750000,83.520000,86.830000,95.690000,103.000000,92.390000,98.510000,100.840000,100.640000,98.120000,104.880000,107.860000,105.950000,105.240000,104.710000,103.970000,104.870000,105.790000
150,'528,Netherlands (Kingdom of the),1033,'21116b,"Meat of goat, fresh or chilled (biological)",5530,Producer Price (LCU/tonne),7021,Annual value,LCU,3262.000000,3303.000000,2715.000000,3325.000000,3172.000000,3037.000000,3557.000000,3531.000000,3190.000000,3509.000000,3808.000000,1762.000000,1689.000000,1631.000000,1651.000000,1566.000000,1483.000000,1682.000000,,,,,,,,,,,,,,,,,
150,'528,Netherlands (Kingdom of the),1033,'21116b,"Meat of goat, fresh or chilled (biological)",5531,Producer Price (SLC/tonne),7021,Annual value,SLC,1480.200000,1498.800000,1232.000000,1508.800000,1439.400000,1378.100000,1614.100000,1602.300000,1447.600000,1592.300000,1728.000000,1762.000000,1689.000000,1631.000000,1651.000000,1566.000000,1483.000000,1682.000000,,,,,,,,,,,,,,,,,
150,'528,Netherlands (Kingdom of the),1033,'21116b,"Meat of goat, fresh or chilled (biological)",5532,Producer Price (USD/tonne),7021,Annual value,USD,1744.700000,1878.300000,1461.800000,1826.900000,1975.500000,1801.400000,1822.900000,1780.000000,1542.300000,1467.000000,1546.300000,1658.300000,1906.200000,2025.200000,2053.200000,1964.500000,2029.700000,2463.800000,,,,,,,,,,,,,,,,,
150,'528,Netherlands (Kingdom of the),1033,'21116b,"Meat of goat, fresh or chilled (biological)",5539,Producer Price Index (2014-2016 = 100),7021,Annual value,,72.830000,73.740000,60.610000,74.230000,70.820000,67.800000,79.410000,78.830000,71.220000,78.340000,85.020000,86.690000,83.100000,80.240000,81.230000,77.050000,72.960000,82.750000,83.520000,86.830000,95.690000,103.000000,92.390000,98.510000,100.840000,100.640000,98.120000,104.880000,106.620000,105.060000,104.190000,103.560000,102.690000,103.660000,104.640000
150,'528,Netherlands (Kingdom of the),1035,'21113.01,"Meat of pig with the bone, fresh or chilled",5539,Producer Price Index (2014-2016 = 100),7021,Annual value,,101.000000,97.720000,71.470000,75.120000,80.220000,92.980000,96.990000,62.730000,58.320000,77.670000,83.920000,71.600000,82.180000,76.250000,79.880000,84.620000,77.150000,89.900000,81.520000,79.840000,89.600000,99.820000,100.200000,104.430000,93.860000,101.710000,112.150000,98.310000,105.870000,93.050000,98.470000,102.680000,104.840000,110.730000,116.960000
150,'528,Netherlands (Kingdom of the),1056,'21113.01b,"Meat of pig with the bone, fresh or chilled (biological)",5530,Producer Price (LCU/tonne),7021,Annual value,LCU,2770.000000,2680.000000,1960.000000,2060.000000,2200.000000,2550.000000,2660.000000,1720.000000,1600.000000,2130.000000,2302.000000,869.000000,997.500000,925.500000,969.500000,1027.100000,936.400000,1091.200000,989.400000,969.100000,1087.500000,1211.600000,1216.200000,1098.500000,987.400000,1069.900000,1179.800000,1034.200000,1279.800000,1186.900000,1079.700000,1332.500000,1695.200000,1341.600000,
150,'528,Netherlands (Kingdom of the),1056,'21113.01b,"Meat of pig with the bone, fresh or chilled (biological)",5531,Producer Price (SLC/tonne),7021,Annual value,SLC,1257.000000,1216.100000,889.400000,934.800000,998.300000,1157.100000,1207.100000,780.500000,726.000000,966.600000,1044.600000,869.000000,997.500000,925.500000,969.500000,1027.100000,936.400000,1091.200000,989.400000,969.100000,1087.500000,1211.600000,1216.200000,1098.500000,987.400000,1069.900000,1179.800000,1034.200000,1279.800000,1186.900000,1079.700000,1332.500000,1695.200000,1341.600000,
150,'528,Netherlands (Kingdom of the),1056,'21113.01b,"Meat of pig with the bone, fresh or chilled (biological)",5532,Producer Price (USD/tonne),7021,Annual value,USD,1481.500000,1524.000000,1055.300000,1131.900000,1370.100000,1512.500000,1363.200000,867.000000,773.500000,890.500000,934.800000,817.800000,1125.800000,1149.200000,1205.700000,1288.400000,1281.600000,1598.400000,1374.500000,1283.500000,1511.800000,1556.700000,1614.700000,1457.400000,1095.000000,1183.500000,1332.700000,1221.300000,1432.800000,1355.700000,1276.900000,1403.200000,1833.000000,1452.100000,
150,'528,Netherlands (Kingdom of the),1056,'21113.01b,"Meat of pig with the bone, fresh or chilled (biological)",5539,Producer Price Index (2014-2016 = 100),7021,Annual value,,119.490000,115.610000,84.550000,88.870000,94.900000,110.000000,114.750000,74.200000,69.020000,91.880000,99.300000,82.610000,94.830000,87.980000,92.170000,97.640000,89.020000,103.740000,94.060000,92.120000,103.380000,115.180000,115.610000,104.430000,93.860000,101.710000,112.150000,98.310000,121.670000,112.830000,102.640000,126.670000,161.150000,127.540000,117.340000
150,'528,Netherlands (Kingdom of the),1141,'21114,"Meat of rabbits and hares, fresh or chilled",5539,Producer Price Index (2014-2016 = 100),7021,Annual value,,,,,,,,,,,,,,,,,82.310000,74.910000,79.270000,67.130000,96.360000,103.120000,108.060000,106.100000,105.320000,99.400000,95.280000,99.130000,97.930000,97.290000,95.870000,100.490000,104.040000,111.490000,118.190000,125.290000
150,'528,Netherlands (Kingdom of the),1145,'21114b,"Meat of rabbits and hares, fresh or chilled (biological)",5530,Producer Price (LCU/tonne),7021,Annual value,LCU,,,,,,,,,,,,,,,,1400.800000,1275.000000,1349.200000,1142.500000,1640.000000,1755.000000,1839.200000,1805.800000,1792.500000,1691.700000,1621.700000,1687.100000,1666.700000,1645.400000,1655.800000,1737.900000,2026.700000,2167.900000,2440.000000,
150,'528,Netherlands (Kingdom of the),1145,'21114b,"Meat of rabbits and hares, fresh or chilled (biological)",5531,Producer Price (SLC/tonne),7021,Annual value,SLC,,,,,,,,,,,,,,,,1400.800000,1275.000000,1349.200000,1142.500000,1640.000000,1755.000000,1839.200000,1805.800000,1792.500000,1691.700000,1621.700000,1687.100000,1666.700000,1645.400000,1655.800000,1737.900000,2026.700000,2167.900000,2440.000000,
150,'528,Netherlands (Kingdom of the),1145,'21114b,"Meat of rabbits and hares, fresh or chilled (biological)",5532,Producer Price (USD/tonne),7021,Annual value,USD,,,,,,,,,,,,,,,,1757.300000,1745.100000,1976.300000,1587.200000,2172.100000,2439.700000,2363.100000,2397.700000,2378.200000,1876.200000,1793.800000,1905.900000,1968.300000,1842.000000,1891.300000,2055.500000,2134.200000,2344.100000,2641.000000,
150,'528,Netherlands (Kingdom of the),1145,'21114b,"Meat of rabbits and hares, fresh or chilled (biological)",5539,Producer Price Index (2014-2016 = 100),7021,Annual value,,,,,,,,,,,,,,,,,82.310000,74.910000,79.270000,67.130000,96.360000,103.120000,108.060000,106.100000,105.320000,99.400000,95.280000,99.130000,97.930000,96.680000,97.290000,102.110000,119.080000,127.380000,143.370000,156.980000
150,'528,Netherlands (Kingdom of the),977,'21115,"Meat of sheep, fresh or chilled",5539,Producer Price Index (2014-2016 = 100),7021,Annual value,,68.420000,64.680000,56.330000,63.610000,64.860000,66.640000,79.430000,70.020000,61.840000,69.660000,79.430000,80.910000,75.480000,72.790000,73.460000,74.590000,73.560000,83.970000,83.310000,85.630000,93.680000,100.740000,91.980000,98.660000,100.300000,101.040000,98.410000,103.720000,106.500000,106.480000,106.550000,106.600000,106.710000,108.410000,110.140000
150,'528,Netherlands (Kingdom of the),1013,'21115b,"Meat of sheep, fresh or chilled (biological)",5530,Producer Price (LCU/tonne),7021,Annual value,LCU,3850.000000,3640.000000,3170.000000,3580.000000,3650.000000,3750.000000,4470.000000,3940.000000,3480.000000,3920.000000,4470.000000,1966.000000,1834.000000,1768.500000,1785.000000,1812.300000,1787.300000,2040.300000,2024.200000,2080.500000,2276.100000,2447.800000,2234.800000,2397.200000,2436.900000,2455.000000,2391.200000,2520.100000,2464.200000,2773.300000,3239.600000,3145.900000,3167.400000,4082.000000,
150,'528,Netherlands (Kingdom of the),1013,'21115b,"Meat of sheep, fresh or chilled (biological)",5531,Producer Price (SLC/tonne),7021,Annual value,SLC,1747.100000,1651.800000,1438.500000,1624.500000,1656.300000,1701.700000,2028.400000,1787.900000,1579.200000,1778.800000,2028.400000,1966.000000,1834.000000,1768.500000,1785.000000,1812.300000,1787.300000,2040.300000,2024.200000,2080.500000,2276.100000,2447.800000,2234.800000,2397.200000,2436.900000,2455.000000,2391.200000,2520.100000,2464.200000,2773.300000,3239.600000,3145.900000,3167.400000,4082.000000,
150,'528,Netherlands (Kingdom of the),1013,'21115b,"Meat of sheep, fresh or chilled (biological)",5532,Producer Price (USD/tonne),7021,Annual value,USD,2059.200000,2070.000000,1706.800000,1967.000000,2273.200000,2224.300000,2290.800000,1986.100000,1682.500000,1638.900000,1815.100000,1850.300000,2069.900000,2195.900000,2219.800000,2273.500000,2446.200000,2988.700000,2812.100000,2755.500000,3164.000000,3145.100000,2967.200000,3180.500000,2702.700000,2715.600000,2701.300000,2976.100000,2758.600000,3167.600000,3831.600000,3312.800000,3424.800000,4418.300000,
150,'528,Netherlands (Kingdom of the),1013,'21115b,"Meat of sheep, fresh or chilled (biological)",5539,Producer Price Index (2014-2016 = 100),7021,Annual value,,71.900000,67.980000,59.200000,66.860000,68.170000,70.040000,83.480000,73.580000,64.990000,73.210000,83.480000,80.910000,75.480000,72.790000,73.460000,74.590000,73.560000,83.970000,83.310000,85.630000,93.680000,100.740000,91.980000,98.660000,100.300000,101.040000,98.410000,103.720000,101.420000,114.140000,133.330000,129.470000,130.360000,168.000000,187.200000
150,'528,Netherlands (Kingdom of the),1080,'21124,"Meat of turkeys, fresh or chilled",5539,Producer Price Index (2014-2016 = 100),7021,Annual value,,88.710000,84.680000,80.140000,79.640000,73.090000,76.610000,81.140000,74.590000,64.520000,67.020000,79.880000,70.460000,72.770000,74.500000,73.690000,72.330000,82.700000,96.690000,92.500000,85.510000,99.120000,103.370000,106.870000,105.150000,102.930000,91.920000,92.740000,91.400000,91.130000,90.780000,92.590000,91.990000,93.890000,93.470000,93.060000
150,'528,Netherlands (Kingdom of the),1088,'21124b,"Meat of turkeys, fresh or chilled (biological)",5530,Producer Price (LCU/tonne),7021,Annual value,LCU,,,,,,,,,,,,,,,,965.000000,1103.300000,1290.000000,1234.200000,1140.800000,1322.500000,1379.200000,1425.800000,1402.900000,1373.300000,1324.000000,,,,,,,,,
150,'528,Netherlands (Kingdom of the),1088,'21124b,"Meat of turkeys, fresh or chilled (biological)",5531,Producer Price (SLC/tonne),7021,Annual value,SLC,,,,,,,,,,,,,,,,965.000000,1103.300000,1290.000000,1234.200000,1140.800000,1322.500000,1379.200000,1425.800000,1402.900000,1373.300000,1324.000000,,,,,,,,,
150,'528,Netherlands (Kingdom of the),1088,'21124b,"Meat of turkeys, fresh or chilled (biological)",5532,Producer Price (USD/tonne),7021,Annual value,USD,,,,,,,,,,,,,,,,1210.600000,1510.100000,1889.600000,1714.500000,1510.900000,1838.500000,1772.000000,1893.100000,1861.300000,1523.100000,1464.500000,,,,,,,,,
150,'528,Netherlands (Kingdom of the),1088,'21124b,"Meat of turkeys, fresh or chilled (biological)",5539,Producer Price Index (2014-2016 = 100),7021,Annual value,,86.590000,82.670000,78.220000,77.720000,71.350000,74.770000,79.220000,72.810000,62.980000,65.440000,77.990000,68.780000,71.040000,72.730000,71.940000,70.610000,80.730000,94.380000,90.300000,83.470000,96.760000,100.910000,104.320000,102.650000,100.480000,96.870000,97.740000,96.330000,96.040000,94.420000,95.470000,94.100000,95.600000,96.990000,98.410000
150,'528,Netherlands (Kingdom of the),449,'01270,Mushrooms and truffles,5530,Producer Price (LCU/tonne),7021,Annual value,LCU,2550.000000,2330.000000,2440.000000,2570.000000,2330.000000,2310.000000,2410.000000,2500.000000,2560.000000,2750.000000,3530.000000,1510.000000,1394.000000,1361.000000,1263.000000,1280.100000,1364.900000,1339.000000,1170.200000,1219.500000,1225.000000,1350.000000,1484.600000,1344.700000,1364.600000,1384.500000,1361.800000,1346.100000,1391.300000,1486.500000,1482.800000,1660.100000,1974.400000,2000.000000,
150,'528,Netherlands (Kingdom of the),449,'01270,Mushrooms and truffles,5531,Producer Price (SLC/tonne),7021,Annual value,SLC,1157.100000,1057.300000,1107.200000,1166.200000,1057.300000,1048.200000,1093.600000,1134.500000,1161.700000,1247.900000,1601.800000,1510.000000,1394.000000,1361.000000,1263.000000,1280.100000,1364.900000,1339.000000,1170.200000,1219.500000,1225.000000,1350.000000,1484.600000,1344.700000,1364.600000,1384.500000,1361.800000,1346.100000,1391.300000,1486.500000,1482.800000,1660.100000,1974.400000,2000.000000,
150,'528,Netherlands (Kingdom of the),449,'01270,Mushrooms and truffles,5532,Producer Price (USD/tonne),7021,Annual value,USD,1363.900000,1325.000000,1313.700000,1412.100000,1451.100000,1370.200000,1235.100000,1260.200000,1237.700000,1149.700000,1433.400000,1421.100000,1573.300000,1689.900000,1570.700000,1605.900000,1868.100000,1961.400000,1625.700000,1615.100000,1702.900000,1734.600000,1971.200000,1784.000000,1513.500000,1531.500000,1538.400000,1589.600000,1557.500000,1697.800000,1753.700000,1748.200000,2134.900000,2164.800000,
150,'528,Netherlands (Kingdom of the),449,'01270,Mushrooms and truffles,5539,Producer Price Index (2014-2016 = 100),7021,Annual value,,84.800000,77.480000,81.140000,85.460000,77.480000,76.820000,80.140000,83.130000,85.130000,91.450000,117.380000,110.650000,102.150000,99.730000,92.550000,93.810000,100.020000,98.120000,85.760000,89.360000,89.770000,98.930000,108.790000,98.540000,100.000000,101.460000,99.790000,98.640000,101.960000,108.930000,108.660000,121.650000,144.690000,146.560000,154.320000
150,'528,Netherlands (Kingdom of the),75,'0117,Oats,5530,Producer Price (LCU/tonne),7021,Annual value,LCU,347.000000,383.000000,292.000000,291.000000,267.000000,279.000000,275.000000,249.000000,253.000000,254.000000,248.000000,101.000000,111.000000,102.000000,103.000000,125.700000,191.700000,151.600000,,,,,,,,,,,,,,,,,
150,'528,Netherlands (Kingdom of the),75,'0117,Oats,5531,Producer Price (SLC/tonne),7021,Annual value,SLC,157.500000,173.800000,132.500000,132.100000,121.200000,126.600000,124.800000,113.000000,114.800000,115.300000,112.500000,101.000000,111.000000,102.000000,103.000000,125.700000,191.700000,151.600000,,,,,,,,,,,,,,,,,
150,'528,Netherlands (Kingdom of the),75,'0117,Oats,5532,Producer Price (USD/tonne),7021,Annual value,USD,185.600000,217.800000,157.200000,159.900000,166.300000,165.500000,140.900000,125.500000,122.300000,106.200000,100.700000,95.100000,125.300000,126.700000,128.100000,157.700000,262.400000,222.100000,,,,,,,,,,,,,,,,,
150,'528,Netherlands (Kingdom of the),75,'0117,Oats,5539,Producer Price Index (2014-2016 = 100),7021,Annual value,,111.750000,123.350000,94.040000,93.720000,85.990000,89.850000,88.570000,80.190000,81.480000,81.800000,79.870000,71.680000,78.780000,72.390000,73.100000,89.240000,136.050000,107.590000,69.920000,106.300000,128.010000,145.270000,124.610000,101.730000,103.000000,95.270000,100.110000,117.830000,102.120000,104.140000,107.210000,104.770000,114.790000,115.760000,116.730000
150,'528,Netherlands (Kingdom of the),403,'01253.02,"Onions and shallots, dry (excluding dehydrated)",5530,Producer Price (LCU/tonne),7021,Annual value,LCU,,,,,,,,,,,,108.000000,156.000000,77.000000,72.000000,133.200000,143.500000,61.800000,79.700000,215.800000,99.900000,74.300000,148.900000,120.000000,138.100000,144.300000,63.000000,252.500000,268.600000,162.000000,135.800000,249.600000,461.000000,152.500000,
150,'528,Netherlands (Kingdom of the),403,'01253.02,"Onions and shallots, dry (excluding dehydrated)",5531,Producer Price (SLC/tonne),7021,Annual value,SLC,,,,,,,,,,,,108.000000,156.000000,77.000000,72.000000,133.200000,143.500000,61.800000,79.700000,215.800000,99.900000,74.300000,148.900000,120.000000,138.100000,144.300000,63.000000,252.500000,268.600000,162.000000,135.800000,249.600000,461.000000,152.500000,
150,'528,Netherlands (Kingdom of the),403,'01253.02,"Onions and shallots, dry (excluding dehydrated)",5532,Producer Price (USD/tonne),7021,Annual value,USD,,,,,,,,,,,,101.600000,176.100000,95.600000,89.500000,167.100000,196.400000,90.600000,110.700000,285.800000,138.900000,95.500000,197.700000,159.200000,153.100000,159.700000,71.200000,298.200000,300.700000,185.000000,160.700000,262.800000,498.500000,165.100000,
150,'528,Netherlands (Kingdom of the),403,'01253.02,"Onions and shallots, dry (excluding dehydrated)",5539,Producer Price Index (2014-2016 = 100),7021,Annual value,,118.400000,99.450000,79.830000,95.390000,88.290000,92.690000,123.130000,118.730000,92.690000,110.280000,107.570000,80.510000,116.290000,57.400000,53.670000,99.290000,106.960000,46.090000,59.390000,160.880000,74.490000,55.420000,111.010000,89.460000,102.930000,107.610000,46.960000,188.200000,200.240000,120.730000,101.260000,186.030000,343.650000,113.680000,139.690000
150,'528,Netherlands (Kingdom of the),402,'01253.01,"Onions and shallots, green",5530,Producer Price (LCU/tonne),7021,Annual value,LCU,,,,,,,,,,,,108.000000,156.200000,77.000000,72.000000,133.000000,152.500000,66.000000,79.500000,,,,,,,,,,,,,,,,
150,'528,Netherlands (Kingdom of the),402,'01253.01,"Onions and shallots, green",5531,Producer Price (SLC/tonne),7021,Annual value,SLC,,,,,,,,,,,,108.000000,156.200000,77.000000,72.000000,133.000000,152.500000,66.000000,79.500000,,,,,,,,,,,,,,,,
150,'528,Netherlands (Kingdom of the),402,'01253.01,"Onions and shallots, green",5532,Producer Price (USD/tonne),7021,Annual value,USD,,,,,,,,,,,,101.600000,176.300000,95.600000,89.500000,166.800000,208.700000,96.700000,110.400000,,,,,,,,,,,,,,,,
150,'528,Netherlands (Kingdom of the),402,'01253.01,"Onions and shallots, green",5539,Producer Price Index (2014-2016 = 100),7021,Annual value,,158.830000,133.420000,107.100000,127.970000,118.440000,124.340000,165.180000,159.280000,124.340000,147.940000,144.310000,108.000000,156.210000,77.000000,72.000000,133.000000,152.510000,66.000000,79.500000,87.820000,90.400000,92.260000,97.010000,97.010000,100.150000,102.840000,104.320000,108.710000,112.020000,112.810000,116.110000,122.080000,92.540000,103.980000,116.830000
150,'528,Netherlands (Kingdom of the),414,'01241.90,"Other beans, green",5530,Producer Price (LCU/tonne),7021,Annual value,LCU,1520.000000,1070.000000,1370.000000,1210.000000,1250.000000,1460.000000,1420.000000,1450.000000,1010.000000,,,,,,,,,,,,,,,,,,,,,,,,,,
150,'528,Netherlands (Kingdom of the),414,'01241.90,"Other beans, green",5531,Producer Price (SLC/tonne),7021,Annual value,SLC,689.700000,485.500000,621.700000,549.100000,567.200000,662.500000,644.400000,658.000000,458.300000,,,,,,,,,,,,,,,,,,,,,,,,,,
150,'528,Netherlands (Kingdom of the),414,'01241.90,"Other beans, green",5532,Producer Price (USD/tonne),7021,Annual value,USD,813.000000,608.500000,737.600000,664.800000,778.500000,866.000000,727.700000,730.900000,488.300000,,,,,,,,,,,,,,,,,,,,,,,,,,
150,'528,Netherlands (Kingdom of the),414,'01241.90,"Other beans, green",5539,Producer Price Index (2014-2016 = 100),7021,Annual value,,525.330000,369.810000,473.490000,418.190000,432.020000,504.600000,490.770000,501.140000,349.070000,386.400000,311.400000,126.430000,114.250000,84.980000,88.150000,105.520000,99.610000,92.910000,76.610000,99.260000,84.540000,88.780000,98.490000,86.240000,106.610000,107.150000,106.930000,108.960000,88.460000,88.680000,87.970000,87.460000,86.430000,86.360000,86.290000
150,'528,Netherlands (Kingdom of the),558,'01355.90,Other berries and fruits of the genus vaccinium n.e.c.,5539,Producer Price Index (2014-2016 = 100),7021,Annual value,,77.030000,80.770000,75.980000,72.230000,59.310000,67.570000,92.340000,89.040000,94.900000,88.440000,103.600000,104.550000,108.000000,94.020000,91.370000,106.530000,89.720000,94.660000,84.880000,95.110000,92.550000,82.870000,100.660000,97.520000,95.620000,106.860000,111.670000,115.520000,104.240000,103.860000,102.140000,128.440000,119.180000,121.710000,124.290000
150,'528,Netherlands (Kingdom of the),1166,'21119.90,"Other meat of mammals, fresh or chilled",5539,Producer Price Index (2014-2016 = 100),7021,Annual value,,66.950000,63.300000,55.120000,62.250000,63.470000,65.210000,77.730000,68.520000,60.520000,68.170000,77.730000,75.360000,79.390000,86.240000,88.900000,93.260000,92.280000,98.330000,92.280000,92.100000,103.570000,111.400000,111.120000,104.560000,96.990000,98.450000,105.820000,98.160000,100.870000,107.270000,108.210000,120.820000,127.820000,128.280000,128.750000
150,'528,Netherlands (Kingdom of the),463,'01290.90,"Other vegetables, fresh n.e.c.",5530,Producer Price (LCU/tonne),7021,Annual value,LCU,1880.000000,1550.000000,1960.000000,1730.000000,1760.000000,2090.000000,1700.000000,1570.000000,,,,,,,,,,,,,,,,,,,,,,,,,,,
150,'528,Netherlands (Kingdom of the),463,'01290.90,"Other vegetables, fresh n.e.c.",5531,Producer Price (SLC/tonne),7021,Annual value,SLC,853.100000,703.400000,889.400000,785.000000,798.700000,948.400000,771.400000,712.400000,,,,,,,,,,,,,,,,,,,,,,,,,,,
150,'528,Netherlands (Kingdom of the),463,'01290.90,"Other vegetables, fresh n.e.c.",5532,Producer Price (USD/tonne),7021,Annual value,USD,1005.500000,881.400000,1055.300000,950.500000,1096.100000,1239.700000,871.200000,791.400000,,,,,,,,,,,,,,,,,,,,,,,,,,,
150,'528,Netherlands (Kingdom of the),463,'01290.90,"Other vegetables, fresh n.e.c.",5539,Producer Price Index (2014-2016 = 100),7021,Annual value,,135.500000,111.710000,141.260000,124.680000,126.850000,150.630000,122.520000,113.150000,98.310000,102.630000,82.230000,111.970000,117.420000,87.340000,90.600000,108.450000,102.380000,95.500000,78.730000,102.020000,86.890000,91.240000,101.220000,88.630000,109.570000,101.790000,94.670000,105.300000,95.000000,91.390000,95.990000,100.680000,90.520000,93.340000,96.240000
150,'528,Netherlands (Kingdom of the),521,'01342.01,Pears,5530,Producer Price (LCU/tonne),7021,Annual value,LCU,1470.000000,1170.000000,810.000000,820.000000,820.000000,1270.000000,1100.000000,1250.000000,1220.000000,1080.000000,1410.000000,650.000000,630.000000,630.000000,590.000000,568.600000,465.000000,831.700000,683.700000,570.500000,488.500000,704.200000,866.800000,483.200000,554.400000,509.500000,684.300000,651.700000,486.600000,734.500000,674.100000,743.000000,973.600000,919.900000,
150,'528,Netherlands (Kingdom of the),521,'01342.01,Pears,5531,Producer Price (SLC/tonne),7021,Annual value,SLC,667.100000,530.900000,367.600000,372.100000,372.100000,576.300000,499.200000,567.200000,553.600000,490.100000,639.800000,650.000000,630.000000,630.000000,590.000000,568.600000,465.000000,831.700000,683.700000,570.500000,488.500000,704.200000,866.800000,483.200000,554.400000,509.500000,684.300000,651.700000,486.600000,734.500000,674.100000,743.000000,973.600000,919.900000,
150,'528,Netherlands (Kingdom of the),521,'01342.01,Pears,5532,Producer Price (USD/tonne),7021,Annual value,USD,786.200000,665.300000,436.100000,450.500000,510.700000,753.300000,563.700000,630.100000,589.800000,451.500000,572.600000,611.700000,711.000000,782.300000,733.700000,713.300000,636.400000,1218.300000,949.800000,755.600000,679.100000,904.800000,1150.900000,641.100000,614.900000,563.600000,773.000000,769.600000,544.700000,839.000000,797.300000,782.400000,1052.700000,995.700000,
150,'528,Netherlands (Kingdom of the),521,'01342.01,Pears,5539,Producer Price Index (2014-2016 = 100),7021,Annual value,,129.340000,102.950000,71.270000,72.150000,72.150000,111.750000,96.790000,109.990000,107.350000,95.030000,124.060000,126.040000,122.160000,122.160000,114.400000,110.250000,90.160000,161.260000,132.570000,110.630000,94.720000,136.550000,168.080000,93.700000,107.510000,98.790000,132.680000,126.360000,94.350000,142.430000,130.710000,144.060000,188.790000,178.370000,181.460000
150,'528,Netherlands (Kingdom of the),187,'01705,"Peas, dry",5530,Producer Price (LCU/tonne),7021,Annual value,LCU,561.000000,628.000000,329.000000,311.000000,296.000000,352.000000,378.000000,,,344.000000,368.000000,140.000000,138.000000,136.000000,124.000000,141.500000,223.000000,196.500000,,,,,,,,,,,,,,,,,
150,'528,Netherlands (Kingdom of the),187,'01705,"Peas, dry",5531,Producer Price (SLC/tonne),7021,Annual value,SLC,254.600000,285.000000,149.300000,141.100000,134.300000,159.700000,171.500000,,,156.100000,167.000000,140.000000,138.000000,136.000000,124.000000,141.500000,223.000000,196.500000,,,,,,,,,,,,,,,,,
150,'528,Netherlands (Kingdom of the),187,'01705,"Peas, dry",5532,Producer Price (USD/tonne),7021,Annual value,USD,300.100000,357.100000,177.100000,170.900000,184.300000,208.800000,193.700000,,,143.800000,149.400000,131.800000,155.800000,168.900000,154.200000,177.500000,305.200000,287.800000,,,,,,,,,,,,,,,,,
150,'528,Netherlands (Kingdom of the),187,'01705,"Peas, dry",5539,Producer Price Index (2014-2016 = 100),7021,Annual value,,119.710000,134.010000,70.210000,66.360000,63.160000,75.110000,80.660000,75.540000,78.530000,73.410000,78.530000,65.830000,64.890000,63.950000,58.310000,66.540000,104.870000,92.400000,85.960000,95.930000,93.260000,93.430000,99.960000,96.060000,101.710000,102.220000,102.020000,103.950000,103.520000,97.830000,99.240000,100.650000,104.230000,105.910000,107.620000
150,'528,Netherlands (Kingdom of the),417,'01242,"Peas, green",5539,Producer Price Index (2014-2016 = 100),7021,Annual value,,225.140000,158.540000,203.000000,179.170000,185.180000,216.320000,210.320000,214.820000,149.530000,165.660000,133.580000,119.490000,117.420000,87.340000,90.600000,108.450000,102.380000,95.500000,78.740000,102.020000,86.890000,91.240000,101.220000,88.640000,109.570000,101.790000,94.670000,105.300000,92.470000,91.560000,85.960000,92.900000,83.060000,82.960000,82.870000
150,'528,Netherlands (Kingdom of the),536,'01346,Plums and sloes,5539,Producer Price Index (2014-2016 = 100),7021,Annual value,,177.750000,97.370000,57.270000,71.790000,77.910000,97.370000,79.200000,75.440000,62.110000,73.070000,93.710000,96.620000,105.980000,100.190000,83.840000,95.830000,88.620000,124.260000,98.010000,98.600000,100.610000,117.630000,146.060000,100.730000,100.440000,98.830000,127.460000,136.900000,131.070000,132.100000,126.940000,236.290000,131.300000,144.300000,158.580000
150,'528,Netherlands (Kingdom of the),296,'01448,Poppy seed,5530,Producer Price (LCU/tonne),7021,Annual value,LCU,,,,,,,,,,,,,,,,1105.600000,2111.500000,2004.300000,801.900000,1174.900000,1128.500000,1340.000000,1754.500000,1744.000000,1450.000000,1347.900000,1271.000000,2425.500000,2537.300000,2144.500000,1816.500000,2170.000000,2205.000000,2130.000000,
150,'528,Netherlands (Kingdom of the),296,'01448,Poppy seed,5531,Producer Price (SLC/tonne),7021,Annual value,SLC,,,,,,,,,,,,,,,,1105.600000,2111.500000,2004.300000,801.900000,1174.900000,1128.500000,1340.000000,1754.500000,1744.000000,1450.000000,1347.900000,1271.000000,2425.500000,2537.300000,2144.500000,1816.500000,2170.000000,2205.000000,2130.000000,
150,'528,Netherlands (Kingdom of the),296,'01448,Poppy seed,5532,Producer Price (USD/tonne),7021,Annual value,USD,,,,,,,,,,,,,,,,1387.000000,2889.900000,2935.900000,1114.000000,1556.000000,1568.800000,1721.700000,2329.500000,2313.800000,1608.100000,1490.900000,1435.800000,2864.400000,2840.400000,2449.400000,2148.400000,2285.100000,2384.200000,2305.500000,
150,'528,Netherlands (Kingdom of the),296,'01448,Poppy seed,5539,Producer Price Index (2014-2016 = 100),7021,Annual value,,47.950000,23.350000,24.550000,25.870000,27.190000,32.160000,32.580000,27.190000,25.870000,25.320000,25.960000,22.850000,22.720000,39.490000,56.260000,73.030000,139.470000,132.390000,52.970000,77.600000,74.540000,88.510000,115.890000,115.200000,95.780000,89.030000,83.950000,160.210000,167.590000,141.650000,119.980000,143.330000,145.650000,140.690000,138.690000
150,'528,Netherlands (Kingdom of the),116,'01510,Potatoes,5530,Producer Price (LCU/tonne),7021,Annual value,LCU,247.000000,130.000000,106.000000,320.000000,380.000000,158.000000,150.000000,325.000000,362.000000,76.000000,194.000000,87.000000,101.500000,94.500000,71.500000,155.700000,144.600000,86.500000,91.600000,127.400000,135.300000,134.100000,196.200000,101.900000,115.000000,171.300000,158.300000,155.300000,198.500000,102.400000,134.500000,211.400000,244.500000,270.400000,
150,'528,Netherlands (Kingdom of the),116,'01510,Potatoes,5531,Producer Price (SLC/tonne),7021,Annual value,SLC,112.100000,59.000000,48.100000,145.200000,172.400000,71.700000,68.100000,147.500000,164.300000,34.500000,88.000000,87.000000,101.500000,94.500000,71.500000,155.700000,144.600000,86.500000,91.600000,127.400000,135.300000,134.100000,196.200000,101.900000,115.000000,171.300000,158.300000,155.300000,198.500000,102.400000,134.500000,211.400000,244.500000,270.400000,
150,'528,Netherlands (Kingdom of the),116,'01510,Potatoes,5532,Producer Price (USD/tonne),7021,Annual value,USD,132.100000,73.900000,57.100000,175.800000,236.700000,93.700000,76.900000,163.800000,175.000000,31.800000,78.800000,81.900000,114.600000,117.300000,88.900000,195.300000,197.800000,126.800000,127.300000,168.700000,188.000000,172.300000,260.500000,135.200000,127.600000,189.500000,178.900000,183.400000,222.200000,117.000000,159.100000,222.700000,264.400000,292.700000,
150,'528,Netherlands (Kingdom of the),116,'01510,Potatoes,5539,Producer Price Index (2014-2016 = 100),7021,Annual value,,86.610000,45.580000,37.170000,112.200000,133.240000,55.400000,52.600000,113.960000,126.930000,26.650000,68.020000,67.220000,78.430000,73.020000,55.250000,120.320000,111.690000,66.870000,70.790000,98.440000,104.510000,103.600000,151.620000,78.750000,88.890000,132.360000,122.360000,120.020000,153.370000,79.140000,103.960000,163.390000,188.950000,208.940000,233.760000
150,'528,Netherlands (Kingdom of the),394,'01235,"Pumpkins, squash and gourds",5539,Producer Price Index (2014-2016 = 100),7021,Annual value,,158.120000,158.300000,132.030000,139.060000,157.400000,151.190000,136.460000,129.200000,111.710000,101.740000,103.100000,103.640000,117.420000,87.340000,90.600000,108.450000,102.380000,95.490000,78.730000,102.020000,86.890000,91.240000,101.220000,88.630000,109.570000,101.790000,94.670000,105.300000,94.070000,93.380000,92.590000,100.350000,94.240000,94.100000,93.950000
150,'528,Netherlands (Kingdom of the),270,'01443,Rape or colza seed,5530,Producer Price (LCU/tonne),7021,Annual value,LCU,723.000000,352.000000,370.000000,390.000000,410.000000,485.000000,491.000000,410.000000,390.000000,,,160.000000,160.000000,160.000000,160.000000,242.000000,303.700000,309.900000,236.800000,315.100000,361.000000,435.000000,342.500000,325.600000,324.700000,333.400000,329.100000,378.000000,371.100000,380.000000,500.000000,585.000000,430.000000,450.000000,
150,'528,Netherlands (Kingdom of the),270,'01443,Rape or colza seed,5531,Producer Price (SLC/tonne),7021,Annual value,SLC,328.100000,159.700000,167.900000,177.000000,186.000000,220.100000,222.800000,186.000000,177.000000,,,160.000000,160.000000,160.000000,160.000000,242.000000,303.700000,309.900000,236.800000,315.100000,361.000000,435.000000,342.500000,325.600000,324.700000,333.400000,329.100000,378.000000,371.100000,380.000000,500.000000,585.000000,430.000000,450.000000,
150,'528,Netherlands (Kingdom of the),270,'01443,Rape or colza seed,5532,Producer Price (USD/tonne),7021,Annual value,USD,386.700000,200.200000,199.200000,214.300000,255.300000,287.700000,251.600000,206.700000,188.600000,,,150.600000,180.600000,198.700000,199.000000,303.600000,415.600000,453.900000,328.900000,417.300000,501.800000,558.900000,454.800000,432.100000,360.100000,368.700000,371.800000,446.400000,415.500000,434.000000,591.400000,616.000000,464.900000,487.100000,
150,'528,Netherlands (Kingdom of the),270,'01443,Rape or colza seed,5539,Producer Price Index (2014-2016 = 100),7021,Annual value,,100.050000,48.710000,51.200000,53.970000,56.740000,67.120000,67.950000,56.740000,53.970000,39.390000,45.240000,48.790000,48.790000,48.790000,48.790000,73.800000,92.610000,94.500000,72.210000,96.090000,110.090000,132.660000,104.450000,99.310000,99.030000,101.660000,100.370000,115.280000,113.190000,115.890000,152.480000,178.410000,131.140000,137.240000,137.880000
150,'528,Netherlands (Kingdom of the),547,'01353.01,Raspberries,5539,Producer Price Index (2014-2016 = 100),7021,Annual value,,77.010000,80.760000,75.950000,72.200000,59.300000,67.550000,92.320000,89.010000,94.870000,88.420000,103.580000,104.540000,108.000000,94.020000,91.370000,106.530000,89.720000,94.660000,84.880000,95.110000,92.550000,82.870000,100.660000,97.520000,95.620000,106.860000,111.670000,115.520000,104.240000,103.850000,102.140000,128.440000,119.190000,121.710000,124.290000
150,'528,Netherlands (Kingdom of the),882,'02211,Raw milk of cattle,5530,Producer Price (LCU/tonne),7021,Annual value,LCU,744.000000,761.000000,748.000000,719.000000,705.000000,681.000000,702.000000,736.000000,695.000000,710.000000,757.000000,327.500000,314.000000,303.500000,301.000000,268.500000,317.800000,336.000000,257.100000,301.800000,342.700000,319.200000,374.200000,389.300000,314.700000,293.800000,355.000000,332.300000,336.200000,307.000000,338.600000,503.100000,404.900000,498.200000,
150,'528,Netherlands (Kingdom of the),882,'02211,Raw milk of cattle,5531,Producer Price (SLC/tonne),7021,Annual value,SLC,337.600000,345.300000,339.400000,326.300000,319.900000,309.000000,318.600000,334.000000,315.400000,322.200000,343.500000,327.500000,314.000000,303.500000,301.000000,268.500000,317.800000,336.000000,257.100000,301.800000,342.700000,319.200000,374.200000,389.300000,314.700000,293.800000,355.000000,332.300000,336.200000,307.000000,338.600000,503.100000,404.900000,498.200000,
150,'528,Netherlands (Kingdom of the),882,'02211,Raw milk of cattle,5532,Producer Price (USD/tonne),7021,Annual value,USD,397.900000,432.800000,402.700000,395.100000,439.100000,403.900000,359.800000,371.000000,336.000000,296.800000,307.400000,308.200000,354.400000,376.800000,374.300000,336.800000,435.000000,492.100000,357.100000,399.700000,476.400000,410.100000,496.900000,516.500000,349.000000,324.900000,401.100000,392.400000,376.300000,350.600000,400.500000,529.800000,437.800000,539.200000,
150,'528,Netherlands (Kingdom of the),882,'02211,Raw milk of cattle,5539,Producer Price Index (2014-2016 = 100),7021,Annual value,,101.520000,103.840000,102.060000,98.110000,96.190000,92.920000,95.790000,100.420000,94.830000,96.880000,103.290000,98.480000,94.420000,91.260000,90.510000,80.720000,95.570000,101.020000,77.300000,90.740000,103.050000,95.970000,112.530000,117.060000,94.620000,88.330000,106.760000,99.910000,101.080000,92.300000,101.830000,151.270000,121.750000,149.800000,157.000000
150,'528,Netherlands (Kingdom of the),1020,'02292,Raw milk of goats,5530,Producer Price (LCU/tonne),7021,Annual value,LCU,,,,,,,,,,,,,,,,,,,,372.700000,411.800000,485.900000,579.900000,681.000000,697.100000,669.300000,622.500000,577.900000,633.800000,680.600000,687.500000,719.200000,775.000000,725.000000,
150,'528,Netherlands (Kingdom of the),1020,'02292,Raw milk of goats,5531,Producer Price (SLC/tonne),7021,Annual value,SLC,,,,,,,,,,,,,,,,,,,,372.700000,411.800000,485.900000,579.900000,681.000000,697.100000,669.300000,622.500000,577.900000,633.800000,680.600000,687.500000,719.200000,775.000000,725.000000,
150,'528,Netherlands (Kingdom of the),1020,'02292,Raw milk of goats,5532,Producer Price (USD/tonne),7021,Annual value,USD,,,,,,,,,,,,,,,,,,,,493.600000,572.400000,624.300000,770.000000,903.600000,773.100000,740.300000,703.200000,682.500000,709.500000,777.400000,813.200000,757.400000,838.000000,784.700000,
150,'528,Netherlands (Kingdom of the),1020,'02292,Raw milk of goats,5539,Producer Price Index (2014-2016 = 100),7021,Annual value,,,,,,,,,,,,,,,,,,,,,54.610000,60.330000,71.200000,84.970000,99.790000,102.140000,98.070000,91.210000,84.680000,92.870000,99.730000,100.740000,105.380000,113.560000,106.230000,108.960000
150,'528,Netherlands (Kingdom of the),71,'0116,Rye,5530,Producer Price (LCU/tonne),7021,Annual value,LCU,335.000000,349.000000,284.000000,294.000000,276.000000,275.000000,254.000000,225.000000,235.000000,223.000000,225.000000,87.000000,97.500000,89.000000,85.000000,109.100000,168.400000,126.600000,,,,,,,,,,,,,,,,,
150,'528,Netherlands (Kingdom of the),71,'0116,Rye,5531,Producer Price (SLC/tonne),7021,Annual value,SLC,152.000000,158.400000,128.900000,133.400000,125.200000,124.800000,115.300000,102.100000,106.600000,101.200000,102.100000,87.000000,97.500000,89.000000,85.000000,109.100000,168.400000,126.600000,,,,,,,,,,,,,,,,,
150,'528,Netherlands (Kingdom of the),71,'0116,Rye,5532,Producer Price (USD/tonne),7021,Annual value,USD,179.200000,198.500000,152.900000,161.500000,171.900000,163.100000,130.200000,113.400000,113.600000,93.200000,91.400000,81.900000,110.000000,110.500000,105.700000,136.900000,230.600000,185.500000,,,,,,,,,,,,,,,,,
150,'528,Netherlands (Kingdom of the),71,'0116,Rye,5539,Producer Price Index (2014-2016 = 100),7021,Annual value,,129.150000,134.550000,109.490000,113.350000,106.410000,106.020000,97.920000,86.740000,90.600000,85.970000,86.740000,73.910000,82.840000,75.610000,72.220000,92.720000,143.110000,107.590000,69.920000,106.300000,128.020000,145.270000,124.610000,101.730000,103.000000,95.270000,100.120000,117.830000,114.890000,100.360000,102.660000,108.990000,123.980000,130.630000,137.630000
150,'528,Netherlands (Kingdom of the),987,'02941,"Shorn wool, greasy, including fleece-washed shorn wool",5530,Producer Price (LCU/tonne),7021,Annual value,LCU,3000.000000,,,2500.000000,2100.000000,1700.000000,2200.000000,2400.000000,2300.000000,1600.000000,1700.000000,604.000000,524.000000,494.000000,502.000000,510.000000,531.000000,522.000000,,,,,,,,,,,,,,,,,
150,'528,Netherlands (Kingdom of the),987,'02941,"Shorn wool, greasy, including fleece-washed shorn wool",5531,Producer Price (SLC/tonne),7021,Annual value,SLC,1361.300000,,,1134.500000,952.900000,771.400000,998.300000,1089.100000,1043.700000,726.000000,771.400000,604.000000,524.000000,494.000000,502.000000,510.000000,531.000000,522.000000,,,,,,,,,,,,,,,,,
150,'528,Netherlands (Kingdom of the),987,'02941,"Shorn wool, greasy, including fleece-washed shorn wool",5532,Producer Price (USD/tonne),7021,Annual value,USD,1604.600000,,,1373.600000,1307.900000,1008.400000,1127.500000,1209.800000,1112.000000,668.900000,690.300000,568.400000,591.400000,613.400000,624.300000,639.800000,726.800000,764.600000,,,,,,,,,,,,,,,,,
150,'528,Netherlands (Kingdom of the),987,'02941,"Shorn wool, greasy, including fleece-washed shorn wool",5539,Producer Price Index (2014-2016 = 100),7021,Annual value,,253.480000,239.620000,208.690000,211.230000,177.430000,143.640000,185.880000,202.780000,194.330000,135.190000,143.640000,112.460000,97.570000,91.980000,93.470000,94.960000,98.870000,97.190000,74.980000,89.580000,97.910000,98.720000,108.120000,112.510000,97.190000,90.290000,108.660000,101.860000,93.790000,90.060000,87.650000,97.080000,92.820000,99.830000,107.360000
150,'528,Netherlands (Kingdom of the),373,'01215,Spinach,5539,Producer Price Index (2014-2016 = 100),7021,Annual value,,115.830000,83.610000,79.920000,103.410000,70.030000,133.840000,138.790000,113.300000,98.460000,102.770000,82.350000,112.080000,117.420000,87.340000,90.600000,108.450000,102.380000,95.500000,78.740000,102.020000,86.890000,91.240000,101.220000,88.630000,109.570000,101.790000,94.670000,105.300000,94.990000,96.910000,96.190000,95.660000,95.350000,95.060000,94.760000
150,'528,Netherlands (Kingdom of the),544,'01354,Strawberries,5530,Producer Price (LCU/tonne),7021,Annual value,LCU,5130.000000,5380.000000,5060.000000,4810.000000,3950.000000,4500.000000,6150.000000,5930.000000,6320.000000,5890.000000,6900.000000,3160.000000,3620.000000,3110.000000,3010.000000,3783.000000,3186.100000,3361.600000,3013.400000,3376.300000,3286.600000,2942.100000,3573.700000,3460.900000,3407.400000,3807.900000,3979.400000,4116.700000,3868.700000,4411.300000,4434.300000,4288.000000,4780.300000,7792.000000,
150,'528,Netherlands (Kingdom of the),544,'01354,Strawberries,5531,Producer Price (SLC/tonne),7021,Annual value,SLC,2327.900000,2441.300000,2296.100000,2182.700000,1792.400000,2042.000000,2790.700000,2690.900000,2867.900000,2672.800000,3131.100000,3160.000000,3620.000000,3110.000000,3010.000000,3783.000000,3186.100000,3361.600000,3013.400000,3376.300000,3286.600000,2942.100000,3573.700000,3460.900000,3407.400000,3807.900000,3979.400000,4116.700000,3868.700000,4411.300000,4434.300000,4288.000000,4780.300000,7792.000000,
150,'528,Netherlands (Kingdom of the),544,'01354,Strawberries,5532,Producer Price (USD/tonne),7021,Annual value,USD,2743.800000,3059.500000,2724.400000,2642.900000,2460.000000,2669.200000,3151.800000,2989.300000,3055.500000,2462.500000,2801.900000,2974.000000,4085.600000,3861.600000,3743.200000,4745.700000,4360.700000,4924.200000,4186.200000,4471.600000,4568.800000,3780.200000,4744.900000,4591.700000,3779.000000,4212.200000,4495.500000,4861.600000,4330.900000,5038.600000,5244.600000,4515.500000,5168.800000,8433.900000,
150,'528,Netherlands (Kingdom of the),544,'01354,Strawberries,5539,Producer Price Index (2014-2016 = 100),7021,Annual value,,65.410000,68.600000,64.520000,61.330000,50.370000,57.380000,78.420000,75.610000,80.590000,75.100000,87.980000,88.800000,101.720000,87.390000,84.580000,106.300000,89.530000,94.460000,84.680000,94.870000,92.350000,82.670000,100.420000,97.250000,95.750000,107.000000,111.820000,115.680000,108.710000,123.960000,124.600000,120.490000,134.330000,218.950000,303.580000
150,'528,Netherlands (Kingdom of the),157,'01801,Sugar beet,5530,Producer Price (LCU/tonne),7021,Annual value,LCU,111.000000,103.000000,98.000000,115.000000,117.000000,110.000000,117.000000,124.000000,95.000000,99.000000,120.000000,46.000000,43.000000,46.000000,45.000000,43.300000,33.100000,33.500000,31.000000,41.000000,46.000000,65.000000,56.500000,44.600000,36.400000,34.600000,32.900000,26.300000,27.600000,35.500000,36.000000,64.800000,74.000000,,
150,'528,Netherlands (Kingdom of the),157,'01801,Sugar beet,5531,Producer Price (SLC/tonne),7021,Annual value,SLC,50.400000,46.700000,44.500000,52.200000,53.100000,49.900000,53.100000,56.300000,43.100000,44.900000,54.500000,46.000000,43.000000,46.000000,45.000000,43.300000,33.100000,33.500000,31.000000,41.000000,46.000000,65.000000,56.500000,44.600000,36.400000,34.600000,32.900000,26.300000,27.600000,35.500000,36.000000,64.800000,74.000000,,
150,'528,Netherlands (Kingdom of the),157,'01801,Sugar beet,5532,Producer Price (USD/tonne),7021,Annual value,USD,59.400000,58.600000,52.800000,63.200000,72.900000,65.200000,60.000000,62.500000,45.900000,41.400000,48.700000,43.300000,48.500000,57.100000,56.000000,54.300000,45.300000,49.100000,43.100000,54.200000,63.900000,83.500000,75.000000,59.200000,40.400000,38.300000,37.100000,31.000000,30.900000,40.500000,42.600000,68.200000,80.000000,,
150,'528,Netherlands (Kingdom of the),157,'01801,Sugar beet,5539,Producer Price Index (2014-2016 = 100),7021,Annual value,,130.670000,121.250000,115.370000,135.380000,137.740000,129.490000,137.740000,145.980000,111.840000,116.550000,141.270000,119.340000,111.550000,119.340000,116.740000,112.310000,85.870000,86.910000,80.420000,106.230000,119.340000,168.630000,146.580000,115.830000,94.460000,89.710000,85.220000,68.180000,71.580000,92.100000,93.390000,167.980000,191.980000,168.750000,148.340000
150,'528,Netherlands (Kingdom of the),388,'01234,Tomatoes,5530,Producer Price (LCU/tonne),7021,Annual value,LCU,1870.000000,1350.000000,1290.000000,1670.000000,1130.000000,2160.000000,2240.000000,1830.000000,1590.000000,1660.000000,1330.000000,779.500000,935.000000,568.000000,832.000000,793.200000,716.600000,670.600000,529.500000,756.300000,474.300000,657.700000,542.900000,609.200000,725.600000,605.300000,732.000000,626.600000,709.300000,579.500000,784.300000,957.200000,1488.900000,1947.300000,
150,'528,Netherlands (Kingdom of the),388,'01234,Tomatoes,5531,Producer Price (SLC/tonne),7021,Annual value,SLC,848.600000,612.600000,585.400000,757.800000,512.800000,980.200000,1016.500000,830.400000,721.500000,753.300000,603.500000,779.500000,935.000000,568.000000,832.000000,793.200000,716.600000,670.600000,529.500000,756.300000,474.300000,657.700000,542.900000,609.200000,725.600000,605.300000,732.000000,626.600000,709.300000,579.500000,784.300000,957.200000,1488.900000,1947.300000,
150,'528,Netherlands (Kingdom of the),388,'01234,Tomatoes,5532,Producer Price (USD/tonne),7021,Annual value,USD,1000.200000,767.700000,694.600000,917.600000,703.800000,1281.200000,1148.000000,922.500000,768.700000,694.000000,540.100000,733.600000,1055.300000,705.300000,1034.700000,995.000000,980.800000,982.400000,735.600000,1001.600000,659.300000,845.000000,720.800000,808.300000,804.700000,669.600000,827.000000,740.000000,794.100000,661.900000,927.700000,1007.900000,1609.900000,2107.700000,
150,'528,Netherlands (Kingdom of the),388,'01234,Tomatoes,5539,Producer Price Index (2014-2016 = 100),7021,Annual value,,131.210000,94.730000,90.520000,117.180000,79.290000,151.560000,157.180000,128.410000,111.570000,116.480000,93.320000,120.530000,144.580000,87.830000,128.650000,122.650000,110.810000,103.700000,81.880000,116.940000,73.340000,101.700000,83.940000,94.210000,112.200000,93.600000,113.200000,96.890000,109.680000,89.610000,121.280000,148.010000,230.230000,301.100000,370.430000
150,'528,Netherlands (Kingdom of the),97,'01191,Triticale,5530,Producer Price (LCU/tonne),7021,Annual value,LCU,,,,,,,,,,,,95.500000,105.500000,97.500000,89.500000,112.500000,187.400000,133.100000,95.400000,168.400000,183.000000,225.000000,170.500000,138.700000,143.300000,136.200000,140.500000,177.900000,152.600000,170.600000,235.300000,301.000000,204.500000,194.000000,
150,'528,Netherlands (Kingdom of the),97,'01191,Triticale,5531,Producer Price (SLC/tonne),7021,Annual value,SLC,,,,,,,,,,,,95.500000,105.500000,97.500000,89.500000,112.500000,187.400000,133.100000,95.400000,168.400000,183.000000,225.000000,170.500000,138.700000,143.300000,136.200000,140.500000,177.900000,152.600000,170.600000,235.300000,301.000000,204.500000,194.000000,
150,'528,Netherlands (Kingdom of the),97,'01191,Triticale,5532,Producer Price (USD/tonne),7021,Annual value,USD,,,,,,,,,,,,89.900000,119.100000,121.100000,111.300000,141.100000,256.500000,195.000000,132.500000,223.100000,254.400000,289.100000,226.300000,184.000000,159.000000,150.600000,158.700000,210.100000,170.800000,194.800000,278.300000,317.000000,221.100000,210.000000,
150,'528,Netherlands (Kingdom of the),97,'01191,Triticale,5539,Producer Price Index (2014-2016 = 100),7021,Annual value,,100.520000,100.640000,83.930000,88.400000,100.050000,96.110000,86.740000,82.130000,71.010000,64.680000,67.810000,68.500000,75.670000,69.940000,64.200000,80.700000,134.440000,95.500000,68.410000,120.830000,131.260000,161.390000,122.270000,99.500000,102.820000,97.690000,100.750000,127.610000,109.460000,122.340000,168.770000,215.900000,146.690000,139.150000,111.650000
150,'528,Netherlands (Kingdom of the),15,'0111,Wheat,5530,Producer Price (LCU/tonne),7021,Annual value,LCU,362.000000,359.000000,298.000000,295.000000,284.000000,281.000000,250.000000,234.000000,243.000000,238.000000,244.000000,98.000000,118.000000,111.000000,97.000000,120.500000,188.400000,161.000000,110.600000,160.700000,193.400000,224.000000,194.800000,158.000000,158.900000,146.300000,154.100000,181.000000,169.300000,181.500000,235.300000,310.100000,221.500000,218.000000,
150,'528,Netherlands (Kingdom of the),15,'0111,Wheat,5531,Producer Price (SLC/tonne),7021,Annual value,SLC,164.300000,162.900000,135.200000,133.900000,128.900000,127.500000,113.400000,106.200000,110.300000,108.000000,110.700000,98.000000,118.000000,111.000000,97.000000,120.500000,188.400000,161.000000,110.600000,160.700000,193.400000,224.000000,194.800000,158.000000,158.900000,146.300000,154.100000,181.000000,169.300000,181.500000,235.300000,310.100000,221.500000,218.000000,
150,'528,Netherlands (Kingdom of the),15,'0111,Wheat,5532,Producer Price (USD/tonne),7021,Annual value,USD,193.600000,204.200000,160.400000,162.100000,176.900000,166.700000,128.100000,118.000000,117.500000,99.500000,99.100000,92.200000,133.200000,137.800000,120.600000,151.200000,257.800000,235.800000,153.600000,212.800000,268.900000,287.800000,258.700000,209.700000,176.300000,161.800000,174.000000,213.800000,189.500000,207.400000,278.300000,326.500000,239.500000,236.000000,
150,'528,Netherlands (Kingdom of the),15,'0111,Wheat,5539,Producer Price Index (2014-2016 = 100),7021,Annual value,,106.390000,105.510000,87.580000,86.700000,83.460000,82.580000,73.470000,68.770000,71.410000,69.940000,71.710000,63.470000,76.420000,71.890000,62.820000,78.050000,122.000000,104.240000,71.600000,104.080000,125.260000,145.080000,126.170000,102.350000,102.920000,94.720000,99.780000,117.250000,109.610000,117.570000,152.380000,200.810000,143.470000,141.190000,150.070000
150,'528,Netherlands (Kingdom of the),2051,'F2051,Agriculture,5539,Producer Price Index (2014-2016 = 100),7021,Annual value,,103.730000,92.540000,88.030000,95.820000,93.290000,92.920000,96.670000,100.300000,94.060000,90.320000,96.180000,94.170000,96.960000,86.720000,85.780000,91.230000,96.920000,94.580000,79.540000,95.660000,96.040000,101.470000,113.920000,103.260000,99.060000,97.680000,106.730000,107.670000,110.130000,98.240000,107.460000,148.770000,152.580000,168.810000,183.820000
150,'528,Netherlands (Kingdom of the),1717,'F1717,"Cereals, primary",5539,Producer Price Index (2014-2016 = 100),7021,Annual value,,107.040000,107.960000,89.300000,87.330000,83.970000,83.620000,74.850000,70.150000,72.720000,71.100000,72.510000,65.130000,76.440000,71.740000,64.640000,81.000000,127.040000,105.520000,70.680000,105.380000,126.790000,145.270000,124.780000,101.780000,102.980000,95.240000,100.050000,117.760000,108.710000,114.470000,148.380000,196.080000,144.100000,143.590000,152.070000
150,'528,Netherlands (Kingdom of the),1814,'F1814,"Coarse Grain, Total",5539,Producer Price Index (2014-2016 = 100),7021,Annual value,,109.260000,116.250000,95.120000,89.460000,85.700000,87.130000,79.500000,74.810000,77.150000,75.000000,75.210000,70.730000,76.480000,71.220000,70.800000,90.950000,144.100000,109.840000,67.580000,109.740000,131.950000,145.910000,120.070000,99.860000,103.160000,96.970000,100.960000,119.500000,105.670000,103.990000,134.850000,180.120000,146.250000,151.720000,158.820000
150,'528,Netherlands (Kingdom of the),1783,'F1783,Eggs Primary,5539,Producer Price Index (2014-2016 = 100),7021,Annual value,,89.250000,79.380000,75.150000,69.520000,66.230000,81.730000,79.850000,63.410000,56.740000,81.170000,79.850000,76.320000,100.920000,55.280000,57.030000,70.460000,89.560000,88.610000,104.540000,86.280000,73.430000,126.790000,90.710000,95.050000,108.920000,96.030000,127.440000,119.200000,110.000000,104.570000,104.120000,176.720000,213.870000,201.510000,209.610000
150,'528,Netherlands (Kingdom of the),1753,'F1753,Fibre Crops Primary,5539,Producer Price Index (2014-2016 = 100),7021,Annual value,,179.960000,178.560000,148.160000,146.900000,141.430000,139.900000,124.440000,116.500000,121.040000,118.500000,121.500000,106.930000,106.340000,104.010000,89.740000,98.350000,86.960000,83.550000,92.070000,95.210000,107.500000,136.670000,140.020000,116.720000,93.990000,89.290000,85.530000,70.490000,75.640000,75.340000,76.320000,77.060000,,,
150,'528,Netherlands (Kingdom of the),1801,'F1801,"Fruit excl Melons, Total",5539,Producer Price Index (2014-2016 = 100),7021,Annual value,,104.600000,80.880000,61.010000,63.030000,59.700000,78.830000,79.270000,81.340000,79.790000,76.050000,94.700000,87.880000,94.660000,88.830000,87.010000,98.480000,88.040000,117.660000,95.840000,97.370000,96.980000,108.590000,134.190000,99.460000,99.110000,101.440000,125.080000,133.970000,107.560000,133.860000,136.330000,125.110000,151.470000,189.520000,224.780000
150,'528,Netherlands (Kingdom of the),1738,'F1738,Fruit Primary,5539,Producer Price Index (2014-2016 = 100),7021,Annual value,,104.740000,80.890000,60.970000,63.020000,59.720000,78.790000,79.210000,81.290000,79.710000,76.010000,94.660000,87.870000,94.650000,88.820000,87.020000,98.500000,88.080000,117.590000,95.780000,97.380000,96.940000,108.530000,134.090000,99.420000,99.130000,101.450000,125.120000,134.010000,107.670000,133.850000,136.290000,125.140000,151.440000,189.410000,224.620000
150,'528,Netherlands (Kingdom of the),2044,'F2044,Livestock,5539,Producer Price Index (2014-2016 = 100),7021,Annual value,,97.120000,97.850000,95.820000,91.770000,89.730000,88.870000,91.080000,92.970000,87.400000,92.150000,97.420000,92.890000,92.510000,84.160000,83.750000,77.130000,92.070000,96.570000,78.460000,89.140000,98.140000,99.080000,109.020000,113.820000,96.610000,89.570000,108.880000,101.870000,101.950000,94.040000,102.070000,153.090000,132.950000,154.960000,162.140000
150,'528,Netherlands (Kingdom of the),1765,'F1765,"Meat, Total",5539,Producer Price Index (2014-2016 = 100),7021,Annual value,,108.370000,105.870000,91.380000,92.170000,89.440000,95.000000,99.580000,80.510000,73.690000,84.460000,103.880000,95.690000,105.490000,104.940000,103.700000,110.480000,113.980000,111.190000,105.520000,106.450000,94.480000,103.600000,104.350000,102.860000,98.160000,98.980000,105.510000,100.160000,103.940000,97.760000,100.880000,103.370000,104.770000,107.940000,111.290000
150,'528,Netherlands (Kingdom of the),1780,'F1780,"Milk, Total",5539,Producer Price Index (2014-2016 = 100),7021,Annual value,,98.180000,100.420000,98.710000,94.880000,93.030000,89.870000,92.640000,97.120000,91.710000,93.690000,99.890000,95.240000,91.310000,88.260000,87.530000,78.070000,92.430000,97.700000,74.760000,89.550000,101.650000,95.150000,111.620000,116.490000,94.870000,88.650000,106.250000,99.410000,100.810000,92.540000,101.790000,149.760000,121.480000,148.370000,155.420000
150,'528,Netherlands (Kingdom of the),1732,'F1732,"Oilcrops, Oil Equivalent",5539,Producer Price Index (2014-2016 = 100),7021,Annual value,,102.080000,49.690000,52.230000,55.070000,57.890000,68.480000,69.320000,57.890000,55.070000,43.760000,48.510000,49.490000,49.410000,51.910000,53.420000,75.730000,99.670000,99.670000,70.780000,93.040000,104.170000,125.900000,109.260000,103.320000,98.080000,98.600000,96.490000,118.750000,119.230000,118.110000,142.630000,166.200000,130.390000,134.380000,134.720000
150,'528,Netherlands (Kingdom of the),1726,'F1726,"Pulses, Total",5539,Producer Price Index (2014-2016 = 100),7021,Annual value,,87.080000,97.480000,51.080000,48.260000,45.930000,54.640000,58.650000,54.940000,57.060000,53.400000,57.120000,47.710000,47.090000,55.410000,64.250000,75.470000,91.480000,94.640000,95.670000,92.680000,92.210000,107.210000,115.990000,113.930000,94.400000,91.670000,97.730000,110.650000,116.940000,116.070000,117.390000,140.990000,122.460000,113.720000,126.850000
150,'528,Netherlands (Kingdom of the),1720,'F1720,"Roots and Tubers, Total",5539,Producer Price Index (2014-2016 = 100),7021,Annual value,,86.610000,45.580000,37.170000,112.200000,133.240000,55.400000,52.600000,113.960000,126.930000,26.650000,68.020000,67.220000,78.430000,73.020000,55.250000,120.320000,111.690000,66.870000,70.790000,98.440000,104.510000,103.600000,151.620000,78.750000,88.890000,132.360000,122.360000,120.020000,153.370000,79.140000,103.960000,163.390000,188.950000,208.940000,233.760000
150,'528,Netherlands (Kingdom of the),1800,'F1800,"Vegetables and Melons, Total",5539,Producer Price Index (2014-2016 = 100),7021,Annual value,,122.350000,98.170000,95.010000,105.560000,93.600000,117.150000,128.050000,116.090000,102.130000,113.220000,102.090000,108.310000,114.380000,95.010000,99.680000,107.850000,102.170000,94.650000,81.680000,105.930000,83.630000,94.030000,102.460000,89.910000,107.570000,102.520000,95.150000,111.670000,116.350000,103.870000,110.410000,133.740000,178.570000,181.840000,209.140000
150,'528,Netherlands (Kingdom of the),1735,'F1735,Vegetables Primary,5539,Producer Price Index (2014-2016 = 100),7021,Annual value,,122.330000,98.180000,95.040000,105.590000,93.620000,117.190000,128.100000,116.130000,102.160000,113.260000,102.110000,108.330000,114.390000,95.020000,99.680000,107.850000,102.170000,94.650000,81.680000,105.930000,83.630000,94.030000,102.460000,89.910000,107.570000,102.520000,95.120000,111.640000,116.340000,103.860000,110.400000,133.740000,178.600000,181.860000,209.170000
173,'616,Poland,515,'01341,Apples,5530,Producer Price (LCU/tonne),7021,Annual value,LCU,1590000.000000,1350000.000000,960000.000000,1830000.000000,409.000000,266.000000,241.000000,276.000000,657.000000,256.000000,201.000000,231.000000,426.000000,326.000000,517.000000,480.000000,999.000000,408.000000,319.000000,639.000000,846.000000,730.000000,895.000000,529.000000,778.000000,586.000000,1038.000000,619.000000,660.000000,926.000000,631.000000,648.000000,865.000000,1298.000000,
173,'616,Poland,515,'01341,Apples,5531,Producer Price (SLC/tonne),7021,Annual value,SLC,159.000000,135.000000,96.000000,183.000000,409.000000,266.000000,241.000000,276.000000,657.000000,256.000000,201.000000,231.000000,426.000000,326.000000,517.000000,480.000000,999.000000,408.000000,319.000000,639.000000,846.000000,730.000000,895.000000,529.000000,778.000000,586.000000,1038.000000,619.000000,660.000000,926.000000,631.000000,648.000000,865.000000,1298.000000,
173,'616,Poland,515,'01341,Apples,5532,Producer Price (USD/tonne),7021,Annual value,USD,150.300000,99.100000,53.000000,80.500000,168.700000,98.700000,73.500000,79.400000,165.600000,58.900000,49.100000,56.600000,109.500000,89.100000,159.800000,154.700000,360.900000,169.300000,102.200000,211.900000,285.500000,224.200000,283.200000,167.700000,206.400000,148.600000,274.700000,171.400000,171.900000,237.500000,163.400000,145.400000,205.800000,326.100000,
173,'616,Poland,515,'01341,Apples,5539,Producer Price Index (2014-2016 = 100),7021,Annual value,,25.200000,21.390000,15.210000,29.000000,64.820000,42.160000,38.190000,43.740000,104.120000,40.570000,31.850000,36.610000,67.510000,51.660000,81.930000,76.070000,158.320000,64.660000,50.550000,101.270000,134.070000,115.690000,141.840000,83.840000,123.300000,92.870000,164.500000,98.100000,104.600000,146.750000,100.000000,102.690000,137.080000,205.710000,274.330000
173,'616,Poland,526,'01343,Apricots,5539,Producer Price Index (2014-2016 = 100),7021,Annual value,,,,,,,52.120000,55.740000,70.260000,101.690000,77.240000,58.430000,115.250000,128.820000,62.590000,137.280000,85.160000,107.350000,89.540000,74.680000,101.750000,114.370000,108.970000,84.050000,88.830000,103.380000,107.800000,101.320000,95.730000,102.520000,104.050000,118.910000,119.190000,93.450000,105.050000,108.550000
173,'616,Poland,367,'01211,Asparagus,5539,Producer Price Index (2014-2016 = 100),7021,Annual value,,24.210000,31.380000,46.340000,56.150000,58.210000,64.170000,72.650000,73.330000,73.310000,79.900000,76.620000,76.450000,80.140000,90.160000,88.530000,87.850000,89.780000,88.390000,89.140000,107.000000,88.170000,92.880000,100.370000,92.770000,105.190000,102.040000,101.600000,111.540000,110.270000,109.530000,118.940000,118.160000,119.610000,121.420000,123.150000
173,'616,Poland,44,'0115,Barley,5530,Producer Price (LCU/tonne),7021,Annual value,LCU,680000.000000,1220000.000000,2040000.000000,2120000.000000,302.000000,471.000000,418.000000,377.000000,384.000000,501.000000,480.000000,437.000000,482.000000,489.000000,373.000000,402.000000,641.000000,644.000000,408.000000,492.000000,757.000000,822.000000,736.000000,630.000000,612.000000,584.000000,614.000000,680.000000,674.000000,636.000000,783.000000,1300.000000,879.000000,744.000000,
173,'616,Poland,44,'0115,Barley,5531,Producer Price (SLC/tonne),7021,Annual value,SLC,68.000000,122.000000,204.000000,212.000000,302.000000,471.000000,418.000000,377.000000,384.000000,501.000000,480.000000,437.000000,482.000000,489.000000,373.000000,402.000000,641.000000,644.000000,408.000000,492.000000,757.000000,822.000000,736.000000,630.000000,612.000000,584.000000,614.000000,680.000000,674.000000,636.000000,783.000000,1300.000000,879.000000,744.000000,
173,'616,Poland,44,'0115,Barley,5532,Producer Price (USD/tonne),7021,Annual value,USD,64.300000,89.500000,112.600000,93.300000,124.500000,174.700000,127.500000,108.500000,96.800000,115.300000,117.200000,107.100000,123.900000,133.700000,115.300000,129.500000,231.600000,267.300000,130.800000,163.200000,255.500000,252.400000,232.900000,199.700000,162.400000,148.100000,162.500000,188.300000,175.500000,163.100000,202.700000,291.600000,209.100000,186.900000,
173,'616,Poland,44,'0115,Barley,5539,Producer Price Index (2014-2016 = 100),7021,Annual value,,11.170000,20.040000,33.520000,34.830000,49.620000,77.380000,68.670000,61.940000,63.090000,82.310000,78.860000,71.800000,79.190000,80.340000,61.280000,66.050000,105.310000,105.810000,67.030000,80.830000,124.370000,135.050000,120.920000,103.500000,100.550000,95.950000,100.880000,111.720000,110.730000,104.490000,128.640000,213.580000,144.410000,122.230000,122.230000
173,'616,Poland,176,'01701,"Beans, dry",5530,Producer Price (LCU/tonne),7021,Annual value,LCU,6590000.000000,6390000.000000,10180000.000000,19320000.000000,2859.000000,2982.000000,3069.000000,2726.000000,3439.000000,3298.000000,3116.000000,2952.000000,2850.000000,2903.000000,2869.000000,3673.000000,4045.000000,4038.000000,3983.000000,3446.000000,3837.000000,4110.000000,5751.000000,4872.000000,3829.000000,3499.000000,3376.000000,3886.000000,3075.000000,4712.000000,4950.000000,6651.000000,5796.000000,5060.000000,
173,'616,Poland,176,'01701,"Beans, dry",5531,Producer Price (SLC/tonne),7021,Annual value,SLC,659.000000,639.000000,1018.000000,1932.000000,2859.000000,2982.000000,3069.000000,2726.000000,3439.000000,3298.000000,3116.000000,2952.000000,2850.000000,2903.000000,2869.000000,3673.000000,4045.000000,4038.000000,3983.000000,3446.000000,3837.000000,4110.000000,5751.000000,4872.000000,3829.000000,3499.000000,3376.000000,3886.000000,3075.000000,4712.000000,4950.000000,6651.000000,5796.000000,5060.000000,
173,'616,Poland,176,'01701,"Beans, dry",5532,Producer Price (USD/tonne),7021,Annual value,USD,623.100000,468.900000,562.000000,850.200000,1179.000000,1106.000000,935.900000,784.400000,866.900000,758.800000,761.100000,723.500000,732.800000,793.700000,886.700000,1183.600000,1461.400000,1676.000000,1276.500000,1142.800000,1295.000000,1262.100000,1819.600000,1544.400000,1015.800000,887.400000,893.300000,1075.900000,800.900000,1208.300000,1281.700000,1492.000000,1378.800000,1271.100000,
173,'616,Poland,176,'01701,"Beans, dry",5539,Producer Price Index (2014-2016 = 100),7021,Annual value,,16.200000,15.710000,25.030000,47.510000,70.300000,73.330000,75.470000,67.030000,84.570000,81.100000,76.620000,72.590000,70.080000,71.390000,70.550000,90.320000,99.470000,99.300000,97.940000,84.740000,94.350000,101.070000,141.420000,119.800000,94.160000,86.040000,83.020000,95.560000,75.610000,115.870000,121.720000,163.550000,142.520000,124.430000,145.130000
173,'616,Poland,552,'01355.01,Blueberries,5539,Producer Price Index (2014-2016 = 100),7021,Annual value,,7.280000,28.220000,44.190000,109.320000,103.050000,39.500000,36.130000,85.720000,59.100000,84.260000,68.260000,98.670000,106.330000,48.750000,68.050000,88.930000,125.420000,71.670000,80.680000,108.590000,115.430000,138.230000,114.020000,104.350000,95.780000,99.870000,93.870000,88.690000,104.270000,108.350000,114.090000,112.860000,119.050000,132.990000,135.820000
173,'616,Poland,420,'01243,"Broad beans and horse beans, green",5539,Producer Price Index (2014-2016 = 100),7021,Annual value,,9.440000,26.410000,27.940000,27.940000,34.450000,38.280000,33.810000,40.830000,47.720000,45.680000,50.280000,66.220000,46.570000,46.960000,54.740000,64.060000,67.630000,75.410000,63.930000,118.160000,104.890000,80.010000,95.190000,86.900000,108.340000,104.760000,79.370000,90.980000,103.710000,105.920000,117.110000,114.680000,127.310000,135.710000,144.110000
173,'616,Poland,89,'01192,Buckwheat,5530,Producer Price (LCU/tonne),7021,Annual value,LCU,1440000.000000,5630000.000000,3330000.000000,4650000.000000,726.000000,836.000000,776.000000,716.000000,721.000000,701.000000,568.000000,602.000000,885.000000,761.000000,673.000000,1024.000000,899.000000,827.000000,789.000000,1619.000000,1777.000000,1128.000000,1150.000000,1196.000000,1646.000000,1589.000000,1324.000000,1049.000000,1156.000000,1398.000000,2230.000000,3320.000000,2088.000000,1391.000000,
173,'616,Poland,89,'01192,Buckwheat,5531,Producer Price (SLC/tonne),7021,Annual value,SLC,144.000000,563.000000,333.000000,465.000000,726.000000,836.000000,776.000000,716.000000,721.000000,701.000000,568.000000,602.000000,885.000000,761.000000,673.000000,1024.000000,899.000000,827.000000,789.000000,1619.000000,1777.000000,1128.000000,1150.000000,1196.000000,1646.000000,1589.000000,1324.000000,1049.000000,1156.000000,1398.000000,2230.000000,3320.000000,2088.000000,1391.000000,
173,'616,Poland,89,'01192,Buckwheat,5532,Producer Price (USD/tonne),7021,Annual value,USD,136.200000,413.200000,183.800000,204.600000,299.400000,310.100000,236.600000,206.000000,181.700000,161.300000,138.700000,147.500000,227.600000,208.100000,208.000000,330.000000,324.800000,343.300000,252.900000,536.900000,599.800000,346.400000,363.900000,379.100000,436.700000,403.000000,350.300000,290.400000,301.100000,358.500000,577.400000,744.800000,496.700000,349.400000,
173,'616,Poland,89,'01192,Buckwheat,5539,Producer Price Index (2014-2016 = 100),7021,Annual value,,9.750000,38.120000,22.550000,31.480000,49.150000,56.600000,52.540000,48.480000,48.820000,47.460000,38.460000,40.760000,59.920000,51.520000,45.570000,69.330000,60.870000,55.990000,53.420000,109.610000,120.310000,76.370000,77.860000,80.970000,111.440000,107.580000,89.640000,71.020000,78.270000,94.650000,150.980000,224.780000,141.370000,94.180000,94.180000
173,'616,Poland,358,'01212,Cabbages,5530,Producer Price (LCU/tonne),7021,Annual value,LCU,740000.000000,2070000.000000,2190000.000000,2190000.000000,270.000000,300.000000,265.000000,320.000000,374.000000,358.000000,394.000000,519.000000,365.000000,368.000000,429.000000,502.000000,530.000000,591.000000,501.000000,926.000000,822.000000,627.000000,746.000000,681.000000,849.000000,821.000000,622.000000,713.000000,1359.000000,886.000000,926.000000,1352.000000,1511.000000,1497.000000,
173,'616,Poland,358,'01212,Cabbages,5531,Producer Price (SLC/tonne),7021,Annual value,SLC,74.000000,207.000000,219.000000,219.000000,270.000000,300.000000,265.000000,320.000000,374.000000,358.000000,394.000000,519.000000,365.000000,368.000000,429.000000,502.000000,530.000000,591.000000,501.000000,926.000000,822.000000,627.000000,746.000000,681.000000,849.000000,821.000000,622.000000,713.000000,1359.000000,886.000000,926.000000,1352.000000,1511.000000,1497.000000,
173,'616,Poland,358,'01212,Cabbages,5532,Producer Price (USD/tonne),7021,Annual value,USD,70.000000,151.900000,120.900000,96.400000,111.300000,111.300000,80.800000,92.100000,94.300000,82.400000,96.200000,127.200000,93.900000,100.600000,132.600000,161.800000,191.500000,245.300000,160.600000,307.100000,277.400000,192.500000,236.000000,215.900000,225.200000,208.200000,164.600000,197.400000,354.000000,227.200000,239.800000,303.300000,359.400000,376.100000,
173,'616,Poland,358,'01212,Cabbages,5539,Producer Price Index (2014-2016 = 100),7021,Annual value,,9.440000,26.410000,27.950000,27.950000,34.450000,38.280000,33.820000,40.830000,47.720000,45.680000,50.280000,66.230000,46.580000,46.960000,54.740000,64.060000,67.630000,75.410000,63.930000,118.160000,104.890000,80.010000,95.190000,86.900000,108.340000,104.760000,79.370000,90.980000,173.420000,113.060000,118.160000,172.520000,192.810000,191.030000,199.030000
173,'616,Poland,426,'01251,Carrots and turnips,5530,Producer Price (LCU/tonne),7021,Annual value,LCU,510000.000000,1090000.000000,1090000.000000,1640000.000000,192.000000,188.000000,229.000000,214.000000,248.000000,230.000000,246.000000,288.000000,271.000000,240.000000,274.000000,330.000000,292.000000,325.000000,312.000000,350.000000,365.000000,365.000000,387.000000,335.000000,579.000000,388.000000,358.000000,541.000000,534.000000,434.000000,488.000000,601.000000,830.000000,790.000000,
173,'616,Poland,426,'01251,Carrots and turnips,5531,Producer Price (SLC/tonne),7021,Annual value,SLC,51.000000,109.000000,109.000000,164.000000,192.000000,188.000000,229.000000,214.000000,248.000000,230.000000,246.000000,288.000000,271.000000,240.000000,274.000000,330.000000,292.000000,325.000000,312.000000,350.000000,365.000000,365.000000,387.000000,335.000000,579.000000,388.000000,358.000000,541.000000,534.000000,434.000000,488.000000,601.000000,830.000000,790.000000,
173,'616,Poland,426,'01251,Carrots and turnips,5532,Producer Price (USD/tonne),7021,Annual value,USD,48.200000,80.000000,60.200000,72.200000,79.200000,69.700000,69.800000,61.600000,62.500000,52.900000,60.100000,70.600000,69.700000,65.600000,84.700000,106.300000,105.500000,134.900000,100.000000,116.100000,123.200000,112.100000,122.400000,106.200000,153.600000,98.400000,94.700000,149.800000,139.100000,111.300000,126.400000,134.800000,197.400000,198.500000,
173,'616,Poland,426,'01251,Carrots and turnips,5539,Producer Price Index (2014-2016 = 100),7021,Annual value,,11.750000,25.120000,25.120000,37.790000,44.240000,43.320000,52.760000,49.310000,57.140000,53.000000,56.680000,66.360000,62.440000,55.300000,63.130000,76.040000,67.280000,74.880000,71.890000,80.650000,84.100000,84.100000,89.170000,77.190000,133.410000,89.400000,82.490000,124.650000,123.040000,100.000000,112.440000,138.480000,191.240000,182.030000,197.100000
173,'616,Poland,393,'01213,Cauliflowers and broccoli,5530,Producer Price (LCU/tonne),7021,Annual value,LCU,1620000.000000,2700000.000000,2870000.000000,6810000.000000,607.000000,641.000000,839.000000,714.000000,843.000000,812.000000,1278.000000,966.000000,790.000000,798.000000,952.000000,870.000000,993.000000,918.000000,1022.000000,1377.000000,1074.000000,975.000000,1186.000000,1101.000000,1160.000000,1238.000000,1342.000000,1226.000000,1334.000000,1503.000000,1605.000000,1742.000000,2072.000000,2146.000000,
173,'616,Poland,393,'01213,Cauliflowers and broccoli,5531,Producer Price (SLC/tonne),7021,Annual value,SLC,162.000000,270.000000,287.000000,681.000000,607.000000,641.000000,839.000000,714.000000,843.000000,812.000000,1278.000000,966.000000,790.000000,798.000000,952.000000,870.000000,993.000000,918.000000,1022.000000,1377.000000,1074.000000,975.000000,1186.000000,1101.000000,1160.000000,1238.000000,1342.000000,1226.000000,1334.000000,1503.000000,1605.000000,1742.000000,2072.000000,2146.000000,
173,'616,Poland,393,'01213,Cauliflowers and broccoli,5532,Producer Price (USD/tonne),7021,Annual value,USD,153.200000,198.100000,158.400000,299.700000,250.300000,237.800000,255.800000,205.400000,212.500000,186.800000,312.200000,236.800000,203.100000,218.200000,294.200000,280.400000,358.700000,381.000000,327.500000,456.700000,362.500000,299.400000,375.200000,349.000000,307.700000,314.000000,355.100000,339.500000,347.500000,385.400000,415.600000,390.800000,492.900000,539.100000,
173,'616,Poland,393,'01213,Cauliflowers and broccoli,5539,Producer Price Index (2014-2016 = 100),7021,Annual value,,13.890000,23.150000,24.610000,58.390000,52.040000,54.960000,71.930000,61.220000,72.280000,69.620000,109.570000,82.820000,67.730000,68.420000,81.620000,74.590000,85.140000,78.710000,87.630000,118.060000,92.080000,83.600000,101.690000,94.400000,99.460000,106.140000,115.060000,105.120000,114.380000,128.870000,137.610000,149.360000,177.650000,184.000000,192.920000
173,'616,Poland,108,'01199.90,Cereals n.e.c.,5539,Producer Price Index (2014-2016 = 100),7021,Annual value,,7.140000,13.430000,21.700000,23.150000,26.040000,70.880000,61.550000,55.260000,58.590000,69.580000,63.870000,58.300000,66.690000,66.110000,51.930000,61.480000,94.570000,86.440000,62.830000,78.840000,114.680000,119.590000,106.790000,102.660000,100.410000,96.930000,99.130000,108.220000,101.940000,102.350000,116.930000,114.790000,125.920000,143.870000,158.450000
173,'616,Poland,531,'01344.02,Cherries,5530,Producer Price (LCU/tonne),7021,Annual value,LCU,7070000.000000,6920000.000000,8400000.000000,13370000.000000,973.000000,1471.000000,2042.000000,2182.000000,1950.000000,2245.000000,1442.000000,1891.000000,1643.000000,2382.000000,2360.000000,2721.000000,3311.000000,3904.000000,3037.000000,5973.000000,5247.000000,6055.000000,4671.000000,5779.000000,5473.000000,4361.000000,10044.000000,4394.000000,8115.000000,9530.000000,5980.000000,8082.000000,9984.000000,10105.000000,
173,'616,Poland,531,'01344.02,Cherries,5531,Producer Price (SLC/tonne),7021,Annual value,SLC,707.000000,692.000000,840.000000,1337.000000,973.000000,1471.000000,2042.000000,2182.000000,1950.000000,2245.000000,1442.000000,1891.000000,1643.000000,2382.000000,2360.000000,2721.000000,3311.000000,3904.000000,3037.000000,5973.000000,5247.000000,6055.000000,4671.000000,5779.000000,5473.000000,4361.000000,10044.000000,4394.000000,8115.000000,9530.000000,5980.000000,8082.000000,9984.000000,10105.000000,
173,'616,Poland,531,'01344.02,Cherries,5532,Producer Price (USD/tonne),7021,Annual value,USD,668.500000,507.800000,463.700000,588.400000,401.200000,545.600000,622.700000,627.800000,491.500000,516.600000,352.200000,463.500000,422.500000,651.200000,729.400000,876.800000,1196.200000,1620.400000,973.400000,1980.900000,1770.900000,1859.300000,1477.900000,1832.000000,1451.900000,1106.100000,2657.600000,1216.600000,2113.600000,2443.800000,1548.500000,1813.000000,2375.100000,2538.400000,
173,'616,Poland,531,'01344.02,Cherries,5539,Producer Price Index (2014-2016 = 100),7021,Annual value,,13.580000,13.300000,16.140000,25.690000,18.700000,28.260000,39.240000,41.930000,37.470000,43.140000,27.710000,36.340000,31.570000,45.770000,45.350000,52.280000,63.620000,75.010000,58.360000,114.770000,100.820000,116.350000,89.750000,111.040000,105.160000,83.800000,192.990000,84.430000,155.930000,183.120000,114.900000,155.290000,191.840000,194.170000,198.700000
173,'616,Poland,220,'01373,"Chestnuts, in shell",5539,Producer Price Index (2014-2016 = 100),7021,Annual value,,47.060000,50.650000,47.690000,57.550000,68.030000,70.840000,62.420000,59.980000,50.960000,51.950000,55.880000,50.570000,52.300000,66.760000,71.320000,90.290000,112.680000,94.570000,76.170000,103.700000,115.250000,108.970000,84.040000,88.830000,103.380000,107.800000,101.320000,95.730000,103.120000,107.710000,104.190000,102.120000,130.030000,122.740000,119.340000
173,'616,Poland,459,'01691,Chicory roots,5530,Producer Price (LCU/tonne),7021,Annual value,LCU,310000.000000,520000.000000,620000.000000,870000.000000,105.000000,111.000000,130.000000,121.000000,121.000000,123.000000,131.000000,138.000000,138.000000,123.000000,134.000000,147.000000,152.000000,192.000000,207.000000,215.000000,264.000000,246.000000,240.000000,255.000000,244.000000,245.000000,228.000000,216.000000,233.000000,289.000000,302.000000,419.000000,500.000000,505.000000,
173,'616,Poland,459,'01691,Chicory roots,5531,Producer Price (SLC/tonne),7021,Annual value,SLC,31.000000,52.000000,62.000000,87.000000,105.000000,111.000000,130.000000,121.000000,121.000000,123.000000,131.000000,138.000000,138.000000,123.000000,134.000000,147.000000,152.000000,192.000000,207.000000,215.000000,264.000000,246.000000,240.000000,255.000000,244.000000,245.000000,228.000000,216.000000,233.000000,289.000000,302.000000,419.000000,500.000000,505.000000,
173,'616,Poland,459,'01691,Chicory roots,5532,Producer Price (USD/tonne),7021,Annual value,USD,29.300000,38.200000,34.200000,38.300000,43.300000,41.200000,39.600000,34.800000,30.500000,28.300000,32.000000,33.800000,35.500000,33.600000,41.400000,47.400000,54.900000,79.700000,66.300000,71.300000,89.100000,75.500000,75.900000,80.800000,64.700000,62.100000,60.300000,59.800000,60.700000,74.100000,78.200000,94.000000,118.900000,126.900000,
173,'616,Poland,459,'01691,Chicory roots,5539,Producer Price Index (2014-2016 = 100),7021,Annual value,,12.500000,20.970000,25.000000,35.080000,42.340000,44.760000,52.420000,48.790000,48.790000,49.600000,52.820000,55.650000,55.650000,49.600000,54.030000,59.270000,61.290000,77.420000,83.470000,86.690000,106.450000,99.190000,96.770000,102.820000,98.390000,98.790000,91.940000,87.100000,93.950000,116.530000,121.770000,168.950000,201.610000,203.630000,217.880000
173,'616,Poland,397,'01232,Cucumbers and gherkins,5530,Producer Price (LCU/tonne),7021,Annual value,LCU,2500000.000000,3320000.000000,6760000.000000,6780000.000000,668.000000,1218.000000,1154.000000,1189.000000,1089.000000,1400.000000,1415.000000,966.000000,1003.000000,1640.000000,1205.000000,1045.000000,1167.000000,1586.000000,1786.000000,1421.000000,1229.000000,1552.000000,1805.000000,1545.000000,1803.000000,1409.000000,1785.000000,1927.000000,2106.000000,2310.000000,2198.000000,2487.000000,3054.000000,3290.000000,
173,'616,Poland,397,'01232,Cucumbers and gherkins,5531,Producer Price (SLC/tonne),7021,Annual value,SLC,250.000000,332.000000,676.000000,678.000000,668.000000,1218.000000,1154.000000,1189.000000,1089.000000,1400.000000,1415.000000,966.000000,1003.000000,1640.000000,1205.000000,1045.000000,1167.000000,1586.000000,1786.000000,1421.000000,1229.000000,1552.000000,1805.000000,1545.000000,1803.000000,1409.000000,1785.000000,1927.000000,2106.000000,2310.000000,2198.000000,2487.000000,3054.000000,3290.000000,
173,'616,Poland,397,'01232,Cucumbers and gherkins,5532,Producer Price (USD/tonne),7021,Annual value,USD,236.400000,243.600000,373.200000,298.400000,275.500000,451.800000,351.900000,342.100000,274.500000,322.100000,345.600000,236.800000,257.900000,448.400000,372.400000,336.800000,421.600000,658.300000,572.400000,471.300000,414.800000,476.600000,571.100000,489.800000,478.300000,357.400000,472.300000,533.500000,548.500000,592.300000,569.100000,557.900000,726.500000,826.500000,
173,'616,Poland,397,'01232,Cucumbers and gherkins,5539,Producer Price Index (2014-2016 = 100),7021,Annual value,,15.770000,20.940000,42.630000,42.760000,42.130000,76.810000,72.780000,74.980000,68.680000,88.290000,89.240000,60.920000,63.250000,103.430000,75.990000,65.900000,73.600000,100.020000,112.630000,89.620000,77.510000,97.880000,113.830000,97.440000,113.710000,88.860000,112.570000,121.530000,132.810000,145.680000,138.620000,156.840000,192.600000,207.480000,222.370000
173,'616,Poland,550,'01351.01,Currants,5530,Producer Price (LCU/tonne),7021,Annual value,LCU,4680000.000000,2730000.000000,1890000.000000,4200000.000000,1021.000000,924.000000,985.000000,2363.000000,3106.000000,3907.000000,1948.000000,1811.000000,1878.000000,622.000000,745.000000,786.000000,3331.000000,1856.000000,1999.000000,1858.000000,3888.000000,1790.000000,1514.000000,850.000000,810.000000,1262.000000,1891.000000,948.000000,1326.000000,2638.000000,3346.000000,4723.000000,1631.000000,5921.000000,
173,'616,Poland,550,'01351.01,Currants,5531,Producer Price (SLC/tonne),7021,Annual value,SLC,468.000000,273.000000,189.000000,420.000000,1021.000000,924.000000,985.000000,2363.000000,3106.000000,3907.000000,1948.000000,1811.000000,1878.000000,622.000000,745.000000,786.000000,3331.000000,1856.000000,1999.000000,1858.000000,3888.000000,1790.000000,1514.000000,850.000000,810.000000,1262.000000,1891.000000,948.000000,1326.000000,2638.000000,3346.000000,4723.000000,1631.000000,5921.000000,
173,'616,Poland,550,'01351.01,Currants,5532,Producer Price (USD/tonne),7021,Annual value,USD,442.500000,200.300000,104.300000,184.800000,421.000000,342.700000,300.400000,679.900000,782.900000,899.000000,475.800000,443.900000,482.900000,170.100000,230.300000,253.300000,1203.400000,770.400000,640.700000,616.200000,1312.300000,549.700000,479.000000,269.500000,214.900000,320.100000,500.400000,262.500000,345.400000,676.500000,866.400000,1059.500000,388.000000,1487.400000,
173,'616,Poland,550,'01351.01,Currants,5539,Producer Price Index (2014-2016 = 100),7021,Annual value,,48.050000,28.030000,19.400000,43.120000,104.830000,94.870000,101.130000,242.610000,318.890000,401.130000,200.000000,185.930000,192.810000,63.860000,76.490000,80.700000,341.990000,190.550000,205.240000,190.760000,399.180000,183.780000,155.440000,87.270000,83.160000,129.570000,194.150000,97.330000,136.140000,270.840000,343.530000,484.910000,167.450000,607.910000,634.290000
173,'616,Poland,773,'26190.01,"Flax, processed but not spun",5530,Producer Price (LCU/tonne),7021,Annual value,LCU,7750000.000000,10270000.000000,16270000.000000,27450000.000000,3101.000000,2613.000000,2721.000000,3482.000000,4264.000000,5862.000000,5250.000000,4936.000000,5244.000000,5590.000000,4191.000000,3810.000000,4753.000000,5295.000000,,,,,,,,,,,,,,,,,
173,'616,Poland,773,'26190.01,"Flax, processed but not spun",5531,Producer Price (SLC/tonne),7021,Annual value,SLC,775.000000,1027.000000,1627.000000,2745.000000,3101.000000,2613.000000,2721.000000,3482.000000,4264.000000,5862.000000,5250.000000,4936.000000,5244.000000,5590.000000,4191.000000,3810.000000,4753.000000,5295.000000,,,,,,,,,,,,,,,,,
173,'616,Poland,773,'26190.01,"Flax, processed but not spun",5532,Producer Price (USD/tonne),7021,Annual value,USD,732.800000,753.700000,898.200000,1208.000000,1278.800000,969.200000,829.800000,1001.900000,1074.800000,1348.800000,1282.400000,1209.800000,1348.400000,1528.300000,1295.300000,1227.800000,1717.200000,2197.800000,,,,,,,,,,,,,,,,,
173,'616,Poland,773,'26190.01,"Flax, processed but not spun",5539,Producer Price Index (2014-2016 = 100),7021,Annual value,,13.070000,17.320000,27.430000,46.280000,52.290000,44.060000,45.880000,58.710000,71.900000,98.840000,88.520000,83.230000,88.420000,94.250000,70.670000,64.240000,80.140000,89.280000,87.260000,89.280000,89.280000,89.280000,112.270000,103.160000,103.160000,93.670000,83.020000,80.470000,82.240000,88.400000,102.400000,107.000000,116.130000,113.320000,115.220000
173,'616,Poland,1163,'21170.02,"Game meat, fresh, chilled or frozen",5539,Producer Price Index (2014-2016 = 100),7021,Annual value,,7.040000,14.890000,19.040000,30.980000,41.610000,47.830000,62.680000,62.260000,60.390000,62.460000,65.390000,61.180000,57.020000,72.790000,77.760000,73.480000,76.200000,83.350000,91.750000,82.970000,99.290000,111.660000,111.490000,103.890000,96.960000,99.150000,103.570000,99.640000,109.520000,112.210000,129.610000,127.750000,147.660000,156.230000,165.280000
173,'616,Poland,549,'01351.02,Gooseberries,5530,Producer Price (LCU/tonne),7021,Annual value,LCU,2450000.000000,2660000.000000,2340000.000000,3020000.000000,534.000000,1053.000000,2694.000000,2961.000000,1250.000000,1044.000000,1318.000000,2729.000000,4553.000000,4575.000000,1505.000000,,,,2000.000000,1989.000000,3389.000000,3622.000000,3286.000000,3262.000000,2089.000000,1293.000000,2467.000000,788.000000,1129.000000,1058.000000,924.000000,1307.000000,1342.000000,2507.000000,
173,'616,Poland,549,'01351.02,Gooseberries,5531,Producer Price (SLC/tonne),7021,Annual value,SLC,245.000000,266.000000,234.000000,302.000000,534.000000,1053.000000,2694.000000,2961.000000,1250.000000,1044.000000,1318.000000,2729.000000,4553.000000,4575.000000,1505.000000,,,,2000.000000,1989.000000,3389.000000,3622.000000,3286.000000,3262.000000,2089.000000,1293.000000,2467.000000,788.000000,1129.000000,1058.000000,924.000000,1307.000000,1342.000000,2507.000000,
173,'616,Poland,549,'01351.02,Gooseberries,5532,Producer Price (USD/tonne),7021,Annual value,USD,231.700000,195.200000,129.200000,132.900000,220.200000,390.600000,821.500000,852.000000,315.100000,240.200000,321.900000,668.900000,1170.700000,1250.800000,465.200000,,,,641.000000,659.600000,1143.800000,1112.200000,1039.700000,1034.100000,554.200000,327.900000,652.800000,218.200000,294.100000,271.300000,239.300000,293.200000,319.200000,629.800000,
173,'616,Poland,549,'01351.02,Gooseberries,5539,Producer Price Index (2014-2016 = 100),7021,Annual value,,11.060000,12.010000,10.570000,13.640000,24.110000,47.550000,121.640000,133.700000,56.440000,47.140000,59.510000,123.220000,205.580000,206.580000,67.960000,73.540000,79.130000,84.720000,90.310000,89.810000,153.030000,163.550000,148.370000,147.290000,94.330000,58.380000,111.390000,35.580000,50.980000,47.770000,41.720000,59.020000,60.600000,113.200000,139.310000
173,'616,Poland,446,'01290.01,Green corn (maize),5539,Producer Price Index (2014-2016 = 100),7021,Annual value,,10.140000,28.380000,30.020000,30.020000,37.020000,41.130000,36.330000,43.870000,51.270000,49.080000,54.010000,71.150000,50.040000,50.450000,58.810000,68.820000,107.370000,97.390000,61.910000,85.280000,126.130000,134.320000,118.630000,102.340000,99.780000,97.880000,103.350000,109.950000,112.500000,116.410000,127.300000,124.740000,138.100000,166.340000,170.860000
173,'616,Poland,225,'01374,"Hazelnuts, in shell",5539,Producer Price Index (2014-2016 = 100),7021,Annual value,,,,,,,,,,,,,,45.010000,57.460000,61.380000,77.630000,94.980000,76.320000,73.020000,109.810000,119.690000,121.890000,65.010000,94.980000,100.360000,104.650000,98.370000,92.940000,115.300000,115.800000,131.050000,127.700000,145.170000,157.440000,169.720000
173,'616,Poland,1062,'0231,"Hen eggs in shell, fresh",5530,Producer Price (LCU/tonne),7021,Annual value,LCU,9680000.000000,11140000.000000,21090910.000000,27818180.000000,2600.000000,3727.300000,3581.800000,3417.800000,3018.200000,3872.700000,3345.500000,3163.600000,3509.100000,3454.500000,3272.700000,3600.000000,3472.700000,3436.400000,4581.800000,3490.900000,3254.500000,5818.000000,4346.000000,4418.000000,4154.000000,3676.000000,4868.000000,3970.000000,4159.000000,4171.000000,4802.000000,8005.000000,9148.000000,7453.000000,
173,'616,Poland,1062,'0231,"Hen eggs in shell, fresh",5531,Producer Price (SLC/tonne),7021,Annual value,SLC,968.000000,1114.000000,2109.100000,2781.800000,2600.000000,3727.300000,3581.800000,3417.800000,3018.200000,3872.700000,3345.500000,3163.600000,3509.100000,3454.500000,3272.700000,3600.000000,3472.700000,3436.400000,4581.800000,3490.900000,3254.500000,5818.000000,4346.000000,4418.000000,4154.000000,3676.000000,4868.000000,3970.000000,4159.000000,4171.000000,4802.000000,8005.000000,9148.000000,7453.000000,
173,'616,Poland,1062,'0231,"Hen eggs in shell, fresh",5532,Producer Price (USD/tonne),7021,Annual value,USD,915.300000,817.500000,1164.300000,1224.200000,1072.200000,1382.500000,1092.200000,983.400000,760.800000,891.100000,817.200000,775.400000,902.300000,944.500000,1011.500000,1160.100000,1254.600000,1426.300000,1468.500000,1157.700000,1098.400000,1786.600000,1375.000000,1400.500000,1102.000000,932.300000,1288.100000,1099.200000,1083.200000,1069.600000,1243.400000,1795.700000,2176.200000,1872.200000,
173,'616,Poland,1062,'0231,"Hen eggs in shell, fresh",5539,Producer Price Index (2014-2016 = 100),7021,Annual value,,23.710000,27.290000,51.660000,68.140000,63.680000,91.300000,87.730000,83.710000,73.930000,94.860000,81.940000,77.490000,85.950000,84.610000,80.160000,88.180000,85.060000,84.170000,112.230000,85.510000,79.720000,142.500000,106.450000,108.210000,101.750000,90.040000,119.240000,97.240000,101.870000,102.160000,117.620000,196.070000,224.070000,182.550000,198.010000
173,'616,Poland,677,'01659,Hop cones,5530,Producer Price (LCU/tonne),7021,Annual value,LCU,49630000.000000,73390000.000000,73780000.000000,82930000.000000,9814.000000,9509.000000,7670.000000,6876.000000,9180.000000,11870.000000,10907.000000,10373.000000,11831.000000,11599.000000,9179.000000,10922.000000,47863.000000,23268.000000,10996.000000,7888.000000,11201.000000,11692.000000,11360.000000,12921.000000,14533.000000,18518.000000,19956.000000,19706.000000,18916.000000,16639.000000,15528.000000,17243.000000,21500.000000,17921.000000,
173,'616,Poland,677,'01659,Hop cones,5531,Producer Price (SLC/tonne),7021,Annual value,SLC,4963.000000,7339.000000,7378.000000,8293.000000,9814.000000,9509.000000,7670.000000,6876.000000,9180.000000,11870.000000,10907.000000,10373.000000,11831.000000,11599.000000,9179.000000,10922.000000,47863.000000,23268.000000,10996.000000,7888.000000,11201.000000,11692.000000,11360.000000,12921.000000,14533.000000,18518.000000,19956.000000,19706.000000,18916.000000,16639.000000,15528.000000,17243.000000,21500.000000,17921.000000,
173,'616,Poland,677,'01659,Hop cones,5532,Producer Price (USD/tonne),7021,Annual value,USD,4692.700000,5385.900000,4072.900000,3649.600000,4047.000000,3526.900000,2338.900000,1978.500000,2314.000000,2731.200000,2664.200000,2542.400000,3042.100000,3171.200000,2837.000000,3519.600000,17291.900000,9657.800000,3524.200000,2616.000000,3780.500000,3590.300000,3594.200000,4096.000000,3855.400000,4696.700000,5280.300000,5456.100000,4926.800000,4266.700000,4020.800000,3868.100000,5114.600000,4501.900000,
173,'616,Poland,677,'01659,Hop cones,5539,Producer Price Index (2014-2016 = 100),7021,Annual value,,32.390000,47.890000,48.150000,54.120000,64.040000,62.050000,50.050000,44.870000,59.910000,77.460000,71.180000,67.690000,77.210000,75.690000,59.900000,71.270000,312.340000,151.840000,71.760000,51.470000,73.090000,76.300000,74.130000,84.320000,94.840000,120.840000,130.230000,128.600000,123.440000,108.580000,101.330000,112.520000,140.300000,116.950000,109.700000
173,'616,Poland,1097,'21118.01,"Horse meat, fresh or chilled",5539,Producer Price Index (2014-2016 = 100),7021,Annual value,,15.170000,21.200000,28.420000,38.740000,44.390000,47.970000,49.740000,51.260000,56.570000,61.520000,74.060000,79.590000,74.710000,77.870000,79.770000,81.200000,81.040000,77.850000,77.910000,76.050000,81.930000,94.970000,96.120000,97.880000,97.160000,104.960000,118.090000,118.760000,117.040000,114.320000,110.090000,105.250000,100.150000,104.240000,93.200000
173,'616,Poland,1121,'21118.01b,"Horse meat, fresh or chilled (biological)",5530,Producer Price (LCU/tonne),7021,Annual value,LCU,12540000.000000,17520000.000000,23490000.000000,32020000.000000,3669.000000,3965.000000,4111.000000,4237.000000,4675.000000,5085.000000,6121.000000,6030.000000,5660.000000,5900.000000,6044.000000,6152.000000,6140.000000,5898.000000,5903.000000,5762.000000,6207.000000,7195.000000,7282.000000,7416.000000,7361.000000,7952.000000,8947.000000,8998.000000,9302.000000,9246.000000,10397.000000,12785.000000,11581.000000,11550.000000,
173,'616,Poland,1121,'21118.01b,"Horse meat, fresh or chilled (biological)",5531,Producer Price (SLC/tonne),7021,Annual value,SLC,1254.000000,1752.000000,2349.000000,3202.000000,3669.000000,3965.000000,4111.000000,4237.000000,4675.000000,5085.000000,6121.000000,6030.000000,5660.000000,5900.000000,6044.000000,6152.000000,6140.000000,5898.000000,5903.000000,5762.000000,6207.000000,7195.000000,7282.000000,7416.000000,7361.000000,7952.000000,8947.000000,8998.000000,9302.000000,9246.000000,10397.000000,12785.000000,11581.000000,11550.000000,
173,'616,Poland,1121,'21118.01b,"Horse meat, fresh or chilled (biological)",5532,Producer Price (USD/tonne),7021,Annual value,USD,1185.700000,1285.700000,1296.700000,1409.200000,1513.000000,1470.600000,1253.600000,1219.100000,1178.400000,1170.000000,1495.200000,1477.900000,1455.400000,1613.100000,1868.000000,1982.500000,2218.200000,2448.100000,1891.900000,1910.900000,2094.900000,2209.400000,2304.000000,2350.900000,1952.800000,2016.800000,2367.300000,2491.300000,2422.800000,2370.900000,2692.200000,2868.000000,2755.000000,2901.400000,
173,'616,Poland,1121,'21118.01b,"Horse meat, fresh or chilled (biological)",5539,Producer Price Index (2014-2016 = 100),7021,Annual value,,16.550000,23.120000,31.000000,42.260000,48.430000,52.330000,54.260000,55.920000,61.710000,67.120000,80.790000,79.590000,74.710000,77.870000,79.770000,81.200000,81.040000,77.850000,77.910000,76.050000,81.930000,94.970000,96.120000,97.880000,97.160000,104.960000,118.090000,118.760000,122.780000,122.040000,137.230000,168.750000,152.860000,152.450000,198.000000
173,'616,Poland,407,'01254,Leeks and other alliaceous vegetables,5539,Producer Price Index (2014-2016 = 100),7021,Annual value,,9.440000,26.410000,27.950000,27.950000,34.450000,38.280000,33.820000,40.830000,47.720000,45.680000,50.280000,66.230000,46.580000,46.960000,54.740000,64.060000,67.630000,75.410000,63.930000,118.160000,104.890000,80.010000,95.190000,86.900000,108.340000,104.760000,79.370000,90.980000,96.900000,99.780000,109.170000,107.140000,117.780000,121.660000,125.990000
173,'616,Poland,372,'01214,Lettuce and chicory,5539,Producer Price Index (2014-2016 = 100),7021,Annual value,,9.440000,26.410000,27.950000,27.950000,34.450000,38.280000,33.810000,40.830000,47.720000,45.680000,50.280000,66.230000,46.570000,46.960000,54.740000,64.060000,67.630000,75.410000,63.930000,118.160000,104.890000,80.010000,95.190000,86.900000,108.340000,104.760000,79.370000,90.980000,96.900000,99.780000,109.170000,107.140000,117.780000,96.800000,97.960000
173,'616,Poland,333,'01441,Linseed,5530,Producer Price (LCU/tonne),7021,Annual value,LCU,1770000.000000,4480000.000000,7040000.000000,7960000.000000,827.000000,974.000000,1016.000000,1549.000000,1624.000000,1383.000000,1510.000000,1389.000000,1393.000000,1366.000000,1360.000000,1484.000000,1435.000000,1686.000000,1379.000000,1570.000000,3316.000000,1525.000000,1916.000000,1762.000000,2185.000000,1981.000000,1761.000000,1704.000000,2027.000000,2582.000000,3696.000000,4553.000000,2891.000000,2642.000000,
173,'616,Poland,333,'01441,Linseed,5531,Producer Price (SLC/tonne),7021,Annual value,SLC,177.000000,448.000000,704.000000,796.000000,827.000000,974.000000,1016.000000,1549.000000,1624.000000,1383.000000,1510.000000,1389.000000,1393.000000,1366.000000,1360.000000,1484.000000,1435.000000,1686.000000,1379.000000,1570.000000,3316.000000,1525.000000,1916.000000,1762.000000,2185.000000,1981.000000,1761.000000,1704.000000,2027.000000,2582.000000,3696.000000,4553.000000,2891.000000,2642.000000,
173,'616,Poland,333,'01441,Linseed,5532,Producer Price (USD/tonne),7021,Annual value,USD,167.400000,328.800000,388.600000,350.300000,341.000000,361.300000,309.800000,445.700000,409.400000,318.200000,368.800000,340.400000,358.200000,373.500000,420.300000,478.200000,518.400000,699.800000,442.000000,520.700000,1119.200000,468.300000,606.200000,558.600000,579.700000,502.400000,466.000000,471.800000,528.000000,662.100000,957.000000,1021.400000,687.700000,663.700000,
173,'616,Poland,333,'01441,Linseed,5539,Producer Price Index (2014-2016 = 100),7021,Annual value,,8.960000,22.670000,35.630000,40.280000,41.850000,49.290000,51.420000,78.390000,82.190000,69.990000,76.420000,70.290000,70.500000,69.130000,68.830000,75.100000,72.620000,85.320000,69.790000,79.450000,167.810000,77.180000,96.960000,89.170000,110.580000,100.250000,89.120000,86.230000,102.580000,130.670000,187.040000,230.410000,146.310000,133.700000,115.580000
173,'616,Poland,210,'01709.02,Lupins,5530,Producer Price (LCU/tonne),7021,Annual value,LCU,,,2110000.000000,2770000.000000,403.000000,477.000000,526.000000,544.000000,486.000000,583.000000,685.000000,575.000000,578.000000,636.000000,582.000000,522.000000,862.000000,910.000000,519.000000,720.000000,794.000000,900.000000,932.000000,932.000000,808.000000,830.000000,756.000000,859.000000,951.000000,997.000000,1140.000000,1668.000000,1266.000000,1043.000000,
173,'616,Poland,210,'01709.02,Lupins,5531,Producer Price (SLC/tonne),7021,Annual value,SLC,,,211.000000,277.000000,403.000000,477.000000,526.000000,544.000000,486.000000,583.000000,685.000000,575.000000,578.000000,636.000000,582.000000,522.000000,862.000000,910.000000,519.000000,720.000000,794.000000,900.000000,932.000000,932.000000,808.000000,830.000000,756.000000,859.000000,951.000000,997.000000,1140.000000,1668.000000,1266.000000,1043.000000,
173,'616,Poland,210,'01709.02,Lupins,5532,Producer Price (USD/tonne),7021,Annual value,USD,,,116.500000,121.900000,166.200000,176.900000,160.400000,156.500000,122.500000,134.100000,167.300000,140.900000,148.600000,173.900000,179.900000,168.200000,311.400000,377.700000,166.300000,238.800000,268.000000,276.400000,294.900000,295.400000,214.400000,210.500000,200.000000,237.800000,247.700000,255.700000,295.200000,374.200000,301.200000,262.000000,
173,'616,Poland,210,'01709.02,Lupins,5539,Producer Price Index (2014-2016 = 100),7021,Annual value,,27.780000,44.100000,24.630000,32.330000,47.040000,55.680000,61.400000,63.500000,56.730000,68.050000,79.960000,67.120000,67.470000,74.240000,67.940000,60.930000,100.620000,106.230000,60.580000,84.050000,92.680000,105.060000,108.790000,108.790000,94.320000,96.890000,88.250000,100.270000,111.010000,116.380000,133.070000,194.710000,147.780000,121.750000,121.750000
173,'616,Poland,56,'0112,Maize (corn),5530,Producer Price (LCU/tonne),7021,Annual value,LCU,1110000.000000,1720000.000000,2180000.000000,3290000.000000,399.000000,509.000000,433.000000,387.000000,426.000000,431.000000,388.000000,365.000000,467.000000,442.000000,351.000000,448.000000,659.000000,528.000000,443.000000,592.000000,681.000000,732.000000,671.000000,545.000000,567.000000,532.000000,545.000000,619.000000,598.000000,599.000000,803.000000,1169.000000,756.000000,665.000000,
173,'616,Poland,56,'0112,Maize (corn),5531,Producer Price (SLC/tonne),7021,Annual value,SLC,111.000000,172.000000,218.000000,329.000000,399.000000,509.000000,433.000000,387.000000,426.000000,431.000000,388.000000,365.000000,467.000000,442.000000,351.000000,448.000000,659.000000,528.000000,443.000000,592.000000,681.000000,732.000000,671.000000,545.000000,567.000000,532.000000,545.000000,619.000000,598.000000,599.000000,803.000000,1169.000000,756.000000,665.000000,
173,'616,Poland,56,'0112,Maize (corn),5532,Producer Price (USD/tonne),7021,Annual value,USD,105.000000,126.200000,120.300000,144.800000,164.500000,188.800000,132.000000,111.400000,107.400000,99.200000,94.800000,89.500000,120.100000,120.800000,108.500000,144.400000,238.100000,219.200000,142.000000,196.300000,229.800000,224.800000,212.300000,172.800000,150.400000,134.900000,144.200000,171.400000,155.800000,153.600000,207.900000,262.200000,179.800000,167.100000,
173,'616,Poland,56,'0112,Maize (corn),5539,Producer Price Index (2014-2016 = 100),7021,Annual value,,20.260000,31.390000,39.780000,60.040000,72.810000,92.880000,79.010000,70.620000,77.740000,78.650000,70.800000,66.610000,85.220000,80.660000,64.050000,81.750000,120.260000,96.350000,80.840000,108.030000,124.270000,133.580000,122.450000,99.450000,103.470000,97.080000,99.450000,112.960000,109.120000,109.310000,146.530000,213.320000,137.960000,121.350000,134.820000
173,'616,Poland,867,'21111.01,"Meat of cattle with the bone, fresh or chilled",5530,Producer Price (LCU/tonne),7021,Annual value,LCU,11590000.000000,17930000.000000,25270000.000000,36400000.000000,4640.000000,5263.000000,,,,,,,,,,,,,,,,,,,,,,,,,,,,,
173,'616,Poland,867,'21111.01,"Meat of cattle with the bone, fresh or chilled",5531,Producer Price (SLC/tonne),7021,Annual value,SLC,1159.000000,1793.000000,2527.000000,3640.000000,4640.000000,5263.000000,,,,,,,,,,,,,,,,,,,,,,,,,,,,,
173,'616,Poland,867,'21111.01,"Meat of cattle with the bone, fresh or chilled",5532,Producer Price (USD/tonne),7021,Annual value,USD,1095.900000,1315.800000,1395.000000,1601.900000,1913.400000,1952.100000,,,,,,,,,,,,,,,,,,,,,,,,,,,,,
173,'616,Poland,867,'21111.01,"Meat of cattle with the bone, fresh or chilled",5539,Producer Price Index (2014-2016 = 100),7021,Annual value,,10.100000,15.630000,22.030000,31.730000,40.440000,45.880000,47.470000,47.150000,45.620000,50.540000,50.150000,47.350000,43.570000,56.760000,67.840000,67.720000,66.110000,67.540000,75.780000,76.420000,93.470000,107.210000,103.860000,99.960000,100.890000,99.150000,106.430000,110.230000,118.760000,119.500000,124.810000,128.220000,128.660000,138.200000,142.770000
173,'616,Poland,945,'21111.01b,"Meat of cattle with the bone, fresh or chilled (biological)",5530,Producer Price (LCU/tonne),7021,Annual value,LCU,5800000.000000,8960000.000000,12630000.000000,17990000.000000,2324.000000,2632.000000,2559.000000,2505.000000,2617.000000,2899.000000,2877.000000,2716.000000,2499.000000,3386.000000,4047.000000,4040.000000,3944.000000,4029.000000,4521.000000,4559.000000,5576.000000,6396.000000,6196.000000,5963.000000,6019.000000,5915.000000,6349.000000,6576.000000,6332.000000,6403.000000,7633.000000,10480.000000,10392.000000,10620.000000,
173,'616,Poland,945,'21111.01b,"Meat of cattle with the bone, fresh or chilled (biological)",5531,Producer Price (SLC/tonne),7021,Annual value,SLC,580.000000,896.000000,1263.000000,1799.000000,2324.000000,2632.000000,2559.000000,2505.000000,2617.000000,2899.000000,2877.000000,2716.000000,2499.000000,3386.000000,4047.000000,4040.000000,3944.000000,4029.000000,4521.000000,4559.000000,5576.000000,6396.000000,6196.000000,5963.000000,6019.000000,5915.000000,6349.000000,6576.000000,6332.000000,6403.000000,7633.000000,10480.000000,10392.000000,10620.000000,
173,'616,Poland,945,'21111.01b,"Meat of cattle with the bone, fresh or chilled (biological)",5532,Producer Price (USD/tonne),7021,Annual value,USD,548.400000,657.500000,697.200000,791.700000,958.400000,976.200000,780.400000,720.800000,659.700000,667.000000,702.800000,665.700000,642.600000,925.700000,1250.800000,1301.900000,1424.900000,1672.300000,1449.000000,1512.000000,1882.000000,1964.000000,1960.400000,1890.300000,1596.800000,1500.200000,1679.900000,1820.700000,1649.200000,1641.900000,1976.500000,2351.000000,2472.100000,2667.800000,
173,'616,Poland,945,'21111.01b,"Meat of cattle with the bone, fresh or chilled (biological)",5539,Producer Price Index (2014-2016 = 100),7021,Annual value,,9.720000,15.020000,21.170000,30.160000,38.960000,44.120000,42.900000,41.990000,43.870000,48.590000,48.230000,45.530000,41.890000,56.760000,67.840000,67.720000,66.110000,67.540000,75.780000,76.420000,93.470000,107.210000,103.860000,99.960000,100.890000,99.150000,106.430000,110.230000,106.140000,107.330000,127.950000,175.670000,174.200000,178.020000,210.420000
173,'616,Poland,1058,'21121,"Meat of chickens, fresh or chilled",5539,Producer Price Index (2014-2016 = 100),7021,Annual value,,21.980000,30.790000,42.270000,59.130000,66.260000,89.450000,94.350000,91.050000,79.570000,86.060000,86.380000,74.560000,77.350000,85.410000,78.270000,71.140000,90.220000,90.280000,96.260000,91.280000,105.600000,109.960000,110.240000,105.400000,99.590000,95.010000,95.860000,99.110000,98.700000,100.260000,107.570000,107.160000,114.860000,118.020000,121.680000
173,'616,Poland,1095,'21121b,"Meat of chickens, fresh or chilled (biological)",5530,Producer Price (LCU/tonne),7021,Annual value,LCU,8600000.000000,12050000.000000,16540000.000000,23140000.000000,2593.000000,3141.000000,3313.000000,3197.000000,2794.000000,3022.000000,3033.000000,2618.000000,2716.000000,2999.000000,,2498.000000,3168.000000,3170.000000,3380.000000,3205.000000,3708.000000,3861.000000,3871.000000,3701.000000,3497.000000,3336.000000,3366.000000,3480.000000,3425.000000,3218.000000,3916.000000,5769.000000,5509.000000,5163.000000,
173,'616,Poland,1095,'21121b,"Meat of chickens, fresh or chilled (biological)",5531,Producer Price (SLC/tonne),7021,Annual value,SLC,860.000000,1205.000000,1654.000000,2314.000000,2593.000000,3141.000000,3313.000000,3197.000000,2794.000000,3022.000000,3033.000000,2618.000000,2716.000000,2999.000000,,2498.000000,3168.000000,3170.000000,3380.000000,3205.000000,3708.000000,3861.000000,3871.000000,3701.000000,3497.000000,3336.000000,3366.000000,3480.000000,3425.000000,3218.000000,3916.000000,5769.000000,5509.000000,5163.000000,
173,'616,Poland,1095,'21121b,"Meat of chickens, fresh or chilled (biological)",5532,Producer Price (USD/tonne),7021,Annual value,USD,813.200000,884.300000,913.100000,1018.400000,1069.300000,1165.000000,1010.300000,919.900000,704.300000,695.300000,740.900000,641.700000,698.400000,819.900000,,805.000000,1144.500000,1315.800000,1083.300000,1062.900000,1251.500000,1185.600000,1224.800000,1173.200000,927.700000,846.100000,890.600000,963.500000,892.100000,825.200000,1014.000000,1294.100000,1310.500000,1297.000000,
173,'616,Poland,1095,'21121b,"Meat of chickens, fresh or chilled (biological)",5539,Producer Price Index (2014-2016 = 100),7021,Annual value,,24.490000,34.320000,47.100000,65.900000,73.850000,89.450000,94.350000,91.050000,79.570000,86.060000,86.380000,74.560000,77.350000,85.410000,81.900000,71.140000,90.220000,90.280000,96.260000,91.280000,105.600000,109.960000,110.240000,105.400000,99.590000,95.010000,95.860000,99.110000,97.540000,91.650000,111.520000,164.300000,156.890000,147.040000,191.040000
173,'616,Poland,1069,'21122,"Meat of ducks, fresh or chilled",5539,Producer Price Index (2014-2016 = 100),7021,Annual value,,17.950000,25.160000,34.530000,48.580000,59.090000,66.820000,84.960000,88.560000,80.980000,85.680000,93.410000,90.130000,83.630000,90.560000,87.020000,83.470000,94.220000,105.850000,95.690000,93.710000,103.570000,114.040000,114.020000,105.890000,97.650000,96.460000,98.180000,99.380000,102.130000,102.480000,100.380000,98.120000,96.920000,104.800000,112.680000
173,'616,Poland,1071,'21122b,"Meat of ducks, fresh or chilled (biological)",5530,Producer Price (LCU/tonne),7021,Annual value,LCU,,,16220000.000000,22820000.000000,2776.000000,3139.000000,3991.000000,4160.000000,3804.000000,4025.000000,4388.000000,4234.000000,3928.000000,4254.000000,,3921.000000,4426.000000,4972.000000,4495.000000,4402.000000,4865.000000,5357.000000,5356.000000,4974.000000,4587.000000,4531.000000,4612.000000,4668.000000,4720.000000,4382.000000,4803.000000,7094.000000,7455.000000,5771.000000,
173,'616,Poland,1071,'21122b,"Meat of ducks, fresh or chilled (biological)",5531,Producer Price (SLC/tonne),7021,Annual value,SLC,,,1622.000000,2282.000000,2776.000000,3139.000000,3991.000000,4160.000000,3804.000000,4025.000000,4388.000000,4234.000000,3928.000000,4254.000000,,3921.000000,4426.000000,4972.000000,4495.000000,4402.000000,4865.000000,5357.000000,5356.000000,4974.000000,4587.000000,4531.000000,4612.000000,4668.000000,4720.000000,4382.000000,4803.000000,7094.000000,7455.000000,5771.000000,
173,'616,Poland,1071,'21122b,"Meat of ducks, fresh or chilled (biological)",5532,Producer Price (USD/tonne),7021,Annual value,USD,,,895.400000,1004.300000,1144.800000,1164.300000,1217.000000,1197.000000,958.900000,926.100000,1071.800000,1037.700000,1010.000000,1163.000000,,1263.600000,1599.000000,2063.700000,1440.600000,1459.900000,1642.000000,1645.000000,1694.600000,1576.800000,1216.900000,1149.200000,1220.300000,1292.500000,1229.400000,1123.700000,1243.700000,1591.400000,1773.500000,1449.700000,
173,'616,Poland,1071,'21122b,"Meat of ducks, fresh or chilled (biological)",5539,Producer Price Index (2014-2016 = 100),7021,Annual value,,17.950000,25.160000,34.530000,48.580000,59.100000,66.830000,84.960000,88.560000,80.980000,85.690000,93.410000,90.140000,83.620000,90.560000,87.020000,83.470000,94.220000,105.850000,95.690000,93.710000,103.570000,114.040000,114.020000,105.890000,97.650000,96.460000,98.180000,99.380000,100.480000,93.290000,102.250000,151.020000,158.710000,122.860000,147.690000
173,'616,Poland,1073,'21123,"Meat of geese, fresh or chilled",5539,Producer Price Index (2014-2016 = 100),7021,Annual value,,18.430000,25.830000,35.450000,43.050000,55.900000,62.370000,68.370000,71.450000,59.180000,63.180000,71.280000,74.380000,67.190000,71.370000,68.960000,66.540000,82.890000,101.760000,70.050000,69.630000,108.940000,119.250000,99.600000,103.650000,97.040000,99.310000,112.900000,100.400000,97.730000,107.540000,117.370000,115.640000,124.630000,140.020000,149.850000
173,'616,Poland,1078,'21123b,"Meat of geese, fresh or chilled (biological)",5530,Producer Price (LCU/tonne),7021,Annual value,LCU,,,27390000.000000,33260000.000000,4319.000000,4819.000000,5282.000000,5520.000000,4572.000000,4881.000000,5507.000000,5746.000000,5191.000000,5514.000000,,5141.000000,6404.000000,7862.000000,5412.000000,5380.000000,8417.000000,9213.000000,7695.000000,8008.000000,7497.000000,7673.000000,8723.000000,7757.000000,8425.000000,7172.000000,9953.000000,14584.000000,12965.000000,11313.000000,
173,'616,Poland,1078,'21123b,"Meat of geese, fresh or chilled (biological)",5531,Producer Price (SLC/tonne),7021,Annual value,SLC,,,2739.000000,3326.000000,4319.000000,4819.000000,5282.000000,5520.000000,4572.000000,4881.000000,5507.000000,5746.000000,5191.000000,5514.000000,,5141.000000,6404.000000,7862.000000,5412.000000,5380.000000,8417.000000,9213.000000,7695.000000,8008.000000,7497.000000,7673.000000,8723.000000,7757.000000,8425.000000,7172.000000,9953.000000,14584.000000,12965.000000,11313.000000,
173,'616,Poland,1078,'21123b,"Meat of geese, fresh or chilled (biological)",5532,Producer Price (USD/tonne),7021,Annual value,USD,,,1512.000000,1463.700000,1781.000000,1787.400000,1610.700000,1588.300000,1152.500000,1123.100000,1345.200000,1408.300000,1334.800000,1507.500000,,1656.700000,2313.600000,3263.300000,1734.500000,1784.200000,2840.800000,2829.100000,2434.700000,2538.600000,1988.900000,1946.100000,2308.100000,2147.700000,2194.400000,1839.100000,2577.200000,3271.600000,3084.200000,2841.900000,
173,'616,Poland,1078,'21123b,"Meat of geese, fresh or chilled (biological)",5539,Producer Price Index (2014-2016 = 100),7021,Annual value,,18.430000,25.830000,35.450000,43.050000,55.900000,62.370000,68.370000,71.450000,59.180000,63.180000,71.280000,74.370000,67.190000,71.370000,68.960000,66.540000,82.890000,101.760000,70.050000,69.630000,108.940000,119.250000,99.600000,103.650000,97.040000,99.310000,112.900000,100.400000,109.050000,92.830000,128.820000,188.770000,167.810000,146.430000,135.280000
173,'616,Poland,1035,'21113.01,"Meat of pig with the bone, fresh or chilled",5530,Producer Price (LCU/tonne),7021,Annual value,LCU,12670000.000000,16710000.000000,21290000.000000,33280000.000000,3354.000000,,,,,,,,,,,,,,,,,,,,,,,,,,,,,,
173,'616,Poland,1035,'21113.01,"Meat of pig with the bone, fresh or chilled",5531,Producer Price (SLC/tonne),7021,Annual value,SLC,1267.000000,1671.000000,2129.000000,3328.000000,3354.000000,,,,,,,,,,,,,,,,,,,,,,,,,,,,,,
173,'616,Poland,1035,'21113.01,"Meat of pig with the bone, fresh or chilled",5532,Producer Price (USD/tonne),7021,Annual value,USD,1198.000000,1226.300000,1175.300000,1464.600000,1383.100000,,,,,,,,,,,,,,,,,,,,,,,,,,,,,,
173,'616,Poland,1035,'21113.01,"Meat of pig with the bone, fresh or chilled",5539,Producer Price Index (2014-2016 = 100),7021,Annual value,,21.220000,27.990000,35.660000,55.740000,56.170000,65.420000,82.390000,75.120000,65.950000,80.130000,94.550000,77.740000,69.340000,90.850000,83.110000,77.340000,75.320000,87.200000,99.180000,84.590000,98.330000,117.540000,117.260000,104.860000,93.420000,101.730000,109.820000,97.350000,104.280000,106.580000,114.740000,114.110000,122.270000,127.930000,133.590000
173,'616,Poland,1056,'21113.01b,"Meat of pig with the bone, fresh or chilled (biological)",5530,Producer Price (LCU/tonne),7021,Annual value,LCU,9750000.000000,12860000.000000,16380000.000000,25620000.000000,2579.000000,3008.000000,3788.000000,3454.000000,3032.000000,3684.000000,4347.000000,3574.000000,3188.000000,4177.000000,3821.000000,3556.000000,3463.000000,4009.000000,4560.000000,3889.000000,4521.000000,5404.000000,5391.000000,4821.000000,4295.000000,4677.000000,5049.000000,4476.000000,5386.000000,5125.000000,4788.000000,6726.000000,8350.000000,7104.000000,
173,'616,Poland,1056,'21113.01b,"Meat of pig with the bone, fresh or chilled (biological)",5531,Producer Price (SLC/tonne),7021,Annual value,SLC,975.000000,1286.000000,1638.000000,2562.000000,2579.000000,3008.000000,3788.000000,3454.000000,3032.000000,3684.000000,4347.000000,3574.000000,3188.000000,4177.000000,3821.000000,3556.000000,3463.000000,4009.000000,4560.000000,3889.000000,4521.000000,5404.000000,5391.000000,4821.000000,4295.000000,4677.000000,5049.000000,4476.000000,5386.000000,5125.000000,4788.000000,6726.000000,8350.000000,7104.000000,
173,'616,Poland,1056,'21113.01b,"Meat of pig with the bone, fresh or chilled (biological)",5532,Producer Price (USD/tonne),7021,Annual value,USD,921.900000,943.800000,904.200000,1127.500000,1063.500000,1115.700000,1155.100000,993.800000,764.300000,847.700000,1061.800000,876.000000,819.700000,1142.000000,1181.000000,1145.900000,1251.100000,1664.000000,1461.500000,1289.800000,1525.900000,1659.400000,1705.700000,1528.300000,1139.400000,1186.200000,1335.900000,1239.300000,1402.800000,1314.200000,1239.800000,1508.800000,1986.400000,1784.600000,
173,'616,Poland,1056,'21113.01b,"Meat of pig with the bone, fresh or chilled (biological)",5539,Producer Price Index (2014-2016 = 100),7021,Annual value,,21.210000,27.970000,35.630000,55.720000,56.090000,65.420000,82.390000,75.130000,65.950000,80.130000,94.550000,77.740000,69.340000,90.850000,83.110000,77.340000,75.320000,87.200000,99.180000,84.590000,98.330000,117.540000,117.260000,104.860000,93.420000,101.730000,109.820000,97.350000,117.150000,111.470000,104.140000,146.290000,181.610000,154.510000,127.410000
173,'616,Poland,1141,'21114,"Meat of rabbits and hares, fresh or chilled",5539,Producer Price Index (2014-2016 = 100),7021,Annual value,,11.500000,15.980000,18.560000,31.360000,39.700000,42.280000,46.030000,46.130000,46.850000,49.780000,66.950000,56.860000,56.420000,72.010000,55.840000,54.920000,58.830000,66.680000,72.100000,83.710000,87.850000,96.870000,103.990000,103.340000,100.410000,96.250000,97.310000,102.440000,102.900000,102.960000,113.090000,110.460000,121.920000,125.140000,129.600000
173,'616,Poland,1145,'21114b,"Meat of rabbits and hares, fresh or chilled (biological)",5530,Producer Price (LCU/tonne),7021,Annual value,LCU,8732000.000000,12140000.000000,14100000.000000,23820000.000000,3016.000000,3211.000000,3496.000000,3503.000000,3558.000000,3781.000000,5085.000000,4319.000000,4285.000000,5469.000000,4241.000000,4171.000000,4468.000000,5064.000000,5476.000000,6358.000000,6672.000000,7357.000000,7898.000000,7849.000000,7626.000000,7310.000000,7391.000000,7780.000000,8123.000000,7638.000000,7688.000000,8118.000000,9607.000000,9470.000000,
173,'616,Poland,1145,'21114b,"Meat of rabbits and hares, fresh or chilled (biological)",5531,Producer Price (SLC/tonne),7021,Annual value,SLC,873.200000,1214.000000,1410.000000,2382.000000,3016.000000,3211.000000,3496.000000,3503.000000,3558.000000,3781.000000,5085.000000,4319.000000,4285.000000,5469.000000,4241.000000,4171.000000,4468.000000,5064.000000,5476.000000,6358.000000,6672.000000,7357.000000,7898.000000,7849.000000,7626.000000,7310.000000,7391.000000,7780.000000,8123.000000,7638.000000,7688.000000,8118.000000,9607.000000,9470.000000,
173,'616,Poland,1145,'21114b,"Meat of rabbits and hares, fresh or chilled (biological)",5532,Producer Price (USD/tonne),7021,Annual value,USD,825.600000,890.900000,778.400000,1048.300000,1243.700000,1191.000000,1066.100000,1007.900000,896.900000,870.000000,1242.100000,1058.600000,1101.800000,1495.200000,1310.800000,1344.100000,1614.200000,2101.900000,1755.000000,2108.600000,2251.900000,2259.100000,2498.900000,2488.200000,2023.100000,1854.000000,1955.600000,2154.100000,2115.700000,1958.600000,1990.700000,1821.100000,2285.400000,2378.900000,
173,'616,Poland,1145,'21114b,"Meat of rabbits and hares, fresh or chilled (biological)",5539,Producer Price Index (2014-2016 = 100),7021,Annual value,,11.500000,15.980000,18.560000,31.360000,39.710000,42.280000,46.030000,46.120000,46.850000,49.780000,66.950000,56.870000,56.420000,72.010000,55.840000,54.920000,58.830000,66.680000,72.100000,83.710000,87.850000,96.870000,103.990000,103.340000,100.410000,96.250000,97.310000,102.440000,106.950000,100.570000,101.220000,106.890000,126.490000,124.690000,126.620000
173,'616,Poland,977,'21115,"Meat of sheep, fresh or chilled",5530,Producer Price (LCU/tonne),7021,Annual value,LCU,6290000.000000,13310000.000000,17020000.000000,27710000.000000,3724.000000,,,,,,,,,,,,,,,,,,,,,,,,,,,,,,
173,'616,Poland,977,'21115,"Meat of sheep, fresh or chilled",5531,Producer Price (SLC/tonne),7021,Annual value,SLC,629.000000,1331.000000,1702.000000,2771.000000,3724.000000,,,,,,,,,,,,,,,,,,,,,,,,,,,,,,
173,'616,Poland,977,'21115,"Meat of sheep, fresh or chilled",5532,Producer Price (USD/tonne),7021,Annual value,USD,594.700000,976.800000,939.600000,1219.500000,1535.700000,,,,,,,,,,,,,,,,,,,,,,,,,,,,,,
173,'616,Poland,977,'21115,"Meat of sheep, fresh or chilled",5539,Producer Price Index (2014-2016 = 100),7021,Annual value,,4.150000,8.790000,11.240000,18.300000,24.590000,62.740000,84.100000,79.850000,79.220000,81.950000,85.780000,89.810000,100.580000,108.390000,100.210000,93.110000,89.310000,85.380000,98.290000,97.720000,110.130000,110.150000,103.050000,102.530000,109.460000,88.010000,80.530000,78.860000,81.590000,81.030000,78.150000,74.900000,70.850000,70.890000,66.650000
173,'616,Poland,1013,'21115b,"Meat of sheep, fresh or chilled (biological)",5530,Producer Price (LCU/tonne),7021,Annual value,LCU,3560000.000000,6220000.000000,9290000.000000,14990000.000000,2095.000000,4276.000000,5732.000000,5442.000000,5399.000000,5585.000000,5846.000000,6121.000000,6855.000000,7387.000000,6830.000000,6346.000000,6087.000000,5819.000000,6699.000000,6660.000000,7506.000000,7507.000000,7023.000000,6988.000000,7460.000000,7331.000000,6708.000000,6569.000000,6543.000000,7125.000000,8901.000000,10284.000000,9929.000000,11176.000000,
173,'616,Poland,1013,'21115b,"Meat of sheep, fresh or chilled (biological)",5531,Producer Price (SLC/tonne),7021,Annual value,SLC,356.000000,622.000000,929.000000,1499.000000,2095.000000,4276.000000,5732.000000,5442.000000,5399.000000,5585.000000,5846.000000,6121.000000,6855.000000,7387.000000,6830.000000,6346.000000,6087.000000,5819.000000,6699.000000,6660.000000,7506.000000,7507.000000,7023.000000,6988.000000,7460.000000,7331.000000,6708.000000,6569.000000,6543.000000,7125.000000,8901.000000,10284.000000,9929.000000,11176.000000,
173,'616,Poland,1013,'21115b,"Meat of sheep, fresh or chilled (biological)",5532,Producer Price (USD/tonne),7021,Annual value,USD,336.600000,456.500000,512.800000,659.700000,863.900000,1586.000000,1747.900000,1565.900000,1360.900000,1285.100000,1428.000000,1500.200000,1762.600000,2019.600000,2111.000000,2045.000000,2199.100000,2415.300000,2147.000000,2208.700000,2533.400000,2305.200000,2222.000000,2215.200000,1979.000000,1859.300000,1774.900000,1818.800000,1704.200000,1827.000000,2304.800000,2307.000000,2362.000000,2807.500000,
173,'616,Poland,1013,'21115b,"Meat of sheep, fresh or chilled (biological)",5539,Producer Price Index (2014-2016 = 100),7021,Annual value,,4.900000,8.570000,12.800000,20.650000,28.860000,58.900000,78.960000,74.960000,74.370000,76.930000,80.530000,84.320000,94.430000,101.750000,94.080000,87.410000,83.850000,80.160000,92.280000,91.740000,103.390000,103.410000,96.740000,96.260000,102.760000,100.980000,92.400000,90.490000,90.130000,98.150000,122.610000,141.660000,136.770000,153.950000,168.090000
173,'616,Poland,1080,'21124,"Meat of turkeys, fresh or chilled",5539,Producer Price Index (2014-2016 = 100),7021,Annual value,,19.560000,27.410000,37.630000,55.200000,62.660000,71.570000,76.430000,75.270000,64.210000,72.070000,75.130000,66.160000,67.540000,72.440000,68.190000,63.940000,81.960000,74.390000,85.260000,80.950000,99.870000,95.290000,103.140000,103.470000,104.670000,91.860000,90.540000,87.870000,88.490000,90.610000,97.540000,97.530000,104.530000,106.080000,109.470000
173,'616,Poland,1088,'21124b,"Meat of turkeys, fresh or chilled (biological)",5530,Producer Price (LCU/tonne),7021,Annual value,LCU,,,21390000.000000,31380000.000000,3562.000000,4068.000000,4345.000000,4279.000000,3650.000000,4097.000000,4271.000000,3761.000000,3839.000000,4118.000000,,3635.000000,4659.000000,4229.000000,4847.000000,4602.000000,5677.000000,5417.000000,5863.000000,5882.000000,5950.000000,5222.000000,5147.000000,4995.000000,5792.000000,4731.000000,5522.000000,8591.000000,7349.000000,6691.000000,
173,'616,Poland,1088,'21124b,"Meat of turkeys, fresh or chilled (biological)",5531,Producer Price (SLC/tonne),7021,Annual value,SLC,,,2139.000000,3138.000000,3562.000000,4068.000000,4345.000000,4279.000000,3650.000000,4097.000000,4271.000000,3761.000000,3839.000000,4118.000000,,3635.000000,4659.000000,4229.000000,4847.000000,4602.000000,5677.000000,5417.000000,5863.000000,5882.000000,5950.000000,5222.000000,5147.000000,4995.000000,5792.000000,4731.000000,5522.000000,8591.000000,7349.000000,6691.000000,
173,'616,Poland,1088,'21124b,"Meat of turkeys, fresh or chilled (biological)",5532,Producer Price (USD/tonne),7021,Annual value,USD,,,1180.800000,1381.000000,1468.900000,1508.800000,1325.000000,1231.200000,920.100000,942.700000,1043.300000,921.800000,987.100000,1125.900000,,1171.400000,1683.200000,1755.300000,1553.500000,1526.200000,1916.100000,1663.400000,1855.000000,1864.600000,1578.500000,1324.400000,1361.900000,1383.000000,1508.600000,1213.200000,1429.900000,1927.200000,1748.200000,1680.800000,
173,'616,Poland,1088,'21124b,"Meat of turkeys, fresh or chilled (biological)",5539,Producer Price Index (2014-2016 = 100),7021,Annual value,,16.780000,23.560000,37.630000,55.200000,62.660000,71.560000,76.430000,75.270000,64.210000,72.070000,75.130000,66.160000,67.530000,72.440000,66.960000,63.940000,81.960000,74.390000,85.260000,80.950000,99.870000,95.290000,103.140000,103.470000,104.670000,91.860000,90.540000,87.870000,101.890000,83.220000,97.140000,151.130000,129.280000,117.700000,152.800000
173,'616,Poland,79,'0118,Millet,5530,Producer Price (LCU/tonne),7021,Annual value,LCU,,,,,,623.000000,726.000000,832.000000,758.000000,587.000000,538.000000,843.000000,907.000000,786.000000,735.000000,996.000000,1027.000000,1000.000000,950.000000,785.000000,942.000000,908.000000,1030.000000,1055.000000,1103.000000,852.000000,847.000000,1135.000000,2053.000000,1419.000000,1389.000000,1674.000000,1647.000000,1131.000000,
173,'616,Poland,79,'0118,Millet,5531,Producer Price (SLC/tonne),7021,Annual value,SLC,,,,,,623.000000,726.000000,832.000000,758.000000,587.000000,538.000000,843.000000,907.000000,786.000000,735.000000,996.000000,1027.000000,1000.000000,950.000000,785.000000,942.000000,908.000000,1030.000000,1055.000000,1103.000000,852.000000,847.000000,1135.000000,2053.000000,1419.000000,1389.000000,1674.000000,1647.000000,1131.000000,
173,'616,Poland,79,'0118,Millet,5532,Producer Price (USD/tonne),7021,Annual value,USD,,,,,,231.100000,221.400000,239.400000,191.100000,135.100000,131.400000,206.600000,233.200000,214.900000,227.200000,321.000000,371.000000,415.100000,304.500000,260.300000,317.900000,278.800000,325.900000,334.400000,292.600000,216.100000,224.100000,314.300000,534.700000,363.900000,359.700000,375.500000,391.800000,284.100000,
173,'616,Poland,79,'0118,Millet,5539,Producer Price Index (2014-2016 = 100),7021,Annual value,,20.610000,25.520000,28.070000,38.770000,53.070000,62.090000,72.360000,82.920000,75.550000,58.500000,53.620000,84.020000,90.400000,78.340000,73.260000,99.270000,102.360000,99.670000,94.680000,78.240000,93.890000,90.500000,102.660000,105.150000,109.930000,84.920000,84.420000,113.120000,204.620000,141.430000,138.440000,166.840000,164.150000,112.720000,126.480000
173,'616,Poland,103,'01199.02,Mixed grain,5539,Producer Price Index (2014-2016 = 100),7021,Annual value,,12.140000,25.040000,36.870000,38.100000,54.380000,87.870000,78.190000,71.900000,66.060000,78.040000,77.580000,66.980000,69.900000,72.510000,56.380000,68.820000,107.370000,97.390000,61.910000,85.280000,126.130000,134.320000,118.630000,102.340000,99.780000,97.880000,103.350000,109.950000,111.080000,117.990000,136.380000,134.650000,146.730000,177.660000,196.040000
173,'616,Poland,449,'01270,Mushrooms and truffles,5530,Producer Price (LCU/tonne),7021,Annual value,LCU,9955000.000000,12906000.000000,19060000.000000,23092000.000000,2394.000000,2639.000000,2988.000000,3016.000000,3015.000000,3296.000000,3151.000000,3144.000000,3296.000000,3708.000000,3641.000000,3613.000000,3834.000000,3819.000000,4250.000000,4096.000000,4308.000000,4651.000000,4679.000000,4475.000000,4299.000000,4385.000000,4479.000000,4242.000000,4860.000000,4883.000000,5175.000000,5812.000000,6334.000000,6648.000000,
173,'616,Poland,449,'01270,Mushrooms and truffles,5531,Producer Price (SLC/tonne),7021,Annual value,SLC,995.500000,1290.600000,1906.000000,2309.200000,2394.000000,2639.000000,2988.000000,3016.000000,3015.000000,3296.000000,3151.000000,3144.000000,3296.000000,3708.000000,3641.000000,3613.000000,3834.000000,3819.000000,4250.000000,4096.000000,4308.000000,4651.000000,4679.000000,4475.000000,4299.000000,4385.000000,4479.000000,4242.000000,4860.000000,4883.000000,5175.000000,5812.000000,6334.000000,6648.000000,
173,'616,Poland,449,'01270,Mushrooms and truffles,5532,Producer Price (USD/tonne),7021,Annual value,USD,941.300000,947.100000,1052.200000,1016.200000,987.200000,978.800000,911.200000,867.800000,760.000000,758.400000,769.700000,770.600000,847.500000,1013.800000,1125.300000,1164.300000,1385.100000,1585.100000,1362.100000,1358.400000,1454.000000,1428.200000,1480.400000,1418.600000,1140.500000,1112.200000,1185.100000,1174.500000,1265.800000,1252.100000,1340.000000,1303.800000,1506.800000,1670.000000,
173,'616,Poland,449,'01270,Mushrooms and truffles,5539,Producer Price Index (2014-2016 = 100),7021,Annual value,,22.700000,29.420000,43.450000,52.650000,54.580000,60.160000,68.120000,68.760000,68.740000,75.140000,71.840000,71.680000,75.140000,84.540000,83.010000,82.370000,87.410000,87.070000,96.890000,93.380000,98.210000,106.030000,106.670000,102.020000,98.010000,99.970000,102.110000,96.710000,110.800000,111.320000,117.980000,132.500000,144.400000,151.560000,160.620000
173,'616,Poland,1182,'02910,Natural honey,5530,Producer Price (LCU/tonne),7021,Annual value,LCU,10250000.000000,15220000.000000,20850000.000000,32440000.000000,4460.000000,5290.000000,7770.000000,7260.000000,6540.000000,6820.000000,7260.000000,7830.000000,7560.000000,11110.000000,7730.000000,7400.000000,6850.000000,7130.000000,10560.000000,11340.000000,10470.000000,9910.000000,11440.000000,11810.000000,13200.000000,12420.000000,12230.000000,13270.000000,13060.000000,12860.000000,14100.000000,15600.000000,14120.000000,13600.000000,
173,'616,Poland,1182,'02910,Natural honey,5531,Producer Price (SLC/tonne),7021,Annual value,SLC,1025.000000,1522.000000,2085.000000,3244.000000,4460.000000,5290.000000,7770.000000,7260.000000,6540.000000,6820.000000,7260.000000,7830.000000,7560.000000,11110.000000,7730.000000,7400.000000,6850.000000,7130.000000,10560.000000,11340.000000,10470.000000,9910.000000,11440.000000,11810.000000,13200.000000,12420.000000,12230.000000,13270.000000,13060.000000,12860.000000,14100.000000,15600.000000,14120.000000,13600.000000,
173,'616,Poland,1182,'02910,Natural honey,5532,Producer Price (USD/tonne),7021,Annual value,USD,969.200000,1116.900000,1151.000000,1427.600000,1839.200000,1962.100000,2369.400000,2089.000000,1648.600000,1569.200000,1773.400000,1919.100000,1943.900000,3037.500000,2389.100000,2384.700000,2474.800000,2959.400000,3384.500000,3760.800000,3533.800000,3043.100000,3619.500000,3743.800000,3501.800000,3150.100000,3236.000000,3674.200000,3401.600000,3297.700000,3651.000000,3499.500000,3359.000000,3416.400000,
173,'616,Poland,1182,'02910,Natural honey,5539,Producer Price Index (2014-2016 = 100),7021,Annual value,,8.220000,12.200000,16.710000,26.000000,35.750000,42.400000,62.280000,58.190000,52.420000,54.660000,58.190000,62.760000,60.590000,89.050000,61.960000,59.310000,54.900000,57.150000,84.640000,90.890000,83.920000,79.430000,91.690000,94.660000,105.800000,99.550000,98.020000,106.360000,104.680000,103.070000,113.010000,125.030000,113.170000,109.000000,105.770000
173,'616,Poland,75,'0117,Oats,5530,Producer Price (LCU/tonne),7021,Annual value,LCU,460000.000000,1070000.000000,1800000.000000,1680000.000000,242.000000,384.000000,306.000000,286.000000,281.000000,389.000000,375.000000,324.000000,404.000000,376.000000,292.000000,349.000000,528.000000,503.000000,308.000000,348.000000,651.000000,658.000000,534.000000,512.000000,491.000000,518.000000,522.000000,582.000000,617.000000,573.000000,637.000000,1132.000000,879.000000,805.000000,
173,'616,Poland,75,'0117,Oats,5531,Producer Price (SLC/tonne),7021,Annual value,SLC,46.000000,107.000000,180.000000,168.000000,242.000000,384.000000,306.000000,286.000000,281.000000,389.000000,375.000000,324.000000,404.000000,376.000000,292.000000,349.000000,528.000000,503.000000,308.000000,348.000000,651.000000,658.000000,534.000000,512.000000,491.000000,518.000000,522.000000,582.000000,617.000000,573.000000,637.000000,1132.000000,879.000000,805.000000,
173,'616,Poland,75,'0117,Oats,5532,Producer Price (USD/tonne),7021,Annual value,USD,43.500000,78.500000,99.400000,73.900000,99.800000,142.400000,93.300000,82.300000,70.800000,89.500000,91.600000,79.400000,103.900000,102.800000,90.200000,112.500000,190.800000,208.800000,98.700000,115.400000,219.700000,202.100000,169.000000,162.300000,130.300000,131.400000,138.100000,161.100000,160.700000,146.900000,164.900000,253.900000,209.100000,202.200000,
173,'616,Poland,75,'0117,Oats,5539,Producer Price Index (2014-2016 = 100),7021,Annual value,,9.070000,21.100000,35.500000,33.140000,47.730000,75.740000,60.360000,56.410000,55.420000,76.730000,73.960000,63.910000,79.680000,74.160000,57.590000,68.840000,104.140000,99.210000,60.750000,68.640000,128.400000,129.780000,105.330000,100.990000,96.840000,102.170000,102.960000,114.790000,121.700000,113.020000,125.640000,223.270000,173.370000,158.780000,183.870000
173,'616,Poland,403,'01253.02,"Onions and shallots, dry (excluding dehydrated)",5530,Producer Price (LCU/tonne),7021,Annual value,LCU,1070000.000000,1510000.000000,1920000.000000,3830000.000000,452.000000,313.000000,606.000000,602.000000,559.000000,394.000000,475.000000,618.000000,676.000000,622.000000,421.000000,741.000000,846.000000,668.000000,672.000000,1173.000000,720.000000,561.000000,857.000000,804.000000,933.000000,854.000000,644.000000,1072.000000,1602.000000,997.000000,986.000000,1573.000000,2276.000000,1465.000000,
173,'616,Poland,403,'01253.02,"Onions and shallots, dry (excluding dehydrated)",5531,Producer Price (SLC/tonne),7021,Annual value,SLC,107.000000,151.000000,192.000000,383.000000,452.000000,313.000000,606.000000,602.000000,559.000000,394.000000,475.000000,618.000000,676.000000,622.000000,421.000000,741.000000,846.000000,668.000000,672.000000,1173.000000,720.000000,561.000000,857.000000,804.000000,933.000000,854.000000,644.000000,1072.000000,1602.000000,997.000000,986.000000,1573.000000,2276.000000,1465.000000,
173,'616,Poland,403,'01253.02,"Onions and shallots, dry (excluding dehydrated)",5532,Producer Price (USD/tonne),7021,Annual value,USD,101.200000,110.800000,106.000000,168.600000,186.400000,116.100000,184.800000,173.200000,140.900000,90.700000,116.000000,151.500000,173.800000,170.100000,130.100000,238.800000,305.600000,277.300000,215.400000,389.000000,243.000000,172.300000,271.100000,254.900000,247.500000,216.600000,170.400000,296.800000,417.300000,255.700000,255.300000,352.900000,541.400000,368.000000,
173,'616,Poland,403,'01253.02,"Onions and shallots, dry (excluding dehydrated)",5539,Producer Price Index (2014-2016 = 100),7021,Annual value,,12.390000,17.480000,22.230000,44.350000,52.340000,36.240000,70.170000,69.700000,64.720000,45.620000,55.000000,71.560000,78.270000,72.020000,48.750000,85.800000,97.950000,77.340000,77.810000,135.820000,83.370000,64.960000,99.230000,93.090000,108.030000,98.880000,74.570000,124.120000,185.490000,115.440000,114.160000,182.130000,263.530000,169.630000,187.550000
173,'616,Poland,414,'01241.90,"Other beans, green",5539,Producer Price Index (2014-2016 = 100),7021,Annual value,,12.950000,36.230000,38.330000,38.330000,47.260000,52.500000,46.370000,56.000000,65.450000,62.650000,68.950000,90.830000,63.870000,64.400000,75.080000,87.850000,89.780000,88.390000,89.140000,107.010000,88.170000,92.880000,100.370000,92.770000,105.190000,102.040000,101.600000,111.540000,115.430000,107.500000,121.230000,120.330000,109.120000,112.000000,114.890000
173,'616,Poland,619,'01359.90,"Other fruits, n.e.c.",5539,Producer Price Index (2014-2016 = 100),7021,Annual value,,29.020000,22.020000,13.560000,54.780000,53.800000,68.030000,79.560000,133.850000,119.620000,88.090000,66.430000,116.000000,120.050000,66.000000,89.440000,85.450000,137.090000,94.370000,75.110000,126.540000,139.680000,155.100000,133.830000,84.540000,120.480000,94.980000,174.730000,82.020000,112.810000,134.670000,160.960000,162.650000,183.730000,218.740000,245.030000
173,'616,Poland,234,'01379.90,"Other nuts (excluding wild edible nuts and groundnuts), in shell, n.e.c.",5539,Producer Price Index (2014-2016 = 100),7021,Annual value,,49.830000,53.630000,50.500000,60.950000,72.040000,75.010000,66.100000,63.520000,53.960000,55.010000,59.180000,53.550000,55.380000,70.690000,75.520000,95.610000,119.320000,100.140000,80.660000,109.810000,119.690000,121.890000,65.010000,94.980000,100.360000,104.650000,98.370000,92.940000,109.750000,107.280000,106.000000,104.000000,135.390000,126.070000,124.600000
173,'616,Poland,339,'01449.90,"Other oil seeds, n.e.c.",5539,Producer Price Index (2014-2016 = 100),7021,Annual value,,13.530000,27.920000,41.110000,42.480000,39.040000,58.860000,59.550000,61.690000,44.340000,55.560000,56.590000,58.790000,70.020000,59.660000,53.320000,64.230000,65.900000,87.280000,74.520000,87.990000,126.610000,136.470000,101.100000,90.540000,101.010000,108.450000,105.770000,104.220000,106.430000,108.080000,116.400000,114.550000,124.100000,135.590000,143.300000
173,'616,Poland,211,'01709.90,Other pulses n.e.c.,5539,Producer Price Index (2014-2016 = 100),7021,Annual value,,15.630000,24.800000,29.440000,34.980000,57.510000,62.870000,61.960000,69.500000,68.230000,65.600000,80.130000,76.500000,77.040000,70.680000,58.780000,75.950000,75.140000,105.750000,86.310000,100.940000,106.300000,106.750000,129.830000,105.840000,95.940000,98.210000,76.040000,77.860000,86.200000,91.110000,104.410000,105.900000,120.160000,122.190000,129.830000
173,'616,Poland,541,'01349.20,Other stone fruits,5539,Producer Price Index (2014-2016 = 100),7021,Annual value,,42.930000,32.580000,20.060000,81.050000,79.600000,33.740000,36.090000,45.470000,65.820000,50.000000,37.820000,74.610000,83.390000,40.520000,88.870000,55.130000,111.570000,63.130000,61.830000,103.570000,119.130000,144.870000,108.610000,68.610000,130.000000,101.390000,208.170000,73.130000,115.870000,121.370000,133.570000,130.920000,144.580000,141.470000,146.630000
173,'616,Poland,463,'01290.90,"Other vegetables, fresh n.e.c.",5539,Producer Price Index (2014-2016 = 100),7021,Annual value,,12.740000,23.760000,32.950000,43.970000,42.820000,40.180000,69.570000,66.360000,64.170000,45.230000,54.530000,49.480000,71.350000,66.990000,53.150000,76.690000,81.380000,90.580000,97.650000,109.540000,98.810000,95.440000,112.200000,104.710000,116.930000,78.360000,72.300000,109.260000,111.380000,102.350000,108.230000,102.110000,122.680000,130.880000,131.770000
173,'616,Poland,534,'01345,Peaches and nectarines,5530,Producer Price (LCU/tonne),7021,Annual value,LCU,,,,,,,,,,,,,,,1644.000000,2148.000000,1669.000000,1149.000000,1272.000000,1710.000000,1808.000000,1979.000000,2654.000000,1571.000000,2736.000000,2066.000000,1974.000000,2345.000000,4316.000000,1858.000000,5169.000000,4707.000000,5361.000000,5987.000000,
173,'616,Poland,534,'01345,Peaches and nectarines,5531,Producer Price (SLC/tonne),7021,Annual value,SLC,,,,,,,,,,,,,,,1644.000000,2148.000000,1669.000000,1149.000000,1272.000000,1710.000000,1808.000000,1979.000000,2654.000000,1571.000000,2736.000000,2066.000000,1974.000000,2345.000000,4316.000000,1858.000000,5169.000000,4707.000000,5361.000000,5987.000000,
173,'616,Poland,534,'01345,Peaches and nectarines,5532,Producer Price (USD/tonne),7021,Annual value,USD,,,,,,,,,,,,,,,508.100000,692.200000,603.000000,476.900000,407.700000,567.100000,610.200000,607.700000,839.700000,498.000000,725.800000,524.000000,522.300000,649.300000,1124.100000,476.400000,1338.500000,1055.900000,1275.300000,1504.000000,
173,'616,Poland,534,'01345,Peaches and nectarines,5539,Producer Price Index (2014-2016 = 100),7021,Annual value,,,,,,,29.380000,31.430000,39.600000,57.320000,43.540000,32.940000,64.970000,72.620000,35.290000,77.390000,101.110000,78.570000,54.090000,59.880000,80.500000,85.110000,93.160000,124.930000,73.950000,128.790000,97.250000,92.920000,110.390000,203.170000,87.460000,243.320000,221.580000,252.360000,281.830000,311.300000
173,'616,Poland,521,'01342.01,Pears,5530,Producer Price (LCU/tonne),7021,Annual value,LCU,1870000.000000,2590000.000000,2590000.000000,9750000.000000,494.000000,1141.000000,1297.000000,1034.000000,1535.000000,805.000000,1083.000000,932.000000,1735.000000,1076.000000,1458.000000,1488.000000,1628.000000,1723.000000,1091.000000,2045.000000,1837.000000,2041.000000,1796.000000,1698.000000,2114.000000,1948.000000,2607.000000,1952.000000,2045.000000,2168.000000,2555.000000,2440.000000,3008.000000,2952.000000,
173,'616,Poland,521,'01342.01,Pears,5531,Producer Price (SLC/tonne),7021,Annual value,SLC,187.000000,259.000000,259.000000,975.000000,494.000000,1141.000000,1297.000000,1034.000000,1535.000000,805.000000,1083.000000,932.000000,1735.000000,1076.000000,1458.000000,1488.000000,1628.000000,1723.000000,1091.000000,2045.000000,1837.000000,2041.000000,1796.000000,1698.000000,2114.000000,1948.000000,2607.000000,1952.000000,2045.000000,2168.000000,2555.000000,2440.000000,3008.000000,2952.000000,
173,'616,Poland,521,'01342.01,Pears,5532,Producer Price (USD/tonne),7021,Annual value,USD,176.800000,190.100000,143.000000,429.100000,203.700000,423.200000,395.500000,297.500000,386.900000,185.200000,264.500000,228.400000,446.100000,294.200000,450.600000,479.500000,588.200000,715.200000,349.700000,678.200000,620.000000,626.700000,568.200000,538.300000,560.800000,494.100000,689.800000,540.500000,532.600000,555.900000,661.600000,547.400000,715.600000,741.600000,
173,'616,Poland,521,'01342.01,Pears,5539,Producer Price Index (2014-2016 = 100),7021,Annual value,,9.740000,13.490000,13.490000,50.780000,25.730000,59.430000,67.550000,53.850000,79.950000,41.930000,56.410000,48.540000,90.360000,56.040000,75.940000,77.500000,84.790000,89.740000,56.820000,106.510000,95.680000,106.300000,93.540000,88.440000,110.100000,101.460000,135.780000,101.670000,106.510000,112.920000,133.070000,127.080000,156.670000,153.750000,166.950000
173,'616,Poland,187,'01705,"Peas, dry",5530,Producer Price (LCU/tonne),7021,Annual value,LCU,1720000.000000,2730000.000000,3230000.000000,3850000.000000,633.000000,692.000000,682.000000,765.000000,751.000000,722.000000,882.000000,1077.000000,848.000000,778.000000,647.000000,836.000000,827.000000,1164.000000,950.000000,1111.000000,1170.000000,1175.000000,1429.000000,1165.000000,1056.000000,1081.000000,837.000000,857.000000,897.000000,1275.000000,1201.000000,2086.000000,1915.000000,1432.000000,
173,'616,Poland,187,'01705,"Peas, dry",5531,Producer Price (SLC/tonne),7021,Annual value,SLC,172.000000,273.000000,323.000000,385.000000,633.000000,692.000000,682.000000,765.000000,751.000000,722.000000,882.000000,1077.000000,848.000000,778.000000,647.000000,836.000000,827.000000,1164.000000,950.000000,1111.000000,1170.000000,1175.000000,1429.000000,1165.000000,1056.000000,1081.000000,837.000000,857.000000,897.000000,1275.000000,1201.000000,2086.000000,1915.000000,1432.000000,
173,'616,Poland,187,'01705,"Peas, dry",5532,Producer Price (USD/tonne),7021,Annual value,USD,162.600000,200.300000,178.300000,169.400000,261.000000,256.700000,208.000000,220.100000,189.300000,166.100000,215.400000,264.000000,218.000000,212.700000,200.000000,269.400000,298.800000,483.100000,304.500000,368.500000,394.900000,360.800000,452.100000,369.300000,280.100000,274.200000,221.500000,237.300000,233.600000,326.900000,311.000000,467.900000,455.600000,359.700000,
173,'616,Poland,187,'01705,"Peas, dry",5539,Producer Price Index (2014-2016 = 100),7021,Annual value,,15.630000,24.800000,29.350000,34.980000,57.510000,62.870000,61.960000,69.500000,68.230000,65.600000,80.130000,97.850000,77.040000,70.680000,58.780000,75.950000,75.140000,105.750000,86.310000,100.940000,106.300000,106.750000,129.830000,105.840000,95.940000,98.210000,76.040000,77.860000,81.500000,115.840000,109.120000,189.520000,173.990000,130.100000,132.250000
173,'616,Poland,417,'01242,"Peas, green",5539,Producer Price Index (2014-2016 = 100),7021,Annual value,,9.440000,26.410000,27.940000,27.940000,34.450000,38.280000,33.810000,40.830000,47.720000,45.680000,50.270000,66.230000,46.570000,46.960000,54.740000,64.060000,67.630000,75.410000,63.930000,118.160000,104.890000,80.010000,95.190000,86.900000,108.340000,104.760000,79.370000,90.980000,104.840000,100.490000,110.040000,107.970000,118.600000,124.520000,130.440000
173,'616,Poland,536,'01346,Plums and sloes,5530,Producer Price (LCU/tonne),7021,Annual value,LCU,2520000.000000,1630000.000000,2300000.000000,6810000.000000,438.000000,388.000000,415.000000,523.000000,757.000000,575.000000,435.000000,858.000000,959.000000,466.000000,1022.000000,634.000000,1283.000000,726.000000,711.000000,1191.000000,1370.000000,1666.000000,1249.000000,789.000000,1495.000000,1166.000000,2394.000000,841.000000,1431.000000,1640.000000,1864.000000,1673.000000,2729.000000,3069.000000,
173,'616,Poland,536,'01346,Plums and sloes,5531,Producer Price (SLC/tonne),7021,Annual value,SLC,252.000000,163.000000,230.000000,681.000000,438.000000,388.000000,415.000000,523.000000,757.000000,575.000000,435.000000,858.000000,959.000000,466.000000,1022.000000,634.000000,1283.000000,726.000000,711.000000,1191.000000,1370.000000,1666.000000,1249.000000,789.000000,1495.000000,1166.000000,2394.000000,841.000000,1431.000000,1640.000000,1864.000000,1673.000000,2729.000000,3069.000000,
173,'616,Poland,536,'01346,Plums and sloes,5532,Producer Price (USD/tonne),7021,Annual value,USD,238.300000,119.600000,127.000000,299.700000,180.600000,143.900000,126.600000,150.500000,190.800000,132.300000,106.300000,210.300000,246.600000,127.400000,315.900000,204.300000,463.500000,301.300000,227.900000,395.000000,462.400000,511.600000,395.200000,250.100000,396.600000,295.700000,633.400000,232.900000,372.700000,420.500000,482.700000,375.300000,649.200000,771.000000,
173,'616,Poland,536,'01346,Plums and sloes,5539,Producer Price Index (2014-2016 = 100),7021,Annual value,,21.910000,14.170000,20.000000,59.220000,38.090000,33.740000,36.090000,45.480000,65.830000,50.000000,37.830000,74.610000,83.390000,40.520000,88.870000,55.130000,111.570000,63.130000,61.830000,103.570000,119.130000,144.870000,108.610000,68.610000,130.000000,101.390000,208.170000,73.130000,124.430000,142.610000,162.090000,145.480000,237.300000,266.870000,240.000000
173,'616,Poland,116,'01510,Potatoes,5530,Producer Price (LCU/tonne),7021,Annual value,LCU,330000.000000,1100000.000000,590000.000000,990000.000000,240.000000,155.000000,143.000000,172.000000,225.000000,232.000000,229.000000,239.000000,246.000000,246.000000,255.000000,306.000000,295.000000,297.000000,317.000000,365.000000,370.000000,340.000000,489.000000,388.000000,399.000000,384.000000,371.000000,426.000000,583.000000,448.000000,455.000000,699.000000,914.000000,868.000000,
173,'616,Poland,116,'01510,Potatoes,5531,Producer Price (SLC/tonne),7021,Annual value,SLC,33.000000,110.000000,59.000000,99.000000,240.000000,155.000000,143.000000,172.000000,225.000000,232.000000,229.000000,239.000000,246.000000,246.000000,255.000000,306.000000,295.000000,297.000000,317.000000,365.000000,370.000000,340.000000,489.000000,388.000000,399.000000,384.000000,371.000000,426.000000,583.000000,448.000000,455.000000,699.000000,914.000000,868.000000,
173,'616,Poland,116,'01510,Potatoes,5532,Producer Price (USD/tonne),7021,Annual value,USD,31.200000,80.700000,32.600000,43.600000,99.000000,57.500000,43.600000,49.500000,56.700000,53.400000,55.900000,58.600000,63.300000,67.300000,78.800000,98.600000,106.600000,123.300000,101.600000,121.000000,124.900000,104.400000,154.700000,123.000000,105.800000,97.400000,98.200000,117.900000,151.800000,114.900000,117.800000,156.800000,217.400000,218.000000,
173,'616,Poland,116,'01510,Potatoes,5539,Producer Price Index (2014-2016 = 100),7021,Annual value,,8.450000,28.180000,15.120000,25.360000,61.490000,39.710000,36.640000,44.060000,57.640000,59.440000,58.670000,61.230000,63.020000,63.020000,65.330000,78.390000,75.580000,76.090000,81.210000,93.510000,94.790000,87.110000,125.280000,99.400000,102.220000,98.380000,95.050000,109.140000,149.360000,114.770000,116.570000,179.080000,234.160000,222.370000,210.590000
173,'616,Poland,394,'01235,"Pumpkins, squash and gourds",5539,Producer Price Index (2014-2016 = 100),7021,Annual value,,9.440000,26.410000,27.940000,27.940000,34.450000,38.280000,33.810000,40.830000,47.720000,45.680000,50.270000,66.220000,46.570000,46.950000,54.740000,64.060000,67.630000,75.410000,63.930000,118.160000,104.890000,80.010000,95.190000,86.900000,108.340000,104.760000,79.370000,90.980000,101.900000,102.560000,112.740000,110.530000,121.920000,128.250000,134.570000
173,'616,Poland,270,'01443,Rape or colza seed,5530,Producer Price (LCU/tonne),7021,Annual value,LCU,1450000.000000,2330000.000000,3830000.000000,6170000.000000,567.000000,855.000000,865.000000,896.000000,644.000000,807.000000,822.000000,854.000000,1017.000000,865.000000,773.000000,934.000000,959.000000,1268.000000,1082.000000,1278.000000,1839.000000,1982.000000,1473.000000,1320.000000,1505.000000,1617.000000,1576.000000,1553.000000,1558.000000,1639.000000,2303.000000,3144.000000,1969.000000,2017.000000,
173,'616,Poland,270,'01443,Rape or colza seed,5531,Producer Price (SLC/tonne),7021,Annual value,SLC,145.000000,233.000000,383.000000,617.000000,567.000000,855.000000,865.000000,896.000000,644.000000,807.000000,822.000000,854.000000,1017.000000,865.000000,773.000000,934.000000,959.000000,1268.000000,1082.000000,1278.000000,1839.000000,1982.000000,1473.000000,1320.000000,1505.000000,1617.000000,1576.000000,1553.000000,1558.000000,1639.000000,2303.000000,3144.000000,1969.000000,2017.000000,
173,'616,Poland,270,'01443,Rape or colza seed,5532,Producer Price (USD/tonne),7021,Annual value,USD,137.100000,171.000000,211.400000,271.500000,233.800000,317.100000,263.800000,257.800000,162.300000,185.700000,200.800000,209.300000,261.500000,236.500000,238.900000,301.000000,346.500000,526.300000,346.800000,423.800000,620.700000,608.600000,466.000000,418.400000,399.300000,410.100000,417.000000,430.000000,405.800000,420.300000,596.300000,705.300000,468.400000,506.700000,
173,'616,Poland,270,'01443,Rape or colza seed,5539,Producer Price Index (2014-2016 = 100),7021,Annual value,,9.790000,15.740000,25.870000,41.670000,38.290000,57.740000,58.420000,60.510000,43.490000,54.500000,55.520000,57.680000,68.690000,58.420000,52.210000,63.080000,64.770000,85.640000,73.080000,86.310000,124.200000,133.860000,99.480000,89.150000,101.640000,109.210000,106.440000,104.890000,105.220000,110.690000,155.540000,212.340000,132.980000,136.220000,149.120000
173,'616,Poland,547,'01353.01,Raspberries,5530,Producer Price (LCU/tonne),7021,Annual value,LCU,2440000.000000,9460000.000000,14810000.000000,36640000.000000,3454.000000,1324.000000,1211.000000,2873.000000,1981.000000,2824.000000,2288.000000,3307.000000,3564.000000,1634.000000,2281.000000,2464.000000,4412.000000,4179.000000,3326.000000,3777.000000,2634.000000,2923.000000,5118.000000,4777.000000,7925.000000,5327.000000,4488.000000,2836.000000,6515.000000,5992.000000,11140.000000,12931.000000,6626.000000,11518.000000,
173,'616,Poland,547,'01353.01,Raspberries,5531,Producer Price (SLC/tonne),7021,Annual value,SLC,244.000000,946.000000,1481.000000,3664.000000,3454.000000,1324.000000,1211.000000,2873.000000,1981.000000,2824.000000,2288.000000,3307.000000,3564.000000,1634.000000,2281.000000,2464.000000,4412.000000,4179.000000,3326.000000,3777.000000,2634.000000,2923.000000,5118.000000,4777.000000,7925.000000,5327.000000,4488.000000,2836.000000,6515.000000,5992.000000,11140.000000,12931.000000,6626.000000,11518.000000,
173,'616,Poland,547,'01353.01,Raspberries,5532,Producer Price (USD/tonne),7021,Annual value,USD,230.700000,694.200000,817.600000,1612.500000,1424.300000,491.100000,369.300000,826.700000,499.400000,649.800000,558.900000,810.500000,916.400000,446.700000,705.000000,794.000000,1594.000000,1734.600000,1066.000000,1252.600000,889.000000,897.600000,1619.300000,1514.300000,2102.400000,1351.100000,1187.500000,785.200000,1696.900000,1536.500000,2884.600000,2900.800000,1576.200000,2893.400000,
173,'616,Poland,547,'01353.01,Raspberries,5539,Producer Price Index (2014-2016 = 100),7021,Annual value,,4.060000,15.740000,24.640000,60.970000,57.470000,22.030000,20.150000,47.810000,32.960000,46.990000,38.070000,55.030000,59.300000,27.190000,37.960000,41.000000,73.420000,69.540000,55.340000,62.850000,43.830000,48.640000,85.160000,79.490000,131.870000,88.640000,74.680000,47.190000,108.410000,99.710000,185.370000,215.170000,110.260000,191.660000,237.620000
173,'616,Poland,882,'02211,Raw milk of cattle,5530,Producer Price (LCU/tonne),7021,Annual value,LCU,1030000.000000,1830000.000000,2340000.000000,2800000.000000,440.000000,513.000000,587.000000,607.000000,608.000000,784.000000,785.000000,718.000000,718.000000,874.000000,929.000000,929.000000,1071.000000,1023.000000,896.000000,1066.000000,1212.000000,1198.000000,1356.000000,1371.000000,1134.000000,1108.000000,1391.000000,1346.000000,1353.000000,1382.000000,1569.000000,2312.000000,2078.000000,2108.000000,
173,'616,Poland,882,'02211,Raw milk of cattle,5531,Producer Price (SLC/tonne),7021,Annual value,SLC,103.000000,183.000000,234.000000,280.000000,440.000000,513.000000,587.000000,607.000000,608.000000,784.000000,785.000000,718.000000,718.000000,874.000000,929.000000,929.000000,1071.000000,1023.000000,896.000000,1066.000000,1212.000000,1198.000000,1356.000000,1371.000000,1134.000000,1108.000000,1391.000000,1346.000000,1353.000000,1382.000000,1569.000000,2312.000000,2078.000000,2108.000000,
173,'616,Poland,882,'02211,Raw milk of cattle,5532,Producer Price (USD/tonne),7021,Annual value,USD,97.400000,134.300000,129.200000,123.200000,181.400000,190.300000,179.000000,174.700000,153.300000,180.400000,191.700000,176.000000,184.600000,239.000000,287.100000,299.400000,386.900000,424.600000,287.200000,353.500000,409.100000,367.900000,429.000000,434.600000,300.800000,281.000000,368.100000,372.700000,352.400000,354.400000,406.300000,518.600000,494.300000,529.500000,
173,'616,Poland,882,'02211,Raw milk of cattle,5539,Producer Price Index (2014-2016 = 100),7021,Annual value,,8.550000,15.200000,19.430000,23.250000,36.530000,42.600000,48.740000,50.400000,50.480000,65.100000,65.180000,59.620000,59.620000,72.570000,77.140000,77.140000,88.930000,84.940000,74.400000,88.510000,100.640000,99.470000,112.590000,113.840000,94.160000,92.000000,115.500000,111.760000,112.340000,114.750000,130.280000,191.970000,172.540000,175.030000,196.590000
173,'616,Poland,1020,'02292,Raw milk of goats,5539,Producer Price Index (2014-2016 = 100),7021,Annual value,,6.670000,9.720000,13.450000,20.790000,21.070000,30.270000,32.840000,30.130000,38.890000,38.930000,37.470000,38.210000,38.860000,39.600000,48.720000,48.720000,47.300000,50.930000,59.570000,65.650000,56.070000,63.160000,65.340000,99.780000,101.290000,98.940000,124.130000,120.300000,132.680000,138.300000,167.270000,195.800000,207.020000,221.220000,235.360000
173,'616,Poland,982,'02291,Raw milk of sheep,5530,Producer Price (LCU/tonne),7021,Annual value,LCU,1651000.000000,2407000.000000,3330000.000000,5150000.000000,522.000000,644.000000,750.000000,814.000000,747.000000,821.000000,806.000000,822.000000,836.000000,852.000000,1048.000000,1099.000000,1067.000000,1149.000000,1344.000000,1481.000000,1265.000000,1425.000000,1474.000000,2251.000000,2285.000000,,,,,,,,,,
173,'616,Poland,982,'02291,Raw milk of sheep,5531,Producer Price (SLC/tonne),7021,Annual value,SLC,165.100000,240.700000,333.000000,515.000000,522.000000,644.000000,750.000000,814.000000,747.000000,821.000000,806.000000,822.000000,836.000000,852.000000,1048.000000,1099.000000,1067.000000,1149.000000,1344.000000,1481.000000,1265.000000,1425.000000,1474.000000,2251.000000,2285.000000,,,,,,,,,,
173,'616,Poland,982,'02291,Raw milk of sheep,5532,Producer Price (USD/tonne),7021,Annual value,USD,156.100000,176.600000,183.800000,226.600000,215.300000,238.900000,228.700000,234.200000,188.300000,188.900000,196.900000,201.500000,215.000000,232.900000,323.900000,354.200000,385.500000,476.900000,430.700000,491.200000,427.000000,437.600000,466.400000,713.600000,606.200000,,,,,,,,,,
173,'616,Poland,982,'02291,Raw milk of sheep,5539,Producer Price Index (2014-2016 = 100),7021,Annual value,,7.320000,10.670000,14.760000,22.830000,23.140000,28.550000,33.240000,36.080000,33.110000,36.390000,35.730000,36.440000,37.060000,37.770000,46.450000,48.710000,47.300000,50.930000,59.570000,65.650000,56.070000,63.160000,65.340000,99.780000,101.290000,98.940000,124.130000,120.300000,135.130000,138.340000,169.000000,200.000000,212.540000,225.030000,237.520000
173,'616,Poland,71,'0116,Rye,5530,Producer Price (LCU/tonne),7021,Annual value,LCU,480000.000000,870000.000000,1720000.000000,1750000.000000,225.000000,359.000000,371.000000,321.000000,301.000000,361.000000,365.000000,332.000000,353.000000,352.000000,276.000000,385.000000,602.000000,517.000000,327.000000,422.000000,746.000000,745.000000,554.000000,534.000000,515.000000,518.000000,548.000000,597.000000,604.000000,560.000000,754.000000,1208.000000,725.000000,594.000000,
173,'616,Poland,71,'0116,Rye,5531,Producer Price (SLC/tonne),7021,Annual value,SLC,48.000000,87.000000,172.000000,175.000000,225.000000,359.000000,371.000000,321.000000,301.000000,361.000000,365.000000,332.000000,353.000000,352.000000,276.000000,385.000000,602.000000,517.000000,327.000000,422.000000,746.000000,745.000000,554.000000,534.000000,515.000000,518.000000,548.000000,597.000000,604.000000,560.000000,754.000000,1208.000000,725.000000,594.000000,
173,'616,Poland,71,'0116,Rye,5532,Producer Price (USD/tonne),7021,Annual value,USD,45.400000,63.800000,94.900000,77.000000,92.800000,133.200000,113.100000,92.400000,75.900000,83.100000,89.200000,81.400000,90.800000,96.200000,85.300000,124.100000,217.500000,214.600000,104.800000,140.000000,251.800000,228.800000,175.300000,169.300000,136.600000,131.400000,145.000000,165.300000,157.300000,143.600000,195.200000,271.000000,172.500000,149.200000,
173,'616,Poland,71,'0116,Rye,5539,Producer Price Index (2014-2016 = 100),7021,Annual value,,9.190000,16.660000,32.930000,33.500000,43.080000,68.730000,71.030000,61.460000,57.630000,69.110000,69.880000,63.560000,67.580000,67.390000,52.840000,73.710000,115.250000,98.980000,62.600000,80.790000,142.820000,142.630000,106.060000,102.230000,98.600000,99.170000,104.910000,114.290000,115.630000,107.210000,144.350000,231.270000,138.800000,113.720000,150.860000
173,'616,Poland,987,'02941,"Shorn wool, greasy, including fleece-washed shorn wool",5530,Producer Price (LCU/tonne),7021,Annual value,LCU,10530000.000000,11710000.000000,14420000.000000,16900000.000000,2450.000000,3180.000000,3300.000000,3640.000000,2680.000000,2390.000000,2120.000000,2270.000000,2670.000000,3100.000000,3490.000000,2350.000000,2260.000000,2350.000000,2170.000000,4330.000000,1990.000000,3090.000000,4030.000000,2801.000000,2560.000000,3210.000000,3220.000000,3160.000000,3090.000000,2580.000000,1480.000000,1470.000000,1500.000000,2740.000000,
173,'616,Poland,987,'02941,"Shorn wool, greasy, including fleece-washed shorn wool",5531,Producer Price (SLC/tonne),7021,Annual value,SLC,1053.000000,1171.000000,1442.000000,1690.000000,2450.000000,3180.000000,3300.000000,3640.000000,2680.000000,2390.000000,2120.000000,2270.000000,2670.000000,3100.000000,3490.000000,2350.000000,2260.000000,2350.000000,2170.000000,4330.000000,1990.000000,3090.000000,4030.000000,2801.000000,2560.000000,3210.000000,3220.000000,3160.000000,3090.000000,2580.000000,1480.000000,1470.000000,1500.000000,2740.000000,
173,'616,Poland,987,'02941,"Shorn wool, greasy, including fleece-washed shorn wool",5532,Producer Price (USD/tonne),7021,Annual value,USD,995.600000,859.400000,796.000000,743.700000,1010.300000,1179.500000,1006.300000,1047.400000,675.600000,549.900000,517.800000,556.400000,686.500000,847.500000,1078.700000,757.300000,816.500000,975.400000,695.500000,1436.000000,671.700000,948.900000,1275.100000,887.900000,679.100000,814.100000,852.000000,874.900000,804.800000,661.600000,383.200000,329.800000,356.800000,688.300000,
173,'616,Poland,987,'02941,"Shorn wool, greasy, including fleece-washed shorn wool",5539,Producer Price Index (2014-2016 = 100),7021,Annual value,,36.860000,40.990000,50.470000,59.150000,85.750000,111.310000,115.510000,127.410000,93.800000,83.650000,74.200000,79.450000,93.450000,108.510000,122.160000,82.250000,79.100000,82.250000,75.950000,151.560000,69.650000,108.160000,141.060000,98.040000,89.600000,112.360000,112.710000,110.610000,108.160000,90.300000,51.800000,51.450000,52.500000,95.900000,133.900000
173,'616,Poland,530,'01344.01,Sour cherries,5530,Producer Price (LCU/tonne),7021,Annual value,LCU,4730000.000000,3590000.000000,2210000.000000,8930000.000000,877.000000,1295.000000,2675.000000,1766.000000,2295.000000,1972.000000,903.000000,1956.000000,1957.000000,987.000000,2621.000000,1393.000000,2041.000000,881.000000,794.000000,2548.000000,2510.000000,3427.000000,2305.000000,1188.000000,1693.000000,1352.000000,3999.000000,1074.000000,2994.000000,1888.000000,1561.000000,2321.000000,2511.000000,4757.000000,
173,'616,Poland,530,'01344.01,Sour cherries,5531,Producer Price (SLC/tonne),7021,Annual value,SLC,473.000000,359.000000,221.000000,893.000000,877.000000,1295.000000,2675.000000,1766.000000,2295.000000,1972.000000,903.000000,1956.000000,1957.000000,987.000000,2621.000000,1393.000000,2041.000000,881.000000,794.000000,2548.000000,2510.000000,3427.000000,2305.000000,1188.000000,1693.000000,1352.000000,3999.000000,1074.000000,2994.000000,1888.000000,1561.000000,2321.000000,2511.000000,4757.000000,
173,'616,Poland,530,'01344.01,Sour cherries,5532,Producer Price (USD/tonne),7021,Annual value,USD,447.200000,263.500000,122.000000,393.000000,361.700000,480.300000,815.700000,508.100000,578.500000,453.700000,220.600000,479.400000,503.200000,269.800000,810.100000,448.900000,737.400000,365.700000,254.500000,845.000000,847.200000,1052.300000,729.300000,376.600000,449.100000,342.900000,1058.100000,297.400000,779.800000,484.100000,404.200000,520.700000,597.300000,1195.000000,
173,'616,Poland,530,'01344.01,Sour cherries,5539,Producer Price Index (2014-2016 = 100),7021,Annual value,,33.520000,25.440000,15.660000,63.290000,62.150000,91.780000,189.580000,125.160000,162.650000,139.760000,64.000000,138.630000,138.700000,69.950000,185.750000,98.720000,144.650000,62.440000,56.270000,180.580000,177.890000,242.880000,163.360000,84.200000,119.990000,95.820000,283.420000,76.120000,212.190000,133.810000,110.630000,164.490000,177.960000,337.140000,431.490000
173,'616,Poland,236,'0141,Soya beans,5539,Producer Price Index (2014-2016 = 100),7021,Annual value,,,,,,,,,,,,,,68.680000,58.420000,52.210000,63.080000,64.770000,85.640000,73.080000,86.310000,124.200000,133.860000,99.480000,89.150000,101.640000,109.210000,106.440000,104.890000,105.230000,108.960000,121.570000,119.140000,131.840000,140.040000,148.240000
173,'616,Poland,544,'01354,Strawberries,5530,Producer Price (LCU/tonne),7021,Annual value,LCU,2830000.000000,3980000.000000,10070000.000000,24400000.000000,910.000000,1109.000000,1812.000000,3151.000000,2021.000000,1436.000000,959.000000,2019.000000,4571.000000,1644.000000,1125.000000,1827.000000,2931.000000,2601.000000,1354.000000,2322.000000,3847.000000,4379.000000,2542.000000,2486.000000,2510.000000,3025.000000,4773.000000,3901.000000,3847.000000,3262.000000,3929.000000,5421.000000,4489.000000,5104.000000,
173,'616,Poland,544,'01354,Strawberries,5531,Producer Price (SLC/tonne),7021,Annual value,SLC,283.000000,398.000000,1007.000000,2440.000000,910.000000,1109.000000,1812.000000,3151.000000,2021.000000,1436.000000,959.000000,2019.000000,4571.000000,1644.000000,1125.000000,1827.000000,2931.000000,2601.000000,1354.000000,2322.000000,3847.000000,4379.000000,2542.000000,2486.000000,2510.000000,3025.000000,4773.000000,3901.000000,3847.000000,3262.000000,3929.000000,5421.000000,4489.000000,5104.000000,
173,'616,Poland,544,'01354,Strawberries,5532,Producer Price (USD/tonne),7021,Annual value,USD,267.600000,292.100000,555.900000,1073.800000,375.300000,411.300000,552.600000,906.700000,509.400000,330.400000,234.300000,494.800000,1175.300000,449.500000,347.700000,588.800000,1058.900000,1079.600000,434.000000,770.100000,1298.400000,1344.700000,804.300000,788.100000,665.900000,767.200000,1262.900000,1080.100000,1002.000000,836.500000,1017.400000,1216.100000,1067.900000,1282.200000,
173,'616,Poland,544,'01354,Strawberries,5539,Producer Price Index (2014-2016 = 100),7021,Annual value,,10.580000,14.890000,37.660000,91.260000,34.040000,41.480000,67.770000,117.850000,75.590000,53.710000,35.870000,75.510000,170.960000,61.490000,42.080000,68.330000,109.620000,97.280000,50.640000,86.850000,143.880000,163.780000,95.080000,92.980000,93.880000,113.140000,178.520000,145.900000,143.880000,122.000000,146.950000,202.760000,167.900000,190.900000,246.740000
173,'616,Poland,423,'01241.01,String beans,5539,Producer Price Index (2014-2016 = 100),7021,Annual value,,9.440000,26.410000,27.950000,27.950000,34.450000,38.280000,33.820000,40.830000,47.720000,45.680000,50.280000,66.230000,46.580000,46.960000,54.740000,64.060000,67.630000,75.410000,63.930000,118.160000,104.890000,80.010000,95.190000,86.900000,108.340000,104.760000,79.370000,90.980000,96.900000,99.780000,109.170000,107.140000,117.780000,121.660000,125.990000
173,'616,Poland,157,'01801,Sugar beet,5530,Producer Price (LCU/tonne),7021,Annual value,LCU,230000.000000,400000.000000,440000.000000,540000.000000,81.000000,91.000000,95.000000,97.000000,100.000000,102.000000,111.000000,112.000000,124.000000,187.000000,175.000000,129.000000,108.000000,104.000000,116.000000,113.000000,144.000000,137.000000,149.000000,126.000000,120.000000,117.000000,96.000000,105.000000,107.000000,102.000000,122.000000,195.000000,190.000000,176.000000,
173,'616,Poland,157,'01801,Sugar beet,5531,Producer Price (SLC/tonne),7021,Annual value,SLC,23.000000,40.000000,44.000000,54.000000,81.000000,91.000000,95.000000,97.000000,100.000000,102.000000,111.000000,112.000000,124.000000,187.000000,175.000000,129.000000,108.000000,104.000000,116.000000,113.000000,144.000000,137.000000,149.000000,126.000000,120.000000,117.000000,96.000000,105.000000,107.000000,102.000000,122.000000,195.000000,190.000000,176.000000,
173,'616,Poland,157,'01801,Sugar beet,5532,Producer Price (USD/tonne),7021,Annual value,USD,21.700000,29.400000,24.300000,23.800000,33.400000,33.800000,29.000000,27.900000,25.200000,23.500000,27.100000,27.500000,31.900000,51.100000,54.100000,41.600000,39.000000,43.200000,37.200000,37.500000,48.600000,42.100000,47.100000,39.900000,31.800000,29.700000,25.400000,29.100000,27.900000,26.200000,31.600000,43.700000,45.200000,44.200000,
173,'616,Poland,157,'01801,Sugar beet,5539,Producer Price Index (2014-2016 = 100),7021,Annual value,,19.010000,33.060000,36.360000,44.630000,66.940000,75.210000,78.510000,80.170000,82.640000,84.300000,91.740000,92.560000,102.480000,154.550000,144.630000,106.610000,89.260000,85.950000,95.870000,93.390000,119.010000,113.220000,123.140000,104.130000,99.170000,96.690000,79.340000,86.780000,88.430000,84.300000,100.830000,161.160000,157.020000,145.450000,173.640000
173,'616,Poland,267,'01445,Sunflower seed,5539,Producer Price Index (2014-2016 = 100),7021,Annual value,,,,,,,,,,,,,,68.690000,58.420000,52.200000,63.080000,64.770000,85.640000,73.080000,86.310000,124.200000,133.860000,99.480000,89.150000,101.640000,109.210000,106.440000,104.890000,105.040000,108.750000,121.400000,118.980000,131.610000,139.820000,148.030000
173,'616,Poland,388,'01234,Tomatoes,5530,Producer Price (LCU/tonne),7021,Annual value,LCU,1110000.000000,1590000.000000,4480000.000000,4910000.000000,373.000000,721.000000,728.000000,578.000000,663.000000,639.000000,782.000000,628.000000,567.000000,545.000000,497.000000,595.000000,599.000000,731.000000,684.000000,1031.000000,930.000000,1266.000000,1504.000000,1682.000000,1805.000000,1424.000000,1633.000000,1748.000000,1924.000000,2151.000000,2256.000000,2792.000000,2806.000000,2156.000000,
173,'616,Poland,388,'01234,Tomatoes,5531,Producer Price (SLC/tonne),7021,Annual value,SLC,111.000000,159.000000,448.000000,491.000000,373.000000,721.000000,728.000000,578.000000,663.000000,639.000000,782.000000,628.000000,567.000000,545.000000,497.000000,595.000000,599.000000,731.000000,684.000000,1031.000000,930.000000,1266.000000,1504.000000,1682.000000,1805.000000,1424.000000,1633.000000,1748.000000,1924.000000,2151.000000,2256.000000,2792.000000,2806.000000,2156.000000,
173,'616,Poland,388,'01234,Tomatoes,5532,Producer Price (USD/tonne),7021,Annual value,USD,105.000000,116.700000,247.300000,216.100000,153.800000,267.400000,222.000000,166.300000,167.100000,147.000000,191.000000,153.900000,145.800000,149.000000,153.600000,191.700000,216.400000,303.400000,219.200000,341.900000,313.900000,388.800000,475.900000,533.200000,478.800000,361.200000,432.100000,484.000000,501.100000,551.600000,584.200000,626.300000,667.500000,541.600000,
173,'616,Poland,388,'01234,Tomatoes,5539,Producer Price Index (2014-2016 = 100),7021,Annual value,,6.780000,9.710000,27.370000,29.990000,22.790000,44.040000,44.470000,35.310000,40.500000,39.030000,47.770000,38.360000,34.640000,33.290000,30.360000,36.350000,36.590000,44.650000,41.780000,62.980000,56.810000,77.340000,91.880000,102.750000,110.260000,86.990000,99.760000,106.780000,117.530000,131.400000,137.810000,170.560000,171.410000,131.700000,163.470000
173,'616,Poland,97,'01191,Triticale,5530,Producer Price (LCU/tonne),7021,Annual value,LCU,569000.000000,1070000.000000,1870000.000000,1985000.000000,278.000000,433.000000,398.000000,357.000000,348.000000,461.000000,403.000000,370.000000,436.000000,414.000000,308.000000,369.000000,611.000000,529.000000,371.000000,471.000000,729.000000,806.000000,655.000000,593.000000,564.000000,574.000000,587.000000,661.000000,649.000000,626.000000,830.000000,1354.000000,871.000000,702.000000,
173,'616,Poland,97,'01191,Triticale,5531,Producer Price (SLC/tonne),7021,Annual value,SLC,56.900000,107.000000,187.000000,198.500000,278.000000,433.000000,398.000000,357.000000,348.000000,461.000000,403.000000,370.000000,436.000000,414.000000,308.000000,369.000000,611.000000,529.000000,371.000000,471.000000,729.000000,806.000000,655.000000,593.000000,564.000000,574.000000,587.000000,661.000000,649.000000,626.000000,830.000000,1354.000000,871.000000,702.000000,
173,'616,Poland,97,'01191,Triticale,5532,Producer Price (USD/tonne),7021,Annual value,USD,53.800000,78.500000,103.200000,87.400000,114.600000,160.600000,121.400000,102.700000,87.700000,106.100000,98.400000,90.700000,112.100000,113.200000,95.200000,118.900000,220.700000,219.600000,118.900000,156.200000,246.000000,247.500000,207.200000,188.000000,149.600000,145.600000,155.300000,183.000000,169.000000,160.500000,214.900000,303.700000,207.200000,176.300000,
173,'616,Poland,97,'01191,Triticale,5539,Producer Price Index (2014-2016 = 100),7021,Annual value,,9.860000,18.540000,32.410000,34.400000,48.180000,75.040000,68.980000,61.870000,60.310000,79.900000,69.840000,64.120000,75.560000,71.750000,53.380000,63.950000,105.890000,91.680000,64.300000,81.630000,126.340000,139.690000,113.520000,102.770000,97.750000,99.480000,101.730000,114.560000,112.480000,108.490000,143.850000,234.660000,150.950000,121.660000,157.020000
173,'616,Poland,826,'01970,Unmanufactured tobacco,5530,Producer Price (LCU/tonne),7021,Annual value,LCU,11190000.000000,12460000.000000,15890000.000000,25190000.000000,2992.000000,3888.000000,4870.000000,5999.000000,5808.000000,5123.000000,5100.000000,5480.000000,4518.000000,3694.000000,3522.000000,2592.000000,2321.000000,3114.000000,4078.000000,6226.000000,6929.000000,6716.000000,6719.000000,7229.000000,7936.000000,9055.000000,8301.000000,9568.000000,10166.000000,10360.000000,11688.000000,17688.000000,22448.000000,18738.000000,
173,'616,Poland,826,'01970,Unmanufactured tobacco,5531,Producer Price (SLC/tonne),7021,Annual value,SLC,1119.000000,1246.000000,1589.000000,2519.000000,2992.000000,3888.000000,4870.000000,5999.000000,5808.000000,5123.000000,5100.000000,5480.000000,4518.000000,3694.000000,3522.000000,2592.000000,2321.000000,3114.000000,4078.000000,6226.000000,6929.000000,6716.000000,6719.000000,7229.000000,7936.000000,9055.000000,8301.000000,9568.000000,10166.000000,10360.000000,11688.000000,17688.000000,22448.000000,18738.000000,
173,'616,Poland,826,'01970,Unmanufactured tobacco,5532,Producer Price (USD/tonne),7021,Annual value,USD,1058.100000,914.400000,877.200000,1108.600000,1233.800000,1442.100000,1485.100000,1726.100000,1464.000000,1178.800000,1245.800000,1343.100000,1161.700000,1009.900000,1088.600000,835.300000,838.500000,1292.500000,1307.000000,2064.800000,2338.600000,2062.300000,2125.900000,2291.600000,2105.300000,2296.600000,2196.400000,2649.200000,2647.800000,2656.600000,3026.500000,3967.900000,5340.100000,4707.100000,
173,'616,Poland,826,'01970,Unmanufactured tobacco,5539,Producer Price Index (2014-2016 = 100),7021,Annual value,,13.860000,15.430000,19.680000,31.200000,37.060000,48.160000,60.320000,74.310000,71.940000,63.460000,63.170000,67.880000,55.960000,45.760000,43.630000,32.110000,28.750000,38.570000,50.510000,77.120000,85.830000,83.190000,83.220000,89.540000,98.300000,112.160000,102.820000,118.510000,125.920000,128.320000,144.770000,219.090000,278.050000,232.100000,261.700000
173,'616,Poland,205,'01709.01,Vetches,5539,Producer Price Index (2014-2016 = 100),7021,Annual value,,19.970000,31.700000,37.620000,44.700000,73.510000,80.360000,79.140000,88.870000,87.220000,83.820000,102.440000,97.820000,77.040000,70.680000,58.790000,75.950000,75.140000,105.750000,86.310000,100.940000,106.300000,106.750000,129.830000,105.840000,95.940000,98.210000,76.040000,77.860000,83.910000,87.800000,100.440000,101.570000,115.730000,116.900000,124.420000
173,'616,Poland,222,'01376,"Walnuts, in shell",5539,Producer Price Index (2014-2016 = 100),7021,Annual value,,49.830000,53.630000,50.500000,60.950000,72.030000,75.010000,66.100000,63.520000,53.960000,55.010000,59.180000,53.550000,55.380000,70.690000,75.520000,95.610000,119.320000,100.140000,80.660000,109.810000,119.690000,121.890000,65.010000,94.980000,100.360000,104.650000,98.370000,92.940000,100.230000,106.500000,105.250000,103.290000,134.010000,122.800000,121.300000
173,'616,Poland,15,'0111,Wheat,5530,Producer Price (LCU/tonne),7021,Annual value,LCU,790000.000000,1630000.000000,2400000.000000,2480000.000000,354.000000,572.000000,509.000000,468.000000,430.000000,508.000000,505.000000,436.000000,455.000000,472.000000,367.000000,448.000000,707.000000,642.000000,483.000000,599.000000,821.000000,895.000000,797.000000,684.000000,669.000000,621.000000,665.000000,726.000000,723.000000,749.000000,968.000000,1520.000000,988.000000,826.000000,
173,'616,Poland,15,'0111,Wheat,5531,Producer Price (SLC/tonne),7021,Annual value,SLC,79.000000,163.000000,240.000000,248.000000,354.000000,572.000000,509.000000,468.000000,430.000000,508.000000,505.000000,436.000000,455.000000,472.000000,367.000000,448.000000,707.000000,642.000000,483.000000,599.000000,821.000000,895.000000,797.000000,684.000000,669.000000,621.000000,665.000000,726.000000,723.000000,749.000000,968.000000,1520.000000,988.000000,826.000000,
173,'616,Poland,15,'0111,Wheat,5532,Producer Price (USD/tonne),7021,Annual value,USD,74.700000,119.600000,132.500000,109.100000,146.000000,212.200000,155.200000,134.700000,108.400000,116.900000,123.400000,106.900000,117.000000,129.000000,113.400000,144.400000,255.400000,266.500000,154.800000,198.700000,277.100000,274.800000,252.200000,216.800000,177.500000,157.500000,176.000000,201.000000,188.300000,192.100000,250.700000,341.000000,235.000000,207.500000,
173,'616,Poland,15,'0111,Wheat,5539,Producer Price Index (2014-2016 = 100),7021,Annual value,,12.010000,24.770000,36.470000,37.690000,53.800000,86.930000,77.360000,71.120000,65.350000,77.200000,76.750000,66.260000,69.150000,71.730000,55.780000,68.090000,107.450000,97.570000,73.400000,91.030000,124.770000,136.020000,121.120000,103.950000,101.670000,94.380000,101.060000,110.330000,109.880000,113.830000,147.110000,231.000000,150.150000,125.530000,158.810000
173,'616,Poland,2051,'F2051,Agriculture,5539,Producer Price Index (2014-2016 = 100),7021,Annual value,,12.310000,20.890000,28.180000,35.830000,47.610000,60.070000,60.460000,60.400000,61.520000,68.640000,66.570000,63.720000,69.110000,71.190000,67.610000,72.960000,94.060000,86.590000,74.520000,91.150000,109.870000,114.510000,113.500000,103.010000,101.330000,95.660000,108.620000,107.280000,114.710000,114.280000,132.460000,190.220000,164.660000,160.920000,182.740000
173,'616,Poland,1717,'F1717,"Cereals, primary",5539,Producer Price Index (2014-2016 = 100),7021,Annual value,,12.270000,23.460000,35.520000,39.060000,53.760000,82.810000,74.050000,67.270000,64.840000,77.630000,74.300000,66.200000,73.560000,73.470000,56.860000,69.370000,108.540000,97.180000,69.770000,88.470000,126.290000,135.740000,117.820000,102.630000,100.650000,96.720000,101.370000,111.620000,111.240000,111.220000,142.550000,218.400000,147.970000,128.950000,154.930000
173,'616,Poland,1814,'F1814,"Coarse Grain, Total",5539,Producer Price Index (2014-2016 = 100),7021,Annual value,,12.440000,22.580000,34.870000,39.980000,53.740000,80.040000,71.830000,64.680000,64.490000,77.920000,72.650000,66.150000,76.530000,74.640000,57.590000,70.240000,109.270000,96.910000,67.330000,86.750000,127.310000,135.560000,115.590000,101.750000,99.960000,98.290000,101.580000,112.480000,112.160000,109.470000,139.480000,209.920000,146.500000,131.250000,152.310000
173,'616,Poland,1783,'F1783,Eggs Primary,5539,Producer Price Index (2014-2016 = 100),7021,Annual value,,23.710000,27.290000,51.660000,68.140000,63.680000,91.300000,87.730000,83.710000,73.930000,94.860000,81.940000,77.490000,85.950000,84.610000,80.160000,88.180000,85.060000,84.170000,112.230000,85.510000,79.720000,142.500000,106.450000,108.210000,101.750000,90.040000,119.240000,97.240000,101.870000,102.160000,117.620000,196.070000,224.070000,182.550000,198.010000
173,'616,Poland,1753,'F1753,Fibre Crops Primary,5539,Producer Price Index (2014-2016 = 100),7021,Annual value,,13.070000,17.320000,27.430000,46.280000,52.290000,44.060000,45.880000,58.710000,71.900000,98.840000,88.520000,83.230000,88.420000,94.250000,70.670000,64.240000,80.140000,89.280000,87.260000,89.280000,89.280000,89.280000,112.270000,103.160000,103.160000,93.670000,83.020000,80.470000,82.240000,88.400000,102.400000,107.000000,,,
173,'616,Poland,1801,'F1801,"Fruit excl Melons, Total",5539,Producer Price Index (2014-2016 = 100),7021,Annual value,,20.040000,19.260000,19.790000,46.480000,56.170000,43.930000,52.540000,68.640000,94.670000,63.880000,43.290000,60.180000,89.100000,51.360000,74.230000,69.890000,134.410000,75.950000,59.340000,103.130000,129.880000,123.240000,123.300000,86.280000,117.620000,96.090000,161.510000,92.660000,121.200000,139.580000,133.460000,155.770000,147.800000,222.100000,275.270000
173,'616,Poland,1738,'F1738,Fruit Primary,5539,Producer Price Index (2014-2016 = 100),7021,Annual value,,20.040000,19.260000,19.790000,46.480000,56.170000,43.930000,52.540000,68.640000,94.670000,63.880000,43.290000,60.180000,89.100000,51.360000,74.230000,69.890000,134.410000,75.950000,59.340000,103.130000,129.880000,123.240000,123.300000,86.280000,117.620000,96.090000,161.510000,92.660000,121.200000,139.580000,133.460000,155.770000,147.800000,222.100000,275.270000
173,'616,Poland,2044,'F2044,Livestock,5539,Producer Price Index (2014-2016 = 100),7021,Annual value,,10.470000,16.700000,23.500000,29.060000,40.000000,48.830000,53.940000,54.790000,53.550000,68.720000,67.200000,61.910000,62.940000,74.250000,77.310000,78.280000,87.900000,84.460000,79.430000,88.090000,97.690000,104.760000,111.490000,112.810000,95.290000,91.900000,115.720000,109.790000,110.940000,113.030000,128.510000,191.320000,178.330000,175.190000,195.600000
173,'616,Poland,1765,'F1765,"Meat, Total",5539,Producer Price Index (2014-2016 = 100),7021,Annual value,,18.890000,26.030000,34.640000,51.260000,55.930000,68.190000,77.780000,73.640000,65.400000,74.900000,81.570000,69.950000,66.200000,80.980000,77.640000,72.830000,78.140000,83.560000,92.290000,84.420000,99.520000,112.010000,111.440000,103.880000,97.370000,98.750000,104.190000,100.190000,104.890000,106.710000,113.920000,114.160000,120.480000,126.170000,130.930000
173,'616,Poland,1780,'F1780,"Milk, Total",5539,Producer Price Index (2014-2016 = 100),7021,Annual value,,8.550000,15.180000,19.420000,23.240000,36.510000,42.570000,48.710000,50.360000,50.460000,65.050000,65.130000,59.580000,59.580000,72.510000,77.080000,77.080000,88.850000,84.880000,74.370000,88.470000,100.550000,99.400000,112.500000,113.810000,94.170000,92.010000,115.520000,111.780000,112.380000,114.800000,130.350000,191.980000,172.610000,175.120000,196.670000
173,'616,Poland,1732,'F1732,"Oilcrops, Oil Equivalent",5539,Producer Price Index (2014-2016 = 100),7021,Annual value,,9.820000,15.900000,26.060000,41.590000,38.230000,57.610000,58.290000,60.450000,43.530000,54.450000,55.470000,57.610000,68.710000,58.470000,52.270000,63.130000,64.810000,85.660000,73.090000,86.320000,124.360000,133.730000,99.500000,89.170000,101.660000,109.170000,106.380000,104.820000,105.230000,110.710000,154.980000,210.750000,132.890000,136.210000,148.930000
173,'616,Poland,1726,'F1726,"Pulses, Total",5539,Producer Price Index (2014-2016 = 100),7021,Annual value,,18.850000,27.430000,27.390000,37.740000,58.610000,64.230000,65.690000,67.980000,70.050000,70.580000,79.860000,76.270000,72.980000,71.720000,63.940000,75.880000,87.400000,104.260000,82.960000,92.790000,100.010000,104.920000,127.600000,110.040000,95.100000,94.860000,80.750000,87.720000,89.000000,106.130000,116.120000,151.210000,138.420000,123.390000,131.800000
173,'616,Poland,1720,'F1720,"Roots and Tubers, Total",5539,Producer Price Index (2014-2016 = 100),7021,Annual value,,8.450000,28.180000,15.120000,25.360000,61.490000,39.710000,36.640000,44.060000,57.640000,59.440000,58.670000,61.230000,63.020000,63.020000,65.330000,78.390000,75.580000,76.090000,81.210000,93.510000,94.790000,87.110000,125.280000,99.400000,102.220000,98.380000,95.050000,109.140000,149.360000,114.770000,116.570000,179.080000,234.160000,222.370000,210.590000
173,'616,Poland,1729,'F1729,"Treenuts, Total",5539,Producer Price Index (2014-2016 = 100),7021,Annual value,,11.040000,11.880000,11.190000,13.500000,15.960000,16.610000,14.640000,14.070000,11.950000,12.190000,13.110000,11.860000,47.310000,60.390000,64.510000,81.610000,100.370000,81.590000,74.710000,109.810000,119.690000,121.890000,65.010000,94.980000,100.360000,104.650000,98.370000,92.940000,111.960000,113.740000,125.330000,122.290000,142.700000,149.770000,158.990000
173,'616,Poland,1800,'F1800,"Vegetables and Melons, Total",5539,Producer Price Index (2014-2016 = 100),7021,Annual value,,12.730000,22.110000,31.890000,38.820000,39.960000,48.390000,54.850000,54.380000,56.790000,55.570000,61.680000,60.920000,57.590000,62.320000,58.410000,66.180000,70.660000,76.480000,76.700000,99.090000,88.260000,87.140000,100.850000,95.810000,109.120000,95.060000,91.600000,105.000000,126.070000,117.200000,122.260000,144.640000,166.570000,156.310000,169.420000
173,'616,Poland,1735,'F1735,Vegetables Primary,5539,Producer Price Index (2014-2016 = 100),7021,Annual value,,12.730000,22.110000,31.890000,38.820000,39.960000,48.390000,54.850000,54.380000,56.790000,55.570000,61.680000,60.920000,57.590000,62.320000,58.410000,66.180000,70.660000,76.480000,76.700000,99.090000,88.260000,87.140000,100.850000,95.810000,109.120000,95.060000,91.600000,105.000000,126.070000,117.200000,122.260000,144.640000,166.570000,156.310000,169.420000
174,'620,Portugal,221,'01371,"Almonds, in shell",5530,Producer Price (LCU/tonne),7021,Annual value,LCU,85526.000000,71773.000000,138713.000000,128008.000000,146733.000000,160646.200000,141480.100000,118063.800000,79992.300000,79631.000000,92683.000000,513.900000,734.300000,844.700000,974.400000,808.000000,634.700000,570.400000,487.500000,486.900000,485.100000,599.400000,820.700000,913.800000,1015.600000,899.800000,806.500000,717.500000,718.900000,768.600000,,,,,
174,'620,Portugal,221,'01371,"Almonds, in shell",5531,Producer Price (SLC/tonne),7021,Annual value,SLC,426.600000,358.000000,691.900000,638.500000,731.900000,801.300000,705.700000,588.900000,399.000000,397.200000,462.300000,513.900000,734.300000,844.700000,974.400000,808.000000,634.700000,570.400000,487.500000,486.900000,485.100000,599.400000,820.700000,913.800000,1015.600000,899.800000,806.500000,717.500000,718.900000,768.600000,,,,,
174,'620,Portugal,221,'01371,"Almonds, in shell",5532,Producer Price (USD/tonne),7021,Annual value,USD,591.900000,531.700000,862.600000,771.200000,971.100000,1041.500000,807.000000,655.500000,425.100000,365.900000,413.700000,483.600000,828.700000,1048.800000,1211.800000,1013.600000,868.700000,835.500000,677.200000,644.900000,674.400000,770.100000,1089.700000,1212.400000,1126.400000,995.300000,911.100000,847.300000,804.800000,877.900000,,,,,
174,'620,Portugal,221,'01371,"Almonds, in shell",5539,Producer Price Index (2014-2016 = 100),7021,Annual value,,45.240000,37.960000,73.370000,67.700000,77.610000,84.970000,74.830000,62.450000,42.310000,42.120000,49.020000,54.490000,77.860000,89.570000,103.320000,85.680000,67.300000,60.480000,51.690000,51.630000,51.440000,63.560000,87.020000,96.900000,107.690000,95.410000,85.520000,76.080000,76.230000,81.500000,86.250000,70.670000,61.650000,59.110000,54.190000
174,'620,Portugal,515,'01341,Apples,5530,Producer Price (LCU/tonne),7021,Annual value,LCU,92342.000000,90277.000000,76664.000000,81877.000000,90357.000000,86127.100000,91580.200000,125060.700000,127205.800000,109443.100000,110225.000000,497.600000,497.700000,583.000000,611.000000,525.300000,615.000000,655.400000,576.600000,591.300000,647.700000,624.800000,695.000000,589.500000,571.200000,638.500000,698.800000,691.500000,670.000000,708.100000,761.800000,754.600000,827.100000,802.500000,
174,'620,Portugal,515,'01341,Apples,5531,Producer Price (SLC/tonne),7021,Annual value,SLC,460.600000,450.300000,382.400000,408.400000,450.700000,429.600000,456.800000,623.800000,634.500000,545.900000,549.800000,497.600000,497.700000,583.000000,611.000000,525.300000,615.000000,655.400000,576.600000,591.300000,647.700000,624.800000,695.000000,589.500000,571.200000,638.500000,698.800000,691.500000,670.000000,708.100000,761.800000,754.600000,827.100000,802.500000,
174,'620,Portugal,515,'01341,Apples,5532,Producer Price (USD/tonne),7021,Annual value,USD,639.100000,668.700000,476.800000,493.300000,598.000000,558.400000,522.400000,694.400000,676.000000,502.900000,492.000000,468.300000,561.700000,723.900000,759.800000,659.000000,841.700000,960.000000,801.000000,783.100000,900.400000,802.800000,922.800000,782.100000,633.500000,706.300000,789.400000,816.600000,750.000000,808.800000,901.000000,794.600000,894.300000,868.200000,
174,'620,Portugal,515,'01341,Apples,5539,Producer Price Index (2014-2016 = 100),7021,Annual value,,76.800000,75.080000,63.760000,68.100000,75.150000,71.630000,76.170000,104.010000,105.800000,91.020000,91.670000,82.970000,82.990000,97.210000,101.880000,87.590000,102.550000,109.280000,96.140000,98.590000,108.000000,104.180000,115.880000,98.290000,95.240000,106.460000,116.520000,115.300000,111.720000,118.070000,127.020000,125.820000,137.910000,133.810000,139.660000
174,'620,Portugal,526,'01343,Apricots,5530,Producer Price (LCU/tonne),7021,Annual value,LCU,98597.000000,109283.000000,101504.000000,60004.000000,114535.000000,135285.300000,102346.100000,170008.700000,113573.100000,103408.600000,202466.800000,691.300000,902.300000,816.700000,590.000000,706.200000,937.900000,1192.200000,1187.600000,2094.800000,1317.100000,1217.200000,1862.500000,1278.800000,1275.000000,1868.000000,1447.500000,1607.500000,1618.800000,1500.000000,1800.000000,2000.000000,3117.500000,2862.700000,
174,'620,Portugal,526,'01343,Apricots,5531,Producer Price (SLC/tonne),7021,Annual value,SLC,491.800000,545.100000,506.300000,299.300000,571.300000,674.800000,510.500000,848.000000,566.500000,515.800000,1009.900000,691.300000,902.300000,816.700000,590.000000,706.200000,937.900000,1192.200000,1187.600000,2094.800000,1317.100000,1217.200000,1862.500000,1278.800000,1275.000000,1868.000000,1447.500000,1607.500000,1618.800000,1500.000000,1800.000000,2000.000000,3117.500000,2862.700000,
174,'620,Portugal,526,'01343,Apricots,5532,Producer Price (USD/tonne),7021,Annual value,USD,682.400000,809.500000,631.200000,361.500000,758.000000,877.100000,583.800000,943.900000,603.600000,475.200000,903.700000,650.600000,1018.400000,1014.100000,733.700000,885.900000,1283.700000,1746.400000,1649.800000,2774.400000,1830.900000,1563.900000,2472.900000,1696.600000,1414.100000,2066.300000,1635.200000,1898.400000,1812.200000,1713.300000,2128.900000,2106.100000,3370.900000,3096.900000,
174,'620,Portugal,526,'01343,Apricots,5539,Producer Price Index (2014-2016 = 100),7021,Annual value,,33.370000,36.980000,34.350000,20.310000,38.760000,45.780000,34.640000,57.530000,38.430000,34.990000,68.520000,46.900000,61.220000,55.410000,40.030000,47.910000,63.630000,80.890000,80.570000,142.120000,89.360000,82.580000,126.360000,86.760000,86.500000,126.740000,98.210000,109.060000,109.830000,101.770000,122.120000,135.690000,211.510000,194.220000,207.400000
174,'620,Portugal,572,'01311,Avocados,5530,Producer Price (LCU/tonne),7021,Annual value,LCU,,,,,,169667.900000,168344.700000,157538.800000,164455.400000,142863.500000,168585.300000,726.100000,820.900000,837.900000,1063.700000,868.200000,1050.300000,,,,,852.100000,1095.300000,1069.500000,1472.800000,1392.300000,1926.100000,2252.200000,2228.300000,2473.300000,2788.300000,2688.400000,2734.600000,2685.500000,
174,'620,Portugal,572,'01311,Avocados,5531,Producer Price (SLC/tonne),7021,Annual value,SLC,,,,,,846.300000,839.700000,785.800000,820.300000,712.600000,840.900000,726.100000,820.900000,837.900000,1063.700000,868.200000,1050.300000,,,,,852.100000,1095.300000,1069.500000,1472.800000,1392.300000,1926.100000,2252.200000,2228.300000,2473.300000,2788.300000,2688.400000,2734.600000,2685.500000,
174,'620,Portugal,572,'01311,Avocados,5532,Producer Price (USD/tonne),7021,Annual value,USD,,,,,,1100.000000,960.300000,874.700000,874.000000,656.500000,752.500000,683.400000,926.500000,1040.400000,1322.800000,1089.100000,1437.500000,,,,,1094.800000,1454.300000,1418.900000,1633.400000,1540.100000,2175.900000,2659.700000,2494.500000,2825.000000,3297.800000,2831.000000,2956.800000,2905.200000,
174,'620,Portugal,572,'01311,Avocados,5539,Producer Price Index (2014-2016 = 100),7021,Annual value,,51.200000,50.050000,42.510000,45.400000,50.100000,64.530000,64.020000,59.910000,62.550000,54.330000,64.120000,55.360000,62.590000,63.890000,81.100000,66.200000,80.080000,86.700000,75.230000,76.990000,72.900000,64.970000,83.510000,81.550000,112.300000,106.160000,146.860000,171.720000,169.900000,188.580000,212.600000,204.980000,208.500000,204.760000,201.570000
174,'620,Portugal,486,'01312,Bananas,5530,Producer Price (LCU/tonne),7021,Annual value,LCU,,,,,,,,,,,,,,,,,,,,,,533.600000,471.900000,363.400000,332.900000,378.000000,401.300000,386.000000,406.800000,402.200000,359.900000,368.300000,405.400000,499.900000,
174,'620,Portugal,486,'01312,Bananas,5531,Producer Price (SLC/tonne),7021,Annual value,SLC,,,,,,,,,,,,,,,,,,,,,,533.600000,471.900000,363.400000,332.900000,378.000000,401.300000,386.000000,406.800000,402.200000,359.900000,368.300000,405.400000,499.900000,
174,'620,Portugal,486,'01312,Bananas,5532,Producer Price (USD/tonne),7021,Annual value,USD,,,,,,,,,,,,,,,,,,,,,,685.600000,626.600000,482.100000,369.200000,418.100000,453.300000,455.800000,455.400000,459.400000,425.700000,387.800000,438.300000,540.800000,
174,'620,Portugal,486,'01312,Bananas,5539,Producer Price Index (2014-2016 = 100),7021,Annual value,,114.220000,119.880000,103.340000,114.820000,119.620000,130.910000,135.550000,110.060000,136.150000,91.370000,189.960000,108.070000,111.140000,126.200000,70.720000,135.790000,145.600000,156.920000,120.500000,168.510000,134.660000,149.010000,131.780000,101.480000,92.960000,105.560000,112.060000,107.790000,113.600000,112.310000,100.500000,102.850000,113.210000,139.600000,165.990000
174,'620,Portugal,44,'0115,Barley,5530,Producer Price (LCU/tonne),7021,Annual value,LCU,33420.000000,32057.000000,30674.000000,28709.000000,28709.000000,28007.300000,27887.000000,23757.100000,23977.600000,22173.300000,25602.000000,111.300000,131.100000,129.600000,122.300000,128.300000,177.600000,219.100000,140.900000,139.700000,194.900000,215.500000,201.600000,193.700000,196.100000,189.900000,177.800000,192.100000,194.100000,195.600000,226.800000,390.000000,262.500000,238.500000,
174,'620,Portugal,44,'0115,Barley,5531,Producer Price (SLC/tonne),7021,Annual value,SLC,166.700000,159.900000,153.000000,143.200000,143.200000,139.700000,139.100000,118.500000,119.600000,110.600000,127.700000,111.300000,131.100000,129.600000,122.300000,128.300000,177.600000,219.100000,140.900000,139.700000,194.900000,215.500000,201.600000,193.700000,196.100000,189.900000,177.800000,192.100000,194.100000,195.600000,226.800000,390.000000,262.500000,238.500000,
174,'620,Portugal,44,'0115,Barley,5532,Producer Price (USD/tonne),7021,Annual value,USD,231.300000,237.500000,190.800000,173.000000,190.000000,181.600000,159.100000,131.900000,127.400000,101.900000,114.300000,104.700000,148.000000,160.900000,152.100000,161.000000,243.100000,320.900000,195.700000,185.000000,270.900000,276.900000,267.700000,257.000000,217.500000,210.100000,200.900000,226.900000,217.300000,223.400000,268.200000,410.700000,283.800000,258.000000,
174,'620,Portugal,44,'0115,Barley,5539,Producer Price Index (2014-2016 = 100),7021,Annual value,,86.270000,82.750000,79.180000,74.110000,74.110000,72.300000,71.990000,61.320000,61.890000,57.240000,66.090000,57.600000,67.850000,67.070000,63.290000,66.400000,91.910000,113.390000,72.920000,72.300000,100.860000,111.520000,104.330000,100.240000,101.480000,98.270000,92.010000,99.410000,100.450000,101.220000,117.370000,201.830000,135.850000,123.430000,181.960000
174,'620,Portugal,176,'01701,"Beans, dry",5530,Producer Price (LCU/tonne),7021,Annual value,LCU,130870.000000,162500.000000,150001.000000,177507.000000,129993.000000,179451.400000,147775.300000,151023.100000,125842.600000,128990.000000,134664.000000,708.100000,726.000000,685.600000,685.600000,,,,,,,,,,,,,,,,,,,,
174,'620,Portugal,176,'01701,"Beans, dry",5531,Producer Price (SLC/tonne),7021,Annual value,SLC,652.800000,810.500000,748.200000,885.400000,648.400000,895.100000,737.100000,753.300000,627.700000,643.400000,671.700000,708.100000,726.000000,685.600000,685.600000,,,,,,,,,,,,,,,,,,,,
174,'620,Portugal,176,'01701,"Beans, dry",5532,Producer Price (USD/tonne),7021,Annual value,USD,905.800000,1203.700000,932.800000,1069.400000,860.300000,1163.400000,842.900000,838.500000,668.800000,592.800000,601.100000,666.400000,819.400000,851.300000,852.600000,,,,,,,,,,,,,,,,,,,,
174,'620,Portugal,176,'01701,"Beans, dry",5539,Producer Price Index (2014-2016 = 100),7021,Annual value,,98.280000,122.040000,112.650000,133.310000,97.620000,134.770000,110.980000,113.420000,94.510000,96.870000,101.130000,106.610000,109.310000,103.220000,103.220000,113.650000,106.840000,101.260000,101.570000,101.570000,101.570000,101.570000,103.260000,96.730000,106.130000,97.140000,112.030000,113.050000,104.820000,106.930000,109.230000,103.950000,109.960000,109.650000,110.100000
174,'620,Portugal,552,'01355.01,Blueberries,5530,Producer Price (LCU/tonne),7021,Annual value,LCU,,,,,,,,,,,,,,,,,,,,,,5584.300000,4653.600000,3807.500000,5956.300000,4732.900000,4333.300000,5645.800000,4964.600000,5003.700000,4522.100000,4734.400000,4860.800000,4555.700000,
174,'620,Portugal,552,'01355.01,Blueberries,5531,Producer Price (SLC/tonne),7021,Annual value,SLC,,,,,,,,,,,,,,,,,,,,,,5584.300000,4653.600000,3807.500000,5956.300000,4732.900000,4333.300000,5645.800000,4964.600000,5003.700000,4522.100000,4734.400000,4860.800000,4555.700000,
174,'620,Portugal,552,'01355.01,Blueberries,5532,Producer Price (USD/tonne),7021,Annual value,USD,,,,,,,,,,,,,,,,,,,,,,7175.100000,6178.800000,5051.500000,6605.900000,5235.300000,4895.200000,6667.400000,5557.700000,5715.200000,5348.500000,4985.600000,5255.800000,4928.500000,
174,'620,Portugal,552,'01355.01,Blueberries,5539,Producer Price Index (2014-2016 = 100),7021,Annual value,,,,,,,,,,,,,,,,,,,,,,,115.560000,96.300000,78.790000,123.260000,97.940000,89.670000,116.840000,102.740000,103.550000,93.580000,97.980000,100.590000,94.280000,91.080000
174,'620,Portugal,181,'01702,"Broad beans and horse beans, dry",5530,Producer Price (LCU/tonne),7021,Annual value,LCU,85145.000000,119207.000000,100000.000000,100000.000000,135005.000000,135005.000000,135005.000000,135005.000000,135005.000000,135005.000000,,,,,,,,,,,,,,,,,,,,,,,,,
174,'620,Portugal,181,'01702,"Broad beans and horse beans, dry",5531,Producer Price (SLC/tonne),7021,Annual value,SLC,424.700000,594.600000,498.800000,498.800000,673.400000,673.400000,673.400000,673.400000,673.400000,673.400000,,,,,,,,,,,,,,,,,,,,,,,,,
174,'620,Portugal,181,'01702,"Broad beans and horse beans, dry",5532,Producer Price (USD/tonne),7021,Annual value,USD,589.300000,883.000000,621.900000,602.400000,893.400000,875.300000,770.100000,749.600000,717.500000,620.400000,,,,,,,,,,,,,,,,,,,,,,,,,
174,'620,Portugal,181,'01702,"Broad beans and horse beans, dry",5539,Producer Price Index (2014-2016 = 100),7021,Annual value,,60.180000,84.250000,70.680000,70.680000,95.420000,95.420000,95.420000,95.420000,95.420000,95.420000,98.840000,104.140000,106.840000,103.330000,103.220000,113.650000,106.840000,101.260000,101.570000,101.570000,101.570000,101.570000,103.260000,96.730000,106.130000,97.140000,112.030000,113.050000,107.270000,107.570000,111.110000,97.020000,105.600000,104.240000,102.890000
174,'620,Portugal,420,'01243,"Broad beans and horse beans, green",5530,Producer Price (LCU/tonne),7021,Annual value,LCU,32080.000000,63000.000000,72700.000000,58810.000000,47650.000000,,,,,,,,,,,,,,,,,,,,,,,,,,,,,,
174,'620,Portugal,420,'01243,"Broad beans and horse beans, green",5531,Producer Price (SLC/tonne),7021,Annual value,SLC,160.000000,314.200000,362.600000,293.300000,237.700000,,,,,,,,,,,,,,,,,,,,,,,,,,,,,,
174,'620,Portugal,420,'01243,"Broad beans and horse beans, green",5532,Producer Price (USD/tonne),7021,Annual value,USD,222.000000,466.700000,452.100000,354.300000,315.300000,,,,,,,,,,,,,,,,,,,,,,,,,,,,,,
174,'620,Portugal,420,'01243,"Broad beans and horse beans, green",5539,Producer Price Index (2014-2016 = 100),7021,Annual value,,32.330000,63.500000,73.270000,59.270000,48.030000,109.210000,74.490000,79.830000,88.940000,98.610000,92.200000,94.360000,104.670000,98.850000,98.850000,96.100000,86.000000,97.070000,96.000000,99.210000,84.350000,98.610000,111.480000,95.140000,98.670000,106.180000,100.510000,109.570000,106.910000,96.340000,93.530000,102.480000,94.780000,94.700000,94.610000
174,'620,Portugal,358,'01212,Cabbages,5530,Producer Price (LCU/tonne),7021,Annual value,LCU,33701.000000,35225.000000,38472.000000,37129.000000,35606.000000,34783.600000,37389.900000,40337.000000,37610.400000,29691.000000,55453.000000,240.500000,250.200000,207.800000,296.500000,340.900000,285.300000,320.300000,289.900000,346.500000,291.000000,438.100000,524.400000,415.000000,374.500000,389.600000,370.900000,368.300000,447.900000,371.500000,361.600000,492.900000,648.700000,479.900000,
174,'620,Portugal,358,'01212,Cabbages,5531,Producer Price (SLC/tonne),7021,Annual value,SLC,168.100000,175.700000,191.900000,185.200000,177.600000,173.500000,186.500000,201.200000,187.600000,148.100000,276.600000,240.500000,250.200000,207.800000,296.500000,340.900000,285.300000,320.300000,289.900000,346.500000,291.000000,438.100000,524.400000,415.000000,374.500000,389.600000,370.900000,368.300000,447.900000,371.500000,361.600000,492.900000,648.700000,479.900000,
174,'620,Portugal,358,'01212,Cabbages,5532,Producer Price (USD/tonne),7021,Annual value,USD,233.300000,260.900000,239.300000,223.700000,235.600000,225.500000,213.300000,224.000000,199.900000,136.400000,247.500000,226.300000,282.400000,258.000000,368.700000,427.700000,390.500000,469.200000,402.700000,458.900000,404.500000,562.900000,696.300000,550.600000,415.300000,431.000000,419.000000,434.900000,501.400000,424.300000,427.700000,519.000000,701.400000,519.200000,
174,'620,Portugal,358,'01212,Cabbages,5539,Producer Price Index (2014-2016 = 100),7021,Annual value,,42.770000,44.700000,48.820000,47.120000,45.190000,44.140000,47.450000,51.190000,47.730000,37.680000,70.380000,61.190000,63.660000,52.870000,75.440000,86.740000,72.590000,81.490000,73.760000,88.160000,74.040000,111.470000,133.420000,105.590000,95.280000,99.130000,94.370000,93.710000,113.960000,94.520000,92.000000,125.410000,165.050000,122.100000,125.270000
174,'620,Portugal,568,'01229,Cantaloupes and other melons,5530,Producer Price (LCU/tonne),7021,Annual value,LCU,55473.000000,75562.000000,55052.000000,59744.000000,75321.000000,77686.800000,109783.900000,77606.600000,104511.300000,95469.500000,83300.300000,519.700000,542.000000,467.000000,395.300000,384.800000,276.100000,324.500000,203.700000,395.200000,256.800000,471.400000,561.800000,452.500000,1057.400000,1300.900000,954.000000,1416.100000,1371.800000,1388.900000,559.400000,847.100000,1058.500000,1119.500000,
174,'620,Portugal,568,'01229,Cantaloupes and other melons,5531,Producer Price (SLC/tonne),7021,Annual value,SLC,276.700000,376.900000,274.600000,298.000000,375.700000,387.500000,547.600000,387.100000,521.300000,476.200000,415.500000,519.700000,542.000000,467.000000,395.300000,384.800000,276.100000,324.500000,203.700000,395.200000,256.800000,471.400000,561.800000,452.500000,1057.400000,1300.900000,954.000000,1416.100000,1371.800000,1388.900000,559.400000,847.100000,1058.500000,1119.500000,
174,'620,Portugal,568,'01229,Cantaloupes and other melons,5532,Producer Price (USD/tonne),7021,Annual value,USD,383.900000,559.700000,342.400000,359.900000,498.500000,503.700000,626.200000,430.900000,555.400000,438.700000,371.800000,489.100000,611.700000,579.900000,491.600000,482.700000,377.900000,475.300000,283.000000,523.400000,357.000000,605.700000,745.900000,600.300000,1172.700000,1439.000000,1077.700000,1672.300000,1535.700000,1586.400000,661.600000,892.000000,1144.500000,1211.100000,
174,'620,Portugal,568,'01229,Cantaloupes and other melons,5539,Producer Price Index (2014-2016 = 100),7021,Annual value,,29.530000,40.230000,29.310000,31.810000,40.100000,41.360000,58.450000,41.320000,55.640000,50.830000,44.350000,55.470000,57.850000,49.840000,42.190000,41.070000,29.470000,34.630000,21.740000,42.180000,27.410000,50.310000,59.960000,48.300000,112.860000,138.850000,101.820000,151.140000,146.410000,148.240000,59.710000,90.410000,112.970000,119.490000,127.280000
174,'620,Portugal,426,'01251,Carrots and turnips,5530,Producer Price (LCU/tonne),7021,Annual value,LCU,59864.000000,36929.000000,46251.000000,48396.000000,37871.000000,46110.900000,42281.700000,43544.700000,37289.700000,30553.000000,43604.000000,177.100000,262.700000,186.600000,189.800000,225.300000,204.200000,233.600000,285.600000,217.900000,246.000000,285.600000,305.100000,204.500000,277.300000,219.100000,190.000000,302.600000,253.100000,248.000000,331.200000,397.100000,591.000000,505.000000,
174,'620,Portugal,426,'01251,Carrots and turnips,5531,Producer Price (SLC/tonne),7021,Annual value,SLC,298.600000,184.200000,230.700000,241.400000,188.900000,230.000000,210.900000,217.200000,186.000000,152.400000,217.500000,177.100000,262.700000,186.600000,189.800000,225.300000,204.200000,233.600000,285.600000,217.900000,246.000000,285.600000,305.100000,204.500000,277.300000,219.100000,190.000000,302.600000,253.100000,248.000000,331.200000,397.100000,591.000000,505.000000,
174,'620,Portugal,426,'01251,Carrots and turnips,5532,Producer Price (USD/tonne),7021,Annual value,USD,414.300000,273.600000,287.600000,291.600000,250.600000,298.900000,241.200000,241.800000,198.200000,140.400000,194.600000,166.700000,296.500000,231.700000,236.000000,282.600000,279.500000,342.200000,396.800000,288.600000,342.000000,367.000000,405.100000,271.300000,307.500000,242.400000,214.600000,357.400000,283.300000,283.300000,391.700000,418.200000,639.000000,546.300000,
174,'620,Portugal,426,'01251,Carrots and turnips,5539,Producer Price Index (2014-2016 = 100),7021,Annual value,,127.810000,78.840000,98.740000,103.320000,80.850000,98.440000,90.270000,92.970000,79.610000,65.230000,93.090000,75.800000,112.440000,79.870000,81.240000,96.430000,87.400000,99.990000,122.240000,93.270000,105.290000,122.240000,130.590000,87.530000,118.690000,93.780000,81.320000,129.520000,108.330000,106.150000,141.760000,169.970000,252.960000,216.150000,284.210000
174,'620,Portugal,393,'01213,Cauliflowers and broccoli,5530,Producer Price (LCU/tonne),7021,Annual value,LCU,63693.000000,65598.000000,88372.000000,67582.000000,75000.000000,99519.300000,59863.900000,51042.700000,44346.600000,54230.000000,90277.000000,323.700000,514.200000,467.500000,444.700000,491.000000,546.300000,612.600000,626.500000,743.600000,594.200000,681.800000,724.300000,581.900000,460.000000,586.500000,449.800000,495.100000,622.000000,586.000000,551.100000,556.300000,984.900000,690.600000,
174,'620,Portugal,393,'01213,Cauliflowers and broccoli,5531,Producer Price (SLC/tonne),7021,Annual value,SLC,317.700000,327.200000,440.800000,337.100000,374.100000,496.400000,298.600000,254.600000,221.200000,270.500000,450.300000,323.700000,514.200000,467.500000,444.700000,491.000000,546.300000,612.600000,626.500000,743.600000,594.200000,681.800000,724.300000,581.900000,460.000000,586.500000,449.800000,495.100000,622.000000,586.000000,551.100000,556.300000,984.900000,690.600000,
174,'620,Portugal,393,'01213,Cauliflowers and broccoli,5532,Producer Price (USD/tonne),7021,Annual value,USD,440.800000,485.900000,549.600000,407.100000,496.300000,645.200000,341.500000,283.400000,235.700000,249.200000,403.000000,304.600000,580.300000,580.500000,553.000000,616.000000,747.700000,897.400000,870.300000,984.800000,826.000000,876.000000,961.700000,772.000000,510.200000,648.800000,508.100000,584.700000,696.300000,669.300000,651.800000,585.800000,1064.900000,747.100000,
174,'620,Portugal,393,'01213,Cauliflowers and broccoli,5539,Producer Price Index (2014-2016 = 100),7021,Annual value,,58.530000,60.280000,81.210000,62.100000,68.920000,91.450000,55.010000,46.900000,40.750000,49.830000,82.960000,59.640000,94.730000,86.130000,81.930000,90.460000,100.640000,112.860000,115.420000,136.990000,109.470000,125.610000,133.440000,107.200000,84.750000,108.050000,82.870000,91.210000,114.590000,107.960000,101.530000,102.490000,181.450000,127.230000,124.060000
174,'620,Portugal,531,'01344.02,Cherries,5530,Producer Price (LCU/tonne),7021,Annual value,LCU,223738.000000,166741.000000,247214.000000,244047.000000,264556.000000,281336.400000,185485.900000,291500.800000,185024.800000,305514.500000,310827.300000,1464.100000,2199.200000,2228.000000,1619.100000,1845.300000,2361.600000,1885.700000,1494.900000,2340.500000,1652.500000,1609.100000,2046.500000,1928.600000,1761.300000,2917.400000,1259.100000,1876.300000,1633.200000,2610.400000,2435.800000,3010.600000,3252.000000,4115.100000,
174,'620,Portugal,531,'01344.02,Cherries,5531,Producer Price (SLC/tonne),7021,Annual value,SLC,1116.000000,831.700000,1233.100000,1217.300000,1319.600000,1403.300000,925.200000,1454.000000,922.900000,1523.900000,1550.400000,1464.100000,2199.200000,2228.000000,1619.100000,1845.300000,2361.600000,1885.700000,1494.900000,2340.500000,1652.500000,1609.100000,2046.500000,1928.600000,1761.300000,2917.400000,1259.100000,1876.300000,1633.200000,2610.400000,2435.800000,3010.600000,3252.000000,4115.100000,
174,'620,Portugal,531,'01344.02,Cherries,5532,Producer Price (USD/tonne),7021,Annual value,USD,1548.600000,1235.100000,1537.400000,1470.200000,1750.800000,1824.000000,1058.000000,1618.500000,983.300000,1404.000000,1387.400000,1377.900000,2482.100000,2766.400000,2013.500000,2314.900000,3232.200000,2762.200000,2076.700000,3099.800000,2297.200000,2067.500000,2717.200000,2558.700000,1953.400000,3227.100000,1422.400000,2215.800000,1828.300000,2981.600000,2880.900000,3170.300000,3516.300000,4451.800000,
174,'620,Portugal,531,'01344.02,Cherries,5539,Producer Price Index (2014-2016 = 100),7021,Annual value,,50.670000,37.760000,55.990000,55.270000,59.920000,63.720000,42.010000,66.020000,41.900000,69.190000,70.390000,66.480000,99.850000,101.160000,73.510000,83.780000,107.230000,85.620000,67.870000,106.270000,75.030000,73.060000,92.920000,87.570000,79.970000,132.460000,57.170000,85.190000,74.150000,118.520000,110.600000,136.690000,147.650000,186.840000,216.660000
174,'620,Portugal,220,'01373,"Chestnuts, in shell",5530,Producer Price (LCU/tonne),7021,Annual value,LCU,145650.000000,171452.000000,133601.000000,191741.000000,200422.000000,124579.500000,179872.500000,106736.600000,123336.500000,123337.000000,200001.000000,1054.000000,828.900000,844.500000,1400.300000,1040.200000,1448.400000,1527.400000,1097.500000,1450.000000,1443.200000,1636.100000,1716.000000,2123.700000,1473.900000,1853.600000,2088.500000,2783.500000,2564.800000,1861.800000,1570.100000,2267.900000,1501.200000,2678.600000,
174,'620,Portugal,220,'01373,"Chestnuts, in shell",5531,Producer Price (SLC/tonne),7021,Annual value,SLC,726.500000,855.200000,666.400000,956.400000,999.700000,621.400000,897.200000,532.400000,615.200000,615.200000,997.600000,1054.000000,828.900000,844.500000,1400.300000,1040.200000,1448.400000,1527.400000,1097.500000,1450.000000,1443.200000,1636.100000,1716.000000,2123.700000,1473.900000,1853.600000,2088.500000,2783.500000,2564.800000,1861.800000,1570.100000,2267.900000,1501.200000,2678.600000,
174,'620,Portugal,220,'01373,"Chestnuts, in shell",5532,Producer Price (USD/tonne),7021,Annual value,USD,1008.100000,1270.000000,830.900000,1155.100000,1326.400000,807.700000,1026.000000,592.600000,655.400000,566.800000,892.700000,992.000000,935.500000,1048.600000,1741.400000,1304.900000,1982.400000,2237.400000,1524.600000,1920.400000,2006.200000,2102.200000,2278.400000,2817.600000,1634.700000,2050.400000,2359.300000,3287.200000,2871.200000,2126.500000,1857.000000,2388.200000,1623.200000,2897.800000,
174,'620,Portugal,220,'01373,"Chestnuts, in shell",5539,Producer Price Index (2014-2016 = 100),7021,Annual value,,39.980000,47.060000,36.670000,52.630000,55.020000,34.200000,49.380000,29.300000,33.860000,33.860000,54.900000,58.010000,45.620000,46.480000,77.060000,57.250000,79.710000,84.060000,60.400000,79.800000,79.420000,90.040000,94.440000,116.880000,81.110000,102.010000,114.940000,153.190000,141.150000,102.460000,86.410000,124.810000,82.620000,147.410000,138.500000
174,'620,Portugal,191,'01703,"Chick peas, dry",5530,Producer Price (LCU/tonne),7021,Annual value,LCU,113954.000000,160005.000000,150001.000000,139997.000000,139997.000000,189194.900000,116059.000000,132217.900000,142161.800000,144006.000000,167302.000000,884.500000,884.500000,884.500000,884.500000,,,,,,,,,,,,,,,,,,,,
174,'620,Portugal,191,'01703,"Chick peas, dry",5531,Producer Price (SLC/tonne),7021,Annual value,SLC,568.400000,798.100000,748.200000,698.300000,698.300000,943.700000,578.900000,659.500000,709.100000,718.300000,834.500000,884.500000,884.500000,884.500000,884.500000,,,,,,,,,,,,,,,,,,,,
174,'620,Portugal,191,'01703,"Chick peas, dry",5532,Producer Price (USD/tonne),7021,Annual value,USD,788.700000,1185.200000,932.800000,843.400000,926.500000,1226.600000,662.000000,734.100000,755.500000,661.800000,746.800000,832.400000,998.300000,1098.300000,1100.000000,,,,,,,,,,,,,,,,,,,,
174,'620,Portugal,191,'01703,"Chick peas, dry",5539,Producer Price Index (2014-2016 = 100),7021,Annual value,,66.330000,93.140000,87.320000,81.500000,81.500000,110.130000,67.560000,76.970000,82.760000,83.830000,97.390000,103.230000,103.230000,103.230000,103.230000,113.650000,106.840000,101.260000,101.570000,101.570000,101.570000,101.570000,103.260000,96.730000,106.130000,97.140000,112.030000,113.050000,105.040000,105.050000,108.030000,107.850000,111.790000,110.530000,112.530000
174,'620,Portugal,459,'01691,Chicory roots,5539,Producer Price Index (2014-2016 = 100),7021,Annual value,,67.170000,81.180000,102.070000,84.870000,84.700000,122.770000,132.500000,132.840000,134.680000,146.210000,74.710000,141.920000,126.040000,114.540000,135.390000,75.360000,82.960000,104.230000,94.180000,115.980000,93.310000,119.920000,111.480000,95.140000,98.670000,106.180000,100.510000,109.570000,102.390000,101.810000,95.550000,104.270000,92.650000,93.490000,91.770000
174,'620,Portugal,401,'01231,"Chillies and peppers, green (Capsicum spp. and Pimenta spp.)",5539,Producer Price Index (2014-2016 = 100),7021,Annual value,,42.580000,51.470000,64.700000,53.800000,53.700000,77.830000,84.000000,84.210000,85.380000,92.690000,100.150000,141.740000,126.010000,114.540000,135.390000,75.350000,82.960000,104.230000,94.180000,115.990000,93.310000,119.920000,111.480000,95.140000,98.670000,106.180000,100.510000,109.570000,100.390000,96.780000,88.490000,106.440000,87.570000,87.650000,87.120000
174,'620,Portugal,397,'01232,Cucumbers and gherkins,5530,Producer Price (LCU/tonne),7021,Annual value,LCU,54090.000000,47695.000000,47695.000000,43505.000000,52710.000000,68504.700000,71131.000000,58821.400000,67482.200000,62991.000000,46391.500000,361.900000,590.100000,311.800000,490.800000,366.200000,511.000000,544.000000,308.000000,552.400000,392.700000,430.200000,480.200000,483.800000,524.800000,564.000000,618.400000,653.700000,635.600000,557.700000,704.400000,926.300000,1075.600000,865.400000,
174,'620,Portugal,397,'01232,Cucumbers and gherkins,5531,Producer Price (SLC/tonne),7021,Annual value,SLC,269.800000,237.900000,237.900000,217.000000,262.900000,341.700000,354.800000,293.400000,336.600000,314.200000,231.400000,361.900000,590.100000,311.800000,490.800000,366.200000,511.000000,544.000000,308.000000,552.400000,392.700000,430.200000,480.200000,483.800000,524.800000,564.000000,618.400000,653.700000,635.600000,557.700000,704.400000,926.300000,1075.600000,865.400000,
174,'620,Portugal,397,'01232,Cucumbers and gherkins,5532,Producer Price (USD/tonne),7021,Annual value,USD,374.400000,353.300000,296.600000,262.100000,348.800000,444.100000,405.700000,326.600000,358.600000,289.500000,207.100000,340.600000,666.000000,387.200000,610.400000,459.400000,699.400000,796.900000,427.900000,731.600000,545.900000,552.700000,637.600000,641.900000,582.000000,623.900000,698.600000,772.000000,711.500000,637.000000,833.100000,975.400000,1163.000000,936.200000,
174,'620,Portugal,397,'01232,Cucumbers and gherkins,5539,Producer Price Index (2014-2016 = 100),7021,Annual value,,51.470000,45.380000,45.380000,41.400000,50.160000,65.190000,67.680000,55.970000,64.210000,59.940000,44.140000,69.040000,112.570000,59.480000,93.630000,69.860000,97.480000,103.780000,58.760000,105.380000,74.910000,82.070000,91.610000,92.290000,100.110000,107.590000,117.970000,124.700000,121.250000,106.390000,134.380000,176.710000,205.190000,165.090000,246.320000
174,'620,Portugal,399,'01233,Eggplants (aubergines),5530,Producer Price (LCU/tonne),7021,Annual value,LCU,,,,,,,,,,,,,,,,,,,,,,674.200000,758.300000,906.400000,810.600000,794.000000,897.500000,900.100000,821.100000,898.500000,531.900000,814.000000,882.000000,675.100000,
174,'620,Portugal,399,'01233,Eggplants (aubergines),5531,Producer Price (SLC/tonne),7021,Annual value,SLC,,,,,,,,,,,,,,,,,,,,,,674.200000,758.300000,906.400000,810.600000,794.000000,897.500000,900.100000,821.100000,898.500000,531.900000,814.000000,882.000000,675.100000,
174,'620,Portugal,399,'01233,Eggplants (aubergines),5532,Producer Price (USD/tonne),7021,Annual value,USD,,,,,,,,,,,,,,,,,,,,,,866.300000,1006.800000,1202.600000,899.000000,878.300000,1013.900000,1063.000000,919.200000,1026.300000,629.100000,857.200000,953.700000,730.300000,
174,'620,Portugal,399,'01233,Eggplants (aubergines),5539,Producer Price Index (2014-2016 = 100),7021,Annual value,,17.880000,21.610000,27.170000,22.590000,22.550000,32.680000,35.270000,35.360000,35.850000,38.920000,42.050000,59.520000,52.920000,48.100000,56.850000,31.640000,34.830000,43.760000,39.540000,48.700000,39.180000,80.550000,90.600000,108.290000,96.850000,94.860000,107.230000,107.540000,98.100000,107.350000,63.550000,97.250000,105.380000,80.660000,68.710000
174,'620,Portugal,1091,'0232,"Eggs from other birds in shell, fresh, n.e.c.",5539,Producer Price Index (2014-2016 = 100),7021,Annual value,,46.160000,47.550000,58.090000,48.060000,43.990000,55.710000,50.650000,45.380000,38.430000,51.740000,53.220000,54.390000,56.330000,59.760000,61.500000,63.870000,70.880000,79.580000,83.000000,84.830000,90.680000,95.820000,97.580000,99.240000,100.380000,100.380000,102.980000,105.030000,105.910000,107.090000,110.160000,115.490000,118.570000,120.910000,123.980000
174,'620,Portugal,569,'01315,Figs,5530,Producer Price (LCU/tonne),7021,Annual value,LCU,65830.000000,100000.000000,,,110004.000000,324580.400000,186488.400000,244688.300000,221753.100000,298998.900000,174559.700000,947.600000,1531.000000,1559.100000,1337.500000,1415.600000,1487.100000,1972.600000,1508.700000,1580.400000,1261.500000,1761.100000,1602.700000,1273.100000,1635.000000,2406.200000,2201.300000,3402.300000,2195.700000,2252.300000,2235.700000,3183.600000,3562.800000,3747.900000,
174,'620,Portugal,569,'01315,Figs,5531,Producer Price (SLC/tonne),7021,Annual value,SLC,328.400000,498.800000,,,548.700000,1619.000000,930.200000,1220.500000,1106.100000,1491.400000,870.700000,947.600000,1531.000000,1559.100000,1337.500000,1415.600000,1487.100000,1972.600000,1508.700000,1580.400000,1261.500000,1761.100000,1602.700000,1273.100000,1635.000000,2406.200000,2201.300000,3402.300000,2195.700000,2252.300000,2235.700000,3183.600000,3562.800000,3747.900000,
174,'620,Portugal,569,'01315,Figs,5532,Producer Price (USD/tonne),7021,Annual value,USD,455.600000,740.800000,,,728.000000,2104.300000,1063.700000,1358.600000,1178.500000,1374.100000,779.100000,891.800000,1727.900000,1935.900000,1663.300000,1775.800000,2035.300000,2889.500000,2095.900000,2093.100000,1753.700000,2262.800000,2128.000000,1689.100000,1813.300000,2661.600000,2486.800000,4018.000000,2458.000000,2572.600000,2644.300000,3352.500000,3852.300000,4054.600000,
174,'620,Portugal,569,'01315,Figs,5539,Producer Price Index (2014-2016 = 100),7021,Annual value,,18.540000,28.160000,40.660000,36.120000,30.970000,91.390000,52.510000,68.900000,62.440000,84.190000,49.150000,53.490000,86.430000,88.010000,75.500000,79.910000,83.950000,111.360000,85.170000,89.220000,71.210000,99.420000,90.470000,71.870000,92.300000,135.830000,124.270000,192.060000,123.950000,127.150000,126.210000,179.720000,201.130000,211.570000,226.920000
174,'620,Portugal,1163,'21170.02,"Game meat, fresh, chilled or frozen",5539,Producer Price Index (2014-2016 = 100),7021,Annual value,,85.480000,87.620000,87.620000,126.570000,59.000000,66.360000,65.320000,62.460000,58.770000,61.040000,64.710000,77.100000,81.830000,80.540000,79.000000,76.210000,90.250000,89.890000,90.000000,89.460000,98.010000,98.510000,101.850000,99.780000,101.370000,98.850000,101.010000,101.620000,105.660000,102.410000,103.390000,128.840000,112.690000,120.220000,124.490000
174,'620,Portugal,560,'01330,Grapes,5530,Producer Price (LCU/tonne),7021,Annual value,LCU,101584.000000,85465.000000,101985.000000,106135.000000,97755.000000,108941.900000,112189.700000,172274.200000,130132.900000,155734.400000,149499.400000,629.800000,782.700000,910.000000,859.200000,970.300000,1027.300000,1254.800000,1210.200000,1159.500000,1203.900000,1314.000000,1311.600000,1229.800000,537.000000,601.900000,586.900000,694.100000,664.800000,718.200000,879.200000,1075.800000,965.100000,892.200000,
174,'620,Portugal,560,'01330,Grapes,5531,Producer Price (SLC/tonne),7021,Annual value,SLC,506.700000,426.300000,508.700000,529.400000,487.600000,543.400000,559.600000,859.300000,649.100000,776.800000,745.700000,629.800000,782.700000,910.000000,859.200000,970.300000,1027.300000,1254.800000,1210.200000,1159.500000,1203.900000,1314.000000,1311.600000,1229.800000,537.000000,601.900000,586.900000,694.100000,664.800000,718.200000,879.200000,1075.800000,965.100000,892.200000,
174,'620,Portugal,560,'01330,Grapes,5532,Producer Price (USD/tonne),7021,Annual value,USD,703.100000,633.100000,634.200000,639.400000,646.900000,706.300000,639.900000,956.500000,691.600000,715.700000,667.300000,592.700000,883.400000,1129.900000,1068.500000,1217.200000,1406.000000,1838.100000,1681.200000,1535.700000,1673.600000,1688.300000,1741.500000,1631.600000,595.600000,665.800000,663.000000,819.700000,744.200000,820.300000,1039.900000,1132.900000,1043.500000,965.200000,
174,'620,Portugal,560,'01330,Grapes,5539,Producer Price Index (2014-2016 = 100),7021,Annual value,,64.170000,53.990000,64.430000,67.050000,61.760000,68.820000,70.870000,108.830000,82.210000,98.380000,94.440000,79.770000,99.130000,115.250000,108.820000,122.890000,130.110000,158.920000,153.270000,146.850000,152.480000,166.420000,166.120000,155.760000,68.010000,76.230000,74.330000,87.910000,84.200000,90.960000,111.350000,136.250000,122.230000,113.000000,104.930000
174,'620,Portugal,406,'01252,Green garlic,5530,Producer Price (LCU/tonne),7021,Annual value,LCU,,,,,,,,,,,,,,,,,1356.000000,1369.000000,,,,1938.500000,2001.200000,1616.700000,1824.400000,2333.900000,2161.300000,1934.900000,1899.600000,2064.500000,2305.900000,2307.900000,2304.000000,2310.400000,
174,'620,Portugal,406,'01252,Green garlic,5531,Producer Price (SLC/tonne),7021,Annual value,SLC,,,,,,,,,,,,,,,,,1356.000000,1369.000000,,,,1938.500000,2001.200000,1616.700000,1824.400000,2333.900000,2161.300000,1934.900000,1899.600000,2064.500000,2305.900000,2307.900000,2304.000000,2310.400000,
174,'620,Portugal,406,'01252,Green garlic,5532,Producer Price (USD/tonne),7021,Annual value,USD,,,,,,,,,,,,,,,,,1855.900000,2005.300000,,,,2490.700000,2657.100000,2144.900000,2023.400000,2581.600000,2441.600000,2285.000000,2126.600000,2358.100000,2727.300000,2430.300000,2491.200000,2499.400000,
174,'620,Portugal,406,'01252,Green garlic,5539,Producer Price Index (2014-2016 = 100),7021,Annual value,,77.730000,78.300000,96.450000,142.280000,105.050000,75.990000,111.550000,157.010000,72.940000,67.670000,181.120000,156.210000,97.350000,90.580000,80.660000,84.770000,70.440000,71.120000,68.030000,81.350000,67.310000,100.700000,103.960000,83.980000,94.770000,121.240000,112.280000,100.510000,98.680000,107.250000,119.790000,119.890000,119.690000,120.020000,120.350000
174,'620,Portugal,242,'0142,"Groundnuts, excluding shelled",5539,Producer Price Index (2014-2016 = 100),7021,Annual value,,129.690000,30.880000,55.600000,79.050000,64.240000,56.560000,54.480000,65.430000,51.880000,46.310000,65.480000,64.390000,50.770000,52.010000,45.370000,53.240000,80.360000,121.420000,61.910000,70.210000,79.250000,128.780000,90.840000,105.400000,89.620000,104.980000,108.200000,135.650000,125.100000,121.350000,124.990000,194.450000,172.580000,194.760000,216.930000
174,'620,Portugal,225,'01374,"Hazelnuts, in shell",5530,Producer Price (LCU/tonne),7021,Annual value,LCU,182719.000000,136368.000000,136969.000000,200720.000000,204100.000000,205975.200000,210305.600000,196532.500000,200000.800000,200001.000000,200001.000000,1005.000000,935.400000,1250.000000,1580.000000,1285.200000,1568.700000,1258.300000,1423.500000,1348.100000,1550.000000,1550.000000,1650.000000,1800.000000,1825.000000,1750.000000,1850.000000,2200.000000,2500.000000,2000.000000,1900.000000,2200.000000,2000.000000,2345.000000,
174,'620,Portugal,225,'01374,"Hazelnuts, in shell",5531,Producer Price (SLC/tonne),7021,Annual value,SLC,911.400000,680.200000,683.200000,1001.200000,1018.000000,1027.400000,1049.000000,980.300000,997.600000,997.600000,997.600000,1005.000000,935.400000,1250.000000,1580.000000,1285.200000,1568.700000,1258.300000,1423.500000,1348.100000,1550.000000,1550.000000,1650.000000,1800.000000,1825.000000,1750.000000,1850.000000,2200.000000,2500.000000,2000.000000,1900.000000,2200.000000,2000.000000,2345.000000,
174,'620,Portugal,225,'01374,"Hazelnuts, in shell",5532,Producer Price (USD/tonne),7021,Annual value,USD,1264.600000,1010.100000,851.800000,1209.200000,1350.700000,1335.400000,1199.600000,1091.200000,1062.900000,919.100000,892.700000,945.800000,1055.700000,1552.100000,1964.900000,1612.300000,2147.000000,1843.200000,1977.500000,1785.500000,2154.700000,1991.500000,2190.800000,2388.100000,2024.000000,1935.800000,2089.900000,2598.100000,2798.700000,2284.400000,2247.200000,2316.700000,2162.500000,2536.900000,
174,'620,Portugal,225,'01374,"Hazelnuts, in shell",5539,Producer Price Index (2014-2016 = 100),7021,Annual value,,50.870000,37.960000,38.130000,55.880000,56.820000,57.340000,58.550000,54.710000,55.680000,55.680000,55.680000,56.090000,52.210000,69.770000,88.190000,71.730000,87.560000,70.230000,79.450000,75.240000,86.510000,86.510000,92.090000,100.470000,101.860000,97.670000,103.260000,122.790000,139.530000,111.630000,106.050000,122.790000,111.630000,130.880000,133.190000
174,'620,Portugal,1062,'0231,"Hen eggs in shell, fresh",5530,Producer Price (LCU/tonne),7021,Annual value,LCU,169450.000000,174540.000000,213240.000000,176424.000000,161479.000000,204491.600000,185901.500000,166582.300000,141066.400000,189911.100000,177882.200000,901.800000,1058.200000,794.500000,749.100000,885.500000,1221.800000,1221.800000,1309.100000,1205.500000,1205.500000,1616.100000,1114.500000,1154.800000,1243.500000,1051.600000,1325.800000,1309.700000,1225.800000,1180.600000,1412.900000,2106.400000,2614.500000,2391.900000,
174,'620,Portugal,1062,'0231,"Hen eggs in shell, fresh",5531,Producer Price (SLC/tonne),7021,Annual value,SLC,845.200000,870.600000,1063.600000,880.000000,805.500000,1020.000000,927.300000,830.900000,703.600000,947.300000,887.300000,901.800000,1058.200000,794.500000,749.100000,885.500000,1221.800000,1221.800000,1309.100000,1205.500000,1205.500000,1616.100000,1114.500000,1154.800000,1243.500000,1051.600000,1325.800000,1309.700000,1225.800000,1180.600000,1412.900000,2106.400000,2614.500000,2391.900000,
174,'620,Portugal,1062,'0231,"Hen eggs in shell, fresh",5532,Producer Price (USD/tonne),7021,Annual value,USD,1172.800000,1292.900000,1326.100000,1062.800000,1068.700000,1325.800000,1060.400000,924.900000,749.700000,872.700000,794.000000,848.700000,1194.300000,986.500000,931.600000,1110.800000,1672.300000,1789.800000,1818.600000,1596.500000,1675.700000,2076.500000,1479.800000,1532.200000,1379.200000,1163.200000,1497.700000,1546.700000,1372.300000,1348.500000,1671.100000,2218.100000,2827.000000,2587.600000,
174,'620,Portugal,1062,'0231,"Hen eggs in shell, fresh",5539,Producer Price Index (2014-2016 = 100),7021,Annual value,,73.500000,75.700000,92.490000,76.520000,70.040000,88.700000,80.630000,72.250000,61.190000,82.370000,77.150000,78.420000,92.020000,69.090000,65.140000,77.000000,106.250000,106.250000,113.830000,104.820000,104.820000,140.530000,96.910000,100.420000,108.130000,91.440000,115.290000,113.880000,106.590000,102.660000,122.860000,183.170000,227.350000,207.990000,236.010000
174,'620,Portugal,677,'01659,Hop cones,5530,Producer Price (LCU/tonne),7021,Annual value,LCU,,713335.000000,511289.000000,510487.000000,524361.000000,458261.800000,524360.700000,360005.500000,389997.600000,400001.700000,600002.500000,2900.000000,3000.000000,2500.000000,3000.000000,3000.000000,4000.000000,5000.000000,5000.000000,5000.000000,5000.000000,5000.000000,4200.000000,4400.000000,4300.000000,4300.000000,4000.000000,4200.000000,4200.000000,4200.000000,4200.000000,4200.000000,4500.000000,4500.000000,
174,'620,Portugal,677,'01659,Hop cones,5531,Producer Price (SLC/tonne),7021,Annual value,SLC,,3558.100000,2550.300000,2546.300000,2615.500000,2285.800000,2615.500000,1795.700000,1945.300000,1995.200000,2992.800000,2900.000000,3000.000000,2500.000000,3000.000000,3000.000000,4000.000000,5000.000000,5000.000000,5000.000000,5000.000000,5000.000000,4200.000000,4400.000000,4300.000000,4300.000000,4000.000000,4200.000000,4200.000000,4200.000000,4200.000000,4200.000000,4500.000000,4500.000000,
174,'620,Portugal,677,'01659,Hop cones,5532,Producer Price (USD/tonne),7021,Annual value,USD,,5284.000000,3179.700000,3075.400000,3470.200000,2971.000000,2991.000000,1998.900000,2072.600000,1838.200000,2678.100000,2729.300000,3385.900000,3104.200000,3730.800000,3763.500000,5474.700000,7324.100000,6946.000000,6622.100000,6950.700000,6424.300000,5576.500000,5837.600000,4769.000000,4756.500000,4518.700000,4960.000000,4701.800000,4797.200000,4967.500000,4422.800000,4865.700000,4868.200000,
174,'620,Portugal,677,'01659,Hop cones,5539,Producer Price Index (2014-2016 = 100),7021,Annual value,,50.390000,82.110000,58.850000,58.760000,60.360000,52.750000,60.360000,41.440000,44.890000,46.040000,69.060000,66.920000,69.230000,57.690000,69.230000,69.230000,92.310000,115.380000,115.380000,115.380000,115.380000,115.380000,96.920000,101.540000,99.230000,99.230000,92.310000,96.920000,96.920000,96.920000,96.920000,96.920000,103.850000,103.850000,106.320000
174,'620,Portugal,1097,'21118.01,"Horse meat, fresh or chilled",5530,Producer Price (LCU/tonne),7021,Annual value,LCU,,,,,,,,,,,,,3613.900000,,,,,,,,,,,,,,,,,,,,,,
174,'620,Portugal,1097,'21118.01,"Horse meat, fresh or chilled",5531,Producer Price (SLC/tonne),7021,Annual value,SLC,,,,,,,,,,,,,3613.900000,,,,,,,,,,,,,,,,,,,,,,
174,'620,Portugal,1097,'21118.01,"Horse meat, fresh or chilled",5532,Producer Price (USD/tonne),7021,Annual value,USD,,,,,,,,,,,,,4078.700000,,,,,,,,,,,,,,,,,,,,,,
174,'620,Portugal,1097,'21118.01,"Horse meat, fresh or chilled",5539,Producer Price Index (2014-2016 = 100),7021,Annual value,,58.660000,58.520000,59.860000,68.590000,69.030000,77.150000,77.430000,73.050000,68.750000,71.310000,76.260000,90.860000,73.270000,95.960000,95.350000,96.050000,102.660000,99.620000,100.110000,102.460000,104.400000,104.940000,107.800000,104.440000,98.670000,96.890000,108.430000,113.660000,120.370000,116.270000,118.720000,140.440000,124.210000,138.010000,138.860000
174,'620,Portugal,1121,'21118.01b,"Horse meat, fresh or chilled (biological)",5530,Producer Price (LCU/tonne),7021,Annual value,LCU,,,,,,,,,,,,,1806.900000,,,,,,,,,,,,,,,,,,,,,,
174,'620,Portugal,1121,'21118.01b,"Horse meat, fresh or chilled (biological)",5531,Producer Price (SLC/tonne),7021,Annual value,SLC,,,,,,,,,,,,,1806.900000,,,,,,,,,,,,,,,,,,,,,,
174,'620,Portugal,1121,'21118.01b,"Horse meat, fresh or chilled (biological)",5532,Producer Price (USD/tonne),7021,Annual value,USD,,,,,,,,,,,,,2039.400000,,,,,,,,,,,,,,,,,,,,,,
174,'620,Portugal,1121,'21118.01b,"Horse meat, fresh or chilled (biological)",5539,Producer Price Index (2014-2016 = 100),7021,Annual value,,58.660000,58.520000,59.860000,68.590000,69.030000,77.150000,77.430000,73.050000,68.750000,71.310000,76.260000,90.860000,73.270000,95.960000,95.350000,96.050000,102.660000,99.620000,100.110000,102.460000,104.400000,104.940000,107.800000,104.440000,98.670000,96.890000,108.430000,113.660000,120.370000,116.270000,118.720000,140.440000,124.210000,138.010000,138.860000
174,'620,Portugal,592,'01352,Kiwi fruit,5530,Producer Price (LCU/tonne),7021,Annual value,LCU,,,,,,177186.000000,163372.800000,205253.500000,187149.900000,161468.200000,173256.500000,1228.400000,1350.000000,1068.100000,841.000000,880.000000,866.700000,,,,,935.900000,1048.500000,1220.200000,1286.600000,997.700000,1182.400000,1401.500000,1196.400000,1343.800000,1737.700000,1592.500000,1754.200000,2072.500000,
174,'620,Portugal,592,'01352,Kiwi fruit,5531,Producer Price (SLC/tonne),7021,Annual value,SLC,,,,,,883.800000,814.900000,1023.800000,933.500000,805.400000,864.200000,1228.400000,1350.000000,1068.100000,841.000000,880.000000,866.700000,,,,,935.900000,1048.500000,1220.200000,1286.600000,997.700000,1182.400000,1401.500000,1196.400000,1343.800000,1737.700000,1592.500000,1754.200000,2072.500000,
174,'620,Portugal,592,'01352,Kiwi fruit,5532,Producer Price (USD/tonne),7021,Annual value,USD,,,,,,1148.700000,931.900000,1139.600000,994.600000,742.000000,773.300000,1156.100000,1523.600000,1326.200000,1045.900000,1103.900000,1186.200000,,,,,1202.500000,1392.100000,1618.900000,1426.900000,1103.600000,1335.700000,1655.100000,1339.300000,1534.900000,2055.200000,1677.000000,1896.800000,2242.100000,
174,'620,Portugal,592,'01352,Kiwi fruit,5539,Producer Price Index (2014-2016 = 100),7021,Annual value,,97.230000,95.050000,80.720000,86.210000,95.140000,75.660000,69.760000,87.640000,79.910000,68.950000,73.980000,105.160000,115.570000,91.430000,71.990000,75.330000,74.190000,78.300000,68.900000,75.120000,73.400000,80.120000,89.760000,104.450000,110.140000,85.410000,101.220000,119.970000,102.420000,115.030000,148.750000,136.320000,150.170000,177.410000,198.730000
174,'620,Portugal,407,'01254,Leeks and other alliaceous vegetables,5530,Producer Price (LCU/tonne),7021,Annual value,LCU,,,,,,,,,,,,,,,,,,,,,,373.600000,468.000000,348.900000,478.200000,537.700000,519.400000,565.400000,726.600000,673.000000,570.500000,619.700000,861.900000,885.800000,
174,'620,Portugal,407,'01254,Leeks and other alliaceous vegetables,5531,Producer Price (SLC/tonne),7021,Annual value,SLC,,,,,,,,,,,,,,,,,,,,,,373.600000,468.000000,348.900000,478.200000,537.700000,519.400000,565.400000,726.600000,673.000000,570.500000,619.700000,861.900000,885.800000,
174,'620,Portugal,407,'01254,Leeks and other alliaceous vegetables,5532,Producer Price (USD/tonne),7021,Annual value,USD,,,,,,,,,,,,,,,,,,,,,,480.000000,621.400000,462.900000,530.400000,594.800000,586.800000,667.700000,813.400000,768.700000,674.800000,652.600000,931.900000,958.300000,
174,'620,Portugal,407,'01254,Leeks and other alliaceous vegetables,5539,Producer Price Index (2014-2016 = 100),7021,Annual value,,,,,,,,,,,,,,,,,,,,,,,82.120000,102.870000,76.690000,105.110000,118.190000,114.170000,124.280000,159.720000,147.930000,125.400000,136.220000,189.460000,194.710000,210.240000
174,'620,Portugal,497,'01322,Lemons and limes,5530,Producer Price (LCU/tonne),7021,Annual value,LCU,55193.000000,54651.000000,49018.000000,96111.000000,54351.000000,71892.800000,74138.200000,60846.300000,89214.500000,69206.400000,90016.400000,324.100000,472.200000,408.400000,464.700000,324.100000,370.600000,430.200000,420.200000,463.800000,361.100000,471.300000,550.900000,576.000000,554.800000,724.900000,846.800000,813.700000,738.600000,667.400000,782.000000,777.800000,862.300000,801.400000,
174,'620,Portugal,497,'01322,Lemons and limes,5531,Producer Price (SLC/tonne),7021,Annual value,SLC,275.300000,272.600000,244.500000,479.400000,271.100000,358.600000,369.800000,303.500000,445.000000,345.200000,449.000000,324.100000,472.200000,408.400000,464.700000,324.100000,370.600000,430.200000,420.200000,463.800000,361.100000,471.300000,550.900000,576.000000,554.800000,724.900000,846.800000,813.700000,738.600000,667.400000,782.000000,777.800000,862.300000,801.400000,
174,'620,Portugal,497,'01322,Lemons and limes,5532,Producer Price (USD/tonne),7021,Annual value,USD,382.000000,404.800000,304.800000,579.000000,359.700000,466.100000,422.900000,337.800000,474.100000,318.000000,401.800000,305.000000,532.900000,507.100000,577.900000,406.600000,507.200000,630.200000,583.700000,614.300000,502.000000,605.600000,731.500000,764.200000,615.300000,801.800000,956.600000,960.900000,826.800000,762.300000,924.900000,819.100000,932.400000,867.000000,
174,'620,Portugal,497,'01322,Lemons and limes,5539,Producer Price Index (2014-2016 = 100),7021,Annual value,,44.510000,44.070000,39.530000,77.500000,43.830000,57.970000,59.780000,49.070000,71.940000,55.810000,72.590000,52.400000,76.340000,66.020000,75.130000,52.400000,59.910000,69.550000,67.930000,74.980000,58.380000,76.190000,89.060000,93.120000,89.690000,117.190000,136.900000,131.550000,119.410000,107.890000,126.420000,125.740000,139.400000,129.560000,130.980000
174,'620,Portugal,372,'01214,Lettuce and chicory,5530,Producer Price (LCU/tonne),7021,Annual value,LCU,128569.000000,104571.000000,103709.000000,95049.000000,116179.000000,101524.100000,111427.900000,95228.900000,88051.700000,74359.000000,77346.000000,487.000000,476.200000,434.700000,479.100000,519.700000,371.900000,475.900000,429.600000,392.700000,368.300000,444.100000,562.500000,455.900000,452.700000,581.200000,424.200000,606.800000,526.600000,524.700000,590.500000,875.800000,727.300000,684.700000,
174,'620,Portugal,372,'01214,Lettuce and chicory,5531,Producer Price (SLC/tonne),7021,Annual value,SLC,641.300000,521.600000,517.300000,474.100000,579.500000,506.400000,555.800000,475.000000,439.200000,370.900000,385.800000,487.000000,476.200000,434.700000,479.100000,519.700000,371.900000,475.900000,429.600000,392.700000,368.300000,444.100000,562.500000,455.900000,452.700000,581.200000,424.200000,606.800000,526.600000,524.700000,590.500000,875.800000,727.300000,684.700000,
174,'620,Portugal,372,'01214,Lettuce and chicory,5532,Producer Price (USD/tonne),7021,Annual value,USD,889.900000,774.600000,645.000000,572.600000,768.900000,658.200000,635.600000,528.700000,467.900000,341.700000,345.200000,458.300000,537.500000,539.800000,595.800000,652.000000,509.000000,697.100000,596.800000,520.100000,512.000000,570.600000,746.900000,604.900000,502.100000,642.900000,479.200000,716.600000,589.500000,599.300000,698.400000,922.300000,786.400000,740.700000,
174,'620,Portugal,372,'01214,Lettuce and chicory,5539,Producer Price Index (2014-2016 = 100),7021,Annual value,,129.140000,105.030000,104.170000,95.470000,116.690000,101.970000,111.920000,95.650000,88.440000,74.690000,77.690000,98.070000,95.890000,87.540000,96.480000,104.650000,74.890000,95.830000,86.510000,79.080000,74.160000,89.430000,113.270000,91.800000,91.160000,117.040000,85.420000,122.190000,106.040000,105.660000,118.910000,176.360000,146.460000,137.880000,171.910000
174,'620,Portugal,461,'01356,Locust beans (carobs),5530,Producer Price (LCU/tonne),7021,Annual value,LCU,44246.000000,48837.000000,46973.000000,57398.000000,115818.000000,65557.600000,54671.400000,47113.300000,47213.500000,47213.500000,54591.200000,268.900000,288.700000,378.700000,513.800000,467.500000,430.900000,,,,,302.500000,328.100000,332.500000,326.200000,349.100000,382.800000,611.600000,599.000000,681.300000,1335.000000,2506.000000,909.200000,601.700000,
174,'620,Portugal,461,'01356,Locust beans (carobs),5531,Producer Price (SLC/tonne),7021,Annual value,SLC,220.700000,243.600000,234.300000,286.300000,577.700000,327.000000,272.700000,235.000000,235.500000,235.500000,272.300000,268.900000,288.700000,378.700000,513.800000,467.500000,430.900000,,,,,302.500000,328.100000,332.500000,326.200000,349.100000,382.800000,611.600000,599.000000,681.300000,1335.000000,2506.000000,909.200000,601.700000,
174,'620,Portugal,461,'01356,Locust beans (carobs),5532,Producer Price (USD/tonne),7021,Annual value,USD,306.200000,361.800000,292.100000,345.800000,766.500000,425.000000,311.900000,261.600000,250.900000,217.000000,243.700000,253.100000,325.800000,470.200000,639.000000,586.500000,589.800000,,,,,388.700000,435.600000,441.100000,361.800000,386.200000,432.400000,722.300000,670.600000,778.200000,1579.000000,2638.900000,983.100000,650.900000,
174,'620,Portugal,461,'01356,Locust beans (carobs),5539,Producer Price Index (2014-2016 = 100),7021,Annual value,,65.700000,72.510000,69.750000,85.230000,171.970000,97.340000,81.180000,69.950000,70.100000,70.100000,81.060000,80.050000,85.940000,112.730000,152.950000,139.160000,128.270000,136.590000,130.670000,156.250000,129.280000,90.050000,97.670000,98.980000,97.100000,103.920000,113.950000,182.060000,178.310000,202.810000,397.400000,745.980000,270.650000,179.110000,241.640000
174,'620,Portugal,210,'01709.02,Lupins,5539,Producer Price Index (2014-2016 = 100),7021,Annual value,,68.760000,96.550000,90.510000,84.470000,84.470000,84.470000,84.470000,84.470000,84.470000,84.470000,100.950000,106.840000,106.840000,103.330000,103.220000,113.650000,106.840000,101.260000,101.570000,101.570000,101.570000,101.570000,103.260000,96.730000,106.130000,97.140000,112.030000,113.050000,104.730000,106.250000,105.910000,117.060000,115.030000,113.280000,113.160000
174,'620,Portugal,56,'0112,Maize (corn),5530,Producer Price (LCU/tonne),7021,Annual value,LCU,35170.000000,33721.000000,32278.000000,29631.000000,29631.000000,30312.900000,30312.900000,26503.700000,27245.500000,28207.800000,27506.000000,132.900000,157.900000,137.800000,142.200000,161.800000,218.400000,153.800000,138.900000,205.100000,206.300000,238.100000,166.500000,167.800000,172.100000,167.400000,166.500000,173.200000,168.400000,174.300000,240.100000,333.000000,235.100000,220.500000,
174,'620,Portugal,56,'0112,Maize (corn),5531,Producer Price (SLC/tonne),7021,Annual value,SLC,175.400000,168.200000,161.000000,147.800000,147.800000,151.200000,151.200000,132.200000,135.900000,140.700000,137.200000,132.900000,157.900000,137.800000,142.200000,161.800000,218.400000,153.800000,138.900000,205.100000,206.300000,238.100000,166.500000,167.800000,172.100000,167.400000,166.500000,173.200000,168.400000,174.300000,240.100000,333.000000,235.100000,220.500000,
174,'620,Portugal,56,'0112,Maize (corn),5532,Producer Price (USD/tonne),7021,Annual value,USD,243.400000,249.800000,200.700000,178.500000,196.100000,196.500000,172.900000,147.200000,144.800000,129.600000,122.800000,125.100000,178.200000,171.100000,176.800000,203.000000,298.900000,225.300000,193.000000,271.600000,286.800000,305.900000,221.100000,222.600000,190.900000,185.200000,188.100000,204.500000,188.500000,199.100000,284.000000,350.700000,254.200000,238.500000,
174,'620,Portugal,56,'0112,Maize (corn),5539,Producer Price Index (2014-2016 = 100),7021,Annual value,,103.740000,99.470000,95.210000,87.400000,87.400000,89.410000,89.410000,78.180000,80.370000,83.210000,81.140000,78.590000,93.380000,81.490000,84.090000,95.680000,129.150000,90.950000,82.140000,121.290000,122.000000,140.800000,98.460000,99.230000,101.770000,98.990000,98.460000,102.420000,99.590000,103.080000,141.990000,196.920000,139.030000,130.400000,133.480000
174,'620,Portugal,867,'21111.01,"Meat of cattle with the bone, fresh or chilled",5539,Producer Price Index (2014-2016 = 100),7021,Annual value,,58.660000,58.520000,59.860000,68.590000,69.030000,77.150000,77.430000,73.050000,68.750000,71.310000,76.260000,90.860000,96.440000,95.960000,95.350000,96.050000,102.660000,99.620000,100.110000,102.460000,104.400000,104.940000,107.800000,104.440000,98.670000,96.890000,108.430000,113.660000,120.370000,116.270000,118.720000,140.440000,132.720000,142.920000,149.470000
174,'620,Portugal,945,'21111.01b,"Meat of cattle with the bone, fresh or chilled (biological)",5530,Producer Price (LCU/tonne),7021,Annual value,LCU,453950.000000,452910.000000,463254.000000,530816.000000,534244.000000,471232.900000,461549.700000,485547.400000,499180.100000,517083.200000,508582.700000,3226.000000,3264.400000,3153.100000,2965.700000,2509.000000,3053.400000,2691.400000,2567.400000,2664.300000,2694.600000,2026.600000,2095.300000,2158.000000,2130.200000,2106.100000,2152.100000,2262.800000,2257.300000,2179.000000,2199.200000,2301.500000,2382.300000,2439.600000,
174,'620,Portugal,945,'21111.01b,"Meat of cattle with the bone, fresh or chilled (biological)",5531,Producer Price (SLC/tonne),7021,Annual value,SLC,2264.300000,2259.100000,2310.700000,2647.700000,2664.800000,2350.500000,2302.200000,2421.900000,2489.900000,2579.200000,2536.800000,3226.000000,3264.400000,3153.100000,2965.700000,2509.000000,3053.400000,2691.400000,2567.400000,2664.300000,2694.600000,2026.600000,2095.300000,2158.000000,2130.200000,2106.100000,2152.100000,2262.800000,2257.300000,2179.000000,2199.200000,2301.500000,2382.300000,2439.600000,
174,'620,Portugal,945,'21111.01b,"Meat of cattle with the bone, fresh or chilled (biological)",5532,Producer Price (USD/tonne),7021,Annual value,USD,3141.900000,3354.900000,2880.900000,3197.800000,3535.600000,3055.100000,2632.700000,2695.900000,2652.800000,2376.300000,2270.100000,3036.100000,3684.300000,3915.100000,3688.100000,3147.500000,4179.100000,3942.400000,3566.600000,3528.700000,3745.900000,2603.900000,2782.000000,2863.100000,2362.500000,2329.700000,2431.200000,2672.300000,2527.000000,2488.800000,2601.100000,2423.600000,2575.900000,2639.200000,
174,'620,Portugal,945,'21111.01b,"Meat of cattle with the bone, fresh or chilled (biological)",5539,Producer Price Index (2014-2016 = 100),7021,Annual value,,106.230000,105.990000,108.410000,124.220000,125.020000,110.280000,108.010000,113.630000,116.820000,121.010000,119.020000,151.350000,153.160000,147.930000,139.140000,117.710000,143.260000,126.270000,120.450000,125.000000,126.420000,95.080000,98.300000,101.250000,99.940000,98.810000,100.970000,106.160000,105.910000,102.230000,103.180000,107.980000,111.770000,114.460000,117.500000
174,'620,Portugal,1058,'21121,"Meat of chickens, fresh or chilled",5530,Producer Price (LCU/tonne),7021,Annual value,LCU,215440.000000,200200.000000,217270.000000,190670.000000,201950.000000,,,,,,,,,,,917.700000,,,,,,,,,,,,,,,,,,,
174,'620,Portugal,1058,'21121,"Meat of chickens, fresh or chilled",5531,Producer Price (SLC/tonne),7021,Annual value,SLC,1074.600000,998.600000,1083.700000,951.100000,1007.300000,,,,,,,,,,,917.700000,,,,,,,,,,,,,,,,,,,
174,'620,Portugal,1058,'21121,"Meat of chickens, fresh or chilled",5532,Producer Price (USD/tonne),7021,Annual value,USD,1491.100000,1483.000000,1351.200000,1148.700000,1336.500000,,,,,,,,,,,1151.200000,,,,,,,,,,,,,,,,,,,
174,'620,Portugal,1058,'21121,"Meat of chickens, fresh or chilled",5539,Producer Price Index (2014-2016 = 100),7021,Annual value,,63.870000,59.350000,64.410000,56.530000,59.870000,88.010000,78.170000,76.320000,68.390000,84.760000,82.060000,75.690000,85.970000,83.220000,78.680000,54.540000,90.530000,92.860000,88.260000,84.670000,94.890000,93.650000,103.580000,101.470000,103.120000,95.410000,95.820000,95.670000,96.760000,94.640000,95.390000,122.650000,95.210000,104.060000,102.880000
174,'620,Portugal,1095,'21121b,"Meat of chickens, fresh or chilled (biological)",5530,Producer Price (LCU/tonne),7021,Annual value,LCU,165718.000000,153990.000000,167122.000000,146673.000000,152647.000000,171692.800000,163833.900000,156656.600000,132839.400000,164635.800000,159383.200000,733.300000,832.900000,806.300000,762.300000,886.400000,578.900000,545.200000,548.100000,432.400000,526.300000,541.000000,477.900000,534.700000,948.100000,854.300000,858.000000,845.700000,855.300000,840.000000,924.800000,1190.300000,1262.400000,1227.300000,
174,'620,Portugal,1095,'21121b,"Meat of chickens, fresh or chilled (biological)",5531,Producer Price (SLC/tonne),7021,Annual value,SLC,826.600000,768.100000,833.600000,731.600000,761.400000,856.400000,817.200000,781.400000,662.600000,821.200000,795.000000,733.300000,832.900000,806.300000,762.300000,886.400000,578.900000,545.200000,548.100000,432.400000,526.300000,541.000000,477.900000,534.700000,948.100000,854.300000,858.000000,845.700000,855.300000,840.000000,924.800000,1190.300000,1262.400000,1227.300000,
174,'620,Portugal,1095,'21121b,"Meat of chickens, fresh or chilled (biological)",5532,Producer Price (USD/tonne),7021,Annual value,USD,1147.000000,1140.700000,1039.300000,883.600000,1010.200000,1113.100000,934.500000,869.800000,705.900000,756.600000,711.400000,690.100000,940.000000,1001.200000,948.000000,1112.000000,792.300000,798.600000,761.400000,572.700000,731.600000,695.100000,634.500000,709.400000,1051.500000,945.000000,969.300000,998.700000,957.500000,959.400000,1093.800000,1253.400000,1365.000000,1327.700000,
174,'620,Portugal,1095,'21121b,"Meat of chickens, fresh or chilled (biological)",5539,Producer Price Index (2014-2016 = 100),7021,Annual value,,106.110000,98.600000,107.000000,93.910000,97.740000,109.930000,104.900000,100.300000,85.050000,105.410000,102.050000,94.130000,106.910000,103.500000,97.850000,113.780000,74.310000,69.980000,70.360000,55.500000,67.560000,69.450000,61.350000,68.640000,121.700000,109.660000,110.140000,108.560000,109.790000,107.830000,118.710000,152.790000,162.050000,157.540000,173.630000
174,'620,Portugal,1071,'21122b,"Meat of ducks, fresh or chilled (biological)",5530,Producer Price (LCU/tonne),7021,Annual value,LCU,,,,,,,,,,,,,,,,,,,,,,1659.400000,1697.300000,1702.600000,1721.900000,1664.900000,1697.100000,1707.300000,1707.000000,1669.700000,1682.800000,2188.600000,2445.300000,2373.000000,
174,'620,Portugal,1071,'21122b,"Meat of ducks, fresh or chilled (biological)",5531,Producer Price (SLC/tonne),7021,Annual value,SLC,,,,,,,,,,,,,,,,,,,,,,1659.400000,1697.300000,1702.600000,1721.900000,1664.900000,1697.100000,1707.300000,1707.000000,1669.700000,1682.800000,2188.600000,2445.300000,2373.000000,
174,'620,Portugal,1071,'21122b,"Meat of ducks, fresh or chilled (biological)",5532,Producer Price (USD/tonne),7021,Annual value,USD,,,,,,,,,,,,,,,,,,,,,,2132.100000,2253.600000,2258.900000,1909.700000,1841.600000,1917.200000,2016.200000,1910.900000,1907.100000,1990.300000,2304.700000,2644.000000,2567.200000,
174,'620,Portugal,1071,'21122b,"Meat of ducks, fresh or chilled (biological)",5539,Producer Price Index (2014-2016 = 100),7021,Annual value,,,,,,,,,,,,,,,,,,,,,,,97.820000,100.050000,100.360000,101.500000,98.140000,100.040000,100.640000,100.620000,98.420000,99.190000,129.010000,144.140000,139.880000,143.670000
174,'620,Portugal,1017,'21116,"Meat of goat, fresh or chilled",5539,Producer Price Index (2014-2016 = 100),7021,Annual value,,73.140000,69.220000,74.340000,72.110000,69.030000,77.150000,77.430000,73.050000,68.750000,71.310000,76.260000,90.860000,96.440000,95.960000,95.350000,96.050000,102.660000,99.620000,100.110000,102.460000,104.400000,104.940000,107.800000,104.440000,98.670000,96.890000,108.430000,113.660000,120.370000,116.270000,118.720000,140.440000,133.040000,143.100000,149.860000
174,'620,Portugal,1033,'21116b,"Meat of goat, fresh or chilled (biological)",5530,Producer Price (LCU/tonne),7021,Annual value,LCU,116801.000000,110546.000000,118725.000000,115157.000000,110245.000000,103589.000000,105994.800000,100000.400000,111808.800000,101403.800000,109403.000000,1255.600000,1242.400000,1250.600000,529.100000,524.600000,500.200000,498.200000,507.600000,631.400000,834.200000,511.300000,344.500000,372.200000,650.900000,615.800000,708.400000,4101.200000,4270.300000,3974.200000,4630.300000,5223.000000,5474.800000,5481.000000,
174,'620,Portugal,1033,'21116b,"Meat of goat, fresh or chilled (biological)",5531,Producer Price (SLC/tonne),7021,Annual value,SLC,582.600000,551.400000,592.200000,574.400000,549.900000,516.700000,528.700000,498.800000,557.700000,505.800000,545.700000,1255.600000,1242.400000,1250.600000,529.100000,524.600000,500.200000,498.200000,507.600000,631.400000,834.200000,511.300000,344.500000,372.200000,650.900000,615.800000,708.400000,4101.200000,4270.300000,3974.200000,4630.300000,5223.000000,5474.800000,5481.000000,
174,'620,Portugal,1033,'21116b,"Meat of goat, fresh or chilled (biological)",5532,Producer Price (USD/tonne),7021,Annual value,USD,808.400000,818.900000,738.300000,693.700000,729.600000,671.600000,604.600000,555.200000,594.200000,466.000000,488.300000,1181.700000,1402.200000,1552.800000,658.000000,658.100000,684.600000,729.800000,705.200000,836.200000,1159.600000,657.000000,457.400000,493.800000,721.900000,681.200000,800.300000,4843.300000,4780.500000,4539.300000,5476.400000,5500.100000,5919.700000,5929.500000,
174,'620,Portugal,1033,'21116b,"Meat of goat, fresh or chilled (biological)",5539,Producer Price Index (2014-2016 = 100),7021,Annual value,,106.640000,100.930000,108.400000,105.140000,100.660000,94.580000,96.780000,91.310000,102.090000,92.590000,99.890000,229.840000,227.420000,228.920000,96.850000,96.030000,91.560000,91.200000,92.920000,115.580000,152.700000,93.590000,63.060000,68.130000,119.150000,112.720000,129.670000,750.720000,781.680000,727.480000,847.570000,956.070000,1002.160000,1003.290000,1004.430000
174,'620,Portugal,1035,'21113.01,"Meat of pig with the bone, fresh or chilled",5530,Producer Price (LCU/tonne),7021,Annual value,LCU,314110.000000,343910.000000,256780.000000,268270.000000,290619.000000,340859.500000,335486.600000,257358.700000,238112.500000,,,1415.100000,,1423.300000,1433.400000,1669.300000,,1577.000000,1579.000000,1616.100000,1646.700000,1775.600000,1898.200000,1723.300000,1486.300000,1449.400000,1645.000000,1553.600000,1756.200000,1743.200000,1628.100000,2011.900000,2473.000000,2321.300000,
174,'620,Portugal,1035,'21113.01,"Meat of pig with the bone, fresh or chilled",5531,Producer Price (SLC/tonne),7021,Annual value,SLC,1566.800000,1715.400000,1280.800000,1338.100000,1449.600000,1700.200000,1673.400000,1283.700000,1187.700000,,,1415.100000,,1423.300000,1433.400000,1669.300000,,1577.000000,1579.000000,1616.100000,1646.700000,1775.600000,1898.200000,1723.300000,1486.300000,1449.400000,1645.000000,1553.600000,1756.200000,1743.200000,1628.100000,2011.900000,2473.000000,2321.300000,
174,'620,Portugal,1035,'21113.01,"Meat of pig with the bone, fresh or chilled",5532,Producer Price (USD/tonne),7021,Annual value,USD,2174.000000,2547.500000,1596.900000,1616.200000,1923.300000,2209.900000,1913.600000,1428.900000,1265.400000,,,1331.800000,,1767.300000,1782.600000,2094.100000,,2310.000000,2193.500000,2140.400000,2289.100000,2281.400000,2520.300000,2286.400000,1648.400000,1603.300000,1858.300000,1834.700000,1966.000000,1991.100000,1925.600000,2118.600000,2674.000000,2511.200000,
174,'620,Portugal,1035,'21113.01,"Meat of pig with the bone, fresh or chilled",5539,Producer Price Index (2014-2016 = 100),7021,Annual value,,100.890000,110.460000,82.470000,86.160000,93.340000,109.480000,107.750000,82.660000,76.480000,96.420000,103.120000,91.120000,130.410000,91.650000,92.300000,107.490000,138.820000,101.550000,101.670000,104.060000,106.030000,114.330000,122.230000,110.970000,95.710000,93.330000,105.920000,100.040000,113.080000,112.250000,104.840000,129.550000,159.240000,149.470000,152.910000
174,'620,Portugal,1056,'21113.01b,"Meat of pig with the bone, fresh or chilled (biological)",5530,Producer Price (LCU/tonne),7021,Annual value,LCU,241620.000000,264550.000000,197520.000000,206360.000000,,,,244548.000000,230133.000000,,,,,,,,,,,,,,,,,,,,,,,,,,
174,'620,Portugal,1056,'21113.01b,"Meat of pig with the bone, fresh or chilled (biological)",5531,Producer Price (SLC/tonne),7021,Annual value,SLC,1205.200000,1319.600000,985.200000,1029.300000,,,,1219.800000,1147.900000,,,,,,,,,,,,,,,,,,,,,,,,,,
174,'620,Portugal,1056,'21113.01b,"Meat of pig with the bone, fresh or chilled (biological)",5532,Producer Price (USD/tonne),7021,Annual value,USD,1672.300000,1959.700000,1228.400000,1243.200000,,,,1357.800000,1223.000000,,,,,,,,,,,,,,,,,,,,,,,,,,
174,'620,Portugal,1056,'21113.01b,"Meat of pig with the bone, fresh or chilled (biological)",5539,Producer Price Index (2014-2016 = 100),7021,Annual value,,75.760000,82.950000,61.930000,64.700000,69.030000,77.150000,77.430000,76.680000,72.160000,71.310000,76.260000,90.860000,96.440000,95.960000,95.350000,96.050000,102.660000,99.620000,100.110000,102.460000,104.400000,104.940000,107.800000,104.440000,98.670000,96.890000,108.430000,113.660000,120.370000,116.270000,118.720000,140.440000,138.320000,150.540000,160.130000
174,'620,Portugal,1141,'21114,"Meat of rabbits and hares, fresh or chilled",5539,Producer Price Index (2014-2016 = 100),7021,Annual value,,,,,,,92.860000,95.960000,94.950000,89.940000,99.310000,105.280000,78.520000,105.290000,103.620000,104.280000,106.690000,89.050000,102.220000,103.090000,102.470000,112.260000,115.750000,118.610000,107.200000,96.740000,96.060000,106.000000,111.380000,106.340000,105.330000,107.220000,107.110000,109.590000,113.010000,114.310000
174,'620,Portugal,1145,'21114b,"Meat of rabbits and hares, fresh or chilled (biological)",5530,Producer Price (LCU/tonne),7021,Annual value,LCU,,,,,,300903.400000,310927.500000,307659.700000,291440.700000,321793.700000,341120.100000,1269.000000,1701.700000,1674.800000,1685.400000,1724.400000,1439.200000,1652.100000,1666.200000,1656.100000,1814.400000,1864.400000,1902.800000,1726.000000,1557.400000,1561.400000,1722.900000,1800.200000,1938.600000,1843.300000,1913.400000,2306.800000,2487.500000,2340.700000,
174,'620,Portugal,1145,'21114b,"Meat of rabbits and hares, fresh or chilled (biological)",5531,Producer Price (SLC/tonne),7021,Annual value,SLC,,,,,,1500.900000,1550.900000,1534.600000,1453.700000,1605.100000,1701.500000,1269.000000,1701.700000,1674.800000,1685.400000,1724.400000,1439.200000,1652.100000,1666.200000,1656.100000,1814.400000,1864.400000,1902.800000,1726.000000,1557.400000,1561.400000,1722.900000,1800.200000,1938.600000,1843.300000,1913.400000,2306.800000,2487.500000,2340.700000,
174,'620,Portugal,1145,'21114b,"Meat of rabbits and hares, fresh or chilled (biological)",5532,Producer Price (USD/tonne),7021,Annual value,USD,,,,,,1950.800000,1773.600000,1708.200000,1548.800000,1478.800000,1522.600000,1194.300000,1920.600000,2079.600000,2096.000000,2163.200000,1969.800000,2420.000000,2314.700000,2193.400000,2522.300000,2395.500000,2526.400000,2289.900000,1727.300000,1727.100000,1946.300000,2126.000000,2170.200000,2105.400000,2263.100000,2429.200000,2689.700000,2532.200000,
174,'620,Portugal,1145,'21114b,"Meat of rabbits and hares, fresh or chilled (biological)",5539,Producer Price Index (2014-2016 = 100),7021,Annual value,,,,,,,92.940000,96.030000,95.030000,90.020000,99.390000,105.360000,78.580000,105.370000,103.710000,104.360000,106.780000,89.120000,102.300000,103.170000,102.550000,112.350000,115.450000,117.830000,106.880000,96.440000,96.690000,106.690000,111.470000,120.040000,114.140000,118.480000,142.840000,154.030000,144.940000,149.280000
174,'620,Portugal,977,'21115,"Meat of sheep, fresh or chilled",5530,Producer Price (LCU/tonne),7021,Annual value,LCU,518790.000000,559730.000000,550550.000000,601890.000000,618047.000000,,,,,,,,,,,,,,,,,,,,,,,,,,,,,,
174,'620,Portugal,977,'21115,"Meat of sheep, fresh or chilled",5531,Producer Price (SLC/tonne),7021,Annual value,SLC,2587.700000,2791.900000,2746.100000,3002.200000,3082.800000,,,,,,,,,,,,,,,,,,,,,,,,,,,,,,
174,'620,Portugal,977,'21115,"Meat of sheep, fresh or chilled",5532,Producer Price (USD/tonne),7021,Annual value,USD,3590.700000,4146.200000,3423.800000,3626.000000,4090.200000,,,,,,,,,,,,,,,,,,,,,,,,,,,,,,
174,'620,Portugal,977,'21115,"Meat of sheep, fresh or chilled",5539,Producer Price Index (2014-2016 = 100),7021,Annual value,,57.950000,62.520000,61.490000,67.230000,69.030000,77.150000,77.430000,73.050000,68.750000,71.310000,76.260000,90.860000,96.440000,95.960000,95.350000,96.050000,102.660000,99.620000,100.110000,102.460000,104.400000,104.940000,107.800000,104.440000,98.670000,96.890000,108.430000,113.660000,120.370000,116.270000,118.720000,140.440000,134.150000,147.520000,154.470000
174,'620,Portugal,1013,'21115b,"Meat of sheep, fresh or chilled (biological)",5530,Producer Price (LCU/tonne),7021,Annual value,LCU,300900.000000,319730.000000,319328.000000,349099.000000,357880.000000,399941.500000,418666.600000,366360.800000,342403.200000,355615.000000,450944.200000,2034.200000,2067.600000,1910.600000,1874.200000,1807.800000,2141.000000,2141.100000,2272.600000,2201.800000,2243.300000,2204.500000,2170.700000,2299.400000,2382.200000,2406.200000,2430.000000,2778.500000,2829.100000,2734.700000,2996.100000,3613.500000,3336.400000,3673.000000,
174,'620,Portugal,1013,'21115b,"Meat of sheep, fresh or chilled (biological)",5531,Producer Price (SLC/tonne),7021,Annual value,SLC,1500.900000,1594.800000,1592.800000,1741.300000,1785.100000,1994.900000,2088.300000,1827.400000,1707.900000,1773.800000,2249.300000,2034.200000,2067.600000,1910.600000,1874.200000,1807.800000,2141.000000,2141.100000,2272.600000,2201.800000,2243.300000,2204.500000,2170.700000,2299.400000,2382.200000,2406.200000,2430.000000,2778.500000,2829.100000,2734.700000,2996.100000,3613.500000,3336.400000,3673.000000,
174,'620,Portugal,1013,'21115b,"Meat of sheep, fresh or chilled (biological)",5532,Producer Price (USD/tonne),7021,Annual value,USD,2082.600000,2368.400000,1985.900000,2103.100000,2368.400000,2592.900000,2388.100000,2034.200000,1819.600000,1634.200000,2012.800000,1914.400000,2333.500000,2372.300000,2330.700000,2267.900000,2930.300000,3136.300000,3157.100000,2916.100000,3118.500000,2832.500000,2882.100000,3050.700000,2642.000000,2661.600000,2745.100000,3281.300000,3167.100000,3123.600000,3543.600000,3805.200000,3607.500000,3973.500000,
174,'620,Portugal,1013,'21115b,"Meat of sheep, fresh or chilled (biological)",5539,Producer Price Index (2014-2016 = 100),7021,Annual value,,63.530000,67.500000,67.420000,73.700000,75.560000,84.440000,88.390000,77.350000,72.290000,75.080000,95.200000,86.100000,87.510000,80.870000,79.330000,76.520000,90.620000,90.620000,96.190000,93.190000,94.950000,93.310000,91.880000,97.320000,100.830000,101.850000,102.850000,117.600000,119.750000,115.750000,126.810000,152.950000,141.220000,155.460000,171.070000
174,'620,Portugal,1080,'21124,"Meat of turkeys, fresh or chilled",5530,Producer Price (LCU/tonne),7021,Annual value,LCU,505475.000000,235807.000000,221372.000000,226124.000000,197194.000000,,,,,,,,,,,818.300000,1033.500000,1060.100000,1007.500000,966.600000,1083.200000,1024.700000,1135.300000,1111.100000,1129.100000,,,,,,,,,,
174,'620,Portugal,1080,'21124,"Meat of turkeys, fresh or chilled",5531,Producer Price (SLC/tonne),7021,Annual value,SLC,2521.300000,1176.200000,1104.200000,1127.900000,983.600000,,,,,,,,,,,818.300000,1033.500000,1060.100000,1007.500000,966.600000,1083.200000,1024.700000,1135.300000,1111.100000,1129.100000,,,,,,,,,,
174,'620,Portugal,1080,'21124,"Meat of turkeys, fresh or chilled",5532,Producer Price (USD/tonne),7021,Annual value,USD,3498.500000,1746.700000,1376.700000,1362.300000,1305.000000,,,,,,,,,,,1026.500000,1414.500000,1552.900000,1399.600000,1280.200000,1505.800000,1316.600000,1507.400000,1474.100000,1252.200000,,,,,,,,,,
174,'620,Portugal,1080,'21124,"Meat of turkeys, fresh or chilled",5539,Producer Price Index (2014-2016 = 100),7021,Annual value,,198.650000,92.670000,87.000000,88.870000,77.500000,113.920000,101.190000,98.790000,88.530000,109.720000,106.220000,97.970000,111.280000,107.730000,101.850000,64.470000,81.430000,83.520000,79.380000,76.160000,85.340000,80.730000,89.450000,87.540000,88.960000,123.500000,124.030000,123.840000,125.250000,122.510000,123.480000,158.760000,142.730000,155.200000,164.460000
174,'620,Portugal,1088,'21124b,"Meat of turkeys, fresh or chilled (biological)",5530,Producer Price (LCU/tonne),7021,Annual value,LCU,,,,,,269127.000000,221292.000000,220490.100000,208220.600000,,,,,,,,,,,,,1367.100000,1512.000000,1481.300000,1504.800000,1392.300000,1352.100000,1350.000000,1403.700000,1360.600000,1349.900000,1716.600000,1853.000000,1849.900000,
174,'620,Portugal,1088,'21124b,"Meat of turkeys, fresh or chilled (biological)",5531,Producer Price (SLC/tonne),7021,Annual value,SLC,,,,,,1342.400000,1103.800000,1099.800000,1038.600000,,,,,,,,,,,,,1367.100000,1512.000000,1481.300000,1504.800000,1392.300000,1352.100000,1350.000000,1403.700000,1360.600000,1349.900000,1716.600000,1853.000000,1849.900000,
174,'620,Portugal,1088,'21124b,"Meat of turkeys, fresh or chilled (biological)",5532,Producer Price (USD/tonne),7021,Annual value,USD,,,,,,1744.800000,1262.300000,1224.200000,1106.500000,,,,,,,,,,,,,1756.500000,2007.500000,1965.300000,1668.900000,1540.100000,1527.400000,1594.300000,1571.400000,1554.100000,1596.600000,1807.700000,2003.600000,2001.300000,
174,'620,Portugal,1088,'21124b,"Meat of turkeys, fresh or chilled (biological)",5539,Producer Price Index (2014-2016 = 100),7021,Annual value,,129.890000,60.590000,56.890000,58.110000,50.670000,91.980000,75.630000,75.360000,71.160000,71.740000,69.450000,64.060000,72.760000,70.440000,66.600000,60.670000,76.630000,78.600000,74.700000,71.670000,80.310000,93.670000,103.600000,101.500000,103.110000,95.400000,92.640000,92.500000,96.180000,93.230000,92.490000,117.620000,126.960000,126.750000,130.790000
174,'620,Portugal,449,'01270,Mushrooms and truffles,5530,Producer Price (LCU/tonne),7021,Annual value,LCU,,,,,,,,,,,,,,,,,,,,,,2700.000000,2700.000000,2700.000000,2758.800000,2758.800000,2640.000000,2639.500000,2648.900000,2682.200000,2470.600000,2510.200000,2599.900000,2663.500000,
174,'620,Portugal,449,'01270,Mushrooms and truffles,5531,Producer Price (SLC/tonne),7021,Annual value,SLC,,,,,,,,,,,,,,,,,,,,,,2700.000000,2700.000000,2700.000000,2758.800000,2758.800000,2640.000000,2639.500000,2648.900000,2682.200000,2470.600000,2510.200000,2599.900000,2663.500000,
174,'620,Portugal,449,'01270,Mushrooms and truffles,5532,Producer Price (USD/tonne),7021,Annual value,USD,,,,,,,,,,,,,,,,,,,,,,3469.100000,3584.900000,3582.200000,3059.700000,3051.700000,2982.400000,3117.100000,2965.400000,3063.600000,2922.100000,2643.400000,2811.200000,2881.400000,
174,'620,Portugal,449,'01270,Mushrooms and truffles,5539,Producer Price Index (2014-2016 = 100),7021,Annual value,,54.150000,54.550000,67.190000,99.110000,73.180000,52.930000,77.700000,109.370000,50.810000,47.140000,126.170000,108.870000,67.870000,91.780000,125.620000,101.560000,127.720000,94.720000,81.740000,106.510000,101.510000,98.570000,98.570000,98.570000,100.720000,100.720000,96.380000,96.360000,96.700000,97.920000,90.190000,91.640000,94.910000,97.240000,99.560000
174,'620,Portugal,1182,'02910,Natural honey,5530,Producer Price (LCU/tonne),7021,Annual value,LCU,536991.000000,800000.000000,800000.000000,426004.000000,426004.000000,273637.900000,298477.600000,322515.400000,284804.700000,286789.500000,300863.300000,2101.000000,2827.500000,1763.300000,1872.100000,1897.800000,2509.700000,2611.700000,3052.200000,3492.600000,3506.200000,3809.600000,3658.700000,3746.300000,4016.300000,3757.300000,4077.300000,3575.300000,3615.600000,3097.900000,3307.300000,3542.800000,3690.800000,3615.200000,
174,'620,Portugal,1182,'02910,Natural honey,5531,Producer Price (SLC/tonne),7021,Annual value,SLC,2678.500000,3990.400000,3990.400000,2124.900000,2124.900000,1364.900000,1488.800000,1608.700000,1420.600000,1430.500000,1500.700000,2101.000000,2827.500000,1763.300000,1872.100000,1897.800000,2509.700000,2611.700000,3052.200000,3492.600000,3506.200000,3809.600000,3658.700000,3746.300000,4016.300000,3757.300000,4077.300000,3575.300000,3615.600000,3097.900000,3307.300000,3542.800000,3690.800000,3615.200000,
174,'620,Portugal,1182,'02910,Natural honey,5532,Producer Price (USD/tonne),7021,Annual value,USD,3716.700000,5926.000000,4975.100000,2566.400000,2819.200000,1774.100000,1702.500000,1790.700000,1513.500000,1317.900000,1342.900000,1977.300000,3191.200000,2189.400000,2328.100000,2380.800000,3434.900000,3825.700000,4240.100000,4625.700000,4874.100000,4894.800000,4857.800000,4970.300000,4454.300000,4156.100000,4606.000000,4222.300000,4047.600000,3538.400000,3911.700000,3730.700000,3990.700000,3911.000000,
174,'620,Portugal,1182,'02910,Natural honey,5539,Producer Price Index (2014-2016 = 100),7021,Annual value,,69.750000,103.920000,103.920000,55.340000,55.340000,35.540000,38.770000,41.890000,37.000000,37.250000,39.080000,54.710000,73.630000,45.920000,48.750000,49.420000,65.360000,68.010000,79.490000,90.950000,91.310000,99.210000,95.280000,97.560000,104.590000,97.850000,106.180000,93.110000,94.160000,80.680000,86.130000,92.260000,96.120000,94.150000,92.180000
174,'620,Portugal,75,'0117,Oats,5530,Producer Price (LCU/tonne),7021,Annual value,LCU,35200.000000,34944.000000,35225.000000,28629.000000,35004.000000,36728.300000,36828.500000,28749.100000,22413.900000,20569.500000,26203.000000,110.000000,176.000000,150.000000,179.700000,102.300000,153.400000,166.100000,142.200000,142.500000,191.800000,218.200000,199.800000,172.000000,180.900000,165.000000,150.000000,156.500000,180.000000,180.000000,205.200000,350.000000,332.500000,233.100000,
174,'620,Portugal,75,'0117,Oats,5531,Producer Price (SLC/tonne),7021,Annual value,SLC,175.600000,174.300000,175.700000,142.800000,174.600000,183.200000,183.700000,143.400000,111.800000,102.600000,130.700000,110.000000,176.000000,150.000000,179.700000,102.300000,153.400000,166.100000,142.200000,142.500000,191.800000,218.200000,199.800000,172.000000,180.900000,165.000000,150.000000,156.500000,180.000000,180.000000,205.200000,350.000000,332.500000,233.100000,
174,'620,Portugal,75,'0117,Oats,5532,Producer Price (USD/tonne),7021,Annual value,USD,243.600000,258.800000,219.100000,172.500000,231.700000,238.100000,210.100000,159.600000,119.100000,94.500000,117.000000,103.500000,198.600000,186.300000,223.500000,128.300000,210.000000,243.300000,197.500000,188.700000,266.600000,280.400000,265.300000,228.200000,200.600000,182.500000,169.500000,184.800000,201.500000,205.600000,242.700000,368.600000,359.500000,252.200000,
174,'620,Portugal,75,'0117,Oats,5539,Producer Price Index (2014-2016 = 100),7021,Annual value,,101.710000,100.970000,101.780000,82.720000,101.140000,106.120000,106.410000,83.070000,64.760000,59.430000,75.710000,63.720000,101.950000,86.890000,104.090000,59.260000,88.860000,96.220000,82.370000,82.540000,111.100000,126.400000,115.740000,99.630000,104.790000,95.580000,86.890000,90.650000,104.270000,104.270000,118.860000,202.740000,192.600000,135.030000,177.250000
174,'620,Portugal,260,'01450,Olives,5530,Producer Price (LCU/tonne),7021,Annual value,LCU,66400.000000,51800.000000,,,,120630.000000,102346.100000,111889.000000,75521.600000,108421.000000,91981.000000,450.000000,370.000000,371.600000,529.900000,384.800000,368.900000,337.100000,282.200000,246.900000,236.000000,276.800000,269.900000,295.700000,362.600000,412.800000,514.000000,343.300000,324.000000,351.700000,364.600000,629.800000,889.800000,622.600000,
174,'620,Portugal,260,'01450,Olives,5531,Producer Price (SLC/tonne),7021,Annual value,SLC,331.200000,258.400000,,,,601.700000,510.500000,558.100000,376.700000,540.800000,458.800000,450.000000,370.000000,371.600000,529.900000,384.800000,368.900000,337.100000,282.200000,246.900000,236.000000,276.800000,269.900000,295.700000,362.600000,412.800000,514.000000,343.300000,324.000000,351.700000,364.600000,629.800000,889.800000,622.600000,
174,'620,Portugal,260,'01450,Olives,5532,Producer Price (USD/tonne),7021,Annual value,USD,459.600000,383.700000,,,,782.100000,583.800000,621.200000,401.300000,498.300000,410.600000,423.500000,417.600000,461.400000,659.000000,482.700000,504.900000,493.800000,392.000000,327.000000,328.100000,355.600000,358.400000,392.300000,402.100000,456.600000,580.700000,405.400000,362.700000,401.700000,431.200000,663.200000,962.100000,673.500000,
174,'620,Portugal,260,'01450,Olives,5539,Producer Price Index (2014-2016 = 100),7021,Annual value,,92.760000,72.370000,108.550000,110.120000,110.490000,168.530000,142.980000,156.320000,105.510000,151.470000,128.500000,126.040000,103.630000,104.080000,148.420000,107.780000,103.320000,94.420000,79.040000,69.150000,66.100000,77.530000,75.600000,82.820000,101.560000,115.620000,143.960000,96.150000,90.750000,98.510000,102.120000,176.400000,249.220000,174.380000,191.200000
174,'620,Portugal,403,'01253.02,"Onions and shallots, dry (excluding dehydrated)",5530,Producer Price (LCU/tonne),7021,Annual value,LCU,38392.000000,38673.000000,47635.000000,70269.000000,51885.000000,37530.000000,55092.000000,77546.000000,36027.000000,33420.000000,89455.000000,385.000000,240.000000,324.600000,444.300000,372.200000,451.700000,335.000000,289.100000,376.700000,359.000000,270.300000,395.100000,310.100000,314.100000,,,,,,,,,,
174,'620,Portugal,403,'01253.02,"Onions and shallots, dry (excluding dehydrated)",5531,Producer Price (SLC/tonne),7021,Annual value,SLC,191.500000,192.900000,237.600000,350.500000,258.800000,187.200000,274.800000,386.800000,179.700000,166.700000,446.200000,385.000000,240.000000,324.600000,444.300000,372.200000,451.700000,335.000000,289.100000,376.700000,359.000000,270.300000,395.100000,310.100000,314.100000,,,,,,,,,,
174,'620,Portugal,403,'01253.02,"Onions and shallots, dry (excluding dehydrated)",5532,Producer Price (USD/tonne),7021,Annual value,USD,265.700000,286.500000,296.200000,423.300000,343.400000,243.300000,314.300000,430.600000,191.500000,153.600000,399.300000,362.300000,270.900000,403.000000,552.500000,466.900000,618.200000,490.700000,401.600000,498.900000,499.100000,347.300000,524.600000,411.400000,348.400000,,,,,,,,,,
174,'620,Portugal,403,'01253.02,"Onions and shallots, dry (excluding dehydrated)",5539,Producer Price Index (2014-2016 = 100),7021,Annual value,,57.280000,57.700000,71.070000,104.840000,77.410000,56.000000,82.200000,115.700000,53.750000,49.860000,133.470000,115.160000,71.790000,97.100000,132.900000,111.330000,135.120000,100.210000,86.480000,112.680000,107.390000,80.850000,118.180000,92.760000,93.960000,113.290000,102.710000,121.090000,103.990000,95.890000,115.100000,108.000000,115.970000,119.390000,122.820000
174,'620,Portugal,402,'01253.01,"Onions and shallots, green",5530,Producer Price (LCU/tonne),7021,Annual value,LCU,38392.000000,38673.000000,47635.000000,70269.000000,51885.000000,41860.600000,56455.700000,71050.800000,34643.300000,34182.000000,89455.000000,384.800000,240.000000,324.600000,444.300000,359.200000,451.700000,335.000000,289.100000,376.700000,359.000000,295.400000,410.700000,318.800000,320.600000,367.200000,301.800000,414.000000,450.900000,408.200000,503.400000,555.500000,867.700000,579.100000,
174,'620,Portugal,402,'01253.01,"Onions and shallots, green",5531,Producer Price (SLC/tonne),7021,Annual value,SLC,191.500000,192.900000,237.600000,350.500000,258.800000,208.800000,281.600000,354.400000,172.800000,170.500000,446.200000,384.800000,240.000000,324.600000,444.300000,359.200000,451.700000,335.000000,289.100000,376.700000,359.000000,295.400000,410.700000,318.800000,320.600000,367.200000,301.800000,414.000000,450.900000,408.200000,503.400000,555.500000,867.700000,579.100000,
174,'620,Portugal,402,'01253.01,"Onions and shallots, green",5532,Producer Price (USD/tonne),7021,Annual value,USD,265.700000,286.500000,296.200000,423.300000,343.400000,271.400000,322.000000,394.500000,184.100000,157.100000,399.300000,362.100000,270.900000,403.000000,552.500000,450.600000,618.200000,490.700000,401.600000,498.900000,499.100000,379.500000,545.300000,423.000000,355.600000,406.200000,340.900000,488.900000,504.800000,466.200000,595.400000,585.000000,938.200000,626.500000,
174,'620,Portugal,402,'01253.01,"Onions and shallots, green",5539,Producer Price Index (2014-2016 = 100),7021,Annual value,,57.070000,57.490000,70.810000,104.460000,77.130000,62.230000,83.930000,105.620000,51.500000,50.810000,132.980000,114.680000,71.530000,96.740000,132.420000,107.050000,134.620000,99.840000,86.160000,112.270000,106.990000,88.040000,122.400000,95.010000,95.550000,109.440000,89.950000,123.390000,134.380000,121.660000,150.030000,165.560000,258.600000,172.590000,172.560000
174,'620,Portugal,490,'01323,Oranges,5530,Producer Price (LCU/tonne),7021,Annual value,LCU,60646.000000,63653.000000,54872.000000,60967.000000,63513.000000,79090.100000,80974.700000,61347.500000,84222.500000,51543.900000,100862.500000,286.000000,294.500000,334.400000,187.400000,359.800000,385.800000,415.800000,319.300000,446.500000,356.800000,294.900000,366.000000,298.100000,401.900000,518.300000,501.000000,543.200000,508.400000,594.800000,662.300000,447.500000,682.800000,772.800000,
174,'620,Portugal,490,'01323,Oranges,5531,Producer Price (SLC/tonne),7021,Annual value,SLC,302.500000,317.500000,273.700000,304.100000,316.800000,394.500000,403.900000,306.000000,420.100000,257.100000,503.100000,286.000000,294.500000,334.400000,187.400000,359.800000,385.800000,415.800000,319.300000,446.500000,356.800000,294.900000,366.000000,298.100000,401.900000,518.300000,501.000000,543.200000,508.400000,594.800000,662.300000,447.500000,682.800000,772.800000,
174,'620,Portugal,490,'01323,Oranges,5532,Producer Price (USD/tonne),7021,Annual value,USD,419.700000,471.500000,341.200000,367.300000,420.300000,512.800000,461.900000,340.600000,447.600000,236.900000,450.200000,269.200000,332.400000,415.200000,233.000000,451.400000,528.000000,609.100000,443.600000,591.400000,496.000000,378.900000,486.000000,395.500000,445.700000,573.300000,566.000000,641.500000,569.100000,679.400000,783.300000,471.200000,738.300000,836.000000,
174,'620,Portugal,490,'01323,Oranges,5539,Producer Price Index (2014-2016 = 100),7021,Annual value,,74.490000,78.180000,67.400000,74.880000,78.010000,97.140000,99.460000,75.350000,103.450000,63.310000,123.890000,70.430000,72.520000,82.340000,46.150000,88.600000,95.000000,102.390000,78.630000,109.950000,87.860000,72.620000,90.130000,73.410000,98.970000,127.630000,123.370000,133.760000,125.190000,146.470000,163.090000,110.190000,168.140000,190.300000,204.460000
174,'620,Portugal,414,'01241.90,"Other beans, green",5530,Producer Price (LCU/tonne),7021,Annual value,LCU,168866.000000,152647.000000,167543.000000,203209.000000,122595.000000,213473.200000,206235.800000,223697.800000,252186.300000,259323.000000,235365.900000,1201.400000,1332.600000,1287.900000,1389.100000,1350.500000,1208.500000,1364.100000,1349.000000,1394.100000,1185.400000,1546.100000,1529.800000,1329.800000,1451.800000,1610.100000,1383.200000,1390.000000,1345.000000,1375.800000,1570.000000,2155.900000,2245.400000,2073.900000,
174,'620,Portugal,414,'01241.90,"Other beans, green",5531,Producer Price (SLC/tonne),7021,Annual value,SLC,842.300000,761.400000,835.700000,1013.600000,611.500000,1064.800000,1028.700000,1115.800000,1257.900000,1293.500000,1174.000000,1201.400000,1332.600000,1287.900000,1389.100000,1350.500000,1208.500000,1364.100000,1349.000000,1394.100000,1185.400000,1546.100000,1529.800000,1329.800000,1451.800000,1610.100000,1383.200000,1390.000000,1345.000000,1375.800000,1570.000000,2155.900000,2245.400000,2073.900000,
174,'620,Portugal,414,'01241.90,"Other beans, green",5532,Producer Price (USD/tonne),7021,Annual value,USD,1168.800000,1130.700000,1041.900000,1224.200000,811.300000,1384.000000,1176.400000,1242.000000,1340.200000,1191.700000,1050.600000,1130.700000,1504.000000,1599.200000,1727.500000,1694.200000,1654.000000,1998.200000,1874.000000,1846.400000,1647.900000,1986.500000,2031.200000,1764.300000,1610.100000,1781.000000,1562.600000,1641.500000,1505.700000,1571.400000,1856.900000,2270.300000,2427.900000,2243.600000,
174,'620,Portugal,414,'01241.90,"Other beans, green",5539,Producer Price Index (2014-2016 = 100),7021,Annual value,,57.540000,52.010000,57.090000,69.240000,41.770000,72.740000,70.270000,76.220000,85.930000,88.360000,80.200000,82.070000,91.030000,87.980000,94.890000,92.250000,82.550000,93.180000,92.150000,95.230000,80.980000,105.620000,104.500000,90.840000,99.170000,109.990000,94.490000,94.950000,91.880000,93.980000,107.250000,147.270000,153.380000,141.670000,164.460000
174,'620,Portugal,512,'01329,"Other citrus fruit, n.e.c.",5539,Producer Price Index (2014-2016 = 100),7021,Annual value,,66.940000,70.260000,60.570000,67.290000,70.100000,76.720000,79.440000,64.510000,79.800000,53.550000,111.330000,63.290000,65.060000,59.120000,69.890000,79.620000,85.370000,92.010000,70.660000,98.800000,78.950000,68.840000,92.830000,78.200000,96.780000,125.020000,123.850000,131.740000,110.450000,125.390000,121.380000,206.360000,144.190000,167.750000,177.500000
174,'620,Portugal,619,'01359.90,"Other fruits, n.e.c.",5539,Producer Price Index (2014-2016 = 100),7021,Annual value,,63.110000,53.710000,39.570000,57.480000,76.050000,74.920000,48.970000,91.560000,58.380000,59.240000,83.570000,61.340000,85.630000,101.890000,54.490000,69.100000,73.210000,88.100000,70.080000,91.700000,74.210000,80.930000,94.390000,92.000000,96.910000,111.080000,112.850000,115.020000,116.980000,114.910000,118.490000,162.950000,107.780000,126.210000,132.780000
174,'620,Portugal,1166,'21119.90,"Other meat of mammals, fresh or chilled",5539,Producer Price Index (2014-2016 = 100),7021,Annual value,,50.130000,50.020000,51.160000,58.620000,59.000000,66.360000,65.320000,62.460000,58.770000,61.040000,64.710000,77.100000,81.830000,80.540000,79.000000,76.210000,90.250000,89.890000,90.000000,89.460000,98.010000,98.510000,101.850000,99.780000,101.370000,98.850000,101.010000,101.620000,105.660000,102.410000,103.390000,128.840000,119.980000,125.420000,130.850000
174,'620,Portugal,234,'01379.90,"Other nuts (excluding wild edible nuts and groundnuts), in shell, n.e.c.",5539,Producer Price Index (2014-2016 = 100),7021,Annual value,,45.270000,37.990000,73.420000,67.750000,77.660000,84.690000,74.580000,83.900000,48.070000,41.100000,49.040000,54.540000,77.870000,89.570000,103.320000,85.680000,67.300000,60.480000,51.690000,51.630000,51.440000,63.560000,87.020000,96.900000,107.690000,95.410000,85.520000,76.080000,64.630000,77.810000,69.220000,124.680000,87.900000,76.290000,68.840000
174,'620,Portugal,339,'01449.90,"Other oil seeds, n.e.c.",5539,Producer Price Index (2014-2016 = 100),7021,Annual value,,144.460000,34.400000,61.930000,88.050000,71.550000,63.000000,60.680000,72.880000,57.790000,51.580000,72.930000,71.770000,56.590000,58.110000,50.490000,59.530000,89.830000,135.730000,69.230000,78.470000,88.570000,143.960000,101.520000,91.320000,103.820000,104.860000,106.590000,96.890000,117.600000,115.290000,116.280000,168.000000,143.260000,154.370000,165.480000
174,'620,Portugal,541,'01349.20,Other stone fruits,5539,Producer Price Index (2014-2016 = 100),7021,Annual value,,63.020000,53.630000,39.510000,57.390000,75.940000,74.810000,48.900000,91.420000,58.290000,59.150000,83.450000,61.320000,85.570000,101.910000,54.490000,69.100000,73.220000,88.100000,70.080000,91.700000,74.210000,80.930000,94.390000,92.000000,96.910000,111.080000,112.850000,115.020000,117.610000,115.910000,120.210000,164.830000,110.500000,129.140000,137.390000
174,'620,Portugal,463,'01290.90,"Other vegetables, fresh n.e.c.",5539,Producer Price Index (2014-2016 = 100),7021,Annual value,,67.170000,81.180000,102.060000,84.860000,84.700000,122.760000,132.490000,132.830000,134.670000,146.200000,74.710000,141.910000,126.170000,114.530000,135.380000,75.350000,82.960000,104.230000,94.180000,115.990000,93.310000,119.920000,111.480000,95.140000,98.670000,106.180000,100.510000,109.570000,102.390000,101.810000,95.540000,104.270000,92.650000,93.490000,91.770000
174,'620,Portugal,534,'01345,Peaches and nectarines,5530,Producer Price (LCU/tonne),7021,Annual value,LCU,131616.000000,112009.000000,82518.000000,119868.000000,158601.000000,138432.800000,96291.500000,170931.000000,115136.800000,116480.000000,173497.100000,639.600000,892.200000,1062.600000,568.200000,720.500000,763.400000,918.600000,730.700000,956.100000,773.800000,867.600000,988.400000,890.100000,978.400000,970.500000,921.400000,1245.800000,1130.700000,1293.600000,1225.200000,1468.700000,1329.000000,1295.600000,
174,'620,Portugal,534,'01345,Peaches and nectarines,5531,Producer Price (SLC/tonne),7021,Annual value,SLC,656.500000,558.700000,411.600000,597.900000,791.100000,690.500000,480.300000,852.600000,574.300000,581.000000,865.400000,639.600000,892.200000,1062.600000,568.200000,720.500000,763.400000,918.600000,730.700000,956.100000,773.800000,867.600000,988.400000,890.100000,978.400000,970.500000,921.400000,1245.800000,1130.700000,1293.600000,1225.200000,1468.700000,1329.000000,1295.600000,
174,'620,Portugal,534,'01345,Peaches and nectarines,5532,Producer Price (USD/tonne),7021,Annual value,USD,911.000000,829.700000,513.200000,722.100000,1049.600000,897.500000,549.300000,949.100000,611.900000,535.300000,774.400000,601.900000,1007.000000,1319.400000,706.600000,903.900000,1044.800000,1345.600000,1015.100000,1266.300000,1075.700000,1114.700000,1312.300000,1180.900000,1085.100000,1073.500000,1040.900000,1471.200000,1265.800000,1477.500000,1449.100000,1546.600000,1437.000000,1401.600000,
174,'620,Portugal,534,'01345,Peaches and nectarines,5539,Producer Price Index (2014-2016 = 100),7021,Annual value,,69.370000,59.040000,43.490000,63.180000,83.600000,72.970000,50.750000,90.100000,60.690000,61.390000,91.450000,67.590000,94.280000,112.290000,60.040000,76.140000,80.670000,97.070000,77.210000,101.030000,81.770000,91.680000,104.450000,94.060000,103.390000,102.550000,97.370000,131.640000,119.480000,136.700000,129.470000,155.200000,140.440000,136.910000,133.380000
174,'620,Portugal,521,'01342.01,Pears,5530,Producer Price (LCU/tonne),7021,Annual value,LCU,63553.000000,62069.000000,69427.000000,67963.000000,83080.000000,81576.100000,70489.500000,172133.800000,137831.400000,118364.600000,89876.100000,513.600000,797.500000,734.100000,579.700000,717.500000,703.100000,738.200000,707.800000,691.400000,705.900000,764.500000,716.600000,639.200000,643.000000,955.700000,856.400000,846.300000,804.000000,863.400000,932.900000,875.600000,1203.800000,1561.000000,
174,'620,Portugal,521,'01342.01,Pears,5531,Producer Price (SLC/tonne),7021,Annual value,SLC,317.000000,309.600000,346.300000,339.000000,414.400000,406.900000,351.600000,858.600000,687.500000,590.400000,448.300000,513.600000,797.500000,734.100000,579.700000,717.500000,703.100000,738.200000,707.800000,691.400000,705.900000,764.500000,716.600000,639.200000,643.000000,955.700000,856.400000,846.300000,804.000000,863.400000,932.900000,875.600000,1203.800000,1561.000000,
174,'620,Portugal,521,'01342.01,Pears,5532,Producer Price (USD/tonne),7021,Annual value,USD,439.900000,459.800000,431.800000,409.400000,549.800000,528.900000,402.100000,955.700000,732.500000,543.900000,401.200000,483.400000,900.100000,911.500000,720.900000,900.100000,962.300000,1081.300000,983.300000,915.700000,981.300000,982.300000,951.500000,848.000000,713.100000,1057.100000,967.500000,999.400000,900.100000,986.200000,1103.400000,922.000000,1301.600000,1688.700000,
174,'620,Portugal,521,'01342.01,Pears,5539,Producer Price Index (2014-2016 = 100),7021,Annual value,,42.500000,41.500000,46.420000,45.440000,55.550000,54.550000,47.130000,115.100000,92.160000,79.150000,60.100000,68.850000,106.910000,98.410000,77.710000,96.180000,94.250000,98.960000,94.880000,92.690000,94.630000,102.480000,96.060000,85.690000,86.200000,128.120000,114.800000,113.450000,107.780000,115.740000,125.060000,117.380000,161.370000,209.260000,250.560000
174,'620,Portugal,417,'01242,"Peas, green",5530,Producer Price (LCU/tonne),7021,Annual value,LCU,72314.000000,75421.000000,103509.000000,94930.000000,100100.000000,146712.700000,209884.600000,214696.200000,181295.900000,173678.000000,330975.700000,1130.000000,1771.300000,1492.500000,1953.100000,1502.000000,1770.600000,2123.600000,1840.000000,2597.800000,2002.200000,2401.000000,2337.200000,2237.000000,2612.800000,2391.500000,2758.200000,2783.200000,2884.200000,3074.800000,2922.600000,3465.300000,4427.000000,3815.400000,
174,'620,Portugal,417,'01242,"Peas, green",5531,Producer Price (SLC/tonne),7021,Annual value,SLC,360.700000,376.200000,516.300000,473.500000,499.300000,731.800000,1046.900000,1070.900000,904.300000,866.300000,1650.900000,1130.000000,1771.300000,1492.500000,1953.100000,1502.000000,1770.600000,2123.600000,1840.000000,2597.800000,2002.200000,2401.000000,2337.200000,2237.000000,2612.800000,2391.500000,2758.200000,2783.200000,2884.200000,3074.800000,2922.600000,3465.300000,4427.000000,3815.400000,
174,'620,Portugal,417,'01242,"Peas, green",5532,Producer Price (USD/tonne),7021,Annual value,USD,500.500000,558.700000,643.700000,571.900000,662.500000,951.200000,1197.200000,1192.100000,963.500000,798.100000,1477.300000,1063.500000,1999.100000,1853.200000,2428.900000,1884.200000,2423.400000,3110.700000,2556.100000,3440.500000,2783.400000,3085.000000,3103.200000,2967.900000,2897.800000,2645.400000,3115.900000,3286.800000,3228.800000,3512.000000,3456.700000,3649.100000,4786.800000,4127.600000,
174,'620,Portugal,417,'01242,"Peas, green",5539,Producer Price Index (2014-2016 = 100),7021,Annual value,,14.940000,15.590000,21.390000,19.620000,20.690000,30.320000,43.370000,44.370000,37.460000,35.890000,68.400000,46.810000,73.380000,61.830000,80.920000,62.230000,73.350000,87.980000,76.230000,107.620000,82.950000,99.470000,96.830000,92.680000,108.250000,99.080000,114.270000,115.310000,119.490000,127.390000,121.080000,143.560000,183.410000,158.070000,151.760000
174,'620,Portugal,574,'01318,Pineapples,5530,Producer Price (LCU/tonne),7021,Annual value,LCU,,,,,,,,,,,,,,,,,,,,,,1119.700000,1130.300000,1251.000000,1380.100000,1981.400000,2184.000000,2267.700000,2111.100000,1943.800000,1667.100000,2085.100000,3880.500000,4487.900000,
174,'620,Portugal,574,'01318,Pineapples,5531,Producer Price (SLC/tonne),7021,Annual value,SLC,,,,,,,,,,,,,,,,,,,,,,1119.700000,1130.300000,1251.000000,1380.100000,1981.400000,2184.000000,2267.700000,2111.100000,1943.800000,1667.100000,2085.100000,3880.500000,4487.900000,
174,'620,Portugal,574,'01318,Pineapples,5532,Producer Price (USD/tonne),7021,Annual value,USD,,,,,,,,,,,,,,,,,,,,,,1438.700000,1500.700000,1659.700000,1530.600000,2191.700000,2467.200000,2678.100000,2363.300000,2220.200000,1971.700000,2195.700000,4195.900000,4855.100000,
174,'620,Portugal,574,'01318,Pineapples,5539,Producer Price Index (2014-2016 = 100),7021,Annual value,,7.790000,6.630000,4.880000,7.090000,9.380000,9.240000,6.040000,11.300000,7.200000,7.310000,10.310000,7.540000,10.540000,12.550000,6.710000,6.930000,7.340000,8.830000,7.030000,9.190000,7.440000,72.830000,73.520000,81.370000,89.760000,128.870000,142.050000,147.490000,137.310000,126.430000,108.430000,135.620000,252.390000,291.900000,345.500000
174,'620,Portugal,536,'01346,Plums and sloes,5530,Producer Price (LCU/tonne),7021,Annual value,LCU,119227.000000,67763.000000,69046.000000,91781.000000,128268.000000,66119.000000,69567.000000,139756.000000,150000.600000,120008.500000,160004.700000,743.400000,1350.000000,1391.600000,1300.000000,663.100000,677.300000,815.900000,579.000000,924.300000,695.600000,840.900000,1079.000000,739.300000,838.100000,810.200000,533.700000,934.300000,1153.600000,1149.600000,1203.300000,1282.300000,1365.800000,1653.100000,
174,'620,Portugal,536,'01346,Plums and sloes,5531,Producer Price (SLC/tonne),7021,Annual value,SLC,594.700000,338.000000,344.400000,457.800000,639.800000,329.800000,347.000000,697.100000,748.200000,598.600000,798.100000,743.400000,1350.000000,1391.600000,1300.000000,663.100000,677.300000,815.900000,579.000000,924.300000,695.600000,840.900000,1079.000000,739.300000,838.100000,810.200000,533.700000,934.300000,1153.600000,1149.600000,1203.300000,1282.300000,1365.800000,1653.100000,
174,'620,Portugal,536,'01346,Plums and sloes,5532,Producer Price (USD/tonne),7021,Annual value,USD,825.200000,502.000000,429.400000,552.900000,848.900000,428.700000,396.800000,776.000000,797.100000,551.500000,714.200000,699.600000,1523.600000,1727.900000,1616.700000,831.800000,927.000000,1195.200000,804.300000,1224.200000,967.000000,1080.400000,1432.600000,980.900000,929.500000,896.200000,602.900000,1103.400000,1291.400000,1313.100000,1423.200000,1350.300000,1476.800000,1788.400000,
174,'620,Portugal,536,'01346,Plums and sloes,5539,Producer Price Index (2014-2016 = 100),7021,Annual value,,74.720000,42.470000,43.270000,57.520000,80.390000,41.440000,43.600000,87.590000,94.010000,75.210000,100.280000,93.410000,169.630000,174.850000,163.340000,83.320000,85.100000,102.520000,72.750000,116.140000,87.400000,105.660000,135.580000,92.890000,105.310000,101.800000,67.060000,117.390000,144.950000,144.450000,151.190000,161.120000,171.610000,207.710000,240.280000
174,'620,Portugal,507,'01321,Pomelos and grapefruits,5530,Producer Price (LCU/tonne),7021,Annual value,LCU,,58470.000000,46380.000000,43300.000000,,,,,,,,,,,,,,,,,,510.100000,648.000000,639.300000,638.700000,617.100000,519.300000,519.300000,582.100000,766.700000,727.700000,922.600000,,,
174,'620,Portugal,507,'01321,Pomelos and grapefruits,5531,Producer Price (SLC/tonne),7021,Annual value,SLC,,291.600000,231.300000,216.000000,,,,,,,,,,,,,,,,,,510.100000,648.000000,639.300000,638.700000,617.100000,519.300000,519.300000,582.100000,766.700000,727.700000,922.600000,,,
174,'620,Portugal,507,'01321,Pomelos and grapefruits,5532,Producer Price (USD/tonne),7021,Annual value,USD,,433.100000,288.400000,260.900000,,,,,,,,,,,,,,,,,,655.400000,860.400000,848.200000,708.400000,682.600000,586.600000,613.300000,651.600000,875.700000,860.700000,971.500000,,,
174,'620,Portugal,507,'01321,Pomelos and grapefruits,5539,Producer Price Index (2014-2016 = 100),7021,Annual value,,43.990000,46.170000,36.620000,34.190000,35.620000,38.980000,40.360000,32.770000,40.540000,27.210000,56.560000,32.140000,33.090000,37.570000,21.050000,40.420000,43.340000,46.710000,35.870000,50.160000,40.080000,80.750000,102.580000,101.200000,101.110000,97.690000,82.210000,82.210000,92.150000,121.370000,115.200000,146.050000,132.870000,137.220000,141.570000
174,'620,Portugal,116,'01510,Potatoes,5530,Producer Price (LCU/tonne),7021,Annual value,LCU,38051.000000,20600.000000,23216.000000,36808.000000,38954.000000,21591.900000,27646.500000,34903.900000,29972.100000,37430.000000,38573.000000,114.900000,142.800000,193.200000,174.600000,223.600000,241.300000,200.000000,167.100000,249.600000,233.000000,208.400000,371.600000,176.500000,203.500000,337.200000,247.100000,284.000000,298.800000,241.000000,286.400000,384.400000,542.900000,568.500000,
174,'620,Portugal,116,'01510,Potatoes,5531,Producer Price (SLC/tonne),7021,Annual value,SLC,189.800000,102.800000,115.800000,183.600000,194.300000,107.700000,137.900000,174.100000,149.500000,186.700000,192.400000,114.900000,142.800000,193.200000,174.600000,223.600000,241.300000,200.000000,167.100000,249.600000,233.000000,208.400000,371.600000,176.500000,203.500000,337.200000,247.100000,284.000000,298.800000,241.000000,286.400000,384.400000,542.900000,568.500000,
174,'620,Portugal,116,'01510,Potatoes,5532,Producer Price (USD/tonne),7021,Annual value,USD,263.400000,152.600000,144.400000,221.700000,257.800000,140.000000,157.700000,193.800000,159.300000,172.000000,172.200000,108.100000,161.200000,239.900000,217.100000,280.500000,330.300000,293.000000,232.100000,330.600000,323.900000,267.800000,493.400000,234.200000,225.700000,373.000000,279.100000,335.400000,334.500000,275.300000,338.700000,404.800000,587.000000,615.000000,
174,'620,Portugal,116,'01510,Potatoes,5539,Producer Price Index (2014-2016 = 100),7021,Annual value,,79.390000,42.980000,48.440000,76.800000,81.280000,45.050000,57.680000,72.820000,62.530000,78.100000,80.480000,48.060000,59.730000,80.810000,73.030000,93.530000,100.930000,83.660000,69.900000,104.410000,97.460000,87.170000,155.440000,73.830000,85.120000,141.050000,103.360000,118.800000,124.990000,100.810000,119.800000,160.790000,227.090000,237.800000,262.210000
174,'620,Portugal,394,'01235,"Pumpkins, squash and gourds",5530,Producer Price (LCU/tonne),7021,Annual value,LCU,,,,,,,,,,,,,,,,,,,,,,284.100000,340.600000,149.200000,205.000000,213.500000,205.300000,248.200000,330.300000,246.100000,271.800000,331.900000,415.700000,401.600000,
174,'620,Portugal,394,'01235,"Pumpkins, squash and gourds",5531,Producer Price (SLC/tonne),7021,Annual value,SLC,,,,,,,,,,,,,,,,,,,,,,284.100000,340.600000,149.200000,205.000000,213.500000,205.300000,248.200000,330.300000,246.100000,271.800000,331.900000,415.700000,401.600000,
174,'620,Portugal,394,'01235,"Pumpkins, squash and gourds",5532,Producer Price (USD/tonne),7021,Annual value,USD,,,,,,,,,,,,,,,,,,,,,,365.000000,452.200000,197.900000,227.400000,236.200000,231.900000,293.100000,369.800000,281.100000,321.500000,349.500000,449.500000,434.500000,
174,'620,Portugal,394,'01235,"Pumpkins, squash and gourds",5539,Producer Price Index (2014-2016 = 100),7021,Annual value,,134.940000,118.980000,118.980000,108.530000,131.490000,122.290000,166.290000,135.890000,125.580000,183.750000,115.730000,181.050000,295.090000,155.950000,245.460000,183.160000,255.580000,272.090000,154.050000,276.290000,196.410000,150.130000,179.990000,78.840000,108.330000,112.820000,108.490000,131.160000,174.550000,130.050000,143.630000,175.390000,219.680000,212.220000,227.870000
174,'620,Portugal,523,'01342.02,Quinces,5530,Producer Price (LCU/tonne),7021,Annual value,LCU,,,,,,,,,,,,,,,,,,,,,,800.000000,841.800000,692.400000,910.900000,729.700000,918.700000,1000.000000,1000.000000,949.200000,1200.000000,1300.000000,1800.000000,1900.000000,
174,'620,Portugal,523,'01342.02,Quinces,5531,Producer Price (SLC/tonne),7021,Annual value,SLC,,,,,,,,,,,,,,,,,,,,,,800.000000,841.800000,692.400000,910.900000,729.700000,918.700000,1000.000000,1000.000000,949.200000,1200.000000,1300.000000,1800.000000,1900.000000,
174,'620,Portugal,523,'01342.02,Quinces,5532,Producer Price (USD/tonne),7021,Annual value,USD,,,,,,,,,,,,,,,,,,,,,,1027.900000,1117.700000,918.600000,1010.200000,807.200000,1037.800000,1181.000000,1119.500000,1084.200000,1419.300000,1369.000000,1946.300000,2055.500000,
174,'620,Portugal,523,'01342.02,Quinces,5539,Producer Price Index (2014-2016 = 100),7021,Annual value,,33.350000,32.570000,36.440000,35.670000,43.600000,58.500000,42.820000,84.630000,51.160000,43.610000,47.170000,54.010000,83.840000,87.690000,80.580000,84.500000,90.870000,96.120000,88.360000,88.470000,93.610000,102.870000,108.250000,89.040000,117.130000,93.830000,118.140000,128.590000,128.590000,122.060000,154.310000,167.170000,231.460000,244.320000,283.310000
174,'620,Portugal,547,'01353.01,Raspberries,5530,Producer Price (LCU/tonne),7021,Annual value,LCU,,,,,,,,,,,,,,,,,,,,,,10823.100000,9065.600000,8535.400000,8488.500000,8195.900000,7702.600000,7508.800000,6779.000000,6983.600000,6615.900000,6109.900000,6651.700000,7565.300000,
174,'620,Portugal,547,'01353.01,Raspberries,5531,Producer Price (SLC/tonne),7021,Annual value,SLC,,,,,,,,,,,,,,,,,,,,,,10823.100000,9065.600000,8535.400000,8488.500000,8195.900000,7702.600000,7508.800000,6779.000000,6983.600000,6615.900000,6109.900000,6651.700000,7565.300000,
174,'620,Portugal,547,'01353.01,Raspberries,5532,Producer Price (USD/tonne),7021,Annual value,USD,,,,,,,,,,,,,,,,,,,,,,13906.200000,12036.800000,11324.200000,9414.300000,9065.900000,8701.500000,8867.600000,7588.900000,7976.600000,7824.900000,6434.000000,7192.300000,8184.300000,
174,'620,Portugal,547,'01353.01,Raspberries,5539,Producer Price Index (2014-2016 = 100),7021,Annual value,,14.680000,14.210000,12.460000,10.930000,10.060000,14.180000,10.900000,12.550000,11.780000,10.580000,19.880000,23.180000,26.280000,28.430000,28.440000,29.410000,32.860000,35.260000,35.150000,33.440000,26.270000,128.750000,107.840000,101.530000,100.970000,97.490000,91.630000,89.320000,80.640000,83.070000,78.700000,72.680000,79.120000,89.990000,100.860000
174,'620,Portugal,882,'02211,Raw milk of cattle,5530,Producer Price (LCU/tonne),7021,Annual value,LCU,54671.000000,52386.000000,55614.000000,59704.000000,57418.000000,55112.500000,56656.200000,58280.100000,58861.500000,59904.000000,64495.100000,328.700000,322.800000,327.800000,319.000000,289.000000,324.600000,362.200000,293.100000,289.800000,314.200000,298.500000,328.100000,344.400000,292.200000,272.100000,290.300000,301.300000,300.800000,297.500000,299.400000,414.300000,485.100000,435.000000,
174,'620,Portugal,882,'02211,Raw milk of cattle,5531,Producer Price (SLC/tonne),7021,Annual value,SLC,272.700000,261.300000,277.400000,297.800000,286.400000,274.900000,282.600000,290.700000,293.600000,298.800000,321.700000,328.700000,322.800000,327.800000,319.000000,289.000000,324.600000,362.200000,293.100000,289.800000,314.200000,298.500000,328.100000,344.400000,292.200000,272.100000,290.300000,301.300000,300.800000,297.500000,299.400000,414.300000,485.100000,435.000000,
174,'620,Portugal,882,'02211,Raw milk of cattle,5532,Producer Price (USD/tonne),7021,Annual value,USD,378.400000,388.100000,345.900000,359.700000,380.000000,357.300000,323.200000,323.600000,312.800000,275.300000,287.900000,309.300000,364.300000,407.000000,396.700000,362.500000,444.300000,530.600000,407.200000,383.800000,436.800000,383.500000,435.600000,456.900000,324.100000,301.000000,327.900000,355.800000,336.700000,339.800000,354.100000,436.300000,524.500000,470.600000,
174,'620,Portugal,882,'02211,Raw milk of cattle,5539,Producer Price Index (2014-2016 = 100),7021,Annual value,,90.030000,86.270000,91.580000,98.320000,94.550000,90.760000,93.300000,95.970000,96.930000,98.650000,106.210000,108.520000,106.570000,108.220000,105.320000,95.410000,107.160000,119.580000,96.760000,95.680000,103.730000,98.550000,108.320000,113.700000,96.470000,89.830000,95.840000,99.470000,99.310000,98.220000,98.840000,136.780000,160.150000,143.610000,127.070000
174,'620,Portugal,1020,'02292,Raw milk of goats,5530,Producer Price (LCU/tonne),7021,Annual value,LCU,55995.000000,45008.000000,52506.000000,52506.000000,57870.000000,66359.500000,65698.000000,67402.000000,67201.600000,66760.500000,66580.100000,332.300000,323.000000,357.100000,350.200000,412.500000,436.000000,454.700000,532.600000,525.500000,482.200000,576.400000,657.200000,698.800000,708.600000,702.700000,711.700000,698.700000,753.700000,753.400000,766.800000,887.300000,979.500000,1051.900000,
174,'620,Portugal,1020,'02292,Raw milk of goats,5531,Producer Price (SLC/tonne),7021,Annual value,SLC,279.300000,224.500000,261.900000,261.900000,288.700000,331.000000,327.700000,336.200000,335.200000,333.000000,332.100000,332.300000,323.000000,357.100000,350.200000,412.500000,436.000000,454.700000,532.600000,525.500000,482.200000,576.400000,657.200000,698.800000,708.600000,702.700000,711.700000,698.700000,753.700000,753.400000,766.800000,887.300000,979.500000,1051.900000,
174,'620,Portugal,1020,'02292,Raw milk of goats,5532,Producer Price (USD/tonne),7021,Annual value,USD,387.600000,333.400000,326.500000,316.300000,383.000000,430.200000,374.700000,374.200000,357.100000,306.800000,297.200000,312.700000,364.500000,443.400000,435.500000,517.500000,596.700000,666.100000,739.900000,696.000000,670.300000,740.600000,872.600000,927.100000,785.900000,777.300000,804.000000,825.100000,843.700000,860.500000,906.900000,934.400000,1059.100000,1138.000000,
174,'620,Portugal,1020,'02292,Raw milk of goats,5539,Producer Price Index (2014-2016 = 100),7021,Annual value,,39.710000,31.920000,37.240000,37.240000,41.040000,47.060000,46.590000,47.800000,47.660000,47.340000,47.220000,47.240000,45.920000,50.770000,49.790000,58.650000,61.990000,64.650000,75.720000,74.710000,68.560000,81.950000,93.440000,99.350000,100.740000,99.910000,101.180000,99.340000,107.160000,107.110000,109.020000,126.150000,139.260000,149.550000,160.660000
174,'620,Portugal,982,'02291,Raw milk of sheep,5530,Producer Price (LCU/tonne),7021,Annual value,LCU,134000.000000,185005.000000,164997.000000,164997.000000,176484.000000,188052.100000,188713.700000,184062.500000,185105.000000,186668.800000,187571.000000,915.900000,894.400000,877.300000,913.200000,869.100000,843.100000,922.500000,939.400000,942.000000,885.300000,911.100000,944.200000,1013.600000,1095.700000,1068.200000,1062.000000,1062.400000,1089.500000,1077.600000,1131.900000,1248.800000,1474.700000,1675.900000,
174,'620,Portugal,982,'02291,Raw milk of sheep,5531,Producer Price (SLC/tonne),7021,Annual value,SLC,668.400000,922.800000,823.000000,823.000000,880.300000,938.000000,941.300000,918.100000,923.300000,931.100000,935.600000,915.900000,894.400000,877.300000,913.200000,869.100000,843.100000,922.500000,939.400000,942.000000,885.300000,911.100000,944.200000,1013.600000,1095.700000,1068.200000,1062.000000,1062.400000,1089.500000,1077.600000,1131.900000,1248.800000,1474.700000,1675.900000,
174,'620,Portugal,982,'02291,Raw milk of sheep,5532,Producer Price (USD/tonne),7021,Annual value,USD,927.500000,1370.400000,1026.100000,994.000000,1168.000000,1219.200000,1076.400000,1022.000000,983.700000,857.800000,837.200000,862.000000,1009.400000,1089.300000,1135.700000,1090.300000,1153.900000,1351.300000,1305.000000,1247.600000,1230.700000,1170.600000,1253.700000,1344.800000,1215.200000,1181.600000,1199.700000,1254.600000,1219.700000,1230.800000,1338.700000,1315.000000,1594.500000,1813.000000,
174,'620,Portugal,982,'02291,Raw milk of sheep,5539,Producer Price Index (2014-2016 = 100),7021,Annual value,,63.110000,87.130000,77.700000,77.700000,83.110000,88.560000,88.870000,86.680000,87.170000,87.910000,88.330000,86.470000,84.440000,82.830000,86.220000,82.060000,79.600000,87.100000,88.690000,88.940000,83.580000,86.020000,89.150000,95.700000,103.450000,100.850000,100.270000,100.310000,102.860000,101.740000,106.870000,117.900000,139.230000,158.230000,177.220000
174,'620,Portugal,27,'0113,Rice,5530,Producer Price (LCU/tonne),7021,Annual value,LCU,68204.000000,68304.000000,72915.000000,89996.000000,79992.000000,70008.300000,65998.700000,62991.400000,56997.000000,60004.300000,62009.000000,300.000000,290.000000,160.000000,193.900000,222.800000,280.700000,383.700000,225.400000,271.800000,294.500000,296.700000,270.800000,296.000000,301.300000,274.000000,276.500000,312.200000,333.000000,377.200000,343.500000,486.800000,531.500000,423.100000,
174,'620,Portugal,27,'0113,Rice,5531,Producer Price (SLC/tonne),7021,Annual value,SLC,340.200000,340.700000,363.700000,448.900000,399.000000,349.200000,329.200000,314.200000,284.300000,299.300000,309.300000,300.000000,290.000000,160.000000,193.900000,222.800000,280.700000,383.700000,225.400000,271.800000,294.500000,296.700000,270.800000,296.000000,301.300000,274.000000,276.500000,312.200000,333.000000,377.200000,343.500000,486.800000,531.500000,423.100000,
174,'620,Portugal,27,'0113,Rice,5532,Producer Price (USD/tonne),7021,Annual value,USD,472.100000,506.000000,453.500000,542.200000,529.400000,453.900000,376.500000,349.700000,302.900000,275.800000,276.800000,282.300000,327.300000,198.700000,241.100000,279.500000,384.200000,562.100000,313.100000,360.000000,409.400000,381.200000,359.600000,392.700000,334.200000,303.100000,312.400000,368.700000,372.800000,430.800000,406.300000,512.600000,574.700000,457.700000,
174,'620,Portugal,27,'0113,Rice,5539,Producer Price Index (2014-2016 = 100),7021,Annual value,,117.140000,117.310000,125.230000,154.560000,137.380000,120.230000,113.350000,108.180000,97.890000,103.050000,106.500000,103.290000,99.850000,55.090000,66.760000,76.710000,96.650000,132.110000,77.610000,93.580000,101.400000,102.160000,93.240000,101.920000,103.740000,94.340000,95.200000,107.490000,114.660000,129.870000,118.270000,167.610000,183.000000,145.680000,134.080000
174,'620,Portugal,71,'0116,Rye,5530,Producer Price (LCU/tonne),7021,Annual value,LCU,33420.000000,32057.000000,30674.000000,28709.000000,28709.000000,26002.500000,26002.500000,23496.500000,23997.700000,21992.900000,22995.000000,122.000000,130.000000,130.000000,120.000000,120.000000,145.800000,193.700000,132.500000,149.800000,163.200000,200.400000,210.000000,210.000000,196.900000,200.000000,190.000000,188.400000,170.000000,160.000000,180.000000,269.600000,275.000000,217.500000,
174,'620,Portugal,71,'0116,Rye,5531,Producer Price (SLC/tonne),7021,Annual value,SLC,166.700000,159.900000,153.000000,143.200000,143.200000,129.700000,129.700000,117.200000,119.700000,109.700000,114.700000,122.000000,130.000000,130.000000,120.000000,120.000000,145.800000,193.700000,132.500000,149.800000,163.200000,200.400000,210.000000,210.000000,196.900000,200.000000,190.000000,188.400000,170.000000,160.000000,180.000000,269.600000,275.000000,217.500000,
174,'620,Portugal,71,'0116,Rye,5532,Producer Price (USD/tonne),7021,Annual value,USD,231.300000,237.500000,190.800000,173.000000,190.000000,168.600000,148.300000,130.500000,127.500000,101.100000,102.600000,114.800000,146.700000,161.400000,149.200000,150.500000,199.600000,283.700000,184.100000,198.400000,226.900000,257.500000,278.800000,278.600000,218.400000,221.200000,214.600000,222.500000,190.300000,182.800000,212.900000,283.900000,297.300000,235.300000,
174,'620,Portugal,71,'0116,Rye,5539,Producer Price Index (2014-2016 = 100),7021,Annual value,,82.400000,79.040000,75.630000,70.790000,70.790000,64.110000,64.110000,57.930000,59.170000,54.230000,56.700000,60.310000,64.260000,64.260000,59.320000,59.320000,72.070000,95.750000,65.500000,74.050000,80.670000,99.060000,103.810000,103.810000,97.330000,98.860000,93.920000,93.130000,84.030000,79.090000,88.980000,133.270000,135.940000,107.510000,131.440000
174,'620,Portugal,987,'02941,"Shorn wool, greasy, including fleece-washed shorn wool",5530,Producer Price (LCU/tonne),7021,Annual value,LCU,146730.000000,135005.000000,135005.000000,139997.000000,110004.000000,101664.400000,114876.200000,125140.900000,119788.000000,113111.900000,95128.700000,535.000000,559.700000,485.100000,417.500000,545.200000,645.500000,,,,,1020.200000,1193.700000,1043.300000,1336.000000,1341.200000,1146.200000,1302.200000,1083.900000,433.600000,327.100000,312.300000,285.500000,262.400000,
174,'620,Portugal,987,'02941,"Shorn wool, greasy, including fleece-washed shorn wool",5531,Producer Price (SLC/tonne),7021,Annual value,SLC,731.900000,673.400000,673.400000,698.300000,548.700000,507.100000,573.000000,624.200000,597.500000,564.200000,474.500000,535.000000,559.700000,485.100000,417.500000,545.200000,645.500000,,,,,1020.200000,1193.700000,1043.300000,1336.000000,1341.200000,1146.200000,1302.200000,1083.900000,433.600000,327.100000,312.300000,285.500000,262.400000,
174,'620,Portugal,987,'02941,"Shorn wool, greasy, including fleece-washed shorn wool",5532,Producer Price (USD/tonne),7021,Annual value,USD,1015.600000,1000.100000,839.600000,843.400000,728.000000,659.100000,655.300000,694.800000,636.600000,519.800000,424.600000,503.500000,631.700000,602.300000,519.200000,683.900000,883.500000,,,,,1310.800000,1584.900000,1384.200000,1481.700000,1483.600000,1294.800000,1537.800000,1213.400000,495.300000,386.900000,328.900000,308.700000,283.900000,
174,'620,Portugal,987,'02941,"Shorn wool, greasy, including fleece-washed shorn wool",5539,Producer Price Index (2014-2016 = 100),7021,Annual value,,59.020000,54.300000,54.300000,56.310000,44.240000,40.890000,46.200000,50.330000,48.180000,45.490000,38.260000,43.140000,45.130000,39.120000,33.660000,43.960000,52.050000,46.130000,86.920000,88.170000,82.100000,82.260000,96.250000,84.130000,107.730000,108.150000,92.420000,105.000000,87.400000,34.960000,26.380000,25.180000,23.020000,21.160000,19.300000
174,'620,Portugal,530,'01344.01,Sour cherries,5539,Producer Price Index (2014-2016 = 100),7021,Annual value,,51.350000,38.270000,56.740000,56.010000,60.720000,65.160000,59.460000,82.160000,47.780000,77.320000,71.350000,67.380000,101.200000,102.530000,74.510000,83.590000,106.980000,85.420000,67.720000,106.020000,74.850000,74.090000,95.890000,87.370000,80.050000,132.590000,57.220000,85.270000,91.330000,84.720000,83.760000,90.600000,87.170000,84.850000,84.340000
174,'620,Portugal,373,'01215,Spinach,5530,Producer Price (LCU/tonne),7021,Annual value,LCU,,,,,,,,,,157939.700000,157939.700000,787.800000,787.800000,710.400000,728.200000,760.600000,678.200000,718.400000,809.000000,912.000000,718.600000,617.700000,683.600000,568.500000,585.900000,891.800000,510.800000,455.500000,510.600000,560.200000,563.000000,635.000000,803.500000,922.500000,
174,'620,Portugal,373,'01215,Spinach,5531,Producer Price (SLC/tonne),7021,Annual value,SLC,,,,,,,,,,787.800000,787.800000,787.800000,787.800000,710.400000,728.200000,760.600000,678.200000,718.400000,809.000000,912.000000,718.600000,617.700000,683.600000,568.500000,585.900000,891.800000,510.800000,455.500000,510.600000,560.200000,563.000000,635.000000,803.500000,922.500000,
174,'620,Portugal,373,'01215,Spinach,5532,Producer Price (USD/tonne),7021,Annual value,USD,,,,,,,,,,725.800000,705.000000,741.400000,889.100000,882.100000,905.600000,954.200000,928.200000,1052.300000,1123.900000,1207.900000,999.000000,793.700000,907.600000,754.200000,649.800000,986.500000,577.000000,537.900000,571.600000,639.900000,665.900000,668.700000,868.800000,998.000000,
174,'620,Portugal,373,'01215,Spinach,5539,Producer Price Index (2014-2016 = 100),7021,Annual value,,27.540000,33.290000,41.850000,34.800000,34.730000,50.350000,54.340000,54.470000,55.230000,115.500000,115.500000,115.500000,115.500000,104.150000,106.760000,111.510000,99.430000,105.330000,118.610000,133.710000,105.360000,90.560000,100.220000,83.350000,85.900000,130.750000,74.890000,66.780000,74.860000,82.130000,82.540000,93.100000,117.800000,135.250000,152.700000
174,'620,Portugal,544,'01354,Strawberries,5530,Producer Price (LCU/tonne),7021,Annual value,LCU,242563.000000,234865.000000,205795.000000,180654.000000,166220.000000,244808.600000,268886.500000,345129.800000,319387.900000,315839.300000,328409.600000,1910.400000,2165.800000,2342.600000,2344.000000,2423.300000,2708.000000,2905.600000,2896.400000,2755.600000,2165.100000,2174.800000,2170.800000,1872.400000,2132.800000,2243.700000,2592.900000,2336.900000,2732.300000,2843.900000,2860.800000,2926.200000,3349.700000,3476.400000,
174,'620,Portugal,544,'01354,Strawberries,5531,Producer Price (SLC/tonne),7021,Annual value,SLC,1209.900000,1171.500000,1026.500000,901.100000,829.100000,1221.100000,1341.200000,1721.500000,1593.100000,1575.400000,1638.100000,1910.400000,2165.800000,2342.600000,2344.000000,2423.300000,2708.000000,2905.600000,2896.400000,2755.600000,2165.100000,2174.800000,2170.800000,1872.400000,2132.800000,2243.700000,2592.900000,2336.900000,2732.300000,2843.900000,2860.800000,2926.200000,3349.700000,3476.400000,
174,'620,Portugal,544,'01354,Strawberries,5532,Producer Price (USD/tonne),7021,Annual value,USD,1678.800000,1739.800000,1279.800000,1088.300000,1100.000000,1587.200000,1533.800000,1916.300000,1697.300000,1451.400000,1465.900000,1797.900000,2444.400000,2908.700000,2915.000000,3040.000000,3706.400000,4256.200000,4023.700000,3649.600000,3009.800000,2794.300000,2882.300000,2484.200000,2365.400000,2481.900000,2929.200000,2759.800000,3058.700000,3248.300000,3383.600000,3081.400000,3621.900000,3760.800000,
174,'620,Portugal,544,'01354,Strawberries,5539,Producer Price Index (2014-2016 = 100),7021,Annual value,,58.090000,56.240000,49.280000,43.260000,39.800000,58.620000,64.390000,82.650000,76.480000,75.630000,78.640000,91.720000,103.980000,112.460000,112.530000,116.340000,130.010000,139.490000,139.050000,132.290000,103.940000,104.410000,104.220000,89.890000,102.390000,107.720000,124.480000,112.190000,131.170000,136.530000,137.340000,140.480000,160.810000,166.900000,174.370000
174,'620,Portugal,157,'01801,Sugar beet,5530,Producer Price (LCU/tonne),7021,Annual value,LCU,8500.000000,8500.000000,8500.000000,8500.000000,10499.000000,10499.000000,11868.500000,10344.900000,8059.400000,9402.600000,10886.200000,43.800000,47.600000,47.000000,47.800000,40.300000,30.200000,47.000000,47.000000,68.400000,74.200000,,,,,,,,,,,,,,
174,'620,Portugal,157,'01801,Sugar beet,5531,Producer Price (SLC/tonne),7021,Annual value,SLC,42.400000,42.400000,42.400000,42.400000,52.400000,52.400000,59.200000,51.600000,40.200000,46.900000,54.300000,43.800000,47.600000,47.000000,47.800000,40.300000,30.200000,47.000000,47.000000,68.400000,74.200000,,,,,,,,,,,,,,
174,'620,Portugal,157,'01801,Sugar beet,5532,Producer Price (USD/tonne),7021,Annual value,USD,58.800000,63.000000,52.900000,51.200000,69.500000,68.100000,67.700000,57.400000,42.800000,43.200000,48.600000,41.200000,53.700000,58.400000,59.400000,50.600000,41.300000,68.800000,65.300000,90.600000,103.100000,,,,,,,,,,,,,,
174,'620,Portugal,157,'01801,Sugar beet,5539,Producer Price Index (2014-2016 = 100),7021,Annual value,,63.160000,63.160000,63.160000,63.160000,78.010000,78.010000,88.190000,76.870000,59.890000,69.870000,80.890000,65.250000,70.910000,70.020000,71.210000,60.030000,44.990000,70.000000,70.000000,101.920000,110.490000,100.980000,98.550000,100.330000,98.660000,101.000000,111.080000,119.830000,119.640000,109.080000,108.080000,103.940000,106.640000,116.890000,104.080000
174,'620,Portugal,156,'01802,Sugar cane,5530,Producer Price (LCU/tonne),7021,Annual value,LCU,,,,,,,,,,,,,,,,,,,,,,260.000000,270.000000,270.000000,270.000000,270.000000,270.000000,270.000000,,,280.000000,298.000000,334.000000,400.000000,
174,'620,Portugal,156,'01802,Sugar cane,5531,Producer Price (SLC/tonne),7021,Annual value,SLC,,,,,,,,,,,,,,,,,,,,,,260.000000,270.000000,270.000000,270.000000,270.000000,270.000000,270.000000,,,280.000000,298.000000,334.000000,400.000000,
174,'620,Portugal,156,'01802,Sugar cane,5532,Producer Price (USD/tonne),7021,Annual value,USD,,,,,,,,,,,,,,,,,,,,,,334.100000,358.500000,358.200000,299.400000,298.700000,305.000000,318.900000,,,331.200000,313.800000,361.100000,432.700000,
174,'620,Portugal,156,'01802,Sugar cane,5539,Producer Price Index (2014-2016 = 100),7021,Annual value,,7.390000,7.390000,7.390000,7.390000,9.130000,9.130000,9.130000,9.920000,8.950000,9.930000,10.800000,8.520000,7.410000,7.590000,7.960000,6.700000,5.020000,7.810000,7.810000,11.380000,12.330000,96.300000,100.000000,100.000000,100.000000,100.000000,100.000000,100.000000,134.320000,134.950000,103.700000,110.370000,123.700000,148.150000,172.590000
174,'620,Portugal,267,'01445,Sunflower seed,5530,Producer Price (LCU/tonne),7021,Annual value,LCU,104992.000000,25000.000000,45008.000000,63994.000000,52005.000000,36507.800000,40998.600000,47754.800000,42001.000000,36007.000000,53008.000000,260.000000,205.000000,210.000000,183.200000,215.000000,324.500000,490.300000,250.000000,283.500000,320.000000,520.000000,350.000000,330.000000,375.000000,378.800000,385.000000,350.000000,369.500000,350.000000,515.500000,792.900000,435.000000,425.300000,
174,'620,Portugal,267,'01445,Sunflower seed,5531,Producer Price (SLC/tonne),7021,Annual value,SLC,523.700000,124.700000,224.500000,319.200000,259.400000,182.100000,204.500000,238.200000,209.500000,179.600000,264.400000,260.000000,205.000000,210.000000,183.200000,215.000000,324.500000,490.300000,250.000000,283.500000,320.000000,520.000000,350.000000,330.000000,375.000000,378.800000,385.000000,350.000000,369.500000,350.000000,515.500000,792.900000,435.000000,425.300000,
174,'620,Portugal,267,'01445,Sunflower seed,5532,Producer Price (USD/tonne),7021,Annual value,USD,726.700000,185.200000,279.900000,385.500000,344.200000,236.700000,233.900000,265.200000,223.200000,165.500000,236.600000,244.700000,231.400000,260.800000,227.800000,269.700000,444.100000,718.200000,347.300000,375.500000,444.800000,668.100000,464.700000,437.800000,415.900000,419.000000,434.900000,413.300000,413.600000,399.800000,609.700000,835.000000,470.400000,460.100000,
174,'620,Portugal,267,'01445,Sunflower seed,5539,Producer Price Index (2014-2016 = 100),7021,Annual value,,144.960000,34.520000,62.140000,88.360000,71.800000,50.410000,56.610000,65.930000,57.990000,49.710000,73.190000,71.970000,56.740000,58.130000,50.710000,59.510000,89.820000,135.720000,69.200000,78.470000,88.580000,143.940000,96.880000,91.350000,103.800000,104.850000,106.570000,96.880000,102.280000,96.880000,142.690000,219.480000,120.410000,117.720000,150.010000
174,'620,Portugal,122,'01530,Sweet potatoes,5530,Producer Price (LCU/tonne),7021,Annual value,LCU,,,,,,,,,,133340.600000,136548.300000,575.700000,1171.000000,922.900000,954.000000,1097.000000,735.400000,,,,,1441.300000,919.600000,951.200000,808.800000,884.800000,831.100000,1014.200000,930.600000,796.200000,641.400000,658.800000,831.000000,748.400000,
174,'620,Portugal,122,'01530,Sweet potatoes,5531,Producer Price (SLC/tonne),7021,Annual value,SLC,,,,,,,,,,665.100000,681.100000,575.700000,1171.000000,922.900000,954.000000,1097.000000,735.400000,,,,,1441.300000,919.600000,951.200000,808.800000,884.800000,831.100000,1014.200000,930.600000,796.200000,641.400000,658.800000,831.000000,748.400000,
174,'620,Portugal,122,'01530,Sweet potatoes,5532,Producer Price (USD/tonne),7021,Annual value,USD,,,,,,,,,,612.800000,609.500000,541.800000,1321.600000,1145.900000,1186.400000,1376.200000,1006.500000,,,,,1851.900000,1221.000000,1262.000000,897.000000,978.700000,938.900000,1197.700000,1041.800000,909.400000,758.600000,693.700000,898.500000,809.600000,
174,'620,Portugal,122,'01530,Sweet potatoes,5539,Producer Price Index (2014-2016 = 100),7021,Annual value,,76.690000,41.520000,46.790000,74.190000,78.510000,43.520000,55.720000,70.350000,60.410000,75.440000,77.260000,65.300000,132.830000,104.680000,108.210000,124.430000,83.420000,68.650000,58.600000,87.830000,82.190000,163.490000,104.310000,107.890000,91.740000,100.360000,94.270000,115.040000,105.560000,90.310000,72.750000,74.730000,94.260000,84.890000,83.020000
174,'620,Portugal,495,'01324,"Tangerines, mandarins, clementines",5530,Producer Price (LCU/tonne),7021,Annual value,LCU,79311.000000,96231.000000,102346.000000,100421.000000,70008.000000,96792.700000,93785.500000,83901.700000,113011.700000,67362.000000,112410.300000,437.500000,444.800000,427.400000,610.600000,389.300000,495.500000,535.800000,557.300000,563.900000,591.600000,526.900000,635.600000,624.400000,615.600000,804.100000,821.700000,849.600000,837.600000,924.000000,954.800000,973.700000,1389.200000,1098.200000,
174,'620,Portugal,495,'01324,"Tangerines, mandarins, clementines",5531,Producer Price (SLC/tonne),7021,Annual value,SLC,395.600000,480.000000,510.500000,500.900000,349.200000,482.800000,467.800000,418.500000,563.700000,336.000000,560.700000,437.500000,444.800000,427.400000,610.600000,389.300000,495.500000,535.800000,557.300000,563.900000,591.600000,526.900000,635.600000,624.400000,615.600000,804.100000,821.700000,849.600000,837.600000,924.000000,954.800000,973.700000,1389.200000,1098.200000,
174,'620,Portugal,495,'01324,"Tangerines, mandarins, clementines",5532,Producer Price (USD/tonne),7021,Annual value,USD,548.900000,712.800000,636.500000,605.000000,463.300000,627.500000,535.000000,465.900000,600.600000,309.600000,501.700000,411.700000,502.000000,530.700000,759.300000,488.400000,678.200000,784.900000,774.200000,746.800000,822.400000,677.000000,843.900000,828.400000,682.700000,889.500000,928.300000,1003.300000,937.700000,1055.400000,1129.300000,1025.400000,1502.100000,1188.100000,
174,'620,Portugal,495,'01324,"Tangerines, mandarins, clementines",5539,Producer Price Index (2014-2016 = 100),7021,Annual value,,58.060000,70.450000,74.920000,73.510000,51.250000,70.860000,68.660000,61.420000,82.730000,49.310000,82.290000,64.210000,65.280000,62.730000,89.610000,57.140000,72.720000,78.640000,81.790000,82.760000,86.830000,77.330000,93.280000,91.640000,90.350000,118.010000,120.600000,124.690000,122.930000,135.610000,140.130000,142.900000,203.880000,161.180000,164.090000
174,'620,Portugal,667,'01620,Tea leaves,5539,Producer Price Index (2014-2016 = 100),7021,Annual value,,566.330000,564.850000,554.430000,527.650000,530.870000,543.350000,549.670000,594.430000,630.990000,638.800000,92.560000,95.370000,96.730000,96.450000,94.840000,99.580000,103.940000,103.370000,98.820000,104.040000,104.040000,100.910000,109.550000,105.100000,98.930000,95.960000,100.350000,101.740000,102.770000,102.550000,106.200000,101.210000,108.370000,109.540000,110.720000
174,'620,Portugal,388,'01234,Tomatoes,5530,Producer Price (LCU/tonne),7021,Annual value,LCU,40170.000000,48560.000000,61040.000000,50760.000000,50660.000000,88893.700000,90497.600000,104170.400000,89996.400000,119367.000000,94467.000000,667.100000,593.100000,539.000000,637.100000,354.600000,390.400000,490.500000,443.200000,545.800000,439.100000,576.500000,528.800000,540.600000,618.300000,591.600000,605.200000,641.200000,650.200000,567.400000,620.400000,919.800000,985.200000,872.200000,
174,'620,Portugal,388,'01234,Tomatoes,5531,Producer Price (SLC/tonne),7021,Annual value,SLC,200.400000,242.200000,304.500000,253.200000,252.700000,443.400000,451.400000,519.600000,448.900000,595.400000,471.200000,667.100000,593.100000,539.000000,637.100000,354.600000,390.400000,490.500000,443.200000,545.800000,439.100000,576.500000,528.800000,540.600000,618.300000,591.600000,605.200000,641.200000,650.200000,567.400000,620.400000,919.800000,985.200000,872.200000,
174,'620,Portugal,388,'01234,Tomatoes,5532,Producer Price (USD/tonne),7021,Annual value,USD,278.000000,359.700000,379.600000,305.800000,335.300000,576.300000,516.200000,578.400000,478.300000,548.600000,421.700000,627.800000,669.400000,669.300000,792.300000,444.800000,534.300000,718.500000,615.700000,722.900000,610.400000,740.700000,702.100000,717.200000,685.700000,654.400000,683.700000,757.200000,727.900000,648.100000,733.800000,968.600000,1065.300000,943.600000,
174,'620,Portugal,388,'01234,Tomatoes,5539,Producer Price Index (2014-2016 = 100),7021,Annual value,,34.340000,41.510000,52.180000,43.390000,43.310000,75.990000,77.360000,89.050000,76.930000,102.040000,80.750000,114.330000,101.650000,92.370000,109.190000,60.770000,66.910000,84.060000,75.960000,93.540000,75.250000,98.800000,90.630000,92.650000,105.960000,101.390000,103.720000,109.890000,111.430000,97.240000,106.320000,157.630000,168.840000,149.480000,166.450000
174,'620,Portugal,97,'01191,Triticale,5530,Producer Price (LCU/tonne),7021,Annual value,LCU,33420.000000,32057.000000,28970.000000,26624.000000,30995.000000,27967.200000,27826.900000,24498.900000,23636.800000,21130.800000,25321.000000,110.000000,114.000000,130.000000,125.700000,117.500000,163.900000,177.200000,139.800000,143.800000,194.800000,217.600000,198.900000,179.100000,178.400000,167.000000,170.000000,170.000000,194.300000,180.000000,203.600000,370.000000,268.400000,200.000000,
174,'620,Portugal,97,'01191,Triticale,5531,Producer Price (SLC/tonne),7021,Annual value,SLC,166.700000,159.900000,144.500000,132.800000,154.600000,139.500000,138.800000,122.200000,117.900000,105.400000,126.300000,110.000000,114.000000,130.000000,125.700000,117.500000,163.900000,177.200000,139.800000,143.800000,194.800000,217.600000,198.900000,179.100000,178.400000,167.000000,170.000000,170.000000,194.300000,180.000000,203.600000,370.000000,268.400000,200.000000,
174,'620,Portugal,97,'01191,Triticale,5532,Producer Price (USD/tonne),7021,Annual value,USD,231.300000,237.500000,180.200000,160.400000,205.100000,181.300000,158.700000,136.000000,125.600000,97.100000,113.000000,103.500000,128.700000,161.400000,156.300000,147.400000,224.300000,259.600000,194.200000,190.500000,270.800000,279.600000,264.100000,237.600000,197.900000,184.700000,192.000000,200.800000,217.500000,205.600000,240.800000,389.600000,290.200000,216.400000,
174,'620,Portugal,97,'01191,Triticale,5539,Producer Price Index (2014-2016 = 100),7021,Annual value,,95.350000,91.460000,82.650000,75.960000,88.430000,79.790000,79.390000,69.900000,67.440000,60.290000,72.240000,62.920000,65.200000,74.360000,71.900000,67.210000,93.750000,101.350000,79.960000,82.250000,111.420000,124.460000,113.770000,102.440000,102.040000,95.520000,97.240000,97.240000,111.130000,102.960000,116.450000,211.630000,153.520000,114.390000,170.450000
174,'620,Portugal,826,'01970,Unmanufactured tobacco,5530,Producer Price (LCU/tonne),7021,Annual value,LCU,,,,,,,,,,91119.100000,99258.600000,501.700000,514.200000,529.900000,504.200000,468.800000,538.400000,697.400000,901.800000,1917.500000,1918.200000,,,,,,,,,,,,,,
174,'620,Portugal,826,'01970,Unmanufactured tobacco,5531,Producer Price (SLC/tonne),7021,Annual value,SLC,,,,,,,,,,454.500000,495.100000,501.700000,514.200000,529.900000,504.200000,468.800000,538.400000,697.400000,901.800000,1917.500000,1918.200000,,,,,,,,,,,,,,
174,'620,Portugal,826,'01970,Unmanufactured tobacco,5532,Producer Price (USD/tonne),7021,Annual value,USD,,,,,,,,,,418.700000,443.000000,472.200000,580.300000,658.000000,627.000000,588.100000,736.900000,1021.600000,1252.800000,2539.600000,2666.600000,,,,,,,,,,,,,,
174,'620,Portugal,826,'01970,Unmanufactured tobacco,5539,Producer Price Index (2014-2016 = 100),7021,Annual value,,,,,,,,,,,23.400000,25.490000,25.830000,26.470000,27.280000,25.960000,24.130000,27.720000,35.900000,46.430000,98.710000,98.750000,98.100000,102.770000,95.960000,100.790000,103.260000,104.190000,99.620000,110.380000,105.630000,112.690000,96.240000,113.480000,120.330000,127.190000
174,'620,Portugal,692,'01658,"Vanilla, raw",5539,Producer Price Index (2014-2016 = 100),7021,Annual value,,110.790000,100.230000,86.900000,77.960000,80.590000,74.280000,66.760000,66.760000,62.970000,62.970000,65.290000,59.080000,59.080000,66.050000,69.390000,63.270000,106.130000,133.980000,115.230000,83.740000,101.790000,120.280000,108.610000,99.160000,107.040000,93.800000,92.490000,95.720000,94.540000,92.370000,100.050000,130.980000,145.330000,144.340000,152.020000
174,'620,Portugal,222,'01376,"Walnuts, in shell",5530,Producer Price (LCU/tonne),7021,Annual value,LCU,267343.000000,289496.000000,262250.000000,315358.000000,249059.000000,246151.800000,229812.500000,381577.400000,256456.600000,246252.000000,369709.000000,1265.100000,2080.600000,2099.800000,1952.200000,2268.500000,2125.600000,2624.800000,3127.500000,2851.600000,2607.000000,2779.200000,2684.600000,2900.900000,3264.400000,3698.200000,2875.000000,3200.000000,2727.300000,2840.800000,2014.800000,2408.900000,2574.600000,2840.600000,
174,'620,Portugal,222,'01376,"Walnuts, in shell",5531,Producer Price (SLC/tonne),7021,Annual value,SLC,1333.500000,1444.000000,1308.100000,1573.000000,1242.300000,1227.800000,1146.300000,1903.300000,1279.200000,1228.300000,1844.100000,1265.100000,2080.600000,2099.800000,1952.200000,2268.500000,2125.600000,2624.800000,3127.500000,2851.600000,2607.000000,2779.200000,2684.600000,2900.900000,3264.400000,3698.200000,2875.000000,3200.000000,2727.300000,2840.800000,2014.800000,2408.900000,2574.600000,2840.600000,
174,'620,Portugal,222,'01376,"Walnuts, in shell",5532,Producer Price (USD/tonne),7021,Annual value,USD,1850.400000,2144.400000,1630.900000,1899.800000,1648.200000,1595.900000,1310.900000,2118.600000,1362.900000,1131.700000,1650.200000,1190.600000,2348.200000,2607.300000,2427.700000,2845.800000,2909.200000,3844.900000,4344.700000,3776.700000,3624.100000,3570.900000,3564.500000,3848.700000,3620.400000,4090.800000,3247.800000,3779.100000,3053.100000,3244.800000,2383.000000,2536.700000,2783.800000,3073.000000,
174,'620,Portugal,222,'01376,"Walnuts, in shell",5539,Producer Price Index (2014-2016 = 100),7021,Annual value,,40.560000,43.920000,39.790000,47.840000,37.780000,37.340000,34.860000,57.890000,38.910000,37.360000,56.090000,38.480000,63.280000,63.870000,59.380000,69.000000,64.650000,79.830000,95.120000,86.730000,79.290000,84.530000,81.650000,88.230000,99.290000,112.480000,87.440000,97.330000,82.950000,86.400000,61.280000,73.270000,78.310000,86.400000,94.490000
174,'620,Portugal,567,'01221,Watermelons,5530,Producer Price (LCU/tonne),7021,Annual value,LCU,27165.000000,30032.000000,24118.000000,38894.000000,23897.000000,42281.700000,41118.900000,22073.100000,19607.100000,25020.200000,21792.400000,145.900000,222.200000,127.600000,171.600000,269.600000,197.000000,307.100000,253.500000,251.900000,244.500000,244.700000,328.700000,215.700000,171.100000,343.900000,282.100000,353.800000,381.100000,354.700000,320.600000,548.400000,567.800000,448.800000,
174,'620,Portugal,567,'01221,Watermelons,5531,Producer Price (SLC/tonne),7021,Annual value,SLC,135.500000,149.800000,120.300000,194.000000,119.200000,210.900000,205.100000,110.100000,97.800000,124.800000,108.700000,145.900000,222.200000,127.600000,171.600000,269.600000,197.000000,307.100000,253.500000,251.900000,244.500000,244.700000,328.700000,215.700000,171.100000,343.900000,282.100000,353.800000,381.100000,354.700000,320.600000,548.400000,567.800000,448.800000,
174,'620,Portugal,567,'01221,Watermelons,5532,Producer Price (USD/tonne),7021,Annual value,USD,188.000000,222.500000,150.000000,234.300000,158.100000,274.100000,234.500000,122.600000,104.200000,115.000000,97.300000,137.300000,250.800000,158.400000,213.400000,338.200000,269.600000,449.800000,352.200000,333.600000,339.900000,314.400000,436.400000,286.200000,189.800000,380.400000,318.700000,417.800000,426.600000,405.100000,379.200000,577.500000,613.900000,485.500000,
174,'620,Portugal,567,'01221,Watermelons,5539,Producer Price Index (2014-2016 = 100),7021,Annual value,,55.630000,61.500000,49.390000,79.650000,48.940000,86.590000,84.210000,45.200000,40.150000,51.240000,44.630000,59.900000,91.230000,52.390000,70.450000,110.690000,80.880000,126.080000,104.080000,103.420000,100.380000,100.470000,134.950000,88.560000,70.250000,141.190000,115.820000,145.260000,156.470000,145.630000,131.630000,225.150000,233.120000,184.260000,170.260000
174,'620,Portugal,15,'0111,Wheat,5530,Producer Price (LCU/tonne),7021,Annual value,LCU,43986.000000,39796.000000,34503.000000,30954.000000,31997.000000,29190.200000,29190.200000,26463.600000,25741.900000,21331.300000,25922.000000,117.100000,116.900000,130.700000,137.300000,125.200000,210.000000,265.100000,228.000000,165.700000,201.400000,238.000000,214.900000,196.200000,201.800000,180.000000,185.800000,189.400000,210.500000,204.700000,240.400000,408.900000,291.000000,230.100000,
174,'620,Portugal,15,'0111,Wheat,5531,Producer Price (SLC/tonne),7021,Annual value,SLC,219.400000,198.500000,172.100000,154.400000,159.600000,145.600000,145.600000,132.000000,128.400000,106.400000,129.300000,117.100000,116.900000,130.700000,137.300000,125.200000,210.000000,265.100000,228.000000,165.700000,201.400000,238.000000,214.900000,196.200000,201.800000,180.000000,185.800000,189.400000,210.500000,204.700000,240.400000,408.900000,291.000000,230.100000,
174,'620,Portugal,15,'0111,Wheat,5532,Producer Price (USD/tonne),7021,Annual value,USD,304.400000,294.800000,214.600000,186.500000,211.800000,189.200000,166.500000,146.900000,136.800000,98.000000,115.700000,110.200000,131.900000,162.300000,170.700000,157.100000,287.400000,388.300000,316.700000,219.500000,280.000000,305.800000,285.300000,260.300000,223.800000,199.100000,209.900000,223.700000,235.600000,233.800000,284.300000,430.600000,314.600000,248.900000,
174,'620,Portugal,15,'0111,Wheat,5539,Producer Price Index (2014-2016 = 100),7021,Annual value,,113.880000,103.030000,89.330000,80.140000,82.840000,75.570000,75.570000,68.510000,66.640000,55.220000,67.110000,60.780000,60.670000,67.840000,71.260000,64.980000,109.000000,137.600000,118.340000,86.000000,104.530000,123.530000,111.540000,101.830000,104.740000,93.430000,96.440000,98.300000,109.260000,106.250000,124.780000,212.230000,151.040000,119.430000,198.890000
174,'620,Portugal,137,'01540,Yams,5530,Producer Price (LCU/tonne),7021,Annual value,LCU,,,,,,,,,,,,,,,,,,,,,,1578.100000,1512.500000,1596.300000,1363.900000,1477.800000,1389.800000,1222.400000,1306.600000,1389.100000,1578.700000,1580.000000,1320.500000,1676.600000,
174,'620,Portugal,137,'01540,Yams,5531,Producer Price (SLC/tonne),7021,Annual value,SLC,,,,,,,,,,,,,,,,,,,,,,1578.100000,1512.500000,1596.300000,1363.900000,1477.800000,1389.800000,1222.400000,1306.600000,1389.100000,1578.700000,1580.000000,1320.500000,1676.600000,
174,'620,Portugal,137,'01540,Yams,5532,Producer Price (USD/tonne),7021,Annual value,USD,,,,,,,,,,,,,,,,,,,,,,2027.600000,2008.200000,2117.900000,1512.700000,1634.700000,1570.000000,1443.600000,1462.700000,1586.600000,1867.200000,1663.800000,1427.800000,1813.800000,
174,'620,Portugal,137,'01540,Yams,5539,Producer Price Index (2014-2016 = 100),7021,Annual value,,12.810000,6.940000,7.820000,12.390000,13.120000,7.270000,9.310000,11.750000,10.090000,12.600000,12.990000,7.760000,9.640000,13.040000,11.790000,15.090000,16.290000,13.500000,11.280000,16.850000,15.730000,106.680000,102.240000,107.910000,92.200000,99.900000,93.950000,82.630000,88.320000,93.900000,106.720000,106.800000,89.260000,113.330000,126.150000
174,'620,Portugal,2051,'F2051,Agriculture,5539,Producer Price Index (2014-2016 = 100),7021,Annual value,,62.730000,60.700000,66.990000,67.590000,66.550000,75.760000,76.510000,88.940000,78.200000,86.880000,86.470000,89.500000,92.810000,92.050000,95.580000,85.430000,93.820000,104.000000,93.580000,101.960000,97.160000,111.080000,111.080000,105.110000,95.260000,99.630000,99.230000,106.170000,104.690000,102.600000,111.440000,144.170000,156.180000,145.610000,152.940000
174,'620,Portugal,1717,'F1717,"Cereals, primary",5539,Producer Price Index (2014-2016 = 100),7021,Annual value,,106.100000,102.510000,100.300000,100.060000,97.770000,94.520000,93.020000,83.010000,81.070000,82.310000,84.170000,80.440000,90.550000,74.060000,78.840000,85.270000,115.640000,104.680000,83.220000,107.370000,114.130000,128.430000,99.840000,100.220000,102.490000,97.290000,96.760000,102.290000,103.930000,108.730000,132.160000,191.740000,152.080000,132.020000,143.230000
174,'620,Portugal,1804,'F1804,"Citrus Fruit, Total",5539,Producer Price Index (2014-2016 = 100),7021,Annual value,,69.490000,74.510000,66.920000,74.760000,70.840000,89.720000,91.170000,71.040000,97.540000,60.220000,112.860000,68.070000,71.400000,77.640000,55.970000,80.430000,88.580000,95.840000,78.460000,102.630000,85.700000,73.720000,90.650000,78.060000,96.790000,125.160000,123.700000,131.900000,124.370000,141.940000,156.450000,117.230000,172.760000,180.950000,192.210000
174,'620,Portugal,1814,'F1814,"Coarse Grain, Total",5539,Producer Price Index (2014-2016 = 100),7021,Annual value,,101.950000,97.970000,93.890000,85.620000,87.320000,88.690000,88.680000,76.880000,77.480000,78.840000,79.170000,75.560000,90.830000,80.460000,83.290000,89.960000,122.080000,92.950000,81.270000,113.760000,118.980000,136.900000,100.620000,99.540000,101.870000,98.590000,97.270000,101.120000,100.120000,102.580000,137.140000,196.930000,142.820000,129.190000,140.230000
174,'620,Portugal,1783,'F1783,Eggs Primary,5539,Producer Price Index (2014-2016 = 100),7021,Annual value,,73.320000,75.520000,92.270000,76.340000,69.870000,88.480000,80.440000,72.080000,61.040000,82.180000,77.000000,78.260000,91.790000,69.030000,65.120000,76.920000,106.020000,106.070000,113.640000,104.690000,104.730000,140.250000,96.920000,100.410000,108.090000,91.500000,115.210000,113.830000,106.590000,102.690000,122.780000,182.730000,226.650000,207.440000,235.290000
174,'620,Portugal,1801,'F1801,"Fruit excl Melons, Total",5539,Producer Price Index (2014-2016 = 100),7021,Annual value,,60.400000,54.770000,57.430000,60.750000,61.680000,65.500000,64.770000,93.060000,79.690000,80.510000,85.220000,72.960000,89.440000,99.570000,90.340000,99.510000,106.600000,123.190000,114.750000,117.160000,115.950000,130.790000,133.040000,121.720000,82.920000,95.370000,92.100000,102.890000,98.160000,106.880000,122.090000,134.300000,135.010000,137.020000,142.090000
174,'620,Portugal,1738,'F1738,Fruit Primary,5539,Producer Price Index (2014-2016 = 100),7021,Annual value,,59.100000,54.200000,56.220000,59.640000,60.720000,64.590000,64.600000,90.690000,78.510000,79.150000,83.330000,72.180000,88.140000,97.290000,88.250000,97.140000,103.280000,119.530000,110.840000,113.990000,112.200000,127.310000,130.020000,118.520000,84.100000,97.380000,92.620000,105.090000,100.430000,108.780000,119.550000,132.910000,134.560000,136.510000,141.610000
174,'620,Portugal,2044,'F2044,Livestock,5539,Producer Price Index (2014-2016 = 100),7021,Annual value,,82.460000,83.950000,89.700000,88.940000,85.550000,85.870000,86.350000,86.670000,85.120000,90.000000,94.140000,96.620000,98.530000,94.100000,91.860000,87.380000,101.010000,109.940000,97.600000,95.920000,100.630000,104.360000,103.610000,108.440000,99.710000,91.850000,100.240000,101.770000,100.700000,98.060000,102.670000,139.770000,165.000000,152.470000,148.200000
174,'620,Portugal,1765,'F1765,"Meat, Total",5539,Producer Price Index (2014-2016 = 100),7021,Annual value,,78.150000,77.290000,69.520000,71.890000,74.960000,91.870000,88.430000,77.840000,71.780000,84.350000,87.610000,87.100000,105.400000,91.450000,90.070000,87.950000,110.930000,98.000000,96.890000,97.520000,101.880000,104.390000,110.980000,105.350000,98.590000,96.060000,104.680000,104.600000,111.780000,109.340000,108.000000,132.580000,131.940000,135.280000,138.820000
174,'620,Portugal,1780,'F1780,"Milk, Total",5539,Producer Price Index (2014-2016 = 100),7021,Annual value,,85.670000,84.820000,88.530000,94.340000,91.790000,89.280000,91.500000,93.600000,94.470000,96.030000,102.590000,104.380000,102.440000,103.830000,101.660000,92.920000,102.880000,114.490000,95.290000,94.350000,100.540000,96.710000,105.810000,111.330000,97.350000,91.320000,96.470000,99.560000,99.920000,98.850000,100.010000,134.420000,157.280000,145.370000,133.490000
174,'620,Portugal,1732,'F1732,"Oilcrops, Oil Equivalent",5539,Producer Price Index (2014-2016 = 100),7021,Annual value,,95.140000,70.650000,106.440000,109.130000,108.730000,163.150000,139.050000,152.200000,103.350000,146.840000,125.990000,123.580000,101.500000,101.990000,143.970000,105.580000,102.710000,96.300000,78.590000,69.580000,67.120000,80.550000,76.560000,83.210000,101.660000,115.130000,142.260000,96.190000,91.270000,98.430000,103.960000,178.360000,243.360000,171.800000,189.330000
174,'620,Portugal,1726,'F1726,"Pulses, Total",5539,Producer Price Index (2014-2016 = 100),7021,Annual value,,71.890000,96.500000,85.810000,90.090000,92.870000,109.390000,93.330000,96.120000,92.310000,93.190000,99.140000,104.610000,106.690000,103.280000,103.220000,113.650000,106.840000,101.260000,101.570000,101.570000,101.570000,101.570000,103.260000,96.730000,106.130000,97.140000,112.030000,113.050000,106.100000,106.830000,109.900000,101.350000,108.180000,107.130000,107.020000
174,'620,Portugal,1720,'F1720,"Roots and Tubers, Total",5539,Producer Price Index (2014-2016 = 100),7021,Annual value,,77.380000,41.890000,47.210000,74.850000,79.220000,43.910000,56.220000,70.980000,60.950000,76.120000,78.360000,49.940000,70.560000,83.140000,77.370000,96.760000,96.060000,79.540000,66.660000,99.620000,93.030000,100.170000,145.790000,80.230000,86.380000,133.400000,101.650000,117.330000,120.930000,98.920000,111.760000,145.380000,202.030000,209.750000,229.570000
174,'620,Portugal,1729,'F1729,"Treenuts, Total",5539,Producer Price Index (2014-2016 = 100),7021,Annual value,,40.880000,45.150000,42.100000,53.650000,54.460000,41.660000,49.810000,39.680000,36.190000,35.850000,54.390000,53.550000,53.480000,55.850000,76.980000,63.480000,75.100000,80.000000,66.520000,77.500000,75.820000,85.440000,90.840000,108.280000,88.470000,103.250000,105.390000,131.480000,120.810000,96.540000,81.440000,107.230000,79.270000,123.320000,118.500000
174,'620,Portugal,1800,'F1800,"Vegetables and Melons, Total",5539,Producer Price Index (2014-2016 = 100),7021,Annual value,,41.570000,46.180000,55.810000,51.250000,49.250000,73.290000,76.800000,85.890000,73.270000,90.230000,82.000000,105.660000,96.300000,88.070000,104.560000,68.260000,72.740000,85.420000,77.110000,94.270000,77.570000,98.080000,96.490000,91.630000,104.080000,104.280000,101.650000,111.470000,112.640000,101.270000,105.190000,147.730000,163.560000,144.210000,159.100000
174,'620,Portugal,1735,'F1735,Vegetables Primary,5539,Producer Price Index (2014-2016 = 100),7021,Annual value,,42.050000,46.370000,57.050000,51.990000,49.660000,74.670000,77.590000,88.120000,74.240000,92.220000,83.910000,108.170000,98.070000,89.990000,107.570000,69.280000,74.670000,87.520000,79.490000,96.590000,79.730000,100.240000,97.950000,93.620000,103.860000,102.520000,101.570000,109.490000,110.880000,98.910000,107.120000,149.940000,165.500000,145.130000,160.490000
