1034	AMS_1034	Dry Whey - Europe	Point of Sale - Dairy		09/24/2026 07:42:15	
1035	AMS_1035	Skim Milk Powder - Europe	Point of Sale - Dairy		09/24/2026 07:42:19	
1036	AMS_1036	Whole Milk Powder - Europe	Point of Sale - Dairy		09/24/2026 07:42:23	
1038	AMS_1038	Skim Milk Powder - Oceania	Point of Sale - Dairy		09/24/2026 07:47:25	
1039	AMS_1039	Whole Milk Powder - Oceania	Point of Sale - Dairy		09/24/2026 07:51:14	
1041	AMS_1041	Skim Milk Powder - South America	Point of Sale - Dairy		09/24/2026 09:24:56	
1042	AMS_1042	Whole Milk Powder - South America	Point of Sale - Dairy		09/25/2026 17:06:14	
1043	AMS_1043	Dry Buttermilk - West U.S.	Point of Sale - Dairy		09/24/2026 13:56:48	
1044	AMS_1044	Dry Buttermilk - East and Central U.S.	Point of Sale - Dairy		09/24/2026 12:16:10	
1045	AMS_1045	Dry Whey - Central U.S.	Point of Sale - Dairy		09/24/2026 12:20:53	
1046	AMS_1046	Dry Whey - West U.S.	Point of Sale - Dairy		09/24/2026 15:43:27	
1047	AMS_1047	Dry Whey - East U.S.	Point of Sale - Dairy		09/24/2026 12:17:58	
1048	AMS_1048	Nonfat Dry Milk - West U.S.	Point of Sale - Dairy		09/24/2026 14:34:53	
1049	AMS_1049	Nonfat Dry Milk - East and Central U.S.	Point of Sale - Dairy		09/24/2026 12:14:27	
1050	AMS_1050	Dry Whole Milk - U.S.	Point of Sale - Dairy		09/24/2026 10:54:00	
1051	AMS_1051	Casein - U.S.	Point of Sale - Dairy		09/24/2026 11:06:25	
1052	AMS_1052	Lactose - Central and West U.S.	Point of Sale - Dairy		09/24/2026 11:34:39	
1053	AMS_1053	Whey Protein Concentrate - Central and West U.S.	Point of Sale - Dairy		09/24/2026 11:09:53	
1082	AMS_1082	Cheese - Oceania	Point of Sale - Dairy		09/24/2026 07:44:11	
1083	AMS_1083	Cheese - Central U.S.	Point of Sale - Dairy		09/23/2026 10:12:16	
1084	AMS_1084	Cheese - East U.S.	Point of Sale - Dairy		09/23/2026 09:45:53	
1085	AMS_1085	Cheese - West U.S.	Point of Sale - Dairy		09/23/2026 14:06:55	
1089	AMS_1089	Butter - Central U.S.	Point of Sale - Dairy		09/23/2026 10:14:28	
1090	AMS_1090	Butter - East U.S.	Point of Sale - Dairy		09/23/2026 10:39:37	
1091	AMS_1091	Butter - West U.S.	Point of Sale - Dairy		09/23/2026 12:54:34	
1092	AMS_1092	Cheese - Foreign Type	Point of Sale - Dairy		09/23/2026 11:24:22	
1095	AMS_1095	Weekly Cold Storage Holdings - U.S.	Cold Storage		09/23/2026 11:59:52	National Cold Storage
1098	AMS_1098	Butter/Butteroil - Europe	Point of Sale - Dairy		09/24/2026 07:42:11	
1099	AMS_1099	Butter - Oceania	Point of Sale - Dairy		09/24/2026 07:39:10	
1100	AMS_1100	Fluid Milk and Cream - Central U.S.	Point of Sale - Dairy		09/24/2026 12:09:44	
1101	AMS_1101	Fluid Milk And Cream - East U.S.	Point of Sale - Dairy		09/24/2026 11:26:34	
1102	AMS_1102	Fluid Milk and Cream - West U.S.	Point of Sale - Dairy		09/24/2026 13:58:45	
1234	AMS_1234	Green City Livestock Auction Replacement Cattle Special - Green City, MO	Auction Livestock (Special)		02/14/2026 12:25:13	Green City Livestock Auction
1235	AMS_1235	New Cambria Livestock Market Replacement Cattle Special - New Cambria, MO	Auction Livestock (Special)		02/14/2026 14:05:19	New Cambria Livestock Market
1236	AMS_1236	Unionville Livestock Market LLC Replacement Cattle Special - Unionville, MO	Auction Livestock (Special)		01/10/2026 13:31:00	Unionville Livestock Market LLC
1237	AMS_1237	Unionville Livestock Market  - Unionville, MO	Auction Livestock		09/29/2026 20:30:45	Unionville Livestock Market LLC
1245	AMS_1245	Joplin Regional Stockyards Feeder Cattle - Carthage, MO	Auction Livestock		09/28/2026 16:38:29	Joplin Regional Stockyards
1248	AMS_1248	New Cambria Livestock Market - New Cambria, MO	Auction Livestock		09/17/2026 15:39:15	New Cambria Livestock Market
1249	AMS_1249	Ozarks Regional Stockyards Feeder Cattle - West Plains, MO	Auction Livestock		09/29/2026 20:02:23	Ozarks Regional Stockyards
1254	AMS_1254	Green City Livestock Auction - Green City, MO	Auction Livestock		09/02/2026 18:29:27	Green City Livestock Auction
1255	AMS_1255	Springfield Livestock Marketing Center Feeder Cattle - Springfield, MO	Auction Livestock		09/23/2026 14:25:04	Springfield Livestock Marketing Center
1280	AMS_1280	Oklahoma National Stockyards Feeder Cattle - Oklahoma City, OK	Auction Livestock		09/29/2026 08:42:51	Oklahoma National Stockyards Market
1281	AMS_1281	OKC West Livestock Auction  - El Reno, OK	Auction Livestock		09/29/2026 16:02:53	OKC West Livestock Market
1290	AMS_1290	Santa Teresa Livestock Auction - Santa Teresa, NM	Auction Livestock (Imported)		09/04/2026 14:39:36	Santa Teresa Livestock Auction
1418	AMS_1418	Columbia Livestock Auction - Lake City, FL	Auction Livestock		09/28/2026 21:06:56	Columbia Livestock Market
1419	AMS_1419	Okeechobee Livestock Auction - Okeechobee, FL (Tue)	Auction Livestock		09/29/2026 15:45:08	Okeechobee Livestock Auction (Tue)
1420	AMS_1420	Townsend Livestock Auction - Madison, FL	Auction Livestock		09/29/2026 21:39:17	Townsend Livestock Market
1421	AMS_1421	Sumter County Livestock Auction - Webster, FL	Auction Livestock		07/16/2024 20:22:30	Sumter County Farmers Market
1422	AMS_1422	Arcadia Livestock Auction - Arcadia, FL (Wed)	Auction Livestock		09/23/2026 16:18:54	Arcadia Stockyard (Wed)
1423	AMS_1423	North Florida Livestock Auction - Ellisville, FL	Auction Livestock		06/09/2021 19:53:11	North Florida Livestock Market
1424	AMS_1424	Ocala Livestock Auction - Ocala, FL	Auction Livestock		09/23/2024 21:33:13	Ocala Livestock Market
1427	AMS_1427	National Weekly Shell Egg Inventory	Inventory-Eggs		09/28/2026 12:56:28	
1510	AMS_1510	St Joseph Stockyards Slaughter / Replacement Cattle - St Joseph, MO	Auction Livestock		05/17/2021 10:06:50	St Joseph Stockyards Market
1512	AMS_1512	St Joseph Stockyards Feeder Cattle - St Joseph, MO	Auction Livestock		05/21/2021 08:09:40	St Joseph Stockyards Market
1602	AMS_1602	CME Group - Weekly Recap	Point of Sale - Dairy		09/25/2026 11:08:55	
1603	AMS_1603	CME Group - Daily Cash Trading - Week to Date	Point of Sale - Dairy		09/29/2026 10:57:04	
1607	AMS_1607	Cattlemen's Livestock Auction - Lakeland, FL	Auction Livestock		09/22/2026 15:14:23	Cattlemen's Livestock Auction Market, Inc
1608	AMS_1608	Okeechobee Livestock Auction - Okeechobee, FL (Mon)	Auction Livestock		09/28/2026 15:32:00	Okeechobee Livestock Auction (Mon)
1609	AMS_1609	Arcadia Livestock Auction - Arcadia, FL (Mon)	Auction Livestock		09/28/2026 17:01:11	Arcadia Stockyard (Mon)
1613	CN_FC_OFF	Forward Contracting Report	Cotton Forward Contract		09/04/2026 07:17:21	Memphis (Cotton Classing Office)
1622	AMS_1622	Windsor Livestock Auction - Windsor, MO	Auction Livestock		09/23/2026 16:50:06	Windsor Livestock Auction
1623	AMS_1623	Dairy Monthly Averages	Point of Sale - Dairy		09/11/2026 10:22:13	
1624	AMS_1624	Weekly Poultry & Egg Cold Storage Holdings - U.S.	Cold Storage		09/29/2026 12:35:52	PY National Cold Storage
1625	CNDCQS	Daily Cotton Quality Summary by Office	Cotton Quality		09/29/2026 07:21:06	Memphis (Cotton Classing Office)
1626	CNWQCO-03	Florence Classing Office Weekly Quality Report	Cotton Quality		02/20/2026 07:55:04	Florence (Cotton Classing Office)
1627	CNWQCO-07	Macon Classing Office Weekly Quality Report	Cotton Quality		02/20/2026 07:56:55	Macon (Cotton Classing Office)
1628	CNWQCO-28	Rayville Classing Office Weekly Quality Report	Cotton Quality		09/25/2026 08:39:53	Rayville (Cotton Classing Office)
1629	CNWQCO-30	Dumas Classing Office Weekly Quality Report	Cotton Quality		09/25/2026 08:33:28	Dumas (Cotton Classing Office)
1630	CNWQCO-40	Memphis Classing Office Weekly Quality Report	Cotton Quality		09/25/2026 08:37:22	Memphis (Cotton Classing Office)
1631	CNWQCO-50	Abilene Classing Office Weekly Quality Report	Cotton Quality		04/10/2026 07:23:40	Abilene (Cotton Classing Office)
1632	CNWQCO-60	Corpus Christi Classing Office Weekly Quality Report	Cotton Quality		09/25/2026 08:28:47	Corpus Christi (Cotton Classing Office)
1633	CNWQCO-70	Lubbock Classing Office Weekly Quality Report	Cotton Quality		03/27/2026 08:14:49	Lubbock (Cotton Classing Office)
1634	CNWQCO-72	Lamesa Classing Office Weekly Quality Report	Cotton Quality		03/27/2026 08:13:40	Lamesa (Cotton Classing Office)
1635	CNWQCO-96	Visalia Classing Office Weekly Quality Report	Cotton Quality		03/13/2026 07:22:40	Visalia (Cotton Classing Office)
1646	CNWWQO	Cotton Weekly Quality Report by Office	Cotton Quality		09/25/2026 07:13:54	Memphis (Cotton Classing Office)
1650	AMS_1650	Topeka Hay Auction - Topeka, IN	Auction Hay		09/29/2026 21:41:44	Topeka Hay Auction 
1651	AMS_1651	Ozarks Regional Stockyards Slaughter / Replacement Cattle - West Plains, MO	Auction Livestock		09/23/2026 18:44:29	Ozarks Regional Stockyards
1652	CNDCQS_S	Daily Cotton Quality Summary by State	Cotton Quality		09/29/2026 07:22:40	Memphis (Cotton Classing Office)
1654	CNWWQS	Cotton Weekly Quality Report by State	Cotton Quality		09/25/2026 07:17:51	Memphis (Cotton Classing Office)
1655	AMS_1655	National Weekly Rice Summary	Point of Sale - Rice		09/28/2026 14:53:25	National Weekly Rice Summary
1658	CNAACQ	Annual Cotton Quality Report	Cotton Quality		06/29/2026 12:57:33	Memphis (Cotton Classing Office)
1659	CNMMCQ	Monthly Season to Date Cotton Quality Report	Cotton Quality		09/25/2026 09:50:34	Memphis (Cotton Classing Office)
1660	CNMCQS_R	Season To Date Quality Summary by Region	Cotton Quality		09/25/2026 09:24:52	Memphis (Cotton Classing Office)
1662	FVWTRDS	SC National Shipping Point Trends Report	Trends		09/29/2026 15:49:38	
1663	ORNTRDS	SC National Ornamental Trends Report	Trends		09/28/2026 17:46:38	
1664	AMS_1664	Monthly Dried Egg Inventory Report	Inventory-Eggs		03/13/2020 07:52:29	
1665	AMS_1665	Weekly Shell Eggs Processed Under Federal Inspection	Inventory-Eggs		09/23/2026 11:47:33	
1683	AMS_1683	Subasta de Ganado Santa Teresa - Santa Teresa, NM	Auction Livestock (Imported)		09/04/2026 14:48:47	Santa Teresa Livestock Auction
1684	AMS_1684	McGrew Livestock Auction  - Glenwood, AR	Auction Livestock		05/02/2025 08:49:16	Cattlemens Livestock Auction - Glenwood, AR
1703	AMS_1703	Florida Daily Livestock Auction Summary	Auction Livestock		09/29/2026 05:36:13	
1704	AMS_1704	Florida Weekly Livestock Auction Summary	Auction Livestock		09/25/2026 05:53:37	
1716	AMS_1716	Wolgemuth Hay Auction - New Holland, PA (Monday)	Auction Hay		09/28/2026 12:11:49	Wolgemuth Hay Auction - New Holland
1725	AMS_1725	Wolgemuth Hay Auction - Leola, PA (Wednesday)	Auction Hay		09/23/2026 11:28:18	Wolgemuth Hay Auction - Leola
1726	AMS_1726	Kirkwood Hay Auction - Kirkwood, PA (Tuesday) (Discontinued)	Auction Hay		02/07/2023 11:52:36	Kirkwood Hay Auction
1772	AMS_1772	Public Auction Yards Sheep & Goat Auction - Billings, MT	Auction Livestock		09/21/2026 19:09:51	Public Auction Yards
1773	AMS_1773	Miles City Livestock Commission Auction - Miles City, MT	Auction Livestock		09/29/2026 14:50:24	Miles City Livestock Commission
1774	AMS_1774	Public Auction Yards Livestock Cattle Auction - Billings, MT (Wed)	Auction Livestock		09/23/2026 15:29:15	Public Auction Yards
1775	AMS_1775	Billings Livestock Commission Cattle Auction - Billings, MT (Mon)	Auction Livestock		04/16/2026 18:06:56	Billings Livestock Commission
1776	AMS_1776	Public Auction Yards Livestock Cattle Auction - Billings, MT (Fri)	Auction Livestock		02/27/2026 18:00:11	Public Auction Yards
1777	AMS_1777	Billings Livestock Commission Cattle Auction - Billings, MT (Thu)	Auction Livestock		09/24/2026 18:30:34	Billings Livestock Commission
1778	AMS_1778	Montana Weekly Livestock Auction Summary	Auction Livestock|Auction Livestock (Special)		09/28/2026 09:06:58	
1779	AMS_1779	Clovis Livestock Auction Slaughter/Replacement Cattle - Clovis, NM	Auction Livestock		01/05/2024 09:46:31	Clovis Livestock Auction
1780	AMS_1780	Clovis Livestock Auction Slaughter/Replacement Cattle Special - Clovis, NM	Auction Livestock (Special)		02/24/2025 21:56:44	Clovis Livestock Auction
1781	AMS_1781	Clovis Livestock Auction - Clovis, NM	Auction Livestock		09/25/2026 07:44:58	Clovis Livestock Auction
1782	AMS_1782	Roswell Livestock Auction - Roswell, NM	Auction Livestock		09/29/2026 14:06:33	Roswell Livestock Auction
1783	AMS_1783	Cattlemen's Livestock Auction - Belen, NM	Auction Livestock		09/25/2026 17:33:15	Cattlemen's Livestock Auction - Belen, NM
1784	AMS_1784	New Mexico Weekly Cattle Summary	Auction Livestock|Auction Livestock (Special)		09/28/2026 07:26:55	
1785	AMS_1785	Missouri (East Central) Weekly Cattle Auction Summary	Auction Livestock|Auction Livestock (Special)		09/24/2026 06:59:09	Interstate Regional Stockyards|South Central Regional Stockyards
1786	AMS_1786	Green City Livestock Auction Thanksgiving Special - Green City, MO (Discontinued)	Auction Livestock (Special)		02/26/2025 07:05:26	Green City Livestock Auction
1788	AMS_1788	Springfield Livestock Marketing Center Slaughter/Replacement Cattle - Springfield, MO	Auction Livestock		09/28/2026 12:30:36	Springfield Livestock Marketing Center
1789	AMS_1789	F and T Livestock Market Slaughter Cattle - Palmyra, MO	Auction Livestock		09/22/2026 22:34:23	F&T Livestock Market
1790	AMS_1790	Show-Me-Select Special - Carthage, MO	Auction Livestock (Special Graded)		05/16/2026 16:49:02	Show-Me-Select (Carthage, MO)
1791	AMS_1791	Show-Me-Select Special - Fruitland, MO	Auction Livestock (Special Graded)		05/03/2026 09:48:28	Show-Me-Select (Fruitland, MO)
1792	AMS_1792	Show-Me-Select Special - Palmyra, MO	Auction Livestock (Special Graded)		06/08/2026 01:08:09	Show-Me-Select (Palmyra, MO)
1793	AMS_1793	Show-Me-Select Special - Farmington, MO	Auction Livestock (Special Graded)		05/10/2026 06:49:02	Show-Me-Select (Farmington, MO)
1794	AMS_1794	Show-Me-Select Special - Kingsville, MO	Auction Livestock (Special Graded)		11/24/2025 12:31:26	Show-Me-Select (Kingsville, MO)
1795	AMS_1795	Show-Me-Select Special - Kirksville, MO	Auction Livestock (Special Graded)		12/13/2025 16:26:52	Show-Me-Select (Kirksville, MO)
1796	AMS_1796	Thomasville Stockyard Feeder Cattle Board Sale - Thomasville, GA	Auction Livestock (Board Sale)		04/11/2024 10:07:42	Thomasville
1797	AMS_1797	Joplin Regional Stockyards Slaughter/Replacement Cattle- Carthage, MO	Auction Livestock		09/23/2026 12:29:43	Joplin Regional Stockyards
1798	AMS_1798	Joplin Regional Stockyards Replacement Cattle Special - Carthage, MO	Auction Livestock (Special)		09/03/2026 18:57:16	Joplin Regional Stockyards
1799	AMS_1799	Springfield Livestock Marketing Center Replacement Cattle Special - Springfield, MO	Auction Livestock (Special)		09/19/2026 19:49:25	Springfield Livestock Marketing Center
1800	AMS_1800	Callaway Livestock Center Replacement Cattle Special - Kingdom City, MO	Auction Livestock (Special)		09/03/2026 20:41:47	Callaway Livestock Center
1801	AMS_1801	Lolli Brothers Livestock Market Replacement Cattle Special - Macon, MO	Auction Livestock (Special)		02/28/2026 13:08:35	Lolli Brothers Livestock Market
1802	AMS_1802	Turner County Stockyard Feeder Cattle Board Sale - Ashburn, Ga	Auction Livestock (Board Sale)		08/06/2020 13:05:08	Ashburn
1803	AMS_1803	SEMO Livestock Sales Sheep/Goat - Jackson, MO	Auction Livestock		08/21/2026 14:31:35	SEMO Livestock Sales
1804	AMS_1804	Buffalo Livestock Market Sheep/Goat - Buffalo, MO	Auction Livestock		09/22/2026 21:46:37	Buffalo Livestock Market
1805	AMS_1805	TS White Sheep/Goat - Diamond, MO	Auction Livestock		09/18/2026 06:13:09	TS White Sheep and Goat Sale
1806	AMS_1806	Producers Auction Yards Sheep/Goat - Norwood, MO	Auction Livestock		09/28/2026 06:58:24	Producers Auction Yards (Missouri)
1807	AMS_1807	Montgomery County Livestock Auction Sheep/Goat - Montgomery City, MO	Auction Livestock		09/10/2026 23:18:26	Montgomery County Livestock Auction
1808	AMS_1808	Southeast Livestock Exchange Feeder Cattle Board Sale - Georgia	Auction Livestock (Board Sale)		11/12/2020 06:01:44	Southeast
1809	AMS_1809	Patton Junction Livestock Auction - Patton Junction, MO	Auction Livestock		07/01/2021 11:46:04	Patton Junction Livestock Auction
1810	AMS_1810	Eastern MO Commission Company - Bowling Green, MO	Auction Livestock		09/25/2026 17:07:10	Eastern Missouri Commission Company
1811	AMS_1811	MO-Kan Livestock Market - Butler, MO	Auction Livestock		09/24/2026 15:48:40	Mo-Kan Livestock Market
1812	AMS_1812	Farmington Regional Stockyards - Farmington, MO	Auction Livestock		09/23/2026 13:50:31	Farmington Regional Stockyards
1813	AMS_1813	Lolli Brothers Livestock Market - Macon, MO	Auction Livestock		09/29/2026 16:30:15	Lolli Brothers Livestock Market
1814	AMS_1814	Interstate Regional Stockyards - Cuba, MO	Auction Livestock		09/29/2026 17:28:41	Interstate Regional Stockyards
1815	AMS_1815	Kingsville Livestock Auction - Kingsville, MO	Auction Livestock		09/29/2026 16:25:33	Kingsville Livestock Auction
1816	AMS_1816	F and T Livestock Market Feeder/Replacement Cattle - Palmyra, MO	Auction Livestock		09/16/2026 00:48:10	F&T Livestock Market
1817	AMS_1817	South Central Regional Stockyards - Vienna, MO	Auction Livestock		09/23/2026 15:40:02	South Central Regional Stockyards
1818	AMS_1818	Central Missouri Sale Company - Sedalia, MO	Auction Livestock		09/27/2021 16:38:53	Central Missouri Sales Company
1819	AMS_1819	Callaway Livestock Center - Kingdom City, MO	Auction Livestock		09/28/2026 18:57:59	Callaway Livestock Center
1820	AMS_1820	Douglas County Livestock Auction - Ava, MO	Auction Livestock		08/04/2022 22:10:36	Douglas County Livestock Auction
1821	AMS_1821	Missouri Weekly Cattle Auction Summary	Auction Livestock|Auction Livestock (Special)		09/28/2026 07:44:32	
1822	AMS_1822	Joplin Regional Stockyards Feeder Cattle Special- Carthage, MO	Auction Livestock (Special)		06/25/2026 15:11:12	Joplin Regional Stockyards
1823	AMS_1823	Oklahoma National Stockyards Slaughter/Replacement Cattle - Oklahoma City, OK	Auction Livestock		09/29/2026 12:59:29	Oklahoma National Stockyards Market
1824	AMS_1824	Woodward Livestock Auction Slaughter/Replacement Cattle  - Woodward, OK	Auction Livestock		09/29/2026 15:37:09	Woodward Livestock Inc
1825	AMS_1825	OKC West Livestock Auction Slaughter/Replacement Cattle - El Reno, OK	Auction Livestock		09/28/2026 13:26:21	OKC West Livestock Market
1826	AMS_1826	Pawnee Sale Barn Sheep/Goat – Pawnee, OK	Auction Livestock		09/18/2026 10:04:26	Pawnee Sale Barn Sheep and Goat Sale
1827	AMS_1827	McAlester Union Livestock Auction - McAlester, OK	Auction Livestock		09/24/2026 10:41:57	McAlester Union Stockyards
1828	AMS_1828	Woodward Livestock Auction Feeder Cattle - Woodward, OK	Auction Livestock		09/24/2026 16:11:43	Woodward Livestock Inc
1829	AMS_1829	Apache Livestock Auction - Apache, OK	Auction Livestock		09/24/2026 19:23:50	Apache Livestock Auction
1830	AMS_1830	Southern Oklahoma Livestock Auction Feeder Cattle- Ada, OK	Auction Livestock		09/23/2026 21:49:58	Southern Oklahoma Livestock Auction
1831	AMS_1831	Oklahoma Weekly Cattle Auction Summary	Auction Livestock|Auction Livestock (Special)		09/25/2026 08:40:54	
1832	AMS_1832	Tulsa Livestock Auction - Tulsa, OK	Auction Livestock		09/29/2026 07:55:46	Tulsa Stockyards Inc.
1833	AMS_1833	Missouri Weekly Sheep/Goat Auction Summary	Auction Livestock|Auction Livestock (Special)		09/28/2026 06:59:11	Buffalo Livestock Market|Montgomery County Livestock Auction|Producers Auction Yards (Missouri)|SEMO Livestock Sales|St Joseph Stockyards Market|TS White Sheep and Goat Sale
1834	AMS_1834	Apache Livestock Auction Replacement Cattle Special - Apache, OK	Auction Livestock (Special)		04/25/2026 13:35:25	Apache Livestock Auction
1835	AMS_1835	Ericson Livestock Market Feeder/Replacement Cattle Special - Ericson, NE	Auction Livestock (Special)		01/23/2024 14:46:19	Ericson
1836	AMS_1836	Valentine Livestock Auction Feeder/Replacement Cattle Special - Valentine, NE	Auction Livestock (Special)		11/10/2025 19:51:52	Valentine
1837	AMS_1837	Missouri (North Central) Weekly Cattle Auction Summary	Auction Livestock|Auction Livestock (Special)		09/18/2026 07:59:40	Green City Livestock Auction|Lolli Brothers Livestock Market|New Cambria Livestock Market|Unionville Livestock Market LLC
1838	AMS_1838	Missouri (Northeast) Weekly Cattle Auction Summary	Auction Livestock|Auction Livestock (Special)		09/28/2026 06:51:29	Callaway Livestock Center|Eastern Missouri Commission Company|F&T Livestock Market
1839	AMS_1839	Ozarks Regional Stockyards Cattle Special - West Plains, MO	Auction Livestock (Special)		08/15/2026 04:37:39	Ozarks Regional Stockyards
1840	AMS_1840	St Joseph Stockyards Sheep/Goat - St Joseph, MO	Auction Livestock		05/17/2021 11:40:07	St Joseph Stockyards Market
1841	AMS_1841	Missouri (South Central) Weekly Cattle Summary	Auction Livestock|Auction Livestock (Special)		09/25/2026 06:48:00	Douglas County Livestock Auction|Mid Missouri Stockyards|Ozarks Regional Stockyards
1842	AMS_1842	Missouri (Southeast) Weekly Cattle Auction Summary	Auction Livestock|Auction Livestock (Special)		09/24/2026 06:57:25	Farmington Regional Stockyards|Patton Junction Livestock Auction|SEMO Livestock Sales
1843	AMS_1843	Southern Oklahoma Livestock Auction Slaughter/Replacement Cattle - Ada, OK	Auction Livestock		09/24/2026 16:04:00	Southern Oklahoma Livestock Auction
1844	AMS_1844	Southern Oklahoma Livestock Auction Slaughter/Replacement Cattle Special - Ada, OK	Auction Livestock (Special)		03/06/2021 14:47:32	Southern Oklahoma Livestock Auction
1845	AMS_1845	Missouri (Southwest) Weekly Cattle Auction Summary	Auction Livestock|Auction Livestock (Special)		09/24/2026 07:02:47	Four State Stockyards|Joplin Regional Stockyards|Springfield Livestock Marketing Center
1847	AMS_1847	Missouri (West Central) Weekly Cattle Auction Summary	Auction Livestock|Auction Livestock (Special)		09/25/2026 06:45:23	Central Missouri Sales Company|Kingsville Livestock Auction|Mo-Kan Livestock Market|Wheeler Livestock Auction|Windsor Livestock Auction
1848	AMS_1848	Huss Livestock Market - Kearney, NE	Auction Livestock		09/23/2026 16:49:22	Huss Livestock
1849	AMS_1849	Lexington Livestock Market - Lexington, NE	Auction Livestock		09/18/2026 14:33:19	Lexington
1850	AMS_1850	Ogallala Livestock Auction - Ogallala, NE	Auction Livestock		09/17/2026 15:26:29	Ogallala
1851	AMS_1851	Burwell Livestock Market - Burwell, NE	Auction Livestock		09/25/2026 11:48:11	Burwell
1852	AMS_1852	Bassett Livestock Auction - Bassett, NE	Auction Livestock		09/16/2026 17:44:03	Bassett
1853	AMS_1853	Ericson Livestock Market - Ericson, NE	Auction Livestock		09/12/2026 14:11:24	Ericson
1854	AMS_1854	Imperial Auction Market - Imperial, NE	Auction Livestock		09/25/2026 15:37:08	Imperial
1855	AMS_1855	Tri-State Livestock Auction - McCook, NE	Auction Livestock		10/20/2025 12:59:59	Tri-State
1856	AMS_1856	Valentine Livestock Auction - Valentine, NE	Auction Livestock		09/24/2026 13:40:40	Valentine
1857	AMS_1857	Crawford Livestock Market - Crawford, NE	Auction Livestock		09/25/2026 14:28:35	Crawford
1858	AMS_1858	Gordon Livestock Market - Gordon, NE	Auction Livestock		04/14/2026 16:01:58	Gordon
1859	AMS_1859	Sheridan Livestock Auction Co. - Rushville, NE	Auction Livestock		11/03/2022 07:40:35	Sheridan
1860	AMS_1860	Nebraska Weekly Livestock Auction Summary	Auction Livestock|Auction Livestock (Special)		09/28/2026 09:53:23	Bassett|Burwell|Crawford|Ericson|Gordon|Huss Livestock|Imperial|Lexington|North Platte Stockyards|Ogallala|Sheridan|Tri-State|Valentine|West Point Livestock Auction
1861	AMS_1861	Buckhannon Stockyards Board Sale - Buckhannon, WV	Auction Livestock (Board Sale)		09/28/2026 14:15:13	Buckhannon Stockyards
1863	AMS_1863	Centennial Livestock Auction Stock Show Special - Fort Collins, CO	Auction Livestock (Special)		01/12/2026 14:56:58	Centennial
1864	AMS_1864	Jackson County Regional Livestock Market Board Sale - Ripley, WV	Auction Livestock (Board Sale)		01/11/2025 09:59:56	Jackson County Regional Livestock Market
1865	AMS_1865	Northeast Georgia Livestock Board Sales - Athens, GA	Auction Livestock (Board Sale)		09/25/2026 06:06:56	Athens
1866	AMS_1866	South Branch Valley Livestock Exchange Board Sale - Moorefield, WV	Auction Livestock (Board Sale)		08/22/2026 12:14:57	South Branch Valley Livestock Exchange
1867	AMS_1867	Sterling Livestock Commission Stock Show Special - Sterling, CO	Auction Livestock (Special)		01/17/2026 20:37:09	Sterling
1868	AMS_1868	West Virginia Weekly Cattle Auction (Board Sale) Summary	Auction Livestock (Board Sale)		09/25/2023 15:54:14	
1869	AMS_1869	Weston Livestock Marketing Board Sale - Weston, WV	Auction Livestock (Board Sale)		08/05/2026 21:17:19	Weston Livestock Marketing
1870	AMS_1870	Four States Livestock Sales - Hagerstown, MD	Auction Livestock		11/21/2025 05:20:01	Four States Livestock Sales
1871	AMS_1871	Friends Livestock Auction - Accident, MD	Auction Livestock		10/27/2024 00:25:29	Friends Livestock Auction
1872	AMS_1872	Buckhannon Stockyards Livestock Auction - Buckhannon, WV	Auction Livestock		09/23/2026 14:13:21	Buckhannon Stockyards
1873	AMS_1873	Cattlemen's Livestock Exchange - Caldwell, WV (Discontinued)	Auction Livestock		12/15/2023 15:49:56	Cattlemen's Livestock Exchange
1874	AMS_1874	Preston Farmers Market Special Graded Sale - Terra Alta, WV	Auction Livestock (Special Graded)		04/17/2026 20:21:30	Preston Farmers Market
1876	AMS_1876	Preston Farmers Market - Terra Alta, WV	Auction Livestock		09/25/2026 17:09:50	Preston Farmers Market
1877	AMS_1877	Riverton Stockyards - Riverton, WV (Discontinued)	Auction Livestock		11/07/2019 13:11:17	Riverton Stockyards
1878	AMS_1878	South Branch Valley Livestock Exchange - Moorefield, WV	Auction Livestock		09/26/2026 11:44:07	South Branch Valley Livestock Exchange
1879	AMS_1879	Weston Livestock Marketing - Weston, WV	Auction Livestock		09/27/2026 23:07:12	Weston Livestock Marketing
1880	AMS_1880	Jackson County Regional Livestock Market - Ripley, WV	Auction Livestock		09/21/2026 09:24:16	Jackson County Regional Livestock Market
1882	AMS_1882	South Branch Valley Livestock Exchange Slaughter Cattle Special - Moorefield, WV	Auction Livestock (Special)		08/09/2023 12:27:47	South Branch Valley Livestock Exchange
1883	AMS_1883	Parkersburg Livestock Market - Mineral Wells, WV	Auction Livestock		01/08/2021 10:32:48	Parkersburg Livestock Market
1884	AMS_1884	Buckhannon Stockyards Special Graded Sale - Buckhannon, WV	Auction Livestock (Special Graded)		09/22/2026 15:36:13	Buckhannon Stockyards
1886	AMS_1886	South Branch Valley Livestock Exchange Special Graded Sale - Moorefield, WV	Auction Livestock (Special Graded)		09/19/2026 11:11:40	South Branch Valley Livestock Exchange
1887	AMS_1887	Weston Livestock Marketing Special Graded Sale - Weston, WV	Auction Livestock (Special Graded)		09/18/2025 10:47:42	Weston Livestock Marketing
1888	AMS_1888	Pocahontas Producers Co-Op Association Special Graded Sale - Marlington, WV	Auction Livestock (Special Graded)		09/15/2025 19:12:03	Pocahontas Producers Co-Op Association
1889	AMS_1889	Winter Livestock - Dodge City, KS	Auction Livestock		09/25/2026 06:49:04	Winter Livestock - Dodge City
1890	AMS_1890	Winter Livestock Cattle Special - Pratt, KS (Discontinued)	Auction Livestock (Special)		11/21/2022 15:05:21	Winter Livestock - Pratt
1891	AMS_1891	Winter Livestock - Pratt, KS	Auction Livestock		09/24/2026 15:13:20	Winter Livestock - Pratt
1892	AMS_1892	Farmers and Ranchers Livestock Commission Co. - Salina, KS	Auction Livestock		09/24/2026 17:33:49	Farmers and Ranchers Livestock Commission - Kansas
1893	AMS_1893	Farmers and Ranchers Livestock Commission Co. Replacement Cattle Special - Salina, KS	Auction Livestock (Special)		08/21/2026 13:35:13	Farmers and Ranchers Livestock Commission - Kansas
1894	AMS_1894	Farmers and Ranchers Livestock Commission Co. Feeder Cattle Special - Salina, KS	Auction Livestock (Special)		02/03/2026 15:44:56	Farmers and Ranchers Livestock Commission - Kansas
1895	AMS_1895	Kansas Weekly Cattle Auction Summary	Auction Livestock|Auction Livestock (Special)		09/25/2026 13:07:17	
1896	AMS_1896	Winter Livestock Stock Cow and Pair Special - La Junta, CO	Auction Livestock (Special)		05/02/2025 08:39:02	Winter - La Junta
1897	AMS_1897	La Junta Livestock Stock Cow and Pair Special - La Junta, CO	Auction Livestock (Special)		03/15/2025 17:29:46	La Junta
1898	AMS_1898	Centennial Livestock Monthly Dairy Feeder Cattle Sale - Fort Collins, CO	Auction Livestock		08/31/2026 15:53:17	Centennial
1899	AMS_1899	Centennial Livestock Sheep and Goat Auction - Fort Collins, CO	Auction Livestock		09/23/2026 17:22:54	Centennial
1900	AMS_1900	Sterling Livestock Commission - Sterling, CO	Auction Livestock		02/11/2026 15:33:46	Sterling
1901	AMS_1901	Winter Livestock (Tuesday) - La Junta, CO	Auction Livestock		09/29/2026 17:42:10	Winter - La Junta
1902	AMS_1902	Winter Livestock Seasonal Feeder Cattle Sale (Monday) - La Junta, CO	Auction Livestock		11/18/2025 13:33:01	Winter - La Junta
1903	AMS_1903	La Junta Livestock Commision - La Junta, CO	Auction Livestock		09/23/2026 19:40:03	La Junta
1904	AMS_1904	Centennial Livestock Auction Feeder Cattle Sale (Thursday) - Fort Collins, CO (Discontinued)	Auction Livestock		03/06/2025 09:44:29	Centennial
1905	AMS_1905	Centennial Livestock Auction (Friday) - Fort Collins, CO (Discontinued)	Auction Livestock		10/22/2020 16:56:34	Centennial
1906	AMS_1906	Livestock Exchange Feeder Cattle Auction (Friday) - Brush, CO	Auction Livestock		01/16/2026 21:39:42	Brush
1907	AMS_1907	Colorado Weekly Cattle Auction Summary	Auction Livestock|Auction Livestock (Special)		09/28/2026 06:30:43	
1908	AMS_1908	New Holland Livestock Cattle Auction (Monday) - New Holland, PA	Auction Livestock		09/29/2026 05:24:21	New Holland Sale Stables
1909	AMS_1909	New Holland Livestock Cattle Auction (Thursday) - New Holland, PA	Auction Livestock		09/25/2026 05:33:01	New Holland Sale Stables
1910	AMS_1910	New Holland Dairy Auction - New Holland, PA	Auction Livestock		01/10/2024 12:21:16	New Holland Sale Stables
1911	AMS_1911	New Holland Feeder Cattle Special (Seasonal) - New Holland, PA	Auction Livestock (Special)		07/07/2023 09:22:10	New Holland Sale Stables
1912	AMS_1912	New Holland Slaughter Hog Auction - New Holland, PA	Auction Livestock		03/31/2026 06:39:19	New Holland Sale Stables
1913	AMS_1913	New Holland Sheep and Goat Auction - New Holland, PA	Auction Livestock		09/28/2026 23:04:28	New Holland Sale Stables
1914	AMS_1914	Addison County Commission Sales - East Middlebury, VT (Discontinued)	Auction Livestock		11/16/2020 19:31:30	Addison County Commission Sales
1915	AMS_1915	Vintage Livestock Auction (Tuesday) - Paradise, PA (Discontinued)	Auction Livestock		03/14/2025 07:35:11	Vintage
1916	AMS_1916	Vintage Livestock Auction (Monday) - Paradise, PA	Auction Livestock		12/30/2019 14:19:51	Vintage
1917	AMS_1917	Greencastle Livestock Auction (Monday) - Greencastle, PA	Auction Livestock		09/29/2026 10:22:33	Greencastle
1918	AMS_1918	Middleburg Livestock Auction - Middleburg, PA	Auction Livestock		09/23/2026 11:38:53	Middleburg
1919	AMS_1919	Pennsylvania Weekly Cattle Auction Summary	Auction Livestock|Auction Livestock (Special Graded)|Auction Livestock (Special)		09/28/2026 06:39:01	
1920	AMS_1920	Greencastle Livestock Auction (Thursday) - Greencastle, PA	Auction Livestock		01/30/2026 08:10:54	Greencastle
1921	AMS_1921	Dewart Livestock Auction - Dewart, PA (Discontinued)	Auction Livestock		03/14/2025 07:35:49	Dewart
1922	AMS_1922	Greencastle Monthly Feeder Cattle Sale - Greencastle, PA	Auction Livestock		05/02/2026 17:31:32	Greencastle
1923	AMS_1923	Middleburg Feeder Cattle Sale - Middleburg, PA	Auction Livestock		09/20/2025 08:01:35	Middleburg
1924	AMS_1924	Vintage Feeder Cattle Sale - Paradise, PA	Auction Livestock		09/13/2025 00:06:16	Vintage
1925	AMS_1925	Pennsylvania Livestock Auction - Waynesburg, PA	Auction Livestock		09/20/2024 05:25:24	Waynesburg
1926	AMS_1926	Carlisle Graded Feeder Pig Special - Carlisle, PA (Discontinued)	Auction Livestock (Special Graded)		12/15/2020 15:45:04	Carlisle
1927	AMS_1927	Georgia Weekly Video Board Sale Summary	Auction Livestock (Board Sale)		09/25/2026 06:09:14	
1928	AMS_1928	Georgia Daily Livestock Auction Summary	Auction Livestock		09/29/2026 05:57:30	
1929	AMS_1929	Jackson Regional Stockyard Dairy Sale - Jackson, GA	Auction Livestock		06/05/2024 19:07:53	Jackson
1930	AMS_1930	Eastanollee Livestock - Eastanollee, GA	Auction Livestock		09/28/2026 17:08:23	Eastanollee
1931	AMS_1931	Swainsboro Stockyard - Swainsboro, GA	Auction Livestock		02/22/2021 22:22:07	Swainsboro
1932	AMS_1932	Upson County Livestock - Thomaston, GA	Auction Livestock		09/28/2026 15:05:03	Upson County Livestock
1933	AMS_1933	Georgia Weekly Livestock Auction Summary	Auction Livestock		09/25/2026 06:20:09	
1934	AMS_1934	Southern Livestock - Oak Park, GA	Auction Livestock		09/29/2026 22:13:40	Southern Livestock
1935	AMS_1935	Franklin County Livestock - Carnesville, GA	Auction Livestock		09/23/2026 05:24:05	Carnesville
1936	AMS_1936	Lanier Farmers Livestock - Gainesville, GA (Discontinued)	Auction Livestock		01/31/2024 07:57:56	Lanier
1937	AMS_1937	Pulaski County Stockyard - Hawkinsville, GA	Auction Livestock		09/29/2026 19:30:38	Pulaski Co
1938	AMS_1938	Thomasville Stockyard - Thomasville, GA	Auction Livestock		09/29/2026 19:27:55	Thomasville
1939	AMS_1939	Turner County Stockyard - Ashburn, GA	Auction Livestock		09/23/2026 21:43:45	Ashburn
1940	AMS_1940	Northeast Georgia Livestock - Athens, GA	Auction Livestock		09/24/2026 05:03:35	Athens
1941	AMS_1941	Seminole Livestock Exchange - Donalsonville, GA	Auction Livestock		09/28/2026 21:52:42	Donalsonville
1942	AMS_1942	Jackson Regional Stockyard - Jackson, GA	Auction Livestock		09/23/2026 17:08:54	Jackson
1943	AMS_1943	Moultrie Livestock - Moultrie, GA	Auction Livestock		04/03/2025 09:44:59	Moultrie
1944	AMS_1944	Wilkes County Stockyard - Washington, GA	Auction Livestock		09/29/2026 15:29:35	Washington
1945	AMS_1945	Sumter County Stockyard - Americus, GA (Discontinued)	Auction Livestock		12/18/2024 09:59:35	Americus
1946	AMS_1946	Calhoun Stockyard - Calhoun, GA	Auction Livestock		09/29/2026 22:26:31	Calhoun
1947	AMS_1947	South Central Livestock - Fitzgerald, GA	Auction Livestock		09/28/2026 16:00:44	Fitzgerald
1948	AMS_1948	Duvall Livestock - Greensboro, GA	Auction Livestock		09/29/2026 05:18:54	Greensboro
1949	AMS_1949	Carroll County Livestock - Carrollton, GA	Auction Livestock		09/28/2026 22:53:32	Carrollton
1950	AMS_1950	Mosely Livestock Feeder Cattle Board Sale - Blakely, GA	Auction Livestock (Board Sale)		09/29/2026 14:09:10	Blakely Board Sale
1952	AMS_1952	Amarillo Livestock Auction - Amarillo, TX (Discontinued)	Auction Livestock		09/27/2021 16:17:48	Amarillo Livestock Auction
1953	AMS_1953	Cattlemen's Livestock Auction - Dalhart, TX	Auction Livestock		09/24/2026 16:24:25	Dalhart Livestock Auction
1954	AMS_1954	Tulia Livestock Auction - Tulia, TX	Auction Livestock		09/24/2026 16:12:46	Tulia Livestock Auction
1955	AMS_1955	Texas Weekly Cattle Auction Summary	Auction Livestock		09/25/2026 07:07:07	
1956	AMS_1956	Low Country Livestock Exchange - Darlington, SC	Auction Livestock		09/29/2026 13:55:56	Darlington Livestock Auction
1958	AMS_1958	Upstate Livestock Exchange - Williamston, SC	Auction Livestock		09/28/2026 17:56:13	Williamston Livestock Auction
1959	AMS_1959	Laurens Livestock Exchange - Laurens, SC	Auction Livestock		09/23/2026 17:02:59	Laurens Livestock Auction
1960	AMS_1960	Chester Livestock Exchange - Chester, SC (Discontinued)	Auction Livestock		08/30/2022 13:27:57	Chester Livestock Auction
1961	AMS_1961	Saluda Stockyards - Saluda, SC	Auction Livestock		09/28/2026 16:39:23	Saluda Stockyards
1962	AMS_1962	Cullman Stockyard Feeder Cattle Board Sale - Cullman, AL	Auction Livestock (Board Sale)		06/18/2024 20:28:51	Cullman Stockyards
1963	AMS_1963	South Carolina Weekly Livestock Auction Summary	Auction Livestock		09/24/2026 10:59:46	
1964	AMS_1964	Orangeburg Stockyards - Orangeburg, SC	Auction Livestock		09/23/2026 17:43:57	Orangeburg Livestock Auction
1965	AMS_1965	United Producers Inc. Livestock Auction - Vincennes, IN	Auction Livestock		06/05/2025 07:15:02	United Producers Inc - Vincenes
1966	AMS_1966	Indianapolis Stockyards - Rockville, IN	Auction Livestock		06/05/2025 07:12:40	Indianapolis Stockyards
1967	AMS_1967	White River Valley Feeder Cattle  Association Auction- Worthington, IN	Auction Livestock		06/05/2025 07:15:48	White River Valley Auction
1968	AMS_1968	Springville Feeder Cattle Auction - Springville, IN	Auction Livestock		09/04/2026 13:52:10	Springville Feeder Cattle Auction
1969	AMS_1969	Stoney Pike Livestock Auction - Logansport, IN	Auction Livestock		06/05/2025 07:14:11	Stoney Pike Livestock Auction
1970	AMS_1970	Shipshewana Livestock Auction - Shipshewana, IN	Auction Livestock		09/24/2026 15:44:53	Shipshewana Livestock Auction
1971	AMS_1971	Boswell Livestock Auction - Boswell, IN	Auction Livestock		02/18/2020 14:10:14	Boswell Livestock Auction
1972	AMS_1972	Seymour Livestock Auction - De Kalb, NY (Discontinued)	Auction Livestock		06/30/2021 12:37:58	Seymour Sale Barn
1973	AMS_1973	Empire Livestock Feeder and Replacement Cattle Sale - Bath, NY	Auction Livestock (Special)		09/14/2026 06:38:35	Empire - Bath
1974	AMS_1974	Canandaigua Stockyards Livestock Auction - Canandaigua, NY	Auction Livestock		09/27/2026 17:56:10	Finger Lakes Livestock Auction
1975	AMS_1975	Cambridge Livestock Auction - Cambridge, NY	Auction Livestock		02/12/2025 07:47:34	Cambridge Livestock Auction
1976	AMS_1976	Indiana Weekly Auction Summary	Auction Livestock		09/25/2026 06:35:52	
1977	AMS_1977	Empire Livestock Auction - Cherry Creek, NY	Auction Livestock		11/28/2023 09:30:10	Empire - Cherry Creek
1978	AMS_1978	Maplehurst Livestock Auction - Hinsdale. NY	Auction Livestock		06/29/2021 10:03:15	Maplehurst Livestock Auction
1979	AMS_1979	Arab Livestock Market Feeder Cattle Board Sale - Arab, AL	Auction Livestock (Board Sale)		09/29/2026 16:54:37	Arab Stockyards
1980	AMS_1980	Canandaigua Stockyards Feeder and Replacement Cattle Sale - Canandaigua, NY	Auction Livestock		09/21/2026 06:06:08	Finger Lakes Livestock Auction
1981	AMS_1981	Empire Feeder and Replacement Cattle Special - Cherry Creek, NY	Auction Livestock (Special)		04/28/2024 11:05:02	Empire - Cherry Creek
1982	AMS_1982	Maplehurst Dairy Replacement Sale - Hinsdale, NY	Auction Livestock		06/29/2021 10:08:35	Maplehurst Livestock Auction
1983	AMS_1983	Empire Livestock Feeder and Replacement Video/Board Sale - Bath, NY	Auction Livestock (Board Sale)		09/14/2026 06:52:24	NY Board Sale
1984	AMS_1984	Frisco City Stockyard - Frisco City, AL	Auction Livestock		09/23/2026 18:45:51	Frisco City Stockyards
1985	AMS_1985	Opp Livestock - Opp, AL	Auction Livestock		09/29/2026 18:37:45	Opp Stockyards
1986	AMS_1986	Coffee County Stockyards - New Brockton, AL	Auction Livestock		09/28/2026 19:32:44	New Brockton Stockyards
1987	AMS_1987	Valley Livestock - Moulton, AL	Auction Livestock		09/23/2026 15:33:47	Moulton Stockyards
1988	AMS_1988	Mid State Stockyards LLP - Letohatchee, AL	Auction Livestock		09/29/2026 20:16:03	Letohatchee Stockyards
1989	AMS_1989	Clay County Livestock Auction - Lineville, AL	Auction Livestock		09/29/2026 20:24:34	Lineville Stockyards
1990	AMS_1990	Alabama Association Board Sales (Seasonal)	Auction Livestock (Board Sale)		08/26/2026 20:39:06	Alabama Association Board Sales
1991	AMS_1991	Arab Livestock Market - Arab, AL	Auction Livestock		09/29/2026 18:27:51	Arab Stockyards
1992	AMS_1992	Alabama Daily Cattle Auction Summary	Auction Livestock		09/29/2026 06:41:41	
1993	AMS_1993	Fort Payne Livestock - Ft. Payne, AL (Discontinued)	Auction Livestock		08/02/2022 21:47:37	Ft. Payne Stockyards
1994	AMS_1994	Montgomery Stockyards Cattle Auction - Montgomery, AL (Discontinued)	Auction Livestock		08/24/2022 14:40:05	Montgomery Stockyards
1995	AMS_1995	Alabama Livestock Auction - Uniontown, AL	Auction Livestock		09/29/2026 22:03:32	Uniontown Stockyards
1996	AMS_1996	Dothan Livestock Co. - Dothan, AL	Auction Livestock		09/28/2026 17:55:26	Dothan Stockyards
1997	AMS_1997	Tennessee Valley Livestock - Florence, AL	Auction Livestock		09/28/2026 21:50:06	Florence Stockyards
1998	AMS_1998	Sand Mountain Stockyards Inc. - Kilpatrick, AL	Auction Livestock		09/23/2026 21:17:28	Kilpatrick Stockyards
1999	AMS_1999	Roanoke Stockyards - Roanoke, AL	Auction Livestock		09/23/2026 20:54:04	Roanoke Stockyards
2000	AMS_2000	South Alabama Stockyards - Brundidge, AL	Auction Livestock		09/23/2026 17:42:56	Brundidge Stockyards
2001	AMS_2001	Cullman Stockyard Cattle Auction - Cullman, AL	Auction Livestock		09/29/2026 21:23:16	Cullman Stockyards
2002	AMS_2002	Livingston Stockyard - Livingston, AL (Discontinued)	Auction Livestock		04/17/2024 11:16:49	Livingston Stockyards
2003	AMS_2003	Ashville Stockyard - Ashville, AL	Auction Livestock		09/28/2026 19:32:14	Ashville Stockyards
2004	AMS_2004	Escambia County Coop - Brewton, AL (Discontinued)	Auction Livestock		05/25/2020 19:33:26	Brewton Stockyards
2005	AMS_2005	Alabama Weekly Goat Auction Summary	Auction Livestock		08/10/2026 06:24:09	
2006	AMS_2006	Alabama Weekly Cattle Auction Summary	Auction Livestock		09/25/2026 07:27:41	
2007	AMS_2007	Northwest Alabama Livestock Cattle Sale - Russellville, AL	Auction Livestock		09/29/2026 06:23:23	Russellville Stockyards
2008	AMS_2008	Northwest Alabama Livestock Sheep and Goat Sale - Russellville, AL	Auction Livestock		08/08/2026 17:54:35	Russellville Stockyards
2009	AMS_2009	Ft. Pierre Calf Auction (Wed-Seasonal) - Ft. Pierre, SD	Auction Livestock		05/26/2026 06:34:13	Ft. Pierre Livestock Auction
2010	AMS_2010	Mobridge Calf Auction (Tue-Seasonal) - Mobridge, SD	Auction Livestock		10/28/2025 13:59:48	Mobridge Livestock Exchange
2011	AMS_2011	New York Weekly Cattle Auction Summary	Auction Livestock|Auction Livestock (Special)		09/28/2026 06:29:46	
2012	AMS_2012	St. Onge Calf Auction (Wed-Seasonal) - St. Onge, SD	Auction Livestock		11/05/2025 18:15:13	St. Onge Livestock
2013	AMS_2013	Producers Livestock Special Feeder Calf Auction - San Angelo, TX	Auction Livestock (Special)		10/12/2020 12:43:36	Producers Livestock Auction Co - San Angelo
2014	AMS_2014	Producers Livestock Sheep and Goat Auction - San Angelo, TX	Auction Livestock		09/29/2026 15:41:19	Producers Livestock Auction Co - San Angelo
2015	AMS_2015	Producers Livestock Cattle Auction - San Angelo, TX	Auction Livestock		09/24/2026 15:46:08	Producers Livestock Auction Co - San Angelo
2016	AMS_2016	Sioux Falls Regional Livestock Auction - Worthing, SD	Auction Livestock		09/23/2026 13:27:16	Sioux Falls Regional Livestock
2017	AMS_2017	St. Onge-Newell Sheep Yards Auction - Newell, SD	Auction Livestock		09/24/2026 17:01:34	St. Onge Newell Sheepyards
2018	AMS_2018	Central Plains Stockyards Livestock Auction - Humeston, IA	Auction Livestock		09/23/2026 12:27:18	Central Plains Stockyards
2019	AMS_2019	St. Onge Livestock Auction - St. Onge, SD	Auction Livestock		09/25/2026 17:02:51	St. Onge Livestock
2020	AMS_2020	Hub City Livestock Auction - Aberdeen, SD	Auction Livestock		09/23/2026 14:21:23	Hub City Livestock Auction
2021	AMS_2021	Ft. Pierre Livestock Auction (Friday) - Ft. Pierre, SD	Auction Livestock		09/25/2026 21:19:42	Ft. Pierre Livestock Auction
2022	AMS_2022	Mitchell Livestock Auction - Mitchell, SD	Auction Livestock		09/24/2026 11:26:31	Mitchell Livestock Auction
2023	AMS_2023	Philip Livestock Auction - Philip, SD	Auction Livestock		09/29/2026 21:52:45	Philip Livestock Auction
2024	AMS_2024	Herreid Livestock Market - Herreid, SD	Auction Livestock		09/25/2026 13:23:44	Herreid Livestock Market
2025	AMS_2025	Mobridge Livestock Exchange (Thursday) - Mobridge, SD	Auction Livestock		09/24/2026 12:33:39	Mobridge Livestock Exchange
2026	AMS_2026	Sioux Falls Regional Cattle Auction - Worthing, SD	Auction Livestock		09/28/2026 12:20:47	Sioux Falls Regional Livestock
2027	AMS_2027	South Dakota Weekly Cattle Auction Summary	Auction Livestock		09/28/2026 06:42:11	
2028	AMS_2028	Fort Payne Livestock Feeder Cattle Board Sale - Ft. Payne, AL (Discontinued)	Auction Livestock (Board Sale)		08/02/2022 21:48:37	Ft. Payne Stockyards
2029	AMS_2029	Mid State Stockyards Feeder Cattle Board Sale - Letohatchee, AL	Auction Livestock (Board Sale)		09/29/2026 19:31:06	Letohatchee Stockyards
2030	AMS_2030	Montgomery Stockyards Feeder Cattle Board Sale - Montgomery, AL (Discontinued)	Auction Livestock (Board Sale)		08/22/2022 20:03:25	Montgomery Stockyards
2031	AMS_2031	Opp Livestock Feeder Cattle Board Sale - Opp, AL	Auction Livestock (Board Sale)		10/10/2023 19:17:50	Opp Stockyards
2032	AMS_2032	Roanoke Stockyards Feeder Cattle Board Sale - Roanoke, AL	Auction Livestock (Board Sale)		02/25/2026 20:19:47	Roanoke Stockyards
2033	AMS_2033	Sand Mountain Stockyards Inc. Feeder Cattle Board Sale - Kilpatrick, AL	Auction Livestock (Board Sale)		03/18/2026 18:41:52	Kilpatrick Stockyards
2034	AMS_2034	Valley Livestock Feeder Cattle Board Sale - Moulton, AL	Auction Livestock (Board Sale)		08/12/2026 14:44:05	Moulton Stockyards
2036	AMS_2036	Cedar Livestock Auction - Cedar, UT	Auction Livestock		09/25/2026 07:22:15	Cedar Livestock Auction
2037	AMS_2037	Producers Livestock Auction - Salina, UT	Auction Livestock		09/29/2026 19:17:01	Producers Livestock Marketing - Salina, UT
2038	AMS_2038	Anderson Livestock Auction - Willard, UT	Auction Livestock		02/03/2021 09:30:24	Anderson Livestock Auction
2039	AMS_2039	Utah Weekly Livestock Auction Summary	Auction Livestock|Auction Livestock (Special)		09/28/2026 07:40:59	
2040	AMS_2040	Cullman Stockyard Goat Auction - Cullman, AL	Auction Livestock		07/29/2025 12:37:32	Cullman Stockyards
2041	AMS_2041	Illinois Weekly Cattle Auction Summary	Auction Livestock|Auction Livestock (Special)		09/25/2026 06:33:49	
2042	AMS_2042	Fairview Sale Barn Replacement Cattle Special - Fairview, IL	Auction Livestock (Special)		12/20/2021 15:32:34	Fairview Livestock Auction
2043	AMS_2043	Greenville Livestock Cattle Special - Greenville, IL	Auction Livestock (Special)		09/14/2026 06:14:15	Greenville Livestock Auction
2044	AMS_2044	Walnut Auction Sales Feeder Cattle Special - Walnut, IL	Auction Livestock (Special)		03/31/2026 10:13:39	Walnut Livestock Auction
2045	AMS_2045	Reel Livestock Center Cattle Special - Congerville, IL	Auction Livestock (Special)		10/15/2025 14:22:36	Reel Livestock Auction
2046	AMS_2046	Greenville Livestock Cattle Auction - Greenville, IL	Auction Livestock		09/23/2026 12:02:02	Greenville Livestock Auction
2047	AMS_2047	Walnut Auction Sales Slaughter Cattle - Walnut, IL	Auction Livestock		09/23/2026 10:07:43	Walnut Livestock Auction
2048	AMS_2048	Fairview Sale Barn Cattle Special - Fairview, IL	Auction Livestock (Special)		09/21/2026 09:29:54	Fairview Livestock Auction
2049	AMS_2049	Fairview Sale Barn Slaughter Cattle - Fairview, IL	Auction Livestock		09/29/2026 12:36:46	Fairview Livestock Auction
2050	AMS_2050	Green Forest Stockyards - Green Forest, AR	Auction Livestock		09/23/2026 20:46:45	Green Forest Stockyards
2051	AMS_2051	Benton County Sale Barn - Siloam Springs, AR	Auction Livestock		09/25/2026 06:28:07	Benton County Sale Barn
2052	AMS_2052	Arkansas Cattle Auction LLC - Searcy, AR	Auction Livestock		09/29/2026 21:20:24	Arkansas Cattle Auction LLC
2053	AMS_2053	I-40 Livestock - Ozark, AR	Auction Livestock		09/24/2026 18:36:12	I-40 Livestock Auction
2054	AMS_2054	Ouachita Livestock Auction - Ola, AR	Auction Livestock		07/27/2022 06:17:20	Ouachita Livestock Auction
2055	AMS_2055	Cleburne County Livestock Auction - Heber Springs, AR	Auction Livestock		09/28/2026 21:08:50	Cleburne County Livestock Auction
2056	AMS_2056	Arkansas Weekly Livestock Auction Summary	Auction Livestock|Auction Livestock (Special)		09/28/2026 08:05:16	
2057	AMS_2057	County Line Sale - Ratcliff, AR	Auction Livestock		09/23/2026 15:41:06	County Line Sale Barn
2058	AMS_2058	Hope Livestock Auction - Hope, AR	Auction Livestock		09/24/2026 22:02:00	Hope Livestock Auction Inc.
2059	AMS_2059	Ash Flat Livestock Auction - Ash Flat, AR	Auction Livestock		09/25/2026 22:05:25	Ash Flat Livestock Auction Inc.
2060	AMS_2060	Athens Regional Stockyard - Athens, TN	Auction Livestock		09/29/2026 21:19:39	Athens Regional Stockyard - Athens, TN
2061	AMS_2061	Crossville Stockyard - Crossville, TN	Auction Livestock		09/26/2026 14:27:53	Crossville Livestock Auction
2062	AMS_2062	Smith County Commission Co. - Carthage, TN	Auction Livestock		09/26/2026 18:05:47	Carthage Livestock Auction
2063	AMS_2063	Tennessee Weekly Cattle Auction Summary	Auction Livestock		09/28/2026 07:41:53	
2064	AMS_2064	Dickson Regional Livestock Center - Dickson, TN	Auction Livestock		09/28/2026 19:14:31	Dickson Livestock Auction
2065	AMS_2065	Dickson Regional Livestock West - Huntingdon, TN	Auction Livestock		09/29/2026 13:18:47	Huntingdon Livestock Auction
2066	AMS_2066	Knoxville Livestock Center - Knoxville, TN	Auction Livestock		09/22/2026 21:03:13	Knoxville Livestock Auction - Knoxville, TN
2067	AMS_2067	East Tennessee Livestock Center - Sweetwater, TN	Auction Livestock		09/23/2026 18:39:16	Sweetwater Livestock Auction
2068	AMS_2068	Hardin County Stockyard - Savannah, TN	Auction Livestock		09/23/2026 17:30:45	Savannah Livestock Auction
2069	AMS_2069	Mid-South Livestock Regional Center LLC - Unionville, TN	Auction Livestock		09/28/2026 20:02:04	Unionville Livestock Auction - Unionville, TN
2070	AMS_2070	Volunteer Stockyards - Greeneville, TN	Auction Livestock		09/26/2026 19:47:08	Greenville Livestock Auction - Greenville, TN
2071	AMS_2071	Browning Livestock Market - Lafayette, TN	Auction Livestock		09/16/2026 21:04:44	Lafayette Livestock Auction
2072	AMS_2072	East Tennessee Livestock Center Graded Holstein Steer Sale - Sweetwater, TN	Auction Livestock (Special Graded)		09/11/2026 20:19:08	Sweetwater Livestock Auction
2073	AMS_2073	East Tennessee Livestock Center Graded Feeder Cattle Sale - Sweetwater, TN	Auction Livestock (Special Graded)		09/18/2026 18:55:08	Sweetwater Livestock Auction
2075	AMS_2075	East Tennessee Cattle Alliance Preconditioned Graded Feeder Sale - Greeneville, TN	Auction Livestock (Special Graded)		09/10/2026 19:48:48	Greenville Livestock Auction - Greenville, TN
2077	AMS_2077	Hardin County Stockyard Graded Feeder Cattle Sale - Savannah, TN	Auction Livestock (Special Graded)		08/10/2026 19:52:12	Savannah Livestock Auction
2078	AMS_2078	TLP Beef Alliance Sale - Columbia, TN	Auction Livestock (Special Graded)		08/19/2026 13:56:19	Columbia Livestock Auction
2079	AMS_2079	Warren Co. Livestock Graded Sale - McMinnville, TN	Auction Livestock (Special Graded)		09/17/2026 07:06:28	McMinnville Livestock Auction
2080	AMS_2080	Pulaski Stockyard - Pulaski, TN	Auction Livestock		09/29/2026 21:03:45	Pulaski Livestock Auction - Pulaski, TN
2081	AMS_2081	Columbia Graded Sheep and Goat Sale - Columbia, TN	Auction Livestock (Special Graded)		09/28/2026 14:58:29	Columbia Livestock Auction
2082	AMS_2082	Tennessee Daily Cattle Auction Summary	Auction Livestock|Auction Livestock (Special Graded)|Auction Livestock (Special)		09/29/2026 06:29:50	
2083	AMS_2083	North Carolina Graded Cattle Auction	Auction Livestock (Special Graded)		09/25/2026 13:07:28	Norwood Livestock Auction
2084	AMS_2084	Powell Livestock Sheep and Goat Auction - Smithfield, NC	Auction Livestock		09/16/2026 14:15:18	Smithfield Livestock Auction
2085	AMS_2085	Union County Livestock Graded Sheep and Goat Auction - Monroe, NC (Discontinued)	Auction Livestock (Special Graded)		11/02/2023 07:33:10	Monroe Livestock Auction
2086	AMS_2086	Cleveland County Agriculture & Livestock Exchange Sheep and Goat Auction - Shelby, NC	Auction Livestock		09/28/2026 05:02:47	Shelby Livestock Auction
2087	AMS_2087	Carolina Stockyards Livestock Auction (Friday) - Siler City, NC	Auction Livestock		09/28/2026 07:25:58	Siler City Livestock Auction
2088	AMS_2088	Harward Brothers Livestock Market - Turnersburg, NC	Auction Livestock		09/29/2026 05:29:39	Turnersburg Livestock Auction
2089	AMS_2089	Wilkes Livestock Exchange - North Wilkesboro, NC	Auction Livestock		09/25/2026 13:27:24	North Wilkesboro Livestock Auction
2090	AMS_2090	WNC Regional Livestock Center - Canton, NC	Auction Livestock		09/29/2026 07:44:00	Canton Livestock Auction
2091	AMS_2091	North Carolina Weekly Livestock Auction Summary	Auction Livestock|Auction Livestock (Special Graded)		09/28/2026 07:33:32	
2092	AMS_2092	Cleveland County Agriculture & Livestock Exchange - Shelby, NC	Auction Livestock		09/23/2026 05:34:02	Shelby Livestock Auction
2093	AMS_2093	Stanly County Livestock Market - Norwood, NC	Auction Livestock		09/24/2026 05:47:02	Norwood Livestock Auction
2094	AMS_2094	Powell Livestock Market - Smithfield, NC	Auction Livestock		09/25/2026 13:28:58	Smithfield Livestock Auction
2095	AMS_2095	Carolina Stockyards Livestock Auction (Monday) - Siler City, NC	Auction Livestock		09/28/2026 13:07:17	Siler City Livestock Auction
2096	AMS_2096	West Fargo Feeder Cattle Auction - West Fargo, ND	Auction Livestock		10/28/2020 08:25:41	
2097	AMS_2097	Kist Livestock Auction - Mandan, ND	Auction Livestock		09/23/2026 16:54:23	Kist Livestock Auction
2098	AMS_2098	Napoleon Livestock Auction - Napoleon, ND	Auction Livestock		09/17/2026 12:11:54	Napoleon Livestock Auction
2099	AMS_2099	Stockmen's Livestock Exchange - Dickinson, ND	Auction Livestock		09/24/2026 16:35:24	Stockmen's Livestock Exchange
2100	AMS_2100	North Dakota Weekly Cattle Auction Summary	Auction Livestock		05/26/2026 07:28:53	
2101	AMS_2101	Torrington Livestock Auction - Torrington, WY	Auction Livestock		09/25/2026 16:12:15	Torrington Livestock Commission Company
2102	AMS_2102	Winter Livestock Auction (Seasonal) - Riverton, WY (Discontinued)	Auction Livestock		04/28/2026 15:06:05	Winter Livestock - Riverton, WY
2103	AMS_2103	Torrington Livestock Feeder Cattle Auction - Torrington, WY	Auction Livestock		09/24/2026 07:44:31	Torrington Livestock Commission Company
2104	AMS_2104	Winter Livestock Auction - Riverton, WY	Auction Livestock		09/29/2026 18:47:16	Winter Livestock - Riverton, WY
2105	AMS_2105	Torrington Livestock Auction Special - Torrington, WY	Auction Livestock (Special)		09/28/2026 15:17:41	Torrington Livestock Commission Company
2106	AMS_2106	Wyoming Weekly Cattle Auction Summary	Auction Livestock|Auction Livestock (Special)		09/28/2026 07:21:48	
2110	AMS_2110	Eastanollee Goat Sale - Eastanollee, GA	Auction Livestock		09/19/2026 21:23:28	Eastanollee
2111	AMS_2111	Mississippi Daily Auction Summary	Auction Livestock		09/29/2026 04:53:57	
2112	AMS_2112	Meridian Stockyard - Meridian, MS	Auction Livestock		09/28/2026 17:11:56	Meridian Livestock Auction
2113	AMS_2113	Southeast Mississippi Livestock - Hattiesburg, MS	Auction Livestock		09/28/2026 18:46:05	Southeast Mississippi Livestock Auction
2114	AMS_2114	Tadlock Stockyards - Forest, MS	Auction Livestock		09/28/2026 22:15:27	Tadlock Livestock Auction
2115	AMS_2115	Mississippi Weekly Livestock Auction Summary	Auction Livestock		09/25/2026 04:55:29	
2116	AMS_2116	Philadelphia Stockyard -Philadelphia, MS	Auction Livestock		09/29/2026 15:31:06	Philadelphia Livestock Auction
2117	AMS_2117	Brookhaven Stockyard - Brookhaven, MS	Auction Livestock		09/29/2026 17:49:08	Brookhaven Livestock Auction
2118	AMS_2118	Tylertown Stockyard - Tylertown, MS	Auction Livestock		09/29/2026 23:07:24	Tylertown Livestock Auction
2119	AMS_2119	Winona Stockyard - Winona, MS	Auction Livestock		09/29/2026 12:45:03	Winona Livestock Auction
2120	AMS_2120	Lucedale Stockyard - Lucedale, MS	Auction Livestock		09/23/2026 20:48:24	Lucedale Livestock Auction
2121	AMS_2121	Senatobia Stockyard - Senatobia, MS (Discontinued)	Auction Livestock		04/18/2023 14:45:32	
2122	AMS_2122	Macon Stockyard - Macon, MS	Auction Livestock		09/28/2026 14:26:50	Macon Livestock Auction
2123	AMS_2123	Peoples Livestock Auction - Houston, MS	Auction Livestock		09/28/2026 18:32:24	Peoples Livestock Auction
2124	AMS_2124	Grenada Stockyard - Grenada, MS	Auction Livestock		09/28/2026 15:28:07	Grenada Livestock Auction
2125	AMS_2125	Cattlemens Livestock - West Point, MS	Auction Livestock		09/28/2026 20:27:47	Cattlemans Livestock Auction - West Point, MS
2126	AMS_2126	Lipscomb Brother's Livestock Market, Inc.- Como, MS	Auction Livestock		09/23/2026 18:53:02	Lipscomb Brother's Livestock Auction
2127	AMS_2127	Blue Grass Stockyards (Monday) - Lexington, KY	Auction Livestock		09/28/2026 14:24:09	Lexington Livestock Auction - Kentucky
2128	AMS_2128	Blue Grass Stockyards (Tuesday) - Lexington, KY	Auction Livestock		09/29/2026 14:08:51	Lexington Livestock Auction - Kentucky
2129	AMS_2129	Blue Grass Stockyards Lexington - Replacement Livestock Sale - Lexington, KY	Auction Livestock (Special)		09/24/2026 08:01:32	Lexington Livestock Auction - Kentucky
2130	AMS_2130	Blue Grass Stockyards Lexington - Special Graded Feeder Cattle Sale - Lexington, KY	Auction Livestock (Special Graded)		07/27/2026 18:05:28	Lexington Livestock Auction - Kentucky
2131	AMS_2131	Toppenish Dairy Replacement Auction - Toppenish, WA (Monthly)	Auction Livestock		03/27/2026 12:55:20	Toppenish Livestock Commission
2132	AMS_2132	Toppenish Livestock Auction - Toppenish, WA	Auction Livestock		09/24/2026 17:11:11	Toppenish Livestock Commission
2133	AMS_2133	Bloomfield Livestock IMBIO Feeder Cattle Special - Bloomfield, IA	Auction Livestock (Special)		12/29/2025 19:58:47	Bloomfield Livestock Auction
2134	AMS_2134	Culpeper Ag Enterprise Feeder Cattle Board Sale - Culpeper, VA	Auction Livestock (Board Sale)		11/03/2023 13:39:35	Culpeper Agricultural Enterprise
2135	AMS_2135	Dunlap Livestock Feeder Cattle Special - Dunlap, IA	Auction Livestock (Special)		06/10/2025 08:37:57	Dunlap Livestock Auction
2136	AMS_2136	Farmers Livestock Exchange Feeder Cattle Board Sale - Winchester, VA	Auction Livestock (Board Sale)		07/14/2026 07:32:21	Farmers Livestock Exchange, Inc.
2137	AMS_2137	Fauquier Livestock Exchange Feeder Cattle Board Sale - Marshall, VA	Auction Livestock (Board Sale)		06/15/2026 05:49:45	Fauquier Livestock Exchange, Inc.
2139	AMS_2139	Narrows Feeder Cattle Board Sale - Narrows, VA	Auction Livestock (Board Sale)		04/27/2020 07:00:16	Narrows Livestock Market Inc
2140	AMS_2140	Pulaski Livestock Feeder Cattle Board Sale - Dublin, VA	Auction Livestock (Board Sale)		08/13/2026 08:15:13	Pulaski Livestock Market - Dublin, VA
2142	AMS_2142	Rockingham Feeder Cattle Board Sale - Harrisonburg, VA	Auction Livestock (Board Sale)		09/11/2026 08:12:13	Rockingham Livestock Sales, Inc.
2144	AMS_2144	Tama Livestock Feeder Cattle Special - Tama, IA	Auction Livestock (Special)		03/06/2026 13:14:01	Tama Livestock Auction
2145	AMS_2145	Tri-State Feeder Cattle Board Sale - Abingdon, VA	Auction Livestock (Board Sale)		09/23/2026 08:27:45	Tri-State Livestock Market - Abingdon, VA
2146	AMS_2146	Virginia Cattle Company Feeder Cattle Board Sale - Radiant, VA	Auction Livestock (Board Sale)		09/29/2026 11:48:58	Virginia Cattle Company
2147	AMS_2147	Virginia Livestock LLC Feeder Cattle Board Sale - Front Royal, VA	Auction Livestock (Board Sale)		08/16/2023 07:23:13	Virginia Livestock, LLC
2148	AMS_2148	Virginia Weekly Feeder Cattle Board Sale Summary	Auction Livestock (Board Sale)		09/28/2026 08:22:45	Appalachian Regional Stockyard - Wytheville|Culpeper Agricultural Enterprise|Farmers Livestock Exchange, Inc.|Fauquier Livestock Exchange, Inc.|Lynchburg Livestock Market, Inc.|Monterey Stockyard LLC|Narrows Livestock Market Inc|Pulaski Livestock Market - Dublin, VA|Roanoke Hollins Stockyard|Rockingham Livestock Sales, Inc.|Shenandoah Valley Livestock|Southside Livestock Markets, Inc.|Springlake Livestock Market, Inc.|Staunton Union Stockyards, Inc.|Tri-State Livestock Market - Abingdon, VA|Virginia Cattle Company|Virginia Livestock, LLC
2149	AMS_2149	Appalachian Regional Stockyard, LLC. Feeder Cattle Board Sale - Wytheville, VA	Auction Livestock (Board Sale)		09/22/2026 08:15:21	Appalachian Regional Stockyard - Wytheville
2150	AMS_2150	Denison Livestock Feeder Cattle - Denison, IA	Auction Livestock		09/24/2026 15:34:09	Denison Livestock Auction
2151	AMS_2151	Knoxville Regional Feeder Cattle - Knoxville, IA	Auction Livestock		09/15/2026 14:37:53	Knoxville Livestock Auction - Iowa
2152	AMS_2152	Keoco Feeder Cattle Auction - Sigourney, IA	Auction Livestock		09/21/2026 19:40:05	Sigourney Livestock Auction
2153	AMS_2153	Kalona Sheep and Goat Auction - Kalona, IA	Auction Livestock		09/23/2026 15:43:55	Kalona Livestock Auction
2154	AMS_2154	Sheldon Livestock Slaughter Cattle - Sheldon, IA	Auction Livestock		09/17/2026 13:09:26	Sheldon Livestock Auction
2155	AMS_2155	Dunlap Livestock Feeder Cattle - Dunlap, IA	Auction Livestock		09/25/2026 15:36:33	Dunlap Livestock Auction
2156	AMS_2156	Tama Livestock Feeder Cattle - Tama, IA	Auction Livestock		09/14/2026 14:54:51	Tama Livestock Auction
2157	AMS_2157	Sheldon Livestock Feeder Cattle Special - Sheldon, IA	Auction Livestock (Special)		09/17/2026 13:57:40	Sheldon Livestock Auction
2158	AMS_2158	Lamoni Livestock Feeder Cattle - Lamoni, IA	Auction Livestock		09/24/2026 12:13:28	Lamoni Livestock Auction
2159	AMS_2159	Russell Livestock Feeder Cattle - Russell, IA	Auction Livestock		09/28/2026 13:38:52	Russell Livestock Auction - Iowa
2160	AMS_2160	Creston Livestock Feeder Cattle - Creston, IA	Auction Livestock		08/26/2026 14:06:06	Creston Livestock Auction
2161	AMS_2161	Tri-State Feeder Cattle Auction - Sioux Center, IA	Auction Livestock		10/15/2021 13:52:18	Tri State Livestock Auction
2162	AMS_2162	Bloomfield Livestock Feeder Cattle - Bloomfield, IA	Auction Livestock		09/23/2026 12:28:26	Bloomfield Livestock Auction
2163	AMS_2163	Appanoose County Livestock Feeder Cattle - Centerville, IA	Auction Livestock		02/19/2026 18:24:31	Centerville Livestock Auction
2164	AMS_2164	Dunlap Livestock Slaughter Cattle - Dunlap, IA	Auction Livestock		09/29/2026 20:54:59	Dunlap Livestock Auction
2165	AMS_2165	Tama Livestock Slaughter Cattle - Tama, IA	Auction Livestock		09/23/2026 12:25:57	Tama Livestock Auction
2166	AMS_2166	Clarinda Livestock Feeder Cattle - Clarinda, IA	Auction Livestock		09/24/2026 11:25:34	Clarinda Livestock Auction
2167	AMS_2167	Iowa Weekly Cattle Auction Summary	Auction Livestock|Auction Livestock (Special)		09/28/2026 07:01:06	
2168	AMS_2168	Roanoke-Hollins Graded Feeder Cattle Sale - Roanoke, VA	Auction Livestock (Special Graded)		09/28/2026 20:30:36	Roanoke Hollins Stockyard
2169	AMS_2169	Shenandoah Valley Livestock Graded Feeder Cattle Sale - Harrisonburg, VA	Auction Livestock (Special Graded)		09/28/2026 09:20:03	Shenandoah Valley Livestock
2170	AMS_2170	Virginia Feeder Cattle Tel-O-Auction	Auction Livestock (Board Sale)		09/29/2026 11:44:44	Virginia Cattlemen's Association
2171	AMS_2171	Virginia Livestock LLC Graded Slaughter Cattle Sale - Front Royal, VA	Auction Livestock (Special Graded)		09/11/2026 06:26:10	Virginia Livestock, LLC
2172	AMS_2172	Staunton Livestock Auction Graded Slaughter Cattle Sale - Staunton, VA	Auction Livestock (Special Graded)		09/15/2026 13:23:06	Staunton Union Stockyards, Inc.
2173	AMS_2173	Fauquier Livestock Exchange Graded Feeder Cattle Sale - Marshall, VA	Auction Livestock (Special Graded)		09/11/2026 11:23:25	Fauquier Livestock Exchange, Inc.
2174	AMS_2174	Culpeper Ag Enterprise Graded Feeder Cattle Sale - Culpeper, VA	Auction Livestock (Special Graded)		09/08/2026 06:01:03	Culpeper Agricultural Enterprise
2175	AMS_2175	Farmers Livestock Exchange Graded Feeder Cattle Sale - Winchester, VA	Auction Livestock (Special Graded)		09/29/2026 08:38:05	Farmers Livestock Exchange, Inc.
2176	AMS_2176	Virginia Livestock LLC Graded Feeder Cattle Sale - Front Royal, VA	Auction Livestock (Special Graded)		09/18/2026 07:57:44	Virginia Livestock, LLC
2177	AMS_2177	Rockingham Graded Feeder Cattle Sale - Harrisonburg, VA	Auction Livestock (Special Graded)		09/11/2026 08:39:58	Rockingham Livestock Sales, Inc.
2178	AMS_2178	Staunton Livestock Auction Graded Feeder Cattle Sale - Staunton, VA	Auction Livestock (Special Graded)		05/13/2020 07:31:20	Staunton Union Stockyards, Inc.
2180	AMS_2180	Pulaski Livestock Graded Feeder Cattle Sale - Dublin, VA	Auction Livestock (Special Graded)		09/24/2026 09:13:45	Pulaski Livestock Market - Dublin, VA
2181	AMS_2181	Appalachian Regional Stockyard, LLC. Graded Feeder Cattle Sale - Wytheville, VA	Auction Livestock (Special Graded)		08/14/2026 10:52:00	Appalachian Regional Stockyard - Wytheville
2182	AMS_2182	Virginia Cattle Company Graded Feeder Cattle Sale - Radiant, VA	Auction Livestock (Special Graded)		09/29/2026 12:08:07	Virginia Cattle Company
2183	AMS_2183	Southside Livestock Graded Feeder Cattle Sale - Blackstone, VA	Auction Livestock (Special Graded)		09/24/2026 09:03:40	Southside Livestock Markets, Inc.
2184	AMS_2184	Lynchburg Graded Feeder Cattle Sale - Rustburg, VA	Auction Livestock (Special Graded)		09/29/2026 07:33:23	Lynchburg Livestock Market, Inc.
2185	AMS_2185	Narrows Graded Feeder Cattle Sale - Narrows, VA	Auction Livestock (Special Graded)		06/01/2020 08:09:35	Narrows Livestock Market Inc
2186	AMS_2186	Springlake Graded Feeder Cattle Sale - Moneta, VA	Auction Livestock (Special Graded)		09/28/2026 07:36:24	Springlake Livestock Market, Inc.
2187	AMS_2187	Virginia Weekly Cattle Auction Summary	Auction Livestock|Auction Livestock (Special Graded)		09/28/2026 09:20:49	
2188	AMS_2188	United Producers Inc. - Bowling Green, KY	Auction Livestock		09/29/2026 12:50:45	Bowling Green Livestock Auction
2189	AMS_2189	Blue Grass Stockyards - Albany, KY	Auction Livestock		09/23/2026 19:12:41	Albany Livestock Auction
2190	AMS_2190	Blue Grass South Stockyards (Monday) - Stanford, KY	Auction Livestock		09/28/2026 18:41:10	Stanford Livestock Auction
2191	AMS_2191	Blue Grass South Stockyards (Thursday) - Stanford, KY	Auction Livestock		09/24/2026 18:36:44	Stanford Livestock Auction
2192	AMS_2192	Blue Grass Stockyards (Saturday) - Campbellsville, KY	Auction Livestock		09/28/2026 07:16:05	Campbellsville Livestock Auction
2193	AMS_2193	Kentucky Weekly Livestock Auction Summary	Auction Livestock|Auction Livestock (Special Graded)|Auction Livestock (Special)		09/28/2026 10:17:56	
2194	AMS_2194	Lake Cumberland Livestock - Somerset, KY	Auction Livestock		09/26/2026 16:07:55	Somerset Livestock Auction
2195	AMS_2195	Farmers Stockyards - Flemingsburg, KY	Auction Livestock		09/29/2026 15:00:22	Flemingsburg Livestock Auction
2196	AMS_2196	Livingston Co. Livestock Market - Ledbetter, KY	Auction Livestock		09/29/2026 23:03:06	Ledbetter Livestock Auction
2197	AMS_2197	Blue Grass Stockyards - Maysville, KY	Auction Livestock		06/27/2023 19:33:46	Maysville Livestock Auction - Kentucky
2198	AMS_2198	Farmers Regional Livestock Market - Glasgow, KY	Auction Livestock		09/28/2026 20:44:17	Glasgow Livestock Auction
2199	AMS_2199	Farmers Regional Livestock Auction of Glasgow Dairy Auction - Smiths Grove, KY	Auction Livestock		09/29/2026 21:36:23	Smiths Grove Mammoth Cave Dairy Auction
2200	AMS_2200	Christian Co. Livestock - Hopkinsville, KY	Auction Livestock		09/23/2026 19:15:07	Hopkinsville Livestock Auction
2201	AMS_2201	Kentuckiana Livestock Market - Owensboro, KY	Auction Livestock		09/28/2026 19:07:02	Owensboro Livestock Auction
2202	AMS_2202	Bluegrass Stockyard - Mt. Sterling, KY	Auction Livestock		09/23/2026 14:53:22	Mount Sterling Livestock Auction
2203	AMS_2203	United Producers, Inc. - Owenton, KY	Auction Livestock		09/23/2026 17:40:36	Owenton Livestock Auction
2204	AMS_2204	Paris Stockyards - Paris, KY (Thursday)	Auction Livestock		09/25/2026 13:35:19	Paris Livestock Auction
2205	AMS_2205	United Producers Inc. - Special Feeder Cattle Sale - Harned, KY (Discontinued)	Auction Livestock (Special)		01/06/2023 16:26:00	Harned Livestock Auction
2206	AMS_2206	KY-TN Livestock Market - Guthrie, KY	Auction Livestock		09/25/2026 00:02:31	Guthrie Livestock Auction
2207	AMS_2207	United Producers Inc. - Harned, KY	Auction Livestock		09/29/2026 08:27:06	Harned Livestock Auction
2208	AMS_2208	Russell Co. Stockyard - Russell Springs, KY	Auction Livestock		09/23/2026 22:30:14	Russell Springs Livestock Auction
2209	AMS_2209	Washington Co. Cattle Sale - Springfield, KY	Auction Livestock		09/29/2026 19:36:36	Springfield Livestock Auction - Kentucky
2210	AMS_2210	Blue Grass Stockyards - Richmond, KY	Auction Livestock		09/25/2026 11:26:59	Richmond Livestock Auction
2211	AMS_2211	Mid-Kentucky Livestock Market - Upton, KY	Auction Livestock		09/29/2026 19:49:24	Upton Livestock Auction
2212	AMS_2212	Blue Grass Stockyards (Wednesday) - Campbellsville, KY	Auction Livestock		09/23/2026 14:20:35	Campbellsville Livestock Auction
2213	AMS_2213	Cattleman's Livestock - Bowling Green, KY	Auction Livestock		09/28/2026 21:30:43	Cattleman's Livestock Auction - Bowling Green
2214	AMS_2214	Wilson Livestock Market - London, KY	Auction Livestock		10/27/2021 06:53:44	Wilson Livestock Market - London, KY
2215	AMS_2215	United Producers Inc. Graded Sheep/Goat Sale - Bowling Green, KY	Auction Livestock (Special Graded)		09/29/2026 14:25:25	Bowling Green Livestock Auction
2216	AMS_2216	West Kentucky Auction Barn Graded Sheep/Goat Sale - Mayfield, KY	Auction Livestock (Special Graded)		09/25/2026 05:05:33	Mayfield Graded Goat and Sheep Sale
2217	AMS_2217	Blue Grass Stockyards of Richmond Graded Sheep/Goat Sale - Richmond, KY	Auction Livestock (Special Graded)		09/14/2026 14:36:59	Richmond Livestock Auction
2218	AMS_2218	Paris Stockyards Graded Sheep/Goat Sale - Paris, KY	Auction Livestock (Special Graded)		09/17/2026 07:48:25	Paris Livestock Auction
2219	AMS_2219	Washington Co. Graded Sheep/Goat Sale  (Monthly 3rd Sat) - Springfield, KY	Auction Livestock (Special Graded)		09/25/2026 05:27:10	Springfield Livestock Auction - Kentucky
2220	AMS_2220	Blue Grass Stockyards - Graded Feeder Cattle Sale - Stanford, KY	Auction Livestock (Special Graded)		05/14/2026 13:48:16	Stanford Livestock Auction
2221	AMS_2221	Livingston Co. Livestock Market - Monthly Feeder Cattle Sale - Ledbetter, KY	Auction Livestock		09/18/2026 22:01:28	Ledbetter Livestock Auction
2222	AMS_2222	Kentuckiana Livestock Market - Special Graded Feeder Cattle Sale - Owensboro, KY	Auction Livestock (Special Graded)		08/13/2026 20:45:06	Owensboro Livestock Auction
2223	AMS_2223	Paris Stockyards - Special Feeder Cattle Sale - Paris, KY	Auction Livestock (Special)		02/19/2020 09:40:58	Paris Livestock Auction
2224	AMS_2224	KY-TN Livestock Market - Special Graded Feeder Cattle Sale- Guthrie, KY	Auction Livestock (Special Graded)		08/11/2026 22:14:51	Guthrie Livestock Auction
2225	AMS_2225	Washington Co. Livestock - Special Feeder Cattle Sale - Springfield, KY	Auction Livestock (Special)		06/08/2020 16:39:58	Springfield Livestock Auction - Kentucky
2227	AMS_2227	Blue Grass Stockyards - Special Graded Feeder Cattle Sale - Richmond, KY	Auction Livestock (Special Graded)		12/08/2020 17:26:24	Richmond Livestock Auction
2228	AMS_2228	East Tennessee Livestock Center Video/Board Sale - Sweetwater, TN	Auction Livestock (Board Sale)		08/12/2026 14:15:18	Sweetwater Livestock Auction
2229	AMS_2229	Farmers Regional Livestock Market - Monthly Cattle Sale - Glasgow, KY (2nd/4th Thur)	Auction Livestock		09/24/2026 14:09:19	Glasgow Livestock Auction
2230	AMS_2230	Toppenish Special Feeder Cattle Auction - Toppenish, WA	Auction Livestock (Special)		09/29/2026 20:34:45	Toppenish Livestock Commission
2233	AMS_2233	Pennsylvania Livestock Auction Graded Feeder Cattle Special - Waynesburg, PA (Discontinued)	Auction Livestock (Special Graded)		10/07/2022 08:23:13	Waynesburg
2234	AMS_2234	84 Livestock Auction - Eighty Four, PA	Auction Livestock		04/07/2025 18:31:44	Eighty Four
2236	AMS_2236	New Wilmington Livestock Auction Special Feeder Cattle Sale – New Wilmington, PA	Auction Livestock (Special)		03/26/2024 10:07:17	New Wilmington
2237	AMS_2237	Indiana Livestock Auction Special Feeder Cattle Sale – Homer City, PA (Discontinued)	Auction Livestock (Special)		10/12/2021 07:40:19	Indiana
2238	AMS_2238	Springlake Feeder Cattle Board Sale - Moneta, VA	Auction Livestock (Board Sale)		09/17/2024 08:34:21	Springlake Livestock Market, Inc.
2240	AMS_2240	West Virginia Weekly Auction Summary	Auction Livestock|Auction Livestock (Special Graded)|Auction Livestock (Special)		09/20/2025 20:08:07	
2241	AMS_2241	Volunteer Stockyards Feeder Cattle Video Board Sale - Greeneville, TN (Discontinued)	Auction Livestock (Board Sale)		12/07/2023 17:25:34	Greenville Livestock Auction - Greenville, TN
2242	AMS_2242	Valley Video Hay Auction (Discontinued)	Auction Hay		01/27/2022 15:56:29	Valley Video and Internet Hay Auction
2243	AMS_2243	Rock Valley Hay Auction (Mon) - Rock Valley, IA	Auction Hay		09/14/2026 09:06:45	Rock Valley Hay Auction
2244	AMS_2244	Rock Valley Hay Auction (Thur) - Rock Valley, IA	Auction Hay		09/25/2026 08:47:41	Rock Valley Hay Auction
2245	AMS_2245	Dakota Hay Auction - Corsica, SD (Monday)	Auction Hay		09/22/2026 09:08:05	Dakota Hay Auction
2246	AMS_2246	Pipestone Hay and Straw Auction - Pipestone, MN	Auction Hay		09/29/2026 10:37:18	Pipestone Hay & Straw Auction
2247	AMS_2247	Alabama Livestock Auction Board Sale - Uniontown, AL	Auction Livestock (Board Sale)		09/08/2026 20:03:32	Uniontown Stockyards
2248	AMS_2248	West Point Livestock Feeder Cattle - West Point, NE	Auction Livestock		09/14/2026 13:55:06	West Point Livestock Auction
2252	AMS_2252	Northeast Georgia Livestock Special Feeder Cattle Sale - Athens, GA	Auction Livestock (Special)		09/10/2026 14:59:43	Athens
2253	AMS_2253	Calhoun Stockyard Feeder Cattle Board Sale - Calhoun, GA	Auction Livestock (Board Sale)		10/07/2021 19:21:04	Calhoun
2255	AMS_2255	Crawford Livestock Market Seasonal Slaughter Cattle - Crawford, NE (Discontinued)	Auction Livestock		01/09/2020 13:25:26	Crawford
2256	AMS_2256	Frisco City Stockyard Feeder Cattle Board Sale - Frisco City, AL	Auction Livestock (Board Sale)		04/27/2022 19:35:46	Frisco City Stockyards
2257	AMS_2257	Public Auction Yards Replacement Cattle Special - Billings, MT (Seasonal)	Auction Livestock (Special)		04/28/2026 17:52:00	Public Auction Yards
2258	AMS_2258	Carroll County Livestock Board Sale - Carrollton, GA	Auction Livestock (Board Sale)		10/07/2024 21:22:39	Carrollton
2259	AMS_2259	South Alabama Stockyards Feeder Cattle Board Sale - Brundidge, AL	Auction Livestock (Board Sale)		05/18/2022 20:25:06	Brundidge Stockyards
2262	AMS_2262	Dothan Livestock Co. Cattle Special - Dothan, AL	Auction Livestock (Special)		10/07/2022 16:25:28	Dothan Stockyards
2263	AMS_2263	Washington Co. Livestock - Special Graded Feeder Cattle Sale - Springfield, KY (Discontinued)	Auction Livestock (Special Graded)		06/25/2020 17:34:28	Springfield Livestock Auction - Kentucky
2266	AMS_2266	Davis Livestock Special Feeder Cattle Sale (Discontinued)	Auction Livestock (Special)		11/19/2021 09:22:52	Davis Livestock Sales - Gouverneur, NY
2271	MARS_2271	Quarterly Tobacco Stocks	Tobacco Stocks Manufacture		07/31/2026 13:05:25	
2277	AJ_FV010	Atlanta Terminal Market Fruit Prices (AJ_FV010)	Terminal		09/29/2026 11:11:58	Atlanta Terminal Market
2278	AJ_FV020	Atlanta Terminal Market Vegetables Prices (AJ_FV020)	Terminal		09/29/2026 11:13:22	Atlanta Terminal Market
2279	AJ_FV030	Atlanta Terminal Market Onions and Potatoes Prices (AJ_FV030)	Terminal		09/29/2026 11:12:59	Atlanta Terminal Market
2280	AJ_FV040	Atlanta Terminal Market Nuts Prices (AJ_FV040)	Terminal		09/29/2026 11:12:31	Atlanta Terminal Market
2281	BP_FV010	Baltimore Terminal Market Fruit Prices (BP_FV010)	Terminal		09/29/2026 13:33:22	Baltimore Terminal Market
2282	BP_FV020	Baltimore Terminal Market Vegetables Prices (BP_FV020)	Terminal		09/29/2026 13:35:47	Baltimore Terminal Market
2283	BP_FV030	Baltimore Terminal Market Onions and Potatoes Prices (BP_FV030)	Terminal		09/29/2026 13:36:11	Baltimore Terminal Market
2284	BP_FV040	Baltimore Terminal Market Nuts Prices (BP_FV040)	Terminal		09/29/2026 13:36:35	Baltimore Terminal Market
2285	BH_FV010	Boston Terminal Market Fruit Prices (BH_FV010)	Terminal		09/29/2026 10:53:24	Boston Terminal Market
2286	BH_FV020	Boston Terminal Market Vegetables Prices (BH_FV020)	Terminal		09/29/2026 11:03:04	Boston Terminal Market
2287	BH_FV030	Boston Terminal Market Onions and Potatoes Prices (BH_FV030)	Terminal		09/29/2026 10:53:46	Boston Terminal Market
2288	BH_FV040	Boston Terminal Market Nuts Prices (BH_FV040)	Terminal		09/29/2026 10:53:35	Boston Terminal Market
2289	BH_FV201	Boston Terminal Market Ornamentals Prices (BH_FV201)	Terminal		09/29/2026 10:30:30	Boston Terminal Market Ornamentals
2290	HX_FV010	Chicago Terminal Market Fruit Prices (HX_FV010)	Terminal		09/29/2026 11:05:39	Chicago Terminal Market
2291	HX_FV020	Chicago Terminal Market Vegetables Prices (HX_FV020)	Terminal		09/29/2026 11:05:48	Chicago Terminal Market
2292	HX_FV030	Chicago Terminal Market Onions and Potatoes Prices (HX_FV030)	Terminal		09/29/2026 11:05:57	Chicago Terminal Market
2293	HX_FV040	Chicago Terminal Market Nuts Prices (HX_FV040)	Terminal		09/29/2026 11:06:05	Chicago Terminal Market
2294	CA_FV010	Columbia Terminal Market Fruit Prices (CA_FV010)	Terminal		09/29/2026 11:07:46	Columbia Terminal Market
2295	CA_FV020	Columbia Terminal Market Vegetables Prices (CA_FV020)	Terminal		09/29/2026 11:08:11	Columbia Terminal Market
2296	CA_FV030	Columbia Terminal Market Onions and Potatoes Prices (CA_FV030)	Terminal		09/29/2026 11:08:23	Columbia Terminal Market
2297	CA_FV040	Columbia Terminal Market Nuts Prices (CA_FV040)	Terminal		09/29/2026 11:08:39	Columbia Terminal Market
2298	DA_FV010	Dallas Terminal Market Fruit Prices (DA_FV010) (Discontinued)	Terminal		05/26/2022 13:01:07	Dallas Terminal Market
2299	DA_FV020	Dallas Terminal Market Vegetables Prices (DA_FV020) (Discontinued)	Terminal		05/26/2022 13:01:08	Dallas Terminal Market
2300	DA_FV030	Dallas Terminal Market Onions and Potatoes Prices (DA_FV030) (Discontinued)	Terminal		05/26/2022 13:01:08	Dallas Terminal Market
2301	DA_FV040	Dallas Terminal Market Nuts Prices (DA_FV040) (Discontinued)	Terminal		05/26/2022 13:01:08	Dallas Terminal Market
2302	DU_FV010	Detroit Terminal Market Fruit Prices (DU_FV010)	Terminal		09/29/2026 12:39:47	Detroit Terminal Market
2303	DU_FV020	Detroit Terminal Market Vegetables Prices (DU_FV020)	Terminal		09/29/2026 12:40:36	Detroit Terminal Market
2304	DU_FV030	Detroit Terminal Market Onions and Potatoes Prices (DU_FV030)	Terminal		09/29/2026 12:40:20	Detroit Terminal Market
2305	DU_FV040	Detroit Terminal Market Nuts Prices (DU_FV040)	Terminal		09/29/2026 12:40:05	Detroit Terminal Market
2306	HC_FV010	Los Angeles Terminal Market Fruit Prices (HC_FV010)	Terminal		09/29/2026 14:02:19	Los Angeles Terminal Market
2307	HC_FV020	Los Angeles Terminal Market Vegetables Prices (HC_FV020)	Terminal		09/29/2026 12:31:33	Los Angeles Terminal Market
2308	HC_FV030	Los Angeles Terminal Market Onions and Potatoes Prices (HC_FV030)	Terminal		09/29/2026 12:31:47	Los Angeles Terminal Market
2309	HC_FV040	Los Angeles Terminal Market Nuts Prices (HC_FV040)	Terminal		09/29/2026 12:32:01	Los Angeles Terminal Market
2310	MH_FV010	Miami Terminal Market Fruit Prices (MH_FV010)	Terminal		09/29/2026 10:51:32	Miami Terminal Market
2311	MH_FV020	Miami Terminal Market Vegetables Prices (MH_FV020)	Terminal		09/29/2026 10:52:25	Miami Terminal Market
2312	MH_FV030	Miami Terminal Market Onions and Potatoes Prices (MH_FV030)	Terminal		09/29/2026 10:52:06	Miami Terminal Market
2313	MH_FV040	Miami Terminal Market Nuts Prices (MH_FV040)	Terminal		09/29/2026 10:51:49	Miami Terminal Market
2314	NX_FV010	New York Terminal Market Fruit Prices (NX_FV010)	Terminal		09/29/2026 12:51:45	New York Terminal Market
2315	NX_FV020	New York Terminal Market Vegetables Prices (NX_FV020)	Terminal		09/29/2026 12:54:34	New York Terminal Market
2316	NX_FV030	New York Terminal Market Onions and Potatoes Prices (NX_FV030)	Terminal		09/29/2026 12:53:05	New York Terminal Market
2317	NX_FV040	New York Terminal Market Nuts Prices (NX_FV040)	Terminal		09/29/2026 12:52:37	New York Terminal Market
2318	NA_FV010	Philadelphia Terminal Market Fruit Prices (NA_FV010)	Terminal		09/29/2026 10:03:01	Philadelphia Terminal Market
2319	NA_FV020	Philadelphia Terminal Market Vegetables Prices (NA_FV020)	Terminal		09/29/2026 10:11:04	Philadelphia Terminal Market
2320	NA_FV030	Philadelphia Terminal Market Onions and Potatoes Prices (NA_FV030)	Terminal		09/29/2026 10:03:11	Philadelphia Terminal Market
2321	NA_FV040	Philadelphia Terminal Market Nuts Prices (NA_FV040)	Terminal		09/29/2026 10:08:47	Philadelphia Terminal Market
2322	SX_FV010	San Francisco Terminal Market Fruit Prices (SX_FV010) (Discontinued)	Terminal		05/01/2025 14:48:21	San Francisco Terminal Market
2323	SX_FV020	San Francisco Terminal Market Vegetables Prices (SX_FV020) (Discontinued)	Terminal		05/01/2025 14:49:09	San Francisco Terminal Market
2324	SX_FV030	San Francisco Terminal Market Onions and Potatoes Prices (SX_FV030) (Discontinued)	Terminal		05/01/2025 14:48:50	San Francisco Terminal Market
2325	SX_FV040	San Francisco Terminal Market Nuts Prices (SX_FV040) (Discontinued)	Terminal		05/01/2025 14:48:33	San Francisco Terminal Market
2326	xx_fv010	SAINT LOUIS Terminal Market Fruit Prices (Discontinued)	Terminal		12/29/2017 00:00:00	Saint Louis Terminal Market
2327	xx_fv020	SAINT LOUIS Terminal Market Vegetables Prices (Discontinued)	Terminal		12/29/2017 00:00:00	Saint Louis Terminal Market
2328	xx_fv030	SAINT LOUIS Terminal Market Onions and Potatoes Prices (Discontinued)	Terminal		12/29/2017 00:00:00	Saint Louis Terminal Market
2329	xx_fv040	SAINT LOUIS Terminal Market Nuts Prices (Discontinued)	Terminal		12/29/2017 00:00:00	Saint Louis Terminal Market
2330	BI_FV010	Birmingham, United Kingdom Terminal Market Fruit Prices (BI_FV010) (Discontinued)	Terminal		02/02/2016 00:00:00	Birmingham, United Kingdom Terminal Market
2331	BI_FV020	Birmingham, United Kingdom Terminal Market Vegetables Prices (BI_FV020) (Discontinued)	Terminal		02/02/2016 00:00:00	Birmingham, United Kingdom Terminal Market
2332	BI_FV030	Birmingham, United Kingdom Terminal Market Onions and Potatoes Prices (BI_FV030) (Discontinued)	Terminal		02/02/2016 00:00:00	Birmingham, United Kingdom Terminal Market
2333	GU_FV010	Guadalajara, Mexico Terminal Market Fruit Prices (GU_FV010) (Discontinued)	Terminal		02/08/2024 18:38:47	Guadalajara, Mexico Terminal Market
2334	GU_FV020	Guadalajara, Mexico Terminal Market Vegetables Prices (GU_FV020) (Discontinued)	Terminal		02/08/2024 18:40:45	Guadalajara, Mexico Terminal Market
2335	GU_FV030	Guadalajara, Mexico Terminal Market Onions and Potatoes Prices (GU_FV030) (Discontinued)	Terminal		02/08/2024 18:42:15	Guadalajara, Mexico Terminal Market
2336	MX_FV010	Mexico City, Mexico Terminal Market Fruit Prices (MX_FV010) (Discontinued)	Terminal		02/08/2024 16:36:05	Mexico City, Mexico Terminal Market
2337	MX_FV020	Mexico City, Mexico Terminal Market Vegetables Prices (MX_FV020) (Discontinued)	Terminal		02/08/2024 16:38:08	Mexico City, Mexico Terminal Market
2338	MX_FV030	Mexico City, Mexico Terminal Market Onions and Potatoes Prices (MX_FV030) (Discontinued)	Terminal		02/08/2024 16:39:56	Mexico City, Mexico Terminal Market
2339	MT_FV010	Monterrey, Mexico Terminal Market Fruit Prices (MT_FV010) (Discontinued)	Terminal		02/08/2024 17:25:20	Monterrey, Mexico Terminal Market
2340	MT_FV020	Monterrey, Mexico Terminal Market Vegetables Prices (MT_FV020) (Discontinued)	Terminal		02/08/2024 17:27:11	Monterrey, Mexico Terminal Market
2341	MT_FV030	Monterrey, Mexico Terminal Market Onions and Potatoes Prices (MT_FV030) (Discontinued)	Terminal		02/08/2024 17:28:38	Monterrey, Mexico Terminal Market
2342	MO_FV010	Montreal, Canada Terminal Market Fruit Prices (MO_FV010) (Discontinued)	Terminal		01/17/2023 07:04:19	Montreal, Canada Terminal Market
2343	MO_FV020	Montreal, Canada Terminal Market Vegetables Prices (MO_FV020) (Discontinued)	Terminal		12/18/2017 00:00:00	Montreal, Canada Terminal Market
2344	MO_FV030	Montreal, Canada Terminal Market Onions and Potatoes Prices (MO_FV030) (Discontinued)	Terminal		12/18/2017 00:00:00	Montreal, Canada Terminal Market
2345	NC_FV010	New Covent Garden, United Kingdom Terminal Market Fruit Prices (NC_FV010) (Discontinued)	Terminal		06/22/2018 00:00:00	New Covent Garden, United Kingdom Terminal Market
2346	NC_FV020	New Covent Garden, United Kingdom Terminal Market Vegetables Prices (NC_FV020) (Discontinued)	Terminal		06/22/2018 00:00:00	New Covent Garden, United Kingdom Terminal Market
2347	NC_FV030	New Covent Garden, United Kingdom Terminal Market Onions and Potatoes Prices (NC_FV030) (Discontinued)	Terminal		06/22/2018 00:00:00	New Covent Garden, United Kingdom Terminal Market
2348	NS_FV010	New Spitalfields, United Kingdom Terminal Market Fruit Prices (NS_FV010) (Discontinued)	Terminal		06/22/2018 00:00:00	New Spitalfields, United Kingdom Terminal Market
2349	NS_FV020	New Spitalfields, United Kingdom Terminal Market Vegetables Prices (NS_FV020) (Discontinued)	Terminal		06/22/2018 00:00:00	New Spitalfields, United Kingdom Terminal Market
2350	NS_FV030	New Spitalfields, United Kingdom Terminal Market Onions and Potatoes Prices (NS_FV030) (Discontinued)	Terminal		06/22/2018 00:00:00	New Spitalfields, United Kingdom Terminal Market
2351	PA_FV010	Paris (Rungis), France Terminal Market Fruit Prices (PA_FV010) (Discontinued)	Terminal		05/03/2018 00:00:00	Paris (Rungis), France Terminal Market
2352	PA_FV020	Paris (Rungis), France Terminal Market Vegetables Prices (PA_FV020) (Discontinued)	Terminal		05/03/2018 00:00:00	Paris (Rungis), France Terminal Market
2353	PA_FV030	Paris (Rungis), France Terminal Market Onions and Potatoes Prices (PA_FV030) (Discontinued)	Terminal		05/03/2018 00:00:00	Paris (Rungis), France Terminal Market
2354	PL_FV010	Plovdiv, Bulgaria Terminal Market Fruit Prices (PL_FV010) (Discontinued)	Terminal		05/22/2018 00:00:00	Plovdiv, Bulgaria Terminal Market
2355	PL_FV020	Plovdiv, Bulgaria Terminal Market Vegetables Prices (PL_FV020) (Discontinued)	Terminal		05/22/2018 00:00:00	Plovdiv, Bulgaria Terminal Market
2356	PL_FV030	Plovdiv, Bulgaria Terminal Market Onions and Potatoes Prices (PL_FV030) (Discontinued)	Terminal		05/22/2018 00:00:00	Plovdiv, Bulgaria Terminal Market
2357	PZ_FV010	Poznan, Poland Terminal Market Fruit Prices (PZ_FV010) (Discontinued)	Terminal		06/13/2018 00:00:00	Poznan, Poland Terminal Market
2358	PZ_FV020	Poznan, Poland Terminal Market Vegetables Prices (PZ_FV020) (Discontinued)	Terminal		09/09/2020 07:51:51	Poznan, Poland Terminal Market
2359	PZ_FV030	Poznan, Poland Terminal Market Onions and Potatoes Prices (PZ_FV030) (Discontinued)	Terminal		06/13/2018 00:00:00	Poznan, Poland Terminal Market
2360	RO_FV010	Rotterdam, The Netherlands Terminal Market Fruit Prices (RO_FV010) (Discontinued)	Terminal		02/02/2024 16:48:43	Rotterdam, The Netherlands Terminal Market
2361	RO_FV020	Rotterdam, The Netherlands Terminal Market Vegetables Prices (RO_FV020) (Discontinued)	Terminal		02/02/2024 16:51:43	Rotterdam, The Netherlands Terminal Market
2362	RO_FV030	Rotterdam, The Netherlands Terminal Market Onions and Potatoes Prices (RO_FV030) (Discontinued)	Terminal		12/01/2023 09:39:37	Rotterdam, The Netherlands Terminal Market
2363	SO_FV010	Sofia, Bulgaria Terminal Market Fruit Prices (SO_FV010) (Discontinued)	Terminal		05/22/2018 00:00:00	Sofia, Bulgaria Terminal Market
2364	SO_FV020	Sofia, Bulgaria Terminal Market Vegetables Prices (SO_FV020) (Discontinued)	Terminal		05/22/2018 00:00:00	Sofia, Bulgaria Terminal Market
2365	SO_FV030	Sofia, Bulgaria Terminal Market Onions and Potatoes Prices (SO_FV030) (Discontinued)	Terminal		05/22/2018 00:00:00	Sofia, Bulgaria Terminal Market
2366	TO_FV010	Toronto, Canada Terminal Market Fruit Prices (TO_FV010) (Discontinued)	Terminal		02/05/2024 17:46:41	Toronto, Canada Terminal Market
2367	TO_FV020	Toronto, Canada Terminal Market Vegetables Prices (TO_FV020) (Discontinued)	Terminal		02/05/2024 17:49:57	Toronto, Canada Terminal Market
2368	TO_FV030	Toronto, CanadaTerminal Market Onions and Potatoes Prices (TO_FV030) (Discontinued)	Terminal		02/05/2024 17:51:21	Toronto, Canada Terminal Market
2369	VR_FV010	Varna, Bulgaria Terminal Market Fruit Prices (VR_FV010) (Discontinued)	Terminal		05/22/2018 00:00:00	Varna, Bulgaria Terminal Market
2370	VR_FV020	Varna, Bulgaria Terminal Market Vegetables Prices (VR_FV020) (Discontinued)	Terminal		05/22/2018 00:00:00	Varna, Bulgaria Terminal Market
2371	VR_FV030	Varna, Bulgaria Terminal Market Onions and Potatoes Prices (VR_FV030) (Discontinued)	Terminal		05/22/2018 00:00:00	Varna, Bulgaria Terminal Market
2372	WR_FV010	Warsaw, Poland Terminal Market Fruit Prices (WR_FV010) (Discontinued)	Terminal		06/14/2018 00:00:00	Warsaw, Poland Terminal Market
2373	WR_FV020	Warsaw, Poland Terminal Terminal Market Vegetables Prices (WR_FV020) (Discontinued)	Terminal		06/14/2018 00:00:00	Warsaw, Poland Terminal Market
2374	WR_FV030	Warsaw, Poland Terminal Terminal Market Onions and Potatoes Prices (WR_FV030) (Discontinued)	Terminal		06/14/2018 00:00:00	Warsaw, Poland Terminal Market
2375	FVWTRK	SC National Truck Rate Report (PDF) (FVWTRK)	Truck Rates		09/23/2026 09:19:19	
2378	AMS_2378	Producers Livestock Auction Feeder Cattle Special - Salina, UT	Auction Livestock (Special)		10/01/2024 12:26:03	Producers Livestock Marketing - Salina, UT
2379	AMS_2379	Basin Livestock Market - Ballard, UT	Auction Livestock		08/04/2020 18:29:01	Basin Livestock Market
2383	AMS_2383	'R' Livestock Connection - Monroe, UT	Auction Livestock		09/23/2026 13:26:42	'R' Livestock Connection
2386	BR_FV110	Benton Harbor Shipping Point Fruit Prices (BR_FV110)	Shipping Point		09/29/2026 12:12:25	Benton Harbor FOB SC
2387	BR_FV120	Benton Harbor Shipping Point Vegetables Prices (BR_FV120)	Shipping Point		09/29/2026 12:12:50	Benton Harbor FOB SC
2388	BR_FV130	Benton Harbor Shipping Point Onions and Potatoes Prices (BR_FV130)	Shipping Point		07/06/2026 12:47:37	Benton Harbor FOB SC
2389	CA_FV120	Columbia Shipping Point Vegetables Prices (CA_FV120)	Shipping Point		09/29/2026 09:24:12	Columbia FOB SC
2390	FR_FV110	Fresno Shipping Point Fruit Prices (FR_FV110)	Shipping Point		09/29/2026 14:57:58	Fresno (FR) FOB SC
2391	FR_FV120	Fresno Shipping Point Vegetables Prices (FR_FV120)	Shipping Point		09/29/2026 14:16:56	Fresno (FE) FOB SC|Fresno (FR) FOB SC
2392	IF_FV110	Idaho Falls Shipping Point Fruit Prices (IF_FV110)	Shipping Point		09/29/2026 12:05:26	Idaho Falls FOB SC
2393	IF_FV130	Idaho Falls Shipping Point Onions and Potatoes Prices (IF_FV130)	Shipping Point		09/29/2026 14:39:00	Idaho Falls FOB SC
2394	MB_FV110	Inwood Shipping Point Fruit Prices (MB_FV110)	Shipping Point		09/29/2026 14:25:12	Inwood FOB SC
2395	MH_FV111	Miami Shipping Point Fruit Prices (MH_FV111)	Shipping Point		09/29/2026 13:25:48	Miami (Misc Tropical) FOB SC|Miami FOB SC
2396	MH_FV121	Miami Shipping Point Vegetables Prices (MH_FV121)	Shipping Point		09/29/2026 13:30:56	Miami FOB SC
2397	ON_FV120	Onley Shipping Point Vegetables Prices (ON_FV120) (Discontinued)	Shipping Point		07/15/2020 11:04:19	Onley FOB SC
2398	ON_FV130	Onley Shipping Point Onions and Potatoes Prices (ON_FV130)	Shipping Point		07/29/2025 12:24:07	Onley FOB SC
2399	OR_FV110	Orlando Shipping Point Fruit Prices (OR_FV110)	Shipping Point		09/29/2026 13:03:07	Orlando (Oviedo) FOB SC
2400	OR_FV120	Orlando Shipping Point Vegetables Prices (OR_FV120)	Shipping Point		09/29/2026 13:03:47	Orlando (Oviedo) FOB SC
2401	OR_FV111	Orlando Shipping Point Fruit Imports Prices (OR_FV111)	Shipping Point		09/29/2026 11:08:58	Orlando (Imports) FOB SC
2402	IX_FV110	Phoenix Shipping Point Fruit Prices (IX_FV110)	Shipping Point		09/29/2026 15:44:40	Mcallen FOB SC|Nogales FOB SC|Phoenix FOB SC
2403	IX_FV120	Phoenix Shipping Point Vegetables Prices (IX_FV120)	Shipping Point		09/29/2026 16:44:18	Mcallen FOB SC|Nogales FOB SC|Phoenix FOB SC
2404	RA_FV110	Raleigh Shipping Point Fruit Prices (RA_FV110)	Shipping Point		07/02/2026 11:30:06	Raleigh FOB SC
2405	RA_FV120	Raleigh Shipping Point Vegetables Prices (RA_FV120)	Shipping Point		09/28/2026 13:25:20	Raleigh FOB SC
2406	RA_FV130	Raleigh Shipping Point Onions and Potatoes Prices (RA_FV130)	Shipping Point		07/26/2022 08:48:47	Non Mars Location
2407	AR_FV110	Seattle Shipping Point Fruit Prices (AR_FV110) (Discontinued)	Shipping Point		09/15/2023 14:51:19	Seattle FOB SC
2409	TV_FV110	Thomasville Shipping Point Fruit Prices (TV_FV110)	Shipping Point		08/14/2023 14:03:22	Thomasville (TV) FOB SC
2410	TV_FV120	Thomasville Shipping Point Vegetables Prices (TV_FV120)	Shipping Point		09/29/2026 12:07:15	Thomasville (TV) FOB SC
2411	TH_FV120	Thomasville Shipping Point Vegetables Prices (TH_FV120)	Shipping Point		09/28/2026 13:28:09	Thomasville (TH) FOB SC
2412	YA_FV110	YAKIMA Shipping Point Fruit Prices (YA_FV110)	Shipping Point		09/29/2026 15:52:26	Yakima FOB SC
2413	YA_FV120	YAKIMA Shipping Point Vegetables Prices (YA_FV120)	Shipping Point		09/10/2026 12:56:29	Yakima FOB SC
2415	AMS_2415	Staunton Livestock Auction Feeder Cattle Board Sale - Staunton, VA	Auction Livestock (Board Sale)		04/15/2020 08:55:15	Staunton Union Stockyards, Inc.
2528	AMS_2528	Kalona Livestock Slaughter Cattle Auction - Kalona, IA	Auction Livestock		09/24/2026 14:38:50	Kalona Livestock Auction
2707	AMS_2707	Texas Direct Hay Report	Direct Hay		09/18/2026 10:02:37	Hay - Texas
2708	AMS_2708	New Mexico Direct Cattle Report	Direct Livestock		09/25/2026 09:33:26	Direct Livestock - Cattle
2709	AMS_2709	Southeast Direct Cattle Report (AL/AR/FL/GA/LA/MS/TN)	Direct Livestock		09/25/2026 10:16:23	Direct Livestock - Cattle
2710	AMS_2710	Texas Direct Cattle Report	Direct Livestock		09/25/2026 10:15:04	Direct Livestock - Cattle
2711	AMS_2711	Texas Daily Grain Bids	Point of Sale - Grain		09/29/2026 13:27:21	Grain - Texas
2713	AMS_2713	Superior Livestock Video/Internet Auction - Fort Worth, TX	Video Auction Livestock		09/17/2026 14:54:45	Superior Livestock Auction
2714	AMS_2714	Maryland Grain Bids	Point of Sale - Grain		06/24/2026 07:21:56	Grain - Maryland
2715	AJ_FV280	Atlanta ORNAMENTAL Daily Movement Report (Discontinued)	Movement		11/26/2024 11:01:26	
2717	TV_FV170	THOMASVILLE, GA TRUCK AIR, AND BOAT Daily Movement Report	Movement		09/29/2026 12:05:13	Thomasville (TH) FOB SC|Thomasville (TV) FOB SC
2718	AJ_FV170	Atlanta, GA TRUCK, AIR, AND BOAT Daily Movement Report	Movement		12/13/2024 12:11:16	Atlanta FOB SC
2720	BO_FV140	Shipping Point Pecan Report - Baton Rouge, LA (BO_FV140)	Shipping Point		07/24/2025 10:06:02	Baton Rouge FOB SC
2721	TV_FV140	Shipping Point Pecan Report - Thomasville, GA (TV_FV140)	Shipping Point		07/24/2025 10:05:40	Atlanta FOB SC|Thomasville (TV) FOB SC
2723	AJ_FV057	Wholesale Market Asian Vegetable Report - Atlanta, GA (AJ_FV057) (Discontinued)	Terminal		01/10/2024 10:35:55	Atlanta Terminal Market
2724	AJ_FV055	Wholesale Market Misc Herbs Report - Atlanta, GA (AJ_FV055) (Discontinued)	Terminal		01/10/2024 10:35:55	Atlanta Terminal Market
2725	AJ_FV056	Wholesale Market Tropical F&V Report - Atlanta, GA (AJ_FV056) (Discontinued)	Terminal		01/10/2024 10:35:55	Atlanta Terminal Market
2734	AMS_2734	Daily New York Shell Egg	Point of Sale - Eggs		09/29/2026 10:43:38	New York Eggs
2756	AMS_2756	Weekly Grocery Store Chicken Feature Activity	Retail - Livestock/Poultry/Egg		09/25/2026 11:48:56	Retail - LP
2757	AMS_2757	Weekly Grocery Store Egg Feature Activity	Retail - Livestock/Poultry/Egg		09/25/2026 10:29:50	Retail - LP
2762	MB_FV170	INWOOD, WV TRUCK AIR, AND BOAT Daily Movement Report	Movement		09/28/2026 14:08:18	Inwood FOB SC
2763	BP_FV057	Wholesale Market Asian Vegetable Report - Baltimore, MD (BP_FV057) (Discontinued)	Terminal		01/11/2024 14:40:16	Baltimore Terminal Market
2764	BP_FV055	Wholesale Market Misc Herbs Report - Baltimore, MD (BP_FV055) (Discontinued)	Terminal		01/11/2024 14:45:29	Baltimore Terminal Market
2765	BP_FV056	Wholesale Market Tropical F&V Report - Baltimore, MD (BP_FV056) (Discontinued)	Terminal		01/11/2024 14:40:52	Baltimore Terminal Market
2768	BR_FV170	BENTON HARBOR, MI TRUCK AIR, AND BOAT Daily Movement Report	Movement		09/29/2026 12:12:03	Benton Harbor FOB SC
2769	AMS_2769	Montana Direct Hay Report	Direct Hay		09/18/2026 11:11:19	Hay - Montana
2770	AMS_2770	Montana Direct Cattle Report	Direct Livestock		09/25/2026 09:18:52	Direct Livestock - Cattle
2771	AMS_2771	Montana Daily Elevator Grain Bids	Point of Sale - Grain		09/29/2026 12:55:47	Grain - Montana
2772	AMS_2772	Northern Livestock Video/Internet Auction - Billings, MT	Video Auction Livestock		09/14/2026 18:07:22	Northern Livestock Video Auction
2773	BH_FV280	Boston ORNAMENTAL Daily Movement Report (Discontinued)	Movement		12/26/2024 05:54:49	
2774	BH_FV170	BOSTON, MA TRUCK AIR, AND BOAT Daily Movement Report (Discontinued)	Movement		12/13/2024 12:55:02	Boston FOB SC
2776	BH_FV057	Wholesale Market Asian Vegetable Report - Boston, MA (BH_FV057) (Discontinued)	Terminal		01/03/2024 10:54:59	Boston Terminal Market
2777	BH_FV055	Wholesale Market Misc Herbs Report - Boston, MA (BH_FV055) (Discontinued)	Terminal		01/03/2024 10:54:58	Boston Terminal Market
2778	BH_FV056	Wholesale Market Tropical F&V Report - Boston, MA (BH_FV056) (Discontinued)	Terminal		01/03/2024 10:54:29	Boston Terminal Market
2779	HX_FV280	Chicago ORNAMENTAL Daily Movement Report (Discontinued)	Movement		11/29/2024 12:35:07	
2780	HX_FV170	CHICAGO, IL TRUCK AIR, AND BOAT Daily Movement Report (Discontinued)	Movement		12/13/2024 12:57:47	Chicago FOB SC
2782	HX_FV057	Wholesale Market Asian Vegetable Report - Chicago, IL (HX_FV057) (Discontinued)	Terminal		01/11/2024 11:07:57	Chicago Terminal Market
2783	HX_FV055	Wholesale Market Misc Herbs Report - Chicago, IL (HX_FV055) (Discontinued)	Terminal		01/11/2024 11:07:18	Chicago Terminal Market
2784	HX_FV056	Wholesale Market Tropical F&V Report - Chicago, IL (HX_FV056) (Discontinued)	Terminal		01/10/2024 11:17:21	Chicago Terminal Market
2787	AMS_2787	South Carolina Daily Grain Bids	Point of Sale - Grain		09/29/2026 12:48:38	Grain - South Carolina
2793	CA_FV170	COLUMBIA, SC TRUCK AIR, AND BOAT Daily Movement Report	Movement		09/22/2026 08:51:43	Columbia FOB SC
2794	CA_FV057	Wholesale Market Asian Vegetable Report - Columbia, SC (CA_FV057) (Discontinued)	Terminal		01/03/2024 09:30:26	Columbia Terminal Market
2795	CA_FV055	Wholesale Market Misc Herbs Report - Columbia, SC (CA_FV055) (Discontinued)	Terminal		01/03/2024 09:30:26	Columbia Terminal Market
2796	CA_FV056	Wholesale Market Tropical F&V Report - Columbia, SC (CA_FV056) (Discontinued)	Terminal		01/03/2024 09:30:26	Columbia Terminal Market
2798	DA_FV280	Dallas ORNAMENTAL Daily Movement Report (Discontinued)	Movement		11/29/2024 12:36:12	
2799	DA_FV170	Dallas, TX TRUCK AIR, AND BOAT Daily Movement Report (Discontinued)	Movement		12/13/2024 13:00:03	Dallas FOB SC
2801	DA_FV057	Wholesale Market Asian Vegetable Report - Dallas, TX (DA_FV057) (Discontinued)	Terminal		05/26/2022 13:01:09	Dallas Terminal Market
2802	DA_FV055	Wholesale Market Misc Herbs Report - Dallas, TX (DA_FV055) (Discontinued)	Terminal		05/26/2022 13:01:08	Dallas Terminal Market
2803	DA_FV056	Wholesale Market Tropical F&V Report - Dallas, TX (DA_FV056) (Discontinued)	Terminal		05/26/2022 13:01:09	Dallas Terminal Market
2807	AMS_2807	Iowa Direct Hay Report	Direct Hay		09/22/2026 08:39:35	Hay - Iowa
2808	AMS_2808	Missouri Direct Cattle Report	Direct Livestock		09/25/2026 10:28:32	Direct Livestock - Cattle
2810	AMS_2810	National Direct Feeder Pig Report	Direct Livestock		09/25/2026 11:53:29	Direct Livestock - Swine
2823	AMS_2823	Import Beef Trade (NW_LS421)	International Livestock - Trades		09/25/2026 10:46:27	US/NZ-AUS-South America Beef Imports
2829	AMS_2829	By-Product Drop Value (Steers) (Cattle) (NW_LS441 / 447)	Livestock - Drop/By-Products		09/29/2026 14:18:27	By-Products
2830	AMS_2830	Major Packer Hide Report (NW_LS448)	Livestock - Drop/By-Products		09/29/2026 14:17:35	By-Products
2833	AMS_2833	USDA Beef & Pork Variety Meats Report (NW_LS440)	Livestock - Drop/By-Products		09/29/2026 14:16:46	By-Products
2834	AMS_2834	USDA By-Product Drop Value Report-Cow (NW_LS444)	Livestock - Drop/By-Products		09/25/2026 14:16:04	By-Products
2835	AMS_2835	USDA By-Product Drop Value Report-Hogs (NW_LS446)	Livestock - Drop/By-Products		09/25/2026 14:16:27	By-Products
2837	AMS_2837	USDA Tallow & Protein Report (NW_LS442)	Livestock - Drop/By-Products		09/29/2026 14:17:21	By-Products
2838	AMS_2838	Weekly Pork & Beef Variety Meat Report (NW_LS905)	Livestock - Drop/By-Products		09/28/2026 09:00:51	By-Products
2839	AMS_2839	Weekly Tallow & Protein Report (NW_LS906)	Livestock - Drop/By-Products		09/28/2026 09:01:13	By-Products
2842	AMS_2842	Weekly National Egg Products	Point of Sale - Eggs		09/25/2026 12:13:05	National Egg Products
2843	AMS_2843	Daily National Shell Egg Index Report (5-day rolling average)	Point of Sale - Eggs		09/29/2026 07:56:59	National 5 Day Weighted Index
2844	AMS_2844	Weekly California Shell Egg Report	Point of Sale - Eggs		09/24/2026 13:53:42	California Eggs
2848	AMS_2848	Weekly Combined Regional Shell Egg Report	Point of Sale - Eggs		09/25/2026 05:08:19	Regional Egg Pricing
2850	AMS_2850	Iowa Daily Cash Grain Bids	Point of Sale - Grain		09/29/2026 14:41:23	Grain - Iowa
2851	AMS_2851	Ohio Daily Grain Bids	Point of Sale - Grain		09/29/2026 14:19:06	Grain - Ohio
2863	AMS_2863	Iowa Production Cost Report (Bi-Weekly)	Production Costs		09/18/2026 07:51:09	Production Costs - Iowa
2867	AMS_2867	Weekly Grocery Store Turkey Feature Activity	Retail - Livestock/Poultry/Egg		09/25/2026 11:53:01	Retail - LP
2868	AMS_2868	Weekly Grocery Store Pork Feature Activity	Retail - Livestock/Poultry/Egg		09/25/2026 10:57:39	Retail - LP
2882	DU_FV057	Wholesale Market Asian Vegetable Report - Detroit, MI (DU_FV057) (Discontinued)	Terminal		01/10/2024 13:08:54	Detroit Terminal Market
2883	DU_FV055	Wholesale Market Misc Herbs Report - Detroit, MI (DU_FV055) (Discontinued)	Terminal		01/10/2024 13:08:54	Detroit Terminal Market
2884	DU_FV056	Wholesale Market Tropical F&V Report - Detroit, MI (DU_FV056) (Discontinued)	Terminal		01/10/2024 13:08:53	Detroit Terminal Market
2885	AMS_2885	Kansas Direct Hay Report	Direct Hay		09/15/2026 09:31:22	Hay - Kansas
2886	AMS_2886	Kansas Daily Grain Bids	Point of Sale - Grain		09/29/2026 13:10:50	Grain - Kansas
2887	AMS_2887	National Daily Sunflower, Canola, Millet, and Flaxseed Report	Point of Sale - Grain		09/29/2026 14:00:13	Grain - National Sunflower
2890	AMS_2890	High Plains Video/Internet Auction - Enid, OK (Discontinued)	Video Auction Livestock		09/01/2021 12:05:39	High Plains Video Auction - Enid, OK
2892	AMS_2892	Kentucky Daily Grain Bids	Point of Sale - Grain		09/29/2026 14:18:39	Grain - Kentucky
2894	AMS_2894	Bluegrass Stockyards Livestock Video/Internet Auction – Albany, KY	Video Auction Livestock		09/23/2026 11:28:21	Albany Livestock Auction
2895	AMS_2895	Farmers Region Livestock Video/Internet Auction – Glasgow, KY	Video Auction Livestock		08/10/2026 20:36:53	Glasgow Livestock Auction
2896	AMS_2896	Bluegrass Stockyards Livestock Video/Internet Auction – Lexington, KY	Video Auction Livestock		09/15/2026 15:34:08	Lexington Livestock Auction - Kentucky
2897	AMS_2897	Washington County Livestock Video/Internet Auction – Springfield, KY	Video Auction Livestock		09/29/2026 19:39:01	Springfield Livestock Auction - Kentucky
2899	FR_FV170	FRESNO, CA TRUCK AIR, AND BOAT Daily Movement Report	Movement		09/29/2026 13:32:36	Fresno (FR) FOB SC
2904	AMS_2904	California Direct Hay Report	Direct Hay		09/25/2026 12:13:22	Hay - California
2905	AMS_2905	Colorado Direct Hay Report	Direct Hay		09/24/2026 09:46:29	Hay - Colorado
2906	AMS_2906	Colorado Direct Cattle Report	Direct Livestock		09/25/2026 09:18:19	Direct Livestock - Cattle
2907	AMS_2907	National Direct Sheep Report	Direct Livestock		09/25/2026 12:00:47	Direct Livestock - Sheep
2911	AMS_2911	National Wool Review (Fri)	Livestock - Wool		09/25/2026 12:01:17	Wool - National
2912	AMS_2912	Colorado Daily Grain Bids	Point of Sale - Grain		09/29/2026 14:09:23	Grain - Colorado
2914	AMS_2914	Weekly Bean, Pea, and Lentil Market Review	Point of Sale - Grain		09/28/2026 12:58:16	Grain - Weekly Bean/Peas/Lentils
2917	AMS_2917	Dry Edible Beans Daily Grower Bids (ND/MN and NE-CO/WY/W-NE)	Point of Sale - Grain		09/29/2026 06:12:21	Grain - Daily Bean Bids
2920	AMS_2920	National Weekly Non-GMO/GE Grain Report	Point of Sale - Grain		09/25/2026 13:34:01	Grain - National Non-GMO/GE
2922	AMS_2922	Equity Cooperative Sheep & Lamb Video/Internet Auction - Baraboo, WI	Video Auction Livestock		09/17/2026 09:51:44	Equity Cooperative Video Auction 
2925	IF_FV170	IDAHO FALLS, ID TRUCK AIR, AND BOAT Daily Movement Report	Movement		09/29/2026 13:53:04	Idaho Falls FOB SC
2928	AMS_2928	Mississippi Daily Grain Bids	Point of Sale - Grain		09/25/2026 04:51:20	Grain - Mississippi
2929	AMS_2929	Missouri Direct Hay Report	Direct Hay		09/18/2026 08:06:23	Hay - Missouri
2930	AMS_2930	National Quarterly Sod Report	Direct SOD		07/17/2026 16:19:41	SOD - National
2932	AMS_2932	Missouri Daily Grain Bids	Point of Sale - Grain		09/29/2026 12:56:24	Grain - Missouri
2934	AMS_2934	Joplin Regional Stockyards Video Auction - Carthage, MO	Video Auction Livestock		07/28/2026 05:16:07	Joplin Regional Stockyards
2935	AMS_2935	Nebraska Direct Hay Report	Direct Hay		09/24/2026 11:40:28	Hay - Nebraska
2937	AMS_2937	Burwell Livestock Market Video Auction - Burwell, NE	Video Auction Livestock		05/29/2026 14:16:55	Burwell
2938	AMS_2938	Huss and Lexington Livestock Video/Internet Auction	Video Auction Livestock		08/26/2026 10:36:45	Huss Livestock
2939	AMS_2939	New Mexico Direct Hay Report	Direct Hay		09/25/2026 10:42:44	Hay - New Mexico
2940	AMS_2940	Southwest Direct Cattle Report (AZ/CA/NV)	Direct Livestock		09/25/2026 08:54:27	Direct Livestock - Cattle
2960	AMS_2960	Arkansas Daily Grain Bids	Point of Sale - Grain		09/29/2026 14:08:46	Grain - Arkansas
2963	HC_FV057	Wholesale Market Asian Vegetable Report - Los Angeles, CA (HC_FV057) (Discontinued)	Terminal		01/10/2024 13:27:31	Los Angeles Terminal Market
2964	HC_FV055	Wholesale Market Misc Herbs Report - Los Angeles, CA (HC_FV055) (Discontinued)	Terminal		01/10/2024 13:27:40	Los Angeles Terminal Market
2965	HC_FV056	Wholesale Market Tropical F&V Report - Los Angeles, CA (HC_FV056) (Discontinued)	Terminal		01/10/2024 13:27:49	Los Angeles Terminal Market
2995	DYBRETAIL	Weekly Grocery Store Dairy Feature Activity	Retail - Dairy		09/25/2026 10:48:08	Dairy Retail
3031	MH_FV170	MIAMI, FL TRUCK AIR, AND BOAT Daily Movement Report	Movement		09/29/2026 11:21:50	Miami FOB SC
3034	MH_FV221	Import Ornamental Shipping Point Report - Miami, FL (MH_FV221)	Shipping Point		09/28/2026 17:45:25	Miami FOB Ornamentals
3036	MH_FV057	Wholesale Market Asian Vegetable Report - Miami, FL (MH_FV057) (Discontinued)	Terminal		01/10/2024 11:36:10	Miami Terminal Market
3037	MH_FV055	Wholesale Market Misc Herbs Report - Miami, FL (MH_FV055) (Discontinued)	Terminal		01/10/2024 11:36:10	Miami Terminal Market
3038	MH_FV056	Wholesale Market Tropical F&V Report - Miami, FL (MH_FV056) (Discontinued)	Terminal		01/10/2024 11:36:10	Miami Terminal Market
3043	AMS_3043	Iowa-Southern Minnesota Barge Terminal Grain Bids	Point of Sale - Grain		09/29/2026 12:56:46	Grain - IA-MN Barge
3046	AMS_3046	Minneapolis Daily Grain Report	Point of Sale - Grain		09/29/2026 12:46:48	GR - MGEX
3049	AMS_3049	Southern Minnesota Daily Grain Bids	Point of Sale - Grain		09/29/2026 12:47:07	Grain - Southern MN Elevators
3050	AMS_3050	Alabama Direct Report (Bi-Weekly)	Direct Hay		09/17/2026 07:29:46	Hay - Alabama
3056	AMS_3056	Idaho Direct Hay Report	Direct Hay		09/15/2026 11:07:02	Hay - Idaho
3057	AMS_3057	Oregon Direct Hay Report	Direct Hay		09/24/2026 12:55:31	Hay - Oregon
3058	AMS_3058	Washington-Oregon (Columbia Basin) Direct Hay Report	Direct Hay		09/18/2026 09:56:28	Hay - Washington-Oregon (Columbia Basin) 
3059	AMS_3059	Northwest Direct Cattle Report (WA/OR/ID/UT)	Direct Livestock		09/25/2026 09:20:04	Direct Livestock - Cattle
3087	AMS_3087	Toppenish Livestock Video/Internet Auction - Toppenish, WA	Video Auction Livestock		09/24/2026 15:59:37	Toppenish Livestock Commission
3088	AMS_3088	Tennessee Daily Grain Bids	Point of Sale - Grain		09/29/2026 13:07:17	Grain - Tennessee
3090	AMS_3090	Livestock Exchange Cattle Auction (Thursday) - Brush, CO	Auction Livestock		09/24/2026 23:01:19	Brush
3091	AMS_3091	Pennsylvania Grain Bids	Point of Sale - Grain		09/29/2026 20:19:10	Grain - Pennsylvania
3092	NX_FV057	Wholesale Market Asian Vegetable Report - New York, NY (NX_FV057) (Discontinued)	Terminal		01/03/2024 11:10:00	New York Terminal Market
3093	NX_FV055	Wholesale Market Misc Herbs Report - New York, NY (NX_FV055) (Discontinued)	Terminal		01/03/2024 11:10:00	New York Terminal Market
3094	NX_FV056	Wholesale Market Tropical F&V Report - New York, NY (NX_FV056) (Discontinued)	Terminal		01/03/2024 11:10:00	New York Terminal Market
3095	AMS_3095	Oklahoma Direct Hay Report	Direct Hay		09/18/2026 14:50:32	Hay - Oklahoma
3096	AMS_3096	Eastern Cornbelt Direct Cattle Report (IL/IN/MI/MN/OH/KY)	Direct Livestock		09/25/2026 10:24:08	Direct Livestock - Cattle
3097	AMS_3097	Kansas Direct Cattle Report	Direct Livestock		09/25/2026 09:26:56	Direct Livestock - Cattle
3098	AMS_3098	Oklahoma Direct Cattle Report	Direct Livestock		09/25/2026 09:22:02	Direct Livestock - Cattle
3100	AMS_3100	Oklahoma Daily Grain Bids	Point of Sale - Grain		09/29/2026 14:39:29	Grain - Oklahoma
3102	AMS_3102	Apache Livestock Video/Internet Auction - Apache, OK	Video Auction Livestock		09/23/2026 13:17:14	Apache Livestock Auction
3103	AMS_3103	Superior Livestock Video/Internet Auction (Website Catalog) - Fort Worth, TX	Video Auction Livestock		08/17/2023 09:45:09	Superior Livestock  Auction (Catalog)
3104	AMS_3104	Southern Oklahoma Livestock Video/Internet Auction - Ada, OK	Video Auction Livestock		05/06/2020 11:05:29	Non Mars Location|Southern Oklahoma Livestock Auction
3105	OR_FV170	ORLANDO, FL TRUCK AIR, AND BOAT Daily Movement Report	Movement		09/29/2026 11:41:39	Orlando (Oviedo) FOB SC
3114	NA_FV170	Philadelphia, PA TRUCK AIR, AND BOAT Daily Movement Report (Discontinued)	Movement		12/13/2024 13:03:22	Philadelphia FOB SC
3116	NA_FV057	Wholesale Market Asian Vegetable Report - Philadelphia, PA (NA_FV057) (Discontinued)	Terminal		01/10/2024 10:37:11	Philadelphia Terminal Market
3117	NA_FV055	Wholesale Market Misc Herbs Report - Philadelphia, PA (NA_FV055) (Discontinued)	Terminal		01/10/2024 10:33:57	Philadelphia Terminal Market
3118	NA_FV056	Wholesale Market Tropical F&V Report - Philadelphia, PA (NA_FV056) (Discontinued)	Terminal		01/10/2024 10:47:56	Philadelphia Terminal Market
3119	EL_FV170	EL CENTRO, CA TRUCK AIR, AND BOAT Daily Movement Report	Movement		09/29/2026 13:38:01	El Centro FOB SC
3122	MC_FV280	MCALLEN ORNAMENTAL Daily Movement Report (Discontinued)	Movement		11/29/2024 10:51:12	Mcallen FOB SC
3123	MC_FV170	MCALLEN, TX TRUCK AIR, AND BOAT Daily Movement Report	Movement		09/29/2026 12:42:05	Mcallen FOB SC
3124	MH_FV280	MIAMI ORNAMENTAL Daily Movement Report (Discontinued)	Movement		11/29/2024 10:58:40	Miami FOB SC
3125	NG_FV170	NOGALES, AZ TRUCK AIR, AND BOAT Daily Movement Report	Movement		07/10/2026 12:46:09	Nogales FOB SC
3127	IX_FV170	PHOENIX, AZ TRUCK AIR, AND BOAT Daily Movement Report	Movement		09/29/2026 13:17:32	Phoenix FOB SC
3129	SX_FV280	SAN FRANCISCO ORNAMENTAL Daily Movement Report (Discontinued)	Movement		11/29/2024 18:13:02	
3133	US_FV140	Shipping Point Pecan Report - Austin, TX (US_FV140)	Shipping Point		07/24/2025 10:33:33	Austin FOB SC
3134	KO_FV140	Shipping Point Pecan Report - Oklahoma City, OK (KO_FV140)	Shipping Point		07/24/2025 10:06:22	Oklahoma City FOB SC
3135	IX_FV140	Shipping Point Pecan Report - Phoenix, AZ (IX_FV140)	Shipping Point		07/24/2025 10:06:40	Phoenix Nuts FOB SC
3146	AMS_3146	California Grain Bids	Point of Sale - Grain		09/24/2026 12:47:16	Grain - California 
3147	AMS_3147	Louisiana and Texas Export Bids	Point of Sale - Grain		09/29/2026 13:09:34	Grain - Gulf Export
3148	AMS_3148	Portland Daily Grain Bids	Point of Sale - Grain		09/29/2026 13:10:04	Grain - Portland Grain
3156	AMS_3156	North Carolina Cash Grain Bids	Point of Sale - Grain		09/29/2026 15:39:26	Grain - North Carolina
3159	AMS_3159	North Carolina Production Cost Report (Weekly)	Production Costs		09/18/2026 13:32:37	Production Costs - North Carolina
3161	AMS_3161	Mid-Atlantic Livestock Video/Internet Auction - Norwood, NC	Video Auction Livestock		09/16/2026 08:34:07	Mid-Atlantic Livestock Video Auction 
3162	AMS_3162	Southeast Livestock Exchange Video/Internet Auction - Canton, NC (Discontinued)	Video Auction Livestock		08/03/2021 13:27:48	Southeast Livestock Exchange Video Auction
3165	RA_FV170	RALEIGH, NC TRUCK AIR, AND BOAT Daily Movement Report	Movement		09/28/2026 12:37:33	Raleigh FOB SC
3167	AMS_3167	Virginia Daily Grain Bids	Point of Sale - Grain		09/29/2026 13:46:37	Grain - Virginia
3170	ON_FV170	ONLEY, VA TRUCK AIR, AND BOAT Daily Movement Report	Movement		08/11/2025 12:04:13	Onley FOB SC
3177	SX_FV057	Wholesale Market Asian Vegetable Report - San Francisco, CA (SX_FV057) (Discontinued)	Terminal		01/10/2024 13:44:54	San Francisco Terminal Market
3178	SX_FV055	Wholesale Market Misc Herbs Report - San Francisco, CA (SX_FV055) (Discontinued)	Terminal		01/10/2024 13:44:54	San Francisco Terminal Market
3179	SX_FV056	Wholesale Market Tropical F&V Report - San Francisco, CA (SX_FV056) (Discontinued)	Terminal		01/10/2024 13:44:54	San Francisco Terminal Market
3180	AR_FV280	Seattle ORNAMENTAL Daily Movement Report (Discontinued)	Movement		11/29/2024 12:37:13	Seattle FOB SC
3181	AR_FV170	SEATTLE, WA TRUCK AIR, AND BOAT Daily Movement Report (Discontinued)	Movement		12/13/2024 12:57:55	Seattle FOB SC
3183	AMS_3183	South Dakota Direct Hay Report	Direct Hay		09/04/2026 07:50:57	Hay - South Dakota
3184	AMS_3184	South Dakota Direct Cattle Report	Direct Livestock		09/25/2026 09:20:36	Direct Livestock - Cattle
3186	AMS_3186	South Dakota Daily Grain Bids	Point of Sale - Grain		09/29/2026 13:57:30	Grain - South Dakota
3192	AMS_3192	Illinois Grain Bids	Point of Sale - Grain		09/29/2026 13:00:51	Grain - Illinois
3195	AMS_3195	Illinois Production Cost Report (Bi-weekly)	Production Costs		09/18/2026 15:30:23	Production Costs - Illinois
3208	AMS_3208	Daily Livestock and Poultry Slaughter	Inspected Livestock - FIS Slaughter (Estimate)		09/29/2026 11:58:55	FIS Slaughter (Estimated)
3213	AMS_3213	Weekly Canadian Livestock and Poultry Summary	International Livestock - Misc		09/29/2026 07:01:06	International Livestock Misc. (Canada)
3214	AMS_3214	USDA Monthly Japan Reports	International Livestock - Misc		08/14/2026 07:16:28	International Livestock Misc. (Japan)
3223	AMS_3223	Kansas City Board of Trade Daily Wheat Bids	Point of Sale - Grain		09/29/2026 12:46:35	Grain - Kansas City Wheat 
3225	AMS_3225	Nebraska Daily Elevator Grain Bids	Point of Sale - Grain		09/29/2026 13:03:11	Grain - Nebraska
3228	AMS_3228	Weekly Grocery Store Beef Feature Activity	Retail - Livestock/Poultry/Egg		09/25/2026 10:48:51	Retail - LP
3229	AMS_3229	Weekly Grocery Store Lamb Feature Activity	Retail - Livestock/Poultry/Egg		09/25/2026 10:42:54	Retail - LP
3236	AMS_3236	Wyoming Direct Hay Report	Direct Hay		09/17/2026 14:34:09	Hay - Wyoming
3237	AMS_3237	Wyoming-Nebraska Direct Cattle Report	Direct Livestock		09/25/2026 10:10:18	Direct Livestock - Cattle
3239	AMS_3239	Wyoming Daily Grain Bids	Point of Sale - Grain		09/29/2026 14:09:05	Grain - Wyoming
3241	AMS_3241	Cattle Country Livestock Video/Internet Auction - Torrington, WY	Video Auction Livestock		09/14/2026 07:30:24	Cattle Country Video Auction 
3242	AMS_3242	Western Video Market Livestock Video/Internet Auction - Cottonwood, CA	Video Auction Livestock		09/16/2026 08:36:03	Western Video Market
3243	WA_FV280	WASHINGTON DC ORNAMENTAL Daily Movement Report	Movement		09/29/2026 13:28:57	Washington DC FOB SC
3282	WA_FV568	NATIONAL RAIL Daily Movement Report (Discontinued)	Movement		06/27/2025 08:20:48	Washington DC FOB SC
3283	WA_FV170	WASHINGTON, DC TRUCK, AIR AND BOAT Daily Movement Report	Movement		09/29/2026 12:51:28	Washington DC FOB SC
3324	FVWRETAIL	Weekly Grocery Store Specialty Crops Feature Activity	Retail - Specialty Crops		09/25/2026 10:22:03	Alaska Retail - SC
3332	YA_FV170	YAKIMA, WA TRUCK AIR, AND BOAT Daily Movement Report	Movement		09/28/2026 12:51:23	Yakima FOB SC
3338	AMS_3338	Paris Stockyards Livestock Video/Internet Auction – Paris, KY	Video Auction Livestock		09/25/2026 08:04:00	Paris Livestock Auction
3339	AMS_3339	KY-TN Livestock Market Livestock Video/Internet Auction – Guthrie, KY	Video Auction Livestock		08/13/2026 20:22:01	Guthrie Livestock Auction
3340	AMS_3340	Lower Middle Tennessee Cattlemen's Association - Video Board Sale - Columbia, TN	Video Auction Livestock		09/11/2026 09:28:22	Lower Middle TN Cattlemen's Assoc. (Video)
3364	AMS_3364	Shipshewana Hay Auction - Shipshewana, IN	Auction Hay		09/23/2026 14:37:53	Shipshewana Hay Auction
3365	AMS_3365	Lonestar Stockyards - Wildorado, TX	Auction Livestock		09/29/2026 13:26:23	Lonestar Stockyards
3366	AMS_3366	Upson County Stockyard - Special Cattle Sale (Seasonal) - Thomaston, GA (Discontinued)	Auction Livestock (Special)		04/30/2024 15:58:54	Upson County Livestock
3368	AMS_3368	Producers Livestock Video/Internet Auction - Okeechobee, FL	Video Auction Livestock		06/25/2026 14:07:58	Producers Livestock Video Auction (Mobile, AL)
3369	AMS_3369	Show-Me-Select Special - Vienna, MO	Auction Livestock (Special Graded)		05/08/2026 23:19:02	Show-Me-Select (Vienna, MO)
3370	AMS_3370	Coffee County Stockyards Feeder and Replacement Cattle Special - New Brockton, AL	Auction Livestock (Special)		06/06/2020 17:53:08	New Brockton Stockyards
3371	AMS_3371	Clay County Livestock Auction Feeder and Replacement Cattle Special - Lineville, AL	Auction Livestock (Special)		09/27/2025 17:56:42	Lineville Stockyards
3407	AMS_3407	South Alabama Stockyards Replacement Cattle Special - Brundidge, AL	Auction Livestock (Special)		10/12/2024 22:41:24	Brundidge Stockyards
3410	AMS_3410	Cullman Stockyards Annual Replacement Cow and Bred Heifer Special	Auction Livestock (Special)		09/12/2026 15:05:20	Cullman Stockyards
3411	AMS_3411	Superior Livestock Sheep Video Auction	Video Auction Livestock		09/28/2023 10:19:24	Superior Livestock Auction
3412	AMS_3412	Crawford Livestock Video Auction - Crawford, NE	Video Auction Livestock		08/21/2026 16:23:26	Crawford
3414	AMS_3414	United Producers, Inc. Cattle Video/Internet Auction - Owenton, KY	Video Auction Livestock		11/18/2022 09:25:17	Owenton Livestock Auction
3415	AMS_3415	Topeka Livestock Auction - Topeka, IN	Auction Livestock		09/23/2026 11:54:03	Topeka Livestock Auction 
3416	AMS_3416	Ozarks Regional Stockyards Video Auction - West Plains, MO	Video Auction Livestock		09/29/2026 20:11:25	Ozarks Regional Stockyards
3417	AMS_3417	Bassett Livestock Auction Video Sale - Bassett, NE	Video Auction Livestock		11/19/2025 13:57:44	Bassett
3418	AMS_3418	Valentine Livestock Auction Video Sale - Valentine, NE	Video Auction Livestock		03/05/2026 14:51:27	Valentine
3429	AMS_3429	Seminole Livestock Exchange Board Sale - Donalsonville, GA	Auction Livestock (Board Sale)		08/03/2026 14:57:17	Donalsonville
3453	AMS_3453	Northern Livestock Sheep Video/Internet Auction - Billings, MT	Video Auction Livestock		07/21/2026 17:17:49	Northern Livestock Video Auction
3454	AMS_3454	Western Video Sheep Video/Internet Auction - Cottonwood, CA	Video Auction Livestock		09/16/2026 08:14:14	Western Video Market
3455	AMS_3455	Iowa Direct Cattle Report	Direct Livestock		09/25/2026 10:25:32	Direct Livestock - Cattle
3456	AMS_3456	Knoxville Livestock Center Video Auction - Knoxville, TN	Video Auction Livestock		09/29/2026 10:57:22	Knoxville Livestock Auction - Knoxville, TN
3459	AMS_3459	Ericson Livestock Market Cattle Video Auction - Ericson, NE	Video Auction Livestock		10/19/2024 15:21:03	Ericson
3460	AMS_3460	United Producers Inc Special Graded Feeder and Replacement Cattle Sale - Columbia, TN	Auction Livestock (Special Graded)		08/02/2022 15:29:38	Columbia Livestock Auction
3463	AMS_3463	Indiana Grain Bids	Point of Sale - Grain		09/29/2026 14:09:52	Grain - Indiana
3465	AMS_3465	Fort Payne Livestock Replacement Cow and Heifer Special - Ft. Payne, AL (Discontinued)	Auction Livestock (Special)		11/12/2021 21:09:19	Ft. Payne Stockyards
3467	AMS_3467	Browning Livestock Market Video/Internet Auction - Lafayette, TN	Video Auction Livestock		09/16/2026 20:10:33	Lafayette Livestock Auction
3468	AMS_3468	Denison Livestock Feeder Cattle Special - Denison, IA	Auction Livestock (Special)		01/05/2026 15:49:39	Denison Livestock Auction
3470	AMS_3470	Farmers Regional Livestock Market - Special Graded Feeder Cattle Sale - Glasgow, KY	Auction Livestock (Special Graded)		08/24/2023 21:37:36	Glasgow Livestock Auction
3473	AMS_3473	Calhoun Stockyard Special Feeder Cattle Sale - Calhoun, GA	Auction Livestock (Special)		04/05/2022 21:49:30	Calhoun
3474	AMS_3474	Dothan Livestock Co. Board Sale - Dothan, AL	Auction Livestock (Board Sale)		03/04/2021 13:40:40	Dothan Stockyards
3475	AMS_3475	Cattlemen's Livestock Exchange - Cord, AR	Auction Livestock		06/11/2026 19:10:07	Cattlemen’s Livestock Exchange - Cord, AR
3476	AMS_3476	Monterey Stockyard LLC - Monterey, VA	Auction Livestock (Special Graded)		09/18/2026 12:07:30	Monterey Stockyard LLC
3477	AMS_3477	Central Plains Stockyards Livestock Auction Special Sheep & Goat - Humeston, IA	Auction Livestock (Special)		04/21/2021 08:20:19	Central Plains Stockyards
3479	AMS_3479	Dickson Regional Livestock Center Video Auction - Dickson, TN	Video Auction Livestock		08/03/2026 11:12:59	Dickson Livestock Auction
3483	AMS_3483	Northwest Alabama Cattle Video/Board Sale - Russellville, AL	Video Auction Livestock		06/10/2021 15:31:52	Russellville Stockyards
3484	AMS_3484	SEMO Livestock Sales Cattle Auction - Jackson, MO	Auction Livestock		09/29/2026 13:18:02	SEMO Livestock Sales
3485	AMS_3485	WNC Livestock Exchange Video Auction - Canton, NC	Video Auction Livestock		07/09/2025 04:27:51	Canton Livestock Auction
3486	AMS_3486	Mexico to United States Feeder Cattle Import Summary	International Livestock - Trades		09/29/2026 13:28:21	US/Mexico Feeder Cattle Imports
3488	AMS_3488	Mid State Stockyards LLP Replacement Cattle Special - Letohatchee, AL	Auction Livestock (Special)		07/24/2021 16:03:06	Letohatchee Stockyards
3489	AMS_3489	Rushville Hay Auction	Auction Hay		09/16/2026 08:52:52	Rushville Market
3490	AMS_3490	Monterey Stockyard LLC Board Sale - Monterey, VA	Auction Livestock (Board Sale)		09/18/2026 11:59:29	Monterey Stockyard LLC
3491	AMS_3491	Winter Livestock Anniversary Feeder Cattle Special - Dodge City, KS (Discontinued)	Auction Livestock (Special)		03/21/2025 12:24:21	Winter Livestock - Dodge City
3508	AMS_3508	Valley Livestock – Replacement Cattle Special – Moulton, AL (Discontinued)	Auction Livestock (Special)		09/24/2021 21:31:07	Moulton Stockyards
3509	AMS_3509	Hardin County Stockyard Video Auction - Savannah, TN	Video Auction Livestock		04/01/2026 14:01:28	Savannah Livestock Auction
3510	AMS_3510	National Animal By-Product Feedstuff Report	Point of Sale - Feedstuffs		09/25/2026 13:34:58	FS - California|FS - Corn Belt|FS - Corn Oil|FS - Kansas City|FS - Memphis|FS - Minneapolis|FS - Pacific Northwest|FS - Soybean Processor
3511	AMS_3511	National Grain and Oilseed Processor Feedstuff Report	Point of Sale - Feedstuffs		09/25/2026 13:35:38	FS - California|FS - Corn Belt|FS - Corn Oil|FS - Kansas City|FS - Memphis|FS - Minneapolis|FS - Pacific Northwest|FS - Soybean Processor
3512	AMS_3512	National Mill-Feeds and Miscellaneous Feedstuff Report	Point of Sale - Feedstuffs		09/25/2026 13:36:05	FS - California|FS - Corn Belt|FS - Corn Oil|FS - Kansas City|FS - Memphis|FS - Minneapolis|FS - Pacific Northwest|FS - Soybean Processor
3520	SX_FV170	SAN FRANCISCO, CA TRUCK AIR, AND BOAT Daily Movement Report (Discontinued)	Movement		12/13/2024 16:56:55	San Francisco FOB SC
3615	AMS_3615	WNC Regional Livestock Center Sheep and Goat Auction - Canton, NC	Auction Livestock		08/09/2025 15:13:00	Canton Livestock Auction
3616	AMS_3616	National Weekly Ethanol Report	Bioenergy		09/25/2026 07:37:55	Ag Energy (By Products)
3617	AMS_3617	National Daily Ethanol Report	Bioenergy		09/29/2026 06:31:31	Ag Energy (Grain)
3618	AMS_3618	National Weekly Grain Co-Products Report	Bioenergy		09/28/2026 10:45:29	
3619	AMS_3619	Ogallala Livestock Market Video Auction - Ogallala, NE (Discontinued)	Video Auction Livestock		12/08/2022 12:56:15	Ogallala
3620	AMS_3620	Lonestar Stockyards Video/Internet Auction - Wildorado, TX	Video Auction Livestock		02/13/2024 11:35:41	Lonestar Stockyards
3621	AMS_3621	Oklahoma Production Cost Report (Bi-Weekly)	Production Costs		09/18/2026 14:52:27	Production Costs - Oklahoma
3622	AMS_3622	Farmers Livestock Exchange Graded Sheep and Goat Sale - Winchester, VA	Auction Livestock (Special Graded)		05/19/2026 08:46:43	Farmers Livestock Exchange, Inc.
3623	AMS_3623	Monterey Stockyard LLC Graded Sheep and Goat Sale - Monterey, VA	Auction Livestock (Special Graded)		08/05/2026 13:15:07	Monterey Stockyard LLC
3624	AMS_3624	Madison Livestock Market Graded Sheep and Goat Sale - Radiant, VA	Auction Livestock (Special Graded)		09/10/2026 11:23:07	Madison Livestock Market, Inc.
3626	AMS_3626	Pulaski County Stockyard  - Feeder Cattle Board/Video Sale – Hawkinsville, GA	Video Auction Livestock		11/30/2023 04:59:03	Pulaski Co
3627	AMS_3627	Livestock Exchange Monthly Hay Auction (3rd Sat) - Brush, CO	Auction Hay		07/22/2025 13:52:45	Brush
3628	AMS_3628	Hope Livestock – Cattle Video Auction (Thu)	Video Auction Livestock		09/24/2026 21:10:22	Hope Livestock Auction Inc.
3629	AMS_3629	U.S. – Mexico Livestock Imports/Exports	International Livestock - Import/Export (Mexico)		09/24/2026 07:00:07	US/Mexico Livestock Imports & Exports
3630	AMS_3630	Importacion y Exportacion de Ganado Mexicano	International Livestock - Import/Export (Mexico)		09/24/2026 06:59:03	US/Mexico Livestock Imports & Exports
3631	AMS_3631	Billings Livestock Commission Cattle Video Auction - Billings, MT	Video Auction Livestock		03/31/2022 19:35:28	Billings Livestock Commission
3632	AMS_3632	Middleburg Livestock Auction Sheep and Goat Sale - Middleburg, PA	Auction Livestock		09/23/2026 11:39:12	Middleburg
3633	AMS_3633	Middleburg Livestock Auction Slaughter Hog Sale - Middleburg, PA	Auction Livestock		09/23/2026 11:39:36	Middleburg
3634	AMS_3634	Greencastle Livestock Auction Sheep and Goat Sale (Monday) - Greencastle, PA	Auction Livestock		09/29/2026 10:21:14	Greencastle
3635	AMS_3635	Tina Livestock Market Cattle Auction - Tina, MO	Auction Livestock		09/28/2026 21:06:11	Tina Livestock
3641	AMS_3641	Weekly Major Packer Hide Report	Livestock - Drop/By-Products		09/28/2026 09:01:31	By-Products
3645	AMS_3645	Weekly Miscellaneous Poultry Report	Point of Sale - Poultry		09/25/2026 11:08:43	POS Poultry Simple Averages
3646	AMS_3646	Weekly National Chicken Report	Point of Sale - Poultry		09/25/2026 12:48:43	POS Poultry Weighted Average Chicken
3647	AMS_3647	Weekly National Turkey Report	Point of Sale - Poultry		09/25/2026 12:12:46	POS Poultry Weighted Average Turkey
3648	AMS_3648	Tina Livestock Market Replacement Cattle Special - Tina, MO	Auction Livestock (Special)		08/31/2026 09:13:09	Tina Livestock
3649	AMS_3649	Monthly National Chicken Report	Point of Sale - Poultry		09/01/2026 10:16:21	POS Poultry Weighted Average Chicken
3650	AMS_3650	Monthly National Turkey Report	Point of Sale - Poultry		09/04/2026 12:19:42	POS Poultry Weighted Average Turkey
3651	AMS_3651	Monthly Miscellaneous Poultry Report (Discontinued)	Point of Sale - Poultry		03/19/2025 12:15:59	POS Poultry Simple Averages
3652	AMS_3652	Arthur Sale Barn Hay Auction - Arthur, IL (Monday)	Auction Hay		09/21/2026 12:51:33	Arthur Sale Barn
3653	AMS_3653	North Platte Stockyards Livestock Auction - North Platte, NE	Auction Livestock		09/22/2026 13:17:11	North Platte Stockyards
3654	AMS_3654	Mid Missouri Stockyards Cattle Auction - Phillipsburg, MO	Auction Livestock		09/24/2026 18:10:45	Mid Missouri Stockyards
3655	AMS_3655	Livingston Stockyard Cattle Video/Board Sale - Livingston, AL (Discontinued)	Video Auction Livestock		05/17/2023 17:56:44	Livingston Stockyards
3656	AMS_3656	Elite Livestock Sales Video Auction – Montgomery, AL (Discontinued)	Video Auction Livestock		12/06/2024 05:56:22	Elite Stockyards
3658	AMS_3658	Actual Slaughter Under Federal Inspection	Inspected Livestock - FIS Slaughter (Actual)		09/24/2026 10:00:01	FIS Slaughter (Actual)
3659	AMS_3659	Salem Stockyards - Sheep and Goat Auction - Salem, AR	Auction Livestock		06/25/2026 18:50:19	Salem Market
3660	AMS_3660	Madison County Ag Auction	Auction Hay		03/29/2026 11:30:10	Madison County Ag Auction
3662	AMS_3662	I-40 Livestock Feeder Cattle Pot Load Sale - Ozark, AR	Auction Livestock (Special)		09/15/2026 15:15:41	I-40 Livestock Auction
3665	AMS_3665	Warren Co. Livestock Video Auction - McMinnville, TN	Video Auction Livestock		09/14/2026 13:26:42	McMinnville Livestock Auction
3666	AMS_3666	Orangeburg Stockyards Cattle Video Sale	Video Auction Livestock		08/26/2026 11:12:38	Orangeburg Livestock Auction
3667	AMS_3667	Monthly National Mill-Feeds and Miscellaneous Feedstuff Report	Point of Sale - Feedstuffs		09/03/2026 12:49:35	FS - California|FS - Corn Belt|FS - Corn Oil|FS - Kansas City|FS - Memphis|FS - Minneapolis|FS - Pacific Northwest|FS - Soybean Processor
3668	AMS_3668	Monthly National Grain and Oilseed Processor Feedstuff Report	Point of Sale - Feedstuffs		09/03/2026 12:49:04	FS - California|FS - Corn Belt|FS - Corn Oil|FS - Kansas City|FS - Memphis|FS - Minneapolis|FS - Pacific Northwest|FS - Soybean Processor
3669	AMS_3669	Monthly National Animal By-Product Feedstuff Report	Point of Sale - Feedstuffs		09/03/2026 12:48:44	FS - California|FS - Corn Belt|FS - Corn Oil|FS - Kansas City|FS - Memphis|FS - Minneapolis|FS - Pacific Northwest|FS - Soybean Processor
3670	AMS_3670	United Producers, Inc. Special Graded Sheep and Goat Sale - Owenton, KY	Auction Livestock (Special Graded)		10/06/2023 18:02:26	Owenton Livestock Auction
3671	AMS_3671	Elite Livestock Sales Video Auction – Tallahassee, FL	Video Auction Livestock		03/30/2023 13:55:52	Elite Stockyards
3672	AMS_3672	Beebe Livestock Auction- Sheep and Goat Sale	Auction Livestock		09/12/2026 15:04:13	Beebe Livestock Auction
3673	AMS_3673	Hilltop Acres Sheep & Goat Auction	Auction Livestock		08/21/2023 13:01:43	Hilltop Acres Sheep & Goat Auction
3674	AMS_3674	Mexico to United States Feeder Cattle Import Summary (Spanish)	International Livestock - Trades		09/29/2026 13:24:03	US/Mexico Feeder Cattle Imports
3675	AMS_3675	Warren Co. Livestock Auction - McMinnville, TN	Auction Livestock		08/17/2026 15:10:13	McMinnville Livestock Auction
3676	AMS_3676	KY-TN Livestock Market - Cross Plains, TN	Auction Livestock		10/30/2023 20:28:34	KY-TN Livestock Market (Cross Plains, TN)
3677	AMS_3677	United Producers Inc - Fayetteville, TN	Auction Livestock		09/29/2026 15:48:46	United Producers Inc (Fayetteville, TN)
3678	AMS_3678	Alabama Herd Builder Replacement Female Sale - Uniontown, AL	Auction Livestock (Special)		08/28/2026 15:59:34	Uniontown Stockyards
3679	AMS_3679	Centennial Monthly Hay Auction - Fort Collins, CO	Auction Hay		06/03/2025 11:44:48	Centennial
3686	AMS_3686	Low Country Livestock Exchange Video Auction - Darlington, SC	Video Auction Livestock		09/23/2026 06:49:28	Darlington Livestock Auction
3692	AMS_3692	Empire Livestock Sale - Bath, NY	Auction Livestock		09/27/2026 18:15:30	Empire - Bath
3694	AMS_3694	Producers Monthly Hay Auction - Greeley, CO	Auction Hay		07/18/2025 12:31:36	Producers Livestock - Greeley, CO
3703	HA_FV010	Hamburg, Germany Terminal Fruit Prices (HA_FV010) (Discontinued)	Terminal		04/27/2009 00:00:00	Hamburg, Germany Terminal Market
3704	HA_FV020	Hamburg, Germany Terminal Vegetable Prices (HA_FV020) (Discontinued)	Terminal		04/27/2009 00:00:00	Hamburg, Germany Terminal Market
3705	HA_FV030	Hamburg, Germany Terminal Onions and Potatoes Prices (HA_FV030) (Discontinued)	Terminal		04/27/2009 00:00:00	Hamburg, Germany Terminal Market
3706	HX_FV201	Hamburg, Germany Terminal Nut Prices (HA_FV201) (Discontinued)	Terminal		02/02/2006 00:00:00	Hamburg, Germany Terminal Market
3715	SX_FV201	San Francisco Ornamental Terminal Prices (SX_FV201) (Discontinued)	Terminal		02/03/2006 00:00:00	San Francisco Terminal Market
3716	TK_FV010	Tokyo, Japan  Terminal Market Fruit Prices (TK_FV010) (Discontinued)	Terminal		02/14/2005 00:00:00	Tokyo, Japan Terminal Market
3717	TK_FV020	Tokyo, Japan Terminal Market Vegetable Prices (TK_FV020) (Discontinued)	Terminal		02/14/2005 00:00:00	Tokyo, Japan Terminal Market
3718	TK_FV030	Tokyo, Japan Terminal Market Onions and Potatoes Prices (TK_FV030) (Discontinued)	Terminal		02/14/2005 00:00:00	Tokyo, Japan Terminal Market
3719	TK_FV201	Tokyo, Japan Ornamental Terminal Prices (TK_FV201) (Discontinued)	Terminal		09/11/2004 00:00:00	Tokyo, Japan Terminal Market
3720	XX_FV055	Wholesale Market Misc Herbs Report - St. Louis, MO (XX_FV055) (Discontinued)	Terminal		12/29/2017 00:00:00	Saint Louis Terminal Market
3721	XX_FV056	Wholesale Market Tropical F&V Report - St. Louis, MO (XX_FV056) (Discontinued)	Terminal		12/29/2017 00:00:00	Saint Louis Terminal Market
3722	XX_FV057	Wholesale Market Asian Vegetable Report - St. Louis, MO (XX_FV057) (Discontinued)	Terminal		12/29/2017 00:00:00	Saint Louis Terminal Market
3723	AMS_3723	Southwest Missouri Hay Auction - Golden City, MO	Auction Hay		09/07/2026 17:50:07	Hay - SWMO Hay Auction
3724	AMS_3724	Giddings Livestock Auction - Giddings, TX	Auction Livestock		09/28/2026 21:09:20	Giddings Livestock Commission
3729	AMS_3729	HPL Hay Auction - Union, IA	Auction Hay		05/11/2026 11:46:47	HPL Hay Auction
3730	AMS_3730	High Plains Hay Exchange – Torrington, WY (Discontinued)	Auction Hay		03/26/2024 07:49:10	High Plains Hay Exchange Internet Auction
3731	AMS_3731	Utah Direct Hay Report	Direct Hay		09/24/2026 12:54:58	HAY - Utah
3775	AMS_3775	Southeastern Auction Co Inc – Chadbourn, NC	Auction Livestock		09/28/2026 17:17:03	Southeastern Livestock Auction
3776	AMS_3776	Maryland Production Cost Report (Bi-Weekly)	Production Costs		06/26/2026 11:46:04	Production Cost - Maryland
3777	AMS_3777	Y & R Livestock Sales - Sheep & Goat Auction - Booneville, MS	Auction Livestock		09/19/2026 19:51:43	Y&R Livestock Auction
3784	AMS_3784	Arizona Direct Hay Report	Direct Hay		09/18/2026 15:24:12	Hay - Arizona
3785	AMS_3785	Columbia Livestock Center (UPI) - Columbia TN	Auction Livestock		09/23/2026 19:20:14	Columbia Livestock Auction
3790	AMS_3790	Saluda Livestock Exchange - Saluda, SC	Auction Livestock		09/28/2026 20:20:37	Saluda Livestock Exchange
3791	AMS_3791	Cattle Drive Livestock Video/Internet Auction - Salina, UT	Video Auction Livestock		09/29/2026 16:32:06	Cattle Drive Video Market
3792	AMS_3792	Athens Regional Stockyard Preconditioned Sale - Athens, TN	Auction Livestock (Special)		09/17/2026 18:08:52	Athens Regional Stockyard - Athens, TN
3793	AMS_3793	Tennessee Direct Hay Report	Direct Hay		09/29/2026 06:48:34	Hay - Tennessee
3794	AMS_3794	Beaver Livestock Auction Feeder Cattle - Beaver, OK	Auction Livestock		09/29/2026 15:53:05	Beaver Livestock Auction
3795	AMS_3795	Beaver Livestock Auction Slaughter/Replacement Cattle - Beaver, OK	Auction Livestock		09/28/2026 18:23:13	Beaver Livestock Auction
3796	AMS_3796	Weekly Grocery Store Veal Feature Activity	Retail - Livestock/Poultry/Egg		09/25/2026 10:35:05	Retail - LP
3797	AMS_3797	Weekly Grocery Store Goat Feature Activity	Retail - Livestock/Poultry/Egg		09/25/2026 10:38:14	Retail - LP
3801	AMS_3801	Gordon Livestock Auction - Feeder Cattle Special (Seasonal) - Gordon, NE	Auction Livestock (Special)		11/02/2024 16:16:05	Gordon
3802	AMS_3802	National Organic Grain and Feedstuffs	Point of Sale - Organic Grain and Feedstuffs		09/16/2026 13:29:24	National Organic
3804	AMS_3804	Daily Spot Cotton Quotations	Cotton Prices		09/29/2026 13:33:05	Cotton Prices
3870	AMS_3870	Dakota Hay Auction - Corsica, SD (Seasonal - Friday)	Auction Hay		04/28/2025 08:37:10	Dakota Hay Auction
3872	AMS_3872	Arthur Sale Barn - Hay Auction - Arthur, IL (Sat - Seasonal)	Auction Hay		09/28/2026 13:43:26	Arthur Sale Barn
3873	AMS_3873	Dickson Regional Livestock West Replacement Cattle Sale (Seasonal) - Huntingdon, TN	Auction Livestock (Special)		11/23/2024 12:51:09	Huntingdon Livestock Auction
3874	AMS_3874	Dickson Regional Livestock Center Yearling Special (Annual) - Dickson, TN	Auction Livestock (Special)		11/21/2025 12:58:09	Dickson Livestock Auction
3878	AMS_3878	North Dakota Daily Grain Bids	Point of Sale - Grain		09/29/2026 14:05:11	Grain - North Dakota
3879	AMS_3879	Beaver Livestock Video / Internet Auction - Beaver, OK	Video Auction Livestock		09/22/2026 11:15:19	Beaver Livestock Auction
3880	AMS_3880	Producers Livestock Stock Show Sale - Greeley, CO	Auction Livestock (Special)		01/06/2026 17:24:11	Producers Livestock - Greeley, CO
3882	AMS_3882	Superior Livestock Holstein Video Auction	Video Auction Livestock		04/01/2026 16:13:05	Superior Livestock Auction (Holstein)
3883	AMS_3883	Inter-Mountain West Production Cost Report (Monthly)	Production Costs		09/29/2026 16:42:40	Production Cost - Intermountain West
3888	AMS_3888	Daily National Breaking Stock	Point of Sale - Eggs		09/29/2026 09:57:55	National Breaking Stock
3891	AMS_3891	Tennessee Valley Livestock - Video/Board Sale - Florence, AL	Video Auction Livestock		08/10/2026 19:28:21	Florence Stockyards
3892	AMS_3892	LiveAg Video Auction - Cattle Video Auction - Fort Worth, TX	Video Auction Livestock		09/11/2026 07:31:47	LiveAg Market
3893	AMS_3893	East Tennessee Livestock Center Replacement Cattle Sale (Seasonal) - Sweetwater TN	Auction Livestock (Special)		04/25/2026 07:33:17	Sweetwater Livestock Auction
3894	AMS_3894	Wilson Livestock Market Video/Internet Auction - Newport, TN	Video Auction Livestock		09/03/2026 12:22:50	Wilson Livestock Market - Newport, TN
3895	AMS_3895	Monthly Cotton Price Statistics	Cotton Prices		09/02/2026 15:11:40	Cotton Prices
3896	AMS_3896	Annual Cotton Price Statistics	Cotton Prices		08/06/2026 11:53:36	Cotton Prices
3900	AMS_3900	Johnson Stockyard - Kosciusko, Mississippi	Auction Livestock		09/23/2026 12:33:36	Johnson Stockyard
3902	AMS_3902	Wilson Livestock Market Replacement Cattle Auction (Seasonal) - Newport, TN	Auction Livestock (Special)		11/30/2025 13:34:27	Wilson Livestock Market - Newport, TN
3903	AMS_3903	Trenton Regional Stockyards - Trenton, TN	Auction Livestock		09/24/2026 06:06:57	Trenton Regional Stockyards - Trenton, TN
3904	AMS_3904	Trenton Regional Stockyards Sheep and Goat Auction - Trenton TN	Auction Livestock		09/02/2026 21:09:51	Trenton Regional Stockyards - Trenton, TN
3905	AMS_3905	Kentucky Direct Hay Report	Direct Hay		09/10/2026 14:16:13	Hay - Kentucky
3906	AMS_3906	Farmers Livestock Exchange Graded Slaughter Cattle Sale - Winchester, VA	Auction Livestock (Special Graded)		09/09/2026 08:45:18	Farmers Livestock Exchange, Inc.
3907	AMS_3907	CMS Video/Internet Livestock Auction - Amarillo, TX	Video Auction Livestock		09/10/2026 16:09:59	Cattle Marketing Services
3909	AMS_3909	Cattle Drive Video Market- Sheep & Lamb Video Auction- Salina, UT	Video Auction Livestock		08/31/2026 12:11:10	Cattle Drive Video Market
3913	AS_FV010	Asheville, NC Terminal Market Fruit Prices (AS_FV010)	Terminal		09/28/2026 11:36:49	Asheville Terminal Market
3914	AS_FV020	Asheville, NC Terminal Market Vegetables Prices (AS_FV020)	Terminal		09/28/2026 11:37:38	Asheville Terminal Market
3915	AS_FV030	Asheville, NC Terminal Market Onions and Potatoes Prices (AS_FV030)	Terminal		09/28/2026 11:37:03	Asheville Terminal Market
3916	AMS_3916	Four State Stockyards – Cattle Auction - Exeter, MO	Auction Livestock		09/29/2026 22:05:24	Four State Stockyards
3917	AMS_3917	Wheeler Livestock Auction - Cattle Auction - Osceola, MO	Auction Livestock		09/24/2026 17:50:32	Wheeler Livestock Auction
3919	AMS_3919	Paris Stockyards - Paris, KY (Monday)	Auction Livestock		09/29/2026 07:55:54	Paris Livestock Auction
3920	AMS_3920	Wilkes Livestock Exchange Replacement Cattle Sale - North Wilkesboro, NC (Seasonal)	Auction Livestock (Special)		04/06/2026 06:21:32	North Wilkesboro Livestock Auction
3921	AMS_3921	Producers Livestock Auction Sheep & Goat Sale (1st and 3rd Monday) - Salina, UT	Auction Livestock		09/21/2026 23:08:20	Producers Livestock Marketing - Salina, UT
3922	AMS_3922	Overland Stockyard Video/Internet Auction - Hanford, CA	Video Auction Livestock		09/10/2026 11:55:10	Overland Stockyard
3923	AMS_3923	Bluegrass Stockyards Livestock Video/Internet Auction – Campbellsville, KY	Video Auction Livestock		08/19/2026 13:40:09	Campbellsville Livestock Auction
3926	AMS_3926	Nevada Direct Hay Report (Bi-Weekly)	Direct Hay		09/15/2026 11:02:41	Hay - Nevada